:020000040800F2
:10000000EF008051170700001307072B73105730BC
:10001000F3275030E31EF7FE1306800073300630DE
:100020007310403073104034732540F163060500AF
:1000300073503030735020307310003473102034FC
:10004000731010347310003A7310203A93000000BC
:10005000130100009301000013020000930200004E
:100060001303000093030000130400009304000036
:10007000130500009305000013060000930600001E
:100080001307000093070000130800009308000006
:100090001309000093090000130A0000930A0000EE
:1000A000130B0000930B0000130C0000930C0000D6
:1000B000130D0000930D0000130E0000930E0000BE
:1000C000130F0000930F0000B7E2010073A002308D
:1000D000732540F163020500F322103063C402006F
:1000E0006FF09FFF97E102009381C13F732540F1BC
:1000F000930500006302B502930510006308B50282
:1001000093052000630EB502930530006304B50427
:1001100093054000630AB50417371700130787EEED
:1001200017511700130101EE6F0000051757170054
:10013000130747ED177117001301C1EC6F00C003DF
:1001400017771700130707EC17911700130181EBBE
:100150006F008002179717001307C7EA17B117003F
:10016000130141EA6F00400117B71700130787E931
:1001700017D11700130101E993070100233007008D
:1001800013078700E34CF7FE130101FC1302010083
:10019000732540F193050000631AB508130610009B
:1001A0006306C000EF00802EEF00802C13051000C6
:1001B000EF00402FEF100011EF10A00FEF00802A8A
:1001C000170717001307076B972717009387876A8E
:1001D0002330070013078700E34CF7FE3707700151
:1001E0001B07070223000700371770011B070702D0
:1001F00023000700372770011B07070223000700B1
:10020000373770011B0707022300070037477001CB
:100210001B07070223000700130502006F00206B75
:1002200013000000130000006FF09FFF1306800012
:100230007330063073104030731040341306800062
:1002400073104630B74634129B8616329755170006
:10025000938545D703E60500E39EC6FEB7553412E5
:100260009B8585672320B2000F100000730050109B
:100270007326403413768600E30A06FE13068000D8
:10028000733006307310403073104034B7250200CD
:100290009B8555D99395E500938515322320B200AF
:1002A000130502006F00F0081300000013000000A7
:1002B0006FF09FFF130101F0233821002338A104C0
:1002C000233CB10423341100233C3100233041028C
:1002D0002334510223386102233C7102233081040C
:1002E000233491042330C1062334D1062338E10698
:1002F000233CF10623300109233411092338210955
:10030000233C31092330410B2334510B2338610B3B
:10031000233C710B2330810D2334910D2338A10D23
:10032000233CB10D2330C10F2334D10F2338E10F0B
:10033000233CF10F13050100F325303473261034EC
:10034000EF001064833081008331810103320102A8
:1003500083328102033301038333810303340104B5
:100360008334810403350105833581050336010695
:100370008336810603370107833781070338010875
:10038000833881080339010983398109033A010A55
:10039000833A810A033B010B833B810B033C010C35
:1003A000833C810C033D010D833D810D033E010E15
:1003B000833E810E033F010F833F810F0331010113
:1003C00013010110730020301306800073104630B3
:1003D00013068000732006300F10000067800000B5
:1003E0006358B50023300500130585006FF05FFFEB
:1003F00067800000630AB5002330C500130585003F
:10040000130686006FF01FFF67800000638EA50053
:10041000638CC5008336050023B0D5001305850025
:10042000938585006FF0DFFE67800000971700F965
:100430009387477D17E702001307C7836382E702AC
:10044000972600F99386C682638CD700032607009F
:1004500023A0C7009387470013074700E3E8D7FEB0
:10046000678000003707000A930705006F008002CD
:1004700017060000130606B9370700083376E600B2
:1004800063100602B70720086F00C000370700019D
:10049000B72700012330070013078700E34CF7FE5E
:1004A0006780000013151501B707000A3305F50032
:1004B0006302F50283B6070093870704E39CA7FE57
:1004C000B707000AB706010223B0F6209387070496
:1004D000E39CA7FE67800000B70701029B87871691
:1004E0001307050083A3070023207700B707010245
:1004F0009B8787141387050083A3070023207700B9
:10050000B70701029B8787101307060083A3070024
:10051000232077006780000093870000130000000D
:10052000EF00400213000000130000001300000061
:100530001300000013000000130000009380070068
:10054000678000001300000013000000130000008B
:10055000130000001300000013000000678000007B
:100560002A83B682054323A06200014323A26200CE
:10057000328323B462002A8323B862002E8323BC13
:1005800062001B03F00F1313830123A262000D43CB
:1005900023A062000F00F00F8280AA8203A3020052
:1005A00013732300E31C03FE23A0020082802A832E
:1005B000AE8311C6230073007D16050365FE82809D
:1005C0002A8309CA83830500230073007D1605036F
:1005D00085056DFA82802A8309CA8393050023105A
:1005E00073007916090389056DFA82802A8309CA86
:1005F00083A30500232073007116110391056DFA82
:1006000082802A8309CA83B30500233073006116F0
:100610002103A1056DFA82802A83AE832A8E2330BE
:100620000300833E030013030304E34A73FE37030E
:1006300001022330C321130E0E04E34C7EFE8280A0
:100640000000011122EC00102334A4FE3707000241
:10065000833784FE8A07BA97054798C30F00F00FC7
:100660000100626405618280011122EC0010F32711
:1006700040F12334F4FE833784FE2330F4FE370741
:10068000000C97960200938666CC833704FE8E0793
:10069000B6979C6393870720B207BA97DC438127FC
:1006A0003E85626405618280797122F40018AA8710
:1006B000232EF4FCF32740F12334F4FE833784FE29
:1006C0002330F4FE8327C4FD1B8707009307A00B8C
:1006D00063F3E70002903707000C979602009386B9
:1006E000E6C6833704FE8E07B6979C639387072080
:1006F000B207BA970327C4FDD8C30100227445612D
:100700008280011106EC22E80010EFF0FFF5AA87C5
:1007100081272326F4FE25A88327C4FE81273E8552
:10072000EFF09FF8BD472324F4FE01A8832784FE41
:100730008127FD3781272324F4FE832784FE812728
:10074000F5F7EFF07FF2AA8781272326F4FE8327AF
:10075000C4FE8127F1F30100E260426405618280FA
:10076000011106EC22E80010232604FE31A8370709
:10077000000C8367C4FE8A07BA9723A20700832769
:10078000C4FE85272326F4FE8327C4FE1B870700AB
:100790009307A00BE3FDE7FC232604FE05A0370723
:1007A000000C8367C4FE93870720B207BA971D47E2
:1007B00098C38327C4FE85272326F4FE8327C4FE1F
:1007C0001B870700A147E3FCE7FC232604FED5A016
:1007D0003707000C8366C4FE856793870780B6974A
:1007E0008A07BA9723A007003707000C8366C4FE68
:1007F000856793870782B6978A07BA9723A0070071
:100800003707000C8366C4FE856793870784B69715
:100810008A07BA9723A007003707000C8366C4FE37
:10082000856793870786B6978A07BA9723A007003C
:100830003707000C8366C4FE856793870788B697E1
:100840008A07BA9723A007003707000C8366C4FE07
:1008500085679387078AB6978A07BA9723A0070008
:100860003707000C8366C4FE85679387078CB697AD
:100870008A07BA9723A007003707000C8366C4FED7
:1008800085679387078EB6978A07BA9723A00700D4
:100890003707000C8366C4FE856793870790B69779
:1008A0008A07BA9723A007008327C4FE852723263B
:1008B000F4FE8327C4FE1B8707009547E3FAE7F0A1
:1008C000EFF03FE40100E2604264056182805D7107
:1008D00086E4A2E08008233CA4FAF32740F1233801
:1008E000F4FC833704FD2334F4FC833784FC6392E7
:1008F0000724EF00E03BEF00A038EF10F003EF001B
:1009000000440145EF0020450145EF20F067014517
:10091000EF007058EF00105EEF00B069EFF05FE499
:10092000974717009387076E2330F4FE833704FE42
:10093000938707FC233CF4FA833784FB3747341250
:100940001307173298C3833784FB23A20700232E93
:1009500004FC8547A307F4FEADA2232204FC8327F1
:10096000C4FD1B87070089476300F70C8327C4FD7C
:100970001B8707008D47630BF70C8327C4FD1B877C
:10098000070085476303F7088347F4FE8127BE8687
:100990000947638BE602BE8609476347D7003E8757
:1009A0008547630CF700B1A0BE860D476385E6025C
:1009B0003E8791476308F7022DA897671700938732
:1009C00067642330F4FE35A0978717009387876309
:1009D0002330F4FE39A897A717009387A762233026
:1009E000F4FE01A897C717009387C7612330F4FE70
:1009F0000100833704FE938707FC233CF4FA854704
:100A0000232EF4FC232204FC6DA8833784FB9C4333
:100A100081273E87B7573412938787676313F70A96
:100A20008947232EF4FC71A88347F4FE1B87070037
:100A3000833784FBD8C38347F4FE3E85EFF07FC045
:100A40008D47232EF4FC232204FCA5A8833784FBC6
:100A50009C4381273E87B747658793871732631C7E
:100A6000F700232E04FC8347F4FE8527A307F4FE3A
:100A7000232204FCB1A0832744FC85272322F4FC15
:100A8000832744FC1B870700C14763FBE7028337CA
:100A900084FB9C4381273E87B7573412938787672F
:100AA0006310F7028347F4FE1B870700833784FB3C
:100AB000D8C38347F4FE3E85EFF0BFB8232204FC81
:100AC00001008347F4FE13F7F70F8547E3F7E7E8E4
:100AD00097471700938707532330F4FE833704FEAC
:100AE000938707FC233CF4FA833784FB375755552B
:100AF0001307575598C30146814513050002EF209F
:100B0000B03A0146814513051002EF20F039014645
:100B1000814513052002EF20303901468145130538
:100B20003002EF207038EF207043033584FBEF0074
:100B300040005D7186E4A2E08008233CA4FA974758
:100B400017009387274C938707FC2334F4FE97679D
:100B500017009387274B938707FC2330F4FE978772
:100B600017009387274A938707FC233CF4FC97A739
:100B7000170093872749938707FC2338F4FC97C70E
:100B8000170093872748938707FC2334F4FC8337A7
:100B900084FBDC438127BE861147636BD70813971C
:100BA0002700970700009387A70ABA979C431B87E3
:100BB0000700970700009387A709BA9782878337B2
:100BC00084FE3301F0002330F4FCEF40821595A041
:100BD0000545EF004018833704FE3301F000233051
:100BE000F4FCEF30427EB1A00945EF00C016833718
:100BF00084FD3301F0002330F4FCEF30026215A8CD
:100C00000D45EF004015833704FD3301F00023301C
:100C1000F4FCEF30C24531A81145EF00C013833713
:100C200084FC3301F0002330F4FCEF30822911A062
:100C3000010097E70200938767629C6313871700A0
:100C400097E702009387876198E3E5B772FFFFFF9C
:100C500084FFFFFF9CFFFFFFB4FFFFFFCCFFFFFF00
:100C60001305000073104534730050106FF05FFFE0
:100C70006FF01FFF6FF0DFFE6FF09FFE6FF05FFE03
:100C8000011106EC22E80010B73700209387071205
:100C90002334F4FE1146970500009385A5FC033527
:100CA00084FEEFF0FF910100E26042640561828002
:100CB000411106E422E0000817D60200130686FB65
:100CC0009715000093850587171500001305858685
:100CD000EFF0CFF31386018A97D502009385850044
:100CE00017D5020013050500EFF04FF217E60200DA
:100CF0001306465697D502009385C50817D50200FE
:100D000013054508EFF08FF097E502009385857293
:100D100017E5020013050554EFF08FEC9705170057
:100D2000938545B517E502001305C570EFF04FEB4D
:100D3000EF20904D0100A2600264410182804111C8
:100D400006E422E00008EF20607881473E85A2603B
:100D5000026441018280011106EC22E80010AA879A
:100D6000A307F4FE8347F4FE3E85EF20F02381477E
:100D70003E85E260426405618280397122FC800018
:100D8000AA872326F4FCF32740F12334F4FE8337AB
:100D900084FE2330F4FE033704FE914763E1E72627
:100DA000833704FE139727009707000093870726D1
:100DB000BA979C431B870700970700009387072576
:100DC000BA9782873707000C8327C4FC9BD757004C
:100DD0008127939607028192856793870780B6974C
:100DE0008A07BA979C43232EF4FC8327C4FCFD8B0F
:100DF00081273E878547BB97E700812793C7F7FF89
:100E00001B8707008327C4FDF98F232EF4FC3707C7
:100E1000000C8327C4FC9BD75700812793960702B9
:100E20008192856793870780B6978A07BA970327C9
:100E3000C4FD98C3F1A23707000C8327C4FC9BD7DD
:100E400057008127939607028192856793870782CF
:100E5000B6978A07BA979C43232EF4FC8327C4FCD9
:100E6000FD8B81273E878547BB97E700812793C786
:100E7000F7FF1B8707008327C4FDF98F232EF4FC9F
:100E80003707000C8327C4FC9BD757008127939614
:100E900007028192856793870782B6978A07BA9778
:100EA0000327C4FD98C3A9AA3707000C8327C4FCF5
:100EB0009BD7570081279396070281928567938776
:100EC0000786B6978A07BA979C43232EF4FC83279C
:100ED000C4FCFD8B81273E878547BB97E7008127B0
:100EE00093C7F7FF1B8707008327C4FDF98F232EC5
:100EF000F4FC3707000C8327C4FC9BD757008127DD
:100F0000939607028192856793870786B6978A072B
:100F1000BA970327C4FD98C3E5A03707000C8327C1
:100F2000C4FC9BD75700812793960702819285675F
:100F30009387078AB6978A07BA979C43232EF4FCB7
:100F40008327C4FCFD8B81273E878547BB97E7003D
:100F5000812793C7F7FF1B8707008327C4FDF98FFD
:100F6000232EF4FC3707000C8327C4FC9BD75700C3
:100F7000812793960702819285679387078AB697A0
:100F80008A07BA970327C4FD98C39DA83707000CAA
:100F90008327C4FC9BD75700812793960702819231
:100FA00085679387078EB6978A07BA979C43232E47
:100FB000F4FC8327C4FCFD8B81273E878547BB97C4
:100FC000E700812793C7F7FF1B8707008327C4FD2E
:100FD000F98F232EF4FC3707000C8327C4FC9BD722
:100FE0005700812793960702819285679387078E22
:100FF000B6978A07BA970327C4FD98C311A00100CA
:101000000100627421618280BCFDFFFF2EFEFFFFA4
:10101000A0FEFFFF12FFFFFF84FFFFFF011122EC84
:101020000010F32740F12334F4FE833784FE23308D
:10103000F4FE3707000C978602009386263183372B
:1010400004FE8E07B6979C6393870720B207BA9772
:10105000DC4381273E85626405618280797122F4D8
:101060000018AA87232EF4FCF32740F12334F4FE62
:10107000833784FE2330F4FE8327C4FD1B870700DB
:101080009307A00B63F3E70002903707000C9786E5
:1010900002009386A62B833704FE8E07B6979C63C7
:1010A00093870720B207BA970327C4FDD8C301006E
:1010B000227445618280011106EC22E80010EFF0F5
:1010C000FFF5AA8781272324F4FE832784FE812746
:1010D000B9C7A30704FE832784FE812717D7020020
:1010E000130747D1821781938E07BA979C63829723
:1010F000AA87A307F4FE832784FE81273E85EFF0AD
:10110000FFF58347F4FE13F7F70F8547631AF700DF
:10111000832784FE81273E85EFF03FC611A00100A2
:10112000E260426405618280397106FC22F8800029
:10113000AA87A307F4FCF32740F12334F4FE833796
:1011400084FE2330F4FE8347F4FCC137A30FF4FC84
:1011500017E702001307879F833704FE8E07BA97AD
:101160009C632338F4FC8347F4FD8E07033704FDAA
:10117000BA979C6382970100E27042742161828079
:101180005D7186E4A2E080082334A4FC2330B4FC23
:10119000233CC4FAF32720342330F4FE833704FEC3
:1011A000233CF4FC033784FDFD57FE177D8FFD576C
:1011B000FE176317F702033784FD85578583F98F80
:1011C00085C3033784FD930710F88583F98F89EB76
:1011D000833784FD93F7F70F3E85EFF0FFF4E9A026
:1011E000033784FDFD57FE177D8FFD57FE17631DE6
:1011F000F700033784FDFD5785837D8FAD47631569
:10120000F700EFF05FEB4DA0033784FDFD57FE17AD
:101210007D8FFD57FE17631DF700033784FDFD57D3
:1012200085837D8F8D476315F700EF10601EADA895
:10123000033784FDFD57FE177D8FFD57FE17631D95
:10124000F700033784FDFD5785837D8F9D47631528
:10125000F700EF10800E89A8033784FDFD57FE17B5
:101260007D8FFD57FE17631EF700033784FDFD5782
:1012700085837D8F930700086315F700EF003079B1
:1012800025A0232604FE8327C4FE85272326F4FEFB
:101290008327C4FE1B8707008567E316F7FE8337A5
:1012A00084FD2326F4FEC5B70100A66006646161D3
:1012B0008280411122E40008B707000A3E852264BB
:1012C00041018280011106EC22E8001017F71D0091
:1012D000130747D397F7FFFF9387C7D21D8FB70731
:1012E0001E0063F3E7000290B7070102A1072FB0C9
:1012F0000708B727002023AA0716EF00C0192326E6
:1013000004FE8327C4FE858B812791C30290832727
:10131000C4FE858B812791C302908327C4FE858BF1
:10132000812791C302908327C4FE858B812791C3B7
:1013300002908327C4FE858B812791C30290832767
:10134000C4FE858B812791C302908327C4FE858BC1
:10135000812791C302908327C4FE858B812791C387
:1013600002908327C4FE858B812791C30290832737
:10137000C4FE858B812791C302908327C4FE858B91
:10138000812791C302908327C4FE858B812791C357
:1013900002908327C4FE858B812791C30290832707
:1013A000C4FE858B812791C302908327C4FE858B61
:1013B000812791C30290B7170102938707800547E1
:1013C0002FB0E708B71701029387878005472FB032
:1013D000E708B71701029387078105472FB0E70891
:1013E000B71701029387878105472FB0E708B71722
:1013F00001029387078205472FB0E708B71701025C
:101400009387078305472FB0E708B7170102938733
:10141000878305472FB0E708B71701029387078432
:1014200005472FB0E708B717010293878784054760
:101430002FB0E708B71701029387078505472FB03C
:10144000E708B71701029387878505472FB0E7089C
:10145000B71701029387078605472FB0E708B7172C
:1014600001029387878605472FB0E708B717010267
:101470009387078705472FB0E708B71701029387BF
:10148000878205472FB0E7080F00F00F0100E260E8
:10149000426405618280797122F4001897F7FF0198
:1014A000938747B62330F4FE97F7FF01938787B5FC
:1014B000233CF4FC033784FDB707000A6373F7008D
:1014C0000290033704FEB707000C6363F700029035
:1014D000033704FE833784FD6373F70002900337FC
:1014E00004FE833784FDB307F740C583A307F4FEEA
:1014F000033704FE833784FD1D8FB7070200FD17F5
:10150000F98F2338F4FC833704FD91C78347F4FE39
:101510008527A307F4FE8347F4FE93F7F70F91C3E3
:1015200002900100227445618280000000000000EA
:10153000797122F40018AA87232EF4FC17171700DC
:101540001307473397F716009387C73263E3E70023
:10155000029097E702009387E7CF9C6391EB97E7B0
:101560000200938727CF17F716001307A73098E3D9
:1015700097E70200938707CE9C632334F4FE97E736
:101580000200938727CD98638327C4FD3E9797E792
:101590000200938727CC98E397E70200938787CBD5
:1015A0009863971717009387E72C63F3E70002907F
:1015B000833784FE3E85227445618280011106ECEA
:1015C00022E80010A30704FEEF00E001AA87A307AA
:1015D000F4FE0145EF0000078347F4FE3E85E2601C
:1015E000426405618280411106E422E000087146F0
:1015F00097C5020093850579B7270020138507203A
:10160000EFE0DFFE714697C502009385A579B72705
:10161000002013854723EFE07FFD1306000397C5E5
:1016200002009385257AB727002013854725EFE030
:10163000FFFB0145EF00000181473E85A260026487
:1016400041018280011122EC0010AA872326F4FEBA
:101650008327C4FE1B87070085476309F70297C7E6
:1016600002009387275A9C63371708001307779067
:1016700023A2E71C97C702009387C7589C633717BC
:1016800008001307779023A4E71C11A001000100B4
:10169000626405618280011122EC0010AA87232672
:1016A000F4FEB72700200327C4FEF8CB01006264D4
:1016B00005618280397122FC8000AA872326F4FC10
:1016C000F32700C02334F4FE033784FE8367C4FC91
:1016D000BA97233CF4FC0100F32700C02330F4FE4A
:1016E000033704FE833784FDE368F7FE010062746C
:1016F00021618280011106EC22E80010A30704FE9C
:10170000EF00800CB707083737A708001307070852
:1017100098C7B7270020054723ACE708B777002014
:1017200037273F00130707F098C7377700208567F2
:10173000BA971307F04723AEE7C0EFF03FE8AA8758
:101740003E878347F4FED98FA307F4FEB737002006
:101750000567130707F023AEE71A1305C012EFF071
:101760007FF5B737002005671307078023AEE71A18
:101770001305C012EFF01FF4B737002009671307F5
:10178000078023AEE71A1305C012EFF0BFF2B73798
:10179000002011671307078023AEE71AEF00802EA1
:1017A000EF0060128347F4FE3E85E260426405610B
:1017B0008280011122EC0010A30704FE8347F4FE8F
:1017C0003E85626405618280411122E40008B727EA
:1017D0000020DC471B870700B7270020BA86417727
:1017E0007D17758F0127D8C7B72700201307D007AB
:1017F000D8C7B7270020DC471B870700B727002082
:10180000BA864167558F0127D8C70100226441017C
:101810008280011122EC0010B727003E13075015FB
:1018200098C7B707203E0D67130707C398CBB727A4
:10183000003E13078020D8C3B727003E23AA070025
:10184000B727003E23AC0700B727003E23AE0700B2
:10185000232604FE01A88327C4FE8127852781272C
:101860002326F4FE8327C4FE81273E879307700C4E
:10187000E3F3E7FE0100626405618280011122EC5E
:101880000010AA87A307F4FE8347F4FE81273E8752
:1018900085476301F702B707203E154798C7B7078A
:1018A000203E0D67130707C398CBB707203E1547A7
:1018B000D8C331A0B707203E054798C301000100F7
:1018C000626405618280011106EC22E80010EFE0FD
:1018D000FFB5B707013E0D4798C3B717003E0D4748
:1018E00098C3B717003E370700015907D8C3B71789
:1018F000003E1307005098C7B717003E3707000196
:101900001307071098CBB717003E370700011307DE
:101910000730D8CBB717003E05671307070298CFEB
:10192000B717003E23A60700B717003E23A2070201
:10193000B717003E23A40702B717003E130700069F
:10194000D8D7B717003E054798DBB717003E116799
:101950000D0798D3EFF0FFEBB717003E37070001F4
:101960005D07D8C3B7070001FD172326F4FE25A0A5
:101970008327C4FE812789CB8327C4FE8127FD37B7
:1019800081272326F4FE01A8B7070001FD172326AF
:10199000F4FEEF00A002B717003EDC4381273E872C
:1019A000B7070002F98F8127E1D7970000F9E78098
:1019B00060250100E260426405618280411122E4F9
:1019C000000802900100226441018280011122EC92
:1019D0000010AA87A307F4FE8347F4FE81273E8701
:1019E00085476308F708B707083E0D4798C3B70750
:1019F000083E370700011307E703D8C3B707083EBF
:101A00001307001098C7B707083E370700011307F0
:101A1000071098CBB707083E3707000113070710D8
:101A2000D8CBB707083E05671307070298CFB7075B
:101A3000083E23A60700B707083E23A20702B70700
:101A4000083E23A40702B707083E5147D8D7B70777
:101A5000083E054798DBB707083E1D671307374464
:101A600098D3B707083E370700011307F703D8C319
:101A700031A0B707083E054798C301000100626422
:101A800005618280411106E422E000080100EF00B8
:101A90006001AA878127E5FF81473E85A260026435
:101AA00041018280411106E422E0000897D702003C
:101AB0009387C77B9C43BE8639476369D74E13978C
:101AC0002700977702009387E72DBA979C431B87DF
:101AD0000700977702009387E72CBA97828797C70A
:101AE000020093872720054798C397C70200938772
:101AF000E71098638567BA971307101023A0E7C013
:101B000097C702009387870F98638567BA97054741
:101B100023A0E7C0EF00C04AB707403E054798C37F
:101B200097D7020093878774054798C341A197D739
:101B300002009387E7739C4385271B87070097D78D
:101B400002009387E77298C397C702009387070B39
:101B500098638567BA9783A707C2812793F707041D
:101B60008127638A074297D702009387677023A073
:101B7000070097D702009387676F094798C321A989
:101B800097D702009387C76E9C4385271B87070062
:101B900097D702009387C76D98C397D702009387A2
:101BA000276D9C433E87B94763F9E73E97D702000C
:101BB0009387076C23A0070097D702009387076BD2
:101BC0000D4798C3D9AE97C702009387A7039C63BC
:101BD00023A00710B707103E054798C3B707503634
:101BE000054798C3B7075136054798C397C7020002
:101BF0009387C70098638567BA971307F04723AEAA
:101C0000E7C097C70200938767FF98638567BA9715
:101C10001307F00723AEE7C097C70200938707FFBB
:101C20009C63054798C397C70200938727FE9C6370
:101C300023A0070097D7020093874763114798C3F3
:101C4000B5A697C70200938767FB98638567BA9725
:101C500083A707C281273E879167F98F81273E8737
:101C60009167631EF73297D7020093872760154765
:101C700098C335A697C70200938747F8986385678E
:101C8000BA9783A707C21B87070097C702009387ED
:101C9000E7F69463B7070040D98F1B870700856775
:101CA000B69723A0E7C297C70200938727F69C63E5
:101CB000DC431B87070097C70200938727F59C63C7
:101CC000BA861167558F0127D8C397D7020093872B
:101CD000E759194798C3D9AC0545EFF03FBA054518
:101CE000EFF0DFCE97D702009387875823A0070035
:101CF00097D70200938787571D4798C345AC97C76E
:101D000002009387A7EF98638567BA9783A787C078
:101D1000812793F7070881276385072897D7020053
:101D20009387C754214798C3ADAC97C702009387E8
:101D3000E7EC98638567BA9783A747C181273E87F9
:101D4000B7078000F98F8127638F072497D7020098
:101D50009387C751254798C3B9A40146814541459A
:101D6000EF109014014681454145EF10F013B7077D
:101D700011209107DC431B870700B707112091074B
:101D8000BA860567130707C0558F0127D8C3B72741
:101D900011209107DC431B870700B727112091070B
:101DA000BA860567130707C0558F0127D8C397D791
:101DB00002009387A74B294798C3CDAA97C7020073
:101DC0009387C7E398638567BA9783A747C181273D
:101DD0009BD70701812793F7F7071B87070097D742
:101DE00002009387674898C397C70200938707E16B
:101DF00098638567BA9783A787C28127812763DDA8
:101E0000070097D702009387E745054798C39D458C
:101E10001945EF00A0263DA897D702009387C74435
:101E20009C433E87B14763EDE70097D70200938755
:101E30006743094798C395451945EF00202419A821
:101E400097D70200938707420D4798C399451D45D0
:101E5000EF00C02297D70200938747412D4798C3D0
:101E6000B1A297C70200938767D998638567BA972D
:101E700019671307F70723AEE7C097C702009387D8
:101E8000E7D798638567BA971307F00723AEE7C0D3
:101E900097D702009387073D9C433E878547631F82
:101EA000F70097D702009387A73C23A0070097D796
:101EB00002009387A73B314798C3CDA897D702006C
:101EC0009387C73A394798C3D5A097D7020093871D
:101ED000273A9C4385271B87070097D702009387E3
:101EE000273998C397D70200938787389C433E874A
:101EF0008567F91763FBE70A97D70200938747378F
:101F000023A0070097D7020093874736354798C329
:101F100069A897C70200938767CE98638567BA97C9
:101F200083A787C281278217819313F7F70393074B
:101F3000000463F9E70097D70200938727333947F6
:101F400098C3ADA099451D45EF00401397C7020007
:101F50009387C7CA98638567BA9719671307F70706
:101F600023AEE7C097C70200938747C99863856788
:101F7000BA971307F00723AEE7C097D702009387FD
:101F8000E72E394798C31DA097C70200938787D5CE
:101F900023A0070021A8010011A8010001A8010049
:101FA00031A0010021A0010011A0010097C702008B
:101FB000938747D39C433E85A2600264410182809F
:101FC000411122E4000897C70200938727C3986352
:101FD0008567BA9737F780081307F72323A2E7C06E
:101FE00097C70200938787C198638567BA97377749
:101FF000F0371307077723A6E7C097C70200938738
:10200000E7BF98638567BA973707FE00090723A8DB
:10201000E7C097C70200938767BE98638567BA9742
:1020200009671307870C23AAE7C097C702009387A5
:10203000E7BC98638567BA97375700F01307C70C5A
:1020400023ACE7C097C70200938747BB98638567B7
:10205000BA97370700FF23A2E7C297C7020093870A
:10206000E7B998638567BA97370714801307171085
:1020700023A4E7C00100226441018280797122F427
:102080000018AA872E87A30FF4FCBA87230FF4FC4D
:102090008347F4FD81279B97A70181272326F4FE20
:1020A0008347F4FD81279B97D70181271B87070072
:1020B0008327C4FED98F2326F4FE97C70200938797
:1020C000E7B394630327C4FEB7070003D98F1B87C8
:1020D00007008567B69723A2E7C28347E4FD8127FF
:1020E0009B97570181272324F4FE97C7020093870B
:1020F000E7B09463032784FEB77710B79387077719
:10210000D98F1B8707008567B69723A6E7C097C7B7
:1021100002009387A7AE9463032784FEB7071E804F
:102120008907D98F1B8707008567B69723A8E7C063
:102130000100227445618280011122EC0010A30786
:1021400004FE55A88347F4FE1B870700B7067001FD
:102150008347F4FE8127177602001306A6C80E07F0
:1021600032971863B207B69798EB8347F4FE1B8744
:102170000700B70670018347F4FE81271776020037
:102180001306C6C80E0732971863B207B69798EFC2
:102190008347F4FE1B870700B70670018347F4FEF0
:1021A0008127177602001306E6C80E0732971863D8
:1021B000B207B69798F7370770018347F4FE812777
:1021C000B207BA9723B00700370770018347F4FEC0
:1021D0008127B207BA9723B00702370770018347F8
:1021E000F4FE8127B207BA9723B407008347F4FEB1
:1021F0008527A307F4FE8347F4FE13F7F70F8547FF
:10220000E3F2E7F481473E85626405618280411113
:1022100022E400080100226441018280797122F4E5
:102220000018F32740F12334F4FE833784FE233073
:10223000F4FE37070002833704FE8A07BA9723A00B
:10224000070037070002833704FE8A07BA979C43CA
:102250008127232EF4FC8327C4FD010022744561ED
:1022600082805D7186E4A2E0800897770200938700
:10227000E7BE98632330E4FC98672334E4FC9C4B6E
:102280002328F4FC8547232EF4FAF32740F1233466
:10229000F4FE833784FE2330F4FE833704FE8A077E
:1022A000130704FFBA9703A707FD9307803EBB07F8
:1022B000F702812713970702019397D602009386AE
:1022C0006617833704FE8E07B69798E317D7020088
:1022D00013074716833704FE8E07BA979C63B1C76E
:1022E00037070002B167BA9703B787FF97D6020096
:1022F00093864614833704FE8E07B6979C63B70611
:1023000000023E97033604FE856793870780B297E5
:102310008E07B69798E393070008F3A74730233C4E
:10232000F4FCEF104070232E04FA8327C4FB8127AE
:102330003E85A660066461618280397106FC22F8E0
:102340008000F32740F12334F4FE833784FE2334E6
:10235000F4FC93070008F3B747302330F4FE8337CB
:1023600084FC11476368F7041397270097770200EE
:10237000938707B0BA979C431B87070097770200A3
:10238000938707AFBA978287EF20521705A8EF000F
:1023900040112DA0EF00C01115A0EF00401239A888
:1023A000EF00C01221A8832744FC812785278127BD
:1023B0002322F4FC833784FCFDF701003707000279
:1023C000B167BA9703B787FF833784FC97D60200BB
:1023D000938646068E07B6979C63B706000273265F
:1023E00040F1233CC4FC033684FD3E978567938708
:1023F0000780B2978E07B69798E393070008F3A774
:1024000047302338F4FC0100E2704274216182807D
:10241000797106F422F00018F32740F12334F4FE1A
:10242000833784FE2330F4FE833704FE114763684C
:10243000F70413972700977702009387A7A4BA970A
:102440009C431B870700977702009387A7A3BA973F
:102450008287EF00200405A8EF20A2052DA0EF1031
:10246000926A15A0EF10724F39A8EF10523421A8CC
:102470008327C4FD812785278127232EF4FC8337FA
:1024800004FEFDF70100EFF07FD90100A270027495
:1024900045618280411122E400080100226441016B
:1024A0008280411122E400080100226441018280FF
:1024B000411122E40008010022644101828041119F
:1024C00022E400080100226441018280411122E4DB
:1024D00000080100226441018280411122E40008C9
:1024E00081473E85226441018280411122E4000837
:1024F00081473E85226441018280411122E4000827
:1025000081473E85226441018280411122E4000816
:1025100081473E85226441018280411122E4000806
:1025200081473E85226441018280411122E40008F6
:1025300081473E85226441018280411122E40008E6
:1025400081473E85226441018280411122E40008D6
:1025500081473E85226441018280411122E40008C6
:1025600081473E85226441018280411122E40008B6
:1025700081473E85226441018280411122E40008A6
:1025800081473E85226441018280411122E4000896
:1025900081473E85226441018280411122E4000886
:1025A00081473E85226441018280411122E4000876
:1025B00081473E85226441018280411122E4000866
:1025C00081473E85226441018280411122E4000856
:1025D00081473E85226441018280411122E4000846
:1025E00081473E85226441018280411122E4000836
:1025F00081473E85226441018280411122E4000826
:1026000081473E85226441018280411122E4000815
:1026100081473E85226441018280411122E4000805
:1026200081473E85226441018280411122E40008F5
:1026300081473E85226441018280411122E40008E5
:1026400081473E85226441018280411122E40008D5
:1026500081473E85226441018280411122E40008C5
:1026600081473E85226441018280411122E40008B5
:1026700081473E85226441018280411122E40008A5
:1026800081473E85226441018280411122E4000895
:1026900081473E85226441018280411122E4000885
:1026A00081473E85226441018280411122E4000875
:1026B00081473E85226441018280411122E4000865
:1026C00081473E85226441018280411122E4000855
:1026D00081473E85226441018280411122E4000845
:1026E00081473E85226441018280411122E4000835
:1026F00081473E85226441018280411122E4000825
:1027000081473E85226441018280411122E4000814
:1027100081473E85226441018280411122E4000804
:1027200081473E85226441018280411122E40008F4
:1027300081473E85226441018280411122E40008E4
:1027400081473E85226441018280411122E40008D4
:1027500081473E85226441018280411122E40008C4
:1027600081473E85226441018280411122E40008B4
:1027700081473E85226441018280411122E40008A4
:1027800081473E85226441018280411122E4000894
:1027900081473E85226441018280411122E4000884
:1027A00081473E85226441018280411122E4000874
:1027B00081473E85226441018280411122E4000864
:1027C00081473E85226441018280411122E4000854
:1027D00081473E85226441018280411122E4000844
:1027E00081473E85226441018280411122E4000834
:1027F00081473E85226441018280411122E4000824
:1028000081473E85226441018280411122E4000813
:1028100081473E85226441018280411122E4000803
:1028200081473E85226441018280411122E40008F3
:1028300081473E85226441018280411122E40008E3
:1028400081473E85226441018280411122E40008D3
:1028500081473E85226441018280411122E40008C3
:1028600081473E85226441018280411122E40008B3
:1028700081473E85226441018280411122E40008A3
:1028800081473E85226441018280411122E4000893
:1028900081473E85226441018280411122E4000883
:1028A00081473E85226441018280411122E4000873
:1028B00081473E85226441018280411122E4000863
:1028C00081473E85226441018280411122E4000853
:1028D00081473E85226441018280411122E4000843
:1028E00081473E85226441018280411122E4000833
:1028F00081473E85226441018280411122E4000823
:1029000081473E85226441018280411122E4000812
:1029100081473E85226441018280411122E4000802
:1029200081473E85226441018280411122E40008F2
:1029300081473E85226441018280411122E40008E2
:1029400081473E85226441018280411122E40008D2
:1029500081473E85226441018280411122E40008C2
:1029600081473E85226441018280411122E40008B2
:1029700081473E85226441018280411122E40008A2
:1029800081473E85226441018280411122E4000892
:1029900081473E85226441018280411122E4000882
:1029A00081473E85226441018280411122E4000872
:1029B00081473E85226441018280411122E4000862
:1029C00081473E85226441018280411122E4000852
:1029D00081473E85226441018280411122E4000842
:1029E00081473E85226441018280411122E4000832
:1029F00081473E85226441018280411122E4000822
:102A000081473E85226441018280411122E4000811
:102A100081473E85226441018280411122E4000801
:102A200081473E85226441018280411122E40008F1
:102A300081473E85226441018280411122E40008E1
:102A400081473E85226441018280411122E40008D1
:102A500081473E85226441018280411122E40008C1
:102A600081473E85226441018280411122E40008B1
:102A700081473E85226441018280411122E40008A1
:102A800081473E85226441018280411122E4000891
:102A900081473E85226441018280411122E4000881
:102AA00081473E85226441018280411122E4000871
:102AB00081473E85226441018280411122E4000861
:102AC00081473E85226441018280411122E4000851
:102AD00081473E85226441018280411122E4000841
:102AE00081473E85226441018280411122E4000831
:102AF00081473E85226441018280411122E4000821
:102B000081473E85226441018280411122E4000810
:102B100081473E85226441018280411122E4000800
:102B200081473E85226441018280411122E40008F0
:102B300081473E85226441018280411122E40008E0
:102B400081473E85226441018280411122E40008D0
:102B500081473E85226441018280411122E40008C0
:102B600081473E85226441018280411122E40008B0
:102B700081473E85226441018280411122E40008A0
:102B800081473E85226441018280411122E4000890
:102B900081473E85226441018280411122E4000880
:102BA00081473E85226441018280411122E4000870
:102BB00081473E85226441018280411122E4000860
:102BC00081473E85226441018280411122E4000850
:102BD00081473E85226441018280411122E4000840
:102BE00081473E85226441018280411122E4000830
:102BF00081473E85226441018280411122E4000820
:102C000081473E85226441018280411122E400080F
:102C100081473E85226441018280411122E40008FF
:102C200081473E85226441018280411122E40008EF
:102C300081473E85226441018280411122E40008DF
:102C400081473E85226441018280411122E40008CF
:102C500081473E85226441018280411122E40008BF
:102C600081473E85226441018280411122E40008AF
:102C700081473E85226441018280411122E400089F
:102C800081473E85226441018280411122E400088F
:102C900081473E85226441018280411122E400087F
:102CA00081473E85226441018280411122E400086F
:102CB00081473E85226441018280411122E400085F
:102CC00081473E85226441018280411122E400084F
:102CD00081473E85226441018280411122E400083F
:102CE00081473E85226441018280411122E400082F
:102CF00081473E85226441018280411122E400081F
:102D000081473E85226441018280411122E400080E
:102D100081473E85226441018280411122E40008FE
:102D200081473E85226441018280411122E40008EE
:102D300081473E85226441018280411122E40008DE
:102D400081473E85226441018280411122E40008CE
:102D500081473E85226441018280411122E40008BE
:102D600081473E85226441018280411122E40008AE
:102D700081473E85226441018280411122E400089E
:102D800081473E85226441018280411122E400088E
:102D900081473E85226441018280411122E400087E
:102DA00081473E85226441018280411122E400086E
:102DB00081473E85226441018280411122E400085E
:102DC00081473E85226441018280411122E400084E
:102DD00081473E85226441018280411122E400083E
:102DE00081473E85226441018280411122E400082E
:102DF00081473E85226441018280411122E400081E
:102E000081473E85226441018280411122E400080D
:102E100081473E85226441018280411122E40008FD
:102E200081473E85226441018280411122E40008ED
:102E300081473E85226441018280411122E40008DD
:102E400081473E85226441018280411122E40008CD
:102E500081473E85226441018280411122E40008BD
:102E600081473E85226441018280411122E40008AD
:102E700081473E85226441018280411122E400089D
:102E800081473E85226441018280411122E400088D
:102E900081473E85226441018280411122E400087D
:102EA00081473E85226441018280411122E400086D
:102EB00081473E85226441018280411122E400085D
:102EC00081473E85226441018280411122E400084D
:102ED00081473E85226441018280411122E400083D
:102EE00081473E85226441018280411122E400082D
:102EF00081473E85226441018280411122E400081D
:102F000081473E85226441018280411122E400080C
:102F100081473E85226441018280411122E40008FC
:102F200081473E85226441018280411122E40008EC
:102F300081473E85226441018280411122E40008DC
:102F400081473E85226441018280411122E40008CC
:102F500081473E85226441018280411122E40008BC
:102F600081473E85226441018280411122E40008AC
:102F700081473E85226441018280411122E400089C
:102F80000100226441018280411122E40008010015
:102F9000226441018280411122E400080100226480
:102FA00041018280411122E40008010022644101B4
:102FB0008280411122E400080100226441018280E4
:102FC000411122E400080100226441018280411184
:102FD00022E400080100226441018280411122E4C0
:102FE00000080100226441018280411122E40008AE
:102FF0000100226441018280411122E400080100A5
:10300000226441018280411122E40008010022640F
:1030100041018280411122E4000801002264410143
:103020008280411122E40008010022644101828073
:10303000411122E400080100226441018280411113
:1030400022E400080100226441018280411122E44F
:1030500000080100226441018280411122E400083D
:103060000100226441018280411122E40008010034
:10307000226441018280411122E40008010022649F
:1030800041018280411122E40008010022644101D3
:103090008280411122E40008010022644101828003
:1030A000411122E4000801002264410182804111A3
:1030B00022E400080100226441018280411122E4DF
:1030C00000080100226441018280411122E40008CD
:1030D0000100226441018280411122E400080100C4
:1030E000226441018280411122E40008010022642F
:1030F00041018280411122E4000801002264410163
:103100008280411122E40008010022644101828092
:10311000411122E400080100226441018280411132
:1031200022E400080100226441018280411122E46E
:1031300000080100226441018280411122E400085C
:103140000100226441018280411122E40008010053
:10315000226441018280411122E4000801002264BE
:1031600041018280411122E40008010022644101F2
:103170008280411122E40008010022644101828022
:10318000411122E4000801002264410182804111C2
:1031900022E400080100226441018280411122E4FE
:1031A00000080100226441018280411122E40008EC
:1031B0000100226441018280411122E400080100E3
:1031C000226441018280411122E40008010022644E
:1031D00041018280411122E4000801002264410182
:1031E0008280411122E400080100226441018280B2
:1031F000411122E400080100226441018280411152
:1032000022E400080100226441018280411122E48D
:1032100000080100226441018280411122E400087B
:103220000100226441018280411122E40008010072
:10323000226441018280411122E4000801002264DD
:1032400041018280411122E4000801002264410111
:103250008280411122E40008010022644101828041
:10326000411122E4000801002264410182804111E1
:1032700022E400080100226441018280411106E439
:1032800022E00008EFF0BFFE0100A26002644101ED
:103290008280411106E422E00008EFF05FFD0100AA
:1032A000A260026441018280411106E422E000082C
:1032B000EFF0FFFB0100A260026441018280411136
:1032C00006E422E00008EFF09FFA0100A260026429
:1032D00041018280411122E4000801002264410181
:1032E0008280411122E400080100226441018280B1
:1032F000411122E400080100226441018280411151
:1033000022E400080100226441018280411122E48C
:1033100000080100226441018280411122E400087A
:103320000100226441018280411122E40008010071
:10333000226441018280411122E4000801002264DC
:1033400041018280411122E4000801002264410110
:103350008280411122E40008010022644101828040
:10336000411122E4000801002264410182804111E0
:1033700022E400080100226441018280411122E41C
:1033800000080100226441018280411122E400080A
:103390000100226441018280411122E40008010001
:1033A000226441018280411122E40008010022646C
:1033B00041018280411122E40008010022644101A0
:1033C0008280411122E400080100226441018280D0
:1033D000411122E400080100226441018280411170
:1033E00022E400080100226441018280411122E4AC
:1033F00000080100226441018280411122E400089A
:103400000100226441018280411122E40008010090
:10341000226441018280411122E4000801002264FB
:1034200041018280411122E400080100226441012F
:103430008280411122E4000801002264410182805F
:10344000411122E4000801002264410182804111FF
:1034500022E400080100226441018280411122E43B
:1034600000080100226441018280411122E4000829
:103470000100226441018280411122E40008010020
:10348000226441018280411122E40008010022648B
:1034900041018280411122E40008010022644101BF
:1034A0008280411122E400080100226441018280EF
:1034B000411122E40008010022644101828041118F
:1034C00022E400080100226441018280411106E4E7
:1034D00022E0000813060008976502009385059C0A
:1034E00037550020EFD0EF911306000897650200D2
:1034F0009385C5A2B757002013850710EFD06F90B2
:103500001306000497650200938545A9B75700206C
:1035100013850720EFD0EF8E130600029765020097
:103520009385C5ABB757002013850730EFD06F8D5B
:103530001306000497650200938545ACB757002039
:1035400013850740EFD0EF8B130600049765020048
:103550009385C5AEB757002013850750EFD06F8A0B
:103560001306000297650200938545B7B757002000
:1035700013850760EFD0EF881306000297650200FD
:103580009385C5AFB757002013850770EFD06F87BD
:103590001306000497650200938545B0B7670020C5
:1035A00013850780EFD0EF8541469765020093852C
:1035B000E5B4B767002013850790EFD08F8481476B
:1035C0003E85A260026441018280797122F4001874
:1035D000AA87AE863287A30FF4FCB687232CF4FCAF
:1035E000BA87230FF4FC8547A307F4FEA30704FE64
:1035F0008347F4FE3E85227445618280011122ECEE
:103600000010AA872E872326F4FEBA872324F4FE0F
:10361000832784FE1B87070085476313F704B727BA
:10362000002083A747089B8607008327C4FE93C713
:10363000F7FF1B870700B7270020758F012723A2FC
:10364000E708B727002083A787089B860700B727CE
:1036500000200327C4FE558F012723A4E70889A073
:10366000B727002083A747089B860700B7270020BD
:103670000327C4FE558F012723A2E708B7270020A0
:1036800083A787089B8607008327C4FE93C7F7FF9D
:103690001B870700B7270020758F012723A4E708A1
:1036A0000100626405618280797106F422F00018DD
:1036B000AA87AE863287232EF4FCB687A30DF4FCCE
:1036C000BA87232AF4FC8547A307F4FE1767020094
:1036D0001307C7A38367C4FD9207BA97984383274C
:1036E000C4FD81276383E700029017670200130778
:1036F000E7A18367C4FD9207BA97DC4393F6F70FFF
:1037000017670200130787A08367C4FD9207BA9763
:103710009C470347B4FD3A86BE853685EFF0FFEA45
:10372000AA87A307F4FE8347F4FE93F7F70F85E318
:10373000176702001307879D8367C4FD9207BA9736
:10374000DC47032744FDBA853E85EFF03FEB834716
:10375000F4FE3E85A270027445618280411122E42C
:103760000008B727002083A787081B870700B72713
:103770000020BA8601777D17758F012723A4E708FB
:103780000100226441018280011122EC0010AA870D
:103790002326F4FEB72700200327C4FE23A0E70852
:1037A0000100626405618280011122EC0010AA8789
:1037B000A307F4FE7350003A7350203A8347F4FE97
:1037C0001B870700976602009386C6BABA878E07E2
:1037D000BA979207B6979C6B7390073B8347F4FEAA
:1037E0001B870700976602009386C6B8BA878E07C4
:1037F000BA979207B6979C6F7390173B8347F4FE76
:103800001B870700976602009386C6B6BA878E07A5
:10381000BA979207B6979C737390273B8347F4FE41
:103820001B870700976602009386C6B4BA878E0787
:10383000BA979207B6979C777390373B8347F4FE0D
:103840001B870700976602009386C6B2BA878E0769
:10385000BA979207B6979C7B7390473B8347F4FED9
:103860001B870700976602009386C6B0BA878E074B
:10387000BA979207B6979C7F7390573B8347F4FEA5
:103880001B870700976602009386C6AEBA878E072D
:10389000BA979207B697BC637390673B8347F4FE71
:1038A0001B870700976602009386C6ACBA878E070F
:1038B000BA979207B697BC677390773B8347F4FE3D
:1038C0001B870700976602009386C6AABA878E07F1
:1038D000BA979207B697BC6B7390873B8347F4FE09
:1038E0001B870700976602009386C6A8BA878E07D3
:1038F000BA979207B697BC6F7390973B8347F4FED5
:103900001B870700976602009386C6A6BA878E07B4
:10391000BA979207B697BC737390A73B8347F4FEA0
:103920001B870700976602009386C6A4BA878E0796
:10393000BA979207B697BC777390B73B8347F4FE6C
:103940001B870700976602009386C6A2BA878E0778
:10395000BA979207B697BC7B7390C73B8347F4FE38
:103960001B870700976602009386C6A0BA878E075A
:10397000BA979207B697BC7F7390D73B8347F4FE04
:103980001B870700976602009386C69EBA878E073C
:10399000BA979207B697DC637390E73B8347F4FED0
:1039A0001B870700976602009386C69CBA878E071E
:1039B000BA979207B697DC677390F73B8347F4FE9C
:1039C0001B870700976602009386C69ABA878E0700
:1039D000BA979207B6979C637390073A81473E85E2
:1039E000626405618280011122EC0010F3770430DB
:1039F0002334F4FE93070008F3B707302330F4FEB6
:103A00000100626405618280411106E422E0000841
:103A1000EFF07FFD73504030735040340100A260DE
:103A2000026441018280011122EC0010F36704302E
:103A30002334F4FE0100626405618280397122FC46
:103A40008000AA87A307F4FC8347F4FC93F7F70FE1
:103A500091E302908347F4FC13F7F70F9307F0020A
:103A600063F3E7000290F32740F12334F4FE833739
:103A700084FEA303F4FE8347F4FC93F7F70F6386F9
:103A800007128347F4FC13F7F70F9307F00263EE76
:103A9000E7108347F4FCC12793F7F70F9B97870143
:103AA0009BD7874181273E878547B397E700F3A7D8
:103AB0004730233CF4FC8347F4FC13F7F70FBD4772
:103AC00063F5E70E834774FE13F7F70F8547631816
:103AD000F702B7270020BC439B8607008347F4FC0E
:103AE0008127C13781273E878547BB97E7001B8722
:103AF0000700B7270020558F0127B8C37DA0834753
:103B000074FE13F7F70F89476318F702B7270020F1
:103B1000FC439B8607008347F4FC8127C13781273C
:103B20003E878547BB97E7001B870700B727002024
:103B3000558F0127F8C395A8834774FE13F7F70F35
:103B40008D476318F702B7270020BC479B86070004
:103B50008347F4FC8127C13781273E878547BB9780
:103B6000E7001B870700B7270020558F0127B8C73C
:103B70002DA8834774FE13F7F70F91476317F702D9
:103B8000B7270020FC479B8607008347F4FC81276A
:103B9000C13781273E878547BB97E7001B87070012
:103BA000B7270020558F0127F8C7010062742161F3
:103BB0008280797122F40018AA87A30FF4FC83474E
:103BC000F4FD93F7F70F91E302908347F4FD13F7A9
:103BD000F70F9307F00263F3E70002908347F4FDC9
:103BE00093F7F70F9DCB8347F4FD13F7F70F930778
:103BF000F00263E4E7028347F4FDC12793F7F70F70
:103C00009B9787019BD7874181273E878547B3973D
:103C1000E700F3B747302334F4FE01002274456116
:103C20008280011106EC22E80010F32700302334D3
:103C3000F4FE833784FE2330F4FEEFF0DFDA8337BF
:103C400004FE3E85E260426405618280011122EC3F
:103C500000102334A4FE833784FE739007300100E4
:103C6000626405618280397122FC8000AA87232664
:103C7000F4FCF32740F12334F4FE833784FE233031
:103C8000F4FE033704FE914763E2E724833704FE22
:103C900013972700976702009387C79ABA979C43A8
:103CA0001B870700976702009387C799BA97828797
:103CB0003707000C8327C4FC9BD7570081279396B6
:103CC00007028192856793870780B6978A07BA971C
:103CD0009C43232EF4FC8327C4FCFD8B81273E8765
:103CE0008547BB97E7001B8707008327C4FDD98F53
:103CF000232EF4FC3707000C8327C4FC9BD7570006
:103D00008127939607028192856793870780B697EC
:103D10008A07BA970327C4FD98C355AA3707000C32
:103D20008327C4FC9BD75700812793960702819273
:103D3000856793870782B6978A07BA979C43232E95
:103D4000F4FC8327C4FCFD8B81273E878547BB9706
:103D5000E7001B8707008327C4FDD98F232EF4FCBF
:103D60003707000C8327C4FC9BD757008127939605
:103D700007028192856793870782B6978A07BA9769
:103D80000327C4FD98C3A1A23707000C8327C4FCF6
:103D90009BD7570081279396070281928567938767
:103DA0000786B6978A07BA979C43232EF4FC83278D
:103DB000C4FCFD8B81273E878547BB97E7001B87A7
:103DC00007008327C4FDD98F232EF4FC3707000C8E
:103DD0008327C4FC9BD757008127939607028192C3
:103DE000856793870786B6978A07BA970327C4FD26
:103DF00098C3F1A83707000C8327C4FC9BD7570052
:103E0000812793960702819285679387078AB697E1
:103E10008A07BA979C43232EF4FC8327C4FCFD8BAE
:103E200081273E878547BB97E7001B8707008327CD
:103E3000C4FDD98F232EF4FC3707000C8327C4FC64
:103E40009BD75700812793960702819285679387B6
:103E5000078AB6978A07BA970327C4FD98C385A82F
:103E60003707000C8327C4FC9BD757008127939604
:103E70000702819285679387078EB6978A07BA975C
:103E80009C43232EF4FC8327C4FCFD8B81273E87B3
:103E90008547BB97E7001B8707008327C4FDD98FA1
:103EA000232EF4FC3707000C8327C4FC9BD7570054
:103EB000812793960702819285679387078EB6972D
:103EC0008A07BA970327C4FD98C311A00100010017
:103ED000627421618280397122FC8000AA872326C6
:103EE000F4FCF32740F12334F4FE833784FE2330BF
:103EF000F4FE033704FE914763E1E726833704FEAF
:103F0000139727009757020093870775BA979C432A
:103F10001B8707009757020093870774BA97828719
:103F20003707000C8327C4FC9BD757008127939643
:103F300007028192856793870780B6978A07BA97A9
:103F40009C43232EF4FC8327C4FCFD8B81273E87F2
:103F50008547BB97E700812793C7F7FF1B870700BB
:103F60008327C4FDF98F232EF4FC3707000C832729
:103F7000C4FC9BD7570081279396070281928567DF
:103F800093870780B6978A07BA970327C4FD98C31B
:103F9000F1A23707000C8327C4FC9BD75700812769
:103FA000939607028192856793870782B6978A075F
:103FB000BA979C43232EF4FC8327C4FCFD8B8127F6
:103FC0003E878547BB97E700812793C7F7FF1B878D
:103FD00007008327C4FDF98F232EF4FC3707000C5C
:103FE0008327C4FC9BD757008127939607028192B1
:103FF000856793870782B6978A07BA970327C4FD18
:1040000098C3A9AA3707000C8327C4FC9BD7570085
:104010008127939607028192856793870786B697D3
:104020008A07BA979C43232EF4FC8327C4FCFD8B9C
:1040300081273E878547BB97E700812793C7F7FF16
:104040001B8707008327C4FDF98F232EF4FC370755
:10405000000C8327C4FC9BD7570081279396070247
:104060008192856793870786B6978A07BA97032751
:10407000C4FD98C3E5A03707000C8327C4FC9BD779
:104080005700812793960702819285679387078A55
:10409000B6978A07BA979C43232EF4FC8327C4FC67
:1040A000FD8B81273E878547BB97E700812793C714
:1040B000F7FF1B8707008327C4FDF98F232EF4FC2D
:1040C0003707000C8327C4FC9BD7570081279396A2
:1040D0000702819285679387078AB6978A07BA97FE
:1040E0000327C4FD98C39DA83707000C8327C4FC91
:1040F0009BD7570081279396070281928567938704
:10410000078EB6978A07BA979C43232EF4FC832721
:10411000C4FCFD8B81273E878547BB97E70081273D
:1041200093C7F7FF1B8707008327C4FDF98F232E52
:10413000F4FC3707000C8327C4FC9BD7570081276A
:1041400093960702819285679387078EB6978A07B1
:10415000BA970327C4FD98C311A00100010062743F
:1041600021618280011106EC22E800102334A4FEB4
:10417000AE8732872322F4FEBA87A301F4FE0347F9
:1041800034FE832744FE3A86BE85033584FEEF0065
:104190002066833784FE9C6383C7070313F7F70FFA
:1041A000833784FE9C635D9B1377F70F2388E702B8
:1041B000833784FE9C6383C7470313F7F70F833766
:1041C00084FE9C636D9B1377F70F238AE702833786
:1041D00084FE9C6383C7870313F7F70F833784FE3E
:1041E0009C63799B1377F70F238CE702833784FE58
:1041F000171700001307C7E998FB0100E26042644B
:10420000056182805D71A2E480082334A4FC233020
:10421000B4FCB287232EF4FA232604FE8327C4FBC2
:104220002322F4FE833704FC91E302908327C4FB2E
:10423000812791E30290833704FCDDCB832744FE82
:104240008127DDC7833784FC9C6383C74701A30FA5
:10425000F4FC833784FC03C7D7008347F4FDD98F70
:1042600013F7F70F833784FCA386E7008347F4FD39
:10427000812793F707028127A5CBC1472320F4FEAE
:10428000832744FE1B870700BD4763E6E7008327BB
:1042900044FE2320F4FE232404FE3DA08367C4FED5
:1042A000033704FC3E97833784FC9C630347070075
:1042B0002380E7008327C4FE85272326F4FE832777
:1042C00084FE85272324F4FE032784FE832704FE2F
:1042D00001278127E364F7FC032744FE832784FE3C
:1042E000BB07F7402322F4FE832744FE8127B9FB56
:1042F0000100266461618280797122F40018233CF8
:10430000A4FC2338B4FC232604FE833704FD91E388
:104310000290833704FDC5C78367C4FE033704FDDD
:10432000BA9783C70700A303F4FE69A0833784FD0F
:104330009C6383C747012303F4FE833784FD03C7CF
:10434000D700834764FED98F13F7F70F833784FDB7
:10435000A386E700834764FE812793F7070281273E
:10436000F1D7232404FE1DA8833784FD9C630347F3
:1043700074FE2380E700832784FE85272324F4FE30
:104380008327C4FE85272326F4FE8367C4FE0337F4
:1043900004FDBA9783C70700A303F4FE834774FEA6
:1043A00093F7F70F81CB832784FE1B870700BD4758
:1043B000E3FCE7FA834774FE93F7F70FA5FB0100D0
:1043C000227445618280397122FC8000233CA4FC68
:1043D0002338B4FC2334C4FC233404FEA30304FEBA
:1043E000833704FD91E30290833784FC91E30290CC
:1043F000833704FDC1CF833784FCC9CB833784FD69
:104400009C6383C74701A303F4FE833784FD03C77E
:10441000D700834774FED98F13F7F70F833784FDD6
:10442000A386E70081A8833784FD9863833604FD63
:10443000833784FEB697034707001377F70F23806F
:10444000E700833784FE85072334F4FE833784FD39
:104450009C6383C74701A303F4FE833784FD03C72E
:10446000D700834774FED98F13F7F70F833784FD86
:10447000A386E700834774FE8127858B812799C730
:10448000033784FE833784FCE36FF7F8833784FEB9
:104490003E85627421618280797106F422F00018F1
:1044A0002334A4FE2330B4FEB287232EF4FC8337DA
:1044B00004FE91E302908327C4FD1B870700930746
:1044C000000C63F3E7000290833704FEC9C783271B
:1044D000C4FD1B8707009307000C63EEE7068337D4
:1044E00084FE033704FE98F7833784FE9C6383C7FA
:1044F000870093F7F70F9B9787019BD7874193F727
:10450000F7031B9787011B5787418327C4FD9B97A0
:1045100087019BD78741D98F1B9787011B578741FD
:10452000833784FE9C631377F70F2384E700833778
:1045300084FE9C6383C7470013F7F70F833784FE1D
:104540009C63136717001377F70F2382E700033587
:1045500084FEEF00F0450100A27002744561828084
:10456000411106E422E0000897B70200938787D044
:104570009C43858B812781CB17050E00130505E22F
:10458000EF00101139A017050E001305A5CAEF00A2
:10459000301081473E85A260026441018280411152
:1045A00006E422E0000897B702009387A7CC9C435B
:1045B000898B812781CB17050E001305A5B8EF0065
:1045C000300D39A017050E001305C5E4EF00500C9F
:1045D00081473E85A260026441018280411106E468
:1045E00022E0000897B702009387C7C89C43918BCD
:1045F000812781CB17050E00130545BCEF0050093C
:1046000039A017050E00130565ACEF00700881474F
:104610003E85A260026441018280411106E422E0ED
:10462000000897B702009387E7C49C43A18B8127BA
:1046300081CB17050E00130565E5EF00700539A065
:1046400017050E00130505CEEF00900481473E8547
:10465000A260026441018280411106E422E0000868
:1046600097B70200938707C19C43C18B812781CBF9
:1046700017050E001305059EEF00900139A01705E0
:104680000E001305A5C2EF00B00081473E85A26071
:10469000026441018280411106E422E0000897B7DC
:1046A0000200938727BD9C43858B812781CB17050B
:1046B0000E001305A5CEEF00A07D39A017050E0052
:1046C000130545B7EF00C07C0100A2600264410100
:1046D0008280411106E422E0000897B70200938728
:1046E00067B99C43898B812781CB17050E00130581
:1046F00065A5EF00E07939A017050E00130585D1F7
:10470000EF0000790100A260026441018280411142
:1047100006E422E0000897B702009387A7B59C4300
:10472000918B812781CB17050E00130525A9EF007A
:10473000207639A017050E0013054599EF00407546
:104740000100A260026441018280411106E422E07E
:10475000000897B702009387E7B19C43A18B81279C
:1047600081CB17050E00130565D2EF00607239A0EA
:1047700017050E00130505BBEF0080710100A26054
:10478000026441018280411106E422E0000897B7EB
:104790000200938727AE9C43C18B812781CB1705ED
:1047A0000E001305258BEF00A06E39A017050E0033
:1047B0001305C5AFEF00C06D0100A26002644101A6
:1047C0008280011106EC22E800102334A4FE033598
:1047D00084FEEF00102E833784FE05472384E7060E
:1047E0002D45EFF0AFA50100E260426405618280D3
:1047F000011106EC22E800102334A4FEAE873287B4
:104800002322F4FEBA87A301F4FE033784FE970740
:104810000E00938727A26315F702833784FE3707BC
:10482000002098E397B702009387C7A49C43F99BA5
:104830001B87070097B702009387C7A398C3D5AA21
:10484000033784FE97070E009387C7BC6315F702F2
:10485000833784FE3707102098E397B702009387C9
:1048600067A19C43F59B1B87070097B702009387BE
:1048700067A098C37DAA033784FE97070E0093872D
:10488000E7846315F702833784FE3727102098E307
:1048900097B702009387079E9C43ED9B1B870700F9
:1048A00097B702009387079D98C361A2033784FEE0
:1048B00097070E00938707A76315F702833784FED7
:1048C0003747102098E397B702009387A79A9C4335
:1048D000DD9B1B87070097B702009387A79998C3B2
:1048E00089AA033784FE97070E009387279C6315D8
:1048F000F702833784FE3767102098E397B70200EA
:10490000938747979C43BD9B1B87070097B702007F
:104910009387479698C331AA033784FE97070E0002
:104920009387C7A76316F702833784FE37070028EB
:1049300098E397B702009387E7939C4393E71700A8
:104940001B87070097B702009387C79298C3D5A02B
:10495000033784FE97F70D009387C77E6316F7022F
:10496000833784FE3707102898E397B702009387B0
:1049700067909C4393E727001B87070097B70200C7
:104980009387478F98C375A0033784FE97070E005F
:104990009387C7826316F702833784FE3727102870
:1049A00098E397B702009387E78C9C4393E747000F
:1049B0001B87070097B702009387C78B98C395A8FA
:1049C000033784FE97070E00938747AC6316F70200
:1049D000833784FE3747102898E397B70200938700
:1049E00067899C4393E787001B87070097B70200FE
:1049F0009387478898C335A8033784FE97F70D003F
:104A0000938747656316F702833784FE376710285C
:104A100098E397B702009387E7859C4393E70701E4
:104A20001B87070097B702009387C78498C311A01C
:104A30000290833784FE9C6323820700833784FEC1
:104A40009C6323840700833784FE9C6383C78700AD
:104A500013F7F70F833784FE9C63136727001377E0
:104A6000F70F2384E700833784FE9C6383C78700A6
:104A700013F7F70F833784FE9C63136747001377A0
:104A8000F70F2384E700833784FE9C6383C7870086
:104A900013F7F70F833784FE9C63136717001377B0
:104AA000F70F2384E700833784FE9C6383C70701E5
:104AB00013F7F70F833784FE9C633D9B1377F70F43
:104AC0002388E700833784FE9C6383C7070113F7BD
:104AD000F70F833784FE9C631377F7FD1377F70F87
:104AE0002388E700833784FE9C6383C7470313F75B
:104AF000F70F833784FE9C63759B1377F70F238A28
:104B0000E702833784FE9C6383C7470313F7F70FDD
:104B1000833784FE9C63799B1377F70F238AE70220
:104B2000833784FE9C6383C7870313F7F70F8337AC
:104B300084FE9C63759B1377F70F238CE702833702
:104B400084FE9C6383C7070313F7F70F833784FE44
:104B50009C631377F7FD1377F70F2388E7028337FA
:104B600084FE9C6383C7070313F7F70F833784FE24
:104B70009C631377F7FB1377F70F2388E7028337DC
:104B800084FE9C6383C7070313F7F70F833784FE04
:104B90009C631377F7071377F70F2388E7028337B0
:104BA00084FE9C6383C7870313F7F70F833784FE64
:104BB0009C635D9B1377F70F238CE702833784FE9A
:104BC0009C6323820704833784FE9C632384070449
:104BD000833784FE9C6323860704832744FEBE85B7
:104BE000033584FEEF00200A833784FE9C6303476D
:104BF00034FE2386E700833784FE032744FE98C7EC
:104C0000833784FE034734FE2386E700833784FE20
:104C100023AC0700833784FE23B80700833784FE64
:104C200023AE0700833784FE23B40702833784FE54
:104C300023B80702833784FE23B00702833784FE3C
:104C400023BC0702833784FE23B00704833784FE26
:104C500023B40704833784FE23B80704833784FE14
:104C600023BC0704833784FE23B00706833784FE02
:104C700023840706833784FEA38607000100E260D1
:104C8000426405618280397122FC80002334A4FCD7
:104C9000AE872322F4FC833784FC032744FC98C7A7
:104CA000B7D7F008938707182334F4FE833784FEC0
:104CB00013973700836744FCB357F7022322F4FEAF
:104CC000832744FE9BD717002320F4FE832704FE8E
:104CD0009BD76700232EF4FC8327C4FD9B976700B6
:104CE0008127032704FEBB07F740232CF4FC83270E
:104CF000C4FD9B9777008127032744FEBB07F7403D
:104D00001B870700832784FD9B9717008127BB071C
:104D1000F7408127032784FDB99F232CF4FC8327C8
:104D2000C4FD1B870700C1676363F70002908327F8
:104D3000C4FD1B870700C1676378F7148327C4FD90
:104D40001B870700854763FBE70A833784FC9C6366
:104D500083C7C70013F7F70F833784FC9C6313677F
:104D600007F81377F70F2386E7008327C4FD9BD747
:104D700087001B870700833784FC9C631377F70F3A
:104D80002382E700833784FC9C630327C4FD1377E9
:104D9000F70F2380E700833784FC9C6383C7C70039
:104DA00013F7F70F833784FC9C631377F7071377A8
:104DB000F70F2386E700833784FC9C6383C70703D0
:104DC00013F7F70F833784FC9C63136707F8137797
:104DD000F70F2388E702832784FD1B8707009307CB
:104DE000F00F63F3E7000290833784FC9C63032792
:104DF00084FD1377F70F238EE70279A0833784FCB5
:104E00009C6383C7C70013F7F70F833784FC9C6349
:104E1000136707F81377F70F2386E7008327C4FD8E
:104E20009BD787001B870700833784FC9C6313771D
:104E3000F70F2382E700833784FC9C630327C4FDBC
:104E40001377F70F2380E700833784FC9C6383C7C5
:104E5000C70013F7F70F833784FC9C631377F707BA
:104E60001377F70F2386E700833784FC9C6383C79F
:104E7000070313F7F70F833784FC9C631377F70757
:104E80001377F70F2388E7020100627421618280A3
:104E9000797106F422F00018233CA4FC833784FDCA
:104EA0009C6383C7870093F7F70FBD8BA307F4FEBE
:104EB0008347F4FE8127BE8631476369D71A13976B
:104EC0002700974702009387677ABA979C431B870E
:104ED00007009747020093876779BA9782878337DD
:104EE00084FD9C7F91E30290833784FD9C7F6381E6
:104EF0000718833784FD9C7F033584FD82978DAA34
:104F0000833784FD9C7B91E30290833784FD9C7BF7
:104F100063820716833784FD9C7B033584FD82976B
:104F200091AA833784FD9C7791E30290833784FDB7
:104F30009C7763830714833784FD9C77033584FD56
:104F400082971DAA833784FD9C7391E30290833777
:104F500084FD9C7363840712833784FD9C7303353F
:104F600084FD829721AA833784FD9C6383C78702CF
:104F700093F7F70F8127858B812785C3833784FDBE
:104F8000BC6391E30290833784FDBC6399C7833788
:104F900084FDBC63033584FD8297833784FD9C6365
:104FA00083C7870293F7F70F8127898B812785C3F2
:104FB000833784FDBC6791E30290833784FDBC672F
:104FC00099C7833784FDBC67033584FD8297833797
:104FD00084FD9C6383C7870293F7F70F8127918B2A
:104FE000812785C3833784FDBC6B91E302908337AF
:104FF00084FDBC6B99C7833784FDBC6B033584FD8E
:105000008297833784FD9C6383C7870293F7F70FEA
:105010008127A18B812785C3833784FDBC6F91E3F2
:105020000290833784FDBC6F99C7833784FDBC6FC2
:10503000033584FD8297833784FD9C6383C7870291
:1050400093F7F70F8127C18B81279DCB833784FD91
:10505000BC7391E30290833784FDBC7395C383379F
:1050600084FDBC73033584FD829719A8029011A8B2
:10507000010001A8010031A0010021A0010011A040
:1050800001000100A270027445618280797122F4EE
:105090000018233CA4FC833784FD9C6B91E30290B1
:1050A000833784FD9C4F91E30290833784FD9C6B92
:1050B000E5CF833784FD9C4FE5CB833784FD9C632C
:1050C00083C74701A303F4FE833784FD03C7D700DA
:1050D000834774FED98F13F7F70F833784FDA386B8
:1050E000E700834774FE812793F707028127D1C326
:1050F000C1472324F4FE833784FD984F833784FD12
:10510000DC4FBB07F7402320F4FE832704FE1B87F8
:105110000700BD4763E6E700832704FE2324F4FE6F
:10512000232604FE3DA8833784FD986B833784FDD6
:10513000DC4F821781933E97833784FD9C6303473E
:1051400007002380E700833784FDDC4F85271B871A
:105150000700833784FDD8CF8327C4FE8527232605
:10516000F4FE0327C4FE832784FE01278127E36C16
:10517000F7FA833784FDD84F833784FD9C4F63153E
:10518000F702833784FD23AC0700833784FD9C63DB
:1051900083C7470013F7F70F833784FD9C63759B24
:1051A0001377F70F2382E7000100227445618280A4
:1051B000797106F422F00018233CA4FC232604FE97
:1051C000833784FD83C78706E5E3033784FD97F7BC
:1051D0000D0093872706630AF700033784FD97F7CE
:1051E0000D009387A71B6317F7009307A0052326DD
:1051F000F4FE75A0033784FD97F70D009387872190
:10520000630AF700033784FD97F70D00938787F350
:105210006317F7009307B0052326F4FE49A0033770
:1052200084FD97F70D00938767EA630AF700033759
:1052300084FD97F70D00938767F86317F7009307CE
:10524000C0052326F4FEA1A8033784FD97F70D00BF
:105250009387470D630AF700033784FD97F70D0026
:105260009387C7226317F7009307D0052326F4FE20
:105270003DA0033784FD97F70D0093872703630A4A
:10528000F700033784FD97F70D009387A7DC6317BA
:10529000F7009307E0052326F4FE11A00290832770
:1052A000C4FE3E85EFE03F9C0100A27002744561A0
:1052B0008280797106F422F00018233CA4FC232696
:1052C00004FE033784FD97F70D009387A7F6630A62
:1052D000F700033784FD97F70D009387270C6317BA
:1052E000F7009307A0052326F4FE75A0033784FD7D
:1052F00097F70D0093870712630AF700033784FDC1
:1053000097F70D00938707E46317F7009307B0053D
:105310002326F4FE49A0033784FD97F70D009387F9
:10532000E7DA630AF700033784FD97F70D009387E8
:10533000E7E86317F7009307C0052326F4FEA1A84A
:10534000033784FD97F70D009387C7FD630AF700C5
:10535000033784FD97F70D00938747136317F70012
:105360009307D0052326F4FE3DA0033784FD97F76D
:105370000D009387A7F3630AF700033784FD97F7BF
:105380000D00938727CD6317F7009307E0052326C9
:10539000F4FE11A002908327C4FE3E85EFE0BFB368
:1053A0000100A270027445618280397122FC800084
:1053B000AA872326F4FCF32740F12334F4FE833735
:1053C00084FE2330F4FE033704FE914763E2E724B2
:1053D000833704FE13972700974702009387472CD3
:1053E000BA979C431B870700974702009387472B78
:1053F000BA9782873707000C8327C4FC9BD75700D6
:105400008127939607028192856793870780B697D5
:105410008A07BA979C43232EF4FC8327C4FCFD8B98
:1054200081273E878547BB97E7001B8707008327B7
:10543000C4FDD98F232EF4FC3707000C8327C4FC4E
:105440009BD75700812793960702819285679387A0
:105450000780B6978A07BA970327C4FD98C355AA51
:105460003707000C8327C4FC9BD7570081279396EE
:1054700007028192856793870782B6978A07BA9752
:105480009C43232EF4FC8327C4FCFD8B81273E879D
:105490008547BB97E7001B8707008327C4FDD98F8B
:1054A000232EF4FC3707000C8327C4FC9BD757003E
:1054B0008127939607028192856793870782B69723
:1054C0008A07BA970327C4FD98C3A1A23707000C27
:1054D0008327C4FC9BD757008127939607028192AC
:1054E000856793870786B6978A07BA979C43232ECA
:1054F000F4FC8327C4FCFD8B81273E878547BB973F
:10550000E7001B8707008327C4FDD98F232EF4FCF7
:105510003707000C8327C4FC9BD75700812793963D
:1055200007028192856793870786B6978A07BA979D
:105530000327C4FD98C3F1A83707000C8327C4FCD8
:105540009BD757008127939607028192856793879F
:10555000078AB6978A07BA979C43232EF4FC8327C1
:10556000C4FCFD8B81273E878547BB97E7001B87DF
:1055700007008327C4FDD98F232EF4FC3707000CC6
:105580008327C4FC9BD757008127939607028192FB
:1055900085679387078AB6978A07BA970327C4FD5A
:1055A00098C385A83707000C8327C4FC9BD75700F6
:1055B000812793960702819285679387078EB69716
:1055C0008A07BA979C43232EF4FC8327C4FCFD8BE7
:1055D00081273E878547BB97E7001B870700832706
:1055E000C4FDD98F232EF4FC3707000C8327C4FC9D
:1055F0009BD75700812793960702819285679387EF
:10560000078EB6978A07BA970327C4FD98C311A0DF
:1056100001000100627421618280397122FC8000E6
:10562000AA872326F4FCF32740F12334F4FE8337C2
:1056300084FE2330F4FE033704FE914763E1E7263E
:10564000833704FE13972700974702009387870646
:10565000BA979C431B8707009747020093878705EB
:10566000BA9782873707000C8327C4FC9BD7570063
:105670008127939607028192856793870780B69763
:105680008A07BA979C43232EF4FC8327C4FCFD8B26
:1056900081273E878547BB97E700812793C7F7FFA0
:1056A0001B8707008327C4FDF98F232EF4FC3707DF
:1056B000000C8327C4FC9BD75700812793960702D1
:1056C0008192856793870780B6978A07BA970327E1
:1056D000C4FD98C3F1A23707000C8327C4FC9BD7F5
:1056E00057008127939607028192856793870782E7
:1056F000B6978A07BA979C43232EF4FC8327C4FCF1
:10570000FD8B81273E878547BB97E700812793C79D
:10571000F7FF1B8707008327C4FDF98F232EF4FCB6
:105720003707000C8327C4FC9BD75700812793962B
:1057300007028192856793870782B6978A07BA978F
:105740000327C4FD98C3A9AA3707000C8327C4FC0C
:105750009BD757008127939607028192856793878D
:105760000786B6978A07BA979C43232EF4FC8327B3
:10577000C4FCFD8B81273E878547BB97E7008127C7
:1057800093C7F7FF1B8707008327C4FDF98F232EDC
:10579000F4FC3707000C8327C4FC9BD757008127F4
:1057A000939607028192856793870786B6978A0743
:1057B000BA970327C4FD98C3E5A03707000C8327D9
:1057C000C4FC9BD757008127939607028192856777
:1057D0009387078AB6978A07BA979C43232EF4FCCF
:1057E0008327C4FCFD8B81273E878547BB97E70055
:1057F000812793C7F7FF1B8707008327C4FDF98F15
:10580000232EF4FC3707000C8327C4FC9BD75700DA
:10581000812793960702819285679387078AB697B7
:105820008A07BA970327C4FD98C39DA83707000CC1
:105830008327C4FC9BD75700812793960702819248
:1058400085679387078EB6978A07BA979C43232E5E
:10585000F4FC8327C4FCFD8B81273E878547BB97DB
:10586000E700812793C7F7FF1B8707008327C4FD45
:10587000F98F232EF4FC3707000C8327C4FC9BD739
:105880005700812793960702819285679387078E39
:10589000B6978A07BA970327C4FD98C311A00100E1
:1058A0000100627421618280011122EC0010AA873C
:1058B0002E872326F4FEBA872324F4FE8327C4FE12
:1058C000812795C78327C4FE1B8707009307A00B7A
:1058D00063EFE7003707000C8327C4FEFD378127FD
:1058E000821781938A07BA97032784FED8C30100E1
:1058F000626405618280397106FC22F880002334DD
:10590000A4FC2330B4FC833704FC91E302900337FA
:1059100084FC970712009387E7C0630BF7020337F5
:1059200084FC970714009387E7406303F70203376B
:1059300084FC97F70D009387E7BC630BF7000337F0
:1059400084FC97F70F009387E73C6303F70002900E
:10595000833504FC033584FCEF302063033784FC7B
:1059600097071200938707BC6316F706B727002036
:1059700083A747081B870700B72700201367270066
:10598000012723A2E708B727002083A787081B87E2
:105990000700B727002013672700012723A4E70883
:1059A000233004FE31A0833704FE85072330F4FE44
:1059B000033704FE9307803EE317F7FEB727002066
:1059C00083A787081B870700B7270020759B01273F
:1059D00023A4E708033784FC9707140093878735CF
:1059E0006316F706B727002083A747081B87070021
:1059F000B727002013674700012723A2E708B7272E
:105A0000002083A787081B870700B727002013679C
:105A10004700012723A4E708233C04FC31A0833777
:105A200084FD8507233CF4FC033784FD9307803E07
:105A3000E317F7FEB727002083A787081B87070017
:105A4000B72700206D9B012723A4E708833784FC38
:105A50009C43639B0712033784FC9967938787E015
:105A6000BA979B860700033784FCA167BA9783B770
:105A7000871A368713671700012798C3033784FCFA
:105A8000B967938787FDBA979B860700033784FC25
:105A9000C167BA9783B7873736871367170001271F
:105AA00098C3033784FCD9679387871ABA979B8674
:105AB0000700033784FCE167BA9783B787543687BA
:105AC00013671700012798C3033784FCF96793878E
:105AD0008737BA979B860700033784FCB707020015
:105AE000BA9783B78771368713671700012798C362
:105AF000833784FC938707039B860700033784FC66
:105B0000A167BA9783B7071B36871367170001276A
:105B100098C3033784FCA16793870720BA979B86B5
:105B20000700033784FCC167BA9783B70738368705
:105B300013671700012798C3033784FCC167938755
:105B4000073DBA979B860700033784FCE167BA9745
:105B500083B70755368713671700012798C30337A4
:105B600084FCE1679387075ABA979B86070003373F
:105B700084FCB7070200BA9783B7077236871367AA
:105B80001700012798C3A9A0033784FC996793875E
:105B900087E0BA979B860700033784FCA167BA9712
:105BA00083B7871A368713671700012798C383378F
:105BB00084FC938707039B860700033784FCA16757
:105BC000BA9783B7071B368713671700012798C357
:105BD000833784FC9C4399EB833704FC03A7C70CF1
:105BE000833784FC9C67058B0127D8C7833704FC67
:105BF000638C0764033784FC9707120093878792AE
:105C0000630AF702033784FC97071400938787120F
:105C10006302F702033784FC97F70D009387878EA2
:105C2000630AF700033784FC97F70F009387870E0A
:105C3000631CF760833704FCB853833684FCB707D2
:105C40000200B69723A0E77A833704FCB85783365F
:105C500084FCB7070200B69723A2E77A833704FCD7
:105C6000F853833684FCB7070200B69723A4E77A7B
:105C7000833704FC9843833684FCB7070200B69749
:105C800023ACE778833704FC03A70708833684FC3A
:105C9000B7070200B69723A8E778833704FCD843F8
:105CA000833684FCB7070200B69723AEE7788337C4
:105CB00004FC986F833684FCB7070200B69723B4C0
:105CC000E77E833704FC9873833684FCB7070200B1
:105CD000B69723B8E77E833704FC9877833684FC35
:105CE000B7070200B69723BCE77E833704FC9867AA
:105CF000833684FCB7070200B69723BCE77C833762
:105D000004FC986B833684FCB7070200B69723B077
:105D1000E77E833704FC03A7C708833684FCB707F4
:105D20000200B69723AAE778833704FCB87B833652
:105D300084FCB7070200B69723B8E77A833704FCE0
:105D4000B84B833684FCB7070200B69723A4E77CE0
:105D5000833704FCF84B833684FCB7070200B69700
:105D600023A6E77C833704FC03A7470D833684FC16
:105D7000B7070200B69723A8E77C833704FC987B1B
:105D8000833684FCB7170200B69723B0E7808337C9
:105D900004FC987F833684FCB7170200B69723B4BF
:105DA000E780833704FC83A7470BB9CF833784FC94
:105DB0009C4F93F7F70F3E85EFD0BFDF833784FC0E
:105DC0009C436398070E833784FCDC4F93F7F70FEF
:105DD0003E85EFD01FDE833784FC9C5393F7F70F8B
:105DE0003E85EFD01FDD833784FCDC5393F7F70F3C
:105DF0003E85EFD01FDC833784FC9C5793F7F70F69
:105E00003E85EFD01FDB75A0833784FC9C4F3E8519
:105E1000EFF0BF80833784FC984F833704FC83A75F
:105E2000870BBE853A85EFF03FA8833784FCDC4FB3
:105E30003E85EFF08FFE833784FCD84F833704FC18
:105E400083A7C70BBE853A85EFF01FA6833784FC76
:105E50009C533E85EFF06FFC833784FC9853833767
:105E600004FC83A7070CBE853A85EFF0FFA38337B8
:105E700084FCDC533E85EFF04FFA833784FCD85323
:105E8000833704FC83A7470CBE853A85EFF0DFA17A
:105E9000833784FC9C573E85EFF02FF8833784FCD2
:105EA0009857833704FC83A7870CBE853A85EFF0AB
:105EB000BF9FEF007012833504FC033584FCEF00B4
:105EC0001020833704FC93878705BE85033584FC47
:105ED000EF205058033584FCEF207032033584FCEA
:105EE000EF203044033784FCB7070200BA9723A49D
:105EF0000778232604FE41A2033784FC8326C4FED0
:105F0000A1679387071DB387F602BA972167BA97EF
:105F10001307903E23A0E716033784FC8326C4FEB4
:105F2000A1679387071DB387F602BA972167BA97CF
:105F30001307000223A4E716033784FC8326C4FE5C
:105F4000A1679387071DB387F602BA972167BA97AF
:105F500023A60716033784FC8326C4FEA167938714
:105F6000071DB387F602BA972167BA9723A80716C9
:105F7000033784FC8326C4FEA1679387071DB3877C
:105F8000F602BA972167BA9723B80714033784FC3F
:105F90008326C4FEA1679387071DB387F602BA97CD
:105FA0002167BA9723BC0714033784FC8326C4FEF9
:105FB000A1679387071DB387F602BA972167BA973F
:105FC00023B0071C033784FC8326C4FEA167938794
:105FD000071DB387F602BA972167BA9723B4071C47
:105FE000033784FC8327C4FE93861700A167938739
:105FF000071DB387F602BA9723B00700033784FC66
:106000008327C4FE93861700A1679387071DB38774
:10601000F602BA9723B40700033784FC8326C4FE34
:10602000A1679387071DB387F602BA972167BA97CE
:1060300023B0071E033784FC8326C4FEA167938721
:10604000071DB387F602BA972167BA9723B8071ED0
:10605000033784FC8326C4FEA1679387071DB3879B
:10606000F602BA972167BA9723BC071E8327C4FE9E
:1060700085272326F4FE8327C4FE1B8707008D4750
:10608000E3DCE7E6833784FC9C43DDE7033784FCED
:10609000B7070200BA9783A787793E8791476316AF
:1060A000F700033584FCEF203058033784FCB70732
:1060B0000200BA9783B6877D033784FCB7070200D6
:1060C000BA9783A7077A93F7F70FBE85033584FC49
:1060D0008296033784FCB7070200BA9703B8077E9D
:1060E000033784FCB7070200BA9783A6C77C03373F
:1060F00084FCB7070200BA9783A7877C3E86B685E3
:10610000033584FC0298033784FCB7070200BA9772
:1061100083B7877E033584FC8297033784FCB707F7
:106120000200BA9783A787793E8791476316F700E5
:10613000033584FCEF20B055033584FCEF00C0121A
:10614000833784FC9C43B9C3833784FC9C6B05670D
:10615000130767C898D7833784FC9C6B9C431B87C5
:106160000700833784FC9C6B13678700012798C363
:10617000833784FC9C6B9C431B870700833784FC1C
:106180009C6B13670720012798C37DA8232604FE74
:106190009DA8833704FC83A787093E878547630A48
:1061A000F700833704FC83A7C7093E87854763153B
:1061B000F702033784FC8326C4FEA1679387071D7B
:1061C000B387F602BA972167BA9783B78719216711
:1061D000130767CC98C31DA0033784FC8326C4FE35
:1061E000A1679387071DB387F602BA972167BA970D
:1061F00083B787190567130767C898C38327C4FE49
:1062000085272326F4FE8327C4FE1B8707008D47BE
:10621000E3D1E7F8833784FC9C679C431B87070026
:10622000833784FC9C6713678700012798C38337F3
:1062300084FC9C679C431B870700833784FC9C6716
:1062400013670720012798C3033784FCB7070200B0
:10625000BA9737D7F1AA1307570523A6E7780100A5
:10626000E270427421618280797106F422F0001894
:10627000233CA4FC033784FDB7070200BA9783B61A
:10628000877F130734FE930744FE3A86BE850335A5
:1062900084FD8296AA87A305F4FE8347B4FE93F794
:1062A000F70FD1CF833784FD9C4381CB833784FDA7
:1062B0009C6BDC432326F4FE39A0833784FD9C6766
:1062C000DC432326F4FE8327C4FE93F7C7BF2326AF
:1062D000F4FE832744FE3E8789476319F70083272E
:1062E000C4FE93E707402326F4FE29A8832744FE33
:1062F0003E8785476318F7008327C4FE93E717009E
:106300002326F4FE834734FE3E8785476318F70053
:106310008327C4FE93E727002326F4FE833784FDFA
:106320009C4381CB833784FD9C6B0327C4FED8C379
:1063300039A0833784FD9C670327C4FED8C30100BE
:10634000A2700274456182801D7186ECA2E8801003
:10635000233CA4FA2338B4FA2334C4FA033784FB69
:1063600097F711009387071C630AF700033784FB34
:1063700097E70D0093870719631FF70097870200BF
:10638000938787962330F4FE97870200938747967A
:10639000233CF4FC29A89787020093872795233094
:1063A000F4FE978702009387B794233CF4FCA3077D
:1063B00004FE033784FBB7070200BA9783A7C778A8
:1063C00081273E87B7D7F1AA93875705631DF7202A
:1063D000033784FBB7070200BA9783B6877F13079A
:1063E000B4FC9307C4FC3A86BE85033584FB8296D1
:1063F000AA87A307F4FE8347F4FE93F7F70F63849D
:10640000071E833704FE98438327C4FC631AF700F2
:10641000833784FD03C707008347B4FC630FF70885
:10642000833784FB9C4381CB833784FB9C6BDC43A9
:10643000232AF4FC39A0833784FB9C67DC43232A9E
:10644000F4FC832744FD93F7C7BF232AF4FC83277A
:10645000C4FC3E8789476319F700832744FD93E70F
:106460000740232AF4FC29A88327C4FC3E878547DC
:106470006318F700832744FD93E71700232AF4FCF1
:106480008347B4FC3E8785476318F700832744FDA4
:1064900093E72700232AF4FC833784FB9C4381CBBA
:1064A000833784FB9C6B032744FDD8C339A0833713
:1064B00084FB9C67032744FDD8C30327C4FC8337B0
:1064C00004FE98C30347B4FC833784FD2380E700B0
:1064D000833704FB91C70327C4FC833704FB98C3AD
:1064E000833784FA99C70347B4FC833784FA23803F
:1064F000E700033784FBB7070200BA9783A78779C1
:106500003E87A1476311F70E033784FBB7070200EC
:10651000BA9783A7477A93F7F70F0546BE850335E9
:1065200084FBEF00701FAA872319F4FC033784FB58
:10653000B7070200BA9783A7477A93F7F70F054684
:10654000BE85033584FBEF00301DAA872319F4FCB8
:10655000835724FD918B2318F4FC835704FD812776
:10656000D9E3033784FBB7070200BA9783A7477ABA
:1065700093F7F70F0146BE85033584FBEF00D01972
:10658000AA872319F4FC035724FD8567D98F2319A3
:10659000F4FC033784FBB7070200BA9783A7477A56
:1065A00093F7F70F035724FDBA860146BE850335DE
:1065B00084FBEF005003835724FD93E70720231942
:1065C000F4FC033784FBB7070200BA9783A7477A26
:1065D00093F7F70F035724FDBA860146BE850335AE
:1065E00084FBEF0050008347F4FE3E85E66046647E
:1065F00025618280011106EC22E800102334A4FEFC
:10660000833784FE91E30290833784FE6381071C05
:106610001306800D8145033584FEEF103239833730
:1066200084FE1307F003F8CB833784FE23A8070406
:10663000833784FE23B80706833784FE23AC07061E
:10664000833784FE23AE0706833784FE23A0070822
:10665000833784FE0D671307078023A2E70883377B
:1066600084FE054723A4E708833784FE054723A655
:10667000E708833784FE23AA0708833784FE05478B
:1066800023ACE708833784FE054723AEE70883374A
:1066900084FE23A0070A833784FE23A2070A8337D8
:1066A00084FE1D4723A4E70A833784FE238C070456
:1066B000833784FEA38C0704833784FE238D07046D
:1066C000833784FEA38D0704833784FE238E07045B
:1066D000833784FEA38E0704833784FE23A0070438
:1066E000833784FE23A20704833784FE23A4070490
:1066F000833784FE23A60704833784FE0547D8C367
:10670000833784FE054798C3833784FE173700001C
:106710001307A72798EF833784FE17370000130766
:10672000E72798F3833784FE1737000013072728DD
:1067300098F7833784FE173700001307872198E7FF
:10674000833784FE173700001307272298EB83371F
:1067500084FE23A8070A833784FE23AA070A833707
:1067600084FE1D4723ACE70A833784FE1D4723AE12
:10677000E70A833784FE1D4723A0E70C833784FE96
:106780001D4723A2E70C833784FE1D4723A4E70C93
:10679000833784FE23A6070C833784FE414723A852
:1067A000E70C833784FE173700001307A72398FBF5
:1067B000833784FE173700001307E72498FF8337D9
:1067C00084FE3747C3231307076023AAE70C0100A1
:1067D000E260426405618280411122E40008010008
:1067E0002264410182801D71A2EC80102334A4FA3E
:1067F000AE872322F4FA232204FEF32700B0233CC1
:10680000F4FC833784FD81272326F4FC033784FAC4
:10681000B7070200BA9783A7077D3E87B7470F00E7
:106820009B870724BB57F7028127232EF4FA83277F
:10683000C4FB812781E78547232EF4FA036744FAD6
:106840008327C4FB812782178193B307F702233480
:10685000F4FEF32700B02338F4FC833704FD8127CE
:10686000232EF4FA8327C4FB1B8707008327C4FC6D
:106870008127BB07F7408127821781932330F4FCDF
:10688000833704FC033784FE63F0E702833704FC9C
:10689000033784FEB307F7402334F4FE8327C4FB99
:1068A00081272326F4FC21A085472322F4FE832799
:1068B00044FE8127D9DF0100666425618280397139
:1068C00022FC80002334A4FC2330B4FC232604FEE5
:1068D000232404FE232C04FC833704FCBC5F3E8786
:1068E00085476307F700833704FCBC5F91C30290C0
:1068F000833704FCFC5F3E8785476307F7008337D7
:1069000004FCFC5F91C30290833704FC83A7070853
:106910003E8785476308F700833704FC83A7070891
:1069200091C30290833704FC83A787083E8785477D
:106930006308F700833704FC83A7870891C302909C
:10694000833704FC83A7C7083E8785476308F700A1
:10695000833704FC83A7C70891C30290833704FCE4
:1069600083A747093E8785476308F700833704FC00
:1069700083A7470991C30290833704FC83A7870943
:106980003E8785476308F700833704FC83A78709A0
:1069900091C30290833704FC83A7C7093E878547CC
:1069A0006308F700833704FC83A7C70991C30290EB
:1069B000B7072100938707032324F4FE833704FCE1
:1069C00083A747093E8785476318F700832784FE1E
:1069D00093E727002324F4FE032784FEB707100063
:1069E000D98F2324F4FE833784FC9C4381CB032777
:1069F00084FEB7078000D98F2324F4FE033784FC7C
:106A0000B7070200BA9783A787793E879147631734
:106A1000F702833704FC83A7870A9B972701812706
:106A20003E87B7071C00F98F81273E87B7172008DC
:106A300093870780D98F2326F4FE1DA0833704FC9B
:106A400083A7870A9B97270181273E87B7071C00EA
:106A5000F98F81273E87B7072000D98F2326F4FEC0
:106A6000833704FC83A787093E878547630AF700BD
:106A7000833704FC83A7C7093E878547631CF7005B
:106A80000327C4FEB727820093872750D98F232678
:106A9000F4FE11A80327C4FEB7078200938727508E
:106AA000D98F2326F4FE833704FC83A787083E870B
:106AB00085476318F7000327C4FEC167D98F2326D3
:106AC000F4FE833704FC83A7070AADC70327C4FE7F
:106AD000B7070010D98F2326F4FE833704FC83A761
:106AE000070A93F7F70F232AF4FC833704FC83A7E4
:106AF000470A9B97870081273E87C167FD17F98F5B
:106B00001B870700832744FDD98F232AF4FC833792
:106B100084FC9C4389CB833784FC9C6B032744FD16
:106B200023AEE70A01A8833784FC9C67032744FD52
:106B300023AEE70A833784FC9C4385C7833784FCF4
:106B40009C6B032784FE98C3833784FC9C6B0327CC
:106B5000C4FED8C3833784FC9C670327C4FED8C314
:106B60001DA0833784FC9C67032784FE98C383376A
:106B700084FC9C670327C4FED8C3833784FC9C6BCA
:106B80000327C4FED8C3833784FC9C438DE383373B
:106B900084FC9C6783A707201B870700833784FC3E
:106BA0009C67BA862167558F012723A0E72083378A
:106BB00004FC83A7070DFD8B81273E87B707A00044
:106BC00093870770D98F232CF4FC032784FDB70724
:106BD0000030D98F232CF4FC032784FDB707004035
:106BE000D98F232CF4FC833784FC9C4395C78337CF
:106BF00084FC9C6B032784FD98CB833784FC9C6BBF
:106C00001307000323A6E74C833784FC9C6B130710
:106C1000000323A8E74CB5A0833784FC9C670327B7
:106C200084FD98CB833784FC9C671307000323A65D
:106C3000E74C833784FC9C671307000323A8E74CC9
:106C400085472320F4FE3DA0033784FC832604FE01
:106C5000A1679387071DB387F602BA972167BA9792
:106C600083B7871B1307000A98C3832704FE852771
:106C70002320F4FE832704FE1B8707008D47E3D5FE
:106C8000E7FC833784FC9C43DDEB833784FC9387EC
:106C900007031B870700833784FC9C671367170073
:106CA000012723A0E744833784FC938707031B87CE
:106CB0000700833784FC9C6713671700012723A212
:106CC000E744833784FC938707031B8707008337D8
:106CD00084FC9C6713671700012723A4E74403374C
:106CE00084FC9967938787E0BA971B8707008337EF
:106CF00084FC9C6713671700012723A0E74803372C
:106D000084FC9967938787E0BA971B8707008337CE
:106D100084FC9C6713671700012723A2E748033709
:106D200084FC9967938787E0BA971B8707008337AE
:106D300084FC9C6713671700012723A4E748833767
:106D400004FC83A747083E878D679387078063F815
:106D5000E7008D67938707802322F4FE39A08337ED
:106D600004FC83A747082322F4FE833784FC9C435A
:106D700081CB833784FC9C6B032744FEB8C739A0C2
:106D8000833784FC9C67032744FEB8C7833784FCA1
:106D90009C4399C7833784FC9C6B7D57D8D781A0CF
:106DA000232E04FC35A0033784FC8326C4FDA16791
:106DB0009387071DB387F602BA972167BA9783B7FF
:106DC000071A7D5798C38327C4FD8527232EF4FC1B
:106DD0008327C4FD1B8707008D47E3D6E7FC01002E
:106DE000627421618280397106FC22F880002334AC
:106DF000A4FCAE873687A303F4FCB2872303F4FC1C
:106E0000BA872312F4FC834774FC13F7F70FFD478E
:106E100063F3E7000290834764FC13F7F70FFD4725
:106E200063F3E7000290033784FCB7070200BA97C8
:106E300083B7077B99CB033784FCB7070200BA9767
:106E400083B7077B2334F4FE29A0833784FC2334E3
:106E5000F4FE834774FC13F7F70FFD4763E9E70A75
:106E6000834764FC13F7F70FFD4763E2E70A835794
:106E700044FC81273E87B7070250D98F8127232EF4
:106E8000F4FC834774FC81279B97770181273E8719
:106E9000B707800FF98F1B8707008327C4FD812761
:106EA000D98F8127232EF4FC834764FC81279B978D
:106EB000270181273E87B7077C00F98F1B870700D2
:106EC0008327C4FD8127D98F8127232EF4FCEFC0AF
:106ED0005FD52330A4FE232C04FC832784FD812767
:106EE00085278127232CF4FC833784FE9C679C47ED
:106EF0008127918B8127E5D3833784FE9C67032705
:106F0000C4FD0127D8DB033504FEEFC03FD40100E8
:106F1000E270427421618280397106FC22F880009F
:106F20002334A4FCAE873287A303F4FCBA8723037F
:106F3000F4FC834774FC13F7F70FFD4763F3E70096
:106F40000290834764FC13F7F70FFD4763F3E700F4
:106F50000290033784FCB7070200BA9783B7077B18
:106F600099CB033784FCB7070200BA9783B7077B36
:106F70002334F4FE29A0833784FC2334F4FE8347B2
:106F800074FC13F7F70FFD4763ECE70C834764FCD1
:106F900013F7F70FFD4763E5E70CB7070260232EF1
:106FA000F4FC834774FC81279B97770181273E87F8
:106FB000B707800FF98F1B8707008327C4FD812740
:106FC000D98F8127232EF4FC834764FC81279B976C
:106FD000270181273E87B7077C00F98F1B870700B1
:106FE0008327C4FD8127D98F8127232EF4FCEFC08E
:106FF0005FC32330A4FE232C04FC832784FD812758
:1070000085278127232CF4FC833784FE9C679C47CB
:107010008127918B8127E5D3833784FE9C670327E3
:10702000C4FD0127D8DB232A04FC832744FD8127E4
:1070300085278127232AF4FC833784FE9C679C479D
:107040008127918B8127E5D3833784FE9C67DC5BA6
:107050008127232EF4FC033504FEEFC03FBF19A0A7
:10706000232E04FC8327C4FD8127C217C1933E85CC
:10707000E270427421618280797122F40018233C0D
:10708000A4FCAE87232AF4FC232604FE832744FDB8
:107090001B8707009307D00263F3E7000290832762
:1070A00044FD1B8707009307D00263E8E706033718
:1070B00084FDB7070200BA9783A7C77881273E8768
:1070C000B7D7F1AA938757056319F704833784FD6F
:1070D0009C439DC3833784FD986B9726020093865B
:1070E000E65E836744FD8E07B6979C638A07BA976E
:1070F0009C432326F4FE15A0833784FD98679726CA
:1071000002009386A65C836744FD8E07B6979C6356
:107110008A07BA979C432326F4FE8327C4FE3E8544
:10712000227445618280011122EC00102334A4FEF8
:10713000833784FE9C4395CF033784FEB707020054
:10714000BA9783A7C77881273E87B7D7F1AA9387D5
:1071500057056310F702833784FE9C6B9C431B87A3
:107160000700833784FE9C6B13670702012798C3CF
:1071700031A8833784FE9C679C431B8707008337B5
:1071800084FE9C6713670702012798C301006264AD
:1071900005618280397106FC22F88000233CA4FC42
:1071A000AE872334C4FC2330D4FC232AF4FCBA87F2
:1071B0002328F4FCA30504FE033784FDB70702006F
:1071C000BA9783A7C77881273E87B7D7F1AA938755
:1071D0005705631DF74A033784FD836644FDA167A5
:1071E0009387071DB387F602BA972167BA9783A7DB
:1071F00007188127B1E3033784FDB7070200BA9768
:1072000083A7C77B99CF033784FD836744FD91072C
:107210008A07BA979C4793F7F70F3E85EFC07F998F
:1072200021A8033784FD836744FD91078A07BA9735
:107230009C473E85EFE06FBE833784FC91E302906C
:10724000833784FC8D8B91C30290033784FD836662
:1072500044FDA1679387071DB387F602BA9721679C
:10726000BA9783A787168127638A073A832704FD85
:10727000812795EF833784FD9C4391CF833784FD2D
:107280009C6B9C431B870700833784FD9C6B6D9B25
:10729000012798C329A8833784FD9C679C431B87DB
:1072A0000700833784FD9C676D9B012798C30337D4
:1072B00084FD836644FDA1679387071DB387F602AB
:1072C000BA972167BA9783A787168127FD371B874F
:1072D0000700833684FD036644FDA1679387071D7D
:1072E000B307F602B697A166B69723A4E71603374D
:1072F00084FD836644FDA1679387071DB387F6026B
:10730000BA972167BA9783A7C7162322F4FE83276B
:1073100044FE1B870700FD47631FF702833784FC89
:10732000812793E727009B860700033684FD0367C8
:1073300044FE836544FDBA878607BA978E072167A6
:107340001307071D3387E502BA97B2971967BA97F3
:1073500023A4D7E015A8833784FC9B860700033657
:1073600084FD036744FE836544FDBA878607BA97A8
:107370008E0721671307071D3387E502BA97B29777
:107380001967BA9723A4D7E0833784FC81939B863F
:107390000700033684FD036744FE836544FDBA8716
:1073A0008607BA978E0721671307071D3387E50203
:1073B000BA97B2971967BA9723A8D7E0033784FD25
:1073C000836744FE036644FD85669386A603B30681
:1073D000D602BE968567A907B6978E07BA97033778
:1073E00004FC98E3832704FD1B870700FD57631EF9
:1073F000F712833784FD9C43D9C7833784FD9C6B88
:107400009C431B870700833784FD9C6B6D9B012782
:1074100098C3036744FDA1679387071D3307F702ED
:107420009967938707E0BA97033784FDBA97A10756
:107430003E87833784FD9C6B012798CF036744FD0B
:10744000A1679387071D3307F7029967938707E0C2
:10745000BA97033784FDBA97A10713D7070283377A
:1074600084FD9C6B012723AAE74C833784FD9C6B2A
:107470009C431B870700833784FD9C6B1367470081
:10748000012798C321AA833784FD9C679C431B87EF
:107490000700833784FD9C676D9B012798C30367B2
:1074A00044FDA1679387071D3307F7029967938708
:1074B00007E0BA97033784FDBA97A1073E860337E2
:1074C00084FD836644FDA1679387071DB387F60299
:1074D000BA972167BA9783B7871A1B07060098C324
:1074E000036744FDA1679387071D3307F702996778
:1074F000938707E0BA97033784FDBA97A10713D79C
:107500000702833784FD9C67012723AAE74C833752
:1075100084FD9C679C431B870700833784FD9C6721
:1075200013674700012798C395A8832704FD812787
:10753000B5C7833784FD9C4381CB833784FD9C6B27
:107540009C432326F4FE39A0833784FD9C679C432B
:107550002326F4FE8327C4FE918B8127A1E3833782
:1075600084FD9C4399CF833784FD9C6B9C431B8790
:107570000700833784FD9C6B13674700012798C37E
:1075800031A8833784FD9C679C431B8707008337A2
:1075900084FD9C6713674700012798C3033784FD68
:1075A000836644FDA1679387071DB387F602BA97E8
:1075B0002167BA9783A7C716812785271B870700EE
:1075C000833684FD036644FDA1679387071DB307D7
:1075D000F602B697A166B69723A6E716033784FD91
:1075E000836644FDA1679387071DB387F602BA97A8
:1075F0002167BA9783A7C7168127FD8B1B870700D2
:10760000833684FD036644FDA1679387071DB30796
:10761000F602B697A166B69723A6E716832704FD60
:107620001B870700FD576313F706033784FD836646
:1076300044FDA1679387071DB387F602BA972167B8
:10764000BA9783A707188127B1E3033784FDB707EB
:107650000200BA9783A7C77B99CF033784FD83675E
:1076600044FD91078A07BA979C4793F7F70F3E8529
:10767000EFC0CFBC21A8033784FD836744FD910789
:107680008A07BA979C473E85EFD03FD28347B4FE26
:107690003E85E2704274216182805D7186E4A2E0E1
:1076A00080082334A4FCAE87233CC4FA2338E4FAD0
:1076B0002322F4FCB6872320F4FC832704FC232A2E
:1076C000F4FC232604FE232404FE232804FC0337B1
:1076D00084FCB7070200BA9783A7C77881273E8743
:1076E000B7D7F1AA93875705631BF768033784FC64
:1076F000B7070200BA9783A7477981E78547232414
:10770000F4FE832744FD63D5070085472324F4FE58
:10771000032744FDB707008093C7F7FFF98F232A9B
:10772000F4FC033784FC836644FCA1679387071D40
:10773000B387F602BA972167BA9783A707188127FC
:10774000B1E3033784FCB7070200BA9783A7C77B6E
:1077500099CF033784FC836744FC91078A07BA9763
:107760009C4793F7F70F3E85EFC0AFC421A80337BE
:1077700084FC836744FC91078A07BA979C473E853F
:10778000EFD0BFE9833784FB91E30290832744FD68
:10779000812791E30290833784FB8D8B91C3029004
:1077A000833784FC9C4389CF833784FC9C6B2330D4
:1077B000F4FE833784FC9C6BD107233CF4FC21A8A6
:1077C000833784FC9C672330F4FE833784FC9C67FA
:1077D000D107233CF4FC033784FC836644FCA16797
:1077E0009387071DB387F602BA972167BA9783A7D5
:1077F000071681273E879307903E6310F72E0337C5
:1078000084FC836644FCA1679387071DB387F60257
:10781000BA972167BA9723AE0716833704FE9C43B5
:107820008127A18B812785E7833704FE9C4381272D
:1078300093E787001B870700833704FE98C301A8DE
:10784000832704FD8127852781272328F4FC83379C
:1078500084FD9C438127A18B8127FDF3036744FCB2
:10786000A1679387071DB307F702938707030337C1
:1078700084FCBA971B860700033784FC836644FCAC
:10788000A1679387071DB387F602BA972167BA9756
:1078900083B7071B328713671700012798C3033785
:1078A00084FC836644FCA1679387071DB387F602B7
:1078B000BA972167BA9783A707168127FD371B87D9
:1078C0000700833684FC036644FCA1679387071D89
:1078D000B307F602B697A166B69723A0E71603375B
:1078E00084FC836644FCA1679387071DB387F60277
:1078F000BA972167BA9723A20716833784FB1B87A1
:107900000700833684FC036644FCA1679387071D48
:10791000B307F602B69798DB032744FD9167FD177E
:10792000F98F81273E87A167D98F1B870700833690
:1079300084FC036644FCA1679387071DB307F60226
:10794000B697D8DB832784FE81278DCF033784FC4D
:10795000836644FCA1679387071DB387F602BA9735
:10796000DC5B81273E87C167D98F1B870700833681
:1079700084FC036644FCA1679387071DB307F602E6
:10798000B697D8DB833784FB81931B870700833648
:1079900084FC036644FCA1679387071DB307F602C6
:1079A000B69798DF033784FC836644FCA16793870E
:1079B000071DB387F602BA9723AE0702033784FC8C
:1079C000836644FCA1679387071DB387F602BA97C5
:1079D000378700C0F8C7033784FC836644FCA1677F
:1079E0009387071DB387F602BA971967BA970337CB
:1079F00004FB23B4E710036744FCA1679387071DCA
:107A0000B307F70293870703033784FCBA973E86D0
:107A1000033784FC836644FCA1679387071DB38703
:107A2000F602BA972167BA9783B7071B1B070600B0
:107A300098C3832744FC812795C3833784FC9387AD
:107A400007039B860700033784FCA167BA9783B7B7
:107A5000071B368713671700012798C3232804FCE8
:107A600001A8832704FD8127852781272328F4FC8B
:107A7000832704FD81273E87A147E314F7FE833760
:107A800004FE9C43812793E707201B870700833769
:107A900004FE98C3033784FC836644FCA167938784
:107AA000071DB387F602BA972167BA9703B7871CF9
:107AB000836744FD3E97833684FC036644FCA167DC
:107AC0009387071DB307F602B697A166B69723B44E
:107AD000E71C85472326F4FE91A4833704FE9C43CC
:107AE0008127A18B8127F5EB033784FC836644FC57
:107AF000A1679387071DB387F602BA972167BA97E4
:107B000083B7871F13871700833684FC036644FC02
:107B1000A1679387071DB307F602B697A166B697CC
:107B200023BCE71E833704FE9C43812793E787002D
:107B30001B870700833704FE98C3036744FCA167D3
:107B40009387071DB307F70293870703033784FC66
:107B5000BA973E86033784FC836644FCA16793870B
:107B6000071DB387F602BA972167BA9783B7071B39
:107B70001B07060098C3832744FC812795C38337DE
:107B800084FC938707039B860700033784FCA16767
:107B9000BA9783B7071B368713671700012798C367
:107BA000232804FC01A8832704FD8127852781273A
:107BB0002328F4FC832704FD81273E87A147E31493
:107BC000F7FE833704FE9C43812793E707201B873A
:107BD0000700833704FE98C391A8033784FC8366AB
:107BE00044FCA1679387071DB387F602BA97216704
:107BF000BA9783B7071F13871700833684FC036681
:107C000044FCA1679387071DB307F602B697A166E8
:107C1000B69723B8E71E833704FE9C43812793E77A
:107C200007201B870700833704FE98C3033784FCB3
:107C3000836644FCA1679387071DB387F602BA9752
:107C4000DC5B8127812763D60708033784FC8366C2
:107C500044FCA1679387071DB387F602BA97216793
:107C6000BA9783A7C71785271B870700833684FC2D
:107C7000036644FCA1679387071DB307F602B69716
:107C8000A166B69723AEE716033784FC836644FCEF
:107C9000A1679387071DB387F602BA972167BA9742
:107CA00083A7C7173E878D4763F5E702033784FC38
:107CB000836644FCA1679387071DB387F602BA97D2
:107CC0002167BA971307903E23A0E716F95723269A
:107CD000F4FE033784FC836644FCA1679387071D89
:107CE000B387F602BA97DC5B81273E87B707703C03
:107CF000F98F812785C7033784FC836644FCA1671D
:107D00009387071DB387F602BA972167BA971307BF
:107D1000903E23A0E716F5572326F4FE033784FC94
:107D2000836644FCA1679387071DB387F602BA9761
:107D30002167BA9783A707188127B1E3033784FC2B
:107D4000B7070200BA9783A7C77B99CF033784FC94
:107D5000836744FC91078A07BA979C4793F7F70F0C
:107D60003E85EFB0BFCD21A8033784FC836744FC78
:107D700091078A07BA979C473E85EFD00FE3832788
:107D8000C4FE3E85A660066461618280411106E4FE
:107D900022E00008814517D511001305A578EF00F2
:107DA000E04981473E85A260026441018280411121
:107DB00006E422E00008854517D5110013058576F5
:107DC000EF00C04781473E85A26002644101828086
:107DD000411106E422E00008894517D5110013057A
:107DE0006574EF00A04581473E85A26002644101B1
:107DF0008280411106E422E000088D4517D511006C
:107E000013054572EF00804381473E85A2600264FE
:107E100041018280411106E422E00008814517C536
:107E20000D001305256EEF00604181473E85A2607D
:107E3000026441018280411122E4000897D71100B9
:107E40009387476E98678567BA971307F00323A057
:107E5000E7F281473E85226441018280411106E4B8
:107E600022E00008814517E513001305A5ECEF009B
:107E7000E03C81473E85A26002644101828041115D
:107E800006E422E00008854517E51300130585EA9E
:107E9000EF00C03A81473E85A260026441018280C2
:107EA000411106E422E00008894517E51300130597
:107EB00065E8EF00A03881473E85A2600264410179
:107EC0008280411106E422E000088D4517E5130089
:107ED000130545E6EF00803681473E85A2600264C7
:107EE00041018280411106E422E00008814517D556
:107EF0000F00130525E2EF00603481473E85A26044
:107F0000026441018280411122E4000897E71300D6
:107F1000938747E298678567BA971307F00323A012
:107F2000E7F281473E85226441018280411122E4CB
:107F3000000897D711009387E75E98678567BA971F
:107F40001307F00323A0E7F20100226441018280BD
:107F5000411106E422E00008814517C50D00130514
:107F6000655AEF00A02D0100A260026441018280E9
:107F7000411106E422E000088D4517D511001305D4
:107F8000655AEF00A02B0100A260026441018280CB
:107F9000411106E422E00008894517D511001305B8
:107FA0006558EF00A0290100A260026441018280AF
:107FB000411106E422E00008854517D5110013059C
:107FC0006556EF00A0270100A26002644101828093
:107FD000411106E422E00008814517D51100130580
:107FE0006554EF00A0250100A26002644101828077
:107FF000411122E4000897D711009387A752986790
:108000008567BA971307F00323A0E7F20100226403
:1080100041018280411106E422E00008814517C534
:108020000D001305254EEF0060210100A2600264DF
:1080300041018280411106E422E000088D4517D5F8
:1080400011001305254EEF00601F0100A2600264BD
:1080500041018280411106E422E00008894517D5DC
:1080600011001305254CEF00601D0100A2600264A1
:1080700041018280411106E422E00008854517D5C0
:1080800011001305254AEF00601B0100A260026485
:1080900041018280411106E422E00008814517D5A4
:1080A000110013052548EF0060190100A260026469
:1080B00041018280411122E4000897E71300938771
:1080C00067C798678567BA971307F00323A0E7F29D
:1080D0000100226441018280411106E422E000088F
:1080E000814517D50F001305E5C2EF0020150100EB
:1080F000A260026441018280411106E422E000088E
:108100008D4517E513001305E5C2EF0020130100AC
:10811000A260026441018280411106E422E000086D
:10812000894517E513001305E5C0EF002011010094
:10813000A260026441018280411106E422E000084D
:10814000854517E513001305E5BEEF00200F01007C
:10815000A260026441018280411106E422E000082D
:10816000814517E513001305E5BCEF00200D010064
:10817000A260026441018280411122E4000897E775
:108180001300938727BB98678567BA971307F00397
:1081900023A0E7F20100226441018280411106E43C
:1081A00022E00008814517D50F001305A5B6EF00A2
:1081B000E0080100A260026441018280411106E4EE
:1081C00022E000088D4517E513001305A5B6EF0062
:1081D000E0060100A260026441018280411106E4D0
:1081E00022E00008894517E513001305A5B4EF0048
:1081F000E0040100A260026441018280411106E4B2
:1082000022E00008854517E513001305A5B2EF002D
:10821000E0020100A260026441018280411106E493
:1082200022E00008814517E513001305A5B0EF0013
:10823000E0000100A2600264410182805D7186E479
:10824000A2E08008233CA4FA2338B4FA033704FBE5
:10825000A1679387071DB307F702938707030337C7
:1082600084FBBA97233CF4FC033784FDA167BA97DB
:10827000054723A8E714033784FDA167BA9783B79E
:1082800087152338F4FC833704FD9C43812723267C
:10829000F4FC833784FB9C4399CF833784FB9C6B2E
:1082A000938707022334F4FE833784FB9C6BD1074A
:1082B0002330F4FE31A8833784FB9C679387070241
:1082C0002334F4FE833784FB9C67D1072330F4FE0C
:1082D0008327C4FC8127898B81278DC7833784FE40
:1082E000094798C3833704FD094798C3833504FBC6
:1082F000033584FBEF00803A033784FDA167BA970A
:1083000023A407148327C4FC812793F70708812738
:108310008DCB833704FE9C43812793F70702812787
:108320008DC3833704FE1307000298C3833704FD0F
:108330001307000898C3833504FB033584FBEF0063
:1083400040568327C4FC812793F7D7F781276382A0
:1083500007288327C4FC812793F707408127B9C7E3
:10836000833784FE114798C3833704FD1307004009
:1083700098C3033784FDA167BA9783A7871485271D
:108380001B870700833684FDA167B69723A4E714F3
:10839000033784FDA167BA9783B7071A13871700BD
:1083A000833684FDA167B69723B0E71A8327C4FC00
:1083B0008127918B8127A1CF833784FE054798C3FE
:1083C000833704FD114798C3833504FB033584FBD1
:1083D000EF00C02C033784FDA167BA9783B7071A53
:1083E00013871700833684FDA167B69723B0E71A79
:1083F000033784FDA167BA9783A7871485271B8756
:108400000700833684FDA167B69723A4E71483276A
:10841000C4FC81273E87856793870780F98F812772
:10842000ADCF833784FE214798C3833704FE1307FB
:10843000001098C3833704FD05671307078098C3AE
:10844000833784FB9C4399CF833784FB9C6B9C438D
:108450001B870700833784FB9C6B1367470001274A
:1084600098C331A8833784FB9C679C431B87070014
:10847000833784FB9C6713674700012798C3033742
:1084800084FDA167BA9783B7871A138717008336CD
:1084900084FDA167B69723B4E71A8327C4FC81271C
:1084A0003E879167F98F81278DC7833704FD116758
:1084B00098C3033784FBB7070200BA9783B70777DF
:1084C00013871700833684FBB7070200B69723B8DB
:1084D000E7768327C4FC81273E878967F98F812748
:1084E0008DC7833704FD096798C3033784FBB7073B
:1084F0000200BA9783B7077813871700833684FB87
:10850000B7070200B69723B0E7788327C4FC81271A
:108510003E878567F98F81278DC7833704FD0567FF
:1085200098C3033784FBB7070200BA9783B78777EE
:1085300013871700833684FBB7070200B69723BC66
:10854000E7768327C4FC81273E87E17793879737B7
:10855000F98F81272326F4FC8327C4FC8127B5CB20
:108560008327C4FC812793F707048127B1C783378A
:1085700004FD1307000498C3833704FE414798C3E2
:10858000833784FE1307000498C3033784FDA16773
:10859000BA9783B7871B13871700833684FDA167BB
:1085A000B69723BCE71A033784FDA167BA97130770
:1085B000903E23A8E71231A885472330F4FC0290AF
:1085C00031A0833704FC85072330F4FC833704FC97
:1085D000EDFB033784FDA167BA9723A807140100B8
:1085E000A660066461618280797122F400182334E8
:1085F000A4FEAE87233CC4FC2322F4FE033784FE92
:10860000B7070200BA9783A7C77881273E87B7D7F5
:10861000F1AA938757056312F702033784FE836636
:1086200044FEA1679387071DB387F602BA972167B7
:10863000BA97033784FD23B8E7140100227445611B
:108640008280797122F400182334A4FEAE87233C83
:10865000C4FC2322F4FE033784FEB7070200BA9756
:1086600083A7C77881273E87B7D7F1AA9387570595
:108670006312F702033784FE836644FEA167938783
:10868000071DB387F602BA972167BA97033784FDAF
:1086900023BCE71401002274456182805D7186E489
:1086A000A2E08008233CA4FA2338B4FA033704FB81
:1086B000A1679387071DB307F70293870703033763
:1086C00084FBBA97233CF4FC033784FDA167BA9777
:1086D00083A707148127139707020193BA87860798
:1086E000BA978E071967130707DDBA97033784FD1A
:1086F000BA97A1072334F4FE930700022330F4FE57
:10870000833784FE9C43858B81276382071603375A
:1087100084FDA167BA9783A78713812785271B87C5
:108720000700833684FDA167B69723ACE712833731
:1087300084FE9C4313970702019385478217E11734
:10874000F98F2338F4FC833784FE9C47821781938A
:108750008217033704FDD98F2338F4FC833704FDD7
:108760002334F4FC833784FEDC4381273E87916702
:10877000FD17F98F2322F4FC033784FDA167BA9714
:1087800003B70719836744FC3E97833684FDA167CE
:10879000B69723B8E718033784FDA167BA9703B8E3
:1087A0008712833704FB9B850700033784FDA1678D
:1087B000BA9783A707148127033784FD939607028E
:1087C000819285679107B6978E07BA979C63832637
:1087D00044FC033784FE033684FC033584FB029893
:1087E000033784FDA167BA9783A7071481278527DC
:1087F0001B870700833684FDA167B69723A0E71483
:10880000033784FDA167BA9783A707148127FD8BDF
:108810001B870700833684FDA167B69723A0E71462
:10882000033784FDA167BA9783A70714812713979D
:1088300007020193BA878607BA978E07196713074D
:1088400007DDBA97033784FDBA97A1072334F4FEF6
:10885000833704FEFD172330F4FE833784FE9C43E8
:10886000858B812789C7833704FEE39207EA833724
:1088700084FB9C679C438127918B812791EF8337F1
:1088800084FB9C679C431B870700833784FB9C67A2
:1088900013674700012798C30100A6600664616161
:1088A0008280397106FC22F880002334A4FC233036
:1088B000B4FC033704FCA1679387071DB307F702D5
:1088C00093870703033784FCBA97233CF4FC0337F0
:1088D00084FDA167BA9783A74713812713970702DF
:1088E0000193BA878607BA978E07033784FDBA9734
:1088F0002334F4FE232204FED5A8033784FDA167A8
:10890000BA9783A7071381273E879307903E631585
:10891000F702833784FD9B860700033784FDA16738
:10892000BA9783B70718368713671700012798C3CC
:1089300085472322F4FE5DA8833784FEDC4381272C
:10894000812763D2070A033784FDA167BA9783B7EB
:108950000712A1C7033784FDA167BA9703B80712AE
:10896000833704FC9B850700033784FDA167BA9712
:1089700083A747138127033784FD939607028192CB
:1089800085679387A7C1B6978E07BA979C67BE86FF
:10899000033684FE033584FC0298033784FDA16707
:1089A000BA9783A70713812785271B87070083367C
:1089B00084FDA167B69723A8E712833784FEE107F9
:1089C0002334F4FE033784FDA167BA9783A74713C6
:1089D000812785271B870700833684FDA167B6970B
:1089E00023AAE71221A085472322F4FE832744FE11
:1089F000812781D70100E270427421618280797100
:108A000022F40018233CA4FC232404FE01A2232604
:108A100004FE41A0833684FD0367C4FE032684FE62
:108A2000BA878607BA978E0721671307071D330792
:108A3000E602BA97B69723A80702833684FD036738
:108A4000C4FE032684FEBA878607BA978E0721677D
:108A50001307071D3307E602BA97B69723AC070240
:108A6000833684FD0367C4FE032684FEBA87860727
:108A7000BA978E0721671307071D3307E602BA97D7
:108A8000B69737070080D8DB8327C4FE85272326C7
:108A9000F4FE8327C4FE1B8707009307803EE3FB99
:108AA000E7F68327C4FEFD372326F4FE833684FDD4
:108AB0000367C4FE032684FEBA878607BA978E072B
:108AC00021671307071D3307E602BA97B697DC5BE9
:108AD00081273E87B7070040D98F9B860700033662
:108AE00084FD0367C4FE832584FEBA878607BA9790
:108AF0008E0721671307071D3387E502BA97B297E0
:108B0000D4DB832784FE85272324F4FE832784FE79
:108B10001B8707008D47E3DCE7EE01002274456107
:108B20008280797122F40018233CA4FC232404FEE3
:108B300039A2232604FE69A0833684FD0367C4FEA0
:108B4000032684FEBA878607BA978E072167130724
:108B5000071D3307E602BA97B6971967BA9723A499
:108B600007E0833684FD0367C4FE032684FEBA87CC
:108B70008607BA978E0721671307071D3307E6029A
:108B8000BA97B6971967BA9723A807E0833684FD8A
:108B90000367C4FE032684FEBA878607BA978E074A
:108BA00021671307071D3307E602BA97B6971967BF
:108BB000BA9723A607E08327C4FE85272326F4FE61
:108BC0008327C4FE1B870700FD47E3F7E7F68327EB
:108BD000C4FEFD372326F4FE833684FD0367C4FEFE
:108BE000032684FEBA878607BA978E072167130784
:108BF000071D3307E602BA97B6971967BA9783A796
:108C000087E093E727009B860700033684FD036710
:108C1000C4FE832584FEBA878607BA978E0721672C
:108C20001307071D3387E502BA97B2971967BA97FA
:108C300023A4D7E0832784FE85272324F4FE8327FB
:108C400084FE1B8707008D47E3D5E7EE0100227401
:108C500045618280797106F422F00018233CA4FC5F
:108C60002338B4FC833704FD91E30290833704FD7D
:108C70006387071A833784FD6383071A033784FDEC
:108C8000B70702009387077CBA971946833504FD1E
:108C90003E85EFF0E14D833704FD8D0783C7070064
:108CA00081279B9787012326F4FE833704FD8907DC
:108CB00083C7070081279B9707011B87070083272E
:108CC000C4FED98F2326F4FE833704FD850783C7AE
:108CD000070081279B9787001B8707008327C4FE17
:108CE000D98F2326F4FE833704FD83C707001B8733
:108CF00007008327C4FED98F2326F4FE833704FDA3
:108D0000950783C7070081279B9787002324F4FEDC
:108D1000833704FD910783C707001B87070083275C
:108D200084FED98F2324F4FE833784FD9C43ADCF8A
:108D3000833784FD9C6B0327C4FE23A4E708833795
:108D400084FD9C6B032784FE23A6E708033784FD7C
:108D5000B7070200BA9783A7C77881273E87B7D79E
:108D6000F1AA93875705630CF70A833784FD9C6B40
:108D700023AA0708833784FD9C6B23A80708833741
:108D800084FD9C6B23AE0708833784FD9C6B23AC6A
:108D90000708833784FD9C6B23A2070A833784FD71
:108DA0009C6B23A0070AA5A8833784FD9C67032733
:108DB000C4FE23A4E708833784FD9C67032784FE51
:108DC00023A6E708033784FDB7070200BA9783A7F5
:108DD000C77881273E87B7D7F1AA938757056300E5
:108DE000F704833784FD9C6723AA0708833784FD33
:108DF0009C6723A80708833784FD9C6723AE070878
:108E0000833784FD9C6723AC0708833784FD9C6708
:108E100023A2070A833784FD9C6723A0070A010069
:108E2000A270027445618280011122EC001023348B
:108E3000A4FE033784FEB7070200BA9783A7877999
:108E40003E87A147631CF700833784FE9C4399E764
:108E5000833784FE9C67256723A0E720033784FEC1
:108E6000B7070200BA9783A787793E879147631CAB
:108E7000F700833784FE9C4399E7833784FE9C6721
:108E8000256723A0E7200100626405618280797173
:108E900006F422F00018233CA4FCE1679387076ADC
:108EA0002320F4FE033784FDB7070200BA9783B688
:108EB000877F130794FE930744FE3A86BE850335E9
:108EC00084FD8296AA87A307F4FE8347F4FE13F776
:108ED000F70F85476316F70A033784FDB7070200CB
:108EE000BA9783A787793E879147631BF708833733
:108EF00084FD9C6783A7072081272316F4FE035770
:108F0000C4FE8567D98F2316F4FE833784FD9C67E2
:108F10000357C4FE012723A0E7208357C4FE93E72D
:108F200007202316F4FE833784FD9C670357C4FE95
:108F3000012723A0E720833784FD9C6783A7472070
:108F400081272316F4FE8357C4FE93F707022315E7
:108F5000F4FE832704FE8127FD3781272320F4FEBA
:108F60008357A4FE812789E7832704FE8127E1F741
:108F70008357C4FE1B870700C167FD17E30DF7FA8F
:108F80000100A270027445618280011106EC22E8A2
:108F900000102334A4FE2330B4FEB717020013865A
:108FA00007818145033584FEEFF04120833704FEBD
:108FB00003A7070B833684FEB7070200B69723ACDE
:108FC000E77A833704FE03A7470B833684FEB7078F
:108FD0000200B69723AEE77A033784FE97C71100E5
:108FE000938747546313F712833704FE83A7070B55
:108FF0009DEB833784FE3707112098E7833784FE83
:109000003717112098EBB727002083A707081B8785
:109010000700B7270020BA8641777D17758F012793
:1090200023A0E7080DA8833784FE3707112898E7A7
:10903000833784FE3717112898EBB727002083A7C2
:1090400007081B870700B7270020BA864167558F9E
:10905000012723A0E708033784FEB7070200BA9769
:1090600083A7C77BB1CB13050004EFC00FDB13054B
:109070001004EFC08FDA13052004EFC00FDA1305D8
:109080003004EFC08FD913055004EFC00FD98337D8
:1090900084FE214798CF833784FE1D47D8CF83377E
:1090A00084FE194798D3833784FE1547D8D3833776
:1090B00084FE0D4798D759AE2145EFA09FAF1D45BF
:1090C000EFA03FAF1945EFA0DFAE1545EFA07FAE93
:1090D0000D45EFA01FAE833784FE1307000498CF21
:1090E000833784FE13071004D8CF833784FE130719
:1090F000200498D3833784FE13073004D8D38337F2
:1091000084FE1307500498D791A6033784FE97D79F
:109110001300938727C26314F712833704FE83A7D3
:10912000070B9DEB833784FE3727112098E78337A1
:1091300084FE3737112098EBB727002083A7070854
:109140001B870700B7270020BA8601777D17758F28
:10915000012723A0E70815A8833784FE37271128A5
:1091600098E7833784FE3737112898EBB72700201C
:1091700083A707081B870700B7270020BA86370791
:109180000200558F012723A0E708033784FEB707A5
:109190000200BA9783A7C77BB1CB13056004EFC069
:1091A000CFC713057004EFC04FC713058004EFC08D
:1091B000CFC613059004EFC04FC61305B004EFC02F
:1091C000CFC5833784FE214798CF833784FE1D4760
:1091D000D8CF833784FE194798D3833784FE154749
:1091E000D8D3833784FE0D4798D78DA42145EFA0AF
:1091F0005F9C1D45EFA0FF9B1945EFA09F9B154568
:10920000EFA03F9B0D45EFA0DF9A833784FE130745
:10921000600498CF833784FE13077004D8CF833758
:1092200084FE1307800498D3833784FE13079004C9
:10923000D8D3833784FE1307B00498D701AC033723
:1092400084FE97B70D009387E72B6310F7108337E1
:1092500084FE054798C397C711009387A72C9C6786
:1092600091CF17C711001307E72BB7070200BA9772
:1092700003A7877B833704FE23A8E70A833704FE0E
:1092800083A7070B9DEB833784FE3707112098E7F0
:10929000833784FE3717112098EBB727002083A768
:1092A00007081B870700B7270020BA8641777D177C
:1092B000758F012723A0E70819A8833784FE370795
:1092C000112898E7833784FE3717112898EB033766
:1092D00084FEB7070200BA9783A7C77B95CF130513
:1092E0004004EFC08FB3833784FE114798CF833794
:1092F00084FE1307F007D8CF833784FE1307F007E7
:1093000098D3833784FE1307F007D8D3833784FEBE
:109310001307F00798D71DAA1145EFA09F8983373F
:1093200084FE1307400498CF833784FE23AE0700E2
:10933000833784FE23A00702833784FE23A207021B
:10934000833784FE23A4070211A2033784FE97C744
:109350000F009387279C631BF70E833784FE054716
:1093600098C3833704FE83A7070B9DEB833784FEE6
:109370003727112098E7833784FE3737112098EB81
:10938000B727002083A707081B870700B7270020FF
:10939000BA8601777D17758F012723A0E70815A8E6
:1093A000833784FE3727112898E7833784FE3737C1
:1093B000112898EBB727002083A707081B87070011
:1093C000B7270020BA8637070200558F012723A050
:1093D000E708033784FEB7070200BA9783A7C77B65
:1093E00095CF1305A004EFC04FA3833784FE114728
:1093F00098CF833784FE1307F007D8CF833784FED6
:109400001307F00798D3833784FE1307F007D8D3E8
:10941000833784FE1307F00798D70DA81145EFA0F6
:109420004FF9833784FE1307A00498CF833784FE57
:1094300023AE0700833784FE23A00702833784FE10
:1094400023A20702833784FE23A40702833784FE06
:109450009C43639E0726833784FE9C6713874702DD
:10946000833684FEA167B69723B4E718833784FE5A
:109470009C6713870740833684FEC167B69723BC79
:10948000E734833784FE9C6713874740833684FE26
:10949000E167B69723B4E752833784FE9C6713874E
:1094A0008740833684FEB7070200B69723BCE76E79
:1094B000833784FE9C6713870703833684FEA16786
:1094C000B69723B8E718833784FE9C671387076431
:1094D000833684FEC167B69723B0E736833784FEB0
:1094E0009C6713874764833684FEE167B69723B889
:1094F000E752833784FE9C6713878764833684FE34
:10950000B7070200B69723B0E770833784FE9C67E5
:1095100013878702833684FEA167B69723BCE718BA
:10952000833784FE9C6713870760833684FEC16798
:10953000B69723B4E736833784FE9C67138747606A
:10954000833684FEE167B69723BCE752833784FEF7
:109550009C6713878760833684FEB7070200B6973F
:1095600023B4E770833784FE9C671387C702833672
:1095700084FEA167B69723B0E71A833784FE9C6701
:1095800013870762833684FEC167B69723B8E73630
:10959000833784FE9C6713874762833684FEE167C6
:1095A000B69723B0E754833784FE9C67138787629E
:1095B000833684FEB7070200B69723B8E770833777
:1095C00084FE9C6713878701833684FEA167B69764
:1095D00023B4E71A833784FE9C67138707488336D2
:1095E00084FEC167B69723BCE736833784FE9C6749
:1095F00013874748833684FEE167B69723B4E75460
:10960000833784FE9C6713878748833684FEB707B9
:109610000200B69723BCE770833784FE9C671387EC
:10962000C701833684FEA167B69723B8E71A83374C
:1096300084FE9C6713870744833684FEC167B69710
:1096400023B0E738833784FE9C671387474483360B
:1096500084FEE167B69723B8E754833784FE9C679E
:1096600013878744833684FEB7070200B69723B07A
:10967000E772833784FE9C671387074A833684FE2C
:10968000A167B69723BCE71A833784FE9C671387CC
:10969000074A833684FEC167B69723B4E738833719
:1096A00084FE9C671387474A833684FEE167B6973A
:1096B00023BCE754833784FE9C671387874A83362D
:1096C00084FEB7070200B69723B4E772A5AC8337D0
:1096D00084FE9C6B13874702833684FEA167B6978E
:1096E00023B4E718833784FE9C6B138747028336C5
:1096F00084FEC167B69723BCE734833784FE9C6B36
:1097000013874702833684FEE167B69723B4E75296
:10971000833784FE9C6B13874702833684FEB7072A
:109720000200B69723BCE76E833784FE9C6B1387D9
:109730000703833684FEA167B69723B8E7188337FB
:1097400084FE9C6B13870703833684FEC167B6973C
:1097500023B0E736833784FE9C6B13870703833679
:1097600084FEE167B69723B8E752833784FE9C6B8B
:1097700013870703833684FEB7070200B69723B02A
:10978000E770833784FE9C6B13878702833684FEE1
:10979000A167B69723BCE718833784FE9C6B1387B9
:1097A0008702833684FEC167B69723B4E7368337D2
:1097B00084FE9C6B13878702833684FEE167B6972D
:1097C00023BCE752833784FE9C6B13878702833662
:1097D00084FEB7070200B69723B4E770833784FE90
:1097E0009C6B1387C702833684FEA167B69723B0AC
:1097F000E71A833784FE9C6B1387C702833684FE87
:10980000C167B69723B8E736833784FE9C6B13870E
:10981000C702833684FEE167B69723B0E7548337E7
:1098200084FE9C6B1387C702833684FEB707020051
:10983000B69723B8E770833784FE9C6B1387870144
:10984000833684FEA167B69723B4E71A833784FE74
:109850009C6B13878701833684FEC167B69723BC50
:10986000E736833784FE9C6B13878701833684FE3B
:10987000E167B69723B4E754833784FE9C6B138764
:109880008701833684FEB7070200B69723BCE770D2
:10989000833784FE9C6B1387C701833684FEA167E0
:1098A000B69723B8E71A833784FE9C6B1387C701EA
:1098B000833684FEC167B69723B0E738833784FECA
:1098C0009C6B1387C701833684FEE167B69723B884
:1098D000E754833784FE9C6B1387C701833684FE6D
:1098E000B7070200B69723B0E772833784FE9C6700
:1098F0001387074A833684FEA167B69723BCE71A0D
:10990000833784FE9C671387074A833684FEC167CA
:10991000B69723B4E738833784FE9C671387474A9A
:10992000833684FEE167B69723BCE754833784FE11
:109930009C671387874A833684FEB7070200B69771
:1099400023B4E7720100E260426405618280011184
:1099500022EC00102334A4FEAE87A303F4FE010022
:10996000626405618280011122EC00102334A4FEA0
:10997000AE8732872322F4FEBA872320F4FE01004B
:10998000626405618280011122EC00102334A4FE80
:109990000100626405618280011122EC0010233411
:1099A000A4FE0100626405618280397122FC80009E
:1099B000233CA4FC2338B4FC2334C4FC8547A30710
:1099C000F4FE833784FC05472380E700833704FDDA
:1099D000094798C38347F4FE3E8562742161828003
:1099E000011122EC00102334A4FEAE87328723132A
:1099F000F4FEBA872312F4FE81473E856264056156
:109A00008280011122EC00102334A4FEAE87368739
:109A10002313F4FEB2872312F4FEBA872311F4FE57
:109A200001006264056182805D7186E4A2E026FC2B
:109A30008008233CA4FA232E04FCB9A8EFA06F9E53
:109A4000AA872330F4FC033784FBB7070200BA97D8
:109A500083A7077A93F7F70F0327C4FD1377F70F50
:109A60003A86BE85033584FBEFD00FCBAA87BE862E
:109A700017D71500130707D78327C4FD8607BA97A2
:109A80002390D700833704FC3E85EFA02F9C8327CB
:109A9000C4FD8527232EF4FC8327C4FD1B87070004
:109AA000FD47E3DDE7F8C147232EF4FCC9A8EFA08A
:109AB0004F97AA872330F4FC033784FBB7070200D3
:109AC000BA9783A7077A93F7F70F7D46BE850335CC
:109AD00084FBEFD06FC4AA872317F4FC033784FB01
:109AE000B7070200BA9783A7077A13F7F70F8567BE
:109AF000938637A47D46BA85033584FBEFD0AFAE9D
:109B0000033784FBB7070200BA9783A7077A13F7D6
:109B1000F70F8327C4FD93F6F70F8327C4FDC137E2
:109B20009B8407003686BA85033584FBEFD0CFBE11
:109B3000AA87BE8617D715001307C7B493971400DA
:109B4000BA972390D700033784FBB7070200BA9770
:109B500083A7077A93F7F70F0357E4FCBA867D468D
:109B6000BE85033584FBEFD00FA8833704FC3E8508
:109B7000EFA0CF8D8327C4FD8527232EF4FC8327F8
:109B8000C4FD1B870700FD47E3D3E7F2EFA06F8911
:109B9000AA872330F4FC033784FBB7070200BA9787
:109BA00083A7077A93F7F70F3546BE85033584FB05
:109BB000EFD08FB6AA872316F4FC033784FBB707D0
:109BC0000200BA9783A7077A13F7F70F9757020097
:109BD000938747FA83D70700BE863546BA85033593
:109BE00084FBEFD04FA0033784FBB7070200BA977E
:109BF00083A7077A93F7F70F3946BE85033584FBB1
:109C0000EFD08FB1AA872315F4FC833704FC3E857F
:109C1000EFA0CF83232E04FC09A2EFA08F80AA8798
:109C20002330F4FC033784FBB7070200BA9783A7FD
:109C3000077A93F5F70F175702001307A7F3832747
:109C4000C4FD8607BA9783D70700BE86354603351D
:109C500084FBEFD04F99033784FBB7070200BA9714
:109C600083A7077A93F5F70F8327C4FD85278127FC
:109C700017570200130707F08607BA9783D7070024
:109C8000BE863946033584FBEFD0EF95033784FB5E
:109C9000B7070200BA9783A7077A93F5F70F17570C
:109CA0000200130727ED8327C4FD8607BA9703D761
:109CB00007009167D98FC217C193BE863546033519
:109CC00084FBEFD04F92033784FBB7070200BA97AB
:109CD00083A7077A13F7F70F8327C4FD9BD7174095
:109CE0009B8407003946BA85033584FBEFD0CFA2A9
:109CF000AA87BE8617D715001307C7B2939714001B
:109D0000BA972390D700833704FC3E85EF901FF469
:109D10008327C4FD8927232EF4FC1757020013075D
:109D200067E58327C4FD8607BA9783D707001B879B
:109D30000700C167FD17E312F7EEEF909FEEAA87C9
:109D40002330F4FC033784FBB7070200BA9783A7DC
:109D5000077A13F7F70F975702009387A7E183D786
:109D60000700BE863546BA85033584FBEFD0AF8742
:109D7000033784FBB7070200BA9783A7077A93F7E4
:109D8000F70F0357A4FCBA863946BE85033584FB1A
:109D9000EFD06F85033784FBB7070200BA9783A71C
:109DA000077A93F7F70F0357C4FCBA863546BE858A
:109DB000033584FBEFD02F83833704FC3E85EF907F
:109DC000FFE8232E04FCA9A0033784FBB707020099
:109DD000BA9783A7477A93F7F70F0327C4FD137742
:109DE000F70F3A86BE85033584FBEFD0EF92AA8742
:109DF000BE8617D715001307E7A38327C4FD860780
:109E0000BA972390D7008327C4FD8527232EF4FC1F
:109E10008327C4FD1B870700C147E3D7E7FAB707CD
:109E200011202338F4FC232E04FC3DA0833704FDCD
:109E3000984397D615009386E6868327C4FD8A0744
:109E4000B69798C3833704FD91072338F4FC832722
:109E5000C4FD8527232EF4FC8327C4FD1B87070040
:109E6000C947E3D5E7FCB707000C2338F4FC232EE1
:109E700004FC3DA0833704FD984397C615009386E4
:109E8000666C8327C4FD8A07B69798C3833704FDA1
:109E900091072338F4FC8327C4FD8527232EF4FC87
:109EA0008327C4FD1B8707009D47E3D5E7FC01001E
:109EB000A6600664E27461618280397106FC22F852
:109EC00080002334A4FC232604FEB9A8EF907FD59C
:109ED000AA872338F4FC033784FCB7070200BA973B
:109EE00083A7077A93F7F70F0327C4FE1377F70FBB
:109EF0003A86BE85033584FCEFD00F82AA87BE86E2
:109F000017D71500130787C38327C4FE8607BA97A0
:109F10002390D700833704FD3E85EF903FD38327FE
:109F2000C4FE85272326F4FE8327C4FE1B87070073
:109F3000FD47E3DDE7F8EF90DFCEAA872338F4FC96
:109F4000033784FCB7070200BA9783A7077A93F711
:109F5000F70F3546BE85033584FCEFC0FFFBAA87AB
:109F6000231FF4FC033784FCB7070200BA9783A7CA
:109F7000077A93F7F70FFD463546BE85033584FC17
:109F8000EFC07FE6033784FCB7070200BA9783A7C8
:109F9000077A93F7F70F3946BE85033584FCEFC087
:109FA000BFF7AA87231EF4FC833704FD3E85EF909C
:109FB000FFC9232604FEF1A0EF90BFC6AA8723386D
:109FC000F4FC033784FCB7070200BA9783A7077A2B
:109FD00093F7F70FFD463546BE85033584FCEFC089
:109FE0009FE0033784FCB7070200BA9783A7077A7C
:109FF00093F5F70F175702001307C7B98327C4FE5D
:10A000008607BA9783D70700BE863946033584FC96
:10A01000EFC07FDD033784FCB7070200BA9783A740
:10A02000077A13F7F70F91679386F7013546BA85DC
:10A03000033584FCEFC03FDB033784FCB707020025
:10A04000BA9783A7077A93F7F70F3946BE8503358A
:10A0500084FCEFC07FECAA87BE8617D715001307D4
:10A0600067968327C4FE8607BA972390D700833765
:10A0700004FD3E85EF909FBD8327C4FE85272326E0
:10A08000F4FE175702001307E7B08327C4FE8607C4
:10A09000BA9783D707001B870700C167FD17E31D29
:10A0A000F7F0EF901FB8AA872338F4FC033784FC3D
:10A0B000B7070200BA9783A7077A93F7F70FFD4611
:10A0C0003546BE85033584FCEFC0FFD1033784FCE1
:10A0D000B7070200BA9783A7077A93F7F70F0357DA
:10A0E000C4FDBA863946BE85033584FCEFC0BFCFB8
:10A0F000033784FCB7070200BA9783A7077A93F760
:10A10000F70F0357E4FDBA863546BE85033584FC58
:10A11000EFC07FCD833704FD3E85EF903FB323260C
:10A1200004FEA9A0033784FCB7070200BA9783A7EF
:10A13000477A93F7F70F0327C4FE1377F70F3A8692
:10A14000BE85033584FCEFC03FDDAA87BE8617D7E6
:10A1500015001307A7848327C4FE8607BA972390A8
:10A16000D7008327C4FE85272326F4FE8327C4FE59
:10A170001B870700C147E3D7E7FAB7071120233051
:10A18000F4FE232604FE3DA0833704FE984397C6C1
:10A1900015009386A66C8327C4FE8A07B69798C3DA
:10A1A000833704FE91072330F4FE8327C4FE8527FE
:10A1B0002326F4FE8327C4FE1B870700C947E3D587
:10A1C000E7FCB707000C2330F4FE232604FE3DA075
:10A1D000833704FE984397D61500938626828327FB
:10A1E000C4FE8A07B69798C3833704FE91072330CD
:10A1F000F4FE8327C4FE85272326F4FE8327C4FEAE
:10A200001B8707009D47E3D5E7FC0100E27042741D
:10A2100021618280797106F422F00018233CA4FCAD
:10A22000033784FDB7070200BA9783A7077A93F72D
:10A23000C70F2326F4FE8327C4FE93F7F70F892761
:10A2400013F7F70F8D67938607A37D46BA8503350D
:10A2500084FDEFC05FB98327C4FE93F7F70F89270A
:10A2600093F7F70F930620212146BE85033584FD21
:10A27000EFC07FB78327C4FE93F7F70F892713F743
:10A28000F70F95679386572B7D46BA85033584FD76
:10A29000EFC07FB58327C4FE93F7F70F892793F7A5
:10A2A000F70FBD460946BE85033584FDEFC0BFB339
:10A2B0008327C4FE93F7F70F892713F7F70F9167EA
:10A2C0009386A7720546BA85033584FDEFC0BFB1FA
:10A2D0008327C4FE93F7F70F892713F7F70FA567B6
:10A2E000938647FA0146BA85033584FDEFC0BFAFB8
:10A2F0008327C4FE93F7F70F892713F7F70F8D67AE
:10A30000938607A37D46BA85033584FDEFC0BFADB4
:10A310008327C4FE93F7F70F892793F7F70FC946F2
:10A320002146BE85033584FDEFC0FFAB8327C4FE05
:10A3300093F7F70F892793F7F70F81467D46BE8580
:10A34000033584FDEFC03FAA0100A270027445618D
:10A350008280397106FC22F880002334A4FCAE8789
:10A36000A303F4FC833784FC2330F4FEE167938776
:10A37000076A232CF4FC834774FC81467D46BE8526
:10A38000033504FEEFC03FA6034774FCAD67938618
:10A3900027A25D46BA85033504FEEFC0DFA48347DC
:10A3A00074FC0146BE85033504FEEFC0FFB6AA87E4
:10A3B0002317F4FE0357E4FEE177D98F2317F4FE49
:10A3C0000357E4FE834774FCBA860146BE85033515
:10A3D00004FEEFC05FA1033704FEB7070200BA977F
:10A3E00083A7877A858B812791CBB7170300938545
:10A3F00007D4033504FEEFC00FBF31A091450335EC
:10A4000004FEEFC04FBE033704FEB7070200BA9741
:10A4100083B7077B033784FC630AF700033704FE26
:10A42000B7070200BA9783B7077B89E7033504FEB5
:10A43000EFF05FDE834774FC81467D46BE850335C1
:10A4400004FEEFC05F9A834774FCE5464946BE852B
:10A45000033504FEEFC03F99034774FC8D67938674
:10A4600007205946BA85033504FEEFC0DF9703473E
:10A4700074FCAD67938637A25D46BA85033504FE4A
:10A48000EFC07F96034774FCB96793860724614643
:10A49000BA85033504FEEFC01F95034774FCAD6712
:10A4A000938607E96D46BA85033504FEEFC0BF9376
:10A4B000034774FCB967938607246146BA85033560
:10A4C00004FEEFC05F92834774FC85467D46BE85DF
:10A4D000033504FEEFC03F91834774FC89464D4627
:10A4E000BE85033504FEEFC01F90034774FC8567EB
:10A4F000938657045146BA85033504FEEFC0BF8EDC
:10A50000034774FC8967938607805146BA850335F3
:10A5100004FEEFC05F8D034774FC99679386078044
:10A520005D46BA85033504FEEFC0FF8B834774FC9C
:10A5300081467D46BE85033504FEEFC0DF8A0337C2
:10A5400004FEB7070200BA9783A7877C89EF034709
:10A5500074FC8567938607140146BA85033504FEAB
:10A56000EFC07F88E9A8231704FE033704FEB7076E
:10A570000200BA9783A7877C3E8789476308F70262
:10A58000033704FEB7070200BA9783A7877C3E878C
:10A590009147630DF700033704FEB7070200BA972F
:10A5A00083A7877C3E8799476318F7008357E4FEAB
:10A5B00093E707102317F4FE033704FEB7070200E2
:10A5C000BA9783A7877C3E879147630DF7000337CF
:10A5D00004FEB7070200BA9783A7877C3E878D47A2
:10A5E0006318F7000357E4FE8967D98F2317F4FE39
:10A5F000033704FEB7070200BA9783A7877C3E871C
:10A600009947630DF700033704FEB7070200BA97B6
:10A6100083A7877C3E8795476318F7008357E4FE3E
:10A6200093E707042317F4FE0357E4FE834774FC03
:10A63000BA860146BE85033504FEEFC0CFFA8347D4
:10A6400074FC930610141146BE85033504FEEFC05A
:10A650008FF9033704FEB7070200BA9783A7877CF8
:10A660003E8789476308F702033704FEB7070200F5
:10A67000BA9783A7877C3E879147630DF70003371E
:10A6800004FEB7070200BA9783A7877C3E879947E5
:10A69000631DF700834774FC930600202546BE85A2
:10A6A000033504FEEFC02FF419A8834774FC93060A
:10A6B00000102546BE85033504FEEFC0CFF2833778
:10A6C00004FE9C6783A707208127C217C193231E1E
:10A6D000F4FC8357C4FD1397070341938567D98F13
:10A6E000C217C193231EF4FC8357C4FD13970703BD
:10A6F0004193833704FE9C67012723A0E7208357FB
:10A70000C4FDC217C19393E70720C217C193231E4C
:10A71000F4FC8357C4FD139707034193833704FE6A
:10A720009C67012723A0E720833704FE9C6783A74B
:10A7300047208127C217C193231EF4FC8357C4FD11
:10A74000C217C19393F70702231FF4FC832784FDEC
:10A750008127FD378127232CF4FC8357E4FD8127D3
:10A7600089E7832784FD8127E1F38357C4FDC2175E
:10A77000C1931B870700C167FD17E307F7FA0100C4
:10A78000E2704274216182805D7186E4A2E08008FB
:10A79000233CA4FAAE873287232AF4FABA87232807
:10A7A000F4FA833784FB233CF4FC97370200938749
:10A7B000674B9C632334F4FC033784FDB707020026
:10A7C000BA97032704FB23A4E77C832704FB812794
:10A7D000639D0712033784FDB7070200BA9783A76A
:10A7E000077A93F7F70F1146BE85033584FDEFC056
:10A7F000AFF2AA872317F4FE8357E4FE93F7F7E13D
:10A800002317F4FE832744FB2322F4FE232404FEB3
:10A8100091A0832744FE858B232AF4FC832744FDE3
:10A82000812791CF836784FE8607130704FFBA97B9
:10A8300003D787FD8357E4FED98F2317F4FE8327C0
:10A8400044FE9BD717002322F4FE832784FE85272E
:10A850002324F4FE832784FE1B8707008D47E3FA39
:10A86000E7FA033784FDB7070200BA9783A7077A90
:10A8700093F7F70F0357E4FEBA861146BE850335FA
:10A8800084FDEFC04FD6033784FDB7070200BA97A7
:10A8900083A7077A93F7F70F2546BE85033584FD16
:10A8A000EFC08FE7AA872317F4FE8357E4FE93F7E0
:10A8B000F7CF2317F4FE832744FBC18B812799C769
:10A8C0008357E4FE93E707202317F4FE832744FB16
:10A8D00093F70702812799C78357E4FE93E7071090
:10A8E0002317F4FE033784FDB7070200BA9783A746
:10A8F000077A93F7F70F0357E4FEBA862546BE851D
:10A90000033584FDEFC02FCEE1A2231104FE0337EF
:10A9100084FDB7070200BA9783A7877C3E878947E3
:10A920006308F702033784FDB7070200BA9783A7CD
:10A93000877C3E879147630DF700033784FDB70797
:10A940000200BA9783A7877C3E8799476318F70070
:10A95000835724FE93E707102311F4FE033784FD89
:10A96000B7070200BA9783A7877C3E879147630D9C
:10A97000F700033784FDB7070200BA9783A7877CE7
:10A980003E878D476318F700035724FE8967D98FE8
:10A990002311F4FE033784FDB7070200BA9783A79B
:10A9A000877C3E879947630DF700033784FDB7071F
:10A9B0000200BA9783A7877C3E8795476314F70602
:10A9C000835724FE93E707042311F4FE033784FD25
:10A9D000B7070200BA9783A7077A93F7F70F2546C0
:10A9E000BE85033584FDEFC02FD3AA872317F4FE5D
:10A9F0000357E4FE896793870780D98F2317F4FEF6
:10AA0000033784FDB7070200BA9783A7077A93F745
:10AA1000F70F0357E4FEBA862546BE85033584FD4D
:10AA2000EFC06FBC033784FDB7070200BA9783A756
:10AA3000077A93F7F70F035724FEBA860146BE85BF
:10AA4000033584FDEFC02FBA033784FDB70702003A
:10AA5000BA9783A7877C3E8789476308F702033745
:10AA600084FDB7070200BA9783A7877C3E8791478A
:10AA7000630DF700033784FDB7070200BA9783A779
:10AA8000877C3E8799476314F702033784FDB70735
:10AA90000200BA9783A7077A93F7F70F930600206F
:10AAA0002546BE85033584FDEFC0EFB315A00337FF
:10AAB00084FDB7070200BA9783A7077A93F7F70FC9
:10AAC000930600102546BE85033584FDEFC0AFB167
:10AAD0000100A660066461618280797106F422F04B
:10AAE0000018233CA4FC833784FD2334F4FEE16783
:10AAF0009387076A2320F4FE033784FEB70702001A
:10AB0000BA9783A7877CE5E7033784FEB70702007F
:10AB1000BA9783A7077A93F7F70F81467D46BE85DC
:10AB2000033584FEEFC02FAC033784FEB707020065
:10AB3000BA9783A7077A93F7F70F0146BE850335C7
:10AB400084FEEFC06FBDAA872312F4FE835744FE34
:10AB5000C217C19393E70720C217C1932312F4FED3
:10AB6000033784FEB7070200BA9783A7077A93F7E3
:10AB7000F70F035744FE42174193BA860146BE853C
:10AB8000033584FEEFC02FA6033784FEB70702000B
:10AB9000BA9783A7077A93F7F70F0546BE85033563
:10ABA00084FEEFC06FB7AA872312F4FE835744FEDA
:10ABB000C217C19393F707022313F4FE832704FE01
:10ABC0008127FD3781272320F4FE835764FE8127E8
:10ABD00089E7832704FE8127C5FB835744FEC217FC
:10ABE000C1931B870700C167FD17E30FF7F801004A
:10ABF000A270027445618280397106FC22F88000DF
:10AC00002334A4FC833784FC2334F4FE89679387C0
:10AC100007712320F4FE033784FEB7070200BA97BA
:10AC200083A7077A93F7F70F7946BE85033584FE2D
:10AC3000EFC08FAEAA872312F4FE835744FEC217DB
:10AC4000C19393E70720C217C1932312F4FE033781
:10AC500084FEB7070200BA9783A7077A93F7F70F26
:10AC6000035744FE42174193BA867946BE850335A1
:10AC700084FEEFC04F97833784FE9C438DE7833774
:10AC800084FE9C6783A707208127232EF4FC83275B
:10AC9000C4FD1B870700833784FE9C67136707206A
:10ACA000012723A0E720033784FEB7070200BA97E5
:10ACB00083A7077A93F7F70F7946BE85033584FE9D
:10ACC000EFC08FA5AA872312F4FE835744FEC21754
:10ACD000C19393F707022313F4FE832704FE812711
:10ACE000FD3781272320F4FE835764FE812789E7FF
:10ACF000832704FE8127C5FB835744FEC217C193F7
:10AD00001B870700C167FD17E30FF7F80100E2702A
:10AD10004274216182805D7186E4A2E08008233460
:10AD2000A4FC2330B4FC233CC4FA833784FC2330D6
:10AD3000F4FE033704FEB7070200BA9783A7077A29
:10AD400093F7F70F0546BE85033504FEEFC0CF9C91
:10AD5000AA87231FF4FC8357E4FD918B231EF4FC88
:10AD60008357C4FD8127D5C38547A307F4FE033766
:10AD700004FEB7070200BA9783A7077A93F7F70F85
:10AD80007146BE85033504FEEFC00F99AA87231FC5
:10AD9000F4FC8357E4FD93F70702231DF4FC83576B
:10ADA000E4FDE18B231CF4FC8357A4FD812791E78C
:10ADB000833784FB2380070031A0833784FB05475A
:10ADC0002380E700835784FD9BD73700C217C193C8
:10ADD0008127BE860547638CE600BE860947638DE2
:10ADE000E60085E3833704FC23A007000DA083372A
:10ADF00004FC054798C321A8833704FC094798C37E
:10AE000039A0A30704FE010019A0A30704FE83478D
:10AE1000F4FE3E85A6600664616182805D7186E411
:10AE2000A2E026FC8008233CA4FA231904FC55ACBC
:10AE3000835724FDC217C19381EB97C715009387F1
:10AE4000E7D5233CF4FCBDA0835724FDC217C19372
:10AE50001B87070085476319F70097C7150093877D
:10AE6000E7DB233CF4FCB9A0835724FDC217C19350
:10AE70001B87070089476319F70097C71500938759
:10AE8000E7CF233CF4FC3DA0835724FDC217C193B8
:10AE90001B870700C1476319F70097C71500938701
:10AEA000E7D3233CF4FC39A097C71500938707CF5D
:10AEB000233CF4FC835724FDC217C19391CB8357E5
:10AEC00024FDC217C1931B870700C1476311F71008
:10AED000232A04FCEDA0EF80DFD4AA872334F4FCFE
:10AEE000033784FBB7070200BA9783A7077A93F763
:10AEF000F70F7D46BE85033584FBEFC0EF81AA873F
:10AF00002318F4FC033784FBB7070200BA9783A722
:10AF1000077A93F7F70F035724FD42174193BA8638
:10AF20007D46BE85033584FBEFB0FFEB033784FB22
:10AF3000B7070200BA9783A7077A93F6F70F83271C
:10AF400044FD812713F6F70F832744FD81278607E9
:10AF5000033784FDB304F700B685033584FBEFB0F7
:10AF6000BFFBAA872390F400033784FBB7070200D6
:10AF7000BA9783A7077A93F7F70F035704FD421791
:10AF80004193BA867D46BE85033584FBEFB0BFE5AD
:10AF9000832744FD812793F7F70F3E86A9450335A4
:10AFA00084FBEFB07FF7833784FC3E85EF801FCAB8
:10AFB000832744FD812785278127232AF4FC8327C3
:10AFC00044FD81273E87FD47E3D7E7F0F5A0C14761
:10AFD000232AF4FCD9A8EF80DFC4AA872334F4FC29
:10AFE000033784FBB7070200BA9783A7077A93F762
:10AFF000F70F7D46BE85033584FBEFB0FFF1AA87CE
:10B000002318F4FC033784FBB7070200BA9783A721
:10B01000077A93F7F70F035724FD42174193BA8637
:10B020007D46BE85033584FBEFB0FFDB033784FB31
:10B03000B7070200BA9783A7077A93F6F70F83271B
:10B0400044FD812713F6F70F832744FD81278607E8
:10B050008117033784FDB304F700B685033584FBFD
:10B06000EFB09FEBAA872390F400033784FBB70768
:10B070000200BA9783A7077A93F7F70F035704FDE7
:10B0800042174193BA867D46BE85033584FBEFB0F7
:10B090009FD5833784FC3E85EF805FBB832744FDCB
:10B0A000812785278127232AF4FC832744FD8127D4
:10B0B0003E87FD47E3D1E7F2835724FDC217C193D2
:10B0C0001B87070089476315F700BD472319F4FC68
:10B0D000835724FDC217C1938527C217C193231933
:10B0E000F4FC835724FDC217C1931B870700C14797
:10B0F000E3F0E7D40100A6600664E2746161828037
:10B100005D7186E4A2E026FC8008233CA4FA231D9E
:10B1100004FC91A98357A4FD812781EB97C71500F3
:10B120009387C7CD2338F4FC69A88357A4FD1B87F8
:10B13000070085476319F70097C71500938707E94C
:10B140002338F4FCBDA88357A4FD1B87070089475B
:10B150006319F70097C71500938747AE2338F4FCAF
:10B160008DA08357A4FD1B8707008D476319F70047
:10B1700097C71500938787CC2338F4FC99A0835791
:10B18000A4FD1B87070091476319F70097C71500B7
:10B190009387C7C42338F4FC2DA08357A4FD1B87D5
:10B1A0000700C1476319F70097C71500938707ABDE
:10B1B0002338F4FC39A097C71500938727C4233898
:10B1C000F4FC8357A4FD812781CB8357A4FD1B8703
:10B1D0000700C147631EF70C232E04FCD1A0EF80AB
:10B1E0005FA4AA872330F4FC033784FBB70702006F
:10B1F000BA9783A7077A93F7F70F7D46BE85033585
:10B2000084FBEFB07FD1AA872317F4FC033784FBBC
:10B21000B7070200BA9783A7077A93F7F70F035788
:10B22000A4FDBA867D46BE85033584FBEFB0BFBB67
:10B23000033784FBB7070200BA9783A7077A93F610
:10B24000F70F8327C4FD13F6F70F8327C4FD860786
:10B25000033704FDB304F700B685033584FBEFB074
:10B26000BFCBAA872390F400033784FBB707020003
:10B27000BA9783A7077A93F7F70F0357E4FCBA86C8
:10B280007D46BE85033584FBEFB0FFB5833704FCF4
:10B290003E85EF80BF9B8327C4FD8527232EF4FCCA
:10B2A0008327C4FD1B870700FD47E3DAE7F269AC9B
:10B2B000C147232EF4FCD9A0EF80BF96AA87233084
:10B2C000F4FC033784FBB7070200BA9783A7077A19
:10B2D00093F7F70F7D46BE85033584FBEFB0DFC3E0
:10B2E000AA872317F4FC033784FBB7070200BA9739
:10B2F00083A7077A93F7F70F0357A4FDBA867D4615
:10B30000BE85033584FBEFB01FAE033784FBB70760
:10B310000200BA9783A7077A93F6F70F8327C4FD35
:10B3200013F6F70F8327C4FD86078117033704FD43
:10B33000B304F700B685033584FBEFB0FFBDAA87E1
:10B340002390F400033784FBB7070200BA9783A762
:10B35000077A93F7F70F0357E4FCBA867D46BE855C
:10B36000033584FBEFB03FA8833704FC3E85EF80B4
:10B37000FF8D8327C4FD8527232EF4FC8327C4FD7E
:10B380001B870700FD47E3D9E7F28357A4FD1B871E
:10B3900007008D47631AF71AEF80BF88AA8723300A
:10B3A000F4FC033784FBB7070200BA9783A7077A38
:10B3B00093F7F70F7D46BE85033584FBEFB0DFB50D
:10B3C000AA872317F4FC033784FBB7070200BA9758
:10B3D00083A7077A93F7F70F0357A4FDBA867D4634
:10B3E000BE85033584FBEFB01FA0033784FBB7078E
:10B3F0000200BA9783A7077A93F7F70F916675460D
:10B40000BE85033584FBEFB01F9E033784FBB7076F
:10B410000200BA9783A7077A93F7F70F9166594608
:10B42000BE85033584FBEFB01F9C033784FBB70751
:10B430000200BA9783A7077A13F7F70F833704FD43
:10B44000938407027146BA85033584FBEFB0DFAC05
:10B45000AA872390F400033784FBB7070200BA974A
:10B4600083A7077A13F7F70F833704FD9384270226
:10B470007546BA85033584FBEFB01FAAAA872390CF
:10B48000F400033784FBB7070200BA9783A7077A53
:10B4900013F7F70F833704FD938447025546BA85A7
:10B4A000033584FBEFB05FA7AA872390F40003372E
:10B4B00084FBB7070200BA9783A7077A13F7F70F41
:10B4C000833704FD938467025946BA85033584FBAC
:10B4D000EFB09FA4AA872390F400033784FBB7073B
:10B4E0000200BA9783A7077A93F7F70F8146594668
:10B4F000BE85033584FBEFB01F8F033784FBB7078E
:10B500000200BA9783A7077A93F7F70F814675462B
:10B51000BE85033584FBEFB01F8D033784FBB7076F
:10B520000200BA9783A7077A93F7F70F0357E4FC53
:10B53000BA867D46BE85033584FBEFB0DF8A83374C
:10B5400004FC3E85EF808FF08357A4FD1B87070026
:10B5500091476315F700BD47231DF4FC8357A4FDF5
:10B560008527231DF4FC8357A4FD1B870700C147D3
:10B57000E3F2E7BA232E04FCA9A0033784FBB70744
:10B580000200BA9783A7477A93F7F70F0327C4FD02
:10B590001377F70F3A86BE85033584FBEFB0DF974C
:10B5A000AA87BE8617C715001307C78B8327C4FD5C
:10B5B0008607BA972390D7008327C4FD8527232EBB
:10B5C000F4FC8327C4FD1B870700C147E3D7E7FAD4
:10B5D0000100A6600664E274616182805D7186E4A8
:10B5E000A2E026FC8008233CA4FA231D04FC89A4C5
:10B5F0008357A4FD812781EB97C715009387079F89
:10B600002338F4FC99A08357A4FD1B8707008547C6
:10B610006319F70097C71500938747A12338F4FCF7
:10B620002DA08357A4FD1B870700C1476319F700AE
:10B6300097C71500938787A12338F4FC39A097C7D3
:10B6400015009387A79A2338F4FC8357A4FD81271C
:10B6500081CB8357A4FD1B870700C147631EF70CEE
:10B66000232E04FCD1A0EF80CFDBAA872330F4FC8B
:10B67000033784FBB7070200BA9783A7077A93F7CB
:10B68000F70F7D46BE85033584FBEFB0FF88AA87A0
:10B690002317F4FC033784FBB7070200BA9783A78C
:10B6A000077A93F7F70F0357A4FDBA867D46BE8548
:10B6B000033584FBEFB02FF3033784FBB707020099
:10B6C000BA9783A7077A93F6F70F8327C4FD13F67B
:10B6D000F70F8327C4FD8607033704FDB304F70083
:10B6E000B685033584FBEFB03F83AA872390F4002F
:10B6F000033784FBB7070200BA9783A7077A93F74B
:10B70000F70F0357E4FCBA867D46BE85033584FBFC
:10B71000EFB06FED833704FC3E85EF802FD3832796
:10B72000C4FD8527232EF4FC8327C4FD1B87070057
:10B73000FD47E3DAE7F2F1A8C147232EF4FCD9A0D4
:10B74000EF802FCEAA872330F4FC033784FBB707A2
:10B750000200BA9783A7077A93F7F70F7D46BE8555
:10B76000033584FBEFB04FFBAA872317F4FC0337A4
:10B7700084FBB7070200BA9783A7077A93F7F70FFE
:10B780000357A4FDBA867D46BE85033584FBEFB022
:10B790008FE5033784FBB7070200BA9783A7077AC0
:10B7A00093F6F70F8327C4FD13F6F70F8327C4FD25
:10B7B00086078117033704FDB304F700B685033508
:10B7C00084FBEFB06FF5AA872390F400033784FB66
:10B7D000B7070200BA9783A7077A93F7F70F0357C3
:10B7E000E4FCBA867D46BE85033584FBEFB0AFDF4F
:10B7F000833704FC3E85EF806FC58327C4FD852712
:10B80000232EF4FC8327C4FD1B870700FD47E3D9E3
:10B81000E7F28357A4FD1B87070085476315F700F0
:10B82000BD47231DF4FC8357A4FD8527231DF4FC8D
:10B830008357A4FD1B870700C147E3FBE7DA01003C
:10B84000A6600664E27461618280411106E422E030
:10B85000000813060008814517C515001305058764
:10B86000EFC0D114938781819863B7070200938753
:10B87000077C3E9797C715009387479503480700B5
:10B8800003451700834527000346370083464700DA
:10B890000347570023800701A380A7002381B70037
:10B8A000A381C7002382D700A382E7000100A26022
:10B8B000026441018280597186F4A2F08018233419
:10B8C000A4FA2330B4FAB287232EF4F8833704FAAB
:10B8D0009C632330F4FE85472326F4FE8327C4F9B6
:10B8E0001B870700FD4763F0E758930784FB094671
:10B8F000833504FE3E85EFC0B107833704FE890718
:10B900002330F4FE930784FB89070946833504FE40
:10B910003E85EFC0F105833704FE89072330F4FE2E
:10B92000833704FE83C70700230EF4FA833704FE2F
:10B9300085072330F4FE833704FE83C70700A30E78
:10B94000F4FA833704FE85072330F4FE930784FB63
:10B9500099070946833504FE3E85EFC071018337A0
:10B9600004FE89072330F4FE833704FE03C5070075
:10B9700083C5170003C6270083C6370003C74700E7
:10B9800083C757002300A4FCA300B4FC2301C4FC1C
:10B99000A301D4FC2302E4FCA302F4FC833704FEDD
:10B9A00099072330F4FE930784FBC10711468335C2
:10B9B00004FE3E85EFC0C17B833704FE9107233030
:10B9C000F4FE833704FE03C5070083C5170003C6D2
:10B9D000270083C6370003C7470083C757002306E5
:10B9E000A4FCA306B4FC2307C4FCA307D4FC2308CF
:10B9F000E4FCA308F4FC833704FE99072330F4FE2B
:10BA0000930784FBF1071146833504FE3E85EFC0A2
:10BA10002176833704FE91072330F4FE835784FB9D
:10BA20009BD78700C217C1931B9707011B5707417C
:10BA3000835784FB81279B97870081279B9707016A
:10BA40009BD70741D98F9B9707019BD707411B873E
:10BA5000070085476305F700E5472326F4FE835773
:10BA6000A4FB9BD78700C217C1931B9707011B57E5
:10BA700007418357A4FB81279B97870081279B97CA
:10BA800007019BD70741D98F9B9707019BD7074198
:10BA90009B870780812781C7E9472326F4FE8347D8
:10BAA000C4FB3E8799476305F700ED472326F4FE64
:10BAB0008347D4FB3E8791476305F700F147232670
:10BAC000F4FE8327C4FE1B87070085476312F73AFD
:10BAD000032744FD832584FC0356A4FB930784FBC2
:10BAE000A107BE863A85EF00803997C71500938776
:10BAF00067DE9C436385073697C71500938787DD0C
:10BB00009843832744FD9BD787019B8607008327A3
:10BB100044FD9BD7870081273E86C167938707F046
:10BB2000F18F8127D58F9B860700832744FD9B9744
:10BB3000870081273E86B707FF00F18F8127D58FC9
:10BB40009B860700832744FD9B9787018127D58F1C
:10BB500081276316F7308357E4FB1B8707009307A1
:10BB600000106316F7301306C003814517B51500A2
:10BB70001305C561EFC0816397B71500938707610F
:10BB80002330F4FE833704FE034804FC034514FC11
:10BB9000834524FC034634FC834644FC034754FCA1
:10BBA00023800701A380A7002381B700A381C700DA
:10BBB0002382D700A382E700833704FE990723304E
:10BBC000F4FE833704FE17B71500130727600348F8
:10BBD00007000345170083452700034637008346C7
:10BBE00047000347570023800701A380A700238154
:10BBF000B700A381C7002382D700A382E700833761
:10BC000004FE99072330F4FE833704FE2147238086
:10BC1000E700833704FE85072330F4FE833704FEF4
:10BC200019472380E700833704FE85072330F4FE9D
:10BC3000832704FC2326F4FC835744FC2318F4FCDC
:10BC400097B715009387875803C5070083C517006A
:10BC500003C6270083C6370003C7470083C75700C2
:10BC60002300A4FCA300B4FC2301C4FCA301D4FC66
:10BC70002302E4FCA302F4FC832784FC232AF4FCC3
:10BC800097C71500938707C59C439BD787011B87E0
:10BC9000070097C715009387E7C39C439BD787008E
:10BCA0008127BE86C167938707F0F58F8127D98FDB
:10BCB0001B87070097C715009387C7C19C439B97B5
:10BCC00087008127BE86B707FF00F58F8127D98FB0
:10BCD0001B87070097C715009387C7BF9C439B9797
:10BCE00087018127D98F81272324F4FC9307002023
:10BCF000231FF4FA930784FB0946BE85033504FE2F
:10BD0000EFC00147833704FE89072330F4FE930711
:10BD100084FB89070946BE85033504FEEFC0414513
:10BD2000833704FE89072330F4FE0347C4FB8337BF
:10BD300004FE2380E700833704FE85072330F4FEEA
:10BD40000347D4FB833704FE2380E700833704FED8
:10BD500085072330F4FE930784FB99070946BE85C7
:10BD6000033504FEEFC0C140833704FE890723304A
:10BD7000F4FE833704FE034804FC034514FC8345AA
:10BD800024FC034634FC834644FC034754FC2380D4
:10BD90000701A380A7002381B700A381C7002382E6
:10BDA000D700A382E700833704FE99072330F4FE0F
:10BDB000930784FBC1071146BE85033504FEEFC01F
:10BDC000213B833704FE91072330F4FE833704FEC2
:10BDD0000348C4FC0345D4FC8345E4FC0346F4FC5F
:10BDE000834604FD034714FD23800701A380A700B9
:10BDF0002381B700A381C7002382D700A382E70075
:10BE0000833704FE99072330F4FE930784FBF10780
:10BE10001146BE85033504FEEFC08135833704FE2D
:10BE200091072330F4FE01479306C00317B61500AF
:10BE30001306C6358145179511001305A56EEFB0A1
:10BE4000DF85AA87A30FF4FC8347F4FD13F7F70FF0
:10BE50008547630EF700F9472326F4FE09A8B94782
:10BE60002326F4FE31A0F5472326F4FE11A001009D
:10BE70008327C4FE3E85A6700674656182805D716D
:10BE8000A2E48008AA873287233CD4FA2326F4FC54
:10BE9000AE872324F4FCBA872313F4FC97B715006C
:10BEA0009387C7222334F4FEA30304FE97B715003B
:10BEB0009387C7212334F4FEA1472320F4FEF9A081
:10BEC000832784FC9BD787011B870700832784FC7B
:10BED0009BD787008127BE86C167938707F0F58FC0
:10BEE0008127D98F1B870700832784FC9B978700B6
:10BEF0008127BE86B707FF00F58F8127D98F1B8763
:10BF00000700832784FC9B9787018127D98F1B8794
:10BF10000700833784FE9C476310F706833784FE4F
:10BF200083D7C700035764FC012781276316F704F2
:10BF3000833784FE23870700833784FE033784FB1F
:10BF400003480700034517008345270003463700D1
:10BF5000834647000347570023800701A380A700BB
:10BF60002381B700A381C7002382D700A382E70003
:10BF70008547A303F4FE39A8833784FEC107233421
:10BF8000F4FE832704FEFD372320F4FE832704FEFE
:10BF900081279DF797C715009387C7939C436387B5
:10BFA000071697C715009387E79298438327C4FC29
:10BFB0009BD787019B8607008327C4FC9BD78700FC
:10BFC00081273E86C167938707F0F18F8127D58F40
:10BFD0009B8607008327C4FC9B97870081273E86AA
:10BFE000B707FF00F18F8127D58F9B860700832736
:10BFF000C4FC9B9787018127D58F81276318F71091
:10C00000834774FE93C7170093F7F70F63800710F9
:10C0100097B715009387870B2334F4FE97B7150065
:10C020009387C70A233CF4FCA1472320F4FE0DA804
:10C03000833784FE03C7E700833784FD83C7E700A7
:10C040006376F700833784FD2334F4FE833784FD61
:10C05000C107233CF4FC832704FEFD372320F4FEB4
:10C06000832704FE8127E9F7833784FE23870700AF
:10C07000833784FE033784FB03480700034517001A
:10C080008345270003463700834647000347570090
:10C0900023800701A380A7002381B700A381C700E5
:10C0A0002382D700A382E700832784FC9BD78701E4
:10C0B0001B870700832784FC9BD787008127BE86C8
:10C0C000C167938707F0F58F8127D98F1B870700FA
:10C0D000832784FC9B9787008127BE86B707FF00D4
:10C0E000F58F8127D98F1B870700832784FC9B97B7
:10C0F00087018127D98F1B870700833784FE98C764
:10C10000833784FE035764FC2396E700010026640E
:10C1100061618280011122EC001097B715009387AE
:10C12000E7FA2334F4FE232204FE35A0833784FE8D
:10C1300083C7E700852713F7F70F833784FE23872C
:10C14000E700833784FEC1072334F4FE832744FECF
:10C1500085272322F4FE832744FE1B8707009D4783
:10C16000E3F6E7FC01006264056182801D7186ECE4
:10C17000A2E88010AA872326F4FA85472326F4FE36
:10C1800093070010231CF4FAA147231DF4FA9947E2
:10C19000230EF4FA9147A30EF4FA93070010231F1D
:10C1A000F4FA97B715009387670203C5070083C5A4
:10C1B000170003C6270083C6370003C7470083C79D
:10C1C00057002300A4FCA300B4FC2301C4FCA3017A
:10C1D000D4FC2302E4FCA302F4FC97B71500938778
:10C1E000676F9C439BD787011B87070097B7150094
:10C1F0009387476E9C439BD787008127BE86C16784
:10C20000938707F0F58F8127D98F1B87070097B792
:10C2100015009387276C9C439B9787008127BE86D8
:10C22000B707FF00F58F8127D98F1B87070097B7C6
:10C2300015009387276A9C439B9787018127D98F95
:10C2400081272324F4FC8327C4FA9BD787011B870B
:10C2500007008327C4FA9BD787008127BE86C16762
:10C26000938707F0F58F8127D98F1B8707008327D6
:10C27000C4FA9B9787008127BE86B707FF00F58F1A
:10C280008127D98F1B8707008327C4FA9B978701D3
:10C290008127D98F8127232AF4FC230604FCA306D7
:10C2A00004FC230704FCA30704FC230804FCA308E4
:10C2B00004FC1306C003814517B51500130505EDF1
:10C2C000EFB0D16E97B71500938747EC2330F4FE9B
:10C2D000833704FE172702001307C793034807009C
:10C2E0000345170083452700034637008346470070
:10C2F0000347570023800701A380A7002381B700CD
:10C30000A381C7002382D700A382E700833704FEFE
:10C3100099072330F4FE833704FE17B7150013077F
:10C32000E7EA034807000345170083452700034653
:10C330003700834647000347570023800701A38047
:10C34000A7002381B700A381C7002382D700A3825F
:10C35000E700833704FE99072330F4FE833704FE99
:10C3600021472380E700833704FE85072330F4FE4E
:10C37000833704FE19472380E700833704FE8507CF
:10C380002330F4FE930784FB0946BE85033504FE83
:10C39000EFB0115E833704FE89072330F4FE930764
:10C3A00084FB89070946BE85033504FEEFB0515C66
:10C3B000833704FE89072330F4FE0347C4FB833729
:10C3C00004FE2380E700833704FE85072330F4FE54
:10C3D0000347D4FB833704FE2380E700833704FE42
:10C3E00085072330F4FE930784FB99070946BE8531
:10C3F000033504FEEFB0D157833704FE890723309D
:10C40000F4FE833704FE034804FC034514FC834513
:10C4100024FC034634FC834644FC034754FC23803D
:10C420000701A380A7002381B700A381C70023824F
:10C43000D700A382E700833704FE99072330F4FE78
:10C44000930784FBC1071146BE85033504FEEFB098
:10C450003152833704FE91072330F4FE833704FE04
:10C460000348C4FC0345D4FC8345E4FC0346F4FCC8
:10C47000834604FD034714FD23800701A380A70022
:10C480002381B700A381C7002382D700A382E700DE
:10C49000833704FE99072330F4FE930784FBF107EA
:10C4A0001146BE85033504FEEFB0914C833704FE80
:10C4B00091072330F4FE01479306C00317B6150019
:10C4C0001306C6CC8145179511001305A505EFB0DD
:10C4D000CF9CAA87A30FF4FC8347F4FD13F7F70F53
:10C4E00085476306F700F9472326F4FE21A0954708
:10C4F0002326F4FE8327C4FE3E85E660466425615C
:10C500008280397122FC8000AA872326F4FC97B729
:10C5100015009387A7BB2334F4FE233C04FC23229D
:10C5200004FE3DA0833784FE98478327C4FC8127FF
:10C530006396E700833784FE233CF4FC833784FE54
:10C54000C1072334F4FE832744FE85272322F4FE0B
:10C55000832744FE1B8707009D4763E5E700833779
:10C5600084FDE9D3833784FD3E8562742161828036
:10C57000411106E422E0000897B71500938787353C
:10C580009843972702009387676498C39737020000
:10C590009387C7CE83C727003E85EF300052AA8716
:10C5A0001B870700972702009387476298D3972736
:10C5B00002009387A7619C539B9787001B87070006
:10C5C000972702009387876098D397370200938755
:10C5D000E7CA83C737003E85EF30204EAA87BE8664
:10C5E000972702009387875E98539B870600D98F11
:10C5F0001B870700972702009387475D98D39727EB
:10C6000002009387A75C9C539B9787001B870700BA
:10C61000972702009387875B98D397370200938709
:10C62000E7C583C747003E85EF302049AA87BE860D
:10C63000972702009387875998539B870600D98FC5
:10C640001B870700972702009387475898D397279F
:10C6500002009387A7579C539B9787001B8707006F
:10C66000972702009387875698D3973702009387BE
:10C67000E7C083C757003E85EF302044AA87BE86B7
:10C68000972702009387875498539B870600D98F7A
:10C690001B870700972702009387475398D30545C8
:10C6A000EF006005AA873E85A26002644101828096
:10C6B000411106E422E000088D461946CD4517D504
:10C6C00001001305A518EF40E0000D45EF00A002A2
:10C6D000AA873E85A260026441018280411106E47E
:10C6E00022E000081145EF000001AA873E85A26004
:10C6F000026441018280797106F422F00018AA8751
:10C70000232EF4FC97B715009387C7AC2330F4FEB3
:10C71000930704FE13073004930640047D56BE853C
:10C7200017B51500130505ABEF707016AA87232601
:10C73000F4FE8327C4FE1B87070085476317F77C39
:10C74000833704FE05472380E700833704FE85070F
:10C750002330F4FE833704FE05472380E700833748
:10C7600004FE85072330F4FE833704FE1947238037
:10C77000E700833704FE85072330F4FE833704FE89
:10C7800023800700833704FE85072330F4FE9727B4
:10C7900002009387A7439C539BD787011B87070001
:10C7A000833704FE1377F70F2380E700833704FEF7
:10C7B00085072330F4FE97270200938727419C5377
:10C7C0009BD707011B870700833704FE1377F70FFA
:10C7D0002380E700833704FE85072330F4FE972784
:10C7E00002009387A73E9C539BD787001B870700B7
:10C7F000833704FE1377F70F2380E700833704FEA7
:10C8000085072330F4FE972702009387273C98532F
:10C81000833704FE1377F70F2380E700833704FE86
:10C8200085072330F4FE833704FE23800700833717
:10C8300004FE85072330F4FE833704FE23800700BF
:10C84000833704FE85072330F4FE833704FE130785
:10C8500000F82380E700833704FE85072330F4FEC9
:10C86000833704FE23800700833704FE85072330C7
:10C87000F4FE8327C4FD1B8707008D476317F70469
:10C88000833704FE23800700833704FE85072330A7
:10C89000F4FE833704FE23800700833704FE8507F8
:10C8A0002330F4FE833704FE23800700833704FE21
:10C8B00085072330F4FE833704FE23800700833787
:10C8C00004FE85072330F4FE69A8972702009387AA
:10C8D000E72F9C439BD787011B870700833704FE04
:10C8E0001377F70F2380E700833704FE8507233093
:10C8F000F4FE972702009387672D9C439BD707017F
:10C900001B870700833704FE1377F70F2380E700A8
:10C91000833704FE85072330F4FE972702009387B0
:10C92000E72A9C439BD787001B870700833704FEB9
:10C930001377F70F2380E700833704FE8507233042
:10C94000F4FE97270200938767289843833704FEF5
:10C950001377F70F2380E700833704FE8507233022
:10C96000F4FE833704FE23800700833704FE850727
:10C970002330F4FE833704FE23800700833704FE50
:10C9800085072330F4FE833704FE238007008337B6
:10C9900004FE85072330F4FE833704FE238007005E
:10C9A000833704FE85072330F4FE833704FE23809B
:10C9B0000700833704FE85072330F4FE833704FE27
:10C9C00023800700833704FE85072330F4FE833776
:10C9D00004FE23800700833704FE85072330F4FE1E
:10C9E000833704FE23800700833704FE8507233046
:10C9F000F4FE833704FE23800700833704FE850797
:10CA00002330F4FE833704FE23800700833704FEBF
:10CA100085072330F4FE833704FE23800700833725
:10CA200004FE85072330F4FE833704FE23800700CD
:10CA3000833704FE85072330F4FE833704FE17A7EF
:10CA400015001307A778034807000345170083451F
:10CA500027000346370083464700034757002380DB
:10CA60000701A380A7002381B700A381C700238209
:10CA7000D700A382E700833704FE99072330F4FE32
:10CA8000833704FE1306A00C81453E85EFB001728A
:10CA9000833704FE9387A70C2330F4FE833704FE0C
:10CAA000130730062380E700833704FE8507233011
:10CAB000F4FE833704FE130720F82380E700833752
:10CAC00004FE85072330F4FE833704FE1307300588
:10CAD0002380E700833704FE85072330F4FE833785
:10CAE00004FE130730062380E700833704FE850722
:10CAF0002330F4FE833704FE31472380E700833779
:10CB000004FE85072330F4FE833704FE3D4723806F
:10CB1000E700833704FE85072330F4FE833704FEE5
:10CB20003D4697D50100938565D13E85EFB04164C0
:10CB3000833704FEBD072330F4FE833704FE13075A
:10CB4000A0022380E700833704FE85072330F4FE2C
:10CB5000833704FE11472380E700833704FE8507EF
:10CB60002330F4FE833704FE23800700833704FE5E
:10CB700085072330F4FE833704FE238007008337C4
:10CB800004FE85072330F4FE833704FE238007006C
:10CB9000833704FE85072330F4FE833704FE2380A9
:10CBA0000700833704FE85072330F4FE833704FE35
:10CBB000130750032380E700833704FE85072330E3
:10CBC000F4FE833704FE05472380E700833704FE25
:10CBD00085072330F4FE833704FE0327C4FD137753
:10CBE000F70F2380E700833704FE85072330F4FE28
:10CBF0008327C4FD1B8707008D476314F71883370D
:10CC000004FE130720032380E700833704FE850713
:10CC10002330F4FE833704FE11472380E700833777
:10CC200004FE85072330F4FE97270200938707FA56
:10CC30009C439BD787011B870700833704FE13772C
:10CC4000F70F2380E700833704FE85072330F4FEC7
:10CC500097270200938787F79C439BD707011B8781
:10CC60000700833704FE1377F70F2380E70083372D
:10CC700004FE85072330F4FE97270200938707F50B
:10CC80009C439BD787001B870700833704FE1377DD
:10CC9000F70F2380E700833704FE85072330F4FE77
:10CCA00097270200938787F29843833704FE137710
:10CCB000F70F2380E700833704FE85072330F4FE57
:10CCC000833704FE130760032380E700833704FEE5
:10CCD00085072330F4FE833704FE11472380E700E5
:10CCE000833704FE85072330F4FE972702009387DD
:10CCF000E7EDDC579BD787011B870700833704FECE
:10CD00001377F70F2380E700833704FE850723306E
:10CD1000F4FE97270200938767EBDC579BD7070148
:10CD20001B870700833704FE1377F70F2380E70084
:10CD3000833704FE85072330F4FE9727020093878C
:10CD4000E7E8DC579BD787001B870700833704FE83
:10CD50001377F70F2380E700833704FE850723301E
:10CD6000F4FE97270200938767E6D857833704FEBF
:10CD70001377F70F2380E700833704FE85072330FE
:10CD8000F4FE833704FE130770032380E700833724
:10CD900004FE85072330F4FE833704FE1147238009
:10CDA000E700833704FE85072330F4FE833704FE53
:10CDB00005472380E700833704FE85072330F4FE10
:10CDC000833704FE0D472380E700833704FE850781
:10CDD0002330F4FE833704FE19472380E7008337AE
:10CDE00004FE85072330F4FE833704FE3D4723808D
:10CDF000E700833704FE85072330F4FE833704FE03
:10CE0000130790032380E700833704FE8507233050
:10CE1000F4FE833704FE09472380E700833704FECE
:10CE200085072330F4FE833704FE09472380E7009B
:10CE3000833704FE85072330F4FE833704FE238006
:10CE40000700833704FE85072330F4FE833704FE92
:10CE50001307D0032380E700833704FE85072330C0
:10CE6000F4FE833704FE1D472380E700833704FE6A
:10CE700085072330F4FE833704FE05472380E7004F
:10CE8000833704FE85072330F4FE833704FE17A79B
:10CE900015001307A7330348070003451700834510
:10CEA0002700034637008346470003475700238087
:10CEB0000701A380A7002381B700A381C7002382B5
:10CEC000D700A382E700833704FE99072330F4FEDE
:10CED000833704FE7D572380E700833704FE8507F0
:10CEE0002330F4FE033704FE97A715009387872E9F
:10CEF000B307F740C217C193BE8517A515001305E8
:10CF0000652DEF70C02B854711A081473E85A2702B
:10CF1000027445618280411122E400089387818177
:10CF20009863B70702009387077C3E979727020014
:10CF30009387C7340348070003451700834527003C
:10CF40000346370083464700034757002380070105
:10CF5000A380A7002381B700A381C7002382D70045
:10CF6000A382E7000100226441018280011106ECE6
:10CF700022E800100145EF40804F2334A4FE97279C
:10CF800002009387A7309C63033784FE6348F71A37
:10CF9000972702009387072FDC43BE8605476380EF
:10CFA000E6043E8711CBBE860947638EE60C3E87BA
:10CFB0008D476307F7109DA297270200938707C14B
:10CFC0001147D8D397270200938747C0094798D7BE
:10CFD000972702009387072B0547D8C3ADA297A7D1
:10CFE00015009387A70A9C47812789EF972702009E
:10CFF0009387C7BD0947D8D397270200938707BDFA
:10D00000114798D797270200938747BCDC533E8788
:10D010008947631FF70097B715009387A78B23A055
:10D020000700972702009387E7250D47D8C331A84B
:10D0300097270200938787B9DC53FD371B870700CA
:10D0400097270200938787B8D8D397270200938742
:10D05000E7B79C573E8789476319F7009727020077
:10D06000938747220947D8C3F9A8972702009387D7
:10D07000E7B59C57FD371B8707009727020093876A
:10D08000E7B498D7C9A0EFF0AFCEAA87D5CB972742
:10D0900002009387A7B3294798D797270200938761
:10D0A000E7B27D57D8D3972702009387A71D23A007
:10D0B0000700972702009387E71C0547D8C349A0BC
:10D0C00097A71500938787FC9C478127A5CFEFF092
:10D0D0002FDEAA87A5CB97270200938727AF3D476E
:10D0E000D8D3972702009387E7199C433E878D4743
:10D0F0006319F700972702009387C718094798C359
:10D1000039A0972702009387E717054798C3972709
:10D110000200938727170547D8C32DA08D461146D7
:10D12000CD4517C5010013056573EF30A05A972749
:10D1300002009387271523A2070031A0010021A038
:10D14000010011A00100833784FE13871700972781
:10D1500002009387A71398E30100E260426405612F
:10D160008280757106E522E10009233CA4F6AE87B2
:10D17000231BF4F6A30704FE833784F72330F4FE61
:10D18000A30D04FC230D04FCA30C04FC230C04FCE1
:10D190008D461946CD4517C501001305A56DEF3025
:10D1A0006053972702009387E70D9C43BE8609478B
:10D1B0006382E606BE860D476380E6083E878547A4
:10D1C0006305F7028D461946CD4517C501001305C5
:10D1D000656BEF3020508547A30DF4FC230D04FC54
:10D1E000A30C04FC230C04FC85A88D461946CD45F0
:10D1F00017C501001305056AEF30C04DA30D04FCEF
:10D200008547230DF4FC8547A30CF4FC8547230CCC
:10D21000F4FC99A08D461946CD4517C501001305AC
:10D220006568EF30204BA30D04FC8547A30CF4FC8C
:10D230008547230CF4FC0DA08D461946CD4517C536
:10D2400001001305A567EF30E048A30D04FCA30C13
:10D2500004FC230C04FC01008347B4FD93F7F70F93
:10D260008DE38347A4FD93F7F70F81EF834794FD88
:10D2700093F7F70F99E7834784FD93F7F70FE38A56
:10D28000075097C701009387677C88638C67906B12
:10D29000946F98739C772330A4F82334B4F8233820
:10D2A000C4F8233CD4F82330E4FA2334F4FA972763
:10D2B00002009387A7919C532320F4FA831764F705
:10D2C0001B8707009307000FE3D9E7308D46194607
:10D2D000CD4517C501001305655FEF30A03F8337CB
:10D2E00004FE83C70700C217C1939B978700231AC8
:10D2F000F4FC833704FE85072330F4FE833704FEF5
:10D3000083C70700C217C193035744FDB99F231A6F
:10D31000F4FC833704FE85072330F4FE835744FD75
:10D320001B87070093071020E31FF728833704FEAD
:10D3300083C70700A309F4FC833704FE8507233065
:10D34000F4FE834734FD13F7F70F9947E313F726ED
:10D35000833704FE83C70700A309F4FC833704FE68
:10D3600085072330F4FE833704FE83C70700812737
:10D370009B9787012326F4FC833704FE850723301F
:10D38000F4FE833704FE83C7070081279B970701BC
:10D3900081270327C4FCB99F2326F4FC833704FEAE
:10D3A00085072330F4FE833704FE83C707008127F7
:10D3B0009B97870081270327C4FCB99F2326F4FC91
:10D3C000833704FE85072330F4FE833704FE83C7CA
:10D3D000070081270327C4FCB99F2326F4FC833769
:10D3E00004FE85072330F4FE971702009387077E1B
:10D3F00098538327C4FC8127E393E71A833704FEFD
:10D4000083C70700C217C1939B978700231AF4FCB8
:10D41000833704FE85072330F4FE833704FE83C779
:10D420000700C217C193035744FDB99F231AF4FCA8
:10D43000833704FE85072330F4FE833704FE83C759
:10D440000700C217C1939B978700231AF4FC833708
:10D4500004FE85072330F4FE833704FE83C70700EC
:10D46000C217C193035744FDB99F231AF4FC8337B5
:10D4700004FE85072330F4FE833704FE83C70700CC
:10D4800081279B9787012326F4FC833704FE8507B9
:10D490002330F4FE833704FE83C7070081279B9760
:10D4A000070181270327C4FCB99F2326F4FC833797
:10D4B00004FE85072330F4FE833704FE83C707008C
:10D4C00081279B97870081270327C4FCB99F2326C8
:10D4D000F4FC833704FE85072330F4FE833704FE13
:10D4E00083C7070081270327C4FCB99F2326F4FCC8
:10D4F000833704FE85072330F4FE833704FE83C799
:10D50000070081279B97870181272320F4F8833721
:10D5100004FE85072330F4FE032704F8833704FE56
:10D5200083C7070081279B9707018127B99F812720
:10D530002320F4F8833704FE85072330F4FE032705
:10D5400004F8833704FE83C7070081279B97870071
:10D550008127B99F81272320F4F8833704FE8507AC
:10D560002330F4FE032704F8833704FE83C7070043
:10D570008127B99F81272320F4F8833704FE85078C
:10D580002330F4FE832704F83E87FD57630FF77EB0
:10D59000832704F83E87B707007F85076307F77E78
:10D5A000833704FE83C7070081279B9787012324C5
:10D5B000F4FC833704FE85072330F4FE833704FE32
:10D5C00083C7070081279B9707018127032784FCD6
:10D5D000B99F2324F4FC833704FE85072330F4FE2F
:10D5E000833704FE83C7070081279B978700812725
:10D5F000032784FCB99F2324F4FC833704FE8507AA
:10D600002330F4FE833704FE83C7070081270327F6
:10D6100084FCB99F2324F4FC833704FE8507233060
:10D62000F4FE832784FC1B870700FD576305F7740E
:10D63000832784FC1B870700B707007F8507630CDF
:10D64000F772833704FE83C7070081279B97870102
:10D650002326F4FC833704FE85072330F4FE83374A
:10D6600004FE83C7070081279B97070181270327B3
:10D67000C4FCB99F2326F4FC833704FE85072330BE
:10D68000F4FE833704FE83C7070081279B9787003A
:10D6900081270327C4FCB99F2326F4FC833704FEAB
:10D6A00085072330F4FE833704FE83C707008127F4
:10D6B0000327C4FCB99F2326F4FC833704FE8507A7
:10D6C0002330F4FE033704FE930704FBBA86414778
:10D6D0003A86B6853E85EFA0B129833704FEC1079F
:10D6E0002330F4FE930704FB194697A51500938594
:10D6F000E5AD3E85EFA07125AA879DC3930704FB86
:10D700001946970502009385E5503E85EFA0F12369
:10D71000AA8799C7930704FB83870700639107646F
:10D72000833704FE938707042330F4FE833704FE17
:10D73000938707082330F4FE833704FE83C707006E
:10D7400081279B9787012326F4FC833704FE8507F6
:10D750002330F4FE833704FE83C7070081279B979D
:10D76000070181270327C4FCB99F2326F4FC8337D4
:10D7700004FE85072330F4FE833704FE83C70700C9
:10D7800081279B97870081270327C4FCB99F232605
:10D79000F4FC833704FE85072330F4FE833704FE50
:10D7A00083C7070081270327C4FCB99F2326F4FC05
:10D7B000833704FE85072330F4FE8327C4FC1B87D0
:10D7C0000700B7578263938737366310F75883573C
:10D7D00064F79B8707F1C217C193231BF4F685A357
:10D7E000833704FE83C70700A303F4FC833704FEDA
:10D7F00085072330F4FE833704FE83C70700A30B9D
:10D80000F4FC833704FE85072330F4FE035764F7E6
:10D81000834774FDC217C193BB07F740C217C1937A
:10D82000F937C217C193231BF4F6834774FC812791
:10D83000BE8613076003636CD74E1397270097C704
:10D8400001009387A723BA979C431B87070097C7BC
:10D8500001009387A722BA9782878D461946CD4546
:10D8600017C5010013058507EF20D066833704FE36
:10D8700083C7070081279B97870181272322F4F81C
:10D88000833704FE85072330F4FE032744F88337EB
:10D8900004FE83C7070081279B9707018127B99F53
:10D8A00081272322F4F8833704FE85072330F4FE12
:10D8B000032744F8833704FE83C7070081279B971B
:10D8C00087008127B99F81272322F4F8833704FE3C
:10D8D00085072330F4FE032744F8833704FE83C70B
:10D8E00007008127B99F81272322F4F8833704FE9C
:10D8F00085072330F4FEA1A18D461946CD4517C5F5
:10D9000001001305A5FEEF20F05C833704FE83C7FA
:10D91000070081279B97870181272324F4F8833709
:10D9200004FE85072330F4FE032784F8833704FEC2
:10D9300083C7070081279B9707018127B99F81270C
:10D940002324F4F8833704FE85072330F4FE0327ED
:10D9500084F8833704FE83C7070081279B978700DD
:10D960008127B99F81272324F4F8833704FE850794
:10D970002330F4FE032784F8833704FE83C70700AF
:10D980008127B99F81272324F4F8833704FE850774
:10D990002330F4FE6DA6232E04FC8D461946CD459A
:10D9A00017C50100130585F5EF20D05275A8833700
:10D9B00004FE83C7070081279B9787012326F4FC79
:10D9C000833704FE85072330F4FE833704FE83C7C4
:10D9D000070081279B97070181270327C4FCB99F74
:10D9E0002326F4FC833704FE85072330F4FE8337B7
:10D9F00004FE83C7070081279B97870081270327A1
:10DA0000C4FCB99F2326F4FC833704FE850723302A
:10DA1000F4FE833704FE83C7070081270327C4FC75
:10DA2000B99F2326F4FC833704FE85072330F4FED8
:10DA30008327C4FD1B870700854763E2E70283272E
:10DA4000C4FD1B871700232EE4FC821781938A07ED
:10DA5000130704FFBA970327C4FC23AEE7F88347F4
:10DA600074FDF137A30BF4FC834774FD13F7F70F34
:10DA70008D47E3EEE7F2E1A4232E04FC8D46194620
:10DA8000CD4517C50100130565E8EF20B0447DA81A
:10DA9000833704FE83C7070081279B9787012326CE
:10DAA000F4FC833704FE85072330F4FE833704FE3D
:10DAB00083C7070081279B97070181270327C4FCA1
:10DAC000B99F2326F4FC833704FE85072330F4FE38
:10DAD000833704FE83C7070081279B978700812730
:10DAE0000327C4FCB99F2326F4FC833704FE850773
:10DAF0002330F4FE833704FE83C707008127032702
:10DB0000C4FCB99F2326F4FC833704FE8507233029
:10DB1000F4FE8327C4FD1B870700854763E3E70204
:10DB20008327C4FD1B871700232EE4FC82178193F3
:10DB300091078A07130704FFBA970327C4FC23AA97
:10DB4000E7F8834774FDF137A30BF4FC834774FDBA
:10DB500013F7F70F8D47E3EDE7F2D5A28D4619468F
:10DB6000CD4517C50100130565DBEF20B0368347AF
:10DB700074FD13F7F70F8D4763F3E71C833704FE3B
:10DB800083C7070081279B9787012320F4FC8337F5
:10DB900004FE85072330F4FE833704FE83C70700A5
:10DBA00081279B9707018127032704FCB99F232026
:10DBB000F4FC833704FE85072330F4FE833704FE2C
:10DBC00083C7070081279B9787008127032704FCD1
:10DBD000B99F2320F4FC833704FE85072330F4FE2D
:10DBE000833704FE83C707008127032704FCB99FFE
:10DBF0002320F4FC833704FE85072330F4FE8327BB
:10DC000004FC9BD7170081272322F4FA832744FAC8
:10DC10002324F4FA832744FA9BD717002320F4FC2B
:10DC2000832784FA032704FCB99F81272324F4FA6D
:10DC3000032784FA832704FC9BD717008127B99F09
:10DC400081272324F4FA834774FDF137A30BF4FCF6
:10DC5000FDA08D461946CD4517C50100130505CD1C
:10DC6000EF205027833704FE83C7070081279B9747
:10DC7000870181272326F4FA833704FE85072330A2
:10DC8000F4FE0327C4FA833704FE83C70700812705
:10DC90009B9707018127B99F81272326F4FA8337B1
:10DCA00004FE85072330F4FE0327C4FA833704FEFD
:10DCB00083C7070081279B9787008127B99F81270A
:10DCC0002326F4FA833704FE85072330F4FE032766
:10DCD000C4FA833704FE83C707008127B99F8127D1
:10DCE0002326F4FA833704FE85072330F4FE8347A6
:10DCF00074FDF137A30BF4FC99A08D461946CD4570
:10DD000017C50100130585C3EF20D01C833704FE1F
:10DD100083C70700A307F4FE833704FE850723307B
:10DD2000F4FE834774FDFD37A30BF4FC09A8834779
:10DD300074FD033704FEBA972330F4FE0100831705
:10DD400064F78127E34EF0A82DA08D461146CD45FE
:10DD500017C50100130585BFEF20D01719A88D4600
:10DD60001146CD4517C50100130545C0EF2090169B
:10DD700015AC0100A5A889461146CD4517C501007F
:10DD80001305C5C0EF20101595A089461146CD4555
:10DD900017C50100130505C1EF20D01381A88D46DA
:10DDA0001146CD4517C50100130545C1EF2090125E
:10DDB00035A889461146CD4517C50100130585C113
:10DDC000EF20501125A08D461146CD4517C5010005
:10DDD000130545C2EF20101011A88D461146CD4500
:10DDE00017C50100130585C2EF20D00E8347F4FE4E
:10DDF0008127BE8615476387E606BE861947638A74
:10DE0000E6143E878947631EF7168347B4FD93F7F0
:10DE1000F70FA1C397170200938747DB033804F875
:10DE2000033584F8833504F9033684F9833604FA1C
:10DE3000033784FA23B0070188E78CEB90EF94F363
:10DE400098F7EFE0FF86971702009387A7430547EF
:10DE500098C38347A4FD93F7F70F63860712EFE09B
:10DE6000FF8715A2834784FD93F7F70F638F071091
:10DE7000032744FA97170200938747D5D8D303277F
:10DE800084FA97170200938767D498D797170200F0
:10DE90009387C7D3984397A715009387A7A398C3E1
:10DEA00097170200938787D2D84797A715009387C3
:10DEB00067A2D8C397170200938747D1984B97A7BB
:10DEC0001500938727A198C797170200938707D05B
:10DED000984797A715009387E79F98CB971702005D
:10DEE0009387C7CED84F97A715009387A79ED8CB07
:10DEF00097170200938787CDD84397A7150093877C
:10DF0000679DD8C797170200938747CCDC4B9DCB02
:10DF100097170200938787CBD84B97A71500938755
:10DF2000679B98CF97170200938747CA9C4F99CB5E
:10DF300097170200938787C9984F97A71500938773
:10DF40006799D8CF971702009387C7330D4798C3B7
:10DF50002DA8834794FD93F7F70F95CB97170200F1
:10DF60009387C7C61147D8D397170200938707C670
:10DF7000094798D7971702009387C73023A0070057
:10DF800039A0010005A0010031A8010021A801006D
:10DF900011A88D461946CD4517C50100130505A9E1
:10DFA000EF204073AA600A6449618280497186F655
:10DFB000A2F2801A233CA4E8AE87231BF4E82324B2
:10DFC00004FE232204FE230304FC97971500938785
:10DFD00067602334F4FC833784E9233CF4FC831723
:10DFE00064E91B870700B14763D3E760833784FD8B
:10DFF00083C70700C217C1939B978700231BF4FABE
:10E00000833784FD8507233CF4FC833784FD83C775
:10E010000700C217C193035764FBB99F231BF4FA8F
:10E02000833784FD8507233CF4FC8567938747236A
:10E03000035764FB01278127631EF74E833784FD56
:10E0400083C7070081279B9787012328F4FA83372A
:10E0500084FD8507233CF4FC833784FD83C70700D8
:10E0600081279B9707018127032704FBB99F23285A
:10E07000F4FA833784FD8507233CF4FC833784FD61
:10E0800083C7070081279B9787008127032704FB0D
:10E09000B99F2328F4FA833784FD8507233CF4FCD9
:10E0A000833784FD83C707008127032704FBB99FBB
:10E0B0002328F4FA833784FD8507233CF4FC833757
:10E0C00084FD83C70700C217C1939B97870023175E
:10E0D000F4FE833784FD8507233CF4FC833784FDFD
:10E0E00083C70700C217C1930357E4FEB99F2317E4
:10E0F000F4FE833784FD8507233CF4FC833784FDDD
:10E1000083C70700C217C1939B9787002317F4FAB0
:10E11000833784FD8507233CF4FC833784FD83C764
:10E120000700C217C1930357E4FAB99F2317F4FA03
:10E13000833784FD8507233CF4FC833784FD83C744
:10E140000700C217C1939B9787002316F4FA833701
:10E1500084FD8507233CF4FC833784FD83C70700D7
:10E16000C217C1930357C4FAB99F2316F4FA833731
:10E1700084FD8507233CF4FC835764E9D137C2173B
:10E18000C193231BF4E8831764E981276354F03AB1
:10E19000833784FD83C70700A303F4FC833784FD22
:10E1A0008507233CF4FC85A8834764FC812703375B
:10E1B00084FD03470700930604FFB697238CE7EA24
:10E1C000833784FD8507233CF4FC834764FC852763
:10E1D0002303F4FC834774FC1B87F7FFA303E4FCD1
:10E1E000E1F7834764FC8127130704FFBA971307FD
:10E1F000E002238CE7EA834764FC85272303F4FCD1
:10E20000833784FD83C70700A303F4FC833784FDB1
:10E210008507233CF4FC834774FC93F7F70FDDFB81
:10E22000834764FC8127FD378127130704FFBA97D2
:10E23000238C07EA833784FD83C7070081279B97D8
:10E2400087012328F4FA833784FD8507233CF4FCF7
:10E25000833784FD83C7070081279B9707018127A8
:10E26000032704FBB99F2328F4FA833784FD85072D
:10E27000233CF4FC833784FD83C7070081279B97E9
:10E2800087008127032704FBB99F2328F4FA8337EB
:10E2900084FD8507233CF4FC833784FD83C7070096
:10E2A0008127032704FBB99F2328F4FA833784FDD1
:10E2B0008507233CF4FC035764E9834764FCC217D9
:10E2C000C193BB07F740C217C193ED37C217C19383
:10E2D000231BF4E899AC833784FD83C70700C2177A
:10E2E000C1939B9787002316F4FA833784FD850733
:10E2F000233CF4FC833784FD83C70700C217C19316
:10E300000357C4FAB99F2316F4FA833784FD8507AF
:10E31000233CF4FC833784FD83C70700C217C193F5
:10E320009B9787002315F4FA833784FD8507233CE8
:10E33000F4FC833784FD83C70700C217C1930357DA
:10E34000A4FAB99F2315F4FA833784FD8507233C8B
:10E35000F4FC833784FD83C70700C217C1939B97E2
:10E3600087002316F4FA833784FD8507233CF4FCE9
:10E37000833784FD83C70700C217C1930357C4FACC
:10E38000B99F2316F4FA833784FD8507233CF4FCF8
:10E39000833784FD83C7070081279B97870123224A
:10E3A000F4FE833784FD8507233CF4FC833784FD2A
:10E3B00083C7070081279B9707018127032744FE16
:10E3C000B99F2322F4FE833784FD8507233CF4FCA8
:10E3D000833784FD83C7070081279B9787008127A8
:10E3E000032744FEB99F2322F4FE833784FD85076B
:10E3F000233CF4FC833784FD83C707008127032770
:10E4000044FEB99F2322F4FE833784FD8507233C15
:10E41000F4FC833784FD83C70700C217C1939B9721
:10E4200087002311F4FE833784FD8507233CF4FC29
:10E43000833784FD83C70700C217C193035724FEA7
:10E44000B99F2311F4FE833784FD8507233CF4FC38
:10E450008357A4FA1B8707008547631FF708833794
:10E4600084FD83C7070081279B9787012324F4FE3F
:10E47000833784FD8507233CF4FC833784FD83C701
:10E48000070081279B9707018127032784FEB99FF7
:10E490002324F4FE833784FD8507233CF4FC833773
:10E4A00084FD83C7070081279B9787008127032767
:10E4B00084FEB99F2324F4FE833784FD8507233C23
:10E4C000F4FC833784FD83C707008127032784FE7C
:10E4D000B99F2324F4FE833784FD8507233CF4FC95
:10E4E00081A0833784FD83C70700A304F4FA833730
:10E4F00084FD8507233CF4FC835724FE1B87F7FF2C
:10E500002311E4FEF9FF035764E9835724FEBB0798
:10E51000F740C217C193C937C217C193231BF4E850
:10E520008357E4FEFD372317F4FE8357E4FE81276B
:10E53000E39307DA979715009387C709233CF4FA0A
:10E54000A147232AF4FC05A8833784FC986F8337FE
:10E5500084FB9C6F6356F700833784FB2334F4FC01
:10E56000833784FB93870702233CF4FA832744FD17
:10E57000FD37232AF4FC832744FD8127F1F7232A62
:10E5800004FCB9A8833784FC9C63130784EABA852A
:10E590003E85EFA0E124AA878DEB0145EF20306D89
:10E5A0002A87833784FC98EF833784FC032784FE13
:10E5B00098C7833784FC032744FED8C7833784FC7D
:10E5C00005472388E70001001DA0833784FC93875B
:10E5D00007022334F4FC832744FD8527232AF4FC17
:10E5E000832744FD1B8707009D47E3FDE7F80100F3
:10E5F000B6701674756182805D7186E4A2E0800851
:10E600002334A4FC2330B4FC233CC4FA85472326DE
:10E61000F4FE833704FC9C632330F4FE930784FDEF
:10E620001146833504FE3E85EF909134833704FE16
:10E6300091072330F4FE833784FB9C4B3E87FD57C4
:10E640006315F700A1472326F4FE8327C4FE1B872A
:10E65000070085476311F71C835784FD9BD787000C
:10E66000C217C1931B9707011B570741835784FDAE
:10E6700081279B97870081279B9707019BD707419D
:10E68000D98F9B9707019BD70741C217C193812759
:10E690001B870780012715CBBE86056713070780F8
:10E6A0006348D7003E8793073030630EF70ABDA258
:10E6B000BE8605671307A7826383E6043E878567E6
:10E6C0009387C78F6307F70691AA8D461946C14500
:10E6D00017B5010013058548EF10D07F833704FC80
:10E6E000033704FE98E3033684FB833504FC0335CB
:10E6F00084FCEF008013AA872326F4FE05A28D4632
:10E700001946C14517B5010013054547EF10907C28
:10E71000833704FC033704FE98E3033684FB833518
:10E7200004FC033584FCEF004010AA872326F4FE86
:10E73000F5A08D461946C14517B5010013050546DC
:10E74000EF105079833704FC033704FE98E3033657
:10E7500084FB833504FC033584FCEF00000DAA879D
:10E760002326F4FE65A88D461946C14517B501005C
:10E770001305C544EF101076833704FE910723304C
:10E78000F4FE5146833504FE033584FBEF90511EA1
:10E79000833704FED1072330F4FE833784FB83C71D
:10E7A00007008127BD8B81273E8795476317F706B2
:10E7B000833704FE83C70700C217C1939B97870066
:10E7C000139707034193971702009387A7AC2390F1
:10E7D000E700833704FE85072330F4FE833704FE09
:10E7E00083C7070013970703419397170200938786
:10E7F00067AA83D70700B99F139707034193971719
:10E800000200938727A92390E700833704FE85073A
:10E810002330F4FE19A0010011A001008327C4FEDB
:10E820003E85A660066461618280197186FCA2F84B
:10E83000A6F40001233CA4F82338B4F82334C4F828
:10E84000231B04FA232E04FC833704F99C6323382A
:10E85000F4FC979715009387E7E72334F4FA83379E
:10E8600004FD83C70700C217C1939B978700231736
:10E87000F4FC833704FD85072338F4FC833704FD5B
:10E8800083C70700C217C1930357E4FCB99F23173E
:10E89000F4FC833704FD85072338F4FC833704FD3B
:10E8A00083C70700C217C1939B9787002316F4FC08
:10E8B000833704FD85072338F4FC833704FD83C7C1
:10E8C0000700C217C1930357C4FCB99F2316F4FC79
:10E8D000833704FD85072338F4FC833784F8D84751
:10E8E000833784F883C797009B860700930784FAD1
:10E8F0003A86BE85179515001305C5DDEF00103566
:10E90000AA87232EF4FC8327C4FD1B8707008547B5
:10E910006312F71E833784F803D72700833784F800
:10E9200083C70700C217C1939B972700C217C193E3
:10E9300093F7C703C217C193BB07F7402315F4FC35
:10E94000833784FA23800700833784FA85072334CA
:10E95000F4FA833784FA23800700833784FA850723
:10E960002334F4FA833784FA2330F4FC833784FAAF
:10E9700023800700833784FA85072334F4FA83372A
:10E9800084FA23800700833784FA85072334F4FA56
:10E990008357E4FC9BD78700139707034193833782
:10E9A00084FA1377F70F2380E700833784FA85070B
:10E9B0002334F4FA833784FA0357E4FC1377F70F10
:10E9C0002380E700833784FA85072334F4FA8357DA
:10E9D000C4FC9BD78700139707034193833784FABE
:10E9E0001377F70F2380E700833784FA85072334F2
:10E9F000F4FA833784FA0357C4FC1377F70F2380A4
:10EA0000E700833784FA85072334F4FA8357A4FC9C
:10EA1000E137231FF4FA833784FA0357E4FB3A867D
:10EA2000833504FD3E85EF90A17493072002232CCB
:10EA3000F4FA036784FB979715009387A7C9BA97E1
:10EA40000357A4FC0146BA853E85EF00B076AA873D
:10EA500081279BD7874081279B9707019BD7074139
:10EA600093F7F70F9B9407019BD40441036784FB42
:10EA700097971500938707C6BA970357A4FC0146DA
:10EA8000BA853E85EF001073AA8781279B97870080
:10EA900081279B9707019BD7074193F707F09B9727
:10EAA00007019BD70741C58F9B9707019BD707415C
:10EAB000C217C193231BF4FA930764FB0946BE8572
:10EAC000033504FCEF90C16A8D461946C14517B560
:10EAD00001001305A511EF10F03F8357A4FCBE857C
:10EAE00017951500130505BFEF00D059AA87232EEF
:10EAF000F4FC11A88D461946C14517B50100130550
:10EB00006510EF10303D8327C4FD3E85E6704674E6
:10EB1000A67409618280597186F4A2F0A6EC80186F
:10EB20002334A4FA2330B4FAB287232EF4F8B6873C
:10EB3000232CF4F8BA87231BF4F8232E04FC2311AA
:10EB400004FC979715009387E7B8233CF4FA8337C2
:10EB500004FA9C632338F4FC97971500938787D7B2
:10EB600098438327C4F981276384E700A147C1A2A2
:10EB7000032784F9930784FB85463A86BE8517955B
:10EB80001500130525B5EF00700CAA87232EF4FCA1
:10EB90008327C4FD1B87070085476318F718833751
:10EBA00084FB0D472380E700833784FB8507233CE4
:10EBB000F4FA833784FB0D472380E700833784FB17
:10EBC0008507233CF4FA833784FB2334F4FC833732
:10EBD00084FB23800700833784FB8507233CF4FAFA
:10EBE000833784FB23800700833784FB8507233C1E
:10EBF000F4FA833784FB23800700833784FB85077F
:10EC0000233CF4FA833784FB23800700833784FB9B
:10EC10008507233CF4FA833784FB2380070083377E
:10EC200084FB8507233CF4FA833784FB23800700A9
:10EC3000833784FB8507233CF4FA033784FB83572F
:10EC400064F9D1073E86833504FD3A85EF90415241
:10EC5000930720022322F4FC036744FC97971500D6
:10EC6000938747A73E97835764F9E127C217C1935B
:10EC70000146BE853A85EF00F053AA8781279BD7CE
:10EC8000874081279B9707019BD7074193F7F70F91
:10EC90009B9407019BD40441036744FC979715009C
:10ECA000938747A33E97835764F9E127C217C1931F
:10ECB0000146BE853A85EF00F04FAA8781279B97D2
:10ECC000870081279B9707019BD7074193F707F0A0
:10ECD0009B9707019BD70741C58F9B9707019BD740
:10ECE0000741C217C1932311F4FC930724FC094682
:10ECF000BE85033584FCEF90A1478D461946C1457A
:10ED000017B50100130585F1EF10D01C835764F986
:10ED1000E127C217C193BE85179515001305859B82
:10ED2000EF005036AA87232EF4FC8327C4FD3E85CE
:10ED3000A6700674E66465618280011122EC001001
:10ED4000AA872317F4FE970702009387A75483D757
:10ED500007000357E4FE012781276314F700854766
:10ED600011A081473E85626405618280411122E4E1
:10ED70000008970702009387E751239007000100DE
:10ED8000226441018280011122EC00109797150046
:10ED9000938747B423A0070097971500938787B3FD
:10EDA00023A60700979715009387C7B223A80700EB
:10EDB000A30704FE0DA08347F4FE812717971500D3
:10EDC000130747B18A07BA9723A207008347F4FEC7
:10EDD0008527A307F4FE8347F4FE13F7F70F854753
:10EDE000E3FBE7FC230704FE15A08347E4FE81272D
:10EDF00017971500130707AE91078A07BA9723A440
:10EE000007008347E4FE85272307F4FE8347E4FEDB
:10EE100013F7F70F8547E3FAE7FC979715009387F9
:10EE200067AB23A007020100626405618280411183
:10EE300006E422E00008EFF01FF50100A260026482
:10EE400041018280397122FC8000AA872317F4FCDB
:10EE5000232404FE97971500938747ACDC472328AB
:10EE6000F4FC97971500938767AB9C4B232AF4FC1F
:10EE700097971500938787AA83C79700230CF4FC04
:10EE8000A30C04FC8357E4FC231DF4FCB147A30747
:10EE9000F4FE8347F4FE9BD71700A307F4FE930705
:10EEA00004FD2330F4FE2DA0833704FE83D7070032
:10EEB0008127032784FEB99F2324F4FE8347F4FEB1
:10EEC000FD37A307F4FE833704FE89072330F4FEE1
:10EED0008347F4FE93F7F70FE1FB05A0032784FEB9
:10EEE000C167FD17F98F1B870700832784FE9BD717
:10EEF00007018127B99F2324F4FE832784FE9BD733
:10EF000007018127E1FF832784FEC217C1933E8555
:10EF1000627421618280597186F4A2F080182334D2
:10EF2000A4FA2330B4FAB287232EF4F8231704FE90
:10EF3000231604FE833704FA9C63233CF4FA8337D8
:10EF400084FB83C707009B97270093F7F70F93F77E
:10EF5000C703A305F4FE833784FB0347B4FE4217BF
:10EF600041930146BA853E85EF00D024AA87231736
:10EF7000F4FE8357E4FE812799C39D47D9A18337C7
:10EF800084FB5146BE851795150013052599EF9012
:10EF9000211E833784FBD107233CF4FA9797150091
:10EFA0009387C79783C707009BD7470093F7F70F4F
:10EFB0008127BD8B81273E8791476304F7009947DE
:10EFC00049A19797150093876795984B97971500D8
:10EFD0009387C794CC47833784FA9907BE86214626
:10EFE0003A85EFC0DFE997971500938727939C4BED
:10EFF0009BD787011B870700979715009387079278
:10F000009C4B9BD787008127BE86C167938707F0FB
:10F01000F58F8127D98F1B87070097971500938756
:10F02000E78F9C4B9B9787008127BE86B707FF0021
:10F03000F58F8127D98F1B87070097971500938736
:10F04000E78D9C4B9B9787018127D98F1B870700F2
:10F05000979715009387878C98CB97971500938780
:10F06000E78BDC479BD787011B8707009797150025
:10F070009387C78ADC479BD787008127BE86C167F5
:10F08000938707F0F58F8127D98F1B870700979704
:10F0900015009387A788DC479B9787008127BE864A
:10F0A000B707FF00F58F8127D98F1B870700979738
:10F0B00015009387A786DC479B9787018127D98F07
:10F0C0001B8707009797150093874785D8C79797A1
:10F0D00015009387A784DC473E87FD576314F7002C
:10F0E000A14785A69797150093874783984B9787E5
:10F0F00015009387277E9C436301F70A97971500B5
:10F100009387C7819C4BD1CB979715009387078135
:10F110009C4B3E87FD576302F7089787150093873E
:10F12000677B9C433E87B7070001FD17D98F1B877C
:10F130000700978715009387677E9C4B630FF70442
:10F1400097871500938707799C433E87C167FD1712
:10F15000D98F1B870700978715009387277C9C4BC7
:10F16000630DF702978715009387C7769C4393E753
:10F17000F70F1B870700978715009387277A9C4B0B
:10F18000630DF70097871500938747799C4B3E875F
:10F19000B70700E085076315F72A9787150093875F
:10F1A000E77783D727009BD78700C217C1931B97A8
:10F1B00007011B570741978715009387277683D749
:10F1C000270081279B97870081279B9707019BD763
:10F1D0000741D98F9B9707019BD7074113970703D7
:10F1E000419397871500938767732391E7008347BF
:10F1F000B4FE13F7F70FCD4763E4E700C14791A4CE
:10F200008347B4FE13F7F70FD14763FAE7000337DC
:10F2100084FB8347B4FEB117BA97233CF4FA97876F
:10F2200015009387A76F83C797008127BE8619476C
:10F230006389E612BE8645476389E60A3E878547AD
:10F240006312F71E89461946814517B5010013055B
:10F25000E59EEF102048978715009387276C9C4BFD
:10F2600099E3A147F9AA978715009387276B03D7DE
:10F2700027008347B4FEC217C193BB07F74023168C
:10F28000F4FE833784FB0357C4FE0146BA853E85EE
:10F29000EF004072AA872317F4FE8357E4FE81270C
:10F2A00089EF930784FB1786150013062667BE8532
:10F2B000033584FAEFF04FB451A28357E4FE1B8765
:10F2C0000700930704FC3A8697B5010093850598DB
:10F2D0003E85EF90814A930704FC89461946814593
:10F2E0003E85EF10203FA547A9AA894619468145CA
:10F2F00017B5010013050597EF10C03D978715005E
:10F300009387C76103D727008347B4FEC217C19311
:10F31000BB07F7402316F4FE8357C4FE3E85EFF08B
:10F320007FB2AA872317F4FE833784FB8356E4FE5B
:10F330000357C4FE3686BA853E85EF00A067AA87CC
:10F340002317F4FE8357C4FE1B8707008356E4FE91
:10F35000930784FB3A86BE85033584FAEF409076A6
:10F36000F1A889461946814517B501001305859016
:10F37000EF104036978715009387475A03D7270029
:10F380008347B4FEC217C193BB07F7402316F4FEB0
:10F390008357C4FE3E85EFF0FFAAAA872317F4FE29
:10F3A000833784FB8356E4FE0357C4FE3686BA8552
:10F3B0003E85EF0020608357E4FE8127B1EB9787FD
:10F3C00015009387A7559C4B3E87FD576302F704B2
:10F3D00097871500938787549C4B9DCB9787150083
:10F3E0009387C753D847978715009387275198C3AA
:10F3F000978715009387875098438356C4FE9307D9
:10F4000084FB3A86BE85033584FAEF20D01A3DA0EE
:10F4100089461D46814517B501001305A586EF10E5
:10F42000602B29A8833784FB178715001307074F24
:10F4300003572700BA97233CF4FA0100854711A02F
:10F44000A1473E85A6700674656182801D7186ECB9
:10F45000A2E88010233CA4FA2338B4FAB287368796
:10F460002326F4FABA872324F4FA232604FE8337EA
:10F4700004FB9C632338F4FC8547A307F4FC9787BF
:10F480001500938727459C4381EB832784FA1B87CC
:10F490000700C547631CF73C978715009387874390
:10F4A0009C433E87B707007F85076301F73C8327AE
:10F4B000C4FA1B870700FD57B307F74093B717003F
:10F4C00013F7F70F8326C4FAB70700FFD58F8127FC
:10F4D000BE86FD57B387F64093B7170093F7F70F33
:10F4E000D98F93F7F70F1B8707008326C4FAC177DC
:10F4F000D58F8127BE86FD57B387F64093B7170097
:10F5000093F7F70F8127D98F1B8707008327C4FA4A
:10F5100093E707F08127BE86FD57B387F64093B780
:10F52000170093F7F70F8127D98F8127A5E79787D2
:10F5300015009387273A98438327C4FAB98F1B870E
:10F540000700978715009387E738DC47F98F8127F5
:10F5500091E78327C4FA232EF4FC01A897871500AE
:10F56000938747379C4B232EF4FC8327C4FD3E85AD
:10F57000EFC03FF92330A4FE833704FE95E38327D1
:10F58000C4FD3E85EFC09FBEAA872326F4FEA307D5
:10F5900004FC39A097E701009387C7672330F4FE86
:10F5A0008347F4FC93F7F70F6382072C19468335E2
:10F5B00004FE033504FDEF80B13B833704FD99075A
:10F5C0002338F4FC833704FD17871500130707C0A1
:10F5D000034807000345170083452700034637000B
:10F5E000834647000347570023800701A380A700F5
:10F5F0002381B700A381C7002382D700A382E7003D
:10F60000833704FD99072338F4FC833704FD214731
:10F610002380E700833704FD85072338F4FC833714
:10F6200004FD23800700833704FD85072338F4FC9D
:10F63000833704FD130750042380E700833704FD5C
:10F6400085072338F4FC833704FD238007008337C4
:10F6500004FD85072338F4FC833704FD238007006D
:10F66000833704FD85072338F4FC833704FD2380AA
:10F670000700833704FD85072338F4FC833704FD36
:10F680001307A0FA2380E700833704FD850723389A
:10F69000F4FC833704FD130750052380E70083370C
:10F6A00004FD85072338F4FC833704FD13070004A9
:10F6B0002380E700833704FD85072338F4FC833774
:10F6C00004FD23800700833704FD85072338F4FCFD
:10F6D000833704FD130700042380E700833704FD0C
:10F6E00085072338F4FC832784FA13F7F70F833751
:10F6F00004FD2380E700833704FD85072338F4FCED
:10F70000833704FD23800700833704FD85072338F2
:10F71000F4FC833704FD23800700833704FD85074D
:10F720002338F4FC978715009387C71A9C439BD70F
:10F730008701812713F7F70F833704FD2380E70044
:10F74000833704FD85072338F4FC978715009387DA
:10F7500067189C439BD70701812713F7F70F83375F
:10F7600004FD2380E700833704FD85072338F4FC7C
:10F7700097871500938707169C439BD7870081279F
:10F7800013F7F70F833704FD2380E700833704FD69
:10F7900085072338F4FC978715009387A7139C43AC
:10F7A00013F7F70F833704FD2380E700833704FD49
:10F7B00085072338F4FC8327C4FA9BD78701812768
:10F7C00013F7F70F833704FD2380E700833704FD29
:10F7D00085072338F4FC8327C4FA9BD707018127C8
:10F7E00013F7F70F833704FD2380E700833704FD09
:10F7F00085072338F4FC8327C4FA9BD78700812729
:10F8000013F7F70F833704FD2380E700833704FDE8
:10F8100085072338F4FC8327C4FA13F7F70F8337DF
:10F8200004FD2380E700833704FD85072338F4FCBB
:10F83000978715009387070A984397871500938742
:10F84000E70DD8C7978715009387470D0327C4FA9C
:10F8500098CB832784FA13F7F70F978715009387C0
:10F86000E70BA384E70085472326F4FE833704FBD8
:10F87000033704FD98E38327C4FE3E85E6604664B3
:10F8800025618280397106FC22F880002334A4FCB3
:10F89000AE872313F4FC833784FCC1072330F4FEC6
:10F8A000835764FCD127231FF4FC8357E4FD9BD7C7
:10F8B0008700C217C19313F7F70F833704FE238025
:10F8C000E700833704FE85072330F4FE8357E4FD09
:10F8D00013F7F70F833704FE2380E700833704FE16
:10F8E00085072330F4FE833784FCB9070146D145F0
:10F8F0003E85EF00200CAA87231EF4FC833784FC8E
:10F90000E1072330F4FE8357C4FD9BD78700C2175D
:10F91000C19313F7F70F833704FE2380E700833783
:10F9200004FE85072330F4FE8357C4FD13F7F70F59
:10F93000833704FE2380E700833704FE85072330E6
:10F94000F4FE8357E4FD8127B927812781270147EA
:10F95000BE86033684FC814517651100130585BCFE
:10F96000EF70BFD3AA87A30DF4FC8347B4FD13F750
:10F97000F70F85476306F700F9472326F4FE21A019
:10F9800085472326F4FE8327C4FE3E85E270427439
:10F9900021618280411122E4000897871500938736
:10F9A000E7F783D72700B137C217C1933E8522649A
:10F9B00041018280397122FC80002334A4FCAE878F
:10F9C00032872313F4FCBA872312F4FC833784FCB8
:10F9D0002330F4FE835744FC2326F4FEB9A00337FA
:10F9E00004FE930717002330F4FE9307E4FD850718
:10F9F000034707002380E700833704FE13871700BF
:10FA00002330E4FE1307E4FD83C707002300F7005B
:10FA10008357E4FD81270327C4FEB99F2326F4FE04
:10FA2000835764FCF9372313F4FC835764FC1B876A
:10FA300007008547E3E5E7FA835764FC8127B1CBEC
:10FA4000033704FE930717002330F4FE9307E4FD09
:10FA50008507034707002380E7009307E4FD238021
:10FA600007008357E4FD81270327C4FEB99F23269F
:10FA7000F4FE05A00327C4FEC167FD17F98F1B879D
:10FA800007008327C4FE9BD707018127B99F232640
:10FA9000F4FE8327C4FE9BD707018127E1FF83275C
:10FAA000C4FE93C7F7FF2326F4FE8327C4FEC217C4
:10FAB000C1933E85627421618280797122F40018BD
:10FAC000AA87A30FF4FC97E70100938797220347C7
:10FAD000F4FD2380E70097E701009387972183C710
:10FAE0000700858BA307F4FE97E701009387772033
:10FAF00083C707009BD7170013F7F70F97E701009D
:10FB00009387371F2380E7008347F4FE93F7F70FAF
:10FB100095C797E701009387D71D03C7070097E7AD
:10FB200001009387071D83C70700B98F13F7F70FED
:10FB300097E701009387F71B2380E70097E7010011
:10FB40009387371B83C7070093F7F70793F7F70FE0
:10FB50003E85227445618280411122E40008978726
:10FB60001500938727DF83D727008DC3978715005C
:10FB7000938747DE83D72700FD3713970703419309
:10FB800097871500938707DD2391E7000100226422
:10FB900041018280797106F422F000182334A4FE1A
:10FBA0002330B4FEB287232EF4FC97871500938789
:10FBB000673983C727028127898B812791CB8327C8
:10FBC000C4FD3E86833504FE033584FEEF00E0006D
:10FBD0000100A270027445618280397106FC22F82E
:10FBE0008000233CA4FC2338B4FCB2872326F4FC19
:10FBF000833704FD9C632330F4FE978715009387B9
:10FC0000673405472380E70225A2833704FE83C7B4
:10FC10000700C217C1939B9787002317F4FE833711
:10FC200004FE85072330F4FE833704FE83C70700F4
:10FC3000C217C1930357E4FEB99F2317F4FE83371D
:10FC400004FE85072330F4FE8357E4FE9BD797001C
:10FC5000C217C193A306F4FE8357E4FE93F7F71F80
:10FC60002315F4FE8347D4FE93F7F70F8DC7834720
:10FC7000D4FE13F7F70F8D4763EFE7008356A4FE1A
:10FC80000347D4FE930704FE3A86BE85033584FD00
:10FC9000EF00A00B71A88347D4FE13F7F70F93076B
:10FCA000F007631DF7000357A4FE930704FE3A868E
:10FCB000BE85033584FDEF0000379DA88347D4FE41
:10FCC00013F7F70F8D4763F6E7028347D4FE13F768
:10FCD000F70FA14763EFE7008356A4FE0347D4FE66
:10FCE000930704FE3A86BE85033584FDEF00E02EBF
:10FCF00081A08347D4FE93F7F70F85E70357A4FE4F
:10FD0000930704FE3A86BE85033584FDEF00E025A7
:10FD1000AA873E8797871500938767C32380E700EC
:10FD200001A8930704FEBE85033584FDEF00A01EE5
:10FD3000978715009387072183C70702E39707EC8E
:10FD40000100E2704274216182805D7186E4A2E06C
:10FD500080082334A4FC2330B4FCB2873687A30F79
:10FD6000F4FABA87231EF4FA833704FC9C63233425
:10FD7000F4FE8D461946D54517A50100130505FD6E
:10FD8000EF0050158347F4FB8127BE860947638E39
:10FD9000E604BE860D47638FE60E3E8785476317F0
:10FDA000F71697F701009387A74F05472380E700D1
:10FDB0000357C4FB930784FD3A86833584FE3E8552
:10FDC000EF80013B8357C4FB033784FEBA9723348B
:10FDD000F4FE833704FC033784FE98E3930784FD25
:10FDE00099453E85EF00A07515A297F7010093870E
:10FDF000274B83C707003E8785476310F70897F7AF
:10FE000001009387E74909472380E700833784FE91
:10FE100083C70700A303F4FE833784FE85072334DA
:10FE2000F4FE834774FE13F7F70F9547631EF7023E
:10FE30008357C4FB8127FD3781273E86833584FEA7
:10FE400017E50100130505EBEF8081328357C4FBF2
:10FE5000FD17033784FEBA972334F4FE833704FC7E
:10FE6000033784FE98E35DA08357C4FBFD17033777
:10FE700084FEBA972334F4FE51A8833504FC03357D
:10FE800084FCEF00400997F70100938767412380C6
:10FE90000700ADA897F701009387874083C7070045
:10FEA0003E8789476317F704833784FE83C70700BB
:10FEB000C217C1939B9787002312F4FE833784FEF9
:10FEC00085072334F4FE833784FE83C70700C217F7
:10FED000C193035744FEB99F2312F4FE833784FE77
:10FEE00085072334F4FE833704FC033784FE98E34C
:10FEF00031A8833504FC033584FCEF00C00197F77B
:10FF000001009387E7392380070001000100A66004
:10FF1000066461618280011106EC22E8001023343E
:10FF2000A4FE2330B4FE8D461946D54517A5010021
:10FF3000130545E4EF00007A978715009387870043
:10FF40000547A38FE700978715009387A7FF2380B6
:10FF50000702978715009387C7FE09472380E700AC
:10FF60000100E260426405618280397106FC22F87A
:10FF70008000233CA4FC2338B4FCB2872317F4FC94
:10FF8000A30704FE8D461946D54517A501001305A4
:10FF900065E0EF0020748357E4FC812795E39787A1
:10FFA0001500938727FA2380070297871500938708
:10FFB00047F909472380E7008547A307F4FE39A0E6
:10FFC000833504FD033584FDEFF0FFF48347F4FE31
:10FFD0003E85E270427421618280797106F422F0DC
:10FFE00000182334A4FE2330B4FEB2873687A30F53
:10FFF000F4FCBA87231EF4FC8D461946D54517A597
:020000040801F1
:100000000100130525DBEF00E06C833704FE9863E5
:100010008357C4FD3E97833704FE98E30100A27026
:100020000274456182805D7186E4A2E08008233419
:10003000A4FC2330B4FCB287231FF4FA833704FCFA
:100040009C632338F4FC8D461946D54517A501005D
:100050001305C5D7EF00006897A70100938707DB5A
:100060002330F4FEA30704FE833704FD83C7070093
:1000700081279B970701232EF4FC833704FD850716
:100080002338F4FC833704FD83C7070081279B973F
:10009000870081270327C4FDB99F232EF4FC8337F3
:1000A00004FD85072338F4FC833704FD83C707006C
:1000B00081270327C4FDB99F232EF4FC833704FD59
:1000C00085072338F4FC833704FD83C70700A30D9D
:1000D000F4FC833704FD85072338F4FC230704FE72
:1000E000ADA0833704FE98438327C4FD8127639422
:1000F000E704833704FE03C747008347B4FD93F743
:10010000F70F639AE702833704FE03B8870083572B
:10011000E4FB13F6F70F0347B4FD8326C4FD9307F2
:1001200004FDBE85033584FC0298AA878127B33776
:10013000F000A307F4FE833704FEC1072330F4FE6A
:100140008347E4FE85272307F4FE8347E4FE13F785
:10015000F70F8947E3F7E7F88347F4FE93C71700E3
:1001600093F7F70F89CB033704FD8357E4FBF117AF
:10017000BA972338F4FC033704FD833704FC98E373
:100180000100A6600664616182805D7186E4A2E080
:1001900080082334A4FC2330B4FCB287A30FF4FA04
:1001A000B687232CF4FABA87230FF4FA232604FE29
:1001B000833704FC9C632330F4FE8347E4FB13F78E
:1001C000F70F85476310F70A8D461946D54517A5E1
:1001D00001001305A5C1EF00E04F832784FB232A0C
:1001E000F4FC9307F0072308F4FC8347F4FBC217E1
:1001F000C1932319F4FC8347E4FB230CF4FC8337FD
:1002000004FE83C70700230EF4FC833704FE850732
:100210002330F4FE8347C4FD8127A18B812799CB2E
:1002200097F701009387870703C707001367270025
:100230002380E7008347C4FD8127858B812799CBE5
:1002400097F701009387870503C707001367070225
:100250002380E700833704FC033704FE98E38547D7
:100260002326F4FE8327C4FE3E85A66006646161F2
:1002700082801D7186ECA2E88010233CA4FA23380A
:10028000B4FAB287A307F4FAB6872324F4FABA873C
:100290002307F4FA232604FE833704FB9C632330F0
:1002A000F4FE8347E4FA13F7F70F89476312F72840
:1002B0008D461946D54517A50100130525B4EF0055
:1002C0006041832784FA2322F4FC9307F00723007C
:1002D000F4FC8347F4FAC217C1932311F4FC83475B
:1002E000E4FA2304F4FC833704FE83C707002306E3
:1002F000F4FC833704FE85072330F4FE833704FEC5
:1003000083C707002308F4FC833704FE85072330E6
:10031000F4FE833704FE83C70700A308F4FC833789
:1003200004FE85072330F4FE833704FE83C70700ED
:10033000230AF4FC833704FE85072330F4FE833759
:1003400004FE83C70700C217C1939B978700C2179B
:10035000C193231CF4FC833704FE85072330F4FE8D
:10036000035784FD833704FE83C70700C217C19378
:10037000B99FC217C193231CF4FC833704FE850781
:100380002330F4FE833704FE83C70700C217C193EE
:100390009B978700C217C193231DF4FC833704FE8B
:1003A00085072330F4FE0357A4FD833704FE83C77B
:1003B0000700C217C193B99FC217C193231DF4FC54
:1003C000833704FE85072330F4FE0357A4FD978787
:1003D0001500938727B72392E7028357A4FD1B8755
:1003E00007009307F00F63FEE70497F70100938778
:1003F000E7EA83C70700858B13F7F70F97F701002C
:100400009387C7E92380E70097F70100938707E9FF
:1004100003C70700136747002380E70097F7010031
:100420009387C7E703C707003D9B2380E70097F743
:1004300001009387A7E603C707005D9B2380E700C1
:10044000C5A08357A4FD1B8707009307200863F608
:10045000E7068357A4FD1B8707009307F00F63EEA1
:10046000E70497F70100938767E383C70700858B4D
:1004700013F7F70F97F70100938747E22380E70010
:1004800097F70100938787E103C707001367870089
:100490002380E70097F70100938747E003C7070031
:1004A0006D9B2380E70097F70100938727DF03C741
:1004B00007003D9B2380E700A5A08357A4FD1B8771
:1004C00007009307200863EDE70497F7010093877F
:1004D000E7DC83C70700858B13F7F70F97F7010059
:1004E0009387C7DB2380E70097F70100938707DB3B
:1004F00003C70700136707012380E70097F7010090
:100500009387C7D903C707005D9B2380E70097F750
:1005100001009387A7D803C707006D9B2380E700DE
:10052000833704FB033704FE98E385472326F4FE54
:100530008327C4FE3E85E66046642561828039716A
:1005400022FC80002334A4FCAE87A303F4FC833791
:1005500084FC2330F4FE834774FC9BD71700A30F61
:10056000F4FCA30704FEA5A88347F4FE033704FEAA
:10057000BA9783C70700230FF4FC834774FC8127D5
:10058000FD371B8707008347F4FE8127BB07F74031
:1005900081273E87833704FE3E978347F4FE8336E8
:1005A00004FEB697034707002380E700834774FCE7
:1005B0008127FD371B8707008347F4FE8127BB0790
:1005C000F74081273E87833704FEBA970347E4FD4F
:1005D0002380E7008347F4FE8527A307F4FE034743
:1005E000F4FE8347F4FD1377F70F93F7F70FE36DEE
:1005F000F7F60100627421618280117186FDA2F913
:100600000002AA872326F4F00145EF005066AA876E
:100610002330F4FE930784F1033604FE97A501000E
:100620009385C58C3E85EF804115938781879C63B8
:10063000130784F1BA853E85EF301FCC232604FED4
:10064000B5A88327C4F01B870700A147631FF702E3
:10065000179701001307877D8367C4FE8E07BA973B
:100660009043179701001307677C8367C4FE8E07CA
:10067000BA97D843978615009386468F931706023C
:1006800081938A07B69798C32DA017970100130787
:10069000E7798367C4FE8E07BA979C4317871500D6
:1006A0001307C78C821781938A07BA970327C4F070
:1006B00098C38327C4FE85272326F4FE8327C4FE20
:1006C0001B870700D947E3FEE7F60100EE704E7482
:1006D00011618280397106FC22F88000233CA4FC61
:1006E000AE873687232AF4FCB2872328F4FCBA8726
:1006F000A307F4FC832744FDC217C1939B973700DF
:10070000139707034193832704FDC217C193D98F21
:100710002317F4FE1797010013074771836744FD01
:100720008E07BA979C4317871500130727848217F3
:1007300081938A07BA979843832704FD81276367CB
:10074000F7028357E4FE1B8707009307F00B63EF64
:10075000E7008347F4FC8127898B812781CB83576E
:10076000E4FEBE85033584FDEF00E0040100E27085
:10077000427421618280797122F40018AA87232EA5
:10078000F4FC232604FE8327C4FD1B870700D947FA
:1007900063EDE700177715001307477D8367C4FDF6
:1007A0008A07BA979C432326F4FE8327C4FE3E851E
:1007B000227445618280257106EF22EB00132334F9
:1007C000A4ECAE872313F4EC97771500938787107A
:1007D0009C4382178193233CF4EC0145EF003049A0
:1007E000AA872330F4EE930704EE3E85EF70E17A9A
:1007F0002334A4FE835764EC1B8E0700833784FEEA
:1008000083AE4701833784FE03AF0701833784FE3D
:1008100083AFC700833784FE83A88700833784FEB5
:10082000D843833784FE9443930784ED8D078387F1
:1008300007001B860700930784ED8907838707005D
:100840009B850700930784ED850783870700812731
:10085000130584ED030505000125130384EE033819
:1008600084ECC2E8179801001308C86EC2E4179818
:1008700001001308286EC2E0179801001308886D64
:1008800042FC179801001308E86C42F82AF43EF085
:100890002EEC32E836E43AE07E88FA8776878546A1
:1008A000728697950100938565661A85EF70F16CE5
:1008B000938781879C63130784EEBA853E85EF306A
:1008C000BFA385473E85FA605A641D6182803971F5
:1008D00022FC8000AA872326F4FCF32740F123346E
:1008E000F4FE833784FE2330F4FE033704FE914781
:1008F00063E2E724833704FE1397270097970100EC
:1009000093878765BA979C431B87070097970100D9
:1009100093878764BA9782873707000C8327C4FCC4
:100920009BD757008127939607028192856793870B
:100930000780B6978A07BA979C43232EF4FC832737
:10094000C4FCFD8B81273E878547BB97E7001B874B
:1009500007008327C4FDD98F232EF4FC3707000C32
:100960008327C4FC9BD75700812793960702819267
:10097000856793870780B6978A07BA970327C4FDD0
:1009800098C355AA3707000C8327C4FC9BD7570090
:100990008127939607028192856793870782B6978E
:1009A0008A07BA979C43232EF4FC8327C4FCFD8B53
:1009B00081273E878547BB97E7001B870700832772
:1009C000C4FDD98F232EF4FC3707000C8327C4FC09
:1009D0009BD757008127939607028192856793875B
:1009E0000782B6978A07BA970327C4FD98C3A1A2C6
:1009F0003707000C8327C4FC9BD7570081279396A9
:100A000007028192856793870786B6978A07BA9708
:100A10009C43232EF4FC8327C4FCFD8B81273E8757
:100A20008547BB97E7001B8707008327C4FDD98F45
:100A3000232EF4FC3707000C8327C4FC9BD75700F8
:100A40008127939607028192856793870786B697D9
:100A50008A07BA970327C4FD98C3F1A83707000C8B
:100A60008327C4FC9BD75700812793960702819266
:100A700085679387078AB6978A07BA979C43232E80
:100A8000F4FC8327C4FCFD8B81273E878547BB97F9
:100A9000E7001B8707008327C4FDD98F232EF4FCB2
:100AA0003707000C8327C4FC9BD7570081279396F8
:100AB0000702819285679387078AB6978A07BA9754
:100AC0000327C4FD98C385A83707000C8327C4FCFF
:100AD0009BD757008127939607028192856793875A
:100AE000078EB6978A07BA979C43232EF4FC832778
:100AF000C4FCFD8B81273E878547BB97E7001B879A
:100B000007008327C4FDD98F232EF4FC3707000C80
:100B10008327C4FC9BD757008127939607028192B5
:100B200085679387078EB6978A07BA970327C4FD10
:100B300098C311A0010001006274216182803971A3
:100B400022FC8000AA872326F4FCF32740F12334FB
:100B5000F4FE833784FE2330F4FE033704FE91470E
:100B600063E1E726833704FE139727009797010078
:100B70009387C73FBA979C431B870700979701004D
:100B80009387C73EBA9782873707000C8327C4FC38
:100B90009BD7570081279396070281928567938799
:100BA0000780B6978A07BA979C43232EF4FC8327C5
:100BB000C4FCFD8B81273E878547BB97E7008127D3
:100BC00093C7F7FF1B8707008327C4FDF98F232EE8
:100BD000F4FC3707000C8327C4FC9BD75700812700
:100BE000939607028192856793870780B6978A0755
:100BF000BA970327C4FD98C3F1A23707000C8327D7
:100C0000C4FC9BD757008127939607028192856782
:100C100093870782B6978A07BA979C43232EF4FCE2
:100C20008327C4FCFD8B81273E878547BB97E70060
:100C3000812793C7F7FF1B8707008327C4FDF98F20
:100C4000232EF4FC3707000C8327C4FC9BD75700E6
:100C50008127939607028192856793870782B697CB
:100C60008A07BA970327C4FD98C3A9AA3707000CBF
:100C70008327C4FC9BD75700812793960702819254
:100C8000856793870786B6978A07BA979C43232E72
:100C9000F4FC8327C4FCFD8B81273E878547BB97E7
:100CA000E700812793C7F7FF1B8707008327C4FD51
:100CB000F98F232EF4FC3707000C8327C4FC9BD745
:100CC000570081279396070281928567938707864D
:100CD000B6978A07BA970327C4FD98C3E5A03707DC
:100CE000000C8327C4FC9BD75700812793960702EB
:100CF000819285679387078AB6978A07BA979C433C
:100D0000232EF4FC8327C4FCFD8B81273E87854777
:100D1000BB97E700812793C7F7FF1B87070083274F
:100D2000C4FDF98F232EF4FC3707000C8327C4FC85
:100D30009BD75700812793960702819285679387F7
:100D4000078AB6978A07BA970327C4FD98C39DA858
:100D50003707000C8327C4FC9BD757008127939645
:100D60000702819285679387078EB6978A07BA979D
:100D70009C43232EF4FC8327C4FCFD8B81273E87F4
:100D80008547BB97E700812793C7F7FF1B870700BD
:100D90008327C4FDF98F232EF4FC3707000C83272B
:100DA000C4FC9BD7570081279396070281928567E1
:100DB0009387078EB6978A07BA970327C4FD98C30F
:100DC00011A001000100627421618280411106E4DA
:100DD00022E00008EFA07FA7EFE06F85EFC0AF93A0
:100DE000EF20F035EF00A062EF00E004EF004001DB
:100DF0002145EFF09F800100A260026441018280E2
:100E0000411106E422E00008177515001305051CC2
:100E1000EF00E065977715009387471B9C63138766
:100E2000A700977715009387671A98E30100A260DF
:100E3000026441018280411122E400080100226421
:100E400041018280011106EC22E80010EF00A007AA
:100E5000EFC0CF91930784FE3E85EF0040610337DA
:100E600084FE97771500938767169C63634DF700A0
:100E7000EFB04FAA833784FE1387A700977715003A
:100E80009387C71498E3033784FE97E7010093879D
:100E900067419C6363D4E702EF20902EEFE0DFCB45
:100EA00097771500938707AB05472384E70003373F
:100EB00084FE97E701009387E73E98E30100E26034
:100EC000426405618280317106FD22F980019767D5
:100ED00015009387A71BDC4381276382073697673A
:100EE00015009387A71A9C4F232AF4FC97671500D7
:100EF0009387C7199C732330F4FE97671500938777
:100F0000E7189C572326F4FE976715009387071868
:100F10009C7B233CF4FC97671500938727179C7FE5
:100F20002334F4FC833704FE2334F4F4033784F4CD
:100F3000930704FA3946BA853E85EF7061238337FB
:100F400084F4B9072334F4F48357C4FA9BD7870099
:100F5000C217C1931B9707011B5707418357C4FA58
:100F600081279B97870081279B9707019BD7074184
:100F7000D98F9B9707019BD70741C217C1932316AF
:100F8000F4FA8357C4FA8127BE8621671307071036
:100F90006380E604BE86216713070710634DD70000
:100FA0001B87078001273DC33E878567938767803E
:100FB000630AF70275A8BE8621671307D76D638B96
:100FC000E6063E87A5679387C78C630FF7064DA09B
:100FD0008D46194681451795010013052524EFF02C
:100FE0006FEFCDA08D461946814517950100130579
:100FF0006524EFF02FEE0327C4FE930784F43A86AE
:10100000BE85033504FEEFA01F8B6DA88D461946E3
:101010008145179501001305E522EFF0AFEB03279B
:10102000C4FE930784F43A86BE85033504FEEFD0F0
:101030009FEE49A88D461946814517950100130575
:101040006521EFF02FE9BDA88D461946814517951A
:1010500001001305A521EFF0EFE70327C4FE930776
:1010600084F43A86BE85033504FEEFE0BFB299A84A
:101070008357C4FA2330F4FC033704FC9307B05DB4
:1010800063CEE700930704F5033604FC979501004F
:101090009385451F3E85EF70416E21A8930704F5A7
:1010A000033604FC979501009385451F3E85EF703C
:1010B000C16C930704F58D46194681453E85EFF0D6
:1010C0006FE10100938781819863B7070200BA97A7
:1010D00083A7C77B85C3938781819863836744FD1A
:1010E00091078A07BA979C4793F7F70F3E85EF2041
:1010F0005FAC29A8938781819863836744FD91073A
:101100008A07BA979C473E85EFF07FA39767150043
:101110009387C7F7DC43812799CF9767150093879B
:10112000E7F6DC438127FD371B870700976715002B
:101130009387C7F5D8C397671500938727F5DC43D6
:10114000232EF4FA938781819863B7070200BA9738
:1011500083A7C77B85C3938781819863836744FD99
:1011600091078A07BA979C4793F7F70F3E85EF20C0
:10117000FF8C29A8938781819863836744FD910739
:101180008A07BA979C473E85EFF06FF48327C4FB2C
:101190008127CDC3833784FDE107233CF4FC93878B
:1011A00081819863836644FDA1679387071DB38699
:1011B000F60299679387870EB697BA97A107033708
:1011C00084FD63F4E702938781819863836644FD1D
:1011D000A1679387071DB386F6029967938707E097
:1011E000B697BA97A107233CF4FC833784FD9C4350
:1011F00013970702019385478217E117F98F233868
:10120000F4FA833784FD9C47821781938217033752
:1012100004FBD98F2338F4FA833704FB2330F4FE20
:10122000833784FDDC4381273E879167FD17F98F63
:101230002326F4FE8327C4FB8127E39507CE010014
:10124000EA704A7429618280797106F422F00018EC
:10125000233CA4FCAE87231BF4FC833784FD23349A
:10126000F4FE833784FE85072334F4FE833784FE3F
:1012700085072334F4FE833784FE85072334F4FE88
:10128000833784FE85072334F4FE833784FE910779
:101290002334F4FE833784FE91072334F4FE83372E
:1012A00084FE91072334F4FE833784FE91072334B0
:1012B000F4FE833784FE91072334F4FE833784FEE3
:1012C00091072334F4FE833784FE91072334F4FE20
:1012D000833784FE83C7070081279B9787012322DA
:1012E000F4FE833784FE85072334F4FE833784FEBF
:1012F00083C7070081279B9707018127032744FEA7
:10130000B99F2322F4FE833784FE85072334F4FE3D
:10131000833784FE83C7070081279B978700812737
:10132000032744FEB99F2322F4FE833784FE8507FA
:101330002334F4FE833784FE83C707008127032705
:1013400044FEB99F2322F4FE833784FE85072334AD
:10135000F4FE833784FE83C7070081279B978701AC
:101360002320F4FE833784FE85072334F4FE83377D
:1013700084FE83C7070081279B97070181270327E6
:1013800004FEB99F2320F4FE833784FE85072334AF
:10139000F4FE833784FE83C7070081279B9787006D
:1013A0008127032704FEB99F2320F4FE833784FEA0
:1013B00085072334F4FE833784FE83C70700812723
:1013C000032704FEB99F2320F4FE833784FE85079C
:1013D0002334F4FE833784FE91072334F4FE8337ED
:1013E00084FE91072334F4FE032744FEB787557C1F
:1013F0009B870718B99F2322F4FE836744FE3E852E
:10140000EF00C0040100A2700274456182804111A6
:1014100022E40008977715009387471C37C71E4DB5
:101420001307072E98E3977715009387271B986378
:101430009307803EB307F7023E8797E70100938743
:10144000E7F798E30100226441018280011122EC58
:1014500000102334A4FE833784FE98639777150029
:101460009387C71798E301006264056182807971F0
:1014700022F40018233CA4FC97E70100938707F4AB
:1014800098639307803EB357F7023E87977715001E
:101490009387C71498E397771500938727149C6365
:1014A0002334F4FE833784FD91C7833784FD0337EB
:1014B00084FE98E3833784FE3E85227445618280F2
:1014C000011122EC00102334A4FE833784FE23A2F2
:1014D0000700833784FE23940700833784FE23AA02
:1014E0000700833784FE23AC0700833784FE23A6DE
:1014F0000700833784FE23A80700833784FE239EDA
:101500000700833784FE239C0706833784FE239DD0
:101510000706833784FE238E0706833784FEA38E57
:101520000706833784FE23900700833784FE239CBD
:101530000704833784FE238D0704833784FE114715
:1015400023A0E70801006264056182801D7186ECBA
:10155000A2E880102334A4FA232604FE977715000E
:101560009387470A233CF4FA833784FA83D707002A
:101570009BD78700C217C1931B9707011B570741D1
:10158000833784FA83D7070081279B9787008127B9
:101590009B9707019BD70741D98F9B9707019BD743
:1015A0000741C217C1932314F4FC833784FA83D70D
:1015B00087009BD78700C217C1931B9707011B5752
:1015C0000741833784FA83D7870081279B97870059
:1015D00081279B9707019BD70741D98F9B970701CD
:1015E0009BD70741C217C1932315F4FC833784FAB4
:1015F000DC4B9BD787011B870700833784FADC4BC2
:101600009BD787008127BE86C167938707F0F58F38
:101610008127D98F1B870700833784FADC4B9B9780
:1016200087008127BE86B707FF00F58F8127D98FF6
:101630001B870700833784FADC4B9B978701812740
:10164000D98F81272326F4FC833784FA9C4B9BD7C0
:1016500087011B870700833784FA9C4B9BD7870041
:101660008127BE86C167938707F0F58F8127D98FC1
:101670001B870700833784FA9C4B9B978700812741
:10168000BE86B707FF00F58F8127D98F1B8707001C
:10169000833784FA9C4B9B9787018127D98F8127B9
:1016A0002328F4FC93070005230AF4FC833784FA0B
:1016B00083D7E7019BD78700C217C1931B97070108
:1016C0001B570741833784FA83D7E70181279B970C
:1016D000870081279B9707019BD70741D98F9B974D
:1016E00007019BD70741C217C193231BF4FC231C9E
:1016F00004FC231D04FC833784FA83C7D7078127A2
:10170000998B812781CB97E701009387A7BB239013
:10171000070031AA833784FA83C7A70581CB97E7EF
:101720000100938727BA2390070011A2833784FA18
:1017300003D7870597E701009387C7B82390E70091
:1017400097E70100938707B883D70700EDC3833776
:1017500084FA83D7C70191E7833784FA0547239E2C
:10176000E700833784FA03D7C70197E7010093871F
:1017700067B583D7070001278127637CF70083378C
:1017800084FA03D7C70197E701009387A7B3239093
:10179000E700833784FA03D7070297E701009387AE
:1017A00067B283D7070001278127637CF70083375F
:1017B00084FA03D7070297E701009387A7B0239025
:1017C000E700833784FABC672330F4FC833784FA5C
:1017D000BC6717E701001307E7AE035707003E9702
:1017E000833784FAB8E7833784FA03D7870597E706
:1017F0000100938727AD83D70700BB07F7401397F6
:1018000007034193833784FA2398E704833784FAE4
:1018100083D7070589EF833784FA83C7D70793E710
:10182000870013F7F70F833784FAA38EE706833711
:1018300084FA83C7D707A30AF4FC97E701009387CC
:1018400067A883D70700D1272315F4FE833784FACE
:10185000D843930784FB99463A86BE8517751500D1
:10186000130545DAEFD09FBEAA872326F4FE83270F
:10187000C4FE1B8707008547631DF70A833784FB77
:10188000130784FC5146BA853E85EF60710E83379D
:1018900084FBD107233CF4FA833784FB2330F4FE26
:1018A00097E70100938707A283D7070085CF033707
:1018B00084FB97E701009387E7A083D70700BE86E4
:1018C000930704FC3686BE853A85EF60710A83373C
:1018D00084FB17E701001307E79E03570700BA9739
:1018E000233CF4FA8357A4FE9927231FF4FC1777AF
:1018F00015001307C7D28357A4FEA127C217C193AF
:101900008356E4FD3686BE853A85EFE0AF8AAA8726
:101910003E87833704FE2398E7008357A4FEBE85E5
:1019200017751500130505CEEFD0DFF5AA8723261E
:10193000F4FE8327C4FE1B8707008547630FF70269
:101940008327C4FE1B870700C9476308F702833754
:1019500084FA83C7C707FD3713F7F70F833784FA75
:10196000238EE706833784FA83D78707A1E383377B
:1019700084FA0947239CE70615A8833784FAD84BD5
:1019800097E701009387079483D707008127B99FC2
:101990001B870700833784FAD8CB894619468145CF
:1019A0001795010013050591EFE0DFD28327C4FEF0
:1019B0003E85E660466425618280797106F422F0F6
:1019C0000018233CA4FCAE87231BF4FC232604FE52
:1019D000833784FD2330F4FE97771500938707C182
:1019E0009C639C5F3E878547631AF71097771500C5
:1019F0009387C7BF9C6383D7E701035764FD012723
:101A0000812763E7E700835764FD2315F4FE11A8DF
:101A100097771500938787BD9C6383D7E7012315CC
:101A2000F4FE97771500938767BC9C639387070341
:101A30000357A4FE3A86833504FE3E85EF6041736A
:101A40008357A4FE033704FEBA972330F4FE97773A
:101A500015009387A7B99C63947B0357A4FE9777DF
:101A600015009387A7B89C63369798FB9777150066
:101A70009387C7B79C6383D6E70197771500938751
:101A8000E7B69C630357A4FE3B87E64042174193A9
:101A9000239FE70097771500938747B59C63D4474A
:101AA0008357A4FE1B87070097771500938707B419
:101AB0009C63359F012798CB97771500938707B3D1
:101AC0009C634147A38EE70697771500938707B27B
:101AD0009C630547238DE70497771500938707B12B
:101AE0009C633E85EFF09FA697771500938707B01C
:101AF0009C63238D070485472326F4FE8327C4FEB9
:101B00003E85A270027445618280397106FC22F81C
:101B100080002334A4FC2330B4FC833704FC9C6392
:101B20002330F4FE232404FE97E7010093870793F4
:101B300083C7C70081279BD727408127C217C1933E
:101B400093F7C703C217C193B1372317F4FE835726
:101B5000E4FE812763820724938701821307802193
:101B60002390E70097E701009387478F83C7D7004B
:101B70008127858B812763860720DDAA833704FEB2
:101B800083C70700A30FF4FC833704FE85072330C7
:101B9000F4FE8347F4FD8127BE860547638AE61C71
:101BA000BE8609476385E602639407108357E4FE07
:101BB000812791CB8357E4FE033704FEBA97233085
:101BC000F4FE231704FE85472324F4FE55A2835711
:101BD000E4FE1B870700894763F7E70C833704FEA1
:101BE00083C70700A30FF4FC833704FE8507233067
:101BF000F4FE8347F4FD13F7F70F91476317F708D7
:101C0000833704FE83C70700C217C1939B978700E1
:101C1000139707034193938701822390E70083374B
:101C200004FE85072330F4FE833704FE83C70700D4
:101C30001397070341939387018283D70700B99FC6
:101C4000139707034193938701822390E70083371B
:101C500004FE85072330F4FE8357E4FEF53723178F
:101C6000F4FE9387018283D707001B870700930741
:101C7000405B63F8E700938701821307405B239082
:101C8000E70085472324F4FEE5A0894619468145EF
:101C90001785010013050563EFE0DFA3231704FE9A
:101CA000232404FEF1A0231704FE232404FEC9A06C
:101CB0008946194681451785010013052563EFE024
:101CC0007FA1833704FE83C70700A30FF4FC83378B
:101CD00004FE85072330F4FE8357E4FEFD37231707
:101CE000F4FE8347F4FD13F7F70F854763F4E70627
:101CF0008347F4FDF937A30FF4FC8347F4FDC217C3
:101D0000C1930357E4FE012781276367F7028347E6
:101D1000F4FD033704FEBA972330F4FE8347F4FD45
:101D2000C217C1930357E4FEBB07F7402317F4FE25
:101D300085472324F4FE25A8894619468145178541
:101D400001001305255CEFE0FF98231704FE232410
:101D500004FE31A8894619468145178501001305FF
:101D6000655CEFE03F97231704FE232404FE010087
:101D70008357E4FE1B87F7FF2317E4FEE39007E099
:101D800039A88357E4FE033704FEBA972330F4FEE4
:101D900085472324F4FE21A085472324F4FE8337BE
:101DA00004FC033704FE98E3832784FE3E85E2703B
:101DB0004274216182805D7186E4A2E08008233450
:101DC000A4FC2330B4FCB2873687232EF4FABA87FA
:101DD000231DF4FAA30304FE833704FC9C63233C15
:101DE000F4FC233404FE97D701009387A74C23A06B
:101DF000070097D701009387274C2390070083376C
:101E000084FD5146BE8517D5010013052565EF6099
:101E10002136833784FDD107233CF4FC97671500F6
:101E20009387C77C23B0070097D701009387076388
:101E300083D727006389074697D7010093870762F6
:101E400083D707006381074697D70100938707610F
:101E500083D707009BD78700C217C1931B97070141
:101E60001B57074197D701009387475F83D7070028
:101E700081279B97870081279B9707019BD7074165
:101E8000D98F9B9707019BD707411397070341936E
:101E900097D701009387875C2390E70097D70100CD
:101EA0009387C75B83D727009BD78700C217C1934F
:101EB0001B9707011B57074197D701009387075AC4
:101EC00083D7270081279B97870081279B9707014E
:101ED0009BD70741D98F9B9707019BD70741139742
:101EE0000703419397D70100938747572391E70052
:101EF00097671500938707709C632334F4FEA9A0AD
:101F000097D701009387875503D72700833784FE2F
:101F100083D7070001278127631AF7009767150009
:101F20009387C76C033784FE98E381A0833784FED0
:101F3000BC772334F4FE830774FE93F7F70F8527ED
:101F400093F7F70FA303F4FE833784FE99CF9767C7
:101F500015009387A76A03870700834774FE9B9742
:101F600087019BD78741E3CDE7F8976715009387F3
:101F7000E7679C636389073297D701009387074E11
:101F800003D7070097671500938747669C6383D73D
:101F9000870001278127630AF70097671500938759
:101FA000E7649C63DC436390073097D70100938715
:101FB00067300327C4FB98C397D701009387074A6C
:101FC00083C7C70081279BD727408127C217C193AA
:101FD00093F7C703C217C1930357A4FBBB07F7408E
:101FE00013970703419397D701009387E72C23901A
:101FF000E700033784FD97D701009387272C98E3E8
:10200000930784FDBE85033584FCEFF01FB0AA87DB
:1020100081273E878547631FF72697D7010093875F
:10202000E74383C7D7008127898B8127A9CF97D71B
:1020300001009387A74283C7D7008127C18B8127DF
:1020400095C3894619468145178501001305852FDB
:10205000EFE04FE897671500938747599C63154752
:10206000B8D391A289461946814517850100130509
:10207000652EEFE02FE697671500938727579C633F
:102080000D47B8D30DA297D701009387273D83C78B
:10209000D7008127858B8127A9CF97D70100938708
:1020A000E73B83C7D7008127C18B812795C389462A
:1020B00019468145178501001305C52AEFE08FE118
:1020C00097671500938787529C631D47B8D3E1A893
:1020D000894619468145178501001305A529EFE0BA
:1020E0006FDF97671500938767509C631947B8D3D4
:1020F0005DA897D701009387673683C7D7008127EC
:10210000918B8127A9CF97D701009387273583C764
:10211000D7008127C18B812795C389461946814500
:102120001785010013050526EFE0CFDA9767150044
:102130009387C74B9C632947B8D3B5A089461946F6
:102140008145178501001305E524EFE0AFD89767B7
:1021500015009387A7499C632547B8D3A9A097D7B3
:1021600001009387A72F83C7D7008127C18B8127C1
:1021700095C38946194681451785010013058522B7
:10218000EFE04FD597671500938747469C6311474B
:10219000B8D311A889461946814517850100130552
:1021A0006521EFE02FD397D701009387272B9C471A
:1021B0009BD787011B87070097D701009387072AC2
:1021C0009C479BD787008127BE86C167938707F00E
:1021D000F58F8127D98F1B87070097D70100938739
:1021E000E7279C479B9787008127BE86B707FF009C
:1021F000F58F8127D98F1B87070097D70100938719
:10220000E7259C479B9787018127D98F1B8707006C
:1022100097D701009387872498C797D701009387A2
:10222000E723DC439BD787011B87070097D7010073
:102230009387C722DC439BD787008127BE86C1676F
:10224000938707F0F58F8127D98F1B87070097D7D2
:1022500001009387A720DC439B9787008127BE86D8
:10226000B707FF00F58F8127D98F1B87070097D706
:1022700001009387A71EDC439B9787018127D98F95
:102280001B87070097D701009387471DD8C3EF002E
:10229000200211A8894619468145178501001305BA
:1022A0006512EFE02FC30100A660066461618280C1
:1022B000011106EC22E80010232604FE97671500A2
:1022C0009387C7329C63FC4F2324F4FE9767150065
:1022D0009387C7319C63BC532322F4FE9767150094
:1022E0009387C7309C6383D707003E85EFC0FFA468
:1022F000AA8791C7A5472322F4FEEFC03FA797679F
:1023000015009387A72E9C63FC4FBE8629476374F4
:10231000D7006F10A05F139727009787010093875E
:102320002736BA979C431B8707009787010093873E
:102330002735BA978287832744FE8127638B07144A
:10234000832744FE1B8707008D476318F7168946CD
:1023500019468145178501001305C508EFE08FB7C1
:1023600097671500938787289C6317D70100130789
:1023700067F41843D8C397671500938727279C6392
:1023800017D701001307870D035707002394E700B1
:1023900097671500938787259C6323AC0700976791
:1023A00015009387A7249C6317D701001307070B19
:1023B0005843D8C797671500938747239C63D8472E
:1023C00097671500938787229C630527012798CB81
:1023D00097D701009387870883D7E7009BD78700AB
:1023E000C217C1931B9707011B57074197D70100DD
:1023F0009387C70683D7E70081279B9787008127AC
:102400009B9707019BD70741D98F1B9707011B5744
:102410000741976715009387671D9C634217419397
:10242000239EE700976715009387471C9C631387DB
:102430000182035707002390E702976715009387EF
:10244000E71A9C634947A38EE706976715009387B1
:10245000E7199C630947239CE70697671500938754
:10246000E7189C630947239DE70697671500938744
:10247000E7179C630D47238EE70697671500938740
:10248000E7169C633E85EFF06F8C8D472324F4FEA6
:1024900035A089461946814517850100130585F544
:1024A000EFE04FA3232404FE9767150093870714DA
:1024B0009C633E85EFF0CF8011A001006F10604556
:1024C000832744FE1B870700B14763E6E754836711
:1024D00044FE13972700978701009387271DBA971B
:1024E0009C431B870700978701009387271CBA9797
:1024F000828789461946814517850100130585F0B5
:10250000EFE04F9D976715009387470E9C6317D7A1
:1025100001001307A7F45843D8C797D70100938742
:10252000E7F3D843976715009387470C9C6305270B
:10253000012798CB97D70100938747F283D7E7000D
:102540009BD78700C217C1931B9707011B570741F1
:1025500097D70100938787F083D7E70081279B9760
:10256000870081279B9707019BD70741D98F1B972E
:1025700007011B57074197671500938727079C633F
:1025800042174193239EE70097671500938707063C
:102590009C6313870182035707002390E702976724
:1025A00015009387A7049C630947239CE706976758
:1025B00015009387A7039C630947239DE706976748
:1025C00015009387A7029C630D47238EE706976744
:1025D00015009387A7019C634947A38EE706976779
:1025E00015009387A7009C633E85EFE03FF68D477B
:1025F0002324F4FE1DA9894619468145178501004B
:102600001305C5E1EFE00F8D97671500938707FE6F
:102610009C63239C070697671500938727FD9C639F
:10262000DC4B85271B87070097D70100938707E3BB
:102630009C47631FF70E97671500938727FB9C63E2
:10264000D84B97671500938767FA9C630527012786
:10265000D8CB97671500938767F99C634147A38E92
:10266000E70697671500938767F89C6317D7010003
:102670001307C7DE5843D8C797D70100938707DEF3
:10268000D84397671500938767F69C630527012752
:1026900098CB97D70100938767DC83D7E7009BD758
:1026A0008700C217C1931B9707011B57074197D794
:1026B00001009387A7DA83D7E70081279B978700DC
:1026C00081279B9707019BD70741D98F1B9707014C
:1026D0001B57074197671500938747F19C63421783
:1026E0004193239EE70097671500938727F09C632B
:1026F00013870182035707002390E70297671500AD
:102700009387C7EE9C633E85EFE05FE4AA8781274D
:102710003E87CD476314F73091472324F4FE976733
:1027200015009387A7EC9C630D4723A0E708FDA441
:1027300097671500938787EB9C6317D701001307F2
:10274000E7D11847D8CB97671500938727EA9C6392
:102750005147A38EE70697671500938727E99C6387
:102760003E85EFE0BFDEAA8781273E87CD4763170E
:10277000F72A232404FE97671500938727E79C63B5
:102780003E85EFE0FFD359AC894619468145178550
:102790000100130525CAEFD0FFF397671500938753
:1027A000E7E49C63239C070697671500938707E47B
:1027B0009C63DC4B85271B87070097D70100938715
:1027C000E7C99C476311F70E97671500938707E2E7
:1027D0009C63D84B97671500938747E19C63052757
:1027E0000127D8CB97671500938747E09C63414743
:1027F000A38EE70697671500938747DF9C6317D77B
:1028000001001307A7C55843D8C797D7010093877E
:10281000E7C4D84397671500938747DD9C63052776
:10282000012798CB97D70100938747C383D7E70049
:102830009BD78700C217C1931B9707011B570741FE
:1028400097D70100938787C183D7E70081279B979C
:10285000870081279B9707019BD70741D98F1B973B
:1028600007011B57074197671500938727D89C637B
:1028700042174193239EE70097671500938707D778
:102880009C6313870182035707002390E702914757
:102890002324F4FE97671500938747D59C630D4763
:1028A00023A0E708BDAA97671500938727D49C63E8
:1028B00017D70100130787BA1847D8CB97671500B9
:1028C0009387C7D29C631147A38EE70697671500CD
:1028D0009387C7D19C633E85EFE05FC7AA878127B6
:1028E0003E87CD47631FF712232404FE9767150028
:1028F0009387C7CF9C633E85EFE09FBC1DA28946AE
:102900001946814517850100130545B4EFD09FDCBA
:10291000232404FE97671500938747CD9C633E856B
:10292000EFE01FBA19A289461946814517850100B3
:102930001305C5B2EFD01FDA97671500938707CB51
:102940009C6383C7C707A5CF97671500938707CAFE
:102950009C633E85EFE09FBFAA8781273E87CD47D6
:102960006314F70C97671500938747C89C6383C768
:10297000D7078127918B812781CF232404FE976776
:1029800015009387A7C69C633E85EFE07FB369A8D7
:1029900097671500938787C59C6383C7D7078127EF
:1029A000C18B8127D1C391472324F4FE976715007B
:1029B0009387C7C39C630D4723A0E708B5A097671B
:1029C00015009387A7C29C631147A38EE7069767FC
:1029D00015009387A7C19C633E85EFE03FB7AA87A8
:1029E00081273E87CD476311F704232404FE9767B0
:1029F00015009387A7BF9C633E85EFE07FAC2DA0B9
:102A0000232404FE97671500938747BE9C633E8589
:102A1000EFE01FAB19A801006F00B06F01006F005D
:102A2000506F01006F00F06E01006F00906E832701
:102A300044FE1B870700B14763ECE73C836744FE15
:102A40001397270097870100938787C9BA979C43FC
:102A50001B87070097870100938787C8BA978287EB
:102A6000894619468145178501001305A5A0EFD0B9
:102A70007FC697671500938767B79C6303D70700E6
:102A800097D701009387879D83D727000127812748
:102A90006313F73897671500938747B59C63239CAA
:102AA000070697671500938767B49C63D84397D749
:102AB0000100938727809C436316F70497671500EE
:102AC0009387C7B29C6303D7870097D7010093878A
:102AD000E79883D70700012781276315F7029767D7
:102AE00015009387A7B09C63DC4B85271B870700E5
:102AF00097D70100938787969C476315F700914706
:102B00002324F4FE97671500938747AE9C630D4717
:102B100023A0E70809A689461946814517850100C3
:102B20001305C596EFD01FBB97671500938707ACB9
:102B30009C63D84397C701009387C7779C43631F63
:102B4000F72C97671500938767AA9C6303D78700C4
:102B500097D701009387879083D7070001278127A4
:102B6000631EF72A97671500938747A89C63984BC5
:102B700097D701009387878EDC436311F72A976705
:102B800015009387A7A69C63DC4B85271B8707004E
:102B900097D701009387878C9C476311F728976725
:102BA00015009387A7A49C63D84B9767150093875C
:102BB000E7A39C6305270127D8CB97671500938768
:102BC000E7A29C63239C070691472324F4FE9767A2
:102BD00015009387A7A19C630D4723A0E7083DAC90
:102BE000894619468145178501001305A58BEFD04D
:102BF0007FAE976715009387679F9C63239C0706AA
:102C0000976715009387879E9C630547A38EE70609
:102C1000976715009387879D9C630947239CE70668
:102C2000976715009387879C9C630947239DE70658
:102C3000976715009387879B9C631547238EE7064C
:102C400095472324F4FE976715009387279A9C6382
:102C50003E85EFE0BF8FD1AA894619468145178589
:102C600001001305A585EFD0FFA697671500938790
:102C7000E7979C6303D7070097C701009387077EF8
:102C800083D7270001278127631DF7189767150051
:102C90009387C7959C63984B97C701009387077CE0
:102CA000DC436310F71889461946814517850100F2
:102CB00013054582EFD01FA29767150093870793EE
:102CC0009C6323A2070097671500938727929C6354
:102CD0002394070097671500938747919C6323AA65
:102CE000070097671500938767909C6323AC0700E4
:102CF000976715009387878F9C6323A607009767C4
:102D000015009387A78E9C6323A80700976715007B
:102D10009387C78D9C63239E070097671500938751
:102D2000E78C9C631307405B2390E70285472324CD
:102D3000F4FEC5A88946194681451775010013059B
:102D4000657AEFD03F99976715009387278A9C6330
:102D500083C7C70791CB97671500938727899C6323
:102D60003E85EFE0AFFEC9A09767150093870788FF
:102D70009C631147A38EE706976715009387078723
:102D80009C633E85EFE08FFCAA8781273E87CD4775
:102D9000631CF70897671500938747859C6323A2F8
:102DA000070097671500938767849C632394070047
:102DB00097671500938787839C6323AA070097670B
:102DC00015009387A7829C6323AC070097671500C3
:102DD0009387C7819C6323A6070097671500938795
:102DE000E7809C6323A807009767150093870780F7
:102DF0009C63239E0700975715009387277F9C634A
:102E00001307405B2390E70285472324F4FE29A89B
:102E100001006F00103001006F00B02F01006F0043
:102E2000502F01006F00F02E01006F00902E8327BD
:102E300044FE1B870700B14763E9E750836744FE00
:102E400013972700978701009387C78CBA979C43F5
:102E50001B870700978701009387C78BBA978287E4
:102E60008946194681451775010013052569EFD07C
:102E70007F8697571500938767779C63D84397C7DA
:102E80000100938727439C436313F74C9757150022
:102E90009387C7759C63984B97C701009387075C1E
:102EA000DC436316F74A97571500938727749C6392
:102EB000984F97C701009387675A9C476379F748F3
:102EC00097571500938787729C63DC4B85271B8778
:102ED000070097C70100938767589C476369F746C7
:102EE00097571500938787709C63DC4B13970703F4
:102EF000419397C70100938767569C47C217C193B8
:102F0000BB07F7402311F4FE975715009387076E10
:102F10009C63B467835724FE3307F040975715002E
:102F20009387C76C9C633697B8E7975715009387CC
:102F3000E76B9C6303D70705975715009387076BCB
:102F40009C63835624FE359F421741932398E704E0
:102F500097C7010093878750984797571500938725
:102F6000E7689C637D37012798CF975715009387B3
:102F7000E7679C6317C701001307474E1847D8CB74
:102F800097C701009387273483D7070081EF9757AE
:102F900015009387A7659C63D84B97C7010093875B
:102FA000673398C397571500938747649C6383D70B
:102FB000070595EB97571500938747639C63FC4B78
:102FC0003E878947631BF70E975715009387076263
:102FD0009C6323AA070497571500938727619C6376
:102FE000239C0706D9A897C701009387C72D83D7CD
:102FF0000700A9C7975715009387475F9C6317C7BA
:1030000001001307A72C1863B8E79757150093879B
:10301000E75D9C6317C701001307E72A0357070002
:10302000239CE704975715009387475C9C6317C759
:1030300001001307272A1843D8CB39A89757150042
:103040009387C75A9863975715009387275A9C63AD
:1030500003570705239CE7049757150093870759E3
:103060009C630947239DE7069757150093870758E8
:103070009C631547238EE7069757150093870757DC
:103080009C633E85EFE08FCC97C701009387A72311
:1030900083D707009DC397C701009387273C9847B4
:1030A00097C70100938747239C436308F70097C79E
:1030B0000100938747212390070097C7010093875A
:1030C000A71F83D7070063840728975715009387A6
:1030D000E7519C6317C70100130747385843D8C707
:1030E00097C701009387871D986397C7010093874F
:1030F000A71C83D70700BE853A85EFE01F8C81AC03
:10310000894619468145177501001305A540EFD082
:103110006FDC975715009387674D9C634547A38ED7
:10312000E70695472324F4FE975715009387074C2D
:103130009C63239C0706975715009387274B9C6336
:103140000947239CE706975715009387274A9C63F6
:103150000947239DE70697571500938727499C63E6
:103160001547238EE70697571500938727489C63DA
:103170003E85EFE0AFBDCDA2894619468145177562
:1031800001001305A53AEFD0EFD4F9A29757150027
:103190009387C7459C63D84397C7010093878711DE
:1031A0009C436318F71A97571500938727449C632D
:1031B000984B97C701009387672ADC43631BF71876
:1031C00097571500938787429C63239C0704975762
:1031D00015009387A7419C6317C7010013070728B1
:1031E0001847D8CB97571500938747409C63984B57
:1031F000975715009387873F9C630527012798CB36
:1032000097C701009387470B83D707009DCB97573C
:1032100015009387A73D9C6317C701001307072478
:103220005843D8C797C7010093874709986397C742
:1032300001009387670883D70700BE853A85EFE0D2
:10324000CFF7975715009387673A9C63114723A0E0
:10325000E70897571500938767399C630947239CB4
:10326000E70697571500938767389C630947239DA6
:10327000E70697571500938767379C631547238E9A
:10328000E70697571500938767369C634547A38EDB
:10329000E706A5472324F4FE9757150093870735C3
:1032A0009C633E85EFE08FAA6DA09757150093872A
:1032B000E7339C631147A38EE70697571500938762
:1032C000E7329C633E85EFE06FA8232404FE975706
:1032D00015009387A7319C633E85EFE06F9EADA8F4
:1032E000894619468145177501001305A525EFD0BC
:1032F0006FBE975715009387672F9C6383C7C707D7
:1033000081C7EF00B00081A8975715009387072E5B
:103310009C631147A38EE706975715009387072DE7
:103320009C633E85EFE08FA2AA8781273E87CD4729
:103330006313F702232404FE975715009387072B86
:103340009C633E85EFE0CF9739A00100D9A301002F
:10335000C9A301007DAB01006DAB832744FE1B8731
:10336000070099476300F704832744FE1B87070083
:10337000994763EAE700832744FE1B8707009147CC
:10338000630CF70A11AC832744FE1B8707009D4797
:103390006301F70E832744FE1B870700B147630DC7
:1033A000F716DDAA97571500938747249C6341477A
:1033B000A38EE70697571500938747239C63984B86
:1033C00097C7010093878709DC436312F71C97575F
:1033D00015009387A7219C63239C0704975715002A
:1033E0009387C7209C63D84B975715009387072076
:1033F0009C6305270127D8CB975715009387071F94
:103400009C63984B975715009387471E9C6305272D
:10341000012798CB975715009387471D9C633E85DE
:10342000EFE0CF92AA8781273E87CD476311F71639
:10343000A1472324F4FEA1AA8946194681451775A0
:1034400001001305A511EFD0EFA89757150093873A
:10345000E7199C630947239CE70697571500938754
:10346000E7189C630547238EE70699472324F4FE5B
:1034700025A2894619468145177501001305850F58
:10348000EFD04FA597571500938747169C63414788
:10349000A38EE70697571500938747159C63984BB3
:1034A00097C70100938787FBDC436314F70E975798
:1034B00015009387A7139C63239C07049757150057
:1034C0009387C7129C63D84B9757150093870712B1
:1034D0009C6305270127D8CB9757150093870711C1
:1034E0009C63984B97571500938747109C6305275B
:1034F000012798CB975715009387470F9C633E850C
:10350000EFE0CF84AA8781273E87CD476313F70872
:10351000A9472324F4FEB5A88946194681451775A5
:1035200001001305A506EFD0EF9A97571500938772
:10353000E70B9C6383C7C70791CB97571500938709
:10354000E70A9C633E85EFE06F80B1A097571500B6
:103550009387C7099C631147A38EE7069757150009
:103560009387C7089C633E85EFD05FFEAA878127BB
:103570003E87CD476311F702232404FE97571500B9
:103580009387C7069C633E85EFD09FF329A0010077
:1035900049A60100BDAE0100ADAE832744FE1B87E6
:1035A00007009947636FF712832744FE1B870700C4
:1035B0009D4763FAE700832744FE1B870700B14756
:1035C0006306F70A39AA894619468145177501002D
:1035D000130545FDEFD00F9097571500938707010E
:1035E0009C634147A38EE706975715009387070012
:1035F0009C63984B97C70100938747E6DC436314AD
:10360000F70E97571500938767FE9C63239C07046A
:1036100097571500938787FD9C63D84B97571500E4
:103620009387C7FC9C6305270127D8CB97571500C4
:103630009387C7FB9C63984B97571500938707FBAD
:103640009C630527012798CB97571500938707FAA6
:103650009C633E85EFD09FEFAA8781273E87CD47A9
:103660006313F708A9472324F4FEB5A88946194631
:103670008145177501001305E5F4EFD0AF85975725
:1036800015009387A7F69C6383C7C70791CB97570D
:1036900015009387A7F59C633E85EFD03FEBB1A063
:1036A00097571500938787F49C631147A38EE7060D
:1036B00097571500938787F39C633E85EFD01FE9EA
:1036C000AA8781273E87CD476311F702232404FE92
:1036D00097571500938787F19C633E85EFD05FDE97
:1036E00029A001003DA401002DA401001DA48327F1
:1036F00044FE1B8707009147631FF7008946194660
:10370000814517750100130565EDEFC0BFFCA947A2
:103710002324F4FE11A00100EDAA832744FE1B8799
:1037200007009D476300F702832744FE1B870700BD
:10373000B147630BF706832744FE1B8707009147B9
:103740006316F70C97571500938747EA9C63D84395
:1037500097C70100938707B69C43631BF70A9757E7
:1037600015009387A7E89C6303D7870097C70100DC
:103770009387C7CE83D7070001278127631AF708ED
:1037800089461946814517750100130525E6EFC0E6
:103790007FF4232404FE97571500938727E59C6345
:1037A0003E85EFD0FFD1ADA097571500938707E472
:1037B0009C6383C7C70791CB97571500938707E38F
:1037C0009C633E85EFD09FD8B1A097571500938793
:1037D000E7E19C631147A38EE7069757150093878F
:1037E000E7E09C633E85EFD07FD6AA8781273E879E
:1037F000CD476311F702232404FE975715009387E2
:10380000E7DE9C633E85EFD0BFCB29A0010011A26B
:10381000010001A20100F5A88946194681451775E6
:103820000100130525DEEFC0FFEA232404FE9757AD
:1038300015009387A7DB9C633E85EFD07FC8D1A896
:10384000832744FE1B8707008547630AF700832709
:1038500044FE1B8707008947630BF7067DA0894656
:1038600019468145177501001305C5DAEFC09FE6BB
:1038700097571500938787D79C630947239CE706D2
:1038800097571500938787D69C630947239DE706C2
:1038900097571500938787D59C630D47238EE706BE
:1038A00097571500938787D49C630947A38EE70633
:1038B00097571500938787D39C633E85EFD01FC928
:1038C00089472324F4FE85472326F4FE3DA8894634
:1038D0001946814517750100130545D5EFC09FDFD7
:1038E00097571500938787D09C6323A207009757AB
:1038F00015009387A7CF9C63239407008547232453
:10390000F4FE85472326F4FE010021A0010011A04A
:10391000010097571500938767CD9C633547B8D34F
:1039200097571500938787CC9C63032784FEF8CFB5
:103930008327C4FE3E85E2604264056182804111B6
:1039400022E40008975715009387C7CA23B00700E1
:1039500097571500938787CA2380070097C70100F0
:103960009387C794130700402390E70097C701008F
:103970009387079423A007000100226441018280FD
:10398000011106EC22E80010233404FE232204FE79
:1039900097C701009387C7919C4385271B87070022
:1039A00097C701009387C79098C397C70100938773
:1039B000E78F83D70700852713970703419397C79E
:1039C00001009387A78E2390E70097C70100938794
:1039D000E78D83D707001B8707009307F03F63EA53
:1039E000E70097C701009387678C13070040239077
:1039F000E700975715009387E7BF9C632334F4FED5
:103A0000CDA0833784FE83D78707F1C38946194643
:103A10008145177501001305E5C5EFC0BFCB83379E
:103A200084FE83D78707FD371397070341938337B6
:103A300084FE239CE706833784FE83D78707C1EB88
:103A4000833784FEBC533E87B5476312F70883373C
:103A500084FE83C7C70781271547BB07F74023208C
:103A6000F4FE832704FE812763D40700232004FE8D
:103A7000833784FE83D7A7071B870700832704FEAD
:103A8000BB17F7008127139707034193833784FE01
:103A9000239CE706833784FE83C7C70781CF83371C
:103AA00084FE83C7C707FD3713F7F70F833784FEFC
:103AB000238EE706833784FE3147B8D39757150026
:103AC0009387C7B2033784FE98E3EFE06FFE833736
:103AD00084FEBC772334F4FE832744FE852723220B
:103AE000F4FE833784FE91CF97571500938707B173
:103AF000838707001B870700832744FE8127E3C2D3
:103B0000E7F00100E260426405618280411106E451
:103B100022E0000897571500938747AD9C63B46770
:103B200097B701009387077A83D707003307F040E0
:103B300097571500938787AB9C633697B8E79757DD
:103B400015009387A7AA9C63B86797B7010093876E
:103B5000E77798E397B701009387C77603D7070005
:103B600097B70100938727762390E70097571500B2
:103B70009387C7A79C6317B701001307A77518435E
:103B8000D8CB97C701009387678D984797B70100F7
:103B90009387877498C397571500938727A59C63CD
:103BA0003E85EFD0BF9AAA8781273E85A260026436
:103BB00041018280397106FC22F88000AA87A307A0
:103BC000F4FCA30704FE975715009387A7039C43B3
:103BD0002324F4FE975715009387C705233CF4FC74
:103BE0008347F4FC13F7F70F9147631AF70E9757C3
:103BF00015009387276283D707002313F4FE8357AA
:103C000064FE032684FE930584FD3E87C167938688
:103C1000B7FF175515001305E501EF004047AA87C8
:103C20008127B337F000A307F4FE8347F4FE93F730
:103C3000F70FD5C78347F4FC81279BD787401B87A5
:103C40000700833784FD1377F70F2380E70083375E
:103C500084FD8507233CF4FC833784FD0347F4FC93
:103C60002380E700833784FD8507233CF4FC97B766
:103C700001009387E76683D707009BD787001397D8
:103C800007034193833784FD1377F70F2380E70001
:103C9000833784FD8507233CF4FC97B701009387A5
:103CA000276403D70700833784FD1377F70F23803A
:103CB000E700833784FD8507233CF4FC033784FD4C
:103CC00097571500938707F7B307F740C217C193BB
:103CD000BE85175515001305E5F5EF00404E0100B0
:103CE000E270427421618280117186FDA2F90002A6
:103CF0002334A4F0AE872313F4F0833784F0233405
:103D0000F4FE17551500130525F0EF40C127AA87CB
:103D10002313F4FE831764F01B870700914763DACF
:103D2000E72C833784FE83C70700C217C1939B9794
:103D300087002312F4FE833784FE85072334F4FEC4
:103D4000833784FE83C70700C217C193035744FE1D
:103D5000B99F2312F4FE833784FE85072334F4FED3
:103D6000833784FE83C70700C217C1939B978700E0
:103D700013970703419397B70100938767562390E2
:103D8000E700833784FE85072334F4FE833784FEFF
:103D900083C7070013970703419397B701009387E1
:103DA000275483D70700B99F13970703419397B709
:103DB00001009387E7522390E700833784FE85074D
:103DC0002334F4FE835744FE1B8707009947631B87
:103DD000F70097B701009387A7502390070011457C
:103DE000EFF05FDD97B701009387874F83D7070018
:103DF0001B87070097B701009387A74E83D707005B
:103E00008127852781276319F71897B701009387C2
:103E1000274D83D70700852713970703419397B74B
:103E200001009387274C2390E700835764F0F13714
:103E3000C217C1932313F4F0831764F01B870700A4
:103E4000835764FE81276350F702835744FE1B8724
:103E500007008D476319F70097B70100938727483C
:103E600005472380E700835744FE8127BE86154718
:103E70006361D71813972700977701009387078E00
:103E8000BA979C431B870700977701009387078D9C
:103E9000BA97828797B701009387874423900700DA
:103EA0001145EFF03FD1B1A2835764F01B97070192
:103EB0001B5707419B060700130740066354D700B2
:103EC000930740069B9707019BD707412320F4FEE9
:103ED000930784F71306400681453E85EF40012D88
:103EE000930704F11306400681453E85EF40012CFF
:103EF000032704FE930784F73A86833584FE3E85C4
:103F0000EF400127832704FE033784FEBA9723344A
:103F1000F4FE938741829C43032704FE9316070314
:103F2000C192130784F73686BA853E85EF00000DEF
:103F3000832704FEC217C1931B8707009387418222
:103F40009C43B99F1B8707009387418298C30357FF
:103F500064F0832704FEC217C193BB07F740C21762
:103F6000C1932313F4F0831764F08127E34EF0F23A
:103F70001145EFF03FC497B701009387673603D729
:103F8000070097B701009387C7352390E70095A0F6
:103F9000231304F00100B1A897B7010093874734B9
:103FA00003D7070097B701009387A73383D707008C
:103FB000012781276378F7001145EFF0BFBF231376
:103FC00004F005A897B701009387873183D70700CE
:103FD0001B87070097B701009387A73083D7070097
:103FE00081278527812763D6E700231304F011A0DA
:103FF00001000100EE704E7411618280797106F447
:1040000022F00018AA872338B4FC3287232EF4FC50
:10401000BA87231DF4FC9767010093872773233425
:10402000F4FEA30304FE89A8833784FE85CF83377B
:1040300084FE03D7070097B701009387272A83D709
:10404000070001278127631FF700833784FE9467E9
:104050000357A4FD8327C4FD3A86833504FD3E85BE
:10406000829605A0833784FEC1072334F4FE83477C
:1040700074FE8527A303F4FE834774FE93F7F70FBE
:10408000C5D785473E85A27002744561828039712B
:1040900006FC22F88000233CA4FC2338B4FCB28741
:1040A0002326F4FCB6872315F4FCBA872314F4FC0A
:1040B000232204FE8327C4FCC5463E86833504FDC7
:1040C000033584FDEFB08FB8AA872322F4FE83372F
:1040D00004FD9C632334F4FE832744FE1B87070002
:1040E00085476312F70C8357A4FC9BD78700C21740
:1040F000C19313F7F70F833784FE2380E7008337DC
:1041000084FE85072334F4FE8357A4FC13F7F70FCE
:10411000833784FE2380E700833784FE85072334BA
:10412000F4FE835784FC9BD78700C217C19313F713
:10413000F70F833784FE2380E700833784FE8507EB
:104140002334F4FE835784FC13F7F70F833784FE80
:104150002380E700833784FE85072334F4FE83370A
:1041600084FE23800700833784FE85072334F4FE12
:10417000833784FE23800700833784FE850723343A
:10418000F4FE833784FE23800700833784FE85078F
:104190002334F4FE833784FE23800700833784FEB4
:1041A00085072334F4FE833704FD033784FE98E348
:1041B000832744FE3E85E2704274216182807971DA
:1041C00006F422F00018233CA4FCAE87231BF4FC69
:1041D000232404FE833784FD938767022330F4FE93
:1041E000835764FD9BD78700C217C19313F7F70F5E
:1041F000833704FE2380E700833704FE85072330DE
:10420000F4FE835764FD13F7F70F833704FE238012
:10421000E700833704FE85072330F4FE835764FDEF
:10422000C5272317F4FE833784FD1387A70183571F
:1042300064FDA127C217C1938356E4FE3686BE856E
:104240003A85EFB02FF7AA872317F4FE8357E4FED1
:10425000812781E7FD572317F4FE833784FD938779
:1042600087022330F4FE8357E4FE9BD78700C217F2
:10427000C19313F7F70F833704FE2380E7008337DA
:1042800004FE85072330F4FE8357E4FE13F7F70F8F
:10429000833704FE2380E700833704FE850723303D
:1042A000F4FE835764FDBE85033584FDEFB08FDDDA
:1042B000AA872324F4FE832784FE3E85A27002741D
:1042C000456182801D7186ECA2E8A6E48010233C43
:1042D000A4FA2338B4FAB28736872326F4FABA87C9
:1042E0002315F4FA232E04FC833704FB9C63233448
:1042F000F4FC833784FC2146BE8517551500130551
:10430000E5F1EF30F166833784FCA1072334F4FC38
:1043100097571500938787F083D7670091C7835716
:10432000A4FA81276391071C97571500938707EF1D
:1043300083D727009BD78700C217C1931B9707011C
:104340001B57074197571500938747ED83D72700E1
:1043500081279B97870081279B9707019BD7074160
:10436000D98F9B9707019BD7074113970703419369
:1043700097571500938787EA2391E7009757150011
:104380009387C7E983D707009BD78700C217C193DC
:104390001B9707011B57074197571500938707E89D
:1043A00083D7070081279B97870081279B97070169
:1043B0009BD70741D98F9B9707019BD7074113973D
:1043C00007034193975715009387C7E42390E700AD
:1043D00097571500938787E483D747009BD78700BB
:1043E000C217C1931B9707011B5707419757150029
:1043F0009387C7E283D7470081279B978700812750
:104400009B9707019BD70741D98F9B9707019BD7A4
:10441000074113970703419397571500938707E0C8
:104420002392E700B547232EF4FCEF00200D23383C
:10443000A4FCA5A8833704FD03D7070097571500F0
:104440009387C7DD83D72700012781276319F704E6
:1044500097571500938787DC83D44700EFB08FD33D
:10446000AA871B87040081276317F702833704FD9F
:104470009467033784FC97571500938727DA83D70F
:104480004700E137C217C1939B9707019BD70741AC
:10449000BE853A8582968547232EF4FC11A8033504
:1044A00004FDEF0000072338A4FC833704FDD9F393
:1044B0008327C4FD1B870700B5476319F7029737A9
:1044C00015009387A745904B9737150093870745AD
:1044D000D447930784FC13070004BE85033584FB8F
:1044E000EFA06FE321A0A947232EF4FC8327C4FD8E
:1044F0003E85E6604664A66425618280411122E41F
:104500000008976701009387E7263E8522644101F2
:104510008280011122EC00102334A4FE833784FE34
:10452000C1072334F4FE976701009387A77403370C
:1045300084FE6375F700833784FE11A081473E85B2
:10454000626405618280797122F40018AA87232EA3
:10455000F4FC232604FE8327C4FD9B86D7FC1B871F
:104560000600914763EAE704939706028193139745
:104570002700976701009387E724BA979C431B871E
:104580000700976701009387E723BA9782878547DB
:104590002326F4FE2DA089472326F4FE0DA08D4787
:1045A0002326F4FE29A891472326F4FE09A89307A1
:1045B00000042326F4FE21A0232604FE0100832705
:1045C000C4FE3E85227445618280797122F4001810
:1045D000233CA4FCAE873687A30BF4FCB287230BE5
:1045E000F4FCBA87A30AF4FC232604FE833784FD77
:1045F000A1C7834754FD93F7F70F81CB833784FD21
:10460000130710072380E70039A0833784FD1307C1
:1046100000072380E700833784FD8507034774FD87
:104620002380E700833784FD8907034764FD2380E7
:10463000E7008D472326F4FE8327C4FE3E852274BF
:1046400045618280797122F40018233004FE97B707
:104650000100938767C99C433E879307E00F63F58A
:10466000E700833704FE35A2F957232EF4FC97B7F1
:104670000100938767C79C43139707020193BA878A
:104680008E07BA978A0717B701001307A7DEBA97F4
:104690002334F4FE99A0833784FE83C70700812763
:1046A0009D8B81273E8785476313F702833784FEFE
:1046B00098538327C4FD812763EBE700833784FE8B
:1046C0009C53232EF4FC833784FE2330F4FE83377F
:1046D00084FE938747022334F4FE033784FE97D782
:1046E00001009387A714E3F8E7FA833704FE85C334
:1046F000833704FE130700F82380E700833704FEA6
:104700000567130707E198D3833704FE59A097B7CD
:104710000100938727D62334F4FE99A0833784FEC3
:1047200083C7070081279D8B81273E878D476313B1
:10473000F702833784FE98538327C4FD812763EBF8
:10474000E700833784FE9C53232EF4FC833784FEDA
:104750002330F4FE833784FE938747022334F4FE2C
:10476000033784FE97D701009387470CE3F8E7FAF5
:10477000833704FE89CF833704FE130700F82380B4
:10478000E700833704FE0567130707E198D38337F3
:1047900004FE3E85227445618280011122EC0010E6
:1047A00097B70100938747B423A0070097B701008C
:1047B000938747CC2334F4FE19A8833784FE2380E3
:1047C0000700833784FE938747022334F4FE0337C0
:1047D00084FE97D7010093876705E3F0E7FE0100A9
:1047E000626405618280797106F422F00018AA875C
:1047F0002E872338C4FC232EF4FCBA87232CF4FC28
:10480000A30704FE9387818298438327C4FD8127F1
:104810006386E71C97B701009387C7C52330F4FE72
:10482000E1A0833704FE83C707008127858B81279A
:10483000D5C7833704FED8438327C4FD8127639FF0
:10484000E708833704FEB107833504FD3E85EF108A
:10485000E020833704FE032784FD98C7833704FED6
:1048600083C707008127898B812781CB833704FE8B
:1048700055671307071898D399A0833704FE83C799
:1048800007008127918B812791C7833704FE7D57CD
:1048900098D335A0833704FE83C707008127A18BF7
:1048A000812781CB833704FE0567130707E198D37F
:1048B00039A0833704FE55671307071898D3833749
:1048C00004FE83C70700F59B13F7F70F833704FE39
:1048D0002380E7008547A307F4FE39A8833704FE49
:1048E000938747022330F4FE033704FE97D7010075
:1048F0009387C7F3E3F7E7F28347F4FE93C7170004
:1049000093F7F70FBDCF97B701009387A7B6233072
:10491000F4FE85A0833704FE83C707008127858BBB
:104920008127B1E3833704FE05472380E7008337FF
:1049300004FE0327C4FDD8C3833704FE032784FD88
:1049400098C7833704FEB107833504FD3E85EF1019
:10495000E010833704FE0567130707E198D3854706
:10496000A307F4FE39A8833704FE93874702233058
:10497000F4FE033704FE97D70100938727EBE3FB90
:10498000E7F88347F4FE93C7170093F7F70FA9CB17
:10499000EFF05FCB2330A4FE833704FEB1C383372F
:1049A00004FE05472380E700833704FE0327C4FD88
:1049B000D8C3833704FE032784FD98C7833704FEDA
:1049C000B107833504FD3E85EF104009833704FEAF
:1049D0000567130707E198D3010019A0010011A092
:1049E0000100A270027445618280011122EC001066
:1049F000232204FE97B701009387C7A72334F4FE50
:104A00003DA0833784FE83C7070081278D8B8127D4
:104A10003E8785476317F700832744FE85272322B7
:104A2000F4FE833784FE938747022334F4FE033772
:104A300084FE97D70100938767DFE3F4E7FC8327C1
:104A400044FE3E85626405618280130101A0233C1F
:104A5000115E2338815E130401602334A4A0AE8765
:104A60002322F4A0232604FE97B70100938787A092
:104A70002330F4FE29A2833704FE83C70700812771
:104A80008D8B81273E8785476315F70E8327C4FEEC
:104A9000033784A03E97833704FEDC433E86A1455E
:104AA0003A85EF20C012AA873E878327C4FEB99FAC
:104AB0002326F4FE8327C4FE033784A03E97833762
:104AC00004FE83D747018127BE853A85EF206071B8
:104AD000AA873E878327C4FEB99F2326F4FE833727
:104AE00004FE83C76701A1C7833704FE13877701DC
:104AF000833704FE83C76701BE86930784A1368689
:104B0000BA853E85EF30503C8327C4FE033784A02E
:104B1000BA97130784A1BA853E85EF20601AAA8749
:104B20003E878327C4FEB99F2326F4FE99A08337CE
:104B300004FE1387D700833704FE83C7C700BE86F1
:104B4000930784A13686BA853E85EF30F0378327F8
:104B5000C4FE033784A0BA97130784A1BA853E85A3
:104B6000EF200016AA873E878327C4FEB99F23261D
:104B7000F4FE833704FE938747022330F4FE0337A5
:104B800004FE97D70100938767CAE3F6E7EE832711
:104B9000C4FE3E858330815F0334015F13010160F1
:104BA00082801301019F233411602330816013043C
:104BB0000161233CA49E2338B49E232604FE2324B3
:104BC00004FE233004FE232604FC232E04FC2324AD
:104BD00004FC232C04FC232A04FC232804FC833734
:104BE000049FF1073E85EF30A0488337049FF1070B
:104BF000014681453E85EF30004C8337049FF10725
:104C0000014685453E85EF30004B8337049FF10711
:104C1000014689453E85EF30004A8337049F9C5BFF
:104C20001307405CBB07F74081272328F4FC833738
:104C3000049F23AA0702EFF05FDBAA872326F4FC78
:104C40008327C4FC812799E3814735AE8337049FCE
:104C5000DC573E87A147631BF7000327C4FC83375B
:104C6000049FB8C78337049F0547D8DF8337049F65
:104C7000BC4763D207068337049FDC5F2324F4FE1E
:104C80008337049FBC4785278127032784FEB99F6C
:104C90002324F4FE832784FE8127634FF0008337AB
:104CA000049FDC5F1B8707008337049FB8C78337E7
:104CB000049F0547D8DF05A0032784FE8337049FA0
:104CC000D8DF8337049FBC47BB07F0401B87070032
:104CD0008337049FB8C78337049FD85F8327C4FCFA
:104CE000812763F4E700814779AC8337049FD85F5D
:104CF0008337049FBC478127B99F8127FD37232A2B
:104D0000F4FC032744FD8327C4FC0127812763F6B5
:104D1000E7008327C4FC232AF4FC97A701009387AC
:104D200067752330F4FE8547232EF4FC39A08337C2
:104D300004FE938747022330F4FE833704FE83C7C3
:104D4000070081278D8B81273E878547E311F7FE7A
:104D500035A8833704FE83C7070081278D8B812701
:104D60003E878547631EF700833704FE938747021B
:104D70002330F4FE8327C4FD8527232EF4FC39A0BD
:104D8000833704FE938747022330F4FE8337049F62
:104D9000D85F8327C4FD8127E39DE7FA8327C4FDFD
:104DA0002324F4FC41AA832704FD1B870700C14785
:104DB00063EBE7008337049FF107054689453E858D
:104DC000EF30602F41A28327C4FE0337849F3E97B4
:104DD000833704FEDC433E86A1453A85EF10305F01
:104DE000AA872324F4FE0327C4FE832784FEB99FE9
:104DF00081273E878337849F3E97833704FE83D77E
:104E000047018127BE853A85EF20A03DAA873E87CE
:104E1000832784FEB99F2324F4FE833704FE83C7CF
:104E20006701A9CB833704FE13877701833704FE1C
:104E300083C76701BE86930704A03686BA853E8580
:104E4000EF3090080327C4FE832784FEB99F812793
:104E50003E878337849FBA97130704A0BA853E859F
:104E6000EF101066AA873E87832784FEB99F23240C
:104E7000F4FE81A8833704FE1387D700833704FE2E
:104E800083C7C700BE86930704A03686BA853E85D1
:104E9000EF3090030327C4FE832784FEB99F812748
:104EA0003E878337849FBA97130704A0BA853E854F
:104EB000EF101061AA873E87832784FEB99F2324C1
:104EC000F4FE832784FE032704FDBB07F740232855
:104ED000F4FC0327C4FE832784FEB99F2326F4FE37
:104EE0008327C4FD232CF4FC8327C4FD8527232EB0
:104EF000F4FC833704FE938747022330F4FE8337A4
:104F0000049FDC5B85271B8707008337049FD8DB62
:104F100039A0833704FE938747022330F4FE83379A
:104F200004FE83C7070081278D8B81273E87854735
:104F3000E311F7FE0327C4FD832744FD01278127E2
:104F4000E3F3E7E6832784FC1B8707008547631AA2
:104F5000F7008337049FF107054681453E85EF3012
:104F60008015032784FD8327C4FC01278127631A4A
:104F7000F7008337049FF107054685453E85EF30EE
:104F800080138327C4FE3E85833081600334016033
:104F9000130101618280011122EC0010AA872330E5
:104FA000B4FE2326F4FE8327C4FE1B870700F547C3
:104FB00063EDE70017D701001307C7898367C4FEB5
:104FC0008E07BA97033704FE98E301006264056117
:104FD0008280011122EC00102334A4FE97A7010067
:104FE0009387C730033784FE98E30100626405614C
:104FF0008280011122EC0010AA872330B4FE232600
:10500000F4FE8327C4FE1B870700A94763EDE70072
:1050100017D70100130707938367C4FE8E07BA975B
:10502000033704FE98E301006264056182807971B0
:1050300022F40018AA87232EF4FC232604FEA305DD
:1050400004FE230504FE8327C4FD1B870700930786
:10505000B00263E6E70C232604FEA9A017A701000F
:105060001307C7B98327C4FE8A07BA9798438327D3
:10507000C4FD81276393E70285472305F4FE17C724
:1050800001001307277D8327C4FE8E07BA979C6310
:1050900095C38547A305F4FE31A88327C4FE852761
:1050A0002326F4FE8327C4FE1B870700F547E3D7BA
:1050B000E7FA11A001008347A4FE93C7170093F7F6
:1050C000F70FB1CF232604FE91A017A70100130705
:1050D00067BA8327C4FE8A07BA9798438327C4FD1B
:1050E00081276390E70217D701001307A78583275D
:1050F000C4FE8E07BA979C6395C38547A305F4FE4B
:1051000031A88327C4FE85272326F4FE8327C4FE07
:105110001B870700A947E3DAE7FA11A001008347DC
:10512000B4FE3E85227445618280011122EC00109C
:10513000AA872330B4FE2326F4FE8327C4FE9B8671
:10514000D7FF1B870600E94763E1E7049397060250
:10515000819313972700975701009387E767BA97C2
:105160009C431B870700975701009387E766BA9710
:10517000828717D70100130767828367C4FE8E07F3
:10518000BA97033704FE98E311A00100010062649E
:10519000056182805D7186E4A2E08008233CA4FC66
:1051A0002334C4FC2330D4FC233CE4FA2338F4FA3F
:1051B000AE87231BF4FC231704FE833784FD83C7CB
:1051C000070081279BD737408127858B8127B337FD
:1051D000F00013F7F70F833784FC2380E700833751
:1051E00084FD83C7070081279BD727408127858BB4
:1051F0008127B337F00013F7F70F833784FCA380C0
:10520000E700833784FD83C7070081279BD71740BA
:105210008127858B8127B337F00013F7F70F83378A
:1052200084FC2381E700833784FD850783C707005B
:105230003E85EF009044AA873E87833784FCD8C31D
:10524000833784FD850783C707003E85EF00B04F95
:10525000AA873E87833784FC98C7833784FD03C7BA
:105260002700833784FC2386E7008D472317F4FE4D
:10527000833784FC83C70700A9C38357E4FE1B87D9
:1052800017002317E4FE3E87833784FDBA9703C7D0
:105290000700833784FCA386E7008357E4FE1B875F
:1052A00017002317E4FE3E87833784FDBA9703C7B0
:1052B0000700833784FC2387E7008357E4FE1B87BE
:1052C00017002317E4FE3E87833784FDBA9703C790
:1052D0000700833704FC2380E7008357E4FE03378D
:1052E00084FD3E97833784FB98E3035764FD83571F
:1052F000E4FEBB07F740139707034193833704FB92
:105300002390E7008357E4FE3E85A6600664616152
:105310008280411122E400089387C18283D707006D
:105320003E85226441018280011122EC0010AA878F
:105330002317F4FE9387C1820357E4FE2390E7000E
:105340000100626405618280411122E400089387B4
:10535000E18283C707003E852264410182800111FA
:1053600022EC0010AA87A307F4FE9387E18203478B
:10537000F4FE2380E7000100626405618280797198
:1053800006F422F00018AA87A30FF4FCA30704FE7A
:10539000EF303037AA8785C38347F4FD1B870700AA
:1053A000BA86C547638BF600D1476308F700854787
:1053B000A307F4FE21A0010011A001008347F4FE21
:1053C0003E85A270027445618280797106F422F0F4
:1053D0000018AA87A30FF4FCA30704FEEF30703275
:1053E000AA8789C78547A307F4FE1DA0EF30F033D5
:1053F000AA8781CF8347F4FD81273E87A1476308B1
:10540000F7008547A307F4FE21A0010011A00100C9
:105410008347F4FE3E85A270027445618280597113
:1054200086F4A2F080182334A4FA2330B4FAB287A9
:10543000231FF4F8233C04FC233004FE232804FC3F
:10544000230A04FCA30504FEA30704FC233004FC88
:10545000231F04FA232604FEA30E04FA232C04FAC5
:10546000232A04FA232804FA230504FEA30404FED5
:10547000833704FA6386075C833704FA83C707001F
:10548000812793F7070F8127BE8613070003638ADE
:10549000E620BE8613070003634DD700BE86414752
:1054A000638BE60EBE86130700026386E6168DCF79
:1054B0004DA3BE8613070005638EE634BE86130730
:1054C00000056348D7003E8793070004630EF73258
:1054D00049A3BE8613070006638AE64A3E87930700
:1054E0000007630BF74EB5A39307E4FB130704FC17
:1054F0009306F4FC130684FD8355E4F9033504FA9E
:10550000EFF05FC98347F4FC3E85EFF05FE7AA87C1
:10551000639A07528347F4FC3E87F54763E4E70448
:105520008347F4FC812717C701001307A7328E07B2
:10553000BA979C6385CB8347F4FC812717C701008A
:10554000130747318E07BA9703B80700833704FC67
:105550000357E4FB930684FD033684FABA853E853F
:105560000298DDA197A70100938747D89C63638DBC
:10557000074C97A70100938767D703B807008337C5
:1055800004FC0357E4FB930684FD033684FABA85D2
:105590003E85029855A9833704FA83C71700A307ED
:1055A000F4FC833704FA89072330F4FC8357E4F9C9
:1055B000F937C217C193231FF4FA8347F4FC3E85E1
:1055C000EFF0BFE0AA87639307488347F4FC3E8768
:1055D000A94763EFE7468347F4FC812717C701001B
:1055E000130747368E07BA979C6363830746834742
:1055F000F4FC812717C701001307C7348E07BA9739
:105600009463833704FC0357E4FB033684FABA85BA
:105610003E85829635A9833704FA83C71700A30510
:10562000F4FE833704FA83C72700A307F4FC8347FB
:10563000F4FC8127BE8671476363D7061397270062
:105640009757010093870720BA979C431B87070051
:10565000975701009387071FBA9782878347F4FC07
:10566000812717C70100130767338E07BA979C631A
:105670008DC38347F4FC812717C701001307073246
:105680008E07BA9798638347B4FEBE85033584FAC4
:1056900002978347B4FE3E85EF50805611A001006B
:1056A0004DAE833704FA83C7070081279BD7374065
:1056B0008127858B8127B337F00093F7F70F2308F5
:1056C000F4FC833704FA83C7070081279BD7274060
:1056D0008127858B8127B337F00093F7F70FA30855
:1056E000F4FC833704FA83C717002309F4FC8347CB
:1056F00024FDA305F4FE89472326F4FE834704FD19
:105700008DCF8327C4FE1B8717002326E4FE3E8728
:10571000833704FABA9783C70700A309F4FC8327E9
:10572000C4FE1B8717002326E4FE3E87833704FA56
:10573000BA9783C70700230AF4FC8327C4FE1B879C
:1057400017002326E4FE3E87833704FABA9783C7FF
:105750000700A307F4FC8327C4FE033704FABA97B3
:105760002330F4FC8327C4FEC217C1930357E4F926
:10577000BB07F740C217C193231FF4FA8347F4FC19
:1057800081279B86D7FF1B870600E94763ECE70666
:1057900093970602819313972700975701009387E9
:1057A000A711BA979C431B8707009757010093875F
:1057B000A710BA9782878347F4FC812717C7010097
:1057C0001307C71D8E07BA979C639DC78347F4FCD8
:1057D000812717C701001307671C8E07BA9703B804
:1057E0000700833704FC0357E4FB930604FD0336EC
:1057F00084FABA853E8502988347B4FE3E85EF5011
:10580000204011A00100B1A48347B4FE3E85EF50B3
:10581000203F81A4833704FA83C71700A305F4FE51
:10582000833704FA83C72700A307F4FC8D47232698
:10583000F4FE8347F4FC3E87C9476312F7028327CF
:10584000C4FE033704FABA9781453E85EF00105431
:10585000AA8791C78327C4FE85272326F4FE8327C2
:10586000C4FE033704FABA97930684FB1307D4FBEC
:105870003686BA853E85EF005032AA873E87832759
:10588000C4FEB99F2326F4FE8327C4FE033704FA1F
:10589000BA97032784FB930604FB3686BA853E85B8
:1058A000EF10F019AA873E878327C4FEB99F2326ED
:1058B000F4FE8327C4FE033704FABA97930684FBE9
:1058C0001307D4FB3686BA853E85EF00102DAA87D4
:1058D0003E878327C4FEB99F2326F4FE8327C4FE98
:1058E000033704FABA97032784FB930644FB3686F2
:1058F000BA853E85EF10B014AA873E878327C4FE81
:10590000B99F2326F4FE8347F4FC3E87C947631200
:10591000F7028327C4FE033704FABA9781453E8510
:10592000EF00D04CAA8791C78327C4FE8527232682
:10593000F4FE8347F4FC3E87F54763E3E7048347BF
:10594000F4FC812717C70100130747148E07BA9785
:105950009C639DC78347F4FC812717C70100130789
:10596000E7128E07BA9703B80700032704FB8326C4
:1059700044FB8347B4FE3A86BE85033584FA029819
:105980008347B4FE3E85EF50A027E1A0833704FA99
:1059900083C71700A305F4FE833704FA83C72700E3
:1059A0002305F4FE97A70100938747959C6399CF41
:1059B00097A701009387879494630347A4FE8347C6
:1059C000B4FE3A86BE85033584FA82968347B4FED8
:1059D0003E85EF50E022B5A8833704FA83C707005D
:1059E0008127858B8127B337F000A304F4FE83372A
:1059F00004FA83C71700A305F4FE833704FA83C7AC
:105A000027002305F4FE97A701009387A78E9C63C8
:105A100095C397A701009387E78D03B807008346D6
:105A200094FE0347A4FE8347B4FE3A86BE85033541
:105A300084FA02988347B4FE3E85EF50601C11A89B
:105A4000010001A8010031A0010021A0010011A066
:105A500001000100A670067465618280797122F4EC
:105A60000018233CA4FC2338B4FC232604FE83370F
:105A700084FDD5C7833704FDDDC3833704FD03C729
:105A80000700833784FD2380E700232604FE25A03A
:105A9000033704FD8327C4FEBA9703C71700833674
:105AA00084FD8327C4FEB697A380E7008327C4FE46
:105AB00085272326F4FE8327C4FE1B87070099470A
:105AC000E3D8E7FC833704FD03D78700833784FDE1
:105AD0002394E700833704FD03C7A700833784FDC1
:105AE0002385E700232604FE25A0033704FD832732
:105AF000C4FEBA9703C7B700833684FD8327C4FE6C
:105B0000B697A385E7008327C4FE85272326F4FEE6
:105B10008327C4FE1B8707009947E3D8E7FC0100F1
:105B2000227445618280397106FC22F88000233C92
:105B3000A4FCAE8732872334D4FCA30BF4FCBA87D1
:105B40002328F4FC232604FE833784FD6389071E83
:105B5000833784FC6385071E834774FD8127BE86D7
:105B600013071002636FD71C139727009757010084
:105B7000938747DBBA979C431B8707009757010021
:105B8000938747DABA978287832704FD3E85EF0023
:105B9000F030AA873E87833784FC2384E7005DA228
:105BA000833784FC13878700832704FD3A86BE85EC
:105BB000033584FDEF10603FAA872326F4FE59A227
:105BC000833784FC13878700832704FD3A86BE85CC
:105BD000033584FDEF10C07FAA872326F4FE9DA223
:105BE000833784FC13878700832704FD3A86BE85AC
:105BF000033584FDEF20E030AA872326F4FE99A226
:105C0000833784FC13878700832704FD3A86BE858B
:105C1000033584FDEF202041AA872326F4FE1DA230
:105C2000833784FC13878700832704FD3A86BE856B
:105C3000033584FDEF10A011AA872326F4FE19A2D4
:105C4000833784FC13878700832704FD3A86BE854B
:105C5000033584FDEF10A02EAA872326F4FEDDA0D5
:105C6000833784FC13878700832704FD3A86BE852B
:105C7000033584FDEF005035AA872326F4FED9A012
:105C8000833784FC13878700832704FD3A86BE850B
:105C9000033584FDEF10A05AAA872326F4FE5DA0E9
:105CA000833784FC13878700832704FD3A86BE85EB
:105CB000033584FDEF10F028AA872326F4FE59A0AF
:105CC000833784FC13878700832704FD3A86BE85CB
:105CD000033584FDEF10701AAA872326F4FE9DA0D9
:105CE000231504FE232204FE930644FE1307A4FE9C
:105CF000832704FD3A86BE85033584FDEF00505AA4
:105D0000AA872326F4FE0357A4FE833784FC23943A
:105D1000E700032744FE833784FCD8C725A08337D8
:105D200084FC13878700832704FD3A86BE850335EC
:105D300084FDEF30A05AAA872326F4FE21A001009B
:105D400011A001008327C4FE812785EF834774FDDE
:105D500093F7F70F9DC7834774FD13F7F70F854738
:105D60006301F702834774FD13F7F70F9947630A3E
:105D7000F700833784FC91C7833784FC4147238134
:105D8000E7008327C4FE3E85E27042742161828071
:105D90005D7186E4A2E080082334A4FCAE87233C36
:105DA000C4FA2322F4FC232604FE232404FE232227
:105DB00004FEA30104FE232E04FC833784FCDDC70C
:105DC000833784FBC5C7833784FC83C707008127DB
:105DD000A18B8127C1EF833784FB23800700130742
:105DE000C4FD930734FE3A86BE85033584FCEF007C
:105DF000C05AAA872324F4FE832784FE8127BDC3CB
:105E00000327C4FE832784FEB99F2326F4FE03479D
:105E100034FE833784FB2381E7008327C4FE0337E6
:105E200084FCBA97034734FE0326C4FD833684FB03
:105E3000BA853E85EFF03FCFAA872322F4FE833751
:105E400084FB83C727003E87C147630AF700032707
:105E5000C4FE832744FEB99F2326F4FE21A0FD57EC
:105E60002326F4FE833784FB23B8075C8327C4FE14
:105E70003E85A660066461618280797122F4001813
:105E8000AA87A30FF4FC232604FE8347F4FD812791
:105E900093F7070F8127BE86130700036388E60682
:105EA000BE8613070003634DD700BE864147638754
:105EB000E604BE86130700026386E6048DCFB5A80C
:105EC000BE8613070005638BE604BE861307000534
:105ED0006348D7003E8793070004630DF702B1A81B
:105EE000BE86130700066380E6043E87930700071B
:105EF0006300F70499A0232604FE81A08947232686
:105F0000F4FE25A891472326F4FE05A8A1472326E1
:105F1000F4FE25A0C1472326F4FE05A09307000246
:105F20002326F4FE19A8930700042326F4FE31A0CB
:105F3000930710042326F4FE01008327C4FE3E8548
:105F4000227445618280797122F40018AA87A30F18
:105F5000F4FC232604FE8347F4FD8127BD8B8127B3
:105F6000BE8615476360D706139727009757010031
:105F70009387C7A3BA979C431B87070097570100D5
:105F80009387C7A2BA978287930720032326F4FE3C
:105F90001DA8930700082326F4FE35A09307E00C04
:105FA0002326F4FE0DA09307001E2326F4FE21A84D
:105FB000930700402326F4FE39A09307405C232674
:105FC000F4FE11A001008327C4FE3E8522744561C2
:105FD0008280797106F422F00018233CA4FCAE877D
:105FE0003687A30BF4FCB287230BF4FCBA87232873
:105FF000F4FC85472326F4FE833784FD23800700C5
:10600000834764FD93F7F70F91C7833784FD2147DA
:106010002380E700834774FD13F7F70FB94763E068
:10602000E704833784FD83C707001B9787011B574D
:106030008741834774FD81279B97470081279B9762
:1060400087019BD78741D98F9B9787019BD7874132
:1060500013F7F70F833784FD2380E7000DA88337FC
:1060600084FD83C7070093E707FF13F7F70F833714
:1060700084FD2380E700833784FD8507034774FD93
:106080002380E7008327C4FE85272326F4FE832789
:1060900004FD1B870700914763E2E702833784FD15
:1060A00003C70700832704FD93F7F70FD98F13F772
:1060B000F70F833784FD2380E700F1A8833784FD41
:1060C00083C7070093E7570013F7F70F833784FD63
:1060D0002380E700832704FD1B8707009307D00F69
:1060E00063E3E7028327C4FE1B8717002326E4FE31
:1060F0003E87833784FDBA97032704FD1377F70F94
:106100002380E70049A8832704FD1B870700C16798
:106110006374F7048327C4FE1B8717002326E4FE5D
:106120003E87833784FDBA9779572380E70083271A
:10613000C4FE033784FDBA97032704FD4217419339
:10614000BA853E85EF106071AA873E878327C4FE1B
:10615000B99F2326F4FE81A08327C4FE1B87170066
:106160002326E4FE3E87833784FDBA977D5723803C
:10617000E7008327C4FE033784FDBA97032704FD95
:10618000BA853E85EF10D006AA873E878327C4FED6
:10619000B99F2326F4FE8327C4FE3E85A2700274B5
:1061A00045618280797122F40018233CA4FCAE87FB
:1061B000A30BF4FC85472326F4FE833784FD214797
:1061C0002380E700834774FD13F7F70FB94763E0B7
:1061D000E704833784FD83C707001B9787011B579C
:1061E0008741834774FD81279B97470081279B97B1
:1061F00087019BD78741D98F9B9787019BD7874181
:1062000013F7F70F833784FD2380E7000DA883374A
:1062100084FD83C7070093E707FF13F7F70F833762
:1062200084FD2380E700833784FD8507034774FDE1
:106230002380E7008327C4FE85272326F4FE8337C7
:1062400084FD83C7070093E7670013F7F70F8337D1
:1062500084FD2380E7008327C4FE3E8522744561C8
:106260008280797122F40018233CA4FCAE87A30B32
:10627000F4FC85472326F4FE833784FD21472380E1
:10628000E700834774FD13F7F70FB94763E0E704AE
:10629000833784FD83C707001B9787011B578741FE
:1062A000834774FD81279B97470081279B97870130
:1062B0009BD78741D98F9B9787019BD7874113F73E
:1062C000F70F833784FD2380E7000DA8833784FD13
:1062D00083C7070093E707FF13F7F70F833784FDA2
:1062E0002380E700833784FD8507034774FD2380FF
:1062F000E7008327C4FE85272326F4FE833784FD29
:1063000083C7070093E7770013F7F70F833784FD00
:106310002380E7008327C4FE3E8522744561828086
:10632000797122F40018233CA4FC2338B4FC85477F
:106330002326F4FE833784FD83C70700812793F764
:10634000070F81273E879307000F6313F7028337F8
:1063500004FD89CB833784FD03C71700833704FD11
:106360002380E7008327C4FE85272326F4FE05A0AB
:10637000833704FD89CF833784FD83C707009BD70C
:10638000470013F7F70F833704FD2380E7008327C7
:10639000C4FE3E85227445618280397106FC22F874
:1063A0008000233CA4FC2338B4FC2334C4FC854780
:1063B0002326F4FE833504FD033584FDEFF05FF6FC
:1063C000AA872326F4FE833784FD83C7070081272D
:1063D0009D8B81273E8795476312F70E8327C4FE66
:1063E000033784FDBA9783C707003E879307F00FF2
:1063F0006313F7048327C4FE85272326F4FE83272F
:10640000C4FE033784FDBA97130744FEBA853E8560
:10641000EF106065AA873E878327C4FEB99F2326B5
:10642000F4FE833784FC638F070E032744FE833713
:1064300084FC98C3C5A88327C4FE033784FDBA979C
:1064400083C707003E879307E00F6314F704832791
:10645000C4FE85272326F4FE8327C4FE033784FD6C
:10646000BA971307A4FEBA853E85EF104043AA876A
:106470003E878327C4FEB99F2326F4FE833784FC1E
:10648000D5C38357A4FE1B870700833784FC98C3BA
:1064900051A8833784FC89CF8327C4FE033784FD4A
:1064A000BA9783C707001B870700833784FC98C30C
:1064B0008327C4FE85272326F4FEADA0833784FD01
:1064C00083C7070081279D8B81273E879947631AE1
:1064D000F700833784FC91C7833784FC23A007002F
:1064E00091A0833784FD83C7070081279D8B812777
:1064F0003E879D47631AF700833784FC91C7833733
:1065000084FC23A0070039A8833784FC81CF83371C
:1065100084FD83C7070081279D8B1B870700833776
:1065200084FC98C38327C4FE3E85E27042742161D7
:106530008280797106F422F00018233CA4FCAE8717
:10654000A30BF4FCA30704FE9307F4FEBE850335FA
:1065500084FDEFF0FFDC833784FD83C707008127CC
:10656000A18B812799CB0347F4FE834774FD93F7F2
:10657000F70F6394E700854711A08147858B93F758
:10658000F70F3E85A270027445618280797106F42E
:1065900022F00018233CA4FCAE87A30BF4FCA30755
:1065A00004FE9307F4FEBE85033584FDEFF05FD74C
:1065B000833784FD83C7070081279D8B81273E8712
:1065C0009947631CF7000347F4FE834774FD93F774
:1065D000F70F6394E700854711A08147858B93F7F8
:1065E000F70F3E85A270027445618280797106F4CE
:1065F00022F00018233CA4FCAE87A30BF4FCA307F5
:1066000004FE9307F4FEBE85033584FDEFF05FD1F1
:10661000833784FD83C7070081279D8B81273E87B1
:106620009D47631CF7000347F4FE834774FD93F70F
:10663000F70F6394E700854711A08147858B93F797
:10664000F70F3E85A270027445618280797106F46D
:1066500022F00018233CA4FCAE87A30BF4FC2324F7
:1066600004FE232604FE834774FD93F7F70F81C7CA
:1066700085472326F4FE8327C4FEBE860146854552
:10668000033584FDEFF0FF94AA872324F4FE8327CB
:1066900084FE3E85A270027445618280797122F485
:1066A0000018AA87232EF4FCA30704FE8327C4FD49
:1066B000812781C78547A307F4FE8347F4FE3E8503
:1066C000227445618280011106EC22E80010233417
:1066D000A4FE814601468145033584FEEFF07F8F9D
:1066E000AA873E85E260426405618280797122F466
:1066F0000018AA87A30FF4FCA30704FE8347F4FD48
:106700008127858B812799C78347F4FE93E707F894
:10671000A307F4FE8347F4FD8127898B812799C75E
:106720008347F4FE93E70704A307F4FE8347F4FDD1
:106730008127918B812799C78347F4FE93E707024E
:10674000A307F4FE8347F4FD8127A18B812799C716
:106750008347F4FE93E70701A307F4FE8347F4FDA4
:106760008127C18B812799C78347F4FE93E7870070
:10677000A307F4FE8347F4FD812793F707028127DF
:1067800099C78347F4FE93E74700A307F4FE8347C6
:10679000F4FD812793F70704812799C78347F4FE07
:1067A00093E72700A307F4FE8307F4FD63D80700EF
:1067B0008347F4FE93E71700A307F4FE8347F4FE34
:1067C0003E852274456182805D7186E4A2E026FCEC
:1067D00080082334A4FCAE87233CC4FA2322F4FCB3
:1067E000232E04FCA30B04FC232C04FC232804FC10
:1067F000033584FBEF10D007832744FC8127C9CFE2
:10680000832744FCFD372328F4FC832704FD1B87E2
:106810000700BD4763E2E7088547232EF4FC232CDD
:1068200004FC81A0832784FD93F4F70F8327C4FD24
:106830001B871700232EE4FC3E87833784FCBA971E
:1068400083C707003E85EFF07FEAAA873E86A685CC
:10685000033584FBEF10B022832784FD8527232C8A
:10686000F4FC032784FD832704FD01278127E36BC4
:10687000F7FA833784FC83C707009D8BA30BF4FCD6
:10688000832704FD93F7F70F034774FD3A86BE850F
:10689000033584FBEF1010248327C4FD3E85A660DA
:1068A0000664E27461618280397106FC22F826F484
:1068B00080002334A4FC2330B4FC232E04FC230DDD
:1068C00004FCA30C04FCA30D04FC033504FCEF1032
:1068D000700FAA8791EF8327C4FD1B871700232E13
:1068E000E4FC3E87833784FCBA972380070055A8D1
:1068F000033504FCEF10B00EAA87A30CF4FC03359B
:1069000004FCEF10300CAA873E87834794FDFD27D7
:1069100093F7F70F9B97370093F7F70FBB07F740F5
:10692000230DF4FC8327C4FD1B871700232EE4FCF2
:106930003E87833784FCBA970347A4FDA1463B8773
:10694000E6401377F70F2380E700A30D04FC81A036
:106950008347B4FDBE85033504FCEF10D00DAA8734
:10696000BE868327C4FD1B871700232EE4FC3E87C9
:10697000833784FCB384E7003685EFF03FD7AA87DE
:106980002380F4008347B4FD8527A30DF4FC03475F
:10699000B4FD834794FD1377F70F93F7F70FE3697F
:1069A000F7FA8327C4FD3E85E2704274A274216128
:1069B0008280797106F422F00018233CA4FC23386D
:1069C000B4FC232604FE85472324F4FE033504FD8E
:1069D000EF10F000AA878127032784FEB99F2324A4
:1069E000F4FE832784FEBE860146A145033584FD5F
:1069F000EFF02FDEAA872326F4FE8327C4FE033799
:106A000084FDBA97833504FD3E85EFF0FFE9AA8740
:106A10003E878327C4FEB99F2326F4FE8327C4FE46
:106A20003E85A270027445618280397106FC22F8AD
:106A30008000233CA4FC2338B4FC2334C4FC23246E
:106A400004FE232604FE930784FEBE85033584FDE1
:106A5000EF106001AA872326F4FE832784FE9BD7CC
:106A600067018127C217C19393F7F73F1397070375
:106A70004193833704FD2390E700832784FE3E87FC
:106A8000B7074000FD17F98F1B870700833784FC89
:106A900098C38327C4FE3E85E270427421618280E0
:106AA000797106F422F000182334A4FEAE87233C4B
:106AB000C4FC2338D4FC2322F4FE832744FE1B8726
:106AC000070091476304F700814711A8033604FDCE
:106AD000833584FD033584FEEFF03FF5AA873E85BC
:106AE000A270027445618280797106F422F0001868
:106AF000233CA4FCAE873287232AF4FCBA872328E0
:106B0000F4FC232604FE232404FE232204FE832710
:106B100044FD2324F4FE832784FE9B9767019B8614
:106B20000700032704FDB7074000FD17F98F8127F1
:106B30003687D98F2326F4FE8327C4FEBE8503350E
:106B400084FDEF00F06AAA872322F4FE832744FE27
:106B50003E85A270027445618280397106FC22F87C
:106B60008000233CA4FCAE873687A30BF4FCB287DD
:106B70002328F4FCBA872326F4FC232604FE83474B
:106B800074FD91460546BE85033584FDEFF06FC464
:106B9000AA872326F4FE8327C4FE033784FDBA9711
:106BA0008326C4FC032704FD3686BA853E85EFF0B4
:106BB000BFF3AA873E878327C4FEB99F2326F4FE2E
:106BC0008327C4FE3E85E270427421618280797120
:106BD00006F422F00018233CA4FCAE873287232A57
:106BE000F4FCBA872328F4FC232604FE833784FDB3
:106BF0008507832604FD032744FD3686BA853E8536
:106C0000EFF09FEEAA872326F4FE8327C4FEBE86FC
:106C10000146B145033584FDEFF0AFBBAA873E873F
:106C20008327C4FEB99F2326F4FE8327C4FE3E8536
:106C3000A270027445618280797106F422F0001816
:106C4000233CA4FC2338B4FC232604FE232404FEA6
:106C5000833704FDB9CF033504FDEF10B036AA87A2
:106C60002326F4FE033504FDEF1030332330A4FE59
:106C7000833704FE9DCF232404FE25A0832784FEB2
:106C8000033704FE3E97832784FE833684FDB69740
:106C9000034707002380E700832784FE85272324FA
:106CA000F4FE032784FE8327C4FE01278127E347E0
:106CB000F7FC8327C4FE3E85A27002744561828082
:106CC000397106FC22F826F480002334A4FC23301A
:106CD000B4FC232E04FC833704FCB5C3033504FC49
:106CE000EF10502EAA878127BE86014699450335AD
:106CF00084FCEFF00FAEAA87232EF4FC8324C4FD9E
:106D0000033504FCEF10102CAA873387F400930797
:106D1000305C63E4E7028327C4FD033784FCBA9741
:106D2000833504FC3E85EFF03FF1AA873E87832739
:106D3000C4FDB99F232EF4FC19A0232E04FC832745
:106D4000C4FD3E85E2704274A27421618280397173
:106D500006FC22F88000233CA4FCAE872334C4FC4C
:106D6000232AF4FC232604FEA30504FE836744FDC6
:106D70003E86833584FD033584FCEF10F014AA872A
:106D8000A305F4FE8347B4FE93F7F70F89C7832763
:106D900044FD2326F4FE8327C4FE3E85E270427440
:106DA00021618280397122FC8000233CA4FCAE87E3
:106DB0002334D4FC232AF4FCB287A309F4FCBA8759
:106DC0002322F4FC85472326F4FE0327C4FE8327F1
:106DD00044FCB99F2326F4FE833784FDA5C703270F
:106DE000C4FE832744FD0127812763EDE704833731
:106DF00084FD034734FD2380E700232404FE15A807
:106E0000836784FE033784FCBA9783860700832751
:106E100084FE8527812782178193033784FDBA97E3
:106E200013F7F60F2380E700832784FE85272324AA
:106E3000F4FE032784FE832744FC01278127E361B6
:106E4000F7FC19A0232604FE8327C4FE3E85627446
:106E500021618280797106F422F026EC4AE800185C
:106E6000233CA4FC2338B4FC033504FDEF108079E7
:106E7000AA87BE84033504FDEF1000712A8903350B
:106E800004FDEF100073AA8781273E87CA862686F5
:106E90009305405C033584FDEFF0DFF0AA8781277E
:106EA00081273E85A2700274E26442694561828056
:106EB000797106F422F00018233CA4FC2338B4FCBA
:106EC000232604FE232404FE033504FDEF10606E28
:106ED000AA87812785272324F4FE832784FEBE8684
:106EE00001469D45033584FDEFF0AF8EAA8723262A
:106EF000F4FE0327C4FE832784FEB99F81273E87C3
:106F00009307305C63C4E7028327C4FE033784FD24
:106F1000BA97833504FD3E85EFF0DFF3AA873E87FD
:106F20008327C4FEB99F2326F4FE19A0232604FE5E
:106F30008327C4FE3E85A270027445618280397148
:106F400006FC22F88000233CA4FCAE872334C4FC5A
:106F5000232AF4FC232604FEA30504FE833784FDC4
:106F600003C70700833784FD13861700832744FD7A
:106F7000FD37812782178193BE86BA85033584FC4D
:106F8000EF10803BAA87A305F4FE8347B4FE93F776
:106F9000F70F89C7832744FD2326F4FE8327C4FE09
:106FA0003E85E270427421618280397106FC22F8CC
:106FB0008000233CA4FCAE872334C4FC232AF4FCC9
:106FC000231704FE833784FCD5C3832744FD1B8726
:106FD00007008947630AF704832744FD1B870700DE
:106FE000894763EAE700832744FD1B87070085473D
:106FF0006302F702BDA0832744FD1B8707008D476E
:107000006303F704832744FD1B870700914763034D
:10701000F70481A8833784FD83C707001B87070017
:10702000833784FC98C3A1A09307E4FEBE85033593
:1070300084FDEF00D0068357E4FE1B8707008337EB
:1070400084FC98C32DA0833584FC033584FDEF00B8
:10705000701131A8833584FC033584FDEF00B02026
:1070600039A0833784FC23A0070011A001008327E7
:1070700044FD3E85E270427421618280797106F49C
:1070800022F00018233CA4FCAE87232AF4FC23261C
:1070900004FE832744FD1B8707009307F00F63EE70
:1070A000E700832744FD13F7F70F833784FD238020
:1070B000E70085472326F4FE95A0832744FD1B8720
:1070C0000700C167637FF700832744FDC217C193A0
:1070D000BE85033584FDEF004078AA872326F4FEA1
:1070E00035A8832744FD1B870700B7070001637D90
:1070F000F700832744FDBE85033584FDEF00D000F3
:10710000AA872326F4FE19A8832744FDBE850335EC
:1071100084FDEF00F00DAA872326F4FE8327C4FE2A
:107120003E85A270027445618280797106F422F076
:107130000018233CA4FCAE873287A30BF4FCBA876B
:107140002328F4FC232604FE832704FD1B87070065
:107150009307F00F63E6E70085472326F4FE1DA89A
:10716000832704FD1B870700C1676376F700894703
:107170002326F4FE05A0832704FD1B870700B7071D
:1071800000016376F7008D472326F4FE21A0914786
:107190002326F4FE0327C4FE834774FDBA86054602
:1071A000BE85033584FDEFE0DFE2AA872326F4FEE7
:1071B0008327C4FE033784FDBA97032704FDBA85ED
:1071C0003E85EFF0BFEBAA873E878327C4FEB99FB9
:1071D0002326F4FE8327C4FE3E85A2700274456117
:1071E0008280797106F422F00018233CA4FCAE875B
:1071F000232AF4FC232604FE833784FD8507032716
:1072000044FDBA853E85EFF07FE7AA872326F4FE8A
:107210008327C4FEBE8601468945033584FDEFE021
:107220005FDBAA873E878327C4FEB99F2326F4FE2F
:107230008327C4FE3E85A270027445618280397145
:1072400006FC22F88000233CA4FCAE872334C4FC57
:10725000232AF4FC232404FE130784FE832744FD21
:107260003A86BE85033584FDEFF03FD4AA872326F6
:10727000F4FE833784FC91C7032784FE833784FCA4
:1072800098C38327C4FE3E85E270427421618280E8
:10729000011106EC22E800102334A4FEAE8723225D
:1072A000F4FE832744FEBE85033584FEEFF01FDD28
:1072B000AA873E85E260426405618280797106F4A6
:1072C00022F00018233CA4FCAE87232AF4FC2326DA
:1072D00004FE833784FD8507032744FDBA853E8578
:1072E000EFF01FFBAA872326F4FE8327C4FEBE8689
:1072F0000146A545033584FDEFE0BFCDAA873E8753
:107300008327C4FEB99F2326F4FE8327C4FE3E854F
:10731000A270027445618280797106F422F000182F
:10732000233CA4FCAE873287A30BF4FCBA87232846
:10733000F4FC232604FE832704FD1B870700930724
:10734000F00F63E6E70085472326F4FE1DA8832798
:1073500004FD1B870700C1676376F7008947232672
:10736000F4FE05A0832704FD1B870700B707000173
:107370006376F7008D472326F4FE21A0914723264C
:10738000F4FE0327C4FE834774FDBA860546BE8516
:10739000033584FDEFE0FFC3AA872326F4FE83278D
:1073A000C4FE033784FDBA97032704FDBA853E85E2
:1073B000EFF01FEEAA873E878327C4FEB99F2326DE
:1073C000F4FE8327C4FE3E85A2700274456182806C
:1073D000797106F422F000182334A4FEAE87233C12
:1073E000C4FC2322F4FE833784FDD9C7832744FEDF
:1073F0001B87070089476307F704832744FE1B8721
:107400000700894763EAE700832744FE1B870700DC
:1074100085476302F702A1A8832744FE1B87070064
:107420008D476308F702832744FE1B8707009147B7
:107430006308F7022DA8833584FD033584FEEF0031
:10744000E06F25A8833584FD033584FEEF00607965
:107450002DA0833584FD033584FEEF00300731A86D
:10746000833584FD033584FEEF00901939A08337FE
:1074700084FD23A0070011A00100832744FE3E8560
:10748000A270027445618280797106F422F00018BE
:10749000233CA4FCAE87232AF4FC232604FE832786
:1074A00044FD1B870700930700F86349F702832711
:1074B00044FD1B8707009307F00763C1E70283279A
:1074C00044FD9B9787019BD78741BE85033584FD8B
:1074D000EF006064AA872326F4FE59A0832744FDA9
:1074E0001B870700E1776348F702832744FD1B876A
:1074F0000700A1676351F702832744FD9B970701AB
:107500009BD70741BE85033584FDEF004069AA87FC
:107510002326F4FEB1A0832744FD1B870700B7078D
:1075200080FF63D5E702832744FD1B870700B70769
:107530008000635DF700832744FDBE85033584FD2D
:10754000EF000073AA872326F4FE19A8832744FDC1
:10755000BE85033584FDEF005003AA872326F4FE81
:107560008327C4FE3E85A2700274456182807971D2
:1075700006F422F00018233CA4FCAE87232AF4FC76
:10758000232604FE833784FD8507032744FDBA853F
:107590003E85EFF07FEFAA872326F4FE8327C4FE03
:1075A000BE8601468D45033584FDEFE09FA2AA8784
:1075B0003E878327C4FEB99F2326F4FE8327C4FE9B
:1075C0003E85A270027445618280797106F422F0D2
:1075D0000018233CA4FC232AB4FC232604FE833792
:1075E00084FD8507BE85032544FDEF005016AA875C
:1075F0002326F4FE8327C4FEBE860146914503354B
:1076000084FDEFE01F9DAA873E878327C4FEB99FB4
:107610002326F4FE8327C4FE3E85A27002744561D2
:107620008280011122EC00102334A4FE2330B4FE2A
:10763000833784FE03C70700833704FE2380E700F7
:10764000833784FE03C71700833704FEA380E70057
:10765000833784FE03C72700833704FE2381E700B6
:10766000833784FE03C73700833704FEA381E70016
:1076700091473E85626405618280797106F422F04B
:1076800000182334A4FEAE87233CC4FC2322F4FE5E
:10769000832744FE1B87070091476305F702833762
:1076A00084FD23800700833784FDA381070083378F
:1076B00084FDA3800700833784FD2381070083278F
:1076C00044FE01A8833584FD033584FEEFF07FF589
:1076D000AA873E85A270027445618280011122EC66
:1076E00000102334A4FE2330B4FE833784FE83C706
:1076F0000700C217C1939B87C7761397070341936F
:10770000833704FE2390E700833784FE03C7170006
:10771000833704FE2381E700833784FE03C72700F5
:10772000833704FEA381E700833784FE03C7370055
:10773000833704FE2382E70091473E85626405613A
:107740008280797106F422F000182334A4FEAE87FB
:10775000233CC4FC2322F4FE832744FE1B8707003E
:1077600091476305F702833784FDA38107008337C0
:1077700084FD23810700833784FD2382070083373C
:1077800084FD23900700832744FE01A8833584FDF0
:10779000033584FEEFF09FF4AA873E85A270027441
:1077A00045618280397106FC22F88000233CA4FCEC
:1077B000AE87A30BF4FCB2872328F4FCB6872326FC
:1077C000F4FCBA872324F4FC232604FE833784FDCB
:1077D000B5CF833784FD130700052380E700833787
:1077E00084FD8507034774FD2380E700833784FD0C
:1077F0008907032704FD1377F70F2380E7008D47E0
:107800002326F4FE8327C4FE033784FDBA9703279B
:10781000C4FCBA853E85EFF07FAAAA873E878327FE
:10782000C4FEB99F2326F4FE8327C4FE033784FDDC
:10783000BA97032784FCBA853E85EFF03FA8AA8754
:107840003E878327C4FEB99F2326F4FE8327C4FE08
:107850003E85E270427421618280011122EC0010A9
:107860002334A4FEAE872313F4FE835764FE9BD714
:107870008700C217C19313F7F70F833784FE238065
:10788000E700833784FE8507035764FE1377F70FFD
:107890002380E70089473E8562640561828001118B
:1078A00022EC00102334A4FE2330B4FE833704FE00
:1078B000B9C7833784FE83C7070081279B9787005A
:1078C0008127C217C19393F707F0139707034193DA
:1078D000833704FE2390E700833704FE03D70700B5
:1078E000833784FE850783C70700C217C193D98FEA
:1078F000139707034193833704FE2390E7008947DA
:107900003E85626405618280011122EC00102334FF
:10791000A4FEAE872322F4FE832744FE9BD70701F3
:10792000812713F7F70F833784FE2380E70083272F
:1079300044FE9BD787001B870700833784FE85079B
:107940001377F70F2380E700833784FE8907032727
:1079500044FE1377F70F2380E7008D473E8562646E
:1079600005618280011122EC00102334A4FE233033
:10797000B4FE833704FEA5CB833784FE83C707009C
:1079800081279B97070181273E87B707FF00F98F63
:107990001B870700833704FE98C3833704FE984390
:1079A000833784FE850783C7070081279B9787005D
:1079B0008127BE86C167FD17F58F8127D98F1B8769
:1079C0000700833704FE98C3833704FE9843833748
:1079D00084FE890783C707008127D98F1B8707008B
:1079E000833704FE98C38D473E85626405618280BB
:1079F000011122EC00102334A4FEAE872322F4FEF2
:107A0000832744FE9BD78701812713F7F70F83371E
:107A100084FE2380E700832744FE9BD707011B8752
:107A20000700833784FE85071377F70F2380E7006D
:107A3000832744FE9BD787001B870700833784FE7C
:107A400089071377F70F2380E700833784FE8D07BC
:107A5000032744FE1377F70F2380E70091473E8505
:107A6000626405618280011122EC00102334A4FEBF
:107A70002330B4FE833704FED1CB833784FE83C723
:107A8000070081279B9787011B870700833704FE28
:107A900098C3833704FE9843833784FE850783C7E2
:107AA000070081279B9707018127BE86B707FF0044
:107AB000F58F8127D98F1B870700833704FE98C372
:107AC000833704FE9843833784FE890783C7070002
:107AD00081279B9787008127BE86C167FD17F58F99
:107AE0008127D98F1B870700833704FE98C383370C
:107AF00004FE9843833784FE8D0783C707008127E0
:107B0000D98F1B870700833704FE98C391473E85B2
:107B1000626405618280011122EC00102334A4FE0E
:107B2000AE87A303F4FE034774FE833784FE2380ED
:107B3000E70085473E85626405618280011122EC81
:107B400000102334A4FE2330B4FE833704FEB9C3EF
:107B5000833784FE83C707009B9787019BD78741A4
:107B600063D80700833704FE130700F098C329A0E9
:107B7000833704FE23A00700833704FE984383372E
:107B800084FE83C707008127D98F1B8707008337AF
:107B900004FE98C385473E856264056182800111B9
:107BA00022EC00102334A4FEAE872313F4FE8317C7
:107BB00064FE81279BD78740812713F7F70F833710
:107BC00084FE2380E700833784FE8507035764FE25
:107BD0001377F70F2380E70089473E8562640561CC
:107BE0008280011122EC00102334A4FE2330B4FE65
:107BF000833704FEADCB833784FE83C707009B9792
:107C000087019BD7874163D70700833704FE4177FD
:107C100098C329A0833704FE23A00700833704FEFE
:107C20009843833784FE83C7070081279B9787008B
:107C30009B860700C167FD17F58F8127D98F1B87AA
:107C40000700833704FE98C3833704FE98438337C5
:107C500084FE850783C707008127D98F1B8707000C
:107C6000833704FE98C389473E856264056182803C
:107C7000011122EC00102334A4FEAE872322F4FE6F
:107C8000832744FE9BD70741812713F7F70F8337DC
:107C900084FE2380E700832744FE9BD787401B8711
:107CA0000700833784FE85071377F70F2380E700EB
:107CB000833784FE8907032744FE1377F70F238059
:107CC000E7008D473E85626405618280011122ECE8
:107CD00000102334A4FE2330B4FE833704FECDC34A
:107CE000833784FE83C707009B9787019BD7874113
:107CF00063D80700833704FE370700FF98C329A025
:107D0000833704FE23A00700833704FE984383379C
:107D100084FE83C7070081279B9707019B86070086
:107D2000B707FF00F58F8127D98F1B87070083379F
:107D300004FE98C3833704FE9843833784FE850787
:107D400083C7070081279B9787009B860700C16731
:107D5000FD17F58F8127D98F1B870700833704FE16
:107D600098C3833704FE9843833784FE890783C70B
:107D700007008127D98F1B870700833704FE98C32C
:107D80008D473E85626405618280011122EC0010FE
:107D90002334A4FEAE872322F4FE832744FE9BD720
:107DA0008701812713F7F70F833784FE2380E700CD
:107DB000832744FE9BD707411B870700833784FE38
:107DC00085071377F70F2380E700832744FE9BD7AF
:107DD00087401B870700833784FE89071377F70FD7
:107DE0002380E700833784FE8D07032744FE137743
:107DF000F70F2380E70091473E856264056182802A
:107E0000011122EC00102334A4FE2330B4FE83378A
:107E100004FED1CB833784FE83C7070081279B975D
:107E200087011B870700833704FE98C3833704FE4E
:107E30009843833784FE850783C7070081279B9774
:107E400007019B860700B707FF00F58F8127D98FB1
:107E50001B870700833704FE98C3833704FE9843CB
:107E6000833784FE890783C7070081279B97870094
:107E70009B860700C167FD17F58F8127D98F1B8768
:107E80000700833704FE98C3833704FE9843833783
:107E900084FE8D0783C707008127D98F1B870700C2
:107EA000833704FE98C391473E85626405618280F2
:107EB000797122F40018233CA4FC2338B4FC8337E6
:107EC00084FD83C737002304F4FE833784FD83C712
:107ED0002700A304F4FE833784FD83C7170023051E
:107EE000F4FE833784FD83C70700A305F4FE032750
:107EF00084FE833704FD98C391473E852274456113
:107F00008280797106F422F000182334A4FEAE8733
:107F1000233CC4FC2322F4FE832744FE1B87070076
:107F20009147630AF700833784FD1307000098C365
:107F3000832744FE01A8833584FD033584FEEFF0DA
:107F40003FF7AA873E85A2700274456182807971ED
:107F500022F40018232EA4FC2338B4FC8327C4FD8C
:107F60002324F4FE0347B4FE833704FD2380E70097
:107F7000833704FD85070347A4FE2380E70083378A
:107F800004FD8907034794FE2380E700833704FD3F
:107F90008D07034784FE2380E70091473E852274C6
:107FA00045618280797122F40018233CA4FC2338B7
:107FB000B4FC833784FD83C777002304F4FE833742
:107FC00084FD83C76700A304F4FE833784FD83C761
:107FD00057002305F4FE833784FD83C74700A305BC
:107FE000F4FE833784FD83C737002306F4FE83370E
:107FF00084FD83C72700A306F4FE833784FD83C76F
:1080000017002307F4FE833784FD83C70700A30707
:10801000F4FE033784FE833704FD98E3A1473E85D1
:10802000227445618280797106F422F000182334AD
:10803000A4FEAE87233CC4FC2322F4FE832744FE27
:108040001B870700A1476309F700833784FD23B02E
:108050000700832744FE01A8833584FD033584FE91
:10806000EFF05FF4AA873E85A270027445618280BA
:10807000797122F40018233CA4FC833784FD23800B
:108080000700232604FE29A8033784FD8327C4FEA6
:10809000BA97A38007008327C4FE85272326F4FE12
:1080A0008327C4FE1B870700B947E3DFE7FC010015
:1080B000227445618280797122F40018233CA4FC6B
:1080C000AE873287A30BF4FCBA87230BF4FC8347FB
:1080D00074FD9BD73700A307F4FE85472307F4FE02
:1080E0008347F4FE13F7F70FB94763E9E70C8337CB
:1080F00084FD03C70700834774FD93F7F70F63EB15
:10810000E700834774FD852713F7F70F833784FD56
:108110002380E7008347E4FE1B870700834774FD45
:108120009B8607008347F4FE81279B9737008127B2
:10813000BB87F6408127BB17F70081272307F4FE92
:10814000834764FD93F7F70F9DC78347F4FE8127AC
:10815000033784FDBA9783C617008347F4FE81274F
:108160000347E4FE558F1377F70F833684FDB697E8
:10817000A380E700A1A08347F4FE8127033784FD95
:10818000BA9783C717001B9787011B57874183073F
:10819000E4FE93C7F7FF9B9787019BD78741F98F31
:1081A0001B9787011B5787418347F4FE812713776D
:1081B000F70F833684FDB697A380E7000100227491
:1081C00045618280011122EC00102334A4FE833724
:1081D00084FE83C707003E856264056182807971F1
:1081E00022F40018233CA4FCA30704FE230704FE8A
:1081F000A30604FE833784FD83C707009DC783372A
:1082000084FD83C70700FD37A306F4FE8347D4FE31
:108210009BD737002307F4FE8347E4FE8527230717
:10822000F4FE8347E4FEA307F4FE8347F4FE3E8595
:10823000227445618280797122F40018233CA4FCE9
:10824000AE87A30BF4FCA30704FE833784FD95C31C
:10825000834774FD13F7F70FB94763ECE7008347D3
:1082600074FD8127033784FDBA9783C71700A307DE
:10827000F4FE8347F4FE3E85227445618280797165
:1082800022F40018233CA4FCAE873287A30BF4FC35
:10829000BA87230BF4FCA30704FE833784FD8DC744
:1082A000834774FD13F7F70FB94763EFE700834780
:1082B00074FD8127033784FDBA97034764FDA380CB
:1082C000E7008547A307F4FE8347F4FE3E8522744A
:1082D00045618280797122F40018233CA4FCAE87AA
:1082E0003287A30BF4FCBA87230BF4FCA30704FE2C
:1082F000833784FD85CF834774FD9B97370013F741
:10830000F70F833784FD2380E700833784FD03C79D
:108310000700834764FDBB07F74013F7F70F833768
:1083200084FD2380E7008547A307F4FE8347F4FE1E
:108330003E85227445618280397122FC8000233C95
:10834000A4FCAE872334C4FC2330D4FCA30BF4FC80
:10835000A30704FE833784FDE1C3833784FD23B084
:108360000700833784FD034774FD2384E700033748
:1083700004FC9307D05B63E1E70A833784FCADC755
:10838000233004FE99A8033704FE833704FC637A84
:10839000F702033784FC833704FE3E97833784FD5E
:1083A0009C6303070700833684FDB697A384E70028
:1083B000833784FD9C6313871700833784FD98E31C
:1083C00001A8033784FD833704FEBA97A38407000E
:1083D000833704FE85072330F4FE033704FE93073A
:1083E000D05BE3F2E7FA35A0233004FE29A8033777
:1083F00084FD833704FEBA97A3840700833704FE05
:1084000085072330F4FE033704FE9307D05BE3F0C7
:10841000E7FE8547A307F4FE8347F4FE3E856274BA
:1084200021618280011106EC22E800102334A4FEB1
:108430002330B4FE833704FE99C7033504FEEF00F2
:10844000A13BAA8711A08147BE86033604FE814561
:10845000033584FEEFF05FEEAA873E85E26042645A
:1084600005618280797106F422F026EC4AE8001852
:10847000233CA4FC2338B4FC033504FDEF00801832
:10848000AA87BE84033504FDEF0000102A89033556
:1084900004FDEF000012AA87BE864A86A685033532
:1084A00084FDEFF07FE9AA873E85A2700274E26442
:1084B000426945618280797122F40018233CA4FC52
:1084C0002338B4FCA30304FE833704FDC9C38337F8
:1084D00084FDB5CF833704FD9863833784FD9C63A7
:1084E000631DF708833704FD03C78700833784FDC6
:1084F00083C787006313F7088547A303F4FE23347B
:1085000004FE0DA8033704FD833784FEBA978386E3
:108510009700033784FD833784FEBA9783879700DB
:1085200036876304F700A30304FE833784FE8507C0
:108530002334F4FE833704FD9C63033784FE637E9B
:10854000F702834774FE93F7F70FCDFF3DA0833703
:1085500004FD89CB833704FD9C638DE38547A3032A
:10856000F4FE29A8833784FD91CB833784FD9C6377
:1085700091E78547A303F4FE11A00100834774FE31
:108580003E85227445618280797122F40018233C73
:10859000A4FC233404FE833784FD91C7833784FD14
:1085A000A5072334F4FE833784FE3E85227445619B
:1085B0008280797122F40018233CA4FC233404FE49
:1085C000833784FD91C7833784FD9C632334F4FE95
:1085D000833784FE3E85227445618280797122F45E
:1085E0000018233CA4FC233404FE833784FD89C790
:1085F0009307D05B2334F4FE833784FE3E852274D8
:1086000045618280797122F40018233CA4FCA30701
:1086100004FE833784FD99C7833784FD83C78700B1
:10862000A307F4FE8347F4FE3E85227445618280F1
:10863000797122F40018233CA4FCA30704FE8337BD
:1086400084FDADCF833784FD83C78700BDE38547B5
:10865000A307F4FE233004FEB1A0833784FD9C639E
:10866000033704FE637BF704033784FD833704FE7E
:10867000BA97838797003E87FD4763DEE70003379D
:1086800084FD833704FEBA97838797003E8793075C
:10869000F0076314F700A30704FE833704FE850781
:1086A0002330F4FE033704FE9307D05BE3F7E7FAC9
:1086B00031A08547A307F4FE11A001008347F4FE13
:1086C0003E85227445618280397122FC8000233C02
:1086D000A4FC2338B4FC2334C4FCA30704FE833772
:1086E00084FDD5C7033784FC9307E05B63E1E70AA9
:1086F000833784FD23B00700833704FDADC32330E7
:1087000004FE91A0033704FE833784FC6371F702F3
:10871000033704FD833704FEBA9703C70700833687
:1087200084FD833704FEB6972384E70001A803374E
:1087300084FD833704FEBA9723840700833704FE41
:1087400085072330F4FE033704FE9307D05BE3FB79
:10875000E7FA833784FD033784FC98E335A02330A0
:1087600004FE29A8033784FD833704FEBA972384C7
:108770000700833704FE85072330F4FE033704FE29
:108780009307D05BE3F0E7FE8547A307F4FE83473A
:10879000F4FE3E85627421618280797122F40018B2
:1087A000233CA4FC233404FE833784FD91C7833724
:1087B00084FDA1072334F4FE833784FE3E852274B2
:1087C00045618280797122F40018233CA4FC233493
:1087D00004FE833784FD91C7833784FD9C63233473
:1087E000F4FE833784FE3E85227445618280011148
:1087F00022EC0010AA872326F4FE93870183032727
:10880000C4FE98C30100626405618280011122ECFC
:108810000010AA872326F4FE97770100938707AFFD
:108820000327C4FE98C301006264056182800111C0
:1088300022EC0010AA872326F4FE97770100938785
:1088400067AD0327C4FE98C301006264056182809E
:10885000011122EC0010AA872317F4FE977701007C
:10886000938747AA0357E4FE2390E7000100626460
:1088700005618280397106FC22F88000233CA4FC4B
:108880002338B4FC2334C4FC232604FE833784FD40
:108890009DC7033704FD833784FD85071146BE85D8
:1088A0003A85EFF0F00C833784FD95070946BE85C5
:1088B000033584FCEFF0D00B99472326F4FE832781
:1088C000C4FE3E85E2704274216182801301019BE7
:1088D0002334116423308164130401652334A49C80
:1088E0002330B49C233CC49AB687232AF49A930776
:1088F000849E1307205E3A8681453E85EFF0100B7B
:10890000232204FE232604FE231F049C9717150030
:10891000938747912338F49C938701839C4363D6C4
:108920000700938701839C4301AC930710F823044D
:10893000F49E8337849C83D787001B870700C16719
:10894000FD176307F7008337849C83C7070085E71B
:10895000977701009387079C9C432320F49E977789
:1089600001009387279A83D70700231FF49CAD4704
:10897000A304F49E49A88337849C83D78700A1CFA2
:108980008337849C83C7A700B9E78337849C83C758
:1089900007003E879947631DF7001307E49D93077F
:1089A000049E3A86BE850335849CEFF0BFEC05A09B
:1089B00097770100938707969C432320F49E97772F
:1089C00001009387279483D70700231FF49CAD47AA
:1089D000A304F49E0DA88337849C83C707003E87B9
:1089E00099476310F7021307E49D9307049E3A86A4
:1089F000BE850335849CEFF0FFE7A947A304F49EEE
:108A000019A0FD5715AA8327049E232AF4FC835737
:108A1000E49D2318F4FC89472322F4FE1307849E67
:108A2000832744FE3E978327449BC217C193912717
:108A3000C217C193BE853A85EFE03FE2AA873E8721
:108A4000832744FEB99F2322F4FE1307849E8327C5
:108A500044FEBA970367449B3A868335849B3E85E0
:108A6000EFF00071832744FE0327449BB99F8127C1
:108A70002322F4FE032644FD97770100938787881D
:108A800083D60700977701009387C78703D707002E
:108A90009307049DBE85170515001305A578EFB053
:108AA0000FDFAA872324F4FE8337049D233CF4FCC4
:108AB000832784FE1B8707008547631CF7048337E1
:108AC000049D832644FE1307849E3686BA853E8520
:108AD000EFF0006A0337049D832744FEBA972338DA
:108AE000F49C0337049D970715009387A773B3077A
:108AF000F740C217C1939B87E7FDC217C193BE859C
:108B00001705150013050572EFB06FEBAA87232434
:108B1000F4FE832784FE1B8707008547631CF7004C
:108B20000337049D970715009387C76FB307F74076
:108B30002326F4FE8327C4FE3E85833081640334FC
:108B40000164130101658280597186F4A2F08018D6
:108B5000233CA4F8AE87231BF4F8232404FE835798
:108B600064F9231BF4FA232204FE233404FAA147F8
:108B70002320F4FE231704FE232E04FC833784F9FC
:108B80002338F4FC833704FD83C707003E8793072F
:108B900010086319F72297F71400938727D8DC474A
:108BA0002326F4FA970715009387476783D70700B2
:108BB0002314F4FA833704FD850783C70700232EA7
:108BC000F4FC8327C4FD1B870700A9476309F7004E
:108BD0008327C4FD1B870700AD476316F70C0327E7
:108BE000C4FA97670100938767729C436311F70289
:108BF000035784FA976701009387C77083D70700EC
:108C0000012781276315F700231B04FA71AA9947EE
:108C1000230CF4FA930784FA13874700930784FB25
:108C200085071146BA853E85EFF08054130784FA14
:108C3000930784FB95070946BA853E85EFF04053BC
:108C4000833704FD8907130764FBBA853E85EFE08F
:108C50001FC5835764FBF137C217C193231BF4FA76
:108C6000231704FE05A88357E4FE81279127812757
:108C70003E87833704FD3E978357E4FE833604FD29
:108C8000B697034707002380E7008357E4FE852754
:108C90002317F4FE835764FB0357E4FE0127812763
:108CA000E363F7FC11A28327C4FD1B8707009147EC
:108CB000631CF70E833704FD13874700930784FA7C
:108CC00091071146BA853E85EFF0804A833704FD4F
:108CD00013878700930784FA0946BA853E85EFF02B
:108CE00020490327C4FA97670100938727629C43B2
:108CF0006311F702035784FA97670100938787602F
:108D000083D70700012781276315F700231B04FA87
:108D100061A89947230CF4FA930784FA1387470054
:108D2000930784FB85071146BA853E85EFF04044E2
:108D3000130784FA930784FB95070946BA853E8595
:108D4000EFF00043833704FD8907130764FBBA85FE
:108D50003E85EFE0DFB4835764FBD937C217C19378
:108D6000231BF4FA231704FE05A88357E4FE81278A
:108D7000A92781273E87833704FD3E978357E4FE6A
:108D8000833604FDB697034707002380E700835727
:108D9000E4FE85272317F4FE835764FB0357E4FEA4
:108DA00001278127E363F7FC835764FB89CF0357CF
:108DB00064FB930784FB3A86833504FD3E85EF9080
:108DC000104411A00100A67006746561828079715B
:108DD00006F422F00018233CA4FC232604FE83376B
:108DE00084FDBDCB833784FD19472380E70083379B
:108DF00084FD8507114697650100938525513E85C1
:108E0000EFF00037833784FD950709469765010029
:108E10009385454F3E85EFF0A035833784FD23943D
:108E20000700833784FD23850700232604FE29A835
:108E3000033784FD8327C4FEBA97A38507008327E1
:108E4000C4FE85272326F4FE8327C4FE1B87070064
:108E50009947E3DFE7FC01000100A270027445615D
:108E60008280797106F422F00018233CA4FC2326AA
:108E700004FE833784FDADC3833784FD1947238007
:108E8000E700833784FD95070946976501009385C0
:108E900065473E85EFF0C02D833784FD7D572394D1
:108EA000E700833784FD23850700232604FE29A8D5
:108EB000033784FD8327C4FEBA97A3850700832761
:108EC000C4FE85272326F4FE8327C4FE1B870700E4
:108ED0009947E3DFE7FC01000100A27002744561DD
:108EE0008280411122E40008976701009387C742FE
:108EF0009C4393B7170093F7F70F3E852264410117
:108F00008280411122E40008976701009387C740DF
:108F10009C433E878547B307F74093B7170093F705
:108F2000F70F3E85226441018280411122E400084E
:108F3000976701009387473E9C433E878947B30765
:108F4000F74093B7170093F7F70F3E85226441016E
:108F50008280397106FC22F88000233CA4FCAE8795
:108F6000232AF4FCB2872328F4FCB6872326F4FCDA
:108F7000BA872315F4FC232404FE232604FE83373A
:108F800084FDE1C7833784FD41472380E7008337B1
:108F900084FD85072380070089472326F4FE832765
:108FA000C4FE033784FDBA97032744FD3A86A145E2
:108FB0003E85EFD0DFC1AA872324F4FE0327C4FE39
:108FC000832784FEB99F2326F4FE8327C4FE03373C
:108FD00084FDBA97032704FDBA853E85EFE06FA0B4
:108FE000AA872324F4FE0327C4FE832784FEB99FA7
:108FF0002326F4FE8327C4FE033784FDBA97032794
:10900000C4FCBA853E85EFE06FABAA872324F4FE4B
:109010000327C4FE832784FEB99F2326F4FE8327FB
:10902000C4FE033784FDBA970357A4FC0127BA8511
:109030003E85EFE00F9BAA872324F4FE0327C4FE9E
:10904000832784FEB99F2326F4FE8327C4FE3E8532
:10905000E2704274216182801D7186ECA2E880106A
:109060002334A4FC2330B4FC233CC4FA2338D4FAC0
:109070002334E4FA232604FE232404FE231304FEEF
:10908000232004FEA30F04FC232C04FC232A04FC4D
:10909000832784FE033784FCBA97930684FD130765
:1090A000F4FD3686BA853E85EFD02FAFAA872326FA
:1090B000F4FE032784FE8327C4FEB99F2324F4FE15
:1090C0008347F4FD3E87B1476304F700FD5711A4C1
:1090D000832784FE033784FCBA97930604FE1307A4
:1090E00064FE3686BA853E85EFD03F94AA87232654
:1090F000F4FE032784FE8327C4FEB99F2324F4FED5
:10910000835764FE1B870700A1476304F700FD57E0
:10911000C9A2833704FC91C7032704FE833704FCEC
:1091200098C3832784FE033784FCBA97930684FD93
:109130001307F4FD3686BA853E85EFD00FA6AA87C1
:109140002326F4FE032784FE8327C4FEB99F23242D
:10915000F4FE8347F4FD3E8789476304F700FD571B
:109160008DAA832784FE033784FCBA97032784FDE6
:10917000930644FD3686BA853E85EFD01FE3AA8765
:109180002326F4FE032784FE8327C4FEB99F2324ED
:10919000F4FE833784FB91C7032744FD833784FBA8
:1091A00098C3832784FE033784FCBA97930684FD13
:1091B0001307F4FD3686BA853E85EFD00F9EAA8749
:1091C0002326F4FE032784FE8327C4FEB99F2324AD
:1091D000F4FE8347F4FD3E87A5476304F700FD577F
:1091E000CDA8832784FE033784FCBA97032784FD28
:1091F000930644FD3686BA853E85EFE04F84AA8704
:109200002326F4FE032784FE8327C4FEB99F23246C
:10921000F4FE832744FD3E878D4763F4E700FD5746
:109220004DA8833704FB81CB832744FD1B870700B0
:10923000833704FB98C3832784FE033784FCBA97E3
:10924000930684FD1307F4FD3686BA853E85EFD07C
:10925000CF94AA872326F4FE032784FE8327C4FE27
:10926000B99F2324F4FE8347F4FD3E8789476304B6
:10927000F700FD57B9A8832784FE033784FCBA970B
:10928000032784FD930644FD3686BA853E85EFD0DC
:10929000DFD1AA872326F4FE032784FE8327C4FE9A
:1092A000B99F2324F4FE832744FD3E87C16763648E
:1092B000F700FD5739A8833784FA91CB832744FD03
:1092C000139707034193833784FA2390E70083279A
:1092D00084FE3E85E6604664256182805D7186E499
:1092E000A2E080082334A4FCAE87233CC4FA2322E6
:1092F000F4FC232604FE232404FEA30304FE2320FF
:1093000004FE232E04FC93070000232CF4FC832787
:1093100044FC8127638F0736833784FB638B0736D2
:10932000832784FE033784FCBA9781453E85EFD0BE
:109330004FA0AA8793C7170093F7F70F99C3FD575C
:1093400099AE832784FE033784FCBA97930604FE04
:10935000130774FE3686BA853E85EFD00F84AA8740
:109360002326F4FE032784FE8327C4FEB99F23240B
:10937000F4FE832784FE033784FCBA97032704FE98
:109380009306C4FD3686BA853E85EFD05FEBAA878B
:109390002326F4FE8327C4FE81276357F0000327AA
:1093A000C4FD833784FB98C3032784FE8327C4FE50
:1093B000B99F2324F4FE832784FE033784FCBA97E5
:1093C00085453E85EFD0EF96AA87A5CF832784FEFB
:1093D000033784FCBA97930604FE130774FE36869F
:1093E000BA853E85EFC07FFBAA872326F4FE0327BC
:1093F00084FE8327C4FEB99F2324F4FE832784FEC2
:10940000033784FCBA97130784FDBA853E85EFE0E5
:109410003FAAAA872326F4FE032784FD833784FB13
:1094200098C7032784FE8327C4FEB99F2324F4FE34
:10943000833784FB03C74700136717002382E700C5
:1094400001A8833784FB03C74700799B2382E70089
:10945000832784FE033784FCBA9789453E85EFD085
:109460004F8DAA87ADC7832784FE033784FCBA9744
:10947000930604FE130774FE3686BA853E85EFC058
:10948000DFF1AA872326F4FE032784FE8327C4FE88
:10949000B99F2324F4FE832784FE033784FCBA9704
:1094A000130784FDBA853E85EFE09FA0AA87232697
:1094B000F4FE032784FD833784FBD8C7833784FBFE
:1094C00003C74700136727002382E70001A88337FB
:1094D00084FB03C74700759B2382E700832784FE34
:1094E000033784FCBA978D453E85EFD08F84AA87D9
:1094F000ADC7832784FE033784FCBA97930604FE26
:10950000130774FE3686BA853E85EFC01FE9AA8729
:109510002326F4FE032784FE8327C4FEB99F232459
:10952000F4FE832784FE033784FCBA97130784FD77
:10953000BA853E85EFE0DF97AA872326F4FE03274E
:1095400084FD833784FB98CB833784FB03C74700B4
:10955000136747002382E70001A8833784FB03C712
:1095600047006D9B2382E700832784FE033784FC3A
:10957000BA9791453E85EFC0DFFBAA87A5CB83272D
:1095800084FE033784FCBA97930604FE130774FE27
:109590003686BA853E85EFC05FE0AA872326F4FEB3
:1095A000032784FE8327C4FEB99F2324F4FE832768
:1095B00084FE033784FCBA97032704FE9306C4FD98
:1095C0003686BA853E85EFD05F9EAA872326F4FEB5
:1095D0000327C4FD833784FBD8CB833784FB03C7C1
:1095E0004700136787002382E70001A8833784FBC5
:1095F00003C747005D9B2382E700832784FE033770
:1096000084FCBA9791453E85EFC0BFF2AA87BDCBD7
:10961000832784FE033784FCBA97930604FE13075E
:1096200074FE3686BA853E85EFC03FD7AA872326CB
:10963000F4FE032784FE8327C4FEB99F2324F4FE8F
:10964000832784FE033784FCBA97032704FE93061E
:10965000C4FD3686BA853E85EFD03F95AA8723267E
:10966000F4FE8327C4FD13F7F70F833784FB238CA5
:10967000E700833784FB03C7470013670701238292
:10968000E70001A8833784FB03C747003D9B238283
:10969000E7008327C4FE3E85A66006646161828080
:1096A000797122F400182334A4FE2330B4FE233C45
:1096B000C4FC033784FE833784FDBA97033704FE66
:1096C000B337F70093C7170093F7F70F3E8522745F
:1096D00045618280397106FC22F880002334A4FEA3
:1096E0002330B4FE233CC4FC2338D4FC2334E4FCF4
:1096F000033604FD833584FC033584FDEFF05FFA07
:10970000AA8785C3033784FE833784FDBA9703365F
:1097100004FD833504FE3E85EFE09025833704FD8C
:1097200011A081473E85E2704274216182803971C7
:1097300006FC22F88000233CA4FC2338B4FC23342C
:10974000C4FC2330D4FC232604FEA30504FE833787
:1097500084FD63820730833704FC638E072E8337D2
:1097600004FC03C70700833784FD2380E7008337A9
:1097700084FD850723800700833704FC83C7270007
:1097800099CF833784FD850703C70700833784FD9E
:109790008507136707F81377F70F2380E7008337F0
:1097A00004FD85C7833704FD83D7870099CF8337AE
:1097B00084FD850703C70700833784FD850713678A
:1097C00007021377F70F2380E700833784FC8DCBE4
:1097D000833784FC83D7870085C7833784FC83C79E
:1097E000A70099CF833784FD850703C70700833718
:1097F00084FD8507136787001377F70F2380E70041
:10980000833704FC83C7170099CF833784FD85070E
:1098100003C70700833784FD850713674700137765
:10982000F70F2380E700833784FD850783C6070091
:10983000833704FCDC4393F7F70F8D8B13F7F70F97
:10984000833784FD8507558F1377F70F2380E70053
:1098500089472326F4FE833704FDD5C7833704FDEB
:1098600083D78700CDC38327C4FE033784FD3E978B
:10987000833704FD83D78700BE853A85EFD0FFFD8F
:10988000AA873E878327C4FEB99F2326F4FE832739
:10989000C4FE1B8717002326E4FE3E87833784FD22
:1098A000BA97033704FD0347A7002380E7008337F7
:1098B00004FD83C7A700A1CBA30504FE1DA8834711
:1098C000B4FE1B8707008327C4FE9B861700232650
:1098D000D4FEBE86833784FDB697833604FD369763
:1098E0000347B7002380E7008347B4FE8527A3051D
:1098F000F4FE833704FD03C7A7008347B4FE93F744
:10990000F70FE3EEE7FA833784FCDDCB833784FC83
:1099100083D78700D5C7833784FC83C7A700CDC30F
:109920008327C4FE033784FD3E97833784FC83D7A7
:109930008700BE853A85EFD05FF2AA873E878327EE
:10994000C4FEB99F2326F4FE8327C4FE1B8717009D
:109950002326E4FE3E87833784FDBA97033784FCD1
:109960000347A7002380E700833784FC83C7A70051
:10997000A1CBA30504FE1DA88347B4FE1B870700E7
:109980008327C4FE9B8617002326D4FEBE8683371A
:1099900084FDB697833684FC36970347B70023804F
:1099A000E7008347B4FE8527A305F4FE833784FCD4
:1099B00003C7A7008347B4FE93F7F70FE3EEE7FA78
:1099C000833704FD95C7833704FD83D787008DC394
:1099D0008327C4FE033784FDBA97033704FC03478B
:1099E000E7002380E7008327C4FE85272326F4FEB3
:1099F000833704FC83C72700B9CF833704FC94471F
:109A00008327C4FE033784FDBA9736871377F70F91
:109A10002380E7008327C4FE85272326F4FE8337AF
:109A200004FC9C473E879307F00763F6E702832711
:109A3000C4FE033784FD3E97833704FC83D7C700F9
:109A4000BE853A85EFD07FE1AA873E878327C4FE93
:109A5000B99F2326F4FE8327C4FE3E85E27042743C
:109A600021618280011122EC00102334A4FEAE8714
:109A70003287A303F4FEBA872320F4FE833784FEE3
:109A8000B9C3833784FE034774FEA380E70083379E
:109A900084FE05472380E700833784FE2381070087
:109AA000833784FE1307001098C7833784FE2396FC
:109AB0000700833784FE032704FED8C3833784FE60
:109AC0007D572387E7000100626405618280397158
:109AD00006FC22F88000233CA4FC2338B4FC233489
:109AE000C4FC2330D4FC232604FEA30504FE231368
:109AF00004FE231204FE230504FEA30404FE230433
:109B000004FE833784FD6381073A833704FC638D49
:109B10000738833784FD03C70700833704FC23809D
:109B2000E700833784FD850783C707009B9787017C
:109B30009BD787419BD777409B9787019BD78741CE
:109B40008127858B8127B337F00013F7F70F833711
:109B500004FC2381E700833784FD850783C7070062
:109B600081279BD727408127858B8127B337F0003A
:109B700013F7F70F833704FCA380E700833784FDD6
:109B8000850783C7070081278D8B81271B870700E7
:109B9000833704FCD8C389472326F4FE833784FD2A
:109BA000850783C70700812793F707028127E1CF45
:109BB0008327C4FE033784FDBA97130744FEBA8592
:109BC0003E85EFD0DFCDAA873E878327C4FEB99FAD
:109BD0002326F4FE8327C4FE1B8717002326E4FEFA
:109BE0003E87833784FDBA9783C70700A304F4FE3A
:109BF000833704FD89CF035744FE833704FD239444
:109C0000E700833704FD034794FE2385E70083477D
:109C100094FE93F7F70FD5CB834794FE13F7F70F16
:109C20009D4763F4E700FD5751A4A30504FE89A0F6
:109C30008327C4FE1B8717002326E4FE3E87833755
:109C400084FDBA9783C707002304F4FE833704FD1D
:109C500099CB8347B4FE8127033704FDBA970347A6
:109C600084FEA385E7008347B4FE8527A305F4FEA1
:109C70000347B4FE834794FE1377F70F93F7F70F6C
:109C8000E368F7FA99A0833704FDA1C3833704FD85
:109C900023940700833704FD23850700A30504FEF2
:109CA00031A88347B4FE8127033704FDBA97A38503
:109CB00007008347B4FE8527A305F4FE8347B4FE5F
:109CC00013F7F70F9947E3FEE7FC833784FD850719
:109CD00083C707008127A18B8127E1CF8327C4FE9B
:109CE000033784FDBA97130764FEBA853E85EFD02B
:109CF0001FBBAA873E878327C4FEB99F2326F4FE95
:109D00008327C4FE1B8717002326E4FE3E87833784
:109D100084FDBA9783C707002305F4FE833784FCCC
:109D200089CF035764FE833784FC2394E70083378D
:109D300084FC0347A4FE2385E7008347A4FE93F732
:109D4000F70FE1C78347A4FE13F7F70F9D4763F4AE
:109D5000E700FD57A1AAA30504FE89A08327C4FE3E
:109D60001B8717002326E4FE3E87833784FDBA97BE
:109D700083C707002304F4FE833784FC99CB834711
:109D8000B4FE8127033784FCBA97034784FEA3857A
:109D9000E7008347B4FE8527A305F4FE0347B4FE1E
:109DA0008347A4FE1377F70F93F7F70FE368F7FAEB
:109DB000A9A8833784FCB1CB833784FC83D7870081
:109DC0001B870700C167FD176306F700833784FC14
:109DD00023940700833784FC23850700A30504FE32
:109DE00031A88347B4FE8127033784FCBA97A38543
:109DF00007008347B4FE8527A305F4FE8347B4FE1E
:109E000013F7F70F9947E3FEE7FC835744FE95C32A
:109E10008327C4FE1B8717002326E4FE3E87833773
:109E200084FDBA9703C70700833704FC2387E70044
:109E300029A0833704FC23870700833704FC83C7EA
:109E40002700B1CF8327C4FE1B8717002326E4FE1B
:109E50003E87833784FDBA9783C707001B870700B7
:109E6000833704FC98C7833704FC9C473E879307DD
:109E7000F00763FBE7028327C4FE033784FD3E97A8
:109E8000833704FCB107BE853A85EFD05FA1AA876E
:109E90003E878327C4FEB99F2326F4FE31A0833773
:109EA00004FC1307001098C78327C4FE3E85E270A8
:109EB000427421618280797122F40018233CA4FC51
:109EC000232604FE833784FD9DC319A88327C4FE7F
:109ED00085272326F4FE833784FD9107233CF4FC79
:109EE000833784FD9C433E87FD57E311F7FE8327AC
:109EF000C4FE3E85227445618280797122F4001887
:109F0000233CA4FCAE87232AF4FCA30704FE83377A
:109F100084FD95CB15A0833784FD9843832744FDAA
:109F200081276396E7008547A307F4FE29A88337B6
:109F300084FD9107233CF4FC833784FD9C433E87DA
:109F4000FD57E31AF7FC8347F4FE3E852274456112
:109F50008280797122F40018AA87232EF4FC23262C
:109F600004FE8327C4FD9B8657FC1B870600A5477C
:109F700063EEE706939706028193139727009717DE
:109F80000100938727A4BA979C431B870700971764
:109F90000100938727A3BA97828785472326F4FE7B
:109FA00089A889472326F4FEA9A08D472326F4FE1D
:109FB00089A091472326F4FE2DA895472326F4FE79
:109FC0000DA899472326F4FE2DA09D472326F4FED5
:109FD0000DA0A1472326F4FE29A8A5472326F4FEB9
:109FE00009A8930700042326F4FE21A0232604FEDB
:109FF00001008327C4FE3E85227445618280797109
:10A0000022F40018233CA4FCAE873287A30BF4FC97
:10A01000BA87230BF4FC232604FE833784FD85CB0B
:10A02000833784FD130700062380E700833784FD10
:10A030008507034774FD2380E700833784FD890784
:10A04000034764FD2380E7008D472326F4FE832722
:10A05000C4FE3E852274456182805D7186E4A2E083
:10A0600080082334A4FCAE87233CC4FA2322F4FCEA
:10A07000232604FEA30504FE232204FE231104FE6E
:10A08000232E04FC232C04FC833784FB6387071AEC
:10A09000832744FC1B870700994763E9E700833760
:10A0A00084FB1307F00398D3F55765AA8327C4FEF2
:10A0B0001B8717002326E4FE82178193033784FC55
:10A0C000BA9781453E85EFC0CFC6AA8793C71700D0
:10A0D00093F7F70F81CB833784FB1307E00398D303
:10A0E000F55741A28367C4FE033784FC3E9783374C
:10A0F00084FB93864700930724FE3686BE853A8507
:10A10000EFC0BF92AA8781270327C4FEB99F2326E9
:10A11000F4FE835724FE1B870700833784FB98C314
:10A120008367C4FE033784FCBA97930644FE130783
:10A13000B4FE3686BA853E85EFC02FA6AA87812752
:10A140000327C4FEB99F2326F4FE8347B4FE3E874F
:10A1500085476309F700833784FB1307E00398D32F
:10A16000F55701A28367C4FE033784FCBA9703271F
:10A1700044FE9306C4FD3686BA853E85EFD02F8C0B
:10A18000AA8781270327C4FEB99F2326F4FE03274D
:10A19000C4FD833784FB98C70327C4FE832744FC90
:10A1A000012781276377F7088367C4FE033784FCA0
:10A1B000BA97930644FE1307B4FE3686BA853E85E9
:10A1C000EFC0AF9DAA8781270327C4FEB99F23262E
:10A1D000F4FE8347B4FE3E8789476315F7040327DF
:10A1E000C4FE832744FC01278127637DF702836730
:10A1F000C4FE033784FCBA97032744FE930684FD0C
:10A200003686BA853E85EFC05FDAAA8781270327A5
:10A21000C4FEB99F2326F4FE032784FD833784FB05
:10A22000D8C721A8833784FB1307E00398D3F557D9
:10A230000DA8833784FB7D57D8C70327C4FE832727
:10A2400044FC01278127637CF700833784FB91C797
:10A25000833784FB1307100498D3F55719A083277D
:10A26000C4FE3E85A660066461618280397106FC89
:10A2700022F88000233CA4FCAE872334C4FCA30B4B
:10A28000F4FC232404FE232604FE833784FD638C20
:10A29000070E833784FD130700032380E70083370D
:10A2A00084FD8507034774FD2380E700833784FD21
:10A2B000890731472380E7008D472326F4FE832753
:10A2C000C4FE033784FD3E97833784FC9C431B8682
:10A2D0000700833784FCDC43BE8681453A85EFC0A6
:10A2E000DF87AA872324F4FE0327C4FE832784FE86
:10A2F000B99F2326F4FE8327C4FE033784FD3E97CF
:10A30000833784FC9C473E8685453A85EFD0CF80D5
:10A31000AA872324F4FE0327C4FE832784FEB99F63
:10A320002326F4FE833784FCDC473E87FD57630910
:10A33000F7028327C4FE033784FD3E97833784FCEE
:10A34000DC473E8689453A85EFC03FDEAA87232455
:10A35000F4FE0327C4FE832784FEB99F2326F4FE60
:10A360008327C4FE033784FDBA978D453E85EFB041
:10A370007FE3AA872324F4FE0327C4FE832784FEF9
:10A38000B99F2326F4FE8327C4FE3E85E270427403
:10A3900021618280797106F422F00018233CA4FC2C
:10A3A000232604FE833784FD89CB8D45033584FD48
:10A3B000EFB03FEBAA872326F4FE8327C4FE3E8539
:10A3C000A2700274456182805D7186E4A2E080081B
:10A3D0002334A4FCAE87233CC4FA2322F4FCA30359
:10A3E00004FE232004FE232404FE232604FE231F50
:10A3F00004FC232C04FC232A04FC8145033584FC43
:10A40000EFC02F93AA8793C7170093F7F70F99C34D
:10A41000FD5759A285472326F4FE8327C4FE033740
:10A4200084FC3E97833784FB938647009307E4FDC3
:10A430003686BE853A85EFC04FDFAA873E878327E1
:10A44000C4FEB99F2326F4FE8357E4FD1B87070053
:10A45000833784FB98C38327C4FE033784FCBA97F1
:10A46000930604FE130774FE3686BA853E85EFB068
:10A47000DFF2AA873E878327C4FEB99F2326F4FE16
:10A48000834774FE3E8785476304F700FD5729A282
:10A490008327C4FE033784FCBA97032704FE930680
:10A4A00084FD3686BA853E85EFC07FD9AA873E8770
:10A4B0008327C4FEB99F2326F4FE032784FD833738
:10A4C00084FB98C78327C4FE033784FCBA9793069E
:10A4D00004FE130774FE3686BA853E85EFB0FFEBA7
:10A4E000AA872324F4FE834774FE3E8789476314BA
:10A4F000F7040327C4FE832784FEB99F2326F4FEB6
:10A500008327C4FE033784FCBA97032704FE93060F
:10A5100044FD3686BA853E85EFC03FA9AA873E87AF
:10A520008327C4FEB99F2326F4FE032744FD833707
:10A5300084FBD8C729A0833784FB7D57D8C78327DE
:10A54000C4FE033784FCBA978D453E85EFC00F8467
:10A55000AA87B1C38327C4FE85272326F4FE832759
:10A56000C4FE033784FC3E97833784FB98EB0327B4
:10A5700044FC8327C4FEBB07F7408127FD371B87B8
:10A580000700833784FB98CF832744FC2326F4FEFF
:10A590008327C4FE11A0FD573E85A6600664616155
:10A5A0008280397106FC22F88000233CA4FCAE872F
:10A5B0002334C4FC232AF4FC232604FE231504FEC2
:10A5C000833784FDF9CB832744FD8127F9C783377F
:10A5D00084FCE1C7832744FD1B870700914763E99B
:10A5E000E700833784FC1307F003D8CBF55745A861
:10A5F0008327C4FE1B8717002326E4FE821781935E
:10A60000033784FDBA9781453E85EFB09FF2AA8754
:10A6100093C7170093F7F70F81CB833784FC130799
:10A62000E003D8CBF557A5A88367C4FE033784FDA4
:10A630003E97833784FC938647009307A4FE3686B3
:10A64000BE853A85EFC06FBEAA8781270327C4FE67
:10A65000B99F2326F4FE8357A4FE1B870700833788
:10A6600084FC98C38367C4FE033784FDBA9785458D
:10A670003E85EFB0BFF1AA8793C7170093F7F70F96
:10A6800081CB833784FC1307E003D8CBF55701A8AF
:10A690008327C4FE85272326F4FE8327C4FE3E8538
:10A6A000E2704274216182805D7186E4A2E08008DC
:10A6B0002334A4FCAE87233CC4FA2322F4FC2326D3
:10A6C00004FE232404FEA30304FE232004FE232E01
:10A6D00004FC232C04FC833784FC6381071A832742
:10A6E00044FC8127638C0718833784FB6388071831
:10A6F0008367C4FE033784FCBA9783C707008127AA
:10A70000A18B812781EB833784FB1307E003D8CB30
:10A71000F557BDA28367C4FE033784FCBA9793063E
:10A7200004FE130774FE3686BA853E85EFB0FFC679
:10A73000AA8781270327C4FEB99F2326F4FE8347F7
:10A7400074FE81CB833784FB1307E003D8CBF55726
:10A7500005AA832704FE0327C4FEB99F1B870700B1
:10A76000832744FC81276369F700833784FB130741
:10A77000F003D8CBF55729A28367C4FE033784FCC6
:10A78000BA97032704FE9306C4FD3686BA853E8534
:10A79000EFC0FFAAAA8781270327C4FEB99F2326FB
:10A7A000F4FE0327C4FD833784FB98C7833784FBFB
:10A7B0007D57D8C78367C4FE033784FCBA9783C725
:10A7C00007008127A18B8127D5CB8367C4FE033780
:10A7D00084FCBA9783C7070081279D8B81273E871A
:10A7E0009D47630DF7088367C4FE033784FCBA975F
:10A7F000930604FE130774FE3686BA853E85EFB0D5
:10A80000DFB9AA872324F4FE834774FE3E87854779
:10A810006316F7060327C4FE832784FEB99F232609
:10A82000F4FE832704FE0327C4FEB99F1B8707009D
:10A83000832744FC81276369F700833784FB130770
:10A84000F003D8CBF5572DA88367C4FE033784FCEB
:10A85000BA97032704FE930684FD3686BA853E85A3
:10A86000EFC0AFF4AA8781270327C4FEB99F232630
:10A87000F4FE032784FD833784FBD8C78327C4FEF7
:10A880003E85A660066461618280797122F40018B9
:10A89000233CA4FCAE87A30BF4FC232604FE8337E1
:10A8A00084FD9DC7833784FD130700032380E700E1
:10A8B000833784FD8507034774FD2380E7008337D2
:10A8C00084FD890739472380E7008D472326F4FE5E
:10A8D0008327C4FE3E85227445618280797106F427
:10A8E00022F00018233CA4FC2338B4FC232604FEE9
:10A8F000833784FDB9C3833704FD9C431B8707005E
:10A90000833704FDDC43BE863A868145033584FDEA
:10A91000EFC0AFA4AA872326F4FE8327C4FE033723
:10A9200084FDBA9785453E85EFB0DF87AA873E87CD
:10A930008327C4FEB99F2326F4FE8327C4FE3E85E9
:10A94000A270027445618280797106F422F00018C9
:10A95000233CA4FCAE873287232AF4FCBA87232841
:10A96000F4FC232604FE833784FDB1C7832744FD0E
:10A970003E868945033584FDEFC01F9AAA872326AA
:10A98000F4FE832704FD1B870700FD576305F702CC
:10A990008327C4FE033784FDBA97032704FD3A8654
:10A9A0008D453E85EFC06FF8AA873E878327C4FE9A
:10A9B000B99F2326F4FE8327C4FE3E85A27002744D
:10A9C00045618280397106FC22F88000233CA4FC9A
:10A9D0002338B4FCB2872326F4FC232604FE232468
:10A9E00004FE833784FDD5C78327C4FE033784FD67
:10A9F000BA9791453E85EFB0EFFAAA873E87832745
:10AA0000C4FEB99F2326F4FE8327C4FE033784FDCA
:10AA1000BA97033704FD631BF7008327C4FE03279F
:10AA2000C4FCB99F81272326F4FEA1A0232404FEA1
:10AA30000DA8836784FE033704FD3E978327C4FE79
:10AA40009B8617002326D4FEBE86833784FDB697E7
:10AA5000034707002380E700832784FE85272324FC
:10AA6000F4FE032784FE8327C4FC01278127E362C9
:10AA7000F7FC8327C4FE033784FDBA9791453E85D2
:10AA8000EFB02FFEAA873E878327C4FEB99F2326F7
:10AA9000F4FE8327C4FE3E85E27042742161828009
:10AAA000797106F422F00018233CA4FCAE873287AB
:10AAB000232AF4FCBA872328F4FC232604FE8337D8
:10AAC00084FDC9C78327C4FE033784FDBA97954523
:10AAD0003E85EFB02FEDAA873E878327C4FEB99F3E
:10AAE0002326F4FE8327C4FE033784FDBA97032789
:10AAF00044FDBA853E85EFC06FFCAA873E87832759
:10AB0000C4FEB99F2326F4FE8327C4FE033784FDC9
:10AB1000BA97032704FDBA853E85EFC02FFAAA87AE
:10AB20003E878327C4FEB99F2326F4FE8327C4FEF5
:10AB3000033784FDBA9795453E85EFB08FF2AA871B
:10AB40003E878327C4FEB99F2326F4FE8327C4FED5
:10AB50003E85A270027445618280797106F422F00C
:10AB60000018233CA4FC232604FE833784FD89CBF4
:10AB70008545033584FDEFB0CFEEAA872326F4FE8A
:10AB80008327C4FE3E85A27002744561828079717C
:10AB900022F40018AA87A30FF4FC232604FEFD5715
:10ABA000A305F4FE232604FE35A81777010013073A
:10ABB000E7FC8366C4FE93074061B387F602BA9749
:10ABC00003C747008347F4FD93F7F70F6397E70048
:10ABD0008327C4FEA305F4FE31A88327C4FE85277E
:10ABE0002326F4FE8327C4FE1B8707009307E00F8C
:10ABF000E3FDE7FA8347B4FE3E8522744561828017
:10AC0000797106F422F00018AA87A30FF4FC834799
:10AC1000F4FD3E85EFF0BFF7AA87A307F4FE834754
:10AC2000F4FE13F7F70F9307F00F6300F704834761
:10AC3000F4FE9B86070017770100130727F493079C
:10AC40004061B387F602BA9723A407008347F4FE56
:10AC50009B86070017770100130747F293074061AF
:10AC6000B387F602BA97238207000100A27002742C
:10AC700045618280797106F422F00018233CA4FC1F
:10AC8000AE873287232AF4FCBA872328F4FC2324D6
:10AC900004FE232604FE833784FDCDC7833784FD5D
:10ACA00041472380E700833784FD850721472380C0
:10ACB000E70089472326F4FE832744FD812763C3E9
:10ACC0000708832744FD1B870700B7074000635B25
:10ACD000F706832704FD812763C60706832704FD43
:10ACE0001B870700B7074000635EF7048327C4FE95
:10ACF000033784FDBA97032744FD3A8681453E8594
:10AD0000EFC0AFC2AA872324F4FE0327C4FE832723
:10AD100084FEB99F2326F4FE8327C4FE033784FDF7
:10AD2000BA97032704FD3A8685453E85EFC0EFBFFD
:10AD3000AA872324F4FE0327C4FE832784FEB99F39
:10AD40002326F4FE8327C4FE3E85A270027445616B
:10AD50008280397106FC22F88000233CA4FCAE8777
:10AD60002334C4FC2330D4FC232AF4FC232604FE21
:10AD7000A30504FE232204FE232004FE832744FDB2
:10AD80008127638407148367C4FE033784FDBA9761
:10AD9000930644FE1307B4FE3686BA853E85EFB0AF
:10ADA000CFDFAA8781270327C4FEB99F2326F4FE9D
:10ADB0008347B4FE99C3FD571DAA032744FD83278B
:10ADC000C4FE0127812763F0E7108367C4FE0337C1
:10ADD00084FDBA97032744FE930604FE3686BA859F
:10ADE0003E85EFC08F9CAA8781270327C4FEB99FA9
:10ADF0002326F4FE832704FE3E87B7074000637CCA
:10AE0000F700833784FC81CB832704FE1B87070070
:10AE1000833784FC98C3032744FD8327C4FE01279E
:10AE2000812763F0E70A8367C4FE033784FDBA977E
:10AE3000930644FE1307B4FE3686BA853E85EFB00E
:10AE4000CFD5AA8781270327C4FEB99F2326F4FE06
:10AE50008347B4FE3E8785476304F700FD5741A84A
:10AE6000032744FD8327C4FE0127812763F9E704F4
:10AE70008367C4FE033784FDBA97032744FE930615
:10AE800004FE3686BA853E85EFC02F92AA878127B9
:10AE90000327C4FEB99F2326F4FE832704FE3E87C2
:10AEA000B70740006373F704833704FC9DCF832703
:10AEB00004FE1B870700833704FC98C33DA0FD57A1
:10AEC0003DA0FD572DA0FD571DA0833784FC89C7E9
:10AED000833784FC7D5798C3833704FC89C7833745
:10AEE00004FC7D5798C3232604FE8327C4FE3E85B9
:10AEF000E270427421618280797122F40018233457
:10AF0000A4FE2330B4FE233CC4FC833784FE81CBF3
:10AF1000833784FE170701001307C7AD98E3833713
:10AF200004FE81CB833704FE17070100130707AF28
:10AF300098E3833784FD89CB833784FD17070100AD
:10AF40001307C7AE98E301000100227445618280B7
:10AF5000011122EC0010232604FEF9A097F614003C
:10AF6000938646EC0367C4FEBA878E07998F8A07DB
:10AF7000B69713060000D0C397F61400938686EAAE
:10AF80000367C4FEBA878E07998F8A07B697238610
:10AF9000070097F614009386E6E80367C4FEBA87B5
:10AFA0008E07998F8A07B69713072006A386E700B6
:10AFB00097F61400938606E70367C4FEBA878E07E8
:10AFC000998F8A07B69723A4070097F614009386F3
:10AFD00066E50367C4FEBA878E07998F8A07B6971E
:10AFE00090CB97F614009386E6E30367C4FEBA8716
:10AFF0008E07998F8A07B69717070100130747A591
:10B000001843D8CB97F614009386C6E10367C4FEB5
:10B01000BA878E07998F8A07B697238C07008327F4
:10B02000C4FE85272326F4FE8327C4FE1B87070062
:10B030008D47E3F5E7F20100626405618280797172
:10B0400006F422F00018AA87232EF4FC8327C4FDFF
:10B050003E85EF000005AA872326F4FE8327C4FE61
:10B060001B8707008D4763E4E700854711A08147F0
:10B070003E85A270027445618280411122E400087D
:10B0800091473E85226441018280011122EC00102B
:10B09000AA872326F4FE8327C4FE3E8562640561E9
:10B0A0008280797122F40018AA87232EF4FC91473C
:10B0B0002326F4FE8327C4FD1B8707008D4763E624
:10B0C000E7008327C4FD2326F4FE8327C4FE3E85C4
:10B0D000227445618280797106F422F00018AA87F3
:10B0E000232EF4FC930700002326F4FE8327C4FDDF
:10B0F0003E85EFF01FFBAA872324F4FE832784FEFE
:10B100001B8707008D4763E0E70297F614009386DC
:10B1100066D1036784FEBA878E07998F8A07B69730
:10B12000DC432326F4FE8327C4FE3E85A27002740E
:10B1300045618280797106F422F00018AA87232CD9
:10B14000B4FC232EF4FC930700002324F4FE2322F6
:10B15000F4FE2326F4FE8327C4FD1B8707008D47DA
:10B1600063E0E70C97F614009386C6CB0367C4FD33
:10B17000BA878E07998F8A07B6979C4B2324F4FED3
:10B1800097F61400938606CA0367C4FDBA878E0734
:10B19000998F8A07B697DC4B2322F4FE832584FD22
:10B1A000032584FEEFC02078AA87635CF000832526
:10B1B00084FD032584FEEFC0100AAA872326F4FE2F
:10B1C00011A8832584FE032584FDEFC0D008AA873B
:10B1D0002326F4FE832544FE0325C4FEEFC0A0749D
:10B1E000AA8763D307002DA897F61400938686C319
:10B1F0000367C4FDBA878E07998F8A07B6970547FC
:10B20000238CE70097F614009386C6C10367C4FD3C
:10B21000BA878E07998F8A07B697032784FD98CB44
:10B220000100A270027445618280797106F422F0F7
:10B230000018AA87232CB4FC232EF4FC232604FE3A
:10B240008327C4FD3E85EFF0DFE5AA872326F4FEC1
:10B250008327C4FE1B8707008D4763E7E702832728
:10B26000C4FE832584FD3E85EFF0DFEC97F61400E5
:10B27000938646BB0367C4FEBA878E07998F8A07F9
:10B28000B697032784FDD8C30100A27002744561FC
:10B290008280797106F422F00018AA872338B4FC62
:10B2A000232EF4FCA30704FE8327C4FD3E85EFF0A4
:10B2B0005FDFAA872324F4FE832784FE1B87070011
:10B2C0008D4763EAE702836784FE3E8697F50000B8
:10B2D0009385C5761775070013054569EFD0E049DA
:10B2E0009775070093858568033504FDEFD08F932C
:10B2F000AA87A307F4FE8347F4FE3E85A27002747A
:10B3000045618280797106F422F00018AA87232E05
:10B31000F4FC232404FEA30704FE8327C4FD3E851A
:10B32000EFF03FD8AA872324F4FE832784FE1B87EF
:10B3300007008D4763E1E70297F61400938686AE17
:10B34000036784FEBA878E07998F8A07B69783C7EB
:10B350008701A307F4FE8347F4FE3E85A2700274C2
:10B3600045618280797106F422F00018AA87232EA5
:10B37000F4FC232604FE8327C4FD3E85EFF07FD234
:10B38000AA872326F4FE8327C4FE1B8707008D4768
:10B3900063EFE70097F614009386C6A80367C4FE20
:10B3A000BA878E07998F8A07B697238C070001000A
:10B3B000A270027445618280797106F422F000184F
:10B3C000AA872338B4FC232EF4FCA30704FE83379A
:10B3D00004FDB1CB833704FD1307500598C38337B1
:10B3E00004FD7D57D8C3833704FD238407008337CA
:10B3F00004FD11472385E7008327C4FD3E85EFF058
:10B400009FCD2A87833704FD98CB833704FD23BC67
:10B41000075C833704FD2380075E833704FD83B711
:10B42000875E2338F4FC833704FDC5CB833704FDE6
:10B430001307F00698C3833704FD7D57D8C38337BD
:10B4400004FD23840700833704FD21472385E7009B
:10B45000833704FDC1073E85EFC09FC1833704FDDC
:10B46000C107014681453E85EFC0FFC4833704FD17
:10B47000C107014685453E85EFC0FFC3833704FD04
:10B48000C107014689453E85EFC0FFC28327C4FD41
:10B490003E85EF00400DAA8791CB833704FDC1079D
:10B4A00005468D453E85EFC01FC109A8833704FDC1
:10B4B000C10701468D453E85EFC0FFBF833704FDC0
:10B4C00023BC075C833704FD2380075E833704FDBC
:10B4D00023B4075E8547A307F4FE8347F4FE3E8549
:10B4E000A270027445618280797106F422F000181E
:10B4F000AA87232CB4FC232EF4FC232604FE8327E6
:10B50000C4FD3E85EFF0FFB9AA872326F4FE83270A
:10B51000C4FE1B8707008D4763E2E70497F614001B
:10B52000938646900367C4FEBA878E07998F8A0771
:10B53000B697032784FDD8CB97F614009386868EA2
:10B540000367C4FEBA878E07998F8A07B697D843D8
:10B550008327C4FEBA853E85EFF0DFBD0100A270EF
:10B56000027445618280797106F422F00018AA877E
:10B57000232EF4FC232404FEA30704FE8327C4FD2A
:10B580003E85EFF01FB2AA872324F4FE832784FEB2
:10B590001B8707008D4763E1E70297F61400938647
:10B5A0006688036784FEBA878E07998F8A07B697E5
:10B5B00083C7C700A307F4FE8347F4FE3E85A2704D
:10B5C000027445618280797106F422F00018AA871E
:10B5D0002E87232EF4FCBA87A30DF4FC232604FE49
:10B5E0008327C4FD3E85EFF0DFABAA872326F4FE58
:10B5F0008327C4FE1B8707008D4763E2E70697F6A3
:10B600001400938626820367C4FEBA878E07998F3B
:10B610008A07B69703C7C7008347B4FD93F7F70FB0
:10B620006380E70297E614009386C67F0367C4FE33
:10B63000BA878E07998F8A07B6970547238CE7004C
:10B6400097E614009386067E0367C4FEBA878E07CA
:10B65000998F8A07B6970347B4FD2386E700010058
:10B66000A2700274456182801301019F233411602E
:10B670002330816013040161233CA49E232604FE31
:10B68000232404FE233004FE8337849F89CB833731
:10B69000849F9C6B89C78337849F9C4F99E3814724
:10B6A000DDAC8337849FDC433E85EFF09F9FAA8704
:10B6B0002324F4FE832784FE1B8707008D4763EE57
:10B6C000E702036784FEBA878E07998F8A0717E718
:10B6D000140013072775BA97233CF4FC8337849F23
:10B6E0009C6B2330F4FE8337849F9C478127BE8662
:10B6F000130710056389E61A19A0FD5769ACBE86C9
:10B70000130710056345D704BE86130740026387FD
:10B71000E616BE8613074002634BD700BE86594724
:10B72000638EE61A3E87F147630DF70831A4BE86A3
:10B730001307D0046387E608BE861307F004638608
:10B74000E60A3E879307B0046300F706F5A2BE86BB
:10B75000130750076386E616BE8613075007634239
:10B76000D702BE86130770066383E612BE861307F0
:10B77000F0066385E60A3E87930750056300F708E5
:10B7800065AABE8609671307E7706383E618BE865D
:10B7900009671307F7706387E6183E878967938701
:10B7A000D7706309F71449AA8337849FDC433E8628
:10B7B0008145033504FEEFB08FC1AA872326F4FE2E
:10B7C00049AA8337849FDC43130704A0BA853E85CA
:10B7D000EFF03FAC930704A0BE85033504FEEFB045
:10B7E0002FEDAA872326F4FEADA28145033504FE82
:10B7F000EFB0DFACAA872326F4FEA1AA8337849F8B
:10B80000DC433E85EFF03F8DAA87BE85033504FEFD
:10B81000EFB0BFDBAA872326F4FE25AA930784FC9A
:10B820003E85EFC0FF84930784FC014681453E8539
:10B83000EFC07F88930784FC014685453E85EFC0B5
:10B840009F87930784FC014689453E85EFC0BF86EC
:10B85000833784FD03C7C700930784FC3A868D4570
:10B860003E85EFC05F85930784FCBE85033504FEEB
:10B87000EFB02F94AA872326F4FEE1A88145033573
:10B8800004FEEFB0BFA3AA872326F4FED9A0833716
:10B8900084FD9C47BE85033504FEEFB03FA2AA8716
:10B8A0002326F4FE7DA0833784FD83C7C700BE85B1
:10B8B000033504FEEFA09FD9AA872326F4FE51A8E2
:10B8C000833784FD83C7D7008127BE85033504FEF7
:10B8D000EFB0DF9EAA872326F4FEA5A8833784FD58
:10B8E000DC4BBE85033504FEEFB03FCEAA8723268E
:10B8F000F4FE85A097F700009387C7159C43BE858B
:10B90000033504FEEFB07FCCAA872326F4FE91A076
:10B910009305A005033504FEEFB0BF8CAA8723264C
:10B92000F4FE05A8930580F3033504FEEFB03FC491
:10B93000AA872326F4FE31A88337849F0947D8CFEE
:10B940008337849F1307000298D3FD572326F4FE04
:10B9500001008327C4FE812763CD07028337849FBC
:10B960009C473E87930720086305F7028337849F2F
:10B97000DC473E87FD57630EF7008337849F0947F6
:10B98000D8CF8337849F1307200398D3FD572326EE
:10B99000F4FE8327C4FE3E8583308160033401605A
:10B9A0001301016182801301019F23341160233050
:10B9B000816013040161233CA49EA30704FE232499
:10B9C00004FE232204FE8337849F138707018337F5
:10B9D000849F83A7475D8127930604A03686BE8592
:10B9E0003A85EFA0EFBAAA872322F4FE832744FE0C
:10B9F000812763DF07008337849F094723AEE75C15
:10BA00008337849F1307500223A0E75E8147D1ACA0
:10BA10008337849F9C473E87930720086306F7027D
:10BA20008337849FDC473E87FD57630FF7008337DA
:10BA3000849F094723AEE75C8337849F1307200365
:10BA400023A0E75E814771AC8337849FDC433E854A
:10BA5000EFF02FE5AA872324F4FE832784FE1B87BB
:10BA600007008D4763E9E702036784FEBA878E0704
:10BA7000998F8A0717E714001307C73ABA97233C30
:10BA8000F4FC8337849F9C478127BE8613071005EB
:10BA9000638DE61019A08147A9A4BE86130710057F
:10BAA0006345D704BE8613074002638BE61EBE863D
:10BAB00013074002634BD700BE8659476389E616D9
:10BAC0003E87F147630EF71CC5AABE861307D00454
:10BAD0006388E61CBE861307F0046383E61C3E877A
:10BAE0009307B004630EF71AC1AABE861307F006C7
:10BAF0006388E61ABE861307F006634DD700BE863C
:10BB000013075005638EE6023E87930770066309AC
:10BB1000F7185DA2BE8613075007638AE60CBE863F
:10BB20001307500763CAE6181B870700F9779B873E
:10BB3000378FB99F81273E87894763EFE7168DA22C
:10BB40008337849F1387C75D8337849F9386075EFF
:10BB5000930704A03A8691453E85EF70D078AA8776
:10BB6000A307F4FE8347F4FE93F7F70F63820716EB
:10BB7000833784FD83C7C70099CB8337849FDC4319
:10BB8000032784A0BA853E85EFF02FEA91A2833780
:10BB9000849F094723AEE75C8337849F13078002A5
:10BBA00023A0E75EA30704FE25A28337849F1387A3
:10BBB000C75D8337849F9386075E930704A03A8608
:10BBC00085453E85EF703072AA87A307F4FE834750
:10BBD000F4FE93F7F70F638F070E8337849FDC43E0
:10BBE000034784A0BA853E85EFF0FF9DE5A083372B
:10BBF000849F1387C75D8337849F9386075E93076F
:10BC000004A03A86A5453E85EF70F06DAA87A3078C
:10BC1000F4FE8347F4FE93F7F70FDDCF832784A06C
:10BC200013F7F70F833784FDA386E70075A08337EA
:10BC3000849F1387C75D8337849F9386075E93072E
:10BC400004A03A8691453E85EF70F069AA87A30764
:10BC5000F4FE8347F4FE93F7F70FC9C3832784A04C
:10BC6000930500003E85EFB0104CAA8763CC070017
:10BC70008337849FDC43032784A0BA853E85EFF099
:10BC8000BF86A9A8A30704FE8337849F094723AE74
:10BC9000E75C8337849F1307500223A0E75E3DA82B
:10BCA0008337849F094723AEE75C8337849F13075C
:10BCB000800223A0E75E25A08337849F094723AE37
:10BCC000E75C8337849F1307000223A0E75E01A887
:10BCD000010031A0010021A0010011A00100834753
:10BCE000F4FE3E85833081600334016013010161FD
:10BCF0008280011122EC0010AA872326F4FE0100A5
:10BD0000626405618280797122F400182334A4FEF4
:10BD10002330B4FE233CC4FC833784FE81CB8337BD
:10BD200084FE17F70000130767D398E3833704FEF8
:10BD300081CB833704FE17270100130727EE98E312
:10BD4000833784FD89CB833784FD172701001307D0
:10BD500067ED98E3010001002274456182800111C2
:10BD600022EC0010973701009387875B83C7070099
:10BD700093C7170093F7F70FADC797370100938765
:10BD8000275A05472380E700232604FE99A0232491
:10BD900004FE25A097760700938646BF836784FE3E
:10BDA0000367C4FE12073697BA977D572380E700D2
:10BDB000832784FE85272324F4FE832784FE1B87A4
:10BDC0000700BD47E3F8E7FC8327C4FE8527232649
:10BDD000F4FE8327C4FE1B8707008D47E3F9E7FACB
:10BDE00001000100626405618280011122EC0010F3
:10BDF000AA872326F4FE8327C4FE1B8707008D47EE
:10BE000063E4E700854711A081473E8562640561D0
:10BE10008280411122E4000891473E85226441015D
:10BE20008280011122EC0010AA872326F4FE8327CA
:10BE3000C4FE3E85626405618280797122F4001837
:10BE4000AA87232EF4FC91472326F4FE8327C4FD02
:10BE50001B8707008D4763E6E7008327C4FD232681
:10BE6000F4FE8327C4FE3E85227445618280797189
:10BE700006F422F00018AA87232EF4FC9307000092
:10BE80002326F4FE232204FE232404FE8327C4FD7C
:10BE90003E85EFF09FFAAA872322F4FE832744FE13
:10BEA0001B8707008D4763E8E706232404FEA9A843
:10BEB00097760700938686AD836784FE036744FE0A
:10BEC00012073697BA9783C707003E879307F00F8C
:10BED0006307F70297760700938646AB836784FE75
:10BEE000036744FE12073697BA9783C70700812776
:10BEF0003E85EFB03077AA872326F4FE29A8832752
:10BF000084FE85272324F4FE832784FE1B870700F5
:10BF1000BD47E3FFE7F88327C4FE3E85A2700274A5
:10BF200045618280397106FC22F826F48000AA87D8
:10BF30002324B4FC32872326F4FCBA872322F4FCA2
:10BF4000232C04FCA30F04FC8327C4FC3E85EFF0E4
:10BF5000DFEEAA87232CF4FC832784FD1B870700D0
:10BF60008D4763E6E708832744FC8127C9C38327FD
:10BF700044FC1B870700C14763EBE706832744FCAB
:10BF80001B87070099476304F70693050000032504
:10BF900084FCEFB05019AA8763CB070497F7000021
:10BFA000938707B08C43032584FCEFB05021AA8708
:10BFB000634FF002832744FCFD379B840700032571
:10BFC00084FCEFB03064AA8713F7F70F17760700E9
:10BFD0001306C69B939704028193836684FD9206A1
:10BFE000B296B6972380E7008547A30FF4FC8347FA
:10BFF000F4FD3E85E2704274A27421618280797101
:10C0000006F422F00018AA872E87232EF4FCBA87A4
:10C01000232CF4FC232404FEA30704FE8327C4FD81
:10C020003E85EFF09FE1AA872324F4FE832784FE58
:10C030001B8707008D4763E9E704832784FD812779
:10C04000A1C7832784FD1B870700C14763EEE70272
:10C05000832784FD1B87070099476307F70283271F
:10C0600084FDFD37812797760700938626928217F5
:10C070008193036784FE12073697BA977D57238012
:10C08000E7008547A307F4FE8347F4FE3E85A270D0
:10C09000027445618280797106F422F00018AA8743
:10C0A0002338B4FC232EF4FCA30704FE8327C4FD2D
:10C0B0001B8707008D4763EAE7028367C4FD3E865E
:10C0C00097F500009385859C17750700130505906B
:10C0D000EFC0A06A977507009385458F033504FD6F
:10C0E000EFC04FB4AA87A307F4FE8347F4FE3E8552
:10C0F000A270027445618280797106F422F0001802
:10C10000AA87232EF4FC232404FEA30704FE83271E
:10C11000C4FD3E85EFF07FD2AA872324F4FE832757
:10C1200084FE1B8707008D4763EDE700173701008A
:10C130001307C71E836784FEBA9783C70700A30748
:10C14000F4FE8347F4FE3E85A2700274456182804E
:10C15000797106F422F00018AA872E87232EF4FCAA
:10C16000BA87A30DF4FC232604FE8327C4FD3E8575
:10C17000EFF0BFCCAA872326F4FE8327C4FE1B87DB
:10C1800007008D4763EDE700173701001307071914
:10C190008367C4FEBA970347B4FD2380E70001001C
:10C1A000A2700274456182801301019E233C1160DC
:10C1B00023388160130401622334A49E232604FEE5
:10C1C000232404FE97F700009387C78D9C43232008
:10C1D000F4FE232E04FC232204FEA30D04FC2338CA
:10C1E00004FC8337849E89CB8337849E9C6B89C7EC
:10C1F0008337849E9C4F99E38147D9A68337849ED9
:10C200009C6B2338F4FC8337849E9C479B86C7FD38
:10C210001B8706009307100563E5E7349397060232
:10C2200081931397270097F700009387E787BA97C2
:10C230009C431B87070097F700009387E786BA9710
:10C2400082878337849EDC433E868545033504FD23
:10C25000EFA0FF97AA872324F4FE0DA68337849EC0
:10C26000DC431307849FBA853E85EFF0DFE2930736
:10C27000849FBE85033504FDEFA09FC3AA872324B6
:10C28000F4FEEDAC8545033504FDEFB02F83AA879E
:10C290002324F4FEE5A48337849EDC433E85EFF03F
:10C2A0001FBD2320A4FE832504FE033504FDEFB04B
:10C2B000CFB1AA872324F4FED1A4930704FC3E85C2
:10C2C000EFB01FDB930704FC014681453E85EFB0CC
:10C2D0009FDE930704FC014685453E85EFB0BFDD38
:10C2E000930704FC014689453E85EFB0DFDC8337C8
:10C2F000849EDC433E85EFF03FE0AA87A30DF4FC6B
:10C300000347B4FD930704FC3A868D453E85EFB0A4
:10C310009FDA930704FCBE85033504FDEFA06FE9A7
:10C32000AA872324F4FE99AC8145033504FDEFA0D0
:10C33000FFF8AA872324F4FE91A48337849EDC436C
:10C340003E85EFF07FDBAA87A30DF4FC8347B4FDA5
:10C35000BE85033504FDEFA06FAFAA872324F4FE4A
:10C3600031AC93052006033504FDEFA03FF5AA8705
:10C370002324F4FE21A48337849EDC4791EBC1453E
:10C38000033504FDEFA0FFE5AA872324F4FEFDA2F8
:10C390008337849EDC473E87FD576317F70E83374C
:10C3A000849EDC433E85EFF05FA9AA87232EF4FC30
:10C3B000232204FED1A0976607009386265D83673B
:10C3C00044FE0367C4FD12073697BA9783C7070078
:10C3D0003E879307F00F631EF700832784FE033721
:10C3E00004FDBA973E85EFA00FAEAA872326F4FE80
:10C3F00091A09766070093866659836744FE03679A
:10C40000C4FD12073697BA9783C7070081273E8578
:10C41000EFB05025AA872320F4FE832784FE03373C
:10C4200004FDBA97832504FE3E85EFB00F9AAA87D4
:10C430002326F4FE032784FE8327C4FEB99F8127A9
:10C440003E879307305C63CAE700032784FE832797
:10C45000C4FEB99F2324F4FE19A88337849E1307D2
:10C46000600398D3F9572324F4FE010001AA83271F
:10C4700044FE85272322F4FE832744FE1B87070002
:10C48000BD47E3FAE7F2DDA88337849EDC433E85AF
:10C49000EFF0BF9AAA87232EF4FC8337849EDC47F3
:10C4A0003E87C14763E4E7088337849EDC47FD3756
:10C4B0008127976607009386664D821781930367ED
:10C4C000C4FD12073697BA9783C707003E879307C4
:10C4D000F00F631AF700033504FDEFA0CF9EAA8783
:10C4E0002324F4FE61A88337849EDC47FD3781272F
:10C4F0009766070093868649821781930367C4FD78
:10C5000012073697BA9783C7070081273E85EFB099
:10C510007015AA872320F4FE832504FE033504FD4D
:10C52000EFB0AF8AAA872324F4FE89A88337849EBC
:10C530000947D8CF8337849E1307A00298D3FD57AD
:10C540002324F4FE25A8930700002320F4FE83256E
:10C5500004FE033504FDEFB04F87AA872324F4FEC1
:10C5600031A88337849E0947D8CF8337849E130729
:10C57000000298D3FD572324F4FE0100832784FE94
:10C58000812763CD07028337849E9C473E879307AC
:10C5900070056305F7028337849EDC473E87FD57AD
:10C5A000630EF7008337849E0947D8CF8337849E74
:10C5B0001307200398D3FD572324F4FE832784FE1A
:10C5C0003E85833081610334016113010162828001
:10C5D000130101A0233C115E2338815E1304016026
:10C5E0002334A4A0A30704FE232404FE833784A0DD
:10C5F00013870701833784A083A7475D81279306AC
:10C6000004A13686BE853A85EF908FF8AA87232449
:10C61000F4FE832784FE812763DF0700833784A02D
:10C62000094723AEE75C833784A01307500223A099
:10C63000E75E8147D5A2833784A09C473E87930756
:10C6400070056306F702833784A0DC473E87FD57F9
:10C65000630FF700833784A0094723AEE75C833775
:10C6600084A01307200323A0E75E814775A28337C8
:10C6700084A09C479B86C7FD1B8706009307100577
:10C6800063EBE7169397060281931397270097E7CA
:10C6900000009387E755BA979C431B87070097E7ED
:10C6A00000009387E754BA978287834724A13E8787
:10C6B0009147631CF706833784A0D843832684A15F
:10C6C000833784A083C7875D81273E86B6853A85F8
:10C6D000EFF05F85AA87A307F4FE833784A083C7A2
:10C6E000875D3E879947631EF700833784A009471B
:10C6F00023AEE75C833784A01307800223A0E75EA4
:10C7000039A28347F4FE93C7170093F7F70F6380AE
:10C710000710833784A0094723AEE75C833784A0E2
:10C720001307500223A0E75EDDA0833784A01387A0
:10C73000C75D833784A09386075E930704A13A867A
:10C7400081453E85EF70203AAA87A307F4FE834710
:10C75000F4FE93F7F70FC5CF833784A0D843833710
:10C7600084A083C7875D8127BE853A85EFF03F8926
:10C77000AA87A307F4FE8347F4FE93C7170093F735
:10C78000F70FD1C7833784A0094723AEE75C83370F
:10C7900084A01307500223A0E75E95A8833784A0E6
:10C7A0001387C75D833784A09386075E930704A130
:10C7B0003A8685453E85EF700033AA87A307F4FECD
:10C7C0008347F4FE93F7F70FA9C7833784A0DC43B0
:10C7D000034784A1BA853E85EFF09F971DA8833754
:10C7E00084A0094723AEE75C833784A01307800247
:10C7F00023A0E75E05A0833784A0094723AEE75C4A
:10C80000833784A01307000223A0E75E21A0010064
:10C8100011A001008347F4FE3E858330815F03341D
:10C82000015F130101608280797122F400182334C2
:10C83000A4FE2330B4FE233CC4FC833784FE81CBAA
:10C84000833784FE17E700001307474F98E38337C9
:10C8500004FE81CB833704FE17E7000013078750DF
:10C8600098E3833784FD89CB833784FD1717010054
:10C870001307C73B98E301000100227445618280E1
:10C88000011106EC22E80010232604FE6DA80367C0
:10C89000C4FEBA878A07BA978A0717D71400130706
:10C8A000675FBA97514681453E85EFB0301097D605
:10C8B00014009386265E0367C4FEBA878A07BA9778
:10C8C0008A07B69713060000D0C397D61400938644
:10C8D000665C0367C4FEBA878A07BA978A07B69769
:10C8E0001307F0052391E70097D614009386865A24
:10C8F0000367C4FEBA878A07BA978A07B69790C7B4
:10C9000097D61400938606590367C4FEBA878A0730
:10C91000BA978A07B69717E700001307E746184348
:10C92000D8C797D614009386E6560367C4FEBA8725
:10C930008A07BA978A07B697238807008327C4FE19
:10C9400085272326F4FE8327C4FE1B8707008D4717
:10C95000E3FFE7F20100E2604264056182800111B9
:10C9600022EC0010AA872326F4FE8327C4FE1B872F
:10C9700007008D4763E4E700854711A081473E85A6
:10C98000626405618280411122E4000891473E857E
:10C99000226441018280011122EC0010AA87232623
:10C9A000F4FE8327C4FE3E8562640561828079714E
:10C9B00022F40018AA87232EF4FC91472326F4FEC4
:10C9C0008327C4FD1B8707008D4763E6E7008327A5
:10C9D000C4FD2326F4FE8327C4FE3E8522744561F0
:10C9E0008280797106F422F00018AA87232CB4FC07
:10C9F000232EF4FC930700002324F4FE2322F4FEEC
:10CA00002326F4FE8327C4FD1B8707008D4763E0C0
:10CA1000E70C97D614009386E6470367C4FDBA87F0
:10CA20008A07BA978A07B6979C472324F4FE97D6BD
:10CA30001400938626460367C4FDBA878A07BA970F
:10CA40008A07B697DC472322F4FE832584FD03255D
:10CA500084FEEFA0506DAA87635CF000832584FDFF
:10CA6000032584FEEFA0307FAA872326F4FE11A8B9
:10CA7000832584FE032584FDEFA0F07DAA8723266D
:10CA8000F4FE832544FE0325C4FEEFA0D069AA87E7
:10CA900063D307002DA897D614009386A63F03679B
:10CAA000C4FDBA878A07BA978A07B69705472388CD
:10CAB000E70097D614009386E63D0367C4FDBA8766
:10CAC0008A07BA978A07B697032784FD98C701009B
:10CAD000A270027445618280797106F422F0001818
:10CAE000AA87232CB4FC3287232EF4FCBA87A30B2D
:10CAF000F4FC232404FEA30704FE8327C4FD3E8523
:10CB0000EFF0FFEAAA872324F4FE832784FE1B8725
:10CB100007008D4763EAE702832784FE832584FDAF
:10CB20003E85EFF01FEC97D614009386A636036778
:10CB300084FEBA878A07BA978A07B697032784FDC7
:10CB4000D8C38547A307F4FE8347F4FE3E85A27051
:10CB5000027445618280797106F422F00018AA8778
:10CB6000232EF4FC930700002326F4FE232404FE66
:10CB70008327C4FD3E85EFF09FE3AA872324F4FEBC
:10CB8000832784FE1B8707008D4763E0E70297D663
:10CB9000140093862630036784FEBA878A07BA9703
:10CBA0008A07B697DC432326F4FE8327C4FE3E851E
:10CBB000A270027445618280797106F422F0001837
:10CBC000AA872338B4FC232EF4FCA30704FE832792
:10CBD000C4FD1B8707008D4763EAE7028367C4FD36
:10CBE0003E8697E500009385E51817650700130555
:10CBF000E5DFEFB0903897650700938525DF0335B3
:10CC000004FDEFB03F82AA87A307F4FE8347F4FE3A
:10CC10003E85A270027445618280797106F422F02B
:10CC20000018AA87232EF4FC232404FEA30704FE85
:10CC30008327C4FD3E85EFF09FD7AA872324F4FE07
:10CC4000832784FE1B8707008D4763E1E70297D6A1
:10CC5000140093862624036784FEBA878A07BA974E
:10CC60008A07B69783C70701A307F4FE8347F4FE3C
:10CC70003E85A270027445618280797106F422F0CB
:10CC80000018AA87232EF4FC232604FE8327C4FD64
:10CC90003E85EFF0DFD1AA872326F4FE8327C4FE6A
:10CCA0001B8707008D4763EFE70097D61400938634
:10CCB000661E0367C4FEBA878A07BA978A07B697C3
:10CCC000238807000100A270027445618280797197
:10CCD00006F422F00018AA872338B4FC232EF4FCB3
:10CCE000A30704FE833704FDB1CB833704FD13078C
:10CCF000500598C3833704FD7D57D8C3833704FD9F
:10CD000023840700833704FD11472385E700832729
:10CD1000C4FD3E85EFF03FE42A87833704FD98CBBE
:10CD2000833704FD23BC075C833704FD2380075E43
:10CD3000833704FD83B7875E2338F4FC833704FD13
:10CD4000C5CB833704FD1307F00698C3833704FD72
:10CD50007D57D8C3833704FD23840700833704FD40
:10CD600021472385E700833704FDC1073E85EFB0E7
:10CD70002FB0833704FDC107014681453E85EFB0E2
:10CD80008FB3833704FDC107014685453E85EFB06B
:10CD90008FB2833704FDC107014689453E85EFB058
:10CDA0008FB18327C4FD3E85EF00400DAA8791CB4C
:10CDB000833704FDC10705468D453E85EFB0AFAF13
:10CDC00009A8833704FDC10701468D453E85EFB0B4
:10CDD0008FAE833704FD23BC075C833704FD2380BB
:10CDE000075E833704FD23B4075E8547A307F4FE7F
:10CDF0008347F4FE3E85A27002744561828079719A
:10CE000006F422F00018AA87232CB4FC232EF4FC8D
:10CE1000232604FE8327C4FD3E85EFF05FB9AA8771
:10CE20002326F4FE8327C4FE1B8707008D4763E299
:10CE3000E70497D614009386E6050367C4FEBA8715
:10CE40008A07BA978A07B697032784FDD8C797D66B
:10CE50001400938626040367C4FEBA878A07BA972C
:10CE60008A07B697D8438327C4FEBA853E85EFF07C
:10CE70005FB70100A270027445618280797106F487
:10CE800022F00018AA87232EF4FC232404FEA30713
:10CE900004FE8327C4FD3E85EFF07FB1AA872324DB
:10CEA000F4FE832784FE1B8707008D4763E1E702BA
:10CEB00097D61400938606FE036784FEBA878A0716
:10CEC000BA978A07B69783C71700A307F4FE83476C
:10CED000F4FE3E85A2700274456182801301019EBA
:10CEE000233C116023388160130401622334A49E23
:10CEF000232604FE97E70000938747E99C432324F9
:10CF0000F4FE232204FEA30104FE233C04FC833729
:10CF1000849E89CB8337849E9C6B89C78337849E8C
:10CF20009C4F99E381471DAC8337849E9C6B233CC7
:10CF3000F4FC8337849EDC433E85EFF05FA7AA872D
:10CF40002322F4FE832744FE1B8707008D4763EBF3
:10CF5000E702036744FEBA878A07BA978A0717D79A
:10CF60001400130727F3BA972338F4FC8337849E01
:10CF70009C479B86A7FE1B8706009307F00563E886
:10CF8000E71619A0FD57D9AA939706028193139724
:10CF9000270097E700009387A7DFBA979C431B877A
:10CFA000070097E700009387A7DEBA978287833749
:10CFB000849EDC433E868945033584FDEF903FC166
:10CFC000AA872326F4FE89A28337849EDC431307B5
:10CFD000849FBA853E85EFF03FBE9307849FBE8550
:10CFE000033584FDEF90DFECAA872326F4FE29AAFF
:10CFF0008945033584FDEFA06FACAA872326F4FE94
:10D0000021A28337849EDC433E85EFF0DFB42324E6
:10D01000A4FE832584FE033584FDEFA00FDBAA87E1
:10D020002326F4FED5A0930704FC3E85EFB04F8481
:10D03000930704FC014681453E85EFB0CF879307F7
:10D0400004FC014685453E85EFB0EF86930704FC5E
:10D05000014689453E85EFB00F86833704FD03C73F
:10D060001700930704FC3A868D453E85EFB0AF84E8
:10D07000930704FCBE85033584FDEF909F93AA8738
:10D080002326F4FE51A08145033584FDEFA00FA3B4
:10D09000AA872326F4FE8DA8833704FD83C71700D3
:10D0A000A301F4FE834734FEBE85033584FDEF9073
:10D0B000EFD9AA872326F4FE81A8833704FD83D7FE
:10D0C00027008127BE85033584FDEFA02F9FAA8707
:10D0D0002326F4FE15A8833704FDDC47BE850335FF
:10D0E00084FDEFA08FCEAA872326F4FE31A88337D4
:10D0F000849E0947D8CF8337849E1307000298D3B4
:10D10000FD572326F4FE01008327C4FE812763C553
:10D1100007048337849E9C473E8793077005630D01
:10D12000F7028337849E9C473E8793072008630558
:10D13000F7028337849EDC473E87FD57630EF70076
:10D140008337849E0947D8CF8337849E13072003F3
:10D1500098D3FD572326F4FE8327C4FE3E858330F3
:10D160008161033401611301016282801301019F17
:10D17000233411602330816013040161233CA49E99
:10D18000A30704FE232404FE232204FE8337849F86
:10D19000138707018337849F83A7475D8127930601
:10D1A00004A03686BE853A85EF809FBEAA872322DB
:10D1B000F4FE832744FE812763DF07008337849FC3
:10D1C000094723AEE75C8337849F1307500223A0EF
:10D1D000E75E814759A48337849F9C473E87930726
:10D1E0007005630EF7028337849F9C473E87930741
:10D1F00020086306F7028337849FDC473E87FD578C
:10D20000630FF7008337849F094723AEE75C8337BA
:10D21000849F1307200323A0E75E81473DAC83373B
:10D22000849FDC433E85EFF08FF8AA872324F4FE29
:10D23000832784FE1B8707008D4763EBE7020367A4
:10D2400084FEBA878A07BA978A0717D7140013078C
:10D2500067C4BA97233CF4FC8337849F9C479B8622
:10D26000A7FE1B8706009307F00563E5E71C19A0DE
:10D270008147E5A29397060281931397270097E7CA
:10D2800000009387E7C8BA979C431B87070097E77E
:10D2900000009387E7C7BA978287834724A03E8719
:10D2A00091476316F7068337849FD843832684A06B
:10D2B0008337849F83C7875D3E86B6853A85EFF0C6
:10D2C000BF81AA8789C78547A307F4FE69A2833770
:10D2D000849F83C7875D3E879947631EF700833726
:10D2E000849F094723AEE75C8337849F130780023E
:10D2F00023A0E75E8DA28337849F094723AEE75CB6
:10D300008337849F1307500223A0E75EA9A2A307D7
:10D3100004FE8337849F094723AEE75C8337849FED
:10D320001307500223A0E75E3DA28337849F138733
:10D33000C75D8337849F9386075E930704A03A8670
:10D3400085453E85EF60207AAA87A307F4FE8347D0
:10D35000F4FE93F7F70F638B070E034784A0833720
:10D3600084FDA380E700DDA08337849F1387C75D1A
:10D370008337849F9386075E930704A03A86A5456A
:10D380003E85EF604076AA87A307F4FE8347F4FE4C
:10D3900093F7F70FD5CF832784A013970703419303
:10D3A000833784FD2391E70065A08337849F13872B
:10D3B000C75D8337849F9386075E930704A03A86F0
:10D3C00091453E85EF602072AA87A307F4FE83474C
:10D3D000F4FE93F7F70FBDCF832784A093050000D9
:10D3E0003E85EFA04054AA8763CC07008337849F13
:10D3F000DC43032784A0BA853E85EFF05FA099A89F
:10D40000A30704FE8337849F094723AEE75C833775
:10D41000849F1307500223A0E75E2DA88337849FC3
:10D42000094723AEE75C8337849F1307800223A05C
:10D43000E75E15A08337849F094723AEE75C8337F7
:10D44000849F1307000223A0E75E31A0010021A002
:10D45000010011A001008347F4FE3E858330816006
:10D4600003340160130101618280011122EC00107C
:10D47000AA872326F4FE0100626405618280797127
:10D4800022F400182334A4FE2330B4FE233CC4FC51
:10D49000833784FE81CB833784FE17E700001307B0
:10D4A00067BF98E3833704FE81CB833704FE1707F9
:10D4B00001001307277898E3833784FD89CB8337EE
:10D4C00084FD170701001307677798E30100010047
:10D4D000227445618280011122EC0010AA87232664
:10D4E000F4FE8327C4FE1B870700914763E4E7002F
:10D4F000854711A081473E856264056182804111A4
:10D5000022E4000895473E85226441018280011192
:10D5100022EC0010AA872326F4FE8327C4FE3E8552
:10D52000626405618280011122EC001097270100DE
:10D53000938717E083C7070093C7170093F7F70F88
:10D54000B1C3972701009387B7DE05472380E70023
:10D55000232604FE05A0175707001307274B8367F0
:10D56000C4FE8A07BA9723A007008327C4FE852735
:10D570002326F4FE8327C4FE1B8707009147E3FCA4
:10D58000E7FC01000100626405618280797122F488
:10D590000018AA87232EF4FC95472326F4FE832740
:10D5A000C4FD1B870700914763E6E7008327C4FD9E
:10D5B0002326F4FE8327C4FE3E85227445618280C3
:10D5C000797106F422F00018AA87232EF4FC232692
:10D5D00004FE232404FE8327C4FD3E85EFF01FFBD9
:10D5E000AA872324F4FE832784FE1B870700914724
:10D5F00063E1E7041757070013074741836784FE79
:10D600008A07BA979C432326F4FE1757070013078F
:10D610006741836784FE8A07BA979C4399CB832727
:10D62000C4FE812789E785472326F4FE19A0232617
:10D6300004FE8327C4FE3E85A27002744561828089
:10D64000797106F422F00018AA87232EF4FCA307B0
:10D6500004FE232404FE8327C4FD3E85EFF01FF360
:10D66000AA872324F4FE832784FE1B8707009147A3
:10D6700063EDE700172701001307C7CA836784FE1D
:10D68000BA9783C70700A307F4FE8347F4FE3E85DD
:10D69000A270027445618280797106F422F000184C
:10D6A000AA87232EF4FCA30704FE8327C4FD3E852E
:10D6B000EFF0DFEDAA872324F4FE832784FE1B8787
:10D6C0000700914763EDE70017270100130707C61E
:10D6D000836784FEBA9783C70700A307F4FE8347D6
:10D6E000F4FE3E85A270027445618280797106F471
:10D6F00022F00018AA87232EF4FC8327C4FD3E8560
:10D70000EFF0DFE8AA872326F4FE8327C4FE1B87F9
:10D710000700914763ECE70017270100130707C1D3
:10D720008367C4FEBA972380070001000100A2703E
:10D73000027445618280797106F422F00018AA878C
:10D740002338B4FC232EF4FCA30704FE833704FD26
:10D75000A1CF833704FD1307500598C3833704FD19
:10D760007D57D8C3833704FD23840700833704FD26
:10D7700025472385E700833704FD23BC075C832707
:10D78000C4FD3E85EFF0DFE3AA871B8707008337E0
:10D7900004FD98CB833704FD2380075E833704FDA7
:10D7A00083B7875E2338F4FC833704FDC5CB83370A
:10D7B00004FD1307F00698C3833704FD7D57D8C3D3
:10D7C000833704FD23840700833704FD2147238525
:10D7D000E700833704FD23BC075C833704FDC107E2
:10D7E0003E85EFA0FF88833704FDC10701468145D0
:10D7F0003E85EFA05F8C833704FDC1070146854558
:10D800003E85EFA05F8B833704FDC1070146894544
:10D810003E85EFA05F8A8327C4FD3E85EFF05FE27F
:10D82000AA8791CB833704FDC10705468D453E8508
:10D83000EFA07F8809A8833704FDC10701468D4505
:10D840003E85EFA05F87833704FD2380075E833723
:10D8500004FD23B4075E8547A307F4FE8347F4FE67
:10D860003E85A270027445618280797106F422F0CF
:10D870000018AA872E87232EF4FCBA87232CF4FCE9
:10D88000232404FEA30704FE8327C4FD3E85EFF096
:10D89000FFCFAA872324F4FE832784FE1B8707007B
:10D8A000914763ECE706175707001307A71783672D
:10D8B00084FE8A07BA979C4399CB832784FD8127EE
:10D8C00089E78547232CF4FC19A0232C04FC175767
:10D8D00007001307A713836784FE8A07BA97984344
:10D8E000832784FD8127638CE70017270100130736
:10D8F000E7A3836784FEBA9705472380E70017579D
:10D9000007001307A710836784FE8A07BA970327C7
:10D9100084FD98C38547A307F4FE8347F4FE3E8544
:10D92000A270027445618280797106F422F00018B9
:10D93000AA872E87232EF4FCBA87A30DF4FC232696
:10D9400004FE8327C4FD3E85EFF05FC4AA8723262B
:10D95000F4FE8327C4FE1B870700914763E7E704B3
:10D96000172701001307079C8367C4FEBA9703C7F4
:10D9700007008347B4FD93F7F70F638CE700172781
:10D9800001001307A79A8367C4FEBA97054723804F
:10D99000E700172701001307E7988367C4FEBA97CB
:10D9A0000347B4FD2380E70001000100A270027468
:10D9B00045618280797106F422F00018AA87233825
:10D9C000B4FC232EF4FCA30704FE232404FE8327C7
:10D9D000C4FD3E85EFF09FBBAA872324F4FE832776
:10D9E00084FE1B870700914763EAE7028367C4FD53
:10D9F0003E8697D500009385656C17550700130583
:10DA0000E503EFA09057975507009385250303354D
:10DA100004FDEFA03FA1AA87A307F4FE8347F4FE0D
:10DA20003E85A270027445618280797106F422F00D
:10DA30000018AA87232EF4FC232604FE232404FEC8
:10DA40008327C4FD3E85EFF07FB4AA872324F4FE2C
:10DA5000832784FE1B870700914763EDE700175774
:10DA60000700130727FC836784FE8A07BA979C4345
:10DA70002326F4FE8327C4FE3E85A270027445610E
:10DA80008280797106F422F00018AA872E87232E4F
:10DA9000F4FCBA87232CF4FCA30704FE232404FE21
:10DAA0008327C4FD3E85EFF07FAEAA872324F4FED2
:10DAB000832784FE1B870700914763EDE700175714
:10DAC0000700130727F6836784FE8A07BA970327A0
:10DAD00084FD98C38347F4FE3E85A27002744561BD
:10DAE00082801301019F233411602330816013046D
:10DAF0000161233CA49E232604FE233004FEA30FD1
:10DB000004FC8337849F89CB8337849F9C6B89C7B0
:10DB10008337849F9C4F99E38147D9AA8337849F99
:10DB20009C6B2330F4FE8337849F9C479B8647FE83
:10DB30001B8706009307300563E5E71693970602F7
:10DB400081931397270097D7000093876758BA9758
:10DB50009C431B87070097D7000093876757BA97A6
:10DB600082878337849FDC433E868D45033504FEE0
:10DB7000EF90EF85AA872326F4FE89A28337849F3E
:10DB8000DC43130704A0BA853E85EFF0BFE293079C
:10DB900004A0BE85033504FEEF908FB1AA8723262B
:10DBA000F4FE29AA8D45033504FEEF902FF1AA87D4
:10DBB0002326F4FE21A28337849FDC433E85EFF0C9
:10DBC0003FA0AA878127BE85033504FEEF900FEFA3
:10DBD000AA872326F4FEDDA0930784FC3E85EFA0F0
:10DBE0002FC9930784FC014681453E85EFA0AFCC49
:10DBF000930784FC014685453E85EFA0CFCB930774
:10DC000084FC014689453E85EFA0EFCA8337849F97
:10DC1000DC433E85EFF0DFA2AA87A30FF4FC0347A5
:10DC2000F4FD930784FC3A868D453E85EFA0AFC88E
:10DC3000930784FCBE85033504FEEF809FD7AA8737
:10DC40002326F4FEA5A88145033504FEEF900FE7D7
:10DC5000AA872326F4FE9DA08337849FDC433E855C
:10DC6000EFF01F9EAA87A30FF4FC8347F4FDBE8547
:10DC7000033504FEEF809F9DAA872326F4FE3DA86E
:10DC80008337849FDC433E85EFF03FDAAA87812704
:10DC9000BE85033504FEEF906FE2AA872326F4FECB
:10DCA00031A88337849F0947D8CF8337849F1307D0
:10DCB000000298D3FD572326F4FE01008327C4FEFB
:10DCC000812763C507028337849FDC473E87FD5762
:10DCD000630EF7008337849F0947D8CF8337849F2B
:10DCE0001307200398D3FD572326F4FE8327C4FE91
:10DCF0003E858330816003340160130101618280BD
:10DD0000130101A0233C115E2338815E13040160DE
:10DD10002334A4A0A30704FE232404FE833784A095
:10DD200013870701833784A083A7475D8127930664
:10DD300004A13686BE853A85EF808F85AA87232485
:10DD4000F4FE832784FE812763DF0700833784A0E6
:10DD5000094723AEE75C833784A01307500223A052
:10DD6000E75E814775AA833784A0DC473E87FD576D
:10DD7000630FF700833784A0094723AEE75C83373E
:10DD800084A01307200323A0E75E814751AA8337AD
:10DD900084A09C479B8647FE1B870600930730059F
:10DDA00063EDE7149397060281931397270097D7A3
:10DDB00000009387E746BA979C431B87070097D7D5
:10DDC00000009387E745BA978287833784A013873B
:10DDD000C75D833784A09386075E930704A13A86C4
:10DDE000A5453E85EF503050AA87A307F4FE834730
:10DDF000F4FE93F7F70F638E0710832784A13E8705
:10DE0000854763ECE700833784A0DC43032784A1C4
:10DE1000BA853E85EFF07FA5EDA8A30704FE833702
:10DE200084A0094723AEE75C833784A01307500220
:10DE300023A0E75EF9A8833784A01387C75D8337E3
:10DE400084A09386075E930704A13A8685453E85A4
:10DE5000EF507049AA87A307F4FE8347F4FE93F7B7
:10DE6000F70FD5CB833784A0DC43034784A1BA8561
:10DE70003E85EFF07FAB45A0833784A01387C75D55
:10DE8000833784A09386075E930704A13A86A5454D
:10DE90003E85EF505045AA87A307F4FE8347F4FE62
:10DEA00093F7F70FBDCB832784A13E87854763ECAB
:10DEB000E700833784A0DC43032784A1BA853E852D
:10DEC000EFF03FBC99A8A30704FE833784A009475D
:10DED00023AEE75C833784A01307500223A0E75EDC
:10DEE0002DA8833784A0094723AEE75C833784A03D
:10DEF0001307800223A0E75E15A0833784A009479B
:10DF000023AEE75C833784A01307000223A0E75EFB
:10DF100031A0010021A0010011A001008347F4FEFF
:10DF20003E858330815F0334015F1301016082808D
:10DF3000797122F400182334A4FE2330B4FE233C6C
:10DF4000C4FC833784FE81CB833784FE17D700005F
:10DF50001307474298E3833704FE81CB833704FEDF
:10DF600017D700001307074498E3833784FD89CB54
:10DF7000833784FD170701001307C7CC98E301001E
:10DF80000100227445618280011122EC0010971774
:10DF900001009387673A83C7070093C7170093F779
:10DFA000F70FB5C7971701009387073905472380F7
:10DFB000E700232604FEA1A0232404FE2DA017576A
:10DFC00007001307A7A9836784FE8366C4FE920631
:10DFD000B6978A07BA971307F00F98C3832784FE72
:10DFE00085272324F4FE832784FE1B870700BD4773
:10DFF000E3F7E7FC8327C4FE85272326F4FE832767
:10E00000C4FE1B8707008D47E3F8E7FA0100010013
:10E01000626405618280011122EC0010AA87232628
:10E02000F4FE8327C4FE1B8707008D4763E4E700E7
:10E03000854711A081473E85626405618280411158
:10E0400022E4000891473E8522644101828001114B
:10E0500022EC0010AA872326F4FE8327C4FE3E8507
:10E06000626405618280797122F40018AA87232EE8
:10E07000F4FC91472326F4FE8327C4FD1B87070089
:10E080008D4763E6E7008327C4FD2326F4FE83273C
:10E09000C4FE3E85227445618280797106F422F0C7
:10E0A0000018AA87232EF4FC232604FE232204FE54
:10E0B000232404FE8327C4FD3E85EFF0DFFAAA8700
:10E0C0002322F4FE832744FE1B8707008D4763E36A
:10E0D000E706232404FE81A81757070013070798B3
:10E0E000836784FE836644FE9206B6978A07BA97D2
:10E0F0009C433E879307F00F6302F7021757070010
:10E100001307C795836784FE836644FE9206B6971D
:10E110008A07BA979C432326F4FE29A8832784FE06
:10E1200085272324F4FE832784FE1B870700BD4731
:10E13000E3F4E7FA8327C4FE3E85A27002744561CA
:10E140008280797106F422F00018AA872338B4FC83
:10E15000232EF4FCA30704FE8327C4FD1B870700BE
:10E160008D4763EAE7028367C4FD3E8697D50000CA
:10E1700093854524175507001305459EEFA0E05FE2
:10E18000975507009385859D033504FDEFA08FA962
:10E19000AA87A307F4FE8347F4FE3E85A2700274AB
:10E1A000456182801301019E233C11602338816008
:10E1B000130401622334A49E232604FE232404FEB8
:10E1C000232004FE232E04FC232C04FC232204FE23
:10E1D000A30B04FC233404FC8337849E89CB833750
:10E1E000849E9C6B89C78337849E9C4F99E38147AB
:10E1F00029A98337849E9C6B2334F4FC8337849E47
:10E200009C479B86C7FF1B8706009307B00663EFFA
:10E21000E7389397060281931397270097D700005A
:10E220009387871BBA979C431B87070097D70000EB
:10E230009387871ABA9782878337849EDC433E860A
:10E240009145033584FCEF809F98AA872324F4FE30
:10E250009DAE8337849EDC431307049FBA853E85B9
:10E26000EFF03FEE9307049FBE85033584FCEF80FB
:10E270003FC4AA872324F4FEB9A69145033584FC44
:10E28000EF90CF83AA872324F4FE35AE8337849E94
:10E29000DC433E85EFF07FE0AA872320F4FE83274E
:10E2A00004FEBE85033584FCEF904F81AA872324AA
:10E2B000F4FE11AE930784FB3E85EF907FDB93075E
:10E2C00084FB014681453E85EF90FFDE930784FB8A
:10E2D000014685453E85EF901FDE930784FB01468E
:10E2E00089453E85EF903FDD930784FB01468D45D0
:10E2F0003E85EF905FDC930784FBBE85033584FC8D
:10E30000EF802FEBAA872324F4FE75AC81450335FB
:10E3100084FCEF80BFFAAA872324F4FE6DA4833720
:10E32000849EDC433E85EFF01FD4AA87232CF4FCA7
:10E330001717010013070700836784FDBA9783C787
:10E340000700A30BF4FC834774FDBE85033584FCF2
:10E35000EF80CFAFAA872324F4FEB5A48327C4FDA2
:10E36000BE85033584FCEF807FF5AA872324F4FE65
:10E3700099AC8337849EDC4791EBC145033584FC1F
:10E38000EF803FE6AA872324F4FE35AC8337849ED2
:10E39000DC473E87FD576313F70E8337849EDC43CB
:10E3A0003E85EFF05FCCAA87232CF4FC232204FEE9
:10E3B00075A8174707001307676A836744FE8366DB
:10E3C00084FD9206B6978A07BA979C433E879307C7
:10E3D000F00F631EF700832784FE033784FCBA978F
:10E3E0003E85EF804FAEAA872326F4FE35A8174757
:10E3F00007001307A766836744FE836684FD9206C1
:10E40000B6978A07BA979C432320F4FE832784FE9D
:10E41000033784FCBA97032704FEBA853E85EF8054
:10E42000FFE9AA872326F4FE032784FE8327C4FE80
:10E43000B99F81273E879307305C63CAE7000327B3
:10E4400084FE8327C4FEB99F2324F4FE19A88337D2
:10E45000849E1307600398D3F9572324F4FE010028
:10E460009DA2832744FE85272322F4FE832744FEB2
:10E470001B870700BD47E3FEE7F2B1A28337849E06
:10E48000DC433E85EFF03FBEAA87232CF4FC8337A4
:10E49000849EDC473E87C14763E8E7088337849E54
:10E4A000DC47FD378127174707001307275B8217D3
:10E4B0008193836684FD9206B6978A07BA979C4338
:10E4C0003E879307F00F631EF700832784FE033710
:10E4D00084FCBA973E85EF800F9FAA872324F4FE21
:10E4E000DDA08337849EDC47FD378127174707006F
:10E4F0001307C75682178193836684FD9206B697E9
:10E500008A07BA979C432320F4FE832784FE0337AF
:10E5100084FCBA97032704FEBA853E85EF801FDA94
:10E52000AA872324F4FE45A08337849E0947D8CFC9
:10E530008337849E1307A00298D3FD572324F4FE4B
:10E5400059A0232004FE832704FEBE85033584FCE6
:10E55000EF80DFD6AA872324F4FEB5A09307049F9B
:10E5600097D50000938585E63E85EF90BFEB930736
:10E57000049FBE85033584FCEF809F93AA872324E4
:10E58000F4FE91A09307049F97D50000938585E43E
:10E590003E85EF903FE99307049FBE85033584FCD9
:10E5A000EF801F91AA872324F4FE31A88337849E2D
:10E5B0000947D8CF8337849E1307000298D3FD57AD
:10E5C0002324F4FE0100832784FE812763CD070204
:10E5D0008337849E9C473E87930770056305F70247
:10E5E0008337849EDC473E87FD57630EF7008337F1
:10E5F000849E0947D8CF8337849E1307200398D37E
:10E60000FD572324F4FE832784FE3E8583308161F9
:10E61000033401611301016282801301019F2334DD
:10E6200011602330816013040161233CA49EA30781
:10E6300004FE232404FE232204FE9307F00F23206C
:10E64000F4FE232E04FC8337849F1387070183374E
:10E65000849F83A7475D8127930604A03686BE85E5
:10E660003A85EF70EFF2AA87232EF4FC8327C4FDCE
:10E67000812763DF07008337849F094723AEE75C68
:10E680008337849F1307500223A0E75E814771A45C
:10E690008337849F9C473E87930770056306F70284
:10E6A0008337849FDC473E87FD57630FF70083372E
:10E6B000849F094723AEE75C8337849F13072003B9
:10E6C00023A0E75E814791AC8337849F9C479B865C
:10E6D000C7FF1B8706009307B00663EFE7209397F9
:10E6E000060281931397270097D700009387C7E905
:10E6F000BA979C431B87070097D700009387C7E80A
:10E70000BA978287834724A03E87A5476314F70CF6
:10E710008337849F83C7875D2322F4FE832744FECB
:10E720008127B5CB832744FE1B870700C14763E4DD
:10E73000E706832744FE1B8707009947630DF7040C
:10E74000832784A03E87854763E7E704832784A067
:10E750002320F4FE8337849FDC433E85EFF0BF9097
:10E76000AA872324F4FE832744FEFD372322F4FEE8
:10E77000174707001307872E836744FE836684FECE
:10E780009206B6978A07BA97032704FE98C385476F
:10E79000A307F4FECDA8832744FE1B8707009947F3
:10E7A000631EF7008337849F094723AEE75C8337F6
:10E7B000849F1307800223A0E75E99AA8337849F72
:10E7C000094723AEE75C8337849F1307500223A0D9
:10E7D000E75E3DAA8337849F1387C75D8337849F95
:10E7E0009386075E930704A03A8681453E85EF50E5
:10E7F000802FAA87A307F4FE8347F4FE93F7F70F51
:10E80000638807109307F00F2320F4FE8337849F5B
:10E81000DC433E85EFF03F85AA872324F4FE83374F
:10E82000849F83C7875D2322F4FE832744FE8127CC
:10E830008DCF832744FE1B870700C14763E7E702AC
:10E84000832744FEFD372322F4FE174707001307F2
:10E85000E720836744FE836684FE9206B6978A07A4
:10E86000BA97032704FE98C339A8A30704FE833789
:10E87000849F094723AEE75C8337849F13075002C8
:10E8800023A0E75E71A069A08337849F1387C75DCB
:10E890008337849F9386075E930704A03A86854555
:10E8A0003E85EF504024AA87A307F4FE8347F4FE79
:10E8B00093F7F70FA5C38337849FDC433E85EFF0C2
:10E8C0008FFAAA872324F4FE034784A09716010039
:10E8D000938646A6836784FEB6972380E7001DA82B
:10E8E0008337849F094723AEE75C8337849F1307F0
:10E8F000800223A0E75E05A08337849F094723AEEB
:10E90000E75C8337849F1307000223A0E75E21A002
:10E91000010011A001008347F4FE3E858330816031
:10E9200003340160130101618280797122F40018BF
:10E930002334A4FE2330B4FE233CC4FC833784FE7E
:10E9400081CB833784FE17D70000130727DF98E3B6
:10E95000833704FE81CB833704FE17D700001307EB
:10E96000E7DF98E3833784FD89CB833784FD17F78E
:10E9700000001307A72D98E30100010022744561F0
:10E980008280011122EC0010971701009387D79A1B
:10E9900083C7070093C7170093F7F70FB5C79717FB
:10E9A00001009387779905472380E700232604FE1B
:10E9B000A1A0232404FE2DA0174707001307071C5E
:10E9C000836784FE8366C4FE9206B6978A07BA9769
:10E9D0001307F00F98C3832784FE85272324F4FEB2
:10E9E000832784FE1B870700BD47E3F7E7FC8327E7
:10E9F000C4FE85272326F4FE8327C4FE1B87070059
:10EA0000A547E3F8E7FA010001006264056182802E
:10EA1000011122EC0010AA872326F4FE8327C4FEEE
:10EA20001B870700A54763E4E700854711A08147DE
:10EA30003E85626405618280411122E40008A94795
:10EA40003E85226441018280011122EC0010AA87D8
:10EA50002326F4FE8327C4FE3E856264056182801E
:10EA6000797122F40018AA87232EF4FCA9472326E3
:10EA7000F4FE8327C4FD1B870700A54763E6E70074
:10EA80008327C4FD2326F4FE8327C4FE3E8522741B
:10EA900045618280797106F422F00018AA87232E3E
:10EAA000F4FC232604FE232204FE232404FE8327F1
:10EAB000C4FD3E85EFF0DFFAAA872322F4FE832708
:10EAC00044FE1B870700A54763E3E706232404FEF3
:10EAD00081A8174707001307670A836784FE8366C8
:10EAE00044FE9206B6978A07BA979C433E879307DF
:10EAF000F00F6302F7021747070013072708836721
:10EB000084FE836644FE9206B6978A07BA979C43B2
:10EB10002326F4FE29A8832784FE85272324F4FED8
:10EB2000832784FE1B870700BD47E3F4E7FA8327AA
:10EB3000C4FE3E85A270027445618280797106F43C
:10EB400022F00018AA872338B4FC232EF4FCA30774
:10EB500004FE8327C4FD1B870700A54763EAE7027D
:10EB60008367C4FD3E8697D50000938525C0174571
:10EB700007001305A529EF9050409745070093859E
:10EB8000E528033504FDEF90FF89AA87A307F4FE6B
:10EB90008347F4FE3E85A2700274456182807971DC
:10EBA00006F422F00018AA87232EF4FC232404FE86
:10EBB000A30704FE8327C4FD3E85EFF07FEAAA8702
:10EBC0002324F4FE832784FE1B870700A54763EDFB
:10EBD000E7001747070013076722836784FEBA9789
:10EBE00083C70700A307F4FE8347F4FE3E85A270A7
:10EBF000027445618280797106F422F00018AA87B8
:10EC00002E87232EF4FCBA87A30DF4FC232604FEE2
:10EC10008327C4FD3E85EFF0BFE4AA872326F4FED8
:10EC20008327C4FE1B870700A54763EDE70017474E
:10EC300007001307A71C8367C4FEBA970347B4FDF8
:10EC40002380E7000100A2700274456182801301F5
:10EC5000019E233C11602338816013040162233438
:10EC6000A49E232604FE232404FE232004FE232E38
:10EC700004FC232204FEA30D04FC233804FC833788
:10EC8000849E89CB8337849E9C6B89C78337849EFF
:10EC90009C4F99E3814775A68337849E9C6B2338EC
:10ECA000F4FC8337849E9C479B8647FE1B870600A7
:10ECB0009307300563E8E732939706028193139731
:10ECC000270097D700009387A7ABBA979C431B8771
:10ECD000070097D700009387A7AABA978287833740
:10ECE000849EDC433E869545033504FDEF703FEE80
:10ECF000AA872324F4FE21A68337849EDC431307CE
:10ED0000849FBA853E85EFF07FE39307849FBE859D
:10ED1000033504FDEF80CF99AA872324F4FEC5A410
:10ED20009545033504FDEF806FD9AA872324F4FEAF
:10ED3000F9A48337849EDC433E85EFF0BFD5AA87D4
:10ED40002320F4FE832704FEBE85033504FDEF80F7
:10ED5000EFD6AA872324F4FE5DA4930704FC3E8526
:10ED6000EF900FB1930704FC014681453E85EF907B
:10ED70008FB4930704FC014685453E85EF90AFB301
:10ED8000930704FC014689453E85EF90CFB2833757
:10ED9000849EDC433E85EFF09FE0AA87A30DF4FC40
:10EDA0000347B4FD930704FC3A868D453E85EF90FA
:10EDB0008FB0930704FCBE85033504FDEF707FBF61
:10EDC000AA872324F4FE25AC8145033504FDEF809A
:10EDD000EFCEAA872324F4FE1DA48337849EDC4350
:10EDE0003E85EFF0DFDBAA87A30DF4FC8347B4FD7B
:10EDF000BE85033504FDEF707F85AA872324F4FECA
:10EE0000FDAA8337849EDC4791EBC145033504FDA1
:10EE1000EF802FBDAA872324F4FED5A28337849EDA
:10EE2000DC473E87FD576313F70E8337849EDC4330
:10EE30003E85EFF0FFC2AA87232EF4FC232204FEB6
:10EE400075A817470700130767D3836744FE8366D7
:10EE5000C4FD9206B6978A07BA979C433E879307EC
:10EE6000F00F631EF700832784FE033704FDBA9773
:10EE70003E85EF705F85AA872326F4FE35A81747E5
:10EE800007001307A7CF836744FE8366C4FD92067D
:10EE9000B6978A07BA979C432320F4FE832784FE03
:10EEA000033704FDBA97032704FEBA853E85EF8039
:10EEB000EFC0AA872326F4FE032784FE8327C4FE1F
:10EEC000B99F81273E879307305C63CAE700032719
:10EED00084FE8327C4FEB99F2324F4FE19A8833738
:10EEE000849E1307600398D3F9572324F4FE01008E
:10EEF00039A2832744FE85272322F4FE832744FE7C
:10EF00001B870700BD47E3FEE7F2D5A88337849E41
:10EF1000DC433E85EFF0DFB4AA87232EF4FC833771
:10EF2000849EDC473E87C14763E4E7088337849EBD
:10EF3000DC4717470700130767C48217819383666E
:10EF4000C4FD9206B6978A07BA979C433E879307FB
:10EF5000F00F631EF700832784FE033704FDBA9782
:10EF60003E85EF704FF6AA872324F4FE49A8833725
:10EF7000849EDC4717470700130747C08217819319
:10EF80008366C4FD9206B6978A07BA979C432320EE
:10EF9000F4FE832784FE033704FDBA97032704FE9B
:10EFA000BA853E85EF808FB1AA872324F4FE81A81D
:10EFB0008337849E0947D8CF8337849E1307A002E6
:10EFC00098D3FD572324F4FE1DA8232004FE832795
:10EFD00004FEBE85033504FDEF804FAEAA872324CF
:10EFE000F4FE31A88337849E0947D8CF8337849EA7
:10EFF0001307000298D3FD572324F4FE0100832752
:10F0000084FE812763CD07028337849E9C473E8719
:10F01000930770056305F7028337849EDC473E87BC
:10F02000FD57630EF7008337849E0947D8CF833797
:10F03000849E1307200398D3FD572324F4FE8327CF
:10F0400084FE3E85833081610334016113010162D6
:10F0500082801301019F23341160233081601304E7
:10F060000161233CA49EA30704FE232404FE232263
:10F0700004FE9307F00F2320F4FE232E04FC8337B5
:10F08000849F138707018337849F83A7475D812768
:10F09000930604A03686BE853A85EF607FCFAA87A7
:10F0A000232EF4FC8327C4FD812763DF0700833709
:10F0B000849F094723AEE75C8337849F1307500280
:10F0C00023A0E75E81479DAC8337849F9C473E87A2
:10F0D000930770056306F7028337849FDC473E87FA
:10F0E000FD57630FF7008337849F094723AEE75C22
:10F0F0008337849F1307200323A0E75E81473DAC3D
:10F100008337849F9C479B8647FE1B870600930797
:10F11000300563E4E7209397060281931397270055
:10F1200097C700009387C77ABA979C431B8707004D
:10F1300097C700009387C779BA978287834724A02F
:10F140003E87A5476314F70C8337849F83C7875D89
:10F150002322F4FE832744FE8127B5CB832744FE78
:10F160001B870700C14763E4E706832744FE1B872C
:10F1700007009947630DF704832784A03E878547DE
:10F1800063E7E704832784A02320F4FE8337849F6A
:10F19000DC433E85EFF0DF8CAA872324F4FE83272F
:10F1A00044FEFD372322F4FE174707001307079D8F
:10F1B000836744FE836684FE9206B6978A07BA97F1
:10F1C000032704FE98C38547A307F4FECDA8832731
:10F1D00044FE1B8707009947631EF7008337849F0F
:10F1E000094723AEE75C8337849F1307800223A07F
:10F1F000E75E81A28337849F094723AEE75C8337AC
:10F20000849F1307500223A0E75E25A28337849FC3
:10F210001387C75D8337849F9386075E930704A097
:10F220003A8681453E85EF40100CAA87A307F4FE7D
:10F230008347F4FE93F7F70F638D070E9307F00FE4
:10F240002320F4FE8337849FDC433E85EFF05F810B
:10F25000AA872324F4FE8337849F83C7875D2322F4
:10F26000F4FE832744FE81278DCF832744FE1B872E
:10F270000700C14763E7E702832744FEFD372322E7
:10F28000F4FE174707001307678F836744FE836602
:10F2900084FE9206B6978A07BA97032704FE98C39E
:10F2A00039A8A30704FE8337849F094723AEE75C90
:10F2B0008337849F1307500223A0E75E9DA895A87B
:10F2C0008337849F1387C75D8337849F9386075E48
:10F2D000930704A03A8685453E85EF40D000AA8773
:10F2E000A307F4FE8347F4FE93F7F70FA9C783370C
:10F2F000849FDC43034784A0BA853E85EFF0BF8F2F
:10F300001DA88337849F094723AEE75C8337849F1A
:10F310001307800223A0E75E05A08337849F094777
:10F3200023AEE75C8337849F1307000223A0E75EC8
:10F3300021A0010011A001008347F4FE3E85833027
:10F34000816003340160130101618280797122F4CC
:10F350000018AA87232EF4FC233404FE970701002B
:10F36000938747942334F4FE15A0833784FE984393
:10F370008327C4FD81276395E700833784FE05A0BA
:10F38000833784FE938787072334F4FE833784FE14
:10F390009C433E879307F03FE3F9E7FC81473E85B6
:10F3A000227445618280797106F422F00018AA87E0
:10F3B0002E872338C4FC232EF4FCBA87232CF4FCBC
:10F3C000233404FE833704FD23B00700833704FD94
:10F3D00023B80700833704FD23B007028327C4FD49
:10F3E0003E85EFF0BFF62334A4FE833784FE9DC72D
:10F3F000833784FEBC639DC3833784FE03B8070450
:10F40000033704FD833704FD93860701833704FD2A
:10F41000938707023E86B6853A850298833704FDB6
:10F420009C6391CB833704FD9C633E85EFA0BFA80E
:10F43000AA87812711A08147033704FD1CC78337A2
:10F4400004FD9C6B91CB833704FD9C6B3E85EFA044
:10F450009FA6AA87812711A08147033704FD1CCFEF
:10F46000833704FD9C7391CB833704FD9C733E85E9
:10F47000EFA07FA4AA87812711A08147033704FD4D
:10F480001CD70100A270027445618280797122F458
:10F4900000182334A4FE2330B4FE233CC4FC83377D
:10F4A00084FE81CB833784FE17C700001307875D76
:10F4B00098E3833704FE81CB833704FE17C700002F
:10F4C0001307C76198E3833784FD89CB833784FDB5
:10F4D00017E700001307077898E301000100227482
:10F4E00045618280411122E4000885473E852264FF
:10F4F00041018280011122EC0010AA872326F4FE2C
:10F50000938701849C433E8562640561828041113A
:10F5100022E40008938701849C433E8522644101D4
:10F520008280797106F422F00018AA87232EF4FC59
:10F530008547A307F4FE8327C4FD1B870700B70791
:10F540004000637AF700938701840327C4FD98C3C2
:10F55000EF00803019A0A30704FE8347F4FE3E8528
:10F56000A270027445618280011122EC0010AA870A
:10F570002326F4FE9387018498438327C4FE8127C2
:10F58000998F93B7170093F7F70F3E856264056173
:10F590008280797106F422F00018AA872338B4FC1F
:10F5A000232EF4FCA30704FE93870184984383274A
:10F5B000C4FD8127639DE700974507009385058774
:10F5C000033504FDEF801FEAAA87A307F4FE8347F3
:10F5D000F4FE3E85A270027445618280797106F462
:10F5E00022F00018233CA4FCA30704FE833584FD0D
:10F5F0001745070013058583EF80FFEBAA8793C7A4
:10F60000170093F7F70F91CF833584FD1745070057
:10F610001305C581EF801FE5AA87A307F4FEEF005D
:10F62000A0238347F4FE3E85A27002744561828068
:10F63000797122F40018AA872E87232EF4FCBA874A
:10F64000A30DF4FC232604FE8347B4FD93F7F70FC4
:10F65000A9C38327C4FD1B870700914763FAE7000E
:10F660008327C4FD1B8707009547630BF70029A874
:10F6700097070100938787CC0327C4FD98C39DA0FB
:10F68000F9572326F4FEB9A8FD572326F4FE0100FE
:10F6900091A88327C4FD1B870700954763E0E70413
:10F6A0008367C4FD1397270097C70000938707451A
:10F6B000BA979C431B87070097C7000093870744AE
:10F6C000BA97828797070100938747C70327C4FD2E
:10F6D00098C309A8F9572326F4FE29A0FD5723262D
:10F6E000F4FE01008327C4FE3E85227445618280BA
:10F6F000411122E400089387018583D707003E85E6
:10F70000226441018280011122EC0010AA87231794
:10F71000F4FE938701850357E4FE2390E700010080
:10F72000626405618280797106F422F00018233C3E
:10F73000A4FC2338B4FCA30704FE033704FD9D4753
:10F7400063E7E702938781859C63033604FD833575
:10F7500084FD3E85EF8030239387818598638337CE
:10F7600004FDBA97238007008547A307F4FE83476B
:10F77000F4FE3E85A270027445618280797106F4C0
:10F7800022F00018233CA4FC2338B4FCA30704FE99
:10F79000033704FD9D4763E7E702938701879C6376
:10F7A000033604FD833584FD3E85EF80D01D9387AD
:10F7B00001879863833704FDBA9723800700854744
:10F7C000A307F4FE8347F4FE3E85A27002744561F0
:10F7D0008280797106F422F00018233CA4FC2338BF
:10F7E000B4FCA30704FE033704FD9D4763E7E7026B
:10F7F000938781869C63033604FD833584FD3E85B3
:10F80000EF807018938781869863833704FDBA97D9
:10F81000238007008547A307F4FE8347F4FE3E8557
:10F82000A270027445618280411122E4000885477C
:10F830003E85226441018280411122E40008CD47C7
:10F840003E85226441018280411122E400088D47F7
:10F850003E85226441018280411122E4000897071D
:10F8600001009387E7AD9C4385271B870700970717
:10F8700001009387E7AC98C30100226441018280B4
:10F88000011106EC22E80010232604FE233004FEBA
:10F8900097F70000938707412330F4FE35A08337A4
:10F8A00004FE9C6B81CF833704FE9C6B8297AA87F2
:10F8B00081270327C4FEB99F2326F4FE833704FE65
:10F8C000938787072330F4FE833704FE9C433E87EB
:10F8D0009307F03FE3F5E7FC8327C4FE3E85E26033
:10F8E0004264056182805D7186E4A2E08008AA8797
:10F8F0002330B4FC233CC4FA2326F4FCA30704FE03
:10F90000232404FE232204FE232004FE233C04FCC3
:10F910008327C4FC812781E78347F4FECDA8832792
:10F92000C4FCFD372322F4FE97F700009387873746
:10F93000233CF4FCD9A0833784FD9C6BCDCB0327FB
:10F9400044FE832784FEBB07F7402322F4FE83375F
:10F9500084FD9C6B8297AA872324F4FE032744FE30
:10F96000832784FE012781276373F708833784FD8B
:10F97000BC6BA9C3833784FDBC6B7D558297AA8776
:10F980002320F4FE05A0833784FDB86B832704FE93
:10F990003E850297AA872320F4FE832744FEFD3785
:10F9A0002322F4FE832744FE8127F1FF832704FEF0
:10F9B0002322F4FE833784FD9C6F95CB833784FD2F
:10F9C0009C431B870700833704FC98C3833784FD5F
:10F9D000986F832744FE3E850297AA871B870700FE
:10F9E000833784FB98C38547A307F4FE39A8833780
:10F9F00084FD93878707233CF4FC833784FD9C4375
:10FA00003E879307F03FE3F8E7F28347F4FE3E8535
:10FA1000A6600664616182801301019E233C11602F
:10FA20002338816013040162233CA49E2338B49ED2
:10FA30002334C49EA30704FE232A04FC232204FECD
:10FA4000232404FEA30104FE233C04FCEFF05FE347
:10FA5000AA872322F4FE85472324F4FE4DA09306B3
:10FA600004FD130744FD832784FE3686BA853E8550
:10FA7000EFF07FE7AA87A301F4FE834734FE93F7F4
:10FA8000F70FADCB832744FD81273E85EFF01F8C18
:10FA9000233CA4FC833784FDB1CF833784FD9C775E
:10FAA000B1CB833784FD9477832704FD130784A0AB
:10FAB000BA853E858296AA8795CF930784A0BE8596
:10FAC0000335849FEF803F9FAA878DC78547A30793
:10FAD000F4FE8337049F91C7032744FD8337049FB7
:10FAE00098C38337849E8DC7032704FD8337849E84
:10FAF00098C339A8832784FE85272324F4FE03278F
:10FB000084FE832744FE01278127E3FAE7F411A04E
:10FB100001008347F4FE3E85833081610334016137
:10FB20001301016282801301019C233C116223387E
:10FB3000816223349162130401642334A49C232E34
:10FB400004FC232604FC232C04FC232E049C232CDD
:10FB5000049C232404FC233004FC233804FCA30F5E
:10FB600004FA8337849C89CB8337849C9C6B89C738
:10FB70008337849C9C4F99E38147B1A38337849C4E
:10FB80009C6B2330F4FC8337849C9C479B8657FFF7
:10FB90001B8706009307000963E7E74C939706026B
:10FBA00081931397270097C700009387A7F6BA970A
:10FBB0009C431B87070097C700009387A7F5BA9758
:10FBC0008287938701849C433E86A145033504FCCC
:10FBD000EF60FFFFAA87232EF4FC65A1973507008D
:10FBE0009385C524033504FCEF708FACAA87232EC0
:10FBF000F4FC41A9A145033504FCEF702FECAA8762
:10FC0000232EF4FCBDA99387018798639307049E74
:10FC1000BA853E85EF801F819307049EBE8503351C
:10FC200004FCEF70EFA8AA87232EF4FC99A997F79C
:10FC300000009387A7709C43BE85033504FCEF70DA
:10FC4000EFE7AA87232EF4FC2DA99387818498637C
:10FC50009307049EBA853E85EF80CFFC9307049EF0
:10FC6000BE85033504FCEF70AFA4AA87232EF4FCF5
:10FC700009A99387018583D707008127BE850335AE
:10FC800004FCEF700FD6AA87232EF4FCDDAE938719
:10FC9000818598639307049EBA853E85EF808FF82F
:10FCA0009307049EBE85033504FCEF706FA0AA87FE
:10FCB000232EF4FCF9A69387818398639307049E0F
:10FCC000BA853E85EF800FF69307049EBE85033507
:10FCD00004FCEF70EF9DAA87232EF4FC5DA69387AA
:10FCE000018698639307049EBA853E85EF808FF363
:10FCF0009307049EBE85033504FCEF706F9BAA87B3
:10FD0000232EF4FCBDAE9387818698639307049EEF
:10FD1000BA853E85EF800FF19307049EBE850335BB
:10FD200004FCEF70EF98AA87232EF4FC99AEEFF055
:10FD3000BFAFAA878127BE85033504FCEF706FCA69
:10FD4000AA87232EF4FC35AEEFF01FAFAA878127D8
:10FD5000BE85033504FCEF70CFC8AA87232EF4FCC0
:10FD60000DA6930784FA3E85EF808FB0232C04FC08
:10FD700005A8832784FD93F4F70F832784FD3E8530
:10FD8000EF50EFAAAA873E87930784FA3A86A685A2
:10FD90003E85EF804FB2832784FD8527232CF4FC1A
:10FDA000832784FD1B8707009307B002E3F3E7FC7A
:10FDB000930784FABE85033504FCEF609FBFAA87D2
:10FDC000232EF4FC7DAC930784FA3E85EF804FAA86
:10FDD000232C04FC0DA0832784FD13F7F70F930752
:10FDE00084FA0146BA853E85EF80EFAC832784FD17
:10FDF0008527232CF4FC832784FD1B8707009307AA
:10FE0000B003E3FAE7FC97F700009387A7E92338EC
:10FE1000F4FC35A8833704FD9C6B85C7833704FD4C
:10FE20009C6B8297AA87812789CF833704FD9C43E7
:10FE300013F7F70F930784FA0546BA853E85EF80DE
:10FE40008FA7833704FD938787072338F4FC833714
:10FE500004FD9C433E879307F03FE3FDE7FA9307D9
:10FE600084FABE85033504FCEF60BFB4AA87232E55
:10FE7000F4FC01ACEFF0DFA0AA872324F4FC833765
:10FE8000849CDC4781EF832784FCBE85033504FC1A
:10FE9000EF702FB5AA87232EF4FCE5A28337849C4C
:10FEA000DC473E87FD576317F70C8547232CF4FC8E
:10FEB0004DA89306849D1307C49D832784FD368631
:10FEC000BA853E85EFF03FA2AA87A30FF4FA8347D5
:10FED000F4FB93F7F70FADC78327C4FD033704FC8A
:10FEE000BA970327C49D8326849D3686BA853E85AE
:10FEF000EF60FFCDAA872326F4FC0327C4FD8327E8
:10FF0000C4FCB99F232EF4FC032784FD832784FCC3
:10FF1000012781276302F7040327C4FD8327C4FC5C
:10FF2000B99F81273E879307305C63D7E702833709
:10FF3000849C1307600398D3F957232EF4FC51A82F
:10FF40008337849C1547D8CF8337849C23A007022E
:10FF5000FD57232EF4FCB5A8832784FD8527232C89
:10FF6000F4FC032784FD832784FC01278127E3F227
:10FF7000E7F401AA8337849CDC479306849D13072A
:10FF8000C49D3686BA853E85EFF0FF95AA87A30FFC
:10FF9000F4FA8347F4FB93F7F70F99CF8327C49DB7
:10FFA0000327849D3A86BE85033504FCEF603FC27B
:10FFB000AA87232EF4FCF1A08337849C0947D8CF6D
:10FFC0008337849C1307A00298D3FD57232EF4FC9B
:10FFD0004DA845A89305405C033504FCEF706FA065
:10FFE000AA87232EF4FC71A8EFF01F86AA87812729
:10FFF000BE85033504FCEF706FACAA87232EF4FC9A
:020000040802F0
:1000000049A0EF500FB1AA878127BE85033504FCB4
:10001000EF702F9DAA87232EF4FCA5A0EF50CFB23E
:10002000AA878127BE85033504FCEF708F9BAA87C2
:10003000232EF4FCB9A09305405C033504FCEF408B
:10004000DFA0AA87232EF4FC2DA897F70000938742
:10005000272F9C43BE85033504FCEF708F98AA8739
:10006000232EF4FC39A88337849C0947D8CF8337E3
:10007000849C1307000298D3FD57232EF4FC11A093
:1000800001008327C4FD812763CD07028337849C49
:100090009C473E879307C0046305F7028337849C1F
:1000A000DC473E87FD57630EF7008337849C094782
:1000B000D8CF8337849C1307200398D3FD57232E72
:1000C000F4FC8327C4FD3E858330816303340163E0
:1000D00083348162130101648280797106F422F015
:1000E0000018233CA4FCFD572326F4FE233004FE15
:1000F000833784FD0547D8CF833784FD7D4798D368
:10010000833784FD9C433E85EFF04FA42330A4FE4B
:10011000833704FEB1C7833704FE9C738DCB8337CE
:1001200004FE9873833784FDDC433E850297AA87DB
:1001300099CF833704FE9C7B85CF833704FE9C7B5D
:10014000033584FD8297AA872326F4FE15A0833702
:1001500084FD0547D8CF833784FD7D4798D309A810
:10016000833784FD0547D8CF833784FD7D4798D3F7
:100170008327C4FE3E85A27002744561828013010C
:10018000019E233C11602338816023349160130465
:1001900001622334A49EA30F04FC232C04FC232A15
:1001A000049E2328049E232A04FC8337849E1387FD
:1001B00007018337849E83A7475D81279306849F29
:1001C0003686BE853A85EF50BFBCAA87232CF4FC47
:1001D000832784FD812763DF07008337849E0947D7
:1001E00023AEE75C8337849E1307500223A0E75EAB
:1001F0008147B1A98337849E9C473E879307C004FB
:100200006306F7028337849EDC473E87FD57630F02
:10021000F7008337849E094723AEE75C8337849ECB
:100220001307200323A0E75E814715A18337849E2F
:100230009C479B8657FF1B8706009307100C63E9BA
:10024000E73C9397060281931397270097C7000016
:10025000938787B0BA979C431B87070097C7000016
:10026000938787AFBA9782878337849E1387C75D4A
:100270008337849E9386075E9307849F3A86B145B1
:100280003E85EF305006AA87A30FF4FC8347F4FDA8
:1002900093F7F70F638A0738835704A01B8707007B
:1002A000A1476319F700832744A03E85EFF06FA7AD
:1002B000AA8799EFA30F04FC8337849E094723AED6
:1002C000E75C8337849E1307500223A0E75EA9AE44
:1002D000A1AE8337849E1387C75D8337849E938640
:1002E000075E9307849F3A8689453E85EF30A07F5D
:1002F000AA87A30FF4FC8347F4FD93F7F70F6387F6
:100300000732832704A093F7F70F3E85EF502F8520
:1003100031AE8337849E1387C75D8337849E93866F
:10032000075E9307849F3A8689453E85EF30A07B20
:10033000AA87A30FF4FC8347F4FD93F7F70F6389B3
:10034000072E832704A0C217C1933E85EF40DFFD2F
:10035000C5A48337849E1387C75D8337849E9386A5
:10036000075E9307849F3A8689453E85EF30A077E4
:10037000AA87A30FF4FC8347F4FD93F7F70F638B71
:10038000072A832704A0C217C1933E85EFF0AFB7B9
:1003900055A48337849E1387C75D8337849E9386D5
:1003A000075E9307849F3A86A5453E85EF30A0738C
:1003B000AA87A30FF4FC8347F4FD93F7F70F638D2F
:1003C0000726832704A081453E85EFF06FA6AA8704
:1003D0002328F4FC832704FD8127638F0724A30FC0
:1003E00004FC8337849E094723AEE75C832704FD22
:1003F0001B870700FD576319F7008337849E130797
:10040000500223A0E75E0DAC8337849E1307D00211
:1004100023A0E75E15A417350700130525A1EF807B
:10042000EF9BAA879B8507008337849E9386C75DD1
:100430008337849E1387075E9307849F01463E851A
:10044000EF30805AAA87A30FF4FC8347F4FD93F79B
:10045000F70F6385071E9306049F1307449F9307B6
:10046000849FA1073686BA853E85EFF0EFDAAA872A
:10047000B1C38337849E98438327449F8127631D9C
:10048000F7008337849ED8438327049F6316F700C1
:100490008547A30FF4FC5DA2A30F04FC8337849E61
:1004A000094723AEE75C8337849E1307000323A02C
:1004B000E75E69A29307849FA1073E85EFF00F9244
:1004C000B5AA8337849E9386C75D8337849E13873E
:1004D000075E9307849F0546930500043E85EF3031
:1004E000A050AA87A30FF4FC8347F4FD93F7F70FFE
:1004F000638807149307849FA1073E85EF80CF8808
:10050000AA849307849FA1073E85EF808F8AAA87DC
:10051000BE852685EFF0EFAB25A28337849E9386B8
:10052000C75D8337849E1387075E9307849F0546C4
:10053000930500043E85EF30204BAA87A30FF4FCFF
:100540008347F4FD93F7F70F638E070E9307849F9D
:10055000A1073E85EF804F83AA849307849FA1075C
:100560003E85EF800F85AA87BE852685EFF00FA117
:10057000D1A88337849E9386C75D8337849E138773
:10058000075E9307849F0546930500023E85EF3082
:10059000A045AA87A30FF4FC8347F4FD93F7F70F58
:1005A000C5C79307849FA1073E85EF70FFFDAA840E
:1005B0009307849FA1073E85EF70BFFFAA87BE8582
:1005C0002685EFF04F9649A08337849E094723AED6
:1005D000E75C8337849E1307000223A0E75EB5A083
:1005E0008337849E094723AEE75C8337849E1307D5
:1005F000000223A0E75E91A88337849E094723AEBB
:10060000E75C8337849E1307800223A0E75E35A84A
:100610008337849E094723AEE75C8337849E1307A4
:10062000000223A0E75E15A0010005A0010031A88B
:10063000010021A8010011A8010001A8010031A0BA
:10064000010021A0010011A001008347F4FD3E85B7
:10065000833081610334016183348160130101625D
:100660008280797106F422F00018233CA4FC233424
:1006700004FE97B500009385E53F17250700130595
:10068000E57AEF703FDA97E700009387A76123349C
:10069000F4FE39A8833784FE9C6789C7833784FEBC
:1006A0009C678297833784FE938787072334F4FE01
:1006B000833784FE9C433E879307F03FE3FCE7FCCF
:1006C0000100A270027445618280797122F40018E1
:1006D000233CA4FC2338B4FCA30704FE833784FD29
:1006E0009C47BE861307A0076389E606BE861307EC
:1006F000A007636AD702BE867947638EE606BE8688
:1007000079476367D7003E8795476308F7044DA094
:10071000BE86130770036382E6043E879307400793
:10072000630DF70271A0BE861307B00A636DD70090
:10073000BE861307A00A63F2E6023E87930780098C
:10074000630AF704B5A0BE861307A00C6387E60012
:100750003E879307E00C631DF704833704FD0547CC
:1007600098C3833784FD0947F8C7833784FD13078F
:100770000002B8CBB9A0833704FD054798C383377F
:1007800004FD1747FFFF1307074298E78547A307B4
:10079000F4FE05A8833704FD054798C3833784FD1D
:1007A0000947F8C7833784FD13070002B8CB11A8A7
:1007B000833784FD1547F8C7833784FD5947B8CB85
:1007C00001008347F4FE3E852274456182803971C1
:1007D00006FC22F88000AA872338B4FC2334C4FC2A
:1007E0002330D4FC232EF4FC232604FE833704FD9F
:1007F00081CB833704FD17C700001307A78698E352
:10080000833784FCD9C78327C4FD3E85EF00001DD4
:10081000AA872326F4FE8327C4FE8127BDEB179702
:1008200014001307276C8366C4FE9307800AB387FE
:10083000F602BA9783C727018127BE8615476382D0
:10084000E602BE8625476386E6023E878947631A2D
:10085000F702833784FC17C700001307278598E346
:1008600015A8833784FC17C700001307A78598E3F2
:1008700015A0833784FC17C700001307A78798E3E8
:1008800011A8833784FC17C700001307278198E35A
:1008900011A00100833704FC89CB833704FC17D7F0
:1008A00000001307A73B98E301000100E2704274C7
:1008B00021618280797106F422F000182334A4FEAD
:1008C0002330B4FE233CC4FC9797140093878761C0
:1008D0009C43833684FD033604FE833584FE3E85C7
:1008E000EFF0FFEE0100A270027445618280797121
:1008F00006F422F00018AA872338B4FC232EF4FC57
:10090000232404FEA30704FE8327C4FD3E85EF00D5
:10091000E00CAA872324F4FE832784FE81278DE739
:10092000179714001307075C836684FE9307800AF9
:10093000B387F602BA979C67BE85033504FDEF7056
:100940007FAEAA87A307F4FE8347F4FE3E85A2701C
:10095000027445618280797106F422F00018AA873A
:10096000232EF4FC232604FE8327C4FD3E85EF00DE
:10097000E006AA872326F4FE8327C4FE812799E395
:10098000854711A081473E85A2700274456182802F
:10099000411122E4000885473E852264410182809E
:1009A000011122EC0010AA872326F4FE8327C4FE3F
:1009B000812791EF179714001307C7528366C4FE6F
:1009C0009307800AB387F602BA979C4321A0B70722
:1009D0004000FD173E85626405618280797122F4D2
:1009E0000018AA87232EF4FC232604FE232604FEE7
:1009F00015A8179714001307E74E8366C4FE9307E4
:100A0000800AB387F602BA9798438327C4FD8127EB
:100A10006395E7008327C4FE19A88327C4FE8527B2
:100A20002326F4FE8327C4FE8127E1D785473E8530
:100A3000227445618280797106F422F00018AA8739
:100A4000232EF4FCA30704FE232404FE8327C4FD05
:100A50003E85EFF0BFF8AA872324F4FE832784FEA7
:100A600081278DE3179714001307C747836684FE19
:100A70009307800AB387F602BA979C6BA183858B94
:100A8000A307F4FE8347F4FE3E85A270027445611D
:100A90008280797106F422F00018AA87232EF4FCD4
:100AA000232604FE232404FE8327C4FD3E85EFF0A5
:100AB000FFF2AA872324F4FE832784FE812785E39F
:100AC0001797140013070742836684FE9307800A72
:100AD000B387F602BA9783C707012326F4FE83275C
:100AE000C4FE3E85A270027445618280797106F46D
:100AF00022F00018AA87232EF4FCA147A307F4FED6
:100B0000232404FE8327C4FD3E85EFF03FEDAA8732
:100B10002324F4FE832784FE812785E3179714009E
:100B20001307473C836684FE9307800AB387F60267
:100B3000BA9783C72701A307F4FE8347F4FE3E85D7
:100B4000A270027445618280797106F422F0001867
:100B5000AA87232EF4FC231704FE232404FE8327F4
:100B6000C4FD3E85EFF09FE7AA872324F4FE832788
:100B700084FE812785E3179714001307A736836641
:100B800084FE9307800AB387F602BA9783D747019A
:100B90002317F4FE8357E4FE3E85A270027445617C
:100BA0008280797106F422F00018AA87232EF4FCC3
:100BB000232604FE232404FE8327C4FD3E85EFF094
:100BC000FFE1AA872324F4FE832784FE812785E39F
:100BD0001797140013070731836684FE9307800A72
:100BE000B387F602BA9783C767012326F4FE8327EB
:100BF000C4FE3E85A2700274456182805D7186E408
:100C0000A2E08008AA872338B4FA232EF4FA232A14
:100C100004FCA30704FE233004FE232404FC231653
:100C200004FC233C04FC8327C4FB3E85EFF01FDB60
:100C3000AA87232AF4FC832744FD8127639D07129A
:100C4000179714001307072A836644FD9307800A49
:100C5000B387F602BA9783C727018127BE86094763
:100C60006384E604BE8609476344D70099CBF5A0A8
:100C7000BE861547638DE6043E87A547630CF70AD9
:100C8000E9A8036744FD9307800AB307F7021387B7
:100C90000702979714009387E724BA972330F4FE4E
:100CA0009947233CF4FC55A8036744FD9307800A49
:100CB000B307F702138707029797140093878722D9
:100CC000BA972330F4FE8547233CF4FC79A00367F0
:100CD00044FD9307800AB307F7021387070297972B
:100CE0001400938727203E97930784FC1146BA850A
:100CF0003E85EF70E047036744FD9307800AB30722
:100D0000F70213870703979714009387A71DBA97D5
:100D100013876700930784FC91070946BA853E85CF
:100D2000EF700045930784FC2330F4FE9947233C81
:100D3000F4FC25A0036744FD9307800AB307F7027C
:100D400013870702979714009387C719BA97233020
:100D5000F4FE8D47233CF4FC0100833704FE81CF71
:100D6000033684FD833504FE033504FBEF70DF9505
:100D7000AA87A307F4FE8347F4FE3E85A6600664B7
:100D800061618280797106F422F00018AA87232E0F
:100D9000F4FC231704FE232404FE8327C4FD3E85B0
:100DA000EFF0DFC3AA872324F4FE832784FE812784
:100DB00085E3179714001307E712836684FE9307F1
:100DC000800AB387F602BA9783D787012317F4FE08
:100DD0008357E4FE3E85A27002744561828079717A
:100DE00006F422F00018AA87232EF4FC93070000D3
:100DF0002326F4FE232404FE8327C4FD3E85EFF062
:100E0000FFBDAA872324F4FE832784FE812799EF60
:100E1000179714001307070D836684FE9307800A53
:100E2000B387F602BA97DC4F2326F4FE8327C4FE6D
:100E30003E85A270027445618280797106F422F0C9
:100E40000018AA87232EF4FCA30704FE232404FE23
:100E50008327C4FD3E85EFF07FB8AA872324F4FEE4
:100E6000832784FE81278DE31797140013078707D4
:100E7000836684FE9307800AB387F602BA979C6B59
:100E8000A583858BA307F4FE8347F4FE3E85A270FD
:100E9000027445618280797106F422F00018AA87F5
:100EA000232EF4FCA30704FE232404FE8327C4FDA1
:100EB0003E85EFF0BFB2AA872324F4FE832784FE89
:100EC0008127A9E3179714001307C701836684FEDF
:100ED0009307800AB387F602BA9783C727013E8734
:100EE00089476311F702179714001307A7FF83665A
:100EF00084FE9307800AB387F602BA9783C7170266
:100F0000A307F4FE8347F4FE3E85A2700274456198
:100F10008280797106F422F00018AA872E87232E8A
:100F2000F4FCBA87A30DF4FCA30704FE232404FEFB
:100F30008327C4FD3E85EFF07FAAAA872324F4FE11
:100F4000832784FE8127C1EF17971400130787F9C1
:100F5000836684FE9307800AB387F602BA9783C735
:100F600027013E878947631CF7068307B4FD63C8E2
:100F70000706179714001307E7F6836684FE9307A6
:100F8000800AB387F602BA9703C717028347B4FDF6
:100F900093F7F70F6383E70217971400130787F49B
:100FA000836684FE9307800AB387F602BA9703C765
:100FB000170113672700A388E7001797140013078A
:100FC00067F2836684FE9307800AB387F602BA97B6
:100FD0000347B4FDA380E7028547A307F4FE8347D8
:100FE000F4FE3E85A270027445618280797106F438
:100FF00022F00018AA872338B4FC232EF4FC232403
:1010000004FEA30704FE8327C4FD3E85EFF01F9D69
:10101000AA872324F4FE832784FE8127A1EB179758
:101020001400130727EC836684FE9307800AB387B6
:10103000F602BA9783C727013E8795476318F702E0
:10104000036784FE9307800AB307F702138707023A
:1010500097971400938707E9BA971146BE85033521
:1010600004FDEF706FE6AA87A307F4FE8347F4FE42
:101070003E85A270027445618280397106FC22F8B7
:101080008000AA872330B4FC2326F4FC232404FE2A
:10109000A30704FE232204FE232004FE232C04FCC9
:1010A0008327C4FC3E85EFF07F93AA872324F4FEB8
:1010B000832784FE8127C9E317971400130787E26B
:1010C000836684FE9307800AB387F602BA9783C7C4
:1010D00027013E8795476311F706179714001307FA
:1010E00067E0836684FE9307800AB387F602BA97A7
:1010F00083C747022320F4FE13070002832704FE60
:10110000BB07F74081273E87FD57BB97E7002322A7
:10111000F4FE032744FE930784FDBA853E85EF6005
:101120003F8D930784FD1146BE85033504FCEF70A7
:10113000AFD9AA87A307F4FE8347F4FE3E85E27089
:10114000427421618280797106F422F00018AA8726
:101150002338B4FC232EF4FC232404FEA30704FE4E
:101160008327C4FD3E85EFF07F87AA872324F4FE02
:10117000832784FE8127A9EB17971400130787D6CE
:10118000836684FE9307800AB387F602BA9783C703
:1011900027013E8795476319F702036784FE93078B
:1011A000800AB307F7021387070297971400938703
:1011B00067D3BA9795071146BE85033504FDEF70D6
:1011C000AFD0AA87A307F4FE8347F4FE3E85A27042
:1011D000027445618280797106F422F00018AA87B2
:1011E0002E872338C4FC232EF4FCBA87232CF4FC6E
:1011F000232404FEA30704FE8327C4FD3E85EFF0ED
:10120000EFFDAA872324F4FE832784FE8127A5E728
:1012100017971400130707CD836684FE9307800A8F
:10122000B387F602BA9783C727013E8795476314B1
:10123000F704832784FD1B870700894763EDE702D6
:10124000036784FD836684FE9307A002B387F602DA
:10125000BA97A1071397270097971400938787C819
:10126000BA97A5071146BE85033504FDEF70CFC5BB
:10127000AA87A307F4FE8347F4FE3E85A27002749A
:1012800045618280797106F422F00018AA87232E26
:10129000F4FC231704FE232404FE8327C4FD3E85AB
:1012A000EFF0CFF3AA872324F4FE832784FE81275F
:1012B000A9E3179714001307E7C2836684FE930718
:1012C000800AB387F602BA9783C727013E879547FE
:1012D0006311F702179714001307C7C0836684FED3
:1012E0009307800AB387F602BA9783D76703231759
:1012F000F4FE8357E4FE3E85A2700274456182804D
:10130000797106F422F00018AA87232EF4FC232614
:1013100004FE232404FE8327C4FD3E85EFF00FEC7A
:10132000AA872324F4FE832784FE8127A9E3179745
:101330001400130727BB836684FE9307800AB387D4
:10134000F602BA9783C727013E8795476311F702D4
:1013500017971400130707B9836684FE9307800A62
:10136000B387F602BA9783C787032326F4FE832741
:10137000C4FE3E85A270027445618280797106F4D4
:1013800022F00018AA87232EF4FCA30704FE2324CE
:1013900004FE233004FE8327C4FD3E85EFF00FE4F6
:1013A000AA872324F4FE832784FE812795E7036719
:1013B00084FE9307800AB307F70213870702979703
:1013C0001400938727B2BA972330F4FE833704FEC4
:1013D00083C7C703A307F4FE8347F4FE3E85A270CC
:1013E000027445618280797106F422F00018AA87A0
:1013F000232EF4FC232604FE232404FE8327C4FDAD
:101400003E85EFF0AFDDAA872324F4FE832784FE18
:101410008127A9E3179714001307C7AC836684FEDE
:101420009307800AB387F602BA9783C727013E87DE
:10143000A5476311F702179714001307A7AA83663D
:1014400084FE9307800AB387F602BA9783C76709B9
:101450002326F4FE8327C4FE3E85A27002744561F4
:101460008280797106F422F00018AA872338B4FC30
:10147000232EF4FC232404FEA30704FE8327C4FDCB
:101480003E85EFF0AFD5AA872324F4FE832784FEA0
:101490008127A9EB179714001307C7A4836684FE5E
:1014A0009307800AB387F602BA9783C727013E875E
:1014B000A5476319F702036784FE9307800AB30701
:1014C000F70213870702979714009387A7A1BA978B
:1014D0008D074146BE85033504FDEF70EF9EAA8758
:1014E000A307F4FE8347F4FE3E85A27002744561B3
:1014F0008280797106F422F00018AA87232EF4FC6A
:10150000A30704FE232404FE8327C4FD3E85EFF0D9
:10151000EFCCAA872324F4FE832784FE8127A9E346
:10152000179714001307079C836684FE9307800AAD
:10153000B387F602BA9783C727013E87A547631191
:10154000F702179714001307E799836684FE930741
:10155000800AB387F602BA9783C73703A307F4FE5E
:101560008347F4FE3E85A2700274456182807971E2
:1015700006F422F00018AA872338B4FC232EF4FCCA
:10158000232404FEA30704FE8327C4FD3E85EFF059
:10159000EFC4AA872324F4FE832784FE8127A9EBC6
:1015A0001797140013070794836684FE9307800A35
:1015B000B387F602BA9783C727013E87A547631909
:1015C000F702036784FE9307800AB307F7021387C5
:1015D0000703979714009387E790BA9791074146BE
:1015E000BE85033504FDEF702F8EAA87A307F4FE96
:1015F0008347F4FE3E85A270027445618280797152
:1016000006F422F00018AA872E872338C4FC232E64
:10161000F4FCBA87232CF4FC232404FEA30704FE65
:101620008327C4FD3E85EFF06FBBAA872324F4FE19
:10163000832784FE8127A5E7179714001307878A5D
:10164000836684FE9307800AB387F602BA9783C73E
:1016500027013E87A5476314F704832784FD1B8772
:101660000700894763EDE702836784FD91071397BD
:101670004700836684FE9307800AB387F6023E978D
:101680009797140093870786BA9791074146BE85BE
:10169000033504FDEF704F83AA87A307F4FE834749
:1016A000F4FE3E85A270027445618280797106F471
:1016B00022F00018AA872338B4FC232EF4FC23243C
:1016C00004FEA30704FE8327C4FD3E85EFF00FB19F
:1016D000AA872324F4FE832784FE8127A9EB17978A
:1016E000140013072780836684FE9307800AB3875C
:1016F000F602BA9783C727013E87A5476319F70209
:10170000036784FE9307800AB307F702138707076E
:10171000978714009387077DBA9791074146BE8546
:10172000033504FDEF605FFAAA87A307F4FE834741
:10173000F4FE3E85A270027445618280797106F4E0
:1017400022F00018AA872338B4FC232EF4FC2324AB
:1017500004FEA30704FE8327C4FD3E85EFF00FA817
:10176000AA872324F4FE832784FE8127A9EB178709
:10177000140013072777836684FE9307800AB387D4
:10178000F602BA9783C727013E87A5476319F70278
:10179000036784FE9307800AB307F70213870708DD
:1017A0009787140093870774BA9791074146BE85BF
:1017B000033504FDEF605FF1AA87A307F4FE8347BA
:1017C000F4FE3E85A270027445618280797106F450
:1017D00022F00018AA87232EF4FC231704FE2324EA
:1017E00004FE8327C4FD3E85EFF04F9FAA87232484
:1017F000F4FE832784FE8127A9E3178714001307CB
:10180000676E836684FE9307800AB387F602BA97F1
:1018100083C727013E87A5476311F7021787140086
:101820001307476C836684FE9307800AB387F6022A
:10183000BA9783D747092317F4FE8357E4FE3E8502
:10184000A270027445618280797106F422F000185A
:10185000AA872338B4FC232EF4FC232404FEA30718
:1018600004FE8327C4FD3E85EFF04F97AA8723240B
:10187000F4FE832784FE8127A1EB1787140013074A
:101880006766836684FE9307800AB387F602BA9779
:1018900083C727013E87A5476318F702036784FEC5
:1018A0009307800AB307F702138707099787140085
:1018B00093874763BA979D07BE85033504FDEF60A4
:1018C0007FB6AA87A307F4FE8347F4FE3E85A27085
:1018D000027445618280797106F422F00018AA87AB
:1018E000232EF4FCA30704FE232404FE8327C4FD57
:1018F0003E85EFF0AF8EAA872324F4FE832784FE73
:101900008127A9E3178714001307C75D836684FE48
:101910009307800AB387F602BA9783C727013E87E9
:1019200089476311F702178714001307A75B8366C3
:1019300084FE9307800AB387F602BA9783C727020B
:10194000A307F4FE8347F4FE3E85A270027445614E
:101950008280797106F422F00018AA872E87232E40
:10196000F4FCBA87A30DF4FCA30704FE232404FEB1
:101970008327C4FD3E85EFF06F86AA872324F4FEFB
:10198000832784FE8127C1EB17871400130787552F
:10199000836684FE9307800AB387F602BA9783C7EB
:1019A00027013E8789476318F70617871400130736
:1019B0006753836684FE9307800AB387F602BA975B
:1019C00003C727028347B4FD93F7F70F6383E7024A
:1019D0001787140013070751836684FE9307800A54
:1019E000B387F602BA9703C7170113672700A388C6
:1019F000E700178714001307E74E836684FE9307FA
:101A0000800AB387F602BA970347B4FD2381E70241
:101A10008547A307F4FE8347F4FE3E85A270027457
:101A200045618280130101812334117E2330817E40
:101A30001304017F130101C0FD77130704FFBA9758
:101A400023B4A742232604FE233C04FCFD7713079E
:101A500004FFBA9783B787428DC3FD77130704FF4E
:101A6000BA9783B787429C6B89CBFD77130704FF36
:101A7000BA9783B787429C4F81E781476F00304117
:101A8000FD77130704FFBA9783B78742DC433E858F
:101A9000EFF0CF85AA873E8789476307F704FD7774
:101AA000130704FFBA9783B787429C478127BE85F7
:101AB00017A500001305855FEF802FC4AA878DC787
:101AC000FD77130704FFBA9783B787420947D8CF3A
:101AD000FD77130704FFBA9783B787421307000205
:101AE00098D3FD576F00B03AFD77130704FFBA97FC
:101AF00083B78742DC433E85EFE05FFFAA873E87DE
:101B000095476307F704FD77130704FFBA9783B778
:101B100087429C478127BE8517A500001305855A7B
:101B2000EF80AFBDAA878DC7FD77130704FFBA9773
:101B300083B787420947D8CFFD77130704FFBA97C9
:101B400083B787421307000298D3FD576F003034E4
:101B5000FD77130704FFBA9783B78742DC433E85BE
:101B6000EFE0DFF8AA873E87A5476307F704FD7714
:101B7000130704FFBA9783B787429C478127BE8526
:101B800017A5000013050557EF802FB7AA878DC74B
:101B9000FD77130704FFBA9783B787420947D8CF69
:101BA000FD77130704FFBA9783B787421307000234
:101BB00098D3FD576F00B02DFD77130704FFBA9738
:101BC00083B787429C6B233CF4FCFD77130704FF2B
:101BD000BA9783B787429C47BE861307F0196361A3
:101BE000D710BE861307E01963F8E676BE861307A2
:101BF000F006638AE626BE861307F006636AD706F8
:101C0000BE861307B0046381E61EBE861307B004C8
:101C10006363D702BE861307F003638EE64CBE866D
:101C2000130700046384E64A3E879307E003630DCD
:101C3000F73E6F00F022BE861307F004638AE620A9
:101C4000BE861307F0046369D7003E879307D0046C
:101C5000630FF71A6F00D020BE861307100563804C
:101C6000E62E3E87930770066305F72A6F00501F24
:101C7000BE86130760196387E658BE86130760198E
:101C80006363D702BE86130700196380E64CBE86E5
:101C9000130710196380E6543E879307F018630218
:101CA000F7406F00F01BBE861307B019638CE64E39
:101CB000BE861307B0196369D7003E879307801962
:101CC0006300F7466F00D019BE861307C0196386FC
:101CD000E64A3E879307D019630CF7646F005018EB
:101CE000BE861307601B638FE670BE861307601BFA
:101CF0006366D708BE861307A01A638AE62CBE86E1
:101D00001307A01A636FD702BE861307401A6382B7
:101D1000E634BE861307401A6369D7003E879307EF
:101D2000001A630CF7346F00B013BE861307701AE5
:101D30006384E62C3E879307901A6305F7266F00AD
:101D40003012BE861307301B638CE662BE86130713
:101D5000301B6369D7003E879307B01A6306F720EC
:101D60006F001010BE861307401B6380E6643E8739
:101D70009307501B6303F7666F00900EBE86130730
:101D8000B01BE385E604BE861307B01B6368D70269
:101D9000BE861307801B6384E66CBE861307801B18
:101DA00063E7E668BE861307901B6382E66E3E8794
:101DB0009307A01BE303F7006F00900ABE8613078A
:101DC000D01BE387E602BE861307D01BE3E9E600DB
:101DD000BE861307E01BE385E6043E879307201EBB
:101DE0006309F71A6F00D007FD77130704FFBA974E
:101DF00083B78742DC433E8693058003033584FD29
:101E0000EF40FFDCAA872326F4FE6F001008FD7761
:101E1000130704FFBA9783B78742D843FD779387A8
:101E20008743930604FFB697BE853A85EFE03FAC43
:101E3000FD7793878743130704FFBA97BE85033561
:101E400084FDEF50EF86AA872326F4FE6F00F0038F
:101E500093058003033584FDEF504FC6AA872326E0
:101E6000F4FE6F009002930784FB3E85EF604FA065
:101E7000930784FB014681453E85EF60CFA3FD7744
:101E8000130704FFBA9783B78742DC433E85EFE030
:101E90005FC0AA87812789EB930784FB01468545AC
:101EA0003E85EF604FA101A8930784FB0546854559
:101EB0003E85EF604FA0930784FB014689453E8530
:101EC000EF606F9FFD77130704FFBA9783B78742D0
:101ED000DC433E85EFE03FB6AA8789CB930784FBBE
:101EE00005468D453E85EF600F9D01A8930784FB55
:101EF00001468D453E85EF600F9C930784FBBE85B0
:101F0000033584FDEF40FFAAAA872326F4FE6F0065
:101F1000C077FD77130704FFBA9783B78742DC4386
:101F20003E85EFE01FB7AA878127BE85033584FD74
:101F3000EF50CFB8AA872326F4FE6F000075FD7717
:101F4000130704FFBA9783B78742DC433E85EFE06F
:101F50009FAEAA87BE85033584FDEF402FEFAA8789
:101F60002326F4FE6F006072FD77130704FFBA9713
:101F700083B78742DC433E85EFE05FB7AA878127BE
:101F8000BE85033584FDEF506FB3AA872326F4FE88
:101F9000EDAD8945033584FDEF504FB2AA87232666
:101FA000F4FEE5A5FD77130704FFBA9783B78742D0
:101FB000DC433E85EFE05FB9AA878127BE85033504
:101FC00084FDEF500FA2AA872326F4FE7DADFD7796
:101FD000130704FFBA9783B78742DC433E85EFE0DF
:101FE0005FBCAA878127BE85033584FDEF500FAD06
:101FF000AA872326F4FE51ADFD77130704FFBA9795
:1020000083B78742DC431307049FBA853E85EFE020
:10201000FFBE9307049FBE85033584FDEF405FCA72
:10202000AA872326F4FE95A5FD77130704FFBA9728
:1020300083B78742DC433E85EFE0DFD4AA87812760
:10204000BE85033584FDEF50CF99AA872326F4FE81
:102050002DADFD77130704FFBA9783B78742DC43A2
:102060003E85EFE0DFD7AA87BE85033584FDEF50BC
:10207000CFD5AA872326F4FE09ADFD77130704FF09
:10208000BA9783B78742DC433E85EFE01FDBAA8720
:10209000BE85033584FDEF406FDBAA872326F4FE5F
:1020A000EDA3FD77130704FFBA9783B78742DC439C
:1020B0003E85EFE03FCDAA878127BE85033584FDAD
:1020C000EF502F92AA872326F4FEC1A3FD771307B2
:1020D00004FFBA9783B78742DC433E85EFE0BFDB5E
:1020E000AA878127BE85033584FDEF508F8FAA878D
:1020F0002326F4FE59ABFD77130704FFBA9783B785
:102100008742DC433E85EFF00FFDAA878127BE851D
:10211000033584FDEF50EF8CAA872326F4FEB5A388
:10212000FD77130704FFBA9783B78742DC433E85E8
:10213000EFF00F9DAA878127BE85033584FDEF5000
:10214000EF97AA872326F4FE89A3FD77130704FFE0
:10215000BA9783B78742DC431307049FBA853E854D
:10216000EFE0DFE89307049FBE85033584FDEF4071
:102170003FB5AA872326F4FE09ABFD77130704FFBA
:10218000BA9783B78742DC433E85EFF0AF8FAA87CB
:102190008127BE85033584FDEF50AF84AA872326AF
:1021A000F4FEE5A1FD77130704FFBA9783B78742D2
:1021B000DC431307049FBA853E85EFE01FEC9307CD
:1021C000049FBE85033584FDEF409FAFAA87232679
:1021D000F4FE65A9FD77130704FFBA9783B787421A
:1021E000DC431307049FBA853E85EFE0DFF59307D4
:1021F000049FBE85033584FDEF409FACAA8723264C
:10220000F4FE61A1FD77130704FFBA9783B78742F5
:10221000DC4791EB8D45033584FDEF409FFCAA8799
:102220002326F4FE9DA1FD77130704FFBA9783B719
:102230008742DC473E87FD576317F706232404FED9
:1022400099A8FD77130704FFBA9783B78742DC4349
:102250009306049F032784FE3686BA853E85EFE009
:102260009FF78327C4FE033784FDBA971307049FA3
:10227000BA853E85EF40DFA4AA87232AF4FC032712
:10228000C4FE832744FDB99F2326F4FE832784FEE2
:1022900085272324F4FE832784FE1B8707008947B4
:1022A000E3F1E7FADDA6FD77130704FFBA9783B7DA
:1022B0008742DC473E878D4763E7E704FD771307D6
:1022C00004FFBA9783B78742DC47FD372328F4FC25
:1022D000FD77130704FFBA9783B78742DC43930661
:1022E000049F032704FD3686BA853E85EFE0BFEEE6
:1022F0009307049FBE85033584FDEF407F9CAA872A
:102300002326F4FE59A6FD77130704FFBA9783B777
:1023100087420947D8CFFD77130704FFBA9783B7E1
:1023200087421307A00298D3FD572326F4FEB1AECF
:10233000FD77130704FFBA9783B78742DC433E85D6
:10234000EFF0CF83AA87BE85033584FDEF400FB041
:10235000AA872326F4FE15AEFD77130704FFBA976C
:1023600083B787420947D8CFFD77130704FFBA9791
:1023700083B787426D4798D3FD572326F4FE31A6D5
:10238000FD77130704FFBA9783B78742DC433E8586
:10239000EFF06F85AA878127BE85033584FDEF4066
:1023A000FFF1AA872326F4FECDA4FD77130704FFCF
:1023B000BA9783B78742DC431307049FBA853E85EB
:1023C000EFF02F8A9307049FBE85033584FDEF400D
:1023D0003F8FAA872326F4FE4DACFD77130704FF39
:1023E000BA9783B78742DC433E85EFF08F90AA8788
:1023F0008127BE85033584FDEF40BFDEAA872326F3
:10240000F4FE61A4FD77130704FFBA9783B78742F0
:10241000DC433E85EFF08FBBAA878127BE8503355D
:1024200084FDEF401FDCAA872326F4FEB9ACFD77BC
:10243000130704FFBA9783B78742DC431307049F4F
:10244000BA853E85EFF0AF929307049FBE850335B2
:1024500084FDEF40FF86AA872326F4FE3DA4FD7786
:10246000130704FFBA9783B78742DC431307049F1F
:10247000BA853E85EFF08FA39307049FBE85033591
:1024800084FDEF40FF83AA872326F4FEFDAAFD7793
:10249000130704FFBA9783B78742DC4791EB8D455A
:1024A000033584FDEF40FFD3AA872326F4FEF1AA6B
:1024B000FD77130704FFBA9783B78742DC473E874F
:1024C000FD576317F706232204FE99A8FD7713072B
:1024D00004FFBA9783B78742DC439306049F032720
:1024E00044FE3686BA853E85EFF06F918327C4FEA1
:1024F000033784FDBA971307049FBA853E85EF40E2
:102500002FFCAA872326F4FC0327C4FE8327C4FCE0
:10251000B99F2326F4FE832744FE85272322F4FE59
:10252000832744FE1B8707008947E3F1E7FAB1AA36
:10253000FD77130704FFBA9783B78742DC473E87CE
:102540008D4763E7E704FD77130704FFBA9783B766
:102550008742DC47FD372324F4FCFD77130704FF93
:10256000BA9783B78742DC439306049F032784FC12
:102570003686BA853E85EFF08F889307049FBE8527
:10258000033584FDEF40CFF3AA872326F4FEF5A898
:10259000FD77130704FFBA9783B787420947D8CF5F
:1025A000FD77130704FFBA9783B787421307A0028A
:1025B00098D3FD572326F4FEC9A88145033584FD31
:1025C000EF40CF88AA872326F4FEC1A081450335BA
:1025D00084FDEF401FC1AA872326F4FE7DA081451C
:1025E000033584FDEF40FFBFAA872326F4FE71A8C0
:1025F000FD77130704FFBA9783B78742DC431307BD
:10260000049FBA853E85EFF06F939307049FBE85C4
:10261000033584FDEF40CFEAAA872326F4FEB5A058
:10262000FD77130704FFBA9783B78742D843FD7736
:1026300093878743930604FFB697BE853A85EFF0EC
:10264000AFA0FD7793878743130704FFBA97BE8532
:10265000033584FDEF40DF85AA872326F4FE35A0ED
:10266000FD77130704FFBA9783B787420947D8CF8E
:10267000FD77130704FFBA9783B787421307000259
:1026800098D3FD572326F4FE01008327C4FE3E8520
:10269000130101408330817E0334017E1301017FE9
:1026A0008280130101A0233C115E2338815E130454
:1026B00001602334A4A0A30704FE232404FE83376F
:1026C00084A0DC433E85EFE00FA9AA8793C71700DB
:1026D00093F7F70F89CF833784A0054723AEE75CD4
:1026E000833784A07D4723A0E75E8147D5AC83373D
:1026F00084A013870701833784A083A7475D8127C0
:10270000930604A13686BE853A85EF306FE8AA8726
:102710002324F4FE832784FE812763DF07008337A9
:1027200084A0094723AEE75C833784A013075002D7
:1027300023A0E75E81476DA4833784A09C473E8732
:102740009307501A630EF706833784A09C473E8791
:10275000930760196306F706833784A09C473E877A
:102760009307901B630EF704833784A09C473E8732
:102770009307F0156306F704833784A09C473E87D0
:1027800093070016630EF702833784A09C473E87A9
:102790009307601E6306F702833784A0DC473E87F9
:1027A000FD57630FF700833784A0094723AEE75C2A
:1027B000833784A01307200323A0E75E81470DA47D
:1027C000833784A09C47BE8613077006638FE61C80
:1027D000BE8613077006636CD704BE861307B00469
:1027E0006385E61CBE861307B0046362D702BE860B
:1027F0001307F0036383E612BE86130700046388A1
:10280000E6083E879307E0036301F71A5DAABE86D8
:102810001307F004638BE618BE8613071005638662
:10282000E6183E879307D0046301F71859AABE86BD
:102830001307401A638BE616BE861307401A6362BD
:10284000D702BE861307F0186381E616BE8613070B
:10285000001A638CE6143E879307F0066307F714AB
:102860008DA2BE861307B01A636DD700BE8613070C
:10287000901A63FCE6123E879307701A6307F712FB
:1028800089A23E879307201E6301F7121DAA834782
:1028900024A13E8789476317F706832784A13E87D3
:1028A0009307F00F63E4E704833784A0DC43032736
:1028B00084A11377F70FBA853E85EFE08FE5AA87ED
:1028C000A307F4FE8347F4FE93C7170093F7F70FAF
:1028D00063850710833784A0094723AEE75C8337FD
:1028E00084A01307500223A0E75EC5A8833784A005
:1028F000094723AEE75C833784A01307500223A067
:10290000E75EE1A8833784A0094723AEE75C8337FD
:1029100084A0254723A0E75EC9A0834724A13E8762
:1029200089476319F706832784A13E879307F00F31
:1029300063E6E704833784A0DC43032784A113778D
:10294000F70FBA853E85EFF0CF80AA87A307F4FE84
:102950008347F4FE93C7170093F7F70F81CF8337B0
:1029600084A0094723AEE75C833784A01307500295
:1029700023A0E75E8547A307F4FE8DA0833784A0DC
:10298000094723AEE75C833784A01307500223A0D6
:10299000E75EA9A0833784A0094723AEE75C8337AD
:1029A00084A0254723A0E75E15A8833784A00947A4
:1029B00023AEE75C833784A01307800223A0E75E81
:1029C00031A8833784A0094723AEE75C833784A00E
:1029D0001307000223A0E75E11A001008347F4FE65
:1029E0003E858330815F0334015F13010160828083
:1029F000411122E4000801002264410182801D711E
:102A000086ECA2E88010233CA4FA2338B4FAB287FB
:102A10002317F4FA232604FE233C04FC233004FE8F
:102A2000231404FE233404FC233804FC833704FB02
:102A300083C707003E8785476318F70A130784FC9E
:102A4000930784FDBA86033684FBBE85033504FBF9
:102A5000EF70EF87AA872326F4FE8347A4FCC9E71B
:102A60008327C4FE81276351F0088357E4FA1B874C
:102A700007008327C4FE81276348F706835704FEB7
:102A800089CB835704FE1B870700C167FD17631DB1
:102A9000F704835704FE1B870700C167FD17631EF9
:102AA000F7008327C4FE033704FBBA9783C70700E8
:102AB000812793F7070F81279DC78327C4FE03371C
:102AC00004FBB306F7008327C4FEC217C193035764
:102AD000E4FABB07F740C217C1933E86B6850335BB
:102AE00084FBEF20DF9301000100E660466425616E
:102AF0008280717106F522F126ED4AE9001923342E
:102B0000A4F6AE87233CC4F42338D4F42313F4F69C
:102B1000232E04FC232804FCFD57232CF4FCFD5732
:102B20002326F4FC8547A30BF4FC232404FC930721
:102B300060032320F4FC930784F73E85EF602FA900
:102B4000930704F9014681453E85EF60BFF1130705
:102B500004F9930784F7BA863E86833584F5171502
:102B600007001305A5E5EF609FBCAA872326F4FCA8
:102B7000833704F583C7070089C7F957232EF4FC70
:102B80003DAA835764F68127130704FA3A86BE8567
:102B9000033584F6EF706FCCAA87232EF4FC8327CD
:102BA000C4FD812763D607008547A30BF4FC01AA67
:102BB000832704FA3E87A1476310F702832744FA6C
:102BC0003E87B7074000FD176318F700EFC03F943A
:102BD000AA8781272322F4FA0327C4FC971707004A
:102BE0009387C7DD3E97833704F583C7C7009306F5
:102BF00004FA3686BE853A85EF704FE7AA87232C04
:102C0000F4FC0327C4FC832784FDB99F1B870700BE
:102C100097170700938787DABA972338F4FA0327C0
:102C2000C4FC832784FDB99F812781271307E05DBA
:102C3000BB07F74081278127232CF4FA930704FA76
:102C40003E85EFD08FC9AA87232EF4FC8327C4FDCD
:102C5000812763C50706032784FD8327C4FDB99F29
:102C6000232CF4FC0327C4FC832784FDB99F1B8716
:102C7000070097170700938767D4BA973E85EF70D0
:102C80006FF1AA87232EF4FC032784FD8327C4FD5C
:102C9000B99F232CF4FC833704F59847832784FDE0
:102CA0008127635AF700930760032320F4FCF95748
:102CB000232EF4FC29A0A30B04FC11A001008347E0
:102CC00074FD93F7F70FF1CB8327C4FD1B87070033
:102CD000F9576311F7040327C4FC9717070093877C
:102CE000E7CDB304F700833704F503C9C700832792
:102CF00004FC3E85EF103F85AA87812793F7F70FE5
:102D000085463E86CA852685EF103F8CAA87232CF0
:102D1000F4FC61A08327C4FD1B870700FD57631ADD
:102D2000F7020327C4FC97170700938727C93305C9
:102D3000F700833704F583C7C7008326C4FB032746
:102D400004FC3146BE85EF40FFA5AA87232CF4FC86
:102D5000A9A08327C4FD1B870700F557631FF7024F
:102D60000327C4FC97170700938747C5B304F700F0
:102D7000833704F503C9C700832704FC3E85EF7041
:102D80004F9DAA87812793F7F70F3E86CA85268530
:102D9000EF70EFA6AA87232CF4FC0327C4FC83273B
:102DA00084FDB99F2328F4FC032704FD930704F94D
:102DB000BA8617160700130666C0BE85033584F56C
:102DC000EF50DFB0AA872324F4FC0100AA700A7434
:102DD000EA644A694D6182801301019D23341162C6
:102DE0002330816213040163233CA49C232E04FC42
:102DF0008547A301F4FEA30D04FC8337849DE9C736
:102E00008337849D9C6B2334F4FE8337849D9C4FD1
:102E10002322F4FE832744FE93F7F70F812713073D
:102E2000849E3A86BE85033584FEEF207FF6AA870E
:102E3000232EF4FC834734FE93F7F70F91CF03273B
:102E4000C4FD832744FE012781276357F700A301B0
:102E500004FE8547A30DF4FC8337849D9C43232007
:102E6000F4FC8337849DDC432322F4FC8337849D68
:102E70009C472324F4FC8337849DDC472326F4FC01
:102E80009307849E2338F4FC8327C4FD8127635A6B
:102E9000F0020327C4FD832744FE012781276354E2
:102EA000F7028327C4FD033784FEBA972334F4FE68
:102EB000032744FE8327C4FDBB07F7402322F4FE0B
:102EC00091BF010011A00100010083308162033431
:102ED00001621301016382801D7186ECA2E88010FB
:102EE000233CA4FAAE872334C4FA2330D4FA231B3C
:102EF000F4FA232604FE835764FB8127130704FC9E
:102F00003A86BE85033584FBEF700FCCAA87232653
:102F1000F4FE8327C4FE81276357F000930704FC67
:102F20003E85EFF07FEB0100E6604664256182801C
:102F3000797122F40018233CA4FCAE873287232A3F
:102F4000F4FCBA872328F4FCFD572326F4FE8337CC
:102F500084FD9C472324F4FE833784FD9C4F232269
:102F6000F4FE833784FD9C572320F4FE832744FD21
:102F70001B870700A147631BF70A032704FD83276C
:102F800084FE01278127637DF700833784FD9863E2
:102F9000836704FD8A07BA979C432326F4FEE5A8BD
:102FA000032784FE832744FEB99F1B8707008327DE
:102FB00004FD812763F5E702032704FD832784FED0
:102FC000BB07F7402328F4FC833784FD986B8367A5
:102FD00004FD8A07BA979C432326F4FE6DA80327B5
:102FE00084FE832744FEB99F8127032704FEB99FEF
:102FF0001B870700832704FD812763FEE70803275B
:1030000084FE832744FEB99F8127032704FDBB0765
:10301000F7402328F4FC833784FD9873836704FD0D
:103020008A07BA979C432326F4FEB5A0832744FD64
:103030001B870700930790066315F702032704FD1B
:10304000832784FE012781276377F704833784FD74
:103050009863836704FD8A07BA979C432326F4FE8E
:103060001DA8832744FD1B870700930700056314F1
:10307000F702032704FD832744FE01278127637C91
:10308000F700833784FD986B836704FD8A07BA973E
:103090009C432326F4FE8327C4FE3E8522744561AB
:1030A0008280797122F40018233CA4FCAE87232A85
:1030B000F4FC232604FE832744FD1B870700A14759
:1030C0006312F702833784FD9847833784FD9C4F52
:1030D000B99F1B870700833784FD9C57B99F232620
:1030E000F4FE25A8832744FD1B870700930790065D
:1030F0006318F700833784FD9C472326F4FE31A82C
:10310000832744FD1B870700930700056317F7001B
:10311000833784FD9C4F2326F4FE8327C4FE3E851F
:10312000227445618280597186F4A2F0801823349C
:10313000A4FAAE873287233CD4F82313F4FABA8773
:103140002312F4FA232604FE233004FE232E04FC6B
:10315000833784F99847833784F9DC473E86BA85FC
:103160001705070013050529EF700FFEAA87232610
:10317000F4FE835764FA8326C4FE035744FA3E865E
:103180009705070093850527033584FAEF608FD4F0
:103190002330A4FE833704FE81EB833784F91307C1
:1031A0006003D8CBF957BDAA0327C4FD8327C4FE0B
:1031B000B99F232EF4FC232604FE85472326F4FC26
:1031C000FD472328F4FC833784F99C432328F4FA31
:1031D000833784F9DC43232AF4FA833784F99C4744
:1031E000232CF4FA833784F9DC47232EF4FA97076B
:1031F0000700938727202330F4FC9307405C2324A7
:10320000F4FC930704FB3E85EFC03FEDAA8723261D
:10321000F4FE8327C4FE812763D807088327C4FEF2
:103220001B870700F9576309F7008327C4FE1B8734
:103230000700F557631AF700032704FD833784F965
:10324000D8CB8327C4FEF9A88327C4FC032704FD39
:103250003A86BE85170507001305C519EF705F8410
:10326000AA872326F4FE835764FA81270327C4FD27
:10327000B99F81273E868327C4FE035744FABE8642
:103280009705070093850517033584FAEF608FC40F
:103290002330A4FE833704FEADEF833784F9130790
:1032A0006003D8CBF957BDA8835764FA8127032759
:1032B000C4FDB99F8127852781270327C4FEB99FB5
:1032C000812785271B870700835744FA8127635B83
:1032D000F702835764FA81270327C4FDB99F81272A
:1032E0003E87833784FABA970327C4FE3A86970548
:1032F0000700938525103E85EF70CFECAA87232623
:10330000F4FE01A8833784F913076003D8CBF9577B
:1033100011A80327C4FD8327C4FEB99F232EF4FC04
:103320008327C4FD3E85A670067465618280157191
:1033300086EDA2E9A6E5CAE18011233CA4F2AE879E
:103340002334C4F22330D4F2231BF4F2232604FCEA
:10335000231504FC231F04FC232204FC232C04FC5F
:10336000232004FC232A04FC930784F83E85EF50B5
:103370001FA6930704FA014681453E85EF608FEE54
:10338000130704FA930784F8BA863E86833584F2DD
:103390001705070013058562EF606FB9AA87232020
:1033A000F4FC833704F283C7070089CB93076003DB
:1033B0002322F4F8F957232AF4FC85A9032704FCF7
:1033C000970707009387875F3E97833704F283C789
:1033D000C700BE853A85EF704FCBAA87232CF4FC3B
:1033E0008357E4FD033784F3B306F700835764F390
:1033F0001B8707008357E4FD8127BB07F740812720
:103400008127130704F73A86BE853685EF706F99DA
:10341000AA872326F4FC8327C4FC812763C2070202
:103420008327C4FCC217C1930357E4FDB99F231F30
:10343000F4FC832704F73E87A1476316F70231A007
:103440008327C4FC232AF4FCCDA6832744F73E87B8
:10345000B7074000FD176318F700EFC04F8BAA872E
:103460008127232AF4F6930704F7BE851705070082
:10347000130545F8EF708FC6AA872326F4FC0327AF
:1034800004FC9707070093876753BA97032684FDC8
:103490008326C4FC1307405C97050700938585F5D8
:1034A0003E85EF602FA3AA872315F4FC8357A4FC65
:1034B000812789EB930760032322F4F8F957232A25
:1034C000F4FCA5A68357A4FC8127032784FDB99F9C
:1034D000232CF4FC8357E4FD033784F3B306F70091
:1034E000835764F31B8707008357E4FD8127BB07DD
:1034F000F74081278127130704F73A86BE85368572
:10350000EF708F9AAA872326F4FC8327C4FC8127B7
:1035100063D707008327C4FC232AF4FC39A683273A
:10352000C4FCC217C1930357E4FDB99F231FF4FCE9
:10353000832784F73E87A1476300F702832784F738
:103540003E87930790066309F700832784F73E8739
:10355000930700056313F71C232E04FA232804FCA9
:103560008327C4F73E87FD576302F70E832784F74E
:103570000327C4F73A86BE8517050700130585E7BC
:10358000EF708FBCAA872326F4FC032704FC97075F
:1035900007009387A742BA97032684FD8326C4FCBD
:1035A0001307405C970507009385C5E43E85EF60EF
:1035B0006F92AA872315F4FC8357A4FC812789EB1B
:1035C000930760032322F4F8F957232AF4FCB1ACE3
:1035D000032784FD8327C4FCB99F232CF4FC130626
:1035E00020038945170507001305C5E0EF704FCB91
:1035F000AA872326F4FC032704FC97070700938778
:10360000E73BBA97032684FD8326C4FC1307405C7E
:1036100097050700938505DE3E85EF60AF8BAA878F
:103620002315F4FC8357A4FC812789EB93076003DF
:103630002322F4F8F957232AF4FCC5AA032784FDB2
:103640008327C4FCB99F232CF4FC05A2832784F7AD
:10365000232CF4FA832704F7032744F7930604F492
:103660003686BA853E85EFB01FD4032784FB9307C7
:1036700004F4BA853E85EFF0DFA2AA87232EF4FA80
:103680008327C4FB8127F5C3232804FCB5A8832620
:1036900004FD032784FB930704F43686BA853E8530
:1036A000EFF01F89AA878127232CF4F6032704FC57
:1036B0009707070093878730BA97032784FD42173F
:1036C0004193930604F71306405CBA853E85EFF0FC
:1036D0009FA5AA872326F4FC8327C4FC8127635A6D
:1036E000F000032784FD8327C4FCB99F232CF4FC3E
:1036F00039A08327C4FC232AF4FC01003DA28327C0
:1037000004FD85272328F4FC032704FD8327C4FB3D
:1037100001278127E36DF7F689A8032704FC9707A3
:1037200007009387A729BA97032784FD421741937F
:10373000930604F71306405CBA853E85EFF0BF9E02
:10374000AA872326F4FC8327C4FC8127635AF00050
:10375000032784FD8327C4FCB99F232CF4FC39A0E4
:103760008327C4FC232AF4FCC9A001008357E4FD8D
:10377000033784F3BA9785453E85EF203FE7AA8754
:10378000E38A07D48357E4FD8527231FF4FC17053C
:103790000700130525C6EF704FBCAA872326F4FC4B
:1037A000032704FC9707070093874721BA9703264E
:1037B00084FD8326C4FC1307405C970507009385AE
:1037C00065C33E85EF501FF1AA872315F4FC83578C
:1037D000A4FC812789EB930760032322F4F8F957AF
:1037E000232AF4FC99A08357A4FC8127032784FD96
:1037F000B99F232CF4FC01000357E4FD835764F3C5
:1038000001278127E36EF7BC833704F298478327AB
:1038100084FD8127635AF700930760032322F4F89D
:10382000F957232AF4FC11A00100832744FD8127C6
:10383000F1CB832744FD1B870700F9576311F70479
:10384000032704FC9707070093874717B304F70083
:10385000833704F203C9C700832744F83E85EF008D
:103860009FCEAA87812793F7F70F85463E86CA85A4
:103870002685EF009FD5AA87232CF4FC61A083271F
:1038800044FD1B870700FD57631AF702032704FC5A
:1038900097070700938787123305F700833704F2F1
:1038A00083C7C700832604F8032744F83946BE853A
:1038B000EF305FEFAA87232CF4FCA9A0832744FDF7
:1038C0001B870700F557631FF702032704FC9707C0
:1038D00007009387A70EB304F700833704F203C9E8
:1038E000C700832744F83E85EF60AFE6AA878127AB
:1038F00093F7F70F3E86CA852685EF604FF0AA87BB
:10390000232CF4FC032784FD832704FCB99F232286
:10391000F4FC032744FC930704FABA861706070051
:103920001306C609BE85033584F2EF403FFAAA8725
:10393000232AF4FA0100EE604E64AE640E692D6134
:103940008280397106FC22F88000233CA4FCAE87FB
:103950002334C4FC231BF4FC232604FE232404FE8E
:10396000232204FE835764FD8127930644FE130738
:1039700084FE3A86BE85033584FDEF708FBDAA872D
:103980002326F4FE8327C4FE812781EB1705070059
:103990001305C502EF00003199A08327C4FE1B87E1
:1039A0000700FD57630DF702EFB07FB6AA871B87AC
:1039B0000700832784FE81276363F702EFB03FB5DA
:1039C000AA871B870700832744FE812763E9E70056
:1039D00017050700130585FEEF00C02C010001004C
:1039E000E270427421618280397106FC22F8800005
:1039F000233CA4FCAE872334D4FC2330E4FC232AEC
:103A0000F4FCB287A309F4FCA30704FE833784FC0B
:103A1000094798C3833784FD83C727003E879D47A6
:103A20006318F70A833784FDA1073E85EF409FBDE9
:103A3000AA87C9EB834734FD93C7170093F7F70FA5
:103A400099CF833784FDA1073E85EF409FB6AA87B3
:103A500099E7833704FC1307500298C3B5A883473E
:103A600034FD93C7170093F7F70F9DC3833784FD89
:103A7000A1073E85EF40DFBBAA8793C7170093F7E6
:103A8000F70F99C7833704FC1307500298C3A9A006
:103A9000833784FDA1073E85EF40BFB12A87832786
:103AA00044FDC217C19363FBE700833784FC0D47D5
:103AB00098C3833704FC514798C339A88547A307A7
:103AC000F4FE19A8833704FC1307900298C329A0B9
:103AD000833704FC254798C38347F4FE3E85E27094
:103AE000427421618280397122FC8000233CA4FC55
:103AF000AE872334C4FC2330D4FCA30BF4FC8547ED
:103B0000A307F4FE833784FD03C72700834774FDB2
:103B100093F7F70F638CE700A30704FE833784FC59
:103B2000094798C3833704FC254798C38347F4FEAD
:103B30003E85627421618280597186F4A2F08018FA
:103B40002334A4FAAE87233CC4F82338D4F82313D3
:103B5000F4FA232604FE232404FE232204FE930702
:103B600084FB3E85EF50AFA6930704FD01468145D7
:103B70003E85EF503FEF130704FD930784FBBA86A1
:103B80003E86833584F917050700130525E3EF50BA
:103B90001FBAAA872324F4FE032784FE9707070091
:103BA0009387C7E13E97833704F983C7C70025464B
:103BB000BE853A85EF60AFC4AA872326F4FE0327AB
:103BC00084FE8327C4FEB99F2324F4FE032784FECA
:103BD000930704FDBA8617060700130626DEBE8586
:103BE000033584F9EF409FCEAA872322F4FE01001B
:103BF000A6700674656182801D7186ECA2E8A6E459
:103C0000CAE08010233CA4FA2338B4FA2334C4FA5F
:103C1000232E04FC232C04FC930704FC3E85EF5068
:103C20000F9B033504FBEF50CFA3014681450335BD
:103C300084FAEF503FE3930704FC833684FA3E8610
:103C4000833504FB033584FBEF507FAEAA87232C1A
:103C5000F4FC832784FD033784FBB304F700EFB043
:103C60001F8BAA871B890700EFB09FA8AA873E87F2
:103C70008D461306405CCA852685EF508FADAA8716
:103C8000232EF4FC032784FD8327C4FDB99F232C36
:103C9000F4FC832784FD3E85E6604664A6640669DD
:103CA000256182805D7186E4A2E08008233CA4FA4D
:103CB000232604FE232404FE130704FC930704FDBB
:103CC0003A86BE85033584FBEFF01FF3AA872326CF
:103CD000F4FE8326C4FE130704FC930704FD033699
:103CE00084FBBA853E85EF407FBEAA872324F4FE7D
:103CF0000100A6600664616182801D7186ECA2E805
:103D000080102334A4FAAE8732872322F4FABA87CC
:103D10002320F4FA232604FE232404FE232204FE97
:103D2000930784FB3E85EF508F8A930704FD01467D
:103D300081453E85EF501FD3130704FD930784FB95
:103D4000BA863E86833584FA17050700130505C732
:103D5000EF50FF9DAA872324F4FE032784FE9707D4
:103D600007009387A7C5BA97832604FA032744FA66
:103D70003686BA853E85EF60FFEFAA872326F4FEDC
:103D8000032784FE8327C4FEB99F2324F4FE032760
:103D900084FE930704FDBA8617060700130606C2C1
:103DA000BE85033584FAEF407FB2AA872322F4FE52
:103DB0000100E660466425618280397106FC22F8C4
:103DC0008000AA872E872326F4FCBA872324F4FCDC
:103DD000EF502F91AA8793C7170093F7F70F95E33A
:103DE000930784FD3E85EF50CF87832684FC03270D
:103DF000C4FC930784FD3686BA853E85EFF0FFEF5D
:103E000011A00100E270427421618280011106EC70
:103E100022E80010AA872E872326F4FEBA872324DF
:103E2000F4FE032784FE8327C4FEBA853E85EFF0A7
:103E3000DFF80100E260426405618280797122F45A
:103E40000018F32740F12334F4FE833784FE233037
:103E5000F4FE37070002833704FE8A07BA9723A0CF
:103E6000070037070002833704FE8A07BA979C438E
:103E70008127232EF4FC8327C4FD010022744561B1
:103E80008280011106EC22E800102334A4FE1546BE
:103E900097B500009385854B17050C001305054168
:103EA000EF006ED2978500009385C52817050C009A
:103EB0001305C53FEF004EC40100E2604264056196
:103EC0008280357106ED22E90011F32740F1233499
:103ED000F4FE833784FE2330F4FE232204F6EFF051
:103EE000FFF5F3674430233CF4FC73005010F327D4
:103EF00040342338F4FC833704FDA18BFDD7EFF069
:103F0000FFF3EFF05DB20D46F167938507201705CB
:103F10000C001305A539EF00EEA4978500009385EA
:103F2000652317050C0013056538EF00EEBC01464C
:103F300097050000938525F517050C001305053737
:103F4000EF008ED517050C0013054536EF007E8770
:103F5000832744F68127852781272322F4F68327A8
:103F600044F681273E87B7071000E313F7FE2322AC
:103F700004F6930784F6033604FE978500009385C4
:103F8000651F3E85EF40607F930784F63E85EF40D6
:103F9000B006AA871B870700930784F63A86BE857A
:103FA00017050C0013058530EF00CEA555B701119C
:103FB00022EC0010F32740F12334F4FE833784FE13
:103FC0002330F4FE97B700009387C7379C438127BF
:103FD00085271B87070097B700009387A73698C3EC
:103FE0000100626405618280797122F40018F32770
:103FF00040F12334F4FE833784FE2330F4FE370788
:104000000002833704FE8A07BA9723A00700370708
:104010000002833704FE8A07BA979C438127232E28
:10402000F4FC8327C4FD01002274456182800111E4
:1040300006EC22E800102334A4FE154697B50000D4
:104040009385C53117050C001305C52DEF00AEB7DC
:10405000978500009385051317050C001305852C23
:10406000EF008EA90100E260426405618280357133
:1040700006ED22E90011F32740F12334F4FE8337E3
:1040800084FE2330F4FE232204F6EFF0FFF5F367FD
:104090004430233CF4FC73005010F32740342338A1
:1040A000F4FC833704FDA18BFDD7EFF0FFF3EFF0B5
:1040B0009D970D46F1679385072017050C001305A2
:1040C0006526EF002E8A978500009385A50D1705BC
:1040D0000C0013052525EF002EA2014697050000D0
:1040E000938525F517050C001305C523EF00CEBAFF
:1040F00017050C0013050523EF00AEEC832744F6EB
:104100008127852781272322F4F6832744F68127F8
:104110003E87B7071000E313F7FE232204F6930748
:1041200084F6033604FE978500009385A5093E8535
:10413000EF40A064930784F63E85EF40E06BAA87CA
:104140001B870700930784F63A86BE8517050C0087
:104150001305451DEF000E8B55B7011122EC001021
:10416000F32740F12334F4FE833784FE2330F4FE3A
:1041700097B700009387071E9C43812785271B87DD
:10418000070097B700009387E71C98C3010062649B
:1041900005618280797122F40018F32740F12334FD
:1041A000F4FE833784FE2330F4FE370700028337A2
:1041B00004FE8A07BA9723A0070037070002833757
:1041C00004FE8A07BA979C438127232EF4FC832799
:1041D000C4FD0100227445618280011106EC22E8D1
:1041E00000102334A4FE154697B5000093850518EA
:1041F00017050C00130585EDEF00EE9C9785000078
:10420000938545FD17050C00130545ECEF00CE8E98
:104210000100E260426405618280357106ED22E9A9
:104220000011F32740F12334F4FE833784FE23305A
:10423000F4FE232204F6EFF0FFF5F3674430233C4D
:10424000F4FC73005010F32740342338F4FC833718
:1042500004FDA18BFDD7EFF0FFF3EFF0CDFC0D4691
:10426000F1679385072017050C00130525E6EFF08D
:104270007DEF978500009385E5F717050C00130582
:10428000E5E4EF006E87014697050000938525F56C
:1042900017050C00130585E3EF000EA017050C00B1
:1042A0001305C5E2EF00EED1832744F68127852769
:1042B00081272322F4F6832744F681273E87B70718
:1042C0001000E313F7FE232204F6930784F6033667
:1042D00004FE978500009385E5F33E85EF40E049B5
:1042E000930784F63E85EF402051AA871B8707007D
:1042F000930784F63A86BE8517050C00130505DD85
:10430000EFF05DF055B7011122EC0010F32740F1FA
:104310002334F4FE833784FE2330F4FE97B7000085
:10432000938747049C43812785271B87070097B7FE
:1043300000009387270398C30100626405618280AF
:10434000797122F40018F32740F12334F4FE833707
:1043500084FE2330F4FE37070002833704FE8A0709
:10436000BA9723A0070037070002833704FE8A07A5
:10437000BA979C438127232EF4FC8327C4FD0100B8
:10438000227445618280011106EC22E8001023347A
:10439000A4FE154697B50000938545FE17050C0051
:1043A00013054507EF002E8297850000938585E76A
:1043B00017050C0013050506EFF01DF40100E2607F
:1043C000426405618280357106ED22E90011F32710
:1043D00040F12334F4FE833784FE2330F4FE23229D
:1043E00004F6EFF0FFF5F3674430233CF4FC730070
:1043F0005010F32740342338F4FC833704FDA18B9D
:10440000FDD7EFF0FFF3EFF00DE20D46F167938576
:10441000072017050C001305E5FFEFF0BDD49785C5
:104420000000938525E217050C001305A5FEEFF0AB
:10443000BDEC014697050000938525F517050C0096
:10444000130545FDEF004E8517050C00130585FC8F
:10445000EF002EB7832744F6812785278127232263
:10446000F4F6832744F681273E87B7071000E3134D
:10447000F7FE232204F6930784F6033604FE97859D
:104480000000938525DE3E85EF40202F930784F6BC
:104490003E85EF406036AA871B870700930784F6A6
:1044A0003A86BE8517050C001305C5F6EFF09DD5BD
:1044B00055B7011122EC0010F32740F12334F4FE2C
:1044C000833784FE2330F4FE97B70000938787EA92
:1044D0009C43812785271B87070097B70000938798
:1044E00067E998C30100626405618280797122F4F2
:1044F0000018F32740F12330F4FE833704FE233CF9
:10450000F4FC033784FD914763EFE720833784FD94
:104510001397270097870000938787D5BA979C4306
:104520001B87070097870000938787D4BA978287F5
:10453000232604FE15A03707000C8366C4FE85679A
:1045400093870780B6978A07BA9723A00700832727
:10455000C4FE85272326F4FE8327C4FE1B8707009D
:104560009547E3FAE7FC3707000CB7072000BA9736
:1045700023A0070055AA232604FE35A83707000C00
:104580008366C4FE856793870782B6978A07BA97C2
:1045900023A007003707000C8366C4FE8567938756
:1045A0000784B6978A07BA9723A007008327C4FE1B
:1045B00085272326F4FE8327C4FE1B870700954723
:1045C000E3FEE7FA3707000CB7172000BA9723A0DD
:1045D00007003707000CB7272000BA971D4798C37C
:1045E000A1A2232604FE35A83707000C8366C4FE6B
:1045F000856793870786B6978A07BA9723A007002F
:104600003707000C8366C4FE856793870788B697D3
:104610008A07BA9723A007008327C4FE852723268D
:10462000F4FE8327C4FE1B8707009547E3FEE7FAE5
:104630003707000CB7372000BA9723A007003707C9
:10464000000CB7472000BA971D4798C3F1A823264E
:1046500004FE35A83707000C8366C4FE8567938780
:10466000078AB6978A07BA9723A007003707000C76
:104670008366C4FE85679387078CB6978A07BA97C7
:1046800023A007008327C4FE85272326F4FE832763
:10469000C4FE1B8707009547E3FEE7FA3707000CC7
:1046A000B7572000BA9723A007003707000CB76759
:1046B0002000BA971D4798C385A8232604FE35A875
:1046C0003707000C8366C4FE85679387078EB6970D
:1046D0008A07BA9723A007003707000C8366C4FE39
:1046E000856793870790B6978A07BA9723A0070034
:1046F0008327C4FE85272326F4FE8327C4FE1B8759
:1047000007009547E3FEE7FA3707000CB77720006C
:10471000BA9723A007003707000CB7872000BA9785
:104720001D4798C311A0010085679B870780F3A7E9
:1047300047302338F4FC01002274456182805D71AA
:1047400086E4A2E080082334A4FCAE87233CC4FAAC
:104750002313F4FC232604FE232404FE232204FE58
:10476000232004FE231F04FC1307E4FD930604FE2C
:10477000130644FE930784FEBE85033584FCEF4098
:10478000BF8DAA872326F4FE8327C4FE1B8707005C
:10479000FD57630CF700832784FE032744FE03368E
:1047A00084FBBA853E85EF000F840100A660066495
:1047B00061618280411106E422E000080145EFB00A
:1047C0005FEA97F5FFFF938505182145EF007F828B
:1047D000970500009385E5F60145EF009F8117F5E9
:1047E000FFFF1305A535EF00CFFE97E5FFFF93858B
:1047F00085303145EF002FFA97F5FFFF938565B3BC
:104800003945EF004FF997E5FFFF9385256D314559
:10481000EF00BF910100A2600264410182807971C2
:1048200022F400182334A4FEAE87233CC4FC2338B2
:10483000D4FC2322F4FE97B700009387A7B49C63AF
:104840001387170097B700009387C7B398E3010059
:10485000227445618280397106FC22F8800023347D
:10486000A4FE233CC4FC2338E4FC2334F4FCAE87D0
:104870002322F4FEB6872320F4FE97B70000938727
:1048800067B19C4381273E8785476314F7048327DC
:1048900004FE1B870700916763F5E70091672320FB
:1048A000F4FE836704FE3E86833584FD17551400AD
:1048B0001305C56DEF30D00B97B700009387C7ADD8
:1048C000032704FE98C397B700009387A7AC094756
:1048D00098C3972714009387677BDC438127A1E760
:1048E000972714009387877A032744FE98CF97274A
:1048F00014009387A779033784FD98F39727140052
:104900009387C778032704FE98D7972714009387C7
:10491000E777033704FD98FB972714009387077701
:10492000033784FC98FF05478146033684FD8145A3
:10493000033584FEEF201E869727140093870775A2
:10494000DC43812785271B8707009727140093875F
:10495000E773D8C397B700009387C7A59C631387F5
:10496000170097B700009387E7A498E30100E2706F
:10497000427421618280011106EC22E80010179533
:1049800014001305A560EF10FEC6979714009387D7
:10499000E75F1307F003F8CB979714009387075F3F
:1049A000238C0704979714009387475E7157A38C55
:1049B000E704979714009387675D238D0704979703
:1049C00014009387A75C4947A38DE70497971400C9
:1049D0009387C75B13074003238EE7049797140060
:1049E0009387C75A13078005A38EE704979714008F
:1049F0009387C759054723A6E70C938701881717A4
:104A00001000130727B298E397971400938707586D
:104A10002D47B8D39797140093874757130700087B
:104A2000D8C397971400938767560547F8D397978D
:104A300014009387A7554147B8D7979714009387D9
:104A4000E754114798C39797140093872754176723
:104A5000FEFF1307C70898EF979714009387075333
:104A60001767FEFF1307871998F39797140093872A
:104A7000E7511767FEFF1307472A98F79797140027
:104A80009387C7501767FEFF1307E78C98E7979740
:104A900014009387A74F1767FEFF130727CF98EBE4
:104AA000979714009387874E1757FEFF130787F3D6
:104AB00098FB979714009387674D1757FEFF1307CE
:104AC00087F498FF9387018898639717120093875C
:104AD0006726631AF700979714009387274B1307ED
:104AE0007005A38EE704938701889C639795140053
:104AF0009385C5493E85EF001EE0938701889C633E
:104B00009C679C431B870700938701889C639C6775
:104B10005D9B012798C3938701889C639C67094725
:104B200023A0E75A938701889C639C679C431B875B
:104B30000700938701889C639C67136787000127A0
:104B400098C3938701889C6317060000130666CDFF
:104B500081453E85EF305EA9938701889C631706E7
:104B60000000130686CF81453E85EF309EAD23269B
:104B700004FEB5A08327C4FE1B870700FD4763071B
:104B8000F7029387018888630327C4FEBA878A07E0
:104B9000BA97AE0717F7060013074740BA970147C1
:104BA00081463E868145EF20EEDE2DA09387018869
:104BB00088630327C4FEBA878A07BA97AE0717F738
:104BC00006001307A73DBA977D5781463E8681456B
:104BD000EF204EDC8327C4FE85272326F4FE83279F
:104BE000C4FE3E87FD47E3F7E7F80100E260426458
:104BF00005618280011106EC22E8001097A70000F1
:104C00009387C77B986397A700009387A77B9C63D4
:104C10006361F70E938701889C6317A60000130653
:104C2000F67A9385C1883E85EF100EF2AA873E87FB
:104C300097A70000938787792380E70097271400C0
:104C40009387C7449C471B87070097A7000093875B
:104C5000E77783C7070093F7F70F81276307F7020A
:104C600097A700009387877683C7070093F7F70F0E
:104C70001B870700972714009387474198C79727FA
:104C800014009387A740054798CB97371400938764
:104C900067C49C433E85EF307FB7973714009387F6
:104CA00067C39843973714009387C7C2DC47F98FCF
:104CB0002326F4FE973714009387C7C1DC4793C7B8
:104CC000F7FF1B8707008327C4FED98F2326F4FE36
:104CD0008327C4FE3E85EF309FB597A700009387DA
:104CE000E76D9C631387A70F97A700009387876DD5
:104CF00098E30100E260426405618280411122E490
:104D0000000897A700009387676B9C631387570081
:104D100097A700009387876A98E301002264410106
:104D20008280011106EC22E80010735000347350A9
:104D3000203473501034EFF06FFB0145EF10B0607A
:104D40000100E260426405618280157186EDA2E98E
:104D50008011930784F2977500009385A5523E85D4
:104D6000EF30B021938781879C63130784F2BA8563
:104D70003E85EFF06DD8930784F297750000938518
:104D8000E5533E85EF30701F938781879C6313073F
:104D900084F2BA853E85EFF02DD6930784F297759D
:104DA0000000938525543E85EF30301D9387818721
:104DB0009C63130784F2BA853E85EFF0EDD39387A9
:104DC00001889C639C67DC43812793F70702812756
:104DD00091C7977700009387E75229A09777000043
:104DE00093874753130784F23E8697750000938597
:104DF000E5523A85EF307018938781879C631307DB
:104E000084F2BA853E85EFF02DCF930784F2977533
:104E10000000938525543E85EF30301693878187B7
:104E20009C63130784F2BA853E85EFF0EDCC9307BF
:104E300084F297750000938565543E85EF30F0133A
:104E4000938781879C63130784F2BA853E85EFF0D0
:104E5000ADCA930784F2977500009385A5543E85EB
:104E6000EF30B011938781879C63130784F2BA8572
:104E70003E85EFF06DC8930784F297750000938527
:104E8000E5543E85EF30700F938781879C6313074D
:104E900084F2BA853E85EFF02DC6938701889C6326
:104EA0009C67DC438127A18B812791C797770000FE
:104EB0009387474629A0977700009387A744130755
:104EC00084F23E86977500009385C5513A85EF3090
:104ED000D00A938781879C63130784F2BA853E8545
:104EE000EFF08DC197A700009387474B9C43812724
:104EF00091C7977700009387E74129A09777000033
:104F000093874740130784F23E8697750000938588
:104F1000E5503A85EF307006938781879C631307CD
:104F200084F2BA853E85EFF02DBD4145EFB0BE84D9
:104F3000AA87812791E7977700009387A75129A037
:104F40009777000093870752130784F23E86977580
:104F500000009385A5513A85EF3030029387818711
:104F60009C63130784F2BA853E85EFF0EDB8938712
:104F700001889C639C67DC438127C18B812791C793
:104F8000977700009387073929A0977700009387C8
:104F90006737130784F23E869775000093850550A6
:104FA0003A85EF30807D938781879C63130784F275
:104FB000BA853E85EFF04DB4930784F297750000F3
:104FC000938545513E85EF30407B938781879C6375
:104FD000130784F2BA853E85EFF00DB2930784F291
:104FE00097750000938505513E85EF3000799387D2
:104FF00081879C63130784F2BA853E85EFF0CDAFBD
:10500000930784F297750000938545503E85EF30F5
:10501000C076938781879C63130784F2BA853E85A7
:10502000EFF08DAD930784F297750000938585505E
:105030003E85EF308074938781879C63130784F2E9
:10504000BA853E85EFF04DAB97A7000093874734B4
:105050009C43812791C7977700009387A72B29A0AE
:10506000977700009387072A130784F23E86977587
:105070000000938525503A85EF3020709387818713
:105080009C63130784F2BA853E85EFF0EDA601001C
:10509000EE604E642D618280157186EDA2E980116B
:1050A00097A700009387C72E9C438127638F073003
:1050B000938701889863B7070200BA9783A7C779D7
:1050C0003E8789476313F714938701889C633E8565
:1050D000EF600E8397271400938747EF83D747002D
:1050E0003E87A167FD177D8F97A700009387872EC6
:1050F0009C633E9797A700009387C72D98E3972757
:1051000014009387A7CF83D767023E8797A7000035
:105110009387C72C9C633E9797A700009387072C23
:1051200098E397271400938767CD83D787023E873C
:1051300097A700009387072B9C633E9797A70000D3
:105140009387472A98E397271400938727CB83D721
:10515000A7023E8797A70000938747299C633E9745
:1051600097A700009387872898E3972714009387D1
:10517000E7CC83D707023E879167FD177D8F97A7FE
:105180000000938727279C633E9797A7000093878B
:10519000672698E397271400938747CA83D7270287
:1051A00013F7F70F97A70000938747259C633E9757
:1051B00097A700009387872498E397271400938785
:1051C000E7C783D747023E879167FD177D8F97A773
:1051D0000000938727239C633E9797A7000093873F
:1051E000672298E397271400938747C583D7670200
:1051F00013F7F70F97A70000938747219C633E970B
:1052000097A700009387872098E393870188986386
:10521000B7070200BA9783A7C7793E87A1476318EB
:10522000F700938701889C633E85EF401EC99387F2
:1052300001889863B7070200BA9783A7C7793E87AA
:1052400091476313F70A938701889C633E85EF506B
:10525000FEBC972714009387679C83D747003E873F
:10526000A167FD177D8F97A700009387A7169C6302
:105270003E9797A700009387E71598E397271400B8
:105280009387C79183D767023E8797A700009387CC
:10529000E7149C633E9797A700009387271498E331
:1052A000972714009387878F83D787023E8797A716
:1052B0000000938727139C633E9797A7000093876E
:1052C000671298E3972714009387478D83D7A70227
:1052D0003E8797A70000938767119C633E9797A727
:1052E00000009387A71098E3938701889863B70716
:1052F0000200BA9783A7C7793E879307000263131A
:10530000F70A938701889C633E85EF602EAD97274F
:1053100014009387A7D183D747003E87A167FD1765
:105320007D8F97A700009387E70A9C633E9797A716
:1053300000009387270A98E397271400938707CBE9
:1053400083D767023E8797A70000938727099C634E
:105350003E9797A700009387670898E39727140064
:105360009387C7C883D787023E8797A70000938794
:1053700067079C633E9797A700009387A70698E36B
:1053800097271400938787C683D7A7023E8797A7DE
:1053900000009387A7059C633E9797A7000093871B
:1053A000E70498E3938701889863B7070200BA97E8
:1053B00083A7C7793E87930700046318F700938794
:1053C00001889C633E85EF402EE6938701889863B1
:1053D000B7070200BA9783A7C7793E878947631347
:1053E000F728930704F2977500009385251C3E85E6
:1053F000EF30A038938781879C63130704F2BA8546
:105400003E85EFE07DEF97A700009387A7FC9863A8
:10541000930704F23A86977500009385A51A3E8596
:10542000EF30A035938781879C63130704F2BA8518
:105430003E85EFE07DEC97A70000938727FA9863FD
:10544000930704F23A86977500009385251A3E85E6
:10545000EF30A032938781879C63130704F2BA85EB
:105460003E85EFE07DE997A700009387A7F8986352
:10547000930704F23A86977500009385A5193E8537
:10548000EF30A02F938781879C63130704F2BA85BE
:105490003E85EFE07DE697A70000938727F69863A7
:1054A000930704F23A8697750000938525193E8587
:1054B000EF30A02C938781879C63130704F2BA8591
:1054C0003E85EFE07DE397A700009387A7F39863FD
:1054D000930704F23A86977500009385A5183E85D8
:1054E000EF30A029938781879C63130704F2BA8564
:1054F0003E85EFE07DE097A70000938727F1986352
:10550000930704F23A8697750000938525183E8527
:10551000EF30A026938781879C63130704F2BA8536
:105520003E85EFE07DDD97A700009387A7EB9863AA
:10553000930704F23A86977500009385A5173E8578
:10554000EF30A023938781879C63130704F2BA8509
:105550003E85EFE07DDA97A70000938727E99863FF
:10556000930704F23A8697750000938525173E85C8
:10557000EF30A020938781879C63130704F2BA85DC
:105580003E85EFE07DD7938701889863B7070200D7
:10559000BA9783A787793E87A1476315F70C9307CE
:1055A00004F2977500009385E5153E85EF30E01C09
:1055B000938781879C63130704F2BA853E85EFE0E9
:1055C000BDD3972714009387E78983D707001B87EC
:1055D0000700930704F23A86977500009385051437
:1055E0003E85EF308019938781879C63130704F20F
:1055F000BA853E85EFE05DD09727140093878786B4
:1056000083D727001B870700930704F23A86977514
:1056100000009385A5123E85EF3020169387818781
:105620009C63130704F2BA853E85EFE0FDCC972713
:1056300014009387278383D787001B87070093076E
:1056400004F23A8697750000938545113E85EF3048
:10565000C012938781879C63130704F2BA853E8545
:10566000EFE09DC9938701889863B7070200BA9756
:1056700083A7C7793E879147630FF7009387018817
:105680009863B7070200BA9783A7C7793E87930745
:1056900000026314F70E930704F2977500009385D8
:1056A000E5F03E85EF30600D938781879C6313079B
:1056B00004F2BA853E85EFE03DC497A700009387CA
:1056C00067D19863930704F23A8697750000938533
:1056D00065EF3E85EF30600A938781879C631307EF
:1056E00004F2BA853E85EFE03DC197A7000093879D
:1056F000E7CE9863930704F23A8697750000938586
:10570000E5EE3E85EF306007938781879C63130742
:1057100004F2BA853E85EFE03DBE97A7000093876F
:1057200067CC9863930704F23A86977500009385D7
:1057300065F83E85EF306004938781879C6313078B
:1057400004F2BA853E85EFE03DBB97A70000938742
:10575000E7C99863930704F23A869775000093852A
:10576000E5F73E85EF306001938781879C631307DF
:1057700004F2BA853E85EFE03DB8938701889863CF
:10578000B7070200BA9783A7C7793E87A14763147A
:10579000F750930704F2977500009385A5FE3E85A8
:1057A000EF20B07D938781879C63130704F2BA854D
:1057B0003E85EFE07DB4971714009387273883D791
:1057C00007001B870700930704F23A8697750000CD
:1057D000938545FC3E85EF20507A938781879C63B3
:1057E000130704F2BA853E85EFE01DB19717140048
:1057F0009387C73483D727001B870700930704F2DA
:105800003A8697750000938565FC3E85EF20F0761B
:10581000938781879C63130704F2BA853E85EFE086
:10582000BDAD971714009387673183D787001B8717
:105830000700930704F23A8697750000938585FC6C
:105840003E85EF209073938781879C63130704F252
:10585000BA853E85EFE05DAA971714009387072E5F
:1058600083D7A7001B870700930704F23A86977532
:1058700000009385A5FC3E85EF20307093878187DB
:105880009C63130704F2BA853E85EFE0FDA69717E7
:1058900014009387A72A83D7C7001B8707009307A5
:1058A00004F23A86977500009385C5FC3E85EF208B
:1058B000D06C938781879C63130704F2BA853E8579
:1058C000EFE09DA3971714009387472783D7E7003E
:1058D0001B870700930704F23A86977500009385AB
:1058E000E5FC3E85EF207069938781879C631307F1
:1058F00004F2BA853E85EFE03DA097171400938728
:10590000E72383D707011B870700930704F23A8632
:1059100097750000938505FD3E85EF2010669387FF
:1059200081879C63130704F2BA853E85EFE0DD9C16
:10593000971714009387872083D727011B870700B9
:10594000930704F23A8697750000938525FD3E85FE
:10595000EF20B062938781879C63130704F2BA85B6
:105960003E85EFE07D99971714009387271D83D715
:1059700047011B870700930704F23A8697750000DA
:10598000938545FD3E85EF20505F938781879C631B
:10599000130704F2BA853E85EFE01D9697171400B1
:1059A0009387C71983D7E7011B870700930704F282
:1059B0003A8697750000938565FD3E85EF20F05B84
:1059C000938781879C63130704F2BA853E85EFE0D5
:1059D000BD92971714009387671683D707021B871A
:1059E0000700930704F23A8697750000938585FDBA
:1059F0003E85EF209058938781879C63130704F2BC
:105A0000BA853E85EFE05D8F9717140093870713E3
:105A100083D727021B870700930704F23A869775FE
:105A200000009385A5FD3E85EF2030559387818743
:105A30009C63130704F2BA853E85EFE0FD8B971750
:105A400014009387A70F83D767021B87070093076C
:105A500004F23A86977500009385C5FD3E85EF20D8
:105A6000D051938781879C63130704F2BA853E85E2
:105A7000EFE09D88971714009387470C83D7870220
:105A80001B870700930704F23A86977500009385F9
:105A9000E5FD3E85EF20704E938781879C63130759
:105AA00004F2BA853E85EFE03D8597171400938791
:105AB00067F183D747001B870700930704F23A86F4
:105AC00097750000938505FE3E85EF20104B938768
:105AD00081879C63130704F2BA853E85EFE0DD8180
:105AE00097171400938707EE83D7A7001B8707003B
:105AF000930704F23A8697750000938525FE3E854C
:105B0000EF20B047938781879C63130704F2BA851F
:105B10003E85EFE06DFE971714009387A7EA83D7C1
:105B2000E7001B870700930704F23A869775000089
:105B3000938545FE3E85EF205044938781879C6383
:105B4000130704F2BA853E85EFE00DFB97171400AA
:105B5000938747E783D747021B870700930704F221
:105B60003A8697750000938565FE3E85EF20F040EC
:105B7000938781879C63130704F2BA853E85EFE023
:105B8000ADF7971714009387E7E383D7E7021B87E6
:105B90000700930704F23A8697750000938585FE07
:105BA0003E85EF20903D938781879C63130704F225
:105BB000BA853E85EFE04DF4938701889863B70777
:105BC0000200BA9783A787793E87A1476315F70C30
:105BD000930704F2977500009385C5B23E85EF20C8
:105BE000D039938781879C63130704F2BA853E8579
:105BF000EFE08DF097171400938747DA83D70700FB
:105C00001B870700930704F23A8697750000938577
:105C1000E5FA3E85EF207036938781879C631307F2
:105C200004F2BA853E85EFE02DED971714009387B7
:105C3000E7D683D727001B870700930704F23A862D
:105C400097750000938505FB3E85EF201033938701
:105C500081879C63130704F2BA853E85EFE0CDE9A6
:105C600097171400938787D383D787001B87070074
:105C7000930704F23A8697750000938525FB3E85CD
:105C8000EF20B02F938781879C63130704F2BA85B6
:105C90003E85EFE06DE6232604FEB9A093870188D8
:105CA0009C630327C4FEBA853E85EF10EEBCAA872D
:105CB0001B87070097E60B009386462E8367C4FE7A
:105CC0008A07B6979C43B99F1B87070097E60B008E
:105CD0009386C62C8367C4FE8A07B69798C383272A
:105CE000C4FE85272326F4FE8327C4FE1B870700F6
:105CF0009307E002E314F7FA930704F297750000A4
:105D0000938545F63E85EF205027938781879C63D6
:105D1000130704F2BA853E85EFE00DDE97E70B002E
:105D20009387C7279C43139707020193930704F2B5
:105D30003A8697750000938565F43E85EF20F02341
:105D4000938781879C63130704F2BA853E85EFE051
:105D5000ADDA97E70B0093876724DC4313970702BC
:105D60000193930704F23A8697750000938585F3B3
:105D70003E85EF209020938781879C63130704F270
:105D8000BA853E85EFE04DD797E70B009387072153
:105D90009C47139707020193930704F23A8697757D
:105DA00000009385A5F23E85EF20301D9387818703
:105DB0009C63130704F2BA853E85EFE0EDD397E7C5
:105DC0000B009387A71DDC471397070201939307E6
:105DD00004F23A86977500009385C5F13E85EF2061
:105DE000D019938781879C63130704F2BA853E8597
:105DF000EFE08DD097E70B009387471A9C4B1397E2
:105E000007020193930704F23A8697750000938581
:105E1000E5F03E85EF207016938781879C6313071A
:105E200004F2BA853E85EFE02DCD97E70B0093870E
:105E3000E716DC4B139707020193930704F23A86A7
:105E400097750000938505F03E85EF20101393872A
:105E500081879C63130704F2BA853E85EFE0CDC9C4
:105E600097E70B00938787139C4F139707020193C3
:105E7000930704F23A8697750000938525EF3E85D7
:105E8000EF20B00F938781879C63130704F2BA85D4
:105E90003E85EFE06DC697E70B0093872710DC4F38
:105EA000139707020193930704F23A86977500004F
:105EB000938545EE3E85EF20500C938781879C6348
:105EC000130704F2BA853E85EFE00DC397E70B0098
:105ED0009387C70C9C53139707020193930704F20F
:105EE0003A8697750000938565ED3E85EF20F008B2
:105EF000938781879C63130704F2BA853E85EFE0A0
:105F0000ADBF97E70B0093876709DC531397070230
:105F10000193930704F23A8697750000938585EC08
:105F20003E85EF209005938781879C63130704F2D9
:105F3000BA853E85EFE04DBC97E70B0093870706D7
:105F40009C57139707020193930704F23A869775BB
:105F500000009385A5EB3E85EF2030029387818773
:105F60009C63130704F2BA853E85EFE0EDB897E72E
:105F70000B009387A702DC5713970702019393073F
:105F800004F23A86977500009385C5EA3E85EF20B6
:105F9000C07E938781879C63130704F2BA853E8590
:105FA000EFE08DB597E70B00938747FF9C5B139756
:105FB00007020193930704F23A86977500009385D0
:105FC000E5E93E85EF20607B938781879C6313071B
:105FD00004F2BA853E85EFE02DB297E70B00938778
:105FE000E7FBDC5B139707020193930704F23A8601
:105FF00097750000938505E93E85EF20007893872B
:1060000081879C63130704F2BA853E85EFE0CDAE2D
:1060100097E70B00938787F89C5F1397070201931C
:10602000930704F23A8697750000938525E83E852C
:10603000EF20A074938781879C63130704F2BA85CD
:106040003E85EFE06DAB97E70B00938727F5DC5FAC
:10605000139707020193930704F23A86977500009D
:10606000938545E73E85EF204071938781879C6348
:10607000130704F2BA853E85EFE00DA897E70B0001
:106080009387C7F1BC43139707020193930704F268
:106090003A8697750000938565E63E85EF20E06DB2
:1060A000938781879C63130704F2BA853E85EFE0EE
:1060B000ADA497E70B00938767EEFC4313970702A5
:1060C0000193930704F23A8697750000938585E55E
:1060D0003E85EF20806A938781879C63130704F2D3
:1060E000BA853E85EFE04DA197E70B00938707EB5C
:1060F000BC47139707020193930704F23A869775FA
:1061000000009385A5E43E85EF2020679387818773
:106110009C63130704F2BA853E85EFE0ED9D97E797
:106120000B009387A7E7FC47139707020193930798
:1061300004F23A86977500009385C5E33E85EF200B
:10614000C063938781879C63130704F2BA853E85F9
:10615000EFE08D9A97E70B00938747E4BC4B1397CA
:1061600007020193930704F23A869775000093851E
:10617000E5E23E85EF206060938781879C6313078B
:1061800004F2BA853E85EFE02D9797E70B009387E1
:10619000E7E0FC4B139707020193930704F23A865A
:1061A00097750000938505E23E85EF20005D93879B
:1061B00081879C63130704F2BA853E85EFE0CD9397
:1061C00097E70B00938787DDBC4F13970702019376
:1061D000930704F23A8697750000938525E13E8582
:1061E000EF20A059938781879C63130704F2BA8537
:1061F0003E85EFE06D9097E70B00938727DAFC4F21
:10620000139707020193930704F23A8697750000EB
:10621000938545E03E85EF204056938781879C63B8
:10622000130704F2BA853E85EFE00D8D97E70B006A
:106230009387C7D6BC53139707020193930704F2C1
:106240003A8697750000938565DF3E85EF20E05222
:10625000938781879C63130704F2BA853E85EFE03C
:10626000AD8997E70B00938767D3FC531397070219
:106270000193930704F23A8697750000938585DEB3
:106280003E85EF20804F938781879C63130704F23C
:10629000BA853E85EFE04D8697E70B00938707D0E0
:1062A000BC57139707020193930704F23A86977538
:1062B00000009385A5DD3E85EF20204C93878187E4
:1062C0009C63130704F2BA853E85EFE0ED8297E701
:1062D0000B009387A7CCFC571397070201939307F2
:1062E00004F23A86977500009385C5DC3E85EF2061
:1062F000C048938781879C63130704F2BA853E8563
:10630000EFD09DFF97E70B00938747C9BC5B1397BE
:1063100007020193930704F23A869775000093856C
:10632000E5DB3E85EF206045938781879C631307FB
:1063300004F2BA853E85EFD03DFC97E70B009387CA
:10634000E7C5FC5B139707020193930704F23A86B3
:1063500097750000938505DB3E85EF20004293870B
:1063600081879C63130704F2BA853E85EFD0DDF880
:1063700097E70B00938787C2BC5F139707020193CF
:10638000930704F23A8697750000938525DA3E85D7
:10639000EF20A03E938781879C63130704F2BA85A0
:1063A0003E85EFD07DF597E70B00938727BFFC5F15
:1063B000139707020193930704F23A86977500003A
:1063C000938545D93E85EF20403B938781879C6329
:1063D000130704F2BA853E85EFD01DF297E70B0054
:1063E0009387C7BB83A707081397070201939307F7
:1063F00004F23A8697750000938545D83E85EF20D4
:10640000C037938781879C63130704F2BA853E8562
:10641000EFD09DEE97E70B00938747B883A7470817
:10642000139707020193930704F23A8697750000C9
:10643000938545D73E85EF204034938781879C63C1
:10644000130704F2BA853E85EFD01DEB97E70B00EA
:106450009387C7B483A7870813970702019393070D
:1064600004F23A8697750000938545D63E85EF2065
:10647000C030938781879C63130704F2BA853E85F9
:10648000EFD09DE797E70B00938747B183A7C70835
:10649000139707020193930704F23A869775000059
:1064A000938545D53E85EF20402D938781879C635A
:1064B000130704F2BA853E85EFD01DE497E70B0081
:1064C0009387C7AD83A70709139707020193930723
:1064D00004F23A8697750000938545D43E85EF20F7
:1064E000C029938781879C63130704F2BA853E8590
:1064F000EFD09DE097E70B00938747AA83A7470952
:10650000139707020193930704F23A8697750000E8
:10651000938545D33E85EF204026938781879C63F2
:10652000130704F2BA853E85EFD01DDD97E70B0017
:106530009387C7A683A78709139707020193930739
:1065400004F23A8697750000938545D23E85EF2088
:10655000C022938781879C63130704F2BA853E8526
:10656000EFD09DD997E70B00938747A383A7C7096F
:10657000139707020193930704F23A869775000078
:10658000938545D13E85EF20401F938781879C638B
:10659000130704F2BA853E85EFD01DD697E70B00AE
:1065A0009387C79F83A7070A13970702019393074F
:1065B00004F23A8697750000938545D03E85EF201A
:1065C000C01B938781879C63130704F2BA853E85BD
:1065D000EFD09DD297E70B009387479C83A7470A8C
:1065E000139707020193930704F23A869775000008
:1065F000938545CF3E85EF204018938781879C6324
:10660000130704F2BA853E85EFD01DCF97E70B0044
:106610009387C79883A7870A139707020193930765
:1066200004F23A8697750000938545CE3E85EF20AB
:10663000C014938781879C63130704F2BA853E8553
:10664000EFD09DCB97E70B009387479583A7C70AA9
:10665000139707020193930704F23A869775000097
:10666000938545CD3E85EF204011938781879C63BC
:10667000130704F2BA853E85EFD01DC897E70B00DB
:106680009387C79183A7070B13970702019393077B
:1066900004F23A8697750000938545CC3E85EF203D
:1066A000C00D938781879C63130704F2BA853E85EA
:1066B000EFD09DC497E70B009387478E83A7470BC6
:1066C000139707020193930704F23A869775000027
:1066D000938545CB3E85EF20400A938781879C6355
:1066E000130704F2BA853E85EFD01DC10100EE60AC
:1066F0004E642D618280517186F5A2F18019233C90
:10670000A4F0AE87232AF4F0832744F19BD78701B6
:106710009B860700832744F19BD70701812793F7C6
:10672000F70F1B870700832744F19BD7870081273A
:1067300093F7F70F1B860700832744F193F7F70FB2
:106740008127130584F23E88B287033684F197755A
:1067500000009385A5C5EF204002938781879C6345
:10676000130784F2BA853E85EFD01DB90100AE70E3
:106770000E746D618280517186F5A2F18019232615
:1067800004FE979700009387E7C023A00700979720
:106790000000938767C09C431B870700930704F2A0
:1067A0003A86977500009385E5C13E85EF10F07C31
:1067B000938781879C63130704F2BA853E85EFD0E7
:1067C000BDB39DA20327C4FE930704F23A869775D2
:1067D0000000938525C13E85EF10307A232404FE06
:1067E000B9A00327C4FE832784FEB99F81271737EA
:1067F00014001307A779BA9783C707001B87070000
:10680000930704F13A8697750000938525BE3E856F
:10681000EF10B076130704F1930704F2BA853E85B2
:10682000EF10107A832784FE85272324F4FE832724
:1068300084FE1B870700BD47E3D5E7FA232404FE47
:1068400069A80327C4FE832784FEB99F81271737D1
:1068500014001307A773BA9783C707003E87FD4745
:1068600063F8E7040327C4FE832784FEB99F8127CA
:106870001737140013078771BA9783C707003E873D
:106880009307E00763E6E7020327C4FE832784FE3D
:10689000B99F1B870700973714009387276F3E9790
:1068A000930704F20546BA853E85EF1010760DA0D9
:1068B000930704F23E85EF103074AA873E87930752
:1068C00004F2BA971307E0022380E700A3800700D1
:1068D000832784FE85272324F4FE832784FE1B87D9
:1068E0000700BD47E3DFE7F4930704F23E85EF10AE
:1068F000B070AA873E87930704F2BA97294723808E
:10690000E7003547A380E70023810700938781874D
:106910009C63130704F2BA853E85EFD0FD9D832763
:10692000C4FEC1272326F4FE979700009387C7A6CD
:106930009C431B8707008327C4FEBB07F7408127C2
:106940003E87BD47E3E0E7E8979700009387C7A439
:106950009C431B8707008327C4FE630EF71A032797
:10696000C4FE930704F23A8697750000938585A7C5
:106970003E85EF109060232404FEB9A00327C4FED7
:10698000832784FEB99F81271737140013070760F8
:10699000BA9783C707001B870700930704F13A865D
:1069A00097750000938585A43E85EF10105D130751
:1069B00004F1930704F2BA853E85EF1070608327D7
:1069C00084FE85272324F4FE979700009387C79CB5
:1069D0009C4381271B8707008327C4FEBB07F74022
:1069E0001B870700832784FE8127E3C9E7F8414717
:1069F000832784FEBB07F74081273E87BA879B9792
:106A00001700B99F81273E87930704F23A8697754E
:106A100000009385259E3E85EF10305F232404FE01
:106A200069A80327C4FE832784FEB99F81271737EF
:106A300014001307A755BA9783C707003E87FD4781
:106A400063F8E7040327C4FE832784FEB99F8127E8
:106A50001737140013078753BA9783C707003E8779
:106A60009307E00763E6E7020327C4FE832784FE5B
:106A7000B99F1B87070097371400938727513E97CC
:106A8000930704F20546BA853E85EF1010580DA015
:106A9000930704F23E85EF103056AA873E8793078E
:106AA00004F2BA971307E0022380E700A3800700EF
:106AB000832784FE85272324F4FE9797000093877D
:106AC000A78D9C4381271B8707008327C4FEBB0734
:106AD000F7401B870700832784FE8127E3C3E7F481
:106AE000930704F23E85EF103051AA873E87930743
:106AF00004F2BA9729472380E7003547A380E700CF
:106B000023810700938781879C63130704F2BA856A
:106B10003E85EFD06DFE97970000938727889C43B2
:106B2000812789CF97970000938747879C431B87CE
:106B30000700979700009387E78598C30100AE7020
:106B40000E746D6182804D7186E6A2E2800A233C5C
:106B5000A4EA233C04FCB727002023A40708B72796
:106B600000207D5723A2E7082D45EFD08D84EFB09C
:106B70004DEF9387818798630D46F16793850720D2
:106B80003A85EFD02DDE938781879C63977500004F
:106B90009385458B3E85EFD02DF6938781879C6347
:106BA000977500009385058D3E85EFD0EDF4EFC01D
:106BB0009DE7EFD05FDCEFA06EA1B7074000138523
:106BC000D7FFEF801F96EFD05EBDEFD0BFBE971707
:106BD0001400938727D09C433E85EF103FC397173F
:106BE0001400938727CF984397171400938787CE75
:106BF000DC47F98F232AF4FC97171400938787CD7D
:106C0000DC4793C7F7FF1B870700832744FDD98F15
:106C1000232AF4FC832744FD3E85EF105FC1B16752
:106C2000138507ACEF10DFC20145EF105FBCEFD05A
:106C30007FFCEFA02EA19387918883C7070095C39F
:106C400097171400938707C99C4381CF9387918836
:106C50002380070017D50600130545D6EFD08F8493
:106C600031A89387818883C7070089CB9387818860
:106C700023800700FD557D55EFD04F999787000081
:106C8000938747719C4381273E8789476314F700A8
:106C9000EFF07FAE97870000938747719C43812771
:106CA000C5CB231104EE938701889863B7070200D0
:106CB000BA9783A787793E879147631DF70093872B
:106CC00001889C639C6783A747208127C217C193D3
:106CD0002311F4EE938701889863B7070200BA97EF
:106CE00083A787793E87A1476317F70293870188B7
:106CF0009463938701889863B7070200BA9783A7C4
:106D0000077A93F7F70F0546BE853685EF00CEA0CC
:106D1000AA872311F4EE835724EEC217C19381276B
:106D2000918B812781CF938781879C639765000032
:106D3000938545783E85EFD02DDC19A89387818710
:106D40009C6397650000938565773E85EFD0CDDA2B
:106D5000938781879C63130704EF0546BA853E85B8
:106D6000EFD06DE6233CA4FC833784FDE38107EC80
:106D7000834704EF3E87930710066314F71A9707BB
:106D800014009387A7342330F4FE938781879C6394
:106D900097650000938505733E85EFD0EDD5938709
:106DA00081879C63976500009385C5723E85EFD00F
:106DB000ADD4A1472326F4FEB9AA833704FE9C472D
:106DC0009BD787011B860700833704FE9C479BD710
:106DD0000701812793F7F70F9B860700833704FE8F
:106DE0009C479BD78700812793F7F70F1B870700E6
:106DF000833704FE9C4793F7F70F8127130584EF31
:106E00009765000093858570EF103017230404F018
:106E1000938781879C63130784EFBA853E85EFD003
:106E2000ADCD833704FE83C707001B860700833779
:106E300004FE83C717009B860700833704FE83C7C1
:106E400027001B870700833704FE83C737009B8515
:106E50000700833704FE83C747001B88070083377A
:106E600004FE83C757008127130584EFBE88AE87D1
:106E7000976500009385056BEF103010938781872D
:106E80009C63130784EFBA853E85EFD0EDC6833748
:106E900004FE83D7C7009BD78700C217C1931B97F7
:106EA00007011B570741833704FE83D7C70081279B
:106EB0009B97870081279B9707019BD70741D98F15
:106EC0009B9707019BD70741C217C1931B870700F8
:106ED000833704FE83C7E7009B860700930784EF90
:106EE0003A86976500009385E5653E85EF10F008CA
:106EF000938781879C63130784EFBA853E85EFD023
:106F0000ADBF833704FEC1072330F4FE8327C4FEE0
:106F1000FD372326F4FE8327C4FE8127E39F07E87D
:106F200039B3834704EF3E8793071004631FF700CC
:106F3000938781879C63976500009385A5613E8553
:106F4000EFD08DBBEF407E90DDB1834704EF3E87ED
:106F5000930720046310F708938701889C639C675C
:106F6000DC43812793F7070281279DEB9387818775
:106F70009C63976500009385655F3E85EFD0CDB734
:106F8000938701889C639C67DC431B87070093877A
:106F900001889C639C67136707020127D8C341B926
:106FA000938781879C63976500009385255E3E8566
:106FB000EFD08DB4938701889C639C67DC431B876B
:106FC0000700938701889C639C671377F7FD01276F
:106FD000D8C3B1B9834704EF3E87930730066311E6
:106FE000F704938781879C63976500009385055C10
:106FF0003E85EFD06DB0978700009387A73905478E
:1070000098C397870000938767399C438127E38063
:1070100007C29787000093876738054798C301B96F
:10702000834704EF3E87930780066315F700EFD090
:10703000DFD1F5BE834704EF3E8793079006631CBC
:10704000F702938781879C63976500009385855736
:107050003E85EFD06DAA938701889C639C679C4313
:107060001B870700938701889C639C67136707044D
:10707000012798C36DBE834704EF3E8793079004B2
:107080006319F70E938781879C639765000093854A
:1070900065553E85EFD04DA69717140093878783DB
:1070A0009C43BE85176500001305C554EFF0AFE49F
:1070B0009717140093870782DC47BE851765000089
:1070C00013054554EFF02FE397171400938787803B
:1070D000DC4BBE85176500001305C553EFF0AFE12B
:1070E000970714009387077F9C4BBE8517650000A8
:1070F00013054553EFF02FE0970714009387877D22
:10710000DC43BE85176500001305C552EFF0AFDE06
:10711000970714009387077C9C47BE85176500007E
:1071200013054552EFF02FDD970714009387877AF8
:107130009C4FBE85176500001305C551EFF0AFDB0E
:107140009707140093870779DC4FBE851765000009
:1071500013054551EFF02FDA9707140093878777CF
:107160009C53BE85176500001305C550EFF0AFD8DE
:107170007DBC834704EF3E879307A006631EF70696
:10718000938701889C639C67DC438127A18B8127BF
:107190009DEB938781879C63976500009385854E5F
:1071A0003E85EFD06D95938701889C639C67DC4397
:1071B0001B870700938701889C639C671367870080
:1071C0000127D8C3ADB4938781879C63976500007E
:1071D0009385C54C3E85EFD02D92938701889C63A3
:1071E0009C67DC431B870700938701889C639C672F
:1071F0005D9B0127D8C325BC834704EF3E879307D7
:10720000B006631AF70697870000938727199C43F7
:10721000812781CB978700009387471823A0070019
:1072200039A09787000093876717054798C397870A
:1072300000009387A7169C43812791C797570000AA
:107240009387470D29A0975700009387A70B130733
:1072500084EF3E8697650000938545463A85EF109A
:10726000C051938781879C63130784EFBA853E855D
:10727000EFD08D886DBA834704EF3E879307C00631
:107280006314F7044145EF900ECFAA87812799EF49
:10729000938781879C63976500009385A5433E850E
:1072A000EFD08D852145EF904EB551B29387818700
:1072B0009C6397650000938565443E85EFD0CD8340
:1072C0000145EF908EB3A5B2834704EF3E87930745
:1072D00000076310F708938701889C639C67DC4371
:1072E0008127C18B812785EF938701889C639C67E9
:1072F000DC431B870700938701889C639C671367A7
:1073000007010127D8C3938781879C639765000095
:10731000938545413E85EFC03DFE6FF05F919387B9
:1073200001889C639C67DC431B8707009387018867
:107330009C639C673D9B0127D8C3938781879C638F
:10734000976500009385853F3E85EFC0FDFA6FF09D
:107350001F8E834704EF3E8793072007631CF714B3
:10736000938781879C63976500009385A53E3E8542
:10737000EFC09DF81306800B814517D50B00130550
:10738000E5C1EF00B062938701889C633E85EFF012
:107390009DD9938701889863A167BA9723B0071C8A
:1073A000938701889863A167BA9723B4071C9387D2
:1073B00001889863A167BA9723BC071C938701884B
:1073C0009863A167BA9723B0071E938701889863D3
:1073D000A167BA9723B8071C938701889863B707FA
:1073E0000200BA9723B80776938701889863B70796
:1073F0000200BA9723BC0776938701889863B70782
:107400000200BA9723B0077897870000938787F91F
:1074100023B00700978700009387C7F623B00700C3
:1074200097870000938707F923B00700978700002C
:10743000938747FA23B0070097870000938707FADE
:1074400023B00700978700009387C7FA23B007008F
:1074500097870000938787FA23B00700978700007B
:10746000938747FA23B0070097870000938707FAAE
:1074700023B00700978700009387C7F623B0070063
:1074800097870000938787F623B0070093870188CA
:107490009863B7070200BA9783A7C7793E878947E1
:1074A0006317F7F8938701889C633E85EF305EC5CC
:1074B0006FF0EFF7834704EF3E8793073007631DB4
:1074C000F71E97870000938767F083C7070093F73D
:1074D000F70F91C7976700009387C72829A0976780
:1074E00000009387A72817870000130737EE03478C
:1074F000070011C7176700001307C72729A01767E0
:1075000000001307A727130584EFBA863E86976508
:10751000000093852527EF104026938781879C6381
:10752000130784EFBA853E85EFC01DDD9387C188C0
:107530009C433E878947631DF700938781879C633F
:1075400097650000938585263E85EFC0FDDAA1A8EA
:107550009387C1889C433E878547631DF7009387C7
:1075600081879C6397650000938545253E85EFC024
:10757000BDD815A89387C1889C4381EF93878187E5
:107580009C6397650000938565243E85EFC0DDD63A
:1075900019A8938781879C639765000093850524CC
:1075A0003E85EFC07DD5938701889863A167BA9720
:1075B00003B6071C978700009387C7DF9463938700
:1075C00001889863A167BA9783B5871C97870000E5
:1075D000938747DB03B30700938701889863A1670C
:1075E000BA9703B7071D978700009387A7DB9C63B3
:1075F000130584EFBE883A889A872E879765000026
:107600009385451FEF106017938781879C6313074D
:1076100084EFBA853E85EFC03DCE9387018898639D
:10762000B7070200BA9703B6077793870188986374
:10763000B7070200BA9783B6877793870188986364
:10764000B7070200BA9703B70778930784EF9765E7
:1076500000009385251F3E85EF10201293878187B8
:107660009C63130784EFBA853E85EFC0FDC89387FE
:1076700001889863A167BA9703B6871D938701882D
:107680009863A167BA9703B7071E930784EFBA867A
:10769000976500009385051E3E85EF10000E9387C9
:1076A00081879C63130784EFBA853E85EFC0DDC4F4
:1076B000EFD09F9E6FF0AFD7834704EF3E879307CD
:1076C00040076317F708978700009387A7D423A084
:1076D0000700938701889863B70702009387077CA8
:1076E000BA971946BE8517850000130585A3EF00DC
:1076F000302893870188886397870000938707C99C
:107700009C43812793E7070881270147BE86178698
:1077100000001306A6A08145EFF03DF8AA872328B4
:10772000F4FC032704FD930784EF3A869765000075
:107730009385C5163E85EF104004938781879C632F
:10774000130784EFBA853E85EFC01DBB6FF02FCEC7
:10775000834704EF3E8793074005631FF712938723
:1077600001889863B70702009387077CBA97194688
:10777000BE85178500001305C59AEF00701F93871B
:1077800001888863978700009387C7C89C439B87BD
:10779000C7031B87070097870000938727BF9C4379
:1077A0008127D98F81270147BE86178600001306DF
:1077B000E6928145EFF07DEEAA872326F4FC9787B9
:1077C0000000938727C59C439B87C70381279B861F
:1077D00007000327C4FC930784EF3A8697650000EF
:1077E0009385C50C3E85EF005079938781879C6314
:1077F000130784EFBA853E85EFC01DB093870188DB
:107800009C639C6791072330F4FC833704FC9C4302
:107810008127A18B8127B1C397870000938787BFFA
:107820009C439B8747061B87070097870000938729
:1078300067BE98C3978700009387C7BD9C433E8768
:107840008D679387878C63F4E7BE978700009387E3
:1078500067BC23A007006FF08FBD97870000938758
:1078600067BB9C4385271B8707009787000093878A
:1078700067BA98C3978700009387C7B99C433E8730
:107880009307400463F5E7BA97870000938787B8AA
:1078900023A007006FF0AFB9834704EF3E8793073B
:1078A00080076312F70697870000938767AE9C43B3
:1078B000812793B7170093F7F70F1B870700978768
:1078C00000009387E7AC98C397870000938747AC85
:1078D0009C43812789CF938781879C6397650000AC
:1078E000938545FE3E85EFC03DA16FF04FB4938771
:1078F00081879C63976500009385C5FE3E85EFC038
:10790000BD9F6FF0CFB2938781879C63033784FD5F
:107910009B060700130704EF3686BA853E85EFC045
:107920007D8E6FF0CFB0B7078000FD1733F7A7004B
:107930009B567501ED8F131807021BD67501821730
:1079400093F6F60F9308F00F1B57F5011358080232
:1079500081931376F60F1BD5F50163811603630C33
:1079600016018DE211E29DCB63070802630EA702A8
:1079700005451DE38280F5D779558280E31E08FE18
:107980006302D60211E2EDD7E314A7FE635FD600CF
:1079900001E50545828079FD7D5582800145E31929
:1079A00008FC8280F5D3C9BF814663C7C600E3E106
:1079B00007FD0145E370F8FC65D33A858280B7077F
:1079C0008000FD1733F7A7009B567501ED8F131844
:1079D00007021BD67501821793F6F60F9308F00F76
:1079E0001B57F5011358080281931376F60F1BD528
:1079F000F501638616036309160195E609EA81EB32
:107A00000145631A08008280EDDB09458280630529
:107A100008026307A70205457DD77D558280E316DE
:107A200008FE630DD60011E2FDD7E316A7FE635AE8
:107A3000D60065F5054582806DD18280FDD7F1B70E
:107A4000814663C7C600E3E807FD0145E37DF8FA18
:107A500069D73A858280370780007D17B377A70002
:107A60006D8F9B5675011BD375018127012701116D
:107A700093F6F60F1373F30F13960702931807028A
:107A80009B5FF50126E44AE0019293D808023B8807
:107A9000664006EC22E8130FF00F3689FE84931E31
:107AA00036009BD5F501139E38001B0508006303C3
:107AB000E31193C51500638EBF106355A00C6311CD
:107AC000031063050E1E1B05F8FFB387CE4105C5E5
:107AD0009307F00F638AF616ED4763CDA7281307C7
:107AE0000004099F3317EE00B357AE003337E000B0
:107AF000D98FB387FE40139757026353071A370491
:107B000000047D147D8C2285EF0060431B07B5FDCA
:107B1000B317E400634E271B3B0527411B041500E8
:107B200013070004019F3397E7003337E000B3D712
:107B30008700D98F014913F7770019C713F7F700AA
:107B400091466303D700910713975702635E0714AA
:107B500005091307F00F93FF14006307E9169A173E
:107B6000A5939376F90FA617E260426413D59702A6
:107B70009B9676019B97FF01558DA26402695D8DEE
:107B80000561828055E1138516001375E50F631CAE
:107B90000514639B062263880E20E3060EFCB38760
:107BA000CE411397570263590722B307DE410149BB
:107BB000AE8451B7E30F0EEE638BBF0AE354A0FC13
:107BC0009307F00F6382F608B7070004336EFE00D8
:107BD00021B7635EA008630003089307F00F638575
:107BE000F606B7070004336EFE00ED4763C4A71E18
:107BF00013070004099F3317EE00B357AE00333765
:107C0000E000D98FF69713975702635B07080509C1
:107C10001307F00F630AE90A370700FC7D177D8F11
:107C20000583858BD98F01BF6397061063840E1679
:107C3000FD576300F51C1348F8FF9307F00F012868
:107C40006315F310AE84468635CE814F9306F00F50
:107C5000B707400009BF630B0E041B05F8FFB3878D
:107C6000CE0155D19307F00FE391F6F8F1BF41E94A
:107C7000138916009375E90F639C05126390061231
:107C800063820E16E3010EEEB387CE0113975702FF
:107C9000014963570700370700FC7D17F98F054935
:107CA00013F77700E31C07E813D637009307F00FAC
:107CB000E30CF9F893179602A5939376F90F93FFC7
:107CC000140055B593FF14009306F00F814761BD72
:107CD0003309E940370700FC7D17F98F13F7770068
:107CE000E31E07E4D1B73384CE419317540263C92E
:107CF000070CE31A04E0814F81468147ADB5ADCE54
:107D00009307F00FE301F3F4B70700043B070041CA
:107D1000B3EEFE00ED4763CCE70C93070004999F98
:107D2000B397FE0033D7EE00B337F0005D8FB30793
:107D3000C7011A89C9BD9307F00FE305F3F0B70730
:107D400000043B080041B3EEFE00ED47054763CE5B
:107D50000701130700043B0707413397EE0033D8B0
:107D60000E013337E0003367E800B307EE401A89AD
:107D7000AE8451B38547B5BB63880E06FD57630FCC
:107D8000F5061347F8FF9307F00F0127E314F3F804
:107D900046865DBD46861A89AE8409BFE3850EEA34
:107DA000E3040EEA5DB5630C0E02AE8FBA8765BBC5
:107DB0009307F00FE30AF9F0B387CE018583CDB5C1
:107DC0003304DE41AE8481B3E39C0EFCE30F0EE688
:107DD000AE8495BD85473DB50149E39307EC814FDE
:107DE000814751B3BA8741B346861A89C1B5054761
:107DF0003DBFB307DE411A89AE84F5B9B387CE0122
:107E00001A8911B5370680009B5675019307F6FF56
:107E1000E98F93F6F60F9305E0071B57F5018127CD
:107E2000014563F4D50019C3828082801307E009FD
:107E30007D55E36BD7FE8217819313075009D18FCD
:107E40001B8506006377D7001B05A5F63B95A700A9
:107E50008280130760093B05A740B3D7A7001B85A5
:107E60000700828039C9011126E49314050281902C
:107E700022E82A84268506ECEF00600C9307E00BCD
:107E80003B87A740930660093A8563C0E604937771
:107E9000F70F6300D70A130760093B05A740339526
:107EA000A40026152591E260426426159B97770170
:107EB0002591A2645D8D056182800145814726156B
:107EC0009B97770125915D8D82809307900963C20E
:107ED000E7046308F700930790093B85E740B394F4
:107EE000A400B70700FCFD1793F6740033F5F40007
:107EF00081CEBD8891466389D40011059316550241
:107F000063D406007D8D05071A1525919377F70F29
:107F100059BF9304900B999CBB1494001B0577F6F2
:107F2000B33490003B55A400458D93140502819015
:107F30004DBF13159402259193076009ADB79307C0
:107F400080033357F5009376F70F99EEE117F5FBB1
:107F5000176700001307079B2A970345070093073D
:107F600000043B85A740828013050004B307F54059
:107F70003A85176700001307E7982A97034507001B
:107F80003B85A740828041112946814506E4EF00E8
:107F9000701EA26001254101828001119387018931
:107FA00022E8806326E406EC3C74AA8491E713057A
:107FB0004002EF00E01828F42C744264E260268549
:107FC000A264056109A01C61556713070718B3C6B1
:107FD000E702B3E7E70263C2071237070B00130794
:107FE000C7A636978566938606E133C6D702B3E700
:107FF000D7029306C00390C533C6D702B3E7D702B2
:108000009D46D0C19CC193073700B3E7D7029B863A
:10801000070063D307009D2694CD6356070EB7C6AD
:10802000FDFF9386065537480200BA96130818AB31
:10803000B3C606031B880600B7C6FDFF9386F65439
:10804000A5679387C7EA954813069009B306D80237
:10805000BA96B3D7F6021307405B33D7E602B6975A
:10806000998F37470200130707AB33D7E602998F82
:108070001307D016B3D7E7021307400681273BD773
:10808000E702359F9306D016BB86F602159F9BD656
:1080900027003B03D7403B8568029B0613001A87E5
:1080A0001B0E25003B55CE023B06A60209263B5679
:1080B00016039308905F3B86C640894663F3C80168
:1080C000D956BB88A60093060019BB86060313B8D1
:1080D00028004685BD9EBB86060113081013637BEE
:1080E00068021B07E7EC9B87468988C9D8CDDCC9A5
:1080F000D0C523A005022E858280BA9737070B00D2
:108100001307B7A6F9BDB7460200938616ABB34670
:10811000D7020DB713F8370063190800130840069B
:108120003BF8070385486318080013080019BBF7DC
:10813000070393B817001B07B7033B07170165B781
:1081400093870189AA8588630DA201476314E6001D
:1081500001458280B307E5000507B386E50083C7C4
:10816000070083C6F6FFE383D7FE3B85D7408280B6
:108170002A8309CA83830500230073007D16050343
:1081800085056DFA828015C22A8385466367B5002E
:10819000FD561307F6FF3A93BA9583830500230033
:1081A00073007D163693B6956DFA82802A8311C6C8
:1081B0002300B3007D16050365FE8280D5C583B715
:1081C00085FF011122E806EC26E4138485FF63D3C2
:1081D00007003E94AA84EF00807C97770000938785
:1081E000E7239C6389EF233404009777000023B7CB
:1081F00087224264E2602685A264056155A7637EFA
:10820000F40014603307D4006396E70098639C671A
:10821000369718E01CE4D1BFBA87986719C3E37D8D
:10822000E4FE94633386D700631F86001060B29625
:1082300094E33386D700E31EC7FA10631867B2963B
:1082400094E398E77DB76375C400B1479CC055B708
:108250001060B306C4006316D70014631867B296A3
:1082600014E018E480E771B7828093877500797114
:10827000E19B4AE806F422F026EC4EE4A1074147D0
:10828000414963E3E7003E89370700801347F7FF62
:108290006364F700637CB900B1471CC10145A2705B
:1082A0000274E2644269A26945618280AA84EF0097
:1082B000006F977700009387671698633A8405EC00
:1082C00097770000938707169C6389EB8145268585
:1082D000EF0080479777000023B6A714CA8526854C
:1082E000EF008046FD5963113507B1479CC02685D4
:1082F000EF00006B65B71C60BB87274163C30704B1
:10830000BD4663D7F6001CE03E942330240101A84B
:108310001C6463168702177700002331F710268547
:10832000EF0000681305F400930784006199BB0710
:10833000F540B5D73E94BB07F0401CE08DB71CE775
:10834000F9BF22870064A5BF130475006198E30E8E
:1083500085FAB305A4402685EF00003FE31735FBFF
:1083600069B75D7156EC9C49BA8A9845A2E04AF813
:108370004EF452F03289368A86E426FC5AE85EE4EE
:108380001B8607009B060700AA892E846353D6002C
:10839000BA872320F9000347340401C78527232027
:1083A000F9001C4093F7070291C78327090089272A
:1083B0002320F9000440998891E8130B9401FD5B98
:1083C0005C4403270900999F63C1F4068347340482
:1083D0001840B337F000137707029B8607003DEB88
:1083E00013063404D2854E85829AFD576306F50440
:1083F0001C4011465444998B03270900814463991A
:10840000C700BB84E6409397040263D3070081440E
:108410001C4418486354F700999FBD9C01496904A6
:108420007D5B63992405014509A885465A86D28556
:108430004E85829A631E75017D55A6600664E274BE
:108440004279A279027AE26A426BA26B6161828010
:108450008524BDB7A29613060003A381C604034674
:1084600054041B8717009B862700B307E400A381F1
:10847000C704BDB785462286D2854E85829AE30D14
:1084800065FB052979BF5D71A2E04AF84EF452F010
:1084900086E426FC56EC5AE8368A83C685019307A3
:1084A000E006B2892A892E8413863504638AF61E73
:1084B00063E2D706930730066382F60A63EDD700BE
:1084C000638C061E93078005638BF61693042404C1
:1084D0002301D40469A8930740066386F600930736
:1084E0009006E395F6FE14401C6313F50608938589
:1084F000870041C19C630CE363D807001307D002D7
:10850000B307F040A301E404975600009386066089
:10851000294771A893073007638EF61A63EFD700D7
:108520009307F0066380F60693070007E390F6FAD8
:108530009C4193E7070A9CC109A8930750076383EE
:10854000F60493078007E393F6F893078007A302E6
:10855000F404975600009386E65CC5A81C639384D8
:108560002504938687009C4314E32381F504854703
:1085700041A293F606040CE381C683970700ADBFC2
:108580009C439DBF0C401C6313F8050813858700AE
:10859000630C08089C6308E31307F006638AE60E81
:1085A00097560000938686562947A30104044C4041
:1085B0000CC463C5050008406D9908C099E3B284F6
:1085C00091CDB284B3F5E702FD14B69583C50500DD
:1085D0002380B400B3D5E70263F2E70CA147631E22
:1085E000F7001C40858B91CB58401C4863C7E700BF
:1085F00093070003A38FF4FEFD14058E10C8528765
:10860000CE867000A2854A85EFF0BFD5FD5A63156E
:10861000550F7D55A6600664E2744279A279027A0C
:10862000E26A426B616182809C4393F5050408E332
:1086300081C5C217C1938DB782178193B1BFA38241
:10864000D504975600009386664C0C401C6313F8C3
:10865000050813858700630108029C6308E313F78C
:10866000150001C793E505020CC041479DFF0C4072
:1086700093F5F5FD0CC015BF9C4313F8050408E302
:1086800063050800C217C193D9BF82178193C1BF88
:108690009756000093868647214701BFAE871DB7D6
:1086A00094411C63CC4913F80608138587006309BD
:1086B000080008E39C638CE323280400B28481B79C
:1086C00008E393F606049C6381C62390B700EDB7D8
:1086D0008CC3DDB71C63D04181459386870014E3CA
:1086E00084632685EF00002A19C1058D48C05C40CF
:1086F0001CC8A301040421B714482686CE854A85E8
:10870000029AE30855F11C40898B95EBB247484427
:108710001B8707009B06050063D3E6003E85012505
:10872000D5BD85465686CE854A85029AE30365EF18
:1087300085245C443247999FE3C5F4FEC1BF814460
:10874000930A94017D5BF5B7411122E02A842E85BE
:108750009787140023AC071006E4EF807DDDFD57FA
:108760006319F50097871400938747109C4391C3C2
:108770001CC0A2600264410182801171BEF5B7077E
:10878000008093C7F7FF3ED83ECEC17793878720FE
:10879000B2E9B6EDBAF1C2F9C6FD3ED093870189C0
:1087A0002AE82AF4886394092E860C0886E536E4C4
:1087B000EF004034C26723800700AE601161828001
:1087C000AA8703C707009386170009EB850503C72F
:1087D000F5FF8507A38FE7FE75FB8280B687D5B7C7
:1087E0000346050083C60500050585056313D6000D
:1087F00065FA3305D6408280AA87850703C7F7FF4D
:108800006DFF3385A7407D158280AA8703C70700C7
:1088100009EF7D16FD566309D600850503C7F5FFF0
:108820008507A38FE7FE01E782808507C5B719E2B8
:10883000238007007D16C5B7411122E426E02A8F68
:108840002E88175300001303F31B130718008347E8
:10885000F7FF338567008348050093F88800639A23
:1088600008081305D0026398A70883470700054E40
:1088700013072800F5CA41456392A60213050003B9
:10888000639EA700834707001305800593F7F70D44
:108890006397A70C83471700C1460907FD58631863
:1088A0000E0693D81800B3FED80201480145A5432F
:1088B000E5427D54B3DFD802812E1B8307009B0461
:1088C00003FD63E893049B8707FD63D2D706630E1D
:1088D00088007D5863EBAF006394AF0063C7FE0070
:1088E0003388A60233850701054805078347F7FF4C
:1088F000E9B73A8899BF1305B0026385A7008127BD
:10890000014E8DBF8347070013072800D5BFFE180F
:1089100059BF9B04F3FB63E592009B8797FC75B7F7
:108920001B03F3F963E562009B8797FA79BFFD5754
:10893000631CF800930720022320FF00468501EE08
:10894000226482644101828063040E003305A040EA
:1089500065DA630408009305F7FF0CE2D5B79307C7
:1089600000038DFEA1461DBF13050003E38CA7F095
:10897000A9462DB793870189B2862E86AA8588637A
:108980006FF09FEB93F5F50F2A966314C500014530
:10899000828083470500E38DB7FE0505FDB7828021
:1089A000828081E5B2856FF05F8C797122F006F4E8
:1089B00026EC4AE84EE4328401EEEFF03F800149B4
:1089C000A27002744A85E2644269A26945618280AC
:1089D000AE84AA89EF00203B2689E37385FEA28539
:1089E0004E85EFF09F882A8961DDA6852286EFF00B
:1089F0002FF8A6854E85EFF06FFCD9B739714AF094
:108A000003A9C50022F84EEC56E406FC26F452E811
:108A10005AE02E84B28AB68963E2260B83D7050119
:108A200013F7074851CB14508D448C6DBB84D4028E
:108A3000894618602A8A0D8F1B0B0700BBC4D4021D
:108A400093861900DA9663F5D4009B841900B99CCB
:108A500093F70740C9C7A6855285EFF01F812A8981
:108A60000DE5B1472320FA00835704017D5593E7B4
:108A700007042318F400E2704274A2740279E269D8
:108A8000426AA26A026B216182800C6C5A86EFF006
:108A90002FEE8357040193F7F7B793E707082318DE
:108AA000F400233C240104D05A99BB846441233050
:108AB000240144C41B89090063F429011B890900AE
:108AC00008604A86D685EFF00FEC5C440145BB8711
:108AD00027415CC41C603E992330240169BF26866F
:108AE0005285EFF01FEC2A894DFD0C6C5285EFF09A
:108AF000EFEC85BF83D705011571A6E5CAE14EFDF0
:108B000052F986EDA2E956F55AF15EED62E966E5A5
:108B10006AE193F707082A8A2E89B2848149A1C79E
:108B20009C6DB1E39305000436E4EFF00FF42330BD
:108B3000A900233CA900A2661DE1B1472320FA0049
:108B40007D55EE604E64AE640E69EA794A7AAA7A7F
:108B50000A7BEA6B4A6CAA6C0A6D2D6182809307CE
:108B600000042320F90293070002A30CF102FD5A2E
:108B70009307000302DA230DF10236EC930B500247
:108B8000139C0A02175B0000130BCB05854C26844F
:108B90008347040099C3639C77093B0D9440630E9F
:108BA0000D00EA862686CA855285EFF03FE5630808
:108BB000551BD256BB86A60136DA83470400638074
:108BC000071A9304140062F002F4A301010682DC88
:108BD00083C5040015465A85EFF0DFDA13841400CC
:108BE00029E9825713F7070109C713070002A301F8
:108BF000E10613F7870009C71307B002A301E106D6
:108C000083C604001307A002638EE602B2572684CF
:108C100081462546294803470400130514009B0597
:108C200007FD2E876375B60695C63ED625A00504BA
:108C300085B78257330565413B95AC005D8D2AD0E1
:108C4000A28479B7626793068700184336EC6349BC
:108C500007023AD6034704009307E0026310F704C3
:108C6000034714009307A0026313F70AE26709049D
:108C7000138787009C433AEC63C107023ED239A8B0
:108C80003B07E04093E727003AD63ED0E1B7BB0769
:108C9000F80285462A84B99FBDBF56D28345040099
:108CA0000D4617550000130565F4EFF0BFCD19CD43
:108CB00097570000938787F3B307F5401305000427
:108CC0003B15F500825705045D8D2AD083450400CD
:108CD0001946175500001305E5F193041400230C01
:108CE000B102EFF03FCA49C59777FDF79387873107
:108CF000A1EB0257E2671377071029C3BD07C19B99
:108D0000C1073EECD257BB8737013EDA49B50504AF
:108D100002D28146814725462948034704001305AE
:108D200014009B0507FD2E876374B600A1FABDB73A
:108D3000BB07F80285462A84B99FC5B7A107D1B7FA
:108D40003808970600009386A6CB4A860C105285F9
:108D500097000000E7000000AA89E31555FB835740
:108D600009017D5593F70704E39D07DC5255D1BBFC
:108D70003808970600009386A6C84A860C105285CC
:108D8000EFF06FF0D1BF03B585FF9B0705006115BC
:108D900063D607002E950861E1173E95828000009A
:108DA0003E8DFDFF8E8DFDFFE08DFDFF268EFDFFCC
:108DB000A28EFDFFD48EFDFF388FFDFF5E8FFDFF7D
:108DC0008A8FFDFFBA8FFDFF1C90FDFFC290FDFF53
:108DD0002A91FDFF7291FDFFE891FDFF0000000068
:108DE0000000000000000000000000000000000083
:108DF0000000000000000000000000000000000073
:108E00000000000000000000000000000000000062
:108E10000000000000000000000000000000000052
:108E20000000000000000000000000000000000042
:108E30000000000000000000000000000000000032
:108E40000000000000000000000000000000000022
:108E50000000000000000000050000000500000008
:108E60000500000005000000050000001C95FDFF46
:108E70002295FDFF2895FDFF2E95FDFF3495FDFF02
:108E8000D295FDFFD895FDFFDE95FDFFE495FDFF32
:108E9000EA95FDFF00000000FFFFFFFF0F00001F2D
:108EA000FFFFFFFF0F00001FFFFFFFFF0F00001F6E
:108EB000FFFFFFFF0F00001FFFFFFFFF0F00001F5E
:108EC000FFFFFFFF0F00001FFFFFFFFF0F00001F4E
:108ED000FFFFFFFF0F00001FFFFFFFFF0F00001F3E
:108EE000FFFFFFFF0F00001FFFFFFFFF0F00001F2E
:108EF000FFFFFFFF0F00001FFFFFFFFF0F00001F1E
:108F0000FFFFFFFF0F00001FFFFFFFFF0F00001F0D
:108F1000FFFFFFFF0F00001FFFFFFFFF0F00001FFD
:108F2000FFFFFFFF0F00001FFFFFFFFF0F00001FED
:108F3000FFFFFFFF0F00001FFFFFFFFF0F00001FDD
:108F4000FFFFFFFF0F00001FFFFFFFFF0F00001FCD
:108F5000FFFFFFFF0F00001FFFFFFFFF0F00001FBD
:108F6000FFFFFFFF0F00001FFFFFFFFF0F00001FAD
:108F7000FFFFFFFF0F00001FFFFFFFFF0F00001F9D
:108F8000FFFFFFFF0F00001FFFFFFFFF0F00001F8D
:108F9000FFFFFFFF0F00001FFFFFFFFF0F00001F7D
:108FA000FFFFFFFF0F00001FFFFFFFFF0F00001F6D
:108FB000FFFFFFFF0F00001FFFFFFFFF0F00001F5D
:108FC000FFFFFFFF0F00001FFFFFFFFF0F00001F4D
:108FD000FFFFFFFF0F00001FFFFFFFFF0F00001F3D
:108FE000FFFFFFFF0F00001FFFFFFFFF0F00001F2D
:108FF000FFFFFFFF0F00001FFFFFFFFF0F00001F1D
:10900000FFFFFFFF0F00001FFFFFFFFF0F00001F0C
:10901000FFFFFFFF0F00001FFFFFFFFF0F00001FFC
:10902000FFFFFFFF0F00001FFFFFFFFF0F00001FEC
:10903000FFFFFFFF0F00001FFFFFFFFF0F00001FDC
:10904000FFFFFFFF0F00001FFFFFFFFF0F00001FCC
:10905000FFFFFFFF0F00001FFFFFFFFF0F00001FBC
:10906000FFFFFFFF0F00001FFFFFFFFF0F00001FAC
:10907000FFFFFFFF0F00001FFFFFFFFF0F00001F9C
:10908000FFFFFFFF0F00001FFFFFFFFF0F00001F8C
:10909000FFFFFFFF0F00001FFFFFFFFF0F00001F7C
:1090A000FFFFFFFF0F00001FFFFFFFFF0F00001F6C
:1090B000FFFFFFFF0F00001FFFFFFFFF0F00001F5C
:1090C000FFFFFFFF0F00001FFFFFFFFF0F00001F4C
:1090D000FFFFFFFF0F00001FFFFFFFFF0F00001F3C
:1090E000FFFFFFFF0F00001FFFFFFFFF0F00001F2C
:1090F000FFFFFFFF0F00001FFFFFFFFF0F00001F1C
:10910000FFFFFFFF0F00001F000000000000000035
:10911000010000002000000001000000000000002D
:1091200002000000400000000200000000000000FB
:1091300004000000800000000300000000000000A8
:109140000800000000010000040000000000000012
:1091500010000000000200000500000000000000F8
:1091600020000000000000000600000000000000D9
:1091700040000000000000000700000000000000A8
:109180008000000000000000080000000000000057
:1091900000010000000000000900000000000000C5
:1091A00000020000000000000A00000000000000B3
:1091B00000040000000400000B000000000000009C
:1091C00000080000000800000C0000000000000083
:1091D00000100000001000000D0000000000000062
:1091E00000200000002000000E0000000000000031
:1091F00000400000004000000F00000000000000E0
:10920000008000000080000010000000000000004E
:10921000000001000200000011000000000000003A
:109220000000020004000000120000000000000026
:109230000000040010000000130000000000000007
:1092400000000800000010001400000000000000F2
:1092500000001000000020001500000000000000C9
:109260000000200000004000160000000000000088
:109270000000400000000400170000000000000093
:109280000000800000000000180000000000000046
:1092900000000001000000101900000000000000A4
:1092A00000000002000001001A00000000000000A1
:1092B00000000004000008001B0000000000000087
:1092C00000000008000000101C000000000000006A
:1092D00000000040080000001D0000000000000029
:1092E00000000040080000001E0000000000000018
:1092F00000000040080000001F0000000000000007
:10930000000000800000002020000000010000009C
:109310000100000000000001210000000100000029
:109320000200000000000002220000000100000016
:109330000400000000000004230000000100000001
:10934000080000000000000800000000000000000D
:109350000100000000000000030000000000000009
:1093600005000000000000000700000000000000F1
:1093700000000000000000000000000000000000ED
:1093800000000000000000000000000000000000DD
:1093900000000000000000000000000000000000CD
:1093A00000000000000000000000000000000000BD
:1093B00000000000000000000000000000000000AD
:1093C000000000000000000000000000000000009D
:1093D000000000000000000000000000000000008D
:1093E000000000000000000000000000000000007D
:1093F000000000000000000000000000000000006D
:109400009F000000000000000000000000000000BD
:10941000FFFFFFFFFFFFFFFF000000000000000054
:10942000000000000000000000000000000000003C
:10943000000000000000000000000000000000002C
:10944000000000000000000000000000000000001C
:10945000000000000000000000000000000000000C
:1094600000000000000000000000000000000000FC
:1094700000000000000000000000000000000000EC
:1094800000000000000000000000000000000000DC
:109490009F0000000000000000000000000000002D
:1094A000FFFFFFFFFFFFFFFF0000000000000000C4
:1094B00000000000000000000000000000000000AC
:1094C000000000000000000000000000000000009C
:1094D000000000000000000000000000000000008C
:1094E000000000000000000000000000000000007C
:1094F000000000000000000000000000000000006C
:10950000000000000000000000000000000000005B
:10951000000000000000000000000000000000004B
:109520009F0000000000000000000000000000009C
:10953000FFFFFFFFFFFFFFFF000000000000000033
:10954000000000000000000000000000000000001B
:10955000000000000000000000000000000000000B
:1095600000000000000000000000000000000000FB
:1095700000000000000000000000000000000000EB
:1095800000000000000000000000000000000000DB
:1095900000000000000000000000000000000000CB
:1095A00000000000000000000000000000000000BB
:1095B0009F0000000000000000000000000000000C
:1095C000FFFFFFFFFFFFFFFF0000000000000000A3
:1095D000000000000000000000000000000000008B
:1095E000000000000000000000000000000000007B
:1095F000000000000000000000000000000000006B
:10960000000000000000000000000000000000005A
:10961000000000000000000000000000000000004A
:10962000000000000000000000000000000000003A
:10963000000000000000000000000000000000002A
:1096400070A6FDFFDCA6FDFF48A7FDFFB4A7FDFF48
:1096500020A8FDFFCCA8FDFF3EA9FDFFB0A9FDFF9E
:1096600022AAFDFF94AAFDFF76B8FDFF04BAFDFF14
:1096700098B8FDFFFEB8FDFFBAB8FDFF04BAFDFFC4
:10968000DCB8FDFF04BAFDFF04BAFDFF04BAFDFF1C
:1096900004BAFDFF04BAFDFFBAB8FDFF58BDFDFFD7
:1096A000C4BDFDFF30BEFDFF9CBEFDFF08BFFDFF3A
:1096B000B4BFFDFF26C0FDFF98C0FDFF0AC1FDFF3E
:1096C0007CC1FDFF00000000400000000000000021
:1096D0004100000000000000420000000000000007
:1096E00043000000000000004400000000000000F3
:1096F00045000000000000004600000000000000DF
:1097000047000000000000004800000000000000CA
:1097100049000000000000004A00000000000000B6
:109720004B000000000000004C00000000000000A2
:109730004D000000000000004E000000000000008E
:109740004F0000000000000050000000000000007A
:109750005100000000000000520000000000000066
:109760005300000000000000540000000000000052
:10977000550000000000000056000000000000003E
:10978000570000000000000058000000000000002A
:1097900059000000000000005A0000000000000016
:1097A0005B000000000000005C0000000000000002
:1097B0005D000000000000005E00000000000000EE
:1097C0005F000000000000006000000000000000DA
:1097D00061000000000000006200000000000000C6
:1097E00063000000000000006400000000000000B2
:1097F000650000000000000066000000000000009E
:109800006700000000000000680000000000000089
:1098100069000000000000006A0000000000000075
:109820006B000000000000006C0000000000000061
:109830006D000000000000004D504653205443507E
:1098400049502044656D6F00726571756573746968
:109850006E6700000000000077687920616D204984
:109860002061742064656661756C740000000000FE
:10987000444843502048616E646C657200000000EB
:10988000444843502053454C454354494E470000FB
:10989000444843502052455155455354494E470082
:1098A000444843502052454E4557204C454153456E
:1098B00000000000000000004448435020424F5583
:1098C0004E44000000000000444843502050524FD6
:1098D00043455353494E470044484350206F7074EA
:1098E000696F6E203100000044484350206F70744F
:1098F000696F6E203300000044484350206F70743D
:10990000696F6E203600000044484350206F707429
:10991000696F6E203432000044484350206F7074E9
:10992000696F6E203531000044484350206F7074D9
:10993000696F6E203534000044484350206F7074C6
:10994000696F6E20353300004448435020666169DA
:109950006C204D61676963204E756D62657220638E
:109960006865636B000000004448435020666169ED
:109970006C204D4143206164647265737320636899
:1099800065636B0000000000444843502066616935
:109990006C2053494144445220636865636B000066
:1099A00044484350206661696C20594941444452FF
:1099B00020636865636B000044484350206661691A
:1099C0006C2058494420636865636B000000000008
:1099D00044484350206661696C2048617264776135
:1099E0007265204C656E677468000000000000001E
:1099F00044484350206661696C20323031206368EE
:109A000065636B00000000004448435020666169B4
:109A10006C2073686F7274207061636B657420636F
:109A20006865636B0000000044484350206661692C
:109A30006C20616363657074207479706573202095
:109A4000636865636B000000000000000000000018
:109A50000000000000000000000000000000000006
:109A6000000000000000000000000000100E0000D8
:109A7000100E000000000000B642FEFFE23DFEFFB7
:109A8000B642FEFF803EFEFFB642FEFFB642FEFF3C
:109A90001E3FFEFFB642FEFFB642FEFFB642FEFF8D
:109AA000B642FEFFB642FEFFB642FEFFB642FEFFE2
:109AB000B642FEFFB642FEFFB642FEFFB642FEFFD2
:109AC000B642FEFFB642FEFFB642FEFFB642FEFFC2
:109AD000B642FEFFB642FEFFB642FEFFB642FEFFB2
:109AE000B642FEFFB642FEFFB642FEFFB642FEFFA2
:109AF000B642FEFFB642FEFFB642FEFFB642FEFF92
:109B0000B642FEFFB642FEFFB642FEFFB642FEFF81
:109B1000B642FEFFB642FEFFB642FEFFB642FEFF71
:109B20000040FEFFB642FEFFB642FEFFB642FEFF19
:109B3000B642FEFFB642FEFFB642FEFFB642FEFF51
:109B4000B642FEFFE440FEFFB642FEFF8242FEFF49
:109B5000DA41FEFF0000000049434D5020454348D4
:109B60004F2052657175657374205265636569761F
:109B7000656400000000000049434D502045434803
:109B80004F2052657175657374203120526563658D
:109B9000697665640000000049434D502045434804
:109BA0004F2052657175657374203220526563656C
:109BB000697665640000000049434D502044657398
:109BC00074696E6174696F6E20506F727420556E87
:109BD000726561636861626C652052656365697670
:109BE000656400000000000049434D502045636853
:109BF0006F205265706C792053656E740000000010
:109C000049434D50204563686F205265706C792040
:109C10004661696C7572650049434D5020506F7202
:109C20007420556E726561636861626C65202053B3
:109C3000656E7400000000004950763420525820B0
:109C400049434D500000000069636D702077726FCA
:109C50006E6720636B736D203A202578000000004A
:109C600049507634205258205544500000000000DE
:109C700049507634205258205443500000000000D0
:109C80004950763420525820626164205443502059
:109C900063686B736D000000506F727420446973C9
:109CA00061626C6564210000546F74616C206C65A6
:109CB0006E3A25752020506F72744C656E3A25758A
:109CC00020616E642073697A656F66203A2575009D
:109CD00073797344657363722E30203D2053545260
:109CE000494E473A203C3C506F72745F4465736341
:109CF0003A200000000000003B2048575F524556C4
:109D00003A200000000000003B2056454E444F52D0
:109D10003A200000000000003B2053575F52455698
:109D20003A200000000000003B204D4F44454C3AD3
:109D300020000000000000003B2046575F524556BF
:109D40003A2000000000000050726F636573736971
:109D50006E67204C4C4450204D414E4441544F526C
:109D600059205061636B6574000000000000000022
:109D700050726F63657373696E67204C4C4450205A
:109D80004552524F52205061636B657400000000D1
:109D900050726F63657373696E6720454E44204C43
:109DA0004C4450205061636B65740000000000005B
:109DB00050726F63657373696E67204F7074696F5B
:109DC0006E616C000000000050726F636573736910
:109DD0006E67204C4C4450205350454349464943FC
:109DE000205061636B657400434953434F20506FAB
:109DF00077657220544C56004945454520506F7791
:109E0000657220544C560000420100000100000021
:109E10008A010108000000000F120000020000008B
:109E200072020108000000000000000006000000AF
:109E30000100000005000000020000000500000015
:109E40000300000006000000040000000500000000
:109E500005000000050000000600000006000000EC
:109E600007000000050000000800000006000000D8
:109E700009000000050000000A00000005000000C5
:109E80000B000000050000000C00000006000000B0
:109E90000D000000050000000E000000050000009D
:109EA0000F00000005000000100000000500000089
:109EB0001100000005000000120000000500000075
:109EC0001300000006000000140000000500000060
:109ED000150000000600000016000000050000004C
:109EE00017000000050000000A0D537461727469C8
:109EF0006E67205379736C6F6720617420256C75D1
:109F00000A0D0000000000003C25643E2564202569
:109F1000642D252E32642D252E326454252E326474
:109F20003A252E32643A252E32645A2025642E2595
:109F3000642E25642E256420257320257320257327
:109F40002025735B25735D0D0A00000000000000F2
:109F50002D000000C469FEFF306AFEFF9C6AFEFF10
:109F6000086BFEFF746BFEFF206CFEFF926CFEFF21
:109F7000046DFEFF766DFEFFE86DFEFF0000000041
:109F80004552524F5200000053554343455353002E
:109F90004C494E4B5F4E4F545F464F554E44000068
:109FA0004255464645525F42555359000000000055
:109FB00054585F4C4F4749435F4E4F545F49444CA0
:109FC00045000000000000004D41435F4E4F545FCC
:109FD000464F554E4400000049505F57524F4E4780
:109FE0005F56455253494F4E0000000000000000EC
:109FF000495056345F434845434B53554D5F4641A6
:10A00000494C530000000000444553545F49505FE1
:10A010004E4F545F4D4154434845440000000000FA
:10A0200049434D505F434845434B53554D5F46416F
:10A03000494C5300000000005544505F43484543DD
:10A040004B53554D5F4641494C5300000000000002
:10A050005443505F434845434B53554D5F46414938
:10A060004C53000000000000444D415F54494D45F1
:10A070004F55540000000000504F52545F4E4F5453
:10A080005F415641494C41424C45000000000000F0
:10A090004152505F49505F4E4F545F4D41544348C9
:10A0A00045440000000000004541506F6C5F504186
:10A0B000434B45545F4641494C5552450000000012
:10A0C000494E434F52524543545F495056345F48BE
:10A0D0004C454E0000000000495056345F4E4F5F23
:10A0E0004F5054494F4E530054585F5155455545B4
:10A0F0004400000000000000495056365F434845C8
:10A10000434B53554D5F4641494C530000000000FE
:10A11000495056365F4C4F43414C5F414444525F77
:10A120005245534F4C564500495056365F4C4F43AD
:10A13000414C5F414444525F494E56414C494400B2
:10A140004E4F5F4741544557415900000000000001
:10A15000414444524553535F5245534F4C55544923
:10A160004F4E000000000000474C4F42414C5F44FE
:10A17000455354494E4154494F4E000000000000E1
:10A180004152505F57524F4E475F484152445741EA
:10A1900052455F414444525F54595045000000000D
:10A1A0004152505F57524F4E475F50524F544F43AA
:10A1B0004F4C5F54595045004152505F57524F4EDB
:10A1C000475F48415244574152455F414444525FC2
:10A1D0004C454E00000000004152505F57524F4E18
:10A1E000475F50524F544F434F4C5F4C454E000019
:10A1F0005041434B45545F544F4F5F53484F525467
:10A20000000000000000000054585F4641494C55D2
:10A210005245000000000000564C414E2050616342
:10A220006B65742044726F707065640000000000FC
:10A230005258204152505634205061636B6574006F
:10A2400052582049505634205061636B65740000A9
:10A2500052582049505636205061636B6574204433
:10A26000726F7070656400004C4C44502050616304
:10A270006B65742052656365697665640000000053
:10A280003830322E33206C656E6774682030782544
:10A2900030346C58000000003830322E332074798E
:10A2A00070652030782530346C58000000000000C4
:10A2B0007463705F7061636B65742073656E7400A6
:10A2C0007463705F70617273656F70743A2062615D
:10A2D00064206F7074696F6E2073697A65206C6595
:10A2E0006E677468000000007463705F7061727361
:10A2F000656F70743A206F7468657200000000002A
:10A300007463705F70617273656F70743A2062611C
:10A3100064206F7074696F6E206C656E677468007E
:10A320007463705F70617273656F70743A206261FC
:10A3300064206C656E677468000000000000000017
:10A34000666F756E642073796E2661636B00000022
:10A35000666F756E642073796E0000000000000067
:10A36000666F756E642066696E2661636B0000001F
:10A37000666F756E642066696E0000000000000064
:10A38000666F756E64207273742661636B000000E3
:10A39000666F756E64207273740000000000000028
:10A3A000666F756E642061636B0000000000000042
:10A3B000636F6E6675736564000000000000000046
:10A3C000706B742064726F707065643A20626164AF
:10A3D000206F7074696F6E73000000000000000051
:10A3E0004C495354454E3A2072785F73796E0000A1
:10A3F0004C495354454E3A20636C6F73650000001E
:10A4000053594E5F53454E543A2072785F73796EBC
:10A41000000000000000000053594E5F53454E54A9
:10A420003A2072785F73796E61636B000000000000
:10A4300053594E5F53454E543A2072785F61636BB7
:10A44000000000000000000053594E5F53454E5479
:10A450003A20636C6F73650053594E5F53454E54F9
:10A460003A2074696D656F7574000000000000008B
:10A4700053594E5F52454345495645443A207278F8
:10A480005F73796E61636B0053594E5F524543456C
:10A49000495645443A2072785F61636B00000000C2
:10A4A00053594E5F52454345495645443A20636CE3
:10A4B0006F7365000000000053594E5F52454345DD
:10A4C000495645443A202072785F72737400000048
:10A4D00072737420736571204F4B00000000000000
:10A4E00053594E5F52454345495645443A202074DE
:10A4F000696D656F7574000045535441424C495372
:10A500004845443A2072785F61636B0000000000A8
:10A5100045535441424C49534845443A20636C6F7B
:10A52000736500000000000045535441424C4953FC
:10A530004845443A2072785F66696E00000000006A
:10A5400045535441424C49534845443A202074698C
:10A550006D656F757400000046494E5F5741495460
:10A560005F313A2072785F61636B00000000000089
:10A5700046494E5F574149545F313A2072785F66D1
:10A58000696E61636B00000046494E5F5741495454
:10A590005F313A202074696D656F757400000000AA
:10A5A00046494E5F574149545F323A2072785F66A0
:10A5B000696E2F72785F66696E61636B00000000E0
:10A5C00046494E5F574149545F323A202074696DC5
:10A5D000656F757400000000434C4F53494E473A75
:10A5E0002072785F61636B004C4153545F41434B71
:10A5F0003A2072785F61636B000000000000000089
:10A6000054696D6520576169740000000000000006
:10A61000434C4F5345443A206163746976655F6FDC
:10A6200070656E0000000000434C4F5345443A20D3
:10A63000706173736976655F6F70656E000000000E
:10A640007463705F62696E640000000000000000C7
:10A650007463705F6C697374656E000000000000C5
:10A660007463705F636C6F7365000000000000002E
:10A670007463702074696D656F757400C491FEFF1A
:10A68000BA7CFEFF447EFEFFB283FEFFB287FEFF70
:10A69000DE8CFEFF1E8FFEFF9492FEFF7290FEFF87
:10A6A0009E90FEFF9C91FEFF5682FEFF6E83FEFF92
:10A6B0006E83FEFF4A7EFEFFE080FEFF4E7FFEFFC0
:10A6C0006E83FEFF6E83FEFF6E83FEFF5883FEFFE8
:10A6D0005883FEFF6E83FEFF7E82FEFF0485FEFF31
:10A6E0003487FEFF3487FEFF3487FEFF3A84FEFF87
:10A6F0008483FEFF3487FEFF3487FEFF3487FEFF2E
:10A700007C85FEFF7C85FEFF3487FEFF5886FEFFBA
:10A71000F089FEFF3A8CFEFF3A8CFEFF3A8CFEFF7A
:10A720005087FEFF3A8CFEFF688AFEFF7C8AFEFFA0
:10A730003A8CFEFF9A8BFEFF9A8BFEFF3A8CFEFF4F
:10A74000D08BFEFF000000000000000000000000B1
:10A7500000000000000000009A98FEFF9898FEFF9D
:10A760003C97FEFF0E98FEFF9898FEFF3898FEFF7C
:10A770003500000000000000ACDF00080000000011
:10A78000440000000000000062D10008000000004A
:10A790007B000000000000004812010800000000DB
:10A7A000C0BA000000000000488B01080000000053
:10A7B000FBFF000000000000E83C01080000000072
:10A7C000CE9DFEFFD69DFEFFDE9DFEFFE69DFEFFB9
:10A7D000EE9DFEFF9EA9FEFF9EA9FEFFB6A9FEFF0D
:10A7E0009EA9FEFF9EA9FEFFB6A9FEFFB6A9FEFF29
:10A7F0009EA9FEFFB6A9FEFF9EA9FEFF9EA9FEFF31
:10A800009EA9FEFFB6A9FEFFB6A9FEFFB6A9FEFFF0
:10A810009EA9FEFFB6A9FEFFB6A9FEFF9EA9FEFFF8
:10A82000B6A9FEFF9EA9FEFF9EA9FEFFB6A9FEFFE8
:10A830009EA9FEFFB6A9FEFFB6A9FEFF9EA9FEFFD8
:10A840001CAEFEFF1CAEFEFF1CAEFEFF5EAEFEFFAA
:10A850005EAEFEFF1CAEFEFF5EAEFEFF5EAEFEFF16
:10A860001CAEFEFF1CAEFEFF5EAEFEFF1CAEFEFF8A
:10A870005EAEFEFF5EAEFEFF5EAEFEFF1CAEFEFFF6
:10A880001CAEFEFF1CAEFEFF5EAEFEFF1CAEFEFF6A
:10A890001CAEFEFF5EAEFEFF1CAEFEFF5EAEFEFF18
:10A8A0005EAEFEFF1CAEFEFF5EAEFEFF1CAEFEFF08
:10A8B0001CAEFEFF02AFFEFF02AFFEFF50AFFEFF79
:10A8C00002AFFEFF02AFFEFF50AFFEFF50AFFEFF34
:10A8D00002AFFEFF50AFFEFF02AFFEFF02AFFEFF72
:10A8E00002AFFEFF50AFFEFF50AFFEFF50AFFEFFC6
:10A8F00002AFFEFF50AFFEFF50AFFEFF02AFFEFF04
:10A9000050AFFEFF02AFFEFF02AFFEFF50AFFEFFF3
:10A9100002AFFEFF50AFFEFF50AFFEFF02AFFEFFE3
:10A9200022B4FEFF68B2FEFF80B2FEFFA0B2FEFFBF
:10A93000C0B2FEFFE0B2FEFF00B3FEFF20B3FEFF99
:10A9400040B3FEFF60B3FEFF80B3FEFFA0B3FEFF87
:10A95000C0B3FEFF22B4FEFF22B4FEFF22B4FEFF0E
:10A9600022B4FEFF22B4FEFF22B4FEFF22B4FEFF9B
:10A9700022B4FEFF22B4FEFF22B4FEFF22B4FEFF8B
:10A9800022B4FEFF22B4FEFF22B4FEFF22B4FEFF7B
:10A9900022B4FEFF22B4FEFF22B4FEFF22B4FEFF6B
:10A9A00022B4FEFFFEB3FEFFE0B5FEFFEAB5FEFFF8
:10A9B000F4B5FEFFFEB5FEFF08B6FEFF12B6FEFFC1
:10A9C000DAF5FEFFE2F5FEFFEAF5FEFFF2F5FEFF27
:10A9D000FAF5FEFF02F6FEFF0AF6FEFF12F6FEFF94
:10A9E0001AF6FEFF22F6FEFF302E392E310000004F
:10A9F0004B0000004D0000004F000000550000001B
:10AA00006F000000240000005100000075000000ED
:10AA1000FFFFFFFF000000001C00000067000000B7
:10AA200016000000FFFFFFFF0D2700000E270000AB
:10AA30000F270000FFFFFFFF414E414C4F472049C9
:10AA40004E50555420256C75000000000000803FDA
:10AA50001F05B542000000004B0000004D00000043
:10AA60004F000000550000006F00000024000000AF
:10AA70005100000075000000570000006800000051
:10AA8000FFFFFFFF00000000414E414C4F47204FA9
:10AA9000555450555420256C750000000000C842E4
:10AAA000F4FDB43F8418FFFFBE1AFFFFBE1AFFFF7C
:10AAB000BE1AFFFFBE1AFFFFBE1AFFFFBE1AFFFF3E
:10AAC000BE1AFFFFBE1AFFFFBE1AFFFFBE1AFFFF2E
:10AAD000BE1AFFFFBE1AFFFFBE1AFFFFBE1AFFFF1E
:10AAE000BE1AFFFFBE1AFFFFBE1AFFFFBE1AFFFF0E
:10AAF000BE1AFFFFBE1AFFFFBE1AFFFFBE1AFFFFFE
:10AB0000BE1AFFFFBE1AFFFFBE1AFFFFBE1AFFFFED
:10AB1000BE1AFFFFBE1AFFFFBE1AFFFFBE1AFFFFDD
:10AB2000BE1AFFFFBE1AFFFFBE1AFFFFBE1AFFFFCD
:10AB3000BE1AFFFFBE1AFFFFBE1AFFFFBE1AFFFFBD
:10AB40009E17FFFFBE1AFFFFB817FFFFBE1AFFFFD9
:10AB5000E017FFFFBE1AFFFF9618FFFFBE1AFFFFA8
:10AB6000BE1AFFFFBE1AFFFFF217FFFFBE1AFFFF5C
:10AB7000D218FFFFBE1AFFFFBE1AFFFFBE1AFFFF6B
:10AB8000BE1AFFFFBE1AFFFFBE1AFFFFBE1AFFFF6D
:10AB9000BE1AFFFFBE1AFFFFBE1AFFFFBE1AFFFF5D
:10ABA000BE1AFFFFBE1AFFFFBE1AFFFFBE1AFFFF4D
:10ABB000BE1AFFFFA21AFFFFBE1AFFFFBE1AFFFF59
:10ABC000BE1AFFFFBE1AFFFFBE1AFFFFBE1AFFFF2D
:10ABD0001618FFFFBE1AFFFFBE1AFFFFBE1AFFFFC7
:10ABE000BE1AFFFFBE1AFFFFBE18FFFFF21BFFFFDA
:10ABF0000A1CFFFF0A1CFFFF0A1CFFFF0A1CFFFFC5
:10AC00000A1CFFFF0A1CFFFF0A1CFFFF0A1CFFFFB4
:10AC10000A1CFFFF0A1CFFFF0A1CFFFF0A1CFFFFA4
:10AC20000A1CFFFF0A1CFFFF0A1CFFFF0A1CFFFF94
:10AC30000A1CFFFF0A1CFFFF0A1CFFFF0A1CFFFF84
:10AC40000A1CFFFF0A1CFFFF0A1CFFFF0A1CFFFF74
:10AC50000A1CFFFF0A1CFFFF0A1CFFFF0A1CFFFF64
:10AC60000A1CFFFF0A1CFFFF0A1CFFFF0A1CFFFF54
:10AC70000A1CFFFF0A1CFFFF0A1CFFFF0A1CFFFF44
:10AC80000A1CFFFF0A1CFFFFF21BFFFF0A1CFFFF4D
:10AC9000F21BFFFF0A1CFFFFF21BFFFF0A1CFFFF56
:10ACA000B01BFFFF0A1CFFFF0A1CFFFF0A1CFFFF6F
:10ACB000BE1AFFFF0A1CFFFFF21BFFFF0A1CFFFF6B
:10ACC0000A1CFFFF0A1CFFFF0A1CFFFF0A1CFFFFF4
:10ACD0000A1CFFFF0A1CFFFF0A1CFFFF0A1CFFFFE4
:10ACE0000A1CFFFF0A1CFFFF0A1CFFFF0A1CFFFFD4
:10ACF0000A1CFFFF0A1CFFFF0A1CFFFFF21BFFFFDD
:10AD00000A1CFFFF0A1CFFFF0A1CFFFF0A1CFFFFB3
:10AD10000A1CFFFF0A1CFFFFF21BFFFF0A1CFFFFBC
:10AD20000A1CFFFF0A1CFFFF0A1CFFFF0A1CFFFF93
:10AD3000F21BFFFF000000004B0000004D00000070
:10AD40004F000000550000006F00000024000000CC
:10AD50005100000075000000FFFFFFFF0000000031
:10AD60001C00000016000000FFFFFFFF00000000B5
:10AD7000414E414C4F472056414C554520256C755E
:10AD8000000000000000803FF4FDB43F4A23FFFFB5
:10AD90006223FFFF6223FFFF6223FFFF6223FFFFA7
:10ADA0006223FFFF3C22FFFF6223FFFF6223FFFFBE
:10ADB0006223FFFF6223FFFF6223FFFF6223FFFF87
:10ADC0006223FFFFFA22FFFF6223FFFF6223FFFFE0
:10ADD0006223FFFF6223FFFF6223FFFF6223FFFF67
:10ADE0006223FFFF6223FFFF6223FFFF6223FFFF57
:10ADF0006223FFFF6223FFFF6223FFFF6223FFFF47
:10AE00006223FFFF6223FFFF6223FFFF6223FFFF36
:10AE10006223FFFF6223FFFF6223FFFF6223FFFF26
:10AE20006223FFFF6223FFFF6223FFFF6223FFFF16
:10AE30006223FFFF6223FFFF6223FFFF6223FFFF06
:10AE40006223FFFF6223FFFF6223FFFF6223FFFFF6
:10AE50006223FFFF6223FFFF6223FFFF6223FFFFE6
:10AE60002222FFFF6223FFFF3C22FFFF6223FFFF3E
:10AE70006422FFFF6223FFFF0C23FFFF6223FFFF1B
:10AE80006223FFFF6223FFFF7622FFFF6223FFFFA3
:10AE90006223FFFF6223FFFF6223FFFF6223FFFFA6
:10AEA0006223FFFF6223FFFF6223FFFF6223FFFF96
:10AEB0006223FFFF6223FFFF6223FFFF6223FFFF86
:10AEC0006223FFFF6223FFFF6223FFFF6223FFFF76
:10AED0006223FFFF6223FFFF6223FFFF6223FFFF66
:10AEE0006223FFFF6223FFFF6223FFFF6223FFFF56
:10AEF0009A22FFFF6223FFFF6223FFFF6223FFFF0F
:10AF00006223FFFF6223FFFF2E23FFFF9E24FFFF2C
:10AF10002825FFFF2825FFFF2825FFFF2825FFFF05
:10AF20002825FFFF1025FFFF2825FFFF2825FFFF0D
:10AF30002825FFFF2825FFFF2825FFFF2825FFFFE5
:10AF40002825FFFF1025FFFF2825FFFF2825FFFFED
:10AF50002825FFFF2825FFFF2825FFFF2825FFFFC5
:10AF60002825FFFF2825FFFF2825FFFF2825FFFFB5
:10AF70002825FFFF2825FFFF2825FFFF2825FFFFA5
:10AF80002825FFFF2825FFFF2825FFFF2825FFFF95
:10AF90002825FFFF2825FFFF2825FFFF2825FFFF85
:10AFA0002825FFFF2825FFFF2825FFFF2825FFFF75
:10AFB0002825FFFF2825FFFF2825FFFF2825FFFF65
:10AFC0002825FFFF2825FFFF2825FFFF2825FFFF55
:10AFD0002825FFFF2825FFFF2825FFFF2825FFFF45
:10AFE0001025FFFF2825FFFF1025FFFF2825FFFF65
:10AFF0001025FFFF2825FFFF1E24FFFF2825FFFF48
:10B000002825FFFF2825FFFF8E23FFFF2825FFFFB0
:10B010002825FFFF2825FFFF2825FFFF2825FFFF04
:10B020002825FFFF2825FFFF2825FFFF2825FFFFF4
:10B030002825FFFF2825FFFF2825FFFF2825FFFFE4
:10B040002825FFFF2825FFFF2825FFFF2825FFFFD4
:10B050002825FFFF2825FFFF2825FFFF2825FFFFC4
:10B060002825FFFF2825FFFF2825FFFF2825FFFFB4
:10B070001025FFFF2825FFFF2825FFFF2825FFFFBC
:10B080002825FFFF2825FFFF5C24FFFF00000000AC
:10B090004B0000004D0000004F0000005500000074
:10B0A0006F00000024000000510000005400000068
:10B0B000FFFFFFFF0000000042494E415259204966
:10B0C0004E50555420256C7500000000B02AFFFF3B
:10B0D000D62BFFFFD62BFFFFD62BFFFFD62BFFFF74
:10B0E000D62BFFFFD62BFFFFD62BFFFF7A2BFFFFC0
:10B0F000D62BFFFFD62BFFFFD62BFFFFD62BFFFF54
:10B10000D62BFFFFD62BFFFFD62BFFFFD62BFFFF43
:10B11000D62BFFFFD62BFFFFD62BFFFFD62BFFFF33
:10B12000D62BFFFFD62BFFFFD62BFFFFD62BFFFF23
:10B13000D62BFFFFD62BFFFFD62BFFFFD62BFFFF13
:10B14000D62BFFFFD62BFFFFD62BFFFFD62BFFFF03
:10B15000D62BFFFFD62BFFFFD62BFFFFD62BFFFFF3
:10B16000D62BFFFFD62BFFFFD62BFFFFD62BFFFFE3
:10B17000D62BFFFFD62BFFFFD62BFFFFD62BFFFFD3
:10B18000D62BFFFFD62BFFFF962AFFFFD62BFFFF04
:10B19000B02AFFFFD62BFFFFD82AFFFFD62BFFFFD9
:10B1A0008C2BFFFFD62BFFFFD62BFFFFB42BFFFF0F
:10B1B000EA2AFFFFD62BFFFFD62BFFFFD62BFFFF80
:10B1C000D62BFFFFD62BFFFFD62BFFFFD62BFFFF83
:10B1D000D62BFFFFD62BFFFFD62BFFFFD62BFFFF73
:10B1E000D62BFFFFD62BFFFFD62BFFFFD62BFFFF63
:10B1F000D62BFFFFD62BFFFFD62BFFFFD62BFFFF53
:10B20000D62BFFFFD62BFFFFD62BFFFFD62BFFFF42
:10B21000D62BFFFFD62BFFFF0C2BFFFFC62CFFFF0B
:10B22000DE2CFFFFDE2CFFFFDE2CFFFFDE2CFFFFFE
:10B23000DE2CFFFFDE2CFFFFDE2CFFFFC62CFFFF06
:10B24000DE2CFFFFDE2CFFFFDE2CFFFFDE2CFFFFDE
:10B25000DE2CFFFFDE2CFFFFDE2CFFFFDE2CFFFFCE
:10B26000DE2CFFFFDE2CFFFFDE2CFFFFDE2CFFFFBE
:10B27000DE2CFFFFDE2CFFFFDE2CFFFFDE2CFFFFAE
:10B28000DE2CFFFFDE2CFFFFDE2CFFFFDE2CFFFF9E
:10B29000DE2CFFFFDE2CFFFFDE2CFFFFDE2CFFFF8E
:10B2A000DE2CFFFFDE2CFFFFDE2CFFFFDE2CFFFF7E
:10B2B000DE2CFFFFDE2CFFFFDE2CFFFFDE2CFFFF6E
:10B2C000DE2CFFFFDE2CFFFFDE2CFFFFDE2CFFFF5E
:10B2D000DE2CFFFFDE2CFFFFC62CFFFFDE2CFFFF66
:10B2E000C62CFFFFDE2CFFFFC62CFFFFDE2CFFFF6E
:10B2F0001A2CFFFFDE2CFFFFDE2CFFFF5C2CFFFF74
:10B30000AE2BFFFFDE2CFFFFDE2CFFFFDE2CFFFF4E
:10B31000DE2CFFFFDE2CFFFFDE2CFFFFDE2CFFFF0D
:10B32000DE2CFFFFDE2CFFFFDE2CFFFFDE2CFFFFFD
:10B33000DE2CFFFFDE2CFFFFDE2CFFFFDE2CFFFFED
:10B34000DE2CFFFFDE2CFFFFDE2CFFFFDE2CFFFFDD
:10B35000DE2CFFFFDE2CFFFFDE2CFFFFDE2CFFFFCD
:10B36000DE2CFFFFDE2CFFFFC62CFFFF00000000DD
:10B370004B0000004D0000004F0000005500000091
:10B380006F00000024000000510000005400000085
:10B390005700000068000000FFFFFFFF00000000F2
:10B3A0001C000000040000002E000000FFFFFFFF53
:10B3B00042494E415259204F555450555420256C06
:10B3C00075000000000000006F6E0000000000002B
:10B3D0006F6666008831FFFFD831FFFFD831FFFF6D
:10B3E000D831FFFFD831FFFFD831FFFFD831FFFF41
:10B3F000D831FFFFD831FFFFD831FFFFD831FFFF31
:10B40000D831FFFFD831FFFFD831FFFFD831FFFF20
:10B41000D831FFFFD831FFFFD831FFFFD831FFFF10
:10B42000D831FFFFD831FFFFD831FFFFD831FFFF00
:10B43000D831FFFF7E2EFFFFD831FFFFD831FFFF4D
:10B44000D831FFFFD831FFFFD831FFFFD831FFFFE0
:10B45000D831FFFF382FFFFFD831FFFFD831FFFF72
:10B46000D831FFFFD831FFFFD831FFFFD831FFFFC0
:10B47000D831FFFFD831FFFFD831FFFFB031FFFFD8
:10B48000D831FFFFD831FFFFD831FFFFD831FFFFA0
:10B49000D831FFFFD831FFFFD831FFFFD831FFFF90
:10B4A000D831FFFFD831FFFFD831FFFFD831FFFF80
:10B4B000D831FFFFD831FFFFD831FFFFD831FFFF70
:10B4C000D831FFFFD831FFFFD831FFFFD831FFFF60
:10B4D000D831FFFFD831FFFFD831FFFFD831FFFF50
:10B4E000D831FFFFD831FFFFD831FFFFD831FFFF40
:10B4F000642EFFFFD831FFFF7E2EFFFFD831FFFF04
:10B50000A62EFFFFD831FFFF4A2FFFFFD831FFFFE4
:10B51000D831FFFF882FFFFFB82EFFFFD831FFFF84
:10B520009E2FFFFFD831FFFFD831FFFFD831FFFF3B
:10B53000D831FFFFD831FFFFD831FFFFD831FFFFEF
:10B54000D831FFFFD831FFFFD831FFFFD831FFFFDF
:10B55000D831FFFFD831FFFFD831FFFFD831FFFFCF
:10B56000D831FFFF6E31FFFFD831FFFFD831FFFF29
:10B57000D831FFFFD831FFFFD831FFFFD831FFFFAF
:10B58000E02EFFFF5C33FFFF7433FFFF7433FFFFD8
:10B590007433FFFF7433FFFF7433FFFF7433FFFF17
:10B5A0007433FFFF7433FFFF7433FFFF7433FFFF07
:10B5B0007433FFFF7433FFFF7433FFFF7433FFFFF7
:10B5C0007433FFFF7433FFFF7433FFFF7433FFFFE7
:10B5D0007433FFFF7433FFFF7433FFFF7433FFFFD7
:10B5E0007433FFFF7433FFFF7433FFFF7433FFFFC7
:10B5F0007433FFFF7433FFFF7433FFFF7433FFFFB7
:10B600007433FFFF5C33FFFF7433FFFF7433FFFFBE
:10B610007433FFFF7433FFFF7433FFFF7433FFFF96
:10B620007433FFFF7433FFFF7433FFFF5C33FFFF9E
:10B630007433FFFF7433FFFF7433FFFF7433FFFF76
:10B640007433FFFF7433FFFF7433FFFF7433FFFF66
:10B650007433FFFF7433FFFF7433FFFF7433FFFF56
:10B660007433FFFF7433FFFF7433FFFF7433FFFF46
:10B670007433FFFF7433FFFF7433FFFF7433FFFF36
:10B680007433FFFF7433FFFF7433FFFF7433FFFF26
:10B690007433FFFF7433FFFF7433FFFF7433FFFF16
:10B6A0005C33FFFF7433FFFF5C33FFFF7433FFFF36
:10B6B0005C33FFFF7433FFFF0433FFFF7433FFFF7E
:10B6C0007433FFFF5C33FFFF8031FFFF7433FFFFF4
:10B6D0005C33FFFF7433FFFF7433FFFF7433FFFFEE
:10B6E0007433FFFF7433FFFF7433FFFF7433FFFFC6
:10B6F0007433FFFF7433FFFF7433FFFF7433FFFFB6
:10B700007433FFFF7433FFFF7433FFFF7433FFFFA5
:10B710005C33FFFF5C33FFFF7433FFFF7433FFFFC5
:10B720007433FFFF7433FFFF7433FFFF7433FFFF85
:10B730005C33FFFF000000004B0000004D000000E4
:10B740004F000000550000006F00000024000000C2
:10B7500051000000FFFFFFFF1C0000005700000029
:10B7600068000000FFFFFFFF42494E41525920563A
:10B77000414C554520256C75000000007C35FFFFCD
:10B780006838FFFF6838FFFF6838FFFF6838FFFF41
:10B790006838FFFF6838FFFF6838FFFF4C36FFFF4F
:10B7A0006838FFFF6838FFFF6838FFFF6838FFFF21
:10B7B0006838FFFF6838FFFF6838FFFF6838FFFF11
:10B7C0006838FFFF6838FFFF6838FFFF6838FFFF01
:10B7D0006838FFFF6838FFFF6838FFFF6838FFFFF1
:10B7E0006838FFFF6838FFFF6838FFFF6838FFFFE1
:10B7F0006838FFFF6838FFFF6838FFFF6838FFFFD1
:10B800006838FFFF6838FFFF6838FFFF6838FFFFC0
:10B810006838FFFF6838FFFF6838FFFF6838FFFFB0
:10B820006838FFFF6838FFFF6838FFFF6838FFFFA0
:10B830006838FFFF6838FFFF6235FFFF6838FFFF99
:10B840007C35FFFF6838FFFFA435FFFF6838FFFF36
:10B850005E36FFFF6838FFFF6838FFFF6838FFFF7C
:10B86000B635FFFF6838FFFF8636FFFF6838FFFFF9
:10B870006838FFFF6838FFFF6838FFFF6838FFFF50
:10B880006838FFFF6838FFFF6838FFFF6838FFFF40
:10B890006838FFFF6838FFFF6838FFFF6838FFFF30
:10B8A0006838FFFF6838FFFF6838FFFF4E38FFFF3A
:10B8B0006838FFFF6838FFFF6838FFFF6838FFFF10
:10B8C0006838FFFF6838FFFFDE35FFFF363AFFFFBD
:10B8D0004E3AFFFF4E3AFFFF4E3AFFFF4E3AFFFF50
:10B8E0004E3AFFFF4E3AFFFF4E3AFFFF363AFFFF58
:10B8F0004E3AFFFF4E3AFFFF4E3AFFFF4E3AFFFF30
:10B900004E3AFFFF4E3AFFFF4E3AFFFF4E3AFFFF1F
:10B910004E3AFFFF4E3AFFFF4E3AFFFF4E3AFFFF0F
:10B920004E3AFFFF4E3AFFFF4E3AFFFF4E3AFFFFFF
:10B930004E3AFFFF4E3AFFFF4E3AFFFF4E3AFFFFEF
:10B940004E3AFFFF4E3AFFFF4E3AFFFF4E3AFFFFDF
:10B950004E3AFFFF4E3AFFFF4E3AFFFF4E3AFFFFCF
:10B960004E3AFFFF4E3AFFFF4E3AFFFF4E3AFFFFBF
:10B970004E3AFFFF4E3AFFFF4E3AFFFF4E3AFFFFAF
:10B980004E3AFFFF4E3AFFFF363AFFFF4E3AFFFFB7
:10B99000363AFFFF4E3AFFFF363AFFFF4E3AFFFFBF
:10B9A000F439FFFF4E3AFFFF4E3AFFFF4E3AFFFFDA
:10B9B0007038FFFF4E3AFFFF363AFFFF4E3AFFFF67
:10B9C0004E3AFFFF4E3AFFFF4E3AFFFF4E3AFFFF5F
:10B9D0004E3AFFFF4E3AFFFF4E3AFFFF4E3AFFFF4F
:10B9E0004E3AFFFF4E3AFFFF4E3AFFFF4E3AFFFF3F
:10B9F0004E3AFFFF4E3AFFFF4E3AFFFF363AFFFF47
:10BA00004E3AFFFF4E3AFFFF4E3AFFFF4E3AFFFF1E
:10BA10004E3AFFFF4E3AFFFF363AFFFF00000000AC
:10BA20004241436E657420537461636B20617420DE
:10BA3000536F75726365466F7267650000000000A2
:10BA4000474E550000000000312E3000000000007D
:10BA50005553410000000000636F6D6D616E6420FE
:10BA60006C696E6520636C69656E7400000000008F
:10BA7000506F6C61724669726520536F430000001D
:10BA80004B0000004D0000004F000000700000005F
:10BA90007900000078000000460000002C00000043
:10BAA0000C000000620000008B000000610000003C
:10BAB000600000004C0000003E0000006B00000031
:10BAC0000B000000490000001E0000009B00000069
:10BAD000FFFFFFFF000000001C0000003900000015
:10BAE0007700000038000000180000003A00000055
:10BAF00098000000FFFFFFFFCC3BFFFFCC3BFFFFA8
:10BB0000DC3BFFFFDC3BFFFFCC3BFFFFDC3BFFFFF1
:10BB1000F244FFFFCE41FFFF5645FFFF5645FFFFB2
:10BB20005645FFFF5645FFFF5645FFFF5645FFFFB1
:10BB30005645FFFF5645FFFF5645FFFF5645FFFFA1
:10BB40005645FFFF5645FFFF5645FFFF5645FFFF91
:10BB50005645FFFFF640FFFF5645FFFF2645FFFF16
:10BB60005645FFFF5645FFFF5645FFFF5645FFFF71
:10BB70005645FFFF5645FFFF5645FFFF5645FFFF61
:10BB80005645FFFF5645FFFF5645FFFF5645FFFF51
:10BB90005645FFFFA641FFFF5645FFFF5645FFFFF5
:10BBA0005645FFFF5645FFFF5645FFFF5645FFFF31
:10BBB0005645FFFF5645FFFF5645FFFF5645FFFF21
:10BBC0005645FFFF5645FFFF5645FFFFF641FFFF75
:10BBD0005645FFFF5645FFFF5645FFFFC444FFFF94
:10BBE0005645FFFF5645FFFF5645FFFF5645FFFFF1
:10BBF0005645FFFF5645FFFF5645FFFF7E41FFFFBD
:10BC00005645FFFF5645FFFF0C45FFFF5645FFFF1A
:10BC1000B240FFFF6443FFFFCC40FFFF5645FFFFEC
:10BC2000E440FFFF5645FFFF5645FFFF5645FFFF27
:10BC30005645FFFF5645FFFF5645FFFF5645FFFFA0
:10BC40005645FFFF5645FFFF5645FFFF5645FFFF90
:10BC50005645FFFF5645FFFF5645FFFF5645FFFF80
:10BC60005645FFFFB642FFFF5242FFFF1E42FFFF55
:10BC70005645FFFF5645FFFF5645FFFF5645FFFF60
:10BC80005645FFFF5645FFFF5645FFFF5645FFFF50
:10BC9000D844FFFF5645FFFF5645FFFF5645FFFFBF
:10BCA0005645FFFF1E41FFFF5645FFFF5645FFFF6C
:10BCB0005645FFFF5645FFFF5645FFFF5645FFFF20
:10BCC0005645FFFF6241FFFF3A41FFFF5645FFFF28
:10BCD0005645FFFF5645FFFF5645FFFF5645FFFF00
:10BCE0005645FFFF5645FFFF5645FFFF5645FFFFF0
:10BCF0005645FFFF5645FFFF5645FFFF5645FFFFE0
:10BD00005645FFFF5645FFFF5645FFFF5645FFFFCF
:10BD10003842FFFF5645FFFF5645FFFF5645FFFFE0
:10BD20005645FFFF5645FFFF5645FFFF5645FFFFAF
:10BD30005645FFFF5645FFFF5645FFFF5645FFFF9F
:10BD40005645FFFF7045FFFF5645FFFF5645FFFF75
:10BD50003A45FFFFBE45FFFFA448FFFFBC48FFFF79
:10BD6000BC48FFFFBC48FFFFBC48FFFFBC48FFFFCB
:10BD7000BC48FFFFBC48FFFFBC48FFFFBC48FFFFBB
:10BD8000BC48FFFFBC48FFFFA448FFFFBC48FFFFC3
:10BD9000BC48FFFFBC48FFFFC647FFFFBC48FFFF92
:10BDA000A448FFFFBC48FFFFBC48FFFFBC48FFFFA3
:10BDB000BC48FFFFBC48FFFFBC48FFFFBC48FFFF7B
:10BDC000BC48FFFFBC48FFFFBC48FFFFBC48FFFF6B
:10BDD000BC48FFFFBC48FFFFA448FFFFBC48FFFF73
:10BDE000BC48FFFFBC48FFFFBC48FFFFBC48FFFF4B
:10BDF000BC48FFFFBC48FFFFBC48FFFFBC48FFFF3B
:10BE0000BC48FFFFBC48FFFFA448FFFFA448FFFF5A
:10BE10006E47FFFFBC48FFFFBC48FFFFBC48FFFF69
:10BE2000A448FFFF8C48FFFF8C48FFFFBC48FFFF82
:10BE3000BC48FFFFBC48FFFFBC48FFFFBC48FFFFFA
:10BE40001E48FFFFBC48FFFFBC48FFFF7E45FFFFC9
:10BE5000BC48FFFF1445FFFFA448FFFFC246FFFF99
:10BE6000BC48FFFFA448FFFFBC48FFFFBC48FFFFE2
:10BE7000BC48FFFFBC48FFFFBC48FFFFBC48FFFFBA
:10BE8000BC48FFFFBC48FFFFBC48FFFFBC48FFFFAA
:10BE9000BC48FFFFBC48FFFFBC48FFFFBC48FFFF9A
:10BEA000BC48FFFFBC48FFFFA448FFFFA448FFFFBA
:10BEB000A448FFFFBC48FFFFBC48FFFFBC48FFFF92
:10BEC000BC48FFFFBC48FFFFBC48FFFFBC48FFFF6A
:10BED000BC48FFFFA448FFFFBC48FFFFBC48FFFF72
:10BEE000BC48FFFFBC48FFFF3E46FFFFBC48FFFFCA
:10BEF000BC48FFFFBC48FFFFBC48FFFFBC48FFFF3A
:10BF0000BC48FFFFBC48FFFFFE45FFFFA448FFFF02
:10BF1000BC48FFFFBC48FFFFBC48FFFFBC48FFFF19
:10BF2000BC48FFFFBC48FFFFBC48FFFFBC48FFFF09
:10BF3000BC48FFFFBC48FFFFBC48FFFFBC48FFFFF9
:10BF4000BC48FFFFBC48FFFFBC48FFFFBC48FFFFE9
:10BF5000BC48FFFFA448FFFFBC48FFFFBC48FFFFF1
:10BF6000BC48FFFFBC48FFFFBC48FFFFBC48FFFFC9
:10BF7000BC48FFFFBC48FFFFBC48FFFFBC48FFFFB9
:10BF8000BC48FFFFBC48FFFFA448FFFFBC48FFFFC1
:10BF9000BC48FFFFA448FFFFBC48FFFFBC48FFFFB1
:10BFA000BC48FFFFBC48FFFFBC48FFFFBC48FFFF89
:10BFB000BC48FFFFBC48FFFFBC48FFFFBC48FFFF79
:10BFC000BC48FFFFBC48FFFFBC48FFFFBC48FFFF69
:10BFD000BC48FFFFBC48FFFFBC48FFFFBC48FFFF59
:10BFE000BC48FFFFBC48FFFFBC48FFFFBC48FFFF49
:10BFF000BC48FFFFBC48FFFFBC48FFFFBC48FFFF39
:10C00000BC48FFFFBC48FFFFBC48FFFFBC48FFFF28
:10C01000BC48FFFFBC48FFFFBC48FFFFBC48FFFF18
:10C02000BC48FFFFBC48FFFFBC48FFFF7448FFFF50
:10C03000BC48FFFF7448FFFFBC48FFFFBC48FFFF40
:10C04000BC48FFFFBC48FFFFBC48FFFFBC48FFFFE8
:10C05000BC48FFFFBC48FFFF7448FFFF0000000022
:10C060004B0000004D0000004F0000006F0000007A
:10C070006700000051000000AB010000E201000079
:10C08000A9010000AA010000A00100008F0100002A
:10C09000A4010000FFFFFFFFA70100003E00000019
:10C0A000FFFFFFFF00000000A70100003E000000AE
:10C0B000400000003F000000FFFFFFFF0000000005
:10C0C000A70100003E000000980100009001000060
:10C0D0009C0100009B0100009101000096010000FE
:10C0E0009D0100009E0100009F010000FFFFFFFF77
:10C0F000A70100003E000000B3010000B4010000F1
:10C10000B5010000B6010000B7010000B801000051
:10C11000B9010000BA010000BB010000BC01000031
:10C12000BD010000BE010000FFFFFFFF0000000096
:10C130006861727434204D4D5541525434206C6FF7
:10C1400063616C204952512E0D0A0000000000006E
:10C1500048656C6C6F20576F726C642066726F6DEF
:10C16000205535345F340D0A000000000000000047
:10C17000686172742025640D0A0000000000000050
:10C180006861727433204D4D5541525433206C6FA9
:10C1900063616C204952512E0D0A0000000000001E
:10C1A00048656C6C6F20576F726C642066726F6D9F
:10C1B000205535345F330D0A0000000000000000F8
:10C1C000686172742025640D0A0000000000000000
:10C1D0006861727432204D4D5541525432206C6F5B
:10C1E00063616C204952512E0D0A000000000000CE
:10C1F00048656C6C6F20576F726C642066726F6D4F
:10C20000205535345F320D0A0000000000000000A8
:10C21000686172742025640D0A00000000000000AF
:10C220006861727431204D4D5541525431206C6F0C
:10C2300063616C204952512E0D0A0000000000007D
:10C2400048656C6C6F20576F726C642066726F6DFE
:10C25000205535345F310D0A000000000000000059
:10C26000686172742025640D0A000000C482FFFF1B
:10C270000A83FFFF7683FFFFE283FFFF4E84FFFF09
:10C2800054686520666F6C6C6F77696E67207369A0
:10C290006E676C65206B657920636F6D6D616E6490
:10C2A00073206172652061636365707465643A0A26
:10C2B0000D0A0D000000000061202D2053686F77EB
:10C2C0002063757272656E742041525020746162F1
:10C2D0006C6520636F6E74656E74730A0D000000E8
:10C2E00041202D20436C65617220415250207461C1
:10C2F000626C6520636F6E74656E74730A0D000066
:10C3000064697361626C65640000000000000000F5
:10C31000656E61626C65640042202D20546F676712
:10C320006C652062726F616463617374205258207F
:10C330006D6F6465202D2D2D2D2D2D2D2D2D2D2D49
:10C340002D2D2D282573290A0D0000000000000066
:10C3500063202D204361707475726520616E6420C6
:10C3600064756D70206E657874207061636B6574A0
:10C370000A0D00000000000068202D204469737041
:10C380006C617920746869732068656C7020696ECF
:10C39000666F726D6174696F6E0A0D0000000000B7
:10C3A00069202D20496E6372656D656E742073740B
:10C3B000617469737469637320636F756E746572F9
:10C3C000730A0D000000000049202D2053686F778C
:10C3D000204950763420696E666F0A0D0000000017
:10C3E0006A202D20546F67676C65204A756D626FF7
:10C3F000205061636B6574204D6F64652D2D2D2D6C
:10C400002D2D2D2D2D2D2D2D2D2D2D282573290A4A
:10C410000D000000000000006B202D20546F6767A6
:10C420006C6520636170747572652072652D74721D
:10C430006967676572206D6F6465202D2D2D2D2D28
:10C440002D2D2D282573290A0D0000000000000065
:10C45000456D657267656E6379000000000000003D
:10C4600044656661756C74006C202D20546F67679D
:10C470006C65206C6F67207072696F7269747920C7
:10C480006D6F6465202D2D2D2D2D2D2D2D282573BF
:10C49000290A0D000000000070202D20546F6767EE
:10C4A0006C652070726F6D697363756F7573207240
:10C4B000656365697665206D6F6465202D2D2D2D72
:10C4C0002D2D2D282573290A0D00000000000000E5
:10C4D00072202D20526573657420737461746973C2
:10C4E0007469637320636F756E74730A0D000000C6
:10C4F00073202D2053686F7720737461746973748F
:10C500006963730A0D00000074202D205472616E5F
:10C51000736D69742073616D706C65204152502099
:10C520007061636B65740A0D00000000000000007C
:10C5300054202D205472616E736D69742073616D87
:10C54000706C6520415250207061636B6574202DC2
:10C550002036302B2062797465732030783030209B
:10C560007061646465640A0D000000000000000052
:10C5700078202D20546F67676C65205048592072D1
:10C58000656769737465722064756D70206D6F6482
:10C5900065202D2D2D2D2D2D2D2D2D282573290A8E
:10C5A0000D000000000000005048592053746174D1
:10C5B0006973746963730A0D0000000000000000D5
:10C5C00050485920435520525820474F4F4420206F
:10C5D0002020202020202020252031306C75202094
:10C5E0000000000000000000504859204355205230
:10C5F00058204552524F52532020202020202020E6
:10C60000252031306C750A0D00000000000000008C
:10C61000504859204D414320525820474F4F442005
:10C620002020202020202020252031306C75202043
:10C630000000000000000000504859204D414320F8
:10C640005258204552524F52532020202020202063
:10C65000252031306C750A0D00000000000000003C
:10C66000504859204D414320545820474F4F4420B3
:10C670002020202020202020252031306C752020F3
:10C680000000000000000000504859204D414320A8
:10C690005458204552524F52532020202020202011
:10C6A000252031306C750A0D0000000000000000EC
:10C6B0005048592046414C53452043415252494528
:10C6C0005220455252202020252031306C752020E8
:10C6D0000000000000000000504859204C494E4B1B
:10C6E00020444953434F4E4E45435453202020206D
:10C6F000252031306C750A0D0A0D00000000000085
:10C7000053474D4949205265676973746572730ACE
:10C710000D0000000000000053474D494920436FC1
:10C720006E74726F6C205265676973746572202035
:10C73000253034580A0D000053474D4949205374A1
:10C740006174757320526567697374657220202067
:10C75000253034580A0D000053474D494920414EB9
:10C76000204164766572746973656D656E7420200E
:10C77000253034580A0D0A0D0000000000000000AA
:10C78000504859205265676973746572730A0D00C9
:10C790004261736963204D6F646520436F6E7472EC
:10C7A0006F6C2052656769737465722020202020A9
:10C7B0002020202020202020202020202020202574
:10C7C0003034580A0D0000004261736963204D6FD8
:10C7D000646520537461747573205265676973745E
:10C7E00065722020202020202020202020202020B2
:10C7F00020202020202020253034580A0D00000061
:10C800004175746F2D4E65676F74696174696F6EE1
:10C81000204164766572746973656D656E7420522B
:10C8200065676973746572202020202020202025F0
:10C830003034580A0D0000004175746F2D4E656745
:10C840006F74696174696F6E204C696E6B20506102
:10C8500072746E6572204162696C697479205265E8
:10C8600067697374657220253034580A0D00000022
:10C870004175746F2D4E65676F74696174652045ED
:10C880007870616E73696F6E205265676973746545
:10C890007220202020202020202020202020202541
:10C8A0003034580A0D0000004175746F2D4E6567D5
:10C8B0006F74696174696F6E204E65787420506181
:10C8C0006765205472616E736D6974205265676983
:10C8D00073746572202020253034580A0D00000042
:10C8E0004175746F2D4E65676F74696174696F6E01
:10C8F000204E6578742050616765205265636569D4
:10C900007665205265676973746572202020202542
:10C910003034580A0D000000313030304241534568
:10C920002D5420436F6E66696775726174696F6E0E
:10C9300020526567697374657220202020202020B2
:10C9400020202020202020253034580A0D0000000F
:10C9500053746174757320526567697374657220CE
:10C9600031202020202020202020202020202020B6
:10C9700020202020202020202020202020202025B2
:10C980003034580A0D0000003130303042415345F8
:10C990002D542053746174757320526567697374E4
:10C9A00065722020202020202020202020202020F0
:10C9B00020202020202020253034580A0D0000009F
:10C9C00050485920436F6E74726F6C2052656769CE
:10C9D0007374657220202020202020202020202019
:10C9E0002020202020202020202020202020202542
:10C9F0003034580A0D0000005048592053746174B7
:10CA00007573205265676973746572202020202039
:10CA10002020202020202020202020202020202016
:10CA200020202020202020253034580A0D0000002E
:10CA3000496E746572727570742053746174757385
:10CA400020526567697374657220202020202020A1
:10CA500020202020202020202020202020202025D1
:10CA60003034580A0D000000436F6E6669677572B6
:10CA70006174696F6E2052656769737465722032E4
:10CA800020202020202020202020202020202020A6
:10CA900020202020202020253034580A0D000000BE
:10CAA000436F6E66696775726174696F6E20526557
:10CAB0006769737465722034202020202020202094
:10CAC0002020202020202020202020202020202561
:10CAD0003034580A0D00000053474D494920417534
:10CAE000746F2D4E65676F74696174696F6E205342
:10CAF00074617475732020202020202020202020A5
:10CB000020202020202020253034580A0D0000004D
:10CB1000536B6577204649464F2053746174757393
:10CB20002020202020202020202020202020202005
:10CB300020202020202020202020202020202025F0
:10CB40003034580A0D00000031304D2053474D4914
:10CB50004920436F6E66696775726174696F6E20F4
:10CB600020202020202020202020202020202020C5
:10CB700020202020202020253034580A0D000000DD
:10CB80004D4D44332050435320436F6E74726F6C8D
:10CB90002052656769737465722020202020202050
:10CBA0002020202020202020202020202020202580
:10CBB0003034580A0D0A0D0053474D494920436F40
:10CBC0006E74726F6C205265676973746572202091
:10CBD0002020202020202020202020202020202055
:10CBE00020202020202020253034580A0D0000006D
:10CBF00053474D49492053746174757320526567DA
:10CC0000697374657220202020202020202020209D
:10CC1000202020202020202020202020202020250F
:10CC20003034580A0D00000053474D494920414E09
:10CC3000204164766572746973656D656E74202039
:10CC400020202020202020202020202020202020E4
:10CC500020202020202020253034580A0D0A0D00E5
:10CC600047454D20537461746973746963730A0D89
:10CC7000000000000000000054585F4F435445542A
:10CC8000535F4C4F572020202020202020202020A0
:10CC9000252031306C7520200000000000000000CD
:10CCA00054585F4F43544554535F484947482020E8
:10CCB0002020202020202020252031306C750A0DD6
:10CCC000000000000000000054585F4652414D45EE
:10CCD000535F4F4B20202020202020202020202088
:10CCE000252031306C75202000000000000000007D
:10CCF00054585F42434153545F4652414D45535F40
:10CD00004F4B202020202020252031306C750A0D2B
:10CD1000000000000000000054585F4D4341535490
:10CD20005F4652414D45535F4F4B2020202020202D
:10CD3000252031306C75202000000000000000002C
:10CD400054585F50415553455F4652414D45535FDE
:10CD50004F4B202020202020252031306C750A0DDB
:10CD6000000000000000000054585F36345F425954
:10CD700054455F4652414D45535F4F4B2020202084
:10CD8000252031306C7520200000000000000000DC
:10CD900054585F36355F425954455F4652414D45C0
:10CDA000535F4F4B20202020252031306C750A0D19
:10CDB000000000000000000054585F3132385F422C
:10CDC0005954455F4652414D45535F4F4B202020FB
:10CDD000252031306C75202000000000000000008C
:10CDE00054585F3235365F425954455F4652414D83
:10CDF00045535F4F4B202020252031306C750A0DA4
:10CE0000000000000000000054585F3531325F42DE
:10CE10005954455F4652414D45535F4F4B202020AA
:10CE2000252031306C75202000000000000000003B
:10CE300054585F313032345F425954455F46524155
:10CE40004D45535F4F4B2020252031306C750A0D26
:10CE5000000000000000000054585F313531395F98
:10CE6000425954455F4652414D45535F4F4B202038
:10CE7000252031306C7520200000000000000000EB
:10CE800054585F554E44455252554E532020202051
:10CE90002020202020202020252031306C750A0DF4
:10CEA000000000000000000054585F53494E474CFA
:10CEB000455F434F4C4C4953494F4E53202020204F
:10CEC000252031306C75202000000000000000009B
:10CED00054585F4D554C5449504C455F434F4C4C52
:10CEE0004953494F4E532020252031306C750A0D8F
:10CEF000000000000000000054585F4558434553AF
:10CF0000534956455F434F4C4C4953494F4E53206C
:10CF1000252031306C75202000000000000000004A
:10CF200054585F4C4154455F434F4C4C4953494F13
:10CF30004E53202020202020252031306C750A0DF2
:10CF4000000000000000000054585F444546455270
:10CF50005245445F4652414D455320202020202019
:10CF6000252031306C7520200000000000000000FA
:10CF700054585F4352535F4552524F525320202022
:10CF80002020202020202020252031306C750A0D03
:10CF9000000000000000000052585F4F4354455409
:10CFA000535F4C4F5720202020202020202020207D
:10CFB000252031306C7520200000000000000000AA
:10CFC00052585F4F43544554535F484947482020C7
:10CFD0002020202020202020252031306C750A0DB3
:10CFE000000000000000000052585F4652414D45CD
:10CFF000535F4F4B20202020202020202020202065
:10D00000252031306C752020000000000000000059
:10D0100052585F42434153545F4652414D45535F1E
:10D020004F4B202020202020252031306C750A0D08
:10D03000000000000000000052585F4D434153546F
:10D040005F4652414D45535F4F4B2020202020200A
:10D05000252031306C752020000000000000000009
:10D0600052585F50415553455F4652414D45535FBD
:10D070004F4B202020202020252031306C750A0DB8
:10D08000000000000000000052585F36345F425933
:10D0900054455F4652414D45535F4F4B2020202061
:10D0A000252031306C7520200000000000000000B9
:10D0B00052585F36355F425954455F4652414D459F
:10D0C000535F4F4B20202020252031306C750A0DF6
:10D0D000000000000000000052585F3132385F420B
:10D0E0005954455F4652414D45535F4F4B202020D8
:10D0F000252031306C752020000000000000000069
:10D1000052585F3235365F425954455F4652414D61
:10D1100045535F4F4B202020252031306C750A0D80
:10D12000000000000000000052585F3531325F42BD
:10D130005954455F4652414D45535F4F4B20202087
:10D14000252031306C752020000000000000000018
:10D1500052585F313032345F425954455F46524134
:10D160004D45535F4F4B2020252031306C750A0D03
:10D17000000000000000000052585F313531395F77
:10D18000425954455F4652414D45535F4F4B202015
:10D19000252031306C7520200000000000000000C8
:10D1A00052585F554E44455253495A455F46524185
:10D1B0004D45535F4F4B2020252031306C750A0DB3
:10D1C000000000000000000052585F4F56455253C7
:10D1D000495A455F4652414D45535F4F4B202020F1
:10D1E000252031306C752020000000000000000078
:10D1F00052585F4A4142424552532020202020206D
:10D200002020202020202020252031306C750A0D80
:10D21000000000000000000052585F4643535F4585
:10D2200052524F5253202020202020202020202006
:10D23000252031306C752020000000000000000027
:10D2400052585F4C454E4754485F4552524F5253D7
:10D250002020202020202020252031306C750A0D30
:10D26000000000000000000052585F53594D424F2B
:10D270004C5F4552524F5253202020202020202026
:10D28000252031306C7520200000000000000000D7
:10D2900052585F414C49474E4D454E545F4552529E
:10D2A0004F52532020202020252031306C750A0D4C
:10D2B000000000000000000052585F5245534F55D7
:10D2C0005243455F4552524F525320202020202088
:10D2D000252031306C752020000000000000000087
:10D2E00052585F4F56455252554E53202020202011
:10D2F0002020202020202020252031306C750A0D90
:10D30000000000000000000052585F49505F434891
:10D3100045434B53554D5F4552524F5253202020A9
:10D32000252031306C752020000000000000000036
:10D3300052585F5443505F434845434B53554D5FEC
:10D340004552524F52532020252031306C750A0D22
:10D35000000000000000000052585F5544505F4339
:10D360004845434B53554D5F4552524F5253202031
:10D37000252031306C7520200000000000000000E6
:10D3800052585F4155544F5F464C55534845445F92
:10D390005041434B45545320252031306C750A0DC4
:10D3A0000A0D0000000000002573203D2025642E9A
:10D3B00025642E25642E25640A0D0000000000005F
:10D3C00025642062797465207061636B65742063E5
:10D3D000617074757265640A0D0000000000000041
:10D3E000253034582000000025303258200000003D
:10D3F000202020202020202020202020202020202D
:10D40000202020202020202020202020202020201C
:10D41000202020202020202020202020202020200C
:10D4200020202020202020202020202020202020FC
:10D4300020202020202020200000000000000000EC
:10D44000506F6C617246697265204D53532045746C
:10D450006865726E6574204D414320546573742075
:10D4600070726F6772616D0A0D00000000000000AD
:10D47000506F6C6C696E67206D6574686F642066B0
:10D480006F7220545852582E20547970656420636E
:10D490006861726163746572732077696C6C206275
:10D4A00065206563686F65642E0A0D00000000004A
:10D4B0002B000000000000002D0000000000000014
:10D4C000415250207461626C653A0A0D0000000000
:10D4D000495020416464726573732020202020200D
:10D4E0004D414320416464726573732020202020E5
:10D4F000202050726F746F636F6C204167650A0D56
:10D50000000000000000000025642E25642E256424
:10D510002E256420202020202020202020202000D4
:10D52000253032582D253032582D253032582D25B2
:10D530003032582D253032582D25303258200000F9
:10D5400025303458202020202025640A0D000000BA
:10D55000415250207461626C6520636C6561726534
:10D5600064210A0D0000000042726F616463617300
:10D570007420726563657074696F6E20646973618D
:10D58000626C65640A0D000042726F6164636173CE
:10D590007420726563657074696F6E20656E616278
:10D5A0006C65640A0D0000005061636B6574206354
:10D5B0006170747572652061726D65640A0D00009A
:10D5C000496E6372656D656E74696E672073746110
:10D5D000747320636F756E746572730A0D000000BA
:10D5E000495020436F6E6669670A0D000000000015
:10D5F0004D79204950206164647265737320200066
:10D600005375626E6574206D61736B20202020005D
:10D6100047572061646472657373202020202000C6
:10D62000526F757465722061646472657373200053
:10D63000444E53203120616464726573732020006E
:10D64000444E53203220616464726573732020005D
:10D650004E54502031206164647265737320200041
:10D660004E54502032206164647265737320200030
:10D670005446545020616464726573732020200006
:10D680004A756D626F207061636B65747320656E9F
:10D6900061626C65640A0D004A756D626F2070618D
:10D6A000636B6574732064697361626C65640A0DF1
:10D6B0000000000000000000436170747572652076
:10D6C00072656C6F61642069732025730A0D000018
:10D6D000456E61626C696E672064656661756C7425
:10D6E000206C6F67207072696F7269746965730A64
:10D6F0000D00000000000000456D657267656E63F7
:10D7000079206C6F67206D65737361676573206F37
:10D710006E6C7920656E61626C65640A0D000000B4
:10D7200050726F6D697363756F7573206D6F64658B
:10D73000206F6E0A0D00000050726F6D6973637583
:10D740006F7573206D6F6465206F66660A0D00004B
:10D7500053746174732072657365740A0D00000060
:10D760005570000000000000446F776E000000005C
:10D7700046756C6C0000000048616C66000000009B
:10D780004C696E6B2069732063757272656E746C80
:10D79000792025732C204475706C6578203D2025F8
:10D7A000732C2000000000005370656564203D204C
:10D7B0003147620A0D0000005370656564203D200A
:10D7C0003130304D620A0D005370656564203D2094
:10D7D00031304D620A0D00005370656564203D20B4
:10D7E000556E6B6E6F776E0A0D0000000000000032
:10D7F000525820256C752028256C7520706B747329
:10D80000292C20545820256C752028256C752070F3
:10D810006B7473290A0D5258204F76657220466C3E
:10D820006F7720256C752C205458205265747269CE
:10D83000657320256C750A0D0000000000000000D3
:10D84000545820506175736520256C752C205258F2
:10D8500020506175736520256C752C20506175739F
:10D860006520456C617073656420256C750A0D0038
:10D870004852455350206E6F74206F6B20256C7595
:10D8800020525820526573746172747320256C7530
:10D890000A0D0A0D0000000054582073746174755D
:10D8A000732025640A0D0000545820737461747548
:10D8B000732025642C2073697A652025640A0D0085
:10D8C0005068792072656769737465722064756D3C
:10D8D0007020656E61626C65640A0D0000000000D6
:10D8E0005068792072656769737465722064756D1C
:10D8F000702064697361626C65640A0D0000000049
:10D9000000010202030303030404040404040404E6
:10D9100005050505050505050505050505050505B7
:10D920000606060606060606060606060606060697
:10D930000606060606060606060606060606060687
:10D940000707070707070707070707070707070767
:10D950000707070707070707070707070707070757
:10D960000707070707070707070707070707070747
:10D970000707070707070707070707070707070737
:10D980000808080808080808080808080808080817
:10D990000808080808080808080808080808080807
:10D9A00008080808080808080808080808080808F7
:10D9B00008080808080808080808080808080808E7
:10D9C00008080808080808080808080808080808D7
:10D9D00008080808080808080808080808080808C7
:10D9E00008080808080808080808080808080808B7
:10D9F00008080808080808080808080808080808A7
:10DA0000002020202020202020202828282828200E
:10DA10002020202020202020202020202020202006
:10DA2000208810101010101010101010101010106E
:10DA3000100404040404040404040410101010105E
:10DA40001010414141414141010101010101010128
:10DA5000010101010101010101010101101010107A
:10DA600010104242424242420202020202020202FA
:10DA7000020202020202020202020202101010104E
:10DA80002000000000000000000000000000000076
:10DA90000000000000000000000000000000000086
:10DAA0000000000000000000000000000000000076
:10DAB0000000000000000000000000000000000066
:10DAC0000000000000000000000000000000000056
:10DAD0000000000000000000000000000000000046
:10DAE0000000000000000000000000000000000036
:10DAF0000000000000000000000000000000000026
:10DB00000000000000000000303132333435363779
:10DB100038394142434445460000000000000000FF
:10DB20003031323334353637383961626364656693
:10DB300000000000000000000000000000000000E5
:10DB400000000000000000000000000000000000D5
:10DB500000000000000000000000000000000000C5
:10DB600000000000000000000000000000000000B5
:10DB700000000000000000000000000000000000A5
:10DB80000000000000000000000000000000000095
:10DB90000000000000000000000000000000000085
:10DBA0000000000000000000000000000000000075
:10DBB0000000000000000000000000000000000065
:10DBC0000000000000000000000000000000000055
:10DBD0000000000000000000000000000000000045
:10DBE000232D302B20000000686C4C00000000004A
:10DBF0006566674546470000007000200000000091
:10DC000000300020000000000000803E0000000006
:10DC1000FFFFFFFFFFFF0000FFFFFFFF000000000E
:10DC2000FFFFFFFF00000000FFFFFFFF00000000FC
:10DC30001C000000FFFFFFFFFFFFFFFF00000000D0
:10DC4000FFFFFFFF00000000FFFFFFFF00000000DC
:10DC5000FFFFFFFF00000000FFFFFFFF00000000CC
:10DC600040002000000180000000000000000000D3
:10DC7000011106EC22E80010B72700203707054005
:10DC8000150723ACE70A0F00F00F232604FE01A8B6
:10DC90008327C4FE8127852781272326F4FEB72703
:10DCA000002083A7870B812793F7070481273E87EE
:10DCB00093070004E31EF7FCB72700201307400278
:10DCC00098C7B727003E0D47D8C797000007E780E1
:0CDCD000E0B60100E26042640561828061
:10DCE000010000000300000003000000AAAA414058
:10DCF00047693F2F3F000000205512080000000038
:10DD00001802000000000200FFFFFFFFB80B030035
:10DD1000FFFFFFFF00000000E8A90208000000006C
:10DD2000A1F703000000000020BA02080000000074
:10DD3000040100000000000040BA020800000000DA
:10DD400048BA02080000000050BA020800000000B3
:10DD500058BA02080000000010440E08000000003D
:10DD60002055120800000000010100000200000020
:10DD700098F1020800000000000000000000000010
:10DD80008510000000000000000000005FF55FF556
:10DD9000BFFFFFFF3333FBFF000000000000000067
:10DDA00028093009300930093009300928092809C3
:10DDB000300930093009300930093009000000000D
:10DDC00029082908290829082908290829082908CB
:10DDD00029082908290829082908290829082908BB
:10DDE00029082908290829082908290829082908AB
:10DDF000DA240008000000006A2500080000000086
:10DE00007A250008000000008A25000800000000B4
:10DE10009A25000800000000EA2400080000000025
:10DE2000FA240008000000000A2500080000000095
:10DE30001A250008000000002A2500080000000044
:10DE40003A250008000000004A25000800000000F4
:10DE50005A25000800000000AA2500080000000064
:10DE6000BA25000800000000CA25000800000000D4
:10DE7000DA25000800000000EA2500080000000084
:10DE8000FA250008000000000A2600080000000033
:10DE90001A260008000000002A26000800000000E2
:10DEA0003A260008000000004A2600080000000092
:10DEB0005A260008000000006A2600080000000042
:10DEC0007A260008000000008A26000800000000F2
:10DED0009A26000800000000AA26000800000000A2
:10DEE000BA26000800000000CA2600080000000052
:10DEF000DA26000800000000EA2600080000000002
:10DF0000FA260008000000000A27000800000000B0
:10DF10001A270008000000002A270008000000005F
:10DF20003A270008000000004A270008000000000F
:10DF30005A270008000000006A27000800000000BF
:10DF40007A270008000000008A270008000000006F
:10DF50009A27000800000000AA270008000000001F
:10DF6000BA27000800000000CA27000800000000CF
:10DF7000DA27000800000000EA270008000000007F
:10DF8000FA270008000000000A280008000000002E
:10DF90001A280008000000002A28000800000000DD
:10DFA0003A280008000000004A280008000000008D
:10DFB0005A280008000000006A280008000000003D
:10DFC0007A280008000000008A28000800000000ED
:10DFD0009A28000800000000AA280008000000009D
:10DFE000BA28000800000000CA280008000000004D
:10DFF0008C7D000800000000AE7D000800000000DD
:10E00000D07D000800000000F27D00080000000044
:10E01000147E000800000000367E000800000000AA
:10E020005C7E0008000000007E7E0008000000000A
:10E03000A07E000800000000C27E00080000000072
:10E04000E47E000800000000067F000800000000D9
:10E05000DA28000800000000EA280008000000009C
:10E06000FA280008000000000A290008000000004B
:10E070001A290008000000002A29000800000000FA
:10E080003A290008000000004A29000800000000AA
:10E090005A290008000000006A290008000000005A
:10E0A0007A290008000000008A290008000000000A
:10E0B0009A29000800000000AA29000800000000BA
:10E0C00060450008000000009E45000800000000B8
:10E0D000DC450008000000001A46000800000000AF
:10E0E0005846000800000000BA290008000000009F
:10E0F000CA29000800000000DA290008000000001A
:10E10000EA29000800000000FA29000800000000C9
:10E110000A2A0008000000001A2A00080000000077
:10E120002A2A0008000000003A2A00080000000027
:10E130004A2A0008000000005A2A000800000000D7
:10E140006A2A0008000000007A2A00080000000087
:10E150008A2A0008000000009A2A00080000000037
:10E16000AA2A000800000000BA2A000800000000E7
:10E17000CA2A000800000000DA2A00080000000097
:10E18000EA2A000800000000FA2A00080000000047
:10E190000A2B0008000000001A2B000800000000F5
:10E1A0002A2B0008000000003A2B000800000000A5
:10E1B0004A2B0008000000005A2B00080000000055
:10E1C0006A2B0008000000007A2B00080000000005
:10E1D0008A2B0008000000009A2B000800000000B5
:10E1E000AA2B000800000000BA2B00080000000065
:10E1F000CA2B000800000000DA2B00080000000015
:10E20000EA2B000800000000FA2B000800000000C4
:10E210000A2C0008000000001A2C00080000000072
:10E220002A2C0008000000003A2C00080000000022
:10E230004A2C0008000000005A2C000800000000D2
:10E240006A2C0008000000007A2C00080000000082
:10E250008A2C0008000000009A2C00080000000032
:10E26000AA2C000800000000BA2C000800000000E2
:10E27000CA2C000800000000DA2C00080000000092
:10E28000EA2C000800000000FA2C00080000000042
:10E290000A2D0008000000001A2D000800000000F0
:10E2A0002A2D0008000000003A2D000800000000A0
:10E2B0004A2D0008000000005A2D00080000000050
:10E2C0006A2D0008000000007A2D00080000000000
:10E2D0008A2D0008000000009A2D000800000000B0
:10E2E000AA2D000800000000BA2D00080000000060
:10E2F000CA2D000800000000DA2D00080000000010
:10E30000EA2D000800000000FA2D000800000000BF
:10E310000A2E0008000000001A2E0008000000006D
:10E320002A2E0008000000003A2E0008000000001D
:10E330004A2E0008000000005A2E000800000000CD
:10E340006A2E0008000000007A2E0008000000007D
:10E350008A2E0008000000009A2E0008000000002D
:10E36000AA2E000800000000BA2E000800000000DD
:10E37000CA2E000800000000DA2E0008000000008D
:10E38000EA2E000800000000FA2E0008000000003D
:10E390000A2F0008000000001A2F000800000000EB
:10E3A0002A2F0008000000003A2F0008000000009B
:10E3B0004A2F0008000000005A2F0008000000004B
:10E3C0006A2F0008000000007A2F000800000000FB
:10E3D000882F000800000000962F000800000000B1
:10E3E000A42F000800000000B22F00080000000069
:10E3F000C02F000800000000CE2F00080000000021
:10E40000DC2F000800000000EA2F000800000000D8
:10E41000F82F00080000000006300008000000008F
:10E4200096460008000000001430000800000000BC
:10E43000223000080000000030300008000000001A
:10E440003E300008000000004C30000800000000D2
:10E450005A3000080000000068300008000000008A
:10E460007630000800000000843000080000000042
:10E470009230000800000000A030000800000000FA
:10E48000AE30000800000000BC30000800000000B2
:10E49000CA30000800000000D8300008000000006A
:10E4A000E630000800000000F43000080000000022
:10E4B00002310008000000001031000800000000D8
:10E4C0001E310008000000002C3100080000000090
:10E4D0003A31000800000000483100080000000048
:10E4E0005631000800000000643100080000000000
:10E4F00072310008000000008031000800000000B8
:10E500008E310008000000009C310008000000006F
:10E51000AA31000800000000B83100080000000027
:10E52000C631000800000000D431000800000000DF
:10E53000E231000800000000F03100080000000097
:10E54000FE310008000000000C320008000000004E
:10E550001A32000800000000283200080000000005
:10E560002C7F000800000000507F00080000000021
:10E57000707F000800000000907F0008000000008D
:10E58000B07F000800000000D07F000800000000FD
:10E5900036320008000000007C3200080000000055
:10E5A000D246000800000000D4320008000000003D
:10E5B000E232000800000000F03200080000000015
:10E5C000FE320008000000000C33000800000000CC
:10E5D0001A33000800000000283300080000000083
:10E5E000363300080000000044330008000000003B
:10E5F00052330008000000006033000800000000F3
:10E600006E330008000000007C33000800000000AA
:10E610008A33000800000000983300080000000062
:10E62000A633000800000000B4330008000000001A
:10E63000C233000800000000D033000800000000D2
:10E64000DE33000800000000EC330008000000008A
:10E65000FA33000800000000083400080000000041
:10E6600016340008000000002434000800000000F8
:10E6700032340008000000004034000800000000B0
:10E680004E340008000000005C3400080000000068
:10E690006A34000800000000783400080000000020
:10E6A00086340008000000009434000800000000D8
:10E6B000A234000800000000B03400080000000090
:10E6C000BE340008000000000C320008000000000A
:10E6D0001A32000800000000283200080000000084
:10E6E000F07F000800000000148000080000000017
:10E6F0003480000800000000548000080000000082
:10E7000074800008000000009480000800000000F1
:10E7100044320008000000009232000800000000AF
:10E720000E47000800000000D4320008000000007E
:10E73000E232000800000000F03200080000000093
:10E74000FE320008000000000C330008000000004A
:10E750001A33000800000000283300080000000001
:10E7600036330008000000004433000800000000B9
:10E770005233000800000000603300080000000071
:10E780006E330008000000007C3300080000000029
:10E790008A330008000000009833000800000000E1
:10E7A000A633000800000000B43300080000000099
:10E7B000C233000800000000D03300080000000051
:10E7C000DE33000800000000EC3300080000000009
:10E7D000FA330008000000000834000800000000C0
:10E7E0001634000800000000243400080000000077
:10E7F000323400080000000040340008000000002F
:10E800004E340008000000005C34000800000000E6
:10E810006A3400080000000078340008000000009E
:10E820008634000800000000943400080000000056
:10E83000A234000800000000B0340008000000000E
:10E84000BE340008000000000C3200080000000088
:10E850001A32000800000000283200080000000002
:10E86000B480000800000000D8800008000000000C
:10E87000F880000800000000188100080000000077
:10E8800038810008000000005881000800000000E6
:10E890005232000800000000A8320008000000000A
:10E8A0004A47000800000000D432000800000000C1
:10E8B000E232000800000000F03200080000000012
:10E8C000FE320008000000000C33000800000000C9
:10E8D0001A33000800000000283300080000000080
:10E8E0003633000800000000443300080000000038
:10E8F00052330008000000006033000800000000F0
:10E900006E330008000000007C33000800000000A7
:10E910008A3300080000000098330008000000005F
:10E92000A633000800000000B43300080000000017
:10E93000C233000800000000D033000800000000CF
:10E94000DE33000800000000EC3300080000000087
:10E95000FA3300080000000008340008000000003E
:10E9600016340008000000002434000800000000F5
:10E9700032340008000000004034000800000000AD
:10E980004E340008000000005C3400080000000065
:10E990006A3400080000000078340008000000001D
:10E9A00086340008000000009434000800000000D5
:10E9B000A234000800000000B0340008000000008D
:10E9C000BE340008000000000C3200080000000007
:10E9D0001A32000800000000283200080000000081
:10E9E00078810008000000009C8100080000000001
:10E9F000BC81000800000000DC810008000000006D
:10EA0000FC810008000000001C82000800000000DB
:10EA10006032000800000000BE3200080000000064
:10EA20008647000800000000D43200080000000003
:10EA3000E232000800000000F03200080000000090
:10EA4000FE320008000000000C3300080000000047
:10EA50001A330008000000002833000800000000FE
:10EA600036330008000000004433000800000000B6
:10EA7000523300080000000060330008000000006E
:10EA80006E330008000000007C3300080000000026
:10EA90008A330008000000009833000800000000DE
:10EAA000A633000800000000B43300080000000096
:10EAB000C233000800000000D0330008000000004E
:10EAC000DE33000800000000EC3300080000000006
:10EAD000FA330008000000000834000800000000BD
:10EAE0001634000800000000243400080000000074
:10EAF000323400080000000040340008000000002C
:10EB00004E340008000000005C34000800000000E3
:10EB10006A3400080000000078340008000000009B
:10EB20008634000800000000943400080000000053
:10EB3000A234000800000000B0340008000000000B
:10EB4000BE34000800000000C8E302080000000016
:10EB500048E5020800000000C8E6020800000000C6
:10EB600048E8020800000000C8E9020800000000B0
:10EB7000030000000300010003001400030016005E
:10EB800007003C0007003D00FFFFFFFF0000000002
:10EB900025002D00310032003300370043005500BE
:10EBA0006E006F00710072008600D300E900FE0065
:10EBB000340135016F01700172018001A70100006D
:10EBC000FFFF000000000000000000000000000047
:10EBD0000000000000000000000000000000000035
:10EBE0000000000000000000000000000A0000001B
:10EBF000100E0000000000000000000001000000F6
:10EC000002000000030000000400000005000000F6
:10EC100006000000070000000800000009000000D6
:10EC20000A0000000B0000000C0000000D000000B6
:10EC30000E0000000F000000100000001100000096
:10EC40001200000013000000140000001500000076
:10EC50001600000017000000180000001900000056
:10EC6000230000002500000026000000270000000F
:10EC70001A0000001B0000001C0000001D00000026
:10EC80001E0000001F000000200000002100000006
:10EC9000220000002400000000000000000000002E
:10ECA000080000000000000000000000000000005C
:10ECB000E4F4010800000000F4F401080000000082
:10ECC00068F501080000000092F50108000000004E
:10ECD00026FB0108000000007E0102080000000081
:10ECE0008CF4010800000000CA06020800000000C1
:10ECF0000000000000000000000000000000000014
:10ED00000000000000000000000000000000000003
:10ED100000000000000000003800000000000000BB
:10ED2000F02902080000000090090208000000001D
:10ED3000A0090208000000005609020800000000B7
:10ED4000EE08020800000000241A0208000000007B
:10ED5000A226020800000000B4080208000000001B
:10ED600000000000000000000000000000000000A3
:10ED70000000000000000000000000000000000093
:10ED80000000000000000000000000000000000083
:10ED9000000000000000000050AF0108000000006B
:10EDA0007AB00108000000008AB0010800000000ED
:10EDB0003EB001080000000092B20108000000000F
:10EDC00068B6010800000000A6B9010800000000B4
:10EDD000F8AE010800000000000000000000000084
:10EDE0000000000000000000B8B3010800000000AF
:10EDF00004B301080000000064B301080000000033
:10EE0000F2BC01080000000001000000000000004A
:10EE10005EBD01080000000012BE010800000000F5
:10EE200022BE010800000000EABD01080000000049
:10EE300096C0010800000000A8C101080000000001
:10EE4000D0C501080000000006BD01080000000058
:10EE500000000000000000000000000000000000B2
:10EE600000000000000000000000000000000000A2
:10EE70000000000000000000000000000000000092
:10EE8000020000000000000080C80108000000002F
:10EE900086C901080000000096C9010800000000B2
:10EEA0005EC9010800000000B8CB010800000000A6
:10EEB000DCCE0108000000006CD101080000000059
:10EEC00028C8010800000000000000000000000049
:10EED0000000000000000000CECC0108000000008F
:10EEE0001ACC0108000000007ACC010800000000E4
:10EEF0006AD40108000000000300000000000000C8
:10EF000026D5010800000000FED401080000000022
:10EF10000ED5010800000000D6D401080000000052
:10EF2000B4D9010800000000E2DA01080000000086
:10EF300000DD0108000000007ED401080000000090
:10EF400000000000000000000000000000000000C1
:10EF500036D701080000000098D601080000000024
:10EF6000ECD60108000000000000000000000000D6
:10EF7000040000000000000088DF0108000000001D
:10EF80003EE00108000000004EE001080000000023
:10EF900016E001080000000042E101080000000046
:10EFA000A4E10108000000001AE6010800000000CA
:10EFB00030DF010800000000000000000000000039
:10EFC0000000000000000000000000000000000041
:10EFD0000000000000000000000000000000000031
:10EFE000000000000000000005000000000000001C
:10EFF00082E901080000000038EA01080000000072
:10F0000048EA01080000000010EA010800000000C2
:10F010003CEB0108000000004EEC0108000000007D
:10F0200052F00108000000002AE901080000000079
:10F0300000000000000000000000000000000000D0
:10F0400000000000000000000000000000000000C0
:10F0500000000000000000000000000000000000B0
:10F06000000400000000000000000000000000009C
:10F070000000000000000000000000000000000090
:10F080000000000000000000000000000000000080
:10F090000000000000000000000000000000000070
:10F0A0000000000000000000000000000000000060
:10F0B0000000000000000000000000000000000050
:10F0C0000000000000000000000000000000000040
:10F0D0000000000000000000FFFFFFFFFFFFFFFF38
:10F0E000FFFFFFFF08060001080006040001EC080E
:10F0F0006BE2CA17C0A8800F000000000000C0A883
:10F1000080FC000000000000000000000000000083
:10F110000000000000000000FFFFFFFFFFFF00FCF9
:10F120000012345608060001080006040001FC0025
:10F130001234560A020202000000000000000A0217
:10F140000202FFFFFFFFFFFFFFFFFFFFFFFFFFFFC9
:10F15000FFFFFFFFFFFFFFFFFFFFFFFFFFFFFFFFBF
:10F16000FFFFFFFFFFFFFFFFFFFFFFFFFFFFFFFFAF
:10F17000FFFFFFFFFFFFFFFFFFFFFFFFFFFFFFFF9F
:10F18000FFFFFFFFFFFFFFFFFFFFFFFFFFFFFFFF8F
:10F19000FFFFFFFFFFFFFFFF000000000000000077
:10F1A00070DB020800000000A8DB0208000000007D
:10F1B00038DB020800000000000000000000000032
:10F1C000000000000000000000000000000000003F
:10F1D000000000000000000000000000000000002F
:10F1E000000000000000000000000000000000001F
:10F1F000000000000000000000000000000000000F
:10F2000000000000000000000000000000000000FE
:10F2100000000000000000000000000000000000EE
:10F2200000000000000000000000000000000000DE
:10F2300000000000000000000000000000000000CE
:10F2400000000000000000000000000000000000BE
:0400000508000000EF
:00000001FF
