   1              		.file	"lighting.c"
   2              		.option nopic
   3              		.attribute arch, "rv64i2p0_m2p0_a2p0_c2p0"
   4              		.attribute unaligned_access, 0
   5              		.attribute stack_align, 16
   6              		.text
   7              	.Ltext0:
   8              		.cfi_sections	.debug_frame
   9              		.section	.text.lighting_command_encode,"ax",@progbits
  10              		.align	1
  11              		.globl	lighting_command_encode
  13              	lighting_command_encode:
  14              	.LFB4:
  15              		.file 1 "../src/middleware/bacnet/src/lighting.c"
   1:../src/middleware/bacnet/src/lighting.c **** /*####COPYRIGHTBEGIN####
   2:../src/middleware/bacnet/src/lighting.c ****  -------------------------------------------
   3:../src/middleware/bacnet/src/lighting.c ****  Copyright (C) 2013 Steve Karg <skarg@users.sourceforge.net>
   4:../src/middleware/bacnet/src/lighting.c **** 
   5:../src/middleware/bacnet/src/lighting.c ****  This program is free software; you can redistribute it and/or
   6:../src/middleware/bacnet/src/lighting.c ****  modify it under the terms of the GNU General Public License
   7:../src/middleware/bacnet/src/lighting.c ****  as published by the Free Software Foundation; either version 2
   8:../src/middleware/bacnet/src/lighting.c ****  of the License, or (at your option) any later version.
   9:../src/middleware/bacnet/src/lighting.c **** 
  10:../src/middleware/bacnet/src/lighting.c ****  This program is distributed in the hope that it will be useful,
  11:../src/middleware/bacnet/src/lighting.c ****  but WITHOUT ANY WARRANTY; without even the implied warranty of
  12:../src/middleware/bacnet/src/lighting.c ****  MERCHANTABILITY or FITNESS FOR A PARTICULAR PURPOSE.  See the
  13:../src/middleware/bacnet/src/lighting.c ****  GNU General Public License for more details.
  14:../src/middleware/bacnet/src/lighting.c **** 
  15:../src/middleware/bacnet/src/lighting.c ****  You should have received a copy of the GNU General Public License
  16:../src/middleware/bacnet/src/lighting.c ****  along with this program; if not, write to:
  17:../src/middleware/bacnet/src/lighting.c ****  The Free Software Foundation, Inc.
  18:../src/middleware/bacnet/src/lighting.c ****  59 Temple Place - Suite 330
  19:../src/middleware/bacnet/src/lighting.c ****  Boston, MA  02111-1307, USA.
  20:../src/middleware/bacnet/src/lighting.c **** 
  21:../src/middleware/bacnet/src/lighting.c ****  As a special exception, if other files instantiate templates or
  22:../src/middleware/bacnet/src/lighting.c ****  use macros or inline functions from this file, or you compile
  23:../src/middleware/bacnet/src/lighting.c ****  this file and link it with other works to produce a work based
  24:../src/middleware/bacnet/src/lighting.c ****  on this file, this file does not by itself cause the resulting
  25:../src/middleware/bacnet/src/lighting.c ****  work to be covered by the GNU General Public License. However
  26:../src/middleware/bacnet/src/lighting.c ****  the source code for this file must still be made available in
  27:../src/middleware/bacnet/src/lighting.c ****  accordance with section (3) of the GNU General Public License.
  28:../src/middleware/bacnet/src/lighting.c **** 
  29:../src/middleware/bacnet/src/lighting.c ****  This exception does not invalidate any other reasons why a work
  30:../src/middleware/bacnet/src/lighting.c ****  based on this file might be covered by the GNU General Public
  31:../src/middleware/bacnet/src/lighting.c ****  License.
  32:../src/middleware/bacnet/src/lighting.c ****  -------------------------------------------
  33:../src/middleware/bacnet/src/lighting.c **** ####COPYRIGHTEND####*/
  34:../src/middleware/bacnet/src/lighting.c **** #include <stdint.h>
  35:../src/middleware/bacnet/src/lighting.c **** #include <stdbool.h>
  36:../src/middleware/bacnet/src/lighting.c **** #include <string.h>
  37:../src/middleware/bacnet/src/lighting.c **** #include <stdio.h>
  38:../src/middleware/bacnet/src/lighting.c **** #include <stdlib.h>
  39:../src/middleware/bacnet/src/lighting.c **** #include <ctype.h>
  40:../src/middleware/bacnet/src/lighting.c **** #include "lighting.h"
  41:../src/middleware/bacnet/src/lighting.c **** #include "bacdcode.h"
  42:../src/middleware/bacnet/src/lighting.c **** 
  43:../src/middleware/bacnet/src/lighting.c **** /** @file lighting.c  Manipulate BACnet lighting command values */
  44:../src/middleware/bacnet/src/lighting.c **** 
  45:../src/middleware/bacnet/src/lighting.c **** 
  46:../src/middleware/bacnet/src/lighting.c **** /**
  47:../src/middleware/bacnet/src/lighting.c ****  * Encodes into bytes from the lighting-command structure
  48:../src/middleware/bacnet/src/lighting.c ****  *
  49:../src/middleware/bacnet/src/lighting.c ****  * @param apdu - buffer to hold the bytes
  50:../src/middleware/bacnet/src/lighting.c ****  * @param value - lighting command value to encode
  51:../src/middleware/bacnet/src/lighting.c ****  *
  52:../src/middleware/bacnet/src/lighting.c ****  * @return  number of bytes encoded, or 0 if unable to encode.
  53:../src/middleware/bacnet/src/lighting.c ****  */
  54:../src/middleware/bacnet/src/lighting.c **** int lighting_command_encode(
  55:../src/middleware/bacnet/src/lighting.c ****     uint8_t * apdu,
  56:../src/middleware/bacnet/src/lighting.c ****     BACNET_LIGHTING_COMMAND * data)
  57:../src/middleware/bacnet/src/lighting.c **** {
  16              		.loc 1 57 1
  17              		.cfi_startproc
  18 0000 7971     		addi	sp,sp,-48
  19              		.cfi_def_cfa_offset 48
  20 0002 06F4     		sd	ra,40(sp)
  21 0004 22F0     		sd	s0,32(sp)
  22              		.cfi_offset 1, -8
  23              		.cfi_offset 8, -16
  24 0006 0018     		addi	s0,sp,48
  25              		.cfi_def_cfa 8, 0
  26 0008 233CA4FC 		sd	a0,-40(s0)
  27 000c 2338B4FC 		sd	a1,-48(s0)
  58:../src/middleware/bacnet/src/lighting.c ****     int apdu_len = 0;   /* total length of the apdu, return value */
  28              		.loc 1 58 9
  29 0010 232604FE 		sw	zero,-20(s0)
  59:../src/middleware/bacnet/src/lighting.c ****     int len = 0;        /* total length of the apdu, return value */
  30              		.loc 1 59 9
  31 0014 232404FE 		sw	zero,-24(s0)
  60:../src/middleware/bacnet/src/lighting.c **** 
  61:../src/middleware/bacnet/src/lighting.c ****     if (apdu) {
  32              		.loc 1 61 8
  33 0018 833784FD 		ld	a5,-40(s0)
  34 001c 63820718 		beq	a5,zero,.L2
  62:../src/middleware/bacnet/src/lighting.c ****         len = encode_context_enumerated(&apdu[apdu_len], 0,
  35              		.loc 1 62 15
  36 0020 8327C4FE 		lw	a5,-20(s0)
  37 0024 033784FD 		ld	a4,-40(s0)
  38 0028 3E97     		add	a4,a4,a5
  63:../src/middleware/bacnet/src/lighting.c ****             data->operation);
  39              		.loc 1 63 17
  40 002a 833704FD 		ld	a5,-48(s0)
  41 002e 9C43     		lw	a5,0(a5)
  62:../src/middleware/bacnet/src/lighting.c ****         len = encode_context_enumerated(&apdu[apdu_len], 0,
  42              		.loc 1 62 15
  43 0030 3E86     		mv	a2,a5
  44 0032 8145     		li	a1,0
  45 0034 3A85     		mv	a0,a4
  46 0036 97000000 		call	encode_context_enumerated
  46      E7800000 
  47 003e AA87     		mv	a5,a0
  48 0040 2324F4FE 		sw	a5,-24(s0)
  64:../src/middleware/bacnet/src/lighting.c ****         apdu_len += len;
  49              		.loc 1 64 18
  50 0044 0327C4FE 		lw	a4,-20(s0)
  51 0048 832784FE 		lw	a5,-24(s0)
  52 004c B99F     		addw	a5,a4,a5
  53 004e 2326F4FE 		sw	a5,-20(s0)
  65:../src/middleware/bacnet/src/lighting.c ****         /* optional target-level */
  66:../src/middleware/bacnet/src/lighting.c ****         if (data->use_target_level) {
  54              		.loc 1 66 13
  55 0052 833704FD 		ld	a5,-48(s0)
  56 0056 83C74700 		lbu	a5,4(a5)
  57 005a 858B     		andi	a5,a5,1
  58 005c 93F7F70F 		andi	a5,a5,0xff
  59              		.loc 1 66 12
  60 0060 95CB     		beq	a5,zero,.L3
  67:../src/middleware/bacnet/src/lighting.c ****             len = encode_context_real(&apdu[apdu_len], 1,
  61              		.loc 1 67 19
  62 0062 8327C4FE 		lw	a5,-20(s0)
  63 0066 033784FD 		ld	a4,-40(s0)
  64 006a 3E97     		add	a4,a4,a5
  65 006c 833704FD 		ld	a5,-48(s0)
  66 0070 9C47     		lw	a5,8(a5)
  67 0072 3E86     		mv	a2,a5
  68 0074 8545     		li	a1,1
  69 0076 3A85     		mv	a0,a4
  70 0078 97000000 		call	encode_context_real
  70      E7800000 
  71 0080 AA87     		mv	a5,a0
  72 0082 2324F4FE 		sw	a5,-24(s0)
  68:../src/middleware/bacnet/src/lighting.c ****                 data->target_level);
  69:../src/middleware/bacnet/src/lighting.c ****             apdu_len += len;
  73              		.loc 1 69 22
  74 0086 0327C4FE 		lw	a4,-20(s0)
  75 008a 832784FE 		lw	a5,-24(s0)
  76 008e B99F     		addw	a5,a4,a5
  77 0090 2326F4FE 		sw	a5,-20(s0)
  78              	.L3:
  70:../src/middleware/bacnet/src/lighting.c ****         }
  71:../src/middleware/bacnet/src/lighting.c ****         /* optional ramp-rate */
  72:../src/middleware/bacnet/src/lighting.c ****         if (data->use_ramp_rate) {
  79              		.loc 1 72 13
  80 0094 833704FD 		ld	a5,-48(s0)
  81 0098 83C74700 		lbu	a5,4(a5)
  82 009c 898B     		andi	a5,a5,2
  83 009e 93F7F70F 		andi	a5,a5,0xff
  84              		.loc 1 72 12
  85 00a2 95CB     		beq	a5,zero,.L4
  73:../src/middleware/bacnet/src/lighting.c ****             len = encode_context_real(&apdu[apdu_len], 2,
  86              		.loc 1 73 19
  87 00a4 8327C4FE 		lw	a5,-20(s0)
  88 00a8 033784FD 		ld	a4,-40(s0)
  89 00ac 3E97     		add	a4,a4,a5
  90 00ae 833704FD 		ld	a5,-48(s0)
  91 00b2 DC47     		lw	a5,12(a5)
  92 00b4 3E86     		mv	a2,a5
  93 00b6 8945     		li	a1,2
  94 00b8 3A85     		mv	a0,a4
  95 00ba 97000000 		call	encode_context_real
  95      E7800000 
  96 00c2 AA87     		mv	a5,a0
  97 00c4 2324F4FE 		sw	a5,-24(s0)
  74:../src/middleware/bacnet/src/lighting.c ****                 data->ramp_rate);
  75:../src/middleware/bacnet/src/lighting.c ****             apdu_len += len;
  98              		.loc 1 75 22
  99 00c8 0327C4FE 		lw	a4,-20(s0)
 100 00cc 832784FE 		lw	a5,-24(s0)
 101 00d0 B99F     		addw	a5,a4,a5
 102 00d2 2326F4FE 		sw	a5,-20(s0)
 103              	.L4:
  76:../src/middleware/bacnet/src/lighting.c ****         }
  77:../src/middleware/bacnet/src/lighting.c ****         /* optional step increment */
  78:../src/middleware/bacnet/src/lighting.c ****         if (data->use_step_increment) {
 104              		.loc 1 78 13
 105 00d6 833704FD 		ld	a5,-48(s0)
 106 00da 83C74700 		lbu	a5,4(a5)
 107 00de 918B     		andi	a5,a5,4
 108 00e0 93F7F70F 		andi	a5,a5,0xff
 109              		.loc 1 78 12
 110 00e4 95CB     		beq	a5,zero,.L5
  79:../src/middleware/bacnet/src/lighting.c ****             len = encode_context_real(&apdu[apdu_len], 3,
 111              		.loc 1 79 19
 112 00e6 8327C4FE 		lw	a5,-20(s0)
 113 00ea 033784FD 		ld	a4,-40(s0)
 114 00ee 3E97     		add	a4,a4,a5
 115 00f0 833704FD 		ld	a5,-48(s0)
 116 00f4 9C4B     		lw	a5,16(a5)
 117 00f6 3E86     		mv	a2,a5
 118 00f8 8D45     		li	a1,3
 119 00fa 3A85     		mv	a0,a4
 120 00fc 97000000 		call	encode_context_real
 120      E7800000 
 121 0104 AA87     		mv	a5,a0
 122 0106 2324F4FE 		sw	a5,-24(s0)
  80:../src/middleware/bacnet/src/lighting.c ****                 data->step_increment);
  81:../src/middleware/bacnet/src/lighting.c ****             apdu_len += len;
 123              		.loc 1 81 22
 124 010a 0327C4FE 		lw	a4,-20(s0)
 125 010e 832784FE 		lw	a5,-24(s0)
 126 0112 B99F     		addw	a5,a4,a5
 127 0114 2326F4FE 		sw	a5,-20(s0)
 128              	.L5:
  82:../src/middleware/bacnet/src/lighting.c ****         }
  83:../src/middleware/bacnet/src/lighting.c ****         /* optional fade time */
  84:../src/middleware/bacnet/src/lighting.c ****         if (data->use_fade_time) {
 129              		.loc 1 84 13
 130 0118 833704FD 		ld	a5,-48(s0)
 131 011c 83C74700 		lbu	a5,4(a5)
 132 0120 A18B     		andi	a5,a5,8
 133 0122 93F7F70F 		andi	a5,a5,0xff
 134              		.loc 1 84 12
 135 0126 95CB     		beq	a5,zero,.L6
  85:../src/middleware/bacnet/src/lighting.c ****             len = encode_context_unsigned(&apdu[apdu_len], 4,
 136              		.loc 1 85 19
 137 0128 8327C4FE 		lw	a5,-20(s0)
 138 012c 033784FD 		ld	a4,-40(s0)
 139 0130 3E97     		add	a4,a4,a5
 140 0132 833704FD 		ld	a5,-48(s0)
 141 0136 DC4B     		lw	a5,20(a5)
 142 0138 3E86     		mv	a2,a5
 143 013a 9145     		li	a1,4
 144 013c 3A85     		mv	a0,a4
 145 013e 97000000 		call	encode_context_unsigned
 145      E7800000 
 146 0146 AA87     		mv	a5,a0
 147 0148 2324F4FE 		sw	a5,-24(s0)
  86:../src/middleware/bacnet/src/lighting.c ****                 data->fade_time);
  87:../src/middleware/bacnet/src/lighting.c ****             apdu_len += len;
 148              		.loc 1 87 22
 149 014c 0327C4FE 		lw	a4,-20(s0)
 150 0150 832784FE 		lw	a5,-24(s0)
 151 0154 B99F     		addw	a5,a4,a5
 152 0156 2326F4FE 		sw	a5,-20(s0)
 153              	.L6:
  88:../src/middleware/bacnet/src/lighting.c ****         }
  89:../src/middleware/bacnet/src/lighting.c ****         /* optional priority */
  90:../src/middleware/bacnet/src/lighting.c ****         if (data->use_priority) {
 154              		.loc 1 90 13
 155 015a 833704FD 		ld	a5,-48(s0)
 156 015e 83C74700 		lbu	a5,4(a5)
 157 0162 C18B     		andi	a5,a5,16
 158 0164 93F7F70F 		andi	a5,a5,0xff
 159              		.loc 1 90 12
 160 0168 85CF     		beq	a5,zero,.L2
  91:../src/middleware/bacnet/src/lighting.c ****             len = encode_context_unsigned(&apdu[apdu_len], 5,
 161              		.loc 1 91 19
 162 016a 8327C4FE 		lw	a5,-20(s0)
 163 016e 033784FD 		ld	a4,-40(s0)
 164 0172 3E97     		add	a4,a4,a5
  92:../src/middleware/bacnet/src/lighting.c ****                 data->priority);
 165              		.loc 1 92 21
 166 0174 833704FD 		ld	a5,-48(s0)
 167 0178 83C78701 		lbu	a5,24(a5)
  91:../src/middleware/bacnet/src/lighting.c ****             len = encode_context_unsigned(&apdu[apdu_len], 5,
 168              		.loc 1 91 19
 169 017c 8127     		sext.w	a5,a5
 170 017e 3E86     		mv	a2,a5
 171 0180 9545     		li	a1,5
 172 0182 3A85     		mv	a0,a4
 173 0184 97000000 		call	encode_context_unsigned
 173      E7800000 
 174 018c AA87     		mv	a5,a0
 175 018e 2324F4FE 		sw	a5,-24(s0)
  93:../src/middleware/bacnet/src/lighting.c ****             apdu_len += len;
 176              		.loc 1 93 22
 177 0192 0327C4FE 		lw	a4,-20(s0)
 178 0196 832784FE 		lw	a5,-24(s0)
 179 019a B99F     		addw	a5,a4,a5
 180 019c 2326F4FE 		sw	a5,-20(s0)
 181              	.L2:
  94:../src/middleware/bacnet/src/lighting.c ****         }
  95:../src/middleware/bacnet/src/lighting.c ****     }
  96:../src/middleware/bacnet/src/lighting.c **** 
  97:../src/middleware/bacnet/src/lighting.c ****     return apdu_len;
 182              		.loc 1 97 12
 183 01a0 8327C4FE 		lw	a5,-20(s0)
  98:../src/middleware/bacnet/src/lighting.c **** }
 184              		.loc 1 98 1
 185 01a4 3E85     		mv	a0,a5
 186 01a6 A270     		ld	ra,40(sp)
 187              		.cfi_restore 1
 188 01a8 0274     		ld	s0,32(sp)
 189              		.cfi_restore 8
 190              		.cfi_def_cfa 2, 48
 191 01aa 4561     		addi	sp,sp,48
 192              		.cfi_def_cfa_offset 0
 193 01ac 8280     		jr	ra
 194              		.cfi_endproc
 195              	.LFE4:
 197              		.section	.text.lighting_command_encode_context,"ax",@progbits
 198              		.align	1
 199              		.globl	lighting_command_encode_context
 201              	lighting_command_encode_context:
 202              	.LFB5:
  99:../src/middleware/bacnet/src/lighting.c **** 
 100:../src/middleware/bacnet/src/lighting.c **** /**
 101:../src/middleware/bacnet/src/lighting.c ****  * Encodes into bytes from the lighting-command structure
 102:../src/middleware/bacnet/src/lighting.c ****  * a context tagged chunk (opening and closing tag)
 103:../src/middleware/bacnet/src/lighting.c ****  *
 104:../src/middleware/bacnet/src/lighting.c ****  * @param apdu - buffer to hold the bytes
 105:../src/middleware/bacnet/src/lighting.c ****  * @param tag_number - tag number to encode this chunk
 106:../src/middleware/bacnet/src/lighting.c ****  * @param value - lighting command value to encode
 107:../src/middleware/bacnet/src/lighting.c ****  *
 108:../src/middleware/bacnet/src/lighting.c ****  * @return  number of bytes encoded, or 0 if unable to encode.
 109:../src/middleware/bacnet/src/lighting.c ****  */
 110:../src/middleware/bacnet/src/lighting.c **** int lighting_command_encode_context(
 111:../src/middleware/bacnet/src/lighting.c ****     uint8_t * apdu,
 112:../src/middleware/bacnet/src/lighting.c ****     uint8_t tag_number,
 113:../src/middleware/bacnet/src/lighting.c ****     BACNET_LIGHTING_COMMAND * value)
 114:../src/middleware/bacnet/src/lighting.c **** {
 203              		.loc 1 114 1
 204              		.cfi_startproc
 205 0000 3971     		addi	sp,sp,-64
 206              		.cfi_def_cfa_offset 64
 207 0002 06FC     		sd	ra,56(sp)
 208 0004 22F8     		sd	s0,48(sp)
 209              		.cfi_offset 1, -8
 210              		.cfi_offset 8, -16
 211 0006 8000     		addi	s0,sp,64
 212              		.cfi_def_cfa 8, 0
 213 0008 233CA4FC 		sd	a0,-40(s0)
 214 000c AE87     		mv	a5,a1
 215 000e 2334C4FC 		sd	a2,-56(s0)
 216 0012 A30BF4FC 		sb	a5,-41(s0)
 115:../src/middleware/bacnet/src/lighting.c ****     int apdu_len = 0;
 217              		.loc 1 115 9
 218 0016 232604FE 		sw	zero,-20(s0)
 116:../src/middleware/bacnet/src/lighting.c **** 
 117:../src/middleware/bacnet/src/lighting.c ****     apdu_len += encode_opening_tag(&apdu[apdu_len], tag_number);
 219              		.loc 1 117 17
 220 001a 8327C4FE 		lw	a5,-20(s0)
 221 001e 033784FD 		ld	a4,-40(s0)
 222 0022 BA97     		add	a5,a4,a5
 223 0024 034774FD 		lbu	a4,-41(s0)
 224 0028 BA85     		mv	a1,a4
 225 002a 3E85     		mv	a0,a5
 226 002c 97000000 		call	encode_opening_tag
 226      E7800000 
 227 0034 AA87     		mv	a5,a0
 228 0036 3E87     		mv	a4,a5
 229              		.loc 1 117 14
 230 0038 8327C4FE 		lw	a5,-20(s0)
 231 003c B99F     		addw	a5,a5,a4
 232 003e 2326F4FE 		sw	a5,-20(s0)
 118:../src/middleware/bacnet/src/lighting.c ****     apdu_len += lighting_command_encode(&apdu[apdu_len], value);
 233              		.loc 1 118 17
 234 0042 8327C4FE 		lw	a5,-20(s0)
 235 0046 033784FD 		ld	a4,-40(s0)
 236 004a BA97     		add	a5,a4,a5
 237 004c 833584FC 		ld	a1,-56(s0)
 238 0050 3E85     		mv	a0,a5
 239 0052 97000000 		call	lighting_command_encode
 239      E7800000 
 240 005a AA87     		mv	a5,a0
 241 005c 3E87     		mv	a4,a5
 242              		.loc 1 118 14
 243 005e 8327C4FE 		lw	a5,-20(s0)
 244 0062 B99F     		addw	a5,a5,a4
 245 0064 2326F4FE 		sw	a5,-20(s0)
 119:../src/middleware/bacnet/src/lighting.c ****     apdu_len += encode_closing_tag(&apdu[apdu_len], tag_number);
 246              		.loc 1 119 17
 247 0068 8327C4FE 		lw	a5,-20(s0)
 248 006c 033784FD 		ld	a4,-40(s0)
 249 0070 BA97     		add	a5,a4,a5
 250 0072 034774FD 		lbu	a4,-41(s0)
 251 0076 BA85     		mv	a1,a4
 252 0078 3E85     		mv	a0,a5
 253 007a 97000000 		call	encode_closing_tag
 253      E7800000 
 254 0082 AA87     		mv	a5,a0
 255 0084 3E87     		mv	a4,a5
 256              		.loc 1 119 14
 257 0086 8327C4FE 		lw	a5,-20(s0)
 258 008a B99F     		addw	a5,a5,a4
 259 008c 2326F4FE 		sw	a5,-20(s0)
 120:../src/middleware/bacnet/src/lighting.c **** 
 121:../src/middleware/bacnet/src/lighting.c ****     return apdu_len;
 260              		.loc 1 121 12
 261 0090 8327C4FE 		lw	a5,-20(s0)
 122:../src/middleware/bacnet/src/lighting.c **** }
 262              		.loc 1 122 1
 263 0094 3E85     		mv	a0,a5
 264 0096 E270     		ld	ra,56(sp)
 265              		.cfi_restore 1
 266 0098 4274     		ld	s0,48(sp)
 267              		.cfi_restore 8
 268              		.cfi_def_cfa 2, 64
 269 009a 2161     		addi	sp,sp,64
 270              		.cfi_def_cfa_offset 0
 271 009c 8280     		jr	ra
 272              		.cfi_endproc
 273              	.LFE5:
 275              		.section	.text.lighting_command_decode,"ax",@progbits
 276              		.align	1
 277              		.globl	lighting_command_decode
 279              	lighting_command_decode:
 280              	.LFB6:
 123:../src/middleware/bacnet/src/lighting.c **** 
 124:../src/middleware/bacnet/src/lighting.c **** /**
 125:../src/middleware/bacnet/src/lighting.c ****  * Decodes from bytes into the lighting-command structure
 126:../src/middleware/bacnet/src/lighting.c ****  *
 127:../src/middleware/bacnet/src/lighting.c ****  * @param apdu - buffer to hold the bytes
 128:../src/middleware/bacnet/src/lighting.c ****  * @param apdu_max_len - number of bytes in the buffer to decode
 129:../src/middleware/bacnet/src/lighting.c ****  * @param value - lighting command value to place the decoded values
 130:../src/middleware/bacnet/src/lighting.c ****  *
 131:../src/middleware/bacnet/src/lighting.c ****  * @return  number of bytes encoded
 132:../src/middleware/bacnet/src/lighting.c ****  */
 133:../src/middleware/bacnet/src/lighting.c **** int lighting_command_decode(
 134:../src/middleware/bacnet/src/lighting.c ****     uint8_t * apdu,
 135:../src/middleware/bacnet/src/lighting.c ****     unsigned apdu_max_len,
 136:../src/middleware/bacnet/src/lighting.c ****     BACNET_LIGHTING_COMMAND * data)
 137:../src/middleware/bacnet/src/lighting.c **** {
 281              		.loc 1 137 1
 282              		.cfi_startproc
 283 0000 5D71     		addi	sp,sp,-80
 284              		.cfi_def_cfa_offset 80
 285 0002 86E4     		sd	ra,72(sp)
 286 0004 A2E0     		sd	s0,64(sp)
 287              		.cfi_offset 1, -8
 288              		.cfi_offset 8, -16
 289 0006 8008     		addi	s0,sp,80
 290              		.cfi_def_cfa 8, 0
 291 0008 2334A4FC 		sd	a0,-56(s0)
 292 000c AE87     		mv	a5,a1
 293 000e 233CC4FA 		sd	a2,-72(s0)
 294 0012 2322F4FC 		sw	a5,-60(s0)
 138:../src/middleware/bacnet/src/lighting.c ****     int len = 0;
 295              		.loc 1 138 9
 296 0016 232604FE 		sw	zero,-20(s0)
 139:../src/middleware/bacnet/src/lighting.c ****     int apdu_len = 0;
 297              		.loc 1 139 9
 298 001a 232404FE 		sw	zero,-24(s0)
 140:../src/middleware/bacnet/src/lighting.c ****     uint8_t tag_number = 0;
 299              		.loc 1 140 13
 300 001e A30304FE 		sb	zero,-25(s0)
 141:../src/middleware/bacnet/src/lighting.c ****     uint32_t len_value_type = 0;
 301              		.loc 1 141 14
 302 0022 232004FE 		sw	zero,-32(s0)
 142:../src/middleware/bacnet/src/lighting.c ****     uint32_t unsigned_value = 0;
 303              		.loc 1 142 14
 304 0026 232E04FC 		sw	zero,-36(s0)
 143:../src/middleware/bacnet/src/lighting.c ****     float real_value = 0.0;
 305              		.loc 1 143 11
 306 002a 93070000 		mv	a5,zero
 307 002e 232CF4FC 		sw	a5,-40(s0)
 144:../src/middleware/bacnet/src/lighting.c **** 
 145:../src/middleware/bacnet/src/lighting.c ****     apdu_max_len = apdu_max_len;
 146:../src/middleware/bacnet/src/lighting.c ****     /* check for value pointers */
 147:../src/middleware/bacnet/src/lighting.c ****     if (apdu_max_len && data) {
 308              		.loc 1 147 8
 309 0032 832744FC 		lw	a5,-60(s0)
 310 0036 8127     		sext.w	a5,a5
 311 0038 6383073C 		beq	a5,zero,.L11
 312              		.loc 1 147 22 discriminator 1
 313 003c 833784FB 		ld	a5,-72(s0)
 314 0040 638F073A 		beq	a5,zero,.L11
 148:../src/middleware/bacnet/src/lighting.c ****         /* Tag 0: operation */
 149:../src/middleware/bacnet/src/lighting.c ****         if (!decode_is_context_tag(&apdu[apdu_len], 0))
 315              		.loc 1 149 14
 316 0044 832784FE 		lw	a5,-24(s0)
 317 0048 033784FC 		ld	a4,-56(s0)
 318 004c BA97     		add	a5,a4,a5
 319 004e 8145     		li	a1,0
 320 0050 3E85     		mv	a0,a5
 321 0052 97000000 		call	decode_is_context_tag
 321      E7800000 
 322 005a AA87     		mv	a5,a0
 323              		.loc 1 149 13
 324 005c 93C71700 		xori	a5,a5,1
 325 0060 93F7F70F 		andi	a5,a5,0xff
 326              		.loc 1 149 12
 327 0064 99C3     		beq	a5,zero,.L12
 150:../src/middleware/bacnet/src/lighting.c ****             return BACNET_STATUS_ERROR;
 328              		.loc 1 150 20
 329 0066 FD57     		li	a5,-1
 330 0068 69AE     		j	.L24
 331              	.L12:
 151:../src/middleware/bacnet/src/lighting.c ****         len =
 152:../src/middleware/bacnet/src/lighting.c ****             decode_tag_number_and_value(&apdu[apdu_len], &tag_number,
 332              		.loc 1 152 13
 333 006a 832784FE 		lw	a5,-24(s0)
 334 006e 033784FC 		ld	a4,-56(s0)
 335 0072 BA97     		add	a5,a4,a5
 336 0074 930604FE 		addi	a3,s0,-32
 337 0078 130774FE 		addi	a4,s0,-25
 338 007c 3686     		mv	a2,a3
 339 007e BA85     		mv	a1,a4
 340 0080 3E85     		mv	a0,a5
 341 0082 97000000 		call	decode_tag_number_and_value
 341      E7800000 
 342 008a AA87     		mv	a5,a0
 343 008c 2326F4FE 		sw	a5,-20(s0)
 153:../src/middleware/bacnet/src/lighting.c ****             &len_value_type);
 154:../src/middleware/bacnet/src/lighting.c ****         apdu_len += len;
 344              		.loc 1 154 18
 345 0090 032784FE 		lw	a4,-24(s0)
 346 0094 8327C4FE 		lw	a5,-20(s0)
 347 0098 B99F     		addw	a5,a4,a5
 348 009a 2324F4FE 		sw	a5,-24(s0)
 155:../src/middleware/bacnet/src/lighting.c ****         len =
 156:../src/middleware/bacnet/src/lighting.c ****             decode_enumerated(&apdu[apdu_len], len_value_type, &unsigned_value);
 349              		.loc 1 156 13
 350 009e 832784FE 		lw	a5,-24(s0)
 351 00a2 033784FC 		ld	a4,-56(s0)
 352 00a6 BA97     		add	a5,a4,a5
 353 00a8 032704FE 		lw	a4,-32(s0)
 354 00ac 9306C4FD 		addi	a3,s0,-36
 355 00b0 3686     		mv	a2,a3
 356 00b2 BA85     		mv	a1,a4
 357 00b4 3E85     		mv	a0,a5
 358 00b6 97000000 		call	decode_enumerated
 358      E7800000 
 359 00be AA87     		mv	a5,a0
 360 00c0 2326F4FE 		sw	a5,-20(s0)
 157:../src/middleware/bacnet/src/lighting.c ****         if (len > 0) {
 361              		.loc 1 157 12
 362 00c4 8327C4FE 		lw	a5,-20(s0)
 363 00c8 8127     		sext.w	a5,a5
 364 00ca 6357F000 		ble	a5,zero,.L14
 158:../src/middleware/bacnet/src/lighting.c ****             data->operation = unsigned_value;
 365              		.loc 1 158 29
 366 00ce 0327C4FD 		lw	a4,-36(s0)
 367 00d2 833784FB 		ld	a5,-72(s0)
 368 00d6 98C3     		sw	a4,0(a5)
 369              	.L14:
 159:../src/middleware/bacnet/src/lighting.c ****         }
 160:../src/middleware/bacnet/src/lighting.c ****         apdu_len += len;
 370              		.loc 1 160 18
 371 00d8 032784FE 		lw	a4,-24(s0)
 372 00dc 8327C4FE 		lw	a5,-20(s0)
 373 00e0 B99F     		addw	a5,a4,a5
 374 00e2 2324F4FE 		sw	a5,-24(s0)
 161:../src/middleware/bacnet/src/lighting.c ****         /* Tag 1: target-level - OPTIONAL */
 162:../src/middleware/bacnet/src/lighting.c ****         if (decode_is_context_tag(&apdu[apdu_len], 1)) {
 375              		.loc 1 162 13
 376 00e6 832784FE 		lw	a5,-24(s0)
 377 00ea 033784FC 		ld	a4,-56(s0)
 378 00ee BA97     		add	a5,a4,a5
 379 00f0 8545     		li	a1,1
 380 00f2 3E85     		mv	a0,a5
 381 00f4 97000000 		call	decode_is_context_tag
 381      E7800000 
 382 00fc AA87     		mv	a5,a0
 383              		.loc 1 162 12
 384 00fe C1C3     		beq	a5,zero,.L15
 163:../src/middleware/bacnet/src/lighting.c ****             len =
 164:../src/middleware/bacnet/src/lighting.c ****                 decode_tag_number_and_value(&apdu[apdu_len], &tag_number,
 385              		.loc 1 164 17
 386 0100 832784FE 		lw	a5,-24(s0)
 387 0104 033784FC 		ld	a4,-56(s0)
 388 0108 BA97     		add	a5,a4,a5
 389 010a 930604FE 		addi	a3,s0,-32
 390 010e 130774FE 		addi	a4,s0,-25
 391 0112 3686     		mv	a2,a3
 392 0114 BA85     		mv	a1,a4
 393 0116 3E85     		mv	a0,a5
 394 0118 97000000 		call	decode_tag_number_and_value
 394      E7800000 
 395 0120 AA87     		mv	a5,a0
 396 0122 2326F4FE 		sw	a5,-20(s0)
 165:../src/middleware/bacnet/src/lighting.c ****                 &len_value_type);
 166:../src/middleware/bacnet/src/lighting.c ****             apdu_len += len;
 397              		.loc 1 166 22
 398 0126 032784FE 		lw	a4,-24(s0)
 399 012a 8327C4FE 		lw	a5,-20(s0)
 400 012e B99F     		addw	a5,a4,a5
 401 0130 2324F4FE 		sw	a5,-24(s0)
 167:../src/middleware/bacnet/src/lighting.c ****             len = decode_real(&apdu[apdu_len], &real_value);
 402              		.loc 1 167 19
 403 0134 832784FE 		lw	a5,-24(s0)
 404 0138 033784FC 		ld	a4,-56(s0)
 405 013c BA97     		add	a5,a4,a5
 406 013e 130784FD 		addi	a4,s0,-40
 407 0142 BA85     		mv	a1,a4
 408 0144 3E85     		mv	a0,a5
 409 0146 97000000 		call	decode_real
 409      E7800000 
 410 014e AA87     		mv	a5,a0
 411 0150 2326F4FE 		sw	a5,-20(s0)
 168:../src/middleware/bacnet/src/lighting.c ****             data->target_level = real_value;
 412              		.loc 1 168 32
 413 0154 032784FD 		lw	a4,-40(s0)
 414 0158 833784FB 		ld	a5,-72(s0)
 415 015c 98C7     		sw	a4,8(a5)
 169:../src/middleware/bacnet/src/lighting.c ****             apdu_len += len;
 416              		.loc 1 169 22
 417 015e 032784FE 		lw	a4,-24(s0)
 418 0162 8327C4FE 		lw	a5,-20(s0)
 419 0166 B99F     		addw	a5,a4,a5
 420 0168 2324F4FE 		sw	a5,-24(s0)
 170:../src/middleware/bacnet/src/lighting.c ****             data->use_target_level = true;
 421              		.loc 1 170 36
 422 016c 833784FB 		ld	a5,-72(s0)
 423 0170 03C74700 		lbu	a4,4(a5)
 424 0174 13671700 		ori	a4,a4,1
 425 0178 2382E700 		sb	a4,4(a5)
 426 017c 01A8     		j	.L16
 427              	.L15:
 171:../src/middleware/bacnet/src/lighting.c ****         } else {
 172:../src/middleware/bacnet/src/lighting.c ****             data->use_target_level = false;
 428              		.loc 1 172 36
 429 017e 833784FB 		ld	a5,-72(s0)
 430 0182 03C74700 		lbu	a4,4(a5)
 431 0186 799B     		andi	a4,a4,-2
 432 0188 2382E700 		sb	a4,4(a5)
 433              	.L16:
 173:../src/middleware/bacnet/src/lighting.c ****         }
 174:../src/middleware/bacnet/src/lighting.c ****         /* Tag 2: ramp-rate - OPTIONAL */
 175:../src/middleware/bacnet/src/lighting.c ****         if (decode_is_context_tag(&apdu[apdu_len], 2)) {
 434              		.loc 1 175 13
 435 018c 832784FE 		lw	a5,-24(s0)
 436 0190 033784FC 		ld	a4,-56(s0)
 437 0194 BA97     		add	a5,a4,a5
 438 0196 8945     		li	a1,2
 439 0198 3E85     		mv	a0,a5
 440 019a 97000000 		call	decode_is_context_tag
 440      E7800000 
 441 01a2 AA87     		mv	a5,a0
 442              		.loc 1 175 12
 443 01a4 ADCB     		beq	a5,zero,.L17
 176:../src/middleware/bacnet/src/lighting.c ****             len =
 177:../src/middleware/bacnet/src/lighting.c ****                 decode_tag_number_and_value(&apdu[apdu_len], &tag_number,
 444              		.loc 1 177 17
 445 01a6 832784FE 		lw	a5,-24(s0)
 446 01aa 033784FC 		ld	a4,-56(s0)
 447 01ae BA97     		add	a5,a4,a5
 448 01b0 930604FE 		addi	a3,s0,-32
 449 01b4 130774FE 		addi	a4,s0,-25
 450 01b8 3686     		mv	a2,a3
 451 01ba BA85     		mv	a1,a4
 452 01bc 3E85     		mv	a0,a5
 453 01be 97000000 		call	decode_tag_number_and_value
 453      E7800000 
 454 01c6 AA87     		mv	a5,a0
 455 01c8 2326F4FE 		sw	a5,-20(s0)
 178:../src/middleware/bacnet/src/lighting.c ****                 &len_value_type);
 179:../src/middleware/bacnet/src/lighting.c ****             apdu_len += len;
 456              		.loc 1 179 22
 457 01cc 032784FE 		lw	a4,-24(s0)
 458 01d0 8327C4FE 		lw	a5,-20(s0)
 459 01d4 B99F     		addw	a5,a4,a5
 460 01d6 2324F4FE 		sw	a5,-24(s0)
 180:../src/middleware/bacnet/src/lighting.c ****             len = decode_real(&apdu[apdu_len], &real_value);
 461              		.loc 1 180 19
 462 01da 832784FE 		lw	a5,-24(s0)
 463 01de 033784FC 		ld	a4,-56(s0)
 464 01e2 BA97     		add	a5,a4,a5
 465 01e4 130784FD 		addi	a4,s0,-40
 466 01e8 BA85     		mv	a1,a4
 467 01ea 3E85     		mv	a0,a5
 468 01ec 97000000 		call	decode_real
 468      E7800000 
 469 01f4 AA87     		mv	a5,a0
 470 01f6 2326F4FE 		sw	a5,-20(s0)
 181:../src/middleware/bacnet/src/lighting.c ****             data->ramp_rate = real_value;
 471              		.loc 1 181 29
 472 01fa 032784FD 		lw	a4,-40(s0)
 473 01fe 833784FB 		ld	a5,-72(s0)
 474 0202 D8C7     		sw	a4,12(a5)
 182:../src/middleware/bacnet/src/lighting.c ****             data->use_ramp_rate = true;
 475              		.loc 1 182 33
 476 0204 833784FB 		ld	a5,-72(s0)
 477 0208 03C74700 		lbu	a4,4(a5)
 478 020c 13672700 		ori	a4,a4,2
 479 0210 2382E700 		sb	a4,4(a5)
 480 0214 01A8     		j	.L18
 481              	.L17:
 183:../src/middleware/bacnet/src/lighting.c ****         } else {
 184:../src/middleware/bacnet/src/lighting.c ****             data->use_ramp_rate = false;
 482              		.loc 1 184 33
 483 0216 833784FB 		ld	a5,-72(s0)
 484 021a 03C74700 		lbu	a4,4(a5)
 485 021e 759B     		andi	a4,a4,-3
 486 0220 2382E700 		sb	a4,4(a5)
 487              	.L18:
 185:../src/middleware/bacnet/src/lighting.c ****         }
 186:../src/middleware/bacnet/src/lighting.c ****         /* Tag 3: step-increment - OPTIONAL */
 187:../src/middleware/bacnet/src/lighting.c ****         if (decode_is_context_tag(&apdu[apdu_len], 3)) {
 488              		.loc 1 187 13
 489 0224 832784FE 		lw	a5,-24(s0)
 490 0228 033784FC 		ld	a4,-56(s0)
 491 022c BA97     		add	a5,a4,a5
 492 022e 8D45     		li	a1,3
 493 0230 3E85     		mv	a0,a5
 494 0232 97000000 		call	decode_is_context_tag
 494      E7800000 
 495 023a AA87     		mv	a5,a0
 496              		.loc 1 187 12
 497 023c ADCB     		beq	a5,zero,.L19
 188:../src/middleware/bacnet/src/lighting.c ****             len =
 189:../src/middleware/bacnet/src/lighting.c ****                 decode_tag_number_and_value(&apdu[apdu_len], &tag_number,
 498              		.loc 1 189 17
 499 023e 832784FE 		lw	a5,-24(s0)
 500 0242 033784FC 		ld	a4,-56(s0)
 501 0246 BA97     		add	a5,a4,a5
 502 0248 930604FE 		addi	a3,s0,-32
 503 024c 130774FE 		addi	a4,s0,-25
 504 0250 3686     		mv	a2,a3
 505 0252 BA85     		mv	a1,a4
 506 0254 3E85     		mv	a0,a5
 507 0256 97000000 		call	decode_tag_number_and_value
 507      E7800000 
 508 025e AA87     		mv	a5,a0
 509 0260 2326F4FE 		sw	a5,-20(s0)
 190:../src/middleware/bacnet/src/lighting.c ****                 &len_value_type);
 191:../src/middleware/bacnet/src/lighting.c ****             apdu_len += len;
 510              		.loc 1 191 22
 511 0264 032784FE 		lw	a4,-24(s0)
 512 0268 8327C4FE 		lw	a5,-20(s0)
 513 026c B99F     		addw	a5,a4,a5
 514 026e 2324F4FE 		sw	a5,-24(s0)
 192:../src/middleware/bacnet/src/lighting.c ****             len = decode_real(&apdu[apdu_len], &real_value);
 515              		.loc 1 192 19
 516 0272 832784FE 		lw	a5,-24(s0)
 517 0276 033784FC 		ld	a4,-56(s0)
 518 027a BA97     		add	a5,a4,a5
 519 027c 130784FD 		addi	a4,s0,-40
 520 0280 BA85     		mv	a1,a4
 521 0282 3E85     		mv	a0,a5
 522 0284 97000000 		call	decode_real
 522      E7800000 
 523 028c AA87     		mv	a5,a0
 524 028e 2326F4FE 		sw	a5,-20(s0)
 193:../src/middleware/bacnet/src/lighting.c ****             data->step_increment = real_value;
 525              		.loc 1 193 34
 526 0292 032784FD 		lw	a4,-40(s0)
 527 0296 833784FB 		ld	a5,-72(s0)
 528 029a 98CB     		sw	a4,16(a5)
 194:../src/middleware/bacnet/src/lighting.c ****             data->use_step_increment = true;
 529              		.loc 1 194 38
 530 029c 833784FB 		ld	a5,-72(s0)
 531 02a0 03C74700 		lbu	a4,4(a5)
 532 02a4 13674700 		ori	a4,a4,4
 533 02a8 2382E700 		sb	a4,4(a5)
 534 02ac 01A8     		j	.L20
 535              	.L19:
 195:../src/middleware/bacnet/src/lighting.c ****         } else {
 196:../src/middleware/bacnet/src/lighting.c ****             data->use_step_increment = false;
 536              		.loc 1 196 38
 537 02ae 833784FB 		ld	a5,-72(s0)
 538 02b2 03C74700 		lbu	a4,4(a5)
 539 02b6 6D9B     		andi	a4,a4,-5
 540 02b8 2382E700 		sb	a4,4(a5)
 541              	.L20:
 197:../src/middleware/bacnet/src/lighting.c ****         }
 198:../src/middleware/bacnet/src/lighting.c ****         /* Tag 4: fade-time - OPTIONAL */
 199:../src/middleware/bacnet/src/lighting.c ****         if (decode_is_context_tag(&apdu[apdu_len], 4)) {
 542              		.loc 1 199 13
 543 02bc 832784FE 		lw	a5,-24(s0)
 544 02c0 033784FC 		ld	a4,-56(s0)
 545 02c4 BA97     		add	a5,a4,a5
 546 02c6 9145     		li	a1,4
 547 02c8 3E85     		mv	a0,a5
 548 02ca 97000000 		call	decode_is_context_tag
 548      E7800000 
 549 02d2 AA87     		mv	a5,a0
 550              		.loc 1 199 12
 551 02d4 A5CF     		beq	a5,zero,.L21
 200:../src/middleware/bacnet/src/lighting.c ****             len =
 201:../src/middleware/bacnet/src/lighting.c ****                 decode_tag_number_and_value(&apdu[apdu_len], &tag_number,
 552              		.loc 1 201 17
 553 02d6 832784FE 		lw	a5,-24(s0)
 554 02da 033784FC 		ld	a4,-56(s0)
 555 02de BA97     		add	a5,a4,a5
 556 02e0 930604FE 		addi	a3,s0,-32
 557 02e4 130774FE 		addi	a4,s0,-25
 558 02e8 3686     		mv	a2,a3
 559 02ea BA85     		mv	a1,a4
 560 02ec 3E85     		mv	a0,a5
 561 02ee 97000000 		call	decode_tag_number_and_value
 561      E7800000 
 562 02f6 AA87     		mv	a5,a0
 563 02f8 2326F4FE 		sw	a5,-20(s0)
 202:../src/middleware/bacnet/src/lighting.c ****                 &len_value_type);
 203:../src/middleware/bacnet/src/lighting.c ****             apdu_len += len;
 564              		.loc 1 203 22
 565 02fc 032784FE 		lw	a4,-24(s0)
 566 0300 8327C4FE 		lw	a5,-20(s0)
 567 0304 B99F     		addw	a5,a4,a5
 568 0306 2324F4FE 		sw	a5,-24(s0)
 204:../src/middleware/bacnet/src/lighting.c ****             len = decode_unsigned(&apdu[apdu_len], len_value_type,
 569              		.loc 1 204 19
 570 030a 832784FE 		lw	a5,-24(s0)
 571 030e 033784FC 		ld	a4,-56(s0)
 572 0312 BA97     		add	a5,a4,a5
 573 0314 032704FE 		lw	a4,-32(s0)
 574 0318 9306C4FD 		addi	a3,s0,-36
 575 031c 3686     		mv	a2,a3
 576 031e BA85     		mv	a1,a4
 577 0320 3E85     		mv	a0,a5
 578 0322 97000000 		call	decode_unsigned
 578      E7800000 
 579 032a AA87     		mv	a5,a0
 580 032c 2326F4FE 		sw	a5,-20(s0)
 205:../src/middleware/bacnet/src/lighting.c ****                 &unsigned_value);
 206:../src/middleware/bacnet/src/lighting.c ****             data->fade_time = unsigned_value;
 581              		.loc 1 206 29
 582 0330 0327C4FD 		lw	a4,-36(s0)
 583 0334 833784FB 		ld	a5,-72(s0)
 584 0338 D8CB     		sw	a4,20(a5)
 207:../src/middleware/bacnet/src/lighting.c ****             data->use_fade_time = true;
 585              		.loc 1 207 33
 586 033a 833784FB 		ld	a5,-72(s0)
 587 033e 03C74700 		lbu	a4,4(a5)
 588 0342 13678700 		ori	a4,a4,8
 589 0346 2382E700 		sb	a4,4(a5)
 590 034a 01A8     		j	.L22
 591              	.L21:
 208:../src/middleware/bacnet/src/lighting.c ****         } else {
 209:../src/middleware/bacnet/src/lighting.c ****             data->use_fade_time = false;
 592              		.loc 1 209 33
 593 034c 833784FB 		ld	a5,-72(s0)
 594 0350 03C74700 		lbu	a4,4(a5)
 595 0354 5D9B     		andi	a4,a4,-9
 596 0356 2382E700 		sb	a4,4(a5)
 597              	.L22:
 210:../src/middleware/bacnet/src/lighting.c ****         }
 211:../src/middleware/bacnet/src/lighting.c ****         /* Tag 5: priority - OPTIONAL */
 212:../src/middleware/bacnet/src/lighting.c ****         if (decode_is_context_tag(&apdu[apdu_len], 4)) {
 598              		.loc 1 212 13
 599 035a 832784FE 		lw	a5,-24(s0)
 600 035e 033784FC 		ld	a4,-56(s0)
 601 0362 BA97     		add	a5,a4,a5
 602 0364 9145     		li	a1,4
 603 0366 3E85     		mv	a0,a5
 604 0368 97000000 		call	decode_is_context_tag
 604      E7800000 
 605 0370 AA87     		mv	a5,a0
 606              		.loc 1 212 12
 607 0372 BDCF     		beq	a5,zero,.L23
 213:../src/middleware/bacnet/src/lighting.c ****             len =
 214:../src/middleware/bacnet/src/lighting.c ****                 decode_tag_number_and_value(&apdu[apdu_len], &tag_number,
 608              		.loc 1 214 17
 609 0374 832784FE 		lw	a5,-24(s0)
 610 0378 033784FC 		ld	a4,-56(s0)
 611 037c BA97     		add	a5,a4,a5
 612 037e 930604FE 		addi	a3,s0,-32
 613 0382 130774FE 		addi	a4,s0,-25
 614 0386 3686     		mv	a2,a3
 615 0388 BA85     		mv	a1,a4
 616 038a 3E85     		mv	a0,a5
 617 038c 97000000 		call	decode_tag_number_and_value
 617      E7800000 
 618 0394 AA87     		mv	a5,a0
 619 0396 2326F4FE 		sw	a5,-20(s0)
 215:../src/middleware/bacnet/src/lighting.c ****                 &len_value_type);
 216:../src/middleware/bacnet/src/lighting.c ****             apdu_len += len;
 620              		.loc 1 216 22
 621 039a 032784FE 		lw	a4,-24(s0)
 622 039e 8327C4FE 		lw	a5,-20(s0)
 623 03a2 B99F     		addw	a5,a4,a5
 624 03a4 2324F4FE 		sw	a5,-24(s0)
 217:../src/middleware/bacnet/src/lighting.c ****             len = decode_unsigned(&apdu[apdu_len], len_value_type,
 625              		.loc 1 217 19
 626 03a8 832784FE 		lw	a5,-24(s0)
 627 03ac 033784FC 		ld	a4,-56(s0)
 628 03b0 BA97     		add	a5,a4,a5
 629 03b2 032704FE 		lw	a4,-32(s0)
 630 03b6 9306C4FD 		addi	a3,s0,-36
 631 03ba 3686     		mv	a2,a3
 632 03bc BA85     		mv	a1,a4
 633 03be 3E85     		mv	a0,a5
 634 03c0 97000000 		call	decode_unsigned
 634      E7800000 
 635 03c8 AA87     		mv	a5,a0
 636 03ca 2326F4FE 		sw	a5,-20(s0)
 218:../src/middleware/bacnet/src/lighting.c ****                 &unsigned_value);
 219:../src/middleware/bacnet/src/lighting.c ****             data->priority = unsigned_value;
 637              		.loc 1 219 28
 638 03ce 8327C4FD 		lw	a5,-36(s0)
 639 03d2 13F7F70F 		andi	a4,a5,0xff
 640 03d6 833784FB 		ld	a5,-72(s0)
 641 03da 238CE700 		sb	a4,24(a5)
 220:../src/middleware/bacnet/src/lighting.c ****             data->use_priority = true;
 642              		.loc 1 220 32
 643 03de 833784FB 		ld	a5,-72(s0)
 644 03e2 03C74700 		lbu	a4,4(a5)
 645 03e6 13670701 		ori	a4,a4,16
 646 03ea 2382E700 		sb	a4,4(a5)
 647 03ee 01A8     		j	.L11
 648              	.L23:
 221:../src/middleware/bacnet/src/lighting.c ****         } else {
 222:../src/middleware/bacnet/src/lighting.c ****             data->use_priority = false;
 649              		.loc 1 222 32
 650 03f0 833784FB 		ld	a5,-72(s0)
 651 03f4 03C74700 		lbu	a4,4(a5)
 652 03f8 3D9B     		andi	a4,a4,-17
 653 03fa 2382E700 		sb	a4,4(a5)
 654              	.L11:
 223:../src/middleware/bacnet/src/lighting.c ****         }
 224:../src/middleware/bacnet/src/lighting.c ****     }
 225:../src/middleware/bacnet/src/lighting.c **** 
 226:../src/middleware/bacnet/src/lighting.c ****     return len;
 655              		.loc 1 226 12
 656 03fe 8327C4FE 		lw	a5,-20(s0)
 657              	.L24:
 227:../src/middleware/bacnet/src/lighting.c **** }
 658              		.loc 1 227 1 discriminator 1
 659 0402 3E85     		mv	a0,a5
 660 0404 A660     		ld	ra,72(sp)
 661              		.cfi_restore 1
 662 0406 0664     		ld	s0,64(sp)
 663              		.cfi_restore 8
 664              		.cfi_def_cfa 2, 80
 665 0408 6161     		addi	sp,sp,80
 666              		.cfi_def_cfa_offset 0
 667 040a 8280     		jr	ra
 668              		.cfi_endproc
 669              	.LFE6:
 671              		.section	.text.lighting_command_copy,"ax",@progbits
 672              		.align	1
 673              		.globl	lighting_command_copy
 675              	lighting_command_copy:
 676              	.LFB7:
 228:../src/middleware/bacnet/src/lighting.c **** 
 229:../src/middleware/bacnet/src/lighting.c **** /**
 230:../src/middleware/bacnet/src/lighting.c ****  * Copies one lighting-command structure to another
 231:../src/middleware/bacnet/src/lighting.c ****  *
 232:../src/middleware/bacnet/src/lighting.c ****  * @param dst - lighting command value target
 233:../src/middleware/bacnet/src/lighting.c ****  * @param src - lighting command value source
 234:../src/middleware/bacnet/src/lighting.c ****  *
 235:../src/middleware/bacnet/src/lighting.c ****  * @return  true if copy succeeded
 236:../src/middleware/bacnet/src/lighting.c ****  */
 237:../src/middleware/bacnet/src/lighting.c **** bool lighting_command_copy(
 238:../src/middleware/bacnet/src/lighting.c ****     BACNET_LIGHTING_COMMAND * dst,
 239:../src/middleware/bacnet/src/lighting.c ****     BACNET_LIGHTING_COMMAND * src)
 240:../src/middleware/bacnet/src/lighting.c **** {
 677              		.loc 1 240 1
 678              		.cfi_startproc
 679 0000 7971     		addi	sp,sp,-48
 680              		.cfi_def_cfa_offset 48
 681 0002 22F4     		sd	s0,40(sp)
 682              		.cfi_offset 8, -8
 683 0004 0018     		addi	s0,sp,48
 684              		.cfi_def_cfa 8, 0
 685 0006 233CA4FC 		sd	a0,-40(s0)
 686 000a 2338B4FC 		sd	a1,-48(s0)
 241:../src/middleware/bacnet/src/lighting.c ****     bool status = false;
 687              		.loc 1 241 10
 688 000e A30704FE 		sb	zero,-17(s0)
 242:../src/middleware/bacnet/src/lighting.c **** 
 243:../src/middleware/bacnet/src/lighting.c ****     if (dst && src) {
 689              		.loc 1 243 8
 690 0012 833784FD 		ld	a5,-40(s0)
 691 0016 63850712 		beq	a5,zero,.L26
 692              		.loc 1 243 13 discriminator 1
 693 001a 833704FD 		ld	a5,-48(s0)
 694 001e 63810712 		beq	a5,zero,.L26
 244:../src/middleware/bacnet/src/lighting.c ****         dst->operation = src->operation;
 695              		.loc 1 244 29
 696 0022 833704FD 		ld	a5,-48(s0)
 697 0026 9843     		lw	a4,0(a5)
 698              		.loc 1 244 24
 699 0028 833784FD 		ld	a5,-40(s0)
 700 002c 98C3     		sw	a4,0(a5)
 245:../src/middleware/bacnet/src/lighting.c ****         dst->use_target_level = src->use_target_level;
 701              		.loc 1 245 36
 702 002e 833704FD 		ld	a5,-48(s0)
 703 0032 DC43     		lw	a5,4(a5)
 704 0034 858B     		andi	a5,a5,1
 705 0036 13F7F70F 		andi	a4,a5,0xff
 706              		.loc 1 245 31
 707 003a 833784FD 		ld	a5,-40(s0)
 708 003e 13761700 		andi	a2,a4,1
 709 0042 03C74700 		lbu	a4,4(a5)
 710 0046 799B     		andi	a4,a4,-2
 711 0048 BA86     		mv	a3,a4
 712 004a 3287     		mv	a4,a2
 713 004c 558F     		or	a4,a3,a4
 714 004e 2382E700 		sb	a4,4(a5)
 246:../src/middleware/bacnet/src/lighting.c ****         dst->use_ramp_rate = src->use_ramp_rate;
 715              		.loc 1 246 33
 716 0052 833704FD 		ld	a5,-48(s0)
 717 0056 DC43     		lw	a5,4(a5)
 718 0058 9BD71700 		srliw	a5,a5,1
 719 005c 858B     		andi	a5,a5,1
 720 005e 13F7F70F 		andi	a4,a5,0xff
 721              		.loc 1 246 28
 722 0062 833784FD 		ld	a5,-40(s0)
 723 0066 058B     		andi	a4,a4,1
 724 0068 1B161700 		slliw	a2,a4,1
 725 006c 03C74700 		lbu	a4,4(a5)
 726 0070 759B     		andi	a4,a4,-3
 727 0072 BA86     		mv	a3,a4
 728 0074 3287     		mv	a4,a2
 729 0076 558F     		or	a4,a3,a4
 730 0078 2382E700 		sb	a4,4(a5)
 247:../src/middleware/bacnet/src/lighting.c ****         dst->use_step_increment = src->use_step_increment;
 731              		.loc 1 247 38
 732 007c 833704FD 		ld	a5,-48(s0)
 733 0080 DC43     		lw	a5,4(a5)
 734 0082 9BD72700 		srliw	a5,a5,2
 735 0086 858B     		andi	a5,a5,1
 736 0088 13F7F70F 		andi	a4,a5,0xff
 737              		.loc 1 247 33
 738 008c 833784FD 		ld	a5,-40(s0)
 739 0090 058B     		andi	a4,a4,1
 740 0092 1B162700 		slliw	a2,a4,2
 741 0096 03C74700 		lbu	a4,4(a5)
 742 009a 6D9B     		andi	a4,a4,-5
 743 009c BA86     		mv	a3,a4
 744 009e 3287     		mv	a4,a2
 745 00a0 558F     		or	a4,a3,a4
 746 00a2 2382E700 		sb	a4,4(a5)
 248:../src/middleware/bacnet/src/lighting.c ****         dst->use_fade_time = src->use_fade_time;
 747              		.loc 1 248 33
 748 00a6 833704FD 		ld	a5,-48(s0)
 749 00aa DC43     		lw	a5,4(a5)
 750 00ac 9BD73700 		srliw	a5,a5,3
 751 00b0 858B     		andi	a5,a5,1
 752 00b2 13F7F70F 		andi	a4,a5,0xff
 753              		.loc 1 248 28
 754 00b6 833784FD 		ld	a5,-40(s0)
 755 00ba 058B     		andi	a4,a4,1
 756 00bc 1B163700 		slliw	a2,a4,3
 757 00c0 03C74700 		lbu	a4,4(a5)
 758 00c4 5D9B     		andi	a4,a4,-9
 759 00c6 BA86     		mv	a3,a4
 760 00c8 3287     		mv	a4,a2
 761 00ca 558F     		or	a4,a3,a4
 762 00cc 2382E700 		sb	a4,4(a5)
 249:../src/middleware/bacnet/src/lighting.c ****         dst->use_priority = src->use_priority;
 763              		.loc 1 249 32
 764 00d0 833704FD 		ld	a5,-48(s0)
 765 00d4 DC43     		lw	a5,4(a5)
 766 00d6 9BD74700 		srliw	a5,a5,4
 767 00da 858B     		andi	a5,a5,1
 768 00dc 13F7F70F 		andi	a4,a5,0xff
 769              		.loc 1 249 27
 770 00e0 833784FD 		ld	a5,-40(s0)
 771 00e4 058B     		andi	a4,a4,1
 772 00e6 1B164700 		slliw	a2,a4,4
 773 00ea 03C74700 		lbu	a4,4(a5)
 774 00ee 3D9B     		andi	a4,a4,-17
 775 00f0 BA86     		mv	a3,a4
 776 00f2 3287     		mv	a4,a2
 777 00f4 558F     		or	a4,a3,a4
 778 00f6 2382E700 		sb	a4,4(a5)
 250:../src/middleware/bacnet/src/lighting.c ****         dst->target_level = src->target_level;
 779              		.loc 1 250 32
 780 00fa 833704FD 		ld	a5,-48(s0)
 781 00fe 9847     		lw	a4,8(a5)
 782              		.loc 1 250 27
 783 0100 833784FD 		ld	a5,-40(s0)
 784 0104 98C7     		sw	a4,8(a5)
 251:../src/middleware/bacnet/src/lighting.c ****         dst->ramp_rate = src->ramp_rate;
 785              		.loc 1 251 29
 786 0106 833704FD 		ld	a5,-48(s0)
 787 010a D847     		lw	a4,12(a5)
 788              		.loc 1 251 24
 789 010c 833784FD 		ld	a5,-40(s0)
 790 0110 D8C7     		sw	a4,12(a5)
 252:../src/middleware/bacnet/src/lighting.c ****         dst->step_increment = src->step_increment;
 791              		.loc 1 252 34
 792 0112 833704FD 		ld	a5,-48(s0)
 793 0116 984B     		lw	a4,16(a5)
 794              		.loc 1 252 29
 795 0118 833784FD 		ld	a5,-40(s0)
 796 011c 98CB     		sw	a4,16(a5)
 253:../src/middleware/bacnet/src/lighting.c ****         dst->fade_time = src->fade_time;
 797              		.loc 1 253 29
 798 011e 833704FD 		ld	a5,-48(s0)
 799 0122 D84B     		lw	a4,20(a5)
 800              		.loc 1 253 24
 801 0124 833784FD 		ld	a5,-40(s0)
 802 0128 D8CB     		sw	a4,20(a5)
 254:../src/middleware/bacnet/src/lighting.c ****         dst->priority = src->priority;
 803              		.loc 1 254 28
 804 012a 833704FD 		ld	a5,-48(s0)
 805 012e 03C78701 		lbu	a4,24(a5)
 806              		.loc 1 254 23
 807 0132 833784FD 		ld	a5,-40(s0)
 808 0136 238CE700 		sb	a4,24(a5)
 255:../src/middleware/bacnet/src/lighting.c ****         status = true;
 809              		.loc 1 255 16
 810 013a 8547     		li	a5,1
 811 013c A307F4FE 		sb	a5,-17(s0)
 812              	.L26:
 256:../src/middleware/bacnet/src/lighting.c ****     }
 257:../src/middleware/bacnet/src/lighting.c **** 
 258:../src/middleware/bacnet/src/lighting.c ****     return status;
 813              		.loc 1 258 12
 814 0140 8347F4FE 		lbu	a5,-17(s0)
 259:../src/middleware/bacnet/src/lighting.c **** }
 815              		.loc 1 259 1
 816 0144 3E85     		mv	a0,a5
 817 0146 2274     		ld	s0,40(sp)
 818              		.cfi_restore 8
 819              		.cfi_def_cfa 2, 48
 820 0148 4561     		addi	sp,sp,48
 821              		.cfi_def_cfa_offset 0
 822 014a 8280     		jr	ra
 823              		.cfi_endproc
 824              	.LFE7:
 826              		.globl	__nesf2
 827              		.section	.text.lighting_command_same,"ax",@progbits
 828              		.align	1
 829              		.globl	lighting_command_same
 831              	lighting_command_same:
 832              	.LFB8:
 260:../src/middleware/bacnet/src/lighting.c **** 
 261:../src/middleware/bacnet/src/lighting.c **** /**
 262:../src/middleware/bacnet/src/lighting.c ****  * Compare one lighting-command structure to another
 263:../src/middleware/bacnet/src/lighting.c ****  *
 264:../src/middleware/bacnet/src/lighting.c ****  * @param dst - lighting command value target
 265:../src/middleware/bacnet/src/lighting.c ****  * @param src - lighting command value source
 266:../src/middleware/bacnet/src/lighting.c ****  *
 267:../src/middleware/bacnet/src/lighting.c ****  * @return  true if lighting-commands are the same for values in-use
 268:../src/middleware/bacnet/src/lighting.c ****  */
 269:../src/middleware/bacnet/src/lighting.c **** bool lighting_command_same(
 270:../src/middleware/bacnet/src/lighting.c ****     BACNET_LIGHTING_COMMAND * dst,
 271:../src/middleware/bacnet/src/lighting.c ****     BACNET_LIGHTING_COMMAND * src)
 272:../src/middleware/bacnet/src/lighting.c **** {
 833              		.loc 1 272 1
 834              		.cfi_startproc
 835 0000 7971     		addi	sp,sp,-48
 836              		.cfi_def_cfa_offset 48
 837 0002 06F4     		sd	ra,40(sp)
 838 0004 22F0     		sd	s0,32(sp)
 839              		.cfi_offset 1, -8
 840              		.cfi_offset 8, -16
 841 0006 0018     		addi	s0,sp,48
 842              		.cfi_def_cfa 8, 0
 843 0008 233CA4FC 		sd	a0,-40(s0)
 844 000c 2338B4FC 		sd	a1,-48(s0)
 273:../src/middleware/bacnet/src/lighting.c ****     bool status = false;
 845              		.loc 1 273 10
 846 0010 A30704FE 		sb	zero,-17(s0)
 274:../src/middleware/bacnet/src/lighting.c **** 
 275:../src/middleware/bacnet/src/lighting.c ****     if (dst && src) {
 847              		.loc 1 275 8
 848 0014 833784FD 		ld	a5,-40(s0)
 849 0018 6385071A 		beq	a5,zero,.L29
 850              		.loc 1 275 13 discriminator 1
 851 001c 833704FD 		ld	a5,-48(s0)
 852 0020 6381071A 		beq	a5,zero,.L29
 276:../src/middleware/bacnet/src/lighting.c ****         if ((dst->operation == src->operation) &&
 853              		.loc 1 276 17
 854 0024 833784FD 		ld	a5,-40(s0)
 855 0028 9843     		lw	a4,0(a5)
 856              		.loc 1 276 35
 857 002a 833704FD 		ld	a5,-48(s0)
 858 002e 9C43     		lw	a5,0(a5)
 859              		.loc 1 276 12
 860 0030 6319F718 		bne	a4,a5,.L29
 277:../src/middleware/bacnet/src/lighting.c ****             (dst->use_target_level == src->use_target_level) &&
 861              		.loc 1 277 17 discriminator 1
 862 0034 833784FD 		ld	a5,-40(s0)
 863 0038 DC43     		lw	a5,4(a5)
 864 003a 858B     		andi	a5,a5,1
 865 003c 13F7F70F 		andi	a4,a5,0xff
 866              		.loc 1 277 42 discriminator 1
 867 0040 833704FD 		ld	a5,-48(s0)
 868 0044 DC43     		lw	a5,4(a5)
 869 0046 858B     		andi	a5,a5,1
 870 0048 93F7F70F 		andi	a5,a5,0xff
 276:../src/middleware/bacnet/src/lighting.c ****         if ((dst->operation == src->operation) &&
 871              		.loc 1 276 48 discriminator 1
 872 004c 631BF716 		bne	a4,a5,.L29
 278:../src/middleware/bacnet/src/lighting.c ****             (dst->use_ramp_rate == src->use_ramp_rate) &&
 873              		.loc 1 278 17
 874 0050 833784FD 		ld	a5,-40(s0)
 875 0054 DC43     		lw	a5,4(a5)
 876 0056 9BD71700 		srliw	a5,a5,1
 877 005a 858B     		andi	a5,a5,1
 878 005c 13F7F70F 		andi	a4,a5,0xff
 879              		.loc 1 278 39
 880 0060 833704FD 		ld	a5,-48(s0)
 881 0064 DC43     		lw	a5,4(a5)
 882 0066 9BD71700 		srliw	a5,a5,1
 883 006a 858B     		andi	a5,a5,1
 884 006c 93F7F70F 		andi	a5,a5,0xff
 277:../src/middleware/bacnet/src/lighting.c ****             (dst->use_target_level == src->use_target_level) &&
 885              		.loc 1 277 62
 886 0070 6319F714 		bne	a4,a5,.L29
 279:../src/middleware/bacnet/src/lighting.c ****             (dst->use_step_increment == src->use_step_increment) &&
 887              		.loc 1 279 17
 888 0074 833784FD 		ld	a5,-40(s0)
 889 0078 DC43     		lw	a5,4(a5)
 890 007a 9BD72700 		srliw	a5,a5,2
 891 007e 858B     		andi	a5,a5,1
 892 0080 13F7F70F 		andi	a4,a5,0xff
 893              		.loc 1 279 44
 894 0084 833704FD 		ld	a5,-48(s0)
 895 0088 DC43     		lw	a5,4(a5)
 896 008a 9BD72700 		srliw	a5,a5,2
 897 008e 858B     		andi	a5,a5,1
 898 0090 93F7F70F 		andi	a5,a5,0xff
 278:../src/middleware/bacnet/src/lighting.c ****             (dst->use_ramp_rate == src->use_ramp_rate) &&
 899              		.loc 1 278 56
 900 0094 6317F712 		bne	a4,a5,.L29
 280:../src/middleware/bacnet/src/lighting.c ****             (dst->use_fade_time == src->use_fade_time) &&
 901              		.loc 1 280 17
 902 0098 833784FD 		ld	a5,-40(s0)
 903 009c DC43     		lw	a5,4(a5)
 904 009e 9BD73700 		srliw	a5,a5,3
 905 00a2 858B     		andi	a5,a5,1
 906 00a4 13F7F70F 		andi	a4,a5,0xff
 907              		.loc 1 280 39
 908 00a8 833704FD 		ld	a5,-48(s0)
 909 00ac DC43     		lw	a5,4(a5)
 910 00ae 9BD73700 		srliw	a5,a5,3
 911 00b2 858B     		andi	a5,a5,1
 912 00b4 93F7F70F 		andi	a5,a5,0xff
 279:../src/middleware/bacnet/src/lighting.c ****             (dst->use_step_increment == src->use_step_increment) &&
 913              		.loc 1 279 66
 914 00b8 6315F710 		bne	a4,a5,.L29
 281:../src/middleware/bacnet/src/lighting.c ****             (dst->use_priority == src->use_priority)) {
 915              		.loc 1 281 17
 916 00bc 833784FD 		ld	a5,-40(s0)
 917 00c0 DC43     		lw	a5,4(a5)
 918 00c2 9BD74700 		srliw	a5,a5,4
 919 00c6 858B     		andi	a5,a5,1
 920 00c8 13F7F70F 		andi	a4,a5,0xff
 921              		.loc 1 281 38
 922 00cc 833704FD 		ld	a5,-48(s0)
 923 00d0 DC43     		lw	a5,4(a5)
 924 00d2 9BD74700 		srliw	a5,a5,4
 925 00d6 858B     		andi	a5,a5,1
 926 00d8 93F7F70F 		andi	a5,a5,0xff
 280:../src/middleware/bacnet/src/lighting.c ****             (dst->use_fade_time == src->use_fade_time) &&
 927              		.loc 1 280 56
 928 00dc 6313F70E 		bne	a4,a5,.L29
 282:../src/middleware/bacnet/src/lighting.c ****             status = true;
 929              		.loc 1 282 20
 930 00e0 8547     		li	a5,1
 931 00e2 A307F4FE 		sb	a5,-17(s0)
 283:../src/middleware/bacnet/src/lighting.c ****             if ((dst->use_target_level) &&
 932              		.loc 1 283 17
 933 00e6 833784FD 		ld	a5,-40(s0)
 934 00ea 83C74700 		lbu	a5,4(a5)
 935 00ee 858B     		andi	a5,a5,1
 936 00f0 93F7F70F 		andi	a5,a5,0xff
 937              		.loc 1 283 16
 938 00f4 8DC3     		beq	a5,zero,.L30
 284:../src/middleware/bacnet/src/lighting.c ****                 (dst->target_level != src->target_level)) {
 939              		.loc 1 284 21 discriminator 1
 940 00f6 833784FD 		ld	a5,-40(s0)
 941 00fa 9847     		lw	a4,8(a5)
 942              		.loc 1 284 42 discriminator 1
 943 00fc 833704FD 		ld	a5,-48(s0)
 944 0100 9C47     		lw	a5,8(a5)
 283:../src/middleware/bacnet/src/lighting.c ****             if ((dst->use_target_level) &&
 945              		.loc 1 283 41 discriminator 1
 946 0102 BE85     		mv	a1,a5
 947 0104 3A85     		mv	a0,a4
 948 0106 97000000 		call	__nesf2
 948      E7800000 
 949              	.LVL0:
 950 010e AA87     		mv	a5,a0
 951 0110 99C3     		beq	a5,zero,.L30
 285:../src/middleware/bacnet/src/lighting.c ****                 status = false;
 952              		.loc 1 285 24
 953 0112 A30704FE 		sb	zero,-17(s0)
 954              	.L30:
 286:../src/middleware/bacnet/src/lighting.c ****             }
 287:../src/middleware/bacnet/src/lighting.c ****             if ((dst->use_ramp_rate) &&
 955              		.loc 1 287 17
 956 0116 833784FD 		ld	a5,-40(s0)
 957 011a 83C74700 		lbu	a5,4(a5)
 958 011e 898B     		andi	a5,a5,2
 959 0120 93F7F70F 		andi	a5,a5,0xff
 960              		.loc 1 287 16
 961 0124 8DC3     		beq	a5,zero,.L32
 288:../src/middleware/bacnet/src/lighting.c ****                 (dst->ramp_rate != src->ramp_rate)) {
 962              		.loc 1 288 21 discriminator 1
 963 0126 833784FD 		ld	a5,-40(s0)
 964 012a D847     		lw	a4,12(a5)
 965              		.loc 1 288 39 discriminator 1
 966 012c 833704FD 		ld	a5,-48(s0)
 967 0130 DC47     		lw	a5,12(a5)
 287:../src/middleware/bacnet/src/lighting.c ****                 (dst->ramp_rate != src->ramp_rate)) {
 968              		.loc 1 287 38 discriminator 1
 969 0132 BE85     		mv	a1,a5
 970 0134 3A85     		mv	a0,a4
 971 0136 97000000 		call	__nesf2
 971      E7800000 
 972              	.LVL1:
 973 013e AA87     		mv	a5,a0
 974 0140 99C3     		beq	a5,zero,.L32
 289:../src/middleware/bacnet/src/lighting.c ****                 status = false;
 975              		.loc 1 289 24
 976 0142 A30704FE 		sb	zero,-17(s0)
 977              	.L32:
 290:../src/middleware/bacnet/src/lighting.c ****             }
 291:../src/middleware/bacnet/src/lighting.c ****             if ((dst->use_step_increment) &&
 978              		.loc 1 291 17
 979 0146 833784FD 		ld	a5,-40(s0)
 980 014a 83C74700 		lbu	a5,4(a5)
 981 014e 918B     		andi	a5,a5,4
 982 0150 93F7F70F 		andi	a5,a5,0xff
 983              		.loc 1 291 16
 984 0154 8DC3     		beq	a5,zero,.L34
 292:../src/middleware/bacnet/src/lighting.c ****                 (dst->step_increment != src->step_increment)) {
 985              		.loc 1 292 21 discriminator 1
 986 0156 833784FD 		ld	a5,-40(s0)
 987 015a 984B     		lw	a4,16(a5)
 988              		.loc 1 292 44 discriminator 1
 989 015c 833704FD 		ld	a5,-48(s0)
 990 0160 9C4B     		lw	a5,16(a5)
 291:../src/middleware/bacnet/src/lighting.c ****                 (dst->step_increment != src->step_increment)) {
 991              		.loc 1 291 43 discriminator 1
 992 0162 BE85     		mv	a1,a5
 993 0164 3A85     		mv	a0,a4
 994 0166 97000000 		call	__nesf2
 994      E7800000 
 995              	.LVL2:
 996 016e AA87     		mv	a5,a0
 997 0170 99C3     		beq	a5,zero,.L34
 293:../src/middleware/bacnet/src/lighting.c ****                 status = false;
 998              		.loc 1 293 24
 999 0172 A30704FE 		sb	zero,-17(s0)
 1000              	.L34:
 294:../src/middleware/bacnet/src/lighting.c ****             }
 295:../src/middleware/bacnet/src/lighting.c ****             if ((dst->use_fade_time) &&
 1001              		.loc 1 295 17
 1002 0176 833784FD 		ld	a5,-40(s0)
 1003 017a 83C74700 		lbu	a5,4(a5)
 1004 017e A18B     		andi	a5,a5,8
 1005 0180 93F7F70F 		andi	a5,a5,0xff
 1006              		.loc 1 295 16
 1007 0184 99CB     		beq	a5,zero,.L36
 296:../src/middleware/bacnet/src/lighting.c ****                 (dst->fade_time != src->fade_time)) {
 1008              		.loc 1 296 21 discriminator 1
 1009 0186 833784FD 		ld	a5,-40(s0)
 1010 018a D84B     		lw	a4,20(a5)
 1011              		.loc 1 296 39 discriminator 1
 1012 018c 833704FD 		ld	a5,-48(s0)
 1013 0190 DC4B     		lw	a5,20(a5)
 295:../src/middleware/bacnet/src/lighting.c ****                 (dst->fade_time != src->fade_time)) {
 1014              		.loc 1 295 38 discriminator 1
 1015 0192 6304F700 		beq	a4,a5,.L36
 297:../src/middleware/bacnet/src/lighting.c ****                 status = false;
 1016              		.loc 1 297 24
 1017 0196 A30704FE 		sb	zero,-17(s0)
 1018              	.L36:
 298:../src/middleware/bacnet/src/lighting.c ****             }
 299:../src/middleware/bacnet/src/lighting.c ****             if ((dst->use_priority) &&
 1019              		.loc 1 299 17
 1020 019a 833784FD 		ld	a5,-40(s0)
 1021 019e 83C74700 		lbu	a5,4(a5)
 1022 01a2 C18B     		andi	a5,a5,16
 1023 01a4 93F7F70F 		andi	a5,a5,0xff
 1024              		.loc 1 299 16
 1025 01a8 89CF     		beq	a5,zero,.L29
 300:../src/middleware/bacnet/src/lighting.c ****                 (dst->priority != src->priority)) {
 1026              		.loc 1 300 21 discriminator 1
 1027 01aa 833784FD 		ld	a5,-40(s0)
 1028 01ae 03C78701 		lbu	a4,24(a5)
 1029              		.loc 1 300 38 discriminator 1
 1030 01b2 833704FD 		ld	a5,-48(s0)
 1031 01b6 83C78701 		lbu	a5,24(a5)
 299:../src/middleware/bacnet/src/lighting.c ****                 (dst->priority != src->priority)) {
 1032              		.loc 1 299 37 discriminator 1
 1033 01ba 6304F700 		beq	a4,a5,.L29
 301:../src/middleware/bacnet/src/lighting.c ****                 status = false;
 1034              		.loc 1 301 24
 1035 01be A30704FE 		sb	zero,-17(s0)
 1036              	.L29:
 302:../src/middleware/bacnet/src/lighting.c ****             }
 303:../src/middleware/bacnet/src/lighting.c ****         }
 304:../src/middleware/bacnet/src/lighting.c ****     }
 305:../src/middleware/bacnet/src/lighting.c **** 
 306:../src/middleware/bacnet/src/lighting.c ****     return status;
 1037              		.loc 1 306 12
 1038 01c2 8347F4FE 		lbu	a5,-17(s0)
 307:../src/middleware/bacnet/src/lighting.c **** }
 1039              		.loc 1 307 1
 1040 01c6 3E85     		mv	a0,a5
 1041 01c8 A270     		ld	ra,40(sp)
 1042              		.cfi_restore 1
 1043 01ca 0274     		ld	s0,32(sp)
 1044              		.cfi_restore 8
 1045              		.cfi_def_cfa 2, 48
 1046 01cc 4561     		addi	sp,sp,48
 1047              		.cfi_def_cfa_offset 0
 1048 01ce 8280     		jr	ra
 1049              		.cfi_endproc
 1050              	.LFE8:
 1052              		.text
 1053              	.Letext0:
 1054              		.file 2 "c:\\microchip\\softconsole-v2022.2-risc-v-747\\riscv-unknown-elf-gcc\\riscv64-unknown-elf
 1055              		.file 3 "c:\\microchip\\softconsole-v2022.2-risc-v-747\\riscv-unknown-elf-gcc\\riscv64-unknown-elf
 1056              		.file 4 "c:\\microchip\\softconsole-v2022.2-risc-v-747\\riscv-unknown-elf-gcc\\lib\\gcc\\riscv64-u
 1057              		.file 5 "c:\\microchip\\softconsole-v2022.2-risc-v-747\\riscv-unknown-elf-gcc\\riscv64-unknown-elf
 1058              		.file 6 "c:\\microchip\\softconsole-v2022.2-risc-v-747\\riscv-unknown-elf-gcc\\riscv64-unknown-elf
 1059              		.file 7 "c:\\microchip\\softconsole-v2022.2-risc-v-747\\riscv-unknown-elf-gcc\\riscv64-unknown-elf
 1060              		.file 8 "c:\\microchip\\softconsole-v2022.2-risc-v-747\\riscv-unknown-elf-gcc\\riscv64-unknown-elf
 1061              		.file 9 "c:\\microchip\\softconsole-v2022.2-risc-v-747\\riscv-unknown-elf-gcc\\riscv64-unknown-elf
 1062              		.file 10 "C:\\Users\\zero6575\\Libero\\fpga_labor\\fpga_labor\\software\\mpfs-mac-mcc-stack\\src\\
 1063              		.file 11 "C:\\Users\\zero6575\\Libero\\fpga_labor\\fpga_labor\\software\\mpfs-mac-mcc-stack\\src\\
DEFINED SYMBOLS
                            *ABS*:0000000000000000 lighting.c
C:\Users\zero6575\AppData\Local\Temp\ccoYQv4f.s:13     .text.lighting_command_encode:0000000000000000 lighting_command_encode
C:\Users\zero6575\AppData\Local\Temp\ccoYQv4f.s:17     .text.lighting_command_encode:0000000000000000 .L0 
C:\Users\zero6575\AppData\Local\Temp\ccoYQv4f.s:18     .text.lighting_command_encode:0000000000000000 .L0 
C:\Users\zero6575\AppData\Local\Temp\ccoYQv4f.s:19     .text.lighting_command_encode:0000000000000002 .L0 
C:\Users\zero6575\AppData\Local\Temp\ccoYQv4f.s:22     .text.lighting_command_encode:0000000000000006 .L0 
C:\Users\zero6575\AppData\Local\Temp\ccoYQv4f.s:23     .text.lighting_command_encode:0000000000000006 .L0 
C:\Users\zero6575\AppData\Local\Temp\ccoYQv4f.s:25     .text.lighting_command_encode:0000000000000008 .L0 
C:\Users\zero6575\AppData\Local\Temp\ccoYQv4f.s:29     .text.lighting_command_encode:0000000000000010 .L0 
C:\Users\zero6575\AppData\Local\Temp\ccoYQv4f.s:31     .text.lighting_command_encode:0000000000000014 .L0 
C:\Users\zero6575\AppData\Local\Temp\ccoYQv4f.s:33     .text.lighting_command_encode:0000000000000018 .L0 
C:\Users\zero6575\AppData\Local\Temp\ccoYQv4f.s:36     .text.lighting_command_encode:0000000000000020 .L0 
C:\Users\zero6575\AppData\Local\Temp\ccoYQv4f.s:40     .text.lighting_command_encode:000000000000002a .L0 
C:\Users\zero6575\AppData\Local\Temp\ccoYQv4f.s:43     .text.lighting_command_encode:0000000000000030 .L0 
C:\Users\zero6575\AppData\Local\Temp\ccoYQv4f.s:50     .text.lighting_command_encode:0000000000000044 .L0 
C:\Users\zero6575\AppData\Local\Temp\ccoYQv4f.s:55     .text.lighting_command_encode:0000000000000052 .L0 
C:\Users\zero6575\AppData\Local\Temp\ccoYQv4f.s:60     .text.lighting_command_encode:0000000000000060 .L0 
C:\Users\zero6575\AppData\Local\Temp\ccoYQv4f.s:62     .text.lighting_command_encode:0000000000000062 .L0 
C:\Users\zero6575\AppData\Local\Temp\ccoYQv4f.s:74     .text.lighting_command_encode:0000000000000086 .L0 
C:\Users\zero6575\AppData\Local\Temp\ccoYQv4f.s:80     .text.lighting_command_encode:0000000000000094 .L0 
C:\Users\zero6575\AppData\Local\Temp\ccoYQv4f.s:85     .text.lighting_command_encode:00000000000000a2 .L0 
C:\Users\zero6575\AppData\Local\Temp\ccoYQv4f.s:87     .text.lighting_command_encode:00000000000000a4 .L0 
C:\Users\zero6575\AppData\Local\Temp\ccoYQv4f.s:99     .text.lighting_command_encode:00000000000000c8 .L0 
C:\Users\zero6575\AppData\Local\Temp\ccoYQv4f.s:105    .text.lighting_command_encode:00000000000000d6 .L0 
C:\Users\zero6575\AppData\Local\Temp\ccoYQv4f.s:110    .text.lighting_command_encode:00000000000000e4 .L0 
C:\Users\zero6575\AppData\Local\Temp\ccoYQv4f.s:112    .text.lighting_command_encode:00000000000000e6 .L0 
C:\Users\zero6575\AppData\Local\Temp\ccoYQv4f.s:124    .text.lighting_command_encode:000000000000010a .L0 
C:\Users\zero6575\AppData\Local\Temp\ccoYQv4f.s:130    .text.lighting_command_encode:0000000000000118 .L0 
C:\Users\zero6575\AppData\Local\Temp\ccoYQv4f.s:135    .text.lighting_command_encode:0000000000000126 .L0 
C:\Users\zero6575\AppData\Local\Temp\ccoYQv4f.s:137    .text.lighting_command_encode:0000000000000128 .L0 
C:\Users\zero6575\AppData\Local\Temp\ccoYQv4f.s:149    .text.lighting_command_encode:000000000000014c .L0 
C:\Users\zero6575\AppData\Local\Temp\ccoYQv4f.s:155    .text.lighting_command_encode:000000000000015a .L0 
C:\Users\zero6575\AppData\Local\Temp\ccoYQv4f.s:160    .text.lighting_command_encode:0000000000000168 .L0 
C:\Users\zero6575\AppData\Local\Temp\ccoYQv4f.s:162    .text.lighting_command_encode:000000000000016a .L0 
C:\Users\zero6575\AppData\Local\Temp\ccoYQv4f.s:166    .text.lighting_command_encode:0000000000000174 .L0 
C:\Users\zero6575\AppData\Local\Temp\ccoYQv4f.s:169    .text.lighting_command_encode:000000000000017c .L0 
C:\Users\zero6575\AppData\Local\Temp\ccoYQv4f.s:177    .text.lighting_command_encode:0000000000000192 .L0 
C:\Users\zero6575\AppData\Local\Temp\ccoYQv4f.s:183    .text.lighting_command_encode:00000000000001a0 .L0 
C:\Users\zero6575\AppData\Local\Temp\ccoYQv4f.s:185    .text.lighting_command_encode:00000000000001a4 .L0 
C:\Users\zero6575\AppData\Local\Temp\ccoYQv4f.s:187    .text.lighting_command_encode:00000000000001a8 .L0 
C:\Users\zero6575\AppData\Local\Temp\ccoYQv4f.s:189    .text.lighting_command_encode:00000000000001aa .L0 
C:\Users\zero6575\AppData\Local\Temp\ccoYQv4f.s:190    .text.lighting_command_encode:00000000000001aa .L0 
C:\Users\zero6575\AppData\Local\Temp\ccoYQv4f.s:192    .text.lighting_command_encode:00000000000001ac .L0 
C:\Users\zero6575\AppData\Local\Temp\ccoYQv4f.s:194    .text.lighting_command_encode:00000000000001ae .L0 
C:\Users\zero6575\AppData\Local\Temp\ccoYQv4f.s:201    .text.lighting_command_encode_context:0000000000000000 lighting_command_encode_context
C:\Users\zero6575\AppData\Local\Temp\ccoYQv4f.s:204    .text.lighting_command_encode_context:0000000000000000 .L0 
C:\Users\zero6575\AppData\Local\Temp\ccoYQv4f.s:205    .text.lighting_command_encode_context:0000000000000000 .L0 
C:\Users\zero6575\AppData\Local\Temp\ccoYQv4f.s:206    .text.lighting_command_encode_context:0000000000000002 .L0 
C:\Users\zero6575\AppData\Local\Temp\ccoYQv4f.s:209    .text.lighting_command_encode_context:0000000000000006 .L0 
C:\Users\zero6575\AppData\Local\Temp\ccoYQv4f.s:210    .text.lighting_command_encode_context:0000000000000006 .L0 
C:\Users\zero6575\AppData\Local\Temp\ccoYQv4f.s:212    .text.lighting_command_encode_context:0000000000000008 .L0 
C:\Users\zero6575\AppData\Local\Temp\ccoYQv4f.s:218    .text.lighting_command_encode_context:0000000000000016 .L0 
C:\Users\zero6575\AppData\Local\Temp\ccoYQv4f.s:220    .text.lighting_command_encode_context:000000000000001a .L0 
C:\Users\zero6575\AppData\Local\Temp\ccoYQv4f.s:230    .text.lighting_command_encode_context:0000000000000038 .L0 
C:\Users\zero6575\AppData\Local\Temp\ccoYQv4f.s:234    .text.lighting_command_encode_context:0000000000000042 .L0 
C:\Users\zero6575\AppData\Local\Temp\ccoYQv4f.s:243    .text.lighting_command_encode_context:000000000000005e .L0 
C:\Users\zero6575\AppData\Local\Temp\ccoYQv4f.s:247    .text.lighting_command_encode_context:0000000000000068 .L0 
C:\Users\zero6575\AppData\Local\Temp\ccoYQv4f.s:257    .text.lighting_command_encode_context:0000000000000086 .L0 
C:\Users\zero6575\AppData\Local\Temp\ccoYQv4f.s:261    .text.lighting_command_encode_context:0000000000000090 .L0 
C:\Users\zero6575\AppData\Local\Temp\ccoYQv4f.s:263    .text.lighting_command_encode_context:0000000000000094 .L0 
C:\Users\zero6575\AppData\Local\Temp\ccoYQv4f.s:265    .text.lighting_command_encode_context:0000000000000098 .L0 
C:\Users\zero6575\AppData\Local\Temp\ccoYQv4f.s:267    .text.lighting_command_encode_context:000000000000009a .L0 
C:\Users\zero6575\AppData\Local\Temp\ccoYQv4f.s:268    .text.lighting_command_encode_context:000000000000009a .L0 
C:\Users\zero6575\AppData\Local\Temp\ccoYQv4f.s:270    .text.lighting_command_encode_context:000000000000009c .L0 
C:\Users\zero6575\AppData\Local\Temp\ccoYQv4f.s:272    .text.lighting_command_encode_context:000000000000009e .L0 
C:\Users\zero6575\AppData\Local\Temp\ccoYQv4f.s:279    .text.lighting_command_decode:0000000000000000 lighting_command_decode
C:\Users\zero6575\AppData\Local\Temp\ccoYQv4f.s:282    .text.lighting_command_decode:0000000000000000 .L0 
C:\Users\zero6575\AppData\Local\Temp\ccoYQv4f.s:283    .text.lighting_command_decode:0000000000000000 .L0 
C:\Users\zero6575\AppData\Local\Temp\ccoYQv4f.s:284    .text.lighting_command_decode:0000000000000002 .L0 
C:\Users\zero6575\AppData\Local\Temp\ccoYQv4f.s:287    .text.lighting_command_decode:0000000000000006 .L0 
C:\Users\zero6575\AppData\Local\Temp\ccoYQv4f.s:288    .text.lighting_command_decode:0000000000000006 .L0 
C:\Users\zero6575\AppData\Local\Temp\ccoYQv4f.s:290    .text.lighting_command_decode:0000000000000008 .L0 
C:\Users\zero6575\AppData\Local\Temp\ccoYQv4f.s:296    .text.lighting_command_decode:0000000000000016 .L0 
C:\Users\zero6575\AppData\Local\Temp\ccoYQv4f.s:298    .text.lighting_command_decode:000000000000001a .L0 
C:\Users\zero6575\AppData\Local\Temp\ccoYQv4f.s:300    .text.lighting_command_decode:000000000000001e .L0 
C:\Users\zero6575\AppData\Local\Temp\ccoYQv4f.s:302    .text.lighting_command_decode:0000000000000022 .L0 
C:\Users\zero6575\AppData\Local\Temp\ccoYQv4f.s:304    .text.lighting_command_decode:0000000000000026 .L0 
C:\Users\zero6575\AppData\Local\Temp\ccoYQv4f.s:306    .text.lighting_command_decode:000000000000002a .L0 
C:\Users\zero6575\AppData\Local\Temp\ccoYQv4f.s:309    .text.lighting_command_decode:0000000000000032 .L0 
C:\Users\zero6575\AppData\Local\Temp\ccoYQv4f.s:313    .text.lighting_command_decode:000000000000003c .L0 
C:\Users\zero6575\AppData\Local\Temp\ccoYQv4f.s:316    .text.lighting_command_decode:0000000000000044 .L0 
C:\Users\zero6575\AppData\Local\Temp\ccoYQv4f.s:324    .text.lighting_command_decode:000000000000005c .L0 
C:\Users\zero6575\AppData\Local\Temp\ccoYQv4f.s:327    .text.lighting_command_decode:0000000000000064 .L0 
C:\Users\zero6575\AppData\Local\Temp\ccoYQv4f.s:329    .text.lighting_command_decode:0000000000000066 .L0 
C:\Users\zero6575\AppData\Local\Temp\ccoYQv4f.s:333    .text.lighting_command_decode:000000000000006a .L0 
C:\Users\zero6575\AppData\Local\Temp\ccoYQv4f.s:345    .text.lighting_command_decode:0000000000000090 .L0 
C:\Users\zero6575\AppData\Local\Temp\ccoYQv4f.s:350    .text.lighting_command_decode:000000000000009e .L0 
C:\Users\zero6575\AppData\Local\Temp\ccoYQv4f.s:362    .text.lighting_command_decode:00000000000000c4 .L0 
C:\Users\zero6575\AppData\Local\Temp\ccoYQv4f.s:366    .text.lighting_command_decode:00000000000000ce .L0 
C:\Users\zero6575\AppData\Local\Temp\ccoYQv4f.s:371    .text.lighting_command_decode:00000000000000d8 .L0 
C:\Users\zero6575\AppData\Local\Temp\ccoYQv4f.s:376    .text.lighting_command_decode:00000000000000e6 .L0 
C:\Users\zero6575\AppData\Local\Temp\ccoYQv4f.s:384    .text.lighting_command_decode:00000000000000fe .L0 
C:\Users\zero6575\AppData\Local\Temp\ccoYQv4f.s:386    .text.lighting_command_decode:0000000000000100 .L0 
C:\Users\zero6575\AppData\Local\Temp\ccoYQv4f.s:398    .text.lighting_command_decode:0000000000000126 .L0 
C:\Users\zero6575\AppData\Local\Temp\ccoYQv4f.s:403    .text.lighting_command_decode:0000000000000134 .L0 
C:\Users\zero6575\AppData\Local\Temp\ccoYQv4f.s:413    .text.lighting_command_decode:0000000000000154 .L0 
C:\Users\zero6575\AppData\Local\Temp\ccoYQv4f.s:417    .text.lighting_command_decode:000000000000015e .L0 
C:\Users\zero6575\AppData\Local\Temp\ccoYQv4f.s:422    .text.lighting_command_decode:000000000000016c .L0 
C:\Users\zero6575\AppData\Local\Temp\ccoYQv4f.s:429    .text.lighting_command_decode:000000000000017e .L0 
C:\Users\zero6575\AppData\Local\Temp\ccoYQv4f.s:435    .text.lighting_command_decode:000000000000018c .L0 
C:\Users\zero6575\AppData\Local\Temp\ccoYQv4f.s:443    .text.lighting_command_decode:00000000000001a4 .L0 
C:\Users\zero6575\AppData\Local\Temp\ccoYQv4f.s:445    .text.lighting_command_decode:00000000000001a6 .L0 
C:\Users\zero6575\AppData\Local\Temp\ccoYQv4f.s:457    .text.lighting_command_decode:00000000000001cc .L0 
C:\Users\zero6575\AppData\Local\Temp\ccoYQv4f.s:462    .text.lighting_command_decode:00000000000001da .L0 
C:\Users\zero6575\AppData\Local\Temp\ccoYQv4f.s:472    .text.lighting_command_decode:00000000000001fa .L0 
C:\Users\zero6575\AppData\Local\Temp\ccoYQv4f.s:476    .text.lighting_command_decode:0000000000000204 .L0 
C:\Users\zero6575\AppData\Local\Temp\ccoYQv4f.s:483    .text.lighting_command_decode:0000000000000216 .L0 
C:\Users\zero6575\AppData\Local\Temp\ccoYQv4f.s:489    .text.lighting_command_decode:0000000000000224 .L0 
C:\Users\zero6575\AppData\Local\Temp\ccoYQv4f.s:497    .text.lighting_command_decode:000000000000023c .L0 
C:\Users\zero6575\AppData\Local\Temp\ccoYQv4f.s:499    .text.lighting_command_decode:000000000000023e .L0 
C:\Users\zero6575\AppData\Local\Temp\ccoYQv4f.s:511    .text.lighting_command_decode:0000000000000264 .L0 
C:\Users\zero6575\AppData\Local\Temp\ccoYQv4f.s:516    .text.lighting_command_decode:0000000000000272 .L0 
C:\Users\zero6575\AppData\Local\Temp\ccoYQv4f.s:526    .text.lighting_command_decode:0000000000000292 .L0 
C:\Users\zero6575\AppData\Local\Temp\ccoYQv4f.s:530    .text.lighting_command_decode:000000000000029c .L0 
C:\Users\zero6575\AppData\Local\Temp\ccoYQv4f.s:537    .text.lighting_command_decode:00000000000002ae .L0 
C:\Users\zero6575\AppData\Local\Temp\ccoYQv4f.s:543    .text.lighting_command_decode:00000000000002bc .L0 
C:\Users\zero6575\AppData\Local\Temp\ccoYQv4f.s:551    .text.lighting_command_decode:00000000000002d4 .L0 
C:\Users\zero6575\AppData\Local\Temp\ccoYQv4f.s:553    .text.lighting_command_decode:00000000000002d6 .L0 
C:\Users\zero6575\AppData\Local\Temp\ccoYQv4f.s:565    .text.lighting_command_decode:00000000000002fc .L0 
C:\Users\zero6575\AppData\Local\Temp\ccoYQv4f.s:570    .text.lighting_command_decode:000000000000030a .L0 
C:\Users\zero6575\AppData\Local\Temp\ccoYQv4f.s:582    .text.lighting_command_decode:0000000000000330 .L0 
C:\Users\zero6575\AppData\Local\Temp\ccoYQv4f.s:586    .text.lighting_command_decode:000000000000033a .L0 
C:\Users\zero6575\AppData\Local\Temp\ccoYQv4f.s:593    .text.lighting_command_decode:000000000000034c .L0 
C:\Users\zero6575\AppData\Local\Temp\ccoYQv4f.s:599    .text.lighting_command_decode:000000000000035a .L0 
C:\Users\zero6575\AppData\Local\Temp\ccoYQv4f.s:607    .text.lighting_command_decode:0000000000000372 .L0 
C:\Users\zero6575\AppData\Local\Temp\ccoYQv4f.s:609    .text.lighting_command_decode:0000000000000374 .L0 
C:\Users\zero6575\AppData\Local\Temp\ccoYQv4f.s:621    .text.lighting_command_decode:000000000000039a .L0 
C:\Users\zero6575\AppData\Local\Temp\ccoYQv4f.s:626    .text.lighting_command_decode:00000000000003a8 .L0 
C:\Users\zero6575\AppData\Local\Temp\ccoYQv4f.s:638    .text.lighting_command_decode:00000000000003ce .L0 
C:\Users\zero6575\AppData\Local\Temp\ccoYQv4f.s:643    .text.lighting_command_decode:00000000000003de .L0 
C:\Users\zero6575\AppData\Local\Temp\ccoYQv4f.s:650    .text.lighting_command_decode:00000000000003f0 .L0 
C:\Users\zero6575\AppData\Local\Temp\ccoYQv4f.s:656    .text.lighting_command_decode:00000000000003fe .L0 
C:\Users\zero6575\AppData\Local\Temp\ccoYQv4f.s:659    .text.lighting_command_decode:0000000000000402 .L0 
C:\Users\zero6575\AppData\Local\Temp\ccoYQv4f.s:661    .text.lighting_command_decode:0000000000000406 .L0 
C:\Users\zero6575\AppData\Local\Temp\ccoYQv4f.s:663    .text.lighting_command_decode:0000000000000408 .L0 
C:\Users\zero6575\AppData\Local\Temp\ccoYQv4f.s:664    .text.lighting_command_decode:0000000000000408 .L0 
C:\Users\zero6575\AppData\Local\Temp\ccoYQv4f.s:666    .text.lighting_command_decode:000000000000040a .L0 
C:\Users\zero6575\AppData\Local\Temp\ccoYQv4f.s:668    .text.lighting_command_decode:000000000000040c .L0 
C:\Users\zero6575\AppData\Local\Temp\ccoYQv4f.s:675    .text.lighting_command_copy:0000000000000000 lighting_command_copy
C:\Users\zero6575\AppData\Local\Temp\ccoYQv4f.s:678    .text.lighting_command_copy:0000000000000000 .L0 
C:\Users\zero6575\AppData\Local\Temp\ccoYQv4f.s:679    .text.lighting_command_copy:0000000000000000 .L0 
C:\Users\zero6575\AppData\Local\Temp\ccoYQv4f.s:680    .text.lighting_command_copy:0000000000000002 .L0 
C:\Users\zero6575\AppData\Local\Temp\ccoYQv4f.s:682    .text.lighting_command_copy:0000000000000004 .L0 
C:\Users\zero6575\AppData\Local\Temp\ccoYQv4f.s:684    .text.lighting_command_copy:0000000000000006 .L0 
C:\Users\zero6575\AppData\Local\Temp\ccoYQv4f.s:688    .text.lighting_command_copy:000000000000000e .L0 
C:\Users\zero6575\AppData\Local\Temp\ccoYQv4f.s:690    .text.lighting_command_copy:0000000000000012 .L0 
C:\Users\zero6575\AppData\Local\Temp\ccoYQv4f.s:693    .text.lighting_command_copy:000000000000001a .L0 
C:\Users\zero6575\AppData\Local\Temp\ccoYQv4f.s:696    .text.lighting_command_copy:0000000000000022 .L0 
C:\Users\zero6575\AppData\Local\Temp\ccoYQv4f.s:699    .text.lighting_command_copy:0000000000000028 .L0 
C:\Users\zero6575\AppData\Local\Temp\ccoYQv4f.s:702    .text.lighting_command_copy:000000000000002e .L0 
C:\Users\zero6575\AppData\Local\Temp\ccoYQv4f.s:707    .text.lighting_command_copy:000000000000003a .L0 
C:\Users\zero6575\AppData\Local\Temp\ccoYQv4f.s:716    .text.lighting_command_copy:0000000000000052 .L0 
C:\Users\zero6575\AppData\Local\Temp\ccoYQv4f.s:722    .text.lighting_command_copy:0000000000000062 .L0 
C:\Users\zero6575\AppData\Local\Temp\ccoYQv4f.s:732    .text.lighting_command_copy:000000000000007c .L0 
C:\Users\zero6575\AppData\Local\Temp\ccoYQv4f.s:738    .text.lighting_command_copy:000000000000008c .L0 
C:\Users\zero6575\AppData\Local\Temp\ccoYQv4f.s:748    .text.lighting_command_copy:00000000000000a6 .L0 
C:\Users\zero6575\AppData\Local\Temp\ccoYQv4f.s:754    .text.lighting_command_copy:00000000000000b6 .L0 
C:\Users\zero6575\AppData\Local\Temp\ccoYQv4f.s:764    .text.lighting_command_copy:00000000000000d0 .L0 
C:\Users\zero6575\AppData\Local\Temp\ccoYQv4f.s:770    .text.lighting_command_copy:00000000000000e0 .L0 
C:\Users\zero6575\AppData\Local\Temp\ccoYQv4f.s:780    .text.lighting_command_copy:00000000000000fa .L0 
C:\Users\zero6575\AppData\Local\Temp\ccoYQv4f.s:783    .text.lighting_command_copy:0000000000000100 .L0 
C:\Users\zero6575\AppData\Local\Temp\ccoYQv4f.s:786    .text.lighting_command_copy:0000000000000106 .L0 
C:\Users\zero6575\AppData\Local\Temp\ccoYQv4f.s:789    .text.lighting_command_copy:000000000000010c .L0 
C:\Users\zero6575\AppData\Local\Temp\ccoYQv4f.s:792    .text.lighting_command_copy:0000000000000112 .L0 
C:\Users\zero6575\AppData\Local\Temp\ccoYQv4f.s:795    .text.lighting_command_copy:0000000000000118 .L0 
C:\Users\zero6575\AppData\Local\Temp\ccoYQv4f.s:798    .text.lighting_command_copy:000000000000011e .L0 
C:\Users\zero6575\AppData\Local\Temp\ccoYQv4f.s:801    .text.lighting_command_copy:0000000000000124 .L0 
C:\Users\zero6575\AppData\Local\Temp\ccoYQv4f.s:804    .text.lighting_command_copy:000000000000012a .L0 
C:\Users\zero6575\AppData\Local\Temp\ccoYQv4f.s:807    .text.lighting_command_copy:0000000000000132 .L0 
C:\Users\zero6575\AppData\Local\Temp\ccoYQv4f.s:810    .text.lighting_command_copy:000000000000013a .L0 
C:\Users\zero6575\AppData\Local\Temp\ccoYQv4f.s:814    .text.lighting_command_copy:0000000000000140 .L0 
C:\Users\zero6575\AppData\Local\Temp\ccoYQv4f.s:816    .text.lighting_command_copy:0000000000000144 .L0 
C:\Users\zero6575\AppData\Local\Temp\ccoYQv4f.s:818    .text.lighting_command_copy:0000000000000148 .L0 
C:\Users\zero6575\AppData\Local\Temp\ccoYQv4f.s:819    .text.lighting_command_copy:0000000000000148 .L0 
C:\Users\zero6575\AppData\Local\Temp\ccoYQv4f.s:821    .text.lighting_command_copy:000000000000014a .L0 
C:\Users\zero6575\AppData\Local\Temp\ccoYQv4f.s:823    .text.lighting_command_copy:000000000000014c .L0 
C:\Users\zero6575\AppData\Local\Temp\ccoYQv4f.s:831    .text.lighting_command_same:0000000000000000 lighting_command_same
C:\Users\zero6575\AppData\Local\Temp\ccoYQv4f.s:834    .text.lighting_command_same:0000000000000000 .L0 
C:\Users\zero6575\AppData\Local\Temp\ccoYQv4f.s:835    .text.lighting_command_same:0000000000000000 .L0 
C:\Users\zero6575\AppData\Local\Temp\ccoYQv4f.s:836    .text.lighting_command_same:0000000000000002 .L0 
C:\Users\zero6575\AppData\Local\Temp\ccoYQv4f.s:839    .text.lighting_command_same:0000000000000006 .L0 
C:\Users\zero6575\AppData\Local\Temp\ccoYQv4f.s:840    .text.lighting_command_same:0000000000000006 .L0 
C:\Users\zero6575\AppData\Local\Temp\ccoYQv4f.s:842    .text.lighting_command_same:0000000000000008 .L0 
C:\Users\zero6575\AppData\Local\Temp\ccoYQv4f.s:846    .text.lighting_command_same:0000000000000010 .L0 
C:\Users\zero6575\AppData\Local\Temp\ccoYQv4f.s:848    .text.lighting_command_same:0000000000000014 .L0 
C:\Users\zero6575\AppData\Local\Temp\ccoYQv4f.s:851    .text.lighting_command_same:000000000000001c .L0 
C:\Users\zero6575\AppData\Local\Temp\ccoYQv4f.s:854    .text.lighting_command_same:0000000000000024 .L0 
C:\Users\zero6575\AppData\Local\Temp\ccoYQv4f.s:857    .text.lighting_command_same:000000000000002a .L0 
C:\Users\zero6575\AppData\Local\Temp\ccoYQv4f.s:860    .text.lighting_command_same:0000000000000030 .L0 
C:\Users\zero6575\AppData\Local\Temp\ccoYQv4f.s:862    .text.lighting_command_same:0000000000000034 .L0 
C:\Users\zero6575\AppData\Local\Temp\ccoYQv4f.s:867    .text.lighting_command_same:0000000000000040 .L0 
C:\Users\zero6575\AppData\Local\Temp\ccoYQv4f.s:872    .text.lighting_command_same:000000000000004c .L0 
C:\Users\zero6575\AppData\Local\Temp\ccoYQv4f.s:874    .text.lighting_command_same:0000000000000050 .L0 
C:\Users\zero6575\AppData\Local\Temp\ccoYQv4f.s:880    .text.lighting_command_same:0000000000000060 .L0 
C:\Users\zero6575\AppData\Local\Temp\ccoYQv4f.s:886    .text.lighting_command_same:0000000000000070 .L0 
C:\Users\zero6575\AppData\Local\Temp\ccoYQv4f.s:888    .text.lighting_command_same:0000000000000074 .L0 
C:\Users\zero6575\AppData\Local\Temp\ccoYQv4f.s:894    .text.lighting_command_same:0000000000000084 .L0 
C:\Users\zero6575\AppData\Local\Temp\ccoYQv4f.s:900    .text.lighting_command_same:0000000000000094 .L0 
C:\Users\zero6575\AppData\Local\Temp\ccoYQv4f.s:902    .text.lighting_command_same:0000000000000098 .L0 
C:\Users\zero6575\AppData\Local\Temp\ccoYQv4f.s:908    .text.lighting_command_same:00000000000000a8 .L0 
C:\Users\zero6575\AppData\Local\Temp\ccoYQv4f.s:914    .text.lighting_command_same:00000000000000b8 .L0 
C:\Users\zero6575\AppData\Local\Temp\ccoYQv4f.s:916    .text.lighting_command_same:00000000000000bc .L0 
C:\Users\zero6575\AppData\Local\Temp\ccoYQv4f.s:922    .text.lighting_command_same:00000000000000cc .L0 
C:\Users\zero6575\AppData\Local\Temp\ccoYQv4f.s:928    .text.lighting_command_same:00000000000000dc .L0 
C:\Users\zero6575\AppData\Local\Temp\ccoYQv4f.s:930    .text.lighting_command_same:00000000000000e0 .L0 
C:\Users\zero6575\AppData\Local\Temp\ccoYQv4f.s:933    .text.lighting_command_same:00000000000000e6 .L0 
C:\Users\zero6575\AppData\Local\Temp\ccoYQv4f.s:938    .text.lighting_command_same:00000000000000f4 .L0 
C:\Users\zero6575\AppData\Local\Temp\ccoYQv4f.s:940    .text.lighting_command_same:00000000000000f6 .L0 
C:\Users\zero6575\AppData\Local\Temp\ccoYQv4f.s:943    .text.lighting_command_same:00000000000000fc .L0 
C:\Users\zero6575\AppData\Local\Temp\ccoYQv4f.s:946    .text.lighting_command_same:0000000000000102 .L0 
C:\Users\zero6575\AppData\Local\Temp\ccoYQv4f.s:953    .text.lighting_command_same:0000000000000112 .L0 
C:\Users\zero6575\AppData\Local\Temp\ccoYQv4f.s:956    .text.lighting_command_same:0000000000000116 .L0 
C:\Users\zero6575\AppData\Local\Temp\ccoYQv4f.s:961    .text.lighting_command_same:0000000000000124 .L0 
C:\Users\zero6575\AppData\Local\Temp\ccoYQv4f.s:963    .text.lighting_command_same:0000000000000126 .L0 
C:\Users\zero6575\AppData\Local\Temp\ccoYQv4f.s:966    .text.lighting_command_same:000000000000012c .L0 
C:\Users\zero6575\AppData\Local\Temp\ccoYQv4f.s:969    .text.lighting_command_same:0000000000000132 .L0 
C:\Users\zero6575\AppData\Local\Temp\ccoYQv4f.s:976    .text.lighting_command_same:0000000000000142 .L0 
C:\Users\zero6575\AppData\Local\Temp\ccoYQv4f.s:979    .text.lighting_command_same:0000000000000146 .L0 
C:\Users\zero6575\AppData\Local\Temp\ccoYQv4f.s:984    .text.lighting_command_same:0000000000000154 .L0 
C:\Users\zero6575\AppData\Local\Temp\ccoYQv4f.s:986    .text.lighting_command_same:0000000000000156 .L0 
C:\Users\zero6575\AppData\Local\Temp\ccoYQv4f.s:989    .text.lighting_command_same:000000000000015c .L0 
C:\Users\zero6575\AppData\Local\Temp\ccoYQv4f.s:992    .text.lighting_command_same:0000000000000162 .L0 
C:\Users\zero6575\AppData\Local\Temp\ccoYQv4f.s:999    .text.lighting_command_same:0000000000000172 .L0 
C:\Users\zero6575\AppData\Local\Temp\ccoYQv4f.s:1002   .text.lighting_command_same:0000000000000176 .L0 
C:\Users\zero6575\AppData\Local\Temp\ccoYQv4f.s:1007   .text.lighting_command_same:0000000000000184 .L0 
C:\Users\zero6575\AppData\Local\Temp\ccoYQv4f.s:1009   .text.lighting_command_same:0000000000000186 .L0 
C:\Users\zero6575\AppData\Local\Temp\ccoYQv4f.s:1012   .text.lighting_command_same:000000000000018c .L0 
C:\Users\zero6575\AppData\Local\Temp\ccoYQv4f.s:1015   .text.lighting_command_same:0000000000000192 .L0 
C:\Users\zero6575\AppData\Local\Temp\ccoYQv4f.s:1017   .text.lighting_command_same:0000000000000196 .L0 
C:\Users\zero6575\AppData\Local\Temp\ccoYQv4f.s:1020   .text.lighting_command_same:000000000000019a .L0 
C:\Users\zero6575\AppData\Local\Temp\ccoYQv4f.s:1025   .text.lighting_command_same:00000000000001a8 .L0 
C:\Users\zero6575\AppData\Local\Temp\ccoYQv4f.s:1027   .text.lighting_command_same:00000000000001aa .L0 
C:\Users\zero6575\AppData\Local\Temp\ccoYQv4f.s:1030   .text.lighting_command_same:00000000000001b2 .L0 
C:\Users\zero6575\AppData\Local\Temp\ccoYQv4f.s:1033   .text.lighting_command_same:00000000000001ba .L0 
C:\Users\zero6575\AppData\Local\Temp\ccoYQv4f.s:1035   .text.lighting_command_same:00000000000001be .L0 
C:\Users\zero6575\AppData\Local\Temp\ccoYQv4f.s:1038   .text.lighting_command_same:00000000000001c2 .L0 
C:\Users\zero6575\AppData\Local\Temp\ccoYQv4f.s:1040   .text.lighting_command_same:00000000000001c6 .L0 
C:\Users\zero6575\AppData\Local\Temp\ccoYQv4f.s:1042   .text.lighting_command_same:00000000000001ca .L0 
C:\Users\zero6575\AppData\Local\Temp\ccoYQv4f.s:1044   .text.lighting_command_same:00000000000001cc .L0 
C:\Users\zero6575\AppData\Local\Temp\ccoYQv4f.s:1045   .text.lighting_command_same:00000000000001cc .L0 
C:\Users\zero6575\AppData\Local\Temp\ccoYQv4f.s:1047   .text.lighting_command_same:00000000000001ce .L0 
C:\Users\zero6575\AppData\Local\Temp\ccoYQv4f.s:1049   .text.lighting_command_same:00000000000001d0 .L0 
C:\Users\zero6575\AppData\Local\Temp\ccoYQv4f.s:197    .text.lighting_command_encode:00000000000001ae .L0 
C:\Users\zero6575\AppData\Local\Temp\ccoYQv4f.s:275    .text.lighting_command_encode_context:000000000000009e .L0 
C:\Users\zero6575\AppData\Local\Temp\ccoYQv4f.s:671    .text.lighting_command_decode:000000000000040c .L0 
C:\Users\zero6575\AppData\Local\Temp\ccoYQv4f.s:827    .text.lighting_command_copy:000000000000014c .L0 
C:\Users\zero6575\AppData\Local\Temp\ccoYQv4f.s:1052   .text.lighting_command_same:00000000000001d0 .L0 
                     .debug_frame:0000000000000000 .L0 
C:\Users\zero6575\AppData\Local\Temp\ccoYQv4f.s:181    .text.lighting_command_encode:00000000000001a0 .L2
C:\Users\zero6575\AppData\Local\Temp\ccoYQv4f.s:78     .text.lighting_command_encode:0000000000000094 .L3
C:\Users\zero6575\AppData\Local\Temp\ccoYQv4f.s:103    .text.lighting_command_encode:00000000000000d6 .L4
C:\Users\zero6575\AppData\Local\Temp\ccoYQv4f.s:128    .text.lighting_command_encode:0000000000000118 .L5
C:\Users\zero6575\AppData\Local\Temp\ccoYQv4f.s:153    .text.lighting_command_encode:000000000000015a .L6
C:\Users\zero6575\AppData\Local\Temp\ccoYQv4f.s:654    .text.lighting_command_decode:00000000000003fe .L11
C:\Users\zero6575\AppData\Local\Temp\ccoYQv4f.s:331    .text.lighting_command_decode:000000000000006a .L12
C:\Users\zero6575\AppData\Local\Temp\ccoYQv4f.s:657    .text.lighting_command_decode:0000000000000402 .L24
C:\Users\zero6575\AppData\Local\Temp\ccoYQv4f.s:369    .text.lighting_command_decode:00000000000000d8 .L14
C:\Users\zero6575\AppData\Local\Temp\ccoYQv4f.s:427    .text.lighting_command_decode:000000000000017e .L15
C:\Users\zero6575\AppData\Local\Temp\ccoYQv4f.s:433    .text.lighting_command_decode:000000000000018c .L16
C:\Users\zero6575\AppData\Local\Temp\ccoYQv4f.s:481    .text.lighting_command_decode:0000000000000216 .L17
C:\Users\zero6575\AppData\Local\Temp\ccoYQv4f.s:487    .text.lighting_command_decode:0000000000000224 .L18
C:\Users\zero6575\AppData\Local\Temp\ccoYQv4f.s:535    .text.lighting_command_decode:00000000000002ae .L19
C:\Users\zero6575\AppData\Local\Temp\ccoYQv4f.s:541    .text.lighting_command_decode:00000000000002bc .L20
C:\Users\zero6575\AppData\Local\Temp\ccoYQv4f.s:591    .text.lighting_command_decode:000000000000034c .L21
C:\Users\zero6575\AppData\Local\Temp\ccoYQv4f.s:597    .text.lighting_command_decode:000000000000035a .L22
C:\Users\zero6575\AppData\Local\Temp\ccoYQv4f.s:648    .text.lighting_command_decode:00000000000003f0 .L23
C:\Users\zero6575\AppData\Local\Temp\ccoYQv4f.s:812    .text.lighting_command_copy:0000000000000140 .L26
C:\Users\zero6575\AppData\Local\Temp\ccoYQv4f.s:1036   .text.lighting_command_same:00000000000001c2 .L29
C:\Users\zero6575\AppData\Local\Temp\ccoYQv4f.s:954    .text.lighting_command_same:0000000000000116 .L30
C:\Users\zero6575\AppData\Local\Temp\ccoYQv4f.s:977    .text.lighting_command_same:0000000000000146 .L32
C:\Users\zero6575\AppData\Local\Temp\ccoYQv4f.s:1000   .text.lighting_command_same:0000000000000176 .L34
C:\Users\zero6575\AppData\Local\Temp\ccoYQv4f.s:1018   .text.lighting_command_same:000000000000019a .L36
C:\Users\zero6575\AppData\Local\Temp\ccoYQv4f.s:2739   .debug_abbrev:0000000000000000 .Ldebug_abbrev0
C:\Users\zero6575\AppData\Local\Temp\ccoYQv4f.s:8452   .debug_str:00000000000035ba .LASF1302
C:\Users\zero6575\AppData\Local\Temp\ccoYQv4f.s:9534   .debug_str:00000000000071e4 .LASF1303
C:\Users\zero6575\AppData\Local\Temp\ccoYQv4f.s:8134   .debug_str:0000000000002242 .LASF1304
C:\Users\zero6575\AppData\Local\Temp\ccoYQv4f.s:3421   .debug_ranges:0000000000000000 .Ldebug_ranges0
C:\Users\zero6575\AppData\Local\Temp\ccoYQv4f.s:7518   .debug_line:0000000000000000 .Ldebug_line0
C:\Users\zero6575\AppData\Local\Temp\ccoYQv4f.s:3435   .debug_macro:0000000000000000 .Ldebug_macro0
C:\Users\zero6575\AppData\Local\Temp\ccoYQv4f.s:8932   .debug_str:000000000000506a .LASF1131
C:\Users\zero6575\AppData\Local\Temp\ccoYQv4f.s:7568   .debug_str:00000000000002ca .LASF1135
C:\Users\zero6575\AppData\Local\Temp\ccoYQv4f.s:7828   .debug_str:0000000000001059 .LASF1132
C:\Users\zero6575\AppData\Local\Temp\ccoYQv4f.s:10082  .debug_str:0000000000008fba .LASF1133
C:\Users\zero6575\AppData\Local\Temp\ccoYQv4f.s:8928   .debug_str:0000000000005041 .LASF1134
C:\Users\zero6575\AppData\Local\Temp\ccoYQv4f.s:9568   .debug_str:00000000000073a7 .LASF1136
C:\Users\zero6575\AppData\Local\Temp\ccoYQv4f.s:10050  .debug_str:0000000000008d8c .LASF1137
C:\Users\zero6575\AppData\Local\Temp\ccoYQv4f.s:9118   .debug_str:0000000000005a73 .LASF1138
C:\Users\zero6575\AppData\Local\Temp\ccoYQv4f.s:9248   .debug_str:00000000000061b5 .LASF1139
C:\Users\zero6575\AppData\Local\Temp\ccoYQv4f.s:8464   .debug_str:00000000000036e2 .LASF1140
C:\Users\zero6575\AppData\Local\Temp\ccoYQv4f.s:9202   .debug_str:0000000000005f58 .LASF1141
C:\Users\zero6575\AppData\Local\Temp\ccoYQv4f.s:9896   .debug_str:00000000000084ab .LASF1142
C:\Users\zero6575\AppData\Local\Temp\ccoYQv4f.s:9224   .debug_str:0000000000006040 .LASF1143
C:\Users\zero6575\AppData\Local\Temp\ccoYQv4f.s:8544   .debug_str:0000000000003b25 .LASF1144
C:\Users\zero6575\AppData\Local\Temp\ccoYQv4f.s:8434   .debug_str:00000000000034c9 .LASF1145
C:\Users\zero6575\AppData\Local\Temp\ccoYQv4f.s:9502   .debug_str:00000000000070bc .LASF1146
C:\Users\zero6575\AppData\Local\Temp\ccoYQv4f.s:8816   .debug_str:00000000000049f1 .LASF1147
C:\Users\zero6575\AppData\Local\Temp\ccoYQv4f.s:9076   .debug_str:00000000000057f4 .LASF1148
C:\Users\zero6575\AppData\Local\Temp\ccoYQv4f.s:8528   .debug_str:0000000000003a90 .LASF1149
C:\Users\zero6575\AppData\Local\Temp\ccoYQv4f.s:8462   .debug_str:00000000000036da .LASF1150
C:\Users\zero6575\AppData\Local\Temp\ccoYQv4f.s:9584   .debug_str:000000000000743d .LASF1151
C:\Users\zero6575\AppData\Local\Temp\ccoYQv4f.s:9538   .debug_str:0000000000007220 .LASF1152
C:\Users\zero6575\AppData\Local\Temp\ccoYQv4f.s:8830   .debug_str:0000000000004a64 .LASF1153
C:\Users\zero6575\AppData\Local\Temp\ccoYQv4f.s:9102   .debug_str:000000000000596e .LASF1154
C:\Users\zero6575\AppData\Local\Temp\ccoYQv4f.s:9838   .debug_str:00000000000081db .LASF1155
C:\Users\zero6575\AppData\Local\Temp\ccoYQv4f.s:9352   .debug_str:0000000000006817 .LASF1160
C:\Users\zero6575\AppData\Local\Temp\ccoYQv4f.s:8642   .debug_str:000000000000404d .LASF1156
C:\Users\zero6575\AppData\Local\Temp\ccoYQv4f.s:9206   .debug_str:0000000000005f6b .LASF1157
C:\Users\zero6575\AppData\Local\Temp\ccoYQv4f.s:10014  .debug_str:0000000000008bd4 .LASF1158
C:\Users\zero6575\AppData\Local\Temp\ccoYQv4f.s:8160   .debug_str:00000000000024e5 .LASF1159
C:\Users\zero6575\AppData\Local\Temp\ccoYQv4f.s:8012   .debug_str:0000000000001c4c .LASF1161
C:\Users\zero6575\AppData\Local\Temp\ccoYQv4f.s:8726   .debug_str:00000000000044a4 .LASF1162
C:\Users\zero6575\AppData\Local\Temp\ccoYQv4f.s:10016  .debug_str:0000000000008bda .LASF1163
C:\Users\zero6575\AppData\Local\Temp\ccoYQv4f.s:8532   .debug_str:0000000000003aa6 .LASF1164
C:\Users\zero6575\AppData\Local\Temp\ccoYQv4f.s:8582   .debug_str:0000000000003cfd .LASF1165
C:\Users\zero6575\AppData\Local\Temp\ccoYQv4f.s:7628   .debug_str:00000000000005df .LASF1166
C:\Users\zero6575\AppData\Local\Temp\ccoYQv4f.s:8278   .debug_str:0000000000002ba3 .LASF1167
C:\Users\zero6575\AppData\Local\Temp\ccoYQv4f.s:8122   .debug_str:00000000000021c2 .LASF1168
C:\Users\zero6575\AppData\Local\Temp\ccoYQv4f.s:8032   .debug_str:0000000000001d31 .LASF1169
C:\Users\zero6575\AppData\Local\Temp\ccoYQv4f.s:8124   .debug_str:00000000000021cc .LASF1170
C:\Users\zero6575\AppData\Local\Temp\ccoYQv4f.s:8734   .debug_str:0000000000004528 .LASF1171
C:\Users\zero6575\AppData\Local\Temp\ccoYQv4f.s:8600   .debug_str:0000000000003df1 .LASF1172
C:\Users\zero6575\AppData\Local\Temp\ccoYQv4f.s:8106   .debug_str:00000000000020e9 .LASF1173
C:\Users\zero6575\AppData\Local\Temp\ccoYQv4f.s:7632   .debug_str:00000000000005f9 .LASF1174
C:\Users\zero6575\AppData\Local\Temp\ccoYQv4f.s:9590   .debug_str:000000000000748b .LASF1175
C:\Users\zero6575\AppData\Local\Temp\ccoYQv4f.s:7594   .debug_str:0000000000000452 .LASF1176
C:\Users\zero6575\AppData\Local\Temp\ccoYQv4f.s:7646   .debug_str:000000000000065c .LASF1177
C:\Users\zero6575\AppData\Local\Temp\ccoYQv4f.s:9522   .debug_str:000000000000717c .LASF1178
C:\Users\zero6575\AppData\Local\Temp\ccoYQv4f.s:7520   .debug_str:0000000000000000 .LASF1179
C:\Users\zero6575\AppData\Local\Temp\ccoYQv4f.s:9024   .debug_str:00000000000054c4 .LASF1180
C:\Users\zero6575\AppData\Local\Temp\ccoYQv4f.s:7976   .debug_str:0000000000001a09 .LASF1181
C:\Users\zero6575\AppData\Local\Temp\ccoYQv4f.s:8198   .debug_str:00000000000026f3 .LASF1182
C:\Users\zero6575\AppData\Local\Temp\ccoYQv4f.s:7812   .debug_str:0000000000000f71 .LASF1183
C:\Users\zero6575\AppData\Local\Temp\ccoYQv4f.s:7678   .debug_str:0000000000000824 .LASF1184
C:\Users\zero6575\AppData\Local\Temp\ccoYQv4f.s:9504   .debug_str:00000000000070c4 .LASF1185
C:\Users\zero6575\AppData\Local\Temp\ccoYQv4f.s:7868   .debug_str:00000000000012ca .LASF1186
C:\Users\zero6575\AppData\Local\Temp\ccoYQv4f.s:7912   .debug_str:000000000000176c .LASF1187
C:\Users\zero6575\AppData\Local\Temp\ccoYQv4f.s:7950   .debug_str:0000000000001918 .LASF1188
C:\Users\zero6575\AppData\Local\Temp\ccoYQv4f.s:8572   .debug_str:0000000000003cab .LASF1189
C:\Users\zero6575\AppData\Local\Temp\ccoYQv4f.s:8354   .debug_str:0000000000003086 .LASF1190
C:\Users\zero6575\AppData\Local\Temp\ccoYQv4f.s:8136   .debug_str:00000000000022a4 .LASF1191
C:\Users\zero6575\AppData\Local\Temp\ccoYQv4f.s:8100   .debug_str:00000000000020bb .LASF1192
C:\Users\zero6575\AppData\Local\Temp\ccoYQv4f.s:7644   .debug_str:0000000000000657 .LASF1193
C:\Users\zero6575\AppData\Local\Temp\ccoYQv4f.s:9178   .debug_str:0000000000005ded .LASF1194
C:\Users\zero6575\AppData\Local\Temp\ccoYQv4f.s:9812   .debug_str:0000000000008080 .LASF1195
C:\Users\zero6575\AppData\Local\Temp\ccoYQv4f.s:9792   .debug_str:0000000000007f4d .LASF1196
C:\Users\zero6575\AppData\Local\Temp\ccoYQv4f.s:9926   .debug_str:000000000000864f .LASF1197
C:\Users\zero6575\AppData\Local\Temp\ccoYQv4f.s:9480   .debug_str:0000000000006f87 .LASF1198
C:\Users\zero6575\AppData\Local\Temp\ccoYQv4f.s:9734   .debug_str:0000000000007c2e .LASF1199
C:\Users\zero6575\AppData\Local\Temp\ccoYQv4f.s:7700   .debug_str:00000000000009d3 .LASF1200
C:\Users\zero6575\AppData\Local\Temp\ccoYQv4f.s:8488   .debug_str:000000000000389b .LASF1201
C:\Users\zero6575\AppData\Local\Temp\ccoYQv4f.s:10054  .debug_str:0000000000008dc3 .LASF1202
C:\Users\zero6575\AppData\Local\Temp\ccoYQv4f.s:8456   .debug_str:0000000000003694 .LASF1203
C:\Users\zero6575\AppData\Local\Temp\ccoYQv4f.s:9068   .debug_str:00000000000057b4 .LASF1204
C:\Users\zero6575\AppData\Local\Temp\ccoYQv4f.s:7708   .debug_str:0000000000000a0a .LASF1205
C:\Users\zero6575\AppData\Local\Temp\ccoYQv4f.s:9472   .debug_str:0000000000006f36 .LASF1206
C:\Users\zero6575\AppData\Local\Temp\ccoYQv4f.s:7968   .debug_str:00000000000019be .LASF1207
C:\Users\zero6575\AppData\Local\Temp\ccoYQv4f.s:8164   .debug_str:0000000000002523 .LASF1208
C:\Users\zero6575\AppData\Local\Temp\ccoYQv4f.s:8650   .debug_str:00000000000040a9 .LASF1209
C:\Users\zero6575\AppData\Local\Temp\ccoYQv4f.s:9518   .debug_str:0000000000007169 .LASF1210
C:\Users\zero6575\AppData\Local\Temp\ccoYQv4f.s:8662   .debug_str:0000000000004109 .LASF1211
C:\Users\zero6575\AppData\Local\Temp\ccoYQv4f.s:10094  .debug_str:0000000000009031 .LASF1212
C:\Users\zero6575\AppData\Local\Temp\ccoYQv4f.s:8220   .debug_str:0000000000002855 .LASF1213
C:\Users\zero6575\AppData\Local\Temp\ccoYQv4f.s:8904   .debug_str:0000000000004e85 .LASF1214
C:\Users\zero6575\AppData\Local\Temp\ccoYQv4f.s:9296   .debug_str:0000000000006474 .LASF1215
C:\Users\zero6575\AppData\Local\Temp\ccoYQv4f.s:9464   .debug_str:0000000000006ef0 .LASF1216
C:\Users\zero6575\AppData\Local\Temp\ccoYQv4f.s:7748   .debug_str:0000000000000c18 .LASF1217
C:\Users\zero6575\AppData\Local\Temp\ccoYQv4f.s:9458   .debug_str:0000000000006eb8 .LASF1218
C:\Users\zero6575\AppData\Local\Temp\ccoYQv4f.s:8996   .debug_str:0000000000005308 .LASF1219
C:\Users\zero6575\AppData\Local\Temp\ccoYQv4f.s:7746   .debug_str:0000000000000c12 .LASF1220
C:\Users\zero6575\AppData\Local\Temp\ccoYQv4f.s:7590   .debug_str:000000000000043b .LASF1221
C:\Users\zero6575\AppData\Local\Temp\ccoYQv4f.s:9904   .debug_str:000000000000852f .LASF1222
C:\Users\zero6575\AppData\Local\Temp\ccoYQv4f.s:9298   .debug_str:000000000000647b .LASF386
C:\Users\zero6575\AppData\Local\Temp\ccoYQv4f.s:10006  .debug_str:0000000000008b9e .LASF1223
C:\Users\zero6575\AppData\Local\Temp\ccoYQv4f.s:9302   .debug_str:0000000000006528 .LASF1224
C:\Users\zero6575\AppData\Local\Temp\ccoYQv4f.s:8560   .debug_str:0000000000003c1f .LASF1225
C:\Users\zero6575\AppData\Local\Temp\ccoYQv4f.s:9176   .debug_str:0000000000005de7 .LASF1226
C:\Users\zero6575\AppData\Local\Temp\ccoYQv4f.s:10104  .debug_str:0000000000009088 .LASF1227
C:\Users\zero6575\AppData\Local\Temp\ccoYQv4f.s:8902   .debug_str:0000000000004e7f .LASF1228
C:\Users\zero6575\AppData\Local\Temp\ccoYQv4f.s:8298   .debug_str:0000000000002d4e .LASF1229
C:\Users\zero6575\AppData\Local\Temp\ccoYQv4f.s:7810   .debug_str:0000000000000f6c .LASF1230
C:\Users\zero6575\AppData\Local\Temp\ccoYQv4f.s:9192   .debug_str:0000000000005e5d .LASF1231
C:\Users\zero6575\AppData\Local\Temp\ccoYQv4f.s:9712   .debug_str:0000000000007b1d .LASF1232
C:\Users\zero6575\AppData\Local\Temp\ccoYQv4f.s:9596   .debug_str:00000000000074ba .LASF1233
C:\Users\zero6575\AppData\Local\Temp\ccoYQv4f.s:8102   .debug_str:00000000000020c3 .LASF1234
C:\Users\zero6575\AppData\Local\Temp\ccoYQv4f.s:8096   .debug_str:00000000000020a0 .LASF1235
C:\Users\zero6575\AppData\Local\Temp\ccoYQv4f.s:9610   .debug_str:0000000000007569 .LASF1236
C:\Users\zero6575\AppData\Local\Temp\ccoYQv4f.s:8972   .debug_str:000000000000521c .LASF1237
C:\Users\zero6575\AppData\Local\Temp\ccoYQv4f.s:9356   .debug_str:0000000000006847 .LASF1238
C:\Users\zero6575\AppData\Local\Temp\ccoYQv4f.s:8866   .debug_str:0000000000004ca2 .LASF1239
C:\Users\zero6575\AppData\Local\Temp\ccoYQv4f.s:9470   .debug_str:0000000000006f29 .LASF1240
C:\Users\zero6575\AppData\Local\Temp\ccoYQv4f.s:9134   .debug_str:0000000000005b3e .LASF1241
C:\Users\zero6575\AppData\Local\Temp\ccoYQv4f.s:7984   .debug_str:0000000000001a83 .LASF1242
C:\Users\zero6575\AppData\Local\Temp\ccoYQv4f.s:9032   .debug_str:00000000000054fc .LASF1243
C:\Users\zero6575\AppData\Local\Temp\ccoYQv4f.s:9402   .debug_str:0000000000006ab2 .LASF1244
C:\Users\zero6575\AppData\Local\Temp\ccoYQv4f.s:8322   .debug_str:0000000000002e40 .LASF1245
C:\Users\zero6575\AppData\Local\Temp\ccoYQv4f.s:8530   .debug_str:0000000000003a97 .LASF1246
C:\Users\zero6575\AppData\Local\Temp\ccoYQv4f.s:8156   .debug_str:00000000000024be .LASF1247
C:\Users\zero6575\AppData\Local\Temp\ccoYQv4f.s:8762   .debug_str:000000000000469e .LASF1248
C:\Users\zero6575\AppData\Local\Temp\ccoYQv4f.s:9088   .debug_str:00000000000058b2 .LASF1249
C:\Users\zero6575\AppData\Local\Temp\ccoYQv4f.s:9474   .debug_str:0000000000006f3e .LASF1305
C:\Users\zero6575\AppData\Local\Temp\ccoYQv4f.s:8182   .debug_str:0000000000002603 .LASF1250
C:\Users\zero6575\AppData\Local\Temp\ccoYQv4f.s:9846   .debug_str:0000000000008214 .LASF1251
C:\Users\zero6575\AppData\Local\Temp\ccoYQv4f.s:9794   .debug_str:0000000000007f66 .LASF1252
C:\Users\zero6575\AppData\Local\Temp\ccoYQv4f.s:9454   .debug_str:0000000000006e9e .LASF1253
C:\Users\zero6575\AppData\Local\Temp\ccoYQv4f.s:9786   .debug_str:0000000000007f0a .LASF1254
C:\Users\zero6575\AppData\Local\Temp\ccoYQv4f.s:7640   .debug_str:000000000000063c .LASF1255
C:\Users\zero6575\AppData\Local\Temp\ccoYQv4f.s:9232   .debug_str:000000000000608e .LASF1256
C:\Users\zero6575\AppData\Local\Temp\ccoYQv4f.s:8146   .debug_str:0000000000002452 .LASF1257
C:\Users\zero6575\AppData\Local\Temp\ccoYQv4f.s:9136   .debug_str:0000000000005b4c .LASF1306
C:\Users\zero6575\AppData\Local\Temp\ccoYQv4f.s:8170   .debug_str:0000000000002544 .LASF1258
C:\Users\zero6575\AppData\Local\Temp\ccoYQv4f.s:8292   .debug_str:0000000000002c9f .LASF1259
C:\Users\zero6575\AppData\Local\Temp\ccoYQv4f.s:10092  .debug_str:000000000000901b .LASF1260
C:\Users\zero6575\AppData\Local\Temp\ccoYQv4f.s:7636   .debug_str:000000000000061a .LASF1261
C:\Users\zero6575\AppData\Local\Temp\ccoYQv4f.s:8564   .debug_str:0000000000003c3c .LASF1262
C:\Users\zero6575\AppData\Local\Temp\ccoYQv4f.s:10020  .debug_str:0000000000008bf6 .LASF1263
C:\Users\zero6575\AppData\Local\Temp\ccoYQv4f.s:9774   .debug_str:0000000000007e59 .LASF1264
C:\Users\zero6575\AppData\Local\Temp\ccoYQv4f.s:8310   .debug_str:0000000000002dd2 .LASF1265
C:\Users\zero6575\AppData\Local\Temp\ccoYQv4f.s:9716   .debug_str:0000000000007b47 .LASF1266
C:\Users\zero6575\AppData\Local\Temp\ccoYQv4f.s:9148   .debug_str:0000000000005c08 .LASF1267
C:\Users\zero6575\AppData\Local\Temp\ccoYQv4f.s:7958   .debug_str:000000000000196e .LASF1268
C:\Users\zero6575\AppData\Local\Temp\ccoYQv4f.s:10060  .debug_str:0000000000008e31 .LASF1269
C:\Users\zero6575\AppData\Local\Temp\ccoYQv4f.s:9186   .debug_str:0000000000005e21 .LASF1270
C:\Users\zero6575\AppData\Local\Temp\ccoYQv4f.s:9446   .debug_str:0000000000006db3 .LASF1271
C:\Users\zero6575\AppData\Local\Temp\ccoYQv4f.s:9830   .debug_str:0000000000008171 .LASF1272
C:\Users\zero6575\AppData\Local\Temp\ccoYQv4f.s:8562   .debug_str:0000000000003c26 .LASF1273
C:\Users\zero6575\AppData\Local\Temp\ccoYQv4f.s:9072   .debug_str:00000000000057cc .LASF1274
C:\Users\zero6575\AppData\Local\Temp\ccoYQv4f.s:9524   .debug_str:0000000000007181 .LASF1275
C:\Users\zero6575\AppData\Local\Temp\ccoYQv4f.s:8978   .debug_str:0000000000005264 .LASF1276
C:\Users\zero6575\AppData\Local\Temp\ccoYQv4f.s:9990   .debug_str:0000000000008ae7 .LASF1277
C:\Users\zero6575\AppData\Local\Temp\ccoYQv4f.s:8534   .debug_str:0000000000003ab0 .LASF1278
C:\Users\zero6575\AppData\Local\Temp\ccoYQv4f.s:8396   .debug_str:0000000000003319 .LASF1279
C:\Users\zero6575\AppData\Local\Temp\ccoYQv4f.s:8270   .debug_str:0000000000002b26 .LASF1280
C:\Users\zero6575\AppData\Local\Temp\ccoYQv4f.s:9706   .debug_str:0000000000007ad6 .LASF1281
C:\Users\zero6575\AppData\Local\Temp\ccoYQv4f.s:8320   .debug_str:0000000000002e31 .LASF1282
C:\Users\zero6575\AppData\Local\Temp\ccoYQv4f.s:9944   .debug_str:000000000000875b .LASF1283
C:\Users\zero6575\AppData\Local\Temp\ccoYQv4f.s:7842   .debug_str:000000000000113c .LASF1284
C:\Users\zero6575\AppData\Local\Temp\ccoYQv4f.s:7580   .debug_str:00000000000003d4 .LASF1285
C:\Users\zero6575\AppData\Local\Temp\ccoYQv4f.s:8166   .debug_str:0000000000002529 .LASF1286
C:\Users\zero6575\AppData\Local\Temp\ccoYQv4f.s:8790   .debug_str:000000000000485f .LASF1287
C:\Users\zero6575\AppData\Local\Temp\ccoYQv4f.s:9146   .debug_str:0000000000005bf2 .LASF1288
C:\Users\zero6575\AppData\Local\Temp\ccoYQv4f.s:832    .text.lighting_command_same:0000000000000000 .LFB8
C:\Users\zero6575\AppData\Local\Temp\ccoYQv4f.s:1050   .text.lighting_command_same:00000000000001d0 .LFE8
C:\Users\zero6575\AppData\Local\Temp\ccoYQv4f.s:8962   .debug_str:00000000000051b8 .LASF1290
C:\Users\zero6575\AppData\Local\Temp\ccoYQv4f.s:8326   .debug_str:0000000000002e75 .LASF1289
C:\Users\zero6575\AppData\Local\Temp\ccoYQv4f.s:676    .text.lighting_command_copy:0000000000000000 .LFB7
C:\Users\zero6575\AppData\Local\Temp\ccoYQv4f.s:824    .text.lighting_command_copy:000000000000014c .LFE7
C:\Users\zero6575\AppData\Local\Temp\ccoYQv4f.s:8850   .debug_str:0000000000004b86 .LASF1291
C:\Users\zero6575\AppData\Local\Temp\ccoYQv4f.s:280    .text.lighting_command_decode:0000000000000000 .LFB6
C:\Users\zero6575\AppData\Local\Temp\ccoYQv4f.s:669    .text.lighting_command_decode:000000000000040c .LFE6
C:\Users\zero6575\AppData\Local\Temp\ccoYQv4f.s:8822   .debug_str:0000000000004a1d .LASF1292
C:\Users\zero6575\AppData\Local\Temp\ccoYQv4f.s:9850   .debug_str:0000000000008239 .LASF1293
C:\Users\zero6575\AppData\Local\Temp\ccoYQv4f.s:9576   .debug_str:00000000000073fa .LASF1294
C:\Users\zero6575\AppData\Local\Temp\ccoYQv4f.s:8678   .debug_str:00000000000041df .LASF1295
C:\Users\zero6575\AppData\Local\Temp\ccoYQv4f.s:8574   .debug_str:0000000000003cb2 .LASF1296
C:\Users\zero6575\AppData\Local\Temp\ccoYQv4f.s:8630   .debug_str:0000000000003fcf .LASF1297
C:\Users\zero6575\AppData\Local\Temp\ccoYQv4f.s:8654   .debug_str:00000000000040c7 .LASF1298
C:\Users\zero6575\AppData\Local\Temp\ccoYQv4f.s:9924   .debug_str:0000000000008644 .LASF1299
C:\Users\zero6575\AppData\Local\Temp\ccoYQv4f.s:9730   .debug_str:0000000000007bf4 .LASF1300
C:\Users\zero6575\AppData\Local\Temp\ccoYQv4f.s:202    .text.lighting_command_encode_context:0000000000000000 .LFB5
C:\Users\zero6575\AppData\Local\Temp\ccoYQv4f.s:273    .text.lighting_command_encode_context:000000000000009e .LFE5
C:\Users\zero6575\AppData\Local\Temp\ccoYQv4f.s:8628   .debug_str:0000000000003fc9 .LASF1301
C:\Users\zero6575\AppData\Local\Temp\ccoYQv4f.s:8348   .debug_str:0000000000002f8b .LASF1307
C:\Users\zero6575\AppData\Local\Temp\ccoYQv4f.s:14     .text.lighting_command_encode:0000000000000000 .LFB4
C:\Users\zero6575\AppData\Local\Temp\ccoYQv4f.s:195    .text.lighting_command_encode:00000000000001ae .LFE4
C:\Users\zero6575\AppData\Local\Temp\ccoYQv4f.s:1065   .debug_info:0000000000000000 .Ldebug_info0
C:\Users\zero6575\AppData\Local\Temp\ccoYQv4f.s:3922   .debug_macro:0000000000000000 .Ldebug_macro2
C:\Users\zero6575\AppData\Local\Temp\ccoYQv4f.s:9520   .debug_str:0000000000007171 .LASF342
C:\Users\zero6575\AppData\Local\Temp\ccoYQv4f.s:9408   .debug_str:0000000000006aff .LASF343
C:\Users\zero6575\AppData\Local\Temp\ccoYQv4f.s:9586   .debug_str:0000000000007445 .LASF344
C:\Users\zero6575\AppData\Local\Temp\ccoYQv4f.s:4953   .debug_macro:0000000000000000 .Ldebug_macro3
C:\Users\zero6575\AppData\Local\Temp\ccoYQv4f.s:4973   .debug_macro:0000000000000000 .Ldebug_macro4
C:\Users\zero6575\AppData\Local\Temp\ccoYQv4f.s:5038   .debug_macro:0000000000000000 .Ldebug_macro5
C:\Users\zero6575\AppData\Local\Temp\ccoYQv4f.s:5079   .debug_macro:0000000000000000 .Ldebug_macro6
C:\Users\zero6575\AppData\Local\Temp\ccoYQv4f.s:5201   .debug_macro:0000000000000000 .Ldebug_macro7
C:\Users\zero6575\AppData\Local\Temp\ccoYQv4f.s:5257   .debug_macro:0000000000000000 .Ldebug_macro8
C:\Users\zero6575\AppData\Local\Temp\ccoYQv4f.s:8556   .debug_str:0000000000003c01 .LASF498
C:\Users\zero6575\AppData\Local\Temp\ccoYQv4f.s:5469   .debug_macro:0000000000000000 .Ldebug_macro9
C:\Users\zero6575\AppData\Local\Temp\ccoYQv4f.s:8976   .debug_str:0000000000005258 .LASF504
C:\Users\zero6575\AppData\Local\Temp\ccoYQv4f.s:7888   .debug_str:0000000000001645 .LASF505
C:\Users\zero6575\AppData\Local\Temp\ccoYQv4f.s:5489   .debug_macro:0000000000000000 .Ldebug_macro10
C:\Users\zero6575\AppData\Local\Temp\ccoYQv4f.s:9120   .debug_str:0000000000005a7c .LASF516
C:\Users\zero6575\AppData\Local\Temp\ccoYQv4f.s:5524   .debug_macro:0000000000000000 .Ldebug_macro11
C:\Users\zero6575\AppData\Local\Temp\ccoYQv4f.s:5538   .debug_macro:0000000000000000 .Ldebug_macro12
C:\Users\zero6575\AppData\Local\Temp\ccoYQv4f.s:5567   .debug_macro:0000000000000000 .Ldebug_macro13
C:\Users\zero6575\AppData\Local\Temp\ccoYQv4f.s:8144   .debug_str:0000000000002443 .LASF536
C:\Users\zero6575\AppData\Local\Temp\ccoYQv4f.s:5596   .debug_macro:0000000000000000 .Ldebug_macro14
C:\Users\zero6575\AppData\Local\Temp\ccoYQv4f.s:5760   .debug_macro:0000000000000000 .Ldebug_macro15
C:\Users\zero6575\AppData\Local\Temp\ccoYQv4f.s:5774   .debug_macro:0000000000000000 .Ldebug_macro16
C:\Users\zero6575\AppData\Local\Temp\ccoYQv4f.s:10084  .debug_str:0000000000008fc4 .LASF595
C:\Users\zero6575\AppData\Local\Temp\ccoYQv4f.s:5806   .debug_macro:0000000000000000 .Ldebug_macro17
C:\Users\zero6575\AppData\Local\Temp\ccoYQv4f.s:5832   .debug_macro:0000000000000000 .Ldebug_macro18
C:\Users\zero6575\AppData\Local\Temp\ccoYQv4f.s:5843   .debug_macro:0000000000000000 .Ldebug_macro19
C:\Users\zero6575\AppData\Local\Temp\ccoYQv4f.s:5887   .debug_macro:0000000000000000 .Ldebug_macro20
C:\Users\zero6575\AppData\Local\Temp\ccoYQv4f.s:9382   .debug_str:00000000000069cc .LASF675
C:\Users\zero6575\AppData\Local\Temp\ccoYQv4f.s:6066   .debug_macro:0000000000000000 .Ldebug_macro21
C:\Users\zero6575\AppData\Local\Temp\ccoYQv4f.s:6434   .debug_macro:0000000000000000 .Ldebug_macro22
C:\Users\zero6575\AppData\Local\Temp\ccoYQv4f.s:6445   .debug_macro:0000000000000000 .Ldebug_macro23
C:\Users\zero6575\AppData\Local\Temp\ccoYQv4f.s:8466   .debug_str:00000000000036ea .LASF798
C:\Users\zero6575\AppData\Local\Temp\ccoYQv4f.s:9886   .debug_str:0000000000008434 .LASF799
C:\Users\zero6575\AppData\Local\Temp\ccoYQv4f.s:8184   .debug_str:0000000000002613 .LASF800
C:\Users\zero6575\AppData\Local\Temp\ccoYQv4f.s:6471   .debug_macro:0000000000000000 .Ldebug_macro24
C:\Users\zero6575\AppData\Local\Temp\ccoYQv4f.s:8304   .debug_str:0000000000002d7a .LASF803
C:\Users\zero6575\AppData\Local\Temp\ccoYQv4f.s:6488   .debug_macro:0000000000000000 .Ldebug_macro25
C:\Users\zero6575\AppData\Local\Temp\ccoYQv4f.s:8420   .debug_str:0000000000003443 .LASF806
C:\Users\zero6575\AppData\Local\Temp\ccoYQv4f.s:6499   .debug_macro:0000000000000000 .Ldebug_macro26
C:\Users\zero6575\AppData\Local\Temp\ccoYQv4f.s:9294   .debug_str:000000000000645e .LASF809
C:\Users\zero6575\AppData\Local\Temp\ccoYQv4f.s:6510   .debug_macro:0000000000000000 .Ldebug_macro27
C:\Users\zero6575\AppData\Local\Temp\ccoYQv4f.s:6527   .debug_macro:0000000000000000 .Ldebug_macro28
C:\Users\zero6575\AppData\Local\Temp\ccoYQv4f.s:9540   .debug_str:000000000000722b .LASF827
C:\Users\zero6575\AppData\Local\Temp\ccoYQv4f.s:9948   .debug_str:0000000000008789 .LASF828
C:\Users\zero6575\AppData\Local\Temp\ccoYQv4f.s:6571   .debug_macro:0000000000000000 .Ldebug_macro29
C:\Users\zero6575\AppData\Local\Temp\ccoYQv4f.s:8454   .debug_str:0000000000003682 .LASF839
C:\Users\zero6575\AppData\Local\Temp\ccoYQv4f.s:8510   .debug_str:00000000000039d4 .LASF840
C:\Users\zero6575\AppData\Local\Temp\ccoYQv4f.s:6606   .debug_macro:0000000000000000 .Ldebug_macro30
C:\Users\zero6575\AppData\Local\Temp\ccoYQv4f.s:6617   .debug_macro:0000000000000000 .Ldebug_macro31
C:\Users\zero6575\AppData\Local\Temp\ccoYQv4f.s:6652   .debug_macro:0000000000000000 .Ldebug_macro32
C:\Users\zero6575\AppData\Local\Temp\ccoYQv4f.s:7824   .debug_str:0000000000001025 .LASF885
C:\Users\zero6575\AppData\Local\Temp\ccoYQv4f.s:6753   .debug_macro:0000000000000000 .Ldebug_macro33
C:\Users\zero6575\AppData\Local\Temp\ccoYQv4f.s:6770   .debug_macro:0000000000000000 .Ldebug_macro34
C:\Users\zero6575\AppData\Local\Temp\ccoYQv4f.s:8238   .debug_str:000000000000295e .LASF899
C:\Users\zero6575\AppData\Local\Temp\ccoYQv4f.s:8684   .debug_str:0000000000004262 .LASF900
C:\Users\zero6575\AppData\Local\Temp\ccoYQv4f.s:6802   .debug_macro:0000000000000000 .Ldebug_macro35
C:\Users\zero6575\AppData\Local\Temp\ccoYQv4f.s:6816   .debug_macro:0000000000000000 .Ldebug_macro36
C:\Users\zero6575\AppData\Local\Temp\ccoYQv4f.s:7702   .debug_str:00000000000009db .LASF953
C:\Users\zero6575\AppData\Local\Temp\ccoYQv4f.s:6968   .debug_macro:0000000000000000 .Ldebug_macro37
C:\Users\zero6575\AppData\Local\Temp\ccoYQv4f.s:7864   .debug_str:0000000000001266 .LASF955
C:\Users\zero6575\AppData\Local\Temp\ccoYQv4f.s:6982   .debug_macro:0000000000000000 .Ldebug_macro38
C:\Users\zero6575\AppData\Local\Temp\ccoYQv4f.s:6996   .debug_macro:0000000000000000 .Ldebug_macro39
C:\Users\zero6575\AppData\Local\Temp\ccoYQv4f.s:7019   .debug_macro:0000000000000000 .Ldebug_macro40
C:\Users\zero6575\AppData\Local\Temp\ccoYQv4f.s:9966   .debug_str:000000000000888d .LASF1011
C:\Users\zero6575\AppData\Local\Temp\ccoYQv4f.s:10008  .debug_str:0000000000008ba5 .LASF1012
C:\Users\zero6575\AppData\Local\Temp\ccoYQv4f.s:10112  .debug_str:0000000000009123 .LASF1013
C:\Users\zero6575\AppData\Local\Temp\ccoYQv4f.s:10144  .debug_str:000000000000930c .LASF1014
C:\Users\zero6575\AppData\Local\Temp\ccoYQv4f.s:7162   .debug_macro:0000000000000000 .Ldebug_macro41
C:\Users\zero6575\AppData\Local\Temp\ccoYQv4f.s:7287   .debug_macro:0000000000000000 .Ldebug_macro42
C:\Users\zero6575\AppData\Local\Temp\ccoYQv4f.s:9934   .debug_str:00000000000086d7 .LASF1079
C:\Users\zero6575\AppData\Local\Temp\ccoYQv4f.s:9236   .debug_str:00000000000060a0 .LASF1080
C:\Users\zero6575\AppData\Local\Temp\ccoYQv4f.s:9018   .debug_str:0000000000005491 .LASF1081
C:\Users\zero6575\AppData\Local\Temp\ccoYQv4f.s:9528   .debug_str:00000000000071aa .LASF1082
C:\Users\zero6575\AppData\Local\Temp\ccoYQv4f.s:7364   .debug_macro:0000000000000000 .Ldebug_macro43
C:\Users\zero6575\AppData\Local\Temp\ccoYQv4f.s:7498   .debug_macro:0000000000000000 .Ldebug_macro44
C:\Users\zero6575\AppData\Local\Temp\ccoYQv4f.s:7578   .debug_str:00000000000003c9 .LASF0
C:\Users\zero6575\AppData\Local\Temp\ccoYQv4f.s:9834   .debug_str:00000000000081ae .LASF1
C:\Users\zero6575\AppData\Local\Temp\ccoYQv4f.s:8612   .debug_str:0000000000003e85 .LASF2
C:\Users\zero6575\AppData\Local\Temp\ccoYQv4f.s:7858   .debug_str:0000000000001202 .LASF3
C:\Users\zero6575\AppData\Local\Temp\ccoYQv4f.s:9104   .debug_str:0000000000005980 .LASF4
C:\Users\zero6575\AppData\Local\Temp\ccoYQv4f.s:10108  .debug_str:0000000000009101 .LASF5
C:\Users\zero6575\AppData\Local\Temp\ccoYQv4f.s:10088  .debug_str:0000000000008ff6 .LASF6
C:\Users\zero6575\AppData\Local\Temp\ccoYQv4f.s:10140  .debug_str:00000000000092c7 .LASF7
C:\Users\zero6575\AppData\Local\Temp\ccoYQv4f.s:9536   .debug_str:000000000000720c .LASF8
C:\Users\zero6575\AppData\Local\Temp\ccoYQv4f.s:8640   .debug_str:000000000000403a .LASF9
C:\Users\zero6575\AppData\Local\Temp\ccoYQv4f.s:7940   .debug_str:000000000000188e .LASF10
C:\Users\zero6575\AppData\Local\Temp\ccoYQv4f.s:8580   .debug_str:0000000000003cea .LASF11
C:\Users\zero6575\AppData\Local\Temp\ccoYQv4f.s:8714   .debug_str:000000000000440d .LASF12
C:\Users\zero6575\AppData\Local\Temp\ccoYQv4f.s:9612   .debug_str:000000000000756e .LASF13
C:\Users\zero6575\AppData\Local\Temp\ccoYQv4f.s:9756   .debug_str:0000000000007d85 .LASF14
C:\Users\zero6575\AppData\Local\Temp\ccoYQv4f.s:9452   .debug_str:0000000000006e87 .LASF15
C:\Users\zero6575\AppData\Local\Temp\ccoYQv4f.s:10098  .debug_str:000000000000904e .LASF16
C:\Users\zero6575\AppData\Local\Temp\ccoYQv4f.s:8398   .debug_str:0000000000003326 .LASF17
C:\Users\zero6575\AppData\Local\Temp\ccoYQv4f.s:7774   .debug_str:0000000000000da6 .LASF18
C:\Users\zero6575\AppData\Local\Temp\ccoYQv4f.s:7616   .debug_str:0000000000000555 .LASF19
C:\Users\zero6575\AppData\Local\Temp\ccoYQv4f.s:8242   .debug_str:0000000000002985 .LASF20
C:\Users\zero6575\AppData\Local\Temp\ccoYQv4f.s:9714   .debug_str:0000000000007b34 .LASF21
C:\Users\zero6575\AppData\Local\Temp\ccoYQv4f.s:10018  .debug_str:0000000000008be3 .LASF22
C:\Users\zero6575\AppData\Local\Temp\ccoYQv4f.s:9546   .debug_str:000000000000725e .LASF23
C:\Users\zero6575\AppData\Local\Temp\ccoYQv4f.s:9996   .debug_str:0000000000008b1b .LASF24
C:\Users\zero6575\AppData\Local\Temp\ccoYQv4f.s:8200   .debug_str:00000000000026f9 .LASF25
C:\Users\zero6575\AppData\Local\Temp\ccoYQv4f.s:8952   .debug_str:0000000000005159 .LASF26
C:\Users\zero6575\AppData\Local\Temp\ccoYQv4f.s:7790   .debug_str:0000000000000e46 .LASF27
C:\Users\zero6575\AppData\Local\Temp\ccoYQv4f.s:8150   .debug_str:000000000000247a .LASF28
C:\Users\zero6575\AppData\Local\Temp\ccoYQv4f.s:9400   .debug_str:0000000000006a98 .LASF29
C:\Users\zero6575\AppData\Local\Temp\ccoYQv4f.s:8576   .debug_str:0000000000003cbd .LASF30
C:\Users\zero6575\AppData\Local\Temp\ccoYQv4f.s:8324   .debug_str:0000000000002e4e .LASF31
C:\Users\zero6575\AppData\Local\Temp\ccoYQv4f.s:7526   .debug_str:0000000000000046 .LASF32
C:\Users\zero6575\AppData\Local\Temp\ccoYQv4f.s:9218   .debug_str:0000000000005fe6 .LASF33
C:\Users\zero6575\AppData\Local\Temp\ccoYQv4f.s:10076  .debug_str:0000000000008f6c .LASF34
C:\Users\zero6575\AppData\Local\Temp\ccoYQv4f.s:10120  .debug_str:000000000000918f .LASF35
C:\Users\zero6575\AppData\Local\Temp\ccoYQv4f.s:7574   .debug_str:0000000000000357 .LASF36
C:\Users\zero6575\AppData\Local\Temp\ccoYQv4f.s:8266   .debug_str:0000000000002af0 .LASF37
C:\Users\zero6575\AppData\Local\Temp\ccoYQv4f.s:8130   .debug_str:000000000000221b .LASF38
C:\Users\zero6575\AppData\Local\Temp\ccoYQv4f.s:8366   .debug_str:000000000000316f .LASF39
C:\Users\zero6575\AppData\Local\Temp\ccoYQv4f.s:10046  .debug_str:0000000000008d58 .LASF40
C:\Users\zero6575\AppData\Local\Temp\ccoYQv4f.s:9228   .debug_str:000000000000605e .LASF41
C:\Users\zero6575\AppData\Local\Temp\ccoYQv4f.s:7784   .debug_str:0000000000000e00 .LASF42
C:\Users\zero6575\AppData\Local\Temp\ccoYQv4f.s:9620   .debug_str:00000000000075da .LASF43
C:\Users\zero6575\AppData\Local\Temp\ccoYQv4f.s:8424   .debug_str:000000000000345e .LASF44
C:\Users\zero6575\AppData\Local\Temp\ccoYQv4f.s:9486   .debug_str:0000000000006ff5 .LASF45
C:\Users\zero6575\AppData\Local\Temp\ccoYQv4f.s:9694   .debug_str:0000000000007a46 .LASF46
C:\Users\zero6575\AppData\Local\Temp\ccoYQv4f.s:7846   .debug_str:000000000000116b .LASF47
C:\Users\zero6575\AppData\Local\Temp\ccoYQv4f.s:7890   .debug_str:0000000000001653 .LASF48
C:\Users\zero6575\AppData\Local\Temp\ccoYQv4f.s:8870   .debug_str:0000000000004cc4 .LASF49
C:\Users\zero6575\AppData\Local\Temp\ccoYQv4f.s:8380   .debug_str:0000000000003218 .LASF50
C:\Users\zero6575\AppData\Local\Temp\ccoYQv4f.s:8748   .debug_str:00000000000045e8 .LASF51
C:\Users\zero6575\AppData\Local\Temp\ccoYQv4f.s:9762   .debug_str:0000000000007dcb .LASF52
C:\Users\zero6575\AppData\Local\Temp\ccoYQv4f.s:9784   .debug_str:0000000000007ef1 .LASF53
C:\Users\zero6575\AppData\Local\Temp\ccoYQv4f.s:7756   .debug_str:0000000000000c60 .LASF54
C:\Users\zero6575\AppData\Local\Temp\ccoYQv4f.s:10032  .debug_str:0000000000008c8f .LASF55
C:\Users\zero6575\AppData\Local\Temp\ccoYQv4f.s:9310   .debug_str:0000000000006577 .LASF56
C:\Users\zero6575\AppData\Local\Temp\ccoYQv4f.s:8444   .debug_str:0000000000003562 .LASF57
C:\Users\zero6575\AppData\Local\Temp\ccoYQv4f.s:8232   .debug_str:0000000000002906 .LASF58
C:\Users\zero6575\AppData\Local\Temp\ccoYQv4f.s:9092   .debug_str:00000000000058fc .LASF59
C:\Users\zero6575\AppData\Local\Temp\ccoYQv4f.s:8720   .debug_str:0000000000004459 .LASF60
C:\Users\zero6575\AppData\Local\Temp\ccoYQv4f.s:9652   .debug_str:0000000000007823 .LASF61
C:\Users\zero6575\AppData\Local\Temp\ccoYQv4f.s:9374   .debug_str:000000000000692d .LASF62
C:\Users\zero6575\AppData\Local\Temp\ccoYQv4f.s:7956   .debug_str:000000000000194d .LASF63
C:\Users\zero6575\AppData\Local\Temp\ccoYQv4f.s:7770   .debug_str:0000000000000d7e .LASF64
C:\Users\zero6575\AppData\Local\Temp\ccoYQv4f.s:9410   .debug_str:0000000000006b1a .LASF65
C:\Users\zero6575\AppData\Local\Temp\ccoYQv4f.s:8768   .debug_str:00000000000046d8 .LASF66
C:\Users\zero6575\AppData\Local\Temp\ccoYQv4f.s:7740   .debug_str:0000000000000b9a .LASF67
C:\Users\zero6575\AppData\Local\Temp\ccoYQv4f.s:7832   .debug_str:000000000000107a .LASF68
C:\Users\zero6575\AppData\Local\Temp\ccoYQv4f.s:8538   .debug_str:0000000000003add .LASF69
C:\Users\zero6575\AppData\Local\Temp\ccoYQv4f.s:8974   .debug_str:0000000000005226 .LASF70
C:\Users\zero6575\AppData\Local\Temp\ccoYQv4f.s:8746   .debug_str:00000000000045d1 .LASF71
C:\Users\zero6575\AppData\Local\Temp\ccoYQv4f.s:8518   .debug_str:0000000000003a23 .LASF72
C:\Users\zero6575\AppData\Local\Temp\ccoYQv4f.s:7738   .debug_str:0000000000000b86 .LASF73
C:\Users\zero6575\AppData\Local\Temp\ccoYQv4f.s:8744   .debug_str:00000000000045ba .LASF74
C:\Users\zero6575\AppData\Local\Temp\ccoYQv4f.s:8878   .debug_str:0000000000004d3f .LASF75
C:\Users\zero6575\AppData\Local\Temp\ccoYQv4f.s:9252   .debug_str:00000000000061d5 .LASF76
C:\Users\zero6575\AppData\Local\Temp\ccoYQv4f.s:9244   .debug_str:0000000000006148 .LASF77
C:\Users\zero6575\AppData\Local\Temp\ccoYQv4f.s:7664   .debug_str:000000000000070b .LASF78
C:\Users\zero6575\AppData\Local\Temp\ccoYQv4f.s:8092   .debug_str:000000000000204d .LASF79
C:\Users\zero6575\AppData\Local\Temp\ccoYQv4f.s:8772   .debug_str:000000000000470a .LASF80
C:\Users\zero6575\AppData\Local\Temp\ccoYQv4f.s:7566   .debug_str:00000000000002a6 .LASF81
C:\Users\zero6575\AppData\Local\Temp\ccoYQv4f.s:7838   .debug_str:0000000000001101 .LASF82
C:\Users\zero6575\AppData\Local\Temp\ccoYQv4f.s:8570   .debug_str:0000000000003c99 .LASF83
C:\Users\zero6575\AppData\Local\Temp\ccoYQv4f.s:7648   .debug_str:0000000000000661 .LASF84
C:\Users\zero6575\AppData\Local\Temp\ccoYQv4f.s:8378   .debug_str:0000000000003207 .LASF85
C:\Users\zero6575\AppData\Local\Temp\ccoYQv4f.s:8154   .debug_str:00000000000024ac .LASF86
C:\Users\zero6575\AppData\Local\Temp\ccoYQv4f.s:9290   .debug_str:0000000000006436 .LASF87
C:\Users\zero6575\AppData\Local\Temp\ccoYQv4f.s:9166   .debug_str:0000000000005d16 .LASF88
C:\Users\zero6575\AppData\Local\Temp\ccoYQv4f.s:9016   .debug_str:000000000000547f .LASF89
C:\Users\zero6575\AppData\Local\Temp\ccoYQv4f.s:8208   .debug_str:0000000000002792 .LASF90
C:\Users\zero6575\AppData\Local\Temp\ccoYQv4f.s:8302   .debug_str:0000000000002d68 .LASF91
C:\Users\zero6575\AppData\Local\Temp\ccoYQv4f.s:9928   .debug_str:0000000000008657 .LASF92
C:\Users\zero6575\AppData\Local\Temp\ccoYQv4f.s:7972   .debug_str:00000000000019d8 .LASF93
C:\Users\zero6575\AppData\Local\Temp\ccoYQv4f.s:8646   .debug_str:0000000000004074 .LASF94
C:\Users\zero6575\AppData\Local\Temp\ccoYQv4f.s:10110  .debug_str:000000000000910c .LASF95
C:\Users\zero6575\AppData\Local\Temp\ccoYQv4f.s:8622   .debug_str:0000000000003f74 .LASF96
C:\Users\zero6575\AppData\Local\Temp\ccoYQv4f.s:8196   .debug_str:00000000000026d5 .LASF97
C:\Users\zero6575\AppData\Local\Temp\ccoYQv4f.s:9414   .debug_str:0000000000006b50 .LASF98
C:\Users\zero6575\AppData\Local\Temp\ccoYQv4f.s:9364   .debug_str:000000000000688b .LASF99
C:\Users\zero6575\AppData\Local\Temp\ccoYQv4f.s:8774   .debug_str:000000000000471a .LASF100
C:\Users\zero6575\AppData\Local\Temp\ccoYQv4f.s:8026   .debug_str:0000000000001cf8 .LASF101
C:\Users\zero6575\AppData\Local\Temp\ccoYQv4f.s:7758   .debug_str:0000000000000c7e .LASF102
C:\Users\zero6575\AppData\Local\Temp\ccoYQv4f.s:8716   .debug_str:0000000000004420 .LASF103
C:\Users\zero6575\AppData\Local\Temp\ccoYQv4f.s:9722   .debug_str:0000000000007b83 .LASF104
C:\Users\zero6575\AppData\Local\Temp\ccoYQv4f.s:9936   .debug_str:00000000000086e4 .LASF105
C:\Users\zero6575\AppData\Local\Temp\ccoYQv4f.s:9126   .debug_str:0000000000005ab6 .LASF106
C:\Users\zero6575\AppData\Local\Temp\ccoYQv4f.s:7918   .debug_str:0000000000001796 .LASF107
C:\Users\zero6575\AppData\Local\Temp\ccoYQv4f.s:8314   .debug_str:0000000000002df1 .LASF108
C:\Users\zero6575\AppData\Local\Temp\ccoYQv4f.s:7920   .debug_str:00000000000017ba .LASF109
C:\Users\zero6575\AppData\Local\Temp\ccoYQv4f.s:8718   .debug_str:0000000000004442 .LASF110
C:\Users\zero6575\AppData\Local\Temp\ccoYQv4f.s:7860   .debug_str:0000000000001214 .LASF111
C:\Users\zero6575\AppData\Local\Temp\ccoYQv4f.s:9698   .debug_str:0000000000007a75 .LASF112
C:\Users\zero6575\AppData\Local\Temp\ccoYQv4f.s:7716   .debug_str:0000000000000a44 .LASF113
C:\Users\zero6575\AppData\Local\Temp\ccoYQv4f.s:9114   .debug_str:0000000000005a3a .LASF114
C:\Users\zero6575\AppData\Local\Temp\ccoYQv4f.s:8334   .debug_str:0000000000002f10 .LASF115
C:\Users\zero6575\AppData\Local\Temp\ccoYQv4f.s:8724   .debug_str:000000000000448b .LASF116
C:\Users\zero6575\AppData\Local\Temp\ccoYQv4f.s:8624   .debug_str:0000000000003f88 .LASF117
C:\Users\zero6575\AppData\Local\Temp\ccoYQv4f.s:10128  .debug_str:000000000000920c .LASF118
C:\Users\zero6575\AppData\Local\Temp\ccoYQv4f.s:8626   .debug_str:0000000000003fb0 .LASF119
C:\Users\zero6575\AppData\Local\Temp\ccoYQv4f.s:10122  .debug_str:00000000000091a9 .LASF120
C:\Users\zero6575\AppData\Local\Temp\ccoYQv4f.s:8118   .debug_str:00000000000021a0 .LASF121
C:\Users\zero6575\AppData\Local\Temp\ccoYQv4f.s:8174   .debug_str:0000000000002567 .LASF122
C:\Users\zero6575\AppData\Local\Temp\ccoYQv4f.s:7798   .debug_str:0000000000000ea1 .LASF123
C:\Users\zero6575\AppData\Local\Temp\ccoYQv4f.s:8008   .debug_str:0000000000001bfa .LASF124
C:\Users\zero6575\AppData\Local\Temp\ccoYQv4f.s:9046   .debug_str:00000000000055cd .LASF125
C:\Users\zero6575\AppData\Local\Temp\ccoYQv4f.s:8114   .debug_str:000000000000215c .LASF126
C:\Users\zero6575\AppData\Local\Temp\ccoYQv4f.s:10022  .debug_str:0000000000008c0c .LASF127
C:\Users\zero6575\AppData\Local\Temp\ccoYQv4f.s:8024   .debug_str:0000000000001cdb .LASF128
C:\Users\zero6575\AppData\Local\Temp\ccoYQv4f.s:8028   .debug_str:0000000000001d0d .LASF129
C:\Users\zero6575\AppData\Local\Temp\ccoYQv4f.s:7538   .debug_str:00000000000000dd .LASF130
C:\Users\zero6575\AppData\Local\Temp\ccoYQv4f.s:7656   .debug_str:00000000000006a6 .LASF131
C:\Users\zero6575\AppData\Local\Temp\ccoYQv4f.s:8548   .debug_str:0000000000003b46 .LASF132
C:\Users\zero6575\AppData\Local\Temp\ccoYQv4f.s:8586   .debug_str:0000000000003d1b .LASF133
C:\Users\zero6575\AppData\Local\Temp\ccoYQv4f.s:8056   .debug_str:0000000000001e55 .LASF134
C:\Users\zero6575\AppData\Local\Temp\ccoYQv4f.s:8500   .debug_str:0000000000003942 .LASF135
C:\Users\zero6575\AppData\Local\Temp\ccoYQv4f.s:8834   .debug_str:0000000000004a82 .LASF136
C:\Users\zero6575\AppData\Local\Temp\ccoYQv4f.s:8804   .debug_str:00000000000048fc .LASF137
C:\Users\zero6575\AppData\Local\Temp\ccoYQv4f.s:9548   .debug_str:0000000000007272 .LASF138
C:\Users\zero6575\AppData\Local\Temp\ccoYQv4f.s:7728   .debug_str:0000000000000ad5 .LASF139
C:\Users\zero6575\AppData\Local\Temp\ccoYQv4f.s:8080   .debug_str:0000000000001f9d .LASF140
C:\Users\zero6575\AppData\Local\Temp\ccoYQv4f.s:9396   .debug_str:0000000000006a71 .LASF141
C:\Users\zero6575\AppData\Local\Temp\ccoYQv4f.s:9278   .debug_str:0000000000006329 .LASF142
C:\Users\zero6575\AppData\Local\Temp\ccoYQv4f.s:8674   .debug_str:00000000000041bd .LASF143
C:\Users\zero6575\AppData\Local\Temp\ccoYQv4f.s:7988   .debug_str:0000000000001aaa .LASF144
C:\Users\zero6575\AppData\Local\Temp\ccoYQv4f.s:8766   .debug_str:00000000000046c2 .LASF145
C:\Users\zero6575\AppData\Local\Temp\ccoYQv4f.s:8346   .debug_str:0000000000002f6a .LASF146
C:\Users\zero6575\AppData\Local\Temp\ccoYQv4f.s:9974   .debug_str:00000000000089c3 .LASF147
C:\Users\zero6575\AppData\Local\Temp\ccoYQv4f.s:8332   .debug_str:0000000000002f00 .LASF148
C:\Users\zero6575\AppData\Local\Temp\ccoYQv4f.s:8280   .debug_str:0000000000002bad .LASF149
C:\Users\zero6575\AppData\Local\Temp\ccoYQv4f.s:7750   .debug_str:0000000000000c1e .LASF150
C:\Users\zero6575\AppData\Local\Temp\ccoYQv4f.s:8318   .debug_str:0000000000002e1a .LASF151
C:\Users\zero6575\AppData\Local\Temp\ccoYQv4f.s:8054   .debug_str:0000000000001e3c .LASF152
C:\Users\zero6575\AppData\Local\Temp\ccoYQv4f.s:7936   .debug_str:0000000000001861 .LASF153
C:\Users\zero6575\AppData\Local\Temp\ccoYQv4f.s:7546   .debug_str:000000000000012b .LASF154
C:\Users\zero6575\AppData\Local\Temp\ccoYQv4f.s:9432   .debug_str:0000000000006cf8 .LASF155
C:\Users\zero6575\AppData\Local\Temp\ccoYQv4f.s:9288   .debug_str:00000000000063ff .LASF156
C:\Users\zero6575\AppData\Local\Temp\ccoYQv4f.s:10070  .debug_str:0000000000008eee .LASF157
C:\Users\zero6575\AppData\Local\Temp\ccoYQv4f.s:8094   .debug_str:0000000000002066 .LASF158
C:\Users\zero6575\AppData\Local\Temp\ccoYQv4f.s:9960   .debug_str:00000000000087fd .LASF159
C:\Users\zero6575\AppData\Local\Temp\ccoYQv4f.s:10002  .debug_str:0000000000008b66 .LASF160
C:\Users\zero6575\AppData\Local\Temp\ccoYQv4f.s:7658   .debug_str:00000000000006be .LASF161
C:\Users\zero6575\AppData\Local\Temp\ccoYQv4f.s:8554   .debug_str:0000000000003be9 .LASF162
C:\Users\zero6575\AppData\Local\Temp\ccoYQv4f.s:8058   .debug_str:0000000000001e7c .LASF163
C:\Users\zero6575\AppData\Local\Temp\ccoYQv4f.s:7964   .debug_str:00000000000019a3 .LASF164
C:\Users\zero6575\AppData\Local\Temp\ccoYQv4f.s:9814   .debug_str:000000000000808b .LASF165
C:\Users\zero6575\AppData\Local\Temp\ccoYQv4f.s:8042   .debug_str:0000000000001dbc .LASF166
C:\Users\zero6575\AppData\Local\Temp\ccoYQv4f.s:8168   .debug_str:000000000000252f .LASF167
C:\Users\zero6575\AppData\Local\Temp\ccoYQv4f.s:7596   .debug_str:000000000000045a .LASF168
C:\Users\zero6575\AppData\Local\Temp\ccoYQv4f.s:8240   .debug_str:000000000000296e .LASF169
C:\Users\zero6575\AppData\Local\Temp\ccoYQv4f.s:9942   .debug_str:0000000000008719 .LASF170
C:\Users\zero6575\AppData\Local\Temp\ccoYQv4f.s:9514   .debug_str:000000000000711f .LASF171
C:\Users\zero6575\AppData\Local\Temp\ccoYQv4f.s:7834   .debug_str:000000000000109d .LASF172
C:\Users\zero6575\AppData\Local\Temp\ccoYQv4f.s:8670   .debug_str:0000000000004168 .LASF173
C:\Users\zero6575\AppData\Local\Temp\ccoYQv4f.s:9122   .debug_str:0000000000005a8e .LASF174
C:\Users\zero6575\AppData\Local\Temp\ccoYQv4f.s:7726   .debug_str:0000000000000abe .LASF175
C:\Users\zero6575\AppData\Local\Temp\ccoYQv4f.s:9952   .debug_str:00000000000087b7 .LASF176
C:\Users\zero6575\AppData\Local\Temp\ccoYQv4f.s:10030  .debug_str:0000000000008c79 .LASF177
C:\Users\zero6575\AppData\Local\Temp\ccoYQv4f.s:7696   .debug_str:00000000000009ac .LASF178
C:\Users\zero6575\AppData\Local\Temp\ccoYQv4f.s:8514   .debug_str:00000000000039fb .LASF179
C:\Users\zero6575\AppData\Local\Temp\ccoYQv4f.s:10036  .debug_str:0000000000008cca .LASF180
C:\Users\zero6575\AppData\Local\Temp\ccoYQv4f.s:10078  .debug_str:0000000000008f8c .LASF181
C:\Users\zero6575\AppData\Local\Temp\ccoYQv4f.s:8890   .debug_str:0000000000004e03 .LASF182
C:\Users\zero6575\AppData\Local\Temp\ccoYQv4f.s:8040   .debug_str:0000000000001da9 .LASF183
C:\Users\zero6575\AppData\Local\Temp\ccoYQv4f.s:7922   .debug_str:00000000000017c8 .LASF184
C:\Users\zero6575\AppData\Local\Temp\ccoYQv4f.s:9200   .debug_str:0000000000005f1e .LASF185
C:\Users\zero6575\AppData\Local\Temp\ccoYQv4f.s:8502   .debug_str:000000000000395a .LASF186
C:\Users\zero6575\AppData\Local\Temp\ccoYQv4f.s:9962   .debug_str:000000000000883b .LASF187
C:\Users\zero6575\AppData\Local\Temp\ccoYQv4f.s:9566   .debug_str:0000000000007366 .LASF188
C:\Users\zero6575\AppData\Local\Temp\ccoYQv4f.s:9022   .debug_str:00000000000054ae .LASF189
C:\Users\zero6575\AppData\Local\Temp\ccoYQv4f.s:9976   .debug_str:00000000000089d9 .LASF190
C:\Users\zero6575\AppData\Local\Temp\ccoYQv4f.s:9318   .debug_str:000000000000664c .LASF191
C:\Users\zero6575\AppData\Local\Temp\ccoYQv4f.s:7954   .debug_str:0000000000001937 .LASF192
C:\Users\zero6575\AppData\Local\Temp\ccoYQv4f.s:7906   .debug_str:000000000000171b .LASF193
C:\Users\zero6575\AppData\Local\Temp\ccoYQv4f.s:8036   .debug_str:0000000000001d6a .LASF194
C:\Users\zero6575\AppData\Local\Temp\ccoYQv4f.s:7852   .debug_str:00000000000011b6 .LASF195
C:\Users\zero6575\AppData\Local\Temp\ccoYQv4f.s:7586   .debug_str:000000000000040a .LASF196
C:\Users\zero6575\AppData\Local\Temp\ccoYQv4f.s:9000   .debug_str:0000000000005393 .LASF197
C:\Users\zero6575\AppData\Local\Temp\ccoYQv4f.s:8250   .debug_str:0000000000002a20 .LASF198
C:\Users\zero6575\AppData\Local\Temp\ccoYQv4f.s:8264   .debug_str:0000000000002ab5 .LASF199
C:\Users\zero6575\AppData\Local\Temp\ccoYQv4f.s:9552   .debug_str:00000000000072b6 .LASF200
C:\Users\zero6575\AppData\Local\Temp\ccoYQv4f.s:9754   .debug_str:0000000000007d47 .LASF201
C:\Users\zero6575\AppData\Local\Temp\ccoYQv4f.s:7744   .debug_str:0000000000000bd0 .LASF202
C:\Users\zero6575\AppData\Local\Temp\ccoYQv4f.s:9194   .debug_str:0000000000005e68 .LASF203
C:\Users\zero6575\AppData\Local\Temp\ccoYQv4f.s:7554   .debug_str:0000000000000195 .LASF204
C:\Users\zero6575\AppData\Local\Temp\ccoYQv4f.s:9892   .debug_str:0000000000008460 .LASF205
C:\Users\zero6575\AppData\Local\Temp\ccoYQv4f.s:7544   .debug_str:0000000000000115 .LASF206
C:\Users\zero6575\AppData\Local\Temp\ccoYQv4f.s:9494   .debug_str:000000000000704d .LASF207
C:\Users\zero6575\AppData\Local\Temp\ccoYQv4f.s:9650   .debug_str:0000000000007809 .LASF208
C:\Users\zero6575\AppData\Local\Temp\ccoYQv4f.s:7562   .debug_str:000000000000026a .LASF209
C:\Users\zero6575\AppData\Local\Temp\ccoYQv4f.s:9048   .debug_str:00000000000055e2 .LASF210
C:\Users\zero6575\AppData\Local\Temp\ccoYQv4f.s:9128   .debug_str:0000000000005ad1 .LASF211
C:\Users\zero6575\AppData\Local\Temp\ccoYQv4f.s:9750   .debug_str:0000000000007d25 .LASF212
C:\Users\zero6575\AppData\Local\Temp\ccoYQv4f.s:8812   .debug_str:000000000000496e .LASF213
C:\Users\zero6575\AppData\Local\Temp\ccoYQv4f.s:9170   .debug_str:0000000000005d38 .LASF214
C:\Users\zero6575\AppData\Local\Temp\ccoYQv4f.s:9006   .debug_str:00000000000053e6 .LASF215
C:\Users\zero6575\AppData\Local\Temp\ccoYQv4f.s:9326   .debug_str:00000000000066e3 .LASF216
C:\Users\zero6575\AppData\Local\Temp\ccoYQv4f.s:9998   .debug_str:0000000000008b35 .LASF217
C:\Users\zero6575\AppData\Local\Temp\ccoYQv4f.s:8568   .debug_str:0000000000003c80 .LASF218
C:\Users\zero6575\AppData\Local\Temp\ccoYQv4f.s:8288   .debug_str:0000000000002c61 .LASF219
C:\Users\zero6575\AppData\Local\Temp\ccoYQv4f.s:9736   .debug_str:0000000000007c3d .LASF220
C:\Users\zero6575\AppData\Local\Temp\ccoYQv4f.s:8426   .debug_str:0000000000003477 .LASF221
C:\Users\zero6575\AppData\Local\Temp\ccoYQv4f.s:7856   .debug_str:00000000000011e6 .LASF222
C:\Users\zero6575\AppData\Local\Temp\ccoYQv4f.s:7660   .debug_str:00000000000006d5 .LASF223
C:\Users\zero6575\AppData\Local\Temp\ccoYQv4f.s:9442   .debug_str:0000000000006d80 .LASF224
C:\Users\zero6575\AppData\Local\Temp\ccoYQv4f.s:8268   .debug_str:0000000000002b0b .LASF225
C:\Users\zero6575\AppData\Local\Temp\ccoYQv4f.s:10000  .debug_str:0000000000008b4c .LASF226
C:\Users\zero6575\AppData\Local\Temp\ccoYQv4f.s:8358   .debug_str:00000000000030a1 .LASF227
C:\Users\zero6575\AppData\Local\Temp\ccoYQv4f.s:7760   .debug_str:0000000000000c97 .LASF228
C:\Users\zero6575\AppData\Local\Temp\ccoYQv4f.s:8924   .debug_str:0000000000004feb .LASF229
C:\Users\zero6575\AppData\Local\Temp\ccoYQv4f.s:9450   .debug_str:0000000000006e41 .LASF230
C:\Users\zero6575\AppData\Local\Temp\ccoYQv4f.s:8732   .debug_str:0000000000004510 .LASF231
C:\Users\zero6575\AppData\Local\Temp\ccoYQv4f.s:9710   .debug_str:0000000000007b03 .LASF232
C:\Users\zero6575\AppData\Local\Temp\ccoYQv4f.s:9862   .debug_str:00000000000082a4 .LASF233
C:\Users\zero6575\AppData\Local\Temp\ccoYQv4f.s:8370   .debug_str:000000000000319e .LASF234
C:\Users\zero6575\AppData\Local\Temp\ccoYQv4f.s:8338   .debug_str:0000000000002f26 .LASF235
C:\Users\zero6575\AppData\Local\Temp\ccoYQv4f.s:9676   .debug_str:000000000000796b .LASF236
C:\Users\zero6575\AppData\Local\Temp\ccoYQv4f.s:9968   .debug_str:0000000000008899 .LASF237
C:\Users\zero6575\AppData\Local\Temp\ccoYQv4f.s:8186   .debug_str:0000000000002622 .LASF238
C:\Users\zero6575\AppData\Local\Temp\ccoYQv4f.s:7778   .debug_str:0000000000000dcf .LASF239
C:\Users\zero6575\AppData\Local\Temp\ccoYQv4f.s:8414   .debug_str:00000000000033f3 .LASF240
C:\Users\zero6575\AppData\Local\Temp\ccoYQv4f.s:9428   .debug_str:0000000000006cab .LASF241
C:\Users\zero6575\AppData\Local\Temp\ccoYQv4f.s:10126  .debug_str:00000000000091ce .LASF242
C:\Users\zero6575\AppData\Local\Temp\ccoYQv4f.s:9154   .debug_str:0000000000005c4a .LASF243
C:\Users\zero6575\AppData\Local\Temp\ccoYQv4f.s:9380   .debug_str:0000000000006987 .LASF244
C:\Users\zero6575\AppData\Local\Temp\ccoYQv4f.s:9888   .debug_str:0000000000008441 .LASF245
C:\Users\zero6575\AppData\Local\Temp\ccoYQv4f.s:7688   .debug_str:00000000000008f9 .LASF246
C:\Users\zero6575\AppData\Local\Temp\ccoYQv4f.s:9806   .debug_str:0000000000008025 .LASF247
C:\Users\zero6575\AppData\Local\Temp\ccoYQv4f.s:9342   .debug_str:00000000000067b9 .LASF248
C:\Users\zero6575\AppData\Local\Temp\ccoYQv4f.s:8968   .debug_str:00000000000051fd .LASF249
C:\Users\zero6575\AppData\Local\Temp\ccoYQv4f.s:9816   .debug_str:00000000000080a3 .LASF250
C:\Users\zero6575\AppData\Local\Temp\ccoYQv4f.s:8104   .debug_str:00000000000020cb .LASF251
C:\Users\zero6575\AppData\Local\Temp\ccoYQv4f.s:9256   .debug_str:0000000000006219 .LASF252
C:\Users\zero6575\AppData\Local\Temp\ccoYQv4f.s:8246   .debug_str:00000000000029f9 .LASF253
C:\Users\zero6575\AppData\Local\Temp\ccoYQv4f.s:9532   .debug_str:00000000000071ca .LASF254
C:\Users\zero6575\AppData\Local\Temp\ccoYQv4f.s:8206   .debug_str:0000000000002753 .LASF255
C:\Users\zero6575\AppData\Local\Temp\ccoYQv4f.s:8742   .debug_str:000000000000457b .LASF256
C:\Users\zero6575\AppData\Local\Temp\ccoYQv4f.s:9440   .debug_str:0000000000006d3f .LASF257
C:\Users\zero6575\AppData\Local\Temp\ccoYQv4f.s:10130  .debug_str:0000000000009220 .LASF258
C:\Users\zero6575\AppData\Local\Temp\ccoYQv4f.s:9406   .debug_str:0000000000006ae7 .LASF259
C:\Users\zero6575\AppData\Local\Temp\ccoYQv4f.s:8948   .debug_str:0000000000005119 .LASF260
C:\Users\zero6575\AppData\Local\Temp\ccoYQv4f.s:7524   .debug_str:000000000000002b .LASF261
C:\Users\zero6575\AppData\Local\Temp\ccoYQv4f.s:9954   .debug_str:00000000000087cf .LASF262
C:\Users\zero6575\AppData\Local\Temp\ccoYQv4f.s:8858   .debug_str:0000000000004c67 .LASF263
C:\Users\zero6575\AppData\Local\Temp\ccoYQv4f.s:8908   .debug_str:0000000000004ea4 .LASF264
C:\Users\zero6575\AppData\Local\Temp\ccoYQv4f.s:9748   .debug_str:0000000000007d0f .LASF265
C:\Users\zero6575\AppData\Local\Temp\ccoYQv4f.s:9852   .debug_str:0000000000008246 .LASF266
C:\Users\zero6575\AppData\Local\Temp\ccoYQv4f.s:8078   .debug_str:0000000000001f84 .LASF267
C:\Users\zero6575\AppData\Local\Temp\ccoYQv4f.s:8362   .debug_str:00000000000030f0 .LASF268
C:\Users\zero6575\AppData\Local\Temp\ccoYQv4f.s:8552   .debug_str:0000000000003bd3 .LASF269
C:\Users\zero6575\AppData\Local\Temp\ccoYQv4f.s:7668   .debug_str:000000000000073a .LASF270
C:\Users\zero6575\AppData\Local\Temp\ccoYQv4f.s:9012   .debug_str:0000000000005444 .LASF271
C:\Users\zero6575\AppData\Local\Temp\ccoYQv4f.s:9696   .debug_str:0000000000007a5e .LASF272
C:\Users\zero6575\AppData\Local\Temp\ccoYQv4f.s:9500   .debug_str:0000000000007096 .LASF273
C:\Users\zero6575\AppData\Local\Temp\ccoYQv4f.s:8900   .debug_str:0000000000004e65 .LASF274
C:\Users\zero6575\AppData\Local\Temp\ccoYQv4f.s:9106   .debug_str:0000000000005992 .LASF275
C:\Users\zero6575\AppData\Local\Temp\ccoYQv4f.s:7734   .debug_str:0000000000000b46 .LASF276
C:\Users\zero6575\AppData\Local\Temp\ccoYQv4f.s:7588   .debug_str:0000000000000420 .LASF277
C:\Users\zero6575\AppData\Local\Temp\ccoYQv4f.s:8472   .debug_str:000000000000373d .LASF278
C:\Users\zero6575\AppData\Local\Temp\ccoYQv4f.s:9738   .debug_str:0000000000007c55 .LASF279
C:\Users\zero6575\AppData\Local\Temp\ccoYQv4f.s:8202   .debug_str:000000000000270d .LASF280
C:\Users\zero6575\AppData\Local\Temp\ccoYQv4f.s:8282   .debug_str:0000000000002bc1 .LASF281
C:\Users\zero6575\AppData\Local\Temp\ccoYQv4f.s:9914   .debug_str:00000000000085a9 .LASF282
C:\Users\zero6575\AppData\Local\Temp\ccoYQv4f.s:9058   .debug_str:000000000000571f .LASF283
C:\Users\zero6575\AppData\Local\Temp\ccoYQv4f.s:8000   .debug_str:0000000000001ba1 .LASF284
C:\Users\zero6575\AppData\Local\Temp\ccoYQv4f.s:9150   .debug_str:0000000000005c26 .LASF285
C:\Users\zero6575\AppData\Local\Temp\ccoYQv4f.s:9956   .debug_str:00000000000087e4 .LASF286
C:\Users\zero6575\AppData\Local\Temp\ccoYQv4f.s:9626   .debug_str:0000000000007643 .LASF287
C:\Users\zero6575\AppData\Local\Temp\ccoYQv4f.s:9014   .debug_str:000000000000545a .LASF288
C:\Users\zero6575\AppData\Local\Temp\ccoYQv4f.s:9498   .debug_str:0000000000007078 .LASF289
C:\Users\zero6575\AppData\Local\Temp\ccoYQv4f.s:7768   .debug_str:0000000000000d60 .LASF290
C:\Users\zero6575\AppData\Local\Temp\ccoYQv4f.s:9144   .debug_str:0000000000005bd0 .LASF291
C:\Users\zero6575\AppData\Local\Temp\ccoYQv4f.s:8418   .debug_str:0000000000003421 .LASF292
C:\Users\zero6575\AppData\Local\Temp\ccoYQv4f.s:9780   .debug_str:0000000000007ebd .LASF293
C:\Users\zero6575\AppData\Local\Temp\ccoYQv4f.s:9208   .debug_str:0000000000005f73 .LASF294
C:\Users\zero6575\AppData\Local\Temp\ccoYQv4f.s:9044   .debug_str:00000000000055b0 .LASF295
C:\Users\zero6575\AppData\Local\Temp\ccoYQv4f.s:8458   .debug_str:00000000000036a3 .LASF296
C:\Users\zero6575\AppData\Local\Temp\ccoYQv4f.s:9282   .debug_str:0000000000006367 .LASF297
C:\Users\zero6575\AppData\Local\Temp\ccoYQv4f.s:8108   .debug_str:00000000000020f5 .LASF298
C:\Users\zero6575\AppData\Local\Temp\ccoYQv4f.s:8986   .debug_str:00000000000052a1 .LASF299
C:\Users\zero6575\AppData\Local\Temp\ccoYQv4f.s:8520   .debug_str:0000000000003a36 .LASF300
C:\Users\zero6575\AppData\Local\Temp\ccoYQv4f.s:7800   .debug_str:0000000000000eb1 .LASF301
C:\Users\zero6575\AppData\Local\Temp\ccoYQv4f.s:8926   .debug_str:000000000000502c .LASF302
C:\Users\zero6575\AppData\Local\Temp\ccoYQv4f.s:8764   .debug_str:00000000000046ad .LASF303
C:\Users\zero6575\AppData\Local\Temp\ccoYQv4f.s:8736   .debug_str:0000000000004536 .LASF304
C:\Users\zero6575\AppData\Local\Temp\ccoYQv4f.s:9788   .debug_str:0000000000007f1d .LASF305
C:\Users\zero6575\AppData\Local\Temp\ccoYQv4f.s:9372   .debug_str:0000000000006923 .LASF306
C:\Users\zero6575\AppData\Local\Temp\ccoYQv4f.s:9530   .debug_str:00000000000071b5 .LASF307
C:\Users\zero6575\AppData\Local\Temp\ccoYQv4f.s:8410   .debug_str:00000000000033b1 .LASF308
C:\Users\zero6575\AppData\Local\Temp\ccoYQv4f.s:9604   .debug_str:000000000000750a .LASF309
C:\Users\zero6575\AppData\Local\Temp\ccoYQv4f.s:7942   .debug_str:00000000000018a1 .LASF310
C:\Users\zero6575\AppData\Local\Temp\ccoYQv4f.s:7894   .debug_str:000000000000168f .LASF311
C:\Users\zero6575\AppData\Local\Temp\ccoYQv4f.s:10044  .debug_str:0000000000008d48 .LASF312
C:\Users\zero6575\AppData\Local\Temp\ccoYQv4f.s:9010   .debug_str:000000000000542b .LASF313
C:\Users\zero6575\AppData\Local\Temp\ccoYQv4f.s:7720   .debug_str:0000000000000a68 .LASF314
C:\Users\zero6575\AppData\Local\Temp\ccoYQv4f.s:7608   .debug_str:00000000000004fa .LASF315
C:\Users\zero6575\AppData\Local\Temp\ccoYQv4f.s:7932   .debug_str:0000000000001853 .LASF316
C:\Users\zero6575\AppData\Local\Temp\ccoYQv4f.s:8542   .debug_str:0000000000003b10 .LASF317
C:\Users\zero6575\AppData\Local\Temp\ccoYQv4f.s:9728   .debug_str:0000000000007bde .LASF318
C:\Users\zero6575\AppData\Local\Temp\ccoYQv4f.s:7598   .debug_str:0000000000000471 .LASF319
C:\Users\zero6575\AppData\Local\Temp\ccoYQv4f.s:7978   .debug_str:0000000000001a0f .LASF320
C:\Users\zero6575\AppData\Local\Temp\ccoYQv4f.s:9462   .debug_str:0000000000006ece .LASF321
C:\Users\zero6575\AppData\Local\Temp\ccoYQv4f.s:7732   .debug_str:0000000000000b3c .LASF322
C:\Users\zero6575\AppData\Local\Temp\ccoYQv4f.s:9230   .debug_str:000000000000607b .LASF323
C:\Users\zero6575\AppData\Local\Temp\ccoYQv4f.s:9666   .debug_str:0000000000007904 .LASF324
C:\Users\zero6575\AppData\Local\Temp\ccoYQv4f.s:9826   .debug_str:000000000000811d .LASF325
C:\Users\zero6575\AppData\Local\Temp\ccoYQv4f.s:8524   .debug_str:0000000000003a5c .LASF326
C:\Users\zero6575\AppData\Local\Temp\ccoYQv4f.s:9964   .debug_str:0000000000008877 .LASF327
C:\Users\zero6575\AppData\Local\Temp\ccoYQv4f.s:9468   .debug_str:0000000000006f14 .LASF328
C:\Users\zero6575\AppData\Local\Temp\ccoYQv4f.s:9542   .debug_str:000000000000723a .LASF329
C:\Users\zero6575\AppData\Local\Temp\ccoYQv4f.s:9412   .debug_str:0000000000006b3c .LASF330
C:\Users\zero6575\AppData\Local\Temp\ccoYQv4f.s:8602   .debug_str:0000000000003df9 .LASF331
C:\Users\zero6575\AppData\Local\Temp\ccoYQv4f.s:7796   .debug_str:0000000000000e89 .LASF332
C:\Users\zero6575\AppData\Local\Temp\ccoYQv4f.s:7782   .debug_str:0000000000000df3 .LASF333
C:\Users\zero6575\AppData\Local\Temp\ccoYQv4f.s:7620   .debug_str:0000000000000599 .LASF334
C:\Users\zero6575\AppData\Local\Temp\ccoYQv4f.s:8044   .debug_str:0000000000001dd6 .LASF335
C:\Users\zero6575\AppData\Local\Temp\ccoYQv4f.s:9330   .debug_str:000000000000672f .LASF336
C:\Users\zero6575\AppData\Local\Temp\ccoYQv4f.s:8934   .debug_str:0000000000005076 .LASF337
C:\Users\zero6575\AppData\Local\Temp\ccoYQv4f.s:9742   .debug_str:0000000000007c7d .LASF338
C:\Users\zero6575\AppData\Local\Temp\ccoYQv4f.s:8192   .debug_str:0000000000002687 .LASF339
C:\Users\zero6575\AppData\Local\Temp\ccoYQv4f.s:8692   .debug_str:00000000000042a7 .LASF340
C:\Users\zero6575\AppData\Local\Temp\ccoYQv4f.s:8438   .debug_str:00000000000034ec .LASF341
C:\Users\zero6575\AppData\Local\Temp\ccoYQv4f.s:8634   .debug_str:0000000000003ff8 .LASF345
C:\Users\zero6575\AppData\Local\Temp\ccoYQv4f.s:8806   .debug_str:000000000000491c .LASF346
C:\Users\zero6575\AppData\Local\Temp\ccoYQv4f.s:8666   .debug_str:0000000000004128 .LASF347
C:\Users\zero6575\AppData\Local\Temp\ccoYQv4f.s:8252   .debug_str:0000000000002a38 .LASF348
C:\Users\zero6575\AppData\Local\Temp\ccoYQv4f.s:8372   .debug_str:00000000000031b5 .LASF349
C:\Users\zero6575\AppData\Local\Temp\ccoYQv4f.s:9246   .debug_str:0000000000006161 .LASF350
C:\Users\zero6575\AppData\Local\Temp\ccoYQv4f.s:9642   .debug_str:000000000000776f .LASF351
C:\Users\zero6575\AppData\Local\Temp\ccoYQv4f.s:8222   .debug_str:000000000000285c .LASF352
C:\Users\zero6575\AppData\Local\Temp\ccoYQv4f.s:8256   .debug_str:0000000000002a6b .LASF353
C:\Users\zero6575\AppData\Local\Temp\ccoYQv4f.s:8084   .debug_str:0000000000001fde .LASF354
C:\Users\zero6575\AppData\Local\Temp\ccoYQv4f.s:9844   .debug_str:0000000000008204 .LASF355
C:\Users\zero6575\AppData\Local\Temp\ccoYQv4f.s:9268   .debug_str:00000000000062c6 .LASF356
C:\Users\zero6575\AppData\Local\Temp\ccoYQv4f.s:9334   .debug_str:0000000000006765 .LASF357
C:\Users\zero6575\AppData\Local\Temp\ccoYQv4f.s:9808   .debug_str:0000000000008040 .LASF358
C:\Users\zero6575\AppData\Local\Temp\ccoYQv4f.s:9634   .debug_str:0000000000007702 .LASF359
C:\Users\zero6575\AppData\Local\Temp\ccoYQv4f.s:9124   .debug_str:0000000000005aa3 .LASF360
C:\Users\zero6575\AppData\Local\Temp\ccoYQv4f.s:9378   .debug_str:0000000000006977 .LASF361
C:\Users\zero6575\AppData\Local\Temp\ccoYQv4f.s:9556   .debug_str:0000000000007300 .LASF362
C:\Users\zero6575\AppData\Local\Temp\ccoYQv4f.s:7898   .debug_str:00000000000016aa .LASF363
C:\Users\zero6575\AppData\Local\Temp\ccoYQv4f.s:9558   .debug_str:0000000000007310 .LASF364
C:\Users\zero6575\AppData\Local\Temp\ccoYQv4f.s:7534   .debug_str:00000000000000be .LASF365
C:\Users\zero6575\AppData\Local\Temp\ccoYQv4f.s:8664   .debug_str:0000000000004111 .LASF366
C:\Users\zero6575\AppData\Local\Temp\ccoYQv4f.s:8480   .debug_str:00000000000037ff .LASF367
C:\Users\zero6575\AppData\Local\Temp\ccoYQv4f.s:9172   .debug_str:0000000000005d74 .LASF368
C:\Users\zero6575\AppData\Local\Temp\ccoYQv4f.s:9096   .debug_str:000000000000592f .LASF369
C:\Users\zero6575\AppData\Local\Temp\ccoYQv4f.s:7970   .debug_str:00000000000019c3 .LASF370
C:\Users\zero6575\AppData\Local\Temp\ccoYQv4f.s:9980   .debug_str:0000000000008a60 .LASF371
C:\Users\zero6575\AppData\Local\Temp\ccoYQv4f.s:9766   .debug_str:0000000000007e06 .LASF372
C:\Users\zero6575\AppData\Local\Temp\ccoYQv4f.s:9362   .debug_str:0000000000006877 .LASF373
C:\Users\zero6575\AppData\Local\Temp\ccoYQv4f.s:8296   .debug_str:0000000000002d39 .LASF374
C:\Users\zero6575\AppData\Local\Temp\ccoYQv4f.s:9796   .debug_str:0000000000007f77 .LASF375
C:\Users\zero6575\AppData\Local\Temp\ccoYQv4f.s:8402   .debug_str:000000000000335d .LASF376
C:\Users\zero6575\AppData\Local\Temp\ccoYQv4f.s:7706   .debug_str:00000000000009f0 .LASF377
C:\Users\zero6575\AppData\Local\Temp\ccoYQv4f.s:8794   .debug_str:0000000000004891 .LASF378
C:\Users\zero6575\AppData\Local\Temp\ccoYQv4f.s:7652   .debug_str:000000000000067c .LASF379
C:\Users\zero6575\AppData\Local\Temp\ccoYQv4f.s:8898   .debug_str:0000000000004e4a .LASF380
C:\Users\zero6575\AppData\Local\Temp\ccoYQv4f.s:9008   .debug_str:0000000000005425 .LASF381
C:\Users\zero6575\AppData\Local\Temp\ccoYQv4f.s:8648   .debug_str:0000000000004099 .LASF382
C:\Users\zero6575\AppData\Local\Temp\ccoYQv4f.s:9488   .debug_str:0000000000007008 .LASF383
C:\Users\zero6575\AppData\Local\Temp\ccoYQv4f.s:7914   .debug_str:0000000000001772 .LASF384
C:\Users\zero6575\AppData\Local\Temp\ccoYQv4f.s:9100   .debug_str:0000000000005965 .LASF385
C:\Users\zero6575\AppData\Local\Temp\ccoYQv4f.s:7792   .debug_str:0000000000000e5f .LASF387
C:\Users\zero6575\AppData\Local\Temp\ccoYQv4f.s:9234   .debug_str:0000000000006098 .LASF388
C:\Users\zero6575\AppData\Local\Temp\ccoYQv4f.s:7780   .debug_str:0000000000000de9 .LASF389
C:\Users\zero6575\AppData\Local\Temp\ccoYQv4f.s:9910   .debug_str:000000000000856d .LASF390
C:\Users\zero6575\AppData\Local\Temp\ccoYQv4f.s:8558   .debug_str:0000000000003c15 .LASF391
C:\Users\zero6575\AppData\Local\Temp\ccoYQv4f.s:7666   .debug_str:000000000000072e .LASF392
C:\Users\zero6575\AppData\Local\Temp\ccoYQv4f.s:9800   .debug_str:0000000000007fb4 .LASF393
C:\Users\zero6575\AppData\Local\Temp\ccoYQv4f.s:9028   .debug_str:00000000000054db .LASF394
C:\Users\zero6575\AppData\Local\Temp\ccoYQv4f.s:8048   .debug_str:0000000000001dfb .LASF395
C:\Users\zero6575\AppData\Local\Temp\ccoYQv4f.s:8970   .debug_str:000000000000520f .LASF396
C:\Users\zero6575\AppData\Local\Temp\ccoYQv4f.s:8336   .debug_str:0000000000002f1f .LASF397
C:\Users\zero6575\AppData\Local\Temp\ccoYQv4f.s:9516   .debug_str:0000000000007161 .LASF398
C:\Users\zero6575\AppData\Local\Temp\ccoYQv4f.s:8098   .debug_str:00000000000020aa .LASF399
C:\Users\zero6575\AppData\Local\Temp\ccoYQv4f.s:8496   .debug_str:0000000000003902 .LASF400
C:\Users\zero6575\AppData\Local\Temp\ccoYQv4f.s:9484   .debug_str:0000000000006fe9 .LASF401
C:\Users\zero6575\AppData\Local\Temp\ccoYQv4f.s:8422   .debug_str:0000000000003455 .LASF402
C:\Users\zero6575\AppData\Local\Temp\ccoYQv4f.s:10124  .debug_str:00000000000091c2 .LASF403
C:\Users\zero6575\AppData\Local\Temp\ccoYQv4f.s:8800   .debug_str:00000000000048e4 .LASF404
C:\Users\zero6575\AppData\Local\Temp\ccoYQv4f.s:9820   .debug_str:00000000000080da .LASF405
C:\Users\zero6575\AppData\Local\Temp\ccoYQv4f.s:8730   .debug_str:0000000000004506 .LASF406
C:\Users\zero6575\AppData\Local\Temp\ccoYQv4f.s:7802   .debug_str:0000000000000ecd .LASF407
C:\Users\zero6575\AppData\Local\Temp\ccoYQv4f.s:9190   .debug_str:0000000000005e4f .LASF408
C:\Users\zero6575\AppData\Local\Temp\ccoYQv4f.s:7542   .debug_str:0000000000000107 .LASF409
C:\Users\zero6575\AppData\Local\Temp\ccoYQv4f.s:9060   .debug_str:0000000000005734 .LASF410
C:\Users\zero6575\AppData\Local\Temp\ccoYQv4f.s:8176   .debug_str:0000000000002583 .LASF411
C:\Users\zero6575\AppData\Local\Temp\ccoYQv4f.s:9490   .debug_str:0000000000007024 .LASF412
C:\Users\zero6575\AppData\Local\Temp\ccoYQv4f.s:8824   .debug_str:0000000000004a22 .LASF413
C:\Users\zero6575\AppData\Local\Temp\ccoYQv4f.s:8070   .debug_str:0000000000001f15 .LASF414
C:\Users\zero6575\AppData\Local\Temp\ccoYQv4f.s:8894   .debug_str:0000000000004e29 .LASF415
C:\Users\zero6575\AppData\Local\Temp\ccoYQv4f.s:9508   .debug_str:00000000000070de .LASF416
C:\Users\zero6575\AppData\Local\Temp\ccoYQv4f.s:8300   .debug_str:0000000000002d54 .LASF417
C:\Users\zero6575\AppData\Local\Temp\ccoYQv4f.s:8584   .debug_str:0000000000003d07 .LASF418
C:\Users\zero6575\AppData\Local\Temp\ccoYQv4f.s:8376   .debug_str:00000000000031f4 .LASF419
C:\Users\zero6575\AppData\Local\Temp\ccoYQv4f.s:9802   .debug_str:0000000000007fbc .LASF420
C:\Users\zero6575\AppData\Local\Temp\ccoYQv4f.s:10090  .debug_str:0000000000009007 .LASF421
C:\Users\zero6575\AppData\Local\Temp\ccoYQv4f.s:9600   .debug_str:00000000000074d1 .LASF422
C:\Users\zero6575\AppData\Local\Temp\ccoYQv4f.s:8408   .debug_str:000000000000339d .LASF423
C:\Users\zero6575\AppData\Local\Temp\ccoYQv4f.s:8686   .debug_str:0000000000004272 .LASF424
C:\Users\zero6575\AppData\Local\Temp\ccoYQv4f.s:7560   .debug_str:0000000000000256 .LASF425
C:\Users\zero6575\AppData\Local\Temp\ccoYQv4f.s:9916   .debug_str:00000000000085ee .LASF426
C:\Users\zero6575\AppData\Local\Temp\ccoYQv4f.s:9390   .debug_str:0000000000006a34 .LASF427
C:\Users\zero6575\AppData\Local\Temp\ccoYQv4f.s:8690   .debug_str:0000000000004292 .LASF428
C:\Users\zero6575\AppData\Local\Temp\ccoYQv4f.s:8906   .debug_str:0000000000004e8b .LASF429
C:\Users\zero6575\AppData\Local\Temp\ccoYQv4f.s:9618   .debug_str:00000000000075c0 .LASF430
C:\Users\zero6575\AppData\Local\Temp\ccoYQv4f.s:10136  .debug_str:000000000000929c .LASF431
C:\Users\zero6575\AppData\Local\Temp\ccoYQv4f.s:8006   .debug_str:0000000000001be0 .LASF432
C:\Users\zero6575\AppData\Local\Temp\ccoYQv4f.s:8392   .debug_str:00000000000032e0 .LASF433
C:\Users\zero6575\AppData\Local\Temp\ccoYQv4f.s:8430   .debug_str:0000000000003490 .LASF434
C:\Users\zero6575\AppData\Local\Temp\ccoYQv4f.s:8460   .debug_str:00000000000036c1 .LASF435
C:\Users\zero6575\AppData\Local\Temp\ccoYQv4f.s:9670   .debug_str:0000000000007935 .LASF436
C:\Users\zero6575\AppData\Local\Temp\ccoYQv4f.s:9654   .debug_str:000000000000783b .LASF437
C:\Users\zero6575\AppData\Local\Temp\ccoYQv4f.s:9338   .debug_str:000000000000678c .LASF438
C:\Users\zero6575\AppData\Local\Temp\ccoYQv4f.s:8636   .debug_str:000000000000400e .LASF439
C:\Users\zero6575\AppData\Local\Temp\ccoYQv4f.s:9254   .debug_str:00000000000061fc .LASF440
C:\Users\zero6575\AppData\Local\Temp\ccoYQv4f.s:9358   .debug_str:0000000000006853 .LASF441
C:\Users\zero6575\AppData\Local\Temp\ccoYQv4f.s:9116   .debug_str:0000000000005a59 .LASF442
C:\Users\zero6575\AppData\Local\Temp\ccoYQv4f.s:9388   .debug_str:0000000000006a0b .LASF443
C:\Users\zero6575\AppData\Local\Temp\ccoYQv4f.s:8750   .debug_str:0000000000004608 .LASF444
C:\Users\zero6575\AppData\Local\Temp\ccoYQv4f.s:8276   .debug_str:0000000000002b7d .LASF445
C:\Users\zero6575\AppData\Local\Temp\ccoYQv4f.s:8074   .debug_str:0000000000001f39 .LASF446
C:\Users\zero6575\AppData\Local\Temp\ccoYQv4f.s:8722   .debug_str:0000000000004471 .LASF447
C:\Users\zero6575\AppData\Local\Temp\ccoYQv4f.s:7974   .debug_str:00000000000019ed .LASF448
C:\Users\zero6575\AppData\Local\Temp\ccoYQv4f.s:8110   .debug_str:0000000000002119 .LASF449
C:\Users\zero6575\AppData\Local\Temp\ccoYQv4f.s:9930   .debug_str:000000000000867a .LASF450
C:\Users\zero6575\AppData\Local\Temp\ccoYQv4f.s:9354   .debug_str:000000000000681f .LASF451
C:\Users\zero6575\AppData\Local\Temp\ccoYQv4f.s:8536   .debug_str:0000000000003abe .LASF452
C:\Users\zero6575\AppData\Local\Temp\ccoYQv4f.s:10146  .debug_str:0000000000009316 .LASF453
C:\Users\zero6575\AppData\Local\Temp\ccoYQv4f.s:9420   .debug_str:0000000000006b9c .LASF454
C:\Users\zero6575\AppData\Local\Temp\ccoYQv4f.s:9476   .debug_str:0000000000006f49 .LASF455
C:\Users\zero6575\AppData\Local\Temp\ccoYQv4f.s:8838   .debug_str:0000000000004abe .LASF456
C:\Users\zero6575\AppData\Local\Temp\ccoYQv4f.s:7850   .debug_str:000000000000118e .LASF457
C:\Users\zero6575\AppData\Local\Temp\ccoYQv4f.s:7836   .debug_str:00000000000010e2 .LASF458
C:\Users\zero6575\AppData\Local\Temp\ccoYQv4f.s:7990   .debug_str:0000000000001ac2 .LASF459
C:\Users\zero6575\AppData\Local\Temp\ccoYQv4f.s:8758   .debug_str:0000000000004663 .LASF460
C:\Users\zero6575\AppData\Local\Temp\ccoYQv4f.s:9822   .debug_str:00000000000080e4 .LASF461
C:\Users\zero6575\AppData\Local\Temp\ccoYQv4f.s:8052   .debug_str:0000000000001e16 .LASF462
C:\Users\zero6575\AppData\Local\Temp\ccoYQv4f.s:9404   .debug_str:0000000000006abf .LASF463
C:\Users\zero6575\AppData\Local\Temp\ccoYQv4f.s:9778   .debug_str:0000000000007e96 .LASF464
C:\Users\zero6575\AppData\Local\Temp\ccoYQv4f.s:8382   .debug_str:000000000000323a .LASF465
C:\Users\zero6575\AppData\Local\Temp\ccoYQv4f.s:9158   .debug_str:0000000000005cba .LASF466
C:\Users\zero6575\AppData\Local\Temp\ccoYQv4f.s:8808   .debug_str:0000000000004934 .LASF467
C:\Users\zero6575\AppData\Local\Temp\ccoYQv4f.s:10102  .debug_str:0000000000009064 .LASF468
C:\Users\zero6575\AppData\Local\Temp\ccoYQv4f.s:8844   .debug_str:0000000000004b1c .LASF469
C:\Users\zero6575\AppData\Local\Temp\ccoYQv4f.s:7736   .debug_str:0000000000000b5d .LASF470
C:\Users\zero6575\AppData\Local\Temp\ccoYQv4f.s:9988   .debug_str:0000000000008ac3 .LASF471
C:\Users\zero6575\AppData\Local\Temp\ccoYQv4f.s:9306   .debug_str:000000000000653d .LASF472
C:\Users\zero6575\AppData\Local\Temp\ccoYQv4f.s:7672   .debug_str:00000000000007bc .LASF473
C:\Users\zero6575\AppData\Local\Temp\ccoYQv4f.s:8492   .debug_str:00000000000038b1 .LASF474
C:\Users\zero6575\AppData\Local\Temp\ccoYQv4f.s:9602   .debug_str:00000000000074e4 .LASF475
C:\Users\zero6575\AppData\Local\Temp\ccoYQv4f.s:9764   .debug_str:0000000000007dea .LASF476
C:\Users\zero6575\AppData\Local\Temp\ccoYQv4f.s:7742   .debug_str:0000000000000bb3 .LASF477
C:\Users\zero6575\AppData\Local\Temp\ccoYQv4f.s:10026  .debug_str:0000000000008c2e .LASF478
C:\Users\zero6575\AppData\Local\Temp\ccoYQv4f.s:9526   .debug_str:0000000000007192 .LASF479
C:\Users\zero6575\AppData\Local\Temp\ccoYQv4f.s:9700   .debug_str:0000000000007a84 .LASF480
C:\Users\zero6575\AppData\Local\Temp\ccoYQv4f.s:9828   .debug_str:000000000000814a .LASF481
C:\Users\zero6575\AppData\Local\Temp\ccoYQv4f.s:9466   .debug_str:0000000000006ef6 .LASF482
C:\Users\zero6575\AppData\Local\Temp\ccoYQv4f.s:8236   .debug_str:000000000000293f .LASF483
C:\Users\zero6575\AppData\Local\Temp\ccoYQv4f.s:10066  .debug_str:0000000000008eb3 .LASF484
C:\Users\zero6575\AppData\Local\Temp\ccoYQv4f.s:8618   .debug_str:0000000000003ebc .LASF485
C:\Users\zero6575\AppData\Local\Temp\ccoYQv4f.s:8752   .debug_str:000000000000462c .LASF486
C:\Users\zero6575\AppData\Local\Temp\ccoYQv4f.s:9030   .debug_str:00000000000054e4 .LASF487
C:\Users\zero6575\AppData\Local\Temp\ccoYQv4f.s:9216   .debug_str:0000000000005fd0 .LASF488
C:\Users\zero6575\AppData\Local\Temp\ccoYQv4f.s:8598   .debug_str:0000000000003dd9 .LASF489
C:\Users\zero6575\AppData\Local\Temp\ccoYQv4f.s:8230   .debug_str:00000000000028ee .LASF490
C:\Users\zero6575\AppData\Local\Temp\ccoYQv4f.s:8840   .debug_str:0000000000004ae4 .LASF491
C:\Users\zero6575\AppData\Local\Temp\ccoYQv4f.s:7604   .debug_str:00000000000004c2 .LASF492
C:\Users\zero6575\AppData\Local\Temp\ccoYQv4f.s:8784   .debug_str:00000000000047a4 .LASF493
C:\Users\zero6575\AppData\Local\Temp\ccoYQv4f.s:7622   .debug_str:00000000000005a8 .LASF494
C:\Users\zero6575\AppData\Local\Temp\ccoYQv4f.s:9262   .debug_str:0000000000006252 .LASF495
C:\Users\zero6575\AppData\Local\Temp\ccoYQv4f.s:9138   .debug_str:0000000000005b64 .LASF496
C:\Users\zero6575\AppData\Local\Temp\ccoYQv4f.s:9094   .debug_str:0000000000005913 .LASF497
C:\Users\zero6575\AppData\Local\Temp\ccoYQv4f.s:7642   .debug_str:000000000000064b .LASF499
C:\Users\zero6575\AppData\Local\Temp\ccoYQv4f.s:9856   .debug_str:0000000000008272 .LASF500
C:\Users\zero6575\AppData\Local\Temp\ccoYQv4f.s:9348   .debug_str:00000000000067fd .LASF501
C:\Users\zero6575\AppData\Local\Temp\ccoYQv4f.s:7934   .debug_str:0000000000001859 .LASF502
C:\Users\zero6575\AppData\Local\Temp\ccoYQv4f.s:8432   .debug_str:00000000000034a9 .LASF503
C:\Users\zero6575\AppData\Local\Temp\ccoYQv4f.s:9304   .debug_str:000000000000652e .LASF506
C:\Users\zero6575\AppData\Local\Temp\ccoYQv4f.s:8930   .debug_str:0000000000005054 .LASF507
C:\Users\zero6575\AppData\Local\Temp\ccoYQv4f.s:8356   .debug_str:000000000000308d .LASF508
C:\Users\zero6575\AppData\Local\Temp\ccoYQv4f.s:7536   .debug_str:00000000000000cf .LASF509
C:\Users\zero6575\AppData\Local\Temp\ccoYQv4f.s:8212   .debug_str:00000000000027ba .LASF510
C:\Users\zero6575\AppData\Local\Temp\ccoYQv4f.s:8068   .debug_str:0000000000001f01 .LASF511
C:\Users\zero6575\AppData\Local\Temp\ccoYQv4f.s:9266   .debug_str:00000000000062a3 .LASF512
C:\Users\zero6575\AppData\Local\Temp\ccoYQv4f.s:7612   .debug_str:0000000000000539 .LASF513
C:\Users\zero6575\AppData\Local\Temp\ccoYQv4f.s:8940   .debug_str:00000000000050ae .LASF514
C:\Users\zero6575\AppData\Local\Temp\ccoYQv4f.s:9872   .debug_str:0000000000008332 .LASF515
C:\Users\zero6575\AppData\Local\Temp\ccoYQv4f.s:8916   .debug_str:0000000000004f91 .LASF517
C:\Users\zero6575\AppData\Local\Temp\ccoYQv4f.s:8260   .debug_str:0000000000002a90 .LASF518
C:\Users\zero6575\AppData\Local\Temp\ccoYQv4f.s:9880   .debug_str:0000000000008390 .LASF519
C:\Users\zero6575\AppData\Local\Temp\ccoYQv4f.s:10068  .debug_str:0000000000008ecd .LASF520
C:\Users\zero6575\AppData\Local\Temp\ccoYQv4f.s:8956   .debug_str:0000000000005171 .LASF521
C:\Users\zero6575\AppData\Local\Temp\ccoYQv4f.s:9638   .debug_str:000000000000774a .LASF522
C:\Users\zero6575\AppData\Local\Temp\ccoYQv4f.s:8340   .debug_str:0000000000002f38 .LASF523
C:\Users\zero6575\AppData\Local\Temp\ccoYQv4f.s:8944   .debug_str:00000000000050f5 .LASF524
C:\Users\zero6575\AppData\Local\Temp\ccoYQv4f.s:9840   .debug_str:00000000000081e4 .LASF525
C:\Users\zero6575\AppData\Local\Temp\ccoYQv4f.s:7584   .debug_str:00000000000003ed .LASF526
C:\Users\zero6575\AppData\Local\Temp\ccoYQv4f.s:9438   .debug_str:0000000000006d31 .LASF527
C:\Users\zero6575\AppData\Local\Temp\ccoYQv4f.s:9768   .debug_str:0000000000007e16 .LASF528
C:\Users\zero6575\AppData\Local\Temp\ccoYQv4f.s:8688   .debug_str:0000000000004286 .LASF529
C:\Users\zero6575\AppData\Local\Temp\ccoYQv4f.s:9662   .debug_str:00000000000078df .LASF530
C:\Users\zero6575\AppData\Local\Temp\ccoYQv4f.s:9876   .debug_str:0000000000008356 .LASF531
C:\Users\zero6575\AppData\Local\Temp\ccoYQv4f.s:9798   .debug_str:0000000000007f8c .LASF532
C:\Users\zero6575\AppData\Local\Temp\ccoYQv4f.s:9644   .debug_str:000000000000779c .LASF533
C:\Users\zero6575\AppData\Local\Temp\ccoYQv4f.s:7764   .debug_str:0000000000000d1b .LASF534
C:\Users\zero6575\AppData\Local\Temp\ccoYQv4f.s:9870   .debug_str:0000000000008310 .LASF535
C:\Users\zero6575\AppData\Local\Temp\ccoYQv4f.s:8540   .debug_str:0000000000003b05 .LASF537
C:\Users\zero6575\AppData\Local\Temp\ccoYQv4f.s:9632   .debug_str:00000000000076f6 .LASF538
C:\Users\zero6575\AppData\Local\Temp\ccoYQv4f.s:9026   .debug_str:00000000000054cb .LASF539
C:\Users\zero6575\AppData\Local\Temp\ccoYQv4f.s:8204   .debug_str:0000000000002747 .LASF540
C:\Users\zero6575\AppData\Local\Temp\ccoYQv4f.s:7694   .debug_str:000000000000099f .LASF541
C:\Users\zero6575\AppData\Local\Temp\ccoYQv4f.s:9436   .debug_str:0000000000006d25 .LASF542
C:\Users\zero6575\AppData\Local\Temp\ccoYQv4f.s:9180   .debug_str:0000000000005df8 .LASF543
C:\Users\zero6575\AppData\Local\Temp\ccoYQv4f.s:9164   .debug_str:0000000000005d09 .LASF544
C:\Users\zero6575\AppData\Local\Temp\ccoYQv4f.s:9680   .debug_str:0000000000007994 .LASF545
C:\Users\zero6575\AppData\Local\Temp\ccoYQv4f.s:9858   .debug_str:000000000000827d .LASF546
C:\Users\zero6575\AppData\Local\Temp\ccoYQv4f.s:8050   .debug_str:0000000000001e06 .LASF547
C:\Users\zero6575\AppData\Local\Temp\ccoYQv4f.s:8152   .debug_str:0000000000002497 .LASF548
C:\Users\zero6575\AppData\Local\Temp\ccoYQv4f.s:9108   .debug_str:00000000000059c3 .LASF549
C:\Users\zero6575\AppData\Local\Temp\ccoYQv4f.s:8938   .debug_str:00000000000050a2 .LASF550
C:\Users\zero6575\AppData\Local\Temp\ccoYQv4f.s:10024  .debug_str:0000000000008c22 .LASF551
C:\Users\zero6575\AppData\Local\Temp\ccoYQv4f.s:9328   .debug_str:0000000000006726 .LASF552
C:\Users\zero6575\AppData\Local\Temp\ccoYQv4f.s:8802   .debug_str:00000000000048ed .LASF553
C:\Users\zero6575\AppData\Local\Temp\ccoYQv4f.s:7896   .debug_str:00000000000016a0 .LASF554
C:\Users\zero6575\AppData\Local\Temp\ccoYQv4f.s:9752   .debug_str:0000000000007d3e .LASF555
C:\Users\zero6575\AppData\Local\Temp\ccoYQv4f.s:9204   .debug_str:0000000000005f61 .LASF556
C:\Users\zero6575\AppData\Local\Temp\ccoYQv4f.s:8522   .debug_str:0000000000003a52 .LASF557
C:\Users\zero6575\AppData\Local\Temp\ccoYQv4f.s:8132   .debug_str:0000000000002234 .LASF558
C:\Users\zero6575\AppData\Local\Temp\ccoYQv4f.s:8450   .debug_str:00000000000035a8 .LASF559
C:\Users\zero6575\AppData\Local\Temp\ccoYQv4f.s:7684   .debug_str:00000000000008bb .LASF560
C:\Users\zero6575\AppData\Local\Temp\ccoYQv4f.s:7788   .debug_str:0000000000000e30 .LASF561
C:\Users\zero6575\AppData\Local\Temp\ccoYQv4f.s:8004   .debug_str:0000000000001bce .LASF562
C:\Users\zero6575\AppData\Local\Temp\ccoYQv4f.s:8440   .debug_str:0000000000003503 .LASF563
C:\Users\zero6575\AppData\Local\Temp\ccoYQv4f.s:9982   .debug_str:0000000000008a74 .LASF564
C:\Users\zero6575\AppData\Local\Temp\ccoYQv4f.s:8984   .debug_str:0000000000005298 .LASF565
C:\Users\zero6575\AppData\Local\Temp\ccoYQv4f.s:8090   .debug_str:0000000000002043 .LASF566
C:\Users\zero6575\AppData\Local\Temp\ccoYQv4f.s:7816   .debug_str:0000000000000fc4 .LASF567
C:\Users\zero6575\AppData\Local\Temp\ccoYQv4f.s:8700   .debug_str:0000000000004301 .LASF568
C:\Users\zero6575\AppData\Local\Temp\ccoYQv4f.s:7624   .debug_str:00000000000005c0 .LASF569
C:\Users\zero6575\AppData\Local\Temp\ccoYQv4f.s:8754   .debug_str:0000000000004644 .LASF570
C:\Users\zero6575\AppData\Local\Temp\ccoYQv4f.s:9260   .debug_str:0000000000006247 .LASF571
C:\Users\zero6575\AppData\Local\Temp\ccoYQv4f.s:9616   .debug_str:00000000000075b6 .LASF572
C:\Users\zero6575\AppData\Local\Temp\ccoYQv4f.s:9682   .debug_str:00000000000079a5 .LASF573
C:\Users\zero6575\AppData\Local\Temp\ccoYQv4f.s:8776   .debug_str:000000000000472c .LASF574
C:\Users\zero6575\AppData\Local\Temp\ccoYQv4f.s:9554   .debug_str:00000000000072f1 .LASF575
C:\Users\zero6575\AppData\Local\Temp\ccoYQv4f.s:8258   .debug_str:0000000000002a7d .LASF576
C:\Users\zero6575\AppData\Local\Temp\ccoYQv4f.s:7530   .debug_str:000000000000007a .LASF577
C:\Users\zero6575\AppData\Local\Temp\ccoYQv4f.s:8312   .debug_str:0000000000002de5 .LASF578
C:\Users\zero6575\AppData\Local\Temp\ccoYQv4f.s:7820   .debug_str:0000000000001003 .LASF579
C:\Users\zero6575\AppData\Local\Temp\ccoYQv4f.s:8072   .debug_str:0000000000001f28 .LASF580
C:\Users\zero6575\AppData\Local\Temp\ccoYQv4f.s:8490   .debug_str:00000000000038a3 .LASF581
C:\Users\zero6575\AppData\Local\Temp\ccoYQv4f.s:8706   .debug_str:0000000000004356 .LASF582
C:\Users\zero6575\AppData\Local\Temp\ccoYQv4f.s:8516   .debug_str:0000000000003a15 .LASF583
C:\Users\zero6575\AppData\Local\Temp\ccoYQv4f.s:9430   .debug_str:0000000000006ce9 .LASF584
C:\Users\zero6575\AppData\Local\Temp\ccoYQv4f.s:8682   .debug_str:000000000000425d .LASF585
C:\Users\zero6575\AppData\Local\Temp\ccoYQv4f.s:9394   .debug_str:0000000000006a60 .LASF586
C:\Users\zero6575\AppData\Local\Temp\ccoYQv4f.s:8846   .debug_str:0000000000004b42 .LASF587
C:\Users\zero6575\AppData\Local\Temp\ccoYQv4f.s:8848   .debug_str:0000000000004b4e .LASF588
C:\Users\zero6575\AppData\Local\Temp\ccoYQv4f.s:10010  .debug_str:0000000000008bb0 .LASF589
C:\Users\zero6575\AppData\Local\Temp\ccoYQv4f.s:8590   .debug_str:0000000000003d41 .LASF590
C:\Users\zero6575\AppData\Local\Temp\ccoYQv4f.s:8508   .debug_str:00000000000039c5 .LASF591
C:\Users\zero6575\AppData\Local\Temp\ccoYQv4f.s:7614   .debug_str:0000000000000546 .LASF592
C:\Users\zero6575\AppData\Local\Temp\ccoYQv4f.s:7548   .debug_str:0000000000000141 .LASF593
C:\Users\zero6575\AppData\Local\Temp\ccoYQv4f.s:8638   .debug_str:000000000000402c .LASF594
C:\Users\zero6575\AppData\Local\Temp\ccoYQv4f.s:7650   .debug_str:0000000000000673 .LASF596
C:\Users\zero6575\AppData\Local\Temp\ccoYQv4f.s:8172   .debug_str:0000000000002557 .LASF597
C:\Users\zero6575\AppData\Local\Temp\ccoYQv4f.s:7556   .debug_str:00000000000001ae .LASF598
C:\Users\zero6575\AppData\Local\Temp\ccoYQv4f.s:10100  .debug_str:0000000000009056 .LASF599
C:\Users\zero6575\AppData\Local\Temp\ccoYQv4f.s:9038   .debug_str:0000000000005537 .LASF600
C:\Users\zero6575\AppData\Local\Temp\ccoYQv4f.s:8854   .debug_str:0000000000004c2a .LASF601
C:\Users\zero6575\AppData\Local\Temp\ccoYQv4f.s:8696   .debug_str:00000000000042e6 .LASF602
C:\Users\zero6575\AppData\Local\Temp\ccoYQv4f.s:9426   .debug_str:0000000000006ca0 .LASF603
C:\Users\zero6575\AppData\Local\Temp\ccoYQv4f.s:7822   .debug_str:0000000000001015 .LASF604
C:\Users\zero6575\AppData\Local\Temp\ccoYQv4f.s:8494   .debug_str:00000000000038d5 .LASF605
C:\Users\zero6575\AppData\Local\Temp\ccoYQv4f.s:7862   .debug_str:000000000000122f .LASF606
C:\Users\zero6575\AppData\Local\Temp\ccoYQv4f.s:9656   .debug_str:000000000000785c .LASF607
C:\Users\zero6575\AppData\Local\Temp\ccoYQv4f.s:8374   .debug_str:00000000000031cd .LASF608
C:\Users\zero6575\AppData\Local\Temp\ccoYQv4f.s:9074   .debug_str:00000000000057d6 .LASF609
C:\Users\zero6575\AppData\Local\Temp\ccoYQv4f.s:7944   .debug_str:00000000000018af .LASF610
C:\Users\zero6575\AppData\Local\Temp\ccoYQv4f.s:7806   .debug_str:0000000000000f00 .LASF611
C:\Users\zero6575\AppData\Local\Temp\ccoYQv4f.s:9688   .debug_str:00000000000079f7 .LASF612
C:\Users\zero6575\AppData\Local\Temp\ccoYQv4f.s:8886   .debug_str:0000000000004d9f .LASF613
C:\Users\zero6575\AppData\Local\Temp\ccoYQv4f.s:9684   .debug_str:00000000000079b0 .LASF614
C:\Users\zero6575\AppData\Local\Temp\ccoYQv4f.s:8148   .debug_str:000000000000245a .LASF615
C:\Users\zero6575\AppData\Local\Temp\ccoYQv4f.s:8918   .debug_str:0000000000004fa7 .LASF616
C:\Users\zero6575\AppData\Local\Temp\ccoYQv4f.s:7908   .debug_str:000000000000172b .LASF617
C:\Users\zero6575\AppData\Local\Temp\ccoYQv4f.s:8960   .debug_str:0000000000005190 .LASF618
C:\Users\zero6575\AppData\Local\Temp\ccoYQv4f.s:9510   .debug_str:00000000000070f1 .LASF619
C:\Users\zero6575\AppData\Local\Temp\ccoYQv4f.s:8712   .debug_str:00000000000043af .LASF620
C:\Users\zero6575\AppData\Local\Temp\ccoYQv4f.s:9564   .debug_str:000000000000734e .LASF621
C:\Users\zero6575\AppData\Local\Temp\ccoYQv4f.s:10034  .debug_str:0000000000008cb2 .LASF622
C:\Users\zero6575\AppData\Local\Temp\ccoYQv4f.s:8880   .debug_str:0000000000004d60 .LASF623
C:\Users\zero6575\AppData\Local\Temp\ccoYQv4f.s:9392   .debug_str:0000000000006a48 .LASF624
C:\Users\zero6575\AppData\Local\Temp\ccoYQv4f.s:8994   .debug_str:00000000000052f0 .LASF625
C:\Users\zero6575\AppData\Local\Temp\ccoYQv4f.s:9034   .debug_str:0000000000005506 .LASF626
C:\Users\zero6575\AppData\Local\Temp\ccoYQv4f.s:9560   .debug_str:0000000000007326 .LASF627
C:\Users\zero6575\AppData\Local\Temp\ccoYQv4f.s:7986   .debug_str:0000000000001a91 .LASF628
C:\Users\zero6575\AppData\Local\Temp\ccoYQv4f.s:9972   .debug_str:00000000000089ac .LASF629
C:\Users\zero6575\AppData\Local\Temp\ccoYQv4f.s:9674   .debug_str:0000000000007955 .LASF630
C:\Users\zero6575\AppData\Local\Temp\ccoYQv4f.s:9970   .debug_str:00000000000088b6 .LASF631
C:\Users\zero6575\AppData\Local\Temp\ccoYQv4f.s:9300   .debug_str:0000000000006480 .LASF632
C:\Users\zero6575\AppData\Local\Temp\ccoYQv4f.s:9332   .debug_str:0000000000006749 .LASF633
C:\Users\zero6575\AppData\Local\Temp\ccoYQv4f.s:9424   .debug_str:0000000000006bf5 .LASF634
C:\Users\zero6575\AppData\Local\Temp\ccoYQv4f.s:7670   .debug_str:0000000000000753 .LASF635
C:\Users\zero6575\AppData\Local\Temp\ccoYQv4f.s:7558   .debug_str:00000000000001c6 .LASF636
C:\Users\zero6575\AppData\Local\Temp\ccoYQv4f.s:8138   .debug_str:00000000000022ac .LASF637
C:\Users\zero6575\AppData\Local\Temp\ccoYQv4f.s:8680   .debug_str:00000000000041e8 .LASF638
C:\Users\zero6575\AppData\Local\Temp\ccoYQv4f.s:8620   .debug_str:0000000000003ed6 .LASF639
C:\Users\zero6575\AppData\Local\Temp\ccoYQv4f.s:9882   .debug_str:00000000000083b8 .LASF640
C:\Users\zero6575\AppData\Local\Temp\ccoYQv4f.s:10062  .debug_str:0000000000008e4f .LASF641
C:\Users\zero6575\AppData\Local\Temp\ccoYQv4f.s:7872   .debug_str:00000000000012e0 .LASF642
C:\Users\zero6575\AppData\Local\Temp\ccoYQv4f.s:7692   .debug_str:000000000000092a .LASF643
C:\Users\zero6575\AppData\Local\Temp\ccoYQv4f.s:7998   .debug_str:0000000000001b47 .LASF644
C:\Users\zero6575\AppData\Local\Temp\ccoYQv4f.s:9370   .debug_str:00000000000068f7 .LASF645
C:\Users\zero6575\AppData\Local\Temp\ccoYQv4f.s:9648   .debug_str:00000000000077d9 .LASF646
C:\Users\zero6575\AppData\Local\Temp\ccoYQv4f.s:8798   .debug_str:00000000000048b7 .LASF647
C:\Users\zero6575\AppData\Local\Temp\ccoYQv4f.s:9376   .debug_str:000000000000694a .LASF648
C:\Users\zero6575\AppData\Local\Temp\ccoYQv4f.s:8964   .debug_str:00000000000051bf .LASF649
C:\Users\zero6575\AppData\Local\Temp\ccoYQv4f.s:8400   .debug_str:0000000000003331 .LASF650
C:\Users\zero6575\AppData\Local\Temp\ccoYQv4f.s:9066   .debug_str:0000000000005784 .LASF651
C:\Users\zero6575\AppData\Local\Temp\ccoYQv4f.s:8038   .debug_str:0000000000001d83 .LASF652
C:\Users\zero6575\AppData\Local\Temp\ccoYQv4f.s:8780   .debug_str:0000000000004757 .LASF653
C:\Users\zero6575\AppData\Local\Temp\ccoYQv4f.s:7994   .debug_str:0000000000001af1 .LASF654
C:\Users\zero6575\AppData\Local\Temp\ccoYQv4f.s:9906   .debug_str:0000000000008537 .LASF655
C:\Users\zero6575\AppData\Local\Temp\ccoYQv4f.s:8826   .debug_str:0000000000004a34 .LASF656
C:\Users\zero6575\AppData\Local\Temp\ccoYQv4f.s:9366   .debug_str:00000000000068a3 .LASF657
C:\Users\zero6575\AppData\Local\Temp\ccoYQv4f.s:9588   .debug_str:0000000000007456 .LASF658
C:\Users\zero6575\AppData\Local\Temp\ccoYQv4f.s:9912   .debug_str:0000000000008572 .LASF659
C:\Users\zero6575\AppData\Local\Temp\ccoYQv4f.s:9932   .debug_str:00000000000086a0 .LASF660
C:\Users\zero6575\AppData\Local\Temp\ccoYQv4f.s:9264   .debug_str:000000000000626c .LASF661
C:\Users\zero6575\AppData\Local\Temp\ccoYQv4f.s:9090   .debug_str:00000000000058c3 .LASF662
C:\Users\zero6575\AppData\Local\Temp\ccoYQv4f.s:8142   .debug_str:0000000000002406 .LASF663
C:\Users\zero6575\AppData\Local\Temp\ccoYQv4f.s:8064   .debug_str:0000000000001eae .LASF664
C:\Users\zero6575\AppData\Local\Temp\ccoYQv4f.s:8188   .debug_str:000000000000263a .LASF665
C:\Users\zero6575\AppData\Local\Temp\ccoYQv4f.s:8034   .debug_str:0000000000001d3b .LASF666
C:\Users\zero6575\AppData\Local\Temp\ccoYQv4f.s:9898   .debug_str:00000000000084b9 .LASF667
C:\Users\zero6575\AppData\Local\Temp\ccoYQv4f.s:8076   .debug_str:0000000000001f58 .LASF668
C:\Users\zero6575\AppData\Local\Temp\ccoYQv4f.s:8364   .debug_str:0000000000003117 .LASF669
C:\Users\zero6575\AppData\Local\Temp\ccoYQv4f.s:8836   .debug_str:0000000000004aa1 .LASF670
C:\Users\zero6575\AppData\Local\Temp\ccoYQv4f.s:9512   .debug_str:0000000000007105 .LASF671
C:\Users\zero6575\AppData\Local\Temp\ccoYQv4f.s:8120   .debug_str:00000000000021af .LASF672
C:\Users\zero6575\AppData\Local\Temp\ccoYQv4f.s:8394   .debug_str:00000000000032f8 .LASF673
C:\Users\zero6575\AppData\Local\Temp\ccoYQv4f.s:8082   .debug_str:0000000000001fc0 .LASF674
C:\Users\zero6575\AppData\Local\Temp\ccoYQv4f.s:9160   .debug_str:0000000000005cde .LASF676
C:\Users\zero6575\AppData\Local\Temp\ccoYQv4f.s:9214   .debug_str:0000000000005fc3 .LASF677
C:\Users\zero6575\AppData\Local\Temp\ccoYQv4f.s:10064  .debug_str:0000000000008eaa .LASF678
C:\Users\zero6575\AppData\Local\Temp\ccoYQv4f.s:8788   .debug_str:0000000000004826 .LASF679
C:\Users\zero6575\AppData\Local\Temp\ccoYQv4f.s:9874   .debug_str:0000000000008347 .LASF680
C:\Users\zero6575\AppData\Local\Temp\ccoYQv4f.s:7766   .debug_str:0000000000000d44 .LASF681
C:\Users\zero6575\AppData\Local\Temp\ccoYQv4f.s:8002   .debug_str:0000000000001bb8 .LASF682
C:\Users\zero6575\AppData\Local\Temp\ccoYQv4f.s:8596   .debug_str:0000000000003dc5 .LASF683
C:\Users\zero6575\AppData\Local\Temp\ccoYQv4f.s:9708   .debug_str:0000000000007ae0 .LASF684
C:\Users\zero6575\AppData\Local\Temp\ccoYQv4f.s:9760   .debug_str:0000000000007dbd .LASF685
C:\Users\zero6575\AppData\Local\Temp\ccoYQv4f.s:8262   .debug_str:0000000000002aaa .LASF686
C:\Users\zero6575\AppData\Local\Temp\ccoYQv4f.s:7714   .debug_str:0000000000000a37 .LASF687
C:\Users\zero6575\AppData\Local\Temp\ccoYQv4f.s:8616   .debug_str:0000000000003eb0 .LASF688
C:\Users\zero6575\AppData\Local\Temp\ccoYQv4f.s:9056   .debug_str:0000000000005701 .LASF689
C:\Users\zero6575\AppData\Local\Temp\ccoYQv4f.s:7982   .debug_str:0000000000001a70 .LASF690
C:\Users\zero6575\AppData\Local\Temp\ccoYQv4f.s:8966   .debug_str:00000000000051ea .LASF691
C:\Users\zero6575\AppData\Local\Temp\ccoYQv4f.s:9740   .debug_str:0000000000007c6e .LASF692
C:\Users\zero6575\AppData\Local\Temp\ccoYQv4f.s:8892   .debug_str:0000000000004e1c .LASF693
C:\Users\zero6575\AppData\Local\Temp\ccoYQv4f.s:8060   .debug_str:0000000000001e90 .LASF694
C:\Users\zero6575\AppData\Local\Temp\ccoYQv4f.s:10004  .debug_str:0000000000008b7b .LASF695
C:\Users\zero6575\AppData\Local\Temp\ccoYQv4f.s:7600   .debug_str:0000000000000487 .LASF696
C:\Users\zero6575\AppData\Local\Temp\ccoYQv4f.s:8112   .debug_str:0000000000002144 .LASF697
C:\Users\zero6575\AppData\Local\Temp\ccoYQv4f.s:9720   .debug_str:0000000000007b6c .LASF698
C:\Users\zero6575\AppData\Local\Temp\ccoYQv4f.s:9622   .debug_str:00000000000075f4 .LASF699
C:\Users\zero6575\AppData\Local\Temp\ccoYQv4f.s:7564   .debug_str:0000000000000286 .LASF700
C:\Users\zero6575\AppData\Local\Temp\ccoYQv4f.s:8782   .debug_str:0000000000004787 .LASF701
C:\Users\zero6575\AppData\Local\Temp\ccoYQv4f.s:8656   .debug_str:00000000000040d6 .LASF702
C:\Users\zero6575\AppData\Local\Temp\ccoYQv4f.s:7722   .debug_str:0000000000000a80 .LASF703
C:\Users\zero6575\AppData\Local\Temp\ccoYQv4f.s:9986   .debug_str:0000000000008aa4 .LASF704
C:\Users\zero6575\AppData\Local\Temp\ccoYQv4f.s:8476   .debug_str:00000000000037a2 .LASF705
C:\Users\zero6575\AppData\Local\Temp\ccoYQv4f.s:8406   .debug_str:000000000000337f .LASF706
C:\Users\zero6575\AppData\Local\Temp\ccoYQv4f.s:9570   .debug_str:00000000000073b2 .LASF707
C:\Users\zero6575\AppData\Local\Temp\ccoYQv4f.s:8436   .debug_str:00000000000034d0 .LASF708
C:\Users\zero6575\AppData\Local\Temp\ccoYQv4f.s:8226   .debug_str:00000000000028b3 .LASF709
C:\Users\zero6575\AppData\Local\Temp\ccoYQv4f.s:7938   .debug_str:0000000000001875 .LASF710
C:\Users\zero6575\AppData\Local\Temp\ccoYQv4f.s:9664   .debug_str:00000000000078e9 .LASF711
C:\Users\zero6575\AppData\Local\Temp\ccoYQv4f.s:9686   .debug_str:00000000000079de .LASF712
C:\Users\zero6575\AppData\Local\Temp\ccoYQv4f.s:7952   .debug_str:000000000000191f .LASF713
C:\Users\zero6575\AppData\Local\Temp\ccoYQv4f.s:9040   .debug_str:0000000000005551 .LASF714
C:\Users\zero6575\AppData\Local\Temp\ccoYQv4f.s:9832   .debug_str:000000000000818b .LASF715
C:\Users\zero6575\AppData\Local\Temp\ccoYQv4f.s:9992   .debug_str:0000000000008afa .LASF716
C:\Users\zero6575\AppData\Local\Temp\ccoYQv4f.s:9240   .debug_str:00000000000060f7 .LASF717
C:\Users\zero6575\AppData\Local\Temp\ccoYQv4f.s:9950   .debug_str:000000000000879a .LASF718
C:\Users\zero6575\AppData\Local\Temp\ccoYQv4f.s:10042  .debug_str:0000000000008d39 .LASF719
C:\Users\zero6575\AppData\Local\Temp\ccoYQv4f.s:9492   .debug_str:0000000000007034 .LASF720
C:\Users\zero6575\AppData\Local\Temp\ccoYQv4f.s:9718   .debug_str:0000000000007b5e .LASF721
C:\Users\zero6575\AppData\Local\Temp\ccoYQv4f.s:9580   .debug_str:0000000000007414 .LASF722
C:\Users\zero6575\AppData\Local\Temp\ccoYQv4f.s:8512   .debug_str:00000000000039e7 .LASF723
C:\Users\zero6575\AppData\Local\Temp\ccoYQv4f.s:8128   .debug_str:00000000000021f3 .LASF724
C:\Users\zero6575\AppData\Local\Temp\ccoYQv4f.s:7844   .debug_str:0000000000001145 .LASF725
C:\Users\zero6575\AppData\Local\Temp\ccoYQv4f.s:9314   .debug_str:00000000000065ae .LASF726
C:\Users\zero6575\AppData\Local\Temp\ccoYQv4f.s:9758   .debug_str:0000000000007d98 .LASF727
C:\Users\zero6575\AppData\Local\Temp\ccoYQv4f.s:9878   .debug_str:000000000000836f .LASF728
C:\Users\zero6575\AppData\Local\Temp\ccoYQv4f.s:8856   .debug_str:0000000000004c42 .LASF729
C:\Users\zero6575\AppData\Local\Temp\ccoYQv4f.s:7686   .debug_str:00000000000008cc .LASF730
C:\Users\zero6575\AppData\Local\Temp\ccoYQv4f.s:8610   .debug_str:0000000000003e58 .LASF731
C:\Users\zero6575\AppData\Local\Temp\ccoYQv4f.s:8708   .debug_str:0000000000004369 .LASF732
C:\Users\zero6575\AppData\Local\Temp\ccoYQv4f.s:8162   .debug_str:00000000000024ea .LASF733
C:\Users\zero6575\AppData\Local\Temp\ccoYQv4f.s:9614   .debug_str:0000000000007581 .LASF734
C:\Users\zero6575\AppData\Local\Temp\ccoYQv4f.s:9422   .debug_str:0000000000006bb8 .LASF735
C:\Users\zero6575\AppData\Local\Temp\ccoYQv4f.s:8874   .debug_str:0000000000004d13 .LASF736
C:\Users\zero6575\AppData\Local\Temp\ccoYQv4f.s:10052  .debug_str:0000000000008d99 .LASF737
C:\Users\zero6575\AppData\Local\Temp\ccoYQv4f.s:9220   .debug_str:0000000000005ffb .LASF738
C:\Users\zero6575\AppData\Local\Temp\ccoYQv4f.s:9198   .debug_str:0000000000005ee0 .LASF739
C:\Users\zero6575\AppData\Local\Temp\ccoYQv4f.s:8592   .debug_str:0000000000003d50 .LASF740
C:\Users\zero6575\AppData\Local\Temp\ccoYQv4f.s:8608   .debug_str:0000000000003e2c .LASF741
C:\Users\zero6575\AppData\Local\Temp\ccoYQv4f.s:9608   .debug_str:000000000000753e .LASF742
C:\Users\zero6575\AppData\Local\Temp\ccoYQv4f.s:7754   .debug_str:0000000000000c37 .LASF743
C:\Users\zero6575\AppData\Local\Temp\ccoYQv4f.s:9242   .debug_str:000000000000610d .LASF744
C:\Users\zero6575\AppData\Local\Temp\ccoYQv4f.s:8668   .debug_str:0000000000004135 .LASF745
C:\Users\zero6575\AppData\Local\Temp\ccoYQv4f.s:10038  .debug_str:0000000000008ce6 .LASF746
C:\Users\zero6575\AppData\Local\Temp\ccoYQv4f.s:9592   .debug_str:0000000000007493 .LASF747
C:\Users\zero6575\AppData\Local\Temp\ccoYQv4f.s:7676   .debug_str:00000000000007f5 .LASF748
C:\Users\zero6575\AppData\Local\Temp\ccoYQv4f.s:8942   .debug_str:00000000000050c5 .LASF749
C:\Users\zero6575\AppData\Local\Temp\ccoYQv4f.s:8180   .debug_str:00000000000025d5 .LASF750
C:\Users\zero6575\AppData\Local\Temp\ccoYQv4f.s:7904   .debug_str:00000000000016e5 .LASF751
C:\Users\zero6575\AppData\Local\Temp\ccoYQv4f.s:9628   .debug_str:0000000000007668 .LASF752
C:\Users\zero6575\AppData\Local\Temp\ccoYQv4f.s:10028  .debug_str:0000000000008c4c .LASF753
C:\Users\zero6575\AppData\Local\Temp\ccoYQv4f.s:9320   .debug_str:0000000000006665 .LASF754
C:\Users\zero6575\AppData\Local\Temp\ccoYQv4f.s:8852   .debug_str:0000000000004b9e .LASF755
C:\Users\zero6575\AppData\Local\Temp\ccoYQv4f.s:7576   .debug_str:000000000000036a .LASF756
C:\Users\zero6575\AppData\Local\Temp\ccoYQv4f.s:8244   .debug_str:000000000000299c .LASF757
C:\Users\zero6575\AppData\Local\Temp\ccoYQv4f.s:8214   .debug_str:00000000000027d0 .LASF758
C:\Users\zero6575\AppData\Local\Temp\ccoYQv4f.s:9196   .debug_str:0000000000005e7f .LASF759
C:\Users\zero6575\AppData\Local\Temp\ccoYQv4f.s:9174   .debug_str:0000000000005d84 .LASF760
C:\Users\zero6575\AppData\Local\Temp\ccoYQv4f.s:7926   .debug_str:00000000000017eb .LASF761
C:\Users\zero6575\AppData\Local\Temp\ccoYQv4f.s:8482   .debug_str:0000000000003810 .LASF762
C:\Users\zero6575\AppData\Local\Temp\ccoYQv4f.s:9482   .debug_str:0000000000006f91 .LASF763
C:\Users\zero6575\AppData\Local\Temp\ccoYQv4f.s:9086   .debug_str:000000000000583b .LASF764
C:\Users\zero6575\AppData\Local\Temp\ccoYQv4f.s:7808   .debug_str:0000000000000f20 .LASF765
C:\Users\zero6575\AppData\Local\Temp\ccoYQv4f.s:8442   .debug_str:0000000000003514 .LASF766
C:\Users\zero6575\AppData\Local\Temp\ccoYQv4f.s:8066   .debug_str:0000000000001ee7 .LASF767
C:\Users\zero6575\AppData\Local\Temp\ccoYQv4f.s:8884   .debug_str:0000000000004d86 .LASF768
C:\Users\zero6575\AppData\Local\Temp\ccoYQv4f.s:9272   .debug_str:00000000000062e3 .LASF769
C:\Users\zero6575\AppData\Local\Temp\ccoYQv4f.s:9496   .debug_str:000000000000705e .LASF770
C:\Users\zero6575\AppData\Local\Temp\ccoYQv4f.s:9902   .debug_str:0000000000008512 .LASF771
C:\Users\zero6575\AppData\Local\Temp\ccoYQv4f.s:8016   .debug_str:0000000000001c61 .LASF772
C:\Users\zero6575\AppData\Local\Temp\ccoYQv4f.s:9042   .debug_str:000000000000556d .LASF773
C:\Users\zero6575\AppData\Local\Temp\ccoYQv4f.s:7980   .debug_str:0000000000001a28 .LASF774
C:\Users\zero6575\AppData\Local\Temp\ccoYQv4f.s:8988   .debug_str:00000000000052c2 .LASF775
C:\Users\zero6575\AppData\Local\Temp\ccoYQv4f.s:9658   .debug_str:0000000000007879 .LASF776
C:\Users\zero6575\AppData\Local\Temp\ccoYQv4f.s:7582   .debug_str:00000000000003da .LASF777
C:\Users\zero6575\AppData\Local\Temp\ccoYQv4f.s:9818   .debug_str:00000000000080bf .LASF778
C:\Users\zero6575\AppData\Local\Temp\ccoYQv4f.s:8632   .debug_str:0000000000003fde .LASF779
C:\Users\zero6575\AppData\Local\Temp\ccoYQv4f.s:8272   .debug_str:0000000000002b33 .LASF780
C:\Users\zero6575\AppData\Local\Temp\ccoYQv4f.s:8254   .debug_str:0000000000002a4b .LASF781
C:\Users\zero6575\AppData\Local\Temp\ccoYQv4f.s:8022   .debug_str:0000000000001cc7 .LASF782
C:\Users\zero6575\AppData\Local\Temp\ccoYQv4f.s:9052   .debug_str:0000000000005605 .LASF783
C:\Users\zero6575\AppData\Local\Temp\ccoYQv4f.s:8474   .debug_str:0000000000003755 .LASF784
C:\Users\zero6575\AppData\Local\Temp\ccoYQv4f.s:8814   .debug_str:00000000000049aa .LASF785
C:\Users\zero6575\AppData\Local\Temp\ccoYQv4f.s:8330   .debug_str:0000000000002ead .LASF786
C:\Users\zero6575\AppData\Local\Temp\ccoYQv4f.s:9238   .debug_str:00000000000060aa .LASF787
C:\Users\zero6575\AppData\Local\Temp\ccoYQv4f.s:9064   .debug_str:0000000000005747 .LASF788
C:\Users\zero6575\AppData\Local\Temp\ccoYQv4f.s:8284   .debug_str:0000000000002bdc .LASF789
C:\Users\zero6575\AppData\Local\Temp\ccoYQv4f.s:8224   .debug_str:000000000000286c .LASF790
C:\Users\zero6575\AppData\Local\Temp\ccoYQv4f.s:9110   .debug_str:00000000000059d4 .LASF791
C:\Users\zero6575\AppData\Local\Temp\ccoYQv4f.s:8594   .debug_str:0000000000003d7a .LASF792
C:\Users\zero6575\AppData\Local\Temp\ccoYQv4f.s:7814   .debug_str:0000000000000f7e .LASF793
C:\Users\zero6575\AppData\Local\Temp\ccoYQv4f.s:7730   .debug_str:0000000000000afe .LASF794
C:\Users\zero6575\AppData\Local\Temp\ccoYQv4f.s:9156   .debug_str:0000000000005c8b .LASF795
C:\Users\zero6575\AppData\Local\Temp\ccoYQv4f.s:8704   .debug_str:0000000000004321 .LASF796
C:\Users\zero6575\AppData\Local\Temp\ccoYQv4f.s:8404   .debug_str:0000000000003372 .LASF797
C:\Users\zero6575\AppData\Local\Temp\ccoYQv4f.s:8922   .debug_str:0000000000004fe0 .LASF801
C:\Users\zero6575\AppData\Local\Temp\ccoYQv4f.s:7704   .debug_str:00000000000009e7 .LASF802
C:\Users\zero6575\AppData\Local\Temp\ccoYQv4f.s:7630   .debug_str:00000000000005e8 .LASF804
C:\Users\zero6575\AppData\Local\Temp\ccoYQv4f.s:9324   .debug_str:00000000000066d3 .LASF805
C:\Users\zero6575\AppData\Local\Temp\ccoYQv4f.s:8390   .debug_str:00000000000032c8 .LASF807
C:\Users\zero6575\AppData\Local\Temp\ccoYQv4f.s:8486   .debug_str:000000000000388d .LASF808
C:\Users\zero6575\AppData\Local\Temp\ccoYQv4f.s:9848   .debug_str:0000000000008225 .LASF810
C:\Users\zero6575\AppData\Local\Temp\ccoYQv4f.s:8234   .debug_str:000000000000292e .LASF811
C:\Users\zero6575\AppData\Local\Temp\ccoYQv4f.s:8936   .debug_str:0000000000005091 .LASF812
C:\Users\zero6575\AppData\Local\Temp\ccoYQv4f.s:8274   .debug_str:0000000000002b62 .LASF813
C:\Users\zero6575\AppData\Local\Temp\ccoYQv4f.s:8316   .debug_str:0000000000002e09 .LASF814
C:\Users\zero6575\AppData\Local\Temp\ccoYQv4f.s:8820   .debug_str:0000000000004a0d .LASF815
C:\Users\zero6575\AppData\Local\Temp\ccoYQv4f.s:9922   .debug_str:0000000000008627 .LASF816
C:\Users\zero6575\AppData\Local\Temp\ccoYQv4f.s:7698   .debug_str:00000000000009bc .LASF817
C:\Users\zero6575\AppData\Local\Temp\ccoYQv4f.s:8088   .debug_str:000000000000202c .LASF818
C:\Users\zero6575\AppData\Local\Temp\ccoYQv4f.s:7690   .debug_str:0000000000000913 .LASF819
C:\Users\zero6575\AppData\Local\Temp\ccoYQv4f.s:8290   .debug_str:0000000000002c7b .LASF820
C:\Users\zero6575\AppData\Local\Temp\ccoYQv4f.s:9550   .debug_str:0000000000007292 .LASF821
C:\Users\zero6575\AppData\Local\Temp\ccoYQv4f.s:9772   .debug_str:0000000000007e35 .LASF822
C:\Users\zero6575\AppData\Local\Temp\ccoYQv4f.s:9646   .debug_str:00000000000077bf .LASF823
C:\Users\zero6575\AppData\Local\Temp\ccoYQv4f.s:9444   .debug_str:0000000000006d99 .LASF824
C:\Users\zero6575\AppData\Local\Temp\ccoYQv4f.s:8484   .debug_str:0000000000003873 .LASF825
C:\Users\zero6575\AppData\Local\Temp\ccoYQv4f.s:9162   .debug_str:0000000000005cef .LASF826
C:\Users\zero6575\AppData\Local\Temp\ccoYQv4f.s:8652   .debug_str:00000000000040b5 .LASF829
C:\Users\zero6575\AppData\Local\Temp\ccoYQv4f.s:10096  .debug_str:0000000000009037 .LASF830
C:\Users\zero6575\AppData\Local\Temp\ccoYQv4f.s:8676   .debug_str:00000000000041cd .LASF831
C:\Users\zero6575\AppData\Local\Temp\ccoYQv4f.s:7900   .debug_str:00000000000016bf .LASF832
C:\Users\zero6575\AppData\Local\Temp\ccoYQv4f.s:8342   .debug_str:0000000000002f4e .LASF833
C:\Users\zero6575\AppData\Local\Temp\ccoYQv4f.s:8218   .debug_str:0000000000002820 .LASF834
C:\Users\zero6575\AppData\Local\Temp\ccoYQv4f.s:10074  .debug_str:0000000000008f3a .LASF835
C:\Users\zero6575\AppData\Local\Temp\ccoYQv4f.s:8998   .debug_str:0000000000005310 .LASF836
C:\Users\zero6575\AppData\Local\Temp\ccoYQv4f.s:9054   .debug_str:000000000000562a .LASF837
C:\Users\zero6575\AppData\Local\Temp\ccoYQv4f.s:8350   .debug_str:0000000000002fa3 .LASF838
C:\Users\zero6575\AppData\Local\Temp\ccoYQv4f.s:8550   .debug_str:0000000000003b64 .LASF841
C:\Users\zero6575\AppData\Local\Temp\ccoYQv4f.s:9978   .debug_str:00000000000089f1 .LASF842
C:\Users\zero6575\AppData\Local\Temp\ccoYQv4f.s:7902   .debug_str:00000000000016d1 .LASF843
C:\Users\zero6575\AppData\Local\Temp\ccoYQv4f.s:8818   .debug_str:00000000000049fa .LASF844
C:\Users\zero6575\AppData\Local\Temp\ccoYQv4f.s:9678   .debug_str:0000000000007986 .LASF845
C:\Users\zero6575\AppData\Local\Temp\ccoYQv4f.s:8760   .debug_str:000000000000467f .LASF846
C:\Users\zero6575\AppData\Local\Temp\ccoYQv4f.s:8328   .debug_str:0000000000002e8b .LASF847
C:\Users\zero6575\AppData\Local\Temp\ccoYQv4f.s:7854   .debug_str:00000000000011d1 .LASF848
C:\Users\zero6575\AppData\Local\Temp\ccoYQv4f.s:8178   .debug_str:0000000000002591 .LASF849
C:\Users\zero6575\AppData\Local\Temp\ccoYQv4f.s:8386   .debug_str:000000000000326d .LASF850
C:\Users\zero6575\AppData\Local\Temp\ccoYQv4f.s:7762   .debug_str:0000000000000cd6 .LASF851
C:\Users\zero6575\AppData\Local\Temp\ccoYQv4f.s:8294   .debug_str:0000000000002cb5 .LASF852
C:\Users\zero6575\AppData\Local\Temp\ccoYQv4f.s:7626   .debug_str:00000000000005cd .LASF853
C:\Users\zero6575\AppData\Local\Temp\ccoYQv4f.s:7638   .debug_str:0000000000000630 .LASF854
C:\Users\zero6575\AppData\Local\Temp\ccoYQv4f.s:8868   .debug_str:0000000000004caf .LASF855
C:\Users\zero6575\AppData\Local\Temp\ccoYQv4f.s:8446   .debug_str:0000000000003585 .LASF856
C:\Users\zero6575\AppData\Local\Temp\ccoYQv4f.s:9690   .debug_str:0000000000007a21 .LASF857
C:\Users\zero6575\AppData\Local\Temp\ccoYQv4f.s:9594   .debug_str:00000000000074a7 .LASF858
C:\Users\zero6575\AppData\Local\Temp\ccoYQv4f.s:9340   .debug_str:00000000000067a8 .LASF859
C:\Users\zero6575\AppData\Local\Temp\ccoYQv4f.s:7960   .debug_str:0000000000001981 .LASF860
C:\Users\zero6575\AppData\Local\Temp\ccoYQv4f.s:8352   .debug_str:0000000000003073 .LASF861
C:\Users\zero6575\AppData\Local\Temp\ccoYQv4f.s:8416   .debug_str:000000000000340d .LASF862
C:\Users\zero6575\AppData\Local\Temp\ccoYQv4f.s:7712   .debug_str:0000000000000a22 .LASF863
C:\Users\zero6575\AppData\Local\Temp\ccoYQv4f.s:8980   .debug_str:0000000000005272 .LASF864
C:\Users\zero6575\AppData\Local\Temp\ccoYQv4f.s:9350   .debug_str:0000000000006804 .LASF865
C:\Users\zero6575\AppData\Local\Temp\ccoYQv4f.s:9478   .debug_str:0000000000006f74 .LASF866
C:\Users\zero6575\AppData\Local\Temp\ccoYQv4f.s:8982   .debug_str:0000000000005285 .LASF867
C:\Users\zero6575\AppData\Local\Temp\ccoYQv4f.s:8388   .debug_str:00000000000032b2 .LASF868
C:\Users\zero6575\AppData\Local\Temp\ccoYQv4f.s:7962   .debug_str:0000000000001993 .LASF869
C:\Users\zero6575\AppData\Local\Temp\ccoYQv4f.s:9770   .debug_str:0000000000007e24 .LASF870
C:\Users\zero6575\AppData\Local\Temp\ccoYQv4f.s:9702   .debug_str:0000000000007ab0 .LASF871
C:\Users\zero6575\AppData\Local\Temp\ccoYQv4f.s:8810   .debug_str:000000000000495d .LASF872
C:\Users\zero6575\AppData\Local\Temp\ccoYQv4f.s:8384   .debug_str:000000000000325c .LASF873
C:\Users\zero6575\AppData\Local\Temp\ccoYQv4f.s:9416   .debug_str:0000000000006b7d .LASF874
C:\Users\zero6575\AppData\Local\Temp\ccoYQv4f.s:9292   .debug_str:000000000000644d .LASF875
C:\Users\zero6575\AppData\Local\Temp\ccoYQv4f.s:8468   .debug_str:00000000000036fa .LASF876
C:\Users\zero6575\AppData\Local\Temp\ccoYQv4f.s:9562   .debug_str:000000000000733b .LASF877
C:\Users\zero6575\AppData\Local\Temp\ccoYQv4f.s:9226   .debug_str:000000000000604c .LASF878
C:\Users\zero6575\AppData\Local\Temp\ccoYQv4f.s:9020   .debug_str:000000000000549b .LASF879
C:\Users\zero6575\AppData\Local\Temp\ccoYQv4f.s:10072  .debug_str:0000000000008f25 .LASF880
C:\Users\zero6575\AppData\Local\Temp\ccoYQv4f.s:8756   .debug_str:000000000000464e .LASF881
C:\Users\zero6575\AppData\Local\Temp\ccoYQv4f.s:9782   .debug_str:0000000000007ede .LASF882
C:\Users\zero6575\AppData\Local\Temp\ccoYQv4f.s:9398   .debug_str:0000000000006a85 .LASF883
C:\Users\zero6575\AppData\Local\Temp\ccoYQv4f.s:8158   .debug_str:00000000000024cf .LASF884
C:\Users\zero6575\AppData\Local\Temp\ccoYQv4f.s:9212   .debug_str:0000000000005fb4 .LASF886
C:\Users\zero6575\AppData\Local\Temp\ccoYQv4f.s:8658   .debug_str:00000000000040f2 .LASF887
C:\Users\zero6575\AppData\Local\Temp\ccoYQv4f.s:9152   .debug_str:0000000000005c3d .LASF888
C:\Users\zero6575\AppData\Local\Temp\ccoYQv4f.s:7924   .debug_str:00000000000017e0 .LASF889
C:\Users\zero6575\AppData\Local\Temp\ccoYQv4f.s:7786   .debug_str:0000000000000e18 .LASF890
C:\Users\zero6575\AppData\Local\Temp\ccoYQv4f.s:8740   .debug_str:0000000000004564 .LASF891
C:\Users\zero6575\AppData\Local\Temp\ccoYQv4f.s:7776   .debug_str:0000000000000db7 .LASF892
C:\Users\zero6575\AppData\Local\Temp\ccoYQv4f.s:9274   .debug_str:0000000000006303 .LASF893
C:\Users\zero6575\AppData\Local\Temp\ccoYQv4f.s:8738   .debug_str:000000000000454a .LASF894
C:\Users\zero6575\AppData\Local\Temp\ccoYQv4f.s:9732   .debug_str:0000000000007c14 .LASF895
C:\Users\zero6575\AppData\Local\Temp\ccoYQv4f.s:9724   .debug_str:0000000000007b96 .LASF896
C:\Users\zero6575\AppData\Local\Temp\ccoYQv4f.s:8286   .debug_str:0000000000002c29 .LASF897
C:\Users\zero6575\AppData\Local\Temp\ccoYQv4f.s:9866   .debug_str:00000000000082cd .LASF898
C:\Users\zero6575\AppData\Local\Temp\ccoYQv4f.s:10138  .debug_str:00000000000092b6 .LASF901
C:\Users\zero6575\AppData\Local\Temp\ccoYQv4f.s:9804   .debug_str:0000000000007fd0 .LASF902
C:\Users\zero6575\AppData\Local\Temp\ccoYQv4f.s:10056  .debug_str:0000000000008dc8 .LASF903
C:\Users\zero6575\AppData\Local\Temp\ccoYQv4f.s:8910   .debug_str:0000000000004eb9 .LASF904
C:\Users\zero6575\AppData\Local\Temp\ccoYQv4f.s:9864   .debug_str:00000000000082bf .LASF905
C:\Users\zero6575\AppData\Local\Temp\ccoYQv4f.s:8062   .debug_str:0000000000001ea1 .LASF906
C:\Users\zero6575\AppData\Local\Temp\ccoYQv4f.s:8604   .debug_str:0000000000003e0a .LASF907
C:\Users\zero6575\AppData\Local\Temp\ccoYQv4f.s:9276   .debug_str:000000000000631c .LASF908
C:\Users\zero6575\AppData\Local\Temp\ccoYQv4f.s:9544   .debug_str:0000000000007250 .LASF909
C:\Users\zero6575\AppData\Local\Temp\ccoYQv4f.s:8882   .debug_str:0000000000004d78 .LASF910
C:\Users\zero6575\AppData\Local\Temp\ccoYQv4f.s:9726   .debug_str:0000000000007bd0 .LASF911
C:\Users\zero6575\AppData\Local\Temp\ccoYQv4f.s:9418   .debug_str:0000000000006b8e .LASF912
C:\Users\zero6575\AppData\Local\Temp\ccoYQv4f.s:9456   .debug_str:0000000000006eaa .LASF913
C:\Users\zero6575\AppData\Local\Temp\ccoYQv4f.s:9312   .debug_str:00000000000065a0 .LASF914
C:\Users\zero6575\AppData\Local\Temp\ccoYQv4f.s:9824   .debug_str:000000000000810f .LASF915
C:\Users\zero6575\AppData\Local\Temp\ccoYQv4f.s:8992   .debug_str:00000000000052e2 .LASF916
C:\Users\zero6575\AppData\Local\Temp\ccoYQv4f.s:7592   .debug_str:0000000000000444 .LASF917
C:\Users\zero6575\AppData\Local\Temp\ccoYQv4f.s:7710   .debug_str:0000000000000a14 .LASF918
C:\Users\zero6575\AppData\Local\Temp\ccoYQv4f.s:9994   .debug_str:0000000000008b0d .LASF919
C:\Users\zero6575\AppData\Local\Temp\ccoYQv4f.s:8896   .debug_str:0000000000004e3c .LASF920
C:\Users\zero6575\AppData\Local\Temp\ccoYQv4f.s:8860   .debug_str:0000000000004c7f .LASF921
C:\Users\zero6575\AppData\Local\Temp\ccoYQv4f.s:9958   .debug_str:00000000000087f4 .LASF922
C:\Users\zero6575\AppData\Local\Temp\ccoYQv4f.s:8660   .debug_str:0000000000004100 .LASF923
C:\Users\zero6575\AppData\Local\Temp\ccoYQv4f.s:8954   .debug_str:0000000000005168 .LASF924
C:\Users\zero6575\AppData\Local\Temp\ccoYQv4f.s:8248   .debug_str:0000000000002a14 .LASF925
C:\Users\zero6575\AppData\Local\Temp\ccoYQv4f.s:9184   .debug_str:0000000000005e14 .LASF926
C:\Users\zero6575\AppData\Local\Temp\ccoYQv4f.s:10058  .debug_str:0000000000008e1f .LASF927
C:\Users\zero6575\AppData\Local\Temp\ccoYQv4f.s:7928   .debug_str:000000000000180e .LASF928
C:\Users\zero6575\AppData\Local\Temp\ccoYQv4f.s:8014   .debug_str:0000000000001c51 .LASF929
C:\Users\zero6575\AppData\Local\Temp\ccoYQv4f.s:7718   .debug_str:0000000000000a5d .LASF930
C:\Users\zero6575\AppData\Local\Temp\ccoYQv4f.s:9078   .debug_str:00000000000057fa .LASF931
C:\Users\zero6575\AppData\Local\Temp\ccoYQv4f.s:8796   .debug_str:00000000000048ac .LASF932
C:\Users\zero6575\AppData\Local\Temp\ccoYQv4f.s:7752   .debug_str:0000000000000c2c .LASF933
C:\Users\zero6575\AppData\Local\Temp\ccoYQv4f.s:10080  .debug_str:0000000000008fa3 .LASF934
C:\Users\zero6575\AppData\Local\Temp\ccoYQv4f.s:7892   .debug_str:0000000000001676 .LASF935
C:\Users\zero6575\AppData\Local\Temp\ccoYQv4f.s:7522   .debug_str:0000000000000012 .LASF936
C:\Users\zero6575\AppData\Local\Temp\ccoYQv4f.s:10132  .debug_str:0000000000009266 .LASF937
C:\Users\zero6575\AppData\Local\Temp\ccoYQv4f.s:9668   .debug_str:0000000000007919 .LASF938
C:\Users\zero6575\AppData\Local\Temp\ccoYQv4f.s:10134  .debug_str:0000000000009280 .LASF939
C:\Users\zero6575\AppData\Local\Temp\ccoYQv4f.s:7634   .debug_str:0000000000000602 .LASF940
C:\Users\zero6575\AppData\Local\Temp\ccoYQv4f.s:9630   .debug_str:000000000000769b .LASF941
C:\Users\zero6575\AppData\Local\Temp\ccoYQv4f.s:9660   .debug_str:0000000000007884 .LASF942
C:\Users\zero6575\AppData\Local\Temp\ccoYQv4f.s:8728   .debug_str:00000000000044ad .LASF943
C:\Users\zero6575\AppData\Local\Temp\ccoYQv4f.s:10142  .debug_str:00000000000092dd .LASF944
C:\Users\zero6575\AppData\Local\Temp\ccoYQv4f.s:8694   .debug_str:00000000000042b6 .LASF945
C:\Users\zero6575\AppData\Local\Temp\ccoYQv4f.s:7552   .debug_str:0000000000000163 .LASF946
C:\Users\zero6575\AppData\Local\Temp\ccoYQv4f.s:7948   .debug_str:00000000000018df .LASF947
C:\Users\zero6575\AppData\Local\Temp\ccoYQv4f.s:9640   .debug_str:0000000000007755 .LASF948
C:\Users\zero6575\AppData\Local\Temp\ccoYQv4f.s:9868   .debug_str:00000000000082e9 .LASF949
C:\Users\zero6575\AppData\Local\Temp\ccoYQv4f.s:9142   .debug_str:0000000000005ba5 .LASF950
C:\Users\zero6575\AppData\Local\Temp\ccoYQv4f.s:8786   .debug_str:00000000000047be .LASF951
C:\Users\zero6575\AppData\Local\Temp\ccoYQv4f.s:8030   .debug_str:0000000000001d24 .LASF952
C:\Users\zero6575\AppData\Local\Temp\ccoYQv4f.s:9598   .debug_str:00000000000074c1 .LASF954
C:\Users\zero6575\AppData\Local\Temp\ccoYQv4f.s:8862   .debug_str:0000000000004c88 .LASF956
C:\Users\zero6575\AppData\Local\Temp\ccoYQv4f.s:7528   .debug_str:0000000000000073 .LASF957
C:\Users\zero6575\AppData\Local\Temp\ccoYQv4f.s:8228   .debug_str:00000000000028ca .LASF958
C:\Users\zero6575\AppData\Local\Temp\ccoYQv4f.s:9130   .debug_str:0000000000005aea .LASF959
C:\Users\zero6575\AppData\Local\Temp\ccoYQv4f.s:9908   .debug_str:000000000000855e .LASF960
C:\Users\zero6575\AppData\Local\Temp\ccoYQv4f.s:9182   .debug_str:0000000000005e05 .LASF961
C:\Users\zero6575\AppData\Local\Temp\ccoYQv4f.s:9308   .debug_str:0000000000006563 .LASF962
C:\Users\zero6575\AppData\Local\Temp\ccoYQv4f.s:7724   .debug_str:0000000000000a9d .LASF963
C:\Users\zero6575\AppData\Local\Temp\ccoYQv4f.s:7654   .debug_str:0000000000000697 .LASF964
C:\Users\zero6575\AppData\Local\Temp\ccoYQv4f.s:8770   .debug_str:00000000000046ff .LASF965
C:\Users\zero6575\AppData\Local\Temp\ccoYQv4f.s:9894   .debug_str:000000000000847a .LASF966
C:\Users\zero6575\AppData\Local\Temp\ccoYQv4f.s:8412   .debug_str:00000000000033c2 .LASF967
C:\Users\zero6575\AppData\Local\Temp\ccoYQv4f.s:8828   .debug_str:0000000000004a5e .LASF968
C:\Users\zero6575\AppData\Local\Temp\ccoYQv4f.s:7772   .debug_str:0000000000000da0 .LASF969
C:\Users\zero6575\AppData\Local\Temp\ccoYQv4f.s:7848   .debug_str:0000000000001188 .LASF970
C:\Users\zero6575\AppData\Local\Temp\ccoYQv4f.s:9672   .debug_str:000000000000794e .LASF971
C:\Users\zero6575\AppData\Local\Temp\ccoYQv4f.s:9890   .debug_str:0000000000008459 .LASF972
C:\Users\zero6575\AppData\Local\Temp\ccoYQv4f.s:8428   .debug_str:0000000000003489 .LASF973
C:\Users\zero6575\AppData\Local\Temp\ccoYQv4f.s:7946   .debug_str:00000000000018d7 .LASF974
C:\Users\zero6575\AppData\Local\Temp\ccoYQv4f.s:8864   .debug_str:0000000000004c9a .LASF975
C:\Users\zero6575\AppData\Local\Temp\ccoYQv4f.s:7916   .debug_str:0000000000001779 .LASF976
C:\Users\zero6575\AppData\Local\Temp\ccoYQv4f.s:8478   .debug_str:00000000000037db .LASF977
C:\Users\zero6575\AppData\Local\Temp\ccoYQv4f.s:8086   .debug_str:0000000000001fec .LASF978
C:\Users\zero6575\AppData\Local\Temp\ccoYQv4f.s:10040  .debug_str:0000000000008d0e .LASF979
C:\Users\zero6575\AppData\Local\Temp\ccoYQv4f.s:9810   .debug_str:000000000000804f .LASF980
C:\Users\zero6575\AppData\Local\Temp\ccoYQv4f.s:7910   .debug_str:000000000000173b .LASF981
C:\Users\zero6575\AppData\Local\Temp\ccoYQv4f.s:8950   .debug_str:0000000000005133 .LASF982
C:\Users\zero6575\AppData\Local\Temp\ccoYQv4f.s:9624   .debug_str:0000000000007617 .LASF983
C:\Users\zero6575\AppData\Local\Temp\ccoYQv4f.s:7804   .debug_str:0000000000000eda .LASF984
C:\Users\zero6575\AppData\Local\Temp\ccoYQv4f.s:9776   .debug_str:0000000000007e70 .LASF985
C:\Users\zero6575\AppData\Local\Temp\ccoYQv4f.s:10116  .debug_str:0000000000009155 .LASF986
C:\Users\zero6575\AppData\Local\Temp\ccoYQv4f.s:8498   .debug_str:000000000000390e .LASF987
C:\Users\zero6575\AppData\Local\Temp\ccoYQv4f.s:8010   .debug_str:0000000000001c1b .LASF988
C:\Users\zero6575\AppData\Local\Temp\ccoYQv4f.s:9606   .debug_str:0000000000007518 .LASF989
C:\Users\zero6575\AppData\Local\Temp\ccoYQv4f.s:9448   .debug_str:0000000000006dd2 .LASF990
C:\Users\zero6575\AppData\Local\Temp\ccoYQv4f.s:8778   .debug_str:0000000000004737 .LASF991
C:\Users\zero6575\AppData\Local\Temp\ccoYQv4f.s:7866   .debug_str:0000000000001276 .LASF992
C:\Users\zero6575\AppData\Local\Temp\ccoYQv4f.s:9636   .debug_str:0000000000007713 .LASF993
C:\Users\zero6575\AppData\Local\Temp\ccoYQv4f.s:7682   .debug_str:000000000000087e .LASF994
C:\Users\zero6575\AppData\Local\Temp\ccoYQv4f.s:9744   .debug_str:0000000000007c98 .LASF995
C:\Users\zero6575\AppData\Local\Temp\ccoYQv4f.s:7532   .debug_str:000000000000008c .LASF996
C:\Users\zero6575\AppData\Local\Temp\ccoYQv4f.s:8194   .debug_str:000000000000269d .LASF997
C:\Users\zero6575\AppData\Local\Temp\ccoYQv4f.s:7618   .debug_str:0000000000000567 .LASF998
C:\Users\zero6575\AppData\Local\Temp\ccoYQv4f.s:8872   .debug_str:0000000000004ce1 .LASF999
C:\Users\zero6575\AppData\Local\Temp\ccoYQv4f.s:9746   .debug_str:0000000000007cd5 .LASF1000
C:\Users\zero6575\AppData\Local\Temp\ccoYQv4f.s:8888   .debug_str:0000000000004dc3 .LASF1001
C:\Users\zero6575\AppData\Local\Temp\ccoYQv4f.s:9132   .debug_str:0000000000005b01 .LASF1002
C:\Users\zero6575\AppData\Local\Temp\ccoYQv4f.s:8470   .debug_str:000000000000370b .LASF1003
C:\Users\zero6575\AppData\Local\Temp\ccoYQv4f.s:9316   .debug_str:00000000000065d1 .LASF1004
C:\Users\zero6575\AppData\Local\Temp\ccoYQv4f.s:7602   .debug_str:000000000000049d .LASF1005
C:\Users\zero6575\AppData\Local\Temp\ccoYQv4f.s:8546   .debug_str:0000000000003b2c .LASF1006
C:\Users\zero6575\AppData\Local\Temp\ccoYQv4f.s:8308   .debug_str:0000000000002da1 .LASF1007
C:\Users\zero6575\AppData\Local\Temp\ccoYQv4f.s:10114  .debug_str:000000000000912f .LASF1008
C:\Users\zero6575\AppData\Local\Temp\ccoYQv4f.s:10106  .debug_str:0000000000009090 .LASF1009
C:\Users\zero6575\AppData\Local\Temp\ccoYQv4f.s:7572   .debug_str:00000000000002e6 .LASF1010
C:\Users\zero6575\AppData\Local\Temp\ccoYQv4f.s:8344   .debug_str:0000000000002f60 .LASF1015
C:\Users\zero6575\AppData\Local\Temp\ccoYQv4f.s:9070   .debug_str:00000000000057c1 .LASF1016
C:\Users\zero6575\AppData\Local\Temp\ccoYQv4f.s:9336   .debug_str:000000000000677d .LASF1017
C:\Users\zero6575\AppData\Local\Temp\ccoYQv4f.s:7884   .debug_str:000000000000161e .LASF1018
C:\Users\zero6575\AppData\Local\Temp\ccoYQv4f.s:7886   .debug_str:0000000000001630 .LASF1019
C:\Users\zero6575\AppData\Local\Temp\ccoYQv4f.s:7818   .debug_str:0000000000000fd2 .LASF1020
C:\Users\zero6575\AppData\Local\Temp\ccoYQv4f.s:9188   .debug_str:0000000000005e41 .LASF1021
C:\Users\zero6575\AppData\Local\Temp\ccoYQv4f.s:9280   .debug_str:000000000000634e .LASF1022
C:\Users\zero6575\AppData\Local\Temp\ccoYQv4f.s:9842   .debug_str:00000000000081ee .LASF1023
C:\Users\zero6575\AppData\Local\Temp\ccoYQv4f.s:8360   .debug_str:00000000000030e0 .LASF1024
C:\Users\zero6575\AppData\Local\Temp\ccoYQv4f.s:7966   .debug_str:00000000000019b2 .LASF1025
C:\Users\zero6575\AppData\Local\Temp\ccoYQv4f.s:9270   .debug_str:00000000000062d6 .LASF1026
C:\Users\zero6575\AppData\Local\Temp\ccoYQv4f.s:9854   .debug_str:0000000000008262 .LASF1027
C:\Users\zero6575\AppData\Local\Temp\ccoYQv4f.s:10048  .debug_str:0000000000008d7b .LASF1028
C:\Users\zero6575\AppData\Local\Temp\ccoYQv4f.s:9082   .debug_str:0000000000005811 .LASF1029
C:\Users\zero6575\AppData\Local\Temp\ccoYQv4f.s:7870   .debug_str:00000000000012d3 .LASF1030
C:\Users\zero6575\AppData\Local\Temp\ccoYQv4f.s:9286   .debug_str:00000000000063f0 .LASF1031
C:\Users\zero6575\AppData\Local\Temp\ccoYQv4f.s:9258   .debug_str:0000000000006232 .LASF1032
C:\Users\zero6575\AppData\Local\Temp\ccoYQv4f.s:9790   .debug_str:0000000000007f34 .LASF1033
C:\Users\zero6575\AppData\Local\Temp\ccoYQv4f.s:9574   .debug_str:00000000000073e7 .LASF1034
C:\Users\zero6575\AppData\Local\Temp\ccoYQv4f.s:8578   .debug_str:0000000000003cd7 .LASF1035
C:\Users\zero6575\AppData\Local\Temp\ccoYQv4f.s:8958   .debug_str:0000000000005183 .LASF1036
C:\Users\zero6575\AppData\Local\Temp\ccoYQv4f.s:9460   .debug_str:0000000000006ec1 .LASF1037
C:\Users\zero6575\AppData\Local\Temp\ccoYQv4f.s:9386   .debug_str:00000000000069f9 .LASF1038
C:\Users\zero6575\AppData\Local\Temp\ccoYQv4f.s:10086  .debug_str:0000000000008fd7 .LASF1039
C:\Users\zero6575\AppData\Local\Temp\ccoYQv4f.s:9036   .debug_str:000000000000551e .LASF1040
C:\Users\zero6575\AppData\Local\Temp\ccoYQv4f.s:9582   .debug_str:0000000000007424 .LASF1041
C:\Users\zero6575\AppData\Local\Temp\ccoYQv4f.s:7996   .debug_str:0000000000001b1f .LASF1042
C:\Users\zero6575\AppData\Local\Temp\ccoYQv4f.s:7794   .debug_str:0000000000000e65 .LASF1043
C:\Users\zero6575\AppData\Local\Temp\ccoYQv4f.s:8832   .debug_str:0000000000004a6c .LASF1044
C:\Users\zero6575\AppData\Local\Temp\ccoYQv4f.s:10012  .debug_str:0000000000008bc2 .LASF1045
C:\Users\zero6575\AppData\Local\Temp\ccoYQv4f.s:7570   .debug_str:00000000000002d4 .LASF1046
C:\Users\zero6575\AppData\Local\Temp\ccoYQv4f.s:9860   .debug_str:0000000000008291 .LASF1047
C:\Users\zero6575\AppData\Local\Temp\ccoYQv4f.s:8710   .debug_str:000000000000439c .LASF1048
C:\Users\zero6575\AppData\Local\Temp\ccoYQv4f.s:8216   .debug_str:000000000000280e .LASF1049
C:\Users\zero6575\AppData\Local\Temp\ccoYQv4f.s:8504   .debug_str:0000000000003994 .LASF1050
C:\Users\zero6575\AppData\Local\Temp\ccoYQv4f.s:9884   .debug_str:0000000000008420 .LASF1051
C:\Users\zero6575\AppData\Local\Temp\ccoYQv4f.s:7840   .debug_str:0000000000001123 .LASF1052
C:\Users\zero6575\AppData\Local\Temp\ccoYQv4f.s:9506   .debug_str:00000000000070ca .LASF1053
C:\Users\zero6575\AppData\Local\Temp\ccoYQv4f.s:9836   .debug_str:00000000000081c7 .LASF1054
C:\Users\zero6575\AppData\Local\Temp\ccoYQv4f.s:8946   .debug_str:00000000000050ff .LASF1055
C:\Users\zero6575\AppData\Local\Temp\ccoYQv4f.s:8126   .debug_str:00000000000021d7 .LASF1056
C:\Users\zero6575\AppData\Local\Temp\ccoYQv4f.s:8018   .debug_str:0000000000001c9e .LASF1057
C:\Users\zero6575\AppData\Local\Temp\ccoYQv4f.s:8644   .debug_str:0000000000004053 .LASF1058
C:\Users\zero6575\AppData\Local\Temp\ccoYQv4f.s:9368   .debug_str:00000000000068d8 .LASF1059
C:\Users\zero6575\AppData\Local\Temp\ccoYQv4f.s:7662   .debug_str:00000000000006f3 .LASF1060
C:\Users\zero6575\AppData\Local\Temp\ccoYQv4f.s:8792   .debug_str:0000000000004877 .LASF1061
C:\Users\zero6575\AppData\Local\Temp\ccoYQv4f.s:7826   .debug_str:000000000000103c .LASF1062
C:\Users\zero6575\AppData\Local\Temp\ccoYQv4f.s:9346   .debug_str:00000000000067e0 .LASF1063
C:\Users\zero6575\AppData\Local\Temp\ccoYQv4f.s:9084   .debug_str:0000000000005820 .LASF1064
C:\Users\zero6575\AppData\Local\Temp\ccoYQv4f.s:9578   .debug_str:00000000000073ff .LASF1065
C:\Users\zero6575\AppData\Local\Temp\ccoYQv4f.s:8990   .debug_str:00000000000052cc .LASF1066
C:\Users\zero6575\AppData\Local\Temp\ccoYQv4f.s:9434   .debug_str:0000000000006d0e .LASF1067
C:\Users\zero6575\AppData\Local\Temp\ccoYQv4f.s:9210   .debug_str:0000000000005f92 .LASF1068
C:\Users\zero6575\AppData\Local\Temp\ccoYQv4f.s:8588   .debug_str:0000000000003d33 .LASF1069
C:\Users\zero6575\AppData\Local\Temp\ccoYQv4f.s:7610   .debug_str:0000000000000504 .LASF1070
C:\Users\zero6575\AppData\Local\Temp\ccoYQv4f.s:9384   .debug_str:00000000000069db .LASF1071
C:\Users\zero6575\AppData\Local\Temp\ccoYQv4f.s:8912   .debug_str:0000000000004ec7 .LASF1072
C:\Users\zero6575\AppData\Local\Temp\ccoYQv4f.s:7680   .debug_str:000000000000082b .LASF1073
C:\Users\zero6575\AppData\Local\Temp\ccoYQv4f.s:9284   .debug_str:0000000000006386 .LASF1074
C:\Users\zero6575\AppData\Local\Temp\ccoYQv4f.s:9112   .debug_str:0000000000005a25 .LASF1075
C:\Users\zero6575\AppData\Local\Temp\ccoYQv4f.s:7550   .debug_str:000000000000014a .LASF1076
C:\Users\zero6575\AppData\Local\Temp\ccoYQv4f.s:8614   .debug_str:0000000000003e97 .LASF1077
C:\Users\zero6575\AppData\Local\Temp\ccoYQv4f.s:8116   .debug_str:0000000000002186 .LASF1078
C:\Users\zero6575\AppData\Local\Temp\ccoYQv4f.s:9062   .debug_str:000000000000573f .LASF1083
C:\Users\zero6575\AppData\Local\Temp\ccoYQv4f.s:8190   .debug_str:0000000000002677 .LASF1084
C:\Users\zero6575\AppData\Local\Temp\ccoYQv4f.s:8672   .debug_str:00000000000041b1 .LASF1085
C:\Users\zero6575\AppData\Local\Temp\ccoYQv4f.s:7540   .debug_str:00000000000000fb .LASF1086
C:\Users\zero6575\AppData\Local\Temp\ccoYQv4f.s:10118  .debug_str:0000000000009183 .LASF1087
C:\Users\zero6575\AppData\Local\Temp\ccoYQv4f.s:9080   .debug_str:0000000000005805 .LASF1088
C:\Users\zero6575\AppData\Local\Temp\ccoYQv4f.s:9050   .debug_str:00000000000055f9 .LASF1089
C:\Users\zero6575\AppData\Local\Temp\ccoYQv4f.s:9360   .debug_str:000000000000686b .LASF1090
C:\Users\zero6575\AppData\Local\Temp\ccoYQv4f.s:9938   .debug_str:00000000000086fa .LASF1091
C:\Users\zero6575\AppData\Local\Temp\ccoYQv4f.s:8368   .debug_str:0000000000003192 .LASF1092
C:\Users\zero6575\AppData\Local\Temp\ccoYQv4f.s:8448   .debug_str:000000000000359a .LASF1093
C:\Users\zero6575\AppData\Local\Temp\ccoYQv4f.s:9250   .debug_str:00000000000061c7 .LASF1094
C:\Users\zero6575\AppData\Local\Temp\ccoYQv4f.s:9918   .debug_str:0000000000008603 .LASF1095
C:\Users\zero6575\AppData\Local\Temp\ccoYQv4f.s:9344   .debug_str:00000000000067d1 .LASF1096
C:\Users\zero6575\AppData\Local\Temp\ccoYQv4f.s:8920   .debug_str:0000000000004fd1 .LASF1097
C:\Users\zero6575\AppData\Local\Temp\ccoYQv4f.s:8526   .debug_str:0000000000003a81 .LASF1098
C:\Users\zero6575\AppData\Local\Temp\ccoYQv4f.s:8020   .debug_str:0000000000001cb8 .LASF1099
C:\Users\zero6575\AppData\Local\Temp\ccoYQv4f.s:9168   .debug_str:0000000000005d29 .LASF1100
C:\Users\zero6575\AppData\Local\Temp\ccoYQv4f.s:8702   .debug_str:000000000000430e .LASF1101
C:\Users\zero6575\AppData\Local\Temp\ccoYQv4f.s:8698   .debug_str:00000000000042ee .LASF1102
C:\Users\zero6575\AppData\Local\Temp\ccoYQv4f.s:9004   .debug_str:00000000000053d3 .LASF1103
C:\Users\zero6575\AppData\Local\Temp\ccoYQv4f.s:8210   .debug_str:00000000000027a7 .LASF1104
C:\Users\zero6575\AppData\Local\Temp\ccoYQv4f.s:9940   .debug_str:0000000000008706 .LASF1105
C:\Users\zero6575\AppData\Local\Temp\ccoYQv4f.s:7830   .debug_str:0000000000001067 .LASF1106
C:\Users\zero6575\AppData\Local\Temp\ccoYQv4f.s:8876   .debug_str:0000000000004d2c .LASF1107
C:\Users\zero6575\AppData\Local\Temp\ccoYQv4f.s:9692   .debug_str:0000000000007a33 .LASF1108
C:\Users\zero6575\AppData\Local\Temp\ccoYQv4f.s:9704   .debug_str:0000000000007ac1 .LASF1109
C:\Users\zero6575\AppData\Local\Temp\ccoYQv4f.s:8046   .debug_str:0000000000001de6 .LASF1110
C:\Users\zero6575\AppData\Local\Temp\ccoYQv4f.s:8914   .debug_str:0000000000004f7c .LASF1111
C:\Users\zero6575\AppData\Local\Temp\ccoYQv4f.s:9572   .debug_str:00000000000073d2 .LASF1112
C:\Users\zero6575\AppData\Local\Temp\ccoYQv4f.s:8606   .debug_str:0000000000003e17 .LASF1113
C:\Users\zero6575\AppData\Local\Temp\ccoYQv4f.s:7992   .debug_str:0000000000001adc .LASF1114
C:\Users\zero6575\AppData\Local\Temp\ccoYQv4f.s:9920   .debug_str:0000000000008612 .LASF1115
C:\Users\zero6575\AppData\Local\Temp\ccoYQv4f.s:8306   .debug_str:0000000000002d8c .LASF1116
C:\Users\zero6575\AppData\Local\Temp\ccoYQv4f.s:9900   .debug_str:00000000000084f3 .LASF1117
C:\Users\zero6575\AppData\Local\Temp\ccoYQv4f.s:9322   .debug_str:00000000000066b1 .LASF1118
C:\Users\zero6575\AppData\Local\Temp\ccoYQv4f.s:9098   .debug_str:0000000000005945 .LASF1119
C:\Users\zero6575\AppData\Local\Temp\ccoYQv4f.s:7606   .debug_str:00000000000004da .LASF1120
C:\Users\zero6575\AppData\Local\Temp\ccoYQv4f.s:8842   .debug_str:0000000000004afe .LASF1121
C:\Users\zero6575\AppData\Local\Temp\ccoYQv4f.s:9984   .debug_str:0000000000008a81 .LASF1122
C:\Users\zero6575\AppData\Local\Temp\ccoYQv4f.s:8506   .debug_str:00000000000039a6 .LASF1123
C:\Users\zero6575\AppData\Local\Temp\ccoYQv4f.s:9002   .debug_str:00000000000053ab .LASF1124
C:\Users\zero6575\AppData\Local\Temp\ccoYQv4f.s:7674   .debug_str:00000000000007e5 .LASF1125
C:\Users\zero6575\AppData\Local\Temp\ccoYQv4f.s:7930   .debug_str:0000000000001824 .LASF1126
C:\Users\zero6575\AppData\Local\Temp\ccoYQv4f.s:9140   .debug_str:0000000000005b7e .LASF1127
C:\Users\zero6575\AppData\Local\Temp\ccoYQv4f.s:8566   .debug_str:0000000000003c54 .LASF1128
C:\Users\zero6575\AppData\Local\Temp\ccoYQv4f.s:9946   .debug_str:0000000000008765 .LASF1129
C:\Users\zero6575\AppData\Local\Temp\ccoYQv4f.s:9222   .debug_str:000000000000601c .LASF1130
                           .group:0000000000000000 wm4.0.29db371e8b94e604acd9f4c2cef2c360
                           .group:0000000000000000 wm4._newlib_version.h.4.9ba035841e762c3308916a0ce96032e7
                           .group:0000000000000000 wm4.features.h.33.318b64d71e0957639cfb30f1db1f7ec8
                           .group:0000000000000000 wm4._default_types.h.15.61e9869194cab90bdfa4c7fc42203a0e
                           .group:0000000000000000 wm4._intsup.h.10.b28b45fc63caeb010c3f7ee592257700
                           .group:0000000000000000 wm4._stdint.h.10.c24fa3af3bc1706662bb5593a907e841
                           .group:0000000000000000 wm4.stdint.h.23.d53047a68f4a85177f80b422d52785ed
                           .group:0000000000000000 wm4.stdbool.h.29.07dce69c3b78884144b7f7bd19483461
                           .group:0000000000000000 wm4.newlib.h.8.19af3a34a60c4846725bb1239b4fa5a2
                           .group:0000000000000000 wm4.ieeefp.h.195.a810689bf65b84f4ad2c33b483468c94
                           .group:0000000000000000 wm4.config.h.83.0359905d884ebfe41c79e1d7c780ef62
                           .group:0000000000000000 wm4._ansi.h.31.de524f58584151836e90d8620a16f8e8
                           .group:0000000000000000 wm4.stddef.h.39.a38874c8f8a57e66301090908ec2a69f
                           .group:0000000000000000 wm4._types.h.20.dd0d04dca3800a0d2a6129b87f3adbb2
                           .group:0000000000000000 wm4.stddef.h.161.5349cb105733e8777bfb0cf53c4e3f34
                           .group:0000000000000000 wm4._types.h.127.c5cfac939eadb83d223592dbacad7524
                           .group:0000000000000000 wm4.reent.h.17.487f8c1f76499d088b190f62530a0034
                           .group:0000000000000000 wm4.lock.h.2.c0958401bd0ce484d507ee19aacab817
                           .group:0000000000000000 wm4.reent.h.77.1187f1075ff88452c642b29ed9a9030d
                           .group:0000000000000000 wm4.cdefs.h.49.6260d97adb8d27534cbdc0f868b8ea87
                           .group:0000000000000000 wm4.string.h.15.dab3980bf35408a4c507182805e2de3a
                           .group:0000000000000000 wm4.stddef.h.161.19e15733342b50ead2919490b095303e
                           .group:0000000000000000 wm4.stdio.h.27.3fc80220048df77954e38daec3bb9670
                           .group:0000000000000000 wm4.stdarg.h.34.3a23a216c0c293b3d2ea2e89281481e6
                           .group:0000000000000000 wm4.types.h.40.8b6acba56cefbb11746718204edc8f5e
                           .group:0000000000000000 wm4._endian.h.18.1bf9649e8e5bbc91042012680270b9ed
                           .group:0000000000000000 wm4.endian.h.9.49f3a4695c1b61e8a0808de3c4a106cb
                           .group:0000000000000000 wm4._timeval.h.30.0e8bfd94e85db17dda3286ee81496fe6
                           .group:0000000000000000 wm4.timespec.h.41.d855182eb0e690443ab8651bcedca6e1
                           .group:0000000000000000 wm4.select.h.19.97ca6fd0c752a0f3b6719fd314d361e6
                           .group:0000000000000000 wm4.types.h.51.5571ec98f267d17d3c670b7a3ba33afa
                           .group:0000000000000000 wm4.sched.h.22.c60982713a5c428609783c78f9c78d95
                           .group:0000000000000000 wm4._pthreadtypes.h.36.fcee9961c35163dde6267ef772ad1972
                           .group:0000000000000000 wm4.stdio.h.2.4aa87247282eca6c8f36f9de33d8df1a
                           .group:0000000000000000 wm4.stdio.h.81.60a2ded7dae310b81f9d6907fe5e3dbf
                           .group:0000000000000000 wm4.stdlib.h.13.4ed386f5c1a80d71e72172885d946ef2
                           .group:0000000000000000 wm4.alloca.h.8.dfc0c703c47ec3e69746825b17d9e66d
                           .group:0000000000000000 wm4.stdlib.h.56.f4862cfbf4363a1db01842d5bdf72c18
                           .group:0000000000000000 wm4.ctype.h.2.f79b44890b3502b730cce99e39252886
                           .group:0000000000000000 wm4.config.h.26.62fac92f1d336f656763fe074b4289b0
                           .group:0000000000000000 wm4.bacdef.h.39.fcafd78d88dce17b2448edf8931b63fd
                           .group:0000000000000000 wm4.bits.h.25.f9e0c31c04958f93c399d58693ab7d13
                           .group:0000000000000000 wm4.bacdcode.h.417.fde53433a4e8c8179dfc8de0f5c0b6ae

UNDEFINED SYMBOLS
encode_context_enumerated
encode_context_real
encode_context_unsigned
encode_opening_tag
encode_closing_tag
decode_is_context_tag
decode_tag_number_and_value
decode_enumerated
decode_real
decode_unsigned
__nesf2
