   1              		.file	"bvlc.c"
   2              		.option nopic
   3              		.attribute arch, "rv64i2p0_m2p0_a2p0_c2p0"
   4              		.attribute unaligned_access, 0
   5              		.attribute stack_align, 16
   6              		.text
   7              	.Ltext0:
   8              		.cfi_sections	.debug_frame
   9              	.Letext0:
  10              		.file 1 "c:\\microchip\\softconsole-v2022.2-risc-v-747\\riscv-unknown-elf-gcc\\lib\\gcc\\riscv64-u
  11              		.file 2 "c:\\microchip\\softconsole-v2022.2-risc-v-747\\riscv-unknown-elf-gcc\\riscv64-unknown-elf
  12              		.file 3 "c:\\microchip\\softconsole-v2022.2-risc-v-747\\riscv-unknown-elf-gcc\\riscv64-unknown-elf
  13              		.file 4 "c:\\microchip\\softconsole-v2022.2-risc-v-747\\riscv-unknown-elf-gcc\\riscv64-unknown-elf
  14              		.file 5 "c:\\microchip\\softconsole-v2022.2-risc-v-747\\riscv-unknown-elf-gcc\\riscv64-unknown-elf
  15              		.file 6 "C:\\Users\\zero6575\\Libero\\fpga_labor\\fpga_labor\\software\\mpfs-mac-mcc-stack\\src\\m
DEFINED SYMBOLS
                            *ABS*:0000000000000000 bvlc.c
C:\Users\zero6575\AppData\Local\Temp\ccqlaFab.s:1237   .debug_abbrev:0000000000000000 .Ldebug_abbrev0
C:\Users\zero6575\AppData\Local\Temp\ccqlaFab.s:6484   .debug_str:0000000000003230 .LASF1217
C:\Users\zero6575\AppData\Local\Temp\ccqlaFab.s:7140   .debug_str:00000000000056f3 .LASF1218
C:\Users\zero6575\AppData\Local\Temp\ccqlaFab.s:6998   .debug_str:0000000000004e9f .LASF1219
C:\Users\zero6575\AppData\Local\Temp\ccqlaFab.s:5594   .debug_line:0000000000000000 .Ldebug_line0
C:\Users\zero6575\AppData\Local\Temp\ccqlaFab.s:1622   .debug_macro:0000000000000000 .Ldebug_macro0
C:\Users\zero6575\AppData\Local\Temp\ccqlaFab.s:6924   .debug_str:0000000000004af0 .LASF1091
C:\Users\zero6575\AppData\Local\Temp\ccqlaFab.s:6180   .debug_str:0000000000002024 .LASF1092
C:\Users\zero6575\AppData\Local\Temp\ccqlaFab.s:7988   .debug_str:0000000000008566 .LASF1093
C:\Users\zero6575\AppData\Local\Temp\ccqlaFab.s:6920   .debug_str:0000000000004ac7 .LASF1094
C:\Users\zero6575\AppData\Local\Temp\ccqlaFab.s:7956   .debug_str:0000000000008349 .LASF1095
C:\Users\zero6575\AppData\Local\Temp\ccqlaFab.s:7098   .debug_str:00000000000054c3 .LASF1096
C:\Users\zero6575\AppData\Local\Temp\ccqlaFab.s:7218   .debug_str:0000000000005b9d .LASF1097
C:\Users\zero6575\AppData\Local\Temp\ccqlaFab.s:7816   .debug_str:0000000000007afa .LASF1098
C:\Users\zero6575\AppData\Local\Temp\ccqlaFab.s:7194   .debug_str:0000000000005a23 .LASF1099
C:\Users\zero6575\AppData\Local\Temp\ccqlaFab.s:6570   .debug_str:0000000000003715 .LASF1100
C:\Users\zero6575\AppData\Local\Temp\ccqlaFab.s:6468   .debug_str:000000000000314d .LASF1101
C:\Users\zero6575\AppData\Local\Temp\ccqlaFab.s:7460   .debug_str:000000000000691a .LASF1102
C:\Users\zero6575\AppData\Local\Temp\ccqlaFab.s:6818   .debug_str:00000000000044d4 .LASF1103
C:\Users\zero6575\AppData\Local\Temp\ccqlaFab.s:7056   .debug_str:0000000000005254 .LASF1104
C:\Users\zero6575\AppData\Local\Temp\ccqlaFab.s:6556   .debug_str:000000000000368e .LASF1105
C:\Users\zero6575\AppData\Local\Temp\ccqlaFab.s:6494   .debug_str:0000000000003350 .LASF1106
C:\Users\zero6575\AppData\Local\Temp\ccqlaFab.s:7540   .debug_str:0000000000006cb6 .LASF1107
C:\Users\zero6575\AppData\Local\Temp\ccqlaFab.s:7492   .debug_str:0000000000006a45 .LASF1108
C:\Users\zero6575\AppData\Local\Temp\ccqlaFab.s:6830   .debug_str:0000000000004554 .LASF1109
C:\Users\zero6575\AppData\Local\Temp\ccqlaFab.s:7082   .debug_str:00000000000053be .LASF1110
C:\Users\zero6575\AppData\Local\Temp\ccqlaFab.s:7768   .debug_str:000000000000787a .LASF1111
C:\Users\zero6575\AppData\Local\Temp\ccqlaFab.s:7320   .debug_str:0000000000006175 .LASF1116
C:\Users\zero6575\AppData\Local\Temp\ccqlaFab.s:6652   .debug_str:0000000000003b78 .LASF1112
C:\Users\zero6575\AppData\Local\Temp\ccqlaFab.s:7176   .debug_str:000000000000594e .LASF1113
C:\Users\zero6575\AppData\Local\Temp\ccqlaFab.s:7922   .debug_str:00000000000081c4 .LASF1114
C:\Users\zero6575\AppData\Local\Temp\ccqlaFab.s:6204   .debug_str:0000000000002260 .LASF1115
C:\Users\zero6575\AppData\Local\Temp\ccqlaFab.s:6056   .debug_str:00000000000019fa .LASF1117
C:\Users\zero6575\AppData\Local\Temp\ccqlaFab.s:6736   .debug_str:0000000000003fda .LASF1118
C:\Users\zero6575\AppData\Local\Temp\ccqlaFab.s:7924   .debug_str:00000000000081ca .LASF1119
C:\Users\zero6575\AppData\Local\Temp\ccqlaFab.s:6560   .debug_str:00000000000036a4 .LASF1120
C:\Users\zero6575\AppData\Local\Temp\ccqlaFab.s:6600   .debug_str:000000000000389a .LASF1121
C:\Users\zero6575\AppData\Local\Temp\ccqlaFab.s:5694   .debug_str:00000000000004f7 .LASF1122
C:\Users\zero6575\AppData\Local\Temp\ccqlaFab.s:6316   .debug_str:0000000000002893 .LASF1123
C:\Users\zero6575\AppData\Local\Temp\ccqlaFab.s:6168   .debug_str:0000000000001fa4 .LASF1124
C:\Users\zero6575\AppData\Local\Temp\ccqlaFab.s:6076   .debug_str:0000000000001adf .LASF1125
C:\Users\zero6575\AppData\Local\Temp\ccqlaFab.s:6170   .debug_str:0000000000001fae .LASF1126
C:\Users\zero6575\AppData\Local\Temp\ccqlaFab.s:6744   .debug_str:000000000000405e .LASF1127
C:\Users\zero6575\AppData\Local\Temp\ccqlaFab.s:6616   .debug_str:0000000000003943 .LASF1128
C:\Users\zero6575\AppData\Local\Temp\ccqlaFab.s:6152   .debug_str:0000000000001ecb .LASF1129
C:\Users\zero6575\AppData\Local\Temp\ccqlaFab.s:5698   .debug_str:0000000000000511 .LASF1130
C:\Users\zero6575\AppData\Local\Temp\ccqlaFab.s:7546   .debug_str:0000000000006d04 .LASF1131
C:\Users\zero6575\AppData\Local\Temp\ccqlaFab.s:5662   .debug_str:00000000000003b1 .LASF1132
C:\Users\zero6575\AppData\Local\Temp\ccqlaFab.s:5710   .debug_str:000000000000055e .LASF1133
C:\Users\zero6575\AppData\Local\Temp\ccqlaFab.s:7480   .debug_str:00000000000069da .LASF1134
C:\Users\zero6575\AppData\Local\Temp\ccqlaFab.s:5596   .debug_str:0000000000000000 .LASF1135
C:\Users\zero6575\AppData\Local\Temp\ccqlaFab.s:7006   .debug_str:0000000000004f2e .LASF1136
C:\Users\zero6575\AppData\Local\Temp\ccqlaFab.s:6022   .debug_str:00000000000017f7 .LASF1137
C:\Users\zero6575\AppData\Local\Temp\ccqlaFab.s:6236   .debug_str:00000000000023ec .LASF1138
C:\Users\zero6575\AppData\Local\Temp\ccqlaFab.s:5870   .debug_str:0000000000000e38 .LASF1139
C:\Users\zero6575\AppData\Local\Temp\ccqlaFab.s:5738   .debug_str:0000000000000709 .LASF1140
C:\Users\zero6575\AppData\Local\Temp\ccqlaFab.s:7462   .debug_str:0000000000006922 .LASF1141
C:\Users\zero6575\AppData\Local\Temp\ccqlaFab.s:5916   .debug_str:00000000000010e7 .LASF1142
C:\Users\zero6575\AppData\Local\Temp\ccqlaFab.s:5958   .debug_str:0000000000001558 .LASF1143
C:\Users\zero6575\AppData\Local\Temp\ccqlaFab.s:5998   .debug_str:0000000000001719 .LASF1144
C:\Users\zero6575\AppData\Local\Temp\ccqlaFab.s:6592   .debug_str:0000000000003853 .LASF1145
C:\Users\zero6575\AppData\Local\Temp\ccqlaFab.s:6386   .debug_str:0000000000002d15 .LASF1146
C:\Users\zero6575\AppData\Local\Temp\ccqlaFab.s:6182   .debug_str:0000000000002032 .LASF1147
C:\Users\zero6575\AppData\Local\Temp\ccqlaFab.s:6146   .debug_str:0000000000001e9d .LASF1148
C:\Users\zero6575\AppData\Local\Temp\ccqlaFab.s:5708   .debug_str:0000000000000559 .LASF1149
C:\Users\zero6575\AppData\Local\Temp\ccqlaFab.s:7150   .debug_str:00000000000057cc .LASF1150
C:\Users\zero6575\AppData\Local\Temp\ccqlaFab.s:7746   .debug_str:0000000000007743 .LASF1151
C:\Users\zero6575\AppData\Local\Temp\ccqlaFab.s:7726   .debug_str:000000000000762a .LASF1152
C:\Users\zero6575\AppData\Local\Temp\ccqlaFab.s:7842   .debug_str:0000000000007c85 .LASF1153
C:\Users\zero6575\AppData\Local\Temp\ccqlaFab.s:7440   .debug_str:00000000000067f8 .LASF1154
C:\Users\zero6575\AppData\Local\Temp\ccqlaFab.s:7676   .debug_str:00000000000073b6 .LASF1155
C:\Users\zero6575\AppData\Local\Temp\ccqlaFab.s:5760   .debug_str:0000000000000889 .LASF1156
C:\Users\zero6575\AppData\Local\Temp\ccqlaFab.s:6518   .debug_str:00000000000034cd .LASF1157
C:\Users\zero6575\AppData\Local\Temp\ccqlaFab.s:7960   .debug_str:0000000000008380 .LASF1158
C:\Users\zero6575\AppData\Local\Temp\ccqlaFab.s:6488   .debug_str:000000000000330a .LASF1159
C:\Users\zero6575\AppData\Local\Temp\ccqlaFab.s:7050   .debug_str:000000000000521e .LASF1160
C:\Users\zero6575\AppData\Local\Temp\ccqlaFab.s:5766   .debug_str:00000000000008b4 .LASF1161
C:\Users\zero6575\AppData\Local\Temp\ccqlaFab.s:7432   .debug_str:00000000000067a7 .LASF1162
C:\Users\zero6575\AppData\Local\Temp\ccqlaFab.s:6014   .debug_str:00000000000017ac .LASF1163
C:\Users\zero6575\AppData\Local\Temp\ccqlaFab.s:6208   .debug_str:000000000000226f .LASF1164
C:\Users\zero6575\AppData\Local\Temp\ccqlaFab.s:6660   .debug_str:0000000000003bd4 .LASF1165
C:\Users\zero6575\AppData\Local\Temp\ccqlaFab.s:7476   .debug_str:00000000000069c7 .LASF1166
C:\Users\zero6575\AppData\Local\Temp\ccqlaFab.s:6670   .debug_str:0000000000003c25 .LASF1167
C:\Users\zero6575\AppData\Local\Temp\ccqlaFab.s:8000   .debug_str:00000000000085d9 .LASF1168
C:\Users\zero6575\AppData\Local\Temp\ccqlaFab.s:6258   .debug_str:000000000000254e .LASF1169
C:\Users\zero6575\AppData\Local\Temp\ccqlaFab.s:6898   .debug_str:0000000000004919 .LASF1170
C:\Users\zero6575\AppData\Local\Temp\ccqlaFab.s:7264   .debug_str:0000000000005e4f .LASF1171
C:\Users\zero6575\AppData\Local\Temp\ccqlaFab.s:7426   .debug_str:0000000000006776 .LASF1172
C:\Users\zero6575\AppData\Local\Temp\ccqlaFab.s:5804   .debug_str:0000000000000aa1 .LASF1173
C:\Users\zero6575\AppData\Local\Temp\ccqlaFab.s:7420   .debug_str:000000000000673e .LASF1174
C:\Users\zero6575\AppData\Local\Temp\ccqlaFab.s:6980   .debug_str:0000000000004d51 .LASF1175
C:\Users\zero6575\AppData\Local\Temp\ccqlaFab.s:5802   .debug_str:0000000000000a9b .LASF1176
C:\Users\zero6575\AppData\Local\Temp\ccqlaFab.s:5658   .debug_str:000000000000039a .LASF1177
C:\Users\zero6575\AppData\Local\Temp\ccqlaFab.s:7826   .debug_str:0000000000007b94 .LASF1178
C:\Users\zero6575\AppData\Local\Temp\ccqlaFab.s:7266   .debug_str:0000000000005e56 .LASF386
C:\Users\zero6575\AppData\Local\Temp\ccqlaFab.s:7916   .debug_str:00000000000081a0 .LASF1179
C:\Users\zero6575\AppData\Local\Temp\ccqlaFab.s:7270   .debug_str:0000000000005f03 .LASF1180
C:\Users\zero6575\AppData\Local\Temp\ccqlaFab.s:6584   .debug_str:00000000000037f5 .LASF1181
C:\Users\zero6575\AppData\Local\Temp\ccqlaFab.s:7148   .debug_str:00000000000057c6 .LASF1182
C:\Users\zero6575\AppData\Local\Temp\ccqlaFab.s:8010   .debug_str:0000000000008630 .LASF1183
C:\Users\zero6575\AppData\Local\Temp\ccqlaFab.s:6896   .debug_str:0000000000004913 .LASF1184
C:\Users\zero6575\AppData\Local\Temp\ccqlaFab.s:6334   .debug_str:0000000000002a28 .LASF1185
C:\Users\zero6575\AppData\Local\Temp\ccqlaFab.s:5868   .debug_str:0000000000000e33 .LASF1186
C:\Users\zero6575\AppData\Local\Temp\ccqlaFab.s:7162   .debug_str:0000000000005829 .LASF1187
C:\Users\zero6575\AppData\Local\Temp\ccqlaFab.s:7658   .debug_str:00000000000072d8 .LASF1188
C:\Users\zero6575\AppData\Local\Temp\ccqlaFab.s:7552   .debug_str:0000000000006d33 .LASF1189
C:\Users\zero6575\AppData\Local\Temp\ccqlaFab.s:6148   .debug_str:0000000000001ea5 .LASF1190
C:\Users\zero6575\AppData\Local\Temp\ccqlaFab.s:6142   .debug_str:0000000000001e82 .LASF1191
C:\Users\zero6575\AppData\Local\Temp\ccqlaFab.s:7562   .debug_str:0000000000006dac .LASF1192
C:\Users\zero6575\AppData\Local\Temp\ccqlaFab.s:6960   .debug_str:0000000000004c75 .LASF1193
C:\Users\zero6575\AppData\Local\Temp\ccqlaFab.s:7324   .debug_str:00000000000061a5 .LASF1194
C:\Users\zero6575\AppData\Local\Temp\ccqlaFab.s:6864   .debug_str:00000000000047a8 .LASF1195
C:\Users\zero6575\AppData\Local\Temp\ccqlaFab.s:7430   .debug_str:000000000000679a .LASF1196
C:\Users\zero6575\AppData\Local\Temp\ccqlaFab.s:7110   .debug_str:000000000000553a .LASF1197
C:\Users\zero6575\AppData\Local\Temp\ccqlaFab.s:6030   .debug_str:0000000000001871 .LASF1198
C:\Users\zero6575\AppData\Local\Temp\ccqlaFab.s:7014   .debug_str:0000000000004f66 .LASF1199
C:\Users\zero6575\AppData\Local\Temp\ccqlaFab.s:7368   .debug_str:00000000000063c6 .LASF1200
C:\Users\zero6575\AppData\Local\Temp\ccqlaFab.s:6354   .debug_str:0000000000002adf .LASF1201
C:\Users\zero6575\AppData\Local\Temp\ccqlaFab.s:6558   .debug_str:0000000000003695 .LASF1202
C:\Users\zero6575\AppData\Local\Temp\ccqlaFab.s:6200   .debug_str:0000000000002239 .LASF1203
C:\Users\zero6575\AppData\Local\Temp\ccqlaFab.s:6772   .debug_str:00000000000041d4 .LASF1204
C:\Users\zero6575\AppData\Local\Temp\ccqlaFab.s:7068   .debug_str:0000000000005312 .LASF1205
C:\Users\zero6575\AppData\Local\Temp\ccqlaFab.s:7434   .debug_str:00000000000067af .LASF1220
C:\Users\zero6575\AppData\Local\Temp\ccqlaFab.s:6224   .debug_str:0000000000002343 .LASF1206
C:\Users\zero6575\AppData\Local\Temp\ccqlaFab.s:7776   .debug_str:00000000000078b3 .LASF1207
C:\Users\zero6575\AppData\Local\Temp\ccqlaFab.s:7728   .debug_str:0000000000007643 .LASF1208
C:\Users\zero6575\AppData\Local\Temp\ccqlaFab.s:7416   .debug_str:0000000000006724 .LASF1209
C:\Users\zero6575\AppData\Local\Temp\ccqlaFab.s:7720   .debug_str:00000000000075e7 .LASF1210
C:\Users\zero6575\AppData\Local\Temp\ccqlaFab.s:5704   .debug_str:000000000000053e .LASF1211
C:\Users\zero6575\AppData\Local\Temp\ccqlaFab.s:7648   .debug_str:000000000000726b .LASF1212
C:\Users\zero6575\AppData\Local\Temp\ccqlaFab.s:5982   .debug_str:0000000000001658 .LASF1213
C:\Users\zero6575\AppData\Local\Temp\ccqlaFab.s:6676   .debug_str:0000000000003c51 .LASF1214
C:\Users\zero6575\AppData\Local\Temp\ccqlaFab.s:5646   .debug_str:0000000000000307 .LASF1215
C:\Users\zero6575\AppData\Local\Temp\ccqlaFab.s:6206   .debug_str:0000000000002265 .LASF1216
C:\Users\zero6575\AppData\Local\Temp\ccqlaFab.s:17     .debug_info:0000000000000000 .Ldebug_info0
C:\Users\zero6575\AppData\Local\Temp\ccqlaFab.s:2105   .debug_macro:0000000000000000 .Ldebug_macro2
C:\Users\zero6575\AppData\Local\Temp\ccqlaFab.s:7478   .debug_str:00000000000069cf .LASF342
C:\Users\zero6575\AppData\Local\Temp\ccqlaFab.s:7374   .debug_str:0000000000006413 .LASF343
C:\Users\zero6575\AppData\Local\Temp\ccqlaFab.s:7542   .debug_str:0000000000006cbe .LASF344
C:\Users\zero6575\AppData\Local\Temp\ccqlaFab.s:3136   .debug_macro:0000000000000000 .Ldebug_macro3
C:\Users\zero6575\AppData\Local\Temp\ccqlaFab.s:3156   .debug_macro:0000000000000000 .Ldebug_macro4
C:\Users\zero6575\AppData\Local\Temp\ccqlaFab.s:3221   .debug_macro:0000000000000000 .Ldebug_macro5
C:\Users\zero6575\AppData\Local\Temp\ccqlaFab.s:3262   .debug_macro:0000000000000000 .Ldebug_macro6
C:\Users\zero6575\AppData\Local\Temp\ccqlaFab.s:3384   .debug_macro:0000000000000000 .Ldebug_macro7
C:\Users\zero6575\AppData\Local\Temp\ccqlaFab.s:3440   .debug_macro:0000000000000000 .Ldebug_macro8
C:\Users\zero6575\AppData\Local\Temp\ccqlaFab.s:6580   .debug_str:00000000000037d7 .LASF498
C:\Users\zero6575\AppData\Local\Temp\ccqlaFab.s:3652   .debug_macro:0000000000000000 .Ldebug_macro9
C:\Users\zero6575\AppData\Local\Temp\ccqlaFab.s:6510   .debug_str:0000000000003438 .LASF504
C:\Users\zero6575\AppData\Local\Temp\ccqlaFab.s:5936   .debug_str:0000000000001462 .LASF505
C:\Users\zero6575\AppData\Local\Temp\ccqlaFab.s:3672   .debug_macro:0000000000000000 .Ldebug_macro10
C:\Users\zero6575\AppData\Local\Temp\ccqlaFab.s:7100   .debug_str:00000000000054cc .LASF516
C:\Users\zero6575\AppData\Local\Temp\ccqlaFab.s:3707   .debug_macro:0000000000000000 .Ldebug_macro11
C:\Users\zero6575\AppData\Local\Temp\ccqlaFab.s:3721   .debug_macro:0000000000000000 .Ldebug_macro12
C:\Users\zero6575\AppData\Local\Temp\ccqlaFab.s:3750   .debug_macro:0000000000000000 .Ldebug_macro13
C:\Users\zero6575\AppData\Local\Temp\ccqlaFab.s:7298   .debug_str:00000000000060a3 .LASF536
C:\Users\zero6575\AppData\Local\Temp\ccqlaFab.s:3779   .debug_macro:0000000000000000 .Ldebug_macro14
C:\Users\zero6575\AppData\Local\Temp\ccqlaFab.s:3943   .debug_macro:0000000000000000 .Ldebug_macro15
C:\Users\zero6575\AppData\Local\Temp\ccqlaFab.s:6190   .debug_str:00000000000021d1 .LASF711
C:\Users\zero6575\AppData\Local\Temp\ccqlaFab.s:4311   .debug_macro:0000000000000000 .Ldebug_macro16
C:\Users\zero6575\AppData\Local\Temp\ccqlaFab.s:4325   .debug_macro:0000000000000000 .Ldebug_macro17
C:\Users\zero6575\AppData\Local\Temp\ccqlaFab.s:7990   .debug_str:0000000000008570 .LASF717
C:\Users\zero6575\AppData\Local\Temp\ccqlaFab.s:4357   .debug_macro:0000000000000000 .Ldebug_macro18
C:\Users\zero6575\AppData\Local\Temp\ccqlaFab.s:4383   .debug_macro:0000000000000000 .Ldebug_macro19
C:\Users\zero6575\AppData\Local\Temp\ccqlaFab.s:4394   .debug_macro:0000000000000000 .Ldebug_macro20
C:\Users\zero6575\AppData\Local\Temp\ccqlaFab.s:4438   .debug_macro:0000000000000000 .Ldebug_macro21
C:\Users\zero6575\AppData\Local\Temp\ccqlaFab.s:4617   .debug_macro:0000000000000000 .Ldebug_macro22
C:\Users\zero6575\AppData\Local\Temp\ccqlaFab.s:4628   .debug_macro:0000000000000000 .Ldebug_macro23
C:\Users\zero6575\AppData\Local\Temp\ccqlaFab.s:4654   .debug_macro:0000000000000000 .Ldebug_macro24
C:\Users\zero6575\AppData\Local\Temp\ccqlaFab.s:4665   .debug_macro:0000000000000000 .Ldebug_macro25
C:\Users\zero6575\AppData\Local\Temp\ccqlaFab.s:4676   .debug_macro:0000000000000000 .Ldebug_macro26
C:\Users\zero6575\AppData\Local\Temp\ccqlaFab.s:7262   .debug_str:0000000000005e39 .LASF804
C:\Users\zero6575\AppData\Local\Temp\ccqlaFab.s:4687   .debug_macro:0000000000000000 .Ldebug_macro27
C:\Users\zero6575\AppData\Local\Temp\ccqlaFab.s:4704   .debug_macro:0000000000000000 .Ldebug_macro28
C:\Users\zero6575\AppData\Local\Temp\ccqlaFab.s:7494   .debug_str:0000000000006a50 .LASF822
C:\Users\zero6575\AppData\Local\Temp\ccqlaFab.s:7862   .debug_str:0000000000007db5 .LASF823
C:\Users\zero6575\AppData\Local\Temp\ccqlaFab.s:4748   .debug_macro:0000000000000000 .Ldebug_macro29
C:\Users\zero6575\AppData\Local\Temp\ccqlaFab.s:6486   .debug_str:00000000000032f8 .LASF834
C:\Users\zero6575\AppData\Local\Temp\ccqlaFab.s:6538   .debug_str:00000000000035d2 .LASF835
C:\Users\zero6575\AppData\Local\Temp\ccqlaFab.s:4783   .debug_macro:0000000000000000 .Ldebug_macro30
C:\Users\zero6575\AppData\Local\Temp\ccqlaFab.s:4794   .debug_macro:0000000000000000 .Ldebug_macro31
C:\Users\zero6575\AppData\Local\Temp\ccqlaFab.s:4829   .debug_macro:0000000000000000 .Ldebug_macro32
C:\Users\zero6575\AppData\Local\Temp\ccqlaFab.s:5882   .debug_str:0000000000000eec .LASF880
C:\Users\zero6575\AppData\Local\Temp\ccqlaFab.s:4930   .debug_macro:0000000000000000 .Ldebug_macro33
C:\Users\zero6575\AppData\Local\Temp\ccqlaFab.s:4947   .debug_macro:0000000000000000 .Ldebug_macro34
C:\Users\zero6575\AppData\Local\Temp\ccqlaFab.s:6274   .debug_str:0000000000002633 .LASF894
C:\Users\zero6575\AppData\Local\Temp\ccqlaFab.s:6498   .debug_str:0000000000003368 .LASF895
C:\Users\zero6575\AppData\Local\Temp\ccqlaFab.s:4979   .debug_macro:0000000000000000 .Ldebug_macro35
C:\Users\zero6575\AppData\Local\Temp\ccqlaFab.s:7918   .debug_str:00000000000081a7 .LASF903
C:\Users\zero6575\AppData\Local\Temp\ccqlaFab.s:8016   .debug_str:000000000000865a .LASF904
C:\Users\zero6575\AppData\Local\Temp\ccqlaFab.s:8046   .debug_str:0000000000008805 .LASF905
C:\Users\zero6575\AppData\Local\Temp\ccqlaFab.s:5005   .debug_macro:0000000000000000 .Ldebug_macro36
C:\Users\zero6575\AppData\Local\Temp\ccqlaFab.s:5130   .debug_macro:0000000000000000 .Ldebug_macro37
C:\Users\zero6575\AppData\Local\Temp\ccqlaFab.s:7850   .debug_str:0000000000007d0d .LASF970
C:\Users\zero6575\AppData\Local\Temp\ccqlaFab.s:7206   .debug_str:0000000000005a88 .LASF971
C:\Users\zero6575\AppData\Local\Temp\ccqlaFab.s:7000   .debug_str:0000000000004efb .LASF972
C:\Users\zero6575\AppData\Local\Temp\ccqlaFab.s:7484   .debug_str:00000000000069f7 .LASF973
C:\Users\zero6575\AppData\Local\Temp\ccqlaFab.s:5207   .debug_macro:0000000000000000 .Ldebug_macro38
C:\Users\zero6575\AppData\Local\Temp\ccqlaFab.s:5341   .debug_macro:0000000000000000 .Ldebug_macro39
C:\Users\zero6575\AppData\Local\Temp\ccqlaFab.s:7868   .debug_str:0000000000007dfb .LASF1022
C:\Users\zero6575\AppData\Local\Temp\ccqlaFab.s:5361   .debug_macro:0000000000000000 .Ldebug_macro40
C:\Users\zero6575\AppData\Local\Temp\ccqlaFab.s:6192   .debug_str:00000000000021e0 .LASF1026
C:\Users\zero6575\AppData\Local\Temp\ccqlaFab.s:5375   .debug_macro:0000000000000000 .Ldebug_macro41
C:\Users\zero6575\AppData\Local\Temp\ccqlaFab.s:7524   .debug_str:0000000000006bd5 .LASF1030
C:\Users\zero6575\AppData\Local\Temp\ccqlaFab.s:7506   .debug_str:0000000000006adb .LASF1031
C:\Users\zero6575\AppData\Local\Temp\ccqlaFab.s:5389   .debug_macro:0000000000000000 .Ldebug_macro42
C:\Users\zero6575\AppData\Local\Temp\ccqlaFab.s:6340   .debug_str:0000000000002a54 .LASF1034
C:\Users\zero6575\AppData\Local\Temp\ccqlaFab.s:5406   .debug_macro:0000000000000000 .Ldebug_macro43
C:\Users\zero6575\AppData\Local\Temp\ccqlaFab.s:5417   .debug_macro:0000000000000000 .Ldebug_macro44
C:\Users\zero6575\AppData\Local\Temp\ccqlaFab.s:5428   .debug_macro:0000000000000000 .Ldebug_macro45
C:\Users\zero6575\AppData\Local\Temp\ccqlaFab.s:5442   .debug_macro:0000000000000000 .Ldebug_macro46
C:\Users\zero6575\AppData\Local\Temp\ccqlaFab.s:5644   .debug_str:00000000000002fc .LASF0
C:\Users\zero6575\AppData\Local\Temp\ccqlaFab.s:7764   .debug_str:000000000000784d .LASF1
C:\Users\zero6575\AppData\Local\Temp\ccqlaFab.s:7998   .debug_str:00000000000085c7 .LASF2
C:\Users\zero6575\AppData\Local\Temp\ccqlaFab.s:5910   .debug_str:00000000000010ac .LASF3
C:\Users\zero6575\AppData\Local\Temp\ccqlaFab.s:7084   .debug_str:00000000000053d0 .LASF4
C:\Users\zero6575\AppData\Local\Temp\ccqlaFab.s:8012   .debug_str:0000000000008638 .LASF5
C:\Users\zero6575\AppData\Local\Temp\ccqlaFab.s:7994   .debug_str:00000000000085a2 .LASF6
C:\Users\zero6575\AppData\Local\Temp\ccqlaFab.s:8042   .debug_str:00000000000087e1 .LASF7
C:\Users\zero6575\AppData\Local\Temp\ccqlaFab.s:7490   .debug_str:0000000000006a31 .LASF8
C:\Users\zero6575\AppData\Local\Temp\ccqlaFab.s:6650   .debug_str:0000000000003b65 .LASF9
C:\Users\zero6575\AppData\Local\Temp\ccqlaFab.s:5990   .debug_str:0000000000001697 .LASF10
C:\Users\zero6575\AppData\Local\Temp\ccqlaFab.s:6598   .debug_str:0000000000003887 .LASF11
C:\Users\zero6575\AppData\Local\Temp\ccqlaFab.s:6724   .debug_str:0000000000003f43 .LASF12
C:\Users\zero6575\AppData\Local\Temp\ccqlaFab.s:7564   .debug_str:0000000000006db1 .LASF13
C:\Users\zero6575\AppData\Local\Temp\ccqlaFab.s:7696   .debug_str:00000000000074ad .LASF14
C:\Users\zero6575\AppData\Local\Temp\ccqlaFab.s:7414   .debug_str:000000000000670d .LASF15
C:\Users\zero6575\AppData\Local\Temp\ccqlaFab.s:8004   .debug_str:00000000000085f6 .LASF16
C:\Users\zero6575\AppData\Local\Temp\ccqlaFab.s:6434   .debug_str:0000000000002fd8 .LASF17
C:\Users\zero6575\AppData\Local\Temp\ccqlaFab.s:5828   .debug_str:0000000000000c29 .LASF18
C:\Users\zero6575\AppData\Local\Temp\ccqlaFab.s:5684   .debug_str:000000000000049f .LASF19
C:\Users\zero6575\AppData\Local\Temp\ccqlaFab.s:6278   .debug_str:000000000000265a .LASF20
C:\Users\zero6575\AppData\Local\Temp\ccqlaFab.s:7660   .debug_str:00000000000072ef .LASF21
C:\Users\zero6575\AppData\Local\Temp\ccqlaFab.s:7926   .debug_str:00000000000081d3 .LASF22
C:\Users\zero6575\AppData\Local\Temp\ccqlaFab.s:7500   .debug_str:0000000000006a83 .LASF23
C:\Users\zero6575\AppData\Local\Temp\ccqlaFab.s:7906   .debug_str:000000000000811d .LASF24
C:\Users\zero6575\AppData\Local\Temp\ccqlaFab.s:6238   .debug_str:00000000000023f2 .LASF25
C:\Users\zero6575\AppData\Local\Temp\ccqlaFab.s:6942   .debug_str:0000000000004bb9 .LASF26
C:\Users\zero6575\AppData\Local\Temp\ccqlaFab.s:5844   .debug_str:0000000000000cc9 .LASF27
C:\Users\zero6575\AppData\Local\Temp\ccqlaFab.s:6196   .debug_str:0000000000002207 .LASF28
C:\Users\zero6575\AppData\Local\Temp\ccqlaFab.s:7366   .debug_str:00000000000063ac .LASF29
C:\Users\zero6575\AppData\Local\Temp\ccqlaFab.s:6594   .debug_str:000000000000385a .LASF30
C:\Users\zero6575\AppData\Local\Temp\ccqlaFab.s:6356   .debug_str:0000000000002aed .LASF31
C:\Users\zero6575\AppData\Local\Temp\ccqlaFab.s:5602   .debug_str:0000000000000046 .LASF32
C:\Users\zero6575\AppData\Local\Temp\ccqlaFab.s:7188   .debug_str:00000000000059c9 .LASF33
C:\Users\zero6575\AppData\Local\Temp\ccqlaFab.s:7982   .debug_str:0000000000008518 .LASF34
C:\Users\zero6575\AppData\Local\Temp\ccqlaFab.s:8020   .debug_str:0000000000008672 .LASF35
C:\Users\zero6575\AppData\Local\Temp\ccqlaFab.s:5640   .debug_str:000000000000028a .LASF36
C:\Users\zero6575\AppData\Local\Temp\ccqlaFab.s:6304   .debug_str:00000000000027d8 .LASF37
C:\Users\zero6575\AppData\Local\Temp\ccqlaFab.s:6176   .debug_str:0000000000001ffd .LASF38
C:\Users\zero6575\AppData\Local\Temp\ccqlaFab.s:6398   .debug_str:0000000000002dfe .LASF39
C:\Users\zero6575\AppData\Local\Temp\ccqlaFab.s:7952   .debug_str:0000000000008315 .LASF40
C:\Users\zero6575\AppData\Local\Temp\ccqlaFab.s:7198   .debug_str:0000000000005a41 .LASF41
C:\Users\zero6575\AppData\Local\Temp\ccqlaFab.s:5838   .debug_str:0000000000000c83 .LASF42
C:\Users\zero6575\AppData\Local\Temp\ccqlaFab.s:7572   .debug_str:0000000000006e0c .LASF43
C:\Users\zero6575\AppData\Local\Temp\ccqlaFab.s:6460   .debug_str:00000000000030e9 .LASF44
C:\Users\zero6575\AppData\Local\Temp\ccqlaFab.s:6964   .debug_str:0000000000004cb1 .LASF45
C:\Users\zero6575\AppData\Local\Temp\ccqlaFab.s:7642   .debug_str:000000000000722d .LASF46
C:\Users\zero6575\AppData\Local\Temp\ccqlaFab.s:5900   .debug_str:000000000000101b .LASF47
C:\Users\zero6575\AppData\Local\Temp\ccqlaFab.s:5938   .debug_str:0000000000001470 .LASF48
C:\Users\zero6575\AppData\Local\Temp\ccqlaFab.s:6868   .debug_str:00000000000047ca .LASF49
C:\Users\zero6575\AppData\Local\Temp\ccqlaFab.s:6414   .debug_str:0000000000002eb2 .LASF50
C:\Users\zero6575\AppData\Local\Temp\ccqlaFab.s:6758   .debug_str:000000000000411e .LASF51
C:\Users\zero6575\AppData\Local\Temp\ccqlaFab.s:7700   .debug_str:00000000000074e5 .LASF52
C:\Users\zero6575\AppData\Local\Temp\ccqlaFab.s:7718   .debug_str:00000000000075ce .LASF53
C:\Users\zero6575\AppData\Local\Temp\ccqlaFab.s:5812   .debug_str:0000000000000ae9 .LASF54
C:\Users\zero6575\AppData\Local\Temp\ccqlaFab.s:7940   .debug_str:0000000000008277 .LASF55
C:\Users\zero6575\AppData\Local\Temp\ccqlaFab.s:7276   .debug_str:0000000000005f3e .LASF56
C:\Users\zero6575\AppData\Local\Temp\ccqlaFab.s:6478   .debug_str:00000000000031e6 .LASF57
C:\Users\zero6575\AppData\Local\Temp\ccqlaFab.s:6268   .debug_str:00000000000025db .LASF58
C:\Users\zero6575\AppData\Local\Temp\ccqlaFab.s:7072   .debug_str:000000000000535c .LASF59
C:\Users\zero6575\AppData\Local\Temp\ccqlaFab.s:6730   .debug_str:0000000000003f8f .LASF60
C:\Users\zero6575\AppData\Local\Temp\ccqlaFab.s:7600   .debug_str:0000000000006ff2 .LASF61
C:\Users\zero6575\AppData\Local\Temp\ccqlaFab.s:7342   .debug_str:000000000000628b .LASF62
C:\Users\zero6575\AppData\Local\Temp\ccqlaFab.s:6004   .debug_str:000000000000174e .LASF63
C:\Users\zero6575\AppData\Local\Temp\ccqlaFab.s:5826   .debug_str:0000000000000c07 .LASF64
C:\Users\zero6575\AppData\Local\Temp\ccqlaFab.s:7376   .debug_str:000000000000642e .LASF65
C:\Users\zero6575\AppData\Local\Temp\ccqlaFab.s:6778   .debug_str:000000000000420e .LASF66
C:\Users\zero6575\AppData\Local\Temp\ccqlaFab.s:5796   .debug_str:0000000000000a23 .LASF67
C:\Users\zero6575\AppData\Local\Temp\ccqlaFab.s:5888   .debug_str:0000000000000f33 .LASF68
C:\Users\zero6575\AppData\Local\Temp\ccqlaFab.s:6564   .debug_str:00000000000036cd .LASF69
C:\Users\zero6575\AppData\Local\Temp\ccqlaFab.s:6962   .debug_str:0000000000004c7f .LASF70
C:\Users\zero6575\AppData\Local\Temp\ccqlaFab.s:6756   .debug_str:0000000000004107 .LASF71
C:\Users\zero6575\AppData\Local\Temp\ccqlaFab.s:6546   .debug_str:0000000000003621 .LASF72
C:\Users\zero6575\AppData\Local\Temp\ccqlaFab.s:5794   .debug_str:0000000000000a0f .LASF73
C:\Users\zero6575\AppData\Local\Temp\ccqlaFab.s:6754   .debug_str:00000000000040f0 .LASF74
C:\Users\zero6575\AppData\Local\Temp\ccqlaFab.s:6874   .debug_str:0000000000004813 .LASF75
C:\Users\zero6575\AppData\Local\Temp\ccqlaFab.s:7222   .debug_str:0000000000005bbd .LASF76
C:\Users\zero6575\AppData\Local\Temp\ccqlaFab.s:7214   .debug_str:0000000000005b30 .LASF77
C:\Users\zero6575\AppData\Local\Temp\ccqlaFab.s:5724   .debug_str:00000000000005f0 .LASF78
C:\Users\zero6575\AppData\Local\Temp\ccqlaFab.s:6138   .debug_str:0000000000001e2f .LASF79
C:\Users\zero6575\AppData\Local\Temp\ccqlaFab.s:6496   .debug_str:0000000000003358 .LASF80
C:\Users\zero6575\AppData\Local\Temp\ccqlaFab.s:5636   .debug_str:0000000000000254 .LASF81
C:\Users\zero6575\AppData\Local\Temp\ccqlaFab.s:5894   .debug_str:0000000000000fba .LASF82
C:\Users\zero6575\AppData\Local\Temp\ccqlaFab.s:6590   .debug_str:0000000000003841 .LASF83
C:\Users\zero6575\AppData\Local\Temp\ccqlaFab.s:5712   .debug_str:0000000000000563 .LASF84
C:\Users\zero6575\AppData\Local\Temp\ccqlaFab.s:6410   .debug_str:0000000000002e96 .LASF85
C:\Users\zero6575\AppData\Local\Temp\ccqlaFab.s:7662   .debug_str:0000000000007302 .LASF86
C:\Users\zero6575\AppData\Local\Temp\ccqlaFab.s:7258   .debug_str:0000000000005e11 .LASF87
C:\Users\zero6575\AppData\Local\Temp\ccqlaFab.s:7136   .debug_str:00000000000056d1 .LASF88
C:\Users\zero6575\AppData\Local\Temp\ccqlaFab.s:6996   .debug_str:0000000000004e8d .LASF89
C:\Users\zero6575\AppData\Local\Temp\ccqlaFab.s:6246   .debug_str:000000000000248b .LASF90
C:\Users\zero6575\AppData\Local\Temp\ccqlaFab.s:6338   .debug_str:0000000000002a42 .LASF91
C:\Users\zero6575\AppData\Local\Temp\ccqlaFab.s:7844   .debug_str:0000000000007c8d .LASF92
C:\Users\zero6575\AppData\Local\Temp\ccqlaFab.s:6018   .debug_str:00000000000017c6 .LASF93
C:\Users\zero6575\AppData\Local\Temp\ccqlaFab.s:6656   .debug_str:0000000000003b9f .LASF94
C:\Users\zero6575\AppData\Local\Temp\ccqlaFab.s:8014   .debug_str:0000000000008643 .LASF95
C:\Users\zero6575\AppData\Local\Temp\ccqlaFab.s:6636   .debug_str:0000000000003ab4 .LASF96
C:\Users\zero6575\AppData\Local\Temp\ccqlaFab.s:6234   .debug_str:00000000000023ce .LASF97
C:\Users\zero6575\AppData\Local\Temp\ccqlaFab.s:7380   .debug_str:0000000000006464 .LASF98
C:\Users\zero6575\AppData\Local\Temp\ccqlaFab.s:7332   .debug_str:00000000000061e9 .LASF99
C:\Users\zero6575\AppData\Local\Temp\ccqlaFab.s:6780   .debug_str:0000000000004235 .LASF100
C:\Users\zero6575\AppData\Local\Temp\ccqlaFab.s:6070   .debug_str:0000000000001aa6 .LASF101
C:\Users\zero6575\AppData\Local\Temp\ccqlaFab.s:5814   .debug_str:0000000000000b07 .LASF102
C:\Users\zero6575\AppData\Local\Temp\ccqlaFab.s:6726   .debug_str:0000000000003f56 .LASF103
C:\Users\zero6575\AppData\Local\Temp\ccqlaFab.s:7666   .debug_str:000000000000732b .LASF104
C:\Users\zero6575\AppData\Local\Temp\ccqlaFab.s:7852   .debug_str:0000000000007d1a .LASF105
C:\Users\zero6575\AppData\Local\Temp\ccqlaFab.s:7106   .debug_str:0000000000005506 .LASF106
C:\Users\zero6575\AppData\Local\Temp\ccqlaFab.s:5962   .debug_str:0000000000001565 .LASF107
C:\Users\zero6575\AppData\Local\Temp\ccqlaFab.s:6348   .debug_str:0000000000002a9f .LASF108
C:\Users\zero6575\AppData\Local\Temp\ccqlaFab.s:5964   .debug_str:0000000000001589 .LASF109
C:\Users\zero6575\AppData\Local\Temp\ccqlaFab.s:6728   .debug_str:0000000000003f78 .LASF110
C:\Users\zero6575\AppData\Local\Temp\ccqlaFab.s:5912   .debug_str:00000000000010be .LASF111
C:\Users\zero6575\AppData\Local\Temp\ccqlaFab.s:7646   .debug_str:000000000000725c .LASF112
C:\Users\zero6575\AppData\Local\Temp\ccqlaFab.s:5774   .debug_str:00000000000008ee .LASF113
C:\Users\zero6575\AppData\Local\Temp\ccqlaFab.s:7094   .debug_str:000000000000548a .LASF114
C:\Users\zero6575\AppData\Local\Temp\ccqlaFab.s:6364   .debug_str:0000000000002b99 .LASF115
C:\Users\zero6575\AppData\Local\Temp\ccqlaFab.s:6734   .debug_str:0000000000003fc1 .LASF116
C:\Users\zero6575\AppData\Local\Temp\ccqlaFab.s:6638   .debug_str:0000000000003ac8 .LASF117
C:\Users\zero6575\AppData\Local\Temp\ccqlaFab.s:8028   .debug_str:00000000000086ef .LASF118
C:\Users\zero6575\AppData\Local\Temp\ccqlaFab.s:6640   .debug_str:0000000000003af0 .LASF119
C:\Users\zero6575\AppData\Local\Temp\ccqlaFab.s:8022   .debug_str:000000000000868c .LASF120
C:\Users\zero6575\AppData\Local\Temp\ccqlaFab.s:6164   .debug_str:0000000000001f82 .LASF121
C:\Users\zero6575\AppData\Local\Temp\ccqlaFab.s:6216   .debug_str:00000000000022a7 .LASF122
C:\Users\zero6575\AppData\Local\Temp\ccqlaFab.s:5852   .debug_str:0000000000000d24 .LASF123
C:\Users\zero6575\AppData\Local\Temp\ccqlaFab.s:6052   .debug_str:00000000000019c0 .LASF124
C:\Users\zero6575\AppData\Local\Temp\ccqlaFab.s:7028   .debug_str:0000000000005037 .LASF125
C:\Users\zero6575\AppData\Local\Temp\ccqlaFab.s:6160   .debug_str:0000000000001f3e .LASF126
C:\Users\zero6575\AppData\Local\Temp\ccqlaFab.s:7930   .debug_str:00000000000081f4 .LASF127
C:\Users\zero6575\AppData\Local\Temp\ccqlaFab.s:6068   .debug_str:0000000000001a89 .LASF128
C:\Users\zero6575\AppData\Local\Temp\ccqlaFab.s:6072   .debug_str:0000000000001abb .LASF129
C:\Users\zero6575\AppData\Local\Temp\ccqlaFab.s:5610   .debug_str:00000000000000a4 .LASF130
C:\Users\zero6575\AppData\Local\Temp\ccqlaFab.s:5718   .debug_str:00000000000005a3 .LASF131
C:\Users\zero6575\AppData\Local\Temp\ccqlaFab.s:6572   .debug_str:000000000000371c .LASF132
C:\Users\zero6575\AppData\Local\Temp\ccqlaFab.s:6604   .debug_str:00000000000038b8 .LASF133
C:\Users\zero6575\AppData\Local\Temp\ccqlaFab.s:6104   .debug_str:0000000000001c77 .LASF134
C:\Users\zero6575\AppData\Local\Temp\ccqlaFab.s:6528   .debug_str:0000000000003540 .LASF135
C:\Users\zero6575\AppData\Local\Temp\ccqlaFab.s:6834   .debug_str:0000000000004572 .LASF136
C:\Users\zero6575\AppData\Local\Temp\ccqlaFab.s:6806   .debug_str:00000000000043df .LASF137
C:\Users\zero6575\AppData\Local\Temp\ccqlaFab.s:7502   .debug_str:0000000000006a97 .LASF138
C:\Users\zero6575\AppData\Local\Temp\ccqlaFab.s:5784   .debug_str:000000000000095e .LASF139
C:\Users\zero6575\AppData\Local\Temp\ccqlaFab.s:6128   .debug_str:0000000000001dbf .LASF140
C:\Users\zero6575\AppData\Local\Temp\ccqlaFab.s:7362   .debug_str:0000000000006385 .LASF141
C:\Users\zero6575\AppData\Local\Temp\ccqlaFab.s:7246   .debug_str:0000000000005d04 .LASF142
C:\Users\zero6575\AppData\Local\Temp\ccqlaFab.s:6684   .debug_str:0000000000003ce1 .LASF143
C:\Users\zero6575\AppData\Local\Temp\ccqlaFab.s:6034   .debug_str:0000000000001898 .LASF144
C:\Users\zero6575\AppData\Local\Temp\ccqlaFab.s:6776   .debug_str:00000000000041f8 .LASF145
C:\Users\zero6575\AppData\Local\Temp\ccqlaFab.s:6378   .debug_str:0000000000002bfc .LASF146
C:\Users\zero6575\AppData\Local\Temp\ccqlaFab.s:7888   .debug_str:0000000000007feb .LASF147
C:\Users\zero6575\AppData\Local\Temp\ccqlaFab.s:6362   .debug_str:0000000000002b89 .LASF148
C:\Users\zero6575\AppData\Local\Temp\ccqlaFab.s:6318   .debug_str:000000000000289d .LASF149
C:\Users\zero6575\AppData\Local\Temp\ccqlaFab.s:5806   .debug_str:0000000000000aa7 .LASF150
C:\Users\zero6575\AppData\Local\Temp\ccqlaFab.s:6352   .debug_str:0000000000002ac8 .LASF151
C:\Users\zero6575\AppData\Local\Temp\ccqlaFab.s:6102   .debug_str:0000000000001c5e .LASF152
C:\Users\zero6575\AppData\Local\Temp\ccqlaFab.s:5986   .debug_str:000000000000166a .LASF153
C:\Users\zero6575\AppData\Local\Temp\ccqlaFab.s:5618   .debug_str:00000000000000f2 .LASF154
C:\Users\zero6575\AppData\Local\Temp\ccqlaFab.s:7398   .debug_str:000000000000660c .LASF155
C:\Users\zero6575\AppData\Local\Temp\ccqlaFab.s:7256   .debug_str:0000000000005dda .LASF156
C:\Users\zero6575\AppData\Local\Temp\ccqlaFab.s:7976   .debug_str:000000000000849a .LASF157
C:\Users\zero6575\AppData\Local\Temp\ccqlaFab.s:6140   .debug_str:0000000000001e48 .LASF158
C:\Users\zero6575\AppData\Local\Temp\ccqlaFab.s:7876   .debug_str:0000000000007e31 .LASF159
C:\Users\zero6575\AppData\Local\Temp\ccqlaFab.s:7912   .debug_str:0000000000008168 .LASF160
C:\Users\zero6575\AppData\Local\Temp\ccqlaFab.s:5720   .debug_str:00000000000005bb .LASF161
C:\Users\zero6575\AppData\Local\Temp\ccqlaFab.s:6578   .debug_str:00000000000037bf .LASF162
C:\Users\zero6575\AppData\Local\Temp\ccqlaFab.s:6106   .debug_str:0000000000001c9e .LASF163
C:\Users\zero6575\AppData\Local\Temp\ccqlaFab.s:6010   .debug_str:0000000000001791 .LASF164
C:\Users\zero6575\AppData\Local\Temp\ccqlaFab.s:7748   .debug_str:000000000000774e .LASF165
C:\Users\zero6575\AppData\Local\Temp\ccqlaFab.s:6088   .debug_str:0000000000001b99 .LASF166
C:\Users\zero6575\AppData\Local\Temp\ccqlaFab.s:6210   .debug_str:0000000000002275 .LASF167
C:\Users\zero6575\AppData\Local\Temp\ccqlaFab.s:5664   .debug_str:00000000000003b9 .LASF168
C:\Users\zero6575\AppData\Local\Temp\ccqlaFab.s:6276   .debug_str:0000000000002643 .LASF169
C:\Users\zero6575\AppData\Local\Temp\ccqlaFab.s:7858   .debug_str:0000000000007d4f .LASF170
C:\Users\zero6575\AppData\Local\Temp\ccqlaFab.s:7472   .debug_str:000000000000697d .LASF171
C:\Users\zero6575\AppData\Local\Temp\ccqlaFab.s:5890   .debug_str:0000000000000f56 .LASF172
C:\Users\zero6575\AppData\Local\Temp\ccqlaFab.s:6680   .debug_str:0000000000003c8c .LASF173
C:\Users\zero6575\AppData\Local\Temp\ccqlaFab.s:7102   .debug_str:00000000000054de .LASF174
C:\Users\zero6575\AppData\Local\Temp\ccqlaFab.s:5782   .debug_str:0000000000000947 .LASF175
C:\Users\zero6575\AppData\Local\Temp\ccqlaFab.s:7866   .debug_str:0000000000007de3 .LASF176
C:\Users\zero6575\AppData\Local\Temp\ccqlaFab.s:7938   .debug_str:0000000000008261 .LASF177
C:\Users\zero6575\AppData\Local\Temp\ccqlaFab.s:5756   .debug_str:0000000000000862 .LASF178
C:\Users\zero6575\AppData\Local\Temp\ccqlaFab.s:6542   .debug_str:00000000000035f9 .LASF179
C:\Users\zero6575\AppData\Local\Temp\ccqlaFab.s:7944   .debug_str:00000000000082b2 .LASF180
C:\Users\zero6575\AppData\Local\Temp\ccqlaFab.s:7984   .debug_str:0000000000008538 .LASF181
C:\Users\zero6575\AppData\Local\Temp\ccqlaFab.s:6884   .debug_str:0000000000004897 .LASF182
C:\Users\zero6575\AppData\Local\Temp\ccqlaFab.s:6086   .debug_str:0000000000001b86 .LASF183
C:\Users\zero6575\AppData\Local\Temp\ccqlaFab.s:5968   .debug_str:00000000000015b0 .LASF184
C:\Users\zero6575\AppData\Local\Temp\ccqlaFab.s:7170   .debug_str:00000000000058ea .LASF185
C:\Users\zero6575\AppData\Local\Temp\ccqlaFab.s:6530   .debug_str:0000000000003558 .LASF186
C:\Users\zero6575\AppData\Local\Temp\ccqlaFab.s:7878   .debug_str:0000000000007e6f .LASF187
C:\Users\zero6575\AppData\Local\Temp\ccqlaFab.s:7522   .debug_str:0000000000006b94 .LASF188
C:\Users\zero6575\AppData\Local\Temp\ccqlaFab.s:7004   .debug_str:0000000000004f18 .LASF189
C:\Users\zero6575\AppData\Local\Temp\ccqlaFab.s:7890   .debug_str:0000000000008001 .LASF190
C:\Users\zero6575\AppData\Local\Temp\ccqlaFab.s:7282   .debug_str:0000000000005f98 .LASF191
C:\Users\zero6575\AppData\Local\Temp\ccqlaFab.s:6002   .debug_str:0000000000001738 .LASF192
C:\Users\zero6575\AppData\Local\Temp\ccqlaFab.s:5954   .debug_str:0000000000001538 .LASF193
C:\Users\zero6575\AppData\Local\Temp\ccqlaFab.s:6080   .debug_str:0000000000001b18 .LASF194
C:\Users\zero6575\AppData\Local\Temp\ccqlaFab.s:5904   .debug_str:0000000000001060 .LASF195
C:\Users\zero6575\AppData\Local\Temp\ccqlaFab.s:5654   .debug_str:0000000000000369 .LASF196
C:\Users\zero6575\AppData\Local\Temp\ccqlaFab.s:6984   .debug_str:0000000000004ddc .LASF197
C:\Users\zero6575\AppData\Local\Temp\ccqlaFab.s:6286   .debug_str:00000000000026f5 .LASF198
C:\Users\zero6575\AppData\Local\Temp\ccqlaFab.s:6302   .debug_str:000000000000279d .LASF199
C:\Users\zero6575\AppData\Local\Temp\ccqlaFab.s:7508   .debug_str:0000000000006ae4 .LASF200
C:\Users\zero6575\AppData\Local\Temp\ccqlaFab.s:7694   .debug_str:000000000000746f .LASF201
C:\Users\zero6575\AppData\Local\Temp\ccqlaFab.s:5800   .debug_str:0000000000000a59 .LASF202
C:\Users\zero6575\AppData\Local\Temp\ccqlaFab.s:7164   .debug_str:0000000000005834 .LASF203
C:\Users\zero6575\AppData\Local\Temp\ccqlaFab.s:5624   .debug_str:0000000000000143 .LASF204
C:\Users\zero6575\AppData\Local\Temp\ccqlaFab.s:7814   .debug_str:0000000000007ae0 .LASF205
C:\Users\zero6575\AppData\Local\Temp\ccqlaFab.s:5616   .debug_str:00000000000000dc .LASF206
C:\Users\zero6575\AppData\Local\Temp\ccqlaFab.s:7452   .debug_str:00000000000068ab .LASF207
C:\Users\zero6575\AppData\Local\Temp\ccqlaFab.s:7598   .debug_str:0000000000006fd8 .LASF208
C:\Users\zero6575\AppData\Local\Temp\ccqlaFab.s:5632   .debug_str:0000000000000218 .LASF209
C:\Users\zero6575\AppData\Local\Temp\ccqlaFab.s:7030   .debug_str:000000000000504c .LASF210
C:\Users\zero6575\AppData\Local\Temp\ccqlaFab.s:7108   .debug_str:0000000000005521 .LASF211
C:\Users\zero6575\AppData\Local\Temp\ccqlaFab.s:7688   .debug_str:0000000000007436 .LASF212
C:\Users\zero6575\AppData\Local\Temp\ccqlaFab.s:6814   .debug_str:0000000000004451 .LASF213
C:\Users\zero6575\AppData\Local\Temp\ccqlaFab.s:7142   .debug_str:0000000000005717 .LASF214
C:\Users\zero6575\AppData\Local\Temp\ccqlaFab.s:6986   .debug_str:0000000000004df4 .LASF215
C:\Users\zero6575\AppData\Local\Temp\ccqlaFab.s:7292   .debug_str:000000000000603d .LASF216
C:\Users\zero6575\AppData\Local\Temp\ccqlaFab.s:7908   .debug_str:0000000000008137 .LASF217
C:\Users\zero6575\AppData\Local\Temp\ccqlaFab.s:6588   .debug_str:0000000000003828 .LASF218
C:\Users\zero6575\AppData\Local\Temp\ccqlaFab.s:6326   .debug_str:0000000000002951 .LASF219
C:\Users\zero6575\AppData\Local\Temp\ccqlaFab.s:7678   .debug_str:00000000000073c5 .LASF220
C:\Users\zero6575\AppData\Local\Temp\ccqlaFab.s:6462   .debug_str:0000000000003102 .LASF221
C:\Users\zero6575\AppData\Local\Temp\ccqlaFab.s:5908   .debug_str:0000000000001090 .LASF222
C:\Users\zero6575\AppData\Local\Temp\ccqlaFab.s:5722   .debug_str:00000000000005d2 .LASF223
C:\Users\zero6575\AppData\Local\Temp\ccqlaFab.s:7408   .debug_str:0000000000006694 .LASF224
C:\Users\zero6575\AppData\Local\Temp\ccqlaFab.s:6306   .debug_str:00000000000027f3 .LASF225
C:\Users\zero6575\AppData\Local\Temp\ccqlaFab.s:7910   .debug_str:000000000000814e .LASF226
C:\Users\zero6575\AppData\Local\Temp\ccqlaFab.s:6390   .debug_str:0000000000002d30 .LASF227
C:\Users\zero6575\AppData\Local\Temp\ccqlaFab.s:5816   .debug_str:0000000000000b20 .LASF228
C:\Users\zero6575\AppData\Local\Temp\ccqlaFab.s:6916   .debug_str:0000000000004a71 .LASF229
C:\Users\zero6575\AppData\Local\Temp\ccqlaFab.s:7412   .debug_str:00000000000066c7 .LASF230
C:\Users\zero6575\AppData\Local\Temp\ccqlaFab.s:6742   .debug_str:0000000000004046 .LASF231
C:\Users\zero6575\AppData\Local\Temp\ccqlaFab.s:7656   .debug_str:00000000000072be .LASF232
C:\Users\zero6575\AppData\Local\Temp\ccqlaFab.s:7790   .debug_str:0000000000007936 .LASF233
C:\Users\zero6575\AppData\Local\Temp\ccqlaFab.s:6402   .debug_str:0000000000002e2d .LASF234
C:\Users\zero6575\AppData\Local\Temp\ccqlaFab.s:6370   .debug_str:0000000000002bb8 .LASF235
C:\Users\zero6575\AppData\Local\Temp\ccqlaFab.s:7622   .debug_str:0000000000007133 .LASF236
C:\Users\zero6575\AppData\Local\Temp\ccqlaFab.s:7882   .debug_str:0000000000007ec1 .LASF237
C:\Users\zero6575\AppData\Local\Temp\ccqlaFab.s:6226   .debug_str:0000000000002353 .LASF238
C:\Users\zero6575\AppData\Local\Temp\ccqlaFab.s:5832   .debug_str:0000000000000c52 .LASF239
C:\Users\zero6575\AppData\Local\Temp\ccqlaFab.s:6450   .debug_str:000000000000307e .LASF240
C:\Users\zero6575\AppData\Local\Temp\ccqlaFab.s:7394   .debug_str:00000000000065bf .LASF241
C:\Users\zero6575\AppData\Local\Temp\ccqlaFab.s:8026   .debug_str:00000000000086b1 .LASF242
C:\Users\zero6575\AppData\Local\Temp\ccqlaFab.s:7124   .debug_str:0000000000005605 .LASF243
C:\Users\zero6575\AppData\Local\Temp\ccqlaFab.s:6098   .debug_str:0000000000001bf3 .LASF244
C:\Users\zero6575\AppData\Local\Temp\ccqlaFab.s:7120   .debug_str:00000000000055d6 .LASF245
C:\Users\zero6575\AppData\Local\Temp\ccqlaFab.s:5748   .debug_str:00000000000007af .LASF246
C:\Users\zero6575\AppData\Local\Temp\ccqlaFab.s:7740   .debug_str:0000000000007702 .LASF247
C:\Users\zero6575\AppData\Local\Temp\ccqlaFab.s:7308   .debug_str:0000000000006106 .LASF248
C:\Users\zero6575\AppData\Local\Temp\ccqlaFab.s:6956   .debug_str:0000000000004c56 .LASF249
C:\Users\zero6575\AppData\Local\Temp\ccqlaFab.s:7750   .debug_str:0000000000007766 .LASF250
C:\Users\zero6575\AppData\Local\Temp\ccqlaFab.s:6150   .debug_str:0000000000001ead .LASF251
C:\Users\zero6575\AppData\Local\Temp\ccqlaFab.s:7226   .debug_str:0000000000005c01 .LASF252
C:\Users\zero6575\AppData\Local\Temp\ccqlaFab.s:6282   .debug_str:00000000000026ce .LASF253
C:\Users\zero6575\AppData\Local\Temp\ccqlaFab.s:7488   .debug_str:0000000000006a17 .LASF254
C:\Users\zero6575\AppData\Local\Temp\ccqlaFab.s:6244   .debug_str:000000000000244c .LASF255
C:\Users\zero6575\AppData\Local\Temp\ccqlaFab.s:6752   .debug_str:00000000000040b1 .LASF256
C:\Users\zero6575\AppData\Local\Temp\ccqlaFab.s:7406   .debug_str:0000000000006653 .LASF257
C:\Users\zero6575\AppData\Local\Temp\ccqlaFab.s:8030   .debug_str:0000000000008703 .LASF258
C:\Users\zero6575\AppData\Local\Temp\ccqlaFab.s:7372   .debug_str:00000000000063fb .LASF259
C:\Users\zero6575\AppData\Local\Temp\ccqlaFab.s:6940   .debug_str:0000000000004b9f .LASF260
C:\Users\zero6575\AppData\Local\Temp\ccqlaFab.s:5600   .debug_str:000000000000002b .LASF261
C:\Users\zero6575\AppData\Local\Temp\ccqlaFab.s:7870   .debug_str:0000000000007e03 .LASF262
C:\Users\zero6575\AppData\Local\Temp\ccqlaFab.s:6858   .debug_str:000000000000475f .LASF263
C:\Users\zero6575\AppData\Local\Temp\ccqlaFab.s:6902   .debug_str:0000000000004938 .LASF264
C:\Users\zero6575\AppData\Local\Temp\ccqlaFab.s:7686   .debug_str:0000000000007420 .LASF265
C:\Users\zero6575\AppData\Local\Temp\ccqlaFab.s:7780   .debug_str:00000000000078d8 .LASF266
C:\Users\zero6575\AppData\Local\Temp\ccqlaFab.s:6126   .debug_str:0000000000001da6 .LASF267
C:\Users\zero6575\AppData\Local\Temp\ccqlaFab.s:6394   .debug_str:0000000000002d7f .LASF268
C:\Users\zero6575\AppData\Local\Temp\ccqlaFab.s:6576   .debug_str:00000000000037a9 .LASF269
C:\Users\zero6575\AppData\Local\Temp\ccqlaFab.s:5728   .debug_str:000000000000061f .LASF270
C:\Users\zero6575\AppData\Local\Temp\ccqlaFab.s:6992   .debug_str:0000000000004e52 .LASF271
C:\Users\zero6575\AppData\Local\Temp\ccqlaFab.s:7644   .debug_str:0000000000007245 .LASF272
C:\Users\zero6575\AppData\Local\Temp\ccqlaFab.s:7458   .debug_str:00000000000068f4 .LASF273
C:\Users\zero6575\AppData\Local\Temp\ccqlaFab.s:6894   .debug_str:00000000000048f9 .LASF274
C:\Users\zero6575\AppData\Local\Temp\ccqlaFab.s:7086   .debug_str:00000000000053e2 .LASF275
C:\Users\zero6575\AppData\Local\Temp\ccqlaFab.s:5790   .debug_str:00000000000009cf .LASF276
C:\Users\zero6575\AppData\Local\Temp\ccqlaFab.s:5656   .debug_str:000000000000037f .LASF277
C:\Users\zero6575\AppData\Local\Temp\ccqlaFab.s:6502   .debug_str:0000000000003389 .LASF278
C:\Users\zero6575\AppData\Local\Temp\ccqlaFab.s:7680   .debug_str:00000000000073dd .LASF279
C:\Users\zero6575\AppData\Local\Temp\ccqlaFab.s:6240   .debug_str:0000000000002406 .LASF280
C:\Users\zero6575\AppData\Local\Temp\ccqlaFab.s:6320   .debug_str:00000000000028b1 .LASF281
C:\Users\zero6575\AppData\Local\Temp\ccqlaFab.s:7834   .debug_str:0000000000007bff .LASF282
C:\Users\zero6575\AppData\Local\Temp\ccqlaFab.s:7040   .debug_str:0000000000005189 .LASF283
C:\Users\zero6575\AppData\Local\Temp\ccqlaFab.s:6044   .debug_str:0000000000001967 .LASF284
C:\Users\zero6575\AppData\Local\Temp\ccqlaFab.s:7122   .debug_str:00000000000055ee .LASF285
C:\Users\zero6575\AppData\Local\Temp\ccqlaFab.s:7872   .debug_str:0000000000007e18 .LASF286
C:\Users\zero6575\AppData\Local\Temp\ccqlaFab.s:7576   .debug_str:0000000000006e49 .LASF287
C:\Users\zero6575\AppData\Local\Temp\ccqlaFab.s:6994   .debug_str:0000000000004e68 .LASF288
C:\Users\zero6575\AppData\Local\Temp\ccqlaFab.s:7456   .debug_str:00000000000068d6 .LASF289
C:\Users\zero6575\AppData\Local\Temp\ccqlaFab.s:5824   .debug_str:0000000000000be9 .LASF290
C:\Users\zero6575\AppData\Local\Temp\ccqlaFab.s:7118   .debug_str:00000000000055b4 .LASF291
C:\Users\zero6575\AppData\Local\Temp\ccqlaFab.s:6454   .debug_str:00000000000030ac .LASF292
C:\Users\zero6575\AppData\Local\Temp\ccqlaFab.s:7714   .debug_str:000000000000759a .LASF293
C:\Users\zero6575\AppData\Local\Temp\ccqlaFab.s:7178   .debug_str:0000000000005956 .LASF294
C:\Users\zero6575\AppData\Local\Temp\ccqlaFab.s:7026   .debug_str:000000000000501a .LASF295
C:\Users\zero6575\AppData\Local\Temp\ccqlaFab.s:6490   .debug_str:0000000000003319 .LASF296
C:\Users\zero6575\AppData\Local\Temp\ccqlaFab.s:7250   .debug_str:0000000000005d42 .LASF297
C:\Users\zero6575\AppData\Local\Temp\ccqlaFab.s:6154   .debug_str:0000000000001ed7 .LASF298
C:\Users\zero6575\AppData\Local\Temp\ccqlaFab.s:6970   .debug_str:0000000000004cea .LASF299
C:\Users\zero6575\AppData\Local\Temp\ccqlaFab.s:6548   .debug_str:0000000000003634 .LASF300
C:\Users\zero6575\AppData\Local\Temp\ccqlaFab.s:5854   .debug_str:0000000000000d34 .LASF301
C:\Users\zero6575\AppData\Local\Temp\ccqlaFab.s:6918   .debug_str:0000000000004ab2 .LASF302
C:\Users\zero6575\AppData\Local\Temp\ccqlaFab.s:6774   .debug_str:00000000000041e3 .LASF303
C:\Users\zero6575\AppData\Local\Temp\ccqlaFab.s:6746   .debug_str:000000000000406c .LASF304
C:\Users\zero6575\AppData\Local\Temp\ccqlaFab.s:7722   .debug_str:00000000000075fa .LASF305
C:\Users\zero6575\AppData\Local\Temp\ccqlaFab.s:7340   .debug_str:0000000000006281 .LASF306
C:\Users\zero6575\AppData\Local\Temp\ccqlaFab.s:7486   .debug_str:0000000000006a02 .LASF307
C:\Users\zero6575\AppData\Local\Temp\ccqlaFab.s:6448   .debug_str:000000000000306d .LASF308
C:\Users\zero6575\AppData\Local\Temp\ccqlaFab.s:7558   .debug_str:0000000000006d73 .LASF309
C:\Users\zero6575\AppData\Local\Temp\ccqlaFab.s:5992   .debug_str:00000000000016aa .LASF310
C:\Users\zero6575\AppData\Local\Temp\ccqlaFab.s:5942   .debug_str:00000000000014ac .LASF311
C:\Users\zero6575\AppData\Local\Temp\ccqlaFab.s:7950   .debug_str:0000000000008305 .LASF312
C:\Users\zero6575\AppData\Local\Temp\ccqlaFab.s:6990   .debug_str:0000000000004e39 .LASF313
C:\Users\zero6575\AppData\Local\Temp\ccqlaFab.s:5778   .debug_str:0000000000000912 .LASF314
C:\Users\zero6575\AppData\Local\Temp\ccqlaFab.s:5676   .debug_str:0000000000000444 .LASF315
C:\Users\zero6575\AppData\Local\Temp\ccqlaFab.s:5980   .debug_str:0000000000001652 .LASF316
C:\Users\zero6575\AppData\Local\Temp\ccqlaFab.s:6568   .debug_str:0000000000003700 .LASF317
C:\Users\zero6575\AppData\Local\Temp\ccqlaFab.s:7672   .debug_str:0000000000007386 .LASF318
C:\Users\zero6575\AppData\Local\Temp\ccqlaFab.s:5666   .debug_str:00000000000003d0 .LASF319
C:\Users\zero6575\AppData\Local\Temp\ccqlaFab.s:6024   .debug_str:00000000000017fd .LASF320
C:\Users\zero6575\AppData\Local\Temp\ccqlaFab.s:7424   .debug_str:0000000000006754 .LASF321
C:\Users\zero6575\AppData\Local\Temp\ccqlaFab.s:5788   .debug_str:00000000000009c5 .LASF322
C:\Users\zero6575\AppData\Local\Temp\ccqlaFab.s:7200   .debug_str:0000000000005a5e .LASF323
C:\Users\zero6575\AppData\Local\Temp\ccqlaFab.s:7614   .debug_str:00000000000070d3 .LASF324
C:\Users\zero6575\AppData\Local\Temp\ccqlaFab.s:7758   .debug_str:00000000000077d6 .LASF325
C:\Users\zero6575\AppData\Local\Temp\ccqlaFab.s:6552   .debug_str:000000000000365a .LASF326
C:\Users\zero6575\AppData\Local\Temp\ccqlaFab.s:7880   .debug_str:0000000000007eab .LASF327
C:\Users\zero6575\AppData\Local\Temp\ccqlaFab.s:6308   .debug_str:000000000000280e .LASF328
C:\Users\zero6575\AppData\Local\Temp\ccqlaFab.s:7496   .debug_str:0000000000006a5f .LASF329
C:\Users\zero6575\AppData\Local\Temp\ccqlaFab.s:7378   .debug_str:0000000000006450 .LASF330
C:\Users\zero6575\AppData\Local\Temp\ccqlaFab.s:6618   .debug_str:000000000000394b .LASF331
C:\Users\zero6575\AppData\Local\Temp\ccqlaFab.s:5850   .debug_str:0000000000000d0c .LASF332
C:\Users\zero6575\AppData\Local\Temp\ccqlaFab.s:5836   .debug_str:0000000000000c76 .LASF333
C:\Users\zero6575\AppData\Local\Temp\ccqlaFab.s:5686   .debug_str:00000000000004b1 .LASF334
C:\Users\zero6575\AppData\Local\Temp\ccqlaFab.s:6090   .debug_str:0000000000001bb3 .LASF335
C:\Users\zero6575\AppData\Local\Temp\ccqlaFab.s:7296   .debug_str:0000000000006089 .LASF336
C:\Users\zero6575\AppData\Local\Temp\ccqlaFab.s:6926   .debug_str:0000000000004afc .LASF337
C:\Users\zero6575\AppData\Local\Temp\ccqlaFab.s:7684   .debug_str:0000000000007405 .LASF338
C:\Users\zero6575\AppData\Local\Temp\ccqlaFab.s:6232   .debug_str:00000000000023b8 .LASF339
C:\Users\zero6575\AppData\Local\Temp\ccqlaFab.s:6702   .debug_str:0000000000003ddd .LASF340
C:\Users\zero6575\AppData\Local\Temp\ccqlaFab.s:6472   .debug_str:0000000000003170 .LASF341
C:\Users\zero6575\AppData\Local\Temp\ccqlaFab.s:6644   .debug_str:0000000000003b23 .LASF345
C:\Users\zero6575\AppData\Local\Temp\ccqlaFab.s:6808   .debug_str:00000000000043ff .LASF346
C:\Users\zero6575\AppData\Local\Temp\ccqlaFab.s:6674   .debug_str:0000000000003c44 .LASF347
C:\Users\zero6575\AppData\Local\Temp\ccqlaFab.s:6288   .debug_str:000000000000270d .LASF348
C:\Users\zero6575\AppData\Local\Temp\ccqlaFab.s:6404   .debug_str:0000000000002e44 .LASF349
C:\Users\zero6575\AppData\Local\Temp\ccqlaFab.s:7216   .debug_str:0000000000005b49 .LASF350
C:\Users\zero6575\AppData\Local\Temp\ccqlaFab.s:7590   .debug_str:0000000000006f3e .LASF351
C:\Users\zero6575\AppData\Local\Temp\ccqlaFab.s:6260   .debug_str:0000000000002555 .LASF352
C:\Users\zero6575\AppData\Local\Temp\ccqlaFab.s:6292   .debug_str:0000000000002740 .LASF353
C:\Users\zero6575\AppData\Local\Temp\ccqlaFab.s:6132   .debug_str:0000000000001e00 .LASF354
C:\Users\zero6575\AppData\Local\Temp\ccqlaFab.s:7774   .debug_str:00000000000078a3 .LASF355
C:\Users\zero6575\AppData\Local\Temp\ccqlaFab.s:7238   .debug_str:0000000000005cae .LASF356
C:\Users\zero6575\AppData\Local\Temp\ccqlaFab.s:7300   .debug_str:00000000000060b2 .LASF357
C:\Users\zero6575\AppData\Local\Temp\ccqlaFab.s:7742   .debug_str:000000000000771d .LASF358
C:\Users\zero6575\AppData\Local\Temp\ccqlaFab.s:7584   .debug_str:0000000000006f08 .LASF359
C:\Users\zero6575\AppData\Local\Temp\ccqlaFab.s:7104   .debug_str:00000000000054f3 .LASF360
C:\Users\zero6575\AppData\Local\Temp\ccqlaFab.s:7346   .debug_str:00000000000062d5 .LASF361
C:\Users\zero6575\AppData\Local\Temp\ccqlaFab.s:7512   .debug_str:0000000000006b2e .LASF362
C:\Users\zero6575\AppData\Local\Temp\ccqlaFab.s:5946   .debug_str:00000000000014c7 .LASF363
C:\Users\zero6575\AppData\Local\Temp\ccqlaFab.s:7514   .debug_str:0000000000006b3e .LASF364
C:\Users\zero6575\AppData\Local\Temp\ccqlaFab.s:5606   .debug_str:0000000000000085 .LASF365
C:\Users\zero6575\AppData\Local\Temp\ccqlaFab.s:6672   .debug_str:0000000000003c2d .LASF366
C:\Users\zero6575\AppData\Local\Temp\ccqlaFab.s:6508   .debug_str:0000000000003427 .LASF367
C:\Users\zero6575\AppData\Local\Temp\ccqlaFab.s:7144   .debug_str:0000000000005753 .LASF368
C:\Users\zero6575\AppData\Local\Temp\ccqlaFab.s:7076   .debug_str:000000000000538f .LASF369
C:\Users\zero6575\AppData\Local\Temp\ccqlaFab.s:6016   .debug_str:00000000000017b1 .LASF370
C:\Users\zero6575\AppData\Local\Temp\ccqlaFab.s:7894   .debug_str:0000000000008088 .LASF371
C:\Users\zero6575\AppData\Local\Temp\ccqlaFab.s:7704   .debug_str:0000000000007520 .LASF372
C:\Users\zero6575\AppData\Local\Temp\ccqlaFab.s:7330   .debug_str:00000000000061d5 .LASF373
C:\Users\zero6575\AppData\Local\Temp\ccqlaFab.s:6332   .debug_str:0000000000002a13 .LASF374
C:\Users\zero6575\AppData\Local\Temp\ccqlaFab.s:7730   .debug_str:0000000000007654 .LASF375
C:\Users\zero6575\AppData\Local\Temp\ccqlaFab.s:6440   .debug_str:0000000000003019 .LASF376
C:\Users\zero6575\AppData\Local\Temp\ccqlaFab.s:5764   .debug_str:000000000000089a .LASF377
C:\Users\zero6575\AppData\Local\Temp\ccqlaFab.s:6796   .debug_str:0000000000004374 .LASF378
C:\Users\zero6575\AppData\Local\Temp\ccqlaFab.s:5716   .debug_str:0000000000000588 .LASF379
C:\Users\zero6575\AppData\Local\Temp\ccqlaFab.s:6892   .debug_str:00000000000048de .LASF380
C:\Users\zero6575\AppData\Local\Temp\ccqlaFab.s:6988   .debug_str:0000000000004e33 .LASF381
C:\Users\zero6575\AppData\Local\Temp\ccqlaFab.s:6658   .debug_str:0000000000003bc4 .LASF382
C:\Users\zero6575\AppData\Local\Temp\ccqlaFab.s:7446   .debug_str:0000000000006866 .LASF383
C:\Users\zero6575\AppData\Local\Temp\ccqlaFab.s:5960   .debug_str:000000000000155e .LASF384
C:\Users\zero6575\AppData\Local\Temp\ccqlaFab.s:7080   .debug_str:00000000000053b5 .LASF385
C:\Users\zero6575\AppData\Local\Temp\ccqlaFab.s:5846   .debug_str:0000000000000ce2 .LASF387
C:\Users\zero6575\AppData\Local\Temp\ccqlaFab.s:7204   .debug_str:0000000000005a80 .LASF388
C:\Users\zero6575\AppData\Local\Temp\ccqlaFab.s:5834   .debug_str:0000000000000c6c .LASF389
C:\Users\zero6575\AppData\Local\Temp\ccqlaFab.s:7830   .debug_str:0000000000007bc3 .LASF390
C:\Users\zero6575\AppData\Local\Temp\ccqlaFab.s:6582   .debug_str:00000000000037eb .LASF391
C:\Users\zero6575\AppData\Local\Temp\ccqlaFab.s:5726   .debug_str:0000000000000613 .LASF392
C:\Users\zero6575\AppData\Local\Temp\ccqlaFab.s:7734   .debug_str:0000000000007691 .LASF393
C:\Users\zero6575\AppData\Local\Temp\ccqlaFab.s:7010   .debug_str:0000000000004f45 .LASF394
C:\Users\zero6575\AppData\Local\Temp\ccqlaFab.s:6094   .debug_str:0000000000001bd8 .LASF395
C:\Users\zero6575\AppData\Local\Temp\ccqlaFab.s:6958   .debug_str:0000000000004c68 .LASF396
C:\Users\zero6575\AppData\Local\Temp\ccqlaFab.s:6366   .debug_str:0000000000002ba8 .LASF397
C:\Users\zero6575\AppData\Local\Temp\ccqlaFab.s:7474   .debug_str:00000000000069bf .LASF398
C:\Users\zero6575\AppData\Local\Temp\ccqlaFab.s:6144   .debug_str:0000000000001e8c .LASF399
C:\Users\zero6575\AppData\Local\Temp\ccqlaFab.s:6526   .debug_str:0000000000003534 .LASF400
C:\Users\zero6575\AppData\Local\Temp\ccqlaFab.s:7444   .debug_str:000000000000685a .LASF401
C:\Users\zero6575\AppData\Local\Temp\ccqlaFab.s:6458   .debug_str:00000000000030e0 .LASF402
C:\Users\zero6575\AppData\Local\Temp\ccqlaFab.s:8024   .debug_str:00000000000086a5 .LASF403
C:\Users\zero6575\AppData\Local\Temp\ccqlaFab.s:6802   .debug_str:00000000000043c7 .LASF404
C:\Users\zero6575\AppData\Local\Temp\ccqlaFab.s:6436   .debug_str:0000000000002fe3 .LASF405
C:\Users\zero6575\AppData\Local\Temp\ccqlaFab.s:6740   .debug_str:000000000000403c .LASF406
C:\Users\zero6575\AppData\Local\Temp\ccqlaFab.s:5858   .debug_str:0000000000000d89 .LASF407
C:\Users\zero6575\AppData\Local\Temp\ccqlaFab.s:7160   .debug_str:000000000000581b .LASF408
C:\Users\zero6575\AppData\Local\Temp\ccqlaFab.s:5614   .debug_str:00000000000000ce .LASF409
C:\Users\zero6575\AppData\Local\Temp\ccqlaFab.s:7042   .debug_str:000000000000519e .LASF410
C:\Users\zero6575\AppData\Local\Temp\ccqlaFab.s:6218   .debug_str:00000000000022c3 .LASF411
C:\Users\zero6575\AppData\Local\Temp\ccqlaFab.s:7448   .debug_str:0000000000006882 .LASF412
C:\Users\zero6575\AppData\Local\Temp\ccqlaFab.s:6826   .debug_str:0000000000004518 .LASF413
C:\Users\zero6575\AppData\Local\Temp\ccqlaFab.s:6118   .debug_str:0000000000001d37 .LASF414
C:\Users\zero6575\AppData\Local\Temp\ccqlaFab.s:6888   .debug_str:00000000000048bd .LASF415
C:\Users\zero6575\AppData\Local\Temp\ccqlaFab.s:7466   .debug_str:000000000000693c .LASF416
C:\Users\zero6575\AppData\Local\Temp\ccqlaFab.s:6336   .debug_str:0000000000002a2e .LASF417
C:\Users\zero6575\AppData\Local\Temp\ccqlaFab.s:6602   .debug_str:00000000000038a4 .LASF418
C:\Users\zero6575\AppData\Local\Temp\ccqlaFab.s:6408   .debug_str:0000000000002e83 .LASF419
C:\Users\zero6575\AppData\Local\Temp\ccqlaFab.s:7736   .debug_str:0000000000007699 .LASF420
C:\Users\zero6575\AppData\Local\Temp\ccqlaFab.s:7996   .debug_str:00000000000085b3 .LASF421
C:\Users\zero6575\AppData\Local\Temp\ccqlaFab.s:7554   .debug_str:0000000000006d3a .LASF422
C:\Users\zero6575\AppData\Local\Temp\ccqlaFab.s:6446   .debug_str:0000000000003059 .LASF423
C:\Users\zero6575\AppData\Local\Temp\ccqlaFab.s:6696   .debug_str:0000000000003da8 .LASF424
C:\Users\zero6575\AppData\Local\Temp\ccqlaFab.s:5630   .debug_str:0000000000000204 .LASF425
C:\Users\zero6575\AppData\Local\Temp\ccqlaFab.s:6432   .debug_str:0000000000002fc3 .LASF426
C:\Users\zero6575\AppData\Local\Temp\ccqlaFab.s:7356   .debug_str:0000000000006358 .LASF427
C:\Users\zero6575\AppData\Local\Temp\ccqlaFab.s:6700   .debug_str:0000000000003dc8 .LASF428
C:\Users\zero6575\AppData\Local\Temp\ccqlaFab.s:6900   .debug_str:000000000000491f .LASF429
C:\Users\zero6575\AppData\Local\Temp\ccqlaFab.s:7348   .debug_str:00000000000062e5 .LASF430
C:\Users\zero6575\AppData\Local\Temp\ccqlaFab.s:8038   .debug_str:00000000000087b6 .LASF431
C:\Users\zero6575\AppData\Local\Temp\ccqlaFab.s:6050   .debug_str:00000000000019a6 .LASF432
C:\Users\zero6575\AppData\Local\Temp\ccqlaFab.s:6428   .debug_str:0000000000002f8a .LASF433
C:\Users\zero6575\AppData\Local\Temp\ccqlaFab.s:6464   .debug_str:0000000000003114 .LASF434
C:\Users\zero6575\AppData\Local\Temp\ccqlaFab.s:6492   .debug_str:0000000000003337 .LASF435
C:\Users\zero6575\AppData\Local\Temp\ccqlaFab.s:7618   .debug_str:0000000000007104 .LASF436
C:\Users\zero6575\AppData\Local\Temp\ccqlaFab.s:7602   .debug_str:000000000000700a .LASF437
C:\Users\zero6575\AppData\Local\Temp\ccqlaFab.s:7304   .debug_str:00000000000060d9 .LASF438
C:\Users\zero6575\AppData\Local\Temp\ccqlaFab.s:6646   .debug_str:0000000000003b39 .LASF439
C:\Users\zero6575\AppData\Local\Temp\ccqlaFab.s:7224   .debug_str:0000000000005be4 .LASF440
C:\Users\zero6575\AppData\Local\Temp\ccqlaFab.s:7326   .debug_str:00000000000061b1 .LASF441
C:\Users\zero6575\AppData\Local\Temp\ccqlaFab.s:7096   .debug_str:00000000000054a9 .LASF442
C:\Users\zero6575\AppData\Local\Temp\ccqlaFab.s:7354   .debug_str:000000000000632f .LASF443
C:\Users\zero6575\AppData\Local\Temp\ccqlaFab.s:6760   .debug_str:000000000000413e .LASF444
C:\Users\zero6575\AppData\Local\Temp\ccqlaFab.s:6314   .debug_str:000000000000286d .LASF445
C:\Users\zero6575\AppData\Local\Temp\ccqlaFab.s:6122   .debug_str:0000000000001d5b .LASF446
C:\Users\zero6575\AppData\Local\Temp\ccqlaFab.s:6732   .debug_str:0000000000003fa7 .LASF447
C:\Users\zero6575\AppData\Local\Temp\ccqlaFab.s:6020   .debug_str:00000000000017db .LASF448
C:\Users\zero6575\AppData\Local\Temp\ccqlaFab.s:6156   .debug_str:0000000000001efb .LASF449
C:\Users\zero6575\AppData\Local\Temp\ccqlaFab.s:7846   .debug_str:0000000000007cb0 .LASF450
C:\Users\zero6575\AppData\Local\Temp\ccqlaFab.s:7322   .debug_str:000000000000617d .LASF451
C:\Users\zero6575\AppData\Local\Temp\ccqlaFab.s:6562   .debug_str:00000000000036ae .LASF452
C:\Users\zero6575\AppData\Local\Temp\ccqlaFab.s:8048   .debug_str:000000000000880f .LASF453
C:\Users\zero6575\AppData\Local\Temp\ccqlaFab.s:7386   .debug_str:00000000000064b0 .LASF454
C:\Users\zero6575\AppData\Local\Temp\ccqlaFab.s:7436   .debug_str:00000000000067ba .LASF455
C:\Users\zero6575\AppData\Local\Temp\ccqlaFab.s:6838   .debug_str:00000000000045ae .LASF456
C:\Users\zero6575\AppData\Local\Temp\ccqlaFab.s:5902   .debug_str:0000000000001038 .LASF457
C:\Users\zero6575\AppData\Local\Temp\ccqlaFab.s:5892   .debug_str:0000000000000f9b .LASF458
C:\Users\zero6575\AppData\Local\Temp\ccqlaFab.s:6036   .debug_str:00000000000018b0 .LASF459
C:\Users\zero6575\AppData\Local\Temp\ccqlaFab.s:6768   .debug_str:0000000000004199 .LASF460
C:\Users\zero6575\AppData\Local\Temp\ccqlaFab.s:7754   .debug_str:000000000000779d .LASF461
C:\Users\zero6575\AppData\Local\Temp\ccqlaFab.s:6100   .debug_str:0000000000001c38 .LASF462
C:\Users\zero6575\AppData\Local\Temp\ccqlaFab.s:7370   .debug_str:00000000000063d3 .LASF463
C:\Users\zero6575\AppData\Local\Temp\ccqlaFab.s:7712   .debug_str:0000000000007573 .LASF464
C:\Users\zero6575\AppData\Local\Temp\ccqlaFab.s:6416   .debug_str:0000000000002ed4 .LASF465
C:\Users\zero6575\AppData\Local\Temp\ccqlaFab.s:7128   .debug_str:0000000000005675 .LASF466
C:\Users\zero6575\AppData\Local\Temp\ccqlaFab.s:6810   .debug_str:0000000000004417 .LASF467
C:\Users\zero6575\AppData\Local\Temp\ccqlaFab.s:8008   .debug_str:000000000000860c .LASF468
C:\Users\zero6575\AppData\Local\Temp\ccqlaFab.s:6844   .debug_str:000000000000460c .LASF469
C:\Users\zero6575\AppData\Local\Temp\ccqlaFab.s:5792   .debug_str:00000000000009e6 .LASF470
C:\Users\zero6575\AppData\Local\Temp\ccqlaFab.s:7902   .debug_str:00000000000080eb .LASF471
C:\Users\zero6575\AppData\Local\Temp\ccqlaFab.s:7274   .debug_str:0000000000005f18 .LASF472
C:\Users\zero6575\AppData\Local\Temp\ccqlaFab.s:5732   .debug_str:00000000000006a1 .LASF473
C:\Users\zero6575\AppData\Local\Temp\ccqlaFab.s:6522   .debug_str:00000000000034e3 .LASF474
C:\Users\zero6575\AppData\Local\Temp\ccqlaFab.s:7556   .debug_str:0000000000006d4d .LASF475
C:\Users\zero6575\AppData\Local\Temp\ccqlaFab.s:7702   .debug_str:0000000000007504 .LASF476
C:\Users\zero6575\AppData\Local\Temp\ccqlaFab.s:5798   .debug_str:0000000000000a3c .LASF477
C:\Users\zero6575\AppData\Local\Temp\ccqlaFab.s:7934   .debug_str:0000000000008216 .LASF478
C:\Users\zero6575\AppData\Local\Temp\ccqlaFab.s:7482   .debug_str:00000000000069df .LASF479
C:\Users\zero6575\AppData\Local\Temp\ccqlaFab.s:5648   .debug_str:000000000000030d .LASF480
C:\Users\zero6575\AppData\Local\Temp\ccqlaFab.s:7760   .debug_str:0000000000007803 .LASF481
C:\Users\zero6575\AppData\Local\Temp\ccqlaFab.s:7428   .debug_str:000000000000677c .LASF482
C:\Users\zero6575\AppData\Local\Temp\ccqlaFab.s:6272   .debug_str:0000000000002614 .LASF483
C:\Users\zero6575\AppData\Local\Temp\ccqlaFab.s:7972   .debug_str:000000000000845f .LASF484
C:\Users\zero6575\AppData\Local\Temp\ccqlaFab.s:6632   .debug_str:00000000000039fc .LASF485
C:\Users\zero6575\AppData\Local\Temp\ccqlaFab.s:6762   .debug_str:0000000000004162 .LASF486
C:\Users\zero6575\AppData\Local\Temp\ccqlaFab.s:7012   .debug_str:0000000000004f4e .LASF487
C:\Users\zero6575\AppData\Local\Temp\ccqlaFab.s:7186   .debug_str:00000000000059b3 .LASF488
C:\Users\zero6575\AppData\Local\Temp\ccqlaFab.s:6614   .debug_str:000000000000392b .LASF489
C:\Users\zero6575\AppData\Local\Temp\ccqlaFab.s:6266   .debug_str:00000000000025c3 .LASF490
C:\Users\zero6575\AppData\Local\Temp\ccqlaFab.s:6840   .debug_str:00000000000045d4 .LASF491
C:\Users\zero6575\AppData\Local\Temp\ccqlaFab.s:5670   .debug_str:00000000000003fc .LASF492
C:\Users\zero6575\AppData\Local\Temp\ccqlaFab.s:6788   .debug_str:000000000000429f .LASF493
C:\Users\zero6575\AppData\Local\Temp\ccqlaFab.s:5688   .debug_str:00000000000004c0 .LASF494
C:\Users\zero6575\AppData\Local\Temp\ccqlaFab.s:7232   .debug_str:0000000000005c3a .LASF495
C:\Users\zero6575\AppData\Local\Temp\ccqlaFab.s:7112   .debug_str:0000000000005548 .LASF496
C:\Users\zero6575\AppData\Local\Temp\ccqlaFab.s:7074   .debug_str:0000000000005373 .LASF497
C:\Users\zero6575\AppData\Local\Temp\ccqlaFab.s:5706   .debug_str:000000000000054d .LASF499
C:\Users\zero6575\AppData\Local\Temp\ccqlaFab.s:7784   .debug_str:0000000000007904 .LASF500
C:\Users\zero6575\AppData\Local\Temp\ccqlaFab.s:7314   .debug_str:000000000000614a .LASF501
C:\Users\zero6575\AppData\Local\Temp\ccqlaFab.s:5984   .debug_str:0000000000001662 .LASF502
C:\Users\zero6575\AppData\Local\Temp\ccqlaFab.s:6466   .debug_str:000000000000312d .LASF503
C:\Users\zero6575\AppData\Local\Temp\ccqlaFab.s:7272   .debug_str:0000000000005f09 .LASF506
C:\Users\zero6575\AppData\Local\Temp\ccqlaFab.s:6922   .debug_str:0000000000004ada .LASF507
C:\Users\zero6575\AppData\Local\Temp\ccqlaFab.s:6388   .debug_str:0000000000002d1c .LASF508
C:\Users\zero6575\AppData\Local\Temp\ccqlaFab.s:5608   .debug_str:0000000000000096 .LASF509
C:\Users\zero6575\AppData\Local\Temp\ccqlaFab.s:6250   .debug_str:00000000000024b3 .LASF510
C:\Users\zero6575\AppData\Local\Temp\ccqlaFab.s:6116   .debug_str:0000000000001d23 .LASF511
C:\Users\zero6575\AppData\Local\Temp\ccqlaFab.s:7236   .debug_str:0000000000005c8b .LASF512
C:\Users\zero6575\AppData\Local\Temp\ccqlaFab.s:5680   .debug_str:0000000000000483 .LASF513
C:\Users\zero6575\AppData\Local\Temp\ccqlaFab.s:6932   .debug_str:0000000000004b34 .LASF514
C:\Users\zero6575\AppData\Local\Temp\ccqlaFab.s:7800   .debug_str:00000000000079de .LASF515
C:\Users\zero6575\AppData\Local\Temp\ccqlaFab.s:6908   .debug_str:0000000000004a10 .LASF517
C:\Users\zero6575\AppData\Local\Temp\ccqlaFab.s:6298   .debug_str:0000000000002778 .LASF518
C:\Users\zero6575\AppData\Local\Temp\ccqlaFab.s:7808   .debug_str:0000000000007a3c .LASF519
C:\Users\zero6575\AppData\Local\Temp\ccqlaFab.s:7974   .debug_str:0000000000008479 .LASF520
C:\Users\zero6575\AppData\Local\Temp\ccqlaFab.s:6946   .debug_str:0000000000004bd1 .LASF521
C:\Users\zero6575\AppData\Local\Temp\ccqlaFab.s:7586   .debug_str:0000000000006f19 .LASF522
C:\Users\zero6575\AppData\Local\Temp\ccqlaFab.s:6372   .debug_str:0000000000002bca .LASF523
C:\Users\zero6575\AppData\Local\Temp\ccqlaFab.s:6936   .debug_str:0000000000004b7b .LASF524
C:\Users\zero6575\AppData\Local\Temp\ccqlaFab.s:7770   .debug_str:0000000000007883 .LASF525
C:\Users\zero6575\AppData\Local\Temp\ccqlaFab.s:5652   .debug_str:000000000000034c .LASF526
C:\Users\zero6575\AppData\Local\Temp\ccqlaFab.s:7404   .debug_str:0000000000006645 .LASF527
C:\Users\zero6575\AppData\Local\Temp\ccqlaFab.s:7706   .debug_str:0000000000007530 .LASF528
C:\Users\zero6575\AppData\Local\Temp\ccqlaFab.s:6698   .debug_str:0000000000003dbc .LASF529
C:\Users\zero6575\AppData\Local\Temp\ccqlaFab.s:7610   .debug_str:00000000000070ae .LASF530
C:\Users\zero6575\AppData\Local\Temp\ccqlaFab.s:7804   .debug_str:0000000000007a02 .LASF531
C:\Users\zero6575\AppData\Local\Temp\ccqlaFab.s:7732   .debug_str:0000000000007669 .LASF532
C:\Users\zero6575\AppData\Local\Temp\ccqlaFab.s:7592   .debug_str:0000000000006f6b .LASF533
C:\Users\zero6575\AppData\Local\Temp\ccqlaFab.s:5820   .debug_str:0000000000000ba4 .LASF534
C:\Users\zero6575\AppData\Local\Temp\ccqlaFab.s:7798   .debug_str:00000000000079bc .LASF535
C:\Users\zero6575\AppData\Local\Temp\ccqlaFab.s:6566   .debug_str:00000000000036f5 .LASF537
C:\Users\zero6575\AppData\Local\Temp\ccqlaFab.s:7582   .debug_str:0000000000006efc .LASF538
C:\Users\zero6575\AppData\Local\Temp\ccqlaFab.s:7008   .debug_str:0000000000004f35 .LASF539
C:\Users\zero6575\AppData\Local\Temp\ccqlaFab.s:6242   .debug_str:0000000000002440 .LASF540
C:\Users\zero6575\AppData\Local\Temp\ccqlaFab.s:5754   .debug_str:0000000000000855 .LASF541
C:\Users\zero6575\AppData\Local\Temp\ccqlaFab.s:7402   .debug_str:0000000000006639 .LASF542
C:\Users\zero6575\AppData\Local\Temp\ccqlaFab.s:7152   .debug_str:00000000000057d7 .LASF543
C:\Users\zero6575\AppData\Local\Temp\ccqlaFab.s:7134   .debug_str:00000000000056c4 .LASF544
C:\Users\zero6575\AppData\Local\Temp\ccqlaFab.s:7626   .debug_str:000000000000715c .LASF545
C:\Users\zero6575\AppData\Local\Temp\ccqlaFab.s:7786   .debug_str:000000000000790f .LASF546
C:\Users\zero6575\AppData\Local\Temp\ccqlaFab.s:6096   .debug_str:0000000000001be3 .LASF547
C:\Users\zero6575\AppData\Local\Temp\ccqlaFab.s:6198   .debug_str:0000000000002224 .LASF548
C:\Users\zero6575\AppData\Local\Temp\ccqlaFab.s:7088   .debug_str:0000000000005413 .LASF549
C:\Users\zero6575\AppData\Local\Temp\ccqlaFab.s:6930   .debug_str:0000000000004b28 .LASF550
C:\Users\zero6575\AppData\Local\Temp\ccqlaFab.s:7932   .debug_str:000000000000820a .LASF551
C:\Users\zero6575\AppData\Local\Temp\ccqlaFab.s:7294   .debug_str:0000000000006080 .LASF552
C:\Users\zero6575\AppData\Local\Temp\ccqlaFab.s:6804   .debug_str:00000000000043d0 .LASF553
C:\Users\zero6575\AppData\Local\Temp\ccqlaFab.s:5944   .debug_str:00000000000014bd .LASF554
C:\Users\zero6575\AppData\Local\Temp\ccqlaFab.s:7690   .debug_str:000000000000744f .LASF555
C:\Users\zero6575\AppData\Local\Temp\ccqlaFab.s:7174   .debug_str:0000000000005944 .LASF556
C:\Users\zero6575\AppData\Local\Temp\ccqlaFab.s:6550   .debug_str:0000000000003650 .LASF557
C:\Users\zero6575\AppData\Local\Temp\ccqlaFab.s:6178   .debug_str:0000000000002016 .LASF558
C:\Users\zero6575\AppData\Local\Temp\ccqlaFab.s:6482   .debug_str:000000000000321e .LASF559
C:\Users\zero6575\AppData\Local\Temp\ccqlaFab.s:5744   .debug_str:0000000000000771 .LASF560
C:\Users\zero6575\AppData\Local\Temp\ccqlaFab.s:5842   .debug_str:0000000000000cb3 .LASF561
C:\Users\zero6575\AppData\Local\Temp\ccqlaFab.s:6048   .debug_str:0000000000001994 .LASF562
C:\Users\zero6575\AppData\Local\Temp\ccqlaFab.s:6474   .debug_str:0000000000003187 .LASF563
C:\Users\zero6575\AppData\Local\Temp\ccqlaFab.s:7896   .debug_str:000000000000809c .LASF564
C:\Users\zero6575\AppData\Local\Temp\ccqlaFab.s:7570   .debug_str:0000000000006e03 .LASF565
C:\Users\zero6575\AppData\Local\Temp\ccqlaFab.s:6136   .debug_str:0000000000001e25 .LASF566
C:\Users\zero6575\AppData\Local\Temp\ccqlaFab.s:5874   .debug_str:0000000000000e8b .LASF567
C:\Users\zero6575\AppData\Local\Temp\ccqlaFab.s:6710   .debug_str:0000000000003e37 .LASF568
C:\Users\zero6575\AppData\Local\Temp\ccqlaFab.s:5690   .debug_str:00000000000004d8 .LASF569
C:\Users\zero6575\AppData\Local\Temp\ccqlaFab.s:6764   .debug_str:000000000000417a .LASF570
C:\Users\zero6575\AppData\Local\Temp\ccqlaFab.s:7230   .debug_str:0000000000005c2f .LASF571
C:\Users\zero6575\AppData\Local\Temp\ccqlaFab.s:7568   .debug_str:0000000000006df9 .LASF572
C:\Users\zero6575\AppData\Local\Temp\ccqlaFab.s:7628   .debug_str:000000000000716d .LASF573
C:\Users\zero6575\AppData\Local\Temp\ccqlaFab.s:6782   .debug_str:0000000000004247 .LASF574
C:\Users\zero6575\AppData\Local\Temp\ccqlaFab.s:7510   .debug_str:0000000000006b1f .LASF575
C:\Users\zero6575\AppData\Local\Temp\ccqlaFab.s:6294   .debug_str:0000000000002752 .LASF576
C:\Users\zero6575\AppData\Local\Temp\ccqlaFab.s:5604   .debug_str:0000000000000073 .LASF577
C:\Users\zero6575\AppData\Local\Temp\ccqlaFab.s:6346   .debug_str:0000000000002a93 .LASF578
C:\Users\zero6575\AppData\Local\Temp\ccqlaFab.s:5878   .debug_str:0000000000000eca .LASF579
C:\Users\zero6575\AppData\Local\Temp\ccqlaFab.s:6120   .debug_str:0000000000001d4a .LASF580
C:\Users\zero6575\AppData\Local\Temp\ccqlaFab.s:6520   .debug_str:00000000000034d5 .LASF581
C:\Users\zero6575\AppData\Local\Temp\ccqlaFab.s:6716   .debug_str:0000000000003e8c .LASF582
C:\Users\zero6575\AppData\Local\Temp\ccqlaFab.s:6544   .debug_str:0000000000003613 .LASF583
C:\Users\zero6575\AppData\Local\Temp\ccqlaFab.s:7396   .debug_str:00000000000065fd .LASF584
C:\Users\zero6575\AppData\Local\Temp\ccqlaFab.s:6692   .debug_str:0000000000003d93 .LASF585
C:\Users\zero6575\AppData\Local\Temp\ccqlaFab.s:7360   .debug_str:0000000000006374 .LASF586
C:\Users\zero6575\AppData\Local\Temp\ccqlaFab.s:6846   .debug_str:0000000000004632 .LASF587
C:\Users\zero6575\AppData\Local\Temp\ccqlaFab.s:6848   .debug_str:000000000000463e .LASF588
C:\Users\zero6575\AppData\Local\Temp\ccqlaFab.s:7920   .debug_str:00000000000081b2 .LASF589
C:\Users\zero6575\AppData\Local\Temp\ccqlaFab.s:7130   .debug_str:0000000000005699 .LASF590
C:\Users\zero6575\AppData\Local\Temp\ccqlaFab.s:7184   .debug_str:00000000000059a6 .LASF591
C:\Users\zero6575\AppData\Local\Temp\ccqlaFab.s:7970   .debug_str:0000000000008456 .LASF592
C:\Users\zero6575\AppData\Local\Temp\ccqlaFab.s:6792   .debug_str:0000000000004321 .LASF593
C:\Users\zero6575\AppData\Local\Temp\ccqlaFab.s:7802   .debug_str:00000000000079f3 .LASF594
C:\Users\zero6575\AppData\Local\Temp\ccqlaFab.s:5822   .debug_str:0000000000000bcd .LASF595
C:\Users\zero6575\AppData\Local\Temp\ccqlaFab.s:6046   .debug_str:000000000000197e .LASF596
C:\Users\zero6575\AppData\Local\Temp\ccqlaFab.s:6612   .debug_str:0000000000003917 .LASF597
C:\Users\zero6575\AppData\Local\Temp\ccqlaFab.s:7654   .debug_str:000000000000729b .LASF598
C:\Users\zero6575\AppData\Local\Temp\ccqlaFab.s:7928   .debug_str:00000000000081e6 .LASF599
C:\Users\zero6575\AppData\Local\Temp\ccqlaFab.s:6300   .debug_str:0000000000002792 .LASF600
C:\Users\zero6575\AppData\Local\Temp\ccqlaFab.s:5772   .debug_str:00000000000008e1 .LASF601
C:\Users\zero6575\AppData\Local\Temp\ccqlaFab.s:6630   .debug_str:00000000000039f0 .LASF602
C:\Users\zero6575\AppData\Local\Temp\ccqlaFab.s:7038   .debug_str:000000000000516b .LASF603
C:\Users\zero6575\AppData\Local\Temp\ccqlaFab.s:6028   .debug_str:000000000000185e .LASF604
C:\Users\zero6575\AppData\Local\Temp\ccqlaFab.s:6954   .debug_str:0000000000004c43 .LASF605
C:\Users\zero6575\AppData\Local\Temp\ccqlaFab.s:7682   .debug_str:00000000000073f6 .LASF606
C:\Users\zero6575\AppData\Local\Temp\ccqlaFab.s:6886   .debug_str:00000000000048b0 .LASF607
C:\Users\zero6575\AppData\Local\Temp\ccqlaFab.s:6108   .debug_str:0000000000001cb2 .LASF608
C:\Users\zero6575\AppData\Local\Temp\ccqlaFab.s:7914   .debug_str:000000000000817d .LASF609
C:\Users\zero6575\AppData\Local\Temp\ccqlaFab.s:5668   .debug_str:00000000000003e6 .LASF610
C:\Users\zero6575\AppData\Local\Temp\ccqlaFab.s:6158   .debug_str:0000000000001f26 .LASF611
C:\Users\zero6575\AppData\Local\Temp\ccqlaFab.s:7664   .debug_str:0000000000007314 .LASF612
C:\Users\zero6575\AppData\Local\Temp\ccqlaFab.s:7574   .debug_str:0000000000006e26 .LASF613
C:\Users\zero6575\AppData\Local\Temp\ccqlaFab.s:5634   .debug_str:0000000000000234 .LASF614
C:\Users\zero6575\AppData\Local\Temp\ccqlaFab.s:6786   .debug_str:0000000000004282 .LASF615
C:\Users\zero6575\AppData\Local\Temp\ccqlaFab.s:6664   .debug_str:0000000000003bf2 .LASF616
C:\Users\zero6575\AppData\Local\Temp\ccqlaFab.s:5780   .debug_str:000000000000092a .LASF617
C:\Users\zero6575\AppData\Local\Temp\ccqlaFab.s:7900   .debug_str:00000000000080cc .LASF618
C:\Users\zero6575\AppData\Local\Temp\ccqlaFab.s:6506   .debug_str:00000000000033ee .LASF619
C:\Users\zero6575\AppData\Local\Temp\ccqlaFab.s:6444   .debug_str:000000000000303b .LASF620
C:\Users\zero6575\AppData\Local\Temp\ccqlaFab.s:7528   .debug_str:0000000000006c30 .LASF621
C:\Users\zero6575\AppData\Local\Temp\ccqlaFab.s:6470   .debug_str:0000000000003154 .LASF622
C:\Users\zero6575\AppData\Local\Temp\ccqlaFab.s:6264   .debug_str:00000000000025ac .LASF623
C:\Users\zero6575\AppData\Local\Temp\ccqlaFab.s:5988   .debug_str:000000000000167e .LASF624
C:\Users\zero6575\AppData\Local\Temp\ccqlaFab.s:7612   .debug_str:00000000000070b8 .LASF625
C:\Users\zero6575\AppData\Local\Temp\ccqlaFab.s:7632   .debug_str:00000000000071a6 .LASF626
C:\Users\zero6575\AppData\Local\Temp\ccqlaFab.s:6000   .debug_str:0000000000001720 .LASF627
C:\Users\zero6575\AppData\Local\Temp\ccqlaFab.s:7022   .debug_str:0000000000004fbb .LASF628
C:\Users\zero6575\AppData\Local\Temp\ccqlaFab.s:7762   .debug_str:000000000000782a .LASF629
C:\Users\zero6575\AppData\Local\Temp\ccqlaFab.s:5714   .debug_str:0000000000000575 .LASF630
C:\Users\zero6575\AppData\Local\Temp\ccqlaFab.s:7210   .debug_str:0000000000005adf .LASF631
C:\Users\zero6575\AppData\Local\Temp\ccqlaFab.s:7864   .debug_str:0000000000007dc6 .LASF632
C:\Users\zero6575\AppData\Local\Temp\ccqlaFab.s:7948   .debug_str:00000000000082f6 .LASF633
C:\Users\zero6575\AppData\Local\Temp\ccqlaFab.s:7450   .debug_str:0000000000006892 .LASF634
C:\Users\zero6575\AppData\Local\Temp\ccqlaFab.s:5914   .debug_str:00000000000010d9 .LASF635
C:\Users\zero6575\AppData\Local\Temp\ccqlaFab.s:7536   .debug_str:0000000000006c8d .LASF636
C:\Users\zero6575\AppData\Local\Temp\ccqlaFab.s:6540   .debug_str:00000000000035e5 .LASF637
C:\Users\zero6575\AppData\Local\Temp\ccqlaFab.s:6174   .debug_str:0000000000001fd5 .LASF638
C:\Users\zero6575\AppData\Local\Temp\ccqlaFab.s:5898   .debug_str:0000000000000ff5 .LASF639
C:\Users\zero6575\AppData\Local\Temp\ccqlaFab.s:7280   .debug_str:0000000000005f75 .LASF640
C:\Users\zero6575\AppData\Local\Temp\ccqlaFab.s:7698   .debug_str:00000000000074c0 .LASF641
C:\Users\zero6575\AppData\Local\Temp\ccqlaFab.s:7806   .debug_str:0000000000007a1b .LASF642
C:\Users\zero6575\AppData\Local\Temp\ccqlaFab.s:6856   .debug_str:000000000000473a .LASF643
C:\Users\zero6575\AppData\Local\Temp\ccqlaFab.s:5746   .debug_str:0000000000000782 .LASF644
C:\Users\zero6575\AppData\Local\Temp\ccqlaFab.s:6626   .debug_str:00000000000039aa .LASF645
C:\Users\zero6575\AppData\Local\Temp\ccqlaFab.s:6718   .debug_str:0000000000003e9f .LASF646
C:\Users\zero6575\AppData\Local\Temp\ccqlaFab.s:5856   .debug_str:0000000000000d50 .LASF647
C:\Users\zero6575\AppData\Local\Temp\ccqlaFab.s:7566   .debug_str:0000000000006dc4 .LASF648
C:\Users\zero6575\AppData\Local\Temp\ccqlaFab.s:7388   .debug_str:00000000000064cc .LASF649
C:\Users\zero6575\AppData\Local\Temp\ccqlaFab.s:6870   .debug_str:00000000000047e7 .LASF650
C:\Users\zero6575\AppData\Local\Temp\ccqlaFab.s:7958   .debug_str:0000000000008356 .LASF651
C:\Users\zero6575\AppData\Local\Temp\ccqlaFab.s:7190   .debug_str:00000000000059de .LASF652
C:\Users\zero6575\AppData\Local\Temp\ccqlaFab.s:7168   .debug_str:00000000000058ac .LASF653
C:\Users\zero6575\AppData\Local\Temp\ccqlaFab.s:6610   .debug_str:00000000000038ed .LASF654
C:\Users\zero6575\AppData\Local\Temp\ccqlaFab.s:6624   .debug_str:000000000000397e .LASF655
C:\Users\zero6575\AppData\Local\Temp\ccqlaFab.s:7560   .debug_str:0000000000006d81 .LASF656
C:\Users\zero6575\AppData\Local\Temp\ccqlaFab.s:5810   .debug_str:0000000000000ac0 .LASF657
C:\Users\zero6575\AppData\Local\Temp\ccqlaFab.s:7212   .debug_str:0000000000005af5 .LASF658
C:\Users\zero6575\AppData\Local\Temp\ccqlaFab.s:6678   .debug_str:0000000000003c59 .LASF659
C:\Users\zero6575\AppData\Local\Temp\ccqlaFab.s:7946   .debug_str:00000000000082ce .LASF660
C:\Users\zero6575\AppData\Local\Temp\ccqlaFab.s:7548   .debug_str:0000000000006d0c .LASF661
C:\Users\zero6575\AppData\Local\Temp\ccqlaFab.s:5736   .debug_str:00000000000006da .LASF662
C:\Users\zero6575\AppData\Local\Temp\ccqlaFab.s:6934   .debug_str:0000000000004b4b .LASF663
C:\Users\zero6575\AppData\Local\Temp\ccqlaFab.s:6222   .debug_str:0000000000002315 .LASF664
C:\Users\zero6575\AppData\Local\Temp\ccqlaFab.s:5952   .debug_str:0000000000001502 .LASF665
C:\Users\zero6575\AppData\Local\Temp\ccqlaFab.s:7578   .debug_str:0000000000006e6e .LASF666
C:\Users\zero6575\AppData\Local\Temp\ccqlaFab.s:7936   .debug_str:0000000000008234 .LASF667
C:\Users\zero6575\AppData\Local\Temp\ccqlaFab.s:7284   .debug_str:0000000000005fb1 .LASF668
C:\Users\zero6575\AppData\Local\Temp\ccqlaFab.s:6852   .debug_str:0000000000004696 .LASF669
C:\Users\zero6575\AppData\Local\Temp\ccqlaFab.s:5642   .debug_str:000000000000029d .LASF670
C:\Users\zero6575\AppData\Local\Temp\ccqlaFab.s:6280   .debug_str:0000000000002671 .LASF671
C:\Users\zero6575\AppData\Local\Temp\ccqlaFab.s:6252   .debug_str:00000000000024c9 .LASF672
C:\Users\zero6575\AppData\Local\Temp\ccqlaFab.s:7166   .debug_str:000000000000584b .LASF673
C:\Users\zero6575\AppData\Local\Temp\ccqlaFab.s:7146   .debug_str:0000000000005763 .LASF674
C:\Users\zero6575\AppData\Local\Temp\ccqlaFab.s:5972   .debug_str:00000000000015d3 .LASF675
C:\Users\zero6575\AppData\Local\Temp\ccqlaFab.s:6512   .debug_str:0000000000003442 .LASF676
C:\Users\zero6575\AppData\Local\Temp\ccqlaFab.s:7442   .debug_str:0000000000006802 .LASF677
C:\Users\zero6575\AppData\Local\Temp\ccqlaFab.s:7066   .debug_str:000000000000529b .LASF678
C:\Users\zero6575\AppData\Local\Temp\ccqlaFab.s:5866   .debug_str:0000000000000de7 .LASF679
C:\Users\zero6575\AppData\Local\Temp\ccqlaFab.s:6476   .debug_str:0000000000003198 .LASF680
C:\Users\zero6575\AppData\Local\Temp\ccqlaFab.s:6114   .debug_str:0000000000001d09 .LASF681
C:\Users\zero6575\AppData\Local\Temp\ccqlaFab.s:6880   .debug_str:000000000000485a .LASF682
C:\Users\zero6575\AppData\Local\Temp\ccqlaFab.s:7242   .debug_str:0000000000005ccb .LASF683
C:\Users\zero6575\AppData\Local\Temp\ccqlaFab.s:7454   .debug_str:00000000000068bc .LASF684
C:\Users\zero6575\AppData\Local\Temp\ccqlaFab.s:7824   .debug_str:0000000000007b77 .LASF685
C:\Users\zero6575\AppData\Local\Temp\ccqlaFab.s:6060   .debug_str:0000000000001a0f .LASF686
C:\Users\zero6575\AppData\Local\Temp\ccqlaFab.s:7024   .debug_str:0000000000004fd7 .LASF687
C:\Users\zero6575\AppData\Local\Temp\ccqlaFab.s:6026   .debug_str:0000000000001816 .LASF688
C:\Users\zero6575\AppData\Local\Temp\ccqlaFab.s:6972   .debug_str:0000000000004d0b .LASF689
C:\Users\zero6575\AppData\Local\Temp\ccqlaFab.s:7606   .debug_str:0000000000007048 .LASF690
C:\Users\zero6575\AppData\Local\Temp\ccqlaFab.s:5650   .debug_str:0000000000000339 .LASF691
C:\Users\zero6575\AppData\Local\Temp\ccqlaFab.s:7752   .debug_str:0000000000007782 .LASF692
C:\Users\zero6575\AppData\Local\Temp\ccqlaFab.s:6642   .debug_str:0000000000003b09 .LASF693
C:\Users\zero6575\AppData\Local\Temp\ccqlaFab.s:6310   .debug_str:0000000000002823 .LASF694
C:\Users\zero6575\AppData\Local\Temp\ccqlaFab.s:6290   .debug_str:0000000000002720 .LASF695
C:\Users\zero6575\AppData\Local\Temp\ccqlaFab.s:6066   .debug_str:0000000000001a75 .LASF696
C:\Users\zero6575\AppData\Local\Temp\ccqlaFab.s:7034   .debug_str:000000000000506f .LASF697
C:\Users\zero6575\AppData\Local\Temp\ccqlaFab.s:6504   .debug_str:00000000000033a1 .LASF698
C:\Users\zero6575\AppData\Local\Temp\ccqlaFab.s:6816   .debug_str:000000000000448d .LASF699
C:\Users\zero6575\AppData\Local\Temp\ccqlaFab.s:6360   .debug_str:0000000000002b36 .LASF700
C:\Users\zero6575\AppData\Local\Temp\ccqlaFab.s:7208   .debug_str:0000000000005a92 .LASF701
C:\Users\zero6575\AppData\Local\Temp\ccqlaFab.s:7046   .debug_str:00000000000051b1 .LASF702
C:\Users\zero6575\AppData\Local\Temp\ccqlaFab.s:6322   .debug_str:00000000000028cc .LASF703
C:\Users\zero6575\AppData\Local\Temp\ccqlaFab.s:6262   .debug_str:0000000000002565 .LASF704
C:\Users\zero6575\AppData\Local\Temp\ccqlaFab.s:7090   .debug_str:0000000000005424 .LASF705
C:\Users\zero6575\AppData\Local\Temp\ccqlaFab.s:7526   .debug_str:0000000000006be5 .LASF706
C:\Users\zero6575\AppData\Local\Temp\ccqlaFab.s:5872   .debug_str:0000000000000e45 .LASF707
C:\Users\zero6575\AppData\Local\Temp\ccqlaFab.s:5786   .debug_str:0000000000000987 .LASF708
C:\Users\zero6575\AppData\Local\Temp\ccqlaFab.s:7126   .debug_str:0000000000005646 .LASF709
C:\Users\zero6575\AppData\Local\Temp\ccqlaFab.s:6714   .debug_str:0000000000003e57 .LASF710
C:\Users\zero6575\AppData\Local\Temp\ccqlaFab.s:6608   .debug_str:00000000000038de .LASF712
C:\Users\zero6575\AppData\Local\Temp\ccqlaFab.s:6536   .debug_str:00000000000035c3 .LASF713
C:\Users\zero6575\AppData\Local\Temp\ccqlaFab.s:5682   .debug_str:0000000000000490 .LASF714
C:\Users\zero6575\AppData\Local\Temp\ccqlaFab.s:5620   .debug_str:0000000000000108 .LASF715
C:\Users\zero6575\AppData\Local\Temp\ccqlaFab.s:6648   .debug_str:0000000000003b57 .LASF716
C:\Users\zero6575\AppData\Local\Temp\ccqlaFab.s:6368   .debug_str:0000000000002baf .LASF718
C:\Users\zero6575\AppData\Local\Temp\ccqlaFab.s:6214   .debug_str:0000000000002297 .LASF719
C:\Users\zero6575\AppData\Local\Temp\ccqlaFab.s:5626   .debug_str:000000000000015c .LASF720
C:\Users\zero6575\AppData\Local\Temp\ccqlaFab.s:8006   .debug_str:00000000000085fe .LASF721
C:\Users\zero6575\AppData\Local\Temp\ccqlaFab.s:7020   .debug_str:0000000000004fa1 .LASF722
C:\Users\zero6575\AppData\Local\Temp\ccqlaFab.s:6854   .debug_str:0000000000004722 .LASF723
C:\Users\zero6575\AppData\Local\Temp\ccqlaFab.s:6706   .debug_str:0000000000003e1c .LASF724
C:\Users\zero6575\AppData\Local\Temp\ccqlaFab.s:7392   .debug_str:00000000000065b4 .LASF725
C:\Users\zero6575\AppData\Local\Temp\ccqlaFab.s:5880   .debug_str:0000000000000edc .LASF726
C:\Users\zero6575\AppData\Local\Temp\ccqlaFab.s:6524   .debug_str:0000000000003507 .LASF727
C:\Users\zero6575\AppData\Local\Temp\ccqlaFab.s:8036   .debug_str:000000000000877f .LASF728
C:\Users\zero6575\AppData\Local\Temp\ccqlaFab.s:7604   .debug_str:000000000000702b .LASF729
C:\Users\zero6575\AppData\Local\Temp\ccqlaFab.s:6406   .debug_str:0000000000002e5c .LASF730
C:\Users\zero6575\AppData\Local\Temp\ccqlaFab.s:7054   .debug_str:0000000000005236 .LASF731
C:\Users\zero6575\AppData\Local\Temp\ccqlaFab.s:5994   .debug_str:00000000000016b8 .LASF732
C:\Users\zero6575\AppData\Local\Temp\ccqlaFab.s:5864   .debug_str:0000000000000dc7 .LASF733
C:\Users\zero6575\AppData\Local\Temp\ccqlaFab.s:7636   .debug_str:00000000000071de .LASF734
C:\Users\zero6575\AppData\Local\Temp\ccqlaFab.s:6882   .debug_str:0000000000004873 .LASF735
C:\Users\zero6575\AppData\Local\Temp\ccqlaFab.s:7630   .debug_str:0000000000007178 .LASF736
C:\Users\zero6575\AppData\Local\Temp\ccqlaFab.s:6194   .debug_str:00000000000021e7 .LASF737
C:\Users\zero6575\AppData\Local\Temp\ccqlaFab.s:6910   .debug_str:0000000000004a26 .LASF738
C:\Users\zero6575\AppData\Local\Temp\ccqlaFab.s:5956   .debug_str:0000000000001548 .LASF739
C:\Users\zero6575\AppData\Local\Temp\ccqlaFab.s:6950   .debug_str:0000000000004bf0 .LASF740
C:\Users\zero6575\AppData\Local\Temp\ccqlaFab.s:7468   .debug_str:000000000000694f .LASF741
C:\Users\zero6575\AppData\Local\Temp\ccqlaFab.s:6722   .debug_str:0000000000003ee5 .LASF742
C:\Users\zero6575\AppData\Local\Temp\ccqlaFab.s:7520   .debug_str:0000000000006b7c .LASF743
C:\Users\zero6575\AppData\Local\Temp\ccqlaFab.s:7942   .debug_str:000000000000829a .LASF744
C:\Users\zero6575\AppData\Local\Temp\ccqlaFab.s:6876   .debug_str:0000000000004834 .LASF745
C:\Users\zero6575\AppData\Local\Temp\ccqlaFab.s:6824   .debug_str:0000000000004500 .LASF746
C:\Users\zero6575\AppData\Local\Temp\ccqlaFab.s:6978   .debug_str:0000000000004d39 .LASF747
C:\Users\zero6575\AppData\Local\Temp\ccqlaFab.s:7016   .debug_str:0000000000004f70 .LASF748
C:\Users\zero6575\AppData\Local\Temp\ccqlaFab.s:7516   .debug_str:0000000000006b54 .LASF749
C:\Users\zero6575\AppData\Local\Temp\ccqlaFab.s:6032   .debug_str:000000000000187f .LASF750
C:\Users\zero6575\AppData\Local\Temp\ccqlaFab.s:7886   .debug_str:0000000000007fd4 .LASF751
C:\Users\zero6575\AppData\Local\Temp\ccqlaFab.s:7620   .debug_str:000000000000711d .LASF752
C:\Users\zero6575\AppData\Local\Temp\ccqlaFab.s:7884   .debug_str:0000000000007ede .LASF753
C:\Users\zero6575\AppData\Local\Temp\ccqlaFab.s:7268   .debug_str:0000000000005e5b .LASF754
C:\Users\zero6575\AppData\Local\Temp\ccqlaFab.s:7154   .debug_str:00000000000057e4 .LASF755
C:\Users\zero6575\AppData\Local\Temp\ccqlaFab.s:7390   .debug_str:0000000000006509 .LASF756
C:\Users\zero6575\AppData\Local\Temp\ccqlaFab.s:5730   .debug_str:0000000000000638 .LASF757
C:\Users\zero6575\AppData\Local\Temp\ccqlaFab.s:5628   .debug_str:0000000000000174 .LASF758
C:\Users\zero6575\AppData\Local\Temp\ccqlaFab.s:6184   .debug_str:000000000000203a .LASF759
C:\Users\zero6575\AppData\Local\Temp\ccqlaFab.s:6690   .debug_str:0000000000003d1e .LASF760
C:\Users\zero6575\AppData\Local\Temp\ccqlaFab.s:6634   .debug_str:0000000000003a16 .LASF761
C:\Users\zero6575\AppData\Local\Temp\ccqlaFab.s:7810   .debug_str:0000000000007a64 .LASF762
C:\Users\zero6575\AppData\Local\Temp\ccqlaFab.s:7968   .debug_str:00000000000083fb .LASF763
C:\Users\zero6575\AppData\Local\Temp\ccqlaFab.s:5920   .debug_str:00000000000010fd .LASF764
C:\Users\zero6575\AppData\Local\Temp\ccqlaFab.s:5752   .debug_str:00000000000007e0 .LASF765
C:\Users\zero6575\AppData\Local\Temp\ccqlaFab.s:6042   .debug_str:000000000000190d .LASF766
C:\Users\zero6575\AppData\Local\Temp\ccqlaFab.s:7338   .debug_str:0000000000006255 .LASF767
C:\Users\zero6575\AppData\Local\Temp\ccqlaFab.s:7596   .debug_str:0000000000006fa8 .LASF768
C:\Users\zero6575\AppData\Local\Temp\ccqlaFab.s:6800   .debug_str:000000000000439a .LASF769
C:\Users\zero6575\AppData\Local\Temp\ccqlaFab.s:7344   .debug_str:00000000000062a8 .LASF770
C:\Users\zero6575\AppData\Local\Temp\ccqlaFab.s:6952   .debug_str:0000000000004c18 .LASF771
C:\Users\zero6575\AppData\Local\Temp\ccqlaFab.s:6438   .debug_str:0000000000002fed .LASF772
C:\Users\zero6575\AppData\Local\Temp\ccqlaFab.s:7048   .debug_str:00000000000051ee .LASF773
C:\Users\zero6575\AppData\Local\Temp\ccqlaFab.s:6084   .debug_str:0000000000001b60 .LASF774
C:\Users\zero6575\AppData\Local\Temp\ccqlaFab.s:6784   .debug_str:0000000000004252 .LASF775
C:\Users\zero6575\AppData\Local\Temp\ccqlaFab.s:6040   .debug_str:00000000000018df .LASF776
C:\Users\zero6575\AppData\Local\Temp\ccqlaFab.s:7828   .debug_str:0000000000007b9c .LASF777
C:\Users\zero6575\AppData\Local\Temp\ccqlaFab.s:6828   .debug_str:000000000000452a .LASF778
C:\Users\zero6575\AppData\Local\Temp\ccqlaFab.s:7334   .debug_str:0000000000006201 .LASF779
C:\Users\zero6575\AppData\Local\Temp\ccqlaFab.s:7544   .debug_str:0000000000006ccf .LASF780
C:\Users\zero6575\AppData\Local\Temp\ccqlaFab.s:7832   .debug_str:0000000000007bc8 .LASF781
C:\Users\zero6575\AppData\Local\Temp\ccqlaFab.s:7848   .debug_str:0000000000007cd6 .LASF782
C:\Users\zero6575\AppData\Local\Temp\ccqlaFab.s:7234   .debug_str:0000000000005c54 .LASF783
C:\Users\zero6575\AppData\Local\Temp\ccqlaFab.s:7070   .debug_str:0000000000005323 .LASF784
C:\Users\zero6575\AppData\Local\Temp\ccqlaFab.s:6188   .debug_str:0000000000002194 .LASF785
C:\Users\zero6575\AppData\Local\Temp\ccqlaFab.s:6112   .debug_str:0000000000001cd0 .LASF786
C:\Users\zero6575\AppData\Local\Temp\ccqlaFab.s:6228   .debug_str:000000000000236b .LASF787
C:\Users\zero6575\AppData\Local\Temp\ccqlaFab.s:6078   .debug_str:0000000000001ae9 .LASF788
C:\Users\zero6575\AppData\Local\Temp\ccqlaFab.s:7820   .debug_str:0000000000007b1e .LASF789
C:\Users\zero6575\AppData\Local\Temp\ccqlaFab.s:6124   .debug_str:0000000000001d7a .LASF790
C:\Users\zero6575\AppData\Local\Temp\ccqlaFab.s:6396   .debug_str:0000000000002da6 .LASF791
C:\Users\zero6575\AppData\Local\Temp\ccqlaFab.s:6836   .debug_str:0000000000004591 .LASF792
C:\Users\zero6575\AppData\Local\Temp\ccqlaFab.s:7470   .debug_str:0000000000006963 .LASF793
C:\Users\zero6575\AppData\Local\Temp\ccqlaFab.s:6166   .debug_str:0000000000001f91 .LASF794
C:\Users\zero6575\AppData\Local\Temp\ccqlaFab.s:6430   .debug_str:0000000000002fa2 .LASF795
C:\Users\zero6575\AppData\Local\Temp\ccqlaFab.s:6130   .debug_str:0000000000001de2 .LASF796
C:\Users\zero6575\AppData\Local\Temp\ccqlaFab.s:6442   .debug_str:000000000000302e .LASF797
C:\Users\zero6575\AppData\Local\Temp\ccqlaFab.s:7290   .debug_str:000000000000602f .LASF798
C:\Users\zero6575\AppData\Local\Temp\ccqlaFab.s:5966   .debug_str:0000000000001597 .LASF799
C:\Users\zero6575\AppData\Local\Temp\ccqlaFab.s:6850   .debug_str:0000000000004676 .LASF800
C:\Users\zero6575\AppData\Local\Temp\ccqlaFab.s:7744   .debug_str:000000000000772c .LASF801
C:\Users\zero6575\AppData\Local\Temp\ccqlaFab.s:6426   .debug_str:0000000000002f72 .LASF802
C:\Users\zero6575\AppData\Local\Temp\ccqlaFab.s:6516   .debug_str:00000000000034bf .LASF803
C:\Users\zero6575\AppData\Local\Temp\ccqlaFab.s:7778   .debug_str:00000000000078c4 .LASF805
C:\Users\zero6575\AppData\Local\Temp\ccqlaFab.s:6270   .debug_str:0000000000002603 .LASF806
C:\Users\zero6575\AppData\Local\Temp\ccqlaFab.s:6928   .debug_str:0000000000004b17 .LASF807
C:\Users\zero6575\AppData\Local\Temp\ccqlaFab.s:6312   .debug_str:0000000000002852 .LASF808
C:\Users\zero6575\AppData\Local\Temp\ccqlaFab.s:6350   .debug_str:0000000000002ab7 .LASF809
C:\Users\zero6575\AppData\Local\Temp\ccqlaFab.s:6822   .debug_str:00000000000044f0 .LASF810
C:\Users\zero6575\AppData\Local\Temp\ccqlaFab.s:7840   .debug_str:0000000000007c68 .LASF811
C:\Users\zero6575\AppData\Local\Temp\ccqlaFab.s:5758   .debug_str:0000000000000872 .LASF812
C:\Users\zero6575\AppData\Local\Temp\ccqlaFab.s:6134   .debug_str:0000000000001e0e .LASF813
C:\Users\zero6575\AppData\Local\Temp\ccqlaFab.s:5750   .debug_str:00000000000007c9 .LASF814
C:\Users\zero6575\AppData\Local\Temp\ccqlaFab.s:6328   .debug_str:000000000000296b .LASF815
C:\Users\zero6575\AppData\Local\Temp\ccqlaFab.s:7504   .debug_str:0000000000006ab7 .LASF816
C:\Users\zero6575\AppData\Local\Temp\ccqlaFab.s:7710   .debug_str:000000000000754f .LASF817
C:\Users\zero6575\AppData\Local\Temp\ccqlaFab.s:7594   .debug_str:0000000000006f8e .LASF818
C:\Users\zero6575\AppData\Local\Temp\ccqlaFab.s:7410   .debug_str:00000000000066ad .LASF819
C:\Users\zero6575\AppData\Local\Temp\ccqlaFab.s:6514   .debug_str:00000000000034a5 .LASF820
C:\Users\zero6575\AppData\Local\Temp\ccqlaFab.s:7132   .debug_str:00000000000056aa .LASF821
C:\Users\zero6575\AppData\Local\Temp\ccqlaFab.s:6662   .debug_str:0000000000003be0 .LASF824
C:\Users\zero6575\AppData\Local\Temp\ccqlaFab.s:8002   .debug_str:00000000000085df .LASF825
C:\Users\zero6575\AppData\Local\Temp\ccqlaFab.s:6686   .debug_str:0000000000003cf1 .LASF826
C:\Users\zero6575\AppData\Local\Temp\ccqlaFab.s:5948   .debug_str:00000000000014dc .LASF827
C:\Users\zero6575\AppData\Local\Temp\ccqlaFab.s:6374   .debug_str:0000000000002be0 .LASF828
C:\Users\zero6575\AppData\Local\Temp\ccqlaFab.s:6256   .debug_str:0000000000002519 .LASF829
C:\Users\zero6575\AppData\Local\Temp\ccqlaFab.s:7980   .debug_str:00000000000084e6 .LASF830
C:\Users\zero6575\AppData\Local\Temp\ccqlaFab.s:6982   .debug_str:0000000000004d59 .LASF831
C:\Users\zero6575\AppData\Local\Temp\ccqlaFab.s:7036   .debug_str:0000000000005094 .LASF832
C:\Users\zero6575\AppData\Local\Temp\ccqlaFab.s:6382   .debug_str:0000000000002c32 .LASF833
C:\Users\zero6575\AppData\Local\Temp\ccqlaFab.s:6574   .debug_str:000000000000373a .LASF836
C:\Users\zero6575\AppData\Local\Temp\ccqlaFab.s:7892   .debug_str:0000000000008019 .LASF837
C:\Users\zero6575\AppData\Local\Temp\ccqlaFab.s:5950   .debug_str:00000000000014ee .LASF838
C:\Users\zero6575\AppData\Local\Temp\ccqlaFab.s:6820   .debug_str:00000000000044dd .LASF839
C:\Users\zero6575\AppData\Local\Temp\ccqlaFab.s:7624   .debug_str:000000000000714e .LASF840
C:\Users\zero6575\AppData\Local\Temp\ccqlaFab.s:6770   .debug_str:00000000000041b5 .LASF841
C:\Users\zero6575\AppData\Local\Temp\ccqlaFab.s:6358   .debug_str:0000000000002b14 .LASF842
C:\Users\zero6575\AppData\Local\Temp\ccqlaFab.s:5906   .debug_str:000000000000107b .LASF843
C:\Users\zero6575\AppData\Local\Temp\ccqlaFab.s:6220   .debug_str:00000000000022d1 .LASF844
C:\Users\zero6575\AppData\Local\Temp\ccqlaFab.s:6422   .debug_str:0000000000002f17 .LASF845
C:\Users\zero6575\AppData\Local\Temp\ccqlaFab.s:5818   .debug_str:0000000000000b5f .LASF846
C:\Users\zero6575\AppData\Local\Temp\ccqlaFab.s:6330   .debug_str:000000000000298f .LASF847
C:\Users\zero6575\AppData\Local\Temp\ccqlaFab.s:5692   .debug_str:00000000000004e5 .LASF848
C:\Users\zero6575\AppData\Local\Temp\ccqlaFab.s:5702   .debug_str:0000000000000532 .LASF849
C:\Users\zero6575\AppData\Local\Temp\ccqlaFab.s:6866   .debug_str:00000000000047b5 .LASF850
C:\Users\zero6575\AppData\Local\Temp\ccqlaFab.s:6480   .debug_str:0000000000003209 .LASF851
C:\Users\zero6575\AppData\Local\Temp\ccqlaFab.s:7638   .debug_str:0000000000007208 .LASF852
C:\Users\zero6575\AppData\Local\Temp\ccqlaFab.s:7550   .debug_str:0000000000006d20 .LASF853
C:\Users\zero6575\AppData\Local\Temp\ccqlaFab.s:7306   .debug_str:00000000000060f5 .LASF854
C:\Users\zero6575\AppData\Local\Temp\ccqlaFab.s:6006   .debug_str:000000000000176f .LASF855
C:\Users\zero6575\AppData\Local\Temp\ccqlaFab.s:6384   .debug_str:0000000000002d02 .LASF856
C:\Users\zero6575\AppData\Local\Temp\ccqlaFab.s:6452   .debug_str:0000000000003098 .LASF857
C:\Users\zero6575\AppData\Local\Temp\ccqlaFab.s:5770   .debug_str:00000000000008cc .LASF858
C:\Users\zero6575\AppData\Local\Temp\ccqlaFab.s:6966   .debug_str:0000000000004cc4 .LASF859
C:\Users\zero6575\AppData\Local\Temp\ccqlaFab.s:7316   .debug_str:0000000000006151 .LASF860
C:\Users\zero6575\AppData\Local\Temp\ccqlaFab.s:7438   .debug_str:00000000000067e5 .LASF861
C:\Users\zero6575\AppData\Local\Temp\ccqlaFab.s:6968   .debug_str:0000000000004cd7 .LASF862
C:\Users\zero6575\AppData\Local\Temp\ccqlaFab.s:6424   .debug_str:0000000000002f5c .LASF863
C:\Users\zero6575\AppData\Local\Temp\ccqlaFab.s:6008   .debug_str:0000000000001781 .LASF864
C:\Users\zero6575\AppData\Local\Temp\ccqlaFab.s:7708   .debug_str:000000000000753e .LASF865
C:\Users\zero6575\AppData\Local\Temp\ccqlaFab.s:7650   .debug_str:0000000000007275 .LASF866
C:\Users\zero6575\AppData\Local\Temp\ccqlaFab.s:6812   .debug_str:0000000000004440 .LASF867
C:\Users\zero6575\AppData\Local\Temp\ccqlaFab.s:6418   .debug_str:0000000000002ef6 .LASF868
C:\Users\zero6575\AppData\Local\Temp\ccqlaFab.s:7382   .debug_str:0000000000006491 .LASF869
C:\Users\zero6575\AppData\Local\Temp\ccqlaFab.s:7260   .debug_str:0000000000005e28 .LASF870
C:\Users\zero6575\AppData\Local\Temp\ccqlaFab.s:6500   .debug_str:0000000000003378 .LASF871
C:\Users\zero6575\AppData\Local\Temp\ccqlaFab.s:7518   .debug_str:0000000000006b69 .LASF872
C:\Users\zero6575\AppData\Local\Temp\ccqlaFab.s:7196   .debug_str:0000000000005a2f .LASF873
C:\Users\zero6575\AppData\Local\Temp\ccqlaFab.s:7002   .debug_str:0000000000004f05 .LASF874
C:\Users\zero6575\AppData\Local\Temp\ccqlaFab.s:7978   .debug_str:00000000000084d1 .LASF875
C:\Users\zero6575\AppData\Local\Temp\ccqlaFab.s:6766   .debug_str:0000000000004184 .LASF876
C:\Users\zero6575\AppData\Local\Temp\ccqlaFab.s:7716   .debug_str:00000000000075bb .LASF877
C:\Users\zero6575\AppData\Local\Temp\ccqlaFab.s:7364   .debug_str:0000000000006399 .LASF878
C:\Users\zero6575\AppData\Local\Temp\ccqlaFab.s:6202   .debug_str:000000000000224a .LASF879
C:\Users\zero6575\AppData\Local\Temp\ccqlaFab.s:7182   .debug_str:0000000000005997 .LASF881
C:\Users\zero6575\AppData\Local\Temp\ccqlaFab.s:6666   .debug_str:0000000000003c0e .LASF882
C:\Users\zero6575\AppData\Local\Temp\ccqlaFab.s:6212   .debug_str:000000000000228a .LASF883
C:\Users\zero6575\AppData\Local\Temp\ccqlaFab.s:5970   .debug_str:00000000000015c8 .LASF884
C:\Users\zero6575\AppData\Local\Temp\ccqlaFab.s:5840   .debug_str:0000000000000c9b .LASF885
C:\Users\zero6575\AppData\Local\Temp\ccqlaFab.s:6750   .debug_str:000000000000409a .LASF886
C:\Users\zero6575\AppData\Local\Temp\ccqlaFab.s:5830   .debug_str:0000000000000c3a .LASF887
C:\Users\zero6575\AppData\Local\Temp\ccqlaFab.s:7244   .debug_str:0000000000005ceb .LASF888
C:\Users\zero6575\AppData\Local\Temp\ccqlaFab.s:6748   .debug_str:0000000000004080 .LASF889
C:\Users\zero6575\AppData\Local\Temp\ccqlaFab.s:7674   .debug_str:000000000000739c .LASF890
C:\Users\zero6575\AppData\Local\Temp\ccqlaFab.s:7668   .debug_str:000000000000733e .LASF891
C:\Users\zero6575\AppData\Local\Temp\ccqlaFab.s:6324   .debug_str:0000000000002919 .LASF892
C:\Users\zero6575\AppData\Local\Temp\ccqlaFab.s:7794   .debug_str:0000000000007979 .LASF893
C:\Users\zero6575\AppData\Local\Temp\ccqlaFab.s:7202   .debug_str:0000000000005a71 .LASF896
C:\Users\zero6575\AppData\Local\Temp\ccqlaFab.s:7078   .debug_str:00000000000053a5 .LASF897
C:\Users\zero6575\AppData\Local\Temp\ccqlaFab.s:7318   .debug_str:0000000000006164 .LASF898
C:\Users\zero6575\AppData\Local\Temp\ccqlaFab.s:6420   .debug_str:0000000000002f07 .LASF899
C:\Users\zero6575\AppData\Local\Temp\ccqlaFab.s:6296   .debug_str:0000000000002765 .LASF900
C:\Users\zero6575\AppData\Local\Temp\ccqlaFab.s:5672   .debug_str:0000000000000414 .LASF901
C:\Users\zero6575\AppData\Local\Temp\ccqlaFab.s:7634   .debug_str:00000000000071bf .LASF902
C:\Users\zero6575\AppData\Local\Temp\ccqlaFab.s:6376   .debug_str:0000000000002bf2 .LASF906
C:\Users\zero6575\AppData\Local\Temp\ccqlaFab.s:7052   .debug_str:000000000000522b .LASF907
C:\Users\zero6575\AppData\Local\Temp\ccqlaFab.s:7302   .debug_str:00000000000060ca .LASF908
C:\Users\zero6575\AppData\Local\Temp\ccqlaFab.s:5932   .debug_str:000000000000143b .LASF909
C:\Users\zero6575\AppData\Local\Temp\ccqlaFab.s:5934   .debug_str:000000000000144d .LASF910
C:\Users\zero6575\AppData\Local\Temp\ccqlaFab.s:5876   .debug_str:0000000000000e99 .LASF911
C:\Users\zero6575\AppData\Local\Temp\ccqlaFab.s:7158   .debug_str:000000000000580d .LASF912
C:\Users\zero6575\AppData\Local\Temp\ccqlaFab.s:7248   .debug_str:0000000000005d29 .LASF913
C:\Users\zero6575\AppData\Local\Temp\ccqlaFab.s:7772   .debug_str:000000000000788d .LASF914
C:\Users\zero6575\AppData\Local\Temp\ccqlaFab.s:6392   .debug_str:0000000000002d6f .LASF915
C:\Users\zero6575\AppData\Local\Temp\ccqlaFab.s:6012   .debug_str:00000000000017a0 .LASF916
C:\Users\zero6575\AppData\Local\Temp\ccqlaFab.s:7240   .debug_str:0000000000005cbe .LASF917
C:\Users\zero6575\AppData\Local\Temp\ccqlaFab.s:7782   .debug_str:00000000000078f4 .LASF918
C:\Users\zero6575\AppData\Local\Temp\ccqlaFab.s:7954   .debug_str:0000000000008338 .LASF919
C:\Users\zero6575\AppData\Local\Temp\ccqlaFab.s:7062   .debug_str:0000000000005271 .LASF920
C:\Users\zero6575\AppData\Local\Temp\ccqlaFab.s:5918   .debug_str:00000000000010f0 .LASF921
C:\Users\zero6575\AppData\Local\Temp\ccqlaFab.s:7254   .debug_str:0000000000005dcb .LASF922
C:\Users\zero6575\AppData\Local\Temp\ccqlaFab.s:7228   .debug_str:0000000000005c1a .LASF923
C:\Users\zero6575\AppData\Local\Temp\ccqlaFab.s:7724   .debug_str:0000000000007611 .LASF924
C:\Users\zero6575\AppData\Local\Temp\ccqlaFab.s:7532   .debug_str:0000000000006c65 .LASF925
C:\Users\zero6575\AppData\Local\Temp\ccqlaFab.s:6596   .debug_str:0000000000003874 .LASF926
C:\Users\zero6575\AppData\Local\Temp\ccqlaFab.s:6948   .debug_str:0000000000004be3 .LASF927
C:\Users\zero6575\AppData\Local\Temp\ccqlaFab.s:7422   .debug_str:0000000000006747 .LASF928
C:\Users\zero6575\AppData\Local\Temp\ccqlaFab.s:7352   .debug_str:000000000000631d .LASF929
C:\Users\zero6575\AppData\Local\Temp\ccqlaFab.s:7992   .debug_str:0000000000008583 .LASF930
C:\Users\zero6575\AppData\Local\Temp\ccqlaFab.s:7018   .debug_str:0000000000004f88 .LASF931
C:\Users\zero6575\AppData\Local\Temp\ccqlaFab.s:7538   .debug_str:0000000000006c9d .LASF932
C:\Users\zero6575\AppData\Local\Temp\ccqlaFab.s:7792   .debug_str:0000000000007951 .LASF933
C:\Users\zero6575\AppData\Local\Temp\ccqlaFab.s:5848   .debug_str:0000000000000ce8 .LASF934
C:\Users\zero6575\AppData\Local\Temp\ccqlaFab.s:6832   .debug_str:000000000000455c .LASF935
C:\Users\zero6575\AppData\Local\Temp\ccqlaFab.s:6914   .debug_str:0000000000004a5f .LASF936
C:\Users\zero6575\AppData\Local\Temp\ccqlaFab.s:5638   .debug_str:0000000000000278 .LASF937
C:\Users\zero6575\AppData\Local\Temp\ccqlaFab.s:7788   .debug_str:0000000000007923 .LASF938
C:\Users\zero6575\AppData\Local\Temp\ccqlaFab.s:6720   .debug_str:0000000000003ed2 .LASF939
C:\Users\zero6575\AppData\Local\Temp\ccqlaFab.s:6254   .debug_str:0000000000002507 .LASF940
C:\Users\zero6575\AppData\Local\Temp\ccqlaFab.s:6532   .debug_str:0000000000003592 .LASF941
C:\Users\zero6575\AppData\Local\Temp\ccqlaFab.s:7812   .debug_str:0000000000007acc .LASF942
C:\Users\zero6575\AppData\Local\Temp\ccqlaFab.s:5896   .debug_str:0000000000000fdc .LASF943
C:\Users\zero6575\AppData\Local\Temp\ccqlaFab.s:7464   .debug_str:0000000000006928 .LASF944
C:\Users\zero6575\AppData\Local\Temp\ccqlaFab.s:7766   .debug_str:0000000000007866 .LASF945
C:\Users\zero6575\AppData\Local\Temp\ccqlaFab.s:6938   .debug_str:0000000000004b85 .LASF946
C:\Users\zero6575\AppData\Local\Temp\ccqlaFab.s:6172   .debug_str:0000000000001fb9 .LASF947
C:\Users\zero6575\AppData\Local\Temp\ccqlaFab.s:6062   .debug_str:0000000000001a4c .LASF948
C:\Users\zero6575\AppData\Local\Temp\ccqlaFab.s:6654   .debug_str:0000000000003b7e .LASF949
C:\Users\zero6575\AppData\Local\Temp\ccqlaFab.s:7336   .debug_str:0000000000006236 .LASF950
C:\Users\zero6575\AppData\Local\Temp\ccqlaFab.s:6344   .debug_str:0000000000002a7b .LASF951
C:\Users\zero6575\AppData\Local\Temp\ccqlaFab.s:6794   .debug_str:000000000000435a .LASF952
C:\Users\zero6575\AppData\Local\Temp\ccqlaFab.s:5884   .debug_str:0000000000000f03 .LASF953
C:\Users\zero6575\AppData\Local\Temp\ccqlaFab.s:7312   .debug_str:000000000000612d .LASF954
C:\Users\zero6575\AppData\Local\Temp\ccqlaFab.s:7064   .debug_str:0000000000005280 .LASF955
C:\Users\zero6575\AppData\Local\Temp\ccqlaFab.s:7534   .debug_str:0000000000006c78 .LASF956
C:\Users\zero6575\AppData\Local\Temp\ccqlaFab.s:6974   .debug_str:0000000000004d15 .LASF957
C:\Users\zero6575\AppData\Local\Temp\ccqlaFab.s:7400   .debug_str:0000000000006622 .LASF958
C:\Users\zero6575\AppData\Local\Temp\ccqlaFab.s:7180   .debug_str:0000000000005975 .LASF959
C:\Users\zero6575\AppData\Local\Temp\ccqlaFab.s:6606   .debug_str:00000000000038d0 .LASF960
C:\Users\zero6575\AppData\Local\Temp\ccqlaFab.s:5678   .debug_str:000000000000044e .LASF961
C:\Users\zero6575\AppData\Local\Temp\ccqlaFab.s:7350   .debug_str:00000000000062ff .LASF962
C:\Users\zero6575\AppData\Local\Temp\ccqlaFab.s:6906   .debug_str:000000000000495b .LASF963
C:\Users\zero6575\AppData\Local\Temp\ccqlaFab.s:5742   .debug_str:000000000000071e .LASF964
C:\Users\zero6575\AppData\Local\Temp\ccqlaFab.s:7252   .debug_str:0000000000005d61 .LASF965
C:\Users\zero6575\AppData\Local\Temp\ccqlaFab.s:7092   .debug_str:0000000000005475 .LASF966
C:\Users\zero6575\AppData\Local\Temp\ccqlaFab.s:6054   .debug_str:00000000000019e1 .LASF967
C:\Users\zero6575\AppData\Local\Temp\ccqlaFab.s:6628   .debug_str:00000000000039d7 .LASF968
C:\Users\zero6575\AppData\Local\Temp\ccqlaFab.s:6162   .debug_str:0000000000001f68 .LASF969
C:\Users\zero6575\AppData\Local\Temp\ccqlaFab.s:7044   .debug_str:00000000000051a9 .LASF974
C:\Users\zero6575\AppData\Local\Temp\ccqlaFab.s:6230   .debug_str:00000000000023a8 .LASF975
C:\Users\zero6575\AppData\Local\Temp\ccqlaFab.s:6682   .debug_str:0000000000003cd5 .LASF976
C:\Users\zero6575\AppData\Local\Temp\ccqlaFab.s:5612   .debug_str:00000000000000c2 .LASF977
C:\Users\zero6575\AppData\Local\Temp\ccqlaFab.s:8018   .debug_str:0000000000008666 .LASF978
C:\Users\zero6575\AppData\Local\Temp\ccqlaFab.s:7060   .debug_str:0000000000005265 .LASF979
C:\Users\zero6575\AppData\Local\Temp\ccqlaFab.s:7032   .debug_str:0000000000005063 .LASF980
C:\Users\zero6575\AppData\Local\Temp\ccqlaFab.s:7328   .debug_str:00000000000061c9 .LASF981
C:\Users\zero6575\AppData\Local\Temp\ccqlaFab.s:7854   .debug_str:0000000000007d30 .LASF982
C:\Users\zero6575\AppData\Local\Temp\ccqlaFab.s:6400   .debug_str:0000000000002e21 .LASF983
C:\Users\zero6575\AppData\Local\Temp\ccqlaFab.s:8044   .debug_str:00000000000087f7 .LASF984
C:\Users\zero6575\AppData\Local\Temp\ccqlaFab.s:7220   .debug_str:0000000000005baf .LASF985
C:\Users\zero6575\AppData\Local\Temp\ccqlaFab.s:7836   .debug_str:0000000000007c44 .LASF986
C:\Users\zero6575\AppData\Local\Temp\ccqlaFab.s:7310   .debug_str:000000000000611e .LASF987
C:\Users\zero6575\AppData\Local\Temp\ccqlaFab.s:6912   .debug_str:0000000000004a50 .LASF988
C:\Users\zero6575\AppData\Local\Temp\ccqlaFab.s:6554   .debug_str:000000000000367f .LASF989
C:\Users\zero6575\AppData\Local\Temp\ccqlaFab.s:6064   .debug_str:0000000000001a66 .LASF990
C:\Users\zero6575\AppData\Local\Temp\ccqlaFab.s:7138   .debug_str:00000000000056e4 .LASF991
C:\Users\zero6575\AppData\Local\Temp\ccqlaFab.s:6712   .debug_str:0000000000003e44 .LASF992
C:\Users\zero6575\AppData\Local\Temp\ccqlaFab.s:6708   .debug_str:0000000000003e24 .LASF993
C:\Users\zero6575\AppData\Local\Temp\ccqlaFab.s:5862   .debug_str:0000000000000db4 .LASF994
C:\Users\zero6575\AppData\Local\Temp\ccqlaFab.s:6248   .debug_str:00000000000024a0 .LASF995
C:\Users\zero6575\AppData\Local\Temp\ccqlaFab.s:7856   .debug_str:0000000000007d3c .LASF996
C:\Users\zero6575\AppData\Local\Temp\ccqlaFab.s:5886   .debug_str:0000000000000f20 .LASF997
C:\Users\zero6575\AppData\Local\Temp\ccqlaFab.s:6872   .debug_str:0000000000004800 .LASF998
C:\Users\zero6575\AppData\Local\Temp\ccqlaFab.s:7640   .debug_str:000000000000721a .LASF999
C:\Users\zero6575\AppData\Local\Temp\ccqlaFab.s:7652   .debug_str:0000000000007286 .LASF1000
C:\Users\zero6575\AppData\Local\Temp\ccqlaFab.s:6092   .debug_str:0000000000001bc3 .LASF1001
C:\Users\zero6575\AppData\Local\Temp\ccqlaFab.s:6380   .debug_str:0000000000002c1d .LASF1002
C:\Users\zero6575\AppData\Local\Temp\ccqlaFab.s:7530   .debug_str:0000000000006c50 .LASF1003
C:\Users\zero6575\AppData\Local\Temp\ccqlaFab.s:6622   .debug_str:0000000000003969 .LASF1004
C:\Users\zero6575\AppData\Local\Temp\ccqlaFab.s:6038   .debug_str:00000000000018ca .LASF1005
C:\Users\zero6575\AppData\Local\Temp\ccqlaFab.s:7838   .debug_str:0000000000007c53 .LASF1006
C:\Users\zero6575\AppData\Local\Temp\ccqlaFab.s:6342   .debug_str:0000000000002a66 .LASF1007
C:\Users\zero6575\AppData\Local\Temp\ccqlaFab.s:7822   .debug_str:0000000000007b58 .LASF1008
C:\Users\zero6575\AppData\Local\Temp\ccqlaFab.s:7286   .debug_str:0000000000005ffd .LASF1009
C:\Users\zero6575\AppData\Local\Temp\ccqlaFab.s:7172   .debug_str:0000000000005924 .LASF1010
C:\Users\zero6575\AppData\Local\Temp\ccqlaFab.s:5674   .debug_str:0000000000000424 .LASF1011
C:\Users\zero6575\AppData\Local\Temp\ccqlaFab.s:6842   .debug_str:00000000000045ee .LASF1012
C:\Users\zero6575\AppData\Local\Temp\ccqlaFab.s:7898   .debug_str:00000000000080a9 .LASF1013
C:\Users\zero6575\AppData\Local\Temp\ccqlaFab.s:6534   .debug_str:00000000000035a4 .LASF1014
C:\Users\zero6575\AppData\Local\Temp\ccqlaFab.s:6862   .debug_str:0000000000004780 .LASF1015
C:\Users\zero6575\AppData\Local\Temp\ccqlaFab.s:5734   .debug_str:00000000000006ca .LASF1016
C:\Users\zero6575\AppData\Local\Temp\ccqlaFab.s:5978   .debug_str:0000000000001623 .LASF1017
C:\Users\zero6575\AppData\Local\Temp\ccqlaFab.s:7114   .debug_str:0000000000005562 .LASF1018
C:\Users\zero6575\AppData\Local\Temp\ccqlaFab.s:6586   .debug_str:00000000000037fc .LASF1019
C:\Users\zero6575\AppData\Local\Temp\ccqlaFab.s:7860   .debug_str:0000000000007d91 .LASF1020
C:\Users\zero6575\AppData\Local\Temp\ccqlaFab.s:7192   .debug_str:00000000000059ff .LASF1021
C:\Users\zero6575\AppData\Local\Temp\ccqlaFab.s:7358   .debug_str:000000000000636c .LASF1023
C:\Users\zero6575\AppData\Local\Temp\ccqlaFab.s:7818   .debug_str:0000000000007b08 .LASF1024
C:\Users\zero6575\AppData\Local\Temp\ccqlaFab.s:5976   .debug_str:000000000000160c .LASF1025
C:\Users\zero6575\AppData\Local\Temp\ccqlaFab.s:7692   .debug_str:0000000000007458 .LASF1027
C:\Users\zero6575\AppData\Local\Temp\ccqlaFab.s:5860   .debug_str:0000000000000d96 .LASF1028
C:\Users\zero6575\AppData\Local\Temp\ccqlaFab.s:6688   .debug_str:0000000000003d03 .LASF1029
C:\Users\zero6575\AppData\Local\Temp\ccqlaFab.s:6412   .debug_str:0000000000002ea7 .LASF1032
C:\Users\zero6575\AppData\Local\Temp\ccqlaFab.s:5762   .debug_str:0000000000000891 .LASF1033
C:\Users\zero6575\AppData\Local\Temp\ccqlaFab.s:5696   .debug_str:0000000000000500 .LASF1035
C:\Users\zero6575\AppData\Local\Temp\ccqlaFab.s:7288   .debug_str:000000000000601f .LASF1036
C:\Users\zero6575\AppData\Local\Temp\ccqlaFab.s:6456   .debug_str:00000000000030ce .LASF1037
C:\Users\zero6575\AppData\Local\Temp\ccqlaFab.s:6694   .debug_str:0000000000003d98 .LASF1038
C:\Users\zero6575\AppData\Local\Temp\ccqlaFab.s:8040   .debug_str:00000000000087d0 .LASF1039
C:\Users\zero6575\AppData\Local\Temp\ccqlaFab.s:7738   .debug_str:00000000000076ad .LASF1040
C:\Users\zero6575\AppData\Local\Temp\ccqlaFab.s:7962   .debug_str:0000000000008385 .LASF1041
C:\Users\zero6575\AppData\Local\Temp\ccqlaFab.s:6904   .debug_str:000000000000494d .LASF1042
C:\Users\zero6575\AppData\Local\Temp\ccqlaFab.s:5740   .debug_str:0000000000000710 .LASF1043
C:\Users\zero6575\AppData\Local\Temp\ccqlaFab.s:6110   .debug_str:0000000000001cc3 .LASF1044
C:\Users\zero6575\AppData\Local\Temp\ccqlaFab.s:6620   .debug_str:000000000000395c .LASF1045
C:\Users\zero6575\AppData\Local\Temp\ccqlaFab.s:7966   .debug_str:00000000000083ee .LASF1046
C:\Users\zero6575\AppData\Local\Temp\ccqlaFab.s:7498   .debug_str:0000000000006a75 .LASF1047
C:\Users\zero6575\AppData\Local\Temp\ccqlaFab.s:6878   .debug_str:000000000000484c .LASF1048
C:\Users\zero6575\AppData\Local\Temp\ccqlaFab.s:7670   .debug_str:0000000000007378 .LASF1049
C:\Users\zero6575\AppData\Local\Temp\ccqlaFab.s:7384   .debug_str:00000000000064a2 .LASF1050
C:\Users\zero6575\AppData\Local\Temp\ccqlaFab.s:7418   .debug_str:0000000000006730 .LASF1051
C:\Users\zero6575\AppData\Local\Temp\ccqlaFab.s:7278   .debug_str:0000000000005f67 .LASF1052
C:\Users\zero6575\AppData\Local\Temp\ccqlaFab.s:7756   .debug_str:00000000000077c8 .LASF1053
C:\Users\zero6575\AppData\Local\Temp\ccqlaFab.s:6976   .debug_str:0000000000004d2b .LASF1054
C:\Users\zero6575\AppData\Local\Temp\ccqlaFab.s:5660   .debug_str:00000000000003a3 .LASF1055
C:\Users\zero6575\AppData\Local\Temp\ccqlaFab.s:5768   .debug_str:00000000000008be .LASF1056
C:\Users\zero6575\AppData\Local\Temp\ccqlaFab.s:7904   .debug_str:000000000000810f .LASF1057
C:\Users\zero6575\AppData\Local\Temp\ccqlaFab.s:6890   .debug_str:00000000000048d0 .LASF1058
C:\Users\zero6575\AppData\Local\Temp\ccqlaFab.s:6860   .debug_str:0000000000004777 .LASF1059
C:\Users\zero6575\AppData\Local\Temp\ccqlaFab.s:7874   .debug_str:0000000000007e28 .LASF1060
C:\Users\zero6575\AppData\Local\Temp\ccqlaFab.s:6668   .debug_str:0000000000003c1c .LASF1061
C:\Users\zero6575\AppData\Local\Temp\ccqlaFab.s:6944   .debug_str:0000000000004bc8 .LASF1062
C:\Users\zero6575\AppData\Local\Temp\ccqlaFab.s:6284   .debug_str:00000000000026e9 .LASF1063
C:\Users\zero6575\AppData\Local\Temp\ccqlaFab.s:7156   .debug_str:0000000000005800 .LASF1064
C:\Users\zero6575\AppData\Local\Temp\ccqlaFab.s:7964   .debug_str:00000000000083dc .LASF1065
C:\Users\zero6575\AppData\Local\Temp\ccqlaFab.s:5974   .debug_str:00000000000015f6 .LASF1066
C:\Users\zero6575\AppData\Local\Temp\ccqlaFab.s:6058   .debug_str:00000000000019ff .LASF1067
C:\Users\zero6575\AppData\Local\Temp\ccqlaFab.s:5776   .debug_str:0000000000000907 .LASF1068
C:\Users\zero6575\AppData\Local\Temp\ccqlaFab.s:7058   .debug_str:000000000000525a .LASF1069
C:\Users\zero6575\AppData\Local\Temp\ccqlaFab.s:6798   .debug_str:000000000000438f .LASF1070
C:\Users\zero6575\AppData\Local\Temp\ccqlaFab.s:5808   .debug_str:0000000000000ab5 .LASF1071
C:\Users\zero6575\AppData\Local\Temp\ccqlaFab.s:7986   .debug_str:000000000000854f .LASF1072
C:\Users\zero6575\AppData\Local\Temp\ccqlaFab.s:5940   .debug_str:0000000000001493 .LASF1073
C:\Users\zero6575\AppData\Local\Temp\ccqlaFab.s:5598   .debug_str:0000000000000012 .LASF1074
C:\Users\zero6575\AppData\Local\Temp\ccqlaFab.s:8032   .debug_str:0000000000008749 .LASF1075
C:\Users\zero6575\AppData\Local\Temp\ccqlaFab.s:7616   .debug_str:00000000000070e8 .LASF1076
C:\Users\zero6575\AppData\Local\Temp\ccqlaFab.s:8034   .debug_str:0000000000008763 .LASF1077
C:\Users\zero6575\AppData\Local\Temp\ccqlaFab.s:5700   .debug_str:000000000000051a .LASF1078
C:\Users\zero6575\AppData\Local\Temp\ccqlaFab.s:7580   .debug_str:0000000000006ea1 .LASF1079
C:\Users\zero6575\AppData\Local\Temp\ccqlaFab.s:7608   .debug_str:0000000000007053 .LASF1080
C:\Users\zero6575\AppData\Local\Temp\ccqlaFab.s:6738   .debug_str:0000000000003fe3 .LASF1081
C:\Users\zero6575\AppData\Local\Temp\ccqlaFab.s:6082   .debug_str:0000000000001b31 .LASF1082
C:\Users\zero6575\AppData\Local\Temp\ccqlaFab.s:6704   .debug_str:0000000000003dec .LASF1083
C:\Users\zero6575\AppData\Local\Temp\ccqlaFab.s:5622   .debug_str:0000000000000111 .LASF1084
C:\Users\zero6575\AppData\Local\Temp\ccqlaFab.s:5996   .debug_str:00000000000016e0 .LASF1085
C:\Users\zero6575\AppData\Local\Temp\ccqlaFab.s:7588   .debug_str:0000000000006f24 .LASF1086
C:\Users\zero6575\AppData\Local\Temp\ccqlaFab.s:7796   .debug_str:0000000000007995 .LASF1087
C:\Users\zero6575\AppData\Local\Temp\ccqlaFab.s:7116   .debug_str:0000000000005589 .LASF1088
C:\Users\zero6575\AppData\Local\Temp\ccqlaFab.s:6790   .debug_str:00000000000042b9 .LASF1089
C:\Users\zero6575\AppData\Local\Temp\ccqlaFab.s:6074   .debug_str:0000000000001ad2 .LASF1090
                           .group:0000000000000000 wm4.0.29db371e8b94e604acd9f4c2cef2c360
                           .group:0000000000000000 wm4._newlib_version.h.4.9ba035841e762c3308916a0ce96032e7
                           .group:0000000000000000 wm4.features.h.33.318b64d71e0957639cfb30f1db1f7ec8
                           .group:0000000000000000 wm4._default_types.h.15.61e9869194cab90bdfa4c7fc42203a0e
                           .group:0000000000000000 wm4._intsup.h.10.b28b45fc63caeb010c3f7ee592257700
                           .group:0000000000000000 wm4._stdint.h.10.c24fa3af3bc1706662bb5593a907e841
                           .group:0000000000000000 wm4.stdint.h.23.d53047a68f4a85177f80b422d52785ed
                           .group:0000000000000000 wm4.stdbool.h.29.07dce69c3b78884144b7f7bd19483461
                           .group:0000000000000000 wm4.newlib.h.8.19af3a34a60c4846725bb1239b4fa5a2
                           .group:0000000000000000 wm4.ieeefp.h.195.a810689bf65b84f4ad2c33b483468c94
                           .group:0000000000000000 wm4.config.h.83.0359905d884ebfe41c79e1d7c780ef62
                           .group:0000000000000000 wm4._ansi.h.31.de524f58584151836e90d8620a16f8e8
                           .group:0000000000000000 wm4.stddef.h.39.a38874c8f8a57e66301090908ec2a69f
                           .group:0000000000000000 wm4.cdefs.h.49.6260d97adb8d27534cbdc0f868b8ea87
                           .group:0000000000000000 wm4._types.h.20.dd0d04dca3800a0d2a6129b87f3adbb2
                           .group:0000000000000000 wm4.stddef.h.161.5349cb105733e8777bfb0cf53c4e3f34
                           .group:0000000000000000 wm4._types.h.127.c5cfac939eadb83d223592dbacad7524
                           .group:0000000000000000 wm4.reent.h.17.487f8c1f76499d088b190f62530a0034
                           .group:0000000000000000 wm4.lock.h.2.c0958401bd0ce484d507ee19aacab817
                           .group:0000000000000000 wm4.reent.h.77.1187f1075ff88452c642b29ed9a9030d
                           .group:0000000000000000 wm4.time.h.14.849270cc7997ccc4e05edd146e568a9f
                           .group:0000000000000000 wm4.stddef.h.161.19e15733342b50ead2919490b095303e
                           .group:0000000000000000 wm4.time.h.2.2a9bb4e458da4ea34ffea78824e2e6f7
                           .group:0000000000000000 wm4.time.h.25.0e6a0fdbc9955f5707ed54246ed2e089
                           .group:0000000000000000 wm4.types.h.40.8b6acba56cefbb11746718204edc8f5e
                           .group:0000000000000000 wm4._endian.h.18.1bf9649e8e5bbc91042012680270b9ed
                           .group:0000000000000000 wm4.endian.h.9.49f3a4695c1b61e8a0808de3c4a106cb
                           .group:0000000000000000 wm4._timeval.h.30.0e8bfd94e85db17dda3286ee81496fe6
                           .group:0000000000000000 wm4.timespec.h.41.d855182eb0e690443ab8651bcedca6e1
                           .group:0000000000000000 wm4.select.h.19.97ca6fd0c752a0f3b6719fd314d361e6
                           .group:0000000000000000 wm4.types.h.51.5571ec98f267d17d3c670b7a3ba33afa
                           .group:0000000000000000 wm4.sched.h.22.c60982713a5c428609783c78f9c78d95
                           .group:0000000000000000 wm4._pthreadtypes.h.36.fcee9961c35163dde6267ef772ad1972
                           .group:0000000000000000 wm4.time.h.162.85256a1e684b58f061361067da714e0e
                           .group:0000000000000000 wm4.config.h.26.62fac92f1d336f656763fe074b4289b0
                           .group:0000000000000000 wm4.bacdef.h.39.fcafd78d88dce17b2448edf8931b63fd
                           .group:0000000000000000 wm4.bits.h.25.f9e0c31c04958f93c399d58693ab7d13
                           .group:0000000000000000 wm4.bacdcode.h.417.fde53433a4e8c8179dfc8de0f5c0b6ae
                           .group:0000000000000000 wm4.npdu.h.25.6a3a449fc578b15b3d0db2c6a4da7956
                           .group:0000000000000000 wm4.bip.h.35.ed002c5cfc52434a2e46d3f82d276677
                           .group:0000000000000000 wm4.stdio.h.27.3fc80220048df77954e38daec3bb9670
                           .group:0000000000000000 wm4.stdarg.h.34.3a23a216c0c293b3d2ea2e89281481e6
                           .group:0000000000000000 wm4.stdio.h.47.1f5845210bb9053bbca9ed76fc4018da
                           .group:0000000000000000 wm4.stdio.h.2.4aa87247282eca6c8f36f9de33d8df1a
                           .group:0000000000000000 wm4.stdio.h.81.60a2ded7dae310b81f9d6907fe5e3dbf

NO UNDEFINED SYMBOLS
