   1              		.file	"filename.c"
   2              		.option nopic
   3              		.attribute arch, "rv64i2p0_m2p0_a2p0_c2p0"
   4              		.attribute unaligned_access, 0
   5              		.attribute stack_align, 16
   6              		.text
   7              	.Ltext0:
   8              		.cfi_sections	.debug_frame
   9              		.section	.text.filename_remove_path,"ax",@progbits
  10              		.align	1
  11              		.globl	filename_remove_path
  13              	filename_remove_path:
  14              	.LFB4:
  15              		.file 1 "../src/middleware/bacnet/src/filename.c"
   1:../src/middleware/bacnet/src/filename.c **** /*####COPYRIGHTBEGIN####
   2:../src/middleware/bacnet/src/filename.c ****  -------------------------------------------
   3:../src/middleware/bacnet/src/filename.c ****  Copyright (C) 2006 Steve Karg
   4:../src/middleware/bacnet/src/filename.c **** 
   5:../src/middleware/bacnet/src/filename.c ****  This program is free software; you can redistribute it and/or
   6:../src/middleware/bacnet/src/filename.c ****  modify it under the terms of the GNU General Public License
   7:../src/middleware/bacnet/src/filename.c ****  as published by the Free Software Foundation; either version 2
   8:../src/middleware/bacnet/src/filename.c ****  of the License, or (at your option) any later version.
   9:../src/middleware/bacnet/src/filename.c **** 
  10:../src/middleware/bacnet/src/filename.c ****  This program is distributed in the hope that it will be useful,
  11:../src/middleware/bacnet/src/filename.c ****  but WITHOUT ANY WARRANTY; without even the implied warranty of
  12:../src/middleware/bacnet/src/filename.c ****  MERCHANTABILITY or FITNESS FOR A PARTICULAR PURPOSE.  See the
  13:../src/middleware/bacnet/src/filename.c ****  GNU General Public License for more details.
  14:../src/middleware/bacnet/src/filename.c **** 
  15:../src/middleware/bacnet/src/filename.c ****  You should have received a copy of the GNU General Public License
  16:../src/middleware/bacnet/src/filename.c ****  along with this program; if not, write to:
  17:../src/middleware/bacnet/src/filename.c ****  The Free Software Foundation, Inc.
  18:../src/middleware/bacnet/src/filename.c ****  59 Temple Place - Suite 330
  19:../src/middleware/bacnet/src/filename.c ****  Boston, MA  02111-1307, USA.
  20:../src/middleware/bacnet/src/filename.c **** 
  21:../src/middleware/bacnet/src/filename.c ****  As a special exception, if other files instantiate templates or
  22:../src/middleware/bacnet/src/filename.c ****  use macros or inline functions from this file, or you compile
  23:../src/middleware/bacnet/src/filename.c ****  this file and link it with other works to produce a work based
  24:../src/middleware/bacnet/src/filename.c ****  on this file, this file does not by itself cause the resulting
  25:../src/middleware/bacnet/src/filename.c ****  work to be covered by the GNU General Public License. However
  26:../src/middleware/bacnet/src/filename.c ****  the source code for this file must still be made available in
  27:../src/middleware/bacnet/src/filename.c ****  accordance with section (3) of the GNU General Public License.
  28:../src/middleware/bacnet/src/filename.c **** 
  29:../src/middleware/bacnet/src/filename.c ****  This exception does not invalidate any other reasons why a work
  30:../src/middleware/bacnet/src/filename.c ****  based on this file might be covered by the GNU General Public
  31:../src/middleware/bacnet/src/filename.c ****  License.
  32:../src/middleware/bacnet/src/filename.c ****  -------------------------------------------
  33:../src/middleware/bacnet/src/filename.c **** ####COPYRIGHTEND####*/
  34:../src/middleware/bacnet/src/filename.c **** #include <stdio.h>
  35:../src/middleware/bacnet/src/filename.c **** #include <string.h>
  36:../src/middleware/bacnet/src/filename.c **** #include "filename.h"
  37:../src/middleware/bacnet/src/filename.c **** 
  38:../src/middleware/bacnet/src/filename.c **** /** @file filename.c  Function for filename manipulation */
  39:../src/middleware/bacnet/src/filename.c **** 
  40:../src/middleware/bacnet/src/filename.c **** char *filename_remove_path(
  41:../src/middleware/bacnet/src/filename.c ****     const char *filename_in)
  42:../src/middleware/bacnet/src/filename.c **** {
  16              		.loc 1 42 1
  17              		.cfi_startproc
  18 0000 7971     		addi	sp,sp,-48
  19              		.cfi_def_cfa_offset 48
  20 0002 06F4     		sd	ra,40(sp)
  21 0004 22F0     		sd	s0,32(sp)
  22              		.cfi_offset 1, -8
  23              		.cfi_offset 8, -16
  24 0006 0018     		addi	s0,sp,48
  25              		.cfi_def_cfa 8, 0
  26 0008 233CA4FC 		sd	a0,-40(s0)
  43:../src/middleware/bacnet/src/filename.c ****     char *filename_out = (char *) filename_in;
  27              		.loc 1 43 11
  28 000c 833784FD 		ld	a5,-40(s0)
  29 0010 2334F4FE 		sd	a5,-24(s0)
  44:../src/middleware/bacnet/src/filename.c **** 
  45:../src/middleware/bacnet/src/filename.c ****     /* allow the device ID to be set */
  46:../src/middleware/bacnet/src/filename.c ****     if (filename_in) {
  30              		.loc 1 46 8
  31 0014 833784FD 		ld	a5,-40(s0)
  32 0018 A9C7     		beq	a5,zero,.L2
  47:../src/middleware/bacnet/src/filename.c ****         filename_out = strrchr(filename_in, '\\');
  33              		.loc 1 47 24
  34 001a 9305C005 		li	a1,92
  35 001e 033584FD 		ld	a0,-40(s0)
  36 0022 97000000 		call	strrchr
  36      E7800000 
  37 002a 2334A4FE 		sd	a0,-24(s0)
  48:../src/middleware/bacnet/src/filename.c ****         if (!filename_out) {
  38              		.loc 1 48 12
  39 002e 833784FE 		ld	a5,-24(s0)
  40 0032 99EB     		bne	a5,zero,.L3
  49:../src/middleware/bacnet/src/filename.c ****             filename_out = strrchr(filename_in, '/');
  41              		.loc 1 49 28
  42 0034 9305F002 		li	a1,47
  43 0038 033584FD 		ld	a0,-40(s0)
  44 003c 97000000 		call	strrchr
  44      E7800000 
  45 0044 2334A4FE 		sd	a0,-24(s0)
  46              	.L3:
  50:../src/middleware/bacnet/src/filename.c ****         }
  51:../src/middleware/bacnet/src/filename.c ****         /* go beyond the slash */
  52:../src/middleware/bacnet/src/filename.c ****         if (filename_out) {
  47              		.loc 1 52 12
  48 0048 833784FE 		ld	a5,-24(s0)
  49 004c 99C7     		beq	a5,zero,.L4
  53:../src/middleware/bacnet/src/filename.c ****             filename_out++;
  50              		.loc 1 53 25
  51 004e 833784FE 		ld	a5,-24(s0)
  52 0052 8507     		addi	a5,a5,1
  53 0054 2334F4FE 		sd	a5,-24(s0)
  54 0058 29A0     		j	.L2
  55              	.L4:
  54:../src/middleware/bacnet/src/filename.c ****         } else {
  55:../src/middleware/bacnet/src/filename.c ****             /* no slash in filename */
  56:../src/middleware/bacnet/src/filename.c ****             filename_out = (char *) filename_in;
  56              		.loc 1 56 26
  57 005a 833784FD 		ld	a5,-40(s0)
  58 005e 2334F4FE 		sd	a5,-24(s0)
  59              	.L2:
  57:../src/middleware/bacnet/src/filename.c ****         }
  58:../src/middleware/bacnet/src/filename.c ****     }
  59:../src/middleware/bacnet/src/filename.c **** 
  60:../src/middleware/bacnet/src/filename.c ****     return filename_out;
  60              		.loc 1 60 12
  61 0062 833784FE 		ld	a5,-24(s0)
  61:../src/middleware/bacnet/src/filename.c **** }
  62              		.loc 1 61 1
  63 0066 3E85     		mv	a0,a5
  64 0068 A270     		ld	ra,40(sp)
  65              		.cfi_restore 1
  66 006a 0274     		ld	s0,32(sp)
  67              		.cfi_restore 8
  68              		.cfi_def_cfa 2, 48
  69 006c 4561     		addi	sp,sp,48
  70              		.cfi_def_cfa_offset 0
  71 006e 8280     		jr	ra
  72              		.cfi_endproc
  73              	.LFE4:
  75              		.text
  76              	.Letext0:
  77              		.file 2 "c:\\microchip\\softconsole-v2022.2-risc-v-747\\riscv-unknown-elf-gcc\\lib\\gcc\\riscv64-u
  78              		.file 3 "c:\\microchip\\softconsole-v2022.2-risc-v-747\\riscv-unknown-elf-gcc\\riscv64-unknown-elf
  79              		.file 4 "c:\\microchip\\softconsole-v2022.2-risc-v-747\\riscv-unknown-elf-gcc\\riscv64-unknown-elf
  80              		.file 5 "c:\\microchip\\softconsole-v2022.2-risc-v-747\\riscv-unknown-elf-gcc\\riscv64-unknown-elf
DEFINED SYMBOLS
                            *ABS*:0000000000000000 filename.c
C:\Users\zero6575\AppData\Local\Temp\ccnAoTYj.s:13     .text.filename_remove_path:0000000000000000 filename_remove_path
C:\Users\zero6575\AppData\Local\Temp\ccnAoTYj.s:17     .text.filename_remove_path:0000000000000000 .L0 
C:\Users\zero6575\AppData\Local\Temp\ccnAoTYj.s:18     .text.filename_remove_path:0000000000000000 .L0 
C:\Users\zero6575\AppData\Local\Temp\ccnAoTYj.s:19     .text.filename_remove_path:0000000000000002 .L0 
C:\Users\zero6575\AppData\Local\Temp\ccnAoTYj.s:22     .text.filename_remove_path:0000000000000006 .L0 
C:\Users\zero6575\AppData\Local\Temp\ccnAoTYj.s:23     .text.filename_remove_path:0000000000000006 .L0 
C:\Users\zero6575\AppData\Local\Temp\ccnAoTYj.s:25     .text.filename_remove_path:0000000000000008 .L0 
C:\Users\zero6575\AppData\Local\Temp\ccnAoTYj.s:28     .text.filename_remove_path:000000000000000c .L0 
C:\Users\zero6575\AppData\Local\Temp\ccnAoTYj.s:31     .text.filename_remove_path:0000000000000014 .L0 
C:\Users\zero6575\AppData\Local\Temp\ccnAoTYj.s:34     .text.filename_remove_path:000000000000001a .L0 
C:\Users\zero6575\AppData\Local\Temp\ccnAoTYj.s:39     .text.filename_remove_path:000000000000002e .L0 
C:\Users\zero6575\AppData\Local\Temp\ccnAoTYj.s:42     .text.filename_remove_path:0000000000000034 .L0 
C:\Users\zero6575\AppData\Local\Temp\ccnAoTYj.s:48     .text.filename_remove_path:0000000000000048 .L0 
C:\Users\zero6575\AppData\Local\Temp\ccnAoTYj.s:51     .text.filename_remove_path:000000000000004e .L0 
C:\Users\zero6575\AppData\Local\Temp\ccnAoTYj.s:57     .text.filename_remove_path:000000000000005a .L0 
C:\Users\zero6575\AppData\Local\Temp\ccnAoTYj.s:61     .text.filename_remove_path:0000000000000062 .L0 
C:\Users\zero6575\AppData\Local\Temp\ccnAoTYj.s:63     .text.filename_remove_path:0000000000000066 .L0 
C:\Users\zero6575\AppData\Local\Temp\ccnAoTYj.s:65     .text.filename_remove_path:000000000000006a .L0 
C:\Users\zero6575\AppData\Local\Temp\ccnAoTYj.s:67     .text.filename_remove_path:000000000000006c .L0 
C:\Users\zero6575\AppData\Local\Temp\ccnAoTYj.s:68     .text.filename_remove_path:000000000000006c .L0 
C:\Users\zero6575\AppData\Local\Temp\ccnAoTYj.s:70     .text.filename_remove_path:000000000000006e .L0 
C:\Users\zero6575\AppData\Local\Temp\ccnAoTYj.s:72     .text.filename_remove_path:0000000000000070 .L0 
C:\Users\zero6575\AppData\Local\Temp\ccnAoTYj.s:75     .text.filename_remove_path:0000000000000070 .L0 
                     .debug_frame:0000000000000000 .L0 
C:\Users\zero6575\AppData\Local\Temp\ccnAoTYj.s:59     .text.filename_remove_path:0000000000000062 .L2
C:\Users\zero6575\AppData\Local\Temp\ccnAoTYj.s:46     .text.filename_remove_path:0000000000000048 .L3
C:\Users\zero6575\AppData\Local\Temp\ccnAoTYj.s:55     .text.filename_remove_path:000000000000005a .L4
C:\Users\zero6575\AppData\Local\Temp\ccnAoTYj.s:1298   .debug_abbrev:0000000000000000 .Ldebug_abbrev0
C:\Users\zero6575\AppData\Local\Temp\ccnAoTYj.s:5145   .debug_str:0000000000001539 .LASF971
C:\Users\zero6575\AppData\Local\Temp\ccnAoTYj.s:6317   .debug_str:000000000000576c .LASF972
C:\Users\zero6575\AppData\Local\Temp\ccnAoTYj.s:5083   .debug_str:000000000000121d .LASF973
C:\Users\zero6575\AppData\Local\Temp\ccnAoTYj.s:1731   .debug_ranges:0000000000000000 .Ldebug_ranges0
C:\Users\zero6575\AppData\Local\Temp\ccnAoTYj.s:4769   .debug_line:0000000000000000 .Ldebug_line0
C:\Users\zero6575\AppData\Local\Temp\ccnAoTYj.s:1737   .debug_macro:0000000000000000 .Ldebug_macro0
C:\Users\zero6575\AppData\Local\Temp\ccnAoTYj.s:5197   .debug_str:000000000000191d .LASF849
C:\Users\zero6575\AppData\Local\Temp\ccnAoTYj.s:5563   .debug_str:000000000000300f .LASF850
C:\Users\zero6575\AppData\Local\Temp\ccnAoTYj.s:6379   .debug_str:0000000000005b59 .LASF851
C:\Users\zero6575\AppData\Local\Temp\ccnAoTYj.s:6633   .debug_str:0000000000006a8b .LASF852
C:\Users\zero6575\AppData\Local\Temp\ccnAoTYj.s:5879   .debug_str:0000000000004079 .LASF853
C:\Users\zero6575\AppData\Local\Temp\ccnAoTYj.s:5087   .debug_str:0000000000001287 .LASF854
C:\Users\zero6575\AppData\Local\Temp\ccnAoTYj.s:5597   .debug_str:0000000000003189 .LASF855
C:\Users\zero6575\AppData\Local\Temp\ccnAoTYj.s:6571   .debug_str:0000000000006715 .LASF856
C:\Users\zero6575\AppData\Local\Temp\ccnAoTYj.s:6063   .debug_str:000000000000498b .LASF857
C:\Users\zero6575\AppData\Local\Temp\ccnAoTYj.s:6273   .debug_str:00000000000054dc .LASF858
C:\Users\zero6575\AppData\Local\Temp\ccnAoTYj.s:6609   .debug_str:0000000000006917 .LASF859
C:\Users\zero6575\AppData\Local\Temp\ccnAoTYj.s:5107   .debug_str:0000000000001365 .LASF860
C:\Users\zero6575\AppData\Local\Temp\ccnAoTYj.s:5311   .debug_str:0000000000002013 .LASF861
C:\Users\zero6575\AppData\Local\Temp\ccnAoTYj.s:5065   .debug_str:00000000000010f1 .LASF862
C:\Users\zero6575\AppData\Local\Temp\ccnAoTYj.s:6117   .debug_str:0000000000004c8f .LASF863
C:\Users\zero6575\AppData\Local\Temp\ccnAoTYj.s:6017   .debug_str:0000000000004769 .LASF864
C:\Users\zero6575\AppData\Local\Temp\ccnAoTYj.s:4809   .debug_str:000000000000019c .LASF865
C:\Users\zero6575\AppData\Local\Temp\ccnAoTYj.s:5839   .debug_str:0000000000003da0 .LASF866
C:\Users\zero6575\AppData\Local\Temp\ccnAoTYj.s:6559   .debug_str:0000000000006666 .LASF867
C:\Users\zero6575\AppData\Local\Temp\ccnAoTYj.s:5641   .debug_str:0000000000003396 .LASF868
C:\Users\zero6575\AppData\Local\Temp\ccnAoTYj.s:6251   .debug_str:0000000000005342 .LASF869
C:\Users\zero6575\AppData\Local\Temp\ccnAoTYj.s:5703   .debug_str:0000000000003692 .LASF874
C:\Users\zero6575\AppData\Local\Temp\ccnAoTYj.s:6289   .debug_str:00000000000055d4 .LASF870
C:\Users\zero6575\AppData\Local\Temp\ccnAoTYj.s:6437   .debug_str:0000000000005f59 .LASF871
C:\Users\zero6575\AppData\Local\Temp\ccnAoTYj.s:5841   .debug_str:0000000000003dab .LASF872
C:\Users\zero6575\AppData\Local\Temp\ccnAoTYj.s:5497   .debug_str:00000000000029c6 .LASF873
C:\Users\zero6575\AppData\Local\Temp\ccnAoTYj.s:4901   .debug_str:000000000000080d .LASF875
C:\Users\zero6575\AppData\Local\Temp\ccnAoTYj.s:4907   .debug_str:0000000000000845 .LASF876
C:\Users\zero6575\AppData\Local\Temp\ccnAoTYj.s:6713   .debug_str:0000000000007022 .LASF877
C:\Users\zero6575\AppData\Local\Temp\ccnAoTYj.s:6391   .debug_str:0000000000005c03 .LASF878
C:\Users\zero6575\AppData\Local\Temp\ccnAoTYj.s:5523   .debug_str:0000000000002b56 .LASF879
C:\Users\zero6575\AppData\Local\Temp\ccnAoTYj.s:5153   .debug_str:000000000000166d .LASF880
C:\Users\zero6575\AppData\Local\Temp\ccnAoTYj.s:6451   .debug_str:0000000000006002 .LASF881
C:\Users\zero6575\AppData\Local\Temp\ccnAoTYj.s:5271   .debug_str:0000000000001dac .LASF882
C:\Users\zero6575\AppData\Local\Temp\ccnAoTYj.s:6069   .debug_str:00000000000049d9 .LASF883
C:\Users\zero6575\AppData\Local\Temp\ccnAoTYj.s:6695   .debug_str:0000000000006f02 .LASF884
C:\Users\zero6575\AppData\Local\Temp\ccnAoTYj.s:5055   .debug_str:0000000000001008 .LASF885
C:\Users\zero6575\AppData\Local\Temp\ccnAoTYj.s:6689   .debug_str:0000000000006e83 .LASF886
C:\Users\zero6575\AppData\Local\Temp\ccnAoTYj.s:6173   .debug_str:0000000000004f22 .LASF887
C:\Users\zero6575\AppData\Local\Temp\ccnAoTYj.s:5133   .debug_str:00000000000014ac .LASF888
C:\Users\zero6575\AppData\Local\Temp\ccnAoTYj.s:6529   .debug_str:0000000000006510 .LASF889
C:\Users\zero6575\AppData\Local\Temp\ccnAoTYj.s:5989   .debug_str:0000000000004613 .LASF890
C:\Users\zero6575\AppData\Local\Temp\ccnAoTYj.s:6499   .debug_str:0000000000006379 .LASF891
C:\Users\zero6575\AppData\Local\Temp\ccnAoTYj.s:5339   .debug_str:0000000000002180 .LASF892
C:\Users\zero6575\AppData\Local\Temp\ccnAoTYj.s:5033   .debug_str:0000000000000ee8 .LASF893
C:\Users\zero6575\AppData\Local\Temp\ccnAoTYj.s:4823   .debug_str:0000000000000244 .LASF894
C:\Users\zero6575\AppData\Local\Temp\ccnAoTYj.s:6223   .debug_str:000000000000517f .LASF895
C:\Users\zero6575\AppData\Local\Temp\ccnAoTYj.s:4931   .debug_str:00000000000009fc .LASF896
C:\Users\zero6575\AppData\Local\Temp\ccnAoTYj.s:5495   .debug_str:00000000000029b9 .LASF897
C:\Users\zero6575\AppData\Local\Temp\ccnAoTYj.s:5969   .debug_str:000000000000454e .LASF898
C:\Users\zero6575\AppData\Local\Temp\ccnAoTYj.s:5049   .debug_str:0000000000000fd7 .LASF899
C:\Users\zero6575\AppData\Local\Temp\ccnAoTYj.s:6495   .debug_str:000000000000635c .LASF900
C:\Users\zero6575\AppData\Local\Temp\ccnAoTYj.s:6293   .debug_str:00000000000055f3 .LASF901
C:\Users\zero6575\AppData\Local\Temp\ccnAoTYj.s:4967   .debug_str:0000000000000beb .LASF902
C:\Users\zero6575\AppData\Local\Temp\ccnAoTYj.s:5657   .debug_str:000000000000344d .LASF903
C:\Users\zero6575\AppData\Local\Temp\ccnAoTYj.s:5383   .debug_str:0000000000002393 .LASF904
C:\Users\zero6575\AppData\Local\Temp\ccnAoTYj.s:5229   .debug_str:0000000000001b35 .LASF905
C:\Users\zero6575\AppData\Local\Temp\ccnAoTYj.s:5951   .debug_str:000000000000448d .LASF906
C:\Users\zero6575\AppData\Local\Temp\ccnAoTYj.s:6077   .debug_str:0000000000004a7b .LASF907
C:\Users\zero6575\AppData\Local\Temp\ccnAoTYj.s:5749   .debug_str:0000000000003920 .LASF908
C:\Users\zero6575\AppData\Local\Temp\ccnAoTYj.s:5621   .debug_str:00000000000032be .LASF909
C:\Users\zero6575\AppData\Local\Temp\ccnAoTYj.s:5277   .debug_str:0000000000001e20 .LASF910
C:\Users\zero6575\AppData\Local\Temp\ccnAoTYj.s:6557   .debug_str:000000000000665e .LASF911
C:\Users\zero6575\AppData\Local\Temp\ccnAoTYj.s:5725   .debug_str:0000000000003793 .LASF912
C:\Users\zero6575\AppData\Local\Temp\ccnAoTYj.s:5807   .debug_str:0000000000003c61 .LASF913
C:\Users\zero6575\AppData\Local\Temp\ccnAoTYj.s:4863   .debug_str:00000000000004b1 .LASF914
C:\Users\zero6575\AppData\Local\Temp\ccnAoTYj.s:5521   .debug_str:0000000000002b4e .LASF915
C:\Users\zero6575\AppData\Local\Temp\ccnAoTYj.s:6269   .debug_str:000000000000549e .LASF916
C:\Users\zero6575\AppData\Local\Temp\ccnAoTYj.s:5115   .debug_str:00000000000013d0 .LASF917
C:\Users\zero6575\AppData\Local\Temp\ccnAoTYj.s:4859   .debug_str:000000000000048d .LASF918
C:\Users\zero6575\AppData\Local\Temp\ccnAoTYj.s:5505   .debug_str:0000000000002a54 .LASF919
C:\Users\zero6575\AppData\Local\Temp\ccnAoTYj.s:5783   .debug_str:0000000000003ac9 .LASF920
C:\Users\zero6575\AppData\Local\Temp\ccnAoTYj.s:4815   .debug_str:00000000000001e1 .LASF921
C:\Users\zero6575\AppData\Local\Temp\ccnAoTYj.s:6555   .debug_str:0000000000006658 .LASF922
C:\Users\zero6575\AppData\Local\Temp\ccnAoTYj.s:5677   .debug_str:000000000000354f .LASF923
C:\Users\zero6575\AppData\Local\Temp\ccnAoTYj.s:5619   .debug_str:00000000000032b6 .LASF924
C:\Users\zero6575\AppData\Local\Temp\ccnAoTYj.s:5487   .debug_str:0000000000002946 .LASF925
C:\Users\zero6575\AppData\Local\Temp\ccnAoTYj.s:4825   .debug_str:000000000000024b .LASF926
C:\Users\zero6575\AppData\Local\Temp\ccnAoTYj.s:4945   .debug_str:0000000000000aca .LASF927
C:\Users\zero6575\AppData\Local\Temp\ccnAoTYj.s:6105   .debug_str:0000000000004c1d .LASF928
C:\Users\zero6575\AppData\Local\Temp\ccnAoTYj.s:5349   .debug_str:00000000000021c8 .LASF929
C:\Users\zero6575\AppData\Local\Temp\ccnAoTYj.s:5945   .debug_str:0000000000004442 .LASF930
C:\Users\zero6575\AppData\Local\Temp\ccnAoTYj.s:5057   .debug_str:0000000000001016 .LASF931
C:\Users\zero6575\AppData\Local\Temp\ccnAoTYj.s:6213   .debug_str:000000000000512c .LASF932
C:\Users\zero6575\AppData\Local\Temp\ccnAoTYj.s:5517   .debug_str:0000000000002b34 .LASF933
C:\Users\zero6575\AppData\Local\Temp\ccnAoTYj.s:6591   .debug_str:0000000000006810 .LASF934
C:\Users\zero6575\AppData\Local\Temp\ccnAoTYj.s:5959   .debug_str:00000000000044f7 .LASF935
C:\Users\zero6575\AppData\Local\Temp\ccnAoTYj.s:5623   .debug_str:00000000000032c9 .LASF936
C:\Users\zero6575\AppData\Local\Temp\ccnAoTYj.s:5335   .debug_str:000000000000215e .LASF937
C:\Users\zero6575\AppData\Local\Temp\ccnAoTYj.s:6255   .debug_str:00000000000053db .LASF938
C:\Users\zero6575\AppData\Local\Temp\ccnAoTYj.s:5837   .debug_str:0000000000003d9a .LASF939
C:\Users\zero6575\AppData\Local\Temp\ccnAoTYj.s:5575   .debug_str:0000000000003091 .LASF940
C:\Users\zero6575\AppData\Local\Temp\ccnAoTYj.s:5533   .debug_str:0000000000002bdb .LASF941
C:\Users\zero6575\AppData\Local\Temp\ccnAoTYj.s:6183   .debug_str:0000000000004f85 .LASF942
C:\Users\zero6575\AppData\Local\Temp\ccnAoTYj.s:6095   .debug_str:0000000000004bad .LASF943
C:\Users\zero6575\AppData\Local\Temp\ccnAoTYj.s:4985   .debug_str:0000000000000cbb .LASF944
C:\Users\zero6575\AppData\Local\Temp\ccnAoTYj.s:6627   .debug_str:0000000000006a17 .LASF945
C:\Users\zero6575\AppData\Local\Temp\ccnAoTYj.s:5965   .debug_str:000000000000452c .LASF946
C:\Users\zero6575\AppData\Local\Temp\ccnAoTYj.s:6151   .debug_str:0000000000004e09 .LASF947
C:\Users\zero6575\AppData\Local\Temp\ccnAoTYj.s:6545   .debug_str:00000000000065f7 .LASF948
C:\Users\zero6575\AppData\Local\Temp\ccnAoTYj.s:6583   .debug_str:00000000000067b0 .LASF949
C:\Users\zero6575\AppData\Local\Temp\ccnAoTYj.s:5095   .debug_str:00000000000012ca .LASF950
C:\Users\zero6575\AppData\Local\Temp\ccnAoTYj.s:5595   .debug_str:0000000000003184 .LASF951
C:\Users\zero6575\AppData\Local\Temp\ccnAoTYj.s:5829   .debug_str:0000000000003d5a .LASF952
C:\Users\zero6575\AppData\Local\Temp\ccnAoTYj.s:5173   .debug_str:000000000000173b .LASF953
C:\Users\zero6575\AppData\Local\Temp\ccnAoTYj.s:6233   .debug_str:0000000000005237 .LASF954
C:\Users\zero6575\AppData\Local\Temp\ccnAoTYj.s:6375   .debug_str:0000000000005b40 .LASF955
C:\Users\zero6575\AppData\Local\Temp\ccnAoTYj.s:5955   .debug_str:00000000000044cf .LASF956
C:\Users\zero6575\AppData\Local\Temp\ccnAoTYj.s:6131   .debug_str:0000000000004d41 .LASF957
C:\Users\zero6575\AppData\Local\Temp\ccnAoTYj.s:4917   .debug_str:00000000000008be .LASF958
C:\Users\zero6575\AppData\Local\Temp\ccnAoTYj.s:4963   .debug_str:0000000000000bcd .LASF959
C:\Users\zero6575\AppData\Local\Temp\ccnAoTYj.s:5085   .debug_str:0000000000001279 .LASF960
C:\Users\zero6575\AppData\Local\Temp\ccnAoTYj.s:6241   .debug_str:000000000000527a .LASF961
C:\Users\zero6575\AppData\Local\Temp\ccnAoTYj.s:6657   .debug_str:0000000000006c40 .LASF962
C:\Users\zero6575\AppData\Local\Temp\ccnAoTYj.s:5923   .debug_str:0000000000004315 .LASF963
C:\Users\zero6575\AppData\Local\Temp\ccnAoTYj.s:4903   .debug_str:0000000000000812 .LASF964
C:\Users\zero6575\AppData\Local\Temp\ccnAoTYj.s:4805   .debug_str:0000000000000178 .LASF974
C:\Users\zero6575\AppData\Local\Temp\ccnAoTYj.s:5203   .debug_str:000000000000198e .LASF965
C:\Users\zero6575\AppData\Local\Temp\ccnAoTYj.s:5873   .debug_str:0000000000004034 .LASF966
C:\Users\zero6575\AppData\Local\Temp\ccnAoTYj.s:5647   .debug_str:00000000000033ee .LASF967
C:\Users\zero6575\AppData\Local\Temp\ccnAoTYj.s:5091   .debug_str:00000000000012a4 .LASF968
C:\Users\zero6575\AppData\Local\Temp\ccnAoTYj.s:5293   .debug_str:0000000000001f69 .LASF969
C:\Users\zero6575\AppData\Local\Temp\ccnAoTYj.s:4879   .debug_str:00000000000005c9 .LASF970
C:\Users\zero6575\AppData\Local\Temp\ccnAoTYj.s:4839   .debug_str:000000000000036b .LASF975
C:\Users\zero6575\AppData\Local\Temp\ccnAoTYj.s:14     .text.filename_remove_path:0000000000000000 .LFB4
C:\Users\zero6575\AppData\Local\Temp\ccnAoTYj.s:73     .text.filename_remove_path:0000000000000070 .LFE4
C:\Users\zero6575\AppData\Local\Temp\ccnAoTYj.s:5469   .debug_str:0000000000002842 .LASF976
C:\Users\zero6575\AppData\Local\Temp\ccnAoTYj.s:6423   .debug_str:0000000000005e6e .LASF977
C:\Users\zero6575\AppData\Local\Temp\ccnAoTYj.s:82     .debug_info:0000000000000000 .Ldebug_info0
C:\Users\zero6575\AppData\Local\Temp\ccnAoTYj.s:2057   .debug_macro:0000000000000000 .Ldebug_macro2
C:\Users\zero6575\AppData\Local\Temp\ccnAoTYj.s:6249   .debug_str:0000000000005337 .LASF342
C:\Users\zero6575\AppData\Local\Temp\ccnAoTYj.s:5859   .debug_str:0000000000003ed1 .LASF343
C:\Users\zero6575\AppData\Local\Temp\ccnAoTYj.s:5039   .debug_str:0000000000000f27 .LASF344
C:\Users\zero6575\AppData\Local\Temp\ccnAoTYj.s:3088   .debug_macro:0000000000000000 .Ldebug_macro3
C:\Users\zero6575\AppData\Local\Temp\ccnAoTYj.s:3108   .debug_macro:0000000000000000 .Ldebug_macro4
C:\Users\zero6575\AppData\Local\Temp\ccnAoTYj.s:5799   .debug_str:0000000000003c0a .LASF359
C:\Users\zero6575\AppData\Local\Temp\ccnAoTYj.s:3140   .debug_macro:0000000000000000 .Ldebug_macro5
C:\Users\zero6575\AppData\Local\Temp\ccnAoTYj.s:3154   .debug_macro:0000000000000000 .Ldebug_macro6
C:\Users\zero6575\AppData\Local\Temp\ccnAoTYj.s:3222   .debug_macro:0000000000000000 .Ldebug_macro7
C:\Users\zero6575\AppData\Local\Temp\ccnAoTYj.s:3251   .debug_macro:0000000000000000 .Ldebug_macro8
C:\Users\zero6575\AppData\Local\Temp\ccnAoTYj.s:3280   .debug_macro:0000000000000000 .Ldebug_macro9
C:\Users\zero6575\AppData\Local\Temp\ccnAoTYj.s:6523   .debug_str:00000000000064d1 .LASF403
C:\Users\zero6575\AppData\Local\Temp\ccnAoTYj.s:3294   .debug_macro:0000000000000000 .Ldebug_macro10
C:\Users\zero6575\AppData\Local\Temp\ccnAoTYj.s:3338   .debug_macro:0000000000000000 .Ldebug_macro11
C:\Users\zero6575\AppData\Local\Temp\ccnAoTYj.s:3406   .debug_macro:0000000000000000 .Ldebug_macro12
C:\Users\zero6575\AppData\Local\Temp\ccnAoTYj.s:3774   .debug_macro:0000000000000000 .Ldebug_macro13
C:\Users\zero6575\AppData\Local\Temp\ccnAoTYj.s:4947   .debug_str:0000000000000ad1 .LASF591
C:\Users\zero6575\AppData\Local\Temp\ccnAoTYj.s:3887   .debug_macro:0000000000000000 .Ldebug_macro14
C:\Users\zero6575\AppData\Local\Temp\ccnAoTYj.s:5449   .debug_str:000000000000274c .LASF594
C:\Users\zero6575\AppData\Local\Temp\ccnAoTYj.s:5903   .debug_str:00000000000041ad .LASF595
C:\Users\zero6575\AppData\Local\Temp\ccnAoTYj.s:3898   .debug_macro:0000000000000000 .Ldebug_macro15
C:\Users\zero6575\AppData\Local\Temp\ccnAoTYj.s:3912   .debug_macro:0000000000000000 .Ldebug_macro16
C:\Users\zero6575\AppData\Local\Temp\ccnAoTYj.s:6517   .debug_str:000000000000646e .LASF600
C:\Users\zero6575\AppData\Local\Temp\ccnAoTYj.s:3944   .debug_macro:0000000000000000 .Ldebug_macro17
C:\Users\zero6575\AppData\Local\Temp\ccnAoTYj.s:3970   .debug_macro:0000000000000000 .Ldebug_macro18
C:\Users\zero6575\AppData\Local\Temp\ccnAoTYj.s:3981   .debug_macro:0000000000000000 .Ldebug_macro19
C:\Users\zero6575\AppData\Local\Temp\ccnAoTYj.s:4025   .debug_macro:0000000000000000 .Ldebug_macro20
C:\Users\zero6575\AppData\Local\Temp\ccnAoTYj.s:4204   .debug_macro:0000000000000000 .Ldebug_macro21
C:\Users\zero6575\AppData\Local\Temp\ccnAoTYj.s:4215   .debug_macro:0000000000000000 .Ldebug_macro22
C:\Users\zero6575\AppData\Local\Temp\ccnAoTYj.s:6365   .debug_str:0000000000005ac4 .LASF700
C:\Users\zero6575\AppData\Local\Temp\ccnAoTYj.s:4271   .debug_macro:0000000000000000 .Ldebug_macro23
C:\Users\zero6575\AppData\Local\Temp\ccnAoTYj.s:4288   .debug_macro:0000000000000000 .Ldebug_macro24
C:\Users\zero6575\AppData\Local\Temp\ccnAoTYj.s:5635   .debug_str:0000000000003356 .LASF718
C:\Users\zero6575\AppData\Local\Temp\ccnAoTYj.s:6345   .debug_str:0000000000005945 .LASF719
C:\Users\zero6575\AppData\Local\Temp\ccnAoTYj.s:4332   .debug_macro:0000000000000000 .Ldebug_macro25
C:\Users\zero6575\AppData\Local\Temp\ccnAoTYj.s:4995   .debug_str:0000000000000d1c .LASF730
C:\Users\zero6575\AppData\Local\Temp\ccnAoTYj.s:5939   .debug_str:00000000000043fe .LASF731
C:\Users\zero6575\AppData\Local\Temp\ccnAoTYj.s:4367   .debug_macro:0000000000000000 .Ldebug_macro26
C:\Users\zero6575\AppData\Local\Temp\ccnAoTYj.s:4378   .debug_macro:0000000000000000 .Ldebug_macro27
C:\Users\zero6575\AppData\Local\Temp\ccnAoTYj.s:4413   .debug_macro:0000000000000000 .Ldebug_macro28
C:\Users\zero6575\AppData\Local\Temp\ccnAoTYj.s:6685   .debug_str:0000000000006e5d .LASF776
C:\Users\zero6575\AppData\Local\Temp\ccnAoTYj.s:4514   .debug_macro:0000000000000000 .Ldebug_macro29
C:\Users\zero6575\AppData\Local\Temp\ccnAoTYj.s:4531   .debug_macro:0000000000000000 .Ldebug_macro30
C:\Users\zero6575\AppData\Local\Temp\ccnAoTYj.s:6235   .debug_str:0000000000005244 .LASF790
C:\Users\zero6575\AppData\Local\Temp\ccnAoTYj.s:5305   .debug_str:0000000000001fdd .LASF791
C:\Users\zero6575\AppData\Local\Temp\ccnAoTYj.s:4563   .debug_macro:0000000000000000 .Ldebug_macro31
C:\Users\zero6575\AppData\Local\Temp\ccnAoTYj.s:4577   .debug_macro:0000000000000000 .Ldebug_macro32
C:\Users\zero6575\AppData\Local\Temp\ccnAoTYj.s:4729   .debug_macro:0000000000000000 .Ldebug_macro33
C:\Users\zero6575\AppData\Local\Temp\ccnAoTYj.s:4743   .debug_macro:0000000000000000 .Ldebug_macro34
C:\Users\zero6575\AppData\Local\Temp\ccnAoTYj.s:5131   .debug_str:000000000000149c .LASF845
C:\Users\zero6575\AppData\Local\Temp\ccnAoTYj.s:5193   .debug_str:00000000000018fd .LASF846
C:\Users\zero6575\AppData\Local\Temp\ccnAoTYj.s:6605   .debug_str:00000000000068f8 .LASF847
C:\Users\zero6575\AppData\Local\Temp\ccnAoTYj.s:5327   .debug_str:00000000000020f4 .LASF848
C:\Users\zero6575\AppData\Local\Temp\ccnAoTYj.s:6501   .debug_str:000000000000637e .LASF0
C:\Users\zero6575\AppData\Local\Temp\ccnAoTYj.s:5549   .debug_str:0000000000002f2e .LASF1
C:\Users\zero6575\AppData\Local\Temp\ccnAoTYj.s:4897   .debug_str:00000000000007db .LASF2
C:\Users\zero6575\AppData\Local\Temp\ccnAoTYj.s:5251   .debug_str:0000000000001c9d .LASF3
C:\Users\zero6575\AppData\Local\Temp\ccnAoTYj.s:4929   .debug_str:00000000000009ea .LASF4
C:\Users\zero6575\AppData\Local\Temp\ccnAoTYj.s:5607   .debug_str:000000000000322d .LASF5
C:\Users\zero6575\AppData\Local\Temp\ccnAoTYj.s:6297   .debug_str:0000000000005620 .LASF6
C:\Users\zero6575\AppData\Local\Temp\ccnAoTYj.s:5217   .debug_str:0000000000001a49 .LASF7
C:\Users\zero6575\AppData\Local\Temp\ccnAoTYj.s:6553   .debug_str:0000000000006644 .LASF8
C:\Users\zero6575\AppData\Local\Temp\ccnAoTYj.s:6407   .debug_str:0000000000005d0d .LASF9
C:\Users\zero6575\AppData\Local\Temp\ccnAoTYj.s:5269   .debug_str:0000000000001d99 .LASF10
C:\Users\zero6575\AppData\Local\Temp\ccnAoTYj.s:5561   .debug_str:0000000000002ffc .LASF11
C:\Users\zero6575\AppData\Local\Temp\ccnAoTYj.s:5681   .debug_str:0000000000003582 .LASF12
C:\Users\zero6575\AppData\Local\Temp\ccnAoTYj.s:6699   .debug_str:0000000000006f55 .LASF13
C:\Users\zero6575\AppData\Local\Temp\ccnAoTYj.s:4843   .debug_str:000000000000039d .LASF14
C:\Users\zero6575\AppData\Local\Temp\ccnAoTYj.s:5707   .debug_str:00000000000036d6 .LASF15
C:\Users\zero6575\AppData\Local\Temp\ccnAoTYj.s:5819   .debug_str:0000000000003ce6 .LASF16
C:\Users\zero6575\AppData\Local\Temp\ccnAoTYj.s:4821   .debug_str:0000000000000239 .LASF17
C:\Users\zero6575\AppData\Local\Temp\ccnAoTYj.s:6567   .debug_str:00000000000066f6 .LASF18
C:\Users\zero6575\AppData\Local\Temp\ccnAoTYj.s:5159   .debug_str:00000000000016a3 .LASF19
C:\Users\zero6575\AppData\Local\Temp\ccnAoTYj.s:4857   .debug_str:0000000000000476 .LASF20
C:\Users\zero6575\AppData\Local\Temp\ccnAoTYj.s:5307   .debug_str:0000000000001fed .LASF21
C:\Users\zero6575\AppData\Local\Temp\ccnAoTYj.s:6427   .debug_str:0000000000005eea .LASF22
C:\Users\zero6575\AppData\Local\Temp\ccnAoTYj.s:5165   .debug_str:00000000000016dd .LASF23
C:\Users\zero6575\AppData\Local\Temp\ccnAoTYj.s:6533   .debug_str:0000000000006535 .LASF24
C:\Users\zero6575\AppData\Local\Temp\ccnAoTYj.s:6355   .debug_str:00000000000059d7 .LASF25
C:\Users\zero6575\AppData\Local\Temp\ccnAoTYj.s:5821   .debug_str:0000000000003cee .LASF26
C:\Users\zero6575\AppData\Local\Temp\ccnAoTYj.s:5353   .debug_str:00000000000021de .LASF27
C:\Users\zero6575\AppData\Local\Temp\ccnAoTYj.s:6141   .debug_str:0000000000004da9 .LASF28
C:\Users\zero6575\AppData\Local\Temp\ccnAoTYj.s:4997   .debug_str:0000000000000d2e .LASF29
C:\Users\zero6575\AppData\Local\Temp\ccnAoTYj.s:5963   .debug_str:0000000000004512 .LASF30
C:\Users\zero6575\AppData\Local\Temp\ccnAoTYj.s:5849   .debug_str:0000000000003e35 .LASF31
C:\Users\zero6575\AppData\Local\Temp\ccnAoTYj.s:5947   .debug_str:0000000000004448 .LASF32
C:\Users\zero6575\AppData\Local\Temp\ccnAoTYj.s:6575   .debug_str:000000000000673f .LASF33
C:\Users\zero6575\AppData\Local\Temp\ccnAoTYj.s:4899   .debug_str:00000000000007ed .LASF34
C:\Users\zero6575\AppData\Local\Temp\ccnAoTYj.s:6535   .debug_str:000000000000654f .LASF35
C:\Users\zero6575\AppData\Local\Temp\ccnAoTYj.s:5853   .debug_str:0000000000003e6b .LASF36
C:\Users\zero6575\AppData\Local\Temp\ccnAoTYj.s:5867   .debug_str:0000000000003fef .LASF37
C:\Users\zero6575\AppData\Local\Temp\ccnAoTYj.s:5653   .debug_str:000000000000341e .LASF38
C:\Users\zero6575\AppData\Local\Temp\ccnAoTYj.s:5811   .debug_str:0000000000003c93 .LASF39
C:\Users\zero6575\AppData\Local\Temp\ccnAoTYj.s:6193   .debug_str:0000000000004fe3 .LASF40
C:\Users\zero6575\AppData\Local\Temp\ccnAoTYj.s:5757   .debug_str:000000000000396f .LASF41
C:\Users\zero6575\AppData\Local\Temp\ccnAoTYj.s:5643   .debug_str:00000000000033a8 .LASF42
C:\Users\zero6575\AppData\Local\Temp\ccnAoTYj.s:4887   .debug_str:0000000000000635 .LASF43
C:\Users\zero6575\AppData\Local\Temp\ccnAoTYj.s:4911   .debug_str:000000000000085d .LASF44
C:\Users\zero6575\AppData\Local\Temp\ccnAoTYj.s:6093   .debug_str:0000000000004b9a .LASF45
C:\Users\zero6575\AppData\Local\Temp\ccnAoTYj.s:6135   .debug_str:0000000000004d69 .LASF46
C:\Users\zero6575\AppData\Local\Temp\ccnAoTYj.s:6677   .debug_str:0000000000006e03 .LASF47
C:\Users\zero6575\AppData\Local\Temp\ccnAoTYj.s:5609   .debug_str:0000000000003238 .LASF48
C:\Users\zero6575\AppData\Local\Temp\ccnAoTYj.s:4791   .debug_str:00000000000000c8 .LASF49
C:\Users\zero6575\AppData\Local\Temp\ccnAoTYj.s:6515   .debug_str:000000000000644c .LASF50
C:\Users\zero6575\AppData\Local\Temp\ccnAoTYj.s:5113   .debug_str:00000000000013b0 .LASF51
C:\Users\zero6575\AppData\Local\Temp\ccnAoTYj.s:6625   .debug_str:00000000000069f8 .LASF52
C:\Users\zero6575\AppData\Local\Temp\ccnAoTYj.s:6449   .debug_str:0000000000005fe9 .LASF53
C:\Users\zero6575\AppData\Local\Temp\ccnAoTYj.s:5531   .debug_str:0000000000002bbd .LASF54
C:\Users\zero6575\AppData\Local\Temp\ccnAoTYj.s:5079   .debug_str:00000000000011ad .LASF55
C:\Users\zero6575\AppData\Local\Temp\ccnAoTYj.s:6185   .debug_str:0000000000004f8d .LASF56
C:\Users\zero6575\AppData\Local\Temp\ccnAoTYj.s:5877   .debug_str:0000000000004056 .LASF57
C:\Users\zero6575\AppData\Local\Temp\ccnAoTYj.s:6275   .debug_str:00000000000054e3 .LASF58
C:\Users\zero6575\AppData\Local\Temp\ccnAoTYj.s:5103   .debug_str:0000000000001325 .LASF59
C:\Users\zero6575\AppData\Local\Temp\ccnAoTYj.s:6177   .debug_str:0000000000004f40 .LASF60
C:\Users\zero6575\AppData\Local\Temp\ccnAoTYj.s:5691   .debug_str:00000000000035fb .LASF61
C:\Users\zero6575\AppData\Local\Temp\ccnAoTYj.s:5337   .debug_str:0000000000002163 .LASF62
C:\Users\zero6575\AppData\Local\Temp\ccnAoTYj.s:5631   .debug_str:0000000000003323 .LASF63
C:\Users\zero6575\AppData\Local\Temp\ccnAoTYj.s:5599   .debug_str:000000000000319b .LASF64
C:\Users\zero6575\AppData\Local\Temp\ccnAoTYj.s:5247   .debug_str:0000000000001c6a .LASF65
C:\Users\zero6575\AppData\Local\Temp\ccnAoTYj.s:5111   .debug_str:0000000000001389 .LASF66
C:\Users\zero6575\AppData\Local\Temp\ccnAoTYj.s:6171   .debug_str:0000000000004f09 .LASF67
C:\Users\zero6575\AppData\Local\Temp\ccnAoTYj.s:5857   .debug_str:0000000000003eae .LASF68
C:\Users\zero6575\AppData\Local\Temp\ccnAoTYj.s:5569   .debug_str:0000000000003045 .LASF69
C:\Users\zero6575\AppData\Local\Temp\ccnAoTYj.s:5417   .debug_str:00000000000025a0 .LASF70
C:\Users\zero6575\AppData\Local\Temp\ccnAoTYj.s:5395   .debug_str:0000000000002419 .LASF71
C:\Users\zero6575\AppData\Local\Temp\ccnAoTYj.s:5909   .debug_str:0000000000004209 .LASF72
C:\Users\zero6575\AppData\Local\Temp\ccnAoTYj.s:6159   .debug_str:0000000000004ea0 .LASF73
C:\Users\zero6575\AppData\Local\Temp\ccnAoTYj.s:6731   .debug_str:00000000000070f2 .LASF74
C:\Users\zero6575\AppData\Local\Temp\ccnAoTYj.s:6563   .debug_str:00000000000066b5 .LASF75
C:\Users\zero6575\AppData\Local\Temp\ccnAoTYj.s:6061   .debug_str:0000000000004964 .LASF76
C:\Users\zero6575\AppData\Local\Temp\ccnAoTYj.s:6291   .debug_str:00000000000055da .LASF77
C:\Users\zero6575\AppData\Local\Temp\ccnAoTYj.s:5451   .debug_str:000000000000275e .LASF78
C:\Users\zero6575\AppData\Local\Temp\ccnAoTYj.s:6165   .debug_str:0000000000004ed3 .LASF79
C:\Users\zero6575\AppData\Local\Temp\ccnAoTYj.s:6607   .debug_str:0000000000006907 .LASF80
C:\Users\zero6575\AppData\Local\Temp\ccnAoTYj.s:6579   .debug_str:0000000000006767 .LASF81
C:\Users\zero6575\AppData\Local\Temp\ccnAoTYj.s:5933   .debug_str:0000000000004389 .LASF82
C:\Users\zero6575\AppData\Local\Temp\ccnAoTYj.s:5037   .debug_str:0000000000000f15 .LASF83
C:\Users\zero6575\AppData\Local\Temp\ccnAoTYj.s:5961   .debug_str:0000000000004500 .LASF84
C:\Users\zero6575\AppData\Local\Temp\ccnAoTYj.s:6465   .debug_str:0000000000006184 .LASF85
C:\Users\zero6575\AppData\Local\Temp\ccnAoTYj.s:5921   .debug_str:0000000000004303 .LASF86
C:\Users\zero6575\AppData\Local\Temp\ccnAoTYj.s:5771   .debug_str:00000000000039f8 .LASF87
C:\Users\zero6575\AppData\Local\Temp\ccnAoTYj.s:6681   .debug_str:0000000000006e37 .LASF88
C:\Users\zero6575\AppData\Local\Temp\ccnAoTYj.s:5815   .debug_str:0000000000003cc4 .LASF89
C:\Users\zero6575\AppData\Local\Temp\ccnAoTYj.s:5285   .debug_str:0000000000001eaf .LASF90
C:\Users\zero6575\AppData\Local\Temp\ccnAoTYj.s:4813   .debug_str:00000000000001cf .LASF91
C:\Users\zero6575\AppData\Local\Temp\ccnAoTYj.s:5701   .debug_str:000000000000366f .LASF92
C:\Users\zero6575\AppData\Local\Temp\ccnAoTYj.s:5301   .debug_str:0000000000001fb1 .LASF93
C:\Users\zero6575\AppData\Local\Temp\ccnAoTYj.s:5717   .debug_str:000000000000372d .LASF94
C:\Users\zero6575\AppData\Local\Temp\ccnAoTYj.s:5319   .debug_str:000000000000206b .LASF95
C:\Users\zero6575\AppData\Local\Temp\ccnAoTYj.s:4873   .debug_str:0000000000000569 .LASF96
C:\Users\zero6575\AppData\Local\Temp\ccnAoTYj.s:6415   .debug_str:0000000000005d79 .LASF97
C:\Users\zero6575\AppData\Local\Temp\ccnAoTYj.s:5473   .debug_str:000000000000285f .LASF98
C:\Users\zero6575\AppData\Local\Temp\ccnAoTYj.s:6481   .debug_str:000000000000628a .LASF99
C:\Users\zero6575\AppData\Local\Temp\ccnAoTYj.s:5589   .debug_str:0000000000003142 .LASF100
C:\Users\zero6575\AppData\Local\Temp\ccnAoTYj.s:6457   .debug_str:00000000000060ca .LASF101
C:\Users\zero6575\AppData\Local\Temp\ccnAoTYj.s:5999   .debug_str:0000000000004683 .LASF102
C:\Users\zero6575\AppData\Local\Temp\ccnAoTYj.s:4951   .debug_str:0000000000000aee .LASF103
C:\Users\zero6575\AppData\Local\Temp\ccnAoTYj.s:5373   .debug_str:000000000000230b .LASF104
C:\Users\zero6575\AppData\Local\Temp\ccnAoTYj.s:6735   .debug_str:0000000000007133 .LASF105
C:\Users\zero6575\AppData\Local\Temp\ccnAoTYj.s:4795   .debug_str:0000000000000106 .LASF106
C:\Users\zero6575\AppData\Local\Temp\ccnAoTYj.s:6367   .debug_str:0000000000005ada .LASF107
C:\Users\zero6575\AppData\Local\Temp\ccnAoTYj.s:5553   .debug_str:0000000000002f94 .LASF108
C:\Users\zero6575\AppData\Local\Temp\ccnAoTYj.s:6079   .debug_str:0000000000004a80 .LASF109
C:\Users\zero6575\AppData\Local\Temp\ccnAoTYj.s:6619   .debug_str:0000000000006995 .LASF110
C:\Users\zero6575\AppData\Local\Temp\ccnAoTYj.s:5397   .debug_str:0000000000002430 .LASF111
C:\Users\zero6575\AppData\Local\Temp\ccnAoTYj.s:6687   .debug_str:0000000000006e74 .LASF112
C:\Users\zero6575\AppData\Local\Temp\ccnAoTYj.s:5499   .debug_str:00000000000029cb .LASF113
C:\Users\zero6575\AppData\Local\Temp\ccnAoTYj.s:5737   .debug_str:0000000000003832 .LASF114
C:\Users\zero6575\AppData\Local\Temp\ccnAoTYj.s:5851   .debug_str:0000000000003e5c .LASF115
C:\Users\zero6575\AppData\Local\Temp\ccnAoTYj.s:5167   .debug_str:00000000000016f1 .LASF116
C:\Users\zero6575\AppData\Local\Temp\ccnAoTYj.s:6519   .debug_str:0000000000006481 .LASF117
C:\Users\zero6575\AppData\Local\Temp\ccnAoTYj.s:5313   .debug_str:000000000000201c .LASF118
C:\Users\zero6575\AppData\Local\Temp\ccnAoTYj.s:5581   .debug_str:00000000000030e5 .LASF119
C:\Users\zero6575\AppData\Local\Temp\ccnAoTYj.s:6239   .debug_str:0000000000005261 .LASF120
C:\Users\zero6575\AppData\Local\Temp\ccnAoTYj.s:4909   .debug_str:000000000000084e .LASF121
C:\Users\zero6575\AppData\Local\Temp\ccnAoTYj.s:5227   .debug_str:0000000000001b19 .LASF122
C:\Users\zero6575\AppData\Local\Temp\ccnAoTYj.s:6387   .debug_str:0000000000005bd2 .LASF123
C:\Users\zero6575\AppData\Local\Temp\ccnAoTYj.s:6659   .debug_str:0000000000006c51 .LASF124
C:\Users\zero6575\AppData\Local\Temp\ccnAoTYj.s:5295   .debug_str:0000000000001f7c .LASF125
C:\Users\zero6575\AppData\Local\Temp\ccnAoTYj.s:6733   .debug_str:0000000000007109 .LASF126
C:\Users\zero6575\AppData\Local\Temp\ccnAoTYj.s:6011   .debug_str:0000000000004725 .LASF127
C:\Users\zero6575\AppData\Local\Temp\ccnAoTYj.s:6509   .debug_str:000000000000640a .LASF128
C:\Users\zero6575\AppData\Local\Temp\ccnAoTYj.s:5911   .debug_str:000000000000421c .LASF129
C:\Users\zero6575\AppData\Local\Temp\ccnAoTYj.s:6207   .debug_str:00000000000050ec .LASF130
C:\Users\zero6575\AppData\Local\Temp\ccnAoTYj.s:5041   .debug_str:0000000000000f36 .LASF131
C:\Users\zero6575\AppData\Local\Temp\ccnAoTYj.s:5267   .debug_str:0000000000001d7b .LASF132
C:\Users\zero6575\AppData\Local\Temp\ccnAoTYj.s:5241   .debug_str:0000000000001c19 .LASF133
C:\Users\zero6575\AppData\Local\Temp\ccnAoTYj.s:5679   .debug_str:000000000000355b .LASF134
C:\Users\zero6575\AppData\Local\Temp\ccnAoTYj.s:4979   .debug_str:0000000000000c79 .LASF135
C:\Users\zero6575\AppData\Local\Temp\ccnAoTYj.s:5023   .debug_str:0000000000000e83 .LASF136
C:\Users\zero6575\AppData\Local\Temp\ccnAoTYj.s:5053   .debug_str:0000000000000fe8 .LASF137
C:\Users\zero6575\AppData\Local\Temp\ccnAoTYj.s:5151   .debug_str:000000000000164d .LASF138
C:\Users\zero6575\AppData\Local\Temp\ccnAoTYj.s:5147   .debug_str:0000000000001601 .LASF139
C:\Users\zero6575\AppData\Local\Temp\ccnAoTYj.s:6203   .debug_str:00000000000050a5 .LASF140
C:\Users\zero6575\AppData\Local\Temp\ccnAoTYj.s:6701   .debug_str:0000000000006f68 .LASF141
C:\Users\zero6575\AppData\Local\Temp\ccnAoTYj.s:6581   .debug_str:000000000000678b .LASF142
C:\Users\zero6575\AppData\Local\Temp\ccnAoTYj.s:5929   .debug_str:000000000000436b .LASF143
C:\Users\zero6575\AppData\Local\Temp\ccnAoTYj.s:5603   .debug_str:00000000000031ea .LASF144
C:\Users\zero6575\AppData\Local\Temp\ccnAoTYj.s:5905   .debug_str:00000000000041bc .LASF145
C:\Users\zero6575\AppData\Local\Temp\ccnAoTYj.s:5627   .debug_str:00000000000032db .LASF146
C:\Users\zero6575\AppData\Local\Temp\ccnAoTYj.s:5501   .debug_str:00000000000029e4 .LASF147
C:\Users\zero6575\AppData\Local\Temp\ccnAoTYj.s:5753   .debug_str:0000000000003935 .LASF148
C:\Users\zero6575\AppData\Local\Temp\ccnAoTYj.s:5687   .debug_str:00000000000035cf .LASF149
C:\Users\zero6575\AppData\Local\Temp\ccnAoTYj.s:5899   .debug_str:000000000000418c .LASF150
C:\Users\zero6575\AppData\Local\Temp\ccnAoTYj.s:5887   .debug_str:00000000000040bc .LASF151
C:\Users\zero6575\AppData\Local\Temp\ccnAoTYj.s:5187   .debug_str:00000000000018c1 .LASF152
C:\Users\zero6575\AppData\Local\Temp\ccnAoTYj.s:5155   .debug_str:0000000000001676 .LASF153
C:\Users\zero6575\AppData\Local\Temp\ccnAoTYj.s:5257   .debug_str:0000000000001d0d .LASF154
C:\Users\zero6575\AppData\Local\Temp\ccnAoTYj.s:5191   .debug_str:00000000000018e7 .LASF155
C:\Users\zero6575\AppData\Local\Temp\ccnAoTYj.s:5907   .debug_str:00000000000041d2 .LASF156
C:\Users\zero6575\AppData\Local\Temp\ccnAoTYj.s:6617   .debug_str:000000000000695e .LASF157
C:\Users\zero6575\AppData\Local\Temp\ccnAoTYj.s:5377   .debug_str:0000000000002333 .LASF158
C:\Users\zero6575\AppData\Local\Temp\ccnAoTYj.s:6023   .debug_str:0000000000004790 .LASF159
C:\Users\zero6575\AppData\Local\Temp\ccnAoTYj.s:4885   .debug_str:0000000000000620 .LASF160
C:\Users\zero6575\AppData\Local\Temp\ccnAoTYj.s:5583   .debug_str:00000000000030fe .LASF161
C:\Users\zero6575\AppData\Local\Temp\ccnAoTYj.s:5215   .debug_str:0000000000001a31 .LASF162
C:\Users\zero6575\AppData\Local\Temp\ccnAoTYj.s:6721   .debug_str:0000000000007070 .LASF163
C:\Users\zero6575\AppData\Local\Temp\ccnAoTYj.s:6337   .debug_str:00000000000058f8 .LASF164
C:\Users\zero6575\AppData\Local\Temp\ccnAoTYj.s:6089   .debug_str:0000000000004b78 .LASF165
C:\Users\zero6575\AppData\Local\Temp\ccnAoTYj.s:4993   .debug_str:0000000000000d02 .LASF166
C:\Users\zero6575\AppData\Local\Temp\ccnAoTYj.s:5289   .debug_str:0000000000001efd .LASF167
C:\Users\zero6575\AppData\Local\Temp\ccnAoTYj.s:4861   .debug_str:000000000000049a .LASF168
C:\Users\zero6575\AppData\Local\Temp\ccnAoTYj.s:6435   .debug_str:0000000000005f42 .LASF169
C:\Users\zero6575\AppData\Local\Temp\ccnAoTYj.s:5489   .debug_str:000000000000294e .LASF170
C:\Users\zero6575\AppData\Local\Temp\ccnAoTYj.s:6279   .debug_str:000000000000551b .LASF171
C:\Users\zero6575\AppData\Local\Temp\ccnAoTYj.s:6651   .debug_str:0000000000006bbc .LASF172
C:\Users\zero6575\AppData\Local\Temp\ccnAoTYj.s:6707   .debug_str:0000000000006fb4 .LASF173
C:\Users\zero6575\AppData\Local\Temp\ccnAoTYj.s:5389   .debug_str:00000000000023ea .LASF174
C:\Users\zero6575\AppData\Local\Temp\ccnAoTYj.s:6413   .debug_str:0000000000005d62 .LASF175
C:\Users\zero6575\AppData\Local\Temp\ccnAoTYj.s:6549   .debug_str:000000000000661f .LASF176
C:\Users\zero6575\AppData\Local\Temp\ccnAoTYj.s:6037   .debug_str:0000000000004877 .LASF177
C:\Users\zero6575\AppData\Local\Temp\ccnAoTYj.s:6215   .debug_str:0000000000005135 .LASF178
C:\Users\zero6575\AppData\Local\Temp\ccnAoTYj.s:5281   .debug_str:0000000000001e47 .LASF179
C:\Users\zero6575\AppData\Local\Temp\ccnAoTYj.s:6301   .debug_str:000000000000565b .LASF180
C:\Users\zero6575\AppData\Local\Temp\ccnAoTYj.s:5303   .debug_str:0000000000001fc6 .LASF181
C:\Users\zero6575\AppData\Local\Temp\ccnAoTYj.s:5171   .debug_str:0000000000001722 .LASF182
C:\Users\zero6575\AppData\Local\Temp\ccnAoTYj.s:4925   .debug_str:00000000000009c3 .LASF183
C:\Users\zero6575\AppData\Local\Temp\ccnAoTYj.s:5615   .debug_str:0000000000003280 .LASF184
C:\Users\zero6575\AppData\Local\Temp\ccnAoTYj.s:5953   .debug_str:0000000000004495 .LASF185
C:\Users\zero6575\AppData\Local\Temp\ccnAoTYj.s:6589   .debug_str:00000000000067d6 .LASF186
C:\Users\zero6575\AppData\Local\Temp\ccnAoTYj.s:6665   .debug_str:0000000000006ce1 .LASF187
C:\Users\zero6575\AppData\Local\Temp\ccnAoTYj.s:5135   .debug_str:00000000000014b5 .LASF188
C:\Users\zero6575\AppData\Local\Temp\ccnAoTYj.s:6115   .debug_str:0000000000004c79 .LASF189
C:\Users\zero6575\AppData\Local\Temp\ccnAoTYj.s:5457   .debug_str:00000000000027c3 .LASF190
C:\Users\zero6575\AppData\Local\Temp\ccnAoTYj.s:5763   .debug_str:00000000000039ab .LASF191
C:\Users\zero6575\AppData\Local\Temp\ccnAoTYj.s:5655   .debug_str:0000000000003437 .LASF192
C:\Users\zero6575\AppData\Local\Temp\ccnAoTYj.s:6103   .debug_str:0000000000004c0d .LASF193
C:\Users\zero6575\AppData\Local\Temp\ccnAoTYj.s:4961   .debug_str:0000000000000bb4 .LASF194
C:\Users\zero6575\AppData\Local\Temp\ccnAoTYj.s:6015   .debug_str:000000000000474e .LASF195
C:\Users\zero6575\AppData\Local\Temp\ccnAoTYj.s:5127   .debug_str:000000000000146f .LASF196
C:\Users\zero6575\AppData\Local\Temp\ccnAoTYj.s:4981   .debug_str:0000000000000c91 .LASF197
C:\Users\zero6575\AppData\Local\Temp\ccnAoTYj.s:4889   .debug_str:000000000000064f .LASF198
C:\Users\zero6575\AppData\Local\Temp\ccnAoTYj.s:6083   .debug_str:0000000000004aeb .LASF199
C:\Users\zero6575\AppData\Local\Temp\ccnAoTYj.s:4943   .debug_str:0000000000000a8f .LASF200
C:\Users\zero6575\AppData\Local\Temp\ccnAoTYj.s:5253   .debug_str:0000000000001caf .LASF201
C:\Users\zero6575\AppData\Local\Temp\ccnAoTYj.s:6003   .debug_str:00000000000046ab .LASF202
C:\Users\zero6575\AppData\Local\Temp\ccnAoTYj.s:6511   .debug_str:0000000000006427 .LASF203
C:\Users\zero6575\AppData\Local\Temp\ccnAoTYj.s:6637   .debug_str:0000000000006aac .LASF204
C:\Users\zero6575\AppData\Local\Temp\ccnAoTYj.s:5453   .debug_str:0000000000002781 .LASF205
C:\Users\zero6575\AppData\Local\Temp\ccnAoTYj.s:6417   .debug_str:0000000000005d97 .LASF206
C:\Users\zero6575\AppData\Local\Temp\ccnAoTYj.s:6611   .debug_str:000000000000691e .LASF207
C:\Users\zero6575\AppData\Local\Temp\ccnAoTYj.s:5015   .debug_str:0000000000000df3 .LASF208
C:\Users\zero6575\AppData\Local\Temp\ccnAoTYj.s:4969   .debug_str:0000000000000bf2 .LASF209
C:\Users\zero6575\AppData\Local\Temp\ccnAoTYj.s:5795   .debug_str:0000000000003be8 .LASF210
C:\Users\zero6575\AppData\Local\Temp\ccnAoTYj.s:5237   .debug_str:0000000000001bee .LASF211
C:\Users\zero6575\AppData\Local\Temp\ccnAoTYj.s:4835   .debug_str:000000000000033d .LASF212
C:\Users\zero6575\AppData\Local\Temp\ccnAoTYj.s:4977   .debug_str:0000000000000c3d .LASF213
C:\Users\zero6575\AppData\Local\Temp\ccnAoTYj.s:5705   .debug_str:000000000000369a .LASF214
C:\Users\zero6575\AppData\Local\Temp\ccnAoTYj.s:5893   .debug_str:00000000000040f8 .LASF215
C:\Users\zero6575\AppData\Local\Temp\ccnAoTYj.s:6649   .debug_str:0000000000006b79 .LASF216
C:\Users\zero6575\AppData\Local\Temp\ccnAoTYj.s:5897   .debug_str:0000000000004175 .LASF217
C:\Users\zero6575\AppData\Local\Temp\ccnAoTYj.s:4807   .debug_str:0000000000000183 .LASF218
C:\Users\zero6575\AppData\Local\Temp\ccnAoTYj.s:5889   .debug_str:00000000000040d3 .LASF219
C:\Users\zero6575\AppData\Local\Temp\ccnAoTYj.s:6473   .debug_str:00000000000061fc .LASF220
C:\Users\zero6575\AppData\Local\Temp\ccnAoTYj.s:5633   .debug_str:0000000000003344 .LASF221
C:\Users\zero6575\AppData\Local\Temp\ccnAoTYj.s:5109   .debug_str:000000000000136d .LASF222
C:\Users\zero6575\AppData\Local\Temp\ccnAoTYj.s:4783   .debug_str:000000000000006c .LASF223
C:\Users\zero6575\AppData\Local\Temp\ccnAoTYj.s:5401   .debug_str:000000000000248f .LASF224
C:\Users\zero6575\AppData\Local\Temp\ccnAoTYj.s:5927   .debug_str:0000000000004350 .LASF225
C:\Users\zero6575\AppData\Local\Temp\ccnAoTYj.s:4803   .debug_str:000000000000015e .LASF226
C:\Users\zero6575\AppData\Local\Temp\ccnAoTYj.s:6537   .debug_str:0000000000006569 .LASF227
C:\Users\zero6575\AppData\Local\Temp\ccnAoTYj.s:5325   .debug_str:00000000000020b5 .LASF228
C:\Users\zero6575\AppData\Local\Temp\ccnAoTYj.s:5913   .debug_str:0000000000004233 .LASF229
C:\Users\zero6575\AppData\Local\Temp\ccnAoTYj.s:6325   .debug_str:00000000000057df .LASF230
C:\Users\zero6575\AppData\Local\Temp\ccnAoTYj.s:5731   .debug_str:00000000000037d6 .LASF231
C:\Users\zero6575\AppData\Local\Temp\ccnAoTYj.s:6133   .debug_str:0000000000004d4f .LASF232
C:\Users\zero6575\AppData\Local\Temp\ccnAoTYj.s:4915   .debug_str:00000000000008a3 .LASF233
C:\Users\zero6575\AppData\Local\Temp\ccnAoTYj.s:6679   .debug_str:0000000000006e20 .LASF234
C:\Users\zero6575\AppData\Local\Temp\ccnAoTYj.s:6195   .debug_str:0000000000005006 .LASF235
C:\Users\zero6575\AppData\Local\Temp\ccnAoTYj.s:5983   .debug_str:00000000000045c7 .LASF236
C:\Users\zero6575\AppData\Local\Temp\ccnAoTYj.s:5721   .debug_str:0000000000003766 .LASF237
C:\Users\zero6575\AppData\Local\Temp\ccnAoTYj.s:5567   .debug_str:000000000000302d .LASF238
C:\Users\zero6575\AppData\Local\Temp\ccnAoTYj.s:5461   .debug_str:00000000000027f7 .LASF239
C:\Users\zero6575\AppData\Local\Temp\ccnAoTYj.s:5093   .debug_str:00000000000012b0 .LASF240
C:\Users\zero6575\AppData\Local\Temp\ccnAoTYj.s:5895   .debug_str:0000000000004137 .LASF241
C:\Users\zero6575\AppData\Local\Temp\ccnAoTYj.s:6123   .debug_str:0000000000004ccf .LASF242
C:\Users\zero6575\AppData\Local\Temp\ccnAoTYj.s:6309   .debug_str:00000000000056fd .LASF243
C:\Users\zero6575\AppData\Local\Temp\ccnAoTYj.s:5235   .debug_str:0000000000001ba9 .LASF244
C:\Users\zero6575\AppData\Local\Temp\ccnAoTYj.s:5685   .debug_str:00000000000035b7 .LASF245
C:\Users\zero6575\AppData\Local\Temp\ccnAoTYj.s:5073   .debug_str:0000000000001169 .LASF246
C:\Users\zero6575\AppData\Local\Temp\ccnAoTYj.s:5097   .debug_str:00000000000012d4 .LASF247
C:\Users\zero6575\AppData\Local\Temp\ccnAoTYj.s:5667   .debug_str:00000000000034c6 .LASF248
C:\Users\zero6575\AppData\Local\Temp\ccnAoTYj.s:4851   .debug_str:000000000000040d .LASF249
C:\Users\zero6575\AppData\Local\Temp\ccnAoTYj.s:6101   .debug_str:0000000000004bf1 .LASF250
C:\Users\zero6575\AppData\Local\Temp\ccnAoTYj.s:5617   .debug_str:0000000000003298 .LASF251
C:\Users\zero6575\AppData\Local\Temp\ccnAoTYj.s:5573   .debug_str:0000000000003078 .LASF252
C:\Users\zero6575\AppData\Local\Temp\ccnAoTYj.s:5035   .debug_str:0000000000000efa .LASF253
C:\Users\zero6575\AppData\Local\Temp\ccnAoTYj.s:4891   .debug_str:0000000000000667 .LASF254
C:\Users\zero6575\AppData\Local\Temp\ccnAoTYj.s:6329   .debug_str:000000000000583e .LASF255
C:\Users\zero6575\AppData\Local\Temp\ccnAoTYj.s:6283   .debug_str:000000000000556e .LASF256
C:\Users\zero6575\AppData\Local\Temp\ccnAoTYj.s:4853   .debug_str:000000000000041f .LASF257
C:\Users\zero6575\AppData\Local\Temp\ccnAoTYj.s:6087   .debug_str:0000000000004b32 .LASF258
C:\Users\zero6575\AppData\Local\Temp\ccnAoTYj.s:5123   .debug_str:0000000000001449 .LASF259
C:\Users\zero6575\AppData\Local\Temp\ccnAoTYj.s:5483   .debug_str:0000000000002906 .LASF260
C:\Users\zero6575\AppData\Local\Temp\ccnAoTYj.s:6075   .debug_str:0000000000004a60 .LASF261
C:\Users\zero6575\AppData\Local\Temp\ccnAoTYj.s:6025   .debug_str:00000000000047ce .LASF262
C:\Users\zero6575\AppData\Local\Temp\ccnAoTYj.s:5363   .debug_str:0000000000002268 .LASF263
C:\Users\zero6575\AppData\Local\Temp\ccnAoTYj.s:6047   .debug_str:00000000000048e5 .LASF264
C:\Users\zero6575\AppData\Local\Temp\ccnAoTYj.s:4871   .debug_str:0000000000000553 .LASF265
C:\Users\zero6575\AppData\Local\Temp\ccnAoTYj.s:5459   .debug_str:00000000000027db .LASF266
C:\Users\zero6575\AppData\Local\Temp\ccnAoTYj.s:5027   .debug_str:0000000000000eac .LASF267
C:\Users\zero6575\AppData\Local\Temp\ccnAoTYj.s:4829   .debug_str:00000000000002ef .LASF268
C:\Users\zero6575\AppData\Local\Temp\ccnAoTYj.s:6149   .debug_str:0000000000004df3 .LASF269
C:\Users\zero6575\AppData\Local\Temp\ccnAoTYj.s:5477   .debug_str:00000000000028c9 .LASF270
C:\Users\zero6575\AppData\Local\Temp\ccnAoTYj.s:4883   .debug_str:000000000000060a .LASF271
C:\Users\zero6575\AppData\Local\Temp\ccnAoTYj.s:6431   .debug_str:0000000000005f1a .LASF272
C:\Users\zero6575\AppData\Local\Temp\ccnAoTYj.s:5179   .debug_str:000000000000178a .LASF273
C:\Users\zero6575\AppData\Local\Temp\ccnAoTYj.s:6613   .debug_str:000000000000692f .LASF274
C:\Users\zero6575\AppData\Local\Temp\ccnAoTYj.s:5507   .debug_str:0000000000002a5e .LASF275
C:\Users\zero6575\AppData\Local\Temp\ccnAoTYj.s:5967   .debug_str:0000000000004537 .LASF276
C:\Users\zero6575\AppData\Local\Temp\ccnAoTYj.s:5101   .debug_str:000000000000130a .LASF277
C:\Users\zero6575\AppData\Local\Temp\ccnAoTYj.s:5263   .debug_str:0000000000001d49 .LASF278
C:\Users\zero6575\AppData\Local\Temp\ccnAoTYj.s:4999   .debug_str:0000000000000d48 .LASF279
C:\Users\zero6575\AppData\Local\Temp\ccnAoTYj.s:4817   .debug_str:00000000000001e6 .LASF280
C:\Users\zero6575\AppData\Local\Temp\ccnAoTYj.s:4785   .debug_str:000000000000008a .LASF281
C:\Users\zero6575\AppData\Local\Temp\ccnAoTYj.s:6335   .debug_str:00000000000058b3 .LASF282
C:\Users\zero6575\AppData\Local\Temp\ccnAoTYj.s:6333   .debug_str:000000000000589e .LASF283
C:\Users\zero6575\AppData\Local\Temp\ccnAoTYj.s:5525   .debug_str:0000000000002b60 .LASF284
C:\Users\zero6575\AppData\Local\Temp\ccnAoTYj.s:5211   .debug_str:00000000000019dc .LASF285
C:\Users\zero6575\AppData\Local\Temp\ccnAoTYj.s:6397   .debug_str:0000000000005ca5 .LASF286
C:\Users\zero6575\AppData\Local\Temp\ccnAoTYj.s:6119   .debug_str:0000000000004c96 .LASF287
C:\Users\zero6575\AppData\Local\Temp\ccnAoTYj.s:5729   .debug_str:00000000000037b1 .LASF288
C:\Users\zero6575\AppData\Local\Temp\ccnAoTYj.s:5117   .debug_str:00000000000013df .LASF289
C:\Users\zero6575\AppData\Local\Temp\ccnAoTYj.s:5985   .debug_str:00000000000045e2 .LASF290
C:\Users\zero6575\AppData\Local\Temp\ccnAoTYj.s:5669   .debug_str:00000000000034de .LASF291
C:\Users\zero6575\AppData\Local\Temp\ccnAoTYj.s:5219   .debug_str:0000000000001a5f .LASF292
C:\Users\zero6575\AppData\Local\Temp\ccnAoTYj.s:4793   .debug_str:00000000000000e5 .LASF293
C:\Users\zero6575\AppData\Local\Temp\ccnAoTYj.s:5435   .debug_str:00000000000026af .LASF294
C:\Users\zero6575\AppData\Local\Temp\ccnAoTYj.s:6307   .debug_str:00000000000056e0 .LASF295
C:\Users\zero6575\AppData\Local\Temp\ccnAoTYj.s:5745   .debug_str:00000000000038f4 .LASF296
C:\Users\zero6575\AppData\Local\Temp\ccnAoTYj.s:5785   .debug_str:0000000000003ad1 .LASF297
C:\Users\zero6575\AppData\Local\Temp\ccnAoTYj.s:5443   .debug_str:0000000000002706 .LASF298
C:\Users\zero6575\AppData\Local\Temp\ccnAoTYj.s:5555   .debug_str:0000000000002fac .LASF299
C:\Users\zero6575\AppData\Local\Temp\ccnAoTYj.s:5591   .debug_str:0000000000003154 .LASF300
C:\Users\zero6575\AppData\Local\Temp\ccnAoTYj.s:5329   .debug_str:0000000000002100 .LASF301
C:\Users\zero6575\AppData\Local\Temp\ccnAoTYj.s:6227   .debug_str:00000000000051d8 .LASF302
C:\Users\zero6575\AppData\Local\Temp\ccnAoTYj.s:5823   .debug_str:0000000000003cfd .LASF303
C:\Users\zero6575\AppData\Local\Temp\ccnAoTYj.s:6497   .debug_str:0000000000006365 .LASF304
C:\Users\zero6575\AppData\Local\Temp\ccnAoTYj.s:5941   .debug_str:0000000000004411 .LASF305
C:\Users\zero6575\AppData\Local\Temp\ccnAoTYj.s:4781   .debug_str:0000000000000062 .LASF306
C:\Users\zero6575\AppData\Local\Temp\ccnAoTYj.s:6643   .debug_str:0000000000006aed .LASF307
C:\Users\zero6575\AppData\Local\Temp\ccnAoTYj.s:6281   .debug_str:000000000000555d .LASF308
C:\Users\zero6575\AppData\Local\Temp\ccnAoTYj.s:5225   .debug_str:0000000000001b0b .LASF309
C:\Users\zero6575\AppData\Local\Temp\ccnAoTYj.s:5185   .debug_str:00000000000018b3 .LASF310
C:\Users\zero6575\AppData\Local\Temp\ccnAoTYj.s:4845   .debug_str:00000000000003b0 .LASF311
C:\Users\zero6575\AppData\Local\Temp\ccnAoTYj.s:5359   .debug_str:0000000000002245 .LASF312
C:\Users\zero6575\AppData\Local\Temp\ccnAoTYj.s:4787   .debug_str:00000000000000a5 .LASF313
C:\Users\zero6575\AppData\Local\Temp\ccnAoTYj.s:5011   .debug_str:0000000000000dcb .LASF314
C:\Users\zero6575\AppData\Local\Temp\ccnAoTYj.s:4801   .debug_str:0000000000000154 .LASF315
C:\Users\zero6575\AppData\Local\Temp\ccnAoTYj.s:4939   .debug_str:0000000000000a7d .LASF316
C:\Users\zero6575\AppData\Local\Temp\ccnAoTYj.s:6505   .debug_str:00000000000063d0 .LASF317
C:\Users\zero6575\AppData\Local\Temp\ccnAoTYj.s:5587   .debug_str:000000000000312c .LASF318
C:\Users\zero6575\AppData\Local\Temp\ccnAoTYj.s:5991   .debug_str:000000000000461b .LASF319
C:\Users\zero6575\AppData\Local\Temp\ccnAoTYj.s:4777   .debug_str:0000000000000038 .LASF320
C:\Users\zero6575\AppData\Local\Temp\ccnAoTYj.s:4905   .debug_str:0000000000000823 .LASF321
C:\Users\zero6575\AppData\Local\Temp\ccnAoTYj.s:4789   .debug_str:00000000000000be .LASF322
C:\Users\zero6575\AppData\Local\Temp\ccnAoTYj.s:5439   .debug_str:00000000000026e0 .LASF323
C:\Users\zero6575\AppData\Local\Temp\ccnAoTYj.s:6053   .debug_str:0000000000004921 .LASF324
C:\Users\zero6575\AppData\Local\Temp\ccnAoTYj.s:5775   .debug_str:0000000000003a1b .LASF325
C:\Users\zero6575\AppData\Local\Temp\ccnAoTYj.s:6073   .debug_str:0000000000004a3b .LASF326
C:\Users\zero6575\AppData\Local\Temp\ccnAoTYj.s:6453   .debug_str:000000000000600c .LASF327
C:\Users\zero6575\AppData\Local\Temp\ccnAoTYj.s:4837   .debug_str:0000000000000356 .LASF328
C:\Users\zero6575\AppData\Local\Temp\ccnAoTYj.s:5207   .debug_str:00000000000019b7 .LASF329
C:\Users\zero6575\AppData\Local\Temp\ccnAoTYj.s:6691   .debug_str:0000000000006e8b .LASF330
C:\Users\zero6575\AppData\Local\Temp\ccnAoTYj.s:5425   .debug_str:0000000000002624 .LASF331
C:\Users\zero6575\AppData\Local\Temp\ccnAoTYj.s:5949   .debug_str:0000000000004475 .LASF332
C:\Users\zero6575\AppData\Local\Temp\ccnAoTYj.s:5467   .debug_str:0000000000002835 .LASF333
C:\Users\zero6575\AppData\Local\Temp\ccnAoTYj.s:4877   .debug_str:00000000000005ba .LASF334
C:\Users\zero6575\AppData\Local\Temp\ccnAoTYj.s:5137   .debug_str:00000000000014f6 .LASF335
C:\Users\zero6575\AppData\Local\Temp\ccnAoTYj.s:6715   .debug_str:000000000000702b .LASF336
C:\Users\zero6575\AppData\Local\Temp\ccnAoTYj.s:6599   .debug_str:0000000000006897 .LASF337
C:\Users\zero6575\AppData\Local\Temp\ccnAoTYj.s:6099   .debug_str:0000000000004bd6 .LASF338
C:\Users\zero6575\AppData\Local\Temp\ccnAoTYj.s:5663   .debug_str:00000000000034a2 .LASF339
C:\Users\zero6575\AppData\Local\Temp\ccnAoTYj.s:6729   .debug_str:00000000000070e3 .LASF340
C:\Users\zero6575\AppData\Local\Temp\ccnAoTYj.s:5613   .debug_str:0000000000003269 .LASF341
C:\Users\zero6575\AppData\Local\Temp\ccnAoTYj.s:5743   .debug_str:00000000000038de .LASF345
C:\Users\zero6575\AppData\Local\Temp\ccnAoTYj.s:6525   .debug_str:00000000000064e0 .LASF346
C:\Users\zero6575\AppData\Local\Temp\ccnAoTYj.s:5181   .debug_str:00000000000017b0 .LASF347
C:\Users\zero6575\AppData\Local\Temp\ccnAoTYj.s:5883   .debug_str:0000000000004098 .LASF348
C:\Users\zero6575\AppData\Local\Temp\ccnAoTYj.s:6137   .debug_str:0000000000004d81 .LASF349
C:\Users\zero6575\AppData\Local\Temp\ccnAoTYj.s:6459   .debug_str:00000000000060df .LASF350
C:\Users\zero6575\AppData\Local\Temp\ccnAoTYj.s:5465   .debug_str:0000000000002821 .LASF351
C:\Users\zero6575\AppData\Local\Temp\ccnAoTYj.s:5393   .debug_str:000000000000240b .LASF352
C:\Users\zero6575\AppData\Local\Temp\ccnAoTYj.s:5661   .debug_str:000000000000348c .LASF353
C:\Users\zero6575\AppData\Local\Temp\ccnAoTYj.s:5297   .debug_str:0000000000001f91 .LASF354
C:\Users\zero6575\AppData\Local\Temp\ccnAoTYj.s:5809   .debug_str:0000000000003c70 .LASF355
C:\Users\zero6575\AppData\Local\Temp\ccnAoTYj.s:6405   .debug_str:0000000000005d00 .LASF356
C:\Users\zero6575\AppData\Local\Temp\ccnAoTYj.s:5585   .debug_str:0000000000003115 .LASF357
C:\Users\zero6575\AppData\Local\Temp\ccnAoTYj.s:6711   .debug_str:000000000000700d .LASF358
C:\Users\zero6575\AppData\Local\Temp\ccnAoTYj.s:5979   .debug_str:000000000000459b .LASF360
C:\Users\zero6575\AppData\Local\Temp\ccnAoTYj.s:5957   .debug_str:00000000000044dd .LASF361
C:\Users\zero6575\AppData\Local\Temp\ccnAoTYj.s:5455   .debug_str:000000000000279b .LASF362
C:\Users\zero6575\AppData\Local\Temp\ccnAoTYj.s:5315   .debug_str:0000000000002030 .LASF363
C:\Users\zero6575\AppData\Local\Temp\ccnAoTYj.s:5067   .debug_str:00000000000010f7 .LASF364
C:\Users\zero6575\AppData\Local\Temp\ccnAoTYj.s:6485   .debug_str:00000000000062b6 .LASF365
C:\Users\zero6575\AppData\Local\Temp\ccnAoTYj.s:5673   .debug_str:0000000000003524 .LASF366
C:\Users\zero6575\AppData\Local\Temp\ccnAoTYj.s:5651   .debug_str:000000000000340c .LASF367
C:\Users\zero6575\AppData\Local\Temp\ccnAoTYj.s:5611   .debug_str:000000000000325b .LASF368
C:\Users\zero6575\AppData\Local\Temp\ccnAoTYj.s:6587   .debug_str:00000000000067c6 .LASF369
C:\Users\zero6575\AppData\Local\Temp\ccnAoTYj.s:6719   .debug_str:0000000000007060 .LASF370
C:\Users\zero6575\AppData\Local\Temp\ccnAoTYj.s:6181   .debug_str:0000000000004f6d .LASF371
C:\Users\zero6575\AppData\Local\Temp\ccnAoTYj.s:5547   .debug_str:0000000000002f1f .LASF372
C:\Users\zero6575\AppData\Local\Temp\ccnAoTYj.s:5843   .debug_str:0000000000003db1 .LASF373
C:\Users\zero6575\AppData\Local\Temp\ccnAoTYj.s:5987   .debug_str:0000000000004600 .LASF374
C:\Users\zero6575\AppData\Local\Temp\ccnAoTYj.s:6139   .debug_str:0000000000004d99 .LASF375
C:\Users\zero6575\AppData\Local\Temp\ccnAoTYj.s:6167   .debug_str:0000000000004eec .LASF376
C:\Users\zero6575\AppData\Local\Temp\ccnAoTYj.s:6019   .debug_str:0000000000004771 .LASF377
C:\Users\zero6575\AppData\Local\Temp\ccnAoTYj.s:5177   .debug_str:0000000000001774 .LASF378
C:\Users\zero6575\AppData\Local\Temp\ccnAoTYj.s:6109   .debug_str:0000000000004c49 .LASF379
C:\Users\zero6575\AppData\Local\Temp\ccnAoTYj.s:4867   .debug_str:00000000000004d9 .LASF380
C:\Users\zero6575\AppData\Local\Temp\ccnAoTYj.s:4779   .debug_str:0000000000000051 .LASF381
C:\Users\zero6575\AppData\Local\Temp\ccnAoTYj.s:6471   .debug_str:00000000000061ec .LASF382
C:\Users\zero6575\AppData\Local\Temp\ccnAoTYj.s:4937   .debug_str:0000000000000a67 .LASF383
C:\Users\zero6575\AppData\Local\Temp\ccnAoTYj.s:6389   .debug_str:0000000000005be2 .LASF384
C:\Users\zero6575\AppData\Local\Temp\ccnAoTYj.s:4987   .debug_str:0000000000000cc1 .LASF385
C:\Users\zero6575\AppData\Local\Temp\ccnAoTYj.s:5051   .debug_str:0000000000000fdd .LASF386
C:\Users\zero6575\AppData\Local\Temp\ccnAoTYj.s:6039   .debug_str:000000000000488d .LASF387
C:\Users\zero6575\AppData\Local\Temp\ccnAoTYj.s:5715   .debug_str:0000000000003723 .LASF388
C:\Users\zero6575\AppData\Local\Temp\ccnAoTYj.s:5971   .debug_str:0000000000004555 .LASF389
C:\Users\zero6575\AppData\Local\Temp\ccnAoTYj.s:5163   .debug_str:00000000000016c0 .LASF390
C:\Users\zero6575\AppData\Local\Temp\ccnAoTYj.s:6513   .debug_str:000000000000643e .LASF391
C:\Users\zero6575\AppData\Local\Temp\ccnAoTYj.s:5995   .debug_str:000000000000464b .LASF392
C:\Users\zero6575\AppData\Local\Temp\ccnAoTYj.s:5411   .debug_str:000000000000255f .LASF393
C:\Users\zero6575\AppData\Local\Temp\ccnAoTYj.s:5025   .debug_str:0000000000000ea2 .LASF394
C:\Users\zero6575\AppData\Local\Temp\ccnAoTYj.s:4819   .debug_str:0000000000000220 .LASF395
C:\Users\zero6575\AppData\Local\Temp\ccnAoTYj.s:6409   .debug_str:0000000000005d20 .LASF396
C:\Users\zero6575\AppData\Local\Temp\ccnAoTYj.s:5001   .debug_str:0000000000000d61 .LASF397
C:\Users\zero6575\AppData\Local\Temp\ccnAoTYj.s:5105   .debug_str:000000000000133c .LASF398
C:\Users\zero6575\AppData\Local\Temp\ccnAoTYj.s:6321   .debug_str:00000000000057a0 .LASF399
C:\Users\zero6575\AppData\Local\Temp\ccnAoTYj.s:6009   .debug_str:000000000000471c .LASF400
C:\Users\zero6575\AppData\Local\Temp\ccnAoTYj.s:5351   .debug_str:00000000000021cf .LASF401
C:\Users\zero6575\AppData\Local\Temp\ccnAoTYj.s:5649   .debug_str:00000000000033ff .LASF402
C:\Users\zero6575\AppData\Local\Temp\ccnAoTYj.s:6031   .debug_str:000000000000482f .LASF404
C:\Users\zero6575\AppData\Local\Temp\ccnAoTYj.s:5847   .debug_str:0000000000003e20 .LASF405
C:\Users\zero6575\AppData\Local\Temp\ccnAoTYj.s:6209   .debug_str:000000000000510a .LASF406
C:\Users\zero6575\AppData\Local\Temp\ccnAoTYj.s:6277   .debug_str:000000000000550b .LASF407
C:\Users\zero6575\AppData\Local\Temp\ccnAoTYj.s:5593   .debug_str:0000000000003170 .LASF408
C:\Users\zero6575\AppData\Local\Temp\ccnAoTYj.s:5375   .debug_str:000000000000231e .LASF409
C:\Users\zero6575\AppData\Local\Temp\ccnAoTYj.s:5805   .debug_str:0000000000003c4c .LASF410
C:\Users\zero6575\AppData\Local\Temp\ccnAoTYj.s:5121   .debug_str:0000000000001434 .LASF411
C:\Users\zero6575\AppData\Local\Temp\ccnAoTYj.s:5943   .debug_str:0000000000004428 .LASF412
C:\Users\zero6575\AppData\Local\Temp\ccnAoTYj.s:5099   .debug_str:00000000000012ef .LASF413
C:\Users\zero6575\AppData\Local\Temp\ccnAoTYj.s:5515   .debug_str:0000000000002b19 .LASF414
C:\Users\zero6575\AppData\Local\Temp\ccnAoTYj.s:5831   .debug_str:0000000000003d64 .LASF415
C:\Users\zero6575\AppData\Local\Temp\ccnAoTYj.s:6111   .debug_str:0000000000004c5a .LASF416
C:\Users\zero6575\AppData\Local\Temp\ccnAoTYj.s:5391   .debug_str:00000000000023ff .LASF417
C:\Users\zero6575\AppData\Local\Temp\ccnAoTYj.s:4941   .debug_str:0000000000000a83 .LASF418
C:\Users\zero6575\AppData\Local\Temp\ccnAoTYj.s:6043   .debug_str:00000000000048d0 .LASF419
C:\Users\zero6575\AppData\Local\Temp\ccnAoTYj.s:5077   .debug_str:000000000000119e .LASF420
C:\Users\zero6575\AppData\Local\Temp\ccnAoTYj.s:5625   .debug_str:00000000000032d1 .LASF421
C:\Users\zero6575\AppData\Local\Temp\ccnAoTYj.s:6191   .debug_str:0000000000004fda .LASF422
C:\Users\zero6575\AppData\Local\Temp\ccnAoTYj.s:6091   .debug_str:0000000000004b90 .LASF423
C:\Users\zero6575\AppData\Local\Temp\ccnAoTYj.s:5751   .debug_str:000000000000392b .LASF424
C:\Users\zero6575\AppData\Local\Temp\ccnAoTYj.s:6247   .debug_str:0000000000005329 .LASF425
C:\Users\zero6575\AppData\Local\Temp\ccnAoTYj.s:5881   .debug_str:0000000000004086 .LASF426
C:\Users\zero6575\AppData\Local\Temp\ccnAoTYj.s:6163   .debug_str:0000000000004ec2 .LASF427
C:\Users\zero6575\AppData\Local\Temp\ccnAoTYj.s:5245   .debug_str:0000000000001c54 .LASF428
C:\Users\zero6575\AppData\Local\Temp\ccnAoTYj.s:5143   .debug_str:0000000000001527 .LASF429
C:\Users\zero6575\AppData\Local\Temp\ccnAoTYj.s:5249   .debug_str:0000000000001c8c .LASF430
C:\Users\zero6575\AppData\Local\Temp\ccnAoTYj.s:6551   .debug_str:0000000000006637 .LASF431
C:\Users\zero6575\AppData\Local\Temp\ccnAoTYj.s:6315   .debug_str:0000000000005763 .LASF432
C:\Users\zero6575\AppData\Local\Temp\ccnAoTYj.s:4973   .debug_str:0000000000000c28 .LASF433
C:\Users\zero6575\AppData\Local\Temp\ccnAoTYj.s:5747   .debug_str:0000000000003912 .LASF434
C:\Users\zero6575\AppData\Local\Temp\ccnAoTYj.s:5031   .debug_str:0000000000000ee3 .LASF435
C:\Users\zero6575\AppData\Local\Temp\ccnAoTYj.s:5509   .debug_str:0000000000002a8f .LASF436
C:\Users\zero6575\AppData\Local\Temp\ccnAoTYj.s:5765   .debug_str:00000000000039c4 .LASF437
C:\Users\zero6575\AppData\Local\Temp\ccnAoTYj.s:5259   .debug_str:0000000000001d23 .LASF438
C:\Users\zero6575\AppData\Local\Temp\ccnAoTYj.s:6147   .debug_str:0000000000004de6 .LASF439
C:\Users\zero6575\AppData\Local\Temp\ccnAoTYj.s:5835   .debug_str:0000000000003d91 .LASF440
C:\Users\zero6575\AppData\Local\Temp\ccnAoTYj.s:6271   .debug_str:00000000000054a3 .LASF441
C:\Users\zero6575\AppData\Local\Temp\ccnAoTYj.s:5209   .debug_str:00000000000019cd .LASF442
C:\Users\zero6575\AppData\Local\Temp\ccnAoTYj.s:6623   .debug_str:00000000000069dc .LASF443
C:\Users\zero6575\AppData\Local\Temp\ccnAoTYj.s:5741   .debug_str:00000000000038c8 .LASF444
C:\Users\zero6575\AppData\Local\Temp\ccnAoTYj.s:6661   .debug_str:0000000000006c72 .LASF445
C:\Users\zero6575\AppData\Local\Temp\ccnAoTYj.s:5243   .debug_str:0000000000001c31 .LASF446
C:\Users\zero6575\AppData\Local\Temp\ccnAoTYj.s:6447   .debug_str:0000000000005fdb .LASF447
C:\Users\zero6575\AppData\Local\Temp\ccnAoTYj.s:4975   .debug_str:0000000000000c32 .LASF448
C:\Users\zero6575\AppData\Local\Temp\ccnAoTYj.s:4923   .debug_str:00000000000009b6 .LASF449
C:\Users\zero6575\AppData\Local\Temp\ccnAoTYj.s:6319   .debug_str:0000000000005794 .LASF450
C:\Users\zero6575\AppData\Local\Temp\ccnAoTYj.s:5029   .debug_str:0000000000000ec5 .LASF451
C:\Users\zero6575\AppData\Local\Temp\ccnAoTYj.s:5381   .debug_str:0000000000002380 .LASF452
C:\Users\zero6575\AppData\Local\Temp\ccnAoTYj.s:6265   .debug_str:000000000000547a .LASF453
C:\Users\zero6575\AppData\Local\Temp\ccnAoTYj.s:6125   .debug_str:0000000000004d0d .LASF454
C:\Users\zero6575\AppData\Local\Temp\ccnAoTYj.s:6363   .debug_str:0000000000005ab7 .LASF455
C:\Users\zero6575\AppData\Local\Temp\ccnAoTYj.s:5471   .debug_str:000000000000284e .LASF456
C:\Users\zero6575\AppData\Local\Temp\ccnAoTYj.s:6539   .debug_str:00000000000065a8 .LASF457
C:\Users\zero6575\AppData\Local\Temp\ccnAoTYj.s:4855   .debug_str:0000000000000460 .LASF458
C:\Users\zero6575\AppData\Local\Temp\ccnAoTYj.s:6353   .debug_str:00000000000059bf .LASF459
C:\Users\zero6575\AppData\Local\Temp\ccnAoTYj.s:4771   .debug_str:0000000000000000 .LASF460
C:\Users\zero6575\AppData\Local\Temp\ccnAoTYj.s:6357   .debug_str:00000000000059eb .LASF461
C:\Users\zero6575\AppData\Local\Temp\ccnAoTYj.s:5059   .debug_str:000000000000101c .LASF462
C:\Users\zero6575\AppData\Local\Temp\ccnAoTYj.s:5433   .debug_str:0000000000002692 .LASF463
C:\Users\zero6575\AppData\Local\Temp\ccnAoTYj.s:6467   .debug_str:0000000000006195 .LASF464
C:\Users\zero6575\AppData\Local\Temp\ccnAoTYj.s:6531   .debug_str:0000000000006518 .LASF465
C:\Users\zero6575\AppData\Local\Temp\ccnAoTYj.s:5803   .debug_str:0000000000003c2d .LASF466
C:\Users\zero6575\AppData\Local\Temp\ccnAoTYj.s:6647   .debug_str:0000000000006b40 .LASF467
C:\Users\zero6575\AppData\Local\Temp\ccnAoTYj.s:5321   .debug_str:0000000000002082 .LASF468
C:\Users\zero6575\AppData\Local\Temp\ccnAoTYj.s:5255   .debug_str:0000000000001ced .LASF469
C:\Users\zero6575\AppData\Local\Temp\ccnAoTYj.s:5869   .debug_str:000000000000400a .LASF470
C:\Users\zero6575\AppData\Local\Temp\ccnAoTYj.s:6145   .debug_str:0000000000004dcf .LASF471
C:\Users\zero6575\AppData\Local\Temp\ccnAoTYj.s:4991   .debug_str:0000000000000ce9 .LASF472
C:\Users\zero6575\AppData\Local\Temp\ccnAoTYj.s:5075   .debug_str:0000000000001183 .LASF473
C:\Users\zero6575\AppData\Local\Temp\ccnAoTYj.s:5699   .debug_str:0000000000003656 .LASF474
C:\Users\zero6575\AppData\Local\Temp\ccnAoTYj.s:5559   .debug_str:0000000000002fe4 .LASF475
C:\Users\zero6575\AppData\Local\Temp\ccnAoTYj.s:6573   .debug_str:0000000000006723 .LASF476
C:\Users\zero6575\AppData\Local\Temp\ccnAoTYj.s:5149   .debug_str:000000000000162a .LASF477
C:\Users\zero6575\AppData\Local\Temp\ccnAoTYj.s:5309   .debug_str:0000000000002000 .LASF478
C:\Users\zero6575\AppData\Local\Temp\ccnAoTYj.s:4989   .debug_str:0000000000000cd3 .LASF479
C:\Users\zero6575\AppData\Local\Temp\ccnAoTYj.s:4849   .debug_str:00000000000003f0 .LASF480
C:\Users\zero6575\AppData\Local\Temp\ccnAoTYj.s:6001   .debug_str:000000000000469c .LASF481
C:\Users\zero6575\AppData\Local\Temp\ccnAoTYj.s:6113   .debug_str:0000000000004c60 .LASF482
C:\Users\zero6575\AppData\Local\Temp\ccnAoTYj.s:5141   .debug_str:0000000000001519 .LASF483
C:\Users\zero6575\AppData\Local\Temp\ccnAoTYj.s:6197   .debug_str:0000000000005018 .LASF484
C:\Users\zero6575\AppData\Local\Temp\ccnAoTYj.s:5977   .debug_str:0000000000004587 .LASF485
C:\Users\zero6575\AppData\Local\Temp\ccnAoTYj.s:5367   .debug_str:0000000000002298 .LASF486
C:\Users\zero6575\AppData\Local\Temp\ccnAoTYj.s:6107   .debug_str:0000000000004c23 .LASF487
C:\Users\zero6575\AppData\Local\Temp\ccnAoTYj.s:6487   .debug_str:00000000000062e3 .LASF488
C:\Users\zero6575\AppData\Local\Temp\ccnAoTYj.s:6507   .debug_str:00000000000063e5 .LASF489
C:\Users\zero6575\AppData\Local\Temp\ccnAoTYj.s:5369   .debug_str:00000000000022c0 .LASF490
C:\Users\zero6575\AppData\Local\Temp\ccnAoTYj.s:6703   .debug_str:0000000000006f7c .LASF491
C:\Users\zero6575\AppData\Local\Temp\ccnAoTYj.s:4913   .debug_str:0000000000000876 .LASF492
C:\Users\zero6575\AppData\Local\Temp\ccnAoTYj.s:5579   .debug_str:00000000000030b8 .LASF493
C:\Users\zero6575\AppData\Local\Temp\ccnAoTYj.s:6155   .debug_str:0000000000004e5a .LASF494
C:\Users\zero6575\AppData\Local\Temp\ccnAoTYj.s:5287   .debug_str:0000000000001ec4 .LASF495
C:\Users\zero6575\AppData\Local\Temp\ccnAoTYj.s:5223   .debug_str:0000000000001ad6 .LASF496
C:\Users\zero6575\AppData\Local\Temp\ccnAoTYj.s:5475   .debug_str:000000000000288c .LASF497
C:\Users\zero6575\AppData\Local\Temp\ccnAoTYj.s:5637   .debug_str:0000000000003365 .LASF498
C:\Users\zero6575\AppData\Local\Temp\ccnAoTYj.s:5997   .debug_str:0000000000004659 .LASF499
C:\Users\zero6575\AppData\Local\Temp\ccnAoTYj.s:6547   .debug_str:00000000000065fe .LASF500
C:\Users\zero6575\AppData\Local\Temp\ccnAoTYj.s:6737   .debug_str:0000000000007149 .LASF501
C:\Users\zero6575\AppData\Local\Temp\ccnAoTYj.s:5317   .debug_str:0000000000002041 .LASF502
C:\Users\zero6575\AppData\Local\Temp\ccnAoTYj.s:6669   .debug_str:0000000000006da0 .LASF503
C:\Users\zero6575\AppData\Local\Temp\ccnAoTYj.s:5605   .debug_str:0000000000003202 .LASF504
C:\Users\zero6575\AppData\Local\Temp\ccnAoTYj.s:6399   .debug_str:0000000000005cb5 .LASF505
C:\Users\zero6575\AppData\Local\Temp\ccnAoTYj.s:6469   .debug_str:00000000000061b1 .LASF506
C:\Users\zero6575\AppData\Local\Temp\ccnAoTYj.s:5405   .debug_str:00000000000024bd .LASF507
C:\Users\zero6575\AppData\Local\Temp\ccnAoTYj.s:6493   .debug_str:0000000000006334 .LASF508
C:\Users\zero6575\AppData\Local\Temp\ccnAoTYj.s:5429   .debug_str:0000000000002647 .LASF509
C:\Users\zero6575\AppData\Local\Temp\ccnAoTYj.s:5233   .debug_str:0000000000001b7a .LASF510
C:\Users\zero6575\AppData\Local\Temp\ccnAoTYj.s:5827   .debug_str:0000000000003d2a .LASF511
C:\Users\zero6575\AppData\Local\Temp\ccnAoTYj.s:5645   .debug_str:00000000000033c0 .LASF512
C:\Users\zero6575\AppData\Local\Temp\ccnAoTYj.s:5385   .debug_str:000000000000239a .LASF513
C:\Users\zero6575\AppData\Local\Temp\ccnAoTYj.s:6725   .debug_str:000000000000709e .LASF514
C:\Users\zero6575\AppData\Local\Temp\ccnAoTYj.s:5601   .debug_str:00000000000031bd .LASF515
C:\Users\zero6575\AppData\Local\Temp\ccnAoTYj.s:6421   .debug_str:0000000000005e22 .LASF516
C:\Users\zero6575\AppData\Local\Temp\ccnAoTYj.s:6243   .debug_str:0000000000005289 .LASF517
C:\Users\zero6575\AppData\Local\Temp\ccnAoTYj.s:6395   .debug_str:0000000000005c46 .LASF518
C:\Users\zero6575\AppData\Local\Temp\ccnAoTYj.s:6081   .debug_str:0000000000004a8e .LASF519
C:\Users\zero6575\AppData\Local\Temp\ccnAoTYj.s:6645   .debug_str:0000000000006b02 .LASF520
C:\Users\zero6575\AppData\Local\Temp\ccnAoTYj.s:6477   .debug_str:000000000000621d .LASF521
C:\Users\zero6575\AppData\Local\Temp\ccnAoTYj.s:6693   .debug_str:0000000000006e9f .LASF522
C:\Users\zero6575\AppData\Local\Temp\ccnAoTYj.s:6097   .debug_str:0000000000004bb3 .LASF523
C:\Users\zero6575\AppData\Local\Temp\ccnAoTYj.s:4869   .debug_str:00000000000004f0 .LASF524
C:\Users\zero6575\AppData\Local\Temp\ccnAoTYj.s:5019   .debug_str:0000000000000e1e .LASF525
C:\Users\zero6575\AppData\Local\Temp\ccnAoTYj.s:5739   .debug_str:0000000000003851 .LASF526
C:\Users\zero6575\AppData\Local\Temp\ccnAoTYj.s:6463   .debug_str:0000000000006138 .LASF527
C:\Users\zero6575\AppData\Local\Temp\ccnAoTYj.s:5283   .debug_str:0000000000001e61 .LASF528
C:\Users\zero6575\AppData\Local\Temp\ccnAoTYj.s:6489   .debug_str:0000000000006306 .LASF529
C:\Users\zero6575\AppData\Local\Temp\ccnAoTYj.s:6341   .debug_str:000000000000591b .LASF530
C:\Users\zero6575\AppData\Local\Temp\ccnAoTYj.s:4865   .debug_str:00000000000004b9 .LASF531
C:\Users\zero6575\AppData\Local\Temp\ccnAoTYj.s:5387   .debug_str:00000000000023d0 .LASF532
C:\Users\zero6575\AppData\Local\Temp\ccnAoTYj.s:6323   .debug_str:00000000000057c2 .LASF533
C:\Users\zero6575\AppData\Local\Temp\ccnAoTYj.s:6593   .debug_str:0000000000006816 .LASF534
C:\Users\zero6575\AppData\Local\Temp\ccnAoTYj.s:6461   .debug_str:00000000000060f5 .LASF535
C:\Users\zero6575\AppData\Local\Temp\ccnAoTYj.s:6697   .debug_str:0000000000006f0d .LASF536
C:\Users\zero6575\AppData\Local\Temp\ccnAoTYj.s:5063   .debug_str:00000000000010e7 .LASF537
C:\Users\zero6575\AppData\Local\Temp\ccnAoTYj.s:4949   .debug_str:0000000000000ae3 .LASF538
C:\Users\zero6575\AppData\Local\Temp\ccnAoTYj.s:6157   .debug_str:0000000000004e8d .LASF539
C:\Users\zero6575\AppData\Local\Temp\ccnAoTYj.s:5675   .debug_str:0000000000003534 .LASF540
C:\Users\zero6575\AppData\Local\Temp\ccnAoTYj.s:5993   .debug_str:0000000000004631 .LASF541
C:\Users\zero6575\AppData\Local\Temp\ccnAoTYj.s:6065   .debug_str:0000000000004997 .LASF542
C:\Users\zero6575\AppData\Local\Temp\ccnAoTYj.s:4935   .debug_str:0000000000000a47 .LASF543
C:\Users\zero6575\AppData\Local\Temp\ccnAoTYj.s:6403   .debug_str:0000000000005cec .LASF544
C:\Users\zero6575\AppData\Local\Temp\ccnAoTYj.s:6359   .debug_str:0000000000005a0e .LASF545
C:\Users\zero6575\AppData\Local\Temp\ccnAoTYj.s:5081   .debug_str:00000000000011d0 .LASF546
C:\Users\zero6575\AppData\Local\Temp\ccnAoTYj.s:6503   .debug_str:0000000000006389 .LASF547
C:\Users\zero6575\AppData\Local\Temp\ccnAoTYj.s:6225   .debug_str:0000000000005185 .LASF548
C:\Users\zero6575\AppData\Local\Temp\ccnAoTYj.s:5551   .debug_str:0000000000002f47 .LASF549
C:\Users\zero6575\AppData\Local\Temp\ccnAoTYj.s:5231   .debug_str:0000000000001b3d .LASF550
C:\Users\zero6575\AppData\Local\Temp\ccnAoTYj.s:5201   .debug_str:0000000000001941 .LASF551
C:\Users\zero6575\AppData\Local\Temp\ccnAoTYj.s:6561   .debug_str:000000000000666e .LASF552
C:\Users\zero6575\AppData\Local\Temp\ccnAoTYj.s:6303   .debug_str:0000000000005677 .LASF553
C:\Users\zero6575\AppData\Local\Temp\ccnAoTYj.s:5409   .debug_str:0000000000002514 .LASF554
C:\Users\zero6575\AppData\Local\Temp\ccnAoTYj.s:5935   .debug_str:00000000000043ab .LASF555
C:\Users\zero6575\AppData\Local\Temp\ccnAoTYj.s:5213   .debug_str:00000000000019f3 .LASF556
C:\Users\zero6575\AppData\Local\Temp\ccnAoTYj.s:6385   .debug_str:0000000000005ba3 .LASF557
C:\Users\zero6575\AppData\Local\Temp\ccnAoTYj.s:6383   .debug_str:0000000000005b6e .LASF558
C:\Users\zero6575\AppData\Local\Temp\ccnAoTYj.s:6381   .debug_str:0000000000005b63 .LASF559
C:\Users\zero6575\AppData\Local\Temp\ccnAoTYj.s:6085   .debug_str:0000000000004b26 .LASF560
C:\Users\zero6575\AppData\Local\Temp\ccnAoTYj.s:5723   .debug_str:0000000000003783 .LASF561
C:\Users\zero6575\AppData\Local\Temp\ccnAoTYj.s:5773   .debug_str:0000000000003a0f .LASF562
C:\Users\zero6575\AppData\Local\Temp\ccnAoTYj.s:5709   .debug_str:00000000000036ed .LASF563
C:\Users\zero6575\AppData\Local\Temp\ccnAoTYj.s:5919   .debug_str:00000000000042f7 .LASF564
C:\Users\zero6575\AppData\Local\Temp\ccnAoTYj.s:6169   .debug_str:0000000000004efc .LASF565
C:\Users\zero6575\AppData\Local\Temp\ccnAoTYj.s:6439   .debug_str:0000000000005f61 .LASF566
C:\Users\zero6575\AppData\Local\Temp\ccnAoTYj.s:4965   .debug_str:0000000000000bda .LASF567
C:\Users\zero6575\AppData\Local\Temp\ccnAoTYj.s:5695   .debug_str:0000000000003631 .LASF568
C:\Users\zero6575\AppData\Local\Temp\ccnAoTYj.s:6035   .debug_str:0000000000004867 .LASF569
C:\Users\zero6575\AppData\Local\Temp\ccnAoTYj.s:6007   .debug_str:0000000000004707 .LASF570
C:\Users\zero6575\AppData\Local\Temp\ccnAoTYj.s:6433   .debug_str:0000000000005f31 .LASF571
C:\Users\zero6575\AppData\Local\Temp\ccnAoTYj.s:5761   .debug_str:000000000000399e .LASF572
C:\Users\zero6575\AppData\Local\Temp\ccnAoTYj.s:5937   .debug_str:00000000000043f1 .LASF573
C:\Users\zero6575\AppData\Local\Temp\ccnAoTYj.s:6021   .debug_str:0000000000004786 .LASF574
C:\Users\zero6575\AppData\Local\Temp\ccnAoTYj.s:5735   .debug_str:0000000000003827 .LASF575
C:\Users\zero6575\AppData\Local\Temp\ccnAoTYj.s:5069   .debug_str:000000000000114b .LASF576
C:\Users\zero6575\AppData\Local\Temp\ccnAoTYj.s:5797   .debug_str:0000000000003bff .LASF577
C:\Users\zero6575\AppData\Local\Temp\ccnAoTYj.s:6285   .debug_str:00000000000055ad .LASF578
C:\Users\zero6575\AppData\Local\Temp\ccnAoTYj.s:5479   .debug_str:00000000000028e2 .LASF579
C:\Users\zero6575\AppData\Local\Temp\ccnAoTYj.s:6705   .debug_str:0000000000006fa1 .LASF580
C:\Users\zero6575\AppData\Local\Temp\ccnAoTYj.s:6221   .debug_str:000000000000516d .LASF581
C:\Users\zero6575\AppData\Local\Temp\ccnAoTYj.s:6045   .debug_str:00000000000048d9 .LASF582
C:\Users\zero6575\AppData\Local\Temp\ccnAoTYj.s:4983   .debug_str:0000000000000ca9 .LASF583
C:\Users\zero6575\AppData\Local\Temp\ccnAoTYj.s:6267   .debug_str:000000000000548d .LASF584
C:\Users\zero6575\AppData\Local\Temp\ccnAoTYj.s:6129   .debug_str:0000000000004d33 .LASF585
C:\Users\zero6575\AppData\Local\Temp\ccnAoTYj.s:5901   .debug_str:000000000000419a .LASF586
C:\Users\zero6575\AppData\Local\Temp\ccnAoTYj.s:6569   .debug_str:0000000000006707 .LASF587
C:\Users\zero6575\AppData\Local\Temp\ccnAoTYj.s:4959   .debug_str:0000000000000ba5 .LASF588
C:\Users\zero6575\AppData\Local\Temp\ccnAoTYj.s:5659   .debug_str:0000000000003454 .LASF589
C:\Users\zero6575\AppData\Local\Temp\ccnAoTYj.s:6313   .debug_str:0000000000005751 .LASF590
C:\Users\zero6575\AppData\Local\Temp\ccnAoTYj.s:6653   .debug_str:0000000000006c01 .LASF592
C:\Users\zero6575\AppData\Local\Temp\ccnAoTYj.s:5463   .debug_str:0000000000002811 .LASF593
C:\Users\zero6575\AppData\Local\Temp\ccnAoTYj.s:5447   .debug_str:000000000000273d .LASF596
C:\Users\zero6575\AppData\Local\Temp\ccnAoTYj.s:6597   .debug_str:0000000000006888 .LASF597
C:\Users\zero6575\AppData\Local\Temp\ccnAoTYj.s:5345   .debug_str:00000000000021a1 .LASF598
C:\Users\zero6575\AppData\Local\Temp\ccnAoTYj.s:5279   .debug_str:0000000000001e39 .LASF599
C:\Users\zero6575\AppData\Local\Temp\ccnAoTYj.s:6143   .debug_str:0000000000004dc6 .LASF601
C:\Users\zero6575\AppData\Local\Temp\ccnAoTYj.s:5565   .debug_str:000000000000301d .LASF602
C:\Users\zero6575\AppData\Local\Temp\ccnAoTYj.s:6371   .debug_str:0000000000005b13 .LASF603
C:\Users\zero6575\AppData\Local\Temp\ccnAoTYj.s:5169   .debug_str:000000000000170a .LASF604
C:\Users\zero6575\AppData\Local\Temp\ccnAoTYj.s:5931   .debug_str:000000000000437b .LASF605
C:\Users\zero6575\AppData\Local\Temp\ccnAoTYj.s:6259   .debug_str:0000000000005412 .LASF606
C:\Users\zero6575\AppData\Local\Temp\ccnAoTYj.s:5639   .debug_str:000000000000337e .LASF607
C:\Users\zero6575\AppData\Local\Temp\ccnAoTYj.s:6445   .debug_str:0000000000005fd3 .LASF608
C:\Users\zero6575\AppData\Local\Temp\ccnAoTYj.s:5571   .debug_str:000000000000306d .LASF609
C:\Users\zero6575\AppData\Local\Temp\ccnAoTYj.s:6709   .debug_str:0000000000006ffd .LASF610
C:\Users\zero6575\AppData\Local\Temp\ccnAoTYj.s:6041   .debug_str:00000000000048a3 .LASF611
C:\Users\zero6575\AppData\Local\Temp\ccnAoTYj.s:5119   .debug_str:00000000000013fd .LASF612
C:\Users\zero6575\AppData\Local\Temp\ccnAoTYj.s:6429   .debug_str:0000000000005efd .LASF613
C:\Users\zero6575\AppData\Local\Temp\ccnAoTYj.s:5629   .debug_str:00000000000032fc .LASF614
C:\Users\zero6575\AppData\Local\Temp\ccnAoTYj.s:5347   .debug_str:00000000000021aa .LASF615
C:\Users\zero6575\AppData\Local\Temp\ccnAoTYj.s:6351   .debug_str:0000000000005997 .LASF616
C:\Users\zero6575\AppData\Local\Temp\ccnAoTYj.s:5577   .debug_str:0000000000003098 .LASF617
C:\Users\zero6575\AppData\Local\Temp\ccnAoTYj.s:5755   .debug_str:0000000000003945 .LASF618
C:\Users\zero6575\AppData\Local\Temp\ccnAoTYj.s:6205   .debug_str:00000000000050c8 .LASF619
C:\Users\zero6575\AppData\Local\Temp\ccnAoTYj.s:6655   .debug_str:0000000000006c12 .LASF620
C:\Users\zero6575\AppData\Local\Temp\ccnAoTYj.s:6565   .debug_str:00000000000066d6 .LASF621
C:\Users\zero6575\AppData\Local\Temp\ccnAoTYj.s:6299   .debug_str:0000000000005631 .LASF622
C:\Users\zero6575\AppData\Local\Temp\ccnAoTYj.s:5975   .debug_str:0000000000004577 .LASF623
C:\Users\zero6575\AppData\Local\Temp\ccnAoTYj.s:6521   .debug_str:00000000000064a9 .LASF624
C:\Users\zero6575\AppData\Local\Temp\ccnAoTYj.s:6483   .debug_str:00000000000062a2 .LASF625
C:\Users\zero6575\AppData\Local\Temp\ccnAoTYj.s:5845   .debug_str:0000000000003dc2 .LASF626
C:\Users\zero6575\AppData\Local\Temp\ccnAoTYj.s:5825   .debug_str:0000000000003d12 .LASF627
C:\Users\zero6575\AppData\Local\Temp\ccnAoTYj.s:5689   .debug_str:00000000000035e3 .LASF628
C:\Users\zero6575\AppData\Local\Temp\ccnAoTYj.s:5973   .debug_str:000000000000455f .LASF629
C:\Users\zero6575\AppData\Local\Temp\ccnAoTYj.s:6527   .debug_str:00000000000064f8 .LASF630
C:\Users\zero6575\AppData\Local\Temp\ccnAoTYj.s:6305   .debug_str:00000000000056c8 .LASF631
C:\Users\zero6575\AppData\Local\Temp\ccnAoTYj.s:6049   .debug_str:00000000000048fa .LASF632
C:\Users\zero6575\AppData\Local\Temp\ccnAoTYj.s:6671   .debug_str:0000000000006dcc .LASF633
C:\Users\zero6575\AppData\Local\Temp\ccnAoTYj.s:5157   .debug_str:000000000000168a .LASF634
C:\Users\zero6575\AppData\Local\Temp\ccnAoTYj.s:4797   .debug_str:0000000000000121 .LASF635
C:\Users\zero6575\AppData\Local\Temp\ccnAoTYj.s:5981   .debug_str:00000000000045b1 .LASF636
C:\Users\zero6575\AppData\Local\Temp\ccnAoTYj.s:5183   .debug_str:00000000000017bd .LASF637
C:\Users\zero6575\AppData\Local\Temp\ccnAoTYj.s:6455   .debug_str:0000000000006022 .LASF638
C:\Users\zero6575\AppData\Local\Temp\ccnAoTYj.s:6287   .debug_str:00000000000055b8 .LASF639
C:\Users\zero6575\AppData\Local\Temp\ccnAoTYj.s:5061   .debug_str:000000000000103c .LASF640
C:\Users\zero6575\AppData\Local\Temp\ccnAoTYj.s:4953   .debug_str:0000000000000b10 .LASF641
C:\Users\zero6575\AppData\Local\Temp\ccnAoTYj.s:6253   .debug_str:000000000000534b .LASF642
C:\Users\zero6575\AppData\Local\Temp\ccnAoTYj.s:4893   .debug_str:0000000000000681 .LASF643
C:\Users\zero6575\AppData\Local\Temp\ccnAoTYj.s:6419   .debug_str:0000000000005dad .LASF644
C:\Users\zero6575\AppData\Local\Temp\ccnAoTYj.s:4827   .debug_str:0000000000000251 .LASF645
C:\Users\zero6575\AppData\Local\Temp\ccnAoTYj.s:5789   .debug_str:0000000000003b1e .LASF646
C:\Users\zero6575\AppData\Local\Temp\ccnAoTYj.s:5779   .debug_str:0000000000003a5b .LASF647
C:\Users\zero6575\AppData\Local\Temp\ccnAoTYj.s:5535   .debug_str:0000000000002be1 .LASF648
C:\Users\zero6575\AppData\Local\Temp\ccnAoTYj.s:5917   .debug_str:0000000000004282 .LASF649
C:\Users\zero6575\AppData\Local\Temp\ccnAoTYj.s:5503   .debug_str:00000000000029fa .LASF650
C:\Users\zero6575\AppData\Local\Temp\ccnAoTYj.s:5333   .debug_str:0000000000002132 .LASF651
C:\Users\zero6575\AppData\Local\Temp\ccnAoTYj.s:6231   .debug_str:0000000000005207 .LASF652
C:\Users\zero6575\AppData\Local\Temp\ccnAoTYj.s:5175   .debug_str:0000000000001747 .LASF653
C:\Users\zero6575\AppData\Local\Temp\ccnAoTYj.s:5793   .debug_str:0000000000003bbb .LASF654
C:\Users\zero6575\AppData\Local\Temp\ccnAoTYj.s:4811   .debug_str:00000000000001a4 .LASF655
C:\Users\zero6575\AppData\Local\Temp\ccnAoTYj.s:6603   .debug_str:00000000000068cc .LASF656
C:\Users\zero6575\AppData\Local\Temp\ccnAoTYj.s:6621   .debug_str:00000000000069ac .LASF657
C:\Users\zero6575\AppData\Local\Temp\ccnAoTYj.s:5485   .debug_str:0000000000002920 .LASF658
C:\Users\zero6575\AppData\Local\Temp\ccnAoTYj.s:6257   .debug_str:00000000000053e2 .LASF659
C:\Users\zero6575\AppData\Local\Temp\ccnAoTYj.s:5787   .debug_str:0000000000003af0 .LASF660
C:\Users\zero6575\AppData\Local\Temp\ccnAoTYj.s:6295   .debug_str:00000000000055f9 .LASF661
C:\Users\zero6575\AppData\Local\Temp\ccnAoTYj.s:5371   .debug_str:00000000000022e1 .LASF662
C:\Users\zero6575\AppData\Local\Temp\ccnAoTYj.s:5527   .debug_str:0000000000002b77 .LASF663
C:\Users\zero6575\AppData\Local\Temp\ccnAoTYj.s:6595   .debug_str:0000000000006853 .LASF664
C:\Users\zero6575\AppData\Local\Temp\ccnAoTYj.s:5423   .debug_str:00000000000025ed .LASF665
C:\Users\zero6575\AppData\Local\Temp\ccnAoTYj.s:5865   .debug_str:0000000000003fb8 .LASF666
C:\Users\zero6575\AppData\Local\Temp\ccnAoTYj.s:5431   .debug_str:000000000000265b .LASF667
C:\Users\zero6575\AppData\Local\Temp\ccnAoTYj.s:5045   .debug_str:0000000000000f93 .LASF668
C:\Users\zero6575\AppData\Local\Temp\ccnAoTYj.s:4875   .debug_str:000000000000057d .LASF669
C:\Users\zero6575\AppData\Local\Temp\ccnAoTYj.s:5733   .debug_str:00000000000037ee .LASF670
C:\Users\zero6575\AppData\Local\Temp\ccnAoTYj.s:6263   .debug_str:000000000000543d .LASF671
C:\Users\zero6575\AppData\Local\Temp\ccnAoTYj.s:6347   .debug_str:0000000000005956 .LASF672
C:\Users\zero6575\AppData\Local\Temp\ccnAoTYj.s:6153   .debug_str:0000000000004e20 .LASF673
C:\Users\zero6575\AppData\Local\Temp\ccnAoTYj.s:5925   .debug_str:0000000000004324 .LASF674
C:\Users\zero6575\AppData\Local\Temp\ccnAoTYj.s:6071   .debug_str:00000000000049e3 .LASF675
C:\Users\zero6575\AppData\Local\Temp\ccnAoTYj.s:4841   .debug_str:0000000000000380 .LASF676
C:\Users\zero6575\AppData\Local\Temp\ccnAoTYj.s:6411   .debug_str:0000000000005d48 .LASF677
C:\Users\zero6575\AppData\Local\Temp\ccnAoTYj.s:5379   .debug_str:000000000000236d .LASF678
C:\Users\zero6575\AppData\Local\Temp\ccnAoTYj.s:6331   .debug_str:000000000000587d .LASF679
C:\Users\zero6575\AppData\Local\Temp\ccnAoTYj.s:5693   .debug_str:0000000000003613 .LASF680
C:\Users\zero6575\AppData\Local\Temp\ccnAoTYj.s:4773   .debug_str:0000000000000017 .LASF681
C:\Users\zero6575\AppData\Local\Temp\ccnAoTYj.s:5419   .debug_str:00000000000025d2 .LASF682
C:\Users\zero6575\AppData\Local\Temp\ccnAoTYj.s:5013   .debug_str:0000000000000de3 .LASF683
C:\Users\zero6575\AppData\Local\Temp\ccnAoTYj.s:6349   .debug_str:0000000000005985 .LASF684
C:\Users\zero6575\AppData\Local\Temp\ccnAoTYj.s:5195   .debug_str:000000000000190a .LASF685
C:\Users\zero6575\AppData\Local\Temp\ccnAoTYj.s:5139   .debug_str:0000000000001506 .LASF686
C:\Users\zero6575\AppData\Local\Temp\ccnAoTYj.s:5491   .debug_str:0000000000002990 .LASF687
C:\Users\zero6575\AppData\Local\Temp\ccnAoTYj.s:6339   .debug_str:0000000000005907 .LASF688
C:\Users\zero6575\AppData\Local\Temp\ccnAoTYj.s:5719   .debug_str:0000000000003752 .LASF689
C:\Users\zero6575\AppData\Local\Temp\ccnAoTYj.s:5441   .debug_str:00000000000026f3 .LASF690
C:\Users\zero6575\AppData\Local\Temp\ccnAoTYj.s:6245   .debug_str:0000000000005315 .LASF691
C:\Users\zero6575\AppData\Local\Temp\ccnAoTYj.s:5089   .debug_str:0000000000001290 .LASF692
C:\Users\zero6575\AppData\Local\Temp\ccnAoTYj.s:6683   .debug_str:0000000000006e4a .LASF693
C:\Users\zero6575\AppData\Local\Temp\ccnAoTYj.s:6491   .debug_str:0000000000006320 .LASF694
C:\Users\zero6575\AppData\Local\Temp\ccnAoTYj.s:6631   .debug_str:0000000000006a77 .LASF695
C:\Users\zero6575\AppData\Local\Temp\ccnAoTYj.s:6189   .debug_str:0000000000004fc6 .LASF696
C:\Users\zero6575\AppData\Local\Temp\ccnAoTYj.s:6179   .debug_str:0000000000004f58 .LASF697
C:\Users\zero6575\AppData\Local\Temp\ccnAoTYj.s:5071   .debug_str:0000000000001155 .LASF698
C:\Users\zero6575\AppData\Local\Temp\ccnAoTYj.s:6219   .debug_str:0000000000005158 .LASF699
C:\Users\zero6575\AppData\Local\Temp\ccnAoTYj.s:5727   .debug_str:000000000000379d .LASF701
C:\Users\zero6575\AppData\Local\Temp\ccnAoTYj.s:6641   .debug_str:0000000000006adc .LASF702
C:\Users\zero6575\AppData\Local\Temp\ccnAoTYj.s:5529   .debug_str:0000000000002bac .LASF703
C:\Users\zero6575\AppData\Local\Temp\ccnAoTYj.s:6717   .debug_str:0000000000007045 .LASF704
C:\Users\zero6575\AppData\Local\Temp\ccnAoTYj.s:5017   .debug_str:0000000000000e0d .LASF705
C:\Users\zero6575\AppData\Local\Temp\ccnAoTYj.s:5817   .debug_str:0000000000003cd6 .LASF706
C:\Users\zero6575\AppData\Local\Temp\ccnAoTYj.s:6033   .debug_str:000000000000484a .LASF707
C:\Users\zero6575\AppData\Local\Temp\ccnAoTYj.s:5129   .debug_str:0000000000001485 .LASF708
C:\Users\zero6575\AppData\Local\Temp\ccnAoTYj.s:6673   .debug_str:0000000000006de1 .LASF709
C:\Users\zero6575\AppData\Local\Temp\ccnAoTYj.s:5557   .debug_str:0000000000002fcd .LASF710
C:\Users\zero6575\AppData\Local\Temp\ccnAoTYj.s:5671   .debug_str:0000000000003500 .LASF711
C:\Users\zero6575\AppData\Local\Temp\ccnAoTYj.s:5407   .debug_str:00000000000024f0 .LASF712
C:\Users\zero6575\AppData\Local\Temp\ccnAoTYj.s:6373   .debug_str:0000000000005b1c .LASF713
C:\Users\zero6575\AppData\Local\Temp\ccnAoTYj.s:5265   .debug_str:0000000000001d61 .LASF714
C:\Users\zero6575\AppData\Local\Temp\ccnAoTYj.s:6229   .debug_str:00000000000051ed .LASF715
C:\Users\zero6575\AppData\Local\Temp\ccnAoTYj.s:5009   .debug_str:0000000000000db1 .LASF716
C:\Users\zero6575\AppData\Local\Temp\ccnAoTYj.s:6027   .debug_str:00000000000047e3 .LASF717
C:\Users\zero6575\AppData\Local\Temp\ccnAoTYj.s:5437   .debug_str:00000000000026ce .LASF720
C:\Users\zero6575\AppData\Local\Temp\ccnAoTYj.s:6639   .debug_str:0000000000006ac5 .LASF721
C:\Users\zero6575\AppData\Local\Temp\ccnAoTYj.s:6055   .debug_str:0000000000004936 .LASF722
C:\Users\zero6575\AppData\Local\Temp\ccnAoTYj.s:5833   .debug_str:0000000000003d7f .LASF723
C:\Users\zero6575\AppData\Local\Temp\ccnAoTYj.s:5427   .debug_str:0000000000002635 .LASF724
C:\Users\zero6575\AppData\Local\Temp\ccnAoTYj.s:5791   .debug_str:0000000000003b86 .LASF725
C:\Users\zero6575\AppData\Local\Temp\ccnAoTYj.s:6029   .debug_str:00000000000047fd .LASF726
C:\Users\zero6575\AppData\Local\Temp\ccnAoTYj.s:6667   .debug_str:0000000000006d1d .LASF727
C:\Users\zero6575\AppData\Local\Temp\ccnAoTYj.s:4921   .debug_str:00000000000008df .LASF728
C:\Users\zero6575\AppData\Local\Temp\ccnAoTYj.s:5863   .debug_str:0000000000003ee8 .LASF729
C:\Users\zero6575\AppData\Local\Temp\ccnAoTYj.s:6201   .debug_str:0000000000005036 .LASF732
C:\Users\zero6575\AppData\Local\Temp\ccnAoTYj.s:6425   .debug_str:0000000000005e7b .LASF733
C:\Users\zero6575\AppData\Local\Temp\ccnAoTYj.s:4927   .debug_str:00000000000009d6 .LASF734
C:\Users\zero6575\AppData\Local\Temp\ccnAoTYj.s:5361   .debug_str:0000000000002255 .LASF735
C:\Users\zero6575\AppData\Local\Temp\ccnAoTYj.s:6401   .debug_str:0000000000005cde .LASF736
C:\Users\zero6575\AppData\Local\Temp\ccnAoTYj.s:6543   .debug_str:00000000000065d8 .LASF737
C:\Users\zero6575\AppData\Local\Temp\ccnAoTYj.s:5683   .debug_str:0000000000003595 .LASF738
C:\Users\zero6575\AppData\Local\Temp\ccnAoTYj.s:6369   .debug_str:0000000000005afe .LASF739
C:\Users\zero6575\AppData\Local\Temp\ccnAoTYj.s:5399   .debug_str:000000000000244b .LASF740
C:\Users\zero6575\AppData\Local\Temp\ccnAoTYj.s:5043   .debug_str:0000000000000f4e .LASF741
C:\Users\zero6575\AppData\Local\Temp\ccnAoTYj.s:4933   .debug_str:0000000000000a02 .LASF742
C:\Users\zero6575\AppData\Local\Temp\ccnAoTYj.s:6361   .debug_str:0000000000005a33 .LASF743
C:\Users\zero6575\AppData\Local\Temp\ccnAoTYj.s:6175   .debug_str:0000000000004f2e .LASF744
C:\Users\zero6575\AppData\Local\Temp\ccnAoTYj.s:5299   .debug_str:0000000000001fa5 .LASF745
C:\Users\zero6575\AppData\Local\Temp\ccnAoTYj.s:5403   .debug_str:00000000000024a8 .LASF746
C:\Users\zero6575\AppData\Local\Temp\ccnAoTYj.s:5261   .debug_str:0000000000001d34 .LASF747
C:\Users\zero6575\AppData\Local\Temp\ccnAoTYj.s:5239   .debug_str:0000000000001c07 .LASF748
C:\Users\zero6575\AppData\Local\Temp\ccnAoTYj.s:5781   .debug_str:0000000000003ab6 .LASF749
C:\Users\zero6575\AppData\Local\Temp\ccnAoTYj.s:5697   .debug_str:0000000000003645 .LASF750
C:\Users\zero6575\AppData\Local\Temp\ccnAoTYj.s:6727   .debug_str:00000000000070d1 .LASF751
C:\Users\zero6575\AppData\Local\Temp\ccnAoTYj.s:5777   .debug_str:0000000000003a48 .LASF752
C:\Users\zero6575\AppData\Local\Temp\ccnAoTYj.s:6121   .debug_str:0000000000004cbb .LASF753
C:\Users\zero6575\AppData\Local\Temp\ccnAoTYj.s:5481   .debug_str:00000000000028f1 .LASF754
C:\Users\zero6575\AppData\Local\Temp\ccnAoTYj.s:6217   .debug_str:0000000000005145 .LASF755
C:\Users\zero6575\AppData\Local\Temp\ccnAoTYj.s:6059   .debug_str:0000000000004951 .LASF756
C:\Users\zero6575\AppData\Local\Temp\ccnAoTYj.s:4955   .debug_str:0000000000000b79 .LASF757
C:\Users\zero6575\AppData\Local\Temp\ccnAoTYj.s:5445   .debug_str:000000000000272a .LASF758
C:\Users\zero6575\AppData\Local\Temp\ccnAoTYj.s:5493   .debug_str:00000000000029a3 .LASF759
C:\Users\zero6575\AppData\Local\Temp\ccnAoTYj.s:6187   .debug_str:0000000000004fb6 .LASF760
C:\Users\zero6575\AppData\Local\Temp\ccnAoTYj.s:5875   .debug_str:0000000000004045 .LASF761
C:\Users\zero6575\AppData\Local\Temp\ccnAoTYj.s:5513   .debug_str:0000000000002b08 .LASF762
C:\Users\zero6575\AppData\Local\Temp\ccnAoTYj.s:5275   .debug_str:0000000000001e0f .LASF763
C:\Users\zero6575\AppData\Local\Temp\ccnAoTYj.s:5885   .debug_str:00000000000040ab .LASF764
C:\Users\zero6575\AppData\Local\Temp\ccnAoTYj.s:6261   .debug_str:000000000000542c .LASF765
C:\Users\zero6575\AppData\Local\Temp\ccnAoTYj.s:5801   .debug_str:0000000000003c1c .LASF766
C:\Users\zero6575\AppData\Local\Temp\ccnAoTYj.s:5007   .debug_str:0000000000000da0 .LASF767
C:\Users\zero6575\AppData\Local\Temp\ccnAoTYj.s:6311   .debug_str:000000000000573e .LASF768
C:\Users\zero6575\AppData\Local\Temp\ccnAoTYj.s:5519   .debug_str:0000000000002b3c .LASF769
C:\Users\zero6575\AppData\Local\Temp\ccnAoTYj.s:6067   .debug_str:00000000000049c6 .LASF770
C:\Users\zero6575\AppData\Local\Temp\ccnAoTYj.s:5323   .debug_str:00000000000020a0 .LASF771
C:\Users\zero6575\AppData\Local\Temp\ccnAoTYj.s:6615   .debug_str:0000000000006949 .LASF772
C:\Users\zero6575\AppData\Local\Temp\ccnAoTYj.s:6013   .debug_str:000000000000473b .LASF773
C:\Users\zero6575\AppData\Local\Temp\ccnAoTYj.s:6577   .debug_str:0000000000006754 .LASF774
C:\Users\zero6575\AppData\Local\Temp\ccnAoTYj.s:5357   .debug_str:000000000000222f .LASF775
C:\Users\zero6575\AppData\Local\Temp\ccnAoTYj.s:6051   .debug_str:0000000000004912 .LASF777
C:\Users\zero6575\AppData\Local\Temp\ccnAoTYj.s:5343   .debug_str:0000000000002193 .LASF778
C:\Users\zero6575\AppData\Local\Temp\ccnAoTYj.s:5711   .debug_str:00000000000036fa .LASF779
C:\Users\zero6575\AppData\Local\Temp\ccnAoTYj.s:6675   .debug_str:0000000000006df8 .LASF780
C:\Users\zero6575\AppData\Local\Temp\ccnAoTYj.s:5365   .debug_str:0000000000002280 .LASF781
C:\Users\zero6575\AppData\Local\Temp\ccnAoTYj.s:6127   .debug_str:0000000000004d1c .LASF782
C:\Users\zero6575\AppData\Local\Temp\ccnAoTYj.s:5199   .debug_str:0000000000001929 .LASF783
C:\Users\zero6575\AppData\Local\Temp\ccnAoTYj.s:5205   .debug_str:000000000000199e .LASF784
C:\Users\zero6575\AppData\Local\Temp\ccnAoTYj.s:6005   .debug_str:00000000000046ed .LASF785
C:\Users\zero6575\AppData\Local\Temp\ccnAoTYj.s:6723   .debug_str:0000000000007084 .LASF786
C:\Users\zero6575\AppData\Local\Temp\ccnAoTYj.s:6443   .debug_str:0000000000005f99 .LASF787
C:\Users\zero6575\AppData\Local\Temp\ccnAoTYj.s:5355   .debug_str:00000000000021f7 .LASF788
C:\Users\zero6575\AppData\Local\Temp\ccnAoTYj.s:4799   .debug_str:0000000000000138 .LASF789
C:\Users\zero6575\AppData\Local\Temp\ccnAoTYj.s:6343   .debug_str:0000000000005934 .LASF792
C:\Users\zero6575\AppData\Local\Temp\ccnAoTYj.s:5221   .debug_str:0000000000001a81 .LASF793
C:\Users\zero6575\AppData\Local\Temp\ccnAoTYj.s:5291   .debug_str:0000000000001f12 .LASF794
C:\Users\zero6575\AppData\Local\Temp\ccnAoTYj.s:5125   .debug_str:0000000000001461 .LASF795
C:\Users\zero6575\AppData\Local\Temp\ccnAoTYj.s:5915   .debug_str:0000000000004274 .LASF796
C:\Users\zero6575\AppData\Local\Temp\ccnAoTYj.s:5021   .debug_str:0000000000000e76 .LASF797
C:\Users\zero6575\AppData\Local\Temp\ccnAoTYj.s:6541   .debug_str:00000000000065cb .LASF798
C:\Users\zero6575\AppData\Local\Temp\ccnAoTYj.s:5421   .debug_str:00000000000025e0 .LASF799
C:\Users\zero6575\AppData\Local\Temp\ccnAoTYj.s:5871   .debug_str:0000000000004026 .LASF800
C:\Users\zero6575\AppData\Local\Temp\ccnAoTYj.s:5813   .debug_str:0000000000003cb6 .LASF801
C:\Users\zero6575\AppData\Local\Temp\ccnAoTYj.s:5005   .debug_str:0000000000000d92 .LASF802
C:\Users\zero6575\AppData\Local\Temp\ccnAoTYj.s:6585   .debug_str:00000000000067b8 .LASF803
C:\Users\zero6575\AppData\Local\Temp\ccnAoTYj.s:5003   .debug_str:0000000000000d84 .LASF804
C:\Users\zero6575\AppData\Local\Temp\ccnAoTYj.s:6211   .debug_str:000000000000511e .LASF805
C:\Users\zero6575\AppData\Local\Temp\ccnAoTYj.s:6635   .debug_str:0000000000006a9e .LASF806
C:\Users\zero6575\AppData\Local\Temp\ccnAoTYj.s:5341   .debug_str:0000000000002185 .LASF807
C:\Users\zero6575\AppData\Local\Temp\ccnAoTYj.s:6161   .debug_str:0000000000004eb4 .LASF808
C:\Users\zero6575\AppData\Local\Temp\ccnAoTYj.s:5415   .debug_str:0000000000002592 .LASF809
C:\Users\zero6575\AppData\Local\Temp\ccnAoTYj.s:6199   .debug_str:0000000000005028 .LASF810
C:\Users\zero6575\AppData\Local\Temp\ccnAoTYj.s:5665   .debug_str:00000000000034b8 .LASF811
C:\Users\zero6575\AppData\Local\Temp\ccnAoTYj.s:4775   .debug_str:000000000000002f .LASF812
C:\Users\zero6575\AppData\Local\Temp\ccnAoTYj.s:6475   .debug_str:0000000000006214 .LASF813
C:\Users\zero6575\AppData\Local\Temp\ccnAoTYj.s:6057   .debug_str:0000000000004948 .LASF814
C:\Users\zero6575\AppData\Local\Temp\ccnAoTYj.s:5861   .debug_str:0000000000003edf .LASF815
C:\Users\zero6575\AppData\Local\Temp\ccnAoTYj.s:6479   .debug_str:000000000000627e .LASF816
C:\Users\zero6575\AppData\Local\Temp\ccnAoTYj.s:5189   .debug_str:00000000000018da .LASF817
C:\Users\zero6575\AppData\Local\Temp\ccnAoTYj.s:5759   .debug_str:000000000000398c .LASF818
C:\Users\zero6575\AppData\Local\Temp\ccnAoTYj.s:5331   .debug_str:000000000000211c .LASF819
C:\Users\zero6575\AppData\Local\Temp\ccnAoTYj.s:5769   .debug_str:00000000000039e8 .LASF820
C:\Users\zero6575\AppData\Local\Temp\ccnAoTYj.s:4833   .debug_str:0000000000000332 .LASF821
C:\Users\zero6575\AppData\Local\Temp\ccnAoTYj.s:5161   .debug_str:00000000000016b5 .LASF822
C:\Users\zero6575\AppData\Local\Temp\ccnAoTYj.s:5047   .debug_str:0000000000000fcc .LASF823
C:\Users\zero6575\AppData\Local\Temp\ccnAoTYj.s:5891   .debug_str:00000000000040ed .LASF824
C:\Users\zero6575\AppData\Local\Temp\ccnAoTYj.s:4919   .debug_str:00000000000008c8 .LASF825
C:\Users\zero6575\AppData\Local\Temp\ccnAoTYj.s:6327   .debug_str:0000000000005825 .LASF826
C:\Users\zero6575\AppData\Local\Temp\ccnAoTYj.s:4957   .debug_str:0000000000000b8c .LASF827
C:\Users\zero6575\AppData\Local\Temp\ccnAoTYj.s:6601   .debug_str:00000000000068b2 .LASF828
C:\Users\zero6575\AppData\Local\Temp\ccnAoTYj.s:5713   .debug_str:0000000000003707 .LASF829
C:\Users\zero6575\AppData\Local\Temp\ccnAoTYj.s:4831   .debug_str:0000000000000316 .LASF830
C:\Users\zero6575\AppData\Local\Temp\ccnAoTYj.s:5767   .debug_str:00000000000039d0 .LASF831
C:\Users\zero6575\AppData\Local\Temp\ccnAoTYj.s:6629   .debug_str:0000000000006a1c .LASF832
C:\Users\zero6575\AppData\Local\Temp\ccnAoTYj.s:6663   .debug_str:0000000000006c86 .LASF833
C:\Users\zero6575\AppData\Local\Temp\ccnAoTYj.s:5273   .debug_str:0000000000001db6 .LASF834
C:\Users\zero6575\AppData\Local\Temp\ccnAoTYj.s:4847   .debug_str:00000000000003c1 .LASF835
C:\Users\zero6575\AppData\Local\Temp\ccnAoTYj.s:5855   .debug_str:0000000000003e7e .LASF836
C:\Users\zero6575\AppData\Local\Temp\ccnAoTYj.s:4881   .debug_str:00000000000005d8 .LASF837
C:\Users\zero6575\AppData\Local\Temp\ccnAoTYj.s:6393   .debug_str:0000000000005c0d .LASF838
C:\Users\zero6575\AppData\Local\Temp\ccnAoTYj.s:4971   .debug_str:0000000000000c0e .LASF839
C:\Users\zero6575\AppData\Local\Temp\ccnAoTYj.s:5413   .debug_str:000000000000256b .LASF840
C:\Users\zero6575\AppData\Local\Temp\ccnAoTYj.s:6441   .debug_str:0000000000005f6e .LASF841
C:\Users\zero6575\AppData\Local\Temp\ccnAoTYj.s:5511   .debug_str:0000000000002aa0 .LASF842
C:\Users\zero6575\AppData\Local\Temp\ccnAoTYj.s:6237   .debug_str:0000000000005254 .LASF843
C:\Users\zero6575\AppData\Local\Temp\ccnAoTYj.s:6377   .debug_str:0000000000005b4d .LASF844
                           .group:0000000000000000 wm4.0.29db371e8b94e604acd9f4c2cef2c360
                           .group:0000000000000000 wm4._newlib_version.h.4.9ba035841e762c3308916a0ce96032e7
                           .group:0000000000000000 wm4.newlib.h.24.c310527e65dab9224e8fef4278ad2129
                           .group:0000000000000000 wm4.ieeefp.h.195.a810689bf65b84f4ad2c33b483468c94
                           .group:0000000000000000 wm4.features.h.22.fad1cec3bc7ff06488171438dbdcfd02
                           .group:0000000000000000 wm4.config.h.83.0359905d884ebfe41c79e1d7c780ef62
                           .group:0000000000000000 wm4._ansi.h.31.de524f58584151836e90d8620a16f8e8
                           .group:0000000000000000 wm4.stdio.h.31.7c0e28c411445f3f9c5b11accf882760
                           .group:0000000000000000 wm4._default_types.h.6.74c1620e62c751216328238764a7f2e5
                           .group:0000000000000000 wm4.stddef.h.187.2ff233552538c6ff9b8575ca8ea52cb3
                           .group:0000000000000000 wm4.cdefs.h.49.6260d97adb8d27534cbdc0f868b8ea87
                           .group:0000000000000000 wm4.stddef.h.39.ec95e8feac892e292b69dc7ae75b0d64
                           .group:0000000000000000 wm4.stdarg.h.34.3a23a216c0c293b3d2ea2e89281481e6
                           .group:0000000000000000 wm4._types.h.20.dd0d04dca3800a0d2a6129b87f3adbb2
                           .group:0000000000000000 wm4.stddef.h.161.5349cb105733e8777bfb0cf53c4e3f34
                           .group:0000000000000000 wm4._types.h.127.c5cfac939eadb83d223592dbacad7524
                           .group:0000000000000000 wm4.reent.h.17.487f8c1f76499d088b190f62530a0034
                           .group:0000000000000000 wm4.lock.h.2.c0958401bd0ce484d507ee19aacab817
                           .group:0000000000000000 wm4.reent.h.77.1187f1075ff88452c642b29ed9a9030d
                           .group:0000000000000000 wm4.types.h.40.8b6acba56cefbb11746718204edc8f5e
                           .group:0000000000000000 wm4._stdint.h.10.c24fa3af3bc1706662bb5593a907e841
                           .group:0000000000000000 wm4._endian.h.18.1bf9649e8e5bbc91042012680270b9ed
                           .group:0000000000000000 wm4.endian.h.9.49f3a4695c1b61e8a0808de3c4a106cb
                           .group:0000000000000000 wm4._timeval.h.30.0e8bfd94e85db17dda3286ee81496fe6
                           .group:0000000000000000 wm4.timespec.h.41.d855182eb0e690443ab8651bcedca6e1
                           .group:0000000000000000 wm4.select.h.19.97ca6fd0c752a0f3b6719fd314d361e6
                           .group:0000000000000000 wm4.types.h.51.5571ec98f267d17d3c670b7a3ba33afa
                           .group:0000000000000000 wm4.sched.h.22.c60982713a5c428609783c78f9c78d95
                           .group:0000000000000000 wm4._pthreadtypes.h.36.fcee9961c35163dde6267ef772ad1972
                           .group:0000000000000000 wm4.stdio.h.2.4aa87247282eca6c8f36f9de33d8df1a
                           .group:0000000000000000 wm4.stdio.h.81.60a2ded7dae310b81f9d6907fe5e3dbf
                           .group:0000000000000000 wm4.string.h.8.c4b8571ce60dff2817f43fec8b86aecd
                           .group:0000000000000000 wm4.stddef.h.161.19e15733342b50ead2919490b095303e

UNDEFINED SYMBOLS
strrchr
