   1              		.file	"getevent.c"
   2              		.option nopic
   3              		.attribute arch, "rv64i2p0_m2p0_a2p0_c2p0"
   4              		.attribute unaligned_access, 0
   5              		.attribute stack_align, 16
   6              		.text
   7              	.Ltext0:
   8              		.cfi_sections	.debug_frame
   9              		.section	.text.getevent_encode_apdu,"ax",@progbits
  10              		.align	1
  11              		.globl	getevent_encode_apdu
  13              	getevent_encode_apdu:
  14              	.LFB3:
  15              		.file 1 "../src/middleware/bacnet/src/getevent.c"
   1:../src/middleware/bacnet/src/getevent.c **** /*####COPYRIGHTBEGIN####
   2:../src/middleware/bacnet/src/getevent.c ****  -------------------------------------------
   3:../src/middleware/bacnet/src/getevent.c ****  Copyright (C) 2009 Steve Karg
   4:../src/middleware/bacnet/src/getevent.c **** 
   5:../src/middleware/bacnet/src/getevent.c ****  This program is free software; you can redistribute it and/or
   6:../src/middleware/bacnet/src/getevent.c ****  modify it under the terms of the GNU General Public License
   7:../src/middleware/bacnet/src/getevent.c ****  as published by the Free Software Foundation; either version 2
   8:../src/middleware/bacnet/src/getevent.c ****  of the License, or (at your option) any later version.
   9:../src/middleware/bacnet/src/getevent.c **** 
  10:../src/middleware/bacnet/src/getevent.c ****  This program is distributed in the hope that it will be useful,
  11:../src/middleware/bacnet/src/getevent.c ****  but WITHOUT ANY WARRANTY; without even the implied warranty of
  12:../src/middleware/bacnet/src/getevent.c ****  MERCHANTABILITY or FITNESS FOR A PARTICULAR PURPOSE.  See the
  13:../src/middleware/bacnet/src/getevent.c ****  GNU General Public License for more details.
  14:../src/middleware/bacnet/src/getevent.c **** 
  15:../src/middleware/bacnet/src/getevent.c ****  You should have received a copy of the GNU General Public License
  16:../src/middleware/bacnet/src/getevent.c ****  along with this program; if not, write to:
  17:../src/middleware/bacnet/src/getevent.c ****  The Free Software Foundation, Inc.
  18:../src/middleware/bacnet/src/getevent.c ****  59 Temple Place - Suite 330
  19:../src/middleware/bacnet/src/getevent.c ****  Boston, MA  02111-1307, USA.
  20:../src/middleware/bacnet/src/getevent.c **** 
  21:../src/middleware/bacnet/src/getevent.c ****  As a special exception, if other files instantiate templates or
  22:../src/middleware/bacnet/src/getevent.c ****  use macros or inline functions from this file, or you compile
  23:../src/middleware/bacnet/src/getevent.c ****  this file and link it with other works to produce a work based
  24:../src/middleware/bacnet/src/getevent.c ****  on this file, this file does not by itself cause the resulting
  25:../src/middleware/bacnet/src/getevent.c ****  work to be covered by the GNU General Public License. However
  26:../src/middleware/bacnet/src/getevent.c ****  the source code for this file must still be made available in
  27:../src/middleware/bacnet/src/getevent.c ****  accordance with section (3) of the GNU General Public License.
  28:../src/middleware/bacnet/src/getevent.c **** 
  29:../src/middleware/bacnet/src/getevent.c ****  This exception does not invalidate any other reasons why a work
  30:../src/middleware/bacnet/src/getevent.c ****  based on this file might be covered by the GNU General Public
  31:../src/middleware/bacnet/src/getevent.c ****  License.
  32:../src/middleware/bacnet/src/getevent.c ****  -------------------------------------------
  33:../src/middleware/bacnet/src/getevent.c **** ####COPYRIGHTEND####*/
  34:../src/middleware/bacnet/src/getevent.c **** #include <stdint.h>
  35:../src/middleware/bacnet/src/getevent.c **** #include "bacenum.h"
  36:../src/middleware/bacnet/src/getevent.c **** #include "bacdcode.h"
  37:../src/middleware/bacnet/src/getevent.c **** #include "bacdef.h"
  38:../src/middleware/bacnet/src/getevent.c **** #include "getevent.h"
  39:../src/middleware/bacnet/src/getevent.c **** 
  40:../src/middleware/bacnet/src/getevent.c **** /** @file getevent.c  Encode/Decode GetEvent services */
  41:../src/middleware/bacnet/src/getevent.c **** 
  42:../src/middleware/bacnet/src/getevent.c **** /* encode service */
  43:../src/middleware/bacnet/src/getevent.c **** int getevent_encode_apdu(
  44:../src/middleware/bacnet/src/getevent.c ****     uint8_t * apdu,
  45:../src/middleware/bacnet/src/getevent.c ****     uint8_t invoke_id,
  46:../src/middleware/bacnet/src/getevent.c ****     BACNET_OBJECT_ID * lastReceivedObjectIdentifier)
  47:../src/middleware/bacnet/src/getevent.c **** {
  16              		.loc 1 47 1
  17              		.cfi_startproc
  18 0000 5D71     		addi	sp,sp,-80
  19              		.cfi_def_cfa_offset 80
  20 0002 86E4     		sd	ra,72(sp)
  21 0004 A2E0     		sd	s0,64(sp)
  22 0006 26FC     		sd	s1,56(sp)
  23              		.cfi_offset 1, -8
  24              		.cfi_offset 8, -16
  25              		.cfi_offset 9, -24
  26 0008 8008     		addi	s0,sp,80
  27              		.cfi_def_cfa 8, 0
  28 000a 2334A4FC 		sd	a0,-56(s0)
  29 000e AE87     		mv	a5,a1
  30 0010 233CC4FA 		sd	a2,-72(s0)
  31 0014 A303F4FC 		sb	a5,-57(s0)
  48:../src/middleware/bacnet/src/getevent.c ****     int len = 0;        /* length of each encoding */
  32              		.loc 1 48 9
  33 0018 232C04FC 		sw	zero,-40(s0)
  49:../src/middleware/bacnet/src/getevent.c ****     int apdu_len = 0;   /* total length of the apdu, return value */
  34              		.loc 1 49 9
  35 001c 232E04FC 		sw	zero,-36(s0)
  50:../src/middleware/bacnet/src/getevent.c **** 
  51:../src/middleware/bacnet/src/getevent.c ****     if (apdu) {
  36              		.loc 1 51 8
  37 0020 833784FC 		ld	a5,-56(s0)
  38 0024 C9C7     		beq	a5,zero,.L2
  52:../src/middleware/bacnet/src/getevent.c ****         apdu[0] = PDU_TYPE_CONFIRMED_SERVICE_REQUEST;
  39              		.loc 1 52 17
  40 0026 833784FC 		ld	a5,-56(s0)
  41 002a 23800700 		sb	zero,0(a5)
  53:../src/middleware/bacnet/src/getevent.c ****         apdu[1] = encode_max_segs_max_apdu(0, MAX_APDU);
  42              		.loc 1 53 13
  43 002e 833784FC 		ld	a5,-56(s0)
  44 0032 93841700 		addi	s1,a5,1
  45              		.loc 1 53 19
  46 0036 9305405C 		li	a1,1476
  47 003a 0145     		li	a0,0
  48 003c 97000000 		call	encode_max_segs_max_apdu
  48      E7800000 
  49 0044 AA87     		mv	a5,a0
  50              		.loc 1 53 17
  51 0046 2380F400 		sb	a5,0(s1)
  54:../src/middleware/bacnet/src/getevent.c ****         apdu[2] = invoke_id;
  52              		.loc 1 54 13
  53 004a 833784FC 		ld	a5,-56(s0)
  54 004e 8907     		addi	a5,a5,2
  55              		.loc 1 54 17
  56 0050 034774FC 		lbu	a4,-57(s0)
  57 0054 2380E700 		sb	a4,0(a5)
  55:../src/middleware/bacnet/src/getevent.c ****         apdu[3] = SERVICE_CONFIRMED_GET_EVENT_INFORMATION;
  58              		.loc 1 55 13
  59 0058 833784FC 		ld	a5,-56(s0)
  60 005c 8D07     		addi	a5,a5,3
  61              		.loc 1 55 17
  62 005e 7547     		li	a4,29
  63 0060 2380E700 		sb	a4,0(a5)
  56:../src/middleware/bacnet/src/getevent.c ****         apdu_len = 4;
  64              		.loc 1 56 18
  65 0064 9147     		li	a5,4
  66 0066 232EF4FC 		sw	a5,-36(s0)
  57:../src/middleware/bacnet/src/getevent.c ****         /* encode optional parameter */
  58:../src/middleware/bacnet/src/getevent.c ****         if (lastReceivedObjectIdentifier) {
  67              		.loc 1 58 12
  68 006a 833784FB 		ld	a5,-72(s0)
  69 006e A1C3     		beq	a5,zero,.L2
  59:../src/middleware/bacnet/src/getevent.c ****             len =
  60:../src/middleware/bacnet/src/getevent.c ****                 encode_context_object_id(&apdu[apdu_len], 0,
  70              		.loc 1 60 17
  71 0070 8327C4FD 		lw	a5,-36(s0)
  72 0074 033784FC 		ld	a4,-56(s0)
  73 0078 3E97     		add	a4,a4,a5
  61:../src/middleware/bacnet/src/getevent.c ****                 (int) lastReceivedObjectIdentifier->type,
  74              		.loc 1 61 51
  75 007a 833784FB 		ld	a5,-72(s0)
  76 007e 83D70700 		lhu	a5,0(a5)
  60:../src/middleware/bacnet/src/getevent.c ****                 (int) lastReceivedObjectIdentifier->type,
  77              		.loc 1 60 17
  78 0082 1B860700 		sext.w	a2,a5
  79 0086 833784FB 		ld	a5,-72(s0)
  80 008a DC43     		lw	a5,4(a5)
  81 008c BE86     		mv	a3,a5
  82 008e 8145     		li	a1,0
  83 0090 3A85     		mv	a0,a4
  84 0092 97000000 		call	encode_context_object_id
  84      E7800000 
  85 009a AA87     		mv	a5,a0
  86 009c 232CF4FC 		sw	a5,-40(s0)
  62:../src/middleware/bacnet/src/getevent.c ****                 lastReceivedObjectIdentifier->instance);
  63:../src/middleware/bacnet/src/getevent.c ****             apdu_len += len;
  87              		.loc 1 63 22
  88 00a0 0327C4FD 		lw	a4,-36(s0)
  89 00a4 832784FD 		lw	a5,-40(s0)
  90 00a8 B99F     		addw	a5,a4,a5
  91 00aa 232EF4FC 		sw	a5,-36(s0)
  92              	.L2:
  64:../src/middleware/bacnet/src/getevent.c ****         }
  65:../src/middleware/bacnet/src/getevent.c ****     }
  66:../src/middleware/bacnet/src/getevent.c **** 
  67:../src/middleware/bacnet/src/getevent.c ****     return apdu_len;
  93              		.loc 1 67 12
  94 00ae 8327C4FD 		lw	a5,-36(s0)
  68:../src/middleware/bacnet/src/getevent.c **** }
  95              		.loc 1 68 1
  96 00b2 3E85     		mv	a0,a5
  97 00b4 A660     		ld	ra,72(sp)
  98              		.cfi_restore 1
  99 00b6 0664     		ld	s0,64(sp)
 100              		.cfi_restore 8
 101              		.cfi_def_cfa 2, 80
 102 00b8 E274     		ld	s1,56(sp)
 103              		.cfi_restore 9
 104 00ba 6161     		addi	sp,sp,80
 105              		.cfi_def_cfa_offset 0
 106 00bc 8280     		jr	ra
 107              		.cfi_endproc
 108              	.LFE3:
 110              		.section	.text.getevent_decode_service_request,"ax",@progbits
 111              		.align	1
 112              		.globl	getevent_decode_service_request
 114              	getevent_decode_service_request:
 115              	.LFB4:
  69:../src/middleware/bacnet/src/getevent.c **** 
  70:../src/middleware/bacnet/src/getevent.c **** /* decode the service request only */
  71:../src/middleware/bacnet/src/getevent.c **** int getevent_decode_service_request(
  72:../src/middleware/bacnet/src/getevent.c ****     uint8_t * apdu,
  73:../src/middleware/bacnet/src/getevent.c ****     unsigned apdu_len,
  74:../src/middleware/bacnet/src/getevent.c ****     BACNET_OBJECT_ID * lastReceivedObjectIdentifier)
  75:../src/middleware/bacnet/src/getevent.c **** {
 116              		.loc 1 75 1
 117              		.cfi_startproc
 118 0000 3971     		addi	sp,sp,-64
 119              		.cfi_def_cfa_offset 64
 120 0002 06FC     		sd	ra,56(sp)
 121 0004 22F8     		sd	s0,48(sp)
 122              		.cfi_offset 1, -8
 123              		.cfi_offset 8, -16
 124 0006 8000     		addi	s0,sp,64
 125              		.cfi_def_cfa 8, 0
 126 0008 233CA4FC 		sd	a0,-40(s0)
 127 000c AE87     		mv	a5,a1
 128 000e 2334C4FC 		sd	a2,-56(s0)
 129 0012 232AF4FC 		sw	a5,-44(s0)
  76:../src/middleware/bacnet/src/getevent.c ****     unsigned len = 0;
 130              		.loc 1 76 14
 131 0016 232604FE 		sw	zero,-20(s0)
  77:../src/middleware/bacnet/src/getevent.c **** 
  78:../src/middleware/bacnet/src/getevent.c ****     /* check for value pointers */
  79:../src/middleware/bacnet/src/getevent.c ****     if (apdu_len && lastReceivedObjectIdentifier) {
 132              		.loc 1 79 8
 133 001a 832744FD 		lw	a5,-44(s0)
 134 001e 8127     		sext.w	a5,a5
 135 0020 ADC7     		beq	a5,zero,.L5
 136              		.loc 1 79 18 discriminator 1
 137 0022 833784FC 		ld	a5,-56(s0)
 138 0026 B5C3     		beq	a5,zero,.L5
  80:../src/middleware/bacnet/src/getevent.c ****         /* Tag 0: Object ID - optional */
  81:../src/middleware/bacnet/src/getevent.c ****         if (!decode_is_context_tag(&apdu[len++], 0))
 139              		.loc 1 81 45
 140 0028 8327C4FE 		lw	a5,-20(s0)
 141 002c 1B871700 		addiw	a4,a5,1
 142 0030 2326E4FE 		sw	a4,-20(s0)
 143 0034 8217     		slli	a5,a5,32
 144 0036 8193     		srli	a5,a5,32
 145              		.loc 1 81 14
 146 0038 033784FD 		ld	a4,-40(s0)
 147 003c BA97     		add	a5,a4,a5
 148 003e 8145     		li	a1,0
 149 0040 3E85     		mv	a0,a5
 150 0042 97000000 		call	decode_is_context_tag
 150      E7800000 
 151 004a AA87     		mv	a5,a0
 152              		.loc 1 81 13
 153 004c 93C71700 		xori	a5,a5,1
 154 0050 93F7F70F 		andi	a5,a5,0xff
 155              		.loc 1 81 12
 156 0054 99C3     		beq	a5,zero,.L6
  82:../src/middleware/bacnet/src/getevent.c ****             return -1;
 157              		.loc 1 82 20
 158 0056 FD57     		li	a5,-1
 159 0058 1DA8     		j	.L7
 160              	.L6:
  83:../src/middleware/bacnet/src/getevent.c ****         len +=
  84:../src/middleware/bacnet/src/getevent.c ****             decode_object_id(&apdu[len], &lastReceivedObjectIdentifier->type,
 161              		.loc 1 84 13
 162 005a 8367C4FE 		lwu	a5,-20(s0)
 163 005e 033784FD 		ld	a4,-40(s0)
 164 0062 3E97     		add	a4,a4,a5
 165 0064 833684FC 		ld	a3,-56(s0)
 166 0068 833784FC 		ld	a5,-56(s0)
 167 006c 9107     		addi	a5,a5,4
 168 006e 3E86     		mv	a2,a5
 169 0070 B685     		mv	a1,a3
 170 0072 3A85     		mv	a0,a4
 171 0074 97000000 		call	decode_object_id
 171      E7800000 
 172 007c AA87     		mv	a5,a0
 173 007e 8127     		sext.w	a5,a5
  83:../src/middleware/bacnet/src/getevent.c ****         len +=
 174              		.loc 1 83 13
 175 0080 0327C4FE 		lw	a4,-20(s0)
 176 0084 B99F     		addw	a5,a4,a5
 177 0086 2326F4FE 		sw	a5,-20(s0)
 178              	.L5:
  85:../src/middleware/bacnet/src/getevent.c ****             &lastReceivedObjectIdentifier->instance);
  86:../src/middleware/bacnet/src/getevent.c ****     }
  87:../src/middleware/bacnet/src/getevent.c **** 
  88:../src/middleware/bacnet/src/getevent.c ****     return (int) len;
 179              		.loc 1 88 12
 180 008a 8327C4FE 		lw	a5,-20(s0)
 181              	.L7:
  89:../src/middleware/bacnet/src/getevent.c **** }
 182              		.loc 1 89 1
 183 008e 3E85     		mv	a0,a5
 184 0090 E270     		ld	ra,56(sp)
 185              		.cfi_restore 1
 186 0092 4274     		ld	s0,48(sp)
 187              		.cfi_restore 8
 188              		.cfi_def_cfa 2, 64
 189 0094 2161     		addi	sp,sp,64
 190              		.cfi_def_cfa_offset 0
 191 0096 8280     		jr	ra
 192              		.cfi_endproc
 193              	.LFE4:
 195              		.section	.text.getevent_ack_encode_apdu_init,"ax",@progbits
 196              		.align	1
 197              		.globl	getevent_ack_encode_apdu_init
 199              	getevent_ack_encode_apdu_init:
 200              	.LFB5:
  90:../src/middleware/bacnet/src/getevent.c **** 
  91:../src/middleware/bacnet/src/getevent.c **** int getevent_ack_encode_apdu_init(
  92:../src/middleware/bacnet/src/getevent.c ****     uint8_t * apdu,
  93:../src/middleware/bacnet/src/getevent.c ****     size_t max_apdu,
  94:../src/middleware/bacnet/src/getevent.c ****     uint8_t invoke_id)
  95:../src/middleware/bacnet/src/getevent.c **** {
 201              		.loc 1 95 1
 202              		.cfi_startproc
 203 0000 3971     		addi	sp,sp,-64
 204              		.cfi_def_cfa_offset 64
 205 0002 06FC     		sd	ra,56(sp)
 206 0004 22F8     		sd	s0,48(sp)
 207              		.cfi_offset 1, -8
 208              		.cfi_offset 8, -16
 209 0006 8000     		addi	s0,sp,64
 210              		.cfi_def_cfa 8, 0
 211 0008 233CA4FC 		sd	a0,-40(s0)
 212 000c 2338B4FC 		sd	a1,-48(s0)
 213 0010 B287     		mv	a5,a2
 214 0012 A307F4FC 		sb	a5,-49(s0)
  96:../src/middleware/bacnet/src/getevent.c ****     int apdu_len = 0;   /* total length of the apdu, return value */
 215              		.loc 1 96 9
 216 0016 232604FE 		sw	zero,-20(s0)
  97:../src/middleware/bacnet/src/getevent.c **** 
  98:../src/middleware/bacnet/src/getevent.c ****     if (apdu && (max_apdu >= 4)) {
 217              		.loc 1 98 8
 218 001a 833784FD 		ld	a5,-40(s0)
 219 001e B1CF     		beq	a5,zero,.L9
 220              		.loc 1 98 14 discriminator 1
 221 0020 033704FD 		ld	a4,-48(s0)
 222 0024 8D47     		li	a5,3
 223 0026 63FAE704 		bleu	a4,a5,.L9
  99:../src/middleware/bacnet/src/getevent.c ****         apdu[0] = PDU_TYPE_COMPLEX_ACK; /* complex ACK service */
 224              		.loc 1 99 17
 225 002a 833784FD 		ld	a5,-40(s0)
 226 002e 13070003 		li	a4,48
 227 0032 2380E700 		sb	a4,0(a5)
 100:../src/middleware/bacnet/src/getevent.c ****         apdu[1] = invoke_id;    /* original invoke id from request */
 228              		.loc 1 100 13
 229 0036 833784FD 		ld	a5,-40(s0)
 230 003a 8507     		addi	a5,a5,1
 231              		.loc 1 100 17
 232 003c 0347F4FC 		lbu	a4,-49(s0)
 233 0040 2380E700 		sb	a4,0(a5)
 101:../src/middleware/bacnet/src/getevent.c ****         apdu[2] = SERVICE_CONFIRMED_GET_EVENT_INFORMATION;
 234              		.loc 1 101 13
 235 0044 833784FD 		ld	a5,-40(s0)
 236 0048 8907     		addi	a5,a5,2
 237              		.loc 1 101 17
 238 004a 7547     		li	a4,29
 239 004c 2380E700 		sb	a4,0(a5)
 102:../src/middleware/bacnet/src/getevent.c ****         apdu_len = 3;
 240              		.loc 1 102 18
 241 0050 8D47     		li	a5,3
 242 0052 2326F4FE 		sw	a5,-20(s0)
 103:../src/middleware/bacnet/src/getevent.c ****         /* service ack follows */
 104:../src/middleware/bacnet/src/getevent.c ****         /* Tag 0: listOfEventSummaries */
 105:../src/middleware/bacnet/src/getevent.c ****         apdu_len += encode_opening_tag(&apdu[apdu_len], 0);
 243              		.loc 1 105 21
 244 0056 8327C4FE 		lw	a5,-20(s0)
 245 005a 033784FD 		ld	a4,-40(s0)
 246 005e BA97     		add	a5,a4,a5
 247 0060 8145     		li	a1,0
 248 0062 3E85     		mv	a0,a5
 249 0064 97000000 		call	encode_opening_tag
 249      E7800000 
 250 006c AA87     		mv	a5,a0
 251 006e 3E87     		mv	a4,a5
 252              		.loc 1 105 18
 253 0070 8327C4FE 		lw	a5,-20(s0)
 254 0074 B99F     		addw	a5,a5,a4
 255 0076 2326F4FE 		sw	a5,-20(s0)
 256              	.L9:
 106:../src/middleware/bacnet/src/getevent.c ****     }
 107:../src/middleware/bacnet/src/getevent.c **** 
 108:../src/middleware/bacnet/src/getevent.c ****     return apdu_len;
 257              		.loc 1 108 12
 258 007a 8327C4FE 		lw	a5,-20(s0)
 109:../src/middleware/bacnet/src/getevent.c **** }
 259              		.loc 1 109 1
 260 007e 3E85     		mv	a0,a5
 261 0080 E270     		ld	ra,56(sp)
 262              		.cfi_restore 1
 263 0082 4274     		ld	s0,48(sp)
 264              		.cfi_restore 8
 265              		.cfi_def_cfa 2, 64
 266 0084 2161     		addi	sp,sp,64
 267              		.cfi_def_cfa_offset 0
 268 0086 8280     		jr	ra
 269              		.cfi_endproc
 270              	.LFE5:
 272              		.section	.text.getevent_ack_encode_apdu_data,"ax",@progbits
 273              		.align	1
 274              		.globl	getevent_ack_encode_apdu_data
 276              	getevent_ack_encode_apdu_data:
 277              	.LFB6:
 110:../src/middleware/bacnet/src/getevent.c **** 
 111:../src/middleware/bacnet/src/getevent.c **** int getevent_ack_encode_apdu_data(
 112:../src/middleware/bacnet/src/getevent.c ****     uint8_t * apdu,
 113:../src/middleware/bacnet/src/getevent.c ****     size_t max_apdu,
 114:../src/middleware/bacnet/src/getevent.c ****     BACNET_GET_EVENT_INFORMATION_DATA * get_event_data)
 115:../src/middleware/bacnet/src/getevent.c **** {
 278              		.loc 1 115 1
 279              		.cfi_startproc
 280 0000 5D71     		addi	sp,sp,-80
 281              		.cfi_def_cfa_offset 80
 282 0002 86E4     		sd	ra,72(sp)
 283 0004 A2E0     		sd	s0,64(sp)
 284              		.cfi_offset 1, -8
 285              		.cfi_offset 8, -16
 286 0006 8008     		addi	s0,sp,80
 287              		.cfi_def_cfa 8, 0
 288 0008 2334A4FC 		sd	a0,-56(s0)
 289 000c 2330B4FC 		sd	a1,-64(s0)
 290 0010 233CC4FA 		sd	a2,-72(s0)
 116:../src/middleware/bacnet/src/getevent.c ****     int apdu_len = 0;   /* total length of the apdu, return value */
 291              		.loc 1 116 9
 292 0014 232604FE 		sw	zero,-20(s0)
 117:../src/middleware/bacnet/src/getevent.c ****     BACNET_GET_EVENT_INFORMATION_DATA *event_data;
 118:../src/middleware/bacnet/src/getevent.c ****     unsigned i = 0;     /* counter */
 293              		.loc 1 118 14
 294 0018 232E04FC 		sw	zero,-36(s0)
 119:../src/middleware/bacnet/src/getevent.c **** 
 120:../src/middleware/bacnet/src/getevent.c ****     /* unused parameter */
 121:../src/middleware/bacnet/src/getevent.c ****     max_apdu = max_apdu;
 122:../src/middleware/bacnet/src/getevent.c ****     if (apdu) {
 295              		.loc 1 122 8
 296 001c 833784FC 		ld	a5,-56(s0)
 297 0020 63840724 		beq	a5,zero,.L12
 123:../src/middleware/bacnet/src/getevent.c ****         event_data = get_event_data;
 298              		.loc 1 123 20
 299 0024 833784FB 		ld	a5,-72(s0)
 300 0028 2330F4FE 		sd	a5,-32(s0)
 124:../src/middleware/bacnet/src/getevent.c ****         while (event_data) {
 301              		.loc 1 124 15
 302 002c 15AC     		j	.L13
 303              	.L18:
 125:../src/middleware/bacnet/src/getevent.c ****             /* Tag 0: objectIdentifier */
 126:../src/middleware/bacnet/src/getevent.c ****             apdu_len +=
 127:../src/middleware/bacnet/src/getevent.c ****                 encode_context_object_id(&apdu[apdu_len], 0,
 304              		.loc 1 127 17
 305 002e 8327C4FE 		lw	a5,-20(s0)
 306 0032 033784FC 		ld	a4,-56(s0)
 307 0036 3E97     		add	a4,a4,a5
 128:../src/middleware/bacnet/src/getevent.c ****                 (int) event_data->objectIdentifier.type,
 308              		.loc 1 128 51
 309 0038 833704FE 		ld	a5,-32(s0)
 310 003c 83D70700 		lhu	a5,0(a5)
 127:../src/middleware/bacnet/src/getevent.c ****                 (int) event_data->objectIdentifier.type,
 311              		.loc 1 127 17
 312 0040 1B860700 		sext.w	a2,a5
 313 0044 833704FE 		ld	a5,-32(s0)
 314 0048 DC43     		lw	a5,4(a5)
 315 004a BE86     		mv	a3,a5
 316 004c 8145     		li	a1,0
 317 004e 3A85     		mv	a0,a4
 318 0050 97000000 		call	encode_context_object_id
 318      E7800000 
 319 0058 AA87     		mv	a5,a0
 320 005a 3E87     		mv	a4,a5
 126:../src/middleware/bacnet/src/getevent.c ****                 encode_context_object_id(&apdu[apdu_len], 0,
 321              		.loc 1 126 22
 322 005c 8327C4FE 		lw	a5,-20(s0)
 323 0060 B99F     		addw	a5,a5,a4
 324 0062 2326F4FE 		sw	a5,-20(s0)
 129:../src/middleware/bacnet/src/getevent.c ****                 event_data->objectIdentifier.instance);
 130:../src/middleware/bacnet/src/getevent.c ****             /* Tag 1: eventState */
 131:../src/middleware/bacnet/src/getevent.c ****             apdu_len +=
 132:../src/middleware/bacnet/src/getevent.c ****                 encode_context_enumerated(&apdu[apdu_len], 1,
 325              		.loc 1 132 17
 326 0066 8327C4FE 		lw	a5,-20(s0)
 327 006a 033784FC 		ld	a4,-56(s0)
 328 006e 3E97     		add	a4,a4,a5
 133:../src/middleware/bacnet/src/getevent.c ****                 event_data->eventState);
 329              		.loc 1 133 27
 330 0070 833704FE 		ld	a5,-32(s0)
 331 0074 9C47     		lw	a5,8(a5)
 132:../src/middleware/bacnet/src/getevent.c ****                 event_data->eventState);
 332              		.loc 1 132 17
 333 0076 3E86     		mv	a2,a5
 334 0078 8545     		li	a1,1
 335 007a 3A85     		mv	a0,a4
 336 007c 97000000 		call	encode_context_enumerated
 336      E7800000 
 337 0084 AA87     		mv	a5,a0
 338 0086 3E87     		mv	a4,a5
 131:../src/middleware/bacnet/src/getevent.c ****                 encode_context_enumerated(&apdu[apdu_len], 1,
 339              		.loc 1 131 22
 340 0088 8327C4FE 		lw	a5,-20(s0)
 341 008c B99F     		addw	a5,a5,a4
 342 008e 2326F4FE 		sw	a5,-20(s0)
 134:../src/middleware/bacnet/src/getevent.c ****             /* Tag 2: acknowledgedTransitions */
 135:../src/middleware/bacnet/src/getevent.c ****             apdu_len +=
 136:../src/middleware/bacnet/src/getevent.c ****                 encode_context_bitstring(&apdu[apdu_len], 2,
 343              		.loc 1 136 17
 344 0092 8327C4FE 		lw	a5,-20(s0)
 345 0096 033784FC 		ld	a4,-56(s0)
 346 009a 3E97     		add	a4,a4,a5
 347 009c 833704FE 		ld	a5,-32(s0)
 348 00a0 B107     		addi	a5,a5,12
 349 00a2 3E86     		mv	a2,a5
 350 00a4 8945     		li	a1,2
 351 00a6 3A85     		mv	a0,a4
 352 00a8 97000000 		call	encode_context_bitstring
 352      E7800000 
 353 00b0 AA87     		mv	a5,a0
 354 00b2 3E87     		mv	a4,a5
 135:../src/middleware/bacnet/src/getevent.c ****                 encode_context_bitstring(&apdu[apdu_len], 2,
 355              		.loc 1 135 22
 356 00b4 8327C4FE 		lw	a5,-20(s0)
 357 00b8 B99F     		addw	a5,a5,a4
 358 00ba 2326F4FE 		sw	a5,-20(s0)
 137:../src/middleware/bacnet/src/getevent.c ****                 &event_data->acknowledgedTransitions);
 138:../src/middleware/bacnet/src/getevent.c ****             /* Tag 3: eventTimeStamps */
 139:../src/middleware/bacnet/src/getevent.c ****             apdu_len += encode_opening_tag(&apdu[apdu_len], 3);
 359              		.loc 1 139 25
 360 00be 8327C4FE 		lw	a5,-20(s0)
 361 00c2 033784FC 		ld	a4,-56(s0)
 362 00c6 BA97     		add	a5,a4,a5
 363 00c8 8D45     		li	a1,3
 364 00ca 3E85     		mv	a0,a5
 365 00cc 97000000 		call	encode_opening_tag
 365      E7800000 
 366 00d4 AA87     		mv	a5,a0
 367 00d6 3E87     		mv	a4,a5
 368              		.loc 1 139 22
 369 00d8 8327C4FE 		lw	a5,-20(s0)
 370 00dc B99F     		addw	a5,a5,a4
 371 00de 2326F4FE 		sw	a5,-20(s0)
 140:../src/middleware/bacnet/src/getevent.c ****             for (i = 0; i < 3; i++) {
 372              		.loc 1 140 20
 373 00e2 232E04FC 		sw	zero,-36(s0)
 374              		.loc 1 140 13
 375 00e6 A1A0     		j	.L14
 376              	.L15:
 141:../src/middleware/bacnet/src/getevent.c ****                 apdu_len +=
 142:../src/middleware/bacnet/src/getevent.c ****                     bacapp_encode_timestamp(&apdu[apdu_len],
 377              		.loc 1 142 21 discriminator 3
 378 00e8 8327C4FE 		lw	a5,-20(s0)
 379 00ec 033784FC 		ld	a4,-56(s0)
 380 00f0 B306F700 		add	a3,a4,a5
 381 00f4 0367C4FD 		lwu	a4,-36(s0)
 382 00f8 BA87     		mv	a5,a4
 383 00fa 8607     		slli	a5,a5,1
 384 00fc BA97     		add	a5,a5,a4
 385 00fe 8A07     		slli	a5,a5,2
 386 0100 C107     		addi	a5,a5,16
 387 0102 033704FE 		ld	a4,-32(s0)
 388 0106 BA97     		add	a5,a4,a5
 389 0108 B107     		addi	a5,a5,12
 390 010a BE85     		mv	a1,a5
 391 010c 3685     		mv	a0,a3
 392 010e 97000000 		call	bacapp_encode_timestamp
 392      E7800000 
 393 0116 AA87     		mv	a5,a0
 394 0118 3E87     		mv	a4,a5
 141:../src/middleware/bacnet/src/getevent.c ****                 apdu_len +=
 395              		.loc 1 141 26 discriminator 3
 396 011a 8327C4FE 		lw	a5,-20(s0)
 397 011e B99F     		addw	a5,a5,a4
 398 0120 2326F4FE 		sw	a5,-20(s0)
 140:../src/middleware/bacnet/src/getevent.c ****             for (i = 0; i < 3; i++) {
 399              		.loc 1 140 33 discriminator 3
 400 0124 8327C4FD 		lw	a5,-36(s0)
 401 0128 8527     		addiw	a5,a5,1
 402 012a 232EF4FC 		sw	a5,-36(s0)
 403              	.L14:
 140:../src/middleware/bacnet/src/getevent.c ****             for (i = 0; i < 3; i++) {
 404              		.loc 1 140 13 discriminator 1
 405 012e 8327C4FD 		lw	a5,-36(s0)
 406 0132 1B870700 		sext.w	a4,a5
 407 0136 8947     		li	a5,2
 408 0138 E3F8E7FA 		bleu	a4,a5,.L15
 143:../src/middleware/bacnet/src/getevent.c ****                     &event_data->eventTimeStamps[i]);
 144:../src/middleware/bacnet/src/getevent.c ****             }
 145:../src/middleware/bacnet/src/getevent.c ****             apdu_len += encode_closing_tag(&apdu[apdu_len], 3);
 409              		.loc 1 145 25
 410 013c 8327C4FE 		lw	a5,-20(s0)
 411 0140 033784FC 		ld	a4,-56(s0)
 412 0144 BA97     		add	a5,a4,a5
 413 0146 8D45     		li	a1,3
 414 0148 3E85     		mv	a0,a5
 415 014a 97000000 		call	encode_closing_tag
 415      E7800000 
 416 0152 AA87     		mv	a5,a0
 417 0154 3E87     		mv	a4,a5
 418              		.loc 1 145 22
 419 0156 8327C4FE 		lw	a5,-20(s0)
 420 015a B99F     		addw	a5,a5,a4
 421 015c 2326F4FE 		sw	a5,-20(s0)
 146:../src/middleware/bacnet/src/getevent.c ****             /* Tag 4: notifyType */
 147:../src/middleware/bacnet/src/getevent.c ****             apdu_len +=
 148:../src/middleware/bacnet/src/getevent.c ****                 encode_context_enumerated(&apdu[apdu_len], 4,
 422              		.loc 1 148 17
 423 0160 8327C4FE 		lw	a5,-20(s0)
 424 0164 033784FC 		ld	a4,-56(s0)
 425 0168 3E97     		add	a4,a4,a5
 149:../src/middleware/bacnet/src/getevent.c ****                 event_data->notifyType);
 426              		.loc 1 149 27
 427 016a 833704FE 		ld	a5,-32(s0)
 428 016e BC43     		lw	a5,64(a5)
 148:../src/middleware/bacnet/src/getevent.c ****                 event_data->notifyType);
 429              		.loc 1 148 17
 430 0170 3E86     		mv	a2,a5
 431 0172 9145     		li	a1,4
 432 0174 3A85     		mv	a0,a4
 433 0176 97000000 		call	encode_context_enumerated
 433      E7800000 
 434 017e AA87     		mv	a5,a0
 435 0180 3E87     		mv	a4,a5
 147:../src/middleware/bacnet/src/getevent.c ****                 encode_context_enumerated(&apdu[apdu_len], 4,
 436              		.loc 1 147 22
 437 0182 8327C4FE 		lw	a5,-20(s0)
 438 0186 B99F     		addw	a5,a5,a4
 439 0188 2326F4FE 		sw	a5,-20(s0)
 150:../src/middleware/bacnet/src/getevent.c ****             /* Tag 5: eventEnable */
 151:../src/middleware/bacnet/src/getevent.c ****             apdu_len +=
 152:../src/middleware/bacnet/src/getevent.c ****                 encode_context_bitstring(&apdu[apdu_len], 5,
 440              		.loc 1 152 17
 441 018c 8327C4FE 		lw	a5,-20(s0)
 442 0190 033784FC 		ld	a4,-56(s0)
 443 0194 3E97     		add	a4,a4,a5
 444 0196 833704FE 		ld	a5,-32(s0)
 445 019a 93874704 		addi	a5,a5,68
 446 019e 3E86     		mv	a2,a5
 447 01a0 9545     		li	a1,5
 448 01a2 3A85     		mv	a0,a4
 449 01a4 97000000 		call	encode_context_bitstring
 449      E7800000 
 450 01ac AA87     		mv	a5,a0
 451 01ae 3E87     		mv	a4,a5
 151:../src/middleware/bacnet/src/getevent.c ****                 encode_context_bitstring(&apdu[apdu_len], 5,
 452              		.loc 1 151 22
 453 01b0 8327C4FE 		lw	a5,-20(s0)
 454 01b4 B99F     		addw	a5,a5,a4
 455 01b6 2326F4FE 		sw	a5,-20(s0)
 153:../src/middleware/bacnet/src/getevent.c ****                 &event_data->eventEnable);
 154:../src/middleware/bacnet/src/getevent.c ****             /* Tag 6: eventPriorities */
 155:../src/middleware/bacnet/src/getevent.c ****             apdu_len += encode_opening_tag(&apdu[apdu_len], 6);
 456              		.loc 1 155 25
 457 01ba 8327C4FE 		lw	a5,-20(s0)
 458 01be 033784FC 		ld	a4,-56(s0)
 459 01c2 BA97     		add	a5,a4,a5
 460 01c4 9945     		li	a1,6
 461 01c6 3E85     		mv	a0,a5
 462 01c8 97000000 		call	encode_opening_tag
 462      E7800000 
 463 01d0 AA87     		mv	a5,a0
 464 01d2 3E87     		mv	a4,a5
 465              		.loc 1 155 22
 466 01d4 8327C4FE 		lw	a5,-20(s0)
 467 01d8 B99F     		addw	a5,a5,a4
 468 01da 2326F4FE 		sw	a5,-20(s0)
 156:../src/middleware/bacnet/src/getevent.c ****             for (i = 0; i < 3; i++) {
 469              		.loc 1 156 20
 470 01de 232E04FC 		sw	zero,-36(s0)
 471              		.loc 1 156 13
 472 01e2 89A0     		j	.L16
 473              	.L17:
 157:../src/middleware/bacnet/src/getevent.c ****                 apdu_len +=
 158:../src/middleware/bacnet/src/getevent.c ****                     encode_application_unsigned(&apdu[apdu_len],
 474              		.loc 1 158 21 discriminator 3
 475 01e4 8327C4FE 		lw	a5,-20(s0)
 476 01e8 033784FC 		ld	a4,-56(s0)
 477 01ec B306F700 		add	a3,a4,a5
 478 01f0 033704FE 		ld	a4,-32(s0)
 479 01f4 8367C4FD 		lwu	a5,-36(s0)
 480 01f8 D107     		addi	a5,a5,20
 481 01fa 8A07     		slli	a5,a5,2
 482 01fc BA97     		add	a5,a4,a5
 483 01fe DC43     		lw	a5,4(a5)
 484 0200 BE85     		mv	a1,a5
 485 0202 3685     		mv	a0,a3
 486 0204 97000000 		call	encode_application_unsigned
 486      E7800000 
 487 020c AA87     		mv	a5,a0
 488 020e 3E87     		mv	a4,a5
 157:../src/middleware/bacnet/src/getevent.c ****                 apdu_len +=
 489              		.loc 1 157 26 discriminator 3
 490 0210 8327C4FE 		lw	a5,-20(s0)
 491 0214 B99F     		addw	a5,a5,a4
 492 0216 2326F4FE 		sw	a5,-20(s0)
 156:../src/middleware/bacnet/src/getevent.c ****             for (i = 0; i < 3; i++) {
 493              		.loc 1 156 33 discriminator 3
 494 021a 8327C4FD 		lw	a5,-36(s0)
 495 021e 8527     		addiw	a5,a5,1
 496 0220 232EF4FC 		sw	a5,-36(s0)
 497              	.L16:
 156:../src/middleware/bacnet/src/getevent.c ****             for (i = 0; i < 3; i++) {
 498              		.loc 1 156 13 discriminator 1
 499 0224 8327C4FD 		lw	a5,-36(s0)
 500 0228 1B870700 		sext.w	a4,a5
 501 022c 8947     		li	a5,2
 502 022e E3FBE7FA 		bleu	a4,a5,.L17
 159:../src/middleware/bacnet/src/getevent.c ****                     event_data->eventPriorities[i]);
 160:../src/middleware/bacnet/src/getevent.c ****             }
 161:../src/middleware/bacnet/src/getevent.c ****             apdu_len += encode_closing_tag(&apdu[apdu_len], 6);
 503              		.loc 1 161 25
 504 0232 8327C4FE 		lw	a5,-20(s0)
 505 0236 033784FC 		ld	a4,-56(s0)
 506 023a BA97     		add	a5,a4,a5
 507 023c 9945     		li	a1,6
 508 023e 3E85     		mv	a0,a5
 509 0240 97000000 		call	encode_closing_tag
 509      E7800000 
 510 0248 AA87     		mv	a5,a0
 511 024a 3E87     		mv	a4,a5
 512              		.loc 1 161 22
 513 024c 8327C4FE 		lw	a5,-20(s0)
 514 0250 B99F     		addw	a5,a5,a4
 515 0252 2326F4FE 		sw	a5,-20(s0)
 162:../src/middleware/bacnet/src/getevent.c ****             event_data = event_data->next;
 516              		.loc 1 162 24
 517 0256 833704FE 		ld	a5,-32(s0)
 518 025a BC73     		ld	a5,96(a5)
 519 025c 2330F4FE 		sd	a5,-32(s0)
 520              	.L13:
 124:../src/middleware/bacnet/src/getevent.c ****             /* Tag 0: objectIdentifier */
 521              		.loc 1 124 15
 522 0260 833704FE 		ld	a5,-32(s0)
 523 0264 E39507DC 		bne	a5,zero,.L18
 524              	.L12:
 163:../src/middleware/bacnet/src/getevent.c ****         }
 164:../src/middleware/bacnet/src/getevent.c ****     }
 165:../src/middleware/bacnet/src/getevent.c **** 
 166:../src/middleware/bacnet/src/getevent.c ****     return apdu_len;
 525              		.loc 1 166 12
 526 0268 8327C4FE 		lw	a5,-20(s0)
 167:../src/middleware/bacnet/src/getevent.c **** }
 527              		.loc 1 167 1
 528 026c 3E85     		mv	a0,a5
 529 026e A660     		ld	ra,72(sp)
 530              		.cfi_restore 1
 531 0270 0664     		ld	s0,64(sp)
 532              		.cfi_restore 8
 533              		.cfi_def_cfa 2, 80
 534 0272 6161     		addi	sp,sp,80
 535              		.cfi_def_cfa_offset 0
 536 0274 8280     		jr	ra
 537              		.cfi_endproc
 538              	.LFE6:
 540              		.section	.text.getevent_ack_encode_apdu_end,"ax",@progbits
 541              		.align	1
 542              		.globl	getevent_ack_encode_apdu_end
 544              	getevent_ack_encode_apdu_end:
 545              	.LFB7:
 168:../src/middleware/bacnet/src/getevent.c **** 
 169:../src/middleware/bacnet/src/getevent.c **** int getevent_ack_encode_apdu_end(
 170:../src/middleware/bacnet/src/getevent.c ****     uint8_t * apdu,
 171:../src/middleware/bacnet/src/getevent.c ****     size_t max_apdu,
 172:../src/middleware/bacnet/src/getevent.c ****     bool moreEvents)
 173:../src/middleware/bacnet/src/getevent.c **** {
 546              		.loc 1 173 1
 547              		.cfi_startproc
 548 0000 3971     		addi	sp,sp,-64
 549              		.cfi_def_cfa_offset 64
 550 0002 06FC     		sd	ra,56(sp)
 551 0004 22F8     		sd	s0,48(sp)
 552              		.cfi_offset 1, -8
 553              		.cfi_offset 8, -16
 554 0006 8000     		addi	s0,sp,64
 555              		.cfi_def_cfa 8, 0
 556 0008 233CA4FC 		sd	a0,-40(s0)
 557 000c 2338B4FC 		sd	a1,-48(s0)
 558 0010 B287     		mv	a5,a2
 559 0012 A307F4FC 		sb	a5,-49(s0)
 174:../src/middleware/bacnet/src/getevent.c ****     int apdu_len = 0;   /* total length of the apdu, return value */
 560              		.loc 1 174 9
 561 0016 232604FE 		sw	zero,-20(s0)
 175:../src/middleware/bacnet/src/getevent.c **** 
 176:../src/middleware/bacnet/src/getevent.c ****     /* unused parameter */
 177:../src/middleware/bacnet/src/getevent.c ****     max_apdu = max_apdu;
 178:../src/middleware/bacnet/src/getevent.c ****     if (apdu) {
 562              		.loc 1 178 8
 563 001a 833784FD 		ld	a5,-40(s0)
 564 001e A1CB     		beq	a5,zero,.L21
 179:../src/middleware/bacnet/src/getevent.c ****         apdu_len += encode_closing_tag(&apdu[apdu_len], 0);
 565              		.loc 1 179 21
 566 0020 8327C4FE 		lw	a5,-20(s0)
 567 0024 033784FD 		ld	a4,-40(s0)
 568 0028 BA97     		add	a5,a4,a5
 569 002a 8145     		li	a1,0
 570 002c 3E85     		mv	a0,a5
 571 002e 97000000 		call	encode_closing_tag
 571      E7800000 
 572 0036 AA87     		mv	a5,a0
 573 0038 3E87     		mv	a4,a5
 574              		.loc 1 179 18
 575 003a 8327C4FE 		lw	a5,-20(s0)
 576 003e B99F     		addw	a5,a5,a4
 577 0040 2326F4FE 		sw	a5,-20(s0)
 180:../src/middleware/bacnet/src/getevent.c ****         apdu_len += encode_context_boolean(&apdu[apdu_len], 1, moreEvents);
 578              		.loc 1 180 21
 579 0044 8327C4FE 		lw	a5,-20(s0)
 580 0048 033784FD 		ld	a4,-40(s0)
 581 004c BA97     		add	a5,a4,a5
 582 004e 0347F4FC 		lbu	a4,-49(s0)
 583 0052 3A86     		mv	a2,a4
 584 0054 8545     		li	a1,1
 585 0056 3E85     		mv	a0,a5
 586 0058 97000000 		call	encode_context_boolean
 586      E7800000 
 587 0060 AA87     		mv	a5,a0
 588 0062 3E87     		mv	a4,a5
 589              		.loc 1 180 18
 590 0064 8327C4FE 		lw	a5,-20(s0)
 591 0068 B99F     		addw	a5,a5,a4
 592 006a 2326F4FE 		sw	a5,-20(s0)
 593              	.L21:
 181:../src/middleware/bacnet/src/getevent.c ****     }
 182:../src/middleware/bacnet/src/getevent.c **** 
 183:../src/middleware/bacnet/src/getevent.c ****     return apdu_len;
 594              		.loc 1 183 12
 595 006e 8327C4FE 		lw	a5,-20(s0)
 184:../src/middleware/bacnet/src/getevent.c **** }
 596              		.loc 1 184 1
 597 0072 3E85     		mv	a0,a5
 598 0074 E270     		ld	ra,56(sp)
 599              		.cfi_restore 1
 600 0076 4274     		ld	s0,48(sp)
 601              		.cfi_restore 8
 602              		.cfi_def_cfa 2, 64
 603 0078 2161     		addi	sp,sp,64
 604              		.cfi_def_cfa_offset 0
 605 007a 8280     		jr	ra
 606              		.cfi_endproc
 607              	.LFE7:
 609              		.section	.text.getevent_ack_decode_service_request,"ax",@progbits
 610              		.align	1
 611              		.globl	getevent_ack_decode_service_request
 613              	getevent_ack_decode_service_request:
 614              	.LFB8:
 185:../src/middleware/bacnet/src/getevent.c **** 
 186:../src/middleware/bacnet/src/getevent.c **** int getevent_ack_decode_service_request(
 187:../src/middleware/bacnet/src/getevent.c ****     uint8_t * apdu,
 188:../src/middleware/bacnet/src/getevent.c ****     int apdu_len,       /* total length of the apdu */
 189:../src/middleware/bacnet/src/getevent.c ****     BACNET_GET_EVENT_INFORMATION_DATA * get_event_data,
 190:../src/middleware/bacnet/src/getevent.c ****     bool * moreEvents)
 191:../src/middleware/bacnet/src/getevent.c **** {
 615              		.loc 1 191 1
 616              		.cfi_startproc
 617 0000 5D71     		addi	sp,sp,-80
 618              		.cfi_def_cfa_offset 80
 619 0002 86E4     		sd	ra,72(sp)
 620 0004 A2E0     		sd	s0,64(sp)
 621              		.cfi_offset 1, -8
 622              		.cfi_offset 8, -16
 623 0006 8008     		addi	s0,sp,80
 624              		.cfi_def_cfa 8, 0
 625 0008 2334A4FC 		sd	a0,-56(s0)
 626 000c AE87     		mv	a5,a1
 627 000e 233CC4FA 		sd	a2,-72(s0)
 628 0012 2338D4FA 		sd	a3,-80(s0)
 629 0016 2322F4FC 		sw	a5,-60(s0)
 192:../src/middleware/bacnet/src/getevent.c ****     uint8_t tag_number = 0;
 630              		.loc 1 192 13
 631 001a A30D04FC 		sb	zero,-37(s0)
 193:../src/middleware/bacnet/src/getevent.c ****     uint32_t len_value = 0;
 632              		.loc 1 193 14
 633 001e 232A04FC 		sw	zero,-44(s0)
 194:../src/middleware/bacnet/src/getevent.c ****     int len = 0;        /* total length of decodes */
 634              		.loc 1 194 9
 635 0022 232604FE 		sw	zero,-20(s0)
 195:../src/middleware/bacnet/src/getevent.c ****     uint32_t enum_value = 0;    /* for decoding */
 636              		.loc 1 195 14
 637 0026 232804FC 		sw	zero,-48(s0)
 196:../src/middleware/bacnet/src/getevent.c ****     BACNET_GET_EVENT_INFORMATION_DATA *event_data;
 197:../src/middleware/bacnet/src/getevent.c ****     unsigned i = 0;     /* counter */
 638              		.loc 1 197 14
 639 002a 232E04FC 		sw	zero,-36(s0)
 198:../src/middleware/bacnet/src/getevent.c **** 
 199:../src/middleware/bacnet/src/getevent.c ****     /* FIXME: check apdu_len against the len during decode   */
 200:../src/middleware/bacnet/src/getevent.c ****     event_data = get_event_data;
 640              		.loc 1 200 16
 641 002e 833784FB 		ld	a5,-72(s0)
 642 0032 2330F4FE 		sd	a5,-32(s0)
 201:../src/middleware/bacnet/src/getevent.c ****     if (apdu && apdu_len && event_data && moreEvents) {
 643              		.loc 1 201 8
 644 0036 833784FC 		ld	a5,-56(s0)
 645 003a 6380075E 		beq	a5,zero,.L24
 646              		.loc 1 201 14 discriminator 1
 647 003e 832744FC 		lw	a5,-60(s0)
 648 0042 8127     		sext.w	a5,a5
 649 0044 638B075C 		beq	a5,zero,.L24
 650              		.loc 1 201 26 discriminator 2
 651 0048 833704FE 		ld	a5,-32(s0)
 652 004c 6387075C 		beq	a5,zero,.L24
 653              		.loc 1 201 40 discriminator 3
 654 0050 833704FB 		ld	a5,-80(s0)
 655 0054 6383075C 		beq	a5,zero,.L24
 202:../src/middleware/bacnet/src/getevent.c ****         if (!decode_is_opening_tag_number(&apdu[len], 0)) {
 656              		.loc 1 202 14
 657 0058 8327C4FE 		lw	a5,-20(s0)
 658 005c 033784FC 		ld	a4,-56(s0)
 659 0060 BA97     		add	a5,a4,a5
 660 0062 8145     		li	a1,0
 661 0064 3E85     		mv	a0,a5
 662 0066 97000000 		call	decode_is_opening_tag_number
 662      E7800000 
 663 006e AA87     		mv	a5,a0
 664              		.loc 1 202 13
 665 0070 93C71700 		xori	a5,a5,1
 666 0074 93F7F70F 		andi	a5,a5,0xff
 667              		.loc 1 202 12
 668 0078 99C3     		beq	a5,zero,.L25
 203:../src/middleware/bacnet/src/getevent.c ****             return -1;
 669              		.loc 1 203 20
 670 007a FD57     		li	a5,-1
 671 007c 4DA3     		j	.L55
 672              	.L25:
 204:../src/middleware/bacnet/src/getevent.c ****         }
 205:../src/middleware/bacnet/src/getevent.c ****         len++;
 673              		.loc 1 205 12
 674 007e 8327C4FE 		lw	a5,-20(s0)
 675 0082 8527     		addiw	a5,a5,1
 676 0084 2326F4FE 		sw	a5,-20(s0)
 206:../src/middleware/bacnet/src/getevent.c ****         while (event_data) {
 677              		.loc 1 206 15
 678 0088 F5A9     		j	.L27
 679              	.L51:
 207:../src/middleware/bacnet/src/getevent.c ****             /* Tag 0: objectIdentifier */
 208:../src/middleware/bacnet/src/getevent.c ****             if (decode_is_context_tag(&apdu[len], 0)) {
 680              		.loc 1 208 17
 681 008a 8327C4FE 		lw	a5,-20(s0)
 682 008e 033784FC 		ld	a4,-56(s0)
 683 0092 BA97     		add	a5,a4,a5
 684 0094 8145     		li	a1,0
 685 0096 3E85     		mv	a0,a5
 686 0098 97000000 		call	decode_is_context_tag
 686      E7800000 
 687 00a0 AA87     		mv	a5,a0
 688              		.loc 1 208 16
 689 00a2 B5CF     		beq	a5,zero,.L28
 209:../src/middleware/bacnet/src/getevent.c ****                 len +=
 210:../src/middleware/bacnet/src/getevent.c ****                     decode_tag_number_and_value(&apdu[len], &tag_number,
 690              		.loc 1 210 21
 691 00a4 8327C4FE 		lw	a5,-20(s0)
 692 00a8 033784FC 		ld	a4,-56(s0)
 693 00ac BA97     		add	a5,a4,a5
 694 00ae 930644FD 		addi	a3,s0,-44
 695 00b2 1307B4FD 		addi	a4,s0,-37
 696 00b6 3686     		mv	a2,a3
 697 00b8 BA85     		mv	a1,a4
 698 00ba 3E85     		mv	a0,a5
 699 00bc 97000000 		call	decode_tag_number_and_value
 699      E7800000 
 700 00c4 AA87     		mv	a5,a0
 701 00c6 3E87     		mv	a4,a5
 209:../src/middleware/bacnet/src/getevent.c ****                 len +=
 702              		.loc 1 209 21
 703 00c8 8327C4FE 		lw	a5,-20(s0)
 704 00cc B99F     		addw	a5,a5,a4
 705 00ce 2326F4FE 		sw	a5,-20(s0)
 211:../src/middleware/bacnet/src/getevent.c ****                     &len_value);
 212:../src/middleware/bacnet/src/getevent.c ****                 len +=
 213:../src/middleware/bacnet/src/getevent.c ****                     decode_object_id(&apdu[len],
 706              		.loc 1 213 21
 707 00d2 8327C4FE 		lw	a5,-20(s0)
 708 00d6 033784FC 		ld	a4,-56(s0)
 709 00da 3E97     		add	a4,a4,a5
 710 00dc 833604FE 		ld	a3,-32(s0)
 711 00e0 833704FE 		ld	a5,-32(s0)
 712 00e4 9107     		addi	a5,a5,4
 713 00e6 3E86     		mv	a2,a5
 714 00e8 B685     		mv	a1,a3
 715 00ea 3A85     		mv	a0,a4
 716 00ec 97000000 		call	decode_object_id
 716      E7800000 
 717 00f4 AA87     		mv	a5,a0
 718 00f6 3E87     		mv	a4,a5
 212:../src/middleware/bacnet/src/getevent.c ****                     decode_object_id(&apdu[len],
 719              		.loc 1 212 21
 720 00f8 8327C4FE 		lw	a5,-20(s0)
 721 00fc B99F     		addw	a5,a5,a4
 722 00fe 2326F4FE 		sw	a5,-20(s0)
 214:../src/middleware/bacnet/src/getevent.c ****                     &event_data->objectIdentifier.type,
 215:../src/middleware/bacnet/src/getevent.c ****                     &event_data->objectIdentifier.instance);
 216:../src/middleware/bacnet/src/getevent.c ****             } else {
 217:../src/middleware/bacnet/src/getevent.c ****                 return -1;
 218:../src/middleware/bacnet/src/getevent.c ****             }
 219:../src/middleware/bacnet/src/getevent.c ****             /* Tag 1: eventState */
 220:../src/middleware/bacnet/src/getevent.c ****             if (decode_is_context_tag(&apdu[len], 1)) {
 723              		.loc 1 220 17
 724 0102 8327C4FE 		lw	a5,-20(s0)
 725 0106 033784FC 		ld	a4,-56(s0)
 726 010a BA97     		add	a5,a4,a5
 727 010c 8545     		li	a1,1
 728 010e 3E85     		mv	a0,a5
 729 0110 97000000 		call	decode_is_context_tag
 729      E7800000 
 730 0118 AA87     		mv	a5,a0
 731              		.loc 1 220 16
 732 011a C9C7     		beq	a5,zero,.L30
 733 011c 19A0     		j	.L56
 734              	.L28:
 217:../src/middleware/bacnet/src/getevent.c ****             }
 735              		.loc 1 217 24
 736 011e FD57     		li	a5,-1
 737 0120 FDA9     		j	.L55
 738              	.L56:
 221:../src/middleware/bacnet/src/getevent.c ****                 len +=
 222:../src/middleware/bacnet/src/getevent.c ****                     decode_tag_number_and_value(&apdu[len], &tag_number,
 739              		.loc 1 222 21
 740 0122 8327C4FE 		lw	a5,-20(s0)
 741 0126 033784FC 		ld	a4,-56(s0)
 742 012a BA97     		add	a5,a4,a5
 743 012c 930644FD 		addi	a3,s0,-44
 744 0130 1307B4FD 		addi	a4,s0,-37
 745 0134 3686     		mv	a2,a3
 746 0136 BA85     		mv	a1,a4
 747 0138 3E85     		mv	a0,a5
 748 013a 97000000 		call	decode_tag_number_and_value
 748      E7800000 
 749 0142 AA87     		mv	a5,a0
 750 0144 3E87     		mv	a4,a5
 221:../src/middleware/bacnet/src/getevent.c ****                 len +=
 751              		.loc 1 221 21
 752 0146 8327C4FE 		lw	a5,-20(s0)
 753 014a B99F     		addw	a5,a5,a4
 754 014c 2326F4FE 		sw	a5,-20(s0)
 223:../src/middleware/bacnet/src/getevent.c ****                     &len_value);
 224:../src/middleware/bacnet/src/getevent.c ****                 len += decode_enumerated(&apdu[len], len_value, &enum_value);
 755              		.loc 1 224 24
 756 0150 8327C4FE 		lw	a5,-20(s0)
 757 0154 033784FC 		ld	a4,-56(s0)
 758 0158 BA97     		add	a5,a4,a5
 759 015a 032744FD 		lw	a4,-44(s0)
 760 015e 930604FD 		addi	a3,s0,-48
 761 0162 3686     		mv	a2,a3
 762 0164 BA85     		mv	a1,a4
 763 0166 3E85     		mv	a0,a5
 764 0168 97000000 		call	decode_enumerated
 764      E7800000 
 765 0170 AA87     		mv	a5,a0
 766 0172 3E87     		mv	a4,a5
 767              		.loc 1 224 21
 768 0174 8327C4FE 		lw	a5,-20(s0)
 769 0178 B99F     		addw	a5,a5,a4
 770 017a 2326F4FE 		sw	a5,-20(s0)
 225:../src/middleware/bacnet/src/getevent.c ****                 event_data->eventState = enum_value;
 771              		.loc 1 225 40
 772 017e 032704FD 		lw	a4,-48(s0)
 773 0182 833704FE 		ld	a5,-32(s0)
 774 0186 98C7     		sw	a4,8(a5)
 226:../src/middleware/bacnet/src/getevent.c ****             } else {
 227:../src/middleware/bacnet/src/getevent.c ****                 return -1;
 228:../src/middleware/bacnet/src/getevent.c ****             }
 229:../src/middleware/bacnet/src/getevent.c ****             /* Tag 2: acknowledgedTransitions */
 230:../src/middleware/bacnet/src/getevent.c ****             if (decode_is_context_tag(&apdu[len], 2)) {
 775              		.loc 1 230 17
 776 0188 8327C4FE 		lw	a5,-20(s0)
 777 018c 033784FC 		ld	a4,-56(s0)
 778 0190 BA97     		add	a5,a4,a5
 779 0192 8945     		li	a1,2
 780 0194 3E85     		mv	a0,a5
 781 0196 97000000 		call	decode_is_context_tag
 781      E7800000 
 782 019e AA87     		mv	a5,a0
 783              		.loc 1 230 16
 784 01a0 C9C3     		beq	a5,zero,.L32
 785 01a2 19A0     		j	.L57
 786              	.L30:
 227:../src/middleware/bacnet/src/getevent.c ****             }
 787              		.loc 1 227 24
 788 01a4 FD57     		li	a5,-1
 789 01a6 A5A9     		j	.L55
 790              	.L57:
 231:../src/middleware/bacnet/src/getevent.c ****                 len +=
 232:../src/middleware/bacnet/src/getevent.c ****                     decode_tag_number_and_value(&apdu[len], &tag_number,
 791              		.loc 1 232 21
 792 01a8 8327C4FE 		lw	a5,-20(s0)
 793 01ac 033784FC 		ld	a4,-56(s0)
 794 01b0 BA97     		add	a5,a4,a5
 795 01b2 930644FD 		addi	a3,s0,-44
 796 01b6 1307B4FD 		addi	a4,s0,-37
 797 01ba 3686     		mv	a2,a3
 798 01bc BA85     		mv	a1,a4
 799 01be 3E85     		mv	a0,a5
 800 01c0 97000000 		call	decode_tag_number_and_value
 800      E7800000 
 801 01c8 AA87     		mv	a5,a0
 802 01ca 3E87     		mv	a4,a5
 231:../src/middleware/bacnet/src/getevent.c ****                 len +=
 803              		.loc 1 231 21
 804 01cc 8327C4FE 		lw	a5,-20(s0)
 805 01d0 B99F     		addw	a5,a5,a4
 806 01d2 2326F4FE 		sw	a5,-20(s0)
 233:../src/middleware/bacnet/src/getevent.c ****                     &len_value);
 234:../src/middleware/bacnet/src/getevent.c ****                 len +=
 235:../src/middleware/bacnet/src/getevent.c ****                     decode_bitstring(&apdu[len], len_value,
 807              		.loc 1 235 21
 808 01d6 8327C4FE 		lw	a5,-20(s0)
 809 01da 033784FC 		ld	a4,-56(s0)
 810 01de 3E97     		add	a4,a4,a5
 811 01e0 832644FD 		lw	a3,-44(s0)
 812 01e4 833704FE 		ld	a5,-32(s0)
 813 01e8 B107     		addi	a5,a5,12
 814 01ea 3E86     		mv	a2,a5
 815 01ec B685     		mv	a1,a3
 816 01ee 3A85     		mv	a0,a4
 817 01f0 97000000 		call	decode_bitstring
 817      E7800000 
 818 01f8 AA87     		mv	a5,a0
 819 01fa 3E87     		mv	a4,a5
 234:../src/middleware/bacnet/src/getevent.c ****                     decode_bitstring(&apdu[len], len_value,
 820              		.loc 1 234 21
 821 01fc 8327C4FE 		lw	a5,-20(s0)
 822 0200 B99F     		addw	a5,a5,a4
 823 0202 2326F4FE 		sw	a5,-20(s0)
 236:../src/middleware/bacnet/src/getevent.c ****                     &event_data->acknowledgedTransitions);
 237:../src/middleware/bacnet/src/getevent.c ****             } else {
 238:../src/middleware/bacnet/src/getevent.c ****                 return -1;
 239:../src/middleware/bacnet/src/getevent.c ****             }
 240:../src/middleware/bacnet/src/getevent.c ****             /* Tag 3: eventTimeStamps */
 241:../src/middleware/bacnet/src/getevent.c ****             if (decode_is_opening_tag_number(&apdu[len], 3)) {
 824              		.loc 1 241 17
 825 0206 8327C4FE 		lw	a5,-20(s0)
 826 020a 033784FC 		ld	a4,-56(s0)
 827 020e BA97     		add	a5,a4,a5
 828 0210 8D45     		li	a1,3
 829 0212 3E85     		mv	a0,a5
 830 0214 97000000 		call	decode_is_opening_tag_number
 830      E7800000 
 831 021c AA87     		mv	a5,a0
 832              		.loc 1 241 16
 833 021e C9CB     		beq	a5,zero,.L34
 834 0220 19A0     		j	.L58
 835              	.L32:
 238:../src/middleware/bacnet/src/getevent.c ****             }
 836              		.loc 1 238 24
 837 0222 FD57     		li	a5,-1
 838 0224 EDAE     		j	.L55
 839              	.L58:
 242:../src/middleware/bacnet/src/getevent.c ****                 len +=
 243:../src/middleware/bacnet/src/getevent.c ****                     decode_tag_number_and_value(&apdu[len], &tag_number,
 840              		.loc 1 243 21
 841 0226 8327C4FE 		lw	a5,-20(s0)
 842 022a 033784FC 		ld	a4,-56(s0)
 843 022e BA97     		add	a5,a4,a5
 844 0230 930644FD 		addi	a3,s0,-44
 845 0234 1307B4FD 		addi	a4,s0,-37
 846 0238 3686     		mv	a2,a3
 847 023a BA85     		mv	a1,a4
 848 023c 3E85     		mv	a0,a5
 849 023e 97000000 		call	decode_tag_number_and_value
 849      E7800000 
 850 0246 AA87     		mv	a5,a0
 851 0248 3E87     		mv	a4,a5
 242:../src/middleware/bacnet/src/getevent.c ****                 len +=
 852              		.loc 1 242 21
 853 024a 8327C4FE 		lw	a5,-20(s0)
 854 024e B99F     		addw	a5,a5,a4
 855 0250 2326F4FE 		sw	a5,-20(s0)
 244:../src/middleware/bacnet/src/getevent.c ****                     &len_value);
 245:../src/middleware/bacnet/src/getevent.c ****                 for (i = 0; i < 3; i++) {
 856              		.loc 1 245 24
 857 0254 232E04FC 		sw	zero,-36(s0)
 858              		.loc 1 245 17
 859 0258 A1A0     		j	.L35
 860              	.L36:
 246:../src/middleware/bacnet/src/getevent.c ****                     len +=
 247:../src/middleware/bacnet/src/getevent.c ****                         bacapp_decode_timestamp(&apdu[len],
 861              		.loc 1 247 25 discriminator 3
 862 025a 8327C4FE 		lw	a5,-20(s0)
 863 025e 033784FC 		ld	a4,-56(s0)
 864 0262 B306F700 		add	a3,a4,a5
 865 0266 0367C4FD 		lwu	a4,-36(s0)
 866 026a BA87     		mv	a5,a4
 867 026c 8607     		slli	a5,a5,1
 868 026e BA97     		add	a5,a5,a4
 869 0270 8A07     		slli	a5,a5,2
 870 0272 C107     		addi	a5,a5,16
 871 0274 033704FE 		ld	a4,-32(s0)
 872 0278 BA97     		add	a5,a4,a5
 873 027a B107     		addi	a5,a5,12
 874 027c BE85     		mv	a1,a5
 875 027e 3685     		mv	a0,a3
 876 0280 97000000 		call	bacapp_decode_timestamp
 876      E7800000 
 877 0288 AA87     		mv	a5,a0
 878 028a 3E87     		mv	a4,a5
 246:../src/middleware/bacnet/src/getevent.c ****                     len +=
 879              		.loc 1 246 25 discriminator 3
 880 028c 8327C4FE 		lw	a5,-20(s0)
 881 0290 B99F     		addw	a5,a5,a4
 882 0292 2326F4FE 		sw	a5,-20(s0)
 245:../src/middleware/bacnet/src/getevent.c ****                     len +=
 883              		.loc 1 245 37 discriminator 3
 884 0296 8327C4FD 		lw	a5,-36(s0)
 885 029a 8527     		addiw	a5,a5,1
 886 029c 232EF4FC 		sw	a5,-36(s0)
 887              	.L35:
 245:../src/middleware/bacnet/src/getevent.c ****                     len +=
 888              		.loc 1 245 17 discriminator 1
 889 02a0 8327C4FD 		lw	a5,-36(s0)
 890 02a4 1B870700 		sext.w	a4,a5
 891 02a8 8947     		li	a5,2
 892 02aa E3F8E7FA 		bleu	a4,a5,.L36
 893 02ae 19A0     		j	.L59
 894              	.L34:
 248:../src/middleware/bacnet/src/getevent.c ****                         &event_data->eventTimeStamps[i]);
 249:../src/middleware/bacnet/src/getevent.c ****                 }
 250:../src/middleware/bacnet/src/getevent.c ****             } else {
 251:../src/middleware/bacnet/src/getevent.c ****                 return -1;
 895              		.loc 1 251 24
 896 02b0 FD57     		li	a5,-1
 897 02b2 B5A6     		j	.L55
 898              	.L59:
 252:../src/middleware/bacnet/src/getevent.c ****             }
 253:../src/middleware/bacnet/src/getevent.c ****             if (decode_is_closing_tag_number(&apdu[len], 3)) {
 899              		.loc 1 253 17
 900 02b4 8327C4FE 		lw	a5,-20(s0)
 901 02b8 033784FC 		ld	a4,-56(s0)
 902 02bc BA97     		add	a5,a4,a5
 903 02be 8D45     		li	a1,3
 904 02c0 3E85     		mv	a0,a5
 905 02c2 97000000 		call	decode_is_closing_tag_number
 905      E7800000 
 906 02ca AA87     		mv	a5,a0
 907              		.loc 1 253 16
 908 02cc B1C7     		beq	a5,zero,.L38
 254:../src/middleware/bacnet/src/getevent.c ****                 len +=
 255:../src/middleware/bacnet/src/getevent.c ****                     decode_tag_number_and_value(&apdu[len], &tag_number,
 909              		.loc 1 255 21
 910 02ce 8327C4FE 		lw	a5,-20(s0)
 911 02d2 033784FC 		ld	a4,-56(s0)
 912 02d6 BA97     		add	a5,a4,a5
 913 02d8 930644FD 		addi	a3,s0,-44
 914 02dc 1307B4FD 		addi	a4,s0,-37
 915 02e0 3686     		mv	a2,a3
 916 02e2 BA85     		mv	a1,a4
 917 02e4 3E85     		mv	a0,a5
 918 02e6 97000000 		call	decode_tag_number_and_value
 918      E7800000 
 919 02ee AA87     		mv	a5,a0
 920 02f0 3E87     		mv	a4,a5
 254:../src/middleware/bacnet/src/getevent.c ****                 len +=
 921              		.loc 1 254 21
 922 02f2 8327C4FE 		lw	a5,-20(s0)
 923 02f6 B99F     		addw	a5,a5,a4
 924 02f8 2326F4FE 		sw	a5,-20(s0)
 256:../src/middleware/bacnet/src/getevent.c ****                     &len_value);
 257:../src/middleware/bacnet/src/getevent.c ****             } else {
 258:../src/middleware/bacnet/src/getevent.c ****                 return -1;
 259:../src/middleware/bacnet/src/getevent.c ****             }
 260:../src/middleware/bacnet/src/getevent.c ****             /* Tag 4: notifyType */
 261:../src/middleware/bacnet/src/getevent.c ****             if (decode_is_context_tag(&apdu[len], 4)) {
 925              		.loc 1 261 17
 926 02fc 8327C4FE 		lw	a5,-20(s0)
 927 0300 033784FC 		ld	a4,-56(s0)
 928 0304 BA97     		add	a5,a4,a5
 929 0306 9145     		li	a1,4
 930 0308 3E85     		mv	a0,a5
 931 030a 97000000 		call	decode_is_context_tag
 931      E7800000 
 932 0312 AA87     		mv	a5,a0
 933              		.loc 1 261 16
 934 0314 C9C7     		beq	a5,zero,.L40
 935 0316 19A0     		j	.L60
 936              	.L38:
 258:../src/middleware/bacnet/src/getevent.c ****             }
 937              		.loc 1 258 24
 938 0318 FD57     		li	a5,-1
 939 031a 11A6     		j	.L55
 940              	.L60:
 262:../src/middleware/bacnet/src/getevent.c ****                 len +=
 263:../src/middleware/bacnet/src/getevent.c ****                     decode_tag_number_and_value(&apdu[len], &tag_number,
 941              		.loc 1 263 21
 942 031c 8327C4FE 		lw	a5,-20(s0)
 943 0320 033784FC 		ld	a4,-56(s0)
 944 0324 BA97     		add	a5,a4,a5
 945 0326 930644FD 		addi	a3,s0,-44
 946 032a 1307B4FD 		addi	a4,s0,-37
 947 032e 3686     		mv	a2,a3
 948 0330 BA85     		mv	a1,a4
 949 0332 3E85     		mv	a0,a5
 950 0334 97000000 		call	decode_tag_number_and_value
 950      E7800000 
 951 033c AA87     		mv	a5,a0
 952 033e 3E87     		mv	a4,a5
 262:../src/middleware/bacnet/src/getevent.c ****                 len +=
 953              		.loc 1 262 21
 954 0340 8327C4FE 		lw	a5,-20(s0)
 955 0344 B99F     		addw	a5,a5,a4
 956 0346 2326F4FE 		sw	a5,-20(s0)
 264:../src/middleware/bacnet/src/getevent.c ****                     &len_value);
 265:../src/middleware/bacnet/src/getevent.c ****                 len += decode_enumerated(&apdu[len], len_value, &enum_value);
 957              		.loc 1 265 24
 958 034a 8327C4FE 		lw	a5,-20(s0)
 959 034e 033784FC 		ld	a4,-56(s0)
 960 0352 BA97     		add	a5,a4,a5
 961 0354 032744FD 		lw	a4,-44(s0)
 962 0358 930604FD 		addi	a3,s0,-48
 963 035c 3686     		mv	a2,a3
 964 035e BA85     		mv	a1,a4
 965 0360 3E85     		mv	a0,a5
 966 0362 97000000 		call	decode_enumerated
 966      E7800000 
 967 036a AA87     		mv	a5,a0
 968 036c 3E87     		mv	a4,a5
 969              		.loc 1 265 21
 970 036e 8327C4FE 		lw	a5,-20(s0)
 971 0372 B99F     		addw	a5,a5,a4
 972 0374 2326F4FE 		sw	a5,-20(s0)
 266:../src/middleware/bacnet/src/getevent.c ****                 event_data->notifyType = enum_value;
 973              		.loc 1 266 40
 974 0378 032704FD 		lw	a4,-48(s0)
 975 037c 833704FE 		ld	a5,-32(s0)
 976 0380 B8C3     		sw	a4,64(a5)
 267:../src/middleware/bacnet/src/getevent.c ****             } else {
 268:../src/middleware/bacnet/src/getevent.c ****                 return -1;
 269:../src/middleware/bacnet/src/getevent.c ****             }
 270:../src/middleware/bacnet/src/getevent.c ****             /* Tag 5: eventEnable */
 271:../src/middleware/bacnet/src/getevent.c ****             if (decode_is_context_tag(&apdu[len], 5)) {
 977              		.loc 1 271 17
 978 0382 8327C4FE 		lw	a5,-20(s0)
 979 0386 033784FC 		ld	a4,-56(s0)
 980 038a BA97     		add	a5,a4,a5
 981 038c 9545     		li	a1,5
 982 038e 3E85     		mv	a0,a5
 983 0390 97000000 		call	decode_is_context_tag
 983      E7800000 
 984 0398 AA87     		mv	a5,a0
 985              		.loc 1 271 16
 986 039a D1C3     		beq	a5,zero,.L42
 987 039c 19A0     		j	.L61
 988              	.L40:
 268:../src/middleware/bacnet/src/getevent.c ****             }
 989              		.loc 1 268 24
 990 039e FD57     		li	a5,-1
 991 03a0 BDAC     		j	.L55
 992              	.L61:
 272:../src/middleware/bacnet/src/getevent.c ****                 len +=
 273:../src/middleware/bacnet/src/getevent.c ****                     decode_tag_number_and_value(&apdu[len], &tag_number,
 993              		.loc 1 273 21
 994 03a2 8327C4FE 		lw	a5,-20(s0)
 995 03a6 033784FC 		ld	a4,-56(s0)
 996 03aa BA97     		add	a5,a4,a5
 997 03ac 930644FD 		addi	a3,s0,-44
 998 03b0 1307B4FD 		addi	a4,s0,-37
 999 03b4 3686     		mv	a2,a3
 1000 03b6 BA85     		mv	a1,a4
 1001 03b8 3E85     		mv	a0,a5
 1002 03ba 97000000 		call	decode_tag_number_and_value
 1002      E7800000 
 1003 03c2 AA87     		mv	a5,a0
 1004 03c4 3E87     		mv	a4,a5
 272:../src/middleware/bacnet/src/getevent.c ****                 len +=
 1005              		.loc 1 272 21
 1006 03c6 8327C4FE 		lw	a5,-20(s0)
 1007 03ca B99F     		addw	a5,a5,a4
 1008 03cc 2326F4FE 		sw	a5,-20(s0)
 274:../src/middleware/bacnet/src/getevent.c ****                     &len_value);
 275:../src/middleware/bacnet/src/getevent.c ****                 len +=
 276:../src/middleware/bacnet/src/getevent.c ****                     decode_bitstring(&apdu[len], len_value,
 1009              		.loc 1 276 21
 1010 03d0 8327C4FE 		lw	a5,-20(s0)
 1011 03d4 033784FC 		ld	a4,-56(s0)
 1012 03d8 3E97     		add	a4,a4,a5
 1013 03da 832644FD 		lw	a3,-44(s0)
 1014 03de 833704FE 		ld	a5,-32(s0)
 1015 03e2 93874704 		addi	a5,a5,68
 1016 03e6 3E86     		mv	a2,a5
 1017 03e8 B685     		mv	a1,a3
 1018 03ea 3A85     		mv	a0,a4
 1019 03ec 97000000 		call	decode_bitstring
 1019      E7800000 
 1020 03f4 AA87     		mv	a5,a0
 1021 03f6 3E87     		mv	a4,a5
 275:../src/middleware/bacnet/src/getevent.c ****                     decode_bitstring(&apdu[len], len_value,
 1022              		.loc 1 275 21
 1023 03f8 8327C4FE 		lw	a5,-20(s0)
 1024 03fc B99F     		addw	a5,a5,a4
 1025 03fe 2326F4FE 		sw	a5,-20(s0)
 277:../src/middleware/bacnet/src/getevent.c ****                     &event_data->eventEnable);
 278:../src/middleware/bacnet/src/getevent.c ****             } else {
 279:../src/middleware/bacnet/src/getevent.c ****                 return -1;
 280:../src/middleware/bacnet/src/getevent.c ****             }
 281:../src/middleware/bacnet/src/getevent.c ****             /* Tag 6: eventPriorities */
 282:../src/middleware/bacnet/src/getevent.c ****             if (decode_is_opening_tag_number(&apdu[len], 6)) {
 1026              		.loc 1 282 17
 1027 0402 8327C4FE 		lw	a5,-20(s0)
 1028 0406 033784FC 		ld	a4,-56(s0)
 1029 040a BA97     		add	a5,a4,a5
 1030 040c 9945     		li	a1,6
 1031 040e 3E85     		mv	a0,a5
 1032 0410 97000000 		call	decode_is_opening_tag_number
 1032      E7800000 
 1033 0418 AA87     		mv	a5,a0
 1034              		.loc 1 282 16
 1035 041a DDCF     		beq	a5,zero,.L44
 1036 041c 19A0     		j	.L62
 1037              	.L42:
 279:../src/middleware/bacnet/src/getevent.c ****             }
 1038              		.loc 1 279 24
 1039 041e FD57     		li	a5,-1
 1040 0420 FDAA     		j	.L55
 1041              	.L62:
 283:../src/middleware/bacnet/src/getevent.c ****                 len +=
 284:../src/middleware/bacnet/src/getevent.c ****                     decode_tag_number_and_value(&apdu[len], &tag_number,
 1042              		.loc 1 284 21
 1043 0422 8327C4FE 		lw	a5,-20(s0)
 1044 0426 033784FC 		ld	a4,-56(s0)
 1045 042a BA97     		add	a5,a4,a5
 1046 042c 930644FD 		addi	a3,s0,-44
 1047 0430 1307B4FD 		addi	a4,s0,-37
 1048 0434 3686     		mv	a2,a3
 1049 0436 BA85     		mv	a1,a4
 1050 0438 3E85     		mv	a0,a5
 1051 043a 97000000 		call	decode_tag_number_and_value
 1051      E7800000 
 1052 0442 AA87     		mv	a5,a0
 1053 0444 3E87     		mv	a4,a5
 283:../src/middleware/bacnet/src/getevent.c ****                 len +=
 1054              		.loc 1 283 21
 1055 0446 8327C4FE 		lw	a5,-20(s0)
 1056 044a B99F     		addw	a5,a5,a4
 1057 044c 2326F4FE 		sw	a5,-20(s0)
 285:../src/middleware/bacnet/src/getevent.c ****                     &len_value);
 286:../src/middleware/bacnet/src/getevent.c ****                 for (i = 0; i < 3; i++) {
 1058              		.loc 1 286 24
 1059 0450 232E04FC 		sw	zero,-36(s0)
 1060              		.loc 1 286 17
 1061 0454 95A8     		j	.L45
 1062              	.L46:
 287:../src/middleware/bacnet/src/getevent.c ****                     len +=
 288:../src/middleware/bacnet/src/getevent.c ****                         decode_tag_number_and_value(&apdu[len], &tag_number,
 1063              		.loc 1 288 25 discriminator 3
 1064 0456 8327C4FE 		lw	a5,-20(s0)
 1065 045a 033784FC 		ld	a4,-56(s0)
 1066 045e BA97     		add	a5,a4,a5
 1067 0460 930644FD 		addi	a3,s0,-44
 1068 0464 1307B4FD 		addi	a4,s0,-37
 1069 0468 3686     		mv	a2,a3
 1070 046a BA85     		mv	a1,a4
 1071 046c 3E85     		mv	a0,a5
 1072 046e 97000000 		call	decode_tag_number_and_value
 1072      E7800000 
 1073 0476 AA87     		mv	a5,a0
 1074 0478 3E87     		mv	a4,a5
 287:../src/middleware/bacnet/src/getevent.c ****                     len +=
 1075              		.loc 1 287 25 discriminator 3
 1076 047a 8327C4FE 		lw	a5,-20(s0)
 1077 047e B99F     		addw	a5,a5,a4
 1078 0480 2326F4FE 		sw	a5,-20(s0)
 289:../src/middleware/bacnet/src/getevent.c ****                         &len_value);
 290:../src/middleware/bacnet/src/getevent.c ****                     len +=
 291:../src/middleware/bacnet/src/getevent.c ****                         decode_unsigned(&apdu[len], len_value,
 1079              		.loc 1 291 25 discriminator 3
 1080 0484 8327C4FE 		lw	a5,-20(s0)
 1081 0488 033784FC 		ld	a4,-56(s0)
 1082 048c B306F700 		add	a3,a4,a5
 1083 0490 832544FD 		lw	a1,-44(s0)
 1084 0494 8367C4FD 		lwu	a5,-36(s0)
 1085 0498 D107     		addi	a5,a5,20
 1086 049a 8A07     		slli	a5,a5,2
 1087 049c 033704FE 		ld	a4,-32(s0)
 1088 04a0 BA97     		add	a5,a4,a5
 1089 04a2 9107     		addi	a5,a5,4
 1090 04a4 3E86     		mv	a2,a5
 1091 04a6 3685     		mv	a0,a3
 1092 04a8 97000000 		call	decode_unsigned
 1092      E7800000 
 1093 04b0 AA87     		mv	a5,a0
 1094 04b2 3E87     		mv	a4,a5
 290:../src/middleware/bacnet/src/getevent.c ****                         decode_unsigned(&apdu[len], len_value,
 1095              		.loc 1 290 25 discriminator 3
 1096 04b4 8327C4FE 		lw	a5,-20(s0)
 1097 04b8 B99F     		addw	a5,a5,a4
 1098 04ba 2326F4FE 		sw	a5,-20(s0)
 286:../src/middleware/bacnet/src/getevent.c ****                     len +=
 1099              		.loc 1 286 37 discriminator 3
 1100 04be 8327C4FD 		lw	a5,-36(s0)
 1101 04c2 8527     		addiw	a5,a5,1
 1102 04c4 232EF4FC 		sw	a5,-36(s0)
 1103              	.L45:
 286:../src/middleware/bacnet/src/getevent.c ****                     len +=
 1104              		.loc 1 286 17 discriminator 1
 1105 04c8 8327C4FD 		lw	a5,-36(s0)
 1106 04cc 1B870700 		sext.w	a4,a5
 1107 04d0 8947     		li	a5,2
 1108 04d2 E3F2E7F8 		bleu	a4,a5,.L46
 1109 04d6 19A0     		j	.L63
 1110              	.L44:
 292:../src/middleware/bacnet/src/getevent.c ****                         &event_data->eventPriorities[i]);
 293:../src/middleware/bacnet/src/getevent.c ****                 }
 294:../src/middleware/bacnet/src/getevent.c ****             } else {
 295:../src/middleware/bacnet/src/getevent.c ****                 return -1;
 1111              		.loc 1 295 24
 1112 04d8 FD57     		li	a5,-1
 1113 04da 91A2     		j	.L55
 1114              	.L63:
 296:../src/middleware/bacnet/src/getevent.c ****             }
 297:../src/middleware/bacnet/src/getevent.c ****             if (decode_is_closing_tag_number(&apdu[len], 6)) {
 1115              		.loc 1 297 17
 1116 04dc 8327C4FE 		lw	a5,-20(s0)
 1117 04e0 033784FC 		ld	a4,-56(s0)
 1118 04e4 BA97     		add	a5,a4,a5
 1119 04e6 9945     		li	a1,6
 1120 04e8 3E85     		mv	a0,a5
 1121 04ea 97000000 		call	decode_is_closing_tag_number
 1121      E7800000 
 1122 04f2 AA87     		mv	a5,a0
 1123              		.loc 1 297 16
 1124 04f4 B1C7     		beq	a5,zero,.L48
 298:../src/middleware/bacnet/src/getevent.c ****                 len +=
 299:../src/middleware/bacnet/src/getevent.c ****                     decode_tag_number_and_value(&apdu[len], &tag_number,
 1125              		.loc 1 299 21
 1126 04f6 8327C4FE 		lw	a5,-20(s0)
 1127 04fa 033784FC 		ld	a4,-56(s0)
 1128 04fe BA97     		add	a5,a4,a5
 1129 0500 930644FD 		addi	a3,s0,-44
 1130 0504 1307B4FD 		addi	a4,s0,-37
 1131 0508 3686     		mv	a2,a3
 1132 050a BA85     		mv	a1,a4
 1133 050c 3E85     		mv	a0,a5
 1134 050e 97000000 		call	decode_tag_number_and_value
 1134      E7800000 
 1135 0516 AA87     		mv	a5,a0
 1136 0518 3E87     		mv	a4,a5
 298:../src/middleware/bacnet/src/getevent.c ****                 len +=
 1137              		.loc 1 298 21
 1138 051a 8327C4FE 		lw	a5,-20(s0)
 1139 051e B99F     		addw	a5,a5,a4
 1140 0520 2326F4FE 		sw	a5,-20(s0)
 300:../src/middleware/bacnet/src/getevent.c ****                     &len_value);
 301:../src/middleware/bacnet/src/getevent.c ****             } else {
 302:../src/middleware/bacnet/src/getevent.c ****                 return -1;
 303:../src/middleware/bacnet/src/getevent.c ****             }
 304:../src/middleware/bacnet/src/getevent.c ****             if (decode_is_closing_tag_number(&apdu[len], 0)) {
 1141              		.loc 1 304 17
 1142 0524 8327C4FE 		lw	a5,-20(s0)
 1143 0528 033784FC 		ld	a4,-56(s0)
 1144 052c BA97     		add	a5,a4,a5
 1145 052e 8145     		li	a1,0
 1146 0530 3E85     		mv	a0,a5
 1147 0532 97000000 		call	decode_is_closing_tag_number
 1147      E7800000 
 1148 053a AA87     		mv	a5,a0
 1149              		.loc 1 304 16
 1150 053c 9DCF     		beq	a5,zero,.L50
 1151 053e 19A0     		j	.L64
 1152              	.L48:
 302:../src/middleware/bacnet/src/getevent.c ****             }
 1153              		.loc 1 302 24
 1154 0540 FD57     		li	a5,-1
 1155 0542 F1A8     		j	.L55
 1156              	.L64:
 305:../src/middleware/bacnet/src/getevent.c ****                 len +=
 306:../src/middleware/bacnet/src/getevent.c ****                     decode_tag_number_and_value(&apdu[len], &tag_number,
 1157              		.loc 1 306 21
 1158 0544 8327C4FE 		lw	a5,-20(s0)
 1159 0548 033784FC 		ld	a4,-56(s0)
 1160 054c BA97     		add	a5,a4,a5
 1161 054e 930644FD 		addi	a3,s0,-44
 1162 0552 1307B4FD 		addi	a4,s0,-37
 1163 0556 3686     		mv	a2,a3
 1164 0558 BA85     		mv	a1,a4
 1165 055a 3E85     		mv	a0,a5
 1166 055c 97000000 		call	decode_tag_number_and_value
 1166      E7800000 
 1167 0564 AA87     		mv	a5,a0
 1168 0566 3E87     		mv	a4,a5
 305:../src/middleware/bacnet/src/getevent.c ****                 len +=
 1169              		.loc 1 305 21
 1170 0568 8327C4FE 		lw	a5,-20(s0)
 1171 056c B99F     		addw	a5,a5,a4
 1172 056e 2326F4FE 		sw	a5,-20(s0)
 307:../src/middleware/bacnet/src/getevent.c ****                     &len_value);
 308:../src/middleware/bacnet/src/getevent.c ****                 event_data->next = NULL;
 1173              		.loc 1 308 34
 1174 0572 833704FE 		ld	a5,-32(s0)
 1175 0576 23B00706 		sd	zero,96(a5)
 1176              	.L50:
 309:../src/middleware/bacnet/src/getevent.c ****             }
 310:../src/middleware/bacnet/src/getevent.c ****             event_data = event_data->next;
 1177              		.loc 1 310 24
 1178 057a 833704FE 		ld	a5,-32(s0)
 1179 057e BC73     		ld	a5,96(a5)
 1180 0580 2330F4FE 		sd	a5,-32(s0)
 1181              	.L27:
 206:../src/middleware/bacnet/src/getevent.c ****             /* Tag 0: objectIdentifier */
 1182              		.loc 1 206 15
 1183 0584 833704FE 		ld	a5,-32(s0)
 1184 0588 E39107B0 		bne	a5,zero,.L51
 311:../src/middleware/bacnet/src/getevent.c ****         }
 312:../src/middleware/bacnet/src/getevent.c ****         if (decode_is_context_tag(&apdu[len], 1)) {
 1185              		.loc 1 312 13
 1186 058c 8327C4FE 		lw	a5,-20(s0)
 1187 0590 033784FC 		ld	a4,-56(s0)
 1188 0594 BA97     		add	a5,a4,a5
 1189 0596 8545     		li	a1,1
 1190 0598 3E85     		mv	a0,a5
 1191 059a 97000000 		call	decode_is_context_tag
 1191      E7800000 
 1192 05a2 AA87     		mv	a5,a0
 1193              		.loc 1 312 12
 1194 05a4 ADCB     		beq	a5,zero,.L52
 313:../src/middleware/bacnet/src/getevent.c ****             len +=
 314:../src/middleware/bacnet/src/getevent.c ****                 decode_tag_number_and_value(&apdu[len], &tag_number,
 1195              		.loc 1 314 17
 1196 05a6 8327C4FE 		lw	a5,-20(s0)
 1197 05aa 033784FC 		ld	a4,-56(s0)
 1198 05ae BA97     		add	a5,a4,a5
 1199 05b0 930644FD 		addi	a3,s0,-44
 1200 05b4 1307B4FD 		addi	a4,s0,-37
 1201 05b8 3686     		mv	a2,a3
 1202 05ba BA85     		mv	a1,a4
 1203 05bc 3E85     		mv	a0,a5
 1204 05be 97000000 		call	decode_tag_number_and_value
 1204      E7800000 
 1205 05c6 AA87     		mv	a5,a0
 1206 05c8 3E87     		mv	a4,a5
 313:../src/middleware/bacnet/src/getevent.c ****             len +=
 1207              		.loc 1 313 17
 1208 05ca 8327C4FE 		lw	a5,-20(s0)
 1209 05ce B99F     		addw	a5,a5,a4
 1210 05d0 2326F4FE 		sw	a5,-20(s0)
 315:../src/middleware/bacnet/src/getevent.c ****                 &len_value);
 316:../src/middleware/bacnet/src/getevent.c ****             if (len_value == 1)
 1211              		.loc 1 316 27
 1212 05d4 832744FD 		lw	a5,-44(s0)
 1213              		.loc 1 316 16
 1214 05d8 3E87     		mv	a4,a5
 1215 05da 8547     		li	a5,1
 1216 05dc 6318F702 		bne	a4,a5,.L53
 317:../src/middleware/bacnet/src/getevent.c ****                 *moreEvents = decode_context_boolean(&apdu[len++]);
 1217              		.loc 1 317 63
 1218 05e0 8327C4FE 		lw	a5,-20(s0)
 1219 05e4 1B871700 		addiw	a4,a5,1
 1220 05e8 2326E4FE 		sw	a4,-20(s0)
 1221 05ec 3E87     		mv	a4,a5
 1222              		.loc 1 317 31
 1223 05ee 833784FC 		ld	a5,-56(s0)
 1224 05f2 BA97     		add	a5,a5,a4
 1225 05f4 3E85     		mv	a0,a5
 1226 05f6 97000000 		call	decode_context_boolean
 1226      E7800000 
 1227 05fe AA87     		mv	a5,a0
 1228 0600 3E87     		mv	a4,a5
 1229              		.loc 1 317 29
 1230 0602 833704FB 		ld	a5,-80(s0)
 1231 0606 2380E700 		sb	a4,0(a5)
 1232 060a 01A8     		j	.L24
 1233              	.L53:
 318:../src/middleware/bacnet/src/getevent.c ****             else
 319:../src/middleware/bacnet/src/getevent.c ****                 *moreEvents = false;
 1234              		.loc 1 319 29
 1235 060c 833704FB 		ld	a5,-80(s0)
 1236 0610 23800700 		sb	zero,0(a5)
 1237 0614 19A0     		j	.L24
 1238              	.L52:
 320:../src/middleware/bacnet/src/getevent.c ****         } else {
 321:../src/middleware/bacnet/src/getevent.c ****             return -1;
 1239              		.loc 1 321 20
 1240 0616 FD57     		li	a5,-1
 1241 0618 19A0     		j	.L55
 1242              	.L24:
 322:../src/middleware/bacnet/src/getevent.c ****         }
 323:../src/middleware/bacnet/src/getevent.c ****     }
 324:../src/middleware/bacnet/src/getevent.c **** 
 325:../src/middleware/bacnet/src/getevent.c ****     return len;
 1243              		.loc 1 325 12
 1244 061a 8327C4FE 		lw	a5,-20(s0)
 1245              	.L55:
 326:../src/middleware/bacnet/src/getevent.c **** }
 1246              		.loc 1 326 1 discriminator 1
 1247 061e 3E85     		mv	a0,a5
 1248 0620 A660     		ld	ra,72(sp)
 1249              		.cfi_restore 1
 1250 0622 0664     		ld	s0,64(sp)
 1251              		.cfi_restore 8
 1252              		.cfi_def_cfa 2, 80
 1253 0624 6161     		addi	sp,sp,80
 1254              		.cfi_def_cfa_offset 0
 1255 0626 8280     		jr	ra
 1256              		.cfi_endproc
 1257              	.LFE8:
 1259              		.text
 1260              	.Letext0:
 1261              		.file 2 "c:\\microchip\\softconsole-v2022.2-risc-v-747\\riscv-unknown-elf-gcc\\riscv64-unknown-elf
 1262              		.file 3 "c:\\microchip\\softconsole-v2022.2-risc-v-747\\riscv-unknown-elf-gcc\\riscv64-unknown-elf
 1263              		.file 4 "C:\\Users\\zero6575\\Libero\\fpga_labor\\fpga_labor\\software\\mpfs-mac-mcc-stack\\src\\m
 1264              		.file 5 "c:\\microchip\\softconsole-v2022.2-risc-v-747\\riscv-unknown-elf-gcc\\lib\\gcc\\riscv64-u
 1265              		.file 6 "C:\\Users\\zero6575\\Libero\\fpga_labor\\fpga_labor\\software\\mpfs-mac-mcc-stack\\src\\m
 1266              		.file 7 "C:\\Users\\zero6575\\Libero\\fpga_labor\\fpga_labor\\software\\mpfs-mac-mcc-stack\\src\\m
 1267              		.file 8 "C:\\Users\\zero6575\\Libero\\fpga_labor\\fpga_labor\\software\\mpfs-mac-mcc-stack\\src\\m
 1268              		.file 9 "C:\\Users\\zero6575\\Libero\\fpga_labor\\fpga_labor\\software\\mpfs-mac-mcc-stack\\src\\m
 1269              		.file 10 "c:\\microchip\\softconsole-v2022.2-risc-v-747\\riscv-unknown-elf-gcc\\riscv64-unknown-el
 1270              		.file 11 "c:\\microchip\\softconsole-v2022.2-risc-v-747\\riscv-unknown-elf-gcc\\riscv64-unknown-el
 1271              		.file 12 "c:\\microchip\\softconsole-v2022.2-risc-v-747\\riscv-unknown-elf-gcc\\riscv64-unknown-el
 1272              		.file 13 "C:\\Users\\zero6575\\Libero\\fpga_labor\\fpga_labor\\software\\mpfs-mac-mcc-stack\\src\\
DEFINED SYMBOLS
                            *ABS*:0000000000000000 getevent.c
C:\Users\zero6575\AppData\Local\Temp\ccHcmyHM.s:13     .text.getevent_encode_apdu:0000000000000000 getevent_encode_apdu
C:\Users\zero6575\AppData\Local\Temp\ccHcmyHM.s:17     .text.getevent_encode_apdu:0000000000000000 .L0 
C:\Users\zero6575\AppData\Local\Temp\ccHcmyHM.s:18     .text.getevent_encode_apdu:0000000000000000 .L0 
C:\Users\zero6575\AppData\Local\Temp\ccHcmyHM.s:19     .text.getevent_encode_apdu:0000000000000002 .L0 
C:\Users\zero6575\AppData\Local\Temp\ccHcmyHM.s:23     .text.getevent_encode_apdu:0000000000000008 .L0 
C:\Users\zero6575\AppData\Local\Temp\ccHcmyHM.s:24     .text.getevent_encode_apdu:0000000000000008 .L0 
C:\Users\zero6575\AppData\Local\Temp\ccHcmyHM.s:25     .text.getevent_encode_apdu:0000000000000008 .L0 
C:\Users\zero6575\AppData\Local\Temp\ccHcmyHM.s:27     .text.getevent_encode_apdu:000000000000000a .L0 
C:\Users\zero6575\AppData\Local\Temp\ccHcmyHM.s:33     .text.getevent_encode_apdu:0000000000000018 .L0 
C:\Users\zero6575\AppData\Local\Temp\ccHcmyHM.s:35     .text.getevent_encode_apdu:000000000000001c .L0 
C:\Users\zero6575\AppData\Local\Temp\ccHcmyHM.s:37     .text.getevent_encode_apdu:0000000000000020 .L0 
C:\Users\zero6575\AppData\Local\Temp\ccHcmyHM.s:40     .text.getevent_encode_apdu:0000000000000026 .L0 
C:\Users\zero6575\AppData\Local\Temp\ccHcmyHM.s:43     .text.getevent_encode_apdu:000000000000002e .L0 
C:\Users\zero6575\AppData\Local\Temp\ccHcmyHM.s:46     .text.getevent_encode_apdu:0000000000000036 .L0 
C:\Users\zero6575\AppData\Local\Temp\ccHcmyHM.s:51     .text.getevent_encode_apdu:0000000000000046 .L0 
C:\Users\zero6575\AppData\Local\Temp\ccHcmyHM.s:53     .text.getevent_encode_apdu:000000000000004a .L0 
C:\Users\zero6575\AppData\Local\Temp\ccHcmyHM.s:56     .text.getevent_encode_apdu:0000000000000050 .L0 
C:\Users\zero6575\AppData\Local\Temp\ccHcmyHM.s:59     .text.getevent_encode_apdu:0000000000000058 .L0 
C:\Users\zero6575\AppData\Local\Temp\ccHcmyHM.s:62     .text.getevent_encode_apdu:000000000000005e .L0 
C:\Users\zero6575\AppData\Local\Temp\ccHcmyHM.s:65     .text.getevent_encode_apdu:0000000000000064 .L0 
C:\Users\zero6575\AppData\Local\Temp\ccHcmyHM.s:68     .text.getevent_encode_apdu:000000000000006a .L0 
C:\Users\zero6575\AppData\Local\Temp\ccHcmyHM.s:71     .text.getevent_encode_apdu:0000000000000070 .L0 
C:\Users\zero6575\AppData\Local\Temp\ccHcmyHM.s:75     .text.getevent_encode_apdu:000000000000007a .L0 
C:\Users\zero6575\AppData\Local\Temp\ccHcmyHM.s:78     .text.getevent_encode_apdu:0000000000000082 .L0 
C:\Users\zero6575\AppData\Local\Temp\ccHcmyHM.s:88     .text.getevent_encode_apdu:00000000000000a0 .L0 
C:\Users\zero6575\AppData\Local\Temp\ccHcmyHM.s:94     .text.getevent_encode_apdu:00000000000000ae .L0 
C:\Users\zero6575\AppData\Local\Temp\ccHcmyHM.s:96     .text.getevent_encode_apdu:00000000000000b2 .L0 
C:\Users\zero6575\AppData\Local\Temp\ccHcmyHM.s:98     .text.getevent_encode_apdu:00000000000000b6 .L0 
C:\Users\zero6575\AppData\Local\Temp\ccHcmyHM.s:100    .text.getevent_encode_apdu:00000000000000b8 .L0 
C:\Users\zero6575\AppData\Local\Temp\ccHcmyHM.s:101    .text.getevent_encode_apdu:00000000000000b8 .L0 
C:\Users\zero6575\AppData\Local\Temp\ccHcmyHM.s:103    .text.getevent_encode_apdu:00000000000000ba .L0 
C:\Users\zero6575\AppData\Local\Temp\ccHcmyHM.s:105    .text.getevent_encode_apdu:00000000000000bc .L0 
C:\Users\zero6575\AppData\Local\Temp\ccHcmyHM.s:107    .text.getevent_encode_apdu:00000000000000be .L0 
C:\Users\zero6575\AppData\Local\Temp\ccHcmyHM.s:114    .text.getevent_decode_service_request:0000000000000000 getevent_decode_service_request
C:\Users\zero6575\AppData\Local\Temp\ccHcmyHM.s:117    .text.getevent_decode_service_request:0000000000000000 .L0 
C:\Users\zero6575\AppData\Local\Temp\ccHcmyHM.s:118    .text.getevent_decode_service_request:0000000000000000 .L0 
C:\Users\zero6575\AppData\Local\Temp\ccHcmyHM.s:119    .text.getevent_decode_service_request:0000000000000002 .L0 
C:\Users\zero6575\AppData\Local\Temp\ccHcmyHM.s:122    .text.getevent_decode_service_request:0000000000000006 .L0 
C:\Users\zero6575\AppData\Local\Temp\ccHcmyHM.s:123    .text.getevent_decode_service_request:0000000000000006 .L0 
C:\Users\zero6575\AppData\Local\Temp\ccHcmyHM.s:125    .text.getevent_decode_service_request:0000000000000008 .L0 
C:\Users\zero6575\AppData\Local\Temp\ccHcmyHM.s:131    .text.getevent_decode_service_request:0000000000000016 .L0 
C:\Users\zero6575\AppData\Local\Temp\ccHcmyHM.s:133    .text.getevent_decode_service_request:000000000000001a .L0 
C:\Users\zero6575\AppData\Local\Temp\ccHcmyHM.s:137    .text.getevent_decode_service_request:0000000000000022 .L0 
C:\Users\zero6575\AppData\Local\Temp\ccHcmyHM.s:140    .text.getevent_decode_service_request:0000000000000028 .L0 
C:\Users\zero6575\AppData\Local\Temp\ccHcmyHM.s:146    .text.getevent_decode_service_request:0000000000000038 .L0 
C:\Users\zero6575\AppData\Local\Temp\ccHcmyHM.s:153    .text.getevent_decode_service_request:000000000000004c .L0 
C:\Users\zero6575\AppData\Local\Temp\ccHcmyHM.s:156    .text.getevent_decode_service_request:0000000000000054 .L0 
C:\Users\zero6575\AppData\Local\Temp\ccHcmyHM.s:158    .text.getevent_decode_service_request:0000000000000056 .L0 
C:\Users\zero6575\AppData\Local\Temp\ccHcmyHM.s:162    .text.getevent_decode_service_request:000000000000005a .L0 
C:\Users\zero6575\AppData\Local\Temp\ccHcmyHM.s:175    .text.getevent_decode_service_request:0000000000000080 .L0 
C:\Users\zero6575\AppData\Local\Temp\ccHcmyHM.s:180    .text.getevent_decode_service_request:000000000000008a .L0 
C:\Users\zero6575\AppData\Local\Temp\ccHcmyHM.s:183    .text.getevent_decode_service_request:000000000000008e .L0 
C:\Users\zero6575\AppData\Local\Temp\ccHcmyHM.s:185    .text.getevent_decode_service_request:0000000000000092 .L0 
C:\Users\zero6575\AppData\Local\Temp\ccHcmyHM.s:187    .text.getevent_decode_service_request:0000000000000094 .L0 
C:\Users\zero6575\AppData\Local\Temp\ccHcmyHM.s:188    .text.getevent_decode_service_request:0000000000000094 .L0 
C:\Users\zero6575\AppData\Local\Temp\ccHcmyHM.s:190    .text.getevent_decode_service_request:0000000000000096 .L0 
C:\Users\zero6575\AppData\Local\Temp\ccHcmyHM.s:192    .text.getevent_decode_service_request:0000000000000098 .L0 
C:\Users\zero6575\AppData\Local\Temp\ccHcmyHM.s:199    .text.getevent_ack_encode_apdu_init:0000000000000000 getevent_ack_encode_apdu_init
C:\Users\zero6575\AppData\Local\Temp\ccHcmyHM.s:202    .text.getevent_ack_encode_apdu_init:0000000000000000 .L0 
C:\Users\zero6575\AppData\Local\Temp\ccHcmyHM.s:203    .text.getevent_ack_encode_apdu_init:0000000000000000 .L0 
C:\Users\zero6575\AppData\Local\Temp\ccHcmyHM.s:204    .text.getevent_ack_encode_apdu_init:0000000000000002 .L0 
C:\Users\zero6575\AppData\Local\Temp\ccHcmyHM.s:207    .text.getevent_ack_encode_apdu_init:0000000000000006 .L0 
C:\Users\zero6575\AppData\Local\Temp\ccHcmyHM.s:208    .text.getevent_ack_encode_apdu_init:0000000000000006 .L0 
C:\Users\zero6575\AppData\Local\Temp\ccHcmyHM.s:210    .text.getevent_ack_encode_apdu_init:0000000000000008 .L0 
C:\Users\zero6575\AppData\Local\Temp\ccHcmyHM.s:216    .text.getevent_ack_encode_apdu_init:0000000000000016 .L0 
C:\Users\zero6575\AppData\Local\Temp\ccHcmyHM.s:218    .text.getevent_ack_encode_apdu_init:000000000000001a .L0 
C:\Users\zero6575\AppData\Local\Temp\ccHcmyHM.s:221    .text.getevent_ack_encode_apdu_init:0000000000000020 .L0 
C:\Users\zero6575\AppData\Local\Temp\ccHcmyHM.s:225    .text.getevent_ack_encode_apdu_init:000000000000002a .L0 
C:\Users\zero6575\AppData\Local\Temp\ccHcmyHM.s:229    .text.getevent_ack_encode_apdu_init:0000000000000036 .L0 
C:\Users\zero6575\AppData\Local\Temp\ccHcmyHM.s:232    .text.getevent_ack_encode_apdu_init:000000000000003c .L0 
C:\Users\zero6575\AppData\Local\Temp\ccHcmyHM.s:235    .text.getevent_ack_encode_apdu_init:0000000000000044 .L0 
C:\Users\zero6575\AppData\Local\Temp\ccHcmyHM.s:238    .text.getevent_ack_encode_apdu_init:000000000000004a .L0 
C:\Users\zero6575\AppData\Local\Temp\ccHcmyHM.s:241    .text.getevent_ack_encode_apdu_init:0000000000000050 .L0 
C:\Users\zero6575\AppData\Local\Temp\ccHcmyHM.s:244    .text.getevent_ack_encode_apdu_init:0000000000000056 .L0 
C:\Users\zero6575\AppData\Local\Temp\ccHcmyHM.s:253    .text.getevent_ack_encode_apdu_init:0000000000000070 .L0 
C:\Users\zero6575\AppData\Local\Temp\ccHcmyHM.s:258    .text.getevent_ack_encode_apdu_init:000000000000007a .L0 
C:\Users\zero6575\AppData\Local\Temp\ccHcmyHM.s:260    .text.getevent_ack_encode_apdu_init:000000000000007e .L0 
C:\Users\zero6575\AppData\Local\Temp\ccHcmyHM.s:262    .text.getevent_ack_encode_apdu_init:0000000000000082 .L0 
C:\Users\zero6575\AppData\Local\Temp\ccHcmyHM.s:264    .text.getevent_ack_encode_apdu_init:0000000000000084 .L0 
C:\Users\zero6575\AppData\Local\Temp\ccHcmyHM.s:265    .text.getevent_ack_encode_apdu_init:0000000000000084 .L0 
C:\Users\zero6575\AppData\Local\Temp\ccHcmyHM.s:267    .text.getevent_ack_encode_apdu_init:0000000000000086 .L0 
C:\Users\zero6575\AppData\Local\Temp\ccHcmyHM.s:269    .text.getevent_ack_encode_apdu_init:0000000000000088 .L0 
C:\Users\zero6575\AppData\Local\Temp\ccHcmyHM.s:276    .text.getevent_ack_encode_apdu_data:0000000000000000 getevent_ack_encode_apdu_data
C:\Users\zero6575\AppData\Local\Temp\ccHcmyHM.s:279    .text.getevent_ack_encode_apdu_data:0000000000000000 .L0 
C:\Users\zero6575\AppData\Local\Temp\ccHcmyHM.s:280    .text.getevent_ack_encode_apdu_data:0000000000000000 .L0 
C:\Users\zero6575\AppData\Local\Temp\ccHcmyHM.s:281    .text.getevent_ack_encode_apdu_data:0000000000000002 .L0 
C:\Users\zero6575\AppData\Local\Temp\ccHcmyHM.s:284    .text.getevent_ack_encode_apdu_data:0000000000000006 .L0 
C:\Users\zero6575\AppData\Local\Temp\ccHcmyHM.s:285    .text.getevent_ack_encode_apdu_data:0000000000000006 .L0 
C:\Users\zero6575\AppData\Local\Temp\ccHcmyHM.s:287    .text.getevent_ack_encode_apdu_data:0000000000000008 .L0 
C:\Users\zero6575\AppData\Local\Temp\ccHcmyHM.s:292    .text.getevent_ack_encode_apdu_data:0000000000000014 .L0 
C:\Users\zero6575\AppData\Local\Temp\ccHcmyHM.s:294    .text.getevent_ack_encode_apdu_data:0000000000000018 .L0 
C:\Users\zero6575\AppData\Local\Temp\ccHcmyHM.s:296    .text.getevent_ack_encode_apdu_data:000000000000001c .L0 
C:\Users\zero6575\AppData\Local\Temp\ccHcmyHM.s:299    .text.getevent_ack_encode_apdu_data:0000000000000024 .L0 
C:\Users\zero6575\AppData\Local\Temp\ccHcmyHM.s:302    .text.getevent_ack_encode_apdu_data:000000000000002c .L0 
C:\Users\zero6575\AppData\Local\Temp\ccHcmyHM.s:305    .text.getevent_ack_encode_apdu_data:000000000000002e .L0 
C:\Users\zero6575\AppData\Local\Temp\ccHcmyHM.s:309    .text.getevent_ack_encode_apdu_data:0000000000000038 .L0 
C:\Users\zero6575\AppData\Local\Temp\ccHcmyHM.s:312    .text.getevent_ack_encode_apdu_data:0000000000000040 .L0 
C:\Users\zero6575\AppData\Local\Temp\ccHcmyHM.s:322    .text.getevent_ack_encode_apdu_data:000000000000005c .L0 
C:\Users\zero6575\AppData\Local\Temp\ccHcmyHM.s:326    .text.getevent_ack_encode_apdu_data:0000000000000066 .L0 
C:\Users\zero6575\AppData\Local\Temp\ccHcmyHM.s:330    .text.getevent_ack_encode_apdu_data:0000000000000070 .L0 
C:\Users\zero6575\AppData\Local\Temp\ccHcmyHM.s:333    .text.getevent_ack_encode_apdu_data:0000000000000076 .L0 
C:\Users\zero6575\AppData\Local\Temp\ccHcmyHM.s:340    .text.getevent_ack_encode_apdu_data:0000000000000088 .L0 
C:\Users\zero6575\AppData\Local\Temp\ccHcmyHM.s:344    .text.getevent_ack_encode_apdu_data:0000000000000092 .L0 
C:\Users\zero6575\AppData\Local\Temp\ccHcmyHM.s:356    .text.getevent_ack_encode_apdu_data:00000000000000b4 .L0 
C:\Users\zero6575\AppData\Local\Temp\ccHcmyHM.s:360    .text.getevent_ack_encode_apdu_data:00000000000000be .L0 
C:\Users\zero6575\AppData\Local\Temp\ccHcmyHM.s:369    .text.getevent_ack_encode_apdu_data:00000000000000d8 .L0 
C:\Users\zero6575\AppData\Local\Temp\ccHcmyHM.s:373    .text.getevent_ack_encode_apdu_data:00000000000000e2 .L0 
C:\Users\zero6575\AppData\Local\Temp\ccHcmyHM.s:375    .text.getevent_ack_encode_apdu_data:00000000000000e6 .L0 
C:\Users\zero6575\AppData\Local\Temp\ccHcmyHM.s:378    .text.getevent_ack_encode_apdu_data:00000000000000e8 .L0 
C:\Users\zero6575\AppData\Local\Temp\ccHcmyHM.s:396    .text.getevent_ack_encode_apdu_data:000000000000011a .L0 
C:\Users\zero6575\AppData\Local\Temp\ccHcmyHM.s:400    .text.getevent_ack_encode_apdu_data:0000000000000124 .L0 
C:\Users\zero6575\AppData\Local\Temp\ccHcmyHM.s:405    .text.getevent_ack_encode_apdu_data:000000000000012e .L0 
C:\Users\zero6575\AppData\Local\Temp\ccHcmyHM.s:410    .text.getevent_ack_encode_apdu_data:000000000000013c .L0 
C:\Users\zero6575\AppData\Local\Temp\ccHcmyHM.s:419    .text.getevent_ack_encode_apdu_data:0000000000000156 .L0 
C:\Users\zero6575\AppData\Local\Temp\ccHcmyHM.s:423    .text.getevent_ack_encode_apdu_data:0000000000000160 .L0 
C:\Users\zero6575\AppData\Local\Temp\ccHcmyHM.s:427    .text.getevent_ack_encode_apdu_data:000000000000016a .L0 
C:\Users\zero6575\AppData\Local\Temp\ccHcmyHM.s:430    .text.getevent_ack_encode_apdu_data:0000000000000170 .L0 
C:\Users\zero6575\AppData\Local\Temp\ccHcmyHM.s:437    .text.getevent_ack_encode_apdu_data:0000000000000182 .L0 
C:\Users\zero6575\AppData\Local\Temp\ccHcmyHM.s:441    .text.getevent_ack_encode_apdu_data:000000000000018c .L0 
C:\Users\zero6575\AppData\Local\Temp\ccHcmyHM.s:453    .text.getevent_ack_encode_apdu_data:00000000000001b0 .L0 
C:\Users\zero6575\AppData\Local\Temp\ccHcmyHM.s:457    .text.getevent_ack_encode_apdu_data:00000000000001ba .L0 
C:\Users\zero6575\AppData\Local\Temp\ccHcmyHM.s:466    .text.getevent_ack_encode_apdu_data:00000000000001d4 .L0 
C:\Users\zero6575\AppData\Local\Temp\ccHcmyHM.s:470    .text.getevent_ack_encode_apdu_data:00000000000001de .L0 
C:\Users\zero6575\AppData\Local\Temp\ccHcmyHM.s:472    .text.getevent_ack_encode_apdu_data:00000000000001e2 .L0 
C:\Users\zero6575\AppData\Local\Temp\ccHcmyHM.s:475    .text.getevent_ack_encode_apdu_data:00000000000001e4 .L0 
C:\Users\zero6575\AppData\Local\Temp\ccHcmyHM.s:490    .text.getevent_ack_encode_apdu_data:0000000000000210 .L0 
C:\Users\zero6575\AppData\Local\Temp\ccHcmyHM.s:494    .text.getevent_ack_encode_apdu_data:000000000000021a .L0 
C:\Users\zero6575\AppData\Local\Temp\ccHcmyHM.s:499    .text.getevent_ack_encode_apdu_data:0000000000000224 .L0 
C:\Users\zero6575\AppData\Local\Temp\ccHcmyHM.s:504    .text.getevent_ack_encode_apdu_data:0000000000000232 .L0 
C:\Users\zero6575\AppData\Local\Temp\ccHcmyHM.s:513    .text.getevent_ack_encode_apdu_data:000000000000024c .L0 
C:\Users\zero6575\AppData\Local\Temp\ccHcmyHM.s:517    .text.getevent_ack_encode_apdu_data:0000000000000256 .L0 
C:\Users\zero6575\AppData\Local\Temp\ccHcmyHM.s:522    .text.getevent_ack_encode_apdu_data:0000000000000260 .L0 
C:\Users\zero6575\AppData\Local\Temp\ccHcmyHM.s:526    .text.getevent_ack_encode_apdu_data:0000000000000268 .L0 
C:\Users\zero6575\AppData\Local\Temp\ccHcmyHM.s:528    .text.getevent_ack_encode_apdu_data:000000000000026c .L0 
C:\Users\zero6575\AppData\Local\Temp\ccHcmyHM.s:530    .text.getevent_ack_encode_apdu_data:0000000000000270 .L0 
C:\Users\zero6575\AppData\Local\Temp\ccHcmyHM.s:532    .text.getevent_ack_encode_apdu_data:0000000000000272 .L0 
C:\Users\zero6575\AppData\Local\Temp\ccHcmyHM.s:533    .text.getevent_ack_encode_apdu_data:0000000000000272 .L0 
C:\Users\zero6575\AppData\Local\Temp\ccHcmyHM.s:535    .text.getevent_ack_encode_apdu_data:0000000000000274 .L0 
C:\Users\zero6575\AppData\Local\Temp\ccHcmyHM.s:537    .text.getevent_ack_encode_apdu_data:0000000000000276 .L0 
C:\Users\zero6575\AppData\Local\Temp\ccHcmyHM.s:544    .text.getevent_ack_encode_apdu_end:0000000000000000 getevent_ack_encode_apdu_end
C:\Users\zero6575\AppData\Local\Temp\ccHcmyHM.s:547    .text.getevent_ack_encode_apdu_end:0000000000000000 .L0 
C:\Users\zero6575\AppData\Local\Temp\ccHcmyHM.s:548    .text.getevent_ack_encode_apdu_end:0000000000000000 .L0 
C:\Users\zero6575\AppData\Local\Temp\ccHcmyHM.s:549    .text.getevent_ack_encode_apdu_end:0000000000000002 .L0 
C:\Users\zero6575\AppData\Local\Temp\ccHcmyHM.s:552    .text.getevent_ack_encode_apdu_end:0000000000000006 .L0 
C:\Users\zero6575\AppData\Local\Temp\ccHcmyHM.s:553    .text.getevent_ack_encode_apdu_end:0000000000000006 .L0 
C:\Users\zero6575\AppData\Local\Temp\ccHcmyHM.s:555    .text.getevent_ack_encode_apdu_end:0000000000000008 .L0 
C:\Users\zero6575\AppData\Local\Temp\ccHcmyHM.s:561    .text.getevent_ack_encode_apdu_end:0000000000000016 .L0 
C:\Users\zero6575\AppData\Local\Temp\ccHcmyHM.s:563    .text.getevent_ack_encode_apdu_end:000000000000001a .L0 
C:\Users\zero6575\AppData\Local\Temp\ccHcmyHM.s:566    .text.getevent_ack_encode_apdu_end:0000000000000020 .L0 
C:\Users\zero6575\AppData\Local\Temp\ccHcmyHM.s:575    .text.getevent_ack_encode_apdu_end:000000000000003a .L0 
C:\Users\zero6575\AppData\Local\Temp\ccHcmyHM.s:579    .text.getevent_ack_encode_apdu_end:0000000000000044 .L0 
C:\Users\zero6575\AppData\Local\Temp\ccHcmyHM.s:590    .text.getevent_ack_encode_apdu_end:0000000000000064 .L0 
C:\Users\zero6575\AppData\Local\Temp\ccHcmyHM.s:595    .text.getevent_ack_encode_apdu_end:000000000000006e .L0 
C:\Users\zero6575\AppData\Local\Temp\ccHcmyHM.s:597    .text.getevent_ack_encode_apdu_end:0000000000000072 .L0 
C:\Users\zero6575\AppData\Local\Temp\ccHcmyHM.s:599    .text.getevent_ack_encode_apdu_end:0000000000000076 .L0 
C:\Users\zero6575\AppData\Local\Temp\ccHcmyHM.s:601    .text.getevent_ack_encode_apdu_end:0000000000000078 .L0 
C:\Users\zero6575\AppData\Local\Temp\ccHcmyHM.s:602    .text.getevent_ack_encode_apdu_end:0000000000000078 .L0 
C:\Users\zero6575\AppData\Local\Temp\ccHcmyHM.s:604    .text.getevent_ack_encode_apdu_end:000000000000007a .L0 
C:\Users\zero6575\AppData\Local\Temp\ccHcmyHM.s:606    .text.getevent_ack_encode_apdu_end:000000000000007c .L0 
C:\Users\zero6575\AppData\Local\Temp\ccHcmyHM.s:613    .text.getevent_ack_decode_service_request:0000000000000000 getevent_ack_decode_service_request
C:\Users\zero6575\AppData\Local\Temp\ccHcmyHM.s:616    .text.getevent_ack_decode_service_request:0000000000000000 .L0 
C:\Users\zero6575\AppData\Local\Temp\ccHcmyHM.s:617    .text.getevent_ack_decode_service_request:0000000000000000 .L0 
C:\Users\zero6575\AppData\Local\Temp\ccHcmyHM.s:618    .text.getevent_ack_decode_service_request:0000000000000002 .L0 
C:\Users\zero6575\AppData\Local\Temp\ccHcmyHM.s:621    .text.getevent_ack_decode_service_request:0000000000000006 .L0 
C:\Users\zero6575\AppData\Local\Temp\ccHcmyHM.s:622    .text.getevent_ack_decode_service_request:0000000000000006 .L0 
C:\Users\zero6575\AppData\Local\Temp\ccHcmyHM.s:624    .text.getevent_ack_decode_service_request:0000000000000008 .L0 
C:\Users\zero6575\AppData\Local\Temp\ccHcmyHM.s:631    .text.getevent_ack_decode_service_request:000000000000001a .L0 
C:\Users\zero6575\AppData\Local\Temp\ccHcmyHM.s:633    .text.getevent_ack_decode_service_request:000000000000001e .L0 
C:\Users\zero6575\AppData\Local\Temp\ccHcmyHM.s:635    .text.getevent_ack_decode_service_request:0000000000000022 .L0 
C:\Users\zero6575\AppData\Local\Temp\ccHcmyHM.s:637    .text.getevent_ack_decode_service_request:0000000000000026 .L0 
C:\Users\zero6575\AppData\Local\Temp\ccHcmyHM.s:639    .text.getevent_ack_decode_service_request:000000000000002a .L0 
C:\Users\zero6575\AppData\Local\Temp\ccHcmyHM.s:641    .text.getevent_ack_decode_service_request:000000000000002e .L0 
C:\Users\zero6575\AppData\Local\Temp\ccHcmyHM.s:644    .text.getevent_ack_decode_service_request:0000000000000036 .L0 
C:\Users\zero6575\AppData\Local\Temp\ccHcmyHM.s:647    .text.getevent_ack_decode_service_request:000000000000003e .L0 
C:\Users\zero6575\AppData\Local\Temp\ccHcmyHM.s:651    .text.getevent_ack_decode_service_request:0000000000000048 .L0 
C:\Users\zero6575\AppData\Local\Temp\ccHcmyHM.s:654    .text.getevent_ack_decode_service_request:0000000000000050 .L0 
C:\Users\zero6575\AppData\Local\Temp\ccHcmyHM.s:657    .text.getevent_ack_decode_service_request:0000000000000058 .L0 
C:\Users\zero6575\AppData\Local\Temp\ccHcmyHM.s:665    .text.getevent_ack_decode_service_request:0000000000000070 .L0 
C:\Users\zero6575\AppData\Local\Temp\ccHcmyHM.s:668    .text.getevent_ack_decode_service_request:0000000000000078 .L0 
C:\Users\zero6575\AppData\Local\Temp\ccHcmyHM.s:670    .text.getevent_ack_decode_service_request:000000000000007a .L0 
C:\Users\zero6575\AppData\Local\Temp\ccHcmyHM.s:674    .text.getevent_ack_decode_service_request:000000000000007e .L0 
C:\Users\zero6575\AppData\Local\Temp\ccHcmyHM.s:678    .text.getevent_ack_decode_service_request:0000000000000088 .L0 
C:\Users\zero6575\AppData\Local\Temp\ccHcmyHM.s:681    .text.getevent_ack_decode_service_request:000000000000008a .L0 
C:\Users\zero6575\AppData\Local\Temp\ccHcmyHM.s:689    .text.getevent_ack_decode_service_request:00000000000000a2 .L0 
C:\Users\zero6575\AppData\Local\Temp\ccHcmyHM.s:691    .text.getevent_ack_decode_service_request:00000000000000a4 .L0 
C:\Users\zero6575\AppData\Local\Temp\ccHcmyHM.s:703    .text.getevent_ack_decode_service_request:00000000000000c8 .L0 
C:\Users\zero6575\AppData\Local\Temp\ccHcmyHM.s:707    .text.getevent_ack_decode_service_request:00000000000000d2 .L0 
C:\Users\zero6575\AppData\Local\Temp\ccHcmyHM.s:720    .text.getevent_ack_decode_service_request:00000000000000f8 .L0 
C:\Users\zero6575\AppData\Local\Temp\ccHcmyHM.s:724    .text.getevent_ack_decode_service_request:0000000000000102 .L0 
C:\Users\zero6575\AppData\Local\Temp\ccHcmyHM.s:732    .text.getevent_ack_decode_service_request:000000000000011a .L0 
C:\Users\zero6575\AppData\Local\Temp\ccHcmyHM.s:736    .text.getevent_ack_decode_service_request:000000000000011e .L0 
C:\Users\zero6575\AppData\Local\Temp\ccHcmyHM.s:740    .text.getevent_ack_decode_service_request:0000000000000122 .L0 
C:\Users\zero6575\AppData\Local\Temp\ccHcmyHM.s:752    .text.getevent_ack_decode_service_request:0000000000000146 .L0 
C:\Users\zero6575\AppData\Local\Temp\ccHcmyHM.s:756    .text.getevent_ack_decode_service_request:0000000000000150 .L0 
C:\Users\zero6575\AppData\Local\Temp\ccHcmyHM.s:768    .text.getevent_ack_decode_service_request:0000000000000174 .L0 
C:\Users\zero6575\AppData\Local\Temp\ccHcmyHM.s:772    .text.getevent_ack_decode_service_request:000000000000017e .L0 
C:\Users\zero6575\AppData\Local\Temp\ccHcmyHM.s:776    .text.getevent_ack_decode_service_request:0000000000000188 .L0 
C:\Users\zero6575\AppData\Local\Temp\ccHcmyHM.s:784    .text.getevent_ack_decode_service_request:00000000000001a0 .L0 
C:\Users\zero6575\AppData\Local\Temp\ccHcmyHM.s:788    .text.getevent_ack_decode_service_request:00000000000001a4 .L0 
C:\Users\zero6575\AppData\Local\Temp\ccHcmyHM.s:792    .text.getevent_ack_decode_service_request:00000000000001a8 .L0 
C:\Users\zero6575\AppData\Local\Temp\ccHcmyHM.s:804    .text.getevent_ack_decode_service_request:00000000000001cc .L0 
C:\Users\zero6575\AppData\Local\Temp\ccHcmyHM.s:808    .text.getevent_ack_decode_service_request:00000000000001d6 .L0 
C:\Users\zero6575\AppData\Local\Temp\ccHcmyHM.s:821    .text.getevent_ack_decode_service_request:00000000000001fc .L0 
C:\Users\zero6575\AppData\Local\Temp\ccHcmyHM.s:825    .text.getevent_ack_decode_service_request:0000000000000206 .L0 
C:\Users\zero6575\AppData\Local\Temp\ccHcmyHM.s:833    .text.getevent_ack_decode_service_request:000000000000021e .L0 
C:\Users\zero6575\AppData\Local\Temp\ccHcmyHM.s:837    .text.getevent_ack_decode_service_request:0000000000000222 .L0 
C:\Users\zero6575\AppData\Local\Temp\ccHcmyHM.s:841    .text.getevent_ack_decode_service_request:0000000000000226 .L0 
C:\Users\zero6575\AppData\Local\Temp\ccHcmyHM.s:853    .text.getevent_ack_decode_service_request:000000000000024a .L0 
C:\Users\zero6575\AppData\Local\Temp\ccHcmyHM.s:857    .text.getevent_ack_decode_service_request:0000000000000254 .L0 
C:\Users\zero6575\AppData\Local\Temp\ccHcmyHM.s:859    .text.getevent_ack_decode_service_request:0000000000000258 .L0 
C:\Users\zero6575\AppData\Local\Temp\ccHcmyHM.s:862    .text.getevent_ack_decode_service_request:000000000000025a .L0 
C:\Users\zero6575\AppData\Local\Temp\ccHcmyHM.s:880    .text.getevent_ack_decode_service_request:000000000000028c .L0 
C:\Users\zero6575\AppData\Local\Temp\ccHcmyHM.s:884    .text.getevent_ack_decode_service_request:0000000000000296 .L0 
C:\Users\zero6575\AppData\Local\Temp\ccHcmyHM.s:889    .text.getevent_ack_decode_service_request:00000000000002a0 .L0 
C:\Users\zero6575\AppData\Local\Temp\ccHcmyHM.s:896    .text.getevent_ack_decode_service_request:00000000000002b0 .L0 
C:\Users\zero6575\AppData\Local\Temp\ccHcmyHM.s:900    .text.getevent_ack_decode_service_request:00000000000002b4 .L0 
C:\Users\zero6575\AppData\Local\Temp\ccHcmyHM.s:908    .text.getevent_ack_decode_service_request:00000000000002cc .L0 
C:\Users\zero6575\AppData\Local\Temp\ccHcmyHM.s:910    .text.getevent_ack_decode_service_request:00000000000002ce .L0 
C:\Users\zero6575\AppData\Local\Temp\ccHcmyHM.s:922    .text.getevent_ack_decode_service_request:00000000000002f2 .L0 
C:\Users\zero6575\AppData\Local\Temp\ccHcmyHM.s:926    .text.getevent_ack_decode_service_request:00000000000002fc .L0 
C:\Users\zero6575\AppData\Local\Temp\ccHcmyHM.s:934    .text.getevent_ack_decode_service_request:0000000000000314 .L0 
C:\Users\zero6575\AppData\Local\Temp\ccHcmyHM.s:938    .text.getevent_ack_decode_service_request:0000000000000318 .L0 
C:\Users\zero6575\AppData\Local\Temp\ccHcmyHM.s:942    .text.getevent_ack_decode_service_request:000000000000031c .L0 
C:\Users\zero6575\AppData\Local\Temp\ccHcmyHM.s:954    .text.getevent_ack_decode_service_request:0000000000000340 .L0 
C:\Users\zero6575\AppData\Local\Temp\ccHcmyHM.s:958    .text.getevent_ack_decode_service_request:000000000000034a .L0 
C:\Users\zero6575\AppData\Local\Temp\ccHcmyHM.s:970    .text.getevent_ack_decode_service_request:000000000000036e .L0 
C:\Users\zero6575\AppData\Local\Temp\ccHcmyHM.s:974    .text.getevent_ack_decode_service_request:0000000000000378 .L0 
C:\Users\zero6575\AppData\Local\Temp\ccHcmyHM.s:978    .text.getevent_ack_decode_service_request:0000000000000382 .L0 
C:\Users\zero6575\AppData\Local\Temp\ccHcmyHM.s:986    .text.getevent_ack_decode_service_request:000000000000039a .L0 
C:\Users\zero6575\AppData\Local\Temp\ccHcmyHM.s:990    .text.getevent_ack_decode_service_request:000000000000039e .L0 
C:\Users\zero6575\AppData\Local\Temp\ccHcmyHM.s:994    .text.getevent_ack_decode_service_request:00000000000003a2 .L0 
C:\Users\zero6575\AppData\Local\Temp\ccHcmyHM.s:1006   .text.getevent_ack_decode_service_request:00000000000003c6 .L0 
C:\Users\zero6575\AppData\Local\Temp\ccHcmyHM.s:1010   .text.getevent_ack_decode_service_request:00000000000003d0 .L0 
C:\Users\zero6575\AppData\Local\Temp\ccHcmyHM.s:1023   .text.getevent_ack_decode_service_request:00000000000003f8 .L0 
C:\Users\zero6575\AppData\Local\Temp\ccHcmyHM.s:1027   .text.getevent_ack_decode_service_request:0000000000000402 .L0 
C:\Users\zero6575\AppData\Local\Temp\ccHcmyHM.s:1035   .text.getevent_ack_decode_service_request:000000000000041a .L0 
C:\Users\zero6575\AppData\Local\Temp\ccHcmyHM.s:1039   .text.getevent_ack_decode_service_request:000000000000041e .L0 
C:\Users\zero6575\AppData\Local\Temp\ccHcmyHM.s:1043   .text.getevent_ack_decode_service_request:0000000000000422 .L0 
C:\Users\zero6575\AppData\Local\Temp\ccHcmyHM.s:1055   .text.getevent_ack_decode_service_request:0000000000000446 .L0 
C:\Users\zero6575\AppData\Local\Temp\ccHcmyHM.s:1059   .text.getevent_ack_decode_service_request:0000000000000450 .L0 
C:\Users\zero6575\AppData\Local\Temp\ccHcmyHM.s:1061   .text.getevent_ack_decode_service_request:0000000000000454 .L0 
C:\Users\zero6575\AppData\Local\Temp\ccHcmyHM.s:1064   .text.getevent_ack_decode_service_request:0000000000000456 .L0 
C:\Users\zero6575\AppData\Local\Temp\ccHcmyHM.s:1076   .text.getevent_ack_decode_service_request:000000000000047a .L0 
C:\Users\zero6575\AppData\Local\Temp\ccHcmyHM.s:1080   .text.getevent_ack_decode_service_request:0000000000000484 .L0 
C:\Users\zero6575\AppData\Local\Temp\ccHcmyHM.s:1096   .text.getevent_ack_decode_service_request:00000000000004b4 .L0 
C:\Users\zero6575\AppData\Local\Temp\ccHcmyHM.s:1100   .text.getevent_ack_decode_service_request:00000000000004be .L0 
C:\Users\zero6575\AppData\Local\Temp\ccHcmyHM.s:1105   .text.getevent_ack_decode_service_request:00000000000004c8 .L0 
C:\Users\zero6575\AppData\Local\Temp\ccHcmyHM.s:1112   .text.getevent_ack_decode_service_request:00000000000004d8 .L0 
C:\Users\zero6575\AppData\Local\Temp\ccHcmyHM.s:1116   .text.getevent_ack_decode_service_request:00000000000004dc .L0 
C:\Users\zero6575\AppData\Local\Temp\ccHcmyHM.s:1124   .text.getevent_ack_decode_service_request:00000000000004f4 .L0 
C:\Users\zero6575\AppData\Local\Temp\ccHcmyHM.s:1126   .text.getevent_ack_decode_service_request:00000000000004f6 .L0 
C:\Users\zero6575\AppData\Local\Temp\ccHcmyHM.s:1138   .text.getevent_ack_decode_service_request:000000000000051a .L0 
C:\Users\zero6575\AppData\Local\Temp\ccHcmyHM.s:1142   .text.getevent_ack_decode_service_request:0000000000000524 .L0 
C:\Users\zero6575\AppData\Local\Temp\ccHcmyHM.s:1150   .text.getevent_ack_decode_service_request:000000000000053c .L0 
C:\Users\zero6575\AppData\Local\Temp\ccHcmyHM.s:1154   .text.getevent_ack_decode_service_request:0000000000000540 .L0 
C:\Users\zero6575\AppData\Local\Temp\ccHcmyHM.s:1158   .text.getevent_ack_decode_service_request:0000000000000544 .L0 
C:\Users\zero6575\AppData\Local\Temp\ccHcmyHM.s:1170   .text.getevent_ack_decode_service_request:0000000000000568 .L0 
C:\Users\zero6575\AppData\Local\Temp\ccHcmyHM.s:1174   .text.getevent_ack_decode_service_request:0000000000000572 .L0 
C:\Users\zero6575\AppData\Local\Temp\ccHcmyHM.s:1178   .text.getevent_ack_decode_service_request:000000000000057a .L0 
C:\Users\zero6575\AppData\Local\Temp\ccHcmyHM.s:1183   .text.getevent_ack_decode_service_request:0000000000000584 .L0 
C:\Users\zero6575\AppData\Local\Temp\ccHcmyHM.s:1186   .text.getevent_ack_decode_service_request:000000000000058c .L0 
C:\Users\zero6575\AppData\Local\Temp\ccHcmyHM.s:1194   .text.getevent_ack_decode_service_request:00000000000005a4 .L0 
C:\Users\zero6575\AppData\Local\Temp\ccHcmyHM.s:1196   .text.getevent_ack_decode_service_request:00000000000005a6 .L0 
C:\Users\zero6575\AppData\Local\Temp\ccHcmyHM.s:1208   .text.getevent_ack_decode_service_request:00000000000005ca .L0 
C:\Users\zero6575\AppData\Local\Temp\ccHcmyHM.s:1212   .text.getevent_ack_decode_service_request:00000000000005d4 .L0 
C:\Users\zero6575\AppData\Local\Temp\ccHcmyHM.s:1214   .text.getevent_ack_decode_service_request:00000000000005d8 .L0 
C:\Users\zero6575\AppData\Local\Temp\ccHcmyHM.s:1218   .text.getevent_ack_decode_service_request:00000000000005e0 .L0 
C:\Users\zero6575\AppData\Local\Temp\ccHcmyHM.s:1223   .text.getevent_ack_decode_service_request:00000000000005ee .L0 
C:\Users\zero6575\AppData\Local\Temp\ccHcmyHM.s:1230   .text.getevent_ack_decode_service_request:0000000000000602 .L0 
C:\Users\zero6575\AppData\Local\Temp\ccHcmyHM.s:1235   .text.getevent_ack_decode_service_request:000000000000060c .L0 
C:\Users\zero6575\AppData\Local\Temp\ccHcmyHM.s:1240   .text.getevent_ack_decode_service_request:0000000000000616 .L0 
C:\Users\zero6575\AppData\Local\Temp\ccHcmyHM.s:1244   .text.getevent_ack_decode_service_request:000000000000061a .L0 
C:\Users\zero6575\AppData\Local\Temp\ccHcmyHM.s:1247   .text.getevent_ack_decode_service_request:000000000000061e .L0 
C:\Users\zero6575\AppData\Local\Temp\ccHcmyHM.s:1249   .text.getevent_ack_decode_service_request:0000000000000622 .L0 
C:\Users\zero6575\AppData\Local\Temp\ccHcmyHM.s:1251   .text.getevent_ack_decode_service_request:0000000000000624 .L0 
C:\Users\zero6575\AppData\Local\Temp\ccHcmyHM.s:1252   .text.getevent_ack_decode_service_request:0000000000000624 .L0 
C:\Users\zero6575\AppData\Local\Temp\ccHcmyHM.s:1254   .text.getevent_ack_decode_service_request:0000000000000626 .L0 
C:\Users\zero6575\AppData\Local\Temp\ccHcmyHM.s:1256   .text.getevent_ack_decode_service_request:0000000000000628 .L0 
C:\Users\zero6575\AppData\Local\Temp\ccHcmyHM.s:110    .text.getevent_encode_apdu:00000000000000be .L0 
C:\Users\zero6575\AppData\Local\Temp\ccHcmyHM.s:195    .text.getevent_decode_service_request:0000000000000098 .L0 
C:\Users\zero6575\AppData\Local\Temp\ccHcmyHM.s:272    .text.getevent_ack_encode_apdu_init:0000000000000088 .L0 
C:\Users\zero6575\AppData\Local\Temp\ccHcmyHM.s:540    .text.getevent_ack_encode_apdu_data:0000000000000276 .L0 
C:\Users\zero6575\AppData\Local\Temp\ccHcmyHM.s:609    .text.getevent_ack_encode_apdu_end:000000000000007c .L0 
C:\Users\zero6575\AppData\Local\Temp\ccHcmyHM.s:1259   .text.getevent_ack_decode_service_request:0000000000000628 .L0 
                     .debug_frame:0000000000000000 .L0 
C:\Users\zero6575\AppData\Local\Temp\ccHcmyHM.s:92     .text.getevent_encode_apdu:00000000000000ae .L2
C:\Users\zero6575\AppData\Local\Temp\ccHcmyHM.s:178    .text.getevent_decode_service_request:000000000000008a .L5
C:\Users\zero6575\AppData\Local\Temp\ccHcmyHM.s:160    .text.getevent_decode_service_request:000000000000005a .L6
C:\Users\zero6575\AppData\Local\Temp\ccHcmyHM.s:181    .text.getevent_decode_service_request:000000000000008e .L7
C:\Users\zero6575\AppData\Local\Temp\ccHcmyHM.s:256    .text.getevent_ack_encode_apdu_init:000000000000007a .L9
C:\Users\zero6575\AppData\Local\Temp\ccHcmyHM.s:524    .text.getevent_ack_encode_apdu_data:0000000000000268 .L12
C:\Users\zero6575\AppData\Local\Temp\ccHcmyHM.s:520    .text.getevent_ack_encode_apdu_data:0000000000000260 .L13
C:\Users\zero6575\AppData\Local\Temp\ccHcmyHM.s:403    .text.getevent_ack_encode_apdu_data:000000000000012e .L14
C:\Users\zero6575\AppData\Local\Temp\ccHcmyHM.s:376    .text.getevent_ack_encode_apdu_data:00000000000000e8 .L15
C:\Users\zero6575\AppData\Local\Temp\ccHcmyHM.s:497    .text.getevent_ack_encode_apdu_data:0000000000000224 .L16
C:\Users\zero6575\AppData\Local\Temp\ccHcmyHM.s:473    .text.getevent_ack_encode_apdu_data:00000000000001e4 .L17
C:\Users\zero6575\AppData\Local\Temp\ccHcmyHM.s:303    .text.getevent_ack_encode_apdu_data:000000000000002e .L18
C:\Users\zero6575\AppData\Local\Temp\ccHcmyHM.s:593    .text.getevent_ack_encode_apdu_end:000000000000006e .L21
C:\Users\zero6575\AppData\Local\Temp\ccHcmyHM.s:1242   .text.getevent_ack_decode_service_request:000000000000061a .L24
C:\Users\zero6575\AppData\Local\Temp\ccHcmyHM.s:672    .text.getevent_ack_decode_service_request:000000000000007e .L25
C:\Users\zero6575\AppData\Local\Temp\ccHcmyHM.s:1245   .text.getevent_ack_decode_service_request:000000000000061e .L55
C:\Users\zero6575\AppData\Local\Temp\ccHcmyHM.s:1181   .text.getevent_ack_decode_service_request:0000000000000584 .L27
C:\Users\zero6575\AppData\Local\Temp\ccHcmyHM.s:734    .text.getevent_ack_decode_service_request:000000000000011e .L28
C:\Users\zero6575\AppData\Local\Temp\ccHcmyHM.s:786    .text.getevent_ack_decode_service_request:00000000000001a4 .L30
C:\Users\zero6575\AppData\Local\Temp\ccHcmyHM.s:738    .text.getevent_ack_decode_service_request:0000000000000122 .L56
C:\Users\zero6575\AppData\Local\Temp\ccHcmyHM.s:835    .text.getevent_ack_decode_service_request:0000000000000222 .L32
C:\Users\zero6575\AppData\Local\Temp\ccHcmyHM.s:790    .text.getevent_ack_decode_service_request:00000000000001a8 .L57
C:\Users\zero6575\AppData\Local\Temp\ccHcmyHM.s:894    .text.getevent_ack_decode_service_request:00000000000002b0 .L34
C:\Users\zero6575\AppData\Local\Temp\ccHcmyHM.s:839    .text.getevent_ack_decode_service_request:0000000000000226 .L58
C:\Users\zero6575\AppData\Local\Temp\ccHcmyHM.s:887    .text.getevent_ack_decode_service_request:00000000000002a0 .L35
C:\Users\zero6575\AppData\Local\Temp\ccHcmyHM.s:860    .text.getevent_ack_decode_service_request:000000000000025a .L36
C:\Users\zero6575\AppData\Local\Temp\ccHcmyHM.s:898    .text.getevent_ack_decode_service_request:00000000000002b4 .L59
C:\Users\zero6575\AppData\Local\Temp\ccHcmyHM.s:936    .text.getevent_ack_decode_service_request:0000000000000318 .L38
C:\Users\zero6575\AppData\Local\Temp\ccHcmyHM.s:988    .text.getevent_ack_decode_service_request:000000000000039e .L40
C:\Users\zero6575\AppData\Local\Temp\ccHcmyHM.s:940    .text.getevent_ack_decode_service_request:000000000000031c .L60
C:\Users\zero6575\AppData\Local\Temp\ccHcmyHM.s:1037   .text.getevent_ack_decode_service_request:000000000000041e .L42
C:\Users\zero6575\AppData\Local\Temp\ccHcmyHM.s:992    .text.getevent_ack_decode_service_request:00000000000003a2 .L61
C:\Users\zero6575\AppData\Local\Temp\ccHcmyHM.s:1110   .text.getevent_ack_decode_service_request:00000000000004d8 .L44
C:\Users\zero6575\AppData\Local\Temp\ccHcmyHM.s:1041   .text.getevent_ack_decode_service_request:0000000000000422 .L62
C:\Users\zero6575\AppData\Local\Temp\ccHcmyHM.s:1103   .text.getevent_ack_decode_service_request:00000000000004c8 .L45
C:\Users\zero6575\AppData\Local\Temp\ccHcmyHM.s:1062   .text.getevent_ack_decode_service_request:0000000000000456 .L46
C:\Users\zero6575\AppData\Local\Temp\ccHcmyHM.s:1114   .text.getevent_ack_decode_service_request:00000000000004dc .L63
C:\Users\zero6575\AppData\Local\Temp\ccHcmyHM.s:1152   .text.getevent_ack_decode_service_request:0000000000000540 .L48
C:\Users\zero6575\AppData\Local\Temp\ccHcmyHM.s:1176   .text.getevent_ack_decode_service_request:000000000000057a .L50
C:\Users\zero6575\AppData\Local\Temp\ccHcmyHM.s:1156   .text.getevent_ack_decode_service_request:0000000000000544 .L64
C:\Users\zero6575\AppData\Local\Temp\ccHcmyHM.s:679    .text.getevent_ack_decode_service_request:000000000000008a .L51
C:\Users\zero6575\AppData\Local\Temp\ccHcmyHM.s:1238   .text.getevent_ack_decode_service_request:0000000000000616 .L52
C:\Users\zero6575\AppData\Local\Temp\ccHcmyHM.s:1233   .text.getevent_ack_decode_service_request:000000000000060c .L53
C:\Users\zero6575\AppData\Local\Temp\ccHcmyHM.s:3405   .debug_abbrev:0000000000000000 .Ldebug_abbrev0
C:\Users\zero6575\AppData\Local\Temp\ccHcmyHM.s:8754   .debug_str:0000000000003400 .LASF1310
C:\Users\zero6575\AppData\Local\Temp\ccHcmyHM.s:9920   .debug_str:00000000000072e7 .LASF1311
C:\Users\zero6575\AppData\Local\Temp\ccHcmyHM.s:9328   .debug_str:00000000000052af .LASF1312
C:\Users\zero6575\AppData\Local\Temp\ccHcmyHM.s:3922   .debug_ranges:0000000000000000 .Ldebug_ranges0
C:\Users\zero6575\AppData\Local\Temp\ccHcmyHM.s:7810   .debug_line:0000000000000000 .Ldebug_line0
C:\Users\zero6575\AppData\Local\Temp\ccHcmyHM.s:3938   .debug_macro:0000000000000000 .Ldebug_macro0
C:\Users\zero6575\AppData\Local\Temp\ccHcmyHM.s:9252   .debug_str:0000000000004ed1 .LASF1078
C:\Users\zero6575\AppData\Local\Temp\ccHcmyHM.s:7858   .debug_str:00000000000002b8 .LASF1081
C:\Users\zero6575\AppData\Local\Temp\ccHcmyHM.s:8436   .debug_str:00000000000021ac .LASF1079
C:\Users\zero6575\AppData\Local\Temp\ccHcmyHM.s:10394  .debug_str:0000000000008d97 .LASF1080
C:\Users\zero6575\AppData\Local\Temp\ccHcmyHM.s:8356   .debug_str:0000000000001df8 .LASF1082
C:\Users\zero6575\AppData\Local\Temp\ccHcmyHM.s:9248   .debug_str:0000000000004ea8 .LASF1083
C:\Users\zero6575\AppData\Local\Temp\ccHcmyHM.s:9884   .debug_str:0000000000007183 .LASF1084
C:\Users\zero6575\AppData\Local\Temp\ccHcmyHM.s:10362  .debug_str:0000000000008ba0 .LASF1085
C:\Users\zero6575\AppData\Local\Temp\ccHcmyHM.s:9434   .debug_str:00000000000058f0 .LASF1086
C:\Users\zero6575\AppData\Local\Temp\ccHcmyHM.s:9562   .debug_str:0000000000006070 .LASF1087
C:\Users\zero6575\AppData\Local\Temp\ccHcmyHM.s:8766   .debug_str:000000000000351d .LASF1088
C:\Users\zero6575\AppData\Local\Temp\ccHcmyHM.s:7942   .debug_str:0000000000000617 .LASF1089
C:\Users\zero6575\AppData\Local\Temp\ccHcmyHM.s:9514   .debug_str:0000000000005dd9 .LASF1090
C:\Users\zero6575\AppData\Local\Temp\ccHcmyHM.s:7824   .debug_str:00000000000000a5 .LASF1091
C:\Users\zero6575\AppData\Local\Temp\ccHcmyHM.s:8596   .debug_str:0000000000002bb3 .LASF1092
C:\Users\zero6575\AppData\Local\Temp\ccHcmyHM.s:8534   .debug_str:0000000000002821 .LASF1093
C:\Users\zero6575\AppData\Local\Temp\ccHcmyHM.s:10132  .debug_str:0000000000007e73 .LASF1094
C:\Users\zero6575\AppData\Local\Temp\ccHcmyHM.s:9818   .debug_str:0000000000006e8d .LASF1095
C:\Users\zero6575\AppData\Local\Temp\ccHcmyHM.s:9854   .debug_str:0000000000006fe3 .LASF1096
C:\Users\zero6575\AppData\Local\Temp\ccHcmyHM.s:9292   .debug_str:00000000000050b2 .LASF1097
C:\Users\zero6575\AppData\Local\Temp\ccHcmyHM.s:10334  .debug_str:0000000000008a11 .LASF1098
C:\Users\zero6575\AppData\Local\Temp\ccHcmyHM.s:9034   .debug_str:00000000000042dd .LASF1099
C:\Users\zero6575\AppData\Local\Temp\ccHcmyHM.s:9240   .debug_str:0000000000004e34 .LASF1100
C:\Users\zero6575\AppData\Local\Temp\ccHcmyHM.s:8804   .debug_str:0000000000003757 .LASF1101
C:\Users\zero6575\AppData\Local\Temp\ccHcmyHM.s:9546   .debug_str:0000000000005f13 .LASF1102
C:\Users\zero6575\AppData\Local\Temp\ccHcmyHM.s:9044   .debug_str:000000000000435f .LASF1103
C:\Users\zero6575\AppData\Local\Temp\ccHcmyHM.s:8960   .debug_str:0000000000003ee1 .LASF1104
C:\Users\zero6575\AppData\Local\Temp\ccHcmyHM.s:8446   .debug_str:0000000000002359 .LASF1105
C:\Users\zero6575\AppData\Local\Temp\ccHcmyHM.s:10134  .debug_str:0000000000007e8a .LASF1106
C:\Users\zero6575\AppData\Local\Temp\ccHcmyHM.s:10350  .debug_str:0000000000008b08 .LASF1107
C:\Users\zero6575\AppData\Local\Temp\ccHcmyHM.s:9592   .debug_str:00000000000061d9 .LASF1108
C:\Users\zero6575\AppData\Local\Temp\ccHcmyHM.s:8136   .debug_str:00000000000010a2 .LASF1109
C:\Users\zero6575\AppData\Local\Temp\ccHcmyHM.s:8146   .debug_str:0000000000001155 .LASF1110
C:\Users\zero6575\AppData\Local\Temp\ccHcmyHM.s:8124   .debug_str:0000000000000fbb .LASF1111
C:\Users\zero6575\AppData\Local\Temp\ccHcmyHM.s:9458   .debug_str:0000000000005a1b .LASF1112
C:\Users\zero6575\AppData\Local\Temp\ccHcmyHM.s:10358  .debug_str:0000000000008b54 .LASF1113
C:\Users\zero6575\AppData\Local\Temp\ccHcmyHM.s:8772   .debug_str:0000000000003550 .LASF1114
C:\Users\zero6575\AppData\Local\Temp\ccHcmyHM.s:7820   .debug_str:0000000000000073 .LASF1115
C:\Users\zero6575\AppData\Local\Temp\ccHcmyHM.s:8636   .debug_str:0000000000002d6e .LASF1116
C:\Users\zero6575\AppData\Local\Temp\ccHcmyHM.s:10348  .debug_str:0000000000008ae0 .LASF1117
C:\Users\zero6575\AppData\Local\Temp\ccHcmyHM.s:9716   .debug_str:00000000000068e6 .LASF1118
C:\Users\zero6575\AppData\Local\Temp\ccHcmyHM.s:8138   .debug_str:00000000000010c6 .LASF1119
C:\Users\zero6575\AppData\Local\Temp\ccHcmyHM.s:9558   .debug_str:0000000000005ff9 .LASF1120
C:\Users\zero6575\AppData\Local\Temp\ccHcmyHM.s:7836   .debug_str:0000000000000114 .LASF1121
C:\Users\zero6575\AppData\Local\Temp\ccHcmyHM.s:9856   .debug_str:0000000000006ff6 .LASF1122
C:\Users\zero6575\AppData\Local\Temp\ccHcmyHM.s:9112   .debug_str:0000000000004742 .LASF1123
C:\Users\zero6575\AppData\Local\Temp\ccHcmyHM.s:8816   .debug_str:00000000000037f2 .LASF1124
C:\Users\zero6575\AppData\Local\Temp\ccHcmyHM.s:9986   .debug_str:00000000000076e9 .LASF1125
C:\Users\zero6575\AppData\Local\Temp\ccHcmyHM.s:8820   .debug_str:0000000000003825 .LASF1126
C:\Users\zero6575\AppData\Local\Temp\ccHcmyHM.s:9494   .debug_str:0000000000005cb1 .LASF1127
C:\Users\zero6575\AppData\Local\Temp\ccHcmyHM.s:8822   .debug_str:000000000000384a .LASF1128
C:\Users\zero6575\AppData\Local\Temp\ccHcmyHM.s:7872   .debug_str:000000000000036a .LASF1129
C:\Users\zero6575\AppData\Local\Temp\ccHcmyHM.s:10316  .debug_str:000000000000893b .LASF1130
C:\Users\zero6575\AppData\Local\Temp\ccHcmyHM.s:7844   .debug_str:000000000000018b .LASF1131
C:\Users\zero6575\AppData\Local\Temp\ccHcmyHM.s:9036   .debug_str:00000000000042f5 .LASF1132
C:\Users\zero6575\AppData\Local\Temp\ccHcmyHM.s:10112  .debug_str:0000000000007d62 .LASF1133
C:\Users\zero6575\AppData\Local\Temp\ccHcmyHM.s:9404   .debug_str:000000000000575a .LASF1134
C:\Users\zero6575\AppData\Local\Temp\ccHcmyHM.s:8162   .debug_str:0000000000001220 .LASF1135
C:\Users\zero6575\AppData\Local\Temp\ccHcmyHM.s:8008   .debug_str:00000000000009bf .LASF1136
C:\Users\zero6575\AppData\Local\Temp\ccHcmyHM.s:10292  .debug_str:0000000000008848 .LASF1137
C:\Users\zero6575\AppData\Local\Temp\ccHcmyHM.s:7980   .debug_str:00000000000008bc .LASF1138
C:\Users\zero6575\AppData\Local\Temp\ccHcmyHM.s:10354  .debug_str:0000000000008b27 .LASF1139
C:\Users\zero6575\AppData\Local\Temp\ccHcmyHM.s:8756   .debug_str:00000000000034c8 .LASF1140
C:\Users\zero6575\AppData\Local\Temp\ccHcmyHM.s:10202  .debug_str:000000000000821a .LASF1141
C:\Users\zero6575\AppData\Local\Temp\ccHcmyHM.s:9538   .debug_str:0000000000005ec5 .LASF1142
C:\Users\zero6575\AppData\Local\Temp\ccHcmyHM.s:8742   .debug_str:0000000000003346 .LASF1146
C:\Users\zero6575\AppData\Local\Temp\ccHcmyHM.s:8334   .debug_str:0000000000001cec .LASF1143
C:\Users\zero6575\AppData\Local\Temp\ccHcmyHM.s:8908   .debug_str:0000000000003c26 .LASF1144
C:\Users\zero6575\AppData\Local\Temp\ccHcmyHM.s:8088   .debug_str:0000000000000dda .LASF1145
C:\Users\zero6575\AppData\Local\Temp\ccHcmyHM.s:8210   .debug_str:00000000000016b9 .LASF1147
C:\Users\zero6575\AppData\Local\Temp\ccHcmyHM.s:8954   .debug_str:0000000000003ebe .LASF1148
C:\Users\zero6575\AppData\Local\Temp\ccHcmyHM.s:8062   .debug_str:0000000000000ce4 .LASF1149
C:\Users\zero6575\AppData\Local\Temp\ccHcmyHM.s:8812   .debug_str:00000000000037de .LASF1150
C:\Users\zero6575\AppData\Local\Temp\ccHcmyHM.s:9030   .debug_str:00000000000042ba .LASF1151
C:\Users\zero6575\AppData\Local\Temp\ccHcmyHM.s:9220   .debug_str:0000000000004cce .LASF1152
C:\Users\zero6575\AppData\Local\Temp\ccHcmyHM.s:8042   .debug_str:0000000000000b94 .LASF1153
C:\Users\zero6575\AppData\Local\Temp\ccHcmyHM.s:8376   .debug_str:0000000000001ee7 .LASF1154
C:\Users\zero6575\AppData\Local\Temp\ccHcmyHM.s:10012  .debug_str:0000000000007831 .LASF1155
C:\Users\zero6575\AppData\Local\Temp\ccHcmyHM.s:9720   .debug_str:0000000000006923 .LASF1156
C:\Users\zero6575\AppData\Local\Temp\ccHcmyHM.s:9892   .debug_str:00000000000071d6 .LASF1157
C:\Users\zero6575\AppData\Local\Temp\ccHcmyHM.s:9418   .debug_str:00000000000057f8 .LASF1158
C:\Users\zero6575\AppData\Local\Temp\ccHcmyHM.s:10192  .debug_str:000000000000814b .LASF1159
C:\Users\zero6575\AppData\Local\Temp\ccHcmyHM.s:8616   .debug_str:0000000000002c60 .LASF1160
C:\Users\zero6575\AppData\Local\Temp\ccHcmyHM.s:8432   .debug_str:0000000000002194 .LASF1161
C:\Users\zero6575\AppData\Local\Temp\ccHcmyHM.s:8934   .debug_str:0000000000003ded .LASF1162
C:\Users\zero6575\AppData\Local\Temp\ccHcmyHM.s:9302   .debug_str:000000000000512a .LASF1163
C:\Users\zero6575\AppData\Local\Temp\ccHcmyHM.s:9614   .debug_str:000000000000633a .LASF386
C:\Users\zero6575\AppData\Local\Temp\ccHcmyHM.s:9508   .debug_str:0000000000005d7a .LASF1164
C:\Users\zero6575\AppData\Local\Temp\ccHcmyHM.s:9934   .debug_str:00000000000073c3 .LASF1165
C:\Users\zero6575\AppData\Local\Temp\ccHcmyHM.s:9902   .debug_str:000000000000722c .LASF1166
C:\Users\zero6575\AppData\Local\Temp\ccHcmyHM.s:8846   .debug_str:0000000000003935 .LASF1167
C:\Users\zero6575\AppData\Local\Temp\ccHcmyHM.s:9236   .debug_str:0000000000004df9 .LASF1168
C:\Users\zero6575\AppData\Local\Temp\ccHcmyHM.s:8854   .debug_str:000000000000398e .LASF1169
C:\Users\zero6575\AppData\Local\Temp\ccHcmyHM.s:8738   .debug_str:0000000000003323 .LASF1170
C:\Users\zero6575\AppData\Local\Temp\ccHcmyHM.s:9820   .debug_str:0000000000006ea3 .LASF1171
C:\Users\zero6575\AppData\Local\Temp\ccHcmyHM.s:9136   .debug_str:00000000000048b6 .LASF1172
C:\Users\zero6575\AppData\Local\Temp\ccHcmyHM.s:9390   .debug_str:0000000000005661 .LASF1173
C:\Users\zero6575\AppData\Local\Temp\ccHcmyHM.s:8840   .debug_str:0000000000003915 .LASF1174
C:\Users\zero6575\AppData\Local\Temp\ccHcmyHM.s:8764   .debug_str:0000000000003515 .LASF1175
C:\Users\zero6575\AppData\Local\Temp\ccHcmyHM.s:9898   .debug_str:0000000000007213 .LASF1176
C:\Users\zero6575\AppData\Local\Temp\ccHcmyHM.s:8044   .debug_str:0000000000000b99 .LASF1177
C:\Users\zero6575\AppData\Local\Temp\ccHcmyHM.s:9152   .debug_str:000000000000491f .LASF1178
C:\Users\zero6575\AppData\Local\Temp\ccHcmyHM.s:9416   .debug_str:00000000000057e6 .LASF1179
C:\Users\zero6575\AppData\Local\Temp\ccHcmyHM.s:10150  .debug_str:0000000000007f6c .LASF1180
C:\Users\zero6575\AppData\Local\Temp\ccHcmyHM.s:9666   .debug_str:000000000000665e .LASF1181
C:\Users\zero6575\AppData\Local\Temp\ccHcmyHM.s:8946   .debug_str:0000000000003e62 .LASF1182
C:\Users\zero6575\AppData\Local\Temp\ccHcmyHM.s:9518   .debug_str:0000000000005dec .LASF1183
C:\Users\zero6575\AppData\Local\Temp\ccHcmyHM.s:10318  .debug_str:000000000000896a .LASF1184
C:\Users\zero6575\AppData\Local\Temp\ccHcmyHM.s:8460   .debug_str:00000000000023f6 .LASF1185
C:\Users\zero6575\AppData\Local\Temp\ccHcmyHM.s:8304   .debug_str:0000000000001b60 .LASF1186
C:\Users\zero6575\AppData\Local\Temp\ccHcmyHM.s:9046   .debug_str:0000000000004373 .LASF1187
C:\Users\zero6575\AppData\Local\Temp\ccHcmyHM.s:10322  .debug_str:00000000000089a7 .LASF1188
C:\Users\zero6575\AppData\Local\Temp\ccHcmyHM.s:8844   .debug_str:000000000000392b .LASF1189
C:\Users\zero6575\AppData\Local\Temp\ccHcmyHM.s:8888   .debug_str:0000000000003b2a .LASF1190
C:\Users\zero6575\AppData\Local\Temp\ccHcmyHM.s:7912   .debug_str:000000000000051e .LASF1191
C:\Users\zero6575\AppData\Local\Temp\ccHcmyHM.s:8582   .debug_str:0000000000002ab7 .LASF1192
C:\Users\zero6575\AppData\Local\Temp\ccHcmyHM.s:8424   .debug_str:000000000000213b .LASF1193
C:\Users\zero6575\AppData\Local\Temp\ccHcmyHM.s:8324   .debug_str:0000000000001c45 .LASF1194
C:\Users\zero6575\AppData\Local\Temp\ccHcmyHM.s:8426   .debug_str:0000000000002145 .LASF1195
C:\Users\zero6575\AppData\Local\Temp\ccHcmyHM.s:9056   .debug_str:0000000000004401 .LASF1196
C:\Users\zero6575\AppData\Local\Temp\ccHcmyHM.s:8906   .debug_str:0000000000003c1e .LASF1197
C:\Users\zero6575\AppData\Local\Temp\ccHcmyHM.s:8408   .debug_str:0000000000002062 .LASF1198
C:\Users\zero6575\AppData\Local\Temp\ccHcmyHM.s:7916   .debug_str:0000000000000538 .LASF1199
C:\Users\zero6575\AppData\Local\Temp\ccHcmyHM.s:9906   .debug_str:000000000000726a .LASF1200
C:\Users\zero6575\AppData\Local\Temp\ccHcmyHM.s:7884   .debug_str:00000000000003f5 .LASF1201
C:\Users\zero6575\AppData\Local\Temp\ccHcmyHM.s:7928   .debug_str:0000000000000585 .LASF1202
C:\Users\zero6575\AppData\Local\Temp\ccHcmyHM.s:9842   .debug_str:0000000000006f78 .LASF1203
C:\Users\zero6575\AppData\Local\Temp\ccHcmyHM.s:7812   .debug_str:0000000000000000 .LASF1204
C:\Users\zero6575\AppData\Local\Temp\ccHcmyHM.s:9336   .debug_str:000000000000533e .LASF1205
C:\Users\zero6575\AppData\Local\Temp\ccHcmyHM.s:8268   .debug_str:000000000000194c .LASF1206
C:\Users\zero6575\AppData\Local\Temp\ccHcmyHM.s:8494   .debug_str:00000000000025b7 .LASF1207
C:\Users\zero6575\AppData\Local\Temp\ccHcmyHM.s:8106   .debug_str:0000000000000ec0 .LASF1208
C:\Users\zero6575\AppData\Local\Temp\ccHcmyHM.s:7960   .debug_str:0000000000000757 .LASF1209
C:\Users\zero6575\AppData\Local\Temp\ccHcmyHM.s:9822   .debug_str:0000000000006eab .LASF1210
C:\Users\zero6575\AppData\Local\Temp\ccHcmyHM.s:8164   .debug_str:000000000000123b .LASF1211
C:\Users\zero6575\AppData\Local\Temp\ccHcmyHM.s:8206   .debug_str:00000000000016ac .LASF1212
C:\Users\zero6575\AppData\Local\Temp\ccHcmyHM.s:8242   .debug_str:000000000000183f .LASF1213
C:\Users\zero6575\AppData\Local\Temp\ccHcmyHM.s:8876   .debug_str:0000000000003acc .LASF1214
C:\Users\zero6575\AppData\Local\Temp\ccHcmyHM.s:8656   .debug_str:0000000000002efd .LASF1215
C:\Users\zero6575\AppData\Local\Temp\ccHcmyHM.s:8438   .debug_str:00000000000021ba .LASF1216
C:\Users\zero6575\AppData\Local\Temp\ccHcmyHM.s:8402   .debug_str:0000000000002034 .LASF1217
C:\Users\zero6575\AppData\Local\Temp\ccHcmyHM.s:7926   .debug_str:0000000000000580 .LASF1218
C:\Users\zero6575\AppData\Local\Temp\ccHcmyHM.s:9486   .debug_str:0000000000005bf9 .LASF1219
C:\Users\zero6575\AppData\Local\Temp\ccHcmyHM.s:10118  .debug_str:0000000000007db2 .LASF1220
C:\Users\zero6575\AppData\Local\Temp\ccHcmyHM.s:10096  .debug_str:0000000000007c4c .LASF1221
C:\Users\zero6575\AppData\Local\Temp\ccHcmyHM.s:10228  .debug_str:00000000000083be .LASF1222
C:\Users\zero6575\AppData\Local\Temp\ccHcmyHM.s:9798   .debug_str:0000000000006d81 .LASF1223
C:\Users\zero6575\AppData\Local\Temp\ccHcmyHM.s:10046  .debug_str:00000000000079db .LASF1224
C:\Users\zero6575\AppData\Local\Temp\ccHcmyHM.s:7986   .debug_str:0000000000000901 .LASF1225
C:\Users\zero6575\AppData\Local\Temp\ccHcmyHM.s:8790   .debug_str:00000000000036c2 .LASF1226
C:\Users\zero6575\AppData\Local\Temp\ccHcmyHM.s:10366  .debug_str:0000000000008bd7 .LASF1227
C:\Users\zero6575\AppData\Local\Temp\ccHcmyHM.s:8758   .debug_str:00000000000034cf .LASF1228
C:\Users\zero6575\AppData\Local\Temp\ccHcmyHM.s:9384   .debug_str:000000000000562b .LASF1229
C:\Users\zero6575\AppData\Local\Temp\ccHcmyHM.s:7992   .debug_str:000000000000092c .LASF1230
C:\Users\zero6575\AppData\Local\Temp\ccHcmyHM.s:9790   .debug_str:0000000000006d30 .LASF1231
C:\Users\zero6575\AppData\Local\Temp\ccHcmyHM.s:8258   .debug_str:00000000000018d2 .LASF1232
C:\Users\zero6575\AppData\Local\Temp\ccHcmyHM.s:8464   .debug_str:0000000000002434 .LASF1233
C:\Users\zero6575\AppData\Local\Temp\ccHcmyHM.s:8956   .debug_str:0000000000003ec3 .LASF1234
C:\Users\zero6575\AppData\Local\Temp\ccHcmyHM.s:9834   .debug_str:0000000000006f3c .LASF1235
C:\Users\zero6575\AppData\Local\Temp\ccHcmyHM.s:8970   .debug_str:0000000000003f30 .LASF1236
C:\Users\zero6575\AppData\Local\Temp\ccHcmyHM.s:10406  .debug_str:0000000000008e0a .LASF1237
C:\Users\zero6575\AppData\Local\Temp\ccHcmyHM.s:8516   .debug_str:0000000000002710 .LASF1238
C:\Users\zero6575\AppData\Local\Temp\ccHcmyHM.s:9222   .debug_str:0000000000004cda .LASF1239
C:\Users\zero6575\AppData\Local\Temp\ccHcmyHM.s:9612   .debug_str:0000000000006333 .LASF1240
C:\Users\zero6575\AppData\Local\Temp\ccHcmyHM.s:9784   .debug_str:0000000000006cff .LASF1241
C:\Users\zero6575\AppData\Local\Temp\ccHcmyHM.s:8032   .debug_str:0000000000000b33 .LASF1242
C:\Users\zero6575\AppData\Local\Temp\ccHcmyHM.s:9778   .debug_str:0000000000006cc3 .LASF1243
C:\Users\zero6575\AppData\Local\Temp\ccHcmyHM.s:9310   .debug_str:000000000000516c .LASF1244
C:\Users\zero6575\AppData\Local\Temp\ccHcmyHM.s:8030   .debug_str:0000000000000b2d .LASF1245
C:\Users\zero6575\AppData\Local\Temp\ccHcmyHM.s:7880   .debug_str:00000000000003de .LASF1246
C:\Users\zero6575\AppData\Local\Temp\ccHcmyHM.s:10210  .debug_str:000000000000829e .LASF1247
C:\Users\zero6575\AppData\Local\Temp\ccHcmyHM.s:10308  .debug_str:0000000000008908 .LASF1248
C:\Users\zero6575\AppData\Local\Temp\ccHcmyHM.s:9618   .debug_str:00000000000063e7 .LASF1249
C:\Users\zero6575\AppData\Local\Temp\ccHcmyHM.s:8868   .debug_str:0000000000003a6e .LASF1250
C:\Users\zero6575\AppData\Local\Temp\ccHcmyHM.s:9484   .debug_str:0000000000005bf3 .LASF1251
C:\Users\zero6575\AppData\Local\Temp\ccHcmyHM.s:10416  .debug_str:0000000000008e61 .LASF1252
C:\Users\zero6575\AppData\Local\Temp\ccHcmyHM.s:9218   .debug_str:0000000000004cc8 .LASF1253
C:\Users\zero6575\AppData\Local\Temp\ccHcmyHM.s:8602   .debug_str:0000000000002be9 .LASF1254
C:\Users\zero6575\AppData\Local\Temp\ccHcmyHM.s:8104   .debug_str:0000000000000ebb .LASF1255
C:\Users\zero6575\AppData\Local\Temp\ccHcmyHM.s:9502   .debug_str:0000000000005cf7 .LASF1256
C:\Users\zero6575\AppData\Local\Temp\ccHcmyHM.s:10024  .debug_str:00000000000078cc .LASF1257
C:\Users\zero6575\AppData\Local\Temp\ccHcmyHM.s:9912   .debug_str:0000000000007299 .LASF1258
C:\Users\zero6575\AppData\Local\Temp\ccHcmyHM.s:8404   .debug_str:000000000000203c .LASF1259
C:\Users\zero6575\AppData\Local\Temp\ccHcmyHM.s:8398   .debug_str:0000000000002019 .LASF1260
C:\Users\zero6575\AppData\Local\Temp\ccHcmyHM.s:9924   .debug_str:000000000000733a .LASF1261
C:\Users\zero6575\AppData\Local\Temp\ccHcmyHM.s:9054   .debug_str:00000000000043f7 .LASF1262
C:\Users\zero6575\AppData\Local\Temp\ccHcmyHM.s:9672   .debug_str:00000000000066b8 .LASF1263
C:\Users\zero6575\AppData\Local\Temp\ccHcmyHM.s:9186   .debug_str:0000000000004b5d .LASF1264
C:\Users\zero6575\AppData\Local\Temp\ccHcmyHM.s:9788   .debug_str:0000000000006d23 .LASF1265
C:\Users\zero6575\AppData\Local\Temp\ccHcmyHM.s:9446   .debug_str:0000000000005967 .LASF1266
C:\Users\zero6575\AppData\Local\Temp\ccHcmyHM.s:8276   .debug_str:00000000000019c6 .LASF1267
C:\Users\zero6575\AppData\Local\Temp\ccHcmyHM.s:9346   .debug_str:0000000000005387 .LASF1268
C:\Users\zero6575\AppData\Local\Temp\ccHcmyHM.s:9722   .debug_str:0000000000006933 .LASF1269
C:\Users\zero6575\AppData\Local\Temp\ccHcmyHM.s:8624   .debug_str:0000000000002ca5 .LASF1270
C:\Users\zero6575\AppData\Local\Temp\ccHcmyHM.s:8842   .debug_str:000000000000391c .LASF1271
C:\Users\zero6575\AppData\Local\Temp\ccHcmyHM.s:8456   .debug_str:00000000000023cf .LASF1272
C:\Users\zero6575\AppData\Local\Temp\ccHcmyHM.s:9084   .debug_str:0000000000004577 .LASF1273
C:\Users\zero6575\AppData\Local\Temp\ccHcmyHM.s:9400   .debug_str:0000000000005710 .LASF1274
C:\Users\zero6575\AppData\Local\Temp\ccHcmyHM.s:9792   .debug_str:0000000000006d38 .LASF1313
C:\Users\zero6575\AppData\Local\Temp\ccHcmyHM.s:8482   .debug_str:000000000000250e .LASF1275
C:\Users\zero6575\AppData\Local\Temp\ccHcmyHM.s:10158  .debug_str:0000000000007fa5 .LASF1276
C:\Users\zero6575\AppData\Local\Temp\ccHcmyHM.s:10098  .debug_str:0000000000007c65 .LASF1277
C:\Users\zero6575\AppData\Local\Temp\ccHcmyHM.s:9774   .debug_str:0000000000006ca9 .LASF1278
C:\Users\zero6575\AppData\Local\Temp\ccHcmyHM.s:10090  .debug_str:0000000000007c09 .LASF1279
C:\Users\zero6575\AppData\Local\Temp\ccHcmyHM.s:7922   .debug_str:0000000000000565 .LASF1280
C:\Users\zero6575\AppData\Local\Temp\ccHcmyHM.s:7868   .debug_str:0000000000000351 .LASF1281
C:\Users\zero6575\AppData\Local\Temp\ccHcmyHM.s:8466   .debug_str:000000000000243a .LASF1282
C:\Users\zero6575\AppData\Local\Temp\ccHcmyHM.s:9840   .debug_str:0000000000006f71 .LASF1283
C:\Users\zero6575\AppData\Local\Temp\ccHcmyHM.s:10220  .debug_str:000000000000834e .LASF1284
C:\Users\zero6575\AppData\Local\Temp\ccHcmyHM.s:8300   .debug_str:0000000000001b36 .LASF1285
C:\Users\zero6575\AppData\Local\Temp\ccHcmyHM.s:8992   .debug_str:000000000000408d .LASF1286
C:\Users\zero6575\AppData\Local\Temp\ccHcmyHM.s:8576   .debug_str:0000000000002a5e .LASF1287
C:\Users\zero6575\AppData\Local\Temp\ccHcmyHM.s:10300  .debug_str:00000000000088a6 .LASF1288
C:\Users\zero6575\AppData\Local\Temp\ccHcmyHM.s:9146   .debug_str:00000000000048ef .LASF1289
C:\Users\zero6575\AppData\Local\Temp\ccHcmyHM.s:8664   .debug_str:0000000000002f67 .LASF1290
C:\Users\zero6575\AppData\Local\Temp\ccHcmyHM.s:8782   .debug_str:0000000000003627 .LASF1291
C:\Users\zero6575\AppData\Local\Temp\ccHcmyHM.s:7966   .debug_str:00000000000007bf .LASF1292
C:\Users\zero6575\AppData\Local\Temp\ccHcmyHM.s:9838   .debug_str:0000000000006f4f .LASF1293
C:\Users\zero6575\AppData\Local\Temp\ccHcmyHM.s:9622   .debug_str:00000000000063fc .LASF1302
C:\Users\zero6575\AppData\Local\Temp\ccHcmyHM.s:614    .text.getevent_ack_decode_service_request:0000000000000000 .LFB8
C:\Users\zero6575\AppData\Local\Temp\ccHcmyHM.s:1257   .text.getevent_ack_decode_service_request:0000000000000628 .LFE8
C:\Users\zero6575\AppData\Local\Temp\ccHcmyHM.s:9144   .debug_str:00000000000048ea .LASF1294
C:\Users\zero6575\AppData\Local\Temp\ccHcmyHM.s:8984   .debug_str:0000000000003ffa .LASF1295
C:\Users\zero6575\AppData\Local\Temp\ccHcmyHM.s:9122   .debug_str:00000000000047b2 .LASF1296
C:\Users\zero6575\AppData\Local\Temp\ccHcmyHM.s:8768   .debug_str:0000000000003525 .LASF1297
C:\Users\zero6575\AppData\Local\Temp\ccHcmyHM.s:8880   .debug_str:0000000000003adf .LASF1298
C:\Users\zero6575\AppData\Local\Temp\ccHcmyHM.s:8510   .debug_str:00000000000026bf .LASF1299
C:\Users\zero6575\AppData\Local\Temp\ccHcmyHM.s:9322   .debug_str:000000000000526d .LASF1300
C:\Users\zero6575\AppData\Local\Temp\ccHcmyHM.s:9114   .debug_str:0000000000004762 .LASF1301
C:\Users\zero6575\AppData\Local\Temp\ccHcmyHM.s:10178  .debug_str:0000000000008087 .LASF1303
C:\Users\zero6575\AppData\Local\Temp\ccHcmyHM.s:545    .text.getevent_ack_encode_apdu_end:0000000000000000 .LFB7
C:\Users\zero6575\AppData\Local\Temp\ccHcmyHM.s:607    .text.getevent_ack_encode_apdu_end:000000000000007c .LFE7
C:\Users\zero6575\AppData\Local\Temp\ccHcmyHM.s:9766   .debug_str:0000000000006c34 .LASF1304
C:\Users\zero6575\AppData\Local\Temp\ccHcmyHM.s:7944   .debug_str:0000000000000620 .LASF1305
C:\Users\zero6575\AppData\Local\Temp\ccHcmyHM.s:277    .text.getevent_ack_encode_apdu_data:0000000000000000 .LFB6
C:\Users\zero6575\AppData\Local\Temp\ccHcmyHM.s:538    .text.getevent_ack_encode_apdu_data:0000000000000276 .LFE6
C:\Users\zero6575\AppData\Local\Temp\ccHcmyHM.s:9290   .debug_str:0000000000005094 .LASF1306
C:\Users\zero6575\AppData\Local\Temp\ccHcmyHM.s:200    .text.getevent_ack_encode_apdu_init:0000000000000000 .LFB5
C:\Users\zero6575\AppData\Local\Temp\ccHcmyHM.s:270    .text.getevent_ack_encode_apdu_init:0000000000000088 .LFE5
C:\Users\zero6575\AppData\Local\Temp\ccHcmyHM.s:7852   .debug_str:000000000000026a .LASF1307
C:\Users\zero6575\AppData\Local\Temp\ccHcmyHM.s:8770   .debug_str:0000000000003530 .LASF1308
C:\Users\zero6575\AppData\Local\Temp\ccHcmyHM.s:115    .text.getevent_decode_service_request:0000000000000000 .LFB4
C:\Users\zero6575\AppData\Local\Temp\ccHcmyHM.s:193    .text.getevent_decode_service_request:0000000000000098 .LFE4
C:\Users\zero6575\AppData\Local\Temp\ccHcmyHM.s:9382   .debug_str:000000000000560e .LASF1309
C:\Users\zero6575\AppData\Local\Temp\ccHcmyHM.s:9014   .debug_str:0000000000004184 .LASF1314
C:\Users\zero6575\AppData\Local\Temp\ccHcmyHM.s:14     .text.getevent_encode_apdu:0000000000000000 .LFB3
C:\Users\zero6575\AppData\Local\Temp\ccHcmyHM.s:108    .text.getevent_encode_apdu:00000000000000be .LFE3
C:\Users\zero6575\AppData\Local\Temp\ccHcmyHM.s:1274   .debug_info:0000000000000000 .Ldebug_info0
C:\Users\zero6575\AppData\Local\Temp\ccHcmyHM.s:4408   .debug_macro:0000000000000000 .Ldebug_macro2
C:\Users\zero6575\AppData\Local\Temp\ccHcmyHM.s:9836   .debug_str:0000000000006f44 .LASF342
C:\Users\zero6575\AppData\Local\Temp\ccHcmyHM.s:9728   .debug_str:0000000000006980 .LASF343
C:\Users\zero6575\AppData\Local\Temp\ccHcmyHM.s:9900   .debug_str:000000000000721b .LASF344
C:\Users\zero6575\AppData\Local\Temp\ccHcmyHM.s:5439   .debug_macro:0000000000000000 .Ldebug_macro3
C:\Users\zero6575\AppData\Local\Temp\ccHcmyHM.s:5459   .debug_macro:0000000000000000 .Ldebug_macro4
C:\Users\zero6575\AppData\Local\Temp\ccHcmyHM.s:5524   .debug_macro:0000000000000000 .Ldebug_macro5
C:\Users\zero6575\AppData\Local\Temp\ccHcmyHM.s:5565   .debug_macro:0000000000000000 .Ldebug_macro6
C:\Users\zero6575\AppData\Local\Temp\ccHcmyHM.s:5687   .debug_macro:0000000000000000 .Ldebug_macro7
C:\Users\zero6575\AppData\Local\Temp\ccHcmyHM.s:5743   .debug_macro:0000000000000000 .Ldebug_macro8
C:\Users\zero6575\AppData\Local\Temp\ccHcmyHM.s:8864   .debug_str:0000000000003a50 .LASF498
C:\Users\zero6575\AppData\Local\Temp\ccHcmyHM.s:10310  .debug_str:000000000000890f .LASF499
C:\Users\zero6575\AppData\Local\Temp\ccHcmyHM.s:8574   .debug_str:0000000000002a52 .LASF500
C:\Users\zero6575\AppData\Local\Temp\ccHcmyHM.s:5955   .debug_macro:0000000000000000 .Ldebug_macro9
C:\Users\zero6575\AppData\Local\Temp\ccHcmyHM.s:5975   .debug_macro:0000000000000000 .Ldebug_macro10
C:\Users\zero6575\AppData\Local\Temp\ccHcmyHM.s:9510   .debug_str:0000000000005d95 .LASF559
C:\Users\zero6575\AppData\Local\Temp\ccHcmyHM.s:6139   .debug_macro:0000000000000000 .Ldebug_macro11
C:\Users\zero6575\AppData\Local\Temp\ccHcmyHM.s:6267   .debug_macro:0000000000000000 .Ldebug_macro12
C:\Users\zero6575\AppData\Local\Temp\ccHcmyHM.s:10236  .debug_str:0000000000008446 .LASF625
C:\Users\zero6575\AppData\Local\Temp\ccHcmyHM.s:9548   .debug_str:0000000000005f38 .LASF626
C:\Users\zero6575\AppData\Local\Temp\ccHcmyHM.s:9330   .debug_str:000000000000530b .LASF627
C:\Users\zero6575\AppData\Local\Temp\ccHcmyHM.s:9846   .debug_str:0000000000006f95 .LASF628
C:\Users\zero6575\AppData\Local\Temp\ccHcmyHM.s:6344   .debug_macro:0000000000000000 .Ldebug_macro13
C:\Users\zero6575\AppData\Local\Temp\ccHcmyHM.s:6478   .debug_macro:0000000000000000 .Ldebug_macro14
C:\Users\zero6575\AppData\Local\Temp\ccHcmyHM.s:8878   .debug_str:0000000000003ad3 .LASF677
C:\Users\zero6575\AppData\Local\Temp\ccHcmyHM.s:9768   .debug_str:0000000000006c3d .LASF678
C:\Users\zero6575\AppData\Local\Temp\ccHcmyHM.s:8544   .debug_str:00000000000028d2 .LASF679
C:\Users\zero6575\AppData\Local\Temp\ccHcmyHM.s:9172   .debug_str:0000000000004a41 .LASF680
C:\Users\zero6575\AppData\Local\Temp\ccHcmyHM.s:9242   .debug_str:0000000000004e47 .LASF681
C:\Users\zero6575\AppData\Local\Temp\ccHcmyHM.s:8184   .debug_str:00000000000015b6 .LASF682
C:\Users\zero6575\AppData\Local\Temp\ccHcmyHM.s:6498   .debug_macro:0000000000000000 .Ldebug_macro15
C:\Users\zero6575\AppData\Local\Temp\ccHcmyHM.s:9436   .debug_str:00000000000058f9 .LASF693
C:\Users\zero6575\AppData\Local\Temp\ccHcmyHM.s:6533   .debug_macro:0000000000000000 .Ldebug_macro16
C:\Users\zero6575\AppData\Local\Temp\ccHcmyHM.s:6547   .debug_macro:0000000000000000 .Ldebug_macro17
C:\Users\zero6575\AppData\Local\Temp\ccHcmyHM.s:6576   .debug_macro:0000000000000000 .Ldebug_macro18
C:\Users\zero6575\AppData\Local\Temp\ccHcmyHM.s:6605   .debug_macro:0000000000000000 .Ldebug_macro19
C:\Users\zero6575\AppData\Local\Temp\ccHcmyHM.s:9646   .debug_str:000000000000659d .LASF716
C:\Users\zero6575\AppData\Local\Temp\ccHcmyHM.s:6619   .debug_macro:0000000000000000 .Ldebug_macro20
C:\Users\zero6575\AppData\Local\Temp\ccHcmyHM.s:6645   .debug_macro:0000000000000000 .Ldebug_macro21
C:\Users\zero6575\AppData\Local\Temp\ccHcmyHM.s:8608   .debug_str:0000000000002c15 .LASF838
C:\Users\zero6575\AppData\Local\Temp\ccHcmyHM.s:7013   .debug_macro:0000000000000000 .Ldebug_macro22
C:\Users\zero6575\AppData\Local\Temp\ccHcmyHM.s:8726   .debug_str:00000000000032a4 .LASF841
C:\Users\zero6575\AppData\Local\Temp\ccHcmyHM.s:8448   .debug_str:000000000000236e .LASF842
C:\Users\zero6575\AppData\Local\Temp\ccHcmyHM.s:7024   .debug_macro:0000000000000000 .Ldebug_macro23
C:\Users\zero6575\AppData\Local\Temp\ccHcmyHM.s:7038   .debug_macro:0000000000000000 .Ldebug_macro24
C:\Users\zero6575\AppData\Local\Temp\ccHcmyHM.s:10396  .debug_str:0000000000008da1 .LASF847
C:\Users\zero6575\AppData\Local\Temp\ccHcmyHM.s:7070   .debug_macro:0000000000000000 .Ldebug_macro25
C:\Users\zero6575\AppData\Local\Temp\ccHcmyHM.s:7096   .debug_macro:0000000000000000 .Ldebug_macro26
C:\Users\zero6575\AppData\Local\Temp\ccHcmyHM.s:7107   .debug_macro:0000000000000000 .Ldebug_macro27
C:\Users\zero6575\AppData\Local\Temp\ccHcmyHM.s:7151   .debug_macro:0000000000000000 .Ldebug_macro28
C:\Users\zero6575\AppData\Local\Temp\ccHcmyHM.s:7330   .debug_macro:0000000000000000 .Ldebug_macro29
C:\Users\zero6575\AppData\Local\Temp\ccHcmyHM.s:9610   .debug_str:000000000000631d .LASF929
C:\Users\zero6575\AppData\Local\Temp\ccHcmyHM.s:7341   .debug_macro:0000000000000000 .Ldebug_macro30
C:\Users\zero6575\AppData\Local\Temp\ccHcmyHM.s:7358   .debug_macro:0000000000000000 .Ldebug_macro31
C:\Users\zero6575\AppData\Local\Temp\ccHcmyHM.s:8792   .debug_str:00000000000036ca .LASF947
C:\Users\zero6575\AppData\Local\Temp\ccHcmyHM.s:10248  .debug_str:00000000000084ee .LASF948
C:\Users\zero6575\AppData\Local\Temp\ccHcmyHM.s:7402   .debug_macro:0000000000000000 .Ldebug_macro32
C:\Users\zero6575\AppData\Local\Temp\ccHcmyHM.s:9230   .debug_str:0000000000004d1c .LASF959
C:\Users\zero6575\AppData\Local\Temp\ccHcmyHM.s:8818   .debug_str:0000000000003812 .LASF960
C:\Users\zero6575\AppData\Local\Temp\ccHcmyHM.s:7437   .debug_macro:0000000000000000 .Ldebug_macro33
C:\Users\zero6575\AppData\Local\Temp\ccHcmyHM.s:7448   .debug_macro:0000000000000000 .Ldebug_macro34
C:\Users\zero6575\AppData\Local\Temp\ccHcmyHM.s:7483   .debug_macro:0000000000000000 .Ldebug_macro35
C:\Users\zero6575\AppData\Local\Temp\ccHcmyHM.s:8118   .debug_str:0000000000000f74 .LASF1005
C:\Users\zero6575\AppData\Local\Temp\ccHcmyHM.s:7584   .debug_macro:0000000000000000 .Ldebug_macro36
C:\Users\zero6575\AppData\Local\Temp\ccHcmyHM.s:7601   .debug_macro:0000000000000000 .Ldebug_macro37
C:\Users\zero6575\AppData\Local\Temp\ccHcmyHM.s:8536   .debug_str:0000000000002837 .LASF1019
C:\Users\zero6575\AppData\Local\Temp\ccHcmyHM.s:8990   .debug_str:000000000000407d .LASF1020
C:\Users\zero6575\AppData\Local\Temp\ccHcmyHM.s:7633   .debug_macro:0000000000000000 .Ldebug_macro38
C:\Users\zero6575\AppData\Local\Temp\ccHcmyHM.s:7647   .debug_macro:0000000000000000 .Ldebug_macro39
C:\Users\zero6575\AppData\Local\Temp\ccHcmyHM.s:10268  .debug_str:00000000000085ff .LASF1073
C:\Users\zero6575\AppData\Local\Temp\ccHcmyHM.s:9568   .debug_str:00000000000060b7 .LASF1074
C:\Users\zero6575\AppData\Local\Temp\ccHcmyHM.s:7799   .debug_macro:0000000000000000 .Ldebug_macro40
C:\Users\zero6575\AppData\Local\Temp\ccHcmyHM.s:8834   .debug_str:00000000000038cc .LASF1077
C:\Users\zero6575\AppData\Local\Temp\ccHcmyHM.s:7866   .debug_str:0000000000000346 .LASF0
C:\Users\zero6575\AppData\Local\Temp\ccHcmyHM.s:10146  .debug_str:0000000000007f3f .LASF1
C:\Users\zero6575\AppData\Local\Temp\ccHcmyHM.s:10404  .debug_str:0000000000008df8 .LASF2
C:\Users\zero6575\AppData\Local\Temp\ccHcmyHM.s:8156   .debug_str:00000000000011e5 .LASF3
C:\Users\zero6575\AppData\Local\Temp\ccHcmyHM.s:9420   .debug_str:00000000000057fd .LASF4
C:\Users\zero6575\AppData\Local\Temp\ccHcmyHM.s:10418  .debug_str:0000000000008e69 .LASF5
C:\Users\zero6575\AppData\Local\Temp\ccHcmyHM.s:10400  .debug_str:0000000000008dd3 .LASF6
C:\Users\zero6575\AppData\Local\Temp\ccHcmyHM.s:10448  .debug_str:0000000000008ff4 .LASF7
C:\Users\zero6575\AppData\Local\Temp\ccHcmyHM.s:9852   .debug_str:0000000000006fcf .LASF8
C:\Users\zero6575\AppData\Local\Temp\ccHcmyHM.s:8944   .debug_str:0000000000003e4f .LASF9
C:\Users\zero6575\AppData\Local\Temp\ccHcmyHM.s:8234   .debug_str:00000000000017bd .LASF10
C:\Users\zero6575\AppData\Local\Temp\ccHcmyHM.s:8886   .debug_str:0000000000003b17 .LASF11
C:\Users\zero6575\AppData\Local\Temp\ccHcmyHM.s:9026   .debug_str:0000000000004285 .LASF12
C:\Users\zero6575\AppData\Local\Temp\ccHcmyHM.s:9926   .debug_str:000000000000733f .LASF13
C:\Users\zero6575\AppData\Local\Temp\ccHcmyHM.s:10066  .debug_str:0000000000007ad4 .LASF14
C:\Users\zero6575\AppData\Local\Temp\ccHcmyHM.s:9772   .debug_str:0000000000006c92 .LASF15
C:\Users\zero6575\AppData\Local\Temp\ccHcmyHM.s:10410  .debug_str:0000000000008e27 .LASF16
C:\Users\zero6575\AppData\Local\Temp\ccHcmyHM.s:8702   .debug_str:00000000000031b1 .LASF17
C:\Users\zero6575\AppData\Local\Temp\ccHcmyHM.s:8064   .debug_str:0000000000000cea .LASF18
C:\Users\zero6575\AppData\Local\Temp\ccHcmyHM.s:7902   .debug_str:00000000000004c6 .LASF19
C:\Users\zero6575\AppData\Local\Temp\ccHcmyHM.s:8540   .debug_str:000000000000285e .LASF20
C:\Users\zero6575\AppData\Local\Temp\ccHcmyHM.s:10026  .debug_str:00000000000078e3 .LASF21
C:\Users\zero6575\AppData\Local\Temp\ccHcmyHM.s:10324  .debug_str:00000000000089b0 .LASF22
C:\Users\zero6575\AppData\Local\Temp\ccHcmyHM.s:9862   .debug_str:000000000000703a .LASF23
C:\Users\zero6575\AppData\Local\Temp\ccHcmyHM.s:10296  .debug_str:0000000000008875 .LASF24
C:\Users\zero6575\AppData\Local\Temp\ccHcmyHM.s:8496   .debug_str:00000000000025bd .LASF25
C:\Users\zero6575\AppData\Local\Temp\ccHcmyHM.s:9272   .debug_str:0000000000004fd8 .LASF26
C:\Users\zero6575\AppData\Local\Temp\ccHcmyHM.s:8082   .debug_str:0000000000000d97 .LASF27
C:\Users\zero6575\AppData\Local\Temp\ccHcmyHM.s:8452   .debug_str:000000000000239d .LASF28
C:\Users\zero6575\AppData\Local\Temp\ccHcmyHM.s:9718   .debug_str:0000000000006909 .LASF29
C:\Users\zero6575\AppData\Local\Temp\ccHcmyHM.s:8882   .debug_str:0000000000003aea .LASF30
C:\Users\zero6575\AppData\Local\Temp\ccHcmyHM.s:8626   .debug_str:0000000000002cb3 .LASF31
C:\Users\zero6575\AppData\Local\Temp\ccHcmyHM.s:7818   .debug_str:0000000000000046 .LASF32
C:\Users\zero6575\AppData\Local\Temp\ccHcmyHM.s:9530   .debug_str:0000000000005e67 .LASF33
C:\Users\zero6575\AppData\Local\Temp\ccHcmyHM.s:10388  .debug_str:0000000000008d49 .LASF34
C:\Users\zero6575\AppData\Local\Temp\ccHcmyHM.s:10426  .debug_str:0000000000008eab .LASF35
C:\Users\zero6575\AppData\Local\Temp\ccHcmyHM.s:7862   .debug_str:00000000000002d4 .LASF36
C:\Users\zero6575\AppData\Local\Temp\ccHcmyHM.s:8566   .debug_str:00000000000029e9 .LASF37
C:\Users\zero6575\AppData\Local\Temp\ccHcmyHM.s:10060  .debug_str:0000000000007a74 .LASF38
C:\Users\zero6575\AppData\Local\Temp\ccHcmyHM.s:8670   .debug_str:0000000000002ff2 .LASF39
C:\Users\zero6575\AppData\Local\Temp\ccHcmyHM.s:10360  .debug_str:0000000000008b7d .LASF40
C:\Users\zero6575\AppData\Local\Temp\ccHcmyHM.s:9542   .debug_str:0000000000005ee3 .LASF41
C:\Users\zero6575\AppData\Local\Temp\ccHcmyHM.s:8076   .debug_str:0000000000000d51 .LASF42
C:\Users\zero6575\AppData\Local\Temp\ccHcmyHM.s:9938   .debug_str:00000000000073d8 .LASF43
C:\Users\zero6575\AppData\Local\Temp\ccHcmyHM.s:8730   .debug_str:00000000000032bf .LASF44
C:\Users\zero6575\AppData\Local\Temp\ccHcmyHM.s:9296   .debug_str:00000000000050f1 .LASF45
C:\Users\zero6575\AppData\Local\Temp\ccHcmyHM.s:10008  .debug_str:0000000000007802 .LASF46
C:\Users\zero6575\AppData\Local\Temp\ccHcmyHM.s:8142   .debug_str:0000000000001110 .LASF47
C:\Users\zero6575\AppData\Local\Temp\ccHcmyHM.s:8186   .debug_str:00000000000015c4 .LASF48
C:\Users\zero6575\AppData\Local\Temp\ccHcmyHM.s:9190   .debug_str:0000000000004b7f .LASF49
C:\Users\zero6575\AppData\Local\Temp\ccHcmyHM.s:8684   .debug_str:000000000000309b .LASF50
C:\Users\zero6575\AppData\Local\Temp\ccHcmyHM.s:9070   .debug_str:00000000000044c1 .LASF51
C:\Users\zero6575\AppData\Local\Temp\ccHcmyHM.s:10070  .debug_str:0000000000007b0c .LASF52
C:\Users\zero6575\AppData\Local\Temp\ccHcmyHM.s:10088  .debug_str:0000000000007bf0 .LASF53
C:\Users\zero6575\AppData\Local\Temp\ccHcmyHM.s:8046   .debug_str:0000000000000ba4 .LASF54
C:\Users\zero6575\AppData\Local\Temp\ccHcmyHM.s:10340  .debug_str:0000000000008a61 .LASF55
C:\Users\zero6575\AppData\Local\Temp\ccHcmyHM.s:9626   .debug_str:0000000000006446 .LASF56
C:\Users\zero6575\AppData\Local\Temp\ccHcmyHM.s:8748   .debug_str:00000000000033b6 .LASF57
C:\Users\zero6575\AppData\Local\Temp\ccHcmyHM.s:8528   .debug_str:00000000000027c9 .LASF58
C:\Users\zero6575\AppData\Local\Temp\ccHcmyHM.s:9406   .debug_str:0000000000005774 .LASF59
C:\Users\zero6575\AppData\Local\Temp\ccHcmyHM.s:9038   .debug_str:0000000000004314 .LASF60
C:\Users\zero6575\AppData\Local\Temp\ccHcmyHM.s:9966   .debug_str:00000000000075be .LASF61
C:\Users\zero6575\AppData\Local\Temp\ccHcmyHM.s:9692   .debug_str:00000000000067b5 .LASF62
C:\Users\zero6575\AppData\Local\Temp\ccHcmyHM.s:8248   .debug_str:0000000000001874 .LASF63
C:\Users\zero6575\AppData\Local\Temp\ccHcmyHM.s:8060   .debug_str:0000000000000cc2 .LASF64
C:\Users\zero6575\AppData\Local\Temp\ccHcmyHM.s:9730   .debug_str:000000000000699b .LASF65
C:\Users\zero6575\AppData\Local\Temp\ccHcmyHM.s:9090   .debug_str:00000000000045b1 .LASF66
C:\Users\zero6575\AppData\Local\Temp\ccHcmyHM.s:8024   .debug_str:0000000000000ab5 .LASF67
C:\Users\zero6575\AppData\Local\Temp\ccHcmyHM.s:8126   .debug_str:0000000000000fe0 .LASF68
C:\Users\zero6575\AppData\Local\Temp\ccHcmyHM.s:8848   .debug_str:0000000000003946 .LASF69
C:\Users\zero6575\AppData\Local\Temp\ccHcmyHM.s:9294   .debug_str:00000000000050bf .LASF70
C:\Users\zero6575\AppData\Local\Temp\ccHcmyHM.s:9068   .debug_str:00000000000044aa .LASF71
C:\Users\zero6575\AppData\Local\Temp\ccHcmyHM.s:8828   .debug_str:0000000000003893 .LASF72
C:\Users\zero6575\AppData\Local\Temp\ccHcmyHM.s:8022   .debug_str:0000000000000aa1 .LASF73
C:\Users\zero6575\AppData\Local\Temp\ccHcmyHM.s:9066   .debug_str:0000000000004493 .LASF74
C:\Users\zero6575\AppData\Local\Temp\ccHcmyHM.s:9196   .debug_str:0000000000004bc8 .LASF75
C:\Users\zero6575\AppData\Local\Temp\ccHcmyHM.s:9566   .debug_str:0000000000006090 .LASF76
C:\Users\zero6575\AppData\Local\Temp\ccHcmyHM.s:9556   .debug_str:0000000000005fe0 .LASF77
C:\Users\zero6575\AppData\Local\Temp\ccHcmyHM.s:7946   .debug_str:000000000000063e .LASF78
C:\Users\zero6575\AppData\Local\Temp\ccHcmyHM.s:8394   .debug_str:0000000000001fc6 .LASF79
C:\Users\zero6575\AppData\Local\Temp\ccHcmyHM.s:9092   .debug_str:00000000000045d8 .LASF80
C:\Users\zero6575\AppData\Local\Temp\ccHcmyHM.s:7856   .debug_str:0000000000000294 .LASF81
C:\Users\zero6575\AppData\Local\Temp\ccHcmyHM.s:8132   .debug_str:0000000000001067 .LASF82
C:\Users\zero6575\AppData\Local\Temp\ccHcmyHM.s:8874   .debug_str:0000000000003aba .LASF83
C:\Users\zero6575\AppData\Local\Temp\ccHcmyHM.s:7930   .debug_str:000000000000058a .LASF84
C:\Users\zero6575\AppData\Local\Temp\ccHcmyHM.s:8682   .debug_str:000000000000308a .LASF85
C:\Users\zero6575\AppData\Local\Temp\ccHcmyHM.s:10030  .debug_str:000000000000791a .LASF86
C:\Users\zero6575\AppData\Local\Temp\ccHcmyHM.s:9606   .debug_str:00000000000062f5 .LASF87
C:\Users\zero6575\AppData\Local\Temp\ccHcmyHM.s:9474   .debug_str:0000000000005b22 .LASF88
C:\Users\zero6575\AppData\Local\Temp\ccHcmyHM.s:9326   .debug_str:000000000000529d .LASF89
C:\Users\zero6575\AppData\Local\Temp\ccHcmyHM.s:8504   .debug_str:0000000000002656 .LASF90
C:\Users\zero6575\AppData\Local\Temp\ccHcmyHM.s:8606   .debug_str:0000000000002c03 .LASF91
C:\Users\zero6575\AppData\Local\Temp\ccHcmyHM.s:10230  .debug_str:00000000000083c6 .LASF92
C:\Users\zero6575\AppData\Local\Temp\ccHcmyHM.s:8262   .debug_str:00000000000018ec .LASF93
C:\Users\zero6575\AppData\Local\Temp\ccHcmyHM.s:8950   .debug_str:0000000000003e89 .LASF94
C:\Users\zero6575\AppData\Local\Temp\ccHcmyHM.s:10420  .debug_str:0000000000008e74 .LASF95
C:\Users\zero6575\AppData\Local\Temp\ccHcmyHM.s:8928   .debug_str:0000000000003d98 .LASF96
C:\Users\zero6575\AppData\Local\Temp\ccHcmyHM.s:8492   .debug_str:0000000000002599 .LASF97
C:\Users\zero6575\AppData\Local\Temp\ccHcmyHM.s:9734   .debug_str:00000000000069d1 .LASF98
C:\Users\zero6575\AppData\Local\Temp\ccHcmyHM.s:9680   .debug_str:00000000000066fc .LASF99
C:\Users\zero6575\AppData\Local\Temp\ccHcmyHM.s:9094   .debug_str:00000000000045e8 .LASF100
C:\Users\zero6575\AppData\Local\Temp\ccHcmyHM.s:8318   .debug_str:0000000000001c0c .LASF101
C:\Users\zero6575\AppData\Local\Temp\ccHcmyHM.s:8048   .debug_str:0000000000000bc2 .LASF102
C:\Users\zero6575\AppData\Local\Temp\ccHcmyHM.s:9028   .debug_str:0000000000004298 .LASF103
C:\Users\zero6575\AppData\Local\Temp\ccHcmyHM.s:10036  .debug_str:0000000000007950 .LASF104
C:\Users\zero6575\AppData\Local\Temp\ccHcmyHM.s:10238  .debug_str:0000000000008453 .LASF105
C:\Users\zero6575\AppData\Local\Temp\ccHcmyHM.s:9442   .debug_str:0000000000005933 .LASF106
C:\Users\zero6575\AppData\Local\Temp\ccHcmyHM.s:8212   .debug_str:00000000000016c5 .LASF107
C:\Users\zero6575\AppData\Local\Temp\ccHcmyHM.s:10432  .debug_str:0000000000008eea .LASF108
C:\Users\zero6575\AppData\Local\Temp\ccHcmyHM.s:8214   .debug_str:00000000000016e9 .LASF109
C:\Users\zero6575\AppData\Local\Temp\ccHcmyHM.s:9032   .debug_str:00000000000042c6 .LASF110
C:\Users\zero6575\AppData\Local\Temp\ccHcmyHM.s:8158   .debug_str:00000000000011f7 .LASF111
C:\Users\zero6575\AppData\Local\Temp\ccHcmyHM.s:8716   .debug_str:0000000000003234 .LASF112
C:\Users\zero6575\AppData\Local\Temp\ccHcmyHM.s:8000   .debug_str:0000000000000966 .LASF113
C:\Users\zero6575\AppData\Local\Temp\ccHcmyHM.s:9430   .debug_str:00000000000058b7 .LASF114
C:\Users\zero6575\AppData\Local\Temp\ccHcmyHM.s:8634   .debug_str:0000000000002d5f .LASF115
C:\Users\zero6575\AppData\Local\Temp\ccHcmyHM.s:9042   .debug_str:0000000000004346 .LASF116
C:\Users\zero6575\AppData\Local\Temp\ccHcmyHM.s:8930   .debug_str:0000000000003dac .LASF117
C:\Users\zero6575\AppData\Local\Temp\ccHcmyHM.s:10434  .debug_str:0000000000008f02 .LASF118
C:\Users\zero6575\AppData\Local\Temp\ccHcmyHM.s:8932   .debug_str:0000000000003dd4 .LASF119
C:\Users\zero6575\AppData\Local\Temp\ccHcmyHM.s:10428  .debug_str:0000000000008ec5 .LASF120
C:\Users\zero6575\AppData\Local\Temp\ccHcmyHM.s:8420   .debug_str:0000000000002119 .LASF121
C:\Users\zero6575\AppData\Local\Temp\ccHcmyHM.s:8474   .debug_str:0000000000002472 .LASF122
C:\Users\zero6575\AppData\Local\Temp\ccHcmyHM.s:8092   .debug_str:0000000000000e03 .LASF123
C:\Users\zero6575\AppData\Local\Temp\ccHcmyHM.s:8298   .debug_str:0000000000001b15 .LASF124
C:\Users\zero6575\AppData\Local\Temp\ccHcmyHM.s:9360   .debug_str:0000000000005455 .LASF125
C:\Users\zero6575\AppData\Local\Temp\ccHcmyHM.s:8416   .debug_str:00000000000020d5 .LASF126
C:\Users\zero6575\AppData\Local\Temp\ccHcmyHM.s:10328  .debug_str:00000000000089d1 .LASF127
C:\Users\zero6575\AppData\Local\Temp\ccHcmyHM.s:8316   .debug_str:0000000000001bef .LASF128
C:\Users\zero6575\AppData\Local\Temp\ccHcmyHM.s:8320   .debug_str:0000000000001c21 .LASF129
C:\Users\zero6575\AppData\Local\Temp\ccHcmyHM.s:7828   .debug_str:00000000000000c6 .LASF130
C:\Users\zero6575\AppData\Local\Temp\ccHcmyHM.s:7936   .debug_str:00000000000005ca .LASF131
C:\Users\zero6575\AppData\Local\Temp\ccHcmyHM.s:8856   .debug_str:0000000000003995 .LASF132
C:\Users\zero6575\AppData\Local\Temp\ccHcmyHM.s:8892   .debug_str:0000000000003b48 .LASF133
C:\Users\zero6575\AppData\Local\Temp\ccHcmyHM.s:8358   .debug_str:0000000000001e03 .LASF134
C:\Users\zero6575\AppData\Local\Temp\ccHcmyHM.s:8806   .debug_str:000000000000377a .LASF135
C:\Users\zero6575\AppData\Local\Temp\ccHcmyHM.s:9156   .debug_str:000000000000493d .LASF136
C:\Users\zero6575\AppData\Local\Temp\ccHcmyHM.s:9124   .debug_str:00000000000047c1 .LASF137
C:\Users\zero6575\AppData\Local\Temp\ccHcmyHM.s:9864   .debug_str:000000000000704e .LASF138
C:\Users\zero6575\AppData\Local\Temp\ccHcmyHM.s:8012   .debug_str:00000000000009f0 .LASF139
C:\Users\zero6575\AppData\Local\Temp\ccHcmyHM.s:8384   .debug_str:0000000000001f56 .LASF140
C:\Users\zero6575\AppData\Local\Temp\ccHcmyHM.s:9712   .debug_str:00000000000068bf .LASF141
C:\Users\zero6575\AppData\Local\Temp\ccHcmyHM.s:9594   .debug_str:00000000000061e8 .LASF142
C:\Users\zero6575\AppData\Local\Temp\ccHcmyHM.s:8980   .debug_str:0000000000003fd8 .LASF143
C:\Users\zero6575\AppData\Local\Temp\ccHcmyHM.s:8280   .debug_str:00000000000019ed .LASF144
C:\Users\zero6575\AppData\Local\Temp\ccHcmyHM.s:9088   .debug_str:000000000000459b .LASF145
C:\Users\zero6575\AppData\Local\Temp\ccHcmyHM.s:8648   .debug_str:0000000000002de4 .LASF146
C:\Users\zero6575\AppData\Local\Temp\ccHcmyHM.s:10276  .debug_str:0000000000008735 .LASF147
C:\Users\zero6575\AppData\Local\Temp\ccHcmyHM.s:8632   .debug_str:0000000000002d4f .LASF148
C:\Users\zero6575\AppData\Local\Temp\ccHcmyHM.s:8584   .debug_str:0000000000002ac1 .LASF149
C:\Users\zero6575\AppData\Local\Temp\ccHcmyHM.s:8034   .debug_str:0000000000000b39 .LASF150
C:\Users\zero6575\AppData\Local\Temp\ccHcmyHM.s:8620   .debug_str:0000000000002c83 .LASF151
C:\Users\zero6575\AppData\Local\Temp\ccHcmyHM.s:8354   .debug_str:0000000000001ddf .LASF152
C:\Users\zero6575\AppData\Local\Temp\ccHcmyHM.s:8230   .debug_str:0000000000001790 .LASF153
C:\Users\zero6575\AppData\Local\Temp\ccHcmyHM.s:7838   .debug_str:000000000000013a .LASF154
C:\Users\zero6575\AppData\Local\Temp\ccHcmyHM.s:9752   .debug_str:0000000000006b79 .LASF155
C:\Users\zero6575\AppData\Local\Temp\ccHcmyHM.s:9604   .debug_str:00000000000062be .LASF156
C:\Users\zero6575\AppData\Local\Temp\ccHcmyHM.s:10382  .debug_str:0000000000008cf1 .LASF157
C:\Users\zero6575\AppData\Local\Temp\ccHcmyHM.s:8396   .debug_str:0000000000001fdf .LASF158
C:\Users\zero6575\AppData\Local\Temp\ccHcmyHM.s:10262  .debug_str:000000000000856f .LASF159
C:\Users\zero6575\AppData\Local\Temp\ccHcmyHM.s:10304  .debug_str:00000000000088d0 .LASF160
C:\Users\zero6575\AppData\Local\Temp\ccHcmyHM.s:7938   .debug_str:00000000000005e2 .LASF161
C:\Users\zero6575\AppData\Local\Temp\ccHcmyHM.s:8862   .debug_str:0000000000003a38 .LASF162
C:\Users\zero6575\AppData\Local\Temp\ccHcmyHM.s:8360   .debug_str:0000000000001e2a .LASF163
C:\Users\zero6575\AppData\Local\Temp\ccHcmyHM.s:8254   .debug_str:00000000000018b7 .LASF164
C:\Users\zero6575\AppData\Local\Temp\ccHcmyHM.s:10120  .debug_str:0000000000007dbd .LASF165
C:\Users\zero6575\AppData\Local\Temp\ccHcmyHM.s:8340   .debug_str:0000000000001d1a .LASF166
C:\Users\zero6575\AppData\Local\Temp\ccHcmyHM.s:8468   .debug_str:0000000000002440 .LASF167
C:\Users\zero6575\AppData\Local\Temp\ccHcmyHM.s:7886   .debug_str:00000000000003fd .LASF168
C:\Users\zero6575\AppData\Local\Temp\ccHcmyHM.s:8538   .debug_str:0000000000002847 .LASF169
C:\Users\zero6575\AppData\Local\Temp\ccHcmyHM.s:10244  .debug_str:0000000000008488 .LASF170
C:\Users\zero6575\AppData\Local\Temp\ccHcmyHM.s:9830   .debug_str:0000000000006ef2 .LASF171
C:\Users\zero6575\AppData\Local\Temp\ccHcmyHM.s:8128   .debug_str:0000000000001003 .LASF172
C:\Users\zero6575\AppData\Local\Temp\ccHcmyHM.s:8978   .debug_str:0000000000003f8f .LASF173
C:\Users\zero6575\AppData\Local\Temp\ccHcmyHM.s:9438   .debug_str:000000000000590b .LASF174
C:\Users\zero6575\AppData\Local\Temp\ccHcmyHM.s:8010   .debug_str:00000000000009d9 .LASF175
C:\Users\zero6575\AppData\Local\Temp\ccHcmyHM.s:10252  .debug_str:000000000000851c .LASF176
C:\Users\zero6575\AppData\Local\Temp\ccHcmyHM.s:10338  .debug_str:0000000000008a4b .LASF177
C:\Users\zero6575\AppData\Local\Temp\ccHcmyHM.s:7982   .debug_str:00000000000008da .LASF178
C:\Users\zero6575\AppData\Local\Temp\ccHcmyHM.s:8824   .debug_str:000000000000386b .LASF179
C:\Users\zero6575\AppData\Local\Temp\ccHcmyHM.s:10344  .debug_str:0000000000008a9c .LASF180
C:\Users\zero6575\AppData\Local\Temp\ccHcmyHM.s:10390  .debug_str:0000000000008d69 .LASF181
C:\Users\zero6575\AppData\Local\Temp\ccHcmyHM.s:9206   .debug_str:0000000000004c4c .LASF182
C:\Users\zero6575\AppData\Local\Temp\ccHcmyHM.s:8338   .debug_str:0000000000001d07 .LASF183
C:\Users\zero6575\AppData\Local\Temp\ccHcmyHM.s:8216   .debug_str:00000000000016f7 .LASF184
C:\Users\zero6575\AppData\Local\Temp\ccHcmyHM.s:9512   .debug_str:0000000000005d9f .LASF185
C:\Users\zero6575\AppData\Local\Temp\ccHcmyHM.s:8808   .debug_str:0000000000003792 .LASF186
C:\Users\zero6575\AppData\Local\Temp\ccHcmyHM.s:10264  .debug_str:00000000000085ad .LASF187
C:\Users\zero6575\AppData\Local\Temp\ccHcmyHM.s:9882   .debug_str:0000000000007142 .LASF188
C:\Users\zero6575\AppData\Local\Temp\ccHcmyHM.s:9334   .debug_str:0000000000005328 .LASF189
C:\Users\zero6575\AppData\Local\Temp\ccHcmyHM.s:10278  .debug_str:000000000000874b .LASF190
C:\Users\zero6575\AppData\Local\Temp\ccHcmyHM.s:9632   .debug_str:00000000000064a0 .LASF191
C:\Users\zero6575\AppData\Local\Temp\ccHcmyHM.s:8246   .debug_str:000000000000185e .LASF192
C:\Users\zero6575\AppData\Local\Temp\ccHcmyHM.s:8202   .debug_str:000000000000168c .LASF193
C:\Users\zero6575\AppData\Local\Temp\ccHcmyHM.s:8328   .debug_str:0000000000001c7e .LASF194
C:\Users\zero6575\AppData\Local\Temp\ccHcmyHM.s:8148   .debug_str:0000000000001178 .LASF195
C:\Users\zero6575\AppData\Local\Temp\ccHcmyHM.s:7876   .debug_str:00000000000003ad .LASF196
C:\Users\zero6575\AppData\Local\Temp\ccHcmyHM.s:9314   .debug_str:00000000000051f7 .LASF197
C:\Users\zero6575\AppData\Local\Temp\ccHcmyHM.s:8550   .debug_str:000000000000290a .LASF198
C:\Users\zero6575\AppData\Local\Temp\ccHcmyHM.s:8564   .debug_str:00000000000029ae .LASF199
C:\Users\zero6575\AppData\Local\Temp\ccHcmyHM.s:9868   .debug_str:0000000000007092 .LASF200
C:\Users\zero6575\AppData\Local\Temp\ccHcmyHM.s:10064  .debug_str:0000000000007a96 .LASF201
C:\Users\zero6575\AppData\Local\Temp\ccHcmyHM.s:8028   .debug_str:0000000000000aeb .LASF202
C:\Users\zero6575\AppData\Local\Temp\ccHcmyHM.s:9504   .debug_str:0000000000005d02 .LASF203
C:\Users\zero6575\AppData\Local\Temp\ccHcmyHM.s:8036   .debug_str:0000000000000b47 .LASF204
C:\Users\zero6575\AppData\Local\Temp\ccHcmyHM.s:10200  .debug_str:0000000000008200 .LASF205
C:\Users\zero6575\AppData\Local\Temp\ccHcmyHM.s:7834   .debug_str:00000000000000fe .LASF206
C:\Users\zero6575\AppData\Local\Temp\ccHcmyHM.s:9812   .debug_str:0000000000006e44 .LASF207
C:\Users\zero6575\AppData\Local\Temp\ccHcmyHM.s:9964   .debug_str:00000000000075a4 .LASF208
C:\Users\zero6575\AppData\Local\Temp\ccHcmyHM.s:10222  .debug_str:0000000000008370 .LASF209
C:\Users\zero6575\AppData\Local\Temp\ccHcmyHM.s:9362   .debug_str:000000000000546a .LASF210
C:\Users\zero6575\AppData\Local\Temp\ccHcmyHM.s:9444   .debug_str:000000000000594e .LASF211
C:\Users\zero6575\AppData\Local\Temp\ccHcmyHM.s:10058  .debug_str:0000000000007a5b .LASF212
C:\Users\zero6575\AppData\Local\Temp\ccHcmyHM.s:9132   .debug_str:0000000000004833 .LASF213
C:\Users\zero6575\AppData\Local\Temp\ccHcmyHM.s:9478   .debug_str:0000000000005b44 .LASF214
C:\Users\zero6575\AppData\Local\Temp\ccHcmyHM.s:9316   .debug_str:000000000000520f .LASF215
C:\Users\zero6575\AppData\Local\Temp\ccHcmyHM.s:9640   .debug_str:0000000000006537 .LASF216
C:\Users\zero6575\AppData\Local\Temp\ccHcmyHM.s:10298  .debug_str:000000000000888f .LASF217
C:\Users\zero6575\AppData\Local\Temp\ccHcmyHM.s:8872   .debug_str:0000000000003aa1 .LASF218
C:\Users\zero6575\AppData\Local\Temp\ccHcmyHM.s:8592   .debug_str:0000000000002b75 .LASF219
C:\Users\zero6575\AppData\Local\Temp\ccHcmyHM.s:10048  .debug_str:00000000000079ea .LASF220
C:\Users\zero6575\AppData\Local\Temp\ccHcmyHM.s:8732   .debug_str:00000000000032d8 .LASF221
C:\Users\zero6575\AppData\Local\Temp\ccHcmyHM.s:8154   .debug_str:00000000000011c9 .LASF222
C:\Users\zero6575\AppData\Local\Temp\ccHcmyHM.s:7940   .debug_str:00000000000005f9 .LASF223
C:\Users\zero6575\AppData\Local\Temp\ccHcmyHM.s:9762   .debug_str:0000000000006c01 .LASF224
C:\Users\zero6575\AppData\Local\Temp\ccHcmyHM.s:8568   .debug_str:0000000000002a04 .LASF225
C:\Users\zero6575\AppData\Local\Temp\ccHcmyHM.s:10302  .debug_str:00000000000088b6 .LASF226
C:\Users\zero6575\AppData\Local\Temp\ccHcmyHM.s:8660   .debug_str:0000000000002f18 .LASF227
C:\Users\zero6575\AppData\Local\Temp\ccHcmyHM.s:8050   .debug_str:0000000000000bdb .LASF228
C:\Users\zero6575\AppData\Local\Temp\ccHcmyHM.s:9244   .debug_str:0000000000004e52 .LASF229
C:\Users\zero6575\AppData\Local\Temp\ccHcmyHM.s:9770   .debug_str:0000000000006c4c .LASF230
C:\Users\zero6575\AppData\Local\Temp\ccHcmyHM.s:9052   .debug_str:00000000000043df .LASF231
C:\Users\zero6575\AppData\Local\Temp\ccHcmyHM.s:10022  .debug_str:00000000000078b2 .LASF232
C:\Users\zero6575\AppData\Local\Temp\ccHcmyHM.s:10172  .debug_str:0000000000008028 .LASF233
C:\Users\zero6575\AppData\Local\Temp\ccHcmyHM.s:8674   .debug_str:0000000000003021 .LASF234
C:\Users\zero6575\AppData\Local\Temp\ccHcmyHM.s:8640   .debug_str:0000000000002da0 .LASF235
C:\Users\zero6575\AppData\Local\Temp\ccHcmyHM.s:9990   .debug_str:0000000000007727 .LASF236
C:\Users\zero6575\AppData\Local\Temp\ccHcmyHM.s:10270  .debug_str:000000000000860b .LASF237
C:\Users\zero6575\AppData\Local\Temp\ccHcmyHM.s:8484   .debug_str:000000000000251e .LASF238
C:\Users\zero6575\AppData\Local\Temp\ccHcmyHM.s:8068   .debug_str:0000000000000d13 .LASF239
C:\Users\zero6575\AppData\Local\Temp\ccHcmyHM.s:8720   .debug_str:0000000000003254 .LASF240
C:\Users\zero6575\AppData\Local\Temp\ccHcmyHM.s:9748   .debug_str:0000000000006b2c .LASF241
C:\Users\zero6575\AppData\Local\Temp\ccHcmyHM.s:10104  .debug_str:0000000000007cb3 .LASF242
C:\Users\zero6575\AppData\Local\Temp\ccHcmyHM.s:9462   .debug_str:0000000000005a56 .LASF243
C:\Users\zero6575\AppData\Local\Temp\ccHcmyHM.s:8350   .debug_str:0000000000001d74 .LASF244
C:\Users\zero6575\AppData\Local\Temp\ccHcmyHM.s:9456   .debug_str:0000000000005a03 .LASF245
C:\Users\zero6575\AppData\Local\Temp\ccHcmyHM.s:7974   .debug_str:0000000000000816 .LASF246
C:\Users\zero6575\AppData\Local\Temp\ccHcmyHM.s:10114  .debug_str:0000000000007d88 .LASF247
C:\Users\zero6575\AppData\Local\Temp\ccHcmyHM.s:9656   .debug_str:0000000000006600 .LASF248
C:\Users\zero6575\AppData\Local\Temp\ccHcmyHM.s:9286   .debug_str:0000000000005075 .LASF249
C:\Users\zero6575\AppData\Local\Temp\ccHcmyHM.s:10122  .debug_str:0000000000007dd5 .LASF250
C:\Users\zero6575\AppData\Local\Temp\ccHcmyHM.s:8406   .debug_str:0000000000002044 .LASF251
C:\Users\zero6575\AppData\Local\Temp\ccHcmyHM.s:9572   .debug_str:00000000000060ea .LASF252
C:\Users\zero6575\AppData\Local\Temp\ccHcmyHM.s:8546   .debug_str:00000000000028e3 .LASF253
C:\Users\zero6575\AppData\Local\Temp\ccHcmyHM.s:9850   .debug_str:0000000000006fb5 .LASF254
C:\Users\zero6575\AppData\Local\Temp\ccHcmyHM.s:8502   .debug_str:0000000000002617 .LASF255
C:\Users\zero6575\AppData\Local\Temp\ccHcmyHM.s:9064   .debug_str:0000000000004454 .LASF256
C:\Users\zero6575\AppData\Local\Temp\ccHcmyHM.s:9760   .debug_str:0000000000006bc0 .LASF257
C:\Users\zero6575\AppData\Local\Temp\ccHcmyHM.s:10436  .debug_str:0000000000008f16 .LASF258
C:\Users\zero6575\AppData\Local\Temp\ccHcmyHM.s:9726   .debug_str:0000000000006968 .LASF259
C:\Users\zero6575\AppData\Local\Temp\ccHcmyHM.s:9270   .debug_str:0000000000004fbe .LASF260
C:\Users\zero6575\AppData\Local\Temp\ccHcmyHM.s:7816   .debug_str:000000000000002b .LASF261
C:\Users\zero6575\AppData\Local\Temp\ccHcmyHM.s:10256  .debug_str:0000000000008541 .LASF262
C:\Users\zero6575\AppData\Local\Temp\ccHcmyHM.s:9180   .debug_str:0000000000004b14 .LASF263
C:\Users\zero6575\AppData\Local\Temp\ccHcmyHM.s:9226   .debug_str:0000000000004cf9 .LASF264
C:\Users\zero6575\AppData\Local\Temp\ccHcmyHM.s:10056  .debug_str:0000000000007a45 .LASF265
C:\Users\zero6575\AppData\Local\Temp\ccHcmyHM.s:10162  .debug_str:0000000000007fca .LASF266
C:\Users\zero6575\AppData\Local\Temp\ccHcmyHM.s:8382   .debug_str:0000000000001f3d .LASF267
C:\Users\zero6575\AppData\Local\Temp\ccHcmyHM.s:8666   .debug_str:0000000000002f73 .LASF268
C:\Users\zero6575\AppData\Local\Temp\ccHcmyHM.s:8860   .debug_str:0000000000003a22 .LASF269
C:\Users\zero6575\AppData\Local\Temp\ccHcmyHM.s:7950   .debug_str:000000000000066d .LASF270
C:\Users\zero6575\AppData\Local\Temp\ccHcmyHM.s:8336   .debug_str:0000000000001cf1 .LASF271
C:\Users\zero6575\AppData\Local\Temp\ccHcmyHM.s:10010  .debug_str:000000000000781a .LASF272
C:\Users\zero6575\AppData\Local\Temp\ccHcmyHM.s:9782   .debug_str:0000000000006cd9 .LASF273
C:\Users\zero6575\AppData\Local\Temp\ccHcmyHM.s:9216   .debug_str:0000000000004cae .LASF274
C:\Users\zero6575\AppData\Local\Temp\ccHcmyHM.s:9422   .debug_str:000000000000580f .LASF275
C:\Users\zero6575\AppData\Local\Temp\ccHcmyHM.s:8018   .debug_str:0000000000000a61 .LASF276
C:\Users\zero6575\AppData\Local\Temp\ccHcmyHM.s:7878   .debug_str:00000000000003c3 .LASF277
C:\Users\zero6575\AppData\Local\Temp\ccHcmyHM.s:8774   .debug_str:0000000000003578 .LASF278
C:\Users\zero6575\AppData\Local\Temp\ccHcmyHM.s:10050  .debug_str:0000000000007a02 .LASF279
C:\Users\zero6575\AppData\Local\Temp\ccHcmyHM.s:8498   .debug_str:00000000000025d1 .LASF280
C:\Users\zero6575\AppData\Local\Temp\ccHcmyHM.s:8586   .debug_str:0000000000002ad5 .LASF281
C:\Users\zero6575\AppData\Local\Temp\ccHcmyHM.s:10218  .debug_str:0000000000008309 .LASF282
C:\Users\zero6575\AppData\Local\Temp\ccHcmyHM.s:9372   .debug_str:00000000000055a7 .LASF283
C:\Users\zero6575\AppData\Local\Temp\ccHcmyHM.s:8290   .debug_str:0000000000001abc .LASF284
C:\Users\zero6575\AppData\Local\Temp\ccHcmyHM.s:9460   .debug_str:0000000000005a3f .LASF285
C:\Users\zero6575\AppData\Local\Temp\ccHcmyHM.s:10258  .debug_str:0000000000008556 .LASF286
C:\Users\zero6575\AppData\Local\Temp\ccHcmyHM.s:9942   .debug_str:0000000000007415 .LASF287
C:\Users\zero6575\AppData\Local\Temp\ccHcmyHM.s:9324   .debug_str:0000000000005278 .LASF288
C:\Users\zero6575\AppData\Local\Temp\ccHcmyHM.s:9816   .debug_str:0000000000006e6f .LASF289
C:\Users\zero6575\AppData\Local\Temp\ccHcmyHM.s:8058   .debug_str:0000000000000ca4 .LASF290
C:\Users\zero6575\AppData\Local\Temp\ccHcmyHM.s:9454   .debug_str:00000000000059e1 .LASF291
C:\Users\zero6575\AppData\Local\Temp\ccHcmyHM.s:8724   .debug_str:0000000000003282 .LASF292
C:\Users\zero6575\AppData\Local\Temp\ccHcmyHM.s:10084  .debug_str:0000000000007bbc .LASF293
C:\Users\zero6575\AppData\Local\Temp\ccHcmyHM.s:9520   .debug_str:0000000000005df4 .LASF294
C:\Users\zero6575\AppData\Local\Temp\ccHcmyHM.s:9358   .debug_str:0000000000005438 .LASF295
C:\Users\zero6575\AppData\Local\Temp\ccHcmyHM.s:8760   .debug_str:00000000000034de .LASF296
C:\Users\zero6575\AppData\Local\Temp\ccHcmyHM.s:9598   .debug_str:0000000000006226 .LASF297
C:\Users\zero6575\AppData\Local\Temp\ccHcmyHM.s:8410   .debug_str:000000000000206e .LASF298
C:\Users\zero6575\AppData\Local\Temp\ccHcmyHM.s:10140  .debug_str:0000000000007ed4 .LASF299
C:\Users\zero6575\AppData\Local\Temp\ccHcmyHM.s:8830   .debug_str:00000000000038a6 .LASF300
C:\Users\zero6575\AppData\Local\Temp\ccHcmyHM.s:8094   .debug_str:0000000000000e13 .LASF301
C:\Users\zero6575\AppData\Local\Temp\ccHcmyHM.s:9246   .debug_str:0000000000004e93 .LASF302
C:\Users\zero6575\AppData\Local\Temp\ccHcmyHM.s:9086   .debug_str:0000000000004586 .LASF303
C:\Users\zero6575\AppData\Local\Temp\ccHcmyHM.s:9058   .debug_str:000000000000440f .LASF304
C:\Users\zero6575\AppData\Local\Temp\ccHcmyHM.s:10092  .debug_str:0000000000007c1c .LASF305
C:\Users\zero6575\AppData\Local\Temp\ccHcmyHM.s:9690   .debug_str:00000000000067ab .LASF306
C:\Users\zero6575\AppData\Local\Temp\ccHcmyHM.s:9848   .debug_str:0000000000006fa0 .LASF307
C:\Users\zero6575\AppData\Local\Temp\ccHcmyHM.s:8718   .debug_str:0000000000003243 .LASF308
C:\Users\zero6575\AppData\Local\Temp\ccHcmyHM.s:9918   .debug_str:00000000000072d9 .LASF309
C:\Users\zero6575\AppData\Local\Temp\ccHcmyHM.s:8236   .debug_str:00000000000017d0 .LASF310
C:\Users\zero6575\AppData\Local\Temp\ccHcmyHM.s:8190   .debug_str:0000000000001600 .LASF311
C:\Users\zero6575\AppData\Local\Temp\ccHcmyHM.s:10356  .debug_str:0000000000008b44 .LASF312
C:\Users\zero6575\AppData\Local\Temp\ccHcmyHM.s:9320   .debug_str:0000000000005254 .LASF313
C:\Users\zero6575\AppData\Local\Temp\ccHcmyHM.s:8004   .debug_str:000000000000098a .LASF314
C:\Users\zero6575\AppData\Local\Temp\ccHcmyHM.s:7896   .debug_str:0000000000000478 .LASF315
C:\Users\zero6575\AppData\Local\Temp\ccHcmyHM.s:8226   .debug_str:0000000000001782 .LASF316
C:\Users\zero6575\AppData\Local\Temp\ccHcmyHM.s:8852   .debug_str:0000000000003979 .LASF317
C:\Users\zero6575\AppData\Local\Temp\ccHcmyHM.s:10042  .debug_str:00000000000079ab .LASF318
C:\Users\zero6575\AppData\Local\Temp\ccHcmyHM.s:7888   .debug_str:0000000000000414 .LASF319
C:\Users\zero6575\AppData\Local\Temp\ccHcmyHM.s:8270   .debug_str:0000000000001952 .LASF320
C:\Users\zero6575\AppData\Local\Temp\ccHcmyHM.s:8558   .debug_str:0000000000002967 .LASF321
C:\Users\zero6575\AppData\Local\Temp\ccHcmyHM.s:8016   .debug_str:0000000000000a57 .LASF322
C:\Users\zero6575\AppData\Local\Temp\ccHcmyHM.s:9544   .debug_str:0000000000005f00 .LASF323
C:\Users\zero6575\AppData\Local\Temp\ccHcmyHM.s:9980   .debug_str:000000000000769f .LASF324
C:\Users\zero6575\AppData\Local\Temp\ccHcmyHM.s:10138  .debug_str:0000000000007ea7 .LASF325
C:\Users\zero6575\AppData\Local\Temp\ccHcmyHM.s:8836   .debug_str:00000000000038e1 .LASF326
C:\Users\zero6575\AppData\Local\Temp\ccHcmyHM.s:10266  .debug_str:00000000000085e9 .LASF327
C:\Users\zero6575\AppData\Local\Temp\ccHcmyHM.s:8572   .debug_str:0000000000002a3d .LASF328
C:\Users\zero6575\AppData\Local\Temp\ccHcmyHM.s:9858   .debug_str:0000000000007016 .LASF329
C:\Users\zero6575\AppData\Local\Temp\ccHcmyHM.s:9732   .debug_str:00000000000069bd .LASF330
C:\Users\zero6575\AppData\Local\Temp\ccHcmyHM.s:8910   .debug_str:0000000000003c2f .LASF331
C:\Users\zero6575\AppData\Local\Temp\ccHcmyHM.s:8090   .debug_str:0000000000000deb .LASF332
C:\Users\zero6575\AppData\Local\Temp\ccHcmyHM.s:8074   .debug_str:0000000000000d44 .LASF333
C:\Users\zero6575\AppData\Local\Temp\ccHcmyHM.s:7904   .debug_str:00000000000004d8 .LASF334
C:\Users\zero6575\AppData\Local\Temp\ccHcmyHM.s:8342   .debug_str:0000000000001d34 .LASF335
C:\Users\zero6575\AppData\Local\Temp\ccHcmyHM.s:9644   .debug_str:0000000000006583 .LASF336
C:\Users\zero6575\AppData\Local\Temp\ccHcmyHM.s:9254   .debug_str:0000000000004edd .LASF337
C:\Users\zero6575\AppData\Local\Temp\ccHcmyHM.s:10054  .debug_str:0000000000007a2a .LASF338
C:\Users\zero6575\AppData\Local\Temp\ccHcmyHM.s:8490   .debug_str:0000000000002583 .LASF339
C:\Users\zero6575\AppData\Local\Temp\ccHcmyHM.s:9002   .debug_str:000000000000410a .LASF340
C:\Users\zero6575\AppData\Local\Temp\ccHcmyHM.s:9682   .debug_str:0000000000006714 .LASF341
C:\Users\zero6575\AppData\Local\Temp\ccHcmyHM.s:8938   .debug_str:0000000000003e0d .LASF345
C:\Users\zero6575\AppData\Local\Temp\ccHcmyHM.s:9126   .debug_str:00000000000047e1 .LASF346
C:\Users\zero6575\AppData\Local\Temp\ccHcmyHM.s:8974   .debug_str:0000000000003f4f .LASF347
C:\Users\zero6575\AppData\Local\Temp\ccHcmyHM.s:8552   .debug_str:0000000000002922 .LASF348
C:\Users\zero6575\AppData\Local\Temp\ccHcmyHM.s:8676   .debug_str:0000000000003038 .LASF349
C:\Users\zero6575\AppData\Local\Temp\ccHcmyHM.s:9560   .debug_str:000000000000601c .LASF350
C:\Users\zero6575\AppData\Local\Temp\ccHcmyHM.s:9956   .debug_str:000000000000750a .LASF351
C:\Users\zero6575\AppData\Local\Temp\ccHcmyHM.s:8518   .debug_str:0000000000002717 .LASF352
C:\Users\zero6575\AppData\Local\Temp\ccHcmyHM.s:8556   .debug_str:0000000000002955 .LASF353
C:\Users\zero6575\AppData\Local\Temp\ccHcmyHM.s:8388   .debug_str:0000000000001f97 .LASF354
C:\Users\zero6575\AppData\Local\Temp\ccHcmyHM.s:10156  .debug_str:0000000000007f95 .LASF355
C:\Users\zero6575\AppData\Local\Temp\ccHcmyHM.s:9584   .debug_str:0000000000006183 .LASF356
C:\Users\zero6575\AppData\Local\Temp\ccHcmyHM.s:9648   .debug_str:00000000000065ac .LASF357
C:\Users\zero6575\AppData\Local\Temp\ccHcmyHM.s:10116  .debug_str:0000000000007da3 .LASF358
C:\Users\zero6575\AppData\Local\Temp\ccHcmyHM.s:9950   .debug_str:00000000000074d4 .LASF359
C:\Users\zero6575\AppData\Local\Temp\ccHcmyHM.s:9440   .debug_str:0000000000005920 .LASF360
C:\Users\zero6575\AppData\Local\Temp\ccHcmyHM.s:9696   .debug_str:00000000000067ff .LASF361
C:\Users\zero6575\AppData\Local\Temp\ccHcmyHM.s:9872   .debug_str:00000000000070dc .LASF362
C:\Users\zero6575\AppData\Local\Temp\ccHcmyHM.s:8194   .debug_str:000000000000161b .LASF363
C:\Users\zero6575\AppData\Local\Temp\ccHcmyHM.s:9874   .debug_str:00000000000070ec .LASF364
C:\Users\zero6575\AppData\Local\Temp\ccHcmyHM.s:10124  .debug_str:0000000000007df1 .LASF365
C:\Users\zero6575\AppData\Local\Temp\ccHcmyHM.s:8972   .debug_str:0000000000003f38 .LASF366
C:\Users\zero6575\AppData\Local\Temp\ccHcmyHM.s:8780   .debug_str:0000000000003616 .LASF367
C:\Users\zero6575\AppData\Local\Temp\ccHcmyHM.s:9480   .debug_str:0000000000005b80 .LASF368
C:\Users\zero6575\AppData\Local\Temp\ccHcmyHM.s:9410   .debug_str:00000000000057a7 .LASF369
C:\Users\zero6575\AppData\Local\Temp\ccHcmyHM.s:8260   .debug_str:00000000000018d7 .LASF370
C:\Users\zero6575\AppData\Local\Temp\ccHcmyHM.s:10282  .debug_str:00000000000087d2 .LASF371
C:\Users\zero6575\AppData\Local\Temp\ccHcmyHM.s:10074  .debug_str:0000000000007b47 .LASF372
C:\Users\zero6575\AppData\Local\Temp\ccHcmyHM.s:9678   .debug_str:00000000000066e8 .LASF373
C:\Users\zero6575\AppData\Local\Temp\ccHcmyHM.s:8600   .debug_str:0000000000002bd4 .LASF374
C:\Users\zero6575\AppData\Local\Temp\ccHcmyHM.s:10100  .debug_str:0000000000007c76 .LASF375
C:\Users\zero6575\AppData\Local\Temp\ccHcmyHM.s:8708   .debug_str:00000000000031dc .LASF376
C:\Users\zero6575\AppData\Local\Temp\ccHcmyHM.s:7990   .debug_str:0000000000000912 .LASF377
C:\Users\zero6575\AppData\Local\Temp\ccHcmyHM.s:9110   .debug_str:0000000000004727 .LASF378
C:\Users\zero6575\AppData\Local\Temp\ccHcmyHM.s:7934   .debug_str:00000000000005af .LASF379
C:\Users\zero6575\AppData\Local\Temp\ccHcmyHM.s:9214   .debug_str:0000000000004c93 .LASF380
C:\Users\zero6575\AppData\Local\Temp\ccHcmyHM.s:9318   .debug_str:000000000000524e .LASF381
C:\Users\zero6575\AppData\Local\Temp\ccHcmyHM.s:8952   .debug_str:0000000000003eae .LASF382
C:\Users\zero6575\AppData\Local\Temp\ccHcmyHM.s:9804   .debug_str:0000000000006def .LASF383
C:\Users\zero6575\AppData\Local\Temp\ccHcmyHM.s:8208   .debug_str:00000000000016b2 .LASF384
C:\Users\zero6575\AppData\Local\Temp\ccHcmyHM.s:9414   .debug_str:00000000000057dd .LASF385
C:\Users\zero6575\AppData\Local\Temp\ccHcmyHM.s:8084   .debug_str:0000000000000db0 .LASF387
C:\Users\zero6575\AppData\Local\Temp\ccHcmyHM.s:9138   .debug_str:00000000000048bf .LASF388
C:\Users\zero6575\AppData\Local\Temp\ccHcmyHM.s:8072   .debug_str:0000000000000d3a .LASF389
C:\Users\zero6575\AppData\Local\Temp\ccHcmyHM.s:10214  .debug_str:00000000000082cd .LASF390
C:\Users\zero6575\AppData\Local\Temp\ccHcmyHM.s:8866   .debug_str:0000000000003a64 .LASF391
C:\Users\zero6575\AppData\Local\Temp\ccHcmyHM.s:7948   .debug_str:0000000000000661 .LASF392
C:\Users\zero6575\AppData\Local\Temp\ccHcmyHM.s:10106  .debug_str:0000000000007cf1 .LASF393
C:\Users\zero6575\AppData\Local\Temp\ccHcmyHM.s:9340   .debug_str:0000000000005355 .LASF394
C:\Users\zero6575\AppData\Local\Temp\ccHcmyHM.s:8346   .debug_str:0000000000001d59 .LASF395
C:\Users\zero6575\AppData\Local\Temp\ccHcmyHM.s:9288   .debug_str:0000000000005087 .LASF396
C:\Users\zero6575\AppData\Local\Temp\ccHcmyHM.s:8968   .debug_str:0000000000003f29 .LASF397
C:\Users\zero6575\AppData\Local\Temp\ccHcmyHM.s:9832   .debug_str:0000000000006f34 .LASF398
C:\Users\zero6575\AppData\Local\Temp\ccHcmyHM.s:8400   .debug_str:0000000000002023 .LASF399
C:\Users\zero6575\AppData\Local\Temp\ccHcmyHM.s:8802   .debug_str:000000000000374b .LASF400
C:\Users\zero6575\AppData\Local\Temp\ccHcmyHM.s:9802   .debug_str:0000000000006de3 .LASF401
C:\Users\zero6575\AppData\Local\Temp\ccHcmyHM.s:8728   .debug_str:00000000000032b6 .LASF402
C:\Users\zero6575\AppData\Local\Temp\ccHcmyHM.s:10430  .debug_str:0000000000008ede .LASF403
C:\Users\zero6575\AppData\Local\Temp\ccHcmyHM.s:9118   .debug_str:000000000000479a .LASF404
C:\Users\zero6575\AppData\Local\Temp\ccHcmyHM.s:8704   .debug_str:00000000000031bc .LASF405
C:\Users\zero6575\AppData\Local\Temp\ccHcmyHM.s:9050   .debug_str:00000000000043d5 .LASF406
C:\Users\zero6575\AppData\Local\Temp\ccHcmyHM.s:8096   .debug_str:0000000000000e2f .LASF407
C:\Users\zero6575\AppData\Local\Temp\ccHcmyHM.s:9500   .debug_str:0000000000005ce9 .LASF408
C:\Users\zero6575\AppData\Local\Temp\ccHcmyHM.s:7832   .debug_str:00000000000000f0 .LASF409
C:\Users\zero6575\AppData\Local\Temp\ccHcmyHM.s:9374   .debug_str:00000000000055bc .LASF410
C:\Users\zero6575\AppData\Local\Temp\ccHcmyHM.s:8476   .debug_str:000000000000248e .LASF411
C:\Users\zero6575\AppData\Local\Temp\ccHcmyHM.s:9808   .debug_str:0000000000006e1b .LASF412
C:\Users\zero6575\AppData\Local\Temp\ccHcmyHM.s:9148   .debug_str:00000000000048fa .LASF413
C:\Users\zero6575\AppData\Local\Temp\ccHcmyHM.s:8372   .debug_str:0000000000001ec3 .LASF414
C:\Users\zero6575\AppData\Local\Temp\ccHcmyHM.s:9210   .debug_str:0000000000004c72 .LASF415
C:\Users\zero6575\AppData\Local\Temp\ccHcmyHM.s:9824   .debug_str:0000000000006eb1 .LASF416
C:\Users\zero6575\AppData\Local\Temp\ccHcmyHM.s:8604   .debug_str:0000000000002bef .LASF417
C:\Users\zero6575\AppData\Local\Temp\ccHcmyHM.s:8890   .debug_str:0000000000003b34 .LASF418
C:\Users\zero6575\AppData\Local\Temp\ccHcmyHM.s:8680   .debug_str:0000000000003077 .LASF419
C:\Users\zero6575\AppData\Local\Temp\ccHcmyHM.s:10108  .debug_str:0000000000007cf9 .LASF420
C:\Users\zero6575\AppData\Local\Temp\ccHcmyHM.s:10402  .debug_str:0000000000008de4 .LASF421
C:\Users\zero6575\AppData\Local\Temp\ccHcmyHM.s:9914   .debug_str:00000000000072a0 .LASF422
C:\Users\zero6575\AppData\Local\Temp\ccHcmyHM.s:7968   .debug_str:00000000000007c4 .LASF423
C:\Users\zero6575\AppData\Local\Temp\ccHcmyHM.s:8994   .debug_str:0000000000004098 .LASF424
C:\Users\zero6575\AppData\Local\Temp\ccHcmyHM.s:7850   .debug_str:0000000000000256 .LASF425
C:\Users\zero6575\AppData\Local\Temp\ccHcmyHM.s:8700   .debug_str:000000000000319c .LASF426
C:\Users\zero6575\AppData\Local\Temp\ccHcmyHM.s:9706   .debug_str:0000000000006882 .LASF427
C:\Users\zero6575\AppData\Local\Temp\ccHcmyHM.s:9000   .debug_str:00000000000040f5 .LASF428
C:\Users\zero6575\AppData\Local\Temp\ccHcmyHM.s:9224   .debug_str:0000000000004ce0 .LASF429
C:\Users\zero6575\AppData\Local\Temp\ccHcmyHM.s:9698   .debug_str:000000000000680f .LASF430
C:\Users\zero6575\AppData\Local\Temp\ccHcmyHM.s:10444  .debug_str:0000000000008fc9 .LASF431
C:\Users\zero6575\AppData\Local\Temp\ccHcmyHM.s:8296   .debug_str:0000000000001afb .LASF432
C:\Users\zero6575\AppData\Local\Temp\ccHcmyHM.s:8696   .debug_str:0000000000003163 .LASF433
C:\Users\zero6575\AppData\Local\Temp\ccHcmyHM.s:8734   .debug_str:00000000000032ea .LASF434
C:\Users\zero6575\AppData\Local\Temp\ccHcmyHM.s:8762   .debug_str:00000000000034fc .LASF435
C:\Users\zero6575\AppData\Local\Temp\ccHcmyHM.s:9984   .debug_str:00000000000076d0 .LASF436
C:\Users\zero6575\AppData\Local\Temp\ccHcmyHM.s:9968   .debug_str:00000000000075d6 .LASF437
C:\Users\zero6575\AppData\Local\Temp\ccHcmyHM.s:9652   .debug_str:00000000000065d3 .LASF438
C:\Users\zero6575\AppData\Local\Temp\ccHcmyHM.s:8940   .debug_str:0000000000003e23 .LASF439
C:\Users\zero6575\AppData\Local\Temp\ccHcmyHM.s:9570   .debug_str:00000000000060cd .LASF440
C:\Users\zero6575\AppData\Local\Temp\ccHcmyHM.s:9674   .debug_str:00000000000066c4 .LASF441
C:\Users\zero6575\AppData\Local\Temp\ccHcmyHM.s:9432   .debug_str:00000000000058d6 .LASF442
C:\Users\zero6575\AppData\Local\Temp\ccHcmyHM.s:9704   .debug_str:0000000000006859 .LASF443
C:\Users\zero6575\AppData\Local\Temp\ccHcmyHM.s:9072   .debug_str:00000000000044e1 .LASF444
C:\Users\zero6575\AppData\Local\Temp\ccHcmyHM.s:8580   .debug_str:0000000000002a91 .LASF445
C:\Users\zero6575\AppData\Local\Temp\ccHcmyHM.s:8378   .debug_str:0000000000001ef2 .LASF446
C:\Users\zero6575\AppData\Local\Temp\ccHcmyHM.s:9040   .debug_str:000000000000432c .LASF447
C:\Users\zero6575\AppData\Local\Temp\ccHcmyHM.s:8266   .debug_str:0000000000001930 .LASF448
C:\Users\zero6575\AppData\Local\Temp\ccHcmyHM.s:8412   .debug_str:0000000000002092 .LASF449
C:\Users\zero6575\AppData\Local\Temp\ccHcmyHM.s:10232  .debug_str:00000000000083e9 .LASF450
C:\Users\zero6575\AppData\Local\Temp\ccHcmyHM.s:9670   .debug_str:0000000000006690 .LASF451
C:\Users\zero6575\AppData\Local\Temp\ccHcmyHM.s:9894   .debug_str:00000000000071db .LASF452
C:\Users\zero6575\AppData\Local\Temp\ccHcmyHM.s:10452  .debug_str:0000000000009018 .LASF453
C:\Users\zero6575\AppData\Local\Temp\ccHcmyHM.s:9740   .debug_str:0000000000006a1d .LASF454
C:\Users\zero6575\AppData\Local\Temp\ccHcmyHM.s:9794   .debug_str:0000000000006d43 .LASF455
C:\Users\zero6575\AppData\Local\Temp\ccHcmyHM.s:9160   .debug_str:0000000000004979 .LASF456
C:\Users\zero6575\AppData\Local\Temp\ccHcmyHM.s:8144   .debug_str:000000000000112d .LASF457
C:\Users\zero6575\AppData\Local\Temp\ccHcmyHM.s:8130   .debug_str:0000000000001048 .LASF458
C:\Users\zero6575\AppData\Local\Temp\ccHcmyHM.s:8282   .debug_str:0000000000001a05 .LASF459
C:\Users\zero6575\AppData\Local\Temp\ccHcmyHM.s:9080   .debug_str:000000000000453c .LASF460
C:\Users\zero6575\AppData\Local\Temp\ccHcmyHM.s:10130  .debug_str:0000000000007e48 .LASF461
C:\Users\zero6575\AppData\Local\Temp\ccHcmyHM.s:8352   .debug_str:0000000000001db9 .LASF462
C:\Users\zero6575\AppData\Local\Temp\ccHcmyHM.s:9724   .debug_str:0000000000006940 .LASF463
C:\Users\zero6575\AppData\Local\Temp\ccHcmyHM.s:10082  .debug_str:0000000000007b95 .LASF464
C:\Users\zero6575\AppData\Local\Temp\ccHcmyHM.s:8686   .debug_str:00000000000030bd .LASF465
C:\Users\zero6575\AppData\Local\Temp\ccHcmyHM.s:9466   .debug_str:0000000000005ac6 .LASF466
C:\Users\zero6575\AppData\Local\Temp\ccHcmyHM.s:9128   .debug_str:00000000000047f9 .LASF467
C:\Users\zero6575\AppData\Local\Temp\ccHcmyHM.s:10414  .debug_str:0000000000008e3d .LASF468
C:\Users\zero6575\AppData\Local\Temp\ccHcmyHM.s:9166   .debug_str:00000000000049d7 .LASF469
C:\Users\zero6575\AppData\Local\Temp\ccHcmyHM.s:8020   .debug_str:0000000000000a78 .LASF470
C:\Users\zero6575\AppData\Local\Temp\ccHcmyHM.s:10290  .debug_str:0000000000008824 .LASF471
C:\Users\zero6575\AppData\Local\Temp\ccHcmyHM.s:9624   .debug_str:0000000000006420 .LASF472
C:\Users\zero6575\AppData\Local\Temp\ccHcmyHM.s:7954   .debug_str:00000000000006ef .LASF473
C:\Users\zero6575\AppData\Local\Temp\ccHcmyHM.s:8798   .debug_str:00000000000036fa .LASF474
C:\Users\zero6575\AppData\Local\Temp\ccHcmyHM.s:9916   .debug_str:00000000000072b3 .LASF475
C:\Users\zero6575\AppData\Local\Temp\ccHcmyHM.s:10072  .debug_str:0000000000007b2b .LASF476
C:\Users\zero6575\AppData\Local\Temp\ccHcmyHM.s:8026   .debug_str:0000000000000ace .LASF477
C:\Users\zero6575\AppData\Local\Temp\ccHcmyHM.s:10332  .debug_str:00000000000089f3 .LASF478
C:\Users\zero6575\AppData\Local\Temp\ccHcmyHM.s:9844   .debug_str:0000000000006f7d .LASF479
C:\Users\zero6575\AppData\Local\Temp\ccHcmyHM.s:10014  .debug_str:000000000000783d .LASF480
C:\Users\zero6575\AppData\Local\Temp\ccHcmyHM.s:10142  .debug_str:0000000000007ef5 .LASF481
C:\Users\zero6575\AppData\Local\Temp\ccHcmyHM.s:9786   .debug_str:0000000000006d05 .LASF482
C:\Users\zero6575\AppData\Local\Temp\ccHcmyHM.s:8532   .debug_str:0000000000002802 .LASF483
C:\Users\zero6575\AppData\Local\Temp\ccHcmyHM.s:10378  .debug_str:0000000000008cb6 .LASF484
C:\Users\zero6575\AppData\Local\Temp\ccHcmyHM.s:8924   .debug_str:0000000000003ce0 .LASF485
C:\Users\zero6575\AppData\Local\Temp\ccHcmyHM.s:9074   .debug_str:0000000000004505 .LASF486
C:\Users\zero6575\AppData\Local\Temp\ccHcmyHM.s:9344   .debug_str:000000000000536f .LASF487
C:\Users\zero6575\AppData\Local\Temp\ccHcmyHM.s:9528   .debug_str:0000000000005e51 .LASF488
C:\Users\zero6575\AppData\Local\Temp\ccHcmyHM.s:8904   .debug_str:0000000000003c06 .LASF489
C:\Users\zero6575\AppData\Local\Temp\ccHcmyHM.s:8526   .debug_str:00000000000027b1 .LASF490
C:\Users\zero6575\AppData\Local\Temp\ccHcmyHM.s:9162   .debug_str:000000000000499f .LASF491
C:\Users\zero6575\AppData\Local\Temp\ccHcmyHM.s:7892   .debug_str:0000000000000440 .LASF492
C:\Users\zero6575\AppData\Local\Temp\ccHcmyHM.s:9102   .debug_str:0000000000004652 .LASF493
C:\Users\zero6575\AppData\Local\Temp\ccHcmyHM.s:7906   .debug_str:00000000000004e7 .LASF494
C:\Users\zero6575\AppData\Local\Temp\ccHcmyHM.s:9578   .debug_str:0000000000006123 .LASF495
C:\Users\zero6575\AppData\Local\Temp\ccHcmyHM.s:9448   .debug_str:0000000000005975 .LASF496
C:\Users\zero6575\AppData\Local\Temp\ccHcmyHM.s:9408   .debug_str:000000000000578b .LASF497
C:\Users\zero6575\AppData\Local\Temp\ccHcmyHM.s:7924   .debug_str:0000000000000574 .LASF501
C:\Users\zero6575\AppData\Local\Temp\ccHcmyHM.s:10166  .debug_str:0000000000007ff6 .LASF502
C:\Users\zero6575\AppData\Local\Temp\ccHcmyHM.s:9662   .debug_str:0000000000006644 .LASF503
C:\Users\zero6575\AppData\Local\Temp\ccHcmyHM.s:8228   .debug_str:0000000000001788 .LASF504
C:\Users\zero6575\AppData\Local\Temp\ccHcmyHM.s:8736   .debug_str:0000000000003303 .LASF505
C:\Users\zero6575\AppData\Local\Temp\ccHcmyHM.s:8850   .debug_str:000000000000396e .LASF506
C:\Users\zero6575\AppData\Local\Temp\ccHcmyHM.s:9948   .debug_str:00000000000074c8 .LASF507
C:\Users\zero6575\AppData\Local\Temp\ccHcmyHM.s:9338   .debug_str:0000000000005345 .LASF508
C:\Users\zero6575\AppData\Local\Temp\ccHcmyHM.s:8500   .debug_str:000000000000260b .LASF509
C:\Users\zero6575\AppData\Local\Temp\ccHcmyHM.s:8070   .debug_str:0000000000000d2d .LASF510
C:\Users\zero6575\AppData\Local\Temp\ccHcmyHM.s:9756   .debug_str:0000000000006ba6 .LASF511
C:\Users\zero6575\AppData\Local\Temp\ccHcmyHM.s:9488   .debug_str:0000000000005c04 .LASF512
C:\Users\zero6575\AppData\Local\Temp\ccHcmyHM.s:9472   .debug_str:0000000000005b15 .LASF513
C:\Users\zero6575\AppData\Local\Temp\ccHcmyHM.s:9994   .debug_str:0000000000007750 .LASF514
C:\Users\zero6575\AppData\Local\Temp\ccHcmyHM.s:10168  .debug_str:0000000000008001 .LASF515
C:\Users\zero6575\AppData\Local\Temp\ccHcmyHM.s:8348   .debug_str:0000000000001d64 .LASF516
C:\Users\zero6575\AppData\Local\Temp\ccHcmyHM.s:8454   .debug_str:00000000000023ba .LASF517
C:\Users\zero6575\AppData\Local\Temp\ccHcmyHM.s:9424   .debug_str:0000000000005840 .LASF518
C:\Users\zero6575\AppData\Local\Temp\ccHcmyHM.s:9260   .debug_str:0000000000004f47 .LASF519
C:\Users\zero6575\AppData\Local\Temp\ccHcmyHM.s:10330  .debug_str:00000000000089e7 .LASF520
C:\Users\zero6575\AppData\Local\Temp\ccHcmyHM.s:9642   .debug_str:000000000000657a .LASF521
C:\Users\zero6575\AppData\Local\Temp\ccHcmyHM.s:9120   .debug_str:00000000000047a3 .LASF522
C:\Users\zero6575\AppData\Local\Temp\ccHcmyHM.s:8192   .debug_str:0000000000001611 .LASF523
C:\Users\zero6575\AppData\Local\Temp\ccHcmyHM.s:10062  .debug_str:0000000000007a8d .LASF524
C:\Users\zero6575\AppData\Local\Temp\ccHcmyHM.s:9516   .debug_str:0000000000005de2 .LASF525
C:\Users\zero6575\AppData\Local\Temp\ccHcmyHM.s:8832   .debug_str:00000000000038c2 .LASF526
C:\Users\zero6575\AppData\Local\Temp\ccHcmyHM.s:8434   .debug_str:000000000000219e .LASF527
C:\Users\zero6575\AppData\Local\Temp\ccHcmyHM.s:8752   .debug_str:00000000000033ee .LASF528
C:\Users\zero6575\AppData\Local\Temp\ccHcmyHM.s:7970   .debug_str:00000000000007d8 .LASF529
C:\Users\zero6575\AppData\Local\Temp\ccHcmyHM.s:8080   .debug_str:0000000000000d81 .LASF530
C:\Users\zero6575\AppData\Local\Temp\ccHcmyHM.s:8294   .debug_str:0000000000001ae9 .LASF531
C:\Users\zero6575\AppData\Local\Temp\ccHcmyHM.s:8744   .debug_str:0000000000003357 .LASF532
C:\Users\zero6575\AppData\Local\Temp\ccHcmyHM.s:10284  .debug_str:00000000000087e6 .LASF533
C:\Users\zero6575\AppData\Local\Temp\ccHcmyHM.s:9936   .debug_str:00000000000073cf .LASF534
C:\Users\zero6575\AppData\Local\Temp\ccHcmyHM.s:8392   .debug_str:0000000000001fbc .LASF535
C:\Users\zero6575\AppData\Local\Temp\ccHcmyHM.s:8110   .debug_str:0000000000000f13 .LASF536
C:\Users\zero6575\AppData\Local\Temp\ccHcmyHM.s:9010   .debug_str:0000000000004164 .LASF537
C:\Users\zero6575\AppData\Local\Temp\ccHcmyHM.s:7908   .debug_str:00000000000004ff .LASF538
C:\Users\zero6575\AppData\Local\Temp\ccHcmyHM.s:9076   .debug_str:000000000000451d .LASF539
C:\Users\zero6575\AppData\Local\Temp\ccHcmyHM.s:9576   .debug_str:0000000000006118 .LASF540
C:\Users\zero6575\AppData\Local\Temp\ccHcmyHM.s:9932   .debug_str:00000000000073b9 .LASF541
C:\Users\zero6575\AppData\Local\Temp\ccHcmyHM.s:9996   .debug_str:0000000000007761 .LASF542
C:\Users\zero6575\AppData\Local\Temp\ccHcmyHM.s:9096   .debug_str:00000000000045fa .LASF543
C:\Users\zero6575\AppData\Local\Temp\ccHcmyHM.s:9870   .debug_str:00000000000070cd .LASF544
C:\Users\zero6575\AppData\Local\Temp\ccHcmyHM.s:8796   .debug_str:00000000000036e7 .LASF545
C:\Users\zero6575\AppData\Local\Temp\ccHcmyHM.s:7822   .debug_str:0000000000000093 .LASF546
C:\Users\zero6575\AppData\Local\Temp\ccHcmyHM.s:8614   .debug_str:0000000000002c54 .LASF547
C:\Users\zero6575\AppData\Local\Temp\ccHcmyHM.s:8114   .debug_str:0000000000000f52 .LASF548
C:\Users\zero6575\AppData\Local\Temp\ccHcmyHM.s:8374   .debug_str:0000000000001ed6 .LASF549
C:\Users\zero6575\AppData\Local\Temp\ccHcmyHM.s:8794   .debug_str:00000000000036d9 .LASF550
C:\Users\zero6575\AppData\Local\Temp\ccHcmyHM.s:9018   .debug_str:00000000000041ce .LASF551
C:\Users\zero6575\AppData\Local\Temp\ccHcmyHM.s:8826   .debug_str:0000000000003885 .LASF552
C:\Users\zero6575\AppData\Local\Temp\ccHcmyHM.s:9750   .debug_str:0000000000006b6a .LASF553
C:\Users\zero6575\AppData\Local\Temp\ccHcmyHM.s:8988   .debug_str:0000000000004078 .LASF554
C:\Users\zero6575\AppData\Local\Temp\ccHcmyHM.s:9710   .debug_str:00000000000068ae .LASF555
C:\Users\zero6575\AppData\Local\Temp\ccHcmyHM.s:9168   .debug_str:00000000000049fd .LASF556
C:\Users\zero6575\AppData\Local\Temp\ccHcmyHM.s:9170   .debug_str:0000000000004a09 .LASF557
C:\Users\zero6575\AppData\Local\Temp\ccHcmyHM.s:10314  .debug_str:0000000000008929 .LASF558
C:\Users\zero6575\AppData\Local\Temp\ccHcmyHM.s:8646   .debug_str:0000000000002dda .LASF560
C:\Users\zero6575\AppData\Local\Temp\ccHcmyHM.s:9386   .debug_str:0000000000005638 .LASF561
C:\Users\zero6575\AppData\Local\Temp\ccHcmyHM.s:9650   .debug_str:00000000000065c4 .LASF562
C:\Users\zero6575\AppData\Local\Temp\ccHcmyHM.s:8180   .debug_str:000000000000158f .LASF563
C:\Users\zero6575\AppData\Local\Temp\ccHcmyHM.s:10254  .debug_str:0000000000008534 .LASF564
C:\Users\zero6575\AppData\Local\Temp\ccHcmyHM.s:8182   .debug_str:00000000000015a1 .LASF565
C:\Users\zero6575\AppData\Local\Temp\ccHcmyHM.s:8112   .debug_str:0000000000000f21 .LASF566
C:\Users\zero6575\AppData\Local\Temp\ccHcmyHM.s:9498   .debug_str:0000000000005cdb .LASF567
C:\Users\zero6575\AppData\Local\Temp\ccHcmyHM.s:9596   .debug_str:000000000000620d .LASF568
C:\Users\zero6575\AppData\Local\Temp\ccHcmyHM.s:10154  .debug_str:0000000000007f7f .LASF569
C:\Users\zero6575\AppData\Local\Temp\ccHcmyHM.s:8662   .debug_str:0000000000002f57 .LASF570
C:\Users\zero6575\AppData\Local\Temp\ccHcmyHM.s:8256   .debug_str:00000000000018c6 .LASF571
C:\Users\zero6575\AppData\Local\Temp\ccHcmyHM.s:9586   .debug_str:0000000000006193 .LASF572
C:\Users\zero6575\AppData\Local\Temp\ccHcmyHM.s:10164  .debug_str:0000000000007fe6 .LASF573
C:\Users\zero6575\AppData\Local\Temp\ccHcmyHM.s:8688   .debug_str:00000000000030df .LASF574
C:\Users\zero6575\AppData\Local\Temp\ccHcmyHM.s:8896   .debug_str:0000000000003b6e .LASF575
C:\Users\zero6575\AppData\Local\Temp\ccHcmyHM.s:8166   .debug_str:0000000000001244 .LASF576
C:\Users\zero6575\AppData\Local\Temp\ccHcmyHM.s:9602   .debug_str:00000000000062af .LASF577
C:\Users\zero6575\AppData\Local\Temp\ccHcmyHM.s:9574   .debug_str:0000000000006103 .LASF578
C:\Users\zero6575\AppData\Local\Temp\ccHcmyHM.s:10094  .debug_str:0000000000007c33 .LASF579
C:\Users\zero6575\AppData\Local\Temp\ccHcmyHM.s:9890   .debug_str:00000000000071c3 .LASF580
C:\Users\zero6575\AppData\Local\Temp\ccHcmyHM.s:8884   .debug_str:0000000000003b04 .LASF581
C:\Users\zero6575\AppData\Local\Temp\ccHcmyHM.s:9278   .debug_str:0000000000005002 .LASF582
C:\Users\zero6575\AppData\Local\Temp\ccHcmyHM.s:9780   .debug_str:0000000000006ccc .LASF583
C:\Users\zero6575\AppData\Local\Temp\ccHcmyHM.s:9702   .debug_str:0000000000006847 .LASF584
C:\Users\zero6575\AppData\Local\Temp\ccHcmyHM.s:10398  .debug_str:0000000000008db4 .LASF585
C:\Users\zero6575\AppData\Local\Temp\ccHcmyHM.s:9350   .debug_str:00000000000053a6 .LASF586
C:\Users\zero6575\AppData\Local\Temp\ccHcmyHM.s:9896   .debug_str:00000000000071fa .LASF587
C:\Users\zero6575\AppData\Local\Temp\ccHcmyHM.s:10174  .debug_str:0000000000008043 .LASF588
C:\Users\zero6575\AppData\Local\Temp\ccHcmyHM.s:8086   .debug_str:0000000000000db6 .LASF589
C:\Users\zero6575\AppData\Local\Temp\ccHcmyHM.s:9154   .debug_str:0000000000004927 .LASF590
C:\Users\zero6575\AppData\Local\Temp\ccHcmyHM.s:10004  .debug_str:00000000000077dd .LASF591
C:\Users\zero6575\AppData\Local\Temp\ccHcmyHM.s:7860   .debug_str:00000000000002c2 .LASF592
C:\Users\zero6575\AppData\Local\Temp\ccHcmyHM.s:10170  .debug_str:0000000000008015 .LASF593
C:\Users\zero6575\AppData\Local\Temp\ccHcmyHM.s:9022   .debug_str:0000000000004214 .LASF594
C:\Users\zero6575\AppData\Local\Temp\ccHcmyHM.s:8512   .debug_str:00000000000026c9 .LASF595
C:\Users\zero6575\AppData\Local\Temp\ccHcmyHM.s:8810   .debug_str:00000000000037cc .LASF596
C:\Users\zero6575\AppData\Local\Temp\ccHcmyHM.s:10198  .debug_str:00000000000081ec .LASF597
C:\Users\zero6575\AppData\Local\Temp\ccHcmyHM.s:8134   .debug_str:0000000000001089 .LASF598
C:\Users\zero6575\AppData\Local\Temp\ccHcmyHM.s:9532   .debug_str:0000000000005e7c .LASF599
C:\Users\zero6575\AppData\Local\Temp\ccHcmyHM.s:10148  .debug_str:0000000000007f58 .LASF600
C:\Users\zero6575\AppData\Local\Temp\ccHcmyHM.s:9268   .debug_str:0000000000004fa4 .LASF601
C:\Users\zero6575\AppData\Local\Temp\ccHcmyHM.s:8428   .debug_str:0000000000002150 .LASF602
C:\Users\zero6575\AppData\Local\Temp\ccHcmyHM.s:8310   .debug_str:0000000000001bb2 .LASF603
C:\Users\zero6575\AppData\Local\Temp\ccHcmyHM.s:8948   .debug_str:0000000000003e68 .LASF604
C:\Users\zero6575\AppData\Local\Temp\ccHcmyHM.s:9686   .debug_str:0000000000006760 .LASF605
C:\Users\zero6575\AppData\Local\Temp\ccHcmyHM.s:8612   .debug_str:0000000000002c3c .LASF606
C:\Users\zero6575\AppData\Local\Temp\ccHcmyHM.s:9108   .debug_str:000000000000470d .LASF607
C:\Users\zero6575\AppData\Local\Temp\ccHcmyHM.s:8120   .debug_str:0000000000000f8b .LASF608
C:\Users\zero6575\AppData\Local\Temp\ccHcmyHM.s:9660   .debug_str:0000000000006627 .LASF609
C:\Users\zero6575\AppData\Local\Temp\ccHcmyHM.s:9396   .debug_str:000000000000567e .LASF610
C:\Users\zero6575\AppData\Local\Temp\ccHcmyHM.s:9348   .debug_str:0000000000005391 .LASF611
C:\Users\zero6575\AppData\Local\Temp\ccHcmyHM.s:8706   .debug_str:00000000000031c6 .LASF612
C:\Users\zero6575\AppData\Local\Temp\ccHcmyHM.s:9754   .debug_str:0000000000006b8f .LASF613
C:\Users\zero6575\AppData\Local\Temp\ccHcmyHM.s:9522   .debug_str:0000000000005e13 .LASF614
C:\Users\zero6575\AppData\Local\Temp\ccHcmyHM.s:8894   .debug_str:0000000000003b60 .LASF615
C:\Users\zero6575\AppData\Local\Temp\ccHcmyHM.s:7898   .debug_str:0000000000000482 .LASF616
C:\Users\zero6575\AppData\Local\Temp\ccHcmyHM.s:9700   .debug_str:0000000000006829 .LASF617
C:\Users\zero6575\AppData\Local\Temp\ccHcmyHM.s:9232   .debug_str:0000000000004d2e .LASF618
C:\Users\zero6575\AppData\Local\Temp\ccHcmyHM.s:7964   .debug_str:000000000000076c .LASF619
C:\Users\zero6575\AppData\Local\Temp\ccHcmyHM.s:9600   .debug_str:0000000000006245 .LASF620
C:\Users\zero6575\AppData\Local\Temp\ccHcmyHM.s:9428   .debug_str:00000000000058a2 .LASF621
C:\Users\zero6575\AppData\Local\Temp\ccHcmyHM.s:8302   .debug_str:0000000000001b47 .LASF622
C:\Users\zero6575\AppData\Local\Temp\ccHcmyHM.s:8920   .debug_str:0000000000003cbb .LASF623
C:\Users\zero6575\AppData\Local\Temp\ccHcmyHM.s:8418   .debug_str:00000000000020ff .LASF624
C:\Users\zero6575\AppData\Local\Temp\ccHcmyHM.s:9376   .debug_str:00000000000055c7 .LASF629
C:\Users\zero6575\AppData\Local\Temp\ccHcmyHM.s:8488   .debug_str:0000000000002573 .LASF630
C:\Users\zero6575\AppData\Local\Temp\ccHcmyHM.s:10386  .debug_str:0000000000008d3d .LASF631
C:\Users\zero6575\AppData\Local\Temp\ccHcmyHM.s:7830   .debug_str:00000000000000e4 .LASF632
C:\Users\zero6575\AppData\Local\Temp\ccHcmyHM.s:10424  .debug_str:0000000000008e9f .LASF633
C:\Users\zero6575\AppData\Local\Temp\ccHcmyHM.s:9394   .debug_str:0000000000005672 .LASF634
C:\Users\zero6575\AppData\Local\Temp\ccHcmyHM.s:9364   .debug_str:0000000000005481 .LASF635
C:\Users\zero6575\AppData\Local\Temp\ccHcmyHM.s:9676   .debug_str:00000000000066dc .LASF636
C:\Users\zero6575\AppData\Local\Temp\ccHcmyHM.s:10240  .debug_str:0000000000008469 .LASF637
C:\Users\zero6575\AppData\Local\Temp\ccHcmyHM.s:8672   .debug_str:0000000000003015 .LASF638
C:\Users\zero6575\AppData\Local\Temp\ccHcmyHM.s:10450  .debug_str:000000000000900a .LASF639
C:\Users\zero6575\AppData\Local\Temp\ccHcmyHM.s:9564   .debug_str:0000000000006082 .LASF640
C:\Users\zero6575\AppData\Local\Temp\ccHcmyHM.s:9378   .debug_str:00000000000055cf .LASF641
C:\Users\zero6575\AppData\Local\Temp\ccHcmyHM.s:9658   .debug_str:0000000000006618 .LASF642
C:\Users\zero6575\AppData\Local\Temp\ccHcmyHM.s:10312  .debug_str:000000000000891a .LASF643
C:\Users\zero6575\AppData\Local\Temp\ccHcmyHM.s:8838   .debug_str:0000000000003906 .LASF644
C:\Users\zero6575\AppData\Local\Temp\ccHcmyHM.s:8312   .debug_str:0000000000001bcc .LASF645
C:\Users\zero6575\AppData\Local\Temp\ccHcmyHM.s:9476   .debug_str:0000000000005b35 .LASF646
C:\Users\zero6575\AppData\Local\Temp\ccHcmyHM.s:9012   .debug_str:0000000000004171 .LASF647
C:\Users\zero6575\AppData\Local\Temp\ccHcmyHM.s:9008   .debug_str:0000000000004151 .LASF648
C:\Users\zero6575\AppData\Local\Temp\ccHcmyHM.s:8098   .debug_str:0000000000000e3c .LASF649
C:\Users\zero6575\AppData\Local\Temp\ccHcmyHM.s:9150   .debug_str:000000000000490c .LASF650
C:\Users\zero6575\AppData\Local\Temp\ccHcmyHM.s:10242  .debug_str:0000000000008475 .LASF651
C:\Users\zero6575\AppData\Local\Temp\ccHcmyHM.s:8122   .debug_str:0000000000000fa8 .LASF652
C:\Users\zero6575\AppData\Local\Temp\ccHcmyHM.s:9194   .debug_str:0000000000004bb5 .LASF653
C:\Users\zero6575\AppData\Local\Temp\ccHcmyHM.s:10006  .debug_str:00000000000077ef .LASF654
C:\Users\zero6575\AppData\Local\Temp\ccHcmyHM.s:10018  .debug_str:000000000000787a .LASF655
C:\Users\zero6575\AppData\Local\Temp\ccHcmyHM.s:8344   .debug_str:0000000000001d44 .LASF656
C:\Users\zero6575\AppData\Local\Temp\ccHcmyHM.s:8650   .debug_str:0000000000002e05 .LASF657
C:\Users\zero6575\AppData\Local\Temp\ccHcmyHM.s:9888   .debug_str:00000000000071ae .LASF658
C:\Users\zero6575\AppData\Local\Temp\ccHcmyHM.s:8914   .debug_str:0000000000003c4d .LASF659
C:\Users\zero6575\AppData\Local\Temp\ccHcmyHM.s:8284   .debug_str:0000000000001a1f .LASF660
C:\Users\zero6575\AppData\Local\Temp\ccHcmyHM.s:10224  .debug_str:000000000000838c .LASF661
C:\Users\zero6575\AppData\Local\Temp\ccHcmyHM.s:8610   .debug_str:0000000000002c27 .LASF662
C:\Users\zero6575\AppData\Local\Temp\ccHcmyHM.s:10206  .debug_str:0000000000008262 .LASF663
C:\Users\zero6575\AppData\Local\Temp\ccHcmyHM.s:9636   .debug_str:0000000000006505 .LASF664
C:\Users\zero6575\AppData\Local\Temp\ccHcmyHM.s:9412   .debug_str:00000000000057bd .LASF665
C:\Users\zero6575\AppData\Local\Temp\ccHcmyHM.s:7894   .debug_str:0000000000000458 .LASF666
C:\Users\zero6575\AppData\Local\Temp\ccHcmyHM.s:9164   .debug_str:00000000000049b9 .LASF667
C:\Users\zero6575\AppData\Local\Temp\ccHcmyHM.s:9580   .debug_str:000000000000613d .LASF668
C:\Users\zero6575\AppData\Local\Temp\ccHcmyHM.s:10080  .debug_str:0000000000007b76 .LASF669
C:\Users\zero6575\AppData\Local\Temp\ccHcmyHM.s:9184   .debug_str:0000000000004b35 .LASF670
C:\Users\zero6575\AppData\Local\Temp\ccHcmyHM.s:7956   .debug_str:0000000000000718 .LASF671
C:\Users\zero6575\AppData\Local\Temp\ccHcmyHM.s:8224   .debug_str:0000000000001753 .LASF672
C:\Users\zero6575\AppData\Local\Temp\ccHcmyHM.s:9450   .debug_str:000000000000598f .LASF673
C:\Users\zero6575\AppData\Local\Temp\ccHcmyHM.s:8870   .debug_str:0000000000003a75 .LASF674
C:\Users\zero6575\AppData\Local\Temp\ccHcmyHM.s:10246  .debug_str:00000000000084ca .LASF675
C:\Users\zero6575\AppData\Local\Temp\ccHcmyHM.s:9534   .debug_str:0000000000005e90 .LASF676
C:\Users\zero6575\AppData\Local\Temp\ccHcmyHM.s:9620   .debug_str:00000000000063ed .LASF683
C:\Users\zero6575\AppData\Local\Temp\ccHcmyHM.s:9250   .debug_str:0000000000004ebb .LASF684
C:\Users\zero6575\AppData\Local\Temp\ccHcmyHM.s:8658   .debug_str:0000000000002f04 .LASF685
C:\Users\zero6575\AppData\Local\Temp\ccHcmyHM.s:7826   .debug_str:00000000000000b8 .LASF686
C:\Users\zero6575\AppData\Local\Temp\ccHcmyHM.s:8506   .debug_str:000000000000266b .LASF687
C:\Users\zero6575\AppData\Local\Temp\ccHcmyHM.s:8370   .debug_str:0000000000001eaf .LASF688
C:\Users\zero6575\AppData\Local\Temp\ccHcmyHM.s:9582   .debug_str:0000000000006160 .LASF689
C:\Users\zero6575\AppData\Local\Temp\ccHcmyHM.s:10032  .debug_str:000000000000792c .LASF690
C:\Users\zero6575\AppData\Local\Temp\ccHcmyHM.s:9262   .debug_str:0000000000004f53 .LASF691
C:\Users\zero6575\AppData\Local\Temp\ccHcmyHM.s:10184  .debug_str:00000000000080ed .LASF692
C:\Users\zero6575\AppData\Local\Temp\ccHcmyHM.s:9234   .debug_str:0000000000004de3 .LASF694
C:\Users\zero6575\AppData\Local\Temp\ccHcmyHM.s:8560   .debug_str:0000000000002989 .LASF695
C:\Users\zero6575\AppData\Local\Temp\ccHcmyHM.s:10194  .debug_str:000000000000815c .LASF696
C:\Users\zero6575\AppData\Local\Temp\ccHcmyHM.s:10380  .debug_str:0000000000008cd0 .LASF697
C:\Users\zero6575\AppData\Local\Temp\ccHcmyHM.s:9276   .debug_str:0000000000004ff0 .LASF698
C:\Users\zero6575\AppData\Local\Temp\ccHcmyHM.s:9952   .debug_str:00000000000074e5 .LASF699
C:\Users\zero6575\AppData\Local\Temp\ccHcmyHM.s:8642   .debug_str:0000000000002db2 .LASF700
C:\Users\zero6575\AppData\Local\Temp\ccHcmyHM.s:9266   .debug_str:0000000000004f9a .LASF701
C:\Users\zero6575\AppData\Local\Temp\ccHcmyHM.s:10152  .debug_str:0000000000007f75 .LASF702
C:\Users\zero6575\AppData\Local\Temp\ccHcmyHM.s:7874   .debug_str:0000000000000390 .LASF703
C:\Users\zero6575\AppData\Local\Temp\ccHcmyHM.s:9758   .debug_str:0000000000006bb2 .LASF704
C:\Users\zero6575\AppData\Local\Temp\ccHcmyHM.s:10076  .debug_str:0000000000007b57 .LASF705
C:\Users\zero6575\AppData\Local\Temp\ccHcmyHM.s:8998   .debug_str:00000000000040e9 .LASF706
C:\Users\zero6575\AppData\Local\Temp\ccHcmyHM.s:9976   .debug_str:000000000000767a .LASF707
C:\Users\zero6575\AppData\Local\Temp\ccHcmyHM.s:10188  .debug_str:0000000000008111 .LASF708
C:\Users\zero6575\AppData\Local\Temp\ccHcmyHM.s:10102  .debug_str:0000000000007c8b .LASF709
C:\Users\zero6575\AppData\Local\Temp\ccHcmyHM.s:9958   .debug_str:0000000000007537 .LASF710
C:\Users\zero6575\AppData\Local\Temp\ccHcmyHM.s:8054   .debug_str:0000000000000c5f .LASF711
C:\Users\zero6575\AppData\Local\Temp\ccHcmyHM.s:10182  .debug_str:00000000000080cb .LASF712
C:\Users\zero6575\AppData\Local\Temp\ccHcmyHM.s:7988   .debug_str:0000000000000909 .LASF713
C:\Users\zero6575\AppData\Local\Temp\ccHcmyHM.s:8814   .debug_str:00000000000037e3 .LASF714
C:\Users\zero6575\AppData\Local\Temp\ccHcmyHM.s:8710   .debug_str:00000000000031f1 .LASF715
C:\Users\zero6575\AppData\Local\Temp\ccHcmyHM.s:9468   .debug_str:0000000000005aea .LASF717
C:\Users\zero6575\AppData\Local\Temp\ccHcmyHM.s:9526   .debug_str:0000000000005e44 .LASF718
C:\Users\zero6575\AppData\Local\Temp\ccHcmyHM.s:10376  .debug_str:0000000000008cad .LASF719
C:\Users\zero6575\AppData\Local\Temp\ccHcmyHM.s:9106   .debug_str:00000000000046d4 .LASF720
C:\Users\zero6575\AppData\Local\Temp\ccHcmyHM.s:10186  .debug_str:0000000000008102 .LASF721
C:\Users\zero6575\AppData\Local\Temp\ccHcmyHM.s:8056   .debug_str:0000000000000c88 .LASF722
C:\Users\zero6575\AppData\Local\Temp\ccHcmyHM.s:8292   .debug_str:0000000000001ad3 .LASF723
C:\Users\zero6575\AppData\Local\Temp\ccHcmyHM.s:8902   .debug_str:0000000000003bf2 .LASF724
C:\Users\zero6575\AppData\Local\Temp\ccHcmyHM.s:10020  .debug_str:000000000000788f .LASF725
C:\Users\zero6575\AppData\Local\Temp\ccHcmyHM.s:10326  .debug_str:00000000000089c3 .LASF726
C:\Users\zero6575\AppData\Local\Temp\ccHcmyHM.s:8562   .debug_str:00000000000029a3 .LASF727
C:\Users\zero6575\AppData\Local\Temp\ccHcmyHM.s:7998   .debug_str:0000000000000959 .LASF728
C:\Users\zero6575\AppData\Local\Temp\ccHcmyHM.s:8922   .debug_str:0000000000003cd4 .LASF729
C:\Users\zero6575\AppData\Local\Temp\ccHcmyHM.s:9370   .debug_str:0000000000005589 .LASF730
C:\Users\zero6575\AppData\Local\Temp\ccHcmyHM.s:8274   .debug_str:00000000000019b3 .LASF731
C:\Users\zero6575\AppData\Local\Temp\ccHcmyHM.s:9284   .debug_str:0000000000005062 .LASF732
C:\Users\zero6575\AppData\Local\Temp\ccHcmyHM.s:10052  .debug_str:0000000000007a1b .LASF733
C:\Users\zero6575\AppData\Local\Temp\ccHcmyHM.s:9208   .debug_str:0000000000004c65 .LASF734
C:\Users\zero6575\AppData\Local\Temp\ccHcmyHM.s:8362   .debug_str:0000000000001e3e .LASF735
C:\Users\zero6575\AppData\Local\Temp\ccHcmyHM.s:10306  .debug_str:00000000000088e5 .LASF736
C:\Users\zero6575\AppData\Local\Temp\ccHcmyHM.s:7890   .debug_str:000000000000042a .LASF737
C:\Users\zero6575\AppData\Local\Temp\ccHcmyHM.s:8414   .debug_str:00000000000020bd .LASF738
C:\Users\zero6575\AppData\Local\Temp\ccHcmyHM.s:10034  .debug_str:0000000000007939 .LASF739
C:\Users\zero6575\AppData\Local\Temp\ccHcmyHM.s:9940   .debug_str:00000000000073f2 .LASF740
C:\Users\zero6575\AppData\Local\Temp\ccHcmyHM.s:7854   .debug_str:0000000000000274 .LASF741
C:\Users\zero6575\AppData\Local\Temp\ccHcmyHM.s:9100   .debug_str:0000000000004635 .LASF742
C:\Users\zero6575\AppData\Local\Temp\ccHcmyHM.s:8962   .debug_str:0000000000003ef6 .LASF743
C:\Users\zero6575\AppData\Local\Temp\ccHcmyHM.s:8006   .debug_str:00000000000009a2 .LASF744
C:\Users\zero6575\AppData\Local\Temp\ccHcmyHM.s:10288  .debug_str:0000000000008805 .LASF745
C:\Users\zero6575\AppData\Local\Temp\ccHcmyHM.s:8778   .debug_str:00000000000035dd .LASF746
C:\Users\zero6575\AppData\Local\Temp\ccHcmyHM.s:8712   .debug_str:00000000000031fe .LASF747
C:\Users\zero6575\AppData\Local\Temp\ccHcmyHM.s:9886   .debug_str:000000000000718e .LASF748
C:\Users\zero6575\AppData\Local\Temp\ccHcmyHM.s:8740   .debug_str:000000000000332a .LASF749
C:\Users\zero6575\AppData\Local\Temp\ccHcmyHM.s:8522   .debug_str:000000000000276e .LASF750
C:\Users\zero6575\AppData\Local\Temp\ccHcmyHM.s:8232   .debug_str:00000000000017a4 .LASF751
C:\Users\zero6575\AppData\Local\Temp\ccHcmyHM.s:9978   .debug_str:0000000000007684 .LASF752
C:\Users\zero6575\AppData\Local\Temp\ccHcmyHM.s:10000  .debug_str:000000000000779a .LASF753
C:\Users\zero6575\AppData\Local\Temp\ccHcmyHM.s:8244   .debug_str:0000000000001846 .LASF754
C:\Users\zero6575\AppData\Local\Temp\ccHcmyHM.s:9354   .debug_str:00000000000053d9 .LASF755
C:\Users\zero6575\AppData\Local\Temp\ccHcmyHM.s:10144  .debug_str:0000000000007f1c .LASF756
C:\Users\zero6575\AppData\Local\Temp\ccHcmyHM.s:7932   .debug_str:000000000000059c .LASF757
C:\Users\zero6575\AppData\Local\Temp\ccHcmyHM.s:9552   .debug_str:0000000000005f8f .LASF758
C:\Users\zero6575\AppData\Local\Temp\ccHcmyHM.s:10250  .debug_str:00000000000084ff .LASF759
C:\Users\zero6575\AppData\Local\Temp\ccHcmyHM.s:10352  .debug_str:0000000000008b18 .LASF760
C:\Users\zero6575\AppData\Local\Temp\ccHcmyHM.s:9810   .debug_str:0000000000006e2b .LASF761
C:\Users\zero6575\AppData\Local\Temp\ccHcmyHM.s:8160   .debug_str:0000000000001212 .LASF762
C:\Users\zero6575\AppData\Local\Temp\ccHcmyHM.s:9806   .debug_str:0000000000006e0b .LASF763
C:\Users\zero6575\AppData\Local\Temp\ccHcmyHM.s:10422  .debug_str:0000000000008e8b .LASF764
C:\Users\zero6575\AppData\Local\Temp\ccHcmyHM.s:8430   .debug_str:000000000000216c .LASF765
C:\Users\zero6575\AppData\Local\Temp\ccHcmyHM.s:8140   .debug_str:00000000000010ea .LASF766
C:\Users\zero6575\AppData\Local\Temp\ccHcmyHM.s:9630   .debug_str:000000000000647d .LASF767
C:\Users\zero6575\AppData\Local\Temp\ccHcmyHM.s:10068  .debug_str:0000000000007ae7 .LASF768
C:\Users\zero6575\AppData\Local\Temp\ccHcmyHM.s:10190  .debug_str:000000000000812a .LASF769
C:\Users\zero6575\AppData\Local\Temp\ccHcmyHM.s:9178   .debug_str:0000000000004aef .LASF770
C:\Users\zero6575\AppData\Local\Temp\ccHcmyHM.s:7972   .debug_str:00000000000007e9 .LASF771
C:\Users\zero6575\AppData\Local\Temp\ccHcmyHM.s:8918   .debug_str:0000000000003c8e .LASF772
C:\Users\zero6575\AppData\Local\Temp\ccHcmyHM.s:9020   .debug_str:00000000000041e1 .LASF773
C:\Users\zero6575\AppData\Local\Temp\ccHcmyHM.s:8462   .debug_str:00000000000023fb .LASF774
C:\Users\zero6575\AppData\Local\Temp\ccHcmyHM.s:9930   .debug_str:0000000000007384 .LASF775
C:\Users\zero6575\AppData\Local\Temp\ccHcmyHM.s:9742   .debug_str:0000000000006a39 .LASF776
C:\Users\zero6575\AppData\Local\Temp\ccHcmyHM.s:9192   .debug_str:0000000000004b9c .LASF777
C:\Users\zero6575\AppData\Local\Temp\ccHcmyHM.s:10364  .debug_str:0000000000008bad .LASF778
C:\Users\zero6575\AppData\Local\Temp\ccHcmyHM.s:8152   .debug_str:00000000000011a8 .LASF779
C:\Users\zero6575\AppData\Local\Temp\ccHcmyHM.s:9258   .debug_str:0000000000004f09 .LASF780
C:\Users\zero6575\AppData\Local\Temp\ccHcmyHM.s:8898   .debug_str:0000000000003b7d .LASF781
C:\Users\zero6575\AppData\Local\Temp\ccHcmyHM.s:8916   .debug_str:0000000000003c62 .LASF782
C:\Users\zero6575\AppData\Local\Temp\ccHcmyHM.s:9922   .debug_str:000000000000730f .LASF783
C:\Users\zero6575\AppData\Local\Temp\ccHcmyHM.s:8040   .debug_str:0000000000000b6b .LASF784
C:\Users\zero6575\AppData\Local\Temp\ccHcmyHM.s:9554   .debug_str:0000000000005fa5 .LASF785
C:\Users\zero6575\AppData\Local\Temp\ccHcmyHM.s:8976   .debug_str:0000000000003f5c .LASF786
C:\Users\zero6575\AppData\Local\Temp\ccHcmyHM.s:10346  .debug_str:0000000000008ab8 .LASF787
C:\Users\zero6575\AppData\Local\Temp\ccHcmyHM.s:9908   .debug_str:0000000000007272 .LASF788
C:\Users\zero6575\AppData\Local\Temp\ccHcmyHM.s:7958   .debug_str:0000000000000728 .LASF789
C:\Users\zero6575\AppData\Local\Temp\ccHcmyHM.s:9264   .debug_str:0000000000004f6a .LASF790
C:\Users\zero6575\AppData\Local\Temp\ccHcmyHM.s:8480   .debug_str:00000000000024e0 .LASF791
C:\Users\zero6575\AppData\Local\Temp\ccHcmyHM.s:8200   .debug_str:0000000000001656 .LASF792
C:\Users\zero6575\AppData\Local\Temp\ccHcmyHM.s:9944   .debug_str:000000000000743a .LASF793
C:\Users\zero6575\AppData\Local\Temp\ccHcmyHM.s:10336  .debug_str:0000000000008a1e .LASF794
C:\Users\zero6575\AppData\Local\Temp\ccHcmyHM.s:9634   .debug_str:00000000000064b9 .LASF795
C:\Users\zero6575\AppData\Local\Temp\ccHcmyHM.s:9174   .debug_str:0000000000004a4b .LASF796
C:\Users\zero6575\AppData\Local\Temp\ccHcmyHM.s:7864   .debug_str:00000000000002e7 .LASF797
C:\Users\zero6575\AppData\Local\Temp\ccHcmyHM.s:8542   .debug_str:0000000000002875 .LASF798
C:\Users\zero6575\AppData\Local\Temp\ccHcmyHM.s:8508   .debug_str:0000000000002681 .LASF799
C:\Users\zero6575\AppData\Local\Temp\ccHcmyHM.s:9506   .debug_str:0000000000005d19 .LASF800
C:\Users\zero6575\AppData\Local\Temp\ccHcmyHM.s:9482   .debug_str:0000000000005b90 .LASF801
C:\Users\zero6575\AppData\Local\Temp\ccHcmyHM.s:8220   .debug_str:000000000000171a .LASF802
C:\Users\zero6575\AppData\Local\Temp\ccHcmyHM.s:8784   .debug_str:0000000000003637 .LASF803
C:\Users\zero6575\AppData\Local\Temp\ccHcmyHM.s:9800   .debug_str:0000000000006d8b .LASF804
C:\Users\zero6575\AppData\Local\Temp\ccHcmyHM.s:9398   .debug_str:0000000000005699 .LASF805
C:\Users\zero6575\AppData\Local\Temp\ccHcmyHM.s:8102   .debug_str:0000000000000e6f .LASF806
C:\Users\zero6575\AppData\Local\Temp\ccHcmyHM.s:8746   .debug_str:0000000000003368 .LASF807
C:\Users\zero6575\AppData\Local\Temp\ccHcmyHM.s:8368   .debug_str:0000000000001e95 .LASF808
C:\Users\zero6575\AppData\Local\Temp\ccHcmyHM.s:9202   .debug_str:0000000000004c0f .LASF809
C:\Users\zero6575\AppData\Local\Temp\ccHcmyHM.s:9588   .debug_str:00000000000061a0 .LASF810
C:\Users\zero6575\AppData\Local\Temp\ccHcmyHM.s:9814   .debug_str:0000000000006e55 .LASF811
C:\Users\zero6575\AppData\Local\Temp\ccHcmyHM.s:10208  .debug_str:0000000000008281 .LASF812
C:\Users\zero6575\AppData\Local\Temp\ccHcmyHM.s:8308   .debug_str:0000000000001b75 .LASF813
C:\Users\zero6575\AppData\Local\Temp\ccHcmyHM.s:9356   .debug_str:00000000000053f5 .LASF814
C:\Users\zero6575\AppData\Local\Temp\ccHcmyHM.s:8272   .debug_str:000000000000196b .LASF815
C:\Users\zero6575\AppData\Local\Temp\ccHcmyHM.s:9304   .debug_str:000000000000513c .LASF816
C:\Users\zero6575\AppData\Local\Temp\ccHcmyHM.s:9972   .debug_str:0000000000007614 .LASF817
C:\Users\zero6575\AppData\Local\Temp\ccHcmyHM.s:7870   .debug_str:0000000000000357 .LASF818
C:\Users\zero6575\AppData\Local\Temp\ccHcmyHM.s:10126  .debug_str:0000000000007e02 .LASF819
C:\Users\zero6575\AppData\Local\Temp\ccHcmyHM.s:8936   .debug_str:0000000000003df3 .LASF820
C:\Users\zero6575\AppData\Local\Temp\ccHcmyHM.s:8264   .debug_str:0000000000001901 .LASF821
C:\Users\zero6575\AppData\Local\Temp\ccHcmyHM.s:8554   .debug_str:0000000000002935 .LASF822
C:\Users\zero6575\AppData\Local\Temp\ccHcmyHM.s:8314   .debug_str:0000000000001bdb .LASF823
C:\Users\zero6575\AppData\Local\Temp\ccHcmyHM.s:9366   .debug_str:000000000000548d .LASF824
C:\Users\zero6575\AppData\Local\Temp\ccHcmyHM.s:8776   .debug_str:0000000000003590 .LASF825
C:\Users\zero6575\AppData\Local\Temp\ccHcmyHM.s:9134   .debug_str:000000000000486f .LASF826
C:\Users\zero6575\AppData\Local\Temp\ccHcmyHM.s:8630   .debug_str:0000000000002cfc .LASF827
C:\Users\zero6575\AppData\Local\Temp\ccHcmyHM.s:9550   .debug_str:0000000000005f42 .LASF828
C:\Users\zero6575\AppData\Local\Temp\ccHcmyHM.s:8996   .debug_str:00000000000040ac .LASF829
C:\Users\zero6575\AppData\Local\Temp\ccHcmyHM.s:8588   .debug_str:0000000000002af0 .LASF830
C:\Users\zero6575\AppData\Local\Temp\ccHcmyHM.s:8520   .debug_str:0000000000002727 .LASF831
C:\Users\zero6575\AppData\Local\Temp\ccHcmyHM.s:9426   .debug_str:0000000000005851 .LASF832
C:\Users\zero6575\AppData\Local\Temp\ccHcmyHM.s:8900   .debug_str:0000000000003ba7 .LASF833
C:\Users\zero6575\AppData\Local\Temp\ccHcmyHM.s:8108   .debug_str:0000000000000ecd .LASF834
C:\Users\zero6575\AppData\Local\Temp\ccHcmyHM.s:8014   .debug_str:0000000000000a19 .LASF835
C:\Users\zero6575\AppData\Local\Temp\ccHcmyHM.s:9464   .debug_str:0000000000005a97 .LASF836
C:\Users\zero6575\AppData\Local\Temp\ccHcmyHM.s:9016   .debug_str:0000000000004199 .LASF837
C:\Users\zero6575\AppData\Local\Temp\ccHcmyHM.s:7914   .debug_str:0000000000000527 .LASF839
C:\Users\zero6575\AppData\Local\Temp\ccHcmyHM.s:9638   .debug_str:0000000000006527 .LASF840
C:\Users\zero6575\AppData\Local\Temp\ccHcmyHM.s:8598   .debug_str:0000000000002bc5 .LASF843
C:\Users\zero6575\AppData\Local\Temp\ccHcmyHM.s:7900   .debug_str:00000000000004b7 .LASF844
C:\Users\zero6575\AppData\Local\Temp\ccHcmyHM.s:7840   .debug_str:0000000000000150 .LASF845
C:\Users\zero6575\AppData\Local\Temp\ccHcmyHM.s:8942   .debug_str:0000000000003e41 .LASF846
C:\Users\zero6575\AppData\Local\Temp\ccHcmyHM.s:8638   .debug_str:0000000000002d97 .LASF848
C:\Users\zero6575\AppData\Local\Temp\ccHcmyHM.s:8472   .debug_str:0000000000002462 .LASF849
C:\Users\zero6575\AppData\Local\Temp\ccHcmyHM.s:7846   .debug_str:00000000000001ae .LASF850
C:\Users\zero6575\AppData\Local\Temp\ccHcmyHM.s:10412  .debug_str:0000000000008e2f .LASF851
C:\Users\zero6575\AppData\Local\Temp\ccHcmyHM.s:9352   .debug_str:00000000000053bf .LASF852
C:\Users\zero6575\AppData\Local\Temp\ccHcmyHM.s:9176   .debug_str:0000000000004ad7 .LASF853
C:\Users\zero6575\AppData\Local\Temp\ccHcmyHM.s:9006   .debug_str:0000000000004149 .LASF854
C:\Users\zero6575\AppData\Local\Temp\ccHcmyHM.s:9746   .debug_str:0000000000006b21 .LASF855
C:\Users\zero6575\AppData\Local\Temp\ccHcmyHM.s:8116   .debug_str:0000000000000f64 .LASF856
C:\Users\zero6575\AppData\Local\Temp\ccHcmyHM.s:8800   .debug_str:000000000000371e .LASF857
C:\Users\zero6575\AppData\Local\Temp\ccHcmyHM.s:10442  .debug_str:0000000000008f92 .LASF858
C:\Users\zero6575\AppData\Local\Temp\ccHcmyHM.s:9970   .debug_str:00000000000075f7 .LASF859
C:\Users\zero6575\AppData\Local\Temp\ccHcmyHM.s:8678   .debug_str:0000000000003050 .LASF860
C:\Users\zero6575\AppData\Local\Temp\ccHcmyHM.s:9388   .debug_str:0000000000005643 .LASF861
C:\Users\zero6575\AppData\Local\Temp\ccHcmyHM.s:8238   .debug_str:00000000000017de .LASF862
C:\Users\zero6575\AppData\Local\Temp\ccHcmyHM.s:8100   .debug_str:0000000000000e4f .LASF863
C:\Users\zero6575\AppData\Local\Temp\ccHcmyHM.s:10002  .debug_str:00000000000077b3 .LASF864
C:\Users\zero6575\AppData\Local\Temp\ccHcmyHM.s:9204   .debug_str:0000000000004c28 .LASF865
C:\Users\zero6575\AppData\Local\Temp\ccHcmyHM.s:9998   .debug_str:000000000000776c .LASF866
C:\Users\zero6575\AppData\Local\Temp\ccHcmyHM.s:8450   .debug_str:000000000000237d .LASF867
C:\Users\zero6575\AppData\Local\Temp\ccHcmyHM.s:9238   .debug_str:0000000000004e0a .LASF868
C:\Users\zero6575\AppData\Local\Temp\ccHcmyHM.s:8204   .debug_str:000000000000169c .LASF869
C:\Users\zero6575\AppData\Local\Temp\ccHcmyHM.s:9280   .debug_str:000000000000500f .LASF870
C:\Users\zero6575\AppData\Local\Temp\ccHcmyHM.s:9826   .debug_str:0000000000006ec4 .LASF871
C:\Users\zero6575\AppData\Local\Temp\ccHcmyHM.s:9024   .debug_str:0000000000004227 .LASF872
C:\Users\zero6575\AppData\Local\Temp\ccHcmyHM.s:9880   .debug_str:000000000000712a .LASF873
C:\Users\zero6575\AppData\Local\Temp\ccHcmyHM.s:10342  .debug_str:0000000000008a84 .LASF874
C:\Users\zero6575\AppData\Local\Temp\ccHcmyHM.s:9198   .debug_str:0000000000004be9 .LASF875
C:\Users\zero6575\AppData\Local\Temp\ccHcmyHM.s:9708   .debug_str:0000000000006896 .LASF876
C:\Users\zero6575\AppData\Local\Temp\ccHcmyHM.s:9308   .debug_str:0000000000005154 .LASF877
C:\Users\zero6575\AppData\Local\Temp\ccHcmyHM.s:8714   .debug_str:000000000000321c .LASF878
C:\Users\zero6575\AppData\Local\Temp\ccHcmyHM.s:9876   .debug_str:0000000000007102 .LASF879
C:\Users\zero6575\AppData\Local\Temp\ccHcmyHM.s:8278   .debug_str:00000000000019d4 .LASF880
C:\Users\zero6575\AppData\Local\Temp\ccHcmyHM.s:10274  .debug_str:000000000000871e .LASF881
C:\Users\zero6575\AppData\Local\Temp\ccHcmyHM.s:9988   .debug_str:0000000000007711 .LASF882
C:\Users\zero6575\AppData\Local\Temp\ccHcmyHM.s:10272  .debug_str:0000000000008628 .LASF883
C:\Users\zero6575\AppData\Local\Temp\ccHcmyHM.s:9616   .debug_str:000000000000633f .LASF884
C:\Users\zero6575\AppData\Local\Temp\ccHcmyHM.s:9492   .debug_str:0000000000005c95 .LASF885
C:\Users\zero6575\AppData\Local\Temp\ccHcmyHM.s:9744   .debug_str:0000000000006a76 .LASF886
C:\Users\zero6575\AppData\Local\Temp\ccHcmyHM.s:7952   .debug_str:0000000000000686 .LASF887
C:\Users\zero6575\AppData\Local\Temp\ccHcmyHM.s:7848   .debug_str:00000000000001c6 .LASF888
C:\Users\zero6575\AppData\Local\Temp\ccHcmyHM.s:8440   .debug_str:00000000000021c2 .LASF889
C:\Users\zero6575\AppData\Local\Temp\ccHcmyHM.s:8986   .debug_str:0000000000004003 .LASF890
C:\Users\zero6575\AppData\Local\Temp\ccHcmyHM.s:8926   .debug_str:0000000000003cfa .LASF891
C:\Users\zero6575\AppData\Local\Temp\ccHcmyHM.s:10196  .debug_str:0000000000008184 .LASF892
C:\Users\zero6575\AppData\Local\Temp\ccHcmyHM.s:10374  .debug_str:0000000000008c52 .LASF893
C:\Users\zero6575\AppData\Local\Temp\ccHcmyHM.s:8168   .debug_str:0000000000001251 .LASF894
C:\Users\zero6575\AppData\Local\Temp\ccHcmyHM.s:7978   .debug_str:0000000000000847 .LASF895
C:\Users\zero6575\AppData\Local\Temp\ccHcmyHM.s:8288   .debug_str:0000000000001a62 .LASF896
C:\Users\zero6575\AppData\Local\Temp\ccHcmyHM.s:9688   .debug_str:000000000000677f .LASF897
C:\Users\zero6575\AppData\Local\Temp\ccHcmyHM.s:9962   .debug_str:0000000000007574 .LASF898
C:\Users\zero6575\AppData\Local\Temp\ccHcmyHM.s:9116   .debug_str:000000000000476d .LASF899
C:\Users\zero6575\AppData\Local\Temp\ccHcmyHM.s:9694   .debug_str:00000000000067d2 .LASF900
C:\Users\zero6575\AppData\Local\Temp\ccHcmyHM.s:9282   .debug_str:0000000000005037 .LASF901
C:\Users\zero6575\AppData\Local\Temp\ccHcmyHM.s:8524   .debug_str:0000000000002785 .LASF902
C:\Users\zero6575\AppData\Local\Temp\ccHcmyHM.s:9380   .debug_str:00000000000055de .LASF903
C:\Users\zero6575\AppData\Local\Temp\ccHcmyHM.s:8332   .debug_str:0000000000001cc6 .LASF904
C:\Users\zero6575\AppData\Local\Temp\ccHcmyHM.s:9098   .debug_str:0000000000004605 .LASF905
C:\Users\zero6575\AppData\Local\Temp\ccHcmyHM.s:8286   .debug_str:0000000000001a34 .LASF906
C:\Users\zero6575\AppData\Local\Temp\ccHcmyHM.s:10212  .debug_str:00000000000082a6 .LASF907
C:\Users\zero6575\AppData\Local\Temp\ccHcmyHM.s:9668   .debug_str:0000000000006666 .LASF908
C:\Users\zero6575\AppData\Local\Temp\ccHcmyHM.s:9684   .debug_str:000000000000672b .LASF909
C:\Users\zero6575\AppData\Local\Temp\ccHcmyHM.s:9904   .debug_str:0000000000007235 .LASF910
C:\Users\zero6575\AppData\Local\Temp\ccHcmyHM.s:10216  .debug_str:00000000000082d2 .LASF911
C:\Users\zero6575\AppData\Local\Temp\ccHcmyHM.s:10234  .debug_str:000000000000840f .LASF912
C:\Users\zero6575\AppData\Local\Temp\ccHcmyHM.s:10320  .debug_str:0000000000008970 .LASF913
C:\Users\zero6575\AppData\Local\Temp\ccHcmyHM.s:9402   .debug_str:0000000000005721 .LASF914
C:\Users\zero6575\AppData\Local\Temp\ccHcmyHM.s:8444   .debug_str:000000000000231c .LASF915
C:\Users\zero6575\AppData\Local\Temp\ccHcmyHM.s:8366   .debug_str:0000000000001e5c .LASF916
C:\Users\zero6575\AppData\Local\Temp\ccHcmyHM.s:8486   .debug_str:0000000000002536 .LASF917
C:\Users\zero6575\AppData\Local\Temp\ccHcmyHM.s:8326   .debug_str:0000000000001c4f .LASF918
C:\Users\zero6575\AppData\Local\Temp\ccHcmyHM.s:10204  .debug_str:0000000000008228 .LASF919
C:\Users\zero6575\AppData\Local\Temp\ccHcmyHM.s:8380   .debug_str:0000000000001f11 .LASF920
C:\Users\zero6575\AppData\Local\Temp\ccHcmyHM.s:8668   .debug_str:0000000000002f9a .LASF921
C:\Users\zero6575\AppData\Local\Temp\ccHcmyHM.s:9158   .debug_str:000000000000495c .LASF922
C:\Users\zero6575\AppData\Local\Temp\ccHcmyHM.s:9828   .debug_str:0000000000006ed8 .LASF923
C:\Users\zero6575\AppData\Local\Temp\ccHcmyHM.s:8422   .debug_str:0000000000002128 .LASF924
C:\Users\zero6575\AppData\Local\Temp\ccHcmyHM.s:8698   .debug_str:000000000000317b .LASF925
C:\Users\zero6575\AppData\Local\Temp\ccHcmyHM.s:8386   .debug_str:0000000000001f79 .LASF926
C:\Users\zero6575\AppData\Local\Temp\ccHcmyHM.s:8694   .debug_str:000000000000314b .LASF927
C:\Users\zero6575\AppData\Local\Temp\ccHcmyHM.s:8788   .debug_str:00000000000036b4 .LASF928
C:\Users\zero6575\AppData\Local\Temp\ccHcmyHM.s:10160  .debug_str:0000000000007fb6 .LASF930
C:\Users\zero6575\AppData\Local\Temp\ccHcmyHM.s:8530   .debug_str:00000000000027f1 .LASF931
C:\Users\zero6575\AppData\Local\Temp\ccHcmyHM.s:9256   .debug_str:0000000000004ef8 .LASF932
C:\Users\zero6575\AppData\Local\Temp\ccHcmyHM.s:8578   .debug_str:0000000000002a76 .LASF933
C:\Users\zero6575\AppData\Local\Temp\ccHcmyHM.s:8618   .debug_str:0000000000002c72 .LASF934
C:\Users\zero6575\AppData\Local\Temp\ccHcmyHM.s:9142   .debug_str:00000000000048da .LASF935
C:\Users\zero6575\AppData\Local\Temp\ccHcmyHM.s:10226  .debug_str:00000000000083a1 .LASF936
C:\Users\zero6575\AppData\Local\Temp\ccHcmyHM.s:7984   .debug_str:00000000000008ea .LASF937
C:\Users\zero6575\AppData\Local\Temp\ccHcmyHM.s:8390   .debug_str:0000000000001fa5 .LASF938
C:\Users\zero6575\AppData\Local\Temp\ccHcmyHM.s:7976   .debug_str:0000000000000830 .LASF939
C:\Users\zero6575\AppData\Local\Temp\ccHcmyHM.s:8594   .debug_str:0000000000002b8f .LASF940
C:\Users\zero6575\AppData\Local\Temp\ccHcmyHM.s:9866   .debug_str:000000000000706e .LASF941
C:\Users\zero6575\AppData\Local\Temp\ccHcmyHM.s:10028  .debug_str:00000000000078f6 .LASF942
C:\Users\zero6575\AppData\Local\Temp\ccHcmyHM.s:9960   .debug_str:000000000000755a .LASF943
C:\Users\zero6575\AppData\Local\Temp\ccHcmyHM.s:9764   .debug_str:0000000000006c1a .LASF944
C:\Users\zero6575\AppData\Local\Temp\ccHcmyHM.s:8786   .debug_str:000000000000369a .LASF945
C:\Users\zero6575\AppData\Local\Temp\ccHcmyHM.s:9470   .debug_str:0000000000005afb .LASF946
C:\Users\zero6575\AppData\Local\Temp\ccHcmyHM.s:8958   .debug_str:0000000000003ecf .LASF949
C:\Users\zero6575\AppData\Local\Temp\ccHcmyHM.s:10408  .debug_str:0000000000008e10 .LASF950
C:\Users\zero6575\AppData\Local\Temp\ccHcmyHM.s:8982   .debug_str:0000000000003fe8 .LASF951
C:\Users\zero6575\AppData\Local\Temp\ccHcmyHM.s:8196   .debug_str:0000000000001630 .LASF952
C:\Users\zero6575\AppData\Local\Temp\ccHcmyHM.s:8644   .debug_str:0000000000002dc8 .LASF953
C:\Users\zero6575\AppData\Local\Temp\ccHcmyHM.s:8514   .debug_str:00000000000026db .LASF954
C:\Users\zero6575\AppData\Local\Temp\ccHcmyHM.s:9928   .debug_str:0000000000007352 .LASF955
C:\Users\zero6575\AppData\Local\Temp\ccHcmyHM.s:9312   .debug_str:0000000000005174 .LASF956
C:\Users\zero6575\AppData\Local\Temp\ccHcmyHM.s:9368   .debug_str:00000000000054b2 .LASF957
C:\Users\zero6575\AppData\Local\Temp\ccHcmyHM.s:8652   .debug_str:0000000000002e1a .LASF958
C:\Users\zero6575\AppData\Local\Temp\ccHcmyHM.s:8858   .debug_str:00000000000039b3 .LASF961
C:\Users\zero6575\AppData\Local\Temp\ccHcmyHM.s:10280  .debug_str:0000000000008763 .LASF962
C:\Users\zero6575\AppData\Local\Temp\ccHcmyHM.s:8198   .debug_str:0000000000001642 .LASF963
C:\Users\zero6575\AppData\Local\Temp\ccHcmyHM.s:9140   .debug_str:00000000000048c7 .LASF964
C:\Users\zero6575\AppData\Local\Temp\ccHcmyHM.s:9992   .debug_str:0000000000007742 .LASF965
C:\Users\zero6575\AppData\Local\Temp\ccHcmyHM.s:9082   .debug_str:0000000000004558 .LASF966
C:\Users\zero6575\AppData\Local\Temp\ccHcmyHM.s:8628   .debug_str:0000000000002cda .LASF967
C:\Users\zero6575\AppData\Local\Temp\ccHcmyHM.s:8150   .debug_str:0000000000001193 .LASF968
C:\Users\zero6575\AppData\Local\Temp\ccHcmyHM.s:8478   .debug_str:000000000000249c .LASF969
C:\Users\zero6575\AppData\Local\Temp\ccHcmyHM.s:8690   .debug_str:00000000000030f0 .LASF970
C:\Users\zero6575\AppData\Local\Temp\ccHcmyHM.s:8052   .debug_str:0000000000000c1a .LASF971
C:\Users\zero6575\AppData\Local\Temp\ccHcmyHM.s:9490   .debug_str:0000000000005c11 .LASF972
C:\Users\zero6575\AppData\Local\Temp\ccHcmyHM.s:7910   .debug_str:000000000000050c .LASF973
C:\Users\zero6575\AppData\Local\Temp\ccHcmyHM.s:7920   .debug_str:0000000000000559 .LASF974
C:\Users\zero6575\AppData\Local\Temp\ccHcmyHM.s:9188   .debug_str:0000000000004b6a .LASF975
C:\Users\zero6575\AppData\Local\Temp\ccHcmyHM.s:8750   .debug_str:00000000000033d9 .LASF976
C:\Users\zero6575\AppData\Local\Temp\ccHcmyHM.s:10286  .debug_str:00000000000087f3 .LASF977
C:\Users\zero6575\AppData\Local\Temp\ccHcmyHM.s:9910   .debug_str:0000000000007286 .LASF978
C:\Users\zero6575\AppData\Local\Temp\ccHcmyHM.s:9654   .debug_str:00000000000065ef .LASF979
C:\Users\zero6575\AppData\Local\Temp\ccHcmyHM.s:8250   .debug_str:0000000000001895 .LASF980
C:\Users\zero6575\AppData\Local\Temp\ccHcmyHM.s:8654   .debug_str:0000000000002eea .LASF981
C:\Users\zero6575\AppData\Local\Temp\ccHcmyHM.s:8722   .debug_str:000000000000326e .LASF982
C:\Users\zero6575\AppData\Local\Temp\ccHcmyHM.s:7996   .debug_str:0000000000000944 .LASF983
C:\Users\zero6575\AppData\Local\Temp\ccHcmyHM.s:9298   .debug_str:0000000000005104 .LASF984
C:\Users\zero6575\AppData\Local\Temp\ccHcmyHM.s:9664   .debug_str:000000000000664b .LASF985
C:\Users\zero6575\AppData\Local\Temp\ccHcmyHM.s:9796   .debug_str:0000000000006d6e .LASF986
C:\Users\zero6575\AppData\Local\Temp\ccHcmyHM.s:9300   .debug_str:0000000000005117 .LASF987
C:\Users\zero6575\AppData\Local\Temp\ccHcmyHM.s:8692   .debug_str:0000000000003135 .LASF988
C:\Users\zero6575\AppData\Local\Temp\ccHcmyHM.s:8252   .debug_str:00000000000018a7 .LASF989
C:\Users\zero6575\AppData\Local\Temp\ccHcmyHM.s:10078  .debug_str:0000000000007b65 .LASF990
C:\Users\zero6575\AppData\Local\Temp\ccHcmyHM.s:10016  .debug_str:0000000000007869 .LASF991
C:\Users\zero6575\AppData\Local\Temp\ccHcmyHM.s:9130   .debug_str:0000000000004822 .LASF992
C:\Users\zero6575\AppData\Local\Temp\ccHcmyHM.s:9342   .debug_str:000000000000535e .LASF993
C:\Users\zero6575\AppData\Local\Temp\ccHcmyHM.s:9736   .debug_str:00000000000069fe .LASF994
C:\Users\zero6575\AppData\Local\Temp\ccHcmyHM.s:9608   .debug_str:000000000000630c .LASF995
C:\Users\zero6575\AppData\Local\Temp\ccHcmyHM.s:9536   .debug_str:0000000000005eb4 .LASF996
C:\Users\zero6575\AppData\Local\Temp\ccHcmyHM.s:9878   .debug_str:0000000000007117 .LASF997
C:\Users\zero6575\AppData\Local\Temp\ccHcmyHM.s:9540   .debug_str:0000000000005ed1 .LASF998
C:\Users\zero6575\AppData\Local\Temp\ccHcmyHM.s:9332   .debug_str:0000000000005315 .LASF999
C:\Users\zero6575\AppData\Local\Temp\ccHcmyHM.s:10384  .debug_str:0000000000008d28 .LASF1000
C:\Users\zero6575\AppData\Local\Temp\ccHcmyHM.s:9078   .debug_str:0000000000004527 .LASF1001
C:\Users\zero6575\AppData\Local\Temp\ccHcmyHM.s:10086  .debug_str:0000000000007bdd .LASF1002
C:\Users\zero6575\AppData\Local\Temp\ccHcmyHM.s:9714   .debug_str:00000000000068d3 .LASF1003
C:\Users\zero6575\AppData\Local\Temp\ccHcmyHM.s:8458   .debug_str:00000000000023e0 .LASF1004
C:\Users\zero6575\AppData\Local\Temp\ccHcmyHM.s:9524   .debug_str:0000000000005e35 .LASF1006
C:\Users\zero6575\AppData\Local\Temp\ccHcmyHM.s:8964   .debug_str:0000000000003f12 .LASF1007
C:\Users\zero6575\AppData\Local\Temp\ccHcmyHM.s:8470   .debug_str:0000000000002455 .LASF1008
C:\Users\zero6575\AppData\Local\Temp\ccHcmyHM.s:8218   .debug_str:000000000000170f .LASF1009
C:\Users\zero6575\AppData\Local\Temp\ccHcmyHM.s:8078   .debug_str:0000000000000d69 .LASF1010
C:\Users\zero6575\AppData\Local\Temp\ccHcmyHM.s:9062   .debug_str:000000000000443d .LASF1011
C:\Users\zero6575\AppData\Local\Temp\ccHcmyHM.s:8066   .debug_str:0000000000000cfb .LASF1012
C:\Users\zero6575\AppData\Local\Temp\ccHcmyHM.s:9590   .debug_str:00000000000061c0 .LASF1013
C:\Users\zero6575\AppData\Local\Temp\ccHcmyHM.s:9060   .debug_str:0000000000004423 .LASF1014
C:\Users\zero6575\AppData\Local\Temp\ccHcmyHM.s:10044  .debug_str:00000000000079c1 .LASF1015
C:\Users\zero6575\AppData\Local\Temp\ccHcmyHM.s:10038  .debug_str:0000000000007963 .LASF1016
C:\Users\zero6575\AppData\Local\Temp\ccHcmyHM.s:8590   .debug_str:0000000000002b3d .LASF1017
C:\Users\zero6575\AppData\Local\Temp\ccHcmyHM.s:10176  .debug_str:000000000000806b .LASF1018
C:\Users\zero6575\AppData\Local\Temp\ccHcmyHM.s:10446  .debug_str:0000000000008fe3 .LASF1021
C:\Users\zero6575\AppData\Local\Temp\ccHcmyHM.s:10110  .debug_str:0000000000007d0d .LASF1022
C:\Users\zero6575\AppData\Local\Temp\ccHcmyHM.s:10368  .debug_str:0000000000008bdc .LASF1023
C:\Users\zero6575\AppData\Local\Temp\ccHcmyHM.s:9228   .debug_str:0000000000004d0e .LASF1024
C:\Users\zero6575\AppData\Local\Temp\ccHcmyHM.s:7962   .debug_str:000000000000075e .LASF1025
C:\Users\zero6575\AppData\Local\Temp\ccHcmyHM.s:8364   .debug_str:0000000000001e4f .LASF1026
C:\Users\zero6575\AppData\Local\Temp\ccHcmyHM.s:8912   .debug_str:0000000000003c40 .LASF1027
C:\Users\zero6575\AppData\Local\Temp\ccHcmyHM.s:10372  .debug_str:0000000000008c45 .LASF1028
C:\Users\zero6575\AppData\Local\Temp\ccHcmyHM.s:9860   .debug_str:000000000000702c .LASF1029
C:\Users\zero6575\AppData\Local\Temp\ccHcmyHM.s:9200   .debug_str:0000000000004c01 .LASF1030
C:\Users\zero6575\AppData\Local\Temp\ccHcmyHM.s:10040  .debug_str:000000000000799d .LASF1031
C:\Users\zero6575\AppData\Local\Temp\ccHcmyHM.s:9738   .debug_str:0000000000006a0f .LASF1032
C:\Users\zero6575\AppData\Local\Temp\ccHcmyHM.s:9776   .debug_str:0000000000006cb5 .LASF1033
C:\Users\zero6575\AppData\Local\Temp\ccHcmyHM.s:9628   .debug_str:000000000000646f .LASF1034
C:\Users\zero6575\AppData\Local\Temp\ccHcmyHM.s:10136  .debug_str:0000000000007e99 .LASF1035
C:\Users\zero6575\AppData\Local\Temp\ccHcmyHM.s:9306   .debug_str:0000000000005146 .LASF1036
C:\Users\zero6575\AppData\Local\Temp\ccHcmyHM.s:7882   .debug_str:00000000000003e7 .LASF1037
C:\Users\zero6575\AppData\Local\Temp\ccHcmyHM.s:7994   .debug_str:0000000000000936 .LASF1038
C:\Users\zero6575\AppData\Local\Temp\ccHcmyHM.s:10294  .debug_str:0000000000008867 .LASF1039
C:\Users\zero6575\AppData\Local\Temp\ccHcmyHM.s:9212   .debug_str:0000000000004c85 .LASF1040
C:\Users\zero6575\AppData\Local\Temp\ccHcmyHM.s:9182   .debug_str:0000000000004b2c .LASF1041
C:\Users\zero6575\AppData\Local\Temp\ccHcmyHM.s:10260  .debug_str:0000000000008566 .LASF1042
C:\Users\zero6575\AppData\Local\Temp\ccHcmyHM.s:8966   .debug_str:0000000000003f20 .LASF1043
C:\Users\zero6575\AppData\Local\Temp\ccHcmyHM.s:9274   .debug_str:0000000000004fe7 .LASF1044
C:\Users\zero6575\AppData\Local\Temp\ccHcmyHM.s:8548   .debug_str:00000000000028fe .LASF1045
C:\Users\zero6575\AppData\Local\Temp\ccHcmyHM.s:9496   .debug_str:0000000000005cce .LASF1046
C:\Users\zero6575\AppData\Local\Temp\ccHcmyHM.s:10370  .debug_str:0000000000008c33 .LASF1047
C:\Users\zero6575\AppData\Local\Temp\ccHcmyHM.s:8222   .debug_str:000000000000173d .LASF1048
C:\Users\zero6575\AppData\Local\Temp\ccHcmyHM.s:8306   .debug_str:0000000000001b65 .LASF1049
C:\Users\zero6575\AppData\Local\Temp\ccHcmyHM.s:8002   .debug_str:000000000000097f .LASF1050
C:\Users\zero6575\AppData\Local\Temp\ccHcmyHM.s:9392   .debug_str:0000000000005667 .LASF1051
C:\Users\zero6575\AppData\Local\Temp\ccHcmyHM.s:8622   .debug_str:0000000000002c9a .LASF1052
C:\Users\zero6575\AppData\Local\Temp\ccHcmyHM.s:8038   .debug_str:0000000000000b60 .LASF1053
C:\Users\zero6575\AppData\Local\Temp\ccHcmyHM.s:10392  .debug_str:0000000000008d80 .LASF1054
C:\Users\zero6575\AppData\Local\Temp\ccHcmyHM.s:8188   .debug_str:00000000000015e7 .LASF1055
C:\Users\zero6575\AppData\Local\Temp\ccHcmyHM.s:7814   .debug_str:0000000000000012 .LASF1056
C:\Users\zero6575\AppData\Local\Temp\ccHcmyHM.s:10438  .debug_str:0000000000008f5c .LASF1057
C:\Users\zero6575\AppData\Local\Temp\ccHcmyHM.s:9982   .debug_str:00000000000076b4 .LASF1058
C:\Users\zero6575\AppData\Local\Temp\ccHcmyHM.s:10440  .debug_str:0000000000008f76 .LASF1059
C:\Users\zero6575\AppData\Local\Temp\ccHcmyHM.s:7918   .debug_str:0000000000000541 .LASF1060
C:\Users\zero6575\AppData\Local\Temp\ccHcmyHM.s:9946   .debug_str:000000000000746d .LASF1061
C:\Users\zero6575\AppData\Local\Temp\ccHcmyHM.s:9974   .debug_str:000000000000761f .LASF1062
C:\Users\zero6575\AppData\Local\Temp\ccHcmyHM.s:9048   .debug_str:000000000000437c .LASF1063
C:\Users\zero6575\AppData\Local\Temp\ccHcmyHM.s:8330   .debug_str:0000000000001c97 .LASF1064
C:\Users\zero6575\AppData\Local\Temp\ccHcmyHM.s:9004   .debug_str:0000000000004119 .LASF1065
C:\Users\zero6575\AppData\Local\Temp\ccHcmyHM.s:7842   .debug_str:0000000000000159 .LASF1066
C:\Users\zero6575\AppData\Local\Temp\ccHcmyHM.s:8240   .debug_str:0000000000001806 .LASF1067
C:\Users\zero6575\AppData\Local\Temp\ccHcmyHM.s:9954   .debug_str:00000000000074f0 .LASF1068
C:\Users\zero6575\AppData\Local\Temp\ccHcmyHM.s:10180  .debug_str:00000000000080a4 .LASF1069
C:\Users\zero6575\AppData\Local\Temp\ccHcmyHM.s:9452   .debug_str:00000000000059b6 .LASF1070
C:\Users\zero6575\AppData\Local\Temp\ccHcmyHM.s:9104   .debug_str:000000000000466c .LASF1071
C:\Users\zero6575\AppData\Local\Temp\ccHcmyHM.s:8322   .debug_str:0000000000001c38 .LASF1072
C:\Users\zero6575\AppData\Local\Temp\ccHcmyHM.s:10128  .debug_str:0000000000007e1d .LASF1075
C:\Users\zero6575\AppData\Local\Temp\ccHcmyHM.s:8570   .debug_str:0000000000002a1f .LASF1076
                           .group:0000000000000000 wm4.0.29db371e8b94e604acd9f4c2cef2c360
                           .group:0000000000000000 wm4._newlib_version.h.4.9ba035841e762c3308916a0ce96032e7
                           .group:0000000000000000 wm4.features.h.33.318b64d71e0957639cfb30f1db1f7ec8
                           .group:0000000000000000 wm4._default_types.h.15.61e9869194cab90bdfa4c7fc42203a0e
                           .group:0000000000000000 wm4._intsup.h.10.b28b45fc63caeb010c3f7ee592257700
                           .group:0000000000000000 wm4._stdint.h.10.c24fa3af3bc1706662bb5593a907e841
                           .group:0000000000000000 wm4.stdint.h.23.d53047a68f4a85177f80b422d52785ed
                           .group:0000000000000000 wm4.stdbool.h.29.07dce69c3b78884144b7f7bd19483461
                           .group:0000000000000000 wm4.stddef.h.39.a38874c8f8a57e66301090908ec2a69f
                           .group:0000000000000000 wm4.config.h.26.7d29d642a1ea34b87c56286f7235559f
                           .group:0000000000000000 wm4.bacdef.h.39.fcafd78d88dce17b2448edf8931b63fd
                           .group:0000000000000000 wm4.bits.h.25.f9e0c31c04958f93c399d58693ab7d13
                           .group:0000000000000000 wm4.bacdcode.h.417.fde53433a4e8c8179dfc8de0f5c0b6ae
                           .group:0000000000000000 wm4.newlib.h.8.19af3a34a60c4846725bb1239b4fa5a2
                           .group:0000000000000000 wm4.ieeefp.h.195.a810689bf65b84f4ad2c33b483468c94
                           .group:0000000000000000 wm4.config.h.83.0359905d884ebfe41c79e1d7c780ef62
                           .group:0000000000000000 wm4._ansi.h.31.de524f58584151836e90d8620a16f8e8
                           .group:0000000000000000 wm4.stdio.h.31.7c0e28c411445f3f9c5b11accf882760
                           .group:0000000000000000 wm4.stddef.h.161.19e15733342b50ead2919490b095303e
                           .group:0000000000000000 wm4.cdefs.h.49.6260d97adb8d27534cbdc0f868b8ea87
                           .group:0000000000000000 wm4.stdarg.h.34.3a23a216c0c293b3d2ea2e89281481e6
                           .group:0000000000000000 wm4._types.h.20.dd0d04dca3800a0d2a6129b87f3adbb2
                           .group:0000000000000000 wm4.stddef.h.161.5349cb105733e8777bfb0cf53c4e3f34
                           .group:0000000000000000 wm4._types.h.127.c5cfac939eadb83d223592dbacad7524
                           .group:0000000000000000 wm4.reent.h.17.487f8c1f76499d088b190f62530a0034
                           .group:0000000000000000 wm4.lock.h.2.c0958401bd0ce484d507ee19aacab817
                           .group:0000000000000000 wm4.reent.h.77.1187f1075ff88452c642b29ed9a9030d
                           .group:0000000000000000 wm4.types.h.40.8b6acba56cefbb11746718204edc8f5e
                           .group:0000000000000000 wm4._endian.h.18.1bf9649e8e5bbc91042012680270b9ed
                           .group:0000000000000000 wm4.endian.h.9.49f3a4695c1b61e8a0808de3c4a106cb
                           .group:0000000000000000 wm4._timeval.h.30.0e8bfd94e85db17dda3286ee81496fe6
                           .group:0000000000000000 wm4.timespec.h.41.d855182eb0e690443ab8651bcedca6e1
                           .group:0000000000000000 wm4.select.h.19.97ca6fd0c752a0f3b6719fd314d361e6
                           .group:0000000000000000 wm4.types.h.51.5571ec98f267d17d3c670b7a3ba33afa
                           .group:0000000000000000 wm4.sched.h.22.c60982713a5c428609783c78f9c78d95
                           .group:0000000000000000 wm4._pthreadtypes.h.36.fcee9961c35163dde6267ef772ad1972
                           .group:0000000000000000 wm4.stdio.h.2.4aa87247282eca6c8f36f9de33d8df1a
                           .group:0000000000000000 wm4.stdio.h.81.60a2ded7dae310b81f9d6907fe5e3dbf
                           .group:0000000000000000 wm4.bacapp.h.236.6ce9e612c7ada80feb9f3b2b0c328626

UNDEFINED SYMBOLS
encode_max_segs_max_apdu
encode_context_object_id
decode_is_context_tag
decode_object_id
encode_opening_tag
encode_context_enumerated
encode_context_bitstring
bacapp_encode_timestamp
encode_closing_tag
encode_application_unsigned
encode_context_boolean
decode_is_opening_tag_number
decode_tag_number_and_value
decode_enumerated
decode_bitstring
bacapp_decode_timestamp
decode_is_closing_tag_number
decode_unsigned
decode_context_boolean
