   1              		.file	"whohas.c"
   2              		.option nopic
   3              		.attribute arch, "rv64i2p0_m2p0_a2p0_c2p0"
   4              		.attribute unaligned_access, 0
   5              		.attribute stack_align, 16
   6              		.text
   7              	.Ltext0:
   8              		.cfi_sections	.debug_frame
   9              		.section	.text.whohas_encode_apdu,"ax",@progbits
  10              		.align	1
  11              		.globl	whohas_encode_apdu
  13              	whohas_encode_apdu:
  14              	.LFB0:
  15              		.file 1 "../src/middleware/bacnet/src/whohas.c"
   1:../src/middleware/bacnet/src/whohas.c **** /*####COPYRIGHTBEGIN####
   2:../src/middleware/bacnet/src/whohas.c ****  -------------------------------------------
   3:../src/middleware/bacnet/src/whohas.c ****  Copyright (C) 2006 Steve Karg
   4:../src/middleware/bacnet/src/whohas.c **** 
   5:../src/middleware/bacnet/src/whohas.c ****  This program is free software; you can redistribute it and/or
   6:../src/middleware/bacnet/src/whohas.c ****  modify it under the terms of the GNU General Public License
   7:../src/middleware/bacnet/src/whohas.c ****  as published by the Free Software Foundation; either version 2
   8:../src/middleware/bacnet/src/whohas.c ****  of the License, or (at your option) any later version.
   9:../src/middleware/bacnet/src/whohas.c **** 
  10:../src/middleware/bacnet/src/whohas.c ****  This program is distributed in the hope that it will be useful,
  11:../src/middleware/bacnet/src/whohas.c ****  but WITHOUT ANY WARRANTY; without even the implied warranty of
  12:../src/middleware/bacnet/src/whohas.c ****  MERCHANTABILITY or FITNESS FOR A PARTICULAR PURPOSE.  See the
  13:../src/middleware/bacnet/src/whohas.c ****  GNU General Public License for more details.
  14:../src/middleware/bacnet/src/whohas.c **** 
  15:../src/middleware/bacnet/src/whohas.c ****  You should have received a copy of the GNU General Public License
  16:../src/middleware/bacnet/src/whohas.c ****  along with this program; if not, write to:
  17:../src/middleware/bacnet/src/whohas.c ****  The Free Software Foundation, Inc.
  18:../src/middleware/bacnet/src/whohas.c ****  59 Temple Place - Suite 330
  19:../src/middleware/bacnet/src/whohas.c ****  Boston, MA  02111-1307, USA.
  20:../src/middleware/bacnet/src/whohas.c **** 
  21:../src/middleware/bacnet/src/whohas.c ****  As a special exception, if other files instantiate templates or
  22:../src/middleware/bacnet/src/whohas.c ****  use macros or inline functions from this file, or you compile
  23:../src/middleware/bacnet/src/whohas.c ****  this file and link it with other works to produce a work based
  24:../src/middleware/bacnet/src/whohas.c ****  on this file, this file does not by itself cause the resulting
  25:../src/middleware/bacnet/src/whohas.c ****  work to be covered by the GNU General Public License. However
  26:../src/middleware/bacnet/src/whohas.c ****  the source code for this file must still be made available in
  27:../src/middleware/bacnet/src/whohas.c ****  accordance with section (3) of the GNU General Public License.
  28:../src/middleware/bacnet/src/whohas.c **** 
  29:../src/middleware/bacnet/src/whohas.c ****  This exception does not invalidate any other reasons why a work
  30:../src/middleware/bacnet/src/whohas.c ****  based on this file might be covered by the GNU General Public
  31:../src/middleware/bacnet/src/whohas.c ****  License.
  32:../src/middleware/bacnet/src/whohas.c ****  -------------------------------------------
  33:../src/middleware/bacnet/src/whohas.c **** ####COPYRIGHTEND####*/
  34:../src/middleware/bacnet/src/whohas.c **** #include <stdint.h>
  35:../src/middleware/bacnet/src/whohas.c **** #include "bacenum.h"
  36:../src/middleware/bacnet/src/whohas.c **** #include "bacdcode.h"
  37:../src/middleware/bacnet/src/whohas.c **** #include "bacdef.h"
  38:../src/middleware/bacnet/src/whohas.c **** #include "whohas.h"
  39:../src/middleware/bacnet/src/whohas.c **** 
  40:../src/middleware/bacnet/src/whohas.c **** /** @file whohas.c  Encode/Decode Who-Has requests */
  41:../src/middleware/bacnet/src/whohas.c **** 
  42:../src/middleware/bacnet/src/whohas.c **** /* encode service  - use -1 for limit for unlimited */
  43:../src/middleware/bacnet/src/whohas.c **** 
  44:../src/middleware/bacnet/src/whohas.c **** int whohas_encode_apdu(
  45:../src/middleware/bacnet/src/whohas.c ****     uint8_t * apdu,
  46:../src/middleware/bacnet/src/whohas.c ****     BACNET_WHO_HAS_DATA * data)
  47:../src/middleware/bacnet/src/whohas.c **** {
  16              		.loc 1 47 1
  17              		.cfi_startproc
  18 0000 7971     		addi	sp,sp,-48
  19              		.cfi_def_cfa_offset 48
  20 0002 06F4     		sd	ra,40(sp)
  21 0004 22F0     		sd	s0,32(sp)
  22              		.cfi_offset 1, -8
  23              		.cfi_offset 8, -16
  24 0006 0018     		addi	s0,sp,48
  25              		.cfi_def_cfa 8, 0
  26 0008 233CA4FC 		sd	a0,-40(s0)
  27 000c 2338B4FC 		sd	a1,-48(s0)
  48:../src/middleware/bacnet/src/whohas.c ****     int len = 0;        /* length of each encoding */
  28              		.loc 1 48 9
  29 0010 232404FE 		sw	zero,-24(s0)
  49:../src/middleware/bacnet/src/whohas.c ****     int apdu_len = 0;   /* total length of the apdu, return value */
  30              		.loc 1 49 9
  31 0014 232604FE 		sw	zero,-20(s0)
  50:../src/middleware/bacnet/src/whohas.c **** 
  51:../src/middleware/bacnet/src/whohas.c ****     if (apdu && data) {
  32              		.loc 1 51 8
  33 0018 833784FD 		ld	a5,-40(s0)
  34 001c 63800714 		beq	a5,zero,.L2
  35              		.loc 1 51 14 discriminator 1
  36 0020 833704FD 		ld	a5,-48(s0)
  37 0024 638C0712 		beq	a5,zero,.L2
  52:../src/middleware/bacnet/src/whohas.c ****         apdu[0] = PDU_TYPE_UNCONFIRMED_SERVICE_REQUEST;
  38              		.loc 1 52 17
  39 0028 833784FD 		ld	a5,-40(s0)
  40 002c 4147     		li	a4,16
  41 002e 2380E700 		sb	a4,0(a5)
  53:../src/middleware/bacnet/src/whohas.c ****         apdu[1] = SERVICE_UNCONFIRMED_WHO_HAS;  /* service choice */
  42              		.loc 1 53 13
  43 0032 833784FD 		ld	a5,-40(s0)
  44 0036 8507     		addi	a5,a5,1
  45              		.loc 1 53 17
  46 0038 1D47     		li	a4,7
  47 003a 2380E700 		sb	a4,0(a5)
  54:../src/middleware/bacnet/src/whohas.c ****         apdu_len = 2;
  48              		.loc 1 54 18
  49 003e 8947     		li	a5,2
  50 0040 2326F4FE 		sw	a5,-20(s0)
  55:../src/middleware/bacnet/src/whohas.c ****         /* optional limits - must be used as a pair */
  56:../src/middleware/bacnet/src/whohas.c ****         if ((data->low_limit >= 0)
  51              		.loc 1 56 18
  52 0044 833704FD 		ld	a5,-48(s0)
  53 0048 9C43     		lw	a5,0(a5)
  54              		.loc 1 56 12
  55 004a 63CB0708 		blt	a5,zero,.L3
  57:../src/middleware/bacnet/src/whohas.c ****             && (data->low_limit <= BACNET_MAX_INSTANCE)
  56              		.loc 1 57 21
  57 004e 833704FD 		ld	a5,-48(s0)
  58 0052 9C43     		lw	a5,0(a5)
  59              		.loc 1 57 13
  60 0054 3E87     		mv	a4,a5
  61 0056 B7074000 		li	a5,4194304
  62 005a 6353F708 		bge	a4,a5,.L3
  58:../src/middleware/bacnet/src/whohas.c ****             && (data->high_limit >= 0)
  63              		.loc 1 58 21
  64 005e 833704FD 		ld	a5,-48(s0)
  65 0062 DC43     		lw	a5,4(a5)
  66              		.loc 1 58 13
  67 0064 63CE0706 		blt	a5,zero,.L3
  59:../src/middleware/bacnet/src/whohas.c ****             && (data->high_limit <= BACNET_MAX_INSTANCE)) {
  68              		.loc 1 59 21
  69 0068 833704FD 		ld	a5,-48(s0)
  70 006c DC43     		lw	a5,4(a5)
  71              		.loc 1 59 13
  72 006e 3E87     		mv	a4,a5
  73 0070 B7074000 		li	a5,4194304
  74 0074 6356F706 		bge	a4,a5,.L3
  60:../src/middleware/bacnet/src/whohas.c ****             len = encode_context_unsigned(&apdu[apdu_len], 0, data->low_limit);
  75              		.loc 1 60 19
  76 0078 8327C4FE 		lw	a5,-20(s0)
  77 007c 033784FD 		ld	a4,-40(s0)
  78 0080 3E97     		add	a4,a4,a5
  79              		.loc 1 60 67
  80 0082 833704FD 		ld	a5,-48(s0)
  81 0086 9C43     		lw	a5,0(a5)
  82              		.loc 1 60 19
  83 0088 8127     		sext.w	a5,a5
  84 008a 3E86     		mv	a2,a5
  85 008c 8145     		li	a1,0
  86 008e 3A85     		mv	a0,a4
  87 0090 97000000 		call	encode_context_unsigned
  87      E7800000 
  88 0098 AA87     		mv	a5,a0
  89 009a 2324F4FE 		sw	a5,-24(s0)
  61:../src/middleware/bacnet/src/whohas.c ****             apdu_len += len;
  90              		.loc 1 61 22
  91 009e 0327C4FE 		lw	a4,-20(s0)
  92 00a2 832784FE 		lw	a5,-24(s0)
  93 00a6 B99F     		addw	a5,a4,a5
  94 00a8 2326F4FE 		sw	a5,-20(s0)
  62:../src/middleware/bacnet/src/whohas.c ****             len =
  63:../src/middleware/bacnet/src/whohas.c ****                 encode_context_unsigned(&apdu[apdu_len], 1, data->high_limit);
  95              		.loc 1 63 17
  96 00ac 8327C4FE 		lw	a5,-20(s0)
  97 00b0 033784FD 		ld	a4,-40(s0)
  98 00b4 3E97     		add	a4,a4,a5
  99              		.loc 1 63 65
 100 00b6 833704FD 		ld	a5,-48(s0)
 101 00ba DC43     		lw	a5,4(a5)
 102              		.loc 1 63 17
 103 00bc 8127     		sext.w	a5,a5
 104 00be 3E86     		mv	a2,a5
 105 00c0 8545     		li	a1,1
 106 00c2 3A85     		mv	a0,a4
 107 00c4 97000000 		call	encode_context_unsigned
 107      E7800000 
 108 00cc AA87     		mv	a5,a0
 109 00ce 2324F4FE 		sw	a5,-24(s0)
  64:../src/middleware/bacnet/src/whohas.c ****             apdu_len += len;
 110              		.loc 1 64 22
 111 00d2 0327C4FE 		lw	a4,-20(s0)
 112 00d6 832784FE 		lw	a5,-24(s0)
 113 00da B99F     		addw	a5,a4,a5
 114 00dc 2326F4FE 		sw	a5,-20(s0)
 115              	.L3:
  65:../src/middleware/bacnet/src/whohas.c ****         }
  66:../src/middleware/bacnet/src/whohas.c ****         if (data->is_object_name) {
 116              		.loc 1 66 17
 117 00e0 833704FD 		ld	a5,-48(s0)
 118 00e4 83C78700 		lbu	a5,8(a5)
 119              		.loc 1 66 12
 120 00e8 9DCB     		beq	a5,zero,.L4
  67:../src/middleware/bacnet/src/whohas.c ****             len =
  68:../src/middleware/bacnet/src/whohas.c ****                 encode_context_character_string(&apdu[apdu_len], 3,
 121              		.loc 1 68 17
 122 00ea 8327C4FE 		lw	a5,-20(s0)
 123 00ee 033784FD 		ld	a4,-40(s0)
 124 00f2 3E97     		add	a4,a4,a5
 125 00f4 833704FD 		ld	a5,-48(s0)
 126 00f8 C107     		addi	a5,a5,16
 127 00fa 3E86     		mv	a2,a5
 128 00fc 8D45     		li	a1,3
 129 00fe 3A85     		mv	a0,a4
 130 0100 97000000 		call	encode_context_character_string
 130      E7800000 
 131 0108 AA87     		mv	a5,a0
 132 010a 2324F4FE 		sw	a5,-24(s0)
  69:../src/middleware/bacnet/src/whohas.c ****                 &data->object.name);
  70:../src/middleware/bacnet/src/whohas.c ****             apdu_len += len;
 133              		.loc 1 70 22
 134 010e 0327C4FE 		lw	a4,-20(s0)
 135 0112 832784FE 		lw	a5,-24(s0)
 136 0116 B99F     		addw	a5,a4,a5
 137 0118 2326F4FE 		sw	a5,-20(s0)
 138 011c 81A0     		j	.L2
 139              	.L4:
  71:../src/middleware/bacnet/src/whohas.c ****         } else {
  72:../src/middleware/bacnet/src/whohas.c ****             len =
  73:../src/middleware/bacnet/src/whohas.c ****                 encode_context_object_id(&apdu[apdu_len], 2,
 140              		.loc 1 73 17
 141 011e 8327C4FE 		lw	a5,-20(s0)
 142 0122 033784FD 		ld	a4,-40(s0)
 143 0126 3E97     		add	a4,a4,a5
  74:../src/middleware/bacnet/src/whohas.c ****                 (int) data->object.identifier.type,
 144              		.loc 1 74 46
 145 0128 833704FD 		ld	a5,-48(s0)
 146 012c 83D70701 		lhu	a5,16(a5)
  73:../src/middleware/bacnet/src/whohas.c ****                 (int) data->object.identifier.type,
 147              		.loc 1 73 17
 148 0130 1B860700 		sext.w	a2,a5
 149 0134 833704FD 		ld	a5,-48(s0)
 150 0138 DC4B     		lw	a5,20(a5)
 151 013a BE86     		mv	a3,a5
 152 013c 8945     		li	a1,2
 153 013e 3A85     		mv	a0,a4
 154 0140 97000000 		call	encode_context_object_id
 154      E7800000 
 155 0148 AA87     		mv	a5,a0
 156 014a 2324F4FE 		sw	a5,-24(s0)
  75:../src/middleware/bacnet/src/whohas.c ****                 data->object.identifier.instance);
  76:../src/middleware/bacnet/src/whohas.c ****             apdu_len += len;
 157              		.loc 1 76 22
 158 014e 0327C4FE 		lw	a4,-20(s0)
 159 0152 832784FE 		lw	a5,-24(s0)
 160 0156 B99F     		addw	a5,a4,a5
 161 0158 2326F4FE 		sw	a5,-20(s0)
 162              	.L2:
  77:../src/middleware/bacnet/src/whohas.c ****         }
  78:../src/middleware/bacnet/src/whohas.c ****     }
  79:../src/middleware/bacnet/src/whohas.c **** 
  80:../src/middleware/bacnet/src/whohas.c ****     return apdu_len;
 163              		.loc 1 80 12
 164 015c 8327C4FE 		lw	a5,-20(s0)
  81:../src/middleware/bacnet/src/whohas.c **** }
 165              		.loc 1 81 1
 166 0160 3E85     		mv	a0,a5
 167 0162 A270     		ld	ra,40(sp)
 168              		.cfi_restore 1
 169 0164 0274     		ld	s0,32(sp)
 170              		.cfi_restore 8
 171              		.cfi_def_cfa 2, 48
 172 0166 4561     		addi	sp,sp,48
 173              		.cfi_def_cfa_offset 0
 174 0168 8280     		jr	ra
 175              		.cfi_endproc
 176              	.LFE0:
 178              		.section	.text.whohas_decode_service_request,"ax",@progbits
 179              		.align	1
 180              		.globl	whohas_decode_service_request
 182              	whohas_decode_service_request:
 183              	.LFB1:
  82:../src/middleware/bacnet/src/whohas.c **** 
  83:../src/middleware/bacnet/src/whohas.c **** /* decode the service request only */
  84:../src/middleware/bacnet/src/whohas.c **** int whohas_decode_service_request(
  85:../src/middleware/bacnet/src/whohas.c ****     uint8_t * apdu,
  86:../src/middleware/bacnet/src/whohas.c ****     unsigned apdu_len,
  87:../src/middleware/bacnet/src/whohas.c ****     BACNET_WHO_HAS_DATA * data)
  88:../src/middleware/bacnet/src/whohas.c **** {
 184              		.loc 1 88 1
 185              		.cfi_startproc
 186 0000 5D71     		addi	sp,sp,-80
 187              		.cfi_def_cfa_offset 80
 188 0002 86E4     		sd	ra,72(sp)
 189 0004 A2E0     		sd	s0,64(sp)
 190              		.cfi_offset 1, -8
 191              		.cfi_offset 8, -16
 192 0006 8008     		addi	s0,sp,80
 193              		.cfi_def_cfa 8, 0
 194 0008 2334A4FC 		sd	a0,-56(s0)
 195 000c AE87     		mv	a5,a1
 196 000e 233CC4FA 		sd	a2,-72(s0)
 197 0012 2322F4FC 		sw	a5,-60(s0)
  89:../src/middleware/bacnet/src/whohas.c ****     int len = 0;
 198              		.loc 1 89 9
 199 0016 232604FE 		sw	zero,-20(s0)
  90:../src/middleware/bacnet/src/whohas.c ****     uint8_t tag_number = 0;
 200              		.loc 1 90 13
 201 001a A30504FE 		sb	zero,-21(s0)
  91:../src/middleware/bacnet/src/whohas.c ****     uint32_t len_value = 0;
 202              		.loc 1 91 14
 203 001e 232204FE 		sw	zero,-28(s0)
  92:../src/middleware/bacnet/src/whohas.c ****     uint32_t decoded_value = 0; /* for decoding */
 204              		.loc 1 92 14
 205 0022 232004FE 		sw	zero,-32(s0)
  93:../src/middleware/bacnet/src/whohas.c ****     uint16_t decoded_type = 0;  /* for decoding */
 206              		.loc 1 93 14
 207 0026 231F04FC 		sh	zero,-34(s0)
  94:../src/middleware/bacnet/src/whohas.c **** 
  95:../src/middleware/bacnet/src/whohas.c ****     if (apdu_len && data) {
 208              		.loc 1 95 8
 209 002a 832744FC 		lw	a5,-60(s0)
 210 002e 8127     		sext.w	a5,a5
 211 0030 63840726 		beq	a5,zero,.L7
 212              		.loc 1 95 18 discriminator 1
 213 0034 833784FB 		ld	a5,-72(s0)
 214 0038 63800726 		beq	a5,zero,.L7
  96:../src/middleware/bacnet/src/whohas.c ****         /* optional limits - must be used as a pair */
  97:../src/middleware/bacnet/src/whohas.c ****         if (decode_is_context_tag(&apdu[len], 0)) {
 215              		.loc 1 97 13
 216 003c 8327C4FE 		lw	a5,-20(s0)
 217 0040 033784FC 		ld	a4,-56(s0)
 218 0044 BA97     		add	a5,a4,a5
 219 0046 8145     		li	a1,0
 220 0048 3E85     		mv	a0,a5
 221 004a 97000000 		call	decode_is_context_tag
 221      E7800000 
 222 0052 AA87     		mv	a5,a0
 223              		.loc 1 97 12
 224 0054 638E0710 		beq	a5,zero,.L8
  98:../src/middleware/bacnet/src/whohas.c ****             len +=
  99:../src/middleware/bacnet/src/whohas.c ****                 decode_tag_number_and_value(&apdu[len], &tag_number,
 225              		.loc 1 99 17
 226 0058 8327C4FE 		lw	a5,-20(s0)
 227 005c 033784FC 		ld	a4,-56(s0)
 228 0060 BA97     		add	a5,a4,a5
 229 0062 930644FE 		addi	a3,s0,-28
 230 0066 1307B4FE 		addi	a4,s0,-21
 231 006a 3686     		mv	a2,a3
 232 006c BA85     		mv	a1,a4
 233 006e 3E85     		mv	a0,a5
 234 0070 97000000 		call	decode_tag_number_and_value
 234      E7800000 
 235 0078 AA87     		mv	a5,a0
 236 007a 3E87     		mv	a4,a5
  98:../src/middleware/bacnet/src/whohas.c ****             len +=
 237              		.loc 1 98 17
 238 007c 8327C4FE 		lw	a5,-20(s0)
 239 0080 B99F     		addw	a5,a5,a4
 240 0082 2326F4FE 		sw	a5,-20(s0)
 100:../src/middleware/bacnet/src/whohas.c ****                 &len_value);
 101:../src/middleware/bacnet/src/whohas.c ****             len += decode_unsigned(&apdu[len], len_value, &decoded_value);
 241              		.loc 1 101 20
 242 0086 8327C4FE 		lw	a5,-20(s0)
 243 008a 033784FC 		ld	a4,-56(s0)
 244 008e BA97     		add	a5,a4,a5
 245 0090 032744FE 		lw	a4,-28(s0)
 246 0094 930604FE 		addi	a3,s0,-32
 247 0098 3686     		mv	a2,a3
 248 009a BA85     		mv	a1,a4
 249 009c 3E85     		mv	a0,a5
 250 009e 97000000 		call	decode_unsigned
 250      E7800000 
 251 00a6 AA87     		mv	a5,a0
 252 00a8 3E87     		mv	a4,a5
 253              		.loc 1 101 17
 254 00aa 8327C4FE 		lw	a5,-20(s0)
 255 00ae B99F     		addw	a5,a5,a4
 256 00b0 2326F4FE 		sw	a5,-20(s0)
 102:../src/middleware/bacnet/src/whohas.c ****             if (decoded_value <= BACNET_MAX_INSTANCE)
 257              		.loc 1 102 31
 258 00b4 832704FE 		lw	a5,-32(s0)
 259              		.loc 1 102 16
 260 00b8 3E87     		mv	a4,a5
 261 00ba B7074000 		li	a5,4194304
 262 00be 6379F700 		bgeu	a4,a5,.L9
 103:../src/middleware/bacnet/src/whohas.c ****                 data->low_limit = decoded_value;
 263              		.loc 1 103 33
 264 00c2 832704FE 		lw	a5,-32(s0)
 265 00c6 1B870700 		sext.w	a4,a5
 266 00ca 833784FB 		ld	a5,-72(s0)
 267 00ce 98C3     		sw	a4,0(a5)
 268              	.L9:
 104:../src/middleware/bacnet/src/whohas.c ****             if (!decode_is_context_tag(&apdu[len], 1))
 269              		.loc 1 104 18
 270 00d0 8327C4FE 		lw	a5,-20(s0)
 271 00d4 033784FC 		ld	a4,-56(s0)
 272 00d8 BA97     		add	a5,a4,a5
 273 00da 8545     		li	a1,1
 274 00dc 3E85     		mv	a0,a5
 275 00de 97000000 		call	decode_is_context_tag
 275      E7800000 
 276 00e6 AA87     		mv	a5,a0
 277              		.loc 1 104 17
 278 00e8 93C71700 		xori	a5,a5,1
 279 00ec 93F7F70F 		andi	a5,a5,0xff
 280              		.loc 1 104 16
 281 00f0 99C3     		beq	a5,zero,.L10
 105:../src/middleware/bacnet/src/whohas.c ****                 return -1;
 282              		.loc 1 105 24
 283 00f2 FD57     		li	a5,-1
 284 00f4 65A2     		j	.L16
 285              	.L10:
 106:../src/middleware/bacnet/src/whohas.c ****             len +=
 107:../src/middleware/bacnet/src/whohas.c ****                 decode_tag_number_and_value(&apdu[len], &tag_number,
 286              		.loc 1 107 17
 287 00f6 8327C4FE 		lw	a5,-20(s0)
 288 00fa 033784FC 		ld	a4,-56(s0)
 289 00fe BA97     		add	a5,a4,a5
 290 0100 930644FE 		addi	a3,s0,-28
 291 0104 1307B4FE 		addi	a4,s0,-21
 292 0108 3686     		mv	a2,a3
 293 010a BA85     		mv	a1,a4
 294 010c 3E85     		mv	a0,a5
 295 010e 97000000 		call	decode_tag_number_and_value
 295      E7800000 
 296 0116 AA87     		mv	a5,a0
 297 0118 3E87     		mv	a4,a5
 106:../src/middleware/bacnet/src/whohas.c ****             len +=
 298              		.loc 1 106 17
 299 011a 8327C4FE 		lw	a5,-20(s0)
 300 011e B99F     		addw	a5,a5,a4
 301 0120 2326F4FE 		sw	a5,-20(s0)
 108:../src/middleware/bacnet/src/whohas.c ****                 &len_value);
 109:../src/middleware/bacnet/src/whohas.c ****             len += decode_unsigned(&apdu[len], len_value, &decoded_value);
 302              		.loc 1 109 20
 303 0124 8327C4FE 		lw	a5,-20(s0)
 304 0128 033784FC 		ld	a4,-56(s0)
 305 012c BA97     		add	a5,a4,a5
 306 012e 032744FE 		lw	a4,-28(s0)
 307 0132 930604FE 		addi	a3,s0,-32
 308 0136 3686     		mv	a2,a3
 309 0138 BA85     		mv	a1,a4
 310 013a 3E85     		mv	a0,a5
 311 013c 97000000 		call	decode_unsigned
 311      E7800000 
 312 0144 AA87     		mv	a5,a0
 313 0146 3E87     		mv	a4,a5
 314              		.loc 1 109 17
 315 0148 8327C4FE 		lw	a5,-20(s0)
 316 014c B99F     		addw	a5,a5,a4
 317 014e 2326F4FE 		sw	a5,-20(s0)
 110:../src/middleware/bacnet/src/whohas.c ****             if (decoded_value <= BACNET_MAX_INSTANCE)
 318              		.loc 1 110 31
 319 0152 832704FE 		lw	a5,-32(s0)
 320              		.loc 1 110 16
 321 0156 3E87     		mv	a4,a5
 322 0158 B7074000 		li	a5,4194304
 323 015c 6372F702 		bgeu	a4,a5,.L13
 111:../src/middleware/bacnet/src/whohas.c ****                 data->high_limit = decoded_value;
 324              		.loc 1 111 34
 325 0160 832704FE 		lw	a5,-32(s0)
 326 0164 1B870700 		sext.w	a4,a5
 327 0168 833784FB 		ld	a5,-72(s0)
 328 016c D8C3     		sw	a4,4(a5)
 329 016e 09A8     		j	.L13
 330              	.L8:
 112:../src/middleware/bacnet/src/whohas.c ****         } else {
 113:../src/middleware/bacnet/src/whohas.c ****             data->low_limit = -1;
 331              		.loc 1 113 29
 332 0170 833784FB 		ld	a5,-72(s0)
 333 0174 7D57     		li	a4,-1
 334 0176 98C3     		sw	a4,0(a5)
 114:../src/middleware/bacnet/src/whohas.c ****             data->high_limit = -1;
 335              		.loc 1 114 30
 336 0178 833784FB 		ld	a5,-72(s0)
 337 017c 7D57     		li	a4,-1
 338 017e D8C3     		sw	a4,4(a5)
 339              	.L13:
 115:../src/middleware/bacnet/src/whohas.c ****         }
 116:../src/middleware/bacnet/src/whohas.c ****         /* object id */
 117:../src/middleware/bacnet/src/whohas.c ****         if (decode_is_context_tag(&apdu[len], 2)) {
 340              		.loc 1 117 13
 341 0180 8327C4FE 		lw	a5,-20(s0)
 342 0184 033784FC 		ld	a4,-56(s0)
 343 0188 BA97     		add	a5,a4,a5
 344 018a 8945     		li	a1,2
 345 018c 3E85     		mv	a0,a5
 346 018e 97000000 		call	decode_is_context_tag
 346      E7800000 
 347 0196 AA87     		mv	a5,a0
 348              		.loc 1 117 12
 349 0198 A5CF     		beq	a5,zero,.L14
 118:../src/middleware/bacnet/src/whohas.c ****             data->is_object_name = false;
 350              		.loc 1 118 34
 351 019a 833784FB 		ld	a5,-72(s0)
 352 019e 23840700 		sb	zero,8(a5)
 119:../src/middleware/bacnet/src/whohas.c ****             len +=
 120:../src/middleware/bacnet/src/whohas.c ****                 decode_tag_number_and_value(&apdu[len], &tag_number,
 353              		.loc 1 120 17
 354 01a2 8327C4FE 		lw	a5,-20(s0)
 355 01a6 033784FC 		ld	a4,-56(s0)
 356 01aa BA97     		add	a5,a4,a5
 357 01ac 930644FE 		addi	a3,s0,-28
 358 01b0 1307B4FE 		addi	a4,s0,-21
 359 01b4 3686     		mv	a2,a3
 360 01b6 BA85     		mv	a1,a4
 361 01b8 3E85     		mv	a0,a5
 362 01ba 97000000 		call	decode_tag_number_and_value
 362      E7800000 
 363 01c2 AA87     		mv	a5,a0
 364 01c4 3E87     		mv	a4,a5
 119:../src/middleware/bacnet/src/whohas.c ****             len +=
 365              		.loc 1 119 17
 366 01c6 8327C4FE 		lw	a5,-20(s0)
 367 01ca B99F     		addw	a5,a5,a4
 368 01cc 2326F4FE 		sw	a5,-20(s0)
 121:../src/middleware/bacnet/src/whohas.c ****                 &len_value);
 122:../src/middleware/bacnet/src/whohas.c ****             len +=
 123:../src/middleware/bacnet/src/whohas.c ****                 decode_object_id(&apdu[len], &decoded_type,
 369              		.loc 1 123 17
 370 01d0 8327C4FE 		lw	a5,-20(s0)
 371 01d4 033784FC 		ld	a4,-56(s0)
 372 01d8 3E97     		add	a4,a4,a5
 373 01da 833784FB 		ld	a5,-72(s0)
 374 01de 93864701 		addi	a3,a5,20
 375 01e2 9307E4FD 		addi	a5,s0,-34
 376 01e6 3686     		mv	a2,a3
 377 01e8 BE85     		mv	a1,a5
 378 01ea 3A85     		mv	a0,a4
 379 01ec 97000000 		call	decode_object_id
 379      E7800000 
 380 01f4 AA87     		mv	a5,a0
 381 01f6 3E87     		mv	a4,a5
 122:../src/middleware/bacnet/src/whohas.c ****                 decode_object_id(&apdu[len], &decoded_type,
 382              		.loc 1 122 17
 383 01f8 8327C4FE 		lw	a5,-20(s0)
 384 01fc B99F     		addw	a5,a5,a4
 385 01fe 2326F4FE 		sw	a5,-20(s0)
 124:../src/middleware/bacnet/src/whohas.c ****                 &data->object.identifier.instance);
 125:../src/middleware/bacnet/src/whohas.c ****             data->object.identifier.type = decoded_type;
 386              		.loc 1 125 42
 387 0202 0357E4FD 		lhu	a4,-34(s0)
 388 0206 833784FB 		ld	a5,-72(s0)
 389 020a 2398E700 		sh	a4,16(a5)
 390 020e 69A0     		j	.L7
 391              	.L14:
 126:../src/middleware/bacnet/src/whohas.c ****         }
 127:../src/middleware/bacnet/src/whohas.c ****         /* object name */
 128:../src/middleware/bacnet/src/whohas.c ****         else if (decode_is_context_tag(&apdu[len], 3)) {
 392              		.loc 1 128 18
 393 0210 8327C4FE 		lw	a5,-20(s0)
 394 0214 033784FC 		ld	a4,-56(s0)
 395 0218 BA97     		add	a5,a4,a5
 396 021a 8D45     		li	a1,3
 397 021c 3E85     		mv	a0,a5
 398 021e 97000000 		call	decode_is_context_tag
 398      E7800000 
 399 0226 AA87     		mv	a5,a0
 400              		.loc 1 128 17
 401 0228 B5C7     		beq	a5,zero,.L15
 129:../src/middleware/bacnet/src/whohas.c ****             data->is_object_name = true;
 402              		.loc 1 129 34
 403 022a 833784FB 		ld	a5,-72(s0)
 404 022e 0547     		li	a4,1
 405 0230 2384E700 		sb	a4,8(a5)
 130:../src/middleware/bacnet/src/whohas.c ****             len +=
 131:../src/middleware/bacnet/src/whohas.c ****                 decode_tag_number_and_value(&apdu[len], &tag_number,
 406              		.loc 1 131 17
 407 0234 8327C4FE 		lw	a5,-20(s0)
 408 0238 033784FC 		ld	a4,-56(s0)
 409 023c BA97     		add	a5,a4,a5
 410 023e 930644FE 		addi	a3,s0,-28
 411 0242 1307B4FE 		addi	a4,s0,-21
 412 0246 3686     		mv	a2,a3
 413 0248 BA85     		mv	a1,a4
 414 024a 3E85     		mv	a0,a5
 415 024c 97000000 		call	decode_tag_number_and_value
 415      E7800000 
 416 0254 AA87     		mv	a5,a0
 417 0256 3E87     		mv	a4,a5
 130:../src/middleware/bacnet/src/whohas.c ****             len +=
 418              		.loc 1 130 17
 419 0258 8327C4FE 		lw	a5,-20(s0)
 420 025c B99F     		addw	a5,a5,a4
 421 025e 2326F4FE 		sw	a5,-20(s0)
 132:../src/middleware/bacnet/src/whohas.c ****                 &len_value);
 133:../src/middleware/bacnet/src/whohas.c ****             len +=
 134:../src/middleware/bacnet/src/whohas.c ****                 decode_character_string(&apdu[len], len_value,
 422              		.loc 1 134 17
 423 0262 8327C4FE 		lw	a5,-20(s0)
 424 0266 033784FC 		ld	a4,-56(s0)
 425 026a 3E97     		add	a4,a4,a5
 426 026c 832644FE 		lw	a3,-28(s0)
 427 0270 833784FB 		ld	a5,-72(s0)
 428 0274 C107     		addi	a5,a5,16
 429 0276 3E86     		mv	a2,a5
 430 0278 B685     		mv	a1,a3
 431 027a 3A85     		mv	a0,a4
 432 027c 97000000 		call	decode_character_string
 432      E7800000 
 433 0284 AA87     		mv	a5,a0
 434 0286 3E87     		mv	a4,a5
 133:../src/middleware/bacnet/src/whohas.c ****                 decode_character_string(&apdu[len], len_value,
 435              		.loc 1 133 17
 436 0288 8327C4FE 		lw	a5,-20(s0)
 437 028c B99F     		addw	a5,a5,a4
 438 028e 2326F4FE 		sw	a5,-20(s0)
 439 0292 19A0     		j	.L7
 440              	.L15:
 135:../src/middleware/bacnet/src/whohas.c ****                 &data->object.name);
 136:../src/middleware/bacnet/src/whohas.c ****         }
 137:../src/middleware/bacnet/src/whohas.c ****         /* missing required parameters */
 138:../src/middleware/bacnet/src/whohas.c ****         else
 139:../src/middleware/bacnet/src/whohas.c ****             return -1;
 441              		.loc 1 139 20
 442 0294 FD57     		li	a5,-1
 443 0296 19A0     		j	.L16
 444              	.L7:
 140:../src/middleware/bacnet/src/whohas.c ****     }
 141:../src/middleware/bacnet/src/whohas.c **** 
 142:../src/middleware/bacnet/src/whohas.c ****     return len;
 445              		.loc 1 142 12
 446 0298 8327C4FE 		lw	a5,-20(s0)
 447              	.L16:
 143:../src/middleware/bacnet/src/whohas.c **** }
 448              		.loc 1 143 1 discriminator 1
 449 029c 3E85     		mv	a0,a5
 450 029e A660     		ld	ra,72(sp)
 451              		.cfi_restore 1
 452 02a0 0664     		ld	s0,64(sp)
 453              		.cfi_restore 8
 454              		.cfi_def_cfa 2, 80
 455 02a2 6161     		addi	sp,sp,80
 456              		.cfi_def_cfa_offset 0
 457 02a4 8280     		jr	ra
 458              		.cfi_endproc
 459              	.LFE1:
 461              		.text
 462              	.Letext0:
 463              		.file 2 "c:\\microchip\\softconsole-v2022.2-risc-v-747\\riscv-unknown-elf-gcc\\riscv64-unknown-elf
 464              		.file 3 "c:\\microchip\\softconsole-v2022.2-risc-v-747\\riscv-unknown-elf-gcc\\riscv64-unknown-elf
 465              		.file 4 "C:\\Users\\zero6575\\Libero\\fpga_labor\\fpga_labor\\software\\mpfs-mac-mcc-stack\\src\\m
 466              		.file 5 "c:\\microchip\\softconsole-v2022.2-risc-v-747\\riscv-unknown-elf-gcc\\lib\\gcc\\riscv64-u
 467              		.file 6 "C:\\Users\\zero6575\\Libero\\fpga_labor\\fpga_labor\\software\\mpfs-mac-mcc-stack\\src\\m
 468              		.file 7 "C:\\Users\\zero6575\\Libero\\fpga_labor\\fpga_labor\\software\\mpfs-mac-mcc-stack\\src\\m
 469              		.file 8 "C:\\Users\\zero6575\\Libero\\fpga_labor\\fpga_labor\\software\\mpfs-mac-mcc-stack\\src\\m
DEFINED SYMBOLS
                            *ABS*:0000000000000000 whohas.c
C:\Users\zero6575\AppData\Local\Temp\ccI40aaW.s:13     .text.whohas_encode_apdu:0000000000000000 whohas_encode_apdu
C:\Users\zero6575\AppData\Local\Temp\ccI40aaW.s:17     .text.whohas_encode_apdu:0000000000000000 .L0 
C:\Users\zero6575\AppData\Local\Temp\ccI40aaW.s:18     .text.whohas_encode_apdu:0000000000000000 .L0 
C:\Users\zero6575\AppData\Local\Temp\ccI40aaW.s:19     .text.whohas_encode_apdu:0000000000000002 .L0 
C:\Users\zero6575\AppData\Local\Temp\ccI40aaW.s:22     .text.whohas_encode_apdu:0000000000000006 .L0 
C:\Users\zero6575\AppData\Local\Temp\ccI40aaW.s:23     .text.whohas_encode_apdu:0000000000000006 .L0 
C:\Users\zero6575\AppData\Local\Temp\ccI40aaW.s:25     .text.whohas_encode_apdu:0000000000000008 .L0 
C:\Users\zero6575\AppData\Local\Temp\ccI40aaW.s:29     .text.whohas_encode_apdu:0000000000000010 .L0 
C:\Users\zero6575\AppData\Local\Temp\ccI40aaW.s:31     .text.whohas_encode_apdu:0000000000000014 .L0 
C:\Users\zero6575\AppData\Local\Temp\ccI40aaW.s:33     .text.whohas_encode_apdu:0000000000000018 .L0 
C:\Users\zero6575\AppData\Local\Temp\ccI40aaW.s:36     .text.whohas_encode_apdu:0000000000000020 .L0 
C:\Users\zero6575\AppData\Local\Temp\ccI40aaW.s:39     .text.whohas_encode_apdu:0000000000000028 .L0 
C:\Users\zero6575\AppData\Local\Temp\ccI40aaW.s:43     .text.whohas_encode_apdu:0000000000000032 .L0 
C:\Users\zero6575\AppData\Local\Temp\ccI40aaW.s:46     .text.whohas_encode_apdu:0000000000000038 .L0 
C:\Users\zero6575\AppData\Local\Temp\ccI40aaW.s:49     .text.whohas_encode_apdu:000000000000003e .L0 
C:\Users\zero6575\AppData\Local\Temp\ccI40aaW.s:52     .text.whohas_encode_apdu:0000000000000044 .L0 
C:\Users\zero6575\AppData\Local\Temp\ccI40aaW.s:55     .text.whohas_encode_apdu:000000000000004a .L0 
C:\Users\zero6575\AppData\Local\Temp\ccI40aaW.s:57     .text.whohas_encode_apdu:000000000000004e .L0 
C:\Users\zero6575\AppData\Local\Temp\ccI40aaW.s:60     .text.whohas_encode_apdu:0000000000000054 .L0 
C:\Users\zero6575\AppData\Local\Temp\ccI40aaW.s:64     .text.whohas_encode_apdu:000000000000005e .L0 
C:\Users\zero6575\AppData\Local\Temp\ccI40aaW.s:67     .text.whohas_encode_apdu:0000000000000064 .L0 
C:\Users\zero6575\AppData\Local\Temp\ccI40aaW.s:69     .text.whohas_encode_apdu:0000000000000068 .L0 
C:\Users\zero6575\AppData\Local\Temp\ccI40aaW.s:72     .text.whohas_encode_apdu:000000000000006e .L0 
C:\Users\zero6575\AppData\Local\Temp\ccI40aaW.s:76     .text.whohas_encode_apdu:0000000000000078 .L0 
C:\Users\zero6575\AppData\Local\Temp\ccI40aaW.s:80     .text.whohas_encode_apdu:0000000000000082 .L0 
C:\Users\zero6575\AppData\Local\Temp\ccI40aaW.s:83     .text.whohas_encode_apdu:0000000000000088 .L0 
C:\Users\zero6575\AppData\Local\Temp\ccI40aaW.s:91     .text.whohas_encode_apdu:000000000000009e .L0 
C:\Users\zero6575\AppData\Local\Temp\ccI40aaW.s:96     .text.whohas_encode_apdu:00000000000000ac .L0 
C:\Users\zero6575\AppData\Local\Temp\ccI40aaW.s:100    .text.whohas_encode_apdu:00000000000000b6 .L0 
C:\Users\zero6575\AppData\Local\Temp\ccI40aaW.s:103    .text.whohas_encode_apdu:00000000000000bc .L0 
C:\Users\zero6575\AppData\Local\Temp\ccI40aaW.s:111    .text.whohas_encode_apdu:00000000000000d2 .L0 
C:\Users\zero6575\AppData\Local\Temp\ccI40aaW.s:117    .text.whohas_encode_apdu:00000000000000e0 .L0 
C:\Users\zero6575\AppData\Local\Temp\ccI40aaW.s:120    .text.whohas_encode_apdu:00000000000000e8 .L0 
C:\Users\zero6575\AppData\Local\Temp\ccI40aaW.s:122    .text.whohas_encode_apdu:00000000000000ea .L0 
C:\Users\zero6575\AppData\Local\Temp\ccI40aaW.s:134    .text.whohas_encode_apdu:000000000000010e .L0 
C:\Users\zero6575\AppData\Local\Temp\ccI40aaW.s:141    .text.whohas_encode_apdu:000000000000011e .L0 
C:\Users\zero6575\AppData\Local\Temp\ccI40aaW.s:145    .text.whohas_encode_apdu:0000000000000128 .L0 
C:\Users\zero6575\AppData\Local\Temp\ccI40aaW.s:148    .text.whohas_encode_apdu:0000000000000130 .L0 
C:\Users\zero6575\AppData\Local\Temp\ccI40aaW.s:158    .text.whohas_encode_apdu:000000000000014e .L0 
C:\Users\zero6575\AppData\Local\Temp\ccI40aaW.s:164    .text.whohas_encode_apdu:000000000000015c .L0 
C:\Users\zero6575\AppData\Local\Temp\ccI40aaW.s:166    .text.whohas_encode_apdu:0000000000000160 .L0 
C:\Users\zero6575\AppData\Local\Temp\ccI40aaW.s:168    .text.whohas_encode_apdu:0000000000000164 .L0 
C:\Users\zero6575\AppData\Local\Temp\ccI40aaW.s:170    .text.whohas_encode_apdu:0000000000000166 .L0 
C:\Users\zero6575\AppData\Local\Temp\ccI40aaW.s:171    .text.whohas_encode_apdu:0000000000000166 .L0 
C:\Users\zero6575\AppData\Local\Temp\ccI40aaW.s:173    .text.whohas_encode_apdu:0000000000000168 .L0 
C:\Users\zero6575\AppData\Local\Temp\ccI40aaW.s:175    .text.whohas_encode_apdu:000000000000016a .L0 
C:\Users\zero6575\AppData\Local\Temp\ccI40aaW.s:182    .text.whohas_decode_service_request:0000000000000000 whohas_decode_service_request
C:\Users\zero6575\AppData\Local\Temp\ccI40aaW.s:185    .text.whohas_decode_service_request:0000000000000000 .L0 
C:\Users\zero6575\AppData\Local\Temp\ccI40aaW.s:186    .text.whohas_decode_service_request:0000000000000000 .L0 
C:\Users\zero6575\AppData\Local\Temp\ccI40aaW.s:187    .text.whohas_decode_service_request:0000000000000002 .L0 
C:\Users\zero6575\AppData\Local\Temp\ccI40aaW.s:190    .text.whohas_decode_service_request:0000000000000006 .L0 
C:\Users\zero6575\AppData\Local\Temp\ccI40aaW.s:191    .text.whohas_decode_service_request:0000000000000006 .L0 
C:\Users\zero6575\AppData\Local\Temp\ccI40aaW.s:193    .text.whohas_decode_service_request:0000000000000008 .L0 
C:\Users\zero6575\AppData\Local\Temp\ccI40aaW.s:199    .text.whohas_decode_service_request:0000000000000016 .L0 
C:\Users\zero6575\AppData\Local\Temp\ccI40aaW.s:201    .text.whohas_decode_service_request:000000000000001a .L0 
C:\Users\zero6575\AppData\Local\Temp\ccI40aaW.s:203    .text.whohas_decode_service_request:000000000000001e .L0 
C:\Users\zero6575\AppData\Local\Temp\ccI40aaW.s:205    .text.whohas_decode_service_request:0000000000000022 .L0 
C:\Users\zero6575\AppData\Local\Temp\ccI40aaW.s:207    .text.whohas_decode_service_request:0000000000000026 .L0 
C:\Users\zero6575\AppData\Local\Temp\ccI40aaW.s:209    .text.whohas_decode_service_request:000000000000002a .L0 
C:\Users\zero6575\AppData\Local\Temp\ccI40aaW.s:213    .text.whohas_decode_service_request:0000000000000034 .L0 
C:\Users\zero6575\AppData\Local\Temp\ccI40aaW.s:216    .text.whohas_decode_service_request:000000000000003c .L0 
C:\Users\zero6575\AppData\Local\Temp\ccI40aaW.s:224    .text.whohas_decode_service_request:0000000000000054 .L0 
C:\Users\zero6575\AppData\Local\Temp\ccI40aaW.s:226    .text.whohas_decode_service_request:0000000000000058 .L0 
C:\Users\zero6575\AppData\Local\Temp\ccI40aaW.s:238    .text.whohas_decode_service_request:000000000000007c .L0 
C:\Users\zero6575\AppData\Local\Temp\ccI40aaW.s:242    .text.whohas_decode_service_request:0000000000000086 .L0 
C:\Users\zero6575\AppData\Local\Temp\ccI40aaW.s:254    .text.whohas_decode_service_request:00000000000000aa .L0 
C:\Users\zero6575\AppData\Local\Temp\ccI40aaW.s:258    .text.whohas_decode_service_request:00000000000000b4 .L0 
C:\Users\zero6575\AppData\Local\Temp\ccI40aaW.s:260    .text.whohas_decode_service_request:00000000000000b8 .L0 
C:\Users\zero6575\AppData\Local\Temp\ccI40aaW.s:264    .text.whohas_decode_service_request:00000000000000c2 .L0 
C:\Users\zero6575\AppData\Local\Temp\ccI40aaW.s:270    .text.whohas_decode_service_request:00000000000000d0 .L0 
C:\Users\zero6575\AppData\Local\Temp\ccI40aaW.s:278    .text.whohas_decode_service_request:00000000000000e8 .L0 
C:\Users\zero6575\AppData\Local\Temp\ccI40aaW.s:281    .text.whohas_decode_service_request:00000000000000f0 .L0 
C:\Users\zero6575\AppData\Local\Temp\ccI40aaW.s:283    .text.whohas_decode_service_request:00000000000000f2 .L0 
C:\Users\zero6575\AppData\Local\Temp\ccI40aaW.s:287    .text.whohas_decode_service_request:00000000000000f6 .L0 
C:\Users\zero6575\AppData\Local\Temp\ccI40aaW.s:299    .text.whohas_decode_service_request:000000000000011a .L0 
C:\Users\zero6575\AppData\Local\Temp\ccI40aaW.s:303    .text.whohas_decode_service_request:0000000000000124 .L0 
C:\Users\zero6575\AppData\Local\Temp\ccI40aaW.s:315    .text.whohas_decode_service_request:0000000000000148 .L0 
C:\Users\zero6575\AppData\Local\Temp\ccI40aaW.s:319    .text.whohas_decode_service_request:0000000000000152 .L0 
C:\Users\zero6575\AppData\Local\Temp\ccI40aaW.s:321    .text.whohas_decode_service_request:0000000000000156 .L0 
C:\Users\zero6575\AppData\Local\Temp\ccI40aaW.s:325    .text.whohas_decode_service_request:0000000000000160 .L0 
C:\Users\zero6575\AppData\Local\Temp\ccI40aaW.s:332    .text.whohas_decode_service_request:0000000000000170 .L0 
C:\Users\zero6575\AppData\Local\Temp\ccI40aaW.s:336    .text.whohas_decode_service_request:0000000000000178 .L0 
C:\Users\zero6575\AppData\Local\Temp\ccI40aaW.s:341    .text.whohas_decode_service_request:0000000000000180 .L0 
C:\Users\zero6575\AppData\Local\Temp\ccI40aaW.s:349    .text.whohas_decode_service_request:0000000000000198 .L0 
C:\Users\zero6575\AppData\Local\Temp\ccI40aaW.s:351    .text.whohas_decode_service_request:000000000000019a .L0 
C:\Users\zero6575\AppData\Local\Temp\ccI40aaW.s:354    .text.whohas_decode_service_request:00000000000001a2 .L0 
C:\Users\zero6575\AppData\Local\Temp\ccI40aaW.s:366    .text.whohas_decode_service_request:00000000000001c6 .L0 
C:\Users\zero6575\AppData\Local\Temp\ccI40aaW.s:370    .text.whohas_decode_service_request:00000000000001d0 .L0 
C:\Users\zero6575\AppData\Local\Temp\ccI40aaW.s:383    .text.whohas_decode_service_request:00000000000001f8 .L0 
C:\Users\zero6575\AppData\Local\Temp\ccI40aaW.s:387    .text.whohas_decode_service_request:0000000000000202 .L0 
C:\Users\zero6575\AppData\Local\Temp\ccI40aaW.s:393    .text.whohas_decode_service_request:0000000000000210 .L0 
C:\Users\zero6575\AppData\Local\Temp\ccI40aaW.s:401    .text.whohas_decode_service_request:0000000000000228 .L0 
C:\Users\zero6575\AppData\Local\Temp\ccI40aaW.s:403    .text.whohas_decode_service_request:000000000000022a .L0 
C:\Users\zero6575\AppData\Local\Temp\ccI40aaW.s:407    .text.whohas_decode_service_request:0000000000000234 .L0 
C:\Users\zero6575\AppData\Local\Temp\ccI40aaW.s:419    .text.whohas_decode_service_request:0000000000000258 .L0 
C:\Users\zero6575\AppData\Local\Temp\ccI40aaW.s:423    .text.whohas_decode_service_request:0000000000000262 .L0 
C:\Users\zero6575\AppData\Local\Temp\ccI40aaW.s:436    .text.whohas_decode_service_request:0000000000000288 .L0 
C:\Users\zero6575\AppData\Local\Temp\ccI40aaW.s:442    .text.whohas_decode_service_request:0000000000000294 .L0 
C:\Users\zero6575\AppData\Local\Temp\ccI40aaW.s:446    .text.whohas_decode_service_request:0000000000000298 .L0 
C:\Users\zero6575\AppData\Local\Temp\ccI40aaW.s:449    .text.whohas_decode_service_request:000000000000029c .L0 
C:\Users\zero6575\AppData\Local\Temp\ccI40aaW.s:451    .text.whohas_decode_service_request:00000000000002a0 .L0 
C:\Users\zero6575\AppData\Local\Temp\ccI40aaW.s:453    .text.whohas_decode_service_request:00000000000002a2 .L0 
C:\Users\zero6575\AppData\Local\Temp\ccI40aaW.s:454    .text.whohas_decode_service_request:00000000000002a2 .L0 
C:\Users\zero6575\AppData\Local\Temp\ccI40aaW.s:456    .text.whohas_decode_service_request:00000000000002a4 .L0 
C:\Users\zero6575\AppData\Local\Temp\ccI40aaW.s:458    .text.whohas_decode_service_request:00000000000002a6 .L0 
C:\Users\zero6575\AppData\Local\Temp\ccI40aaW.s:178    .text.whohas_encode_apdu:000000000000016a .L0 
C:\Users\zero6575\AppData\Local\Temp\ccI40aaW.s:461    .text.whohas_decode_service_request:00000000000002a6 .L0 
                     .debug_frame:0000000000000000 .L0 
C:\Users\zero6575\AppData\Local\Temp\ccI40aaW.s:162    .text.whohas_encode_apdu:000000000000015c .L2
C:\Users\zero6575\AppData\Local\Temp\ccI40aaW.s:115    .text.whohas_encode_apdu:00000000000000e0 .L3
C:\Users\zero6575\AppData\Local\Temp\ccI40aaW.s:139    .text.whohas_encode_apdu:000000000000011e .L4
C:\Users\zero6575\AppData\Local\Temp\ccI40aaW.s:444    .text.whohas_decode_service_request:0000000000000298 .L7
C:\Users\zero6575\AppData\Local\Temp\ccI40aaW.s:330    .text.whohas_decode_service_request:0000000000000170 .L8
C:\Users\zero6575\AppData\Local\Temp\ccI40aaW.s:268    .text.whohas_decode_service_request:00000000000000d0 .L9
C:\Users\zero6575\AppData\Local\Temp\ccI40aaW.s:285    .text.whohas_decode_service_request:00000000000000f6 .L10
C:\Users\zero6575\AppData\Local\Temp\ccI40aaW.s:447    .text.whohas_decode_service_request:000000000000029c .L16
C:\Users\zero6575\AppData\Local\Temp\ccI40aaW.s:339    .text.whohas_decode_service_request:0000000000000180 .L13
C:\Users\zero6575\AppData\Local\Temp\ccI40aaW.s:391    .text.whohas_decode_service_request:0000000000000210 .L14
C:\Users\zero6575\AppData\Local\Temp\ccI40aaW.s:440    .text.whohas_decode_service_request:0000000000000294 .L15
C:\Users\zero6575\AppData\Local\Temp\ccI40aaW.s:935    .debug_abbrev:0000000000000000 .Ldebug_abbrev0
C:\Users\zero6575\AppData\Local\Temp\ccI40aaW.s:4065   .debug_str:00000000000018f9 .LASF741
C:\Users\zero6575\AppData\Local\Temp\ccI40aaW.s:4847   .debug_str:0000000000003ffa .LASF742
C:\Users\zero6575\AppData\Local\Temp\ccI40aaW.s:4381   .debug_str:00000000000028f1 .LASF743
C:\Users\zero6575\AppData\Local\Temp\ccI40aaW.s:1253   .debug_ranges:0000000000000000 .Ldebug_ranges0
C:\Users\zero6575\AppData\Local\Temp\ccI40aaW.s:3535   .debug_line:0000000000000000 .Ldebug_line0
C:\Users\zero6575\AppData\Local\Temp\ccI40aaW.s:1261   .debug_macro:0000000000000000 .Ldebug_macro0
C:\Users\zero6575\AppData\Local\Temp\ccI40aaW.s:4339   .debug_str:00000000000026ed .LASF678
C:\Users\zero6575\AppData\Local\Temp\ccI40aaW.s:3563   .debug_str:000000000000013c .LASF681
C:\Users\zero6575\AppData\Local\Temp\ccI40aaW.s:3885   .debug_str:00000000000010e5 .LASF679
C:\Users\zero6575\AppData\Local\Temp\ccI40aaW.s:4987   .debug_str:000000000000471f .LASF680
C:\Users\zero6575\AppData\Local\Temp\ccI40aaW.s:3835   .debug_str:0000000000000e4c .LASF682
C:\Users\zero6575\AppData\Local\Temp\ccI40aaW.s:4337   .debug_str:00000000000026da .LASF683
C:\Users\zero6575\AppData\Local\Temp\ccI40aaW.s:4721   .debug_str:0000000000003a7e .LASF684
C:\Users\zero6575\AppData\Local\Temp\ccI40aaW.s:4723   .debug_str:0000000000003a88 .LASF685
C:\Users\zero6575\AppData\Local\Temp\ccI40aaW.s:4971   .debug_str:000000000000464b .LASF686
C:\Users\zero6575\AppData\Local\Temp\ccI40aaW.s:4439   .debug_str:0000000000002bad .LASF687
C:\Users\zero6575\AppData\Local\Temp\ccI40aaW.s:4521   .debug_str:0000000000002fdf .LASF688
C:\Users\zero6575\AppData\Local\Temp\ccI40aaW.s:4075   .debug_str:0000000000001a0a .LASF689
C:\Users\zero6575\AppData\Local\Temp\ccI40aaW.s:3611   .debug_str:000000000000035f .LASF690
C:\Users\zero6575\AppData\Local\Temp\ccI40aaW.s:3695   .debug_str:00000000000007bd .LASF691
C:\Users\zero6575\AppData\Local\Temp\ccI40aaW.s:4489   .debug_str:0000000000002e35 .LASF692
C:\Users\zero6575\AppData\Local\Temp\ccI40aaW.s:4089   .debug_str:0000000000001a90 .LASF693
C:\Users\zero6575\AppData\Local\Temp\ccI40aaW.s:4513   .debug_str:0000000000002f43 .LASF694
C:\Users\zero6575\AppData\Local\Temp\ccI40aaW.s:4225   .debug_str:0000000000002077 .LASF695
C:\Users\zero6575\AppData\Local\Temp\ccI40aaW.s:4181   .debug_str:0000000000001e9a .LASF696
C:\Users\zero6575\AppData\Local\Temp\ccI40aaW.s:3887   .debug_str:00000000000010f3 .LASF697
C:\Users\zero6575\AppData\Local\Temp\ccI40aaW.s:4855   .debug_str:000000000000407f .LASF698
C:\Users\zero6575\AppData\Local\Temp\ccI40aaW.s:4965   .debug_str:0000000000004608 .LASF699
C:\Users\zero6575\AppData\Local\Temp\ccI40aaW.s:4547   .debug_str:0000000000003113 .LASF700
C:\Users\zero6575\AppData\Local\Temp\ccI40aaW.s:4359   .debug_str:00000000000027c1 .LASF701
C:\Users\zero6575\AppData\Local\Temp\ccI40aaW.s:4737   .debug_str:0000000000003afa .LASF702
C:\Users\zero6575\AppData\Local\Temp\ccI40aaW.s:4977   .debug_str:0000000000004680 .LASF703
C:\Users\zero6575\AppData\Local\Temp\ccI40aaW.s:3783   .debug_str:0000000000000bc5 .LASF704
C:\Users\zero6575\AppData\Local\Temp\ccI40aaW.s:3965   .debug_str:0000000000001497 .LASF705
C:\Users\zero6575\AppData\Local\Temp\ccI40aaW.s:3729   .debug_str:0000000000000996 .LASF706
C:\Users\zero6575\AppData\Local\Temp\ccI40aaW.s:4883   .debug_str:00000000000041da .LASF707
C:\Users\zero6575\AppData\Local\Temp\ccI40aaW.s:5003   .debug_str:00000000000047a9 .LASF708
C:\Users\zero6575\AppData\Local\Temp\ccI40aaW.s:4497   .debug_str:0000000000002e89 .LASF709
C:\Users\zero6575\AppData\Local\Temp\ccI40aaW.s:4421   .debug_str:0000000000002ab4 .LASF710
C:\Users\zero6575\AppData\Local\Temp\ccI40aaW.s:4367   .debug_str:0000000000002826 .LASF711
C:\Users\zero6575\AppData\Local\Temp\ccI40aaW.s:4539   .debug_str:00000000000030b4 .LASF712
C:\Users\zero6575\AppData\Local\Temp\ccI40aaW.s:4067   .debug_str:00000000000019c1 .LASF713
C:\Users\zero6575\AppData\Local\Temp\ccI40aaW.s:4887   .debug_str:000000000000421d .LASF714
C:\Users\zero6575\AppData\Local\Temp\ccI40aaW.s:4507   .debug_str:0000000000002f07 .LASF715
C:\Users\zero6575\AppData\Local\Temp\ccI40aaW.s:4057   .debug_str:00000000000018a2 .LASF719
C:\Users\zero6575\AppData\Local\Temp\ccI40aaW.s:3815   .debug_str:0000000000000d56 .LASF716
C:\Users\zero6575\AppData\Local\Temp\ccI40aaW.s:4151   .debug_str:0000000000001d40 .LASF717
C:\Users\zero6575\AppData\Local\Temp\ccI40aaW.s:3687   .debug_str:0000000000000768 .LASF718
C:\Users\zero6575\AppData\Local\Temp\ccI40aaW.s:4691   .debug_str:00000000000038fd .LASF720
C:\Users\zero6575\AppData\Local\Temp\ccI40aaW.s:3625   .debug_str:000000000000043c .LASF721
C:\Users\zero6575\AppData\Local\Temp\ccI40aaW.s:4303   .debug_str:000000000000248e .LASF722
C:\Users\zero6575\AppData\Local\Temp\ccI40aaW.s:4167   .debug_str:0000000000001df7 .LASF723
C:\Users\zero6575\AppData\Local\Temp\ccI40aaW.s:4563   .debug_str:0000000000003246 .LASF386
C:\Users\zero6575\AppData\Local\Temp\ccI40aaW.s:5005   .debug_str:00000000000047c5 .LASF724
C:\Users\zero6575\AppData\Local\Temp\ccI40aaW.s:4073   .debug_str:00000000000019ff .LASF725
C:\Users\zero6575\AppData\Local\Temp\ccI40aaW.s:4279   .debug_str:0000000000002362 .LASF726
C:\Users\zero6575\AppData\Local\Temp\ccI40aaW.s:4227   .debug_str:000000000000208b .LASF727
C:\Users\zero6575\AppData\Local\Temp\ccI40aaW.s:4897   .debug_str:00000000000042a9 .LASF728
C:\Users\zero6575\AppData\Local\Temp\ccI40aaW.s:4235   .debug_str:000000000000210a .LASF729
C:\Users\zero6575\AppData\Local\Temp\ccI40aaW.s:4789   .debug_str:0000000000003d30 .LASF730
C:\Users\zero6575\AppData\Local\Temp\ccI40aaW.s:3721   .debug_str:000000000000092f .LASF731
C:\Users\zero6575\AppData\Local\Temp\ccI40aaW.s:3571   .debug_str:0000000000000176 .LASF732
C:\Users\zero6575\AppData\Local\Temp\ccI40aaW.s:4055   .debug_str:000000000000188e .LASF733
C:\Users\zero6575\AppData\Local\Temp\ccI40aaW.s:4535   .debug_str:000000000000307c .LASF744
C:\Users\zero6575\AppData\Local\Temp\ccI40aaW.s:183    .text.whohas_decode_service_request:0000000000000000 .LFB1
C:\Users\zero6575\AppData\Local\Temp\ccI40aaW.s:459    .text.whohas_decode_service_request:00000000000002a6 .LFE1
C:\Users\zero6575\AppData\Local\Temp\ccI40aaW.s:4281   .debug_str:0000000000002367 .LASF734
C:\Users\zero6575\AppData\Local\Temp\ccI40aaW.s:4191   .debug_str:0000000000001f2c .LASF735
C:\Users\zero6575\AppData\Local\Temp\ccI40aaW.s:4729   .debug_str:0000000000003abb .LASF736
C:\Users\zero6575\AppData\Local\Temp\ccI40aaW.s:4135   .debug_str:0000000000001ca3 .LASF737
C:\Users\zero6575\AppData\Local\Temp\ccI40aaW.s:3921   .debug_str:000000000000129a .LASF738
C:\Users\zero6575\AppData\Local\Temp\ccI40aaW.s:4975   .debug_str:0000000000004672 .LASF739
C:\Users\zero6575\AppData\Local\Temp\ccI40aaW.s:4945   .debug_str:0000000000004536 .LASF740
C:\Users\zero6575\AppData\Local\Temp\ccI40aaW.s:3937   .debug_str:0000000000001353 .LASF745
C:\Users\zero6575\AppData\Local\Temp\ccI40aaW.s:14     .text.whohas_encode_apdu:0000000000000000 .LFB0
C:\Users\zero6575\AppData\Local\Temp\ccI40aaW.s:176    .text.whohas_encode_apdu:000000000000016a .LFE0
C:\Users\zero6575\AppData\Local\Temp\ccI40aaW.s:471    .debug_info:0000000000000000 .Ldebug_info0
C:\Users\zero6575\AppData\Local\Temp\ccI40aaW.s:1445   .debug_macro:0000000000000000 .Ldebug_macro2
C:\Users\zero6575\AppData\Local\Temp\ccI40aaW.s:4695   .debug_str:000000000000391d .LASF342
C:\Users\zero6575\AppData\Local\Temp\ccI40aaW.s:4635   .debug_str:00000000000035c5 .LASF343
C:\Users\zero6575\AppData\Local\Temp\ccI40aaW.s:4735   .debug_str:0000000000003ae9 .LASF344
C:\Users\zero6575\AppData\Local\Temp\ccI40aaW.s:2476   .debug_macro:0000000000000000 .Ldebug_macro3
C:\Users\zero6575\AppData\Local\Temp\ccI40aaW.s:2496   .debug_macro:0000000000000000 .Ldebug_macro4
C:\Users\zero6575\AppData\Local\Temp\ccI40aaW.s:2561   .debug_macro:0000000000000000 .Ldebug_macro5
C:\Users\zero6575\AppData\Local\Temp\ccI40aaW.s:2602   .debug_macro:0000000000000000 .Ldebug_macro6
C:\Users\zero6575\AppData\Local\Temp\ccI40aaW.s:2724   .debug_macro:0000000000000000 .Ldebug_macro7
C:\Users\zero6575\AppData\Local\Temp\ccI40aaW.s:2780   .debug_macro:0000000000000000 .Ldebug_macro8
C:\Users\zero6575\AppData\Local\Temp\ccI40aaW.s:4125   .debug_str:0000000000001c2e .LASF498
C:\Users\zero6575\AppData\Local\Temp\ccI40aaW.s:4947   .debug_str:0000000000004543 .LASF499
C:\Users\zero6575\AppData\Local\Temp\ccI40aaW.s:3955   .debug_str:000000000000141c .LASF500
C:\Users\zero6575\AppData\Local\Temp\ccI40aaW.s:2992   .debug_macro:0000000000000000 .Ldebug_macro9
C:\Users\zero6575\AppData\Local\Temp\ccI40aaW.s:3012   .debug_macro:0000000000000000 .Ldebug_macro10
C:\Users\zero6575\AppData\Local\Temp\ccI40aaW.s:4483   .debug_str:0000000000002de7 .LASF559
C:\Users\zero6575\AppData\Local\Temp\ccI40aaW.s:3176   .debug_macro:0000000000000000 .Ldebug_macro11
C:\Users\zero6575\AppData\Local\Temp\ccI40aaW.s:3304   .debug_macro:0000000000000000 .Ldebug_macro12
C:\Users\zero6575\AppData\Local\Temp\ccI40aaW.s:4901   .debug_str:00000000000042d9 .LASF625
C:\Users\zero6575\AppData\Local\Temp\ccI40aaW.s:4515   .debug_str:0000000000002f68 .LASF626
C:\Users\zero6575\AppData\Local\Temp\ccI40aaW.s:4383   .debug_str:000000000000294d .LASF627
C:\Users\zero6575\AppData\Local\Temp\ccI40aaW.s:3861   .debug_str:0000000000000f8d .LASF628
C:\Users\zero6575\AppData\Local\Temp\ccI40aaW.s:3381   .debug_macro:0000000000000000 .Ldebug_macro13
C:\Users\zero6575\AppData\Local\Temp\ccI40aaW.s:3515   .debug_macro:0000000000000000 .Ldebug_macro14
C:\Users\zero6575\AppData\Local\Temp\ccI40aaW.s:4487   .debug_str:0000000000002e2b .LASF677
C:\Users\zero6575\AppData\Local\Temp\ccI40aaW.s:3569   .debug_str:000000000000016b .LASF0
C:\Users\zero6575\AppData\Local\Temp\ccI40aaW.s:4861   .debug_str:00000000000040e2 .LASF1
C:\Users\zero6575\AppData\Local\Temp\ccI40aaW.s:4995   .debug_str:000000000000476d .LASF2
C:\Users\zero6575\AppData\Local\Temp\ccI40aaW.s:3733   .debug_str:00000000000009d3 .LASF3
C:\Users\zero6575\AppData\Local\Temp\ccI40aaW.s:4429   .debug_str:0000000000002b20 .LASF4
C:\Users\zero6575\AppData\Local\Temp\ccI40aaW.s:4999   .debug_str:0000000000004787 .LASF5
C:\Users\zero6575\AppData\Local\Temp\ccI40aaW.s:4991   .debug_str:0000000000004748 .LASF6
C:\Users\zero6575\AppData\Local\Temp\ccI40aaW.s:5023   .debug_str:00000000000048da .LASF7
C:\Users\zero6575\AppData\Local\Temp\ccI40aaW.s:4703   .debug_str:000000000000396f .LASF8
C:\Users\zero6575\AppData\Local\Temp\ccI40aaW.s:4173   .debug_str:0000000000001e31 .LASF9
C:\Users\zero6575\AppData\Local\Temp\ccI40aaW.s:3767   .debug_str:0000000000000b28 .LASF10
C:\Users\zero6575\AppData\Local\Temp\ccI40aaW.s:4141   .debug_str:0000000000001cdb .LASF11
C:\Users\zero6575\AppData\Local\Temp\ccI40aaW.s:4213   .debug_str:0000000000001fe0 .LASF12
C:\Users\zero6575\AppData\Local\Temp\ccI40aaW.s:4745   .debug_str:0000000000003b5c .LASF13
C:\Users\zero6575\AppData\Local\Temp\ccI40aaW.s:4817   .debug_str:0000000000003e91 .LASF14
C:\Users\zero6575\AppData\Local\Temp\ccI40aaW.s:4663   .debug_str:0000000000003796 .LASF15
C:\Users\zero6575\AppData\Local\Temp\ccI40aaW.s:4997   .debug_str:000000000000477f .LASF16
C:\Users\zero6575\AppData\Local\Temp\ccI40aaW.s:4027   .debug_str:0000000000001778 .LASF17
C:\Users\zero6575\AppData\Local\Temp\ccI40aaW.s:3669   .debug_str:00000000000006b5 .LASF18
C:\Users\zero6575\AppData\Local\Temp\ccI40aaW.s:3591   .debug_str:0000000000000293 .LASF19
C:\Users\zero6575\AppData\Local\Temp\ccI40aaW.s:3935   .debug_str:000000000000133c .LASF20
C:\Users\zero6575\AppData\Local\Temp\ccI40aaW.s:4797   .debug_str:0000000000003d9a .LASF21
C:\Users\zero6575\AppData\Local\Temp\ccI40aaW.s:4951   .debug_str:0000000000004560 .LASF22
C:\Users\zero6575\AppData\Local\Temp\ccI40aaW.s:4707   .debug_str:0000000000003999 .LASF23
C:\Users\zero6575\AppData\Local\Temp\ccI40aaW.s:4939   .debug_str:00000000000044eb .LASF24
C:\Users\zero6575\AppData\Local\Temp\ccI40aaW.s:3911   .debug_str:00000000000011ec .LASF25
C:\Users\zero6575\AppData\Local\Temp\ccI40aaW.s:4349   .debug_str:0000000000002754 .LASF26
C:\Users\zero6575\AppData\Local\Temp\ccI40aaW.s:3681   .debug_str:0000000000000725 .LASF27
C:\Users\zero6575\AppData\Local\Temp\ccI40aaW.s:3889   .debug_str:0000000000001108 .LASF28
C:\Users\zero6575\AppData\Local\Temp\ccI40aaW.s:4629   .debug_str:000000000000356b .LASF29
C:\Users\zero6575\AppData\Local\Temp\ccI40aaW.s:4137   .debug_str:0000000000001cae .LASF30
C:\Users\zero6575\AppData\Local\Temp\ccI40aaW.s:3983   .debug_str:000000000000155f .LASF31
C:\Users\zero6575\AppData\Local\Temp\ccI40aaW.s:3539   .debug_str:000000000000001b .LASF32
C:\Users\zero6575\AppData\Local\Temp\ccI40aaW.s:4501   .debug_str:0000000000002eba .LASF33
C:\Users\zero6575\AppData\Local\Temp\ccI40aaW.s:4983   .debug_str:00000000000046e8 .LASF34
C:\Users\zero6575\AppData\Local\Temp\ccI40aaW.s:5009   .debug_str:00000000000047e9 .LASF35
C:\Users\zero6575\AppData\Local\Temp\ccI40aaW.s:3567   .debug_str:0000000000000158 .LASF36
C:\Users\zero6575\AppData\Local\Temp\ccI40aaW.s:3949   .debug_str:00000000000013d1 .LASF37
C:\Users\zero6575\AppData\Local\Temp\ccI40aaW.s:3881   .debug_str:00000000000010be .LASF38
C:\Users\zero6575\AppData\Local\Temp\ccI40aaW.s:4005   .debug_str:0000000000001674 .LASF39
C:\Users\zero6575\AppData\Local\Temp\ccI40aaW.s:4969   .debug_str:0000000000004628 .LASF40
C:\Users\zero6575\AppData\Local\Temp\ccI40aaW.s:4509   .debug_str:0000000000002f13 .LASF41
C:\Users\zero6575\AppData\Local\Temp\ccI40aaW.s:3677   .debug_str:00000000000006f7 .LASF42
C:\Users\zero6575\AppData\Local\Temp\ccI40aaW.s:4753   .debug_str:0000000000003b8c .LASF43
C:\Users\zero6575\AppData\Local\Temp\ccI40aaW.s:4047   .debug_str:000000000000182a .LASF44
C:\Users\zero6575\AppData\Local\Temp\ccI40aaW.s:4361   .debug_str:00000000000027da .LASF45
C:\Users\zero6575\AppData\Local\Temp\ccI40aaW.s:4783   .debug_str:0000000000003cf2 .LASF46
C:\Users\zero6575\AppData\Local\Temp\ccI40aaW.s:3723   .debug_str:0000000000000936 .LASF47
C:\Users\zero6575\AppData\Local\Temp\ccI40aaW.s:3743   .debug_str:0000000000000a34 .LASF48
C:\Users\zero6575\AppData\Local\Temp\ccI40aaW.s:4309   .debug_str:00000000000024d7 .LASF49
C:\Users\zero6575\AppData\Local\Temp\ccI40aaW.s:4017   .debug_str:00000000000016f6 .LASF50
C:\Users\zero6575\AppData\Local\Temp\ccI40aaW.s:4239   .debug_str:000000000000212c .LASF51
C:\Users\zero6575\AppData\Local\Temp\ccI40aaW.s:4819   .debug_str:0000000000003ea4 .LASF52
C:\Users\zero6575\AppData\Local\Temp\ccI40aaW.s:4831   .debug_str:0000000000003f56 .LASF53
C:\Users\zero6575\AppData\Local\Temp\ccI40aaW.s:3659   .debug_str:00000000000005ff .LASF54
C:\Users\zero6575\AppData\Local\Temp\ccI40aaW.s:4961   .debug_str:00000000000045c9 .LASF55
C:\Users\zero6575\AppData\Local\Temp\ccI40aaW.s:4567   .debug_str:0000000000003271 .LASF56
C:\Users\zero6575\AppData\Local\Temp\ccI40aaW.s:4061   .debug_str:00000000000018c4 .LASF57
C:\Users\zero6575\AppData\Local\Temp\ccI40aaW.s:3929   .debug_str:00000000000012de .LASF58
C:\Users\zero6575\AppData\Local\Temp\ccI40aaW.s:4417   .debug_str:0000000000002a81 .LASF59
C:\Users\zero6575\AppData\Local\Temp\ccI40aaW.s:4219   .debug_str:000000000000202c .LASF60
C:\Users\zero6575\AppData\Local\Temp\ccI40aaW.s:4765   .debug_str:0000000000003c2f .LASF61
C:\Users\zero6575\AppData\Local\Temp\ccI40aaW.s:4611   .debug_str:0000000000003492 .LASF62
C:\Users\zero6575\AppData\Local\Temp\ccI40aaW.s:3773   .debug_str:0000000000000b5f .LASF63
C:\Users\zero6575\AppData\Local\Temp\ccI40aaW.s:3667   .debug_str:0000000000000693 .LASF64
C:\Users\zero6575\AppData\Local\Temp\ccI40aaW.s:4637   .debug_str:00000000000035e0 .LASF65
C:\Users\zero6575\AppData\Local\Temp\ccI40aaW.s:4255   .debug_str:0000000000002213 .LASF66
C:\Users\zero6575\AppData\Local\Temp\ccI40aaW.s:3651   .debug_str:0000000000000563 .LASF67
C:\Users\zero6575\AppData\Local\Temp\ccI40aaW.s:3711   .debug_str:000000000000086d .LASF68
C:\Users\zero6575\AppData\Local\Temp\ccI40aaW.s:4113   .debug_str:0000000000001b9f .LASF69
C:\Users\zero6575\AppData\Local\Temp\ccI40aaW.s:4357   .debug_str:000000000000278f .LASF70
C:\Users\zero6575\AppData\Local\Temp\ccI40aaW.s:4237   .debug_str:0000000000002115 .LASF71
C:\Users\zero6575\AppData\Local\Temp\ccI40aaW.s:4099   .debug_str:0000000000001b05 .LASF72
C:\Users\zero6575\AppData\Local\Temp\ccI40aaW.s:3649   .debug_str:000000000000054f .LASF73
C:\Users\zero6575\AppData\Local\Temp\ccI40aaW.s:4079   .debug_str:0000000000001a2a .LASF74
C:\Users\zero6575\AppData\Local\Temp\ccI40aaW.s:4313   .debug_str:0000000000002507 .LASF75
C:\Users\zero6575\AppData\Local\Temp\ccI40aaW.s:4525   .debug_str:0000000000002fff .LASF76
C:\Users\zero6575\AppData\Local\Temp\ccI40aaW.s:4517   .debug_str:0000000000002f72 .LASF77
C:\Users\zero6575\AppData\Local\Temp\ccI40aaW.s:3613   .debug_str:0000000000000368 .LASF78
C:\Users\zero6575\AppData\Local\Temp\ccI40aaW.s:3855   .debug_str:0000000000000f29 .LASF79
C:\Users\zero6575\AppData\Local\Temp\ccI40aaW.s:4257   .debug_str:000000000000223a .LASF80
C:\Users\zero6575\AppData\Local\Temp\ccI40aaW.s:3561   .debug_str:0000000000000118 .LASF81
C:\Users\zero6575\AppData\Local\Temp\ccI40aaW.s:3717   .debug_str:00000000000008f4 .LASF82
C:\Users\zero6575\AppData\Local\Temp\ccI40aaW.s:4133   .debug_str:0000000000001c91 .LASF83
C:\Users\zero6575\AppData\Local\Temp\ccI40aaW.s:3601   .debug_str:00000000000002e5 .LASF84
C:\Users\zero6575\AppData\Local\Temp\ccI40aaW.s:4015   .debug_str:00000000000016e5 .LASF85
C:\Users\zero6575\AppData\Local\Temp\ccI40aaW.s:4799   .debug_str:0000000000003dad .LASF86
C:\Users\zero6575\AppData\Local\Temp\ccI40aaW.s:4561   .debug_str:000000000000322f .LASF87
C:\Users\zero6575\AppData\Local\Temp\ccI40aaW.s:4465   .debug_str:0000000000002d16 .LASF88
C:\Users\zero6575\AppData\Local\Temp\ccI40aaW.s:4379   .debug_str:00000000000028df .LASF89
C:\Users\zero6575\AppData\Local\Temp\ccI40aaW.s:3919   .debug_str:0000000000001285 .LASF90
C:\Users\zero6575\AppData\Local\Temp\ccI40aaW.s:3971   .debug_str:00000000000014e5 .LASF91
C:\Users\zero6575\AppData\Local\Temp\ccI40aaW.s:4475   .debug_str:0000000000002d91 .LASF92
C:\Users\zero6575\AppData\Local\Temp\ccI40aaW.s:3781   .debug_str:0000000000000bb0 .LASF93
C:\Users\zero6575\AppData\Local\Temp\ccI40aaW.s:4177   .debug_str:0000000000001e65 .LASF94
C:\Users\zero6575\AppData\Local\Temp\ccI40aaW.s:5001   .debug_str:0000000000004792 .LASF95
C:\Users\zero6575\AppData\Local\Temp\ccI40aaW.s:4161   .debug_str:0000000000001da2 .LASF96
C:\Users\zero6575\AppData\Local\Temp\ccI40aaW.s:3909   .debug_str:00000000000011ce .LASF97
C:\Users\zero6575\AppData\Local\Temp\ccI40aaW.s:4641   .debug_str:0000000000003616 .LASF98
C:\Users\zero6575\AppData\Local\Temp\ccI40aaW.s:4603   .debug_str:000000000000343a .LASF99
C:\Users\zero6575\AppData\Local\Temp\ccI40aaW.s:4259   .debug_str:000000000000224a .LASF100
C:\Users\zero6575\AppData\Local\Temp\ccI40aaW.s:3809   .debug_str:0000000000000d11 .LASF101
C:\Users\zero6575\AppData\Local\Temp\ccI40aaW.s:3661   .debug_str:000000000000061d .LASF102
C:\Users\zero6575\AppData\Local\Temp\ccI40aaW.s:4215   .debug_str:0000000000001ff3 .LASF103
C:\Users\zero6575\AppData\Local\Temp\ccI40aaW.s:4801   .debug_str:0000000000003dbf .LASF104
C:\Users\zero6575\AppData\Local\Temp\ccI40aaW.s:4903   .debug_str:00000000000042e6 .LASF105
C:\Users\zero6575\AppData\Local\Temp\ccI40aaW.s:4445   .debug_str:0000000000002bde .LASF106
C:\Users\zero6575\AppData\Local\Temp\ccI40aaW.s:3753   .debug_str:0000000000000a8d .LASF107
C:\Users\zero6575\AppData\Local\Temp\ccI40aaW.s:3979   .debug_str:0000000000001530 .LASF108
C:\Users\zero6575\AppData\Local\Temp\ccI40aaW.s:3755   .debug_str:0000000000000ab1 .LASF109
C:\Users\zero6575\AppData\Local\Temp\ccI40aaW.s:4217   .debug_str:0000000000002015 .LASF110
C:\Users\zero6575\AppData\Local\Temp\ccI40aaW.s:3735   .debug_str:00000000000009e5 .LASF111
C:\Users\zero6575\AppData\Local\Temp\ccI40aaW.s:4787   .debug_str:0000000000003d21 .LASF112
C:\Users\zero6575\AppData\Local\Temp\ccI40aaW.s:3635   .debug_str:0000000000000494 .LASF113
C:\Users\zero6575\AppData\Local\Temp\ccI40aaW.s:4435   .debug_str:0000000000002b74 .LASF114
C:\Users\zero6575\AppData\Local\Temp\ccI40aaW.s:3987   .debug_str:0000000000001596 .LASF115
C:\Users\zero6575\AppData\Local\Temp\ccI40aaW.s:4223   .debug_str:000000000000205e .LASF116
C:\Users\zero6575\AppData\Local\Temp\ccI40aaW.s:4163   .debug_str:0000000000001db6 .LASF117
C:\Users\zero6575\AppData\Local\Temp\ccI40aaW.s:5017   .debug_str:0000000000004866 .LASF118
C:\Users\zero6575\AppData\Local\Temp\ccI40aaW.s:4165   .debug_str:0000000000001dde .LASF119
C:\Users\zero6575\AppData\Local\Temp\ccI40aaW.s:5011   .debug_str:0000000000004803 .LASF120
C:\Users\zero6575\AppData\Local\Temp\ccI40aaW.s:3875   .debug_str:0000000000001058 .LASF121
C:\Users\zero6575\AppData\Local\Temp\ccI40aaW.s:3899   .debug_str:0000000000001166 .LASF122
C:\Users\zero6575\AppData\Local\Temp\ccI40aaW.s:3691   .debug_str:0000000000000791 .LASF123
C:\Users\zero6575\AppData\Local\Temp\ccI40aaW.s:3799   .debug_str:0000000000000c91 .LASF124
C:\Users\zero6575\AppData\Local\Temp\ccI40aaW.s:4397   .debug_str:00000000000029e0 .LASF125
C:\Users\zero6575\AppData\Local\Temp\ccI40aaW.s:3871   .debug_str:0000000000001014 .LASF126
C:\Users\zero6575\AppData\Local\Temp\ccI40aaW.s:4953   .debug_str:0000000000004573 .LASF127
C:\Users\zero6575\AppData\Local\Temp\ccI40aaW.s:3807   .debug_str:0000000000000cf4 .LASF128
C:\Users\zero6575\AppData\Local\Temp\ccI40aaW.s:3811   .debug_str:0000000000000d26 .LASF129
C:\Users\zero6575\AppData\Local\Temp\ccI40aaW.s:3545   .debug_str:000000000000006b .LASF130
C:\Users\zero6575\AppData\Local\Temp\ccI40aaW.s:3605   .debug_str:0000000000000312 .LASF131
C:\Users\zero6575\AppData\Local\Temp\ccI40aaW.s:4687   .debug_str:00000000000038cc .LASF132
C:\Users\zero6575\AppData\Local\Temp\ccI40aaW.s:4145   .debug_str:0000000000001d02 .LASF133
C:\Users\zero6575\AppData\Local\Temp\ccI40aaW.s:3837   .debug_str:0000000000000e57 .LASF134
C:\Users\zero6575\AppData\Local\Temp\ccI40aaW.s:4091   .debug_str:0000000000001ab3 .LASF135
C:\Users\zero6575\AppData\Local\Temp\ccI40aaW.s:4289   .debug_str:00000000000023a7 .LASF136
C:\Users\zero6575\AppData\Local\Temp\ccI40aaW.s:4271   .debug_str:00000000000022c5 .LASF137
C:\Users\zero6575\AppData\Local\Temp\ccI40aaW.s:4709   .debug_str:00000000000039ad .LASF138
C:\Users\zero6575\AppData\Local\Temp\ccI40aaW.s:3641   .debug_str:00000000000004dc .LASF139
C:\Users\zero6575\AppData\Local\Temp\ccI40aaW.s:3849   .debug_str:0000000000000eee .LASF140
C:\Users\zero6575\AppData\Local\Temp\ccI40aaW.s:4627   .debug_str:0000000000003557 .LASF141
C:\Users\zero6575\AppData\Local\Temp\ccI40aaW.s:4549   .debug_str:0000000000003122 .LASF142
C:\Users\zero6575\AppData\Local\Temp\ccI40aaW.s:4189   .debug_str:0000000000001f1c .LASF143
C:\Users\zero6575\AppData\Local\Temp\ccI40aaW.s:3789   .debug_str:0000000000000c21 .LASF144
C:\Users\zero6575\AppData\Local\Temp\ccI40aaW.s:4253   .debug_str:00000000000021fd .LASF145
C:\Users\zero6575\AppData\Local\Temp\ccI40aaW.s:3995   .debug_str:00000000000015c8 .LASF146
C:\Users\zero6575\AppData\Local\Temp\ccI40aaW.s:4929   .debug_str:0000000000004478 .LASF147
C:\Users\zero6575\AppData\Local\Temp\ccI40aaW.s:3985   .debug_str:0000000000001586 .LASF148
C:\Users\zero6575\AppData\Local\Temp\ccI40aaW.s:3959   .debug_str:000000000000144e .LASF149
C:\Users\zero6575\AppData\Local\Temp\ccI40aaW.s:3893   .debug_str:000000000000113a .LASF150
C:\Users\zero6575\AppData\Local\Temp\ccI40aaW.s:3981   .debug_str:0000000000001548 .LASF151
C:\Users\zero6575\AppData\Local\Temp\ccI40aaW.s:3833   .debug_str:0000000000000e33 .LASF152
C:\Users\zero6575\AppData\Local\Temp\ccI40aaW.s:3765   .debug_str:0000000000000b14 .LASF153
C:\Users\zero6575\AppData\Local\Temp\ccI40aaW.s:3553   .debug_str:00000000000000b9 .LASF154
C:\Users\zero6575\AppData\Local\Temp\ccI40aaW.s:4649   .debug_str:00000000000036ac .LASF155
C:\Users\zero6575\AppData\Local\Temp\ccI40aaW.s:4559   .debug_str:00000000000031f8 .LASF156
C:\Users\zero6575\AppData\Local\Temp\ccI40aaW.s:4979   .debug_str:00000000000046a5 .LASF157
C:\Users\zero6575\AppData\Local\Temp\ccI40aaW.s:3857   .debug_str:0000000000000f42 .LASF158
C:\Users\zero6575\AppData\Local\Temp\ccI40aaW.s:4921   .debug_str:00000000000043cb .LASF159
C:\Users\zero6575\AppData\Local\Temp\ccI40aaW.s:4195   .debug_str:0000000000001f3a .LASF160
C:\Users\zero6575\AppData\Local\Temp\ccI40aaW.s:3607   .debug_str:000000000000032a .LASF161
C:\Users\zero6575\AppData\Local\Temp\ccI40aaW.s:4123   .debug_str:0000000000001c16 .LASF162
C:\Users\zero6575\AppData\Local\Temp\ccI40aaW.s:3839   .debug_str:0000000000000e7e .LASF163
C:\Users\zero6575\AppData\Local\Temp\ccI40aaW.s:3775   .debug_str:0000000000000b80 .LASF164
C:\Users\zero6575\AppData\Local\Temp\ccI40aaW.s:4849   .debug_str:0000000000004020 .LASF165
C:\Users\zero6575\AppData\Local\Temp\ccI40aaW.s:3819   .debug_str:0000000000000d6e .LASF166
C:\Users\zero6575\AppData\Local\Temp\ccI40aaW.s:3897   .debug_str:0000000000001151 .LASF167
C:\Users\zero6575\AppData\Local\Temp\ccI40aaW.s:3577   .debug_str:00000000000001ad .LASF168
C:\Users\zero6575\AppData\Local\Temp\ccI40aaW.s:3933   .debug_str:0000000000001325 .LASF169
C:\Users\zero6575\AppData\Local\Temp\ccI40aaW.s:4909   .debug_str:000000000000431b .LASF170
C:\Users\zero6575\AppData\Local\Temp\ccI40aaW.s:3585   .debug_str:0000000000000212 .LASF171
C:\Users\zero6575\AppData\Local\Temp\ccI40aaW.s:3713   .debug_str:0000000000000890 .LASF172
C:\Users\zero6575\AppData\Local\Temp\ccI40aaW.s:4187   .debug_str:0000000000001ed3 .LASF173
C:\Users\zero6575\AppData\Local\Temp\ccI40aaW.s:4441   .debug_str:0000000000002bb6 .LASF174
C:\Users\zero6575\AppData\Local\Temp\ccI40aaW.s:3639   .debug_str:00000000000004c5 .LASF175
C:\Users\zero6575\AppData\Local\Temp\ccI40aaW.s:4913   .debug_str:0000000000004381 .LASF176
C:\Users\zero6575\AppData\Local\Temp\ccI40aaW.s:4959   .debug_str:00000000000045b3 .LASF177
C:\Users\zero6575\AppData\Local\Temp\ccI40aaW.s:3631   .debug_str:000000000000046a .LASF178
C:\Users\zero6575\AppData\Local\Temp\ccI40aaW.s:4095   .debug_str:0000000000001add .LASF179
C:\Users\zero6575\AppData\Local\Temp\ccI40aaW.s:4963   .debug_str:00000000000045ec .LASF180
C:\Users\zero6575\AppData\Local\Temp\ccI40aaW.s:4985   .debug_str:0000000000004708 .LASF181
C:\Users\zero6575\AppData\Local\Temp\ccI40aaW.s:4315   .debug_str:0000000000002528 .LASF182
C:\Users\zero6575\AppData\Local\Temp\ccI40aaW.s:3817   .debug_str:0000000000000d5b .LASF183
C:\Users\zero6575\AppData\Local\Temp\ccI40aaW.s:3757   .debug_str:0000000000000abf .LASF184
C:\Users\zero6575\AppData\Local\Temp\ccI40aaW.s:4485   .debug_str:0000000000002df1 .LASF185
C:\Users\zero6575\AppData\Local\Temp\ccI40aaW.s:4249   .debug_str:00000000000021ae .LASF186
C:\Users\zero6575\AppData\Local\Temp\ccI40aaW.s:4923   .debug_str:0000000000004409 .LASF187
C:\Users\zero6575\AppData\Local\Temp\ccI40aaW.s:4719   .debug_str:0000000000003a3d .LASF188
C:\Users\zero6575\AppData\Local\Temp\ccI40aaW.s:4385   .debug_str:0000000000002957 .LASF189
C:\Users\zero6575\AppData\Local\Temp\ccI40aaW.s:4931   .debug_str:000000000000448e .LASF190
C:\Users\zero6575\AppData\Local\Temp\ccI40aaW.s:4569   .debug_str:000000000000329a .LASF191
C:\Users\zero6575\AppData\Local\Temp\ccI40aaW.s:3771   .debug_str:0000000000000b49 .LASF192
C:\Users\zero6575\AppData\Local\Temp\ccI40aaW.s:3749   .debug_str:0000000000000a76 .LASF193
C:\Users\zero6575\AppData\Local\Temp\ccI40aaW.s:3813   .debug_str:0000000000000d3d .LASF194
C:\Users\zero6575\AppData\Local\Temp\ccI40aaW.s:3727   .debug_str:000000000000097b .LASF195
C:\Users\zero6575\AppData\Local\Temp\ccI40aaW.s:3573   .debug_str:000000000000017c .LASF196
C:\Users\zero6575\AppData\Local\Temp\ccI40aaW.s:4365   .debug_str:000000000000280e .LASF197
C:\Users\zero6575\AppData\Local\Temp\ccI40aaW.s:3941   .debug_str:0000000000001381 .LASF198
C:\Users\zero6575\AppData\Local\Temp\ccI40aaW.s:3877   .debug_str:0000000000001067 .LASF199
C:\Users\zero6575\AppData\Local\Temp\ccI40aaW.s:4711   .debug_str:00000000000039cd .LASF200
C:\Users\zero6575\AppData\Local\Temp\ccI40aaW.s:4815   .debug_str:0000000000003e53 .LASF201
C:\Users\zero6575\AppData\Local\Temp\ccI40aaW.s:3655   .debug_str:0000000000000599 .LASF202
C:\Users\zero6575\AppData\Local\Temp\ccI40aaW.s:4481   .debug_str:0000000000002dd0 .LASF203
C:\Users\zero6575\AppData\Local\Temp\ccI40aaW.s:3555   .debug_str:00000000000000cf .LASF204
C:\Users\zero6575\AppData\Local\Temp\ccI40aaW.s:4885   .debug_str:0000000000004203 .LASF205
C:\Users\zero6575\AppData\Local\Temp\ccI40aaW.s:3551   .debug_str:00000000000000a3 .LASF206
C:\Users\zero6575\AppData\Local\Temp\ccI40aaW.s:4681   .debug_str:0000000000003877 .LASF207
C:\Users\zero6575\AppData\Local\Temp\ccI40aaW.s:4763   .debug_str:0000000000003c15 .LASF208
C:\Users\zero6575\AppData\Local\Temp\ccI40aaW.s:3559   .debug_str:00000000000000fc .LASF209
C:\Users\zero6575\AppData\Local\Temp\ccI40aaW.s:4399   .debug_str:00000000000029f5 .LASF210
C:\Users\zero6575\AppData\Local\Temp\ccI40aaW.s:4447   .debug_str:0000000000002bf9 .LASF211
C:\Users\zero6575\AppData\Local\Temp\ccI40aaW.s:4811   .debug_str:0000000000003e31 .LASF212
C:\Users\zero6575\AppData\Local\Temp\ccI40aaW.s:4277   .debug_str:0000000000002326 .LASF213
C:\Users\zero6575\AppData\Local\Temp\ccI40aaW.s:4469   .debug_str:0000000000002d38 .LASF214
C:\Users\zero6575\AppData\Local\Temp\ccI40aaW.s:4369   .debug_str:0000000000002846 .LASF215
C:\Users\zero6575\AppData\Local\Temp\ccI40aaW.s:4573   .debug_str:00000000000032d5 .LASF216
C:\Users\zero6575\AppData\Local\Temp\ccI40aaW.s:4941   .debug_str:0000000000004505 .LASF217
C:\Users\zero6575\AppData\Local\Temp\ccI40aaW.s:4131   .debug_str:0000000000001c78 .LASF218
C:\Users\zero6575\AppData\Local\Temp\ccI40aaW.s:3963   .debug_str:000000000000147d .LASF219
C:\Users\zero6575\AppData\Local\Temp\ccI40aaW.s:4805   .debug_str:0000000000003de8 .LASF220
C:\Users\zero6575\AppData\Local\Temp\ccI40aaW.s:4049   .debug_str:0000000000001843 .LASF221
C:\Users\zero6575\AppData\Local\Temp\ccI40aaW.s:3731   .debug_str:00000000000009b7 .LASF222
C:\Users\zero6575\AppData\Local\Temp\ccI40aaW.s:3609   .debug_str:0000000000000341 .LASF223
C:\Users\zero6575\AppData\Local\Temp\ccI40aaW.s:4657   .debug_str:0000000000003726 .LASF224
C:\Users\zero6575\AppData\Local\Temp\ccI40aaW.s:3951   .debug_str:00000000000013ec .LASF225
C:\Users\zero6575\AppData\Local\Temp\ccI40aaW.s:4943   .debug_str:000000000000451c .LASF226
C:\Users\zero6575\AppData\Local\Temp\ccI40aaW.s:3999   .debug_str:00000000000015fe .LASF227
C:\Users\zero6575\AppData\Local\Temp\ccI40aaW.s:3663   .debug_str:0000000000000636 .LASF228
C:\Users\zero6575\AppData\Local\Temp\ccI40aaW.s:4333   .debug_str:0000000000002684 .LASF229
C:\Users\zero6575\AppData\Local\Temp\ccI40aaW.s:4661   .debug_str:0000000000003750 .LASF230
C:\Users\zero6575\AppData\Local\Temp\ccI40aaW.s:4229   .debug_str:000000000000209f .LASF231
C:\Users\zero6575\AppData\Local\Temp\ccI40aaW.s:4795   .debug_str:0000000000003d80 .LASF232
C:\Users\zero6575\AppData\Local\Temp\ccI40aaW.s:4877   .debug_str:0000000000004183 .LASF233
C:\Users\zero6575\AppData\Local\Temp\ccI40aaW.s:4009   .debug_str:00000000000016a3 .LASF234
C:\Users\zero6575\AppData\Local\Temp\ccI40aaW.s:3991   .debug_str:00000000000015ac .LASF235
C:\Users\zero6575\AppData\Local\Temp\ccI40aaW.s:4773   .debug_str:0000000000003c96 .LASF236
C:\Users\zero6575\AppData\Local\Temp\ccI40aaW.s:4927   .debug_str:000000000000445b .LASF237
C:\Users\zero6575\AppData\Local\Temp\ccI40aaW.s:3903   .debug_str:0000000000001190 .LASF238
C:\Users\zero6575\AppData\Local\Temp\ccI40aaW.s:3671   .debug_str:00000000000006c6 .LASF239
C:\Users\zero6575\AppData\Local\Temp\ccI40aaW.s:4039   .debug_str:00000000000017dd .LASF240
C:\Users\zero6575\AppData\Local\Temp\ccI40aaW.s:4645   .debug_str:000000000000365f .LASF241
C:\Users\zero6575\AppData\Local\Temp\ccI40aaW.s:5015   .debug_str:0000000000004828 .LASF242
C:\Users\zero6575\AppData\Local\Temp\ccI40aaW.s:4459   .debug_str:0000000000002ca4 .LASF243
C:\Users\zero6575\AppData\Local\Temp\ccI40aaW.s:3829   .debug_str:0000000000000dc8 .LASF244
C:\Users\zero6575\AppData\Local\Temp\ccI40aaW.s:4455   .debug_str:0000000000002c75 .LASF245
C:\Users\zero6575\AppData\Local\Temp\ccI40aaW.s:3627   .debug_str:0000000000000443 .LASF246
C:\Users\zero6575\AppData\Local\Temp\ccI40aaW.s:4843   .debug_str:0000000000003fd0 .LASF247
C:\Users\zero6575\AppData\Local\Temp\ccI40aaW.s:4585   .debug_str:000000000000337e .LASF248
C:\Users\zero6575\AppData\Local\Temp\ccI40aaW.s:4353   .debug_str:0000000000002770 .LASF249
C:\Users\zero6575\AppData\Local\Temp\ccI40aaW.s:4851   .debug_str:0000000000004038 .LASF250
C:\Users\zero6575\AppData\Local\Temp\ccI40aaW.s:3863   .debug_str:0000000000000f98 .LASF251
C:\Users\zero6575\AppData\Local\Temp\ccI40aaW.s:4529   .debug_str:0000000000003043 .LASF252
C:\Users\zero6575\AppData\Local\Temp\ccI40aaW.s:3939   .debug_str:0000000000001366 .LASF253
C:\Users\zero6575\AppData\Local\Temp\ccI40aaW.s:4701   .debug_str:0000000000003955 .LASF254
C:\Users\zero6575\AppData\Local\Temp\ccI40aaW.s:3917   .debug_str:0000000000001246 .LASF255
C:\Users\zero6575\AppData\Local\Temp\ccI40aaW.s:4233   .debug_str:00000000000020cb .LASF256
C:\Users\zero6575\AppData\Local\Temp\ccI40aaW.s:4655   .debug_str:00000000000036e5 .LASF257
C:\Users\zero6575\AppData\Local\Temp\ccI40aaW.s:5019   .debug_str:000000000000487a .LASF258
C:\Users\zero6575\AppData\Local\Temp\ccI40aaW.s:4633   .debug_str:00000000000035ad .LASF259
C:\Users\zero6575\AppData\Local\Temp\ccI40aaW.s:4347   .debug_str:000000000000273a .LASF260
C:\Users\zero6575\AppData\Local\Temp\ccI40aaW.s:3537   .debug_str:0000000000000000 .LASF261
C:\Users\zero6575\AppData\Local\Temp\ccI40aaW.s:4917   .debug_str:00000000000043a6 .LASF262
C:\Users\zero6575\AppData\Local\Temp\ccI40aaW.s:4305   .debug_str:0000000000002497 .LASF263
C:\Users\zero6575\AppData\Local\Temp\ccI40aaW.s:4327   .debug_str:00000000000025ab .LASF264
C:\Users\zero6575\AppData\Local\Temp\ccI40aaW.s:4809   .debug_str:0000000000003e1b .LASF265
C:\Users\zero6575\AppData\Local\Temp\ccI40aaW.s:4869   .debug_str:0000000000004135 .LASF266
C:\Users\zero6575\AppData\Local\Temp\ccI40aaW.s:3847   .debug_str:0000000000000ed5 .LASF267
C:\Users\zero6575\AppData\Local\Temp\ccI40aaW.s:4003   .debug_str:000000000000164d .LASF268
C:\Users\zero6575\AppData\Local\Temp\ccI40aaW.s:4121   .debug_str:0000000000001c00 .LASF269
C:\Users\zero6575\AppData\Local\Temp\ccI40aaW.s:3617   .debug_str:0000000000000397 .LASF270
C:\Users\zero6575\AppData\Local\Temp\ccI40aaW.s:4375   .debug_str:00000000000028a4 .LASF271
C:\Users\zero6575\AppData\Local\Temp\ccI40aaW.s:4785   .debug_str:0000000000003d0a .LASF272
C:\Users\zero6575\AppData\Local\Temp\ccI40aaW.s:4685   .debug_str:00000000000038a6 .LASF273
C:\Users\zero6575\AppData\Local\Temp\ccI40aaW.s:4321   .debug_str:000000000000256f .LASF274
C:\Users\zero6575\AppData\Local\Temp\ccI40aaW.s:4431   .debug_str:0000000000002b32 .LASF275
C:\Users\zero6575\AppData\Local\Temp\ccI40aaW.s:3645   .debug_str:000000000000050f .LASF276
C:\Users\zero6575\AppData\Local\Temp\ccI40aaW.s:3575   .debug_str:0000000000000192 .LASF277
C:\Users\zero6575\AppData\Local\Temp\ccI40aaW.s:4077   .debug_str:0000000000001a12 .LASF278
C:\Users\zero6575\AppData\Local\Temp\ccI40aaW.s:4119   .debug_str:0000000000001be7 .LASF279
C:\Users\zero6575\AppData\Local\Temp\ccI40aaW.s:3913   .debug_str:0000000000001200 .LASF280
C:\Users\zero6575\AppData\Local\Temp\ccI40aaW.s:3961   .debug_str:0000000000001462 .LASF281
C:\Users\zero6575\AppData\Local\Temp\ccI40aaW.s:4893   .debug_str:000000000000424f .LASF282
C:\Users\zero6575\AppData\Local\Temp\ccI40aaW.s:4403   .debug_str:0000000000002a18 .LASF283
C:\Users\zero6575\AppData\Local\Temp\ccI40aaW.s:3795   .debug_str:0000000000000c68 .LASF284
C:\Users\zero6575\AppData\Local\Temp\ccI40aaW.s:4457   .debug_str:0000000000002c8d .LASF285
C:\Users\zero6575\AppData\Local\Temp\ccI40aaW.s:4919   .debug_str:00000000000043bb .LASF286
C:\Users\zero6575\AppData\Local\Temp\ccI40aaW.s:4755   .debug_str:0000000000003ba6 .LASF287
C:\Users\zero6575\AppData\Local\Temp\ccI40aaW.s:4377   .debug_str:00000000000028ba .LASF288
C:\Users\zero6575\AppData\Local\Temp\ccI40aaW.s:4683   .debug_str:0000000000003888 .LASF289
C:\Users\zero6575\AppData\Local\Temp\ccI40aaW.s:3665   .debug_str:0000000000000675 .LASF290
C:\Users\zero6575\AppData\Local\Temp\ccI40aaW.s:4453   .debug_str:0000000000002c53 .LASF291
C:\Users\zero6575\AppData\Local\Temp\ccI40aaW.s:4043   .debug_str:00000000000017ff .LASF292
C:\Users\zero6575\AppData\Local\Temp\ccI40aaW.s:4829   .debug_str:0000000000003f35 .LASF293
C:\Users\zero6575\AppData\Local\Temp\ccI40aaW.s:4493   .debug_str:0000000000002e48 .LASF294
C:\Users\zero6575\AppData\Local\Temp\ccI40aaW.s:4395   .debug_str:00000000000029c3 .LASF295
C:\Users\zero6575\AppData\Local\Temp\ccI40aaW.s:4069   .debug_str:00000000000019c8 .LASF296
C:\Users\zero6575\AppData\Local\Temp\ccI40aaW.s:4553   .debug_str:0000000000003160 .LASF297
C:\Users\zero6575\AppData\Local\Temp\ccI40aaW.s:3867   .debug_str:0000000000000fc5 .LASF298
C:\Users\zero6575\AppData\Local\Temp\ccI40aaW.s:4363   .debug_str:00000000000027ed .LASF299
C:\Users\zero6575\AppData\Local\Temp\ccI40aaW.s:4101   .debug_str:0000000000001b18 .LASF300
C:\Users\zero6575\AppData\Local\Temp\ccI40aaW.s:3693   .debug_str:00000000000007a1 .LASF301
C:\Users\zero6575\AppData\Local\Temp\ccI40aaW.s:4335   .debug_str:00000000000026c5 .LASF302
C:\Users\zero6575\AppData\Local\Temp\ccI40aaW.s:4251   .debug_str:00000000000021e8 .LASF303
C:\Users\zero6575\AppData\Local\Temp\ccI40aaW.s:4231   .debug_str:00000000000020b7 .LASF304
C:\Users\zero6575\AppData\Local\Temp\ccI40aaW.s:4833   .debug_str:0000000000003f6f .LASF305
C:\Users\zero6575\AppData\Local\Temp\ccI40aaW.s:4609   .debug_str:0000000000003488 .LASF306
C:\Users\zero6575\AppData\Local\Temp\ccI40aaW.s:4699   .debug_str:0000000000003940 .LASF307
C:\Users\zero6575\AppData\Local\Temp\ccI40aaW.s:4037   .debug_str:00000000000017cc .LASF308
C:\Users\zero6575\AppData\Local\Temp\ccI40aaW.s:4743   .debug_str:0000000000003b4e .LASF309
C:\Users\zero6575\AppData\Local\Temp\ccI40aaW.s:3769   .debug_str:0000000000000b3b .LASF310
C:\Users\zero6575\AppData\Local\Temp\ccI40aaW.s:4659   .debug_str:000000000000373f .LASF311
C:\Users\zero6575\AppData\Local\Temp\ccI40aaW.s:4967   .debug_str:0000000000004618 .LASF312
C:\Users\zero6575\AppData\Local\Temp\ccI40aaW.s:4373   .debug_str:000000000000288b .LASF313
C:\Users\zero6575\AppData\Local\Temp\ccI40aaW.s:3637   .debug_str:00000000000004ad .LASF314
C:\Users\zero6575\AppData\Local\Temp\ccI40aaW.s:3587   .debug_str:0000000000000254 .LASF315
C:\Users\zero6575\AppData\Local\Temp\ccI40aaW.s:3761   .debug_str:0000000000000b06 .LASF316
C:\Users\zero6575\AppData\Local\Temp\ccI40aaW.s:4117   .debug_str:0000000000001bd2 .LASF317
C:\Users\zero6575\AppData\Local\Temp\ccI40aaW.s:4803   .debug_str:0000000000003dd2 .LASF318
C:\Users\zero6575\AppData\Local\Temp\ccI40aaW.s:3579   .debug_str:00000000000001c4 .LASF319
C:\Users\zero6575\AppData\Local\Temp\ccI40aaW.s:3787   .debug_str:0000000000000c08 .LASF320
C:\Users\zero6575\AppData\Local\Temp\ccI40aaW.s:4667   .debug_str:00000000000037ba .LASF321
C:\Users\zero6575\AppData\Local\Temp\ccI40aaW.s:3643   .debug_str:0000000000000505 .LASF322
C:\Users\zero6575\AppData\Local\Temp\ccI40aaW.s:4511   .debug_str:0000000000002f30 .LASF323
C:\Users\zero6575\AppData\Local\Temp\ccI40aaW.s:4769   .debug_str:0000000000003c68 .LASF324
C:\Users\zero6575\AppData\Local\Temp\ccI40aaW.s:4857   .debug_str:000000000000408e .LASF325
C:\Users\zero6575\AppData\Local\Temp\ccI40aaW.s:4105   .debug_str:0000000000001b3e .LASF326
C:\Users\zero6575\AppData\Local\Temp\ccI40aaW.s:4925   .debug_str:0000000000004445 .LASF327
C:\Users\zero6575\AppData\Local\Temp\ccI40aaW.s:3953   .debug_str:0000000000001407 .LASF328
C:\Users\zero6575\AppData\Local\Temp\ccI40aaW.s:4705   .debug_str:0000000000003983 .LASF329
C:\Users\zero6575\AppData\Local\Temp\ccI40aaW.s:4639   .debug_str:0000000000003602 .LASF330
C:\Users\zero6575\AppData\Local\Temp\ccI40aaW.s:4153   .debug_str:0000000000001d49 .LASF331
C:\Users\zero6575\AppData\Local\Temp\ccI40aaW.s:3689   .debug_str:0000000000000779 .LASF332
C:\Users\zero6575\AppData\Local\Temp\ccI40aaW.s:3675   .debug_str:00000000000006ea .LASF333
C:\Users\zero6575\AppData\Local\Temp\ccI40aaW.s:3593   .debug_str:00000000000002a5 .LASF334
C:\Users\zero6575\AppData\Local\Temp\ccI40aaW.s:3821   .debug_str:0000000000000d88 .LASF335
C:\Users\zero6575\AppData\Local\Temp\ccI40aaW.s:4577   .debug_str:0000000000003321 .LASF336
C:\Users\zero6575\AppData\Local\Temp\ccI40aaW.s:4341   .debug_str:00000000000026f9 .LASF337
C:\Users\zero6575\AppData\Local\Temp\ccI40aaW.s:4807   .debug_str:0000000000003e00 .LASF338
C:\Users\zero6575\AppData\Local\Temp\ccI40aaW.s:3907   .debug_str:00000000000011b8 .LASF339
C:\Users\zero6575\AppData\Local\Temp\ccI40aaW.s:4201   .debug_str:0000000000001f78 .LASF340
C:\Users\zero6575\AppData\Local\Temp\ccI40aaW.s:4605   .debug_str:0000000000003452 .LASF341
C:\Users\zero6575\AppData\Local\Temp\ccI40aaW.s:4169   .debug_str:0000000000001dfd .LASF345
C:\Users\zero6575\AppData\Local\Temp\ccI40aaW.s:4273   .debug_str:00000000000022e5 .LASF346
C:\Users\zero6575\AppData\Local\Temp\ccI40aaW.s:4185   .debug_str:0000000000001ec6 .LASF347
C:\Users\zero6575\AppData\Local\Temp\ccI40aaW.s:3943   .debug_str:0000000000001399 .LASF348
C:\Users\zero6575\AppData\Local\Temp\ccI40aaW.s:4011   .debug_str:00000000000016ba .LASF349
C:\Users\zero6575\AppData\Local\Temp\ccI40aaW.s:4519   .debug_str:0000000000002f8b .LASF350
C:\Users\zero6575\AppData\Local\Temp\ccI40aaW.s:4761   .debug_str:0000000000003be8 .LASF351
C:\Users\zero6575\AppData\Local\Temp\ccI40aaW.s:3925   .debug_str:00000000000012b6 .LASF352
C:\Users\zero6575\AppData\Local\Temp\ccI40aaW.s:3945   .debug_str:00000000000013ac .LASF353
C:\Users\zero6575\AppData\Local\Temp\ccI40aaW.s:3851   .debug_str:0000000000000f11 .LASF354
C:\Users\zero6575\AppData\Local\Temp\ccI40aaW.s:4867   .debug_str:0000000000004125 .LASF355
C:\Users\zero6575\AppData\Local\Temp\ccI40aaW.s:4543   .debug_str:00000000000030f6 .LASF356
C:\Users\zero6575\AppData\Local\Temp\ccI40aaW.s:4579   .debug_str:000000000000333b .LASF357
C:\Users\zero6575\AppData\Local\Temp\ccI40aaW.s:4845   .debug_str:0000000000003feb .LASF358
C:\Users\zero6575\AppData\Local\Temp\ccI40aaW.s:4759   .debug_str:0000000000003bd7 .LASF359
C:\Users\zero6575\AppData\Local\Temp\ccI40aaW.s:4443   .debug_str:0000000000002bcb .LASF360
C:\Users\zero6575\AppData\Local\Temp\ccI40aaW.s:4613   .debug_str:00000000000034af .LASF361
C:\Users\zero6575\AppData\Local\Temp\ccI40aaW.s:4715   .debug_str:0000000000003a17 .LASF362
C:\Users\zero6575\AppData\Local\Temp\ccI40aaW.s:3747   .debug_str:0000000000000a61 .LASF363
C:\Users\zero6575\AppData\Local\Temp\ccI40aaW.s:4717   .debug_str:0000000000003a27 .LASF364
C:\Users\zero6575\AppData\Local\Temp\ccI40aaW.s:3543   .debug_str:000000000000005a .LASF365
C:\Users\zero6575\AppData\Local\Temp\ccI40aaW.s:4183   .debug_str:0000000000001eaf .LASF366
C:\Users\zero6575\AppData\Local\Temp\ccI40aaW.s:4081   .debug_str:0000000000001a41 .LASF367
C:\Users\zero6575\AppData\Local\Temp\ccI40aaW.s:4471   .debug_str:0000000000002d74 .LASF368
C:\Users\zero6575\AppData\Local\Temp\ccI40aaW.s:4423   .debug_str:0000000000002ae1 .LASF369
C:\Users\zero6575\AppData\Local\Temp\ccI40aaW.s:3779   .debug_str:0000000000000b9b .LASF370
C:\Users\zero6575\AppData\Local\Temp\ccI40aaW.s:4933   .debug_str:00000000000044a6 .LASF371
C:\Users\zero6575\AppData\Local\Temp\ccI40aaW.s:4823   .debug_str:0000000000003edf .LASF372
C:\Users\zero6575\AppData\Local\Temp\ccI40aaW.s:4601   .debug_str:0000000000003426 .LASF373
C:\Users\zero6575\AppData\Local\Temp\ccI40aaW.s:3967   .debug_str:00000000000014bc .LASF374
C:\Users\zero6575\AppData\Local\Temp\ccI40aaW.s:4837   .debug_str:0000000000003f9f .LASF375
C:\Users\zero6575\AppData\Local\Temp\ccI40aaW.s:4033   .debug_str:00000000000017a3 .LASF376
C:\Users\zero6575\AppData\Local\Temp\ccI40aaW.s:3633   .debug_str:000000000000047a .LASF377
C:\Users\zero6575\AppData\Local\Temp\ccI40aaW.s:4267   .debug_str:000000000000229b .LASF378
C:\Users\zero6575\AppData\Local\Temp\ccI40aaW.s:3603   .debug_str:00000000000002f7 .LASF379
C:\Users\zero6575\AppData\Local\Temp\ccI40aaW.s:4319   .debug_str:0000000000002554 .LASF380
C:\Users\zero6575\AppData\Local\Temp\ccI40aaW.s:4371   .debug_str:0000000000002885 .LASF381
C:\Users\zero6575\AppData\Local\Temp\ccI40aaW.s:4179   .debug_str:0000000000001e8a .LASF382
C:\Users\zero6575\AppData\Local\Temp\ccI40aaW.s:4677   .debug_str:000000000000384b .LASF383
C:\Users\zero6575\AppData\Local\Temp\ccI40aaW.s:3751   .debug_str:0000000000000a86 .LASF384
C:\Users\zero6575\AppData\Local\Temp\ccI40aaW.s:4427   .debug_str:0000000000002b17 .LASF385
C:\Users\zero6575\AppData\Local\Temp\ccI40aaW.s:3683   .debug_str:000000000000073e .LASF387
C:\Users\zero6575\AppData\Local\Temp\ccI40aaW.s:4041   .debug_str:00000000000017f7 .LASF388
C:\Users\zero6575\AppData\Local\Temp\ccI40aaW.s:3673   .debug_str:00000000000006e0 .LASF389
C:\Users\zero6575\AppData\Local\Temp\ccI40aaW.s:4891   .debug_str:000000000000424a .LASF390
C:\Users\zero6575\AppData\Local\Temp\ccI40aaW.s:4127   .debug_str:0000000000001c42 .LASF391
C:\Users\zero6575\AppData\Local\Temp\ccI40aaW.s:3615   .debug_str:000000000000038b .LASF392
C:\Users\zero6575\AppData\Local\Temp\ccI40aaW.s:4839   .debug_str:0000000000003fb4 .LASF393
C:\Users\zero6575\AppData\Local\Temp\ccI40aaW.s:4323   .debug_str:0000000000002589 .LASF394
C:\Users\zero6575\AppData\Local\Temp\ccI40aaW.s:3825   .debug_str:0000000000000dad .LASF395
C:\Users\zero6575\AppData\Local\Temp\ccI40aaW.s:4355   .debug_str:0000000000002782 .LASF396
C:\Users\zero6575\AppData\Local\Temp\ccI40aaW.s:3989   .debug_str:00000000000015a5 .LASF397
C:\Users\zero6575\AppData\Local\Temp\ccI40aaW.s:4693   .debug_str:0000000000003915 .LASF398
C:\Users\zero6575\AppData\Local\Temp\ccI40aaW.s:3859   .debug_str:0000000000000f7c .LASF399
C:\Users\zero6575\AppData\Local\Temp\ccI40aaW.s:4087   .debug_str:0000000000001a84 .LASF400
C:\Users\zero6575\AppData\Local\Temp\ccI40aaW.s:4675   .debug_str:000000000000383f .LASF401
C:\Users\zero6575\AppData\Local\Temp\ccI40aaW.s:4045   .debug_str:0000000000001821 .LASF402
C:\Users\zero6575\AppData\Local\Temp\ccI40aaW.s:5013   .debug_str:000000000000481c .LASF403
C:\Users\zero6575\AppData\Local\Temp\ccI40aaW.s:3895   .debug_str:0000000000001148 .LASF404
C:\Users\zero6575\AppData\Local\Temp\ccI40aaW.s:4029   .debug_str:0000000000001783 .LASF405
C:\Users\zero6575\AppData\Local\Temp\ccI40aaW.s:4749   .debug_str:0000000000003b79 .LASF406
C:\Users\zero6575\AppData\Local\Temp\ccI40aaW.s:3697   .debug_str:00000000000007c5 .LASF407
C:\Users\zero6575\AppData\Local\Temp\ccI40aaW.s:4479   .debug_str:0000000000002dc2 .LASF408
C:\Users\zero6575\AppData\Local\Temp\ccI40aaW.s:3549   .debug_str:0000000000000095 .LASF409
C:\Users\zero6575\AppData\Local\Temp\ccI40aaW.s:4405   .debug_str:0000000000002a2d .LASF410
C:\Users\zero6575\AppData\Local\Temp\ccI40aaW.s:3901   .debug_str:0000000000001182 .LASF411
C:\Users\zero6575\AppData\Local\Temp\ccI40aaW.s:4679   .debug_str:0000000000003867 .LASF412
C:\Users\zero6575\AppData\Local\Temp\ccI40aaW.s:4283   .debug_str:000000000000236c .LASF413
C:\Users\zero6575\AppData\Local\Temp\ccI40aaW.s:3841   .debug_str:0000000000000e92 .LASF414
C:\Users\zero6575\AppData\Local\Temp\ccI40aaW.s:4317   .debug_str:0000000000002541 .LASF415
C:\Users\zero6575\AppData\Local\Temp\ccI40aaW.s:4689   .debug_str:00000000000038ea .LASF416
C:\Users\zero6575\AppData\Local\Temp\ccI40aaW.s:3969   .debug_str:00000000000014d1 .LASF417
C:\Users\zero6575\AppData\Local\Temp\ccI40aaW.s:4143   .debug_str:0000000000001cee .LASF418
C:\Users\zero6575\AppData\Local\Temp\ccI40aaW.s:4013   .debug_str:00000000000016d2 .LASF419
C:\Users\zero6575\AppData\Local\Temp\ccI40aaW.s:4841   .debug_str:0000000000003fbc .LASF420
C:\Users\zero6575\AppData\Local\Temp\ccI40aaW.s:4993   .debug_str:0000000000004759 .LASF421
C:\Users\zero6575\AppData\Local\Temp\ccI40aaW.s:4739   .debug_str:0000000000003b15 .LASF422
C:\Users\zero6575\AppData\Local\Temp\ccI40aaW.s:4035   .debug_str:00000000000017b8 .LASF423
C:\Users\zero6575\AppData\Local\Temp\ccI40aaW.s:4197   .debug_str:0000000000001f4f .LASF424
C:\Users\zero6575\AppData\Local\Temp\ccI40aaW.s:3557   .debug_str:00000000000000e8 .LASF425
C:\Users\zero6575\AppData\Local\Temp\ccI40aaW.s:4025   .debug_str:0000000000001763 .LASF426
C:\Users\zero6575\AppData\Local\Temp\ccI40aaW.s:4623   .debug_str:0000000000003532 .LASF427
C:\Users\zero6575\AppData\Local\Temp\ccI40aaW.s:4199   .debug_str:0000000000001f63 .LASF428
C:\Users\zero6575\AppData\Local\Temp\ccI40aaW.s:4325   .debug_str:0000000000002592 .LASF429
C:\Users\zero6575\AppData\Local\Temp\ccI40aaW.s:4615   .debug_str:00000000000034bf .LASF430
C:\Users\zero6575\AppData\Local\Temp\ccI40aaW.s:5021   .debug_str:00000000000048c0 .LASF431
C:\Users\zero6575\AppData\Local\Temp\ccI40aaW.s:4671   .debug_str:00000000000037fa .LASF432
C:\Users\zero6575\AppData\Local\Temp\ccI40aaW.s:4023   .debug_str:000000000000174b .LASF433
C:\Users\zero6575\AppData\Local\Temp\ccI40aaW.s:4051   .debug_str:0000000000001855 .LASF434
C:\Users\zero6575\AppData\Local\Temp\ccI40aaW.s:4071   .debug_str:00000000000019e6 .LASF435
C:\Users\zero6575\AppData\Local\Temp\ccI40aaW.s:4771   .debug_str:0000000000003c7d .LASF436
C:\Users\zero6575\AppData\Local\Temp\ccI40aaW.s:4767   .debug_str:0000000000003c47 .LASF437
C:\Users\zero6575\AppData\Local\Temp\ccI40aaW.s:4583   .debug_str:0000000000003362 .LASF438
C:\Users\zero6575\AppData\Local\Temp\ccI40aaW.s:4171   .debug_str:0000000000001e13 .LASF439
C:\Users\zero6575\AppData\Local\Temp\ccI40aaW.s:4527   .debug_str:0000000000003026 .LASF440
C:\Users\zero6575\AppData\Local\Temp\ccI40aaW.s:4597   .debug_str:0000000000003402 .LASF441
C:\Users\zero6575\AppData\Local\Temp\ccI40aaW.s:4437   .debug_str:0000000000002b93 .LASF442
C:\Users\zero6575\AppData\Local\Temp\ccI40aaW.s:4621   .debug_str:0000000000003509 .LASF443
C:\Users\zero6575\AppData\Local\Temp\ccI40aaW.s:4241   .debug_str:000000000000214c .LASF444
C:\Users\zero6575\AppData\Local\Temp\ccI40aaW.s:3957   .debug_str:0000000000001428 .LASF445
C:\Users\zero6575\AppData\Local\Temp\ccI40aaW.s:3845   .debug_str:0000000000000eb6 .LASF446
C:\Users\zero6575\AppData\Local\Temp\ccI40aaW.s:4221   .debug_str:0000000000002044 .LASF447
C:\Users\zero6575\AppData\Local\Temp\ccI40aaW.s:3785   .debug_str:0000000000000bec .LASF448
C:\Users\zero6575\AppData\Local\Temp\ccI40aaW.s:3869   .debug_str:0000000000000fe9 .LASF449
C:\Users\zero6575\AppData\Local\Temp\ccI40aaW.s:4899   .debug_str:00000000000042b3 .LASF450
C:\Users\zero6575\AppData\Local\Temp\ccI40aaW.s:4593   .debug_str:00000000000033c9 .LASF451
C:\Users\zero6575\AppData\Local\Temp\ccI40aaW.s:4111   .debug_str:0000000000001b80 .LASF452
C:\Users\zero6575\AppData\Local\Temp\ccI40aaW.s:5027   .debug_str:00000000000048fe .LASF453
C:\Users\zero6575\AppData\Local\Temp\ccI40aaW.s:4643   .debug_str:0000000000003643 .LASF454
C:\Users\zero6575\AppData\Local\Temp\ccI40aaW.s:4673   .debug_str:0000000000003814 .LASF455
C:\Users\zero6575\AppData\Local\Temp\ccI40aaW.s:4291   .debug_str:00000000000023c6 .LASF456
C:\Users\zero6575\AppData\Local\Temp\ccI40aaW.s:3725   .debug_str:0000000000000953 .LASF457
C:\Users\zero6575\AppData\Local\Temp\ccI40aaW.s:3715   .debug_str:00000000000008d5 .LASF458
C:\Users\zero6575\AppData\Local\Temp\ccI40aaW.s:3791   .debug_str:0000000000000c39 .LASF459
C:\Users\zero6575\AppData\Local\Temp\ccI40aaW.s:4247   .debug_str:0000000000002192 .LASF460
C:\Users\zero6575\AppData\Local\Temp\ccI40aaW.s:4853   .debug_str:0000000000004054 .LASF461
C:\Users\zero6575\AppData\Local\Temp\ccI40aaW.s:3831   .debug_str:0000000000000e0d .LASF462
C:\Users\zero6575\AppData\Local\Temp\ccI40aaW.s:4631   .debug_str:0000000000003585 .LASF463
C:\Users\zero6575\AppData\Local\Temp\ccI40aaW.s:4827   .debug_str:0000000000003f0e .LASF464
C:\Users\zero6575\AppData\Local\Temp\ccI40aaW.s:4019   .debug_str:0000000000001718 .LASF465
C:\Users\zero6575\AppData\Local\Temp\ccI40aaW.s:4461   .debug_str:0000000000002ce5 .LASF466
C:\Users\zero6575\AppData\Local\Temp\ccI40aaW.s:4275   .debug_str:00000000000022fd .LASF467
C:\Users\zero6575\AppData\Local\Temp\ccI40aaW.s:3657   .debug_str:00000000000005db .LASF468
C:\Users\zero6575\AppData\Local\Temp\ccI40aaW.s:4297   .debug_str:0000000000002424 .LASF469
C:\Users\zero6575\AppData\Local\Temp\ccI40aaW.s:3647   .debug_str:0000000000000526 .LASF470
C:\Users\zero6575\AppData\Local\Temp\ccI40aaW.s:4937   .debug_str:00000000000044c7 .LASF471
C:\Users\zero6575\AppData\Local\Temp\ccI40aaW.s:4565   .debug_str:000000000000324b .LASF472
C:\Users\zero6575\AppData\Local\Temp\ccI40aaW.s:3619   .debug_str:00000000000003b0 .LASF473
C:\Users\zero6575\AppData\Local\Temp\ccI40aaW.s:4085   .debug_str:0000000000001a60 .LASF474
C:\Users\zero6575\AppData\Local\Temp\ccI40aaW.s:4741   .debug_str:0000000000003b28 .LASF475
C:\Users\zero6575\AppData\Local\Temp\ccI40aaW.s:4821   .debug_str:0000000000003ec3 .LASF476
C:\Users\zero6575\AppData\Local\Temp\ccI40aaW.s:3653   .debug_str:000000000000057c .LASF477
C:\Users\zero6575\AppData\Local\Temp\ccI40aaW.s:4957   .debug_str:0000000000004595 .LASF478
C:\Users\zero6575\AppData\Local\Temp\ccI40aaW.s:4697   .debug_str:0000000000003928 .LASF479
C:\Users\zero6575\AppData\Local\Temp\ccI40aaW.s:4791   .debug_str:0000000000003d3f .LASF480
C:\Users\zero6575\AppData\Local\Temp\ccI40aaW.s:4859   .debug_str:00000000000040bb .LASF481
C:\Users\zero6575\AppData\Local\Temp\ccI40aaW.s:4669   .debug_str:00000000000037dc .LASF482
C:\Users\zero6575\AppData\Local\Temp\ccI40aaW.s:3931   .debug_str:0000000000001306 .LASF483
C:\Users\zero6575\AppData\Local\Temp\ccI40aaW.s:4973   .debug_str:0000000000004658 .LASF484
C:\Users\zero6575\AppData\Local\Temp\ccI40aaW.s:4159   .debug_str:0000000000001d88 .LASF485
C:\Users\zero6575\AppData\Local\Temp\ccI40aaW.s:4243   .debug_str:0000000000002170 .LASF486
C:\Users\zero6575\AppData\Local\Temp\ccI40aaW.s:4389   .debug_str:000000000000297d .LASF487
C:\Users\zero6575\AppData\Local\Temp\ccI40aaW.s:4499   .debug_str:0000000000002ea4 .LASF488
C:\Users\zero6575\AppData\Local\Temp\ccI40aaW.s:4149   .debug_str:0000000000001d28 .LASF489
C:\Users\zero6575\AppData\Local\Temp\ccI40aaW.s:3927   .debug_str:00000000000012c6 .LASF490
C:\Users\zero6575\AppData\Local\Temp\ccI40aaW.s:4293   .debug_str:00000000000023ec .LASF491
C:\Users\zero6575\AppData\Local\Temp\ccI40aaW.s:3581   .debug_str:00000000000001da .LASF492
C:\Users\zero6575\AppData\Local\Temp\ccI40aaW.s:4263   .debug_str:0000000000002267 .LASF493
C:\Users\zero6575\AppData\Local\Temp\ccI40aaW.s:3595   .debug_str:00000000000002b4 .LASF494
C:\Users\zero6575\AppData\Local\Temp\ccI40aaW.s:4537   .debug_str:000000000000309a .LASF495
C:\Users\zero6575\AppData\Local\Temp\ccI40aaW.s:4449   .debug_str:0000000000002c12 .LASF496
C:\Users\zero6575\AppData\Local\Temp\ccI40aaW.s:4419   .debug_str:0000000000002a98 .LASF497
C:\Users\zero6575\AppData\Local\Temp\ccI40aaW.s:3599   .debug_str:00000000000002d9 .LASF501
C:\Users\zero6575\AppData\Local\Temp\ccI40aaW.s:4871   .debug_str:0000000000004151 .LASF502
C:\Users\zero6575\AppData\Local\Temp\ccI40aaW.s:4591   .debug_str:00000000000033c2 .LASF503
C:\Users\zero6575\AppData\Local\Temp\ccI40aaW.s:3763   .debug_str:0000000000000b0c .LASF504
C:\Users\zero6575\AppData\Local\Temp\ccI40aaW.s:4053   .debug_str:000000000000186e .LASF505
C:\Users\zero6575\AppData\Local\Temp\ccI40aaW.s:4115   .debug_str:0000000000001bc7 .LASF506
C:\Users\zero6575\AppData\Local\Temp\ccI40aaW.s:4757   .debug_str:0000000000003bcb .LASF507
C:\Users\zero6575\AppData\Local\Temp\ccI40aaW.s:4387   .debug_str:000000000000296d .LASF508
C:\Users\zero6575\AppData\Local\Temp\ccI40aaW.s:3915   .debug_str:000000000000123a .LASF509
C:\Users\zero6575\AppData\Local\Temp\ccI40aaW.s:3629   .debug_str:000000000000045d .LASF510
C:\Users\zero6575\AppData\Local\Temp\ccI40aaW.s:4653   .debug_str:00000000000036d9 .LASF511
C:\Users\zero6575\AppData\Local\Temp\ccI40aaW.s:4473   .debug_str:0000000000002d84 .LASF512
C:\Users\zero6575\AppData\Local\Temp\ccI40aaW.s:4463   .debug_str:0000000000002d09 .LASF513
C:\Users\zero6575\AppData\Local\Temp\ccI40aaW.s:4775   .debug_str:0000000000003cb1 .LASF514
C:\Users\zero6575\AppData\Local\Temp\ccI40aaW.s:4873   .debug_str:000000000000415c .LASF515
C:\Users\zero6575\AppData\Local\Temp\ccI40aaW.s:3827   .debug_str:0000000000000db8 .LASF516
C:\Users\zero6575\AppData\Local\Temp\ccI40aaW.s:3891   .debug_str:0000000000001125 .LASF517
C:\Users\zero6575\AppData\Local\Temp\ccI40aaW.s:4433   .debug_str:0000000000002b63 .LASF518
C:\Users\zero6575\AppData\Local\Temp\ccI40aaW.s:4343   .debug_str:0000000000002714 .LASF519
C:\Users\zero6575\AppData\Local\Temp\ccI40aaW.s:4955   .debug_str:0000000000004589 .LASF520
C:\Users\zero6575\AppData\Local\Temp\ccI40aaW.s:4575   .debug_str:0000000000003318 .LASF521
C:\Users\zero6575\AppData\Local\Temp\ccI40aaW.s:4269   .debug_str:00000000000022b6 .LASF522
C:\Users\zero6575\AppData\Local\Temp\ccI40aaW.s:3745   .debug_str:0000000000000a57 .LASF523
C:\Users\zero6575\AppData\Local\Temp\ccI40aaW.s:4813   .debug_str:0000000000003e4a .LASF524
C:\Users\zero6575\AppData\Local\Temp\ccI40aaW.s:4491   .debug_str:0000000000002e3e .LASF525
C:\Users\zero6575\AppData\Local\Temp\ccI40aaW.s:4103   .debug_str:0000000000001b34 .LASF526
C:\Users\zero6575\AppData\Local\Temp\ccI40aaW.s:3883   .debug_str:00000000000010d7 .LASF527
C:\Users\zero6575\AppData\Local\Temp\ccI40aaW.s:4063   .debug_str:00000000000018e7 .LASF528
C:\Users\zero6575\AppData\Local\Temp\ccI40aaW.s:4595   .debug_str:00000000000033f1 .LASF529
C:\Users\zero6575\AppData\Local\Temp\ccI40aaW.s:3679   .debug_str:000000000000070f .LASF530
C:\Users\zero6575\AppData\Local\Temp\ccI40aaW.s:3797   .debug_str:0000000000000c7f .LASF531
C:\Users\zero6575\AppData\Local\Temp\ccI40aaW.s:4059   .debug_str:00000000000018b3 .LASF532
C:\Users\zero6575\AppData\Local\Temp\ccI40aaW.s:4935   .debug_str:00000000000044ba .LASF533
C:\Users\zero6575\AppData\Local\Temp\ccI40aaW.s:4751   .debug_str:0000000000003b83 .LASF534
C:\Users\zero6575\AppData\Local\Temp\ccI40aaW.s:3853   .debug_str:0000000000000f1f .LASF535
C:\Users\zero6575\AppData\Local\Temp\ccI40aaW.s:4109   .debug_str:0000000000001b72 .LASF536
C:\Users\zero6575\AppData\Local\Temp\ccI40aaW.s:4205   .debug_str:0000000000001f9a .LASF537
C:\Users\zero6575\AppData\Local\Temp\ccI40aaW.s:3597   .debug_str:00000000000002cc .LASF538
C:\Users\zero6575\AppData\Local\Temp\ccI40aaW.s:4245   .debug_str:0000000000002188 .LASF539
C:\Users\zero6575\AppData\Local\Temp\ccI40aaW.s:4533   .debug_str:0000000000003071 .LASF540
C:\Users\zero6575\AppData\Local\Temp\ccI40aaW.s:4747   .debug_str:0000000000003b6f .LASF541
C:\Users\zero6575\AppData\Local\Temp\ccI40aaW.s:4777   .debug_str:0000000000003cc2 .LASF542
C:\Users\zero6575\AppData\Local\Temp\ccI40aaW.s:4261   .debug_str:000000000000225c .LASF543
C:\Users\zero6575\AppData\Local\Temp\ccI40aaW.s:4713   .debug_str:0000000000003a08 .LASF544
C:\Users\zero6575\AppData\Local\Temp\ccI40aaW.s:3947   .debug_str:00000000000013be .LASF545
C:\Users\zero6575\AppData\Local\Temp\ccI40aaW.s:3541   .debug_str:0000000000000048 .LASF546
C:\Users\zero6575\AppData\Local\Temp\ccI40aaW.s:3977   .debug_str:0000000000001524 .LASF547
C:\Users\zero6575\AppData\Local\Temp\ccI40aaW.s:3705   .debug_str:000000000000082b .LASF548
C:\Users\zero6575\AppData\Local\Temp\ccI40aaW.s:3843   .debug_str:0000000000000ea5 .LASF549
C:\Users\zero6575\AppData\Local\Temp\ccI40aaW.s:4083   .debug_str:0000000000001a52 .LASF550
C:\Users\zero6575\AppData\Local\Temp\ccI40aaW.s:4209   .debug_str:0000000000001fba .LASF551
C:\Users\zero6575\AppData\Local\Temp\ccI40aaW.s:4097   .debug_str:0000000000001af7 .LASF552
C:\Users\zero6575\AppData\Local\Temp\ccI40aaW.s:4647   .debug_str:000000000000369d .LASF553
C:\Users\zero6575\AppData\Local\Temp\ccI40aaW.s:4193   .debug_str:0000000000001f35 .LASF554
C:\Users\zero6575\AppData\Local\Temp\ccI40aaW.s:4625   .debug_str:0000000000003546 .LASF555
C:\Users\zero6575\AppData\Local\Temp\ccI40aaW.s:4299   .debug_str:000000000000244a .LASF556
C:\Users\zero6575\AppData\Local\Temp\ccI40aaW.s:4301   .debug_str:0000000000002456 .LASF557
C:\Users\zero6575\AppData\Local\Temp\ccI40aaW.s:4949   .debug_str:000000000000454e .LASF558
C:\Users\zero6575\AppData\Local\Temp\ccI40aaW.s:3993   .debug_str:00000000000015be .LASF560
C:\Users\zero6575\AppData\Local\Temp\ccI40aaW.s:4411   .debug_str:0000000000002a4f .LASF561
C:\Users\zero6575\AppData\Local\Temp\ccI40aaW.s:4581   .debug_str:0000000000003353 .LASF562
C:\Users\zero6575\AppData\Local\Temp\ccI40aaW.s:3739   .debug_str:0000000000000a0d .LASF563
C:\Users\zero6575\AppData\Local\Temp\ccI40aaW.s:4915   .debug_str:0000000000004399 .LASF564
C:\Users\zero6575\AppData\Local\Temp\ccI40aaW.s:3741   .debug_str:0000000000000a1f .LASF565
C:\Users\zero6575\AppData\Local\Temp\ccI40aaW.s:3703   .debug_str:00000000000007fa .LASF566
C:\Users\zero6575\AppData\Local\Temp\ccI40aaW.s:4477   .debug_str:0000000000002db4 .LASF567
C:\Users\zero6575\AppData\Local\Temp\ccI40aaW.s:4551   .debug_str:0000000000003147 .LASF568
C:\Users\zero6575\AppData\Local\Temp\ccI40aaW.s:4865   .debug_str:000000000000410f .LASF569
C:\Users\zero6575\AppData\Local\Temp\ccI40aaW.s:4001   .debug_str:000000000000163d .LASF570
C:\Users\zero6575\AppData\Local\Temp\ccI40aaW.s:3777   .debug_str:0000000000000b8f .LASF571
C:\Users\zero6575\AppData\Local\Temp\ccI40aaW.s:4545   .debug_str:0000000000003106 .LASF572
C:\Users\zero6575\AppData\Local\Temp\ccI40aaW.s:4733   .debug_str:0000000000003ad9 .LASF573
C:\Users\zero6575\AppData\Local\Temp\ccI40aaW.s:4021   .debug_str:000000000000173a .LASF574
C:\Users\zero6575\AppData\Local\Temp\ccI40aaW.s:3865   .debug_str:0000000000000fb6 .LASF575
C:\Users\zero6575\AppData\Local\Temp\ccI40aaW.s:3737   .debug_str:0000000000000a00 .LASF576
C:\Users\zero6575\AppData\Local\Temp\ccI40aaW.s:4557   .debug_str:00000000000031e9 .LASF577
C:\Users\zero6575\AppData\Local\Temp\ccI40aaW.s:4531   .debug_str:000000000000305c .LASF578
C:\Users\zero6575\AppData\Local\Temp\ccI40aaW.s:4835   .debug_str:0000000000003f86 .LASF579
C:\Users\zero6575\AppData\Local\Temp\ccI40aaW.s:4727   .debug_str:0000000000003aa8 .LASF580
C:\Users\zero6575\AppData\Local\Temp\ccI40aaW.s:4139   .debug_str:0000000000001cc8 .LASF581
C:\Users\zero6575\AppData\Local\Temp\ccI40aaW.s:4351   .debug_str:0000000000002763 .LASF582
C:\Users\zero6575\AppData\Local\Temp\ccI40aaW.s:4665   .debug_str:00000000000037ad .LASF583
C:\Users\zero6575\AppData\Local\Temp\ccI40aaW.s:4619   .debug_str:00000000000034f7 .LASF584
C:\Users\zero6575\AppData\Local\Temp\ccI40aaW.s:4989   .debug_str:0000000000004729 .LASF585
C:\Users\zero6575\AppData\Local\Temp\ccI40aaW.s:4393   .debug_str:00000000000029aa .LASF586
C:\Users\zero6575\AppData\Local\Temp\ccI40aaW.s:4731   .debug_str:0000000000003ac0 .LASF587
C:\Users\zero6575\AppData\Local\Temp\ccI40aaW.s:4879   .debug_str:000000000000419e .LASF588
C:\Users\zero6575\AppData\Local\Temp\ccI40aaW.s:3685   .debug_str:0000000000000744 .LASF589
C:\Users\zero6575\AppData\Local\Temp\ccI40aaW.s:4287   .debug_str:0000000000002391 .LASF590
C:\Users\zero6575\AppData\Local\Temp\ccI40aaW.s:4779   .debug_str:0000000000003ccd .LASF591
C:\Users\zero6575\AppData\Local\Temp\ccI40aaW.s:3565   .debug_str:0000000000000146 .LASF592
C:\Users\zero6575\AppData\Local\Temp\ccI40aaW.s:4875   .debug_str:0000000000004170 .LASF593
C:\Users\zero6575\AppData\Local\Temp\ccI40aaW.s:4211   .debug_str:0000000000001fcd .LASF594
C:\Users\zero6575\AppData\Local\Temp\ccI40aaW.s:3923   .debug_str:00000000000012a4 .LASF595
C:\Users\zero6575\AppData\Local\Temp\ccI40aaW.s:4093   .debug_str:0000000000001acb .LASF596
C:\Users\zero6575\AppData\Local\Temp\ccI40aaW.s:4881   .debug_str:00000000000041c6 .LASF597
C:\Users\zero6575\AppData\Local\Temp\ccI40aaW.s:3719   .debug_str:0000000000000916 .LASF598
C:\Users\zero6575\AppData\Local\Temp\ccI40aaW.s:4503   .debug_str:0000000000002ecf .LASF599
C:\Users\zero6575\AppData\Local\Temp\ccI40aaW.s:4863   .debug_str:00000000000040fb .LASF600
C:\Users\zero6575\AppData\Local\Temp\ccI40aaW.s:4345   .debug_str:0000000000002720 .LASF601
C:\Users\zero6575\AppData\Local\Temp\ccI40aaW.s:3879   .debug_str:00000000000010a2 .LASF602
C:\Users\zero6575\AppData\Local\Temp\ccI40aaW.s:3803   .debug_str:0000000000000ccb .LASF603
C:\Users\zero6575\AppData\Local\Temp\ccI40aaW.s:4175   .debug_str:0000000000001e44 .LASF604
C:\Users\zero6575\AppData\Local\Temp\ccI40aaW.s:4607   .debug_str:0000000000003469 .LASF605
C:\Users\zero6575\AppData\Local\Temp\ccI40aaW.s:3975   .debug_str:000000000000150c .LASF606
C:\Users\zero6575\AppData\Local\Temp\ccI40aaW.s:4265   .debug_str:0000000000002281 .LASF607
C:\Users\zero6575\AppData\Local\Temp\ccI40aaW.s:3707   .debug_str:000000000000083d .LASF608
C:\Users\zero6575\AppData\Local\Temp\ccI40aaW.s:4589   .debug_str:00000000000033a5 .LASF609
C:\Users\zero6575\AppData\Local\Temp\ccI40aaW.s:4415   .debug_str:0000000000002a66 .LASF610
C:\Users\zero6575\AppData\Local\Temp\ccI40aaW.s:4391   .debug_str:0000000000002995 .LASF611
C:\Users\zero6575\AppData\Local\Temp\ccI40aaW.s:4031   .debug_str:000000000000178d .LASF612
C:\Users\zero6575\AppData\Local\Temp\ccI40aaW.s:4651   .debug_str:00000000000036c2 .LASF613
C:\Users\zero6575\AppData\Local\Temp\ccI40aaW.s:4495   .debug_str:0000000000002e67 .LASF614
C:\Users\zero6575\AppData\Local\Temp\ccI40aaW.s:4147   .debug_str:0000000000001d1a .LASF615
C:\Users\zero6575\AppData\Local\Temp\ccI40aaW.s:3589   .debug_str:000000000000025e .LASF616
C:\Users\zero6575\AppData\Local\Temp\ccI40aaW.s:4617   .debug_str:00000000000034d9 .LASF617
C:\Users\zero6575\AppData\Local\Temp\ccI40aaW.s:4329   .debug_str:00000000000025c0 .LASF618
C:\Users\zero6575\AppData\Local\Temp\ccI40aaW.s:3623   .debug_str:00000000000003e9 .LASF619
C:\Users\zero6575\AppData\Local\Temp\ccI40aaW.s:4555   .debug_str:000000000000317f .LASF620
C:\Users\zero6575\AppData\Local\Temp\ccI40aaW.s:3701   .debug_str:00000000000007e5 .LASF621
C:\Users\zero6575\AppData\Local\Temp\ccI40aaW.s:3801   .debug_str:0000000000000cb2 .LASF622
C:\Users\zero6575\AppData\Local\Temp\ccI40aaW.s:4157   .debug_str:0000000000001d6f .LASF623
C:\Users\zero6575\AppData\Local\Temp\ccI40aaW.s:3873   .debug_str:000000000000103e .LASF624
C:\Users\zero6575\AppData\Local\Temp\ccI40aaW.s:4407   .debug_str:0000000000002a38 .LASF629
C:\Users\zero6575\AppData\Local\Temp\ccI40aaW.s:3905   .debug_str:00000000000011a8 .LASF630
C:\Users\zero6575\AppData\Local\Temp\ccI40aaW.s:4981   .debug_str:00000000000046dc .LASF631
C:\Users\zero6575\AppData\Local\Temp\ccI40aaW.s:3547   .debug_str:0000000000000089 .LASF632
C:\Users\zero6575\AppData\Local\Temp\ccI40aaW.s:5007   .debug_str:00000000000047dd .LASF633
C:\Users\zero6575\AppData\Local\Temp\ccI40aaW.s:4413   .debug_str:0000000000002a5a .LASF634
C:\Users\zero6575\AppData\Local\Temp\ccI40aaW.s:4401   .debug_str:0000000000002a0c .LASF635
C:\Users\zero6575\AppData\Local\Temp\ccI40aaW.s:4599   .debug_str:000000000000341a .LASF636
C:\Users\zero6575\AppData\Local\Temp\ccI40aaW.s:4905   .debug_str:00000000000042fc .LASF637
C:\Users\zero6575\AppData\Local\Temp\ccI40aaW.s:4007   .debug_str:0000000000001697 .LASF638
C:\Users\zero6575\AppData\Local\Temp\ccI40aaW.s:5025   .debug_str:00000000000048f0 .LASF639
C:\Users\zero6575\AppData\Local\Temp\ccI40aaW.s:4523   .debug_str:0000000000002ff1 .LASF640
C:\Users\zero6575\AppData\Local\Temp\ccI40aaW.s:4409   .debug_str:0000000000002a40 .LASF641
C:\Users\zero6575\AppData\Local\Temp\ccI40aaW.s:4587   .debug_str:0000000000003396 .LASF642
C:\Users\zero6575\AppData\Local\Temp\ccI40aaW.s:4331   .debug_str:0000000000002675 .LASF643
C:\Users\zero6575\AppData\Local\Temp\ccI40aaW.s:4107   .debug_str:0000000000001b63 .LASF644
C:\Users\zero6575\AppData\Local\Temp\ccI40aaW.s:3805   .debug_str:0000000000000ce5 .LASF645
C:\Users\zero6575\AppData\Local\Temp\ccI40aaW.s:4467   .debug_str:0000000000002d29 .LASF646
C:\Users\zero6575\AppData\Local\Temp\ccI40aaW.s:4207   .debug_str:0000000000001fa7 .LASF647
C:\Users\zero6575\AppData\Local\Temp\ccI40aaW.s:4203   .debug_str:0000000000001f87 .LASF648
C:\Users\zero6575\AppData\Local\Temp\ccI40aaW.s:3699   .debug_str:00000000000007d2 .LASF649
C:\Users\zero6575\AppData\Local\Temp\ccI40aaW.s:4285   .debug_str:000000000000237e .LASF650
C:\Users\zero6575\AppData\Local\Temp\ccI40aaW.s:4907   .debug_str:0000000000004308 .LASF651
C:\Users\zero6575\AppData\Local\Temp\ccI40aaW.s:3709   .debug_str:000000000000085a .LASF652
C:\Users\zero6575\AppData\Local\Temp\ccI40aaW.s:4311   .debug_str:00000000000024f4 .LASF653
C:\Users\zero6575\AppData\Local\Temp\ccI40aaW.s:4781   .debug_str:0000000000003cdf .LASF654
C:\Users\zero6575\AppData\Local\Temp\ccI40aaW.s:4793   .debug_str:0000000000003d6b .LASF655
C:\Users\zero6575\AppData\Local\Temp\ccI40aaW.s:3823   .debug_str:0000000000000d98 .LASF656
C:\Users\zero6575\AppData\Local\Temp\ccI40aaW.s:3997   .debug_str:00000000000015e9 .LASF657
C:\Users\zero6575\AppData\Local\Temp\ccI40aaW.s:4725   .debug_str:0000000000003a93 .LASF658
C:\Users\zero6575\AppData\Local\Temp\ccI40aaW.s:4155   .debug_str:0000000000001d5a .LASF659
C:\Users\zero6575\AppData\Local\Temp\ccI40aaW.s:3793   .debug_str:0000000000000c53 .LASF660
C:\Users\zero6575\AppData\Local\Temp\ccI40aaW.s:4895   .debug_str:0000000000004294 .LASF661
C:\Users\zero6575\AppData\Local\Temp\ccI40aaW.s:3973   .debug_str:00000000000014f7 .LASF662
C:\Users\zero6575\AppData\Local\Temp\ccI40aaW.s:4889   .debug_str:000000000000422b .LASF663
C:\Users\zero6575\AppData\Local\Temp\ccI40aaW.s:4571   .debug_str:00000000000032b3 .LASF664
C:\Users\zero6575\AppData\Local\Temp\ccI40aaW.s:4425   .debug_str:0000000000002af7 .LASF665
C:\Users\zero6575\AppData\Local\Temp\ccI40aaW.s:3583   .debug_str:00000000000001f2 .LASF666
C:\Users\zero6575\AppData\Local\Temp\ccI40aaW.s:4295   .debug_str:0000000000002406 .LASF667
C:\Users\zero6575\AppData\Local\Temp\ccI40aaW.s:4541   .debug_str:00000000000030d3 .LASF668
C:\Users\zero6575\AppData\Local\Temp\ccI40aaW.s:4825   .debug_str:0000000000003eef .LASF669
C:\Users\zero6575\AppData\Local\Temp\ccI40aaW.s:4307   .debug_str:00000000000024af .LASF670
C:\Users\zero6575\AppData\Local\Temp\ccI40aaW.s:3621   .debug_str:00000000000003d9 .LASF671
C:\Users\zero6575\AppData\Local\Temp\ccI40aaW.s:3759   .debug_str:0000000000000ad7 .LASF672
C:\Users\zero6575\AppData\Local\Temp\ccI40aaW.s:4451   .debug_str:0000000000002c2c .LASF673
C:\Users\zero6575\AppData\Local\Temp\ccI40aaW.s:4129   .debug_str:0000000000001c4c .LASF674
C:\Users\zero6575\AppData\Local\Temp\ccI40aaW.s:4911   .debug_str:000000000000435d .LASF675
C:\Users\zero6575\AppData\Local\Temp\ccI40aaW.s:4505   .debug_str:0000000000002ee3 .LASF676
                           .group:0000000000000000 wm4.0.29db371e8b94e604acd9f4c2cef2c360
                           .group:0000000000000000 wm4._newlib_version.h.4.9ba035841e762c3308916a0ce96032e7
                           .group:0000000000000000 wm4.features.h.33.318b64d71e0957639cfb30f1db1f7ec8
                           .group:0000000000000000 wm4._default_types.h.15.61e9869194cab90bdfa4c7fc42203a0e
                           .group:0000000000000000 wm4._intsup.h.10.b28b45fc63caeb010c3f7ee592257700
                           .group:0000000000000000 wm4._stdint.h.10.c24fa3af3bc1706662bb5593a907e841
                           .group:0000000000000000 wm4.stdint.h.23.d53047a68f4a85177f80b422d52785ed
                           .group:0000000000000000 wm4.stdbool.h.29.07dce69c3b78884144b7f7bd19483461
                           .group:0000000000000000 wm4.stddef.h.39.a38874c8f8a57e66301090908ec2a69f
                           .group:0000000000000000 wm4.config.h.26.7d29d642a1ea34b87c56286f7235559f
                           .group:0000000000000000 wm4.bacdef.h.39.fcafd78d88dce17b2448edf8931b63fd
                           .group:0000000000000000 wm4.bits.h.25.f9e0c31c04958f93c399d58693ab7d13
                           .group:0000000000000000 wm4.bacdcode.h.417.fde53433a4e8c8179dfc8de0f5c0b6ae

UNDEFINED SYMBOLS
encode_context_unsigned
encode_context_character_string
encode_context_object_id
decode_is_context_tag
decode_tag_number_and_value
decode_unsigned
decode_object_id
decode_character_string
