   1              		.file	"ao.c"
   2              		.option nopic
   3              		.attribute arch, "rv64i2p0_m2p0_a2p0_c2p0"
   4              		.attribute unaligned_access, 0
   5              		.attribute stack_align, 16
   6              		.text
   7              	.Ltext0:
   8              		.cfi_sections	.debug_frame
   9              		.section	.bss.Analog_Output_Level,"aw",@nobits
  10              		.align	3
  13              	Analog_Output_Level:
  14 0000 00000000 		.zero	64
  14      00000000 
  14      00000000 
  14      00000000 
  14      00000000 
  15              		.section	.sbss.Out_Of_Service,"aw",@nobits
  16              		.align	3
  19              	Out_Of_Service:
  20 0000 00000000 		.zero	4
  21              		.section	.sbss.Analog_Output_Initialized,"aw",@nobits
  24              	Analog_Output_Initialized:
  25 0000 00       		.zero	1
  26              		.section	.rodata.Properties_Required,"a"
  27              		.align	3
  30              	Properties_Required:
  31 0000 4B000000 		.word	75
  32 0004 4D000000 		.word	77
  33 0008 4F000000 		.word	79
  34 000c 55000000 		.word	85
  35 0010 6F000000 		.word	111
  36 0014 24000000 		.word	36
  37 0018 51000000 		.word	81
  38 001c 75000000 		.word	117
  39 0020 57000000 		.word	87
  40 0024 68000000 		.word	104
  41 0028 FFFFFFFF 		.word	-1
  42              		.section	.sdata2.Properties_Optional,"a"
  43              		.align	3
  46              	Properties_Optional:
  47 0000 FFFFFFFF 		.word	-1
  48              		.section	.sdata2.Properties_Proprietary,"a"
  49              		.align	3
  52              	Properties_Proprietary:
  53 0000 FFFFFFFF 		.word	-1
  54              		.section	.text.Analog_Output_Property_Lists,"ax",@progbits
  55              		.align	1
  56              		.globl	Analog_Output_Property_Lists
  58              	Analog_Output_Property_Lists:
  59              	.LFB3:
  60              		.file 1 "../src/middleware/bacnet/demo/object/ao.c"
   1:../src/middleware/bacnet/demo/object/ao.c **** /**************************************************************************
   2:../src/middleware/bacnet/demo/object/ao.c **** *
   3:../src/middleware/bacnet/demo/object/ao.c **** * Copyright (C) 2005 Steve Karg <skarg@users.sourceforge.net>
   4:../src/middleware/bacnet/demo/object/ao.c **** *
   5:../src/middleware/bacnet/demo/object/ao.c **** * Permission is hereby granted, free of charge, to any person obtaining
   6:../src/middleware/bacnet/demo/object/ao.c **** * a copy of this software and associated documentation files (the
   7:../src/middleware/bacnet/demo/object/ao.c **** * "Software"), to deal in the Software without restriction, including
   8:../src/middleware/bacnet/demo/object/ao.c **** * without limitation the rights to use, copy, modify, merge, publish,
   9:../src/middleware/bacnet/demo/object/ao.c **** * distribute, sublicense, and/or sell copies of the Software, and to
  10:../src/middleware/bacnet/demo/object/ao.c **** * permit persons to whom the Software is furnished to do so, subject to
  11:../src/middleware/bacnet/demo/object/ao.c **** * the following conditions:
  12:../src/middleware/bacnet/demo/object/ao.c **** *
  13:../src/middleware/bacnet/demo/object/ao.c **** * The above copyright notice and this permission notice shall be included
  14:../src/middleware/bacnet/demo/object/ao.c **** * in all copies or substantial portions of the Software.
  15:../src/middleware/bacnet/demo/object/ao.c **** *
  16:../src/middleware/bacnet/demo/object/ao.c **** * THE SOFTWARE IS PROVIDED "AS IS", WITHOUT WARRANTY OF ANY KIND,
  17:../src/middleware/bacnet/demo/object/ao.c **** * EXPRESS OR IMPLIED, INCLUDING BUT NOT LIMITED TO THE WARRANTIES OF
  18:../src/middleware/bacnet/demo/object/ao.c **** * MERCHANTABILITY, FITNESS FOR A PARTICULAR PURPOSE AND NONINFRINGEMENT.
  19:../src/middleware/bacnet/demo/object/ao.c **** * IN NO EVENT SHALL THE AUTHORS OR COPYRIGHT HOLDERS BE LIABLE FOR ANY
  20:../src/middleware/bacnet/demo/object/ao.c **** * CLAIM, DAMAGES OR OTHER LIABILITY, WHETHER IN AN ACTION OF CONTRACT,
  21:../src/middleware/bacnet/demo/object/ao.c **** * TORT OR OTHERWISE, ARISING FROM, OUT OF OR IN CONNECTION WITH THE
  22:../src/middleware/bacnet/demo/object/ao.c **** * SOFTWARE OR THE USE OR OTHER DEALINGS IN THE SOFTWARE.
  23:../src/middleware/bacnet/demo/object/ao.c **** *
  24:../src/middleware/bacnet/demo/object/ao.c **** *********************************************************************/
  25:../src/middleware/bacnet/demo/object/ao.c **** 
  26:../src/middleware/bacnet/demo/object/ao.c **** /* Analog Output Objects - customize for your use */
  27:../src/middleware/bacnet/demo/object/ao.c **** 
  28:../src/middleware/bacnet/demo/object/ao.c **** #include <stdbool.h>
  29:../src/middleware/bacnet/demo/object/ao.c **** #include <stdint.h>
  30:../src/middleware/bacnet/demo/object/ao.c **** #include <stdio.h>
  31:../src/middleware/bacnet/demo/object/ao.c **** #include "bacdef.h"
  32:../src/middleware/bacnet/demo/object/ao.c **** #include "bacdcode.h"
  33:../src/middleware/bacnet/demo/object/ao.c **** #include "bacenum.h"
  34:../src/middleware/bacnet/demo/object/ao.c **** #include "bacapp.h"
  35:../src/middleware/bacnet/demo/object/ao.c **** #include "config.h"     /* the custom stuff */
  36:../src/middleware/bacnet/demo/object/ao.c **** #include "wp.h"
  37:../src/middleware/bacnet/demo/object/ao.c **** #include "ao.h"
  38:../src/middleware/bacnet/demo/object/ao.c **** #include "handlers.h"
  39:../src/middleware/bacnet/demo/object/ao.c **** 
  40:../src/middleware/bacnet/demo/object/ao.c **** #ifndef MAX_ANALOG_OUTPUTS
  41:../src/middleware/bacnet/demo/object/ao.c **** #define MAX_ANALOG_OUTPUTS 4
  42:../src/middleware/bacnet/demo/object/ao.c **** #endif
  43:../src/middleware/bacnet/demo/object/ao.c **** 
  44:../src/middleware/bacnet/demo/object/ao.c **** /* we choose to have a NULL level in our system represented by */
  45:../src/middleware/bacnet/demo/object/ao.c **** /* a particular value.  When the priorities are not in use, they */
  46:../src/middleware/bacnet/demo/object/ao.c **** /* will be relinquished (i.e. set to the NULL level). */
  47:../src/middleware/bacnet/demo/object/ao.c **** #define AO_LEVEL_NULL 255
  48:../src/middleware/bacnet/demo/object/ao.c **** /* When all the priorities are level null, the present value returns */
  49:../src/middleware/bacnet/demo/object/ao.c **** /* the Relinquish Default value */
  50:../src/middleware/bacnet/demo/object/ao.c **** #define AO_RELINQUISH_DEFAULT 0
  51:../src/middleware/bacnet/demo/object/ao.c **** /* Here is our Priority Array.  They are supposed to be Real, but */
  52:../src/middleware/bacnet/demo/object/ao.c **** /* we don't have that kind of memory, so we will use a single byte */
  53:../src/middleware/bacnet/demo/object/ao.c **** /* and load a Real for returning the value when asked. */
  54:../src/middleware/bacnet/demo/object/ao.c **** static uint8_t Analog_Output_Level[MAX_ANALOG_OUTPUTS][BACNET_MAX_PRIORITY];
  55:../src/middleware/bacnet/demo/object/ao.c **** /* Writable out-of-service allows others to play with our Present Value */
  56:../src/middleware/bacnet/demo/object/ao.c **** /* without changing the physical output */
  57:../src/middleware/bacnet/demo/object/ao.c **** static bool Out_Of_Service[MAX_ANALOG_OUTPUTS];
  58:../src/middleware/bacnet/demo/object/ao.c **** 
  59:../src/middleware/bacnet/demo/object/ao.c **** /* we need to have our arrays initialized before answering any calls */
  60:../src/middleware/bacnet/demo/object/ao.c **** static bool Analog_Output_Initialized = false;
  61:../src/middleware/bacnet/demo/object/ao.c **** 
  62:../src/middleware/bacnet/demo/object/ao.c **** /* These three arrays are used by the ReadPropertyMultiple handler */
  63:../src/middleware/bacnet/demo/object/ao.c **** static const int Properties_Required[] = {
  64:../src/middleware/bacnet/demo/object/ao.c ****     PROP_OBJECT_IDENTIFIER,
  65:../src/middleware/bacnet/demo/object/ao.c ****     PROP_OBJECT_NAME,
  66:../src/middleware/bacnet/demo/object/ao.c ****     PROP_OBJECT_TYPE,
  67:../src/middleware/bacnet/demo/object/ao.c ****     PROP_PRESENT_VALUE,
  68:../src/middleware/bacnet/demo/object/ao.c ****     PROP_STATUS_FLAGS,
  69:../src/middleware/bacnet/demo/object/ao.c ****     PROP_EVENT_STATE,
  70:../src/middleware/bacnet/demo/object/ao.c ****     PROP_OUT_OF_SERVICE,
  71:../src/middleware/bacnet/demo/object/ao.c ****     PROP_UNITS,
  72:../src/middleware/bacnet/demo/object/ao.c ****     PROP_PRIORITY_ARRAY,
  73:../src/middleware/bacnet/demo/object/ao.c ****     PROP_RELINQUISH_DEFAULT,
  74:../src/middleware/bacnet/demo/object/ao.c ****     -1
  75:../src/middleware/bacnet/demo/object/ao.c **** };
  76:../src/middleware/bacnet/demo/object/ao.c **** 
  77:../src/middleware/bacnet/demo/object/ao.c **** static const int Properties_Optional[] = {
  78:../src/middleware/bacnet/demo/object/ao.c ****     -1
  79:../src/middleware/bacnet/demo/object/ao.c **** };
  80:../src/middleware/bacnet/demo/object/ao.c **** 
  81:../src/middleware/bacnet/demo/object/ao.c **** static const int Properties_Proprietary[] = {
  82:../src/middleware/bacnet/demo/object/ao.c ****     -1
  83:../src/middleware/bacnet/demo/object/ao.c **** };
  84:../src/middleware/bacnet/demo/object/ao.c **** 
  85:../src/middleware/bacnet/demo/object/ao.c **** void Analog_Output_Property_Lists(
  86:../src/middleware/bacnet/demo/object/ao.c ****     const int **pRequired,
  87:../src/middleware/bacnet/demo/object/ao.c ****     const int **pOptional,
  88:../src/middleware/bacnet/demo/object/ao.c ****     const int **pProprietary)
  89:../src/middleware/bacnet/demo/object/ao.c **** {
  61              		.loc 1 89 1
  62              		.cfi_startproc
  63 0000 7971     		addi	sp,sp,-48
  64              		.cfi_def_cfa_offset 48
  65 0002 22F4     		sd	s0,40(sp)
  66              		.cfi_offset 8, -8
  67 0004 0018     		addi	s0,sp,48
  68              		.cfi_def_cfa 8, 0
  69 0006 2334A4FE 		sd	a0,-24(s0)
  70 000a 2330B4FE 		sd	a1,-32(s0)
  71 000e 233CC4FC 		sd	a2,-40(s0)
  90:../src/middleware/bacnet/demo/object/ao.c ****     if (pRequired)
  72              		.loc 1 90 8
  73 0012 833784FE 		ld	a5,-24(s0)
  74 0016 81CB     		beq	a5,zero,.L2
  91:../src/middleware/bacnet/demo/object/ao.c ****         *pRequired = Properties_Required;
  75              		.loc 1 91 20
  76 0018 833784FE 		ld	a5,-24(s0)
  77 001c 17070000 		lla	a4,Properties_Required
  77      13070700 
  78 0024 98E3     		sd	a4,0(a5)
  79              	.L2:
  92:../src/middleware/bacnet/demo/object/ao.c ****     if (pOptional)
  80              		.loc 1 92 8
  81 0026 833704FE 		ld	a5,-32(s0)
  82 002a 81CB     		beq	a5,zero,.L3
  93:../src/middleware/bacnet/demo/object/ao.c ****         *pOptional = Properties_Optional;
  83              		.loc 1 93 20
  84 002c 833704FE 		ld	a5,-32(s0)
  85 0030 17070000 		lla	a4,Properties_Optional
  85      13070700 
  86 0038 98E3     		sd	a4,0(a5)
  87              	.L3:
  94:../src/middleware/bacnet/demo/object/ao.c ****     if (pProprietary)
  88              		.loc 1 94 8
  89 003a 833784FD 		ld	a5,-40(s0)
  90 003e 89CB     		beq	a5,zero,.L6
  95:../src/middleware/bacnet/demo/object/ao.c ****         *pProprietary = Properties_Proprietary;
  91              		.loc 1 95 23
  92 0040 833784FD 		ld	a5,-40(s0)
  93 0044 17070000 		lla	a4,Properties_Proprietary
  93      13070700 
  94 004c 98E3     		sd	a4,0(a5)
  96:../src/middleware/bacnet/demo/object/ao.c **** 
  97:../src/middleware/bacnet/demo/object/ao.c ****     return;
  95              		.loc 1 97 5
  96 004e 0100     		nop
  97              	.L6:
  98 0050 0100     		nop
  98:../src/middleware/bacnet/demo/object/ao.c **** }
  99              		.loc 1 98 1
 100 0052 2274     		ld	s0,40(sp)
 101              		.cfi_restore 8
 102              		.cfi_def_cfa 2, 48
 103 0054 4561     		addi	sp,sp,48
 104              		.cfi_def_cfa_offset 0
 105 0056 8280     		jr	ra
 106              		.cfi_endproc
 107              	.LFE3:
 109              		.section	.text.Analog_Output_Init,"ax",@progbits
 110              		.align	1
 111              		.globl	Analog_Output_Init
 113              	Analog_Output_Init:
 114              	.LFB4:
  99:../src/middleware/bacnet/demo/object/ao.c **** 
 100:../src/middleware/bacnet/demo/object/ao.c **** void Analog_Output_Init(
 101:../src/middleware/bacnet/demo/object/ao.c ****     void)
 102:../src/middleware/bacnet/demo/object/ao.c **** {
 115              		.loc 1 102 1
 116              		.cfi_startproc
 117 0000 0111     		addi	sp,sp,-32
 118              		.cfi_def_cfa_offset 32
 119 0002 22EC     		sd	s0,24(sp)
 120              		.cfi_offset 8, -8
 121 0004 0010     		addi	s0,sp,32
 122              		.cfi_def_cfa 8, 0
 103:../src/middleware/bacnet/demo/object/ao.c ****     unsigned i, j;
 104:../src/middleware/bacnet/demo/object/ao.c **** 
 105:../src/middleware/bacnet/demo/object/ao.c ****     if (!Analog_Output_Initialized) {
 123              		.loc 1 105 9
 124 0006 97070000 		lla	a5,Analog_Output_Initialized
 124      93870700 
 125 000e 83C70700 		lbu	a5,0(a5)
 126 0012 93C71700 		xori	a5,a5,1
 127 0016 93F7F70F 		andi	a5,a5,0xff
 128              		.loc 1 105 8
 129 001a ADC7     		beq	a5,zero,.L14
 106:../src/middleware/bacnet/demo/object/ao.c ****         Analog_Output_Initialized = true;
 130              		.loc 1 106 35
 131 001c 97070000 		lla	a5,Analog_Output_Initialized
 131      93870700 
 132 0024 0547     		li	a4,1
 133 0026 2380E700 		sb	a4,0(a5)
 107:../src/middleware/bacnet/demo/object/ao.c **** 
 108:../src/middleware/bacnet/demo/object/ao.c ****         /* initialize all the analog output priority arrays to NULL */
 109:../src/middleware/bacnet/demo/object/ao.c ****         for (i = 0; i < MAX_ANALOG_OUTPUTS; i++) {
 134              		.loc 1 109 16
 135 002a 232604FE 		sw	zero,-20(s0)
 136              		.loc 1 109 9
 137 002e 99A0     		j	.L9
 138              	.L12:
 110:../src/middleware/bacnet/demo/object/ao.c ****             for (j = 0; j < BACNET_MAX_PRIORITY; j++) {
 139              		.loc 1 110 20
 140 0030 232404FE 		sw	zero,-24(s0)
 141              		.loc 1 110 13
 142 0034 25A0     		j	.L10
 143              	.L11:
 111:../src/middleware/bacnet/demo/object/ao.c ****                 Analog_Output_Level[i][j] = AO_LEVEL_NULL;
 144              		.loc 1 111 43 discriminator 3
 145 0036 97060000 		lla	a3,Analog_Output_Level
 145      93860600 
 146 003e 836784FE 		lwu	a5,-24(s0)
 147 0042 0367C4FE 		lwu	a4,-20(s0)
 148 0046 1207     		slli	a4,a4,4
 149 0048 3697     		add	a4,a3,a4
 150 004a BA97     		add	a5,a4,a5
 151 004c 7D57     		li	a4,-1
 152 004e 2380E700 		sb	a4,0(a5)
 110:../src/middleware/bacnet/demo/object/ao.c ****             for (j = 0; j < BACNET_MAX_PRIORITY; j++) {
 153              		.loc 1 110 51 discriminator 3
 154 0052 832784FE 		lw	a5,-24(s0)
 155 0056 8527     		addiw	a5,a5,1
 156 0058 2324F4FE 		sw	a5,-24(s0)
 157              	.L10:
 110:../src/middleware/bacnet/demo/object/ao.c ****             for (j = 0; j < BACNET_MAX_PRIORITY; j++) {
 158              		.loc 1 110 13 discriminator 1
 159 005c 832784FE 		lw	a5,-24(s0)
 160 0060 1B870700 		sext.w	a4,a5
 161 0064 BD47     		li	a5,15
 162 0066 E3F8E7FC 		bleu	a4,a5,.L11
 109:../src/middleware/bacnet/demo/object/ao.c ****             for (j = 0; j < BACNET_MAX_PRIORITY; j++) {
 163              		.loc 1 109 46 discriminator 2
 164 006a 8327C4FE 		lw	a5,-20(s0)
 165 006e 8527     		addiw	a5,a5,1
 166 0070 2326F4FE 		sw	a5,-20(s0)
 167              	.L9:
 109:../src/middleware/bacnet/demo/object/ao.c ****             for (j = 0; j < BACNET_MAX_PRIORITY; j++) {
 168              		.loc 1 109 9 discriminator 1
 169 0074 8327C4FE 		lw	a5,-20(s0)
 170 0078 1B870700 		sext.w	a4,a5
 171 007c 8D47     		li	a5,3
 172 007e E3F9E7FA 		bleu	a4,a5,.L12
 112:../src/middleware/bacnet/demo/object/ao.c ****             }
 113:../src/middleware/bacnet/demo/object/ao.c ****         }
 114:../src/middleware/bacnet/demo/object/ao.c ****     }
 115:../src/middleware/bacnet/demo/object/ao.c **** 
 116:../src/middleware/bacnet/demo/object/ao.c ****     return;
 173              		.loc 1 116 5
 174 0082 0100     		nop
 175              	.L14:
 176 0084 0100     		nop
 117:../src/middleware/bacnet/demo/object/ao.c **** }
 177              		.loc 1 117 1
 178 0086 6264     		ld	s0,24(sp)
 179              		.cfi_restore 8
 180              		.cfi_def_cfa 2, 32
 181 0088 0561     		addi	sp,sp,32
 182              		.cfi_def_cfa_offset 0
 183 008a 8280     		jr	ra
 184              		.cfi_endproc
 185              	.LFE4:
 187              		.section	.text.Analog_Output_Valid_Instance,"ax",@progbits
 188              		.align	1
 189              		.globl	Analog_Output_Valid_Instance
 191              	Analog_Output_Valid_Instance:
 192              	.LFB5:
 118:../src/middleware/bacnet/demo/object/ao.c **** 
 119:../src/middleware/bacnet/demo/object/ao.c **** /* we simply have 0-n object instances.  Yours might be */
 120:../src/middleware/bacnet/demo/object/ao.c **** /* more complex, and then you need validate that the */
 121:../src/middleware/bacnet/demo/object/ao.c **** /* given instance exists */
 122:../src/middleware/bacnet/demo/object/ao.c **** bool Analog_Output_Valid_Instance(
 123:../src/middleware/bacnet/demo/object/ao.c ****     uint32_t object_instance)
 124:../src/middleware/bacnet/demo/object/ao.c **** {
 193              		.loc 1 124 1
 194              		.cfi_startproc
 195 0000 0111     		addi	sp,sp,-32
 196              		.cfi_def_cfa_offset 32
 197 0002 22EC     		sd	s0,24(sp)
 198              		.cfi_offset 8, -8
 199 0004 0010     		addi	s0,sp,32
 200              		.cfi_def_cfa 8, 0
 201 0006 AA87     		mv	a5,a0
 202 0008 2326F4FE 		sw	a5,-20(s0)
 125:../src/middleware/bacnet/demo/object/ao.c ****     if (object_instance < MAX_ANALOG_OUTPUTS)
 203              		.loc 1 125 8
 204 000c 8327C4FE 		lw	a5,-20(s0)
 205 0010 1B870700 		sext.w	a4,a5
 206 0014 8D47     		li	a5,3
 207 0016 63E4E700 		bgtu	a4,a5,.L16
 126:../src/middleware/bacnet/demo/object/ao.c ****         return true;
 208              		.loc 1 126 16
 209 001a 8547     		li	a5,1
 210 001c 11A0     		j	.L17
 211              	.L16:
 127:../src/middleware/bacnet/demo/object/ao.c **** 
 128:../src/middleware/bacnet/demo/object/ao.c ****     return false;
 212              		.loc 1 128 12
 213 001e 8147     		li	a5,0
 214              	.L17:
 129:../src/middleware/bacnet/demo/object/ao.c **** }
 215              		.loc 1 129 1
 216 0020 3E85     		mv	a0,a5
 217 0022 6264     		ld	s0,24(sp)
 218              		.cfi_restore 8
 219              		.cfi_def_cfa 2, 32
 220 0024 0561     		addi	sp,sp,32
 221              		.cfi_def_cfa_offset 0
 222 0026 8280     		jr	ra
 223              		.cfi_endproc
 224              	.LFE5:
 226              		.section	.text.Analog_Output_Count,"ax",@progbits
 227              		.align	1
 228              		.globl	Analog_Output_Count
 230              	Analog_Output_Count:
 231              	.LFB6:
 130:../src/middleware/bacnet/demo/object/ao.c **** 
 131:../src/middleware/bacnet/demo/object/ao.c **** /* we simply have 0-n object instances.  Yours might be */
 132:../src/middleware/bacnet/demo/object/ao.c **** /* more complex, and then count how many you have */
 133:../src/middleware/bacnet/demo/object/ao.c **** unsigned Analog_Output_Count(
 134:../src/middleware/bacnet/demo/object/ao.c ****     void)
 135:../src/middleware/bacnet/demo/object/ao.c **** {
 232              		.loc 1 135 1
 233              		.cfi_startproc
 234 0000 4111     		addi	sp,sp,-16
 235              		.cfi_def_cfa_offset 16
 236 0002 22E4     		sd	s0,8(sp)
 237              		.cfi_offset 8, -8
 238 0004 0008     		addi	s0,sp,16
 239              		.cfi_def_cfa 8, 0
 136:../src/middleware/bacnet/demo/object/ao.c ****     return MAX_ANALOG_OUTPUTS;
 240              		.loc 1 136 12
 241 0006 9147     		li	a5,4
 137:../src/middleware/bacnet/demo/object/ao.c **** }
 242              		.loc 1 137 1
 243 0008 3E85     		mv	a0,a5
 244 000a 2264     		ld	s0,8(sp)
 245              		.cfi_restore 8
 246              		.cfi_def_cfa 2, 16
 247 000c 4101     		addi	sp,sp,16
 248              		.cfi_def_cfa_offset 0
 249 000e 8280     		jr	ra
 250              		.cfi_endproc
 251              	.LFE6:
 253              		.section	.text.Analog_Output_Index_To_Instance,"ax",@progbits
 254              		.align	1
 255              		.globl	Analog_Output_Index_To_Instance
 257              	Analog_Output_Index_To_Instance:
 258              	.LFB7:
 138:../src/middleware/bacnet/demo/object/ao.c **** 
 139:../src/middleware/bacnet/demo/object/ao.c **** /* we simply have 0-n object instances.  Yours might be */
 140:../src/middleware/bacnet/demo/object/ao.c **** /* more complex, and then you need to return the instance */
 141:../src/middleware/bacnet/demo/object/ao.c **** /* that correlates to the correct index */
 142:../src/middleware/bacnet/demo/object/ao.c **** uint32_t Analog_Output_Index_To_Instance(
 143:../src/middleware/bacnet/demo/object/ao.c ****     unsigned index)
 144:../src/middleware/bacnet/demo/object/ao.c **** {
 259              		.loc 1 144 1
 260              		.cfi_startproc
 261 0000 0111     		addi	sp,sp,-32
 262              		.cfi_def_cfa_offset 32
 263 0002 22EC     		sd	s0,24(sp)
 264              		.cfi_offset 8, -8
 265 0004 0010     		addi	s0,sp,32
 266              		.cfi_def_cfa 8, 0
 267 0006 AA87     		mv	a5,a0
 268 0008 2326F4FE 		sw	a5,-20(s0)
 145:../src/middleware/bacnet/demo/object/ao.c ****     return index;
 269              		.loc 1 145 12
 270 000c 8327C4FE 		lw	a5,-20(s0)
 146:../src/middleware/bacnet/demo/object/ao.c **** }
 271              		.loc 1 146 1
 272 0010 3E85     		mv	a0,a5
 273 0012 6264     		ld	s0,24(sp)
 274              		.cfi_restore 8
 275              		.cfi_def_cfa 2, 32
 276 0014 0561     		addi	sp,sp,32
 277              		.cfi_def_cfa_offset 0
 278 0016 8280     		jr	ra
 279              		.cfi_endproc
 280              	.LFE7:
 282              		.section	.text.Analog_Output_Instance_To_Index,"ax",@progbits
 283              		.align	1
 284              		.globl	Analog_Output_Instance_To_Index
 286              	Analog_Output_Instance_To_Index:
 287              	.LFB8:
 147:../src/middleware/bacnet/demo/object/ao.c **** 
 148:../src/middleware/bacnet/demo/object/ao.c **** /* we simply have 0-n object instances.  Yours might be */
 149:../src/middleware/bacnet/demo/object/ao.c **** /* more complex, and then you need to return the index */
 150:../src/middleware/bacnet/demo/object/ao.c **** /* that correlates to the correct instance number */
 151:../src/middleware/bacnet/demo/object/ao.c **** unsigned Analog_Output_Instance_To_Index(
 152:../src/middleware/bacnet/demo/object/ao.c ****     uint32_t object_instance)
 153:../src/middleware/bacnet/demo/object/ao.c **** {
 288              		.loc 1 153 1
 289              		.cfi_startproc
 290 0000 7971     		addi	sp,sp,-48
 291              		.cfi_def_cfa_offset 48
 292 0002 22F4     		sd	s0,40(sp)
 293              		.cfi_offset 8, -8
 294 0004 0018     		addi	s0,sp,48
 295              		.cfi_def_cfa 8, 0
 296 0006 AA87     		mv	a5,a0
 297 0008 232EF4FC 		sw	a5,-36(s0)
 154:../src/middleware/bacnet/demo/object/ao.c ****     unsigned index = MAX_ANALOG_OUTPUTS;
 298              		.loc 1 154 14
 299 000c 9147     		li	a5,4
 300 000e 2326F4FE 		sw	a5,-20(s0)
 155:../src/middleware/bacnet/demo/object/ao.c **** 
 156:../src/middleware/bacnet/demo/object/ao.c ****     if (object_instance < MAX_ANALOG_OUTPUTS)
 301              		.loc 1 156 8
 302 0012 8327C4FD 		lw	a5,-36(s0)
 303 0016 1B870700 		sext.w	a4,a5
 304 001a 8D47     		li	a5,3
 305 001c 63E6E700 		bgtu	a4,a5,.L23
 157:../src/middleware/bacnet/demo/object/ao.c ****         index = object_instance;
 306              		.loc 1 157 15
 307 0020 8327C4FD 		lw	a5,-36(s0)
 308 0024 2326F4FE 		sw	a5,-20(s0)
 309              	.L23:
 158:../src/middleware/bacnet/demo/object/ao.c **** 
 159:../src/middleware/bacnet/demo/object/ao.c ****     return index;
 310              		.loc 1 159 12
 311 0028 8327C4FE 		lw	a5,-20(s0)
 160:../src/middleware/bacnet/demo/object/ao.c **** }
 312              		.loc 1 160 1
 313 002c 3E85     		mv	a0,a5
 314 002e 2274     		ld	s0,40(sp)
 315              		.cfi_restore 8
 316              		.cfi_def_cfa 2, 48
 317 0030 4561     		addi	sp,sp,48
 318              		.cfi_def_cfa_offset 0
 319 0032 8280     		jr	ra
 320              		.cfi_endproc
 321              	.LFE8:
 323              		.globl	__floatunsisf
 324              		.section	.text.Analog_Output_Present_Value,"ax",@progbits
 325              		.align	1
 326              		.globl	Analog_Output_Present_Value
 328              	Analog_Output_Present_Value:
 329              	.LFB9:
 161:../src/middleware/bacnet/demo/object/ao.c **** 
 162:../src/middleware/bacnet/demo/object/ao.c **** float Analog_Output_Present_Value(
 163:../src/middleware/bacnet/demo/object/ao.c ****     uint32_t object_instance)
 164:../src/middleware/bacnet/demo/object/ao.c **** {
 330              		.loc 1 164 1
 331              		.cfi_startproc
 332 0000 7971     		addi	sp,sp,-48
 333              		.cfi_def_cfa_offset 48
 334 0002 06F4     		sd	ra,40(sp)
 335 0004 22F0     		sd	s0,32(sp)
 336              		.cfi_offset 1, -8
 337              		.cfi_offset 8, -16
 338 0006 0018     		addi	s0,sp,48
 339              		.cfi_def_cfa 8, 0
 340 0008 AA87     		mv	a5,a0
 341 000a 232EF4FC 		sw	a5,-36(s0)
 165:../src/middleware/bacnet/demo/object/ao.c ****     float value = AO_RELINQUISH_DEFAULT;
 342              		.loc 1 165 11
 343 000e 93070000 		mv	a5,zero
 344 0012 2326F4FE 		sw	a5,-20(s0)
 166:../src/middleware/bacnet/demo/object/ao.c ****     unsigned index = 0;
 345              		.loc 1 166 14
 346 0016 232204FE 		sw	zero,-28(s0)
 167:../src/middleware/bacnet/demo/object/ao.c ****     unsigned i = 0;
 347              		.loc 1 167 14
 348 001a 232404FE 		sw	zero,-24(s0)
 168:../src/middleware/bacnet/demo/object/ao.c **** 
 169:../src/middleware/bacnet/demo/object/ao.c ****     index = Analog_Output_Instance_To_Index(object_instance);
 349              		.loc 1 169 13
 350 001e 8327C4FD 		lw	a5,-36(s0)
 351 0022 3E85     		mv	a0,a5
 352 0024 97000000 		call	Analog_Output_Instance_To_Index
 352      E7800000 
 353 002c AA87     		mv	a5,a0
 354 002e 2322F4FE 		sw	a5,-28(s0)
 170:../src/middleware/bacnet/demo/object/ao.c ****     if (index < MAX_ANALOG_OUTPUTS) {
 355              		.loc 1 170 8
 356 0032 832744FE 		lw	a5,-28(s0)
 357 0036 1B870700 		sext.w	a4,a5
 358 003a 8D47     		li	a5,3
 359 003c 63EAE706 		bgtu	a4,a5,.L26
 171:../src/middleware/bacnet/demo/object/ao.c ****         for (i = 0; i < BACNET_MAX_PRIORITY; i++) {
 360              		.loc 1 171 16
 361 0040 232404FE 		sw	zero,-24(s0)
 362              		.loc 1 171 9
 363 0044 B9A8     		j	.L27
 364              	.L29:
 172:../src/middleware/bacnet/demo/object/ao.c ****             if (Analog_Output_Level[index][i] != AO_LEVEL_NULL) {
 365              		.loc 1 172 43
 366 0046 97060000 		lla	a3,Analog_Output_Level
 366      93860600 
 367 004e 836784FE 		lwu	a5,-24(s0)
 368 0052 036744FE 		lwu	a4,-28(s0)
 369 0056 1207     		slli	a4,a4,4
 370 0058 3697     		add	a4,a3,a4
 371 005a BA97     		add	a5,a4,a5
 372 005c 83C70700 		lbu	a5,0(a5)
 373              		.loc 1 172 16
 374 0060 3E87     		mv	a4,a5
 375 0062 9307F00F 		li	a5,255
 376 0066 6309F702 		beq	a4,a5,.L28
 173:../src/middleware/bacnet/demo/object/ao.c ****                 value = Analog_Output_Level[index][i];
 377              		.loc 1 173 51
 378 006a 97060000 		lla	a3,Analog_Output_Level
 378      93860600 
 379 0072 836784FE 		lwu	a5,-24(s0)
 380 0076 036744FE 		lwu	a4,-28(s0)
 381 007a 1207     		slli	a4,a4,4
 382 007c 3697     		add	a4,a3,a4
 383 007e BA97     		add	a5,a4,a5
 384 0080 83C70700 		lbu	a5,0(a5)
 385              		.loc 1 173 23
 386 0084 8127     		sext.w	a5,a5
 387 0086 3E85     		mv	a0,a5
 388 0088 97000000 		call	__floatunsisf
 388      E7800000 
 389              	.LVL0:
 390 0090 AA87     		mv	a5,a0
 391 0092 2326F4FE 		sw	a5,-20(s0)
 174:../src/middleware/bacnet/demo/object/ao.c ****                 break;
 392              		.loc 1 174 17
 393 0096 29A8     		j	.L26
 394              	.L28:
 171:../src/middleware/bacnet/demo/object/ao.c ****             if (Analog_Output_Level[index][i] != AO_LEVEL_NULL) {
 395              		.loc 1 171 47 discriminator 2
 396 0098 832784FE 		lw	a5,-24(s0)
 397 009c 8527     		addiw	a5,a5,1
 398 009e 2324F4FE 		sw	a5,-24(s0)
 399              	.L27:
 171:../src/middleware/bacnet/demo/object/ao.c ****             if (Analog_Output_Level[index][i] != AO_LEVEL_NULL) {
 400              		.loc 1 171 9 discriminator 1
 401 00a2 832784FE 		lw	a5,-24(s0)
 402 00a6 1B870700 		sext.w	a4,a5
 403 00aa BD47     		li	a5,15
 404 00ac E3FDE7F8 		bleu	a4,a5,.L29
 405              	.L26:
 175:../src/middleware/bacnet/demo/object/ao.c ****             }
 176:../src/middleware/bacnet/demo/object/ao.c ****         }
 177:../src/middleware/bacnet/demo/object/ao.c ****     }
 178:../src/middleware/bacnet/demo/object/ao.c **** 
 179:../src/middleware/bacnet/demo/object/ao.c ****     return value;
 406              		.loc 1 179 12
 407 00b0 8327C4FE 		lw	a5,-20(s0)
 180:../src/middleware/bacnet/demo/object/ao.c **** }
 408              		.loc 1 180 1
 409 00b4 3E85     		mv	a0,a5
 410 00b6 A270     		ld	ra,40(sp)
 411              		.cfi_restore 1
 412 00b8 0274     		ld	s0,32(sp)
 413              		.cfi_restore 8
 414              		.cfi_def_cfa 2, 48
 415 00ba 4561     		addi	sp,sp,48
 416              		.cfi_def_cfa_offset 0
 417 00bc 8280     		jr	ra
 418              		.cfi_endproc
 419              	.LFE9:
 421              		.section	.text.Analog_Output_Present_Value_Priority,"ax",@progbits
 422              		.align	1
 423              		.globl	Analog_Output_Present_Value_Priority
 425              	Analog_Output_Present_Value_Priority:
 426              	.LFB10:
 181:../src/middleware/bacnet/demo/object/ao.c **** 
 182:../src/middleware/bacnet/demo/object/ao.c **** unsigned Analog_Output_Present_Value_Priority(
 183:../src/middleware/bacnet/demo/object/ao.c ****     uint32_t object_instance)
 184:../src/middleware/bacnet/demo/object/ao.c **** {
 427              		.loc 1 184 1
 428              		.cfi_startproc
 429 0000 7971     		addi	sp,sp,-48
 430              		.cfi_def_cfa_offset 48
 431 0002 06F4     		sd	ra,40(sp)
 432 0004 22F0     		sd	s0,32(sp)
 433              		.cfi_offset 1, -8
 434              		.cfi_offset 8, -16
 435 0006 0018     		addi	s0,sp,48
 436              		.cfi_def_cfa 8, 0
 437 0008 AA87     		mv	a5,a0
 438 000a 232EF4FC 		sw	a5,-36(s0)
 185:../src/middleware/bacnet/demo/object/ao.c ****     unsigned index = 0; /* instance to index conversion */
 439              		.loc 1 185 14
 440 000e 232204FE 		sw	zero,-28(s0)
 186:../src/middleware/bacnet/demo/object/ao.c ****     unsigned i = 0;     /* loop counter */
 441              		.loc 1 186 14
 442 0012 232604FE 		sw	zero,-20(s0)
 187:../src/middleware/bacnet/demo/object/ao.c ****     unsigned priority = 0;      /* return value */
 443              		.loc 1 187 14
 444 0016 232404FE 		sw	zero,-24(s0)
 188:../src/middleware/bacnet/demo/object/ao.c **** 
 189:../src/middleware/bacnet/demo/object/ao.c ****     index = Analog_Output_Instance_To_Index(object_instance);
 445              		.loc 1 189 13
 446 001a 8327C4FD 		lw	a5,-36(s0)
 447 001e 3E85     		mv	a0,a5
 448 0020 97000000 		call	Analog_Output_Instance_To_Index
 448      E7800000 
 449 0028 AA87     		mv	a5,a0
 450 002a 2322F4FE 		sw	a5,-28(s0)
 190:../src/middleware/bacnet/demo/object/ao.c ****     if (index < MAX_ANALOG_OUTPUTS) {
 451              		.loc 1 190 8
 452 002e 832744FE 		lw	a5,-28(s0)
 453 0032 1B870700 		sext.w	a4,a5
 454 0036 8D47     		li	a5,3
 455 0038 63E9E704 		bgtu	a4,a5,.L32
 191:../src/middleware/bacnet/demo/object/ao.c ****         for (i = 0; i < BACNET_MAX_PRIORITY; i++) {
 456              		.loc 1 191 16
 457 003c 232604FE 		sw	zero,-20(s0)
 458              		.loc 1 191 9
 459 0040 35A8     		j	.L33
 460              	.L35:
 192:../src/middleware/bacnet/demo/object/ao.c ****             if (Analog_Output_Level[index][i] != AO_LEVEL_NULL) {
 461              		.loc 1 192 43
 462 0042 97060000 		lla	a3,Analog_Output_Level
 462      93860600 
 463 004a 8367C4FE 		lwu	a5,-20(s0)
 464 004e 036744FE 		lwu	a4,-28(s0)
 465 0052 1207     		slli	a4,a4,4
 466 0054 3697     		add	a4,a3,a4
 467 0056 BA97     		add	a5,a4,a5
 468 0058 83C70700 		lbu	a5,0(a5)
 469              		.loc 1 192 16
 470 005c 3E87     		mv	a4,a5
 471 005e 9307F00F 		li	a5,255
 472 0062 6308F700 		beq	a4,a5,.L34
 193:../src/middleware/bacnet/demo/object/ao.c ****                 priority = i + 1;
 473              		.loc 1 193 26
 474 0066 8327C4FE 		lw	a5,-20(s0)
 475 006a 8527     		addiw	a5,a5,1
 476 006c 2324F4FE 		sw	a5,-24(s0)
 194:../src/middleware/bacnet/demo/object/ao.c ****                 break;
 477              		.loc 1 194 17
 478 0070 29A8     		j	.L32
 479              	.L34:
 191:../src/middleware/bacnet/demo/object/ao.c ****             if (Analog_Output_Level[index][i] != AO_LEVEL_NULL) {
 480              		.loc 1 191 47 discriminator 2
 481 0072 8327C4FE 		lw	a5,-20(s0)
 482 0076 8527     		addiw	a5,a5,1
 483 0078 2326F4FE 		sw	a5,-20(s0)
 484              	.L33:
 191:../src/middleware/bacnet/demo/object/ao.c ****             if (Analog_Output_Level[index][i] != AO_LEVEL_NULL) {
 485              		.loc 1 191 9 discriminator 1
 486 007c 8327C4FE 		lw	a5,-20(s0)
 487 0080 1B870700 		sext.w	a4,a5
 488 0084 BD47     		li	a5,15
 489 0086 E3FEE7FA 		bleu	a4,a5,.L35
 490              	.L32:
 195:../src/middleware/bacnet/demo/object/ao.c ****             }
 196:../src/middleware/bacnet/demo/object/ao.c ****         }
 197:../src/middleware/bacnet/demo/object/ao.c ****     }
 198:../src/middleware/bacnet/demo/object/ao.c **** 
 199:../src/middleware/bacnet/demo/object/ao.c ****     return priority;
 491              		.loc 1 199 12
 492 008a 832784FE 		lw	a5,-24(s0)
 200:../src/middleware/bacnet/demo/object/ao.c **** }
 493              		.loc 1 200 1
 494 008e 3E85     		mv	a0,a5
 495 0090 A270     		ld	ra,40(sp)
 496              		.cfi_restore 1
 497 0092 0274     		ld	s0,32(sp)
 498              		.cfi_restore 8
 499              		.cfi_def_cfa 2, 48
 500 0094 4561     		addi	sp,sp,48
 501              		.cfi_def_cfa_offset 0
 502 0096 8280     		jr	ra
 503              		.cfi_endproc
 504              	.LFE10:
 506              		.globl	__gesf2
 507              		.globl	__lesf2
 508              		.globl	__fixunssfsi
 509              		.section	.text.Analog_Output_Present_Value_Set,"ax",@progbits
 510              		.align	1
 511              		.globl	Analog_Output_Present_Value_Set
 513              	Analog_Output_Present_Value_Set:
 514              	.LFB11:
 201:../src/middleware/bacnet/demo/object/ao.c **** 
 202:../src/middleware/bacnet/demo/object/ao.c **** bool Analog_Output_Present_Value_Set(
 203:../src/middleware/bacnet/demo/object/ao.c ****     uint32_t object_instance,
 204:../src/middleware/bacnet/demo/object/ao.c ****     float value,
 205:../src/middleware/bacnet/demo/object/ao.c ****     unsigned priority)
 206:../src/middleware/bacnet/demo/object/ao.c **** {
 515              		.loc 1 206 1
 516              		.cfi_startproc
 517 0000 3971     		addi	sp,sp,-64
 518              		.cfi_def_cfa_offset 64
 519 0002 06FC     		sd	ra,56(sp)
 520 0004 22F8     		sd	s0,48(sp)
 521 0006 26F4     		sd	s1,40(sp)
 522              		.cfi_offset 1, -8
 523              		.cfi_offset 8, -16
 524              		.cfi_offset 9, -24
 525 0008 8000     		addi	s0,sp,64
 526              		.cfi_def_cfa 8, 0
 527 000a AA87     		mv	a5,a0
 528 000c 2324B4FC 		sw	a1,-56(s0)
 529 0010 3287     		mv	a4,a2
 530 0012 2326F4FC 		sw	a5,-52(s0)
 531 0016 BA87     		mv	a5,a4
 532 0018 2322F4FC 		sw	a5,-60(s0)
 207:../src/middleware/bacnet/demo/object/ao.c ****     unsigned index = 0;
 533              		.loc 1 207 14
 534 001c 232C04FC 		sw	zero,-40(s0)
 208:../src/middleware/bacnet/demo/object/ao.c ****     bool status = false;
 535              		.loc 1 208 10
 536 0020 A30F04FC 		sb	zero,-33(s0)
 209:../src/middleware/bacnet/demo/object/ao.c **** 
 210:../src/middleware/bacnet/demo/object/ao.c ****     index = Analog_Output_Instance_To_Index(object_instance);
 537              		.loc 1 210 13
 538 0024 8327C4FC 		lw	a5,-52(s0)
 539 0028 3E85     		mv	a0,a5
 540 002a 97000000 		call	Analog_Output_Instance_To_Index
 540      E7800000 
 541 0032 AA87     		mv	a5,a0
 542 0034 232CF4FC 		sw	a5,-40(s0)
 211:../src/middleware/bacnet/demo/object/ao.c ****     if (index < MAX_ANALOG_OUTPUTS) {
 543              		.loc 1 211 8
 544 0038 832784FD 		lw	a5,-40(s0)
 545 003c 1B870700 		sext.w	a4,a5
 546 0040 8D47     		li	a5,3
 547 0042 63ECE708 		bgtu	a4,a5,.L38
 212:../src/middleware/bacnet/demo/object/ao.c ****         if (priority && (priority <= BACNET_MAX_PRIORITY) &&
 548              		.loc 1 212 12
 549 0046 832744FC 		lw	a5,-60(s0)
 550 004a 8127     		sext.w	a5,a5
 551 004c D9C7     		beq	a5,zero,.L38
 552              		.loc 1 212 22 discriminator 1
 553 004e 832744FC 		lw	a5,-60(s0)
 554 0052 1B870700 		sext.w	a4,a5
 555 0056 C147     		li	a5,16
 556 0058 63E1E708 		bgtu	a4,a5,.L38
 557              		.loc 1 212 59 discriminator 2
 558 005c 832744FC 		lw	a5,-60(s0)
 559 0060 1B870700 		sext.w	a4,a5
 560 0064 9947     		li	a5,6
 561 0066 630AF706 		beq	a4,a5,.L38
 213:../src/middleware/bacnet/demo/object/ao.c ****             (priority != 6 /* reserved */ ) &&
 562              		.loc 1 213 45
 563 006a 93050000 		mv	a1,zero
 564 006e 032584FC 		lw	a0,-56(s0)
 565 0072 97000000 		call	__gesf2
 565      E7800000 
 566              	.LVL1:
 567 007a AA87     		mv	a5,a0
 568 007c 63CF0704 		blt	a5,zero,.L38
 214:../src/middleware/bacnet/demo/object/ao.c ****             (value >= 0.0) && (value <= 100.0)) {
 569              		.loc 1 214 28
 570 0080 97070000 		lla	a5,.LC0
 570      93870700 
 571 0088 8C43     		lw	a1,0(a5)
 572 008a 032584FC 		lw	a0,-56(s0)
 573 008e 97000000 		call	__lesf2
 573      E7800000 
 574              	.LVL2:
 575 0096 AA87     		mv	a5,a0
 576 0098 6341F004 		bgt	a5,zero,.L38
 215:../src/middleware/bacnet/demo/object/ao.c ****             Analog_Output_Level[index][priority - 1] = (uint8_t) value;
 577              		.loc 1 215 49
 578 009c 832744FC 		lw	a5,-60(s0)
 579 00a0 FD37     		addiw	a5,a5,-1
 580 00a2 9B840700 		sext.w	s1,a5
 581              		.loc 1 215 56
 582 00a6 032584FC 		lw	a0,-56(s0)
 583 00aa 97000000 		call	__fixunssfsi
 583      E7800000 
 584              	.LVL3:
 585 00b2 AA87     		mv	a5,a0
 586 00b4 13F7F70F 		andi	a4,a5,0xff
 587              		.loc 1 215 54
 588 00b8 17060000 		lla	a2,Analog_Output_Level
 588      13060600 
 589 00c0 93970402 		slli	a5,s1,32
 590 00c4 8193     		srli	a5,a5,32
 591 00c6 836684FD 		lwu	a3,-40(s0)
 592 00ca 9206     		slli	a3,a3,4
 593 00cc B296     		add	a3,a2,a3
 594 00ce B697     		add	a5,a3,a5
 595 00d0 2380E700 		sb	a4,0(a5)
 216:../src/middleware/bacnet/demo/object/ao.c ****             /* Note: you could set the physical output here to the next
 217:../src/middleware/bacnet/demo/object/ao.c ****                highest priority, or to the relinquish default if no
 218:../src/middleware/bacnet/demo/object/ao.c ****                priorities are set.
 219:../src/middleware/bacnet/demo/object/ao.c ****                However, if Out of Service is TRUE, then don't set the
 220:../src/middleware/bacnet/demo/object/ao.c ****                physical output.  This comment may apply to the
 221:../src/middleware/bacnet/demo/object/ao.c ****                main loop (i.e. check out of service before changing output) */
 222:../src/middleware/bacnet/demo/object/ao.c ****             status = true;
 596              		.loc 1 222 20
 597 00d4 8547     		li	a5,1
 598 00d6 A30FF4FC 		sb	a5,-33(s0)
 599              	.L38:
 223:../src/middleware/bacnet/demo/object/ao.c ****         }
 224:../src/middleware/bacnet/demo/object/ao.c ****     }
 225:../src/middleware/bacnet/demo/object/ao.c **** 
 226:../src/middleware/bacnet/demo/object/ao.c ****     return status;
 600              		.loc 1 226 12
 601 00da 8347F4FD 		lbu	a5,-33(s0)
 227:../src/middleware/bacnet/demo/object/ao.c **** }
 602              		.loc 1 227 1
 603 00de 3E85     		mv	a0,a5
 604 00e0 E270     		ld	ra,56(sp)
 605              		.cfi_restore 1
 606 00e2 4274     		ld	s0,48(sp)
 607              		.cfi_restore 8
 608              		.cfi_def_cfa 2, 64
 609 00e4 A274     		ld	s1,40(sp)
 610              		.cfi_restore 9
 611 00e6 2161     		addi	sp,sp,64
 612              		.cfi_def_cfa_offset 0
 613 00e8 8280     		jr	ra
 614              		.cfi_endproc
 615              	.LFE11:
 617              		.section	.text.Analog_Output_Present_Value_Relinquish,"ax",@progbits
 618              		.align	1
 619              		.globl	Analog_Output_Present_Value_Relinquish
 621              	Analog_Output_Present_Value_Relinquish:
 622              	.LFB12:
 228:../src/middleware/bacnet/demo/object/ao.c **** 
 229:../src/middleware/bacnet/demo/object/ao.c **** bool Analog_Output_Present_Value_Relinquish(
 230:../src/middleware/bacnet/demo/object/ao.c ****     uint32_t object_instance,
 231:../src/middleware/bacnet/demo/object/ao.c ****     unsigned priority)
 232:../src/middleware/bacnet/demo/object/ao.c **** {
 623              		.loc 1 232 1
 624              		.cfi_startproc
 625 0000 7971     		addi	sp,sp,-48
 626              		.cfi_def_cfa_offset 48
 627 0002 06F4     		sd	ra,40(sp)
 628 0004 22F0     		sd	s0,32(sp)
 629              		.cfi_offset 1, -8
 630              		.cfi_offset 8, -16
 631 0006 0018     		addi	s0,sp,48
 632              		.cfi_def_cfa 8, 0
 633 0008 AA87     		mv	a5,a0
 634 000a 2E87     		mv	a4,a1
 635 000c 232EF4FC 		sw	a5,-36(s0)
 636 0010 BA87     		mv	a5,a4
 637 0012 232CF4FC 		sw	a5,-40(s0)
 233:../src/middleware/bacnet/demo/object/ao.c ****     unsigned index = 0;
 638              		.loc 1 233 14
 639 0016 232404FE 		sw	zero,-24(s0)
 234:../src/middleware/bacnet/demo/object/ao.c ****     bool status = false;
 640              		.loc 1 234 10
 641 001a A30704FE 		sb	zero,-17(s0)
 235:../src/middleware/bacnet/demo/object/ao.c **** 
 236:../src/middleware/bacnet/demo/object/ao.c ****     index = Analog_Output_Instance_To_Index(object_instance);
 642              		.loc 1 236 13
 643 001e 8327C4FD 		lw	a5,-36(s0)
 644 0022 3E85     		mv	a0,a5
 645 0024 97000000 		call	Analog_Output_Instance_To_Index
 645      E7800000 
 646 002c AA87     		mv	a5,a0
 647 002e 2324F4FE 		sw	a5,-24(s0)
 237:../src/middleware/bacnet/demo/object/ao.c ****     if (index < MAX_ANALOG_OUTPUTS) {
 648              		.loc 1 237 8
 649 0032 832784FE 		lw	a5,-24(s0)
 650 0036 1B870700 		sext.w	a4,a5
 651 003a 8D47     		li	a5,3
 652 003c 63E9E704 		bgtu	a4,a5,.L45
 238:../src/middleware/bacnet/demo/object/ao.c ****         if (priority && (priority <= BACNET_MAX_PRIORITY) &&
 653              		.loc 1 238 12
 654 0040 832784FD 		lw	a5,-40(s0)
 655 0044 8127     		sext.w	a5,a5
 656 0046 A1C7     		beq	a5,zero,.L45
 657              		.loc 1 238 22 discriminator 1
 658 0048 832784FD 		lw	a5,-40(s0)
 659 004c 1B870700 		sext.w	a4,a5
 660 0050 C147     		li	a5,16
 661 0052 63EEE702 		bgtu	a4,a5,.L45
 662              		.loc 1 238 59 discriminator 2
 663 0056 832784FD 		lw	a5,-40(s0)
 664 005a 1B870700 		sext.w	a4,a5
 665 005e 9947     		li	a5,6
 666 0060 6307F702 		beq	a4,a5,.L45
 239:../src/middleware/bacnet/demo/object/ao.c ****             (priority != 6 /* reserved */ )) {
 240:../src/middleware/bacnet/demo/object/ao.c ****             Analog_Output_Level[index][priority - 1] = AO_LEVEL_NULL;
 667              		.loc 1 240 49
 668 0064 832784FD 		lw	a5,-40(s0)
 669 0068 FD37     		addiw	a5,a5,-1
 670 006a 8127     		sext.w	a5,a5
 671              		.loc 1 240 54
 672 006c 97060000 		lla	a3,Analog_Output_Level
 672      93860600 
 673 0074 8217     		slli	a5,a5,32
 674 0076 8193     		srli	a5,a5,32
 675 0078 036784FE 		lwu	a4,-24(s0)
 676 007c 1207     		slli	a4,a4,4
 677 007e 3697     		add	a4,a3,a4
 678 0080 BA97     		add	a5,a4,a5
 679 0082 7D57     		li	a4,-1
 680 0084 2380E700 		sb	a4,0(a5)
 241:../src/middleware/bacnet/demo/object/ao.c ****             /* Note: you could set the physical output here to the next
 242:../src/middleware/bacnet/demo/object/ao.c ****                highest priority, or to the relinquish default if no
 243:../src/middleware/bacnet/demo/object/ao.c ****                priorities are set.
 244:../src/middleware/bacnet/demo/object/ao.c ****                However, if Out of Service is TRUE, then don't set the
 245:../src/middleware/bacnet/demo/object/ao.c ****                physical output.  This comment may apply to the
 246:../src/middleware/bacnet/demo/object/ao.c ****                main loop (i.e. check out of service before changing output) */
 247:../src/middleware/bacnet/demo/object/ao.c ****             status = true;
 681              		.loc 1 247 20
 682 0088 8547     		li	a5,1
 683 008a A307F4FE 		sb	a5,-17(s0)
 684              	.L45:
 248:../src/middleware/bacnet/demo/object/ao.c ****         }
 249:../src/middleware/bacnet/demo/object/ao.c ****     }
 250:../src/middleware/bacnet/demo/object/ao.c **** 
 251:../src/middleware/bacnet/demo/object/ao.c ****     return status;
 685              		.loc 1 251 12
 686 008e 8347F4FE 		lbu	a5,-17(s0)
 252:../src/middleware/bacnet/demo/object/ao.c **** }
 687              		.loc 1 252 1
 688 0092 3E85     		mv	a0,a5
 689 0094 A270     		ld	ra,40(sp)
 690              		.cfi_restore 1
 691 0096 0274     		ld	s0,32(sp)
 692              		.cfi_restore 8
 693              		.cfi_def_cfa 2, 48
 694 0098 4561     		addi	sp,sp,48
 695              		.cfi_def_cfa_offset 0
 696 009a 8280     		jr	ra
 697              		.cfi_endproc
 698              	.LFE12:
 700              		.section	.rodata
 701              		.align	3
 702              	.LC1:
 703 0000 414E414C 		.string	"ANALOG OUTPUT %lu"
 703      4F47204F 
 703      55545055 
 703      5420256C 
 703      7500
 704              		.section	.text.Analog_Output_Object_Name,"ax",@progbits
 705              		.align	1
 706              		.globl	Analog_Output_Object_Name
 708              	Analog_Output_Object_Name:
 709              	.LFB13:
 253:../src/middleware/bacnet/demo/object/ao.c **** 
 254:../src/middleware/bacnet/demo/object/ao.c **** /* note: the object name must be unique within this device */
 255:../src/middleware/bacnet/demo/object/ao.c **** bool Analog_Output_Object_Name(
 256:../src/middleware/bacnet/demo/object/ao.c ****     uint32_t object_instance,
 257:../src/middleware/bacnet/demo/object/ao.c ****     BACNET_CHARACTER_STRING * object_name)
 258:../src/middleware/bacnet/demo/object/ao.c **** {
 710              		.loc 1 258 1
 711              		.cfi_startproc
 712 0000 7971     		addi	sp,sp,-48
 713              		.cfi_def_cfa_offset 48
 714 0002 06F4     		sd	ra,40(sp)
 715 0004 22F0     		sd	s0,32(sp)
 716              		.cfi_offset 1, -8
 717              		.cfi_offset 8, -16
 718 0006 0018     		addi	s0,sp,48
 719              		.cfi_def_cfa 8, 0
 720 0008 AA87     		mv	a5,a0
 721 000a 2338B4FC 		sd	a1,-48(s0)
 722 000e 232EF4FC 		sw	a5,-36(s0)
 259:../src/middleware/bacnet/demo/object/ao.c ****     static char text_string[32] = "";   /* okay for single thread */
 260:../src/middleware/bacnet/demo/object/ao.c ****     bool status = false;
 723              		.loc 1 260 10
 724 0012 A30704FE 		sb	zero,-17(s0)
 261:../src/middleware/bacnet/demo/object/ao.c **** 
 262:../src/middleware/bacnet/demo/object/ao.c ****     if (object_instance < MAX_ANALOG_OUTPUTS) {
 725              		.loc 1 262 8
 726 0016 8327C4FD 		lw	a5,-36(s0)
 727 001a 1B870700 		sext.w	a4,a5
 728 001e 8D47     		li	a5,3
 729 0020 63EEE702 		bgtu	a4,a5,.L48
 263:../src/middleware/bacnet/demo/object/ao.c ****         sprintf(text_string, "ANALOG OUTPUT %lu",
 730              		.loc 1 263 9
 731 0024 8367C4FD 		lwu	a5,-36(s0)
 732 0028 3E86     		mv	a2,a5
 733 002a 97050000 		lla	a1,.LC1
 733      93850500 
 734 0032 17050000 		lla	a0,text_string.6498
 734      13050500 
 735 003a 97000000 		call	sprintf
 735      E7800000 
 264:../src/middleware/bacnet/demo/object/ao.c ****             (unsigned long) object_instance);
 265:../src/middleware/bacnet/demo/object/ao.c ****         status = characterstring_init_ansi(object_name, text_string);
 736              		.loc 1 265 18
 737 0042 97050000 		lla	a1,text_string.6498
 737      93850500 
 738 004a 033504FD 		ld	a0,-48(s0)
 739 004e 97000000 		call	characterstring_init_ansi
 739      E7800000 
 740 0056 AA87     		mv	a5,a0
 741 0058 A307F4FE 		sb	a5,-17(s0)
 742              	.L48:
 266:../src/middleware/bacnet/demo/object/ao.c ****     }
 267:../src/middleware/bacnet/demo/object/ao.c **** 
 268:../src/middleware/bacnet/demo/object/ao.c ****     return status;
 743              		.loc 1 268 12
 744 005c 8347F4FE 		lbu	a5,-17(s0)
 269:../src/middleware/bacnet/demo/object/ao.c **** }
 745              		.loc 1 269 1
 746 0060 3E85     		mv	a0,a5
 747 0062 A270     		ld	ra,40(sp)
 748              		.cfi_restore 1
 749 0064 0274     		ld	s0,32(sp)
 750              		.cfi_restore 8
 751              		.cfi_def_cfa 2, 48
 752 0066 4561     		addi	sp,sp,48
 753              		.cfi_def_cfa_offset 0
 754 0068 8280     		jr	ra
 755              		.cfi_endproc
 756              	.LFE13:
 758              		.section	.text.Analog_Output_Out_Of_Service,"ax",@progbits
 759              		.align	1
 760              		.globl	Analog_Output_Out_Of_Service
 762              	Analog_Output_Out_Of_Service:
 763              	.LFB14:
 270:../src/middleware/bacnet/demo/object/ao.c **** 
 271:../src/middleware/bacnet/demo/object/ao.c **** bool Analog_Output_Out_Of_Service(
 272:../src/middleware/bacnet/demo/object/ao.c ****     uint32_t instance)
 273:../src/middleware/bacnet/demo/object/ao.c **** {
 764              		.loc 1 273 1
 765              		.cfi_startproc
 766 0000 7971     		addi	sp,sp,-48
 767              		.cfi_def_cfa_offset 48
 768 0002 06F4     		sd	ra,40(sp)
 769 0004 22F0     		sd	s0,32(sp)
 770              		.cfi_offset 1, -8
 771              		.cfi_offset 8, -16
 772 0006 0018     		addi	s0,sp,48
 773              		.cfi_def_cfa 8, 0
 774 0008 AA87     		mv	a5,a0
 775 000a 232EF4FC 		sw	a5,-36(s0)
 274:../src/middleware/bacnet/demo/object/ao.c ****     unsigned index = 0;
 776              		.loc 1 274 14
 777 000e 232404FE 		sw	zero,-24(s0)
 275:../src/middleware/bacnet/demo/object/ao.c ****     bool oos_flag = false;
 778              		.loc 1 275 10
 779 0012 A30704FE 		sb	zero,-17(s0)
 276:../src/middleware/bacnet/demo/object/ao.c **** 
 277:../src/middleware/bacnet/demo/object/ao.c ****     index = Analog_Output_Instance_To_Index(instance);
 780              		.loc 1 277 13
 781 0016 8327C4FD 		lw	a5,-36(s0)
 782 001a 3E85     		mv	a0,a5
 783 001c 97000000 		call	Analog_Output_Instance_To_Index
 783      E7800000 
 784 0024 AA87     		mv	a5,a0
 785 0026 2324F4FE 		sw	a5,-24(s0)
 278:../src/middleware/bacnet/demo/object/ao.c ****     if (index < MAX_ANALOG_OUTPUTS) {
 786              		.loc 1 278 8
 787 002a 832784FE 		lw	a5,-24(s0)
 788 002e 1B870700 		sext.w	a4,a5
 789 0032 8D47     		li	a5,3
 790 0034 63EDE700 		bgtu	a4,a5,.L51
 279:../src/middleware/bacnet/demo/object/ao.c ****         oos_flag = Out_Of_Service[index];
 791              		.loc 1 279 18
 792 0038 17070000 		lla	a4,Out_Of_Service
 792      13070700 
 793 0040 836784FE 		lwu	a5,-24(s0)
 794 0044 BA97     		add	a5,a4,a5
 795 0046 83C70700 		lbu	a5,0(a5)
 796 004a A307F4FE 		sb	a5,-17(s0)
 797              	.L51:
 280:../src/middleware/bacnet/demo/object/ao.c ****     }
 281:../src/middleware/bacnet/demo/object/ao.c **** 
 282:../src/middleware/bacnet/demo/object/ao.c ****     return oos_flag;
 798              		.loc 1 282 12
 799 004e 8347F4FE 		lbu	a5,-17(s0)
 283:../src/middleware/bacnet/demo/object/ao.c **** }
 800              		.loc 1 283 1
 801 0052 3E85     		mv	a0,a5
 802 0054 A270     		ld	ra,40(sp)
 803              		.cfi_restore 1
 804 0056 0274     		ld	s0,32(sp)
 805              		.cfi_restore 8
 806              		.cfi_def_cfa 2, 48
 807 0058 4561     		addi	sp,sp,48
 808              		.cfi_def_cfa_offset 0
 809 005a 8280     		jr	ra
 810              		.cfi_endproc
 811              	.LFE14:
 813              		.section	.text.Analog_Output_Out_Of_Service_Set,"ax",@progbits
 814              		.align	1
 815              		.globl	Analog_Output_Out_Of_Service_Set
 817              	Analog_Output_Out_Of_Service_Set:
 818              	.LFB15:
 284:../src/middleware/bacnet/demo/object/ao.c **** 
 285:../src/middleware/bacnet/demo/object/ao.c **** void Analog_Output_Out_Of_Service_Set(
 286:../src/middleware/bacnet/demo/object/ao.c ****     uint32_t instance,
 287:../src/middleware/bacnet/demo/object/ao.c ****     bool oos_flag)
 288:../src/middleware/bacnet/demo/object/ao.c **** {
 819              		.loc 1 288 1
 820              		.cfi_startproc
 821 0000 7971     		addi	sp,sp,-48
 822              		.cfi_def_cfa_offset 48
 823 0002 06F4     		sd	ra,40(sp)
 824 0004 22F0     		sd	s0,32(sp)
 825              		.cfi_offset 1, -8
 826              		.cfi_offset 8, -16
 827 0006 0018     		addi	s0,sp,48
 828              		.cfi_def_cfa 8, 0
 829 0008 AA87     		mv	a5,a0
 830 000a 2E87     		mv	a4,a1
 831 000c 232EF4FC 		sw	a5,-36(s0)
 832 0010 BA87     		mv	a5,a4
 833 0012 A30DF4FC 		sb	a5,-37(s0)
 289:../src/middleware/bacnet/demo/object/ao.c ****     unsigned index = 0;
 834              		.loc 1 289 14
 835 0016 232604FE 		sw	zero,-20(s0)
 290:../src/middleware/bacnet/demo/object/ao.c **** 
 291:../src/middleware/bacnet/demo/object/ao.c ****     index = Analog_Output_Instance_To_Index(instance);
 836              		.loc 1 291 13
 837 001a 8327C4FD 		lw	a5,-36(s0)
 838 001e 3E85     		mv	a0,a5
 839 0020 97000000 		call	Analog_Output_Instance_To_Index
 839      E7800000 
 840 0028 AA87     		mv	a5,a0
 841 002a 2326F4FE 		sw	a5,-20(s0)
 292:../src/middleware/bacnet/demo/object/ao.c ****     if (index < MAX_ANALOG_OUTPUTS) {
 842              		.loc 1 292 8
 843 002e 8327C4FE 		lw	a5,-20(s0)
 844 0032 1B870700 		sext.w	a4,a5
 845 0036 8D47     		li	a5,3
 846 0038 63EDE700 		bgtu	a4,a5,.L55
 293:../src/middleware/bacnet/demo/object/ao.c ****         Out_Of_Service[index] = oos_flag;
 847              		.loc 1 293 31
 848 003c 17070000 		lla	a4,Out_Of_Service
 848      13070700 
 849 0044 8367C4FE 		lwu	a5,-20(s0)
 850 0048 BA97     		add	a5,a4,a5
 851 004a 0347B4FD 		lbu	a4,-37(s0)
 852 004e 2380E700 		sb	a4,0(a5)
 853              	.L55:
 294:../src/middleware/bacnet/demo/object/ao.c ****     }
 295:../src/middleware/bacnet/demo/object/ao.c **** }
 854              		.loc 1 295 1
 855 0052 0100     		nop
 856 0054 A270     		ld	ra,40(sp)
 857              		.cfi_restore 1
 858 0056 0274     		ld	s0,32(sp)
 859              		.cfi_restore 8
 860              		.cfi_def_cfa 2, 48
 861 0058 4561     		addi	sp,sp,48
 862              		.cfi_def_cfa_offset 0
 863 005a 8280     		jr	ra
 864              		.cfi_endproc
 865              	.LFE15:
 867              		.section	.text.Analog_Output_Read_Property,"ax",@progbits
 868              		.align	1
 869              		.globl	Analog_Output_Read_Property
 871              	Analog_Output_Read_Property:
 872              	.LFB16:
 296:../src/middleware/bacnet/demo/object/ao.c **** 
 297:../src/middleware/bacnet/demo/object/ao.c **** /* return apdu len, or BACNET_STATUS_ERROR on error */
 298:../src/middleware/bacnet/demo/object/ao.c **** int Analog_Output_Read_Property(
 299:../src/middleware/bacnet/demo/object/ao.c ****     BACNET_READ_PROPERTY_DATA * rpdata)
 300:../src/middleware/bacnet/demo/object/ao.c **** {
 873              		.loc 1 300 1
 874              		.cfi_startproc
 875 0000 1301019E 		addi	sp,sp,-1568
 876              		.cfi_def_cfa_offset 1568
 877 0004 233C1160 		sd	ra,1560(sp)
 878 0008 23388160 		sd	s0,1552(sp)
 879              		.cfi_offset 1, -8
 880              		.cfi_offset 8, -16
 881 000c 13040162 		addi	s0,sp,1568
 882              		.cfi_def_cfa 8, 0
 883 0010 2334A49E 		sd	a0,-1560(s0)
 301:../src/middleware/bacnet/demo/object/ao.c ****     int len = 0;
 884              		.loc 1 301 9
 885 0014 232604FE 		sw	zero,-20(s0)
 302:../src/middleware/bacnet/demo/object/ao.c ****     int apdu_len = 0;   /* return value */
 886              		.loc 1 302 9
 887 0018 232404FE 		sw	zero,-24(s0)
 303:../src/middleware/bacnet/demo/object/ao.c ****     BACNET_BIT_STRING bit_string;
 304:../src/middleware/bacnet/demo/object/ao.c ****     BACNET_CHARACTER_STRING char_string;
 305:../src/middleware/bacnet/demo/object/ao.c ****     float real_value = (float) 1.414;
 888              		.loc 1 305 11
 889 001c 97070000 		lla	a5,.LC2
 889      93870700 
 890 0024 9C43     		lw	a5,0(a5)
 891 0026 2320F4FE 		sw	a5,-32(s0)
 306:../src/middleware/bacnet/demo/object/ao.c ****     unsigned object_index = 0;
 892              		.loc 1 306 14
 893 002a 232E04FC 		sw	zero,-36(s0)
 307:../src/middleware/bacnet/demo/object/ao.c ****     unsigned i = 0;
 894              		.loc 1 307 14
 895 002e 232204FE 		sw	zero,-28(s0)
 308:../src/middleware/bacnet/demo/object/ao.c ****     bool state = false;
 896              		.loc 1 308 10
 897 0032 A30D04FC 		sb	zero,-37(s0)
 309:../src/middleware/bacnet/demo/object/ao.c ****     uint8_t *apdu = NULL;
 898              		.loc 1 309 14
 899 0036 233804FC 		sd	zero,-48(s0)
 310:../src/middleware/bacnet/demo/object/ao.c **** 
 311:../src/middleware/bacnet/demo/object/ao.c ****     if ((rpdata == NULL) || (rpdata->application_data == NULL) ||
 900              		.loc 1 311 8
 901 003a 8337849E 		ld	a5,-1560(s0)
 902 003e 89CB     		beq	a5,zero,.L57
 903              		.loc 1 311 36 discriminator 1
 904 0040 8337849E 		ld	a5,-1560(s0)
 905 0044 9C6B     		ld	a5,16(a5)
 906              		.loc 1 311 26 discriminator 1
 907 0046 89C7     		beq	a5,zero,.L57
 312:../src/middleware/bacnet/demo/object/ao.c ****         (rpdata->application_data_len == 0)) {
 908              		.loc 1 312 16 discriminator 2
 909 0048 8337849E 		ld	a5,-1560(s0)
 910 004c 9C4F     		lw	a5,24(a5)
 311:../src/middleware/bacnet/demo/object/ao.c ****         (rpdata->application_data_len == 0)) {
 911              		.loc 1 311 64 discriminator 2
 912 004e 99E3     		bne	a5,zero,.L58
 913              	.L57:
 313:../src/middleware/bacnet/demo/object/ao.c ****         return 0;
 914              		.loc 1 313 16
 915 0050 8147     		li	a5,0
 916 0052 0DA9     		j	.L87
 917              	.L58:
 314:../src/middleware/bacnet/demo/object/ao.c ****     }
 315:../src/middleware/bacnet/demo/object/ao.c ****     apdu = rpdata->application_data;
 918              		.loc 1 315 10
 919 0054 8337849E 		ld	a5,-1560(s0)
 920 0058 9C6B     		ld	a5,16(a5)
 921 005a 2338F4FC 		sd	a5,-48(s0)
 316:../src/middleware/bacnet/demo/object/ao.c ****     switch (rpdata->object_property) {
 922              		.loc 1 316 19
 923 005e 8337849E 		ld	a5,-1560(s0)
 924 0062 9C47     		lw	a5,8(a5)
 925              		.loc 1 316 5
 926 0064 9B86C7FD 		addiw	a3,a5,-36
 927 0068 1B870600 		sext.w	a4,a3
 928 006c 93071005 		li	a5,81
 929 0070 63EBE73A 		bgtu	a4,a5,.L60
 930 0074 93970602 		slli	a5,a3,32
 931 0078 8193     		srli	a5,a5,32
 932 007a 13972700 		slli	a4,a5,2
 933 007e 97070000 		lla	a5,.L62
 933      93870700 
 934 0086 BA97     		add	a5,a4,a5
 935 0088 9C43     		lw	a5,0(a5)
 936 008a 1B870700 		sext.w	a4,a5
 937 008e 97070000 		lla	a5,.L62
 937      93870700 
 938 0096 BA97     		add	a5,a4,a5
 939 0098 8287     		jr	a5
 940              		.section	.rodata.Analog_Output_Read_Property,"a",@progbits
 941              		.align	2
 942              		.align	2
 943              	.L62:
 944 0000 00000000 		.word	.L71-.L62
 945 0004 00000000 		.word	.L60-.L62
 946 0008 00000000 		.word	.L60-.L62
 947 000c 00000000 		.word	.L60-.L62
 948 0010 00000000 		.word	.L60-.L62
 949 0014 00000000 		.word	.L60-.L62
 950 0018 00000000 		.word	.L60-.L62
 951 001c 00000000 		.word	.L60-.L62
 952 0020 00000000 		.word	.L60-.L62
 953 0024 00000000 		.word	.L60-.L62
 954 0028 00000000 		.word	.L60-.L62
 955 002c 00000000 		.word	.L60-.L62
 956 0030 00000000 		.word	.L60-.L62
 957 0034 00000000 		.word	.L60-.L62
 958 0038 00000000 		.word	.L60-.L62
 959 003c 00000000 		.word	.L60-.L62
 960 0040 00000000 		.word	.L60-.L62
 961 0044 00000000 		.word	.L60-.L62
 962 0048 00000000 		.word	.L60-.L62
 963 004c 00000000 		.word	.L60-.L62
 964 0050 00000000 		.word	.L60-.L62
 965 0054 00000000 		.word	.L60-.L62
 966 0058 00000000 		.word	.L60-.L62
 967 005c 00000000 		.word	.L60-.L62
 968 0060 00000000 		.word	.L60-.L62
 969 0064 00000000 		.word	.L60-.L62
 970 0068 00000000 		.word	.L60-.L62
 971 006c 00000000 		.word	.L60-.L62
 972 0070 00000000 		.word	.L60-.L62
 973 0074 00000000 		.word	.L60-.L62
 974 0078 00000000 		.word	.L60-.L62
 975 007c 00000000 		.word	.L60-.L62
 976 0080 00000000 		.word	.L60-.L62
 977 0084 00000000 		.word	.L60-.L62
 978 0088 00000000 		.word	.L60-.L62
 979 008c 00000000 		.word	.L60-.L62
 980 0090 00000000 		.word	.L60-.L62
 981 0094 00000000 		.word	.L60-.L62
 982 0098 00000000 		.word	.L60-.L62
 983 009c 00000000 		.word	.L70-.L62
 984 00a0 00000000 		.word	.L60-.L62
 985 00a4 00000000 		.word	.L69-.L62
 986 00a8 00000000 		.word	.L60-.L62
 987 00ac 00000000 		.word	.L68-.L62
 988 00b0 00000000 		.word	.L60-.L62
 989 00b4 00000000 		.word	.L67-.L62
 990 00b8 00000000 		.word	.L60-.L62
 991 00bc 00000000 		.word	.L60-.L62
 992 00c0 00000000 		.word	.L60-.L62
 993 00c4 00000000 		.word	.L66-.L62
 994 00c8 00000000 		.word	.L60-.L62
 995 00cc 00000000 		.word	.L65-.L62
 996 00d0 00000000 		.word	.L60-.L62
 997 00d4 00000000 		.word	.L60-.L62
 998 00d8 00000000 		.word	.L60-.L62
 999 00dc 00000000 		.word	.L60-.L62
 1000 00e0 00000000 		.word	.L60-.L62
 1001 00e4 00000000 		.word	.L60-.L62
 1002 00e8 00000000 		.word	.L60-.L62
 1003 00ec 00000000 		.word	.L60-.L62
 1004 00f0 00000000 		.word	.L60-.L62
 1005 00f4 00000000 		.word	.L60-.L62
 1006 00f8 00000000 		.word	.L60-.L62
 1007 00fc 00000000 		.word	.L60-.L62
 1008 0100 00000000 		.word	.L60-.L62
 1009 0104 00000000 		.word	.L60-.L62
 1010 0108 00000000 		.word	.L60-.L62
 1011 010c 00000000 		.word	.L60-.L62
 1012 0110 00000000 		.word	.L64-.L62
 1013 0114 00000000 		.word	.L60-.L62
 1014 0118 00000000 		.word	.L60-.L62
 1015 011c 00000000 		.word	.L60-.L62
 1016 0120 00000000 		.word	.L60-.L62
 1017 0124 00000000 		.word	.L60-.L62
 1018 0128 00000000 		.word	.L60-.L62
 1019 012c 00000000 		.word	.L63-.L62
 1020 0130 00000000 		.word	.L60-.L62
 1021 0134 00000000 		.word	.L60-.L62
 1022 0138 00000000 		.word	.L60-.L62
 1023 013c 00000000 		.word	.L60-.L62
 1024 0140 00000000 		.word	.L60-.L62
 1025 0144 00000000 		.word	.L61-.L62
 1026              		.section	.text.Analog_Output_Read_Property
 1027              	.L70:
 317:../src/middleware/bacnet/demo/object/ao.c ****         case PROP_OBJECT_IDENTIFIER:
 318:../src/middleware/bacnet/demo/object/ao.c ****             apdu_len =
 319:../src/middleware/bacnet/demo/object/ao.c ****                 encode_application_object_id(&apdu[0], OBJECT_ANALOG_OUTPUT,
 1028              		.loc 1 319 17
 1029 009a 8337849E 		ld	a5,-1560(s0)
 1030 009e DC43     		lw	a5,4(a5)
 1031 00a0 3E86     		mv	a2,a5
 1032 00a2 8545     		li	a1,1
 1033 00a4 033504FD 		ld	a0,-48(s0)
 1034 00a8 97000000 		call	encode_application_object_id
 1034      E7800000 
 1035 00b0 AA87     		mv	a5,a0
 1036 00b2 2324F4FE 		sw	a5,-24(s0)
 320:../src/middleware/bacnet/demo/object/ao.c ****                 rpdata->object_instance);
 321:../src/middleware/bacnet/demo/object/ao.c ****             break;
 1037              		.loc 1 321 13
 1038 00b6 69A6     		j	.L72
 1039              	.L69:
 322:../src/middleware/bacnet/demo/object/ao.c ****         case PROP_OBJECT_NAME:
 323:../src/middleware/bacnet/demo/object/ao.c ****             Analog_Output_Object_Name(rpdata->object_instance, &char_string);
 1040              		.loc 1 323 13
 1041 00b8 8337849E 		ld	a5,-1560(s0)
 1042 00bc DC43     		lw	a5,4(a5)
 1043 00be 1307849F 		addi	a4,s0,-1544
 1044 00c2 BA85     		mv	a1,a4
 1045 00c4 3E85     		mv	a0,a5
 1046 00c6 97000000 		call	Analog_Output_Object_Name
 1046      E7800000 
 324:../src/middleware/bacnet/demo/object/ao.c ****             apdu_len =
 325:../src/middleware/bacnet/demo/object/ao.c ****                 encode_application_character_string(&apdu[0], &char_string);
 1047              		.loc 1 325 17
 1048 00ce 9307849F 		addi	a5,s0,-1544
 1049 00d2 BE85     		mv	a1,a5
 1050 00d4 033504FD 		ld	a0,-48(s0)
 1051 00d8 97000000 		call	encode_application_character_string
 1051      E7800000 
 1052 00e0 AA87     		mv	a5,a0
 1053 00e2 2324F4FE 		sw	a5,-24(s0)
 326:../src/middleware/bacnet/demo/object/ao.c ****             break;
 1054              		.loc 1 326 13
 1055 00e6 A9AE     		j	.L72
 1056              	.L68:
 327:../src/middleware/bacnet/demo/object/ao.c ****         case PROP_OBJECT_TYPE:
 328:../src/middleware/bacnet/demo/object/ao.c ****             apdu_len =
 329:../src/middleware/bacnet/demo/object/ao.c ****                 encode_application_enumerated(&apdu[0], OBJECT_ANALOG_OUTPUT);
 1057              		.loc 1 329 17
 1058 00e8 8545     		li	a1,1
 1059 00ea 033504FD 		ld	a0,-48(s0)
 1060 00ee 97000000 		call	encode_application_enumerated
 1060      E7800000 
 1061 00f6 AA87     		mv	a5,a0
 1062 00f8 2324F4FE 		sw	a5,-24(s0)
 330:../src/middleware/bacnet/demo/object/ao.c ****             break;
 1063              		.loc 1 330 13
 1064 00fc 91A6     		j	.L72
 1065              	.L66:
 331:../src/middleware/bacnet/demo/object/ao.c ****         case PROP_PRESENT_VALUE:
 332:../src/middleware/bacnet/demo/object/ao.c ****             real_value = Analog_Output_Present_Value(rpdata->object_instance);
 1066              		.loc 1 332 26
 1067 00fe 8337849E 		ld	a5,-1560(s0)
 1068 0102 DC43     		lw	a5,4(a5)
 1069 0104 3E85     		mv	a0,a5
 1070 0106 97000000 		call	Analog_Output_Present_Value
 1070      E7800000 
 1071 010e 2320A4FE 		sw	a0,-32(s0)
 333:../src/middleware/bacnet/demo/object/ao.c ****             apdu_len = encode_application_real(&apdu[0], real_value);
 1072              		.loc 1 333 24
 1073 0112 832504FE 		lw	a1,-32(s0)
 1074 0116 033504FD 		ld	a0,-48(s0)
 1075 011a 97000000 		call	encode_application_real
 1075      E7800000 
 1076 0122 AA87     		mv	a5,a0
 1077 0124 2324F4FE 		sw	a5,-24(s0)
 334:../src/middleware/bacnet/demo/object/ao.c ****             break;
 1078              		.loc 1 334 13
 1079 0128 21AE     		j	.L72
 1080              	.L63:
 335:../src/middleware/bacnet/demo/object/ao.c ****         case PROP_STATUS_FLAGS:
 336:../src/middleware/bacnet/demo/object/ao.c ****             bitstring_init(&bit_string);
 1081              		.loc 1 336 13
 1082 012a 930704FC 		addi	a5,s0,-64
 1083 012e 3E85     		mv	a0,a5
 1084 0130 97000000 		call	bitstring_init
 1084      E7800000 
 337:../src/middleware/bacnet/demo/object/ao.c ****             bitstring_set_bit(&bit_string, STATUS_FLAG_IN_ALARM, false);
 1085              		.loc 1 337 13
 1086 0138 930704FC 		addi	a5,s0,-64
 1087 013c 0146     		li	a2,0
 1088 013e 8145     		li	a1,0
 1089 0140 3E85     		mv	a0,a5
 1090 0142 97000000 		call	bitstring_set_bit
 1090      E7800000 
 338:../src/middleware/bacnet/demo/object/ao.c ****             bitstring_set_bit(&bit_string, STATUS_FLAG_FAULT, false);
 1091              		.loc 1 338 13
 1092 014a 930704FC 		addi	a5,s0,-64
 1093 014e 0146     		li	a2,0
 1094 0150 8545     		li	a1,1
 1095 0152 3E85     		mv	a0,a5
 1096 0154 97000000 		call	bitstring_set_bit
 1096      E7800000 
 339:../src/middleware/bacnet/demo/object/ao.c ****             bitstring_set_bit(&bit_string, STATUS_FLAG_OVERRIDDEN, false);
 1097              		.loc 1 339 13
 1098 015c 930704FC 		addi	a5,s0,-64
 1099 0160 0146     		li	a2,0
 1100 0162 8945     		li	a1,2
 1101 0164 3E85     		mv	a0,a5
 1102 0166 97000000 		call	bitstring_set_bit
 1102      E7800000 
 340:../src/middleware/bacnet/demo/object/ao.c ****             state = Analog_Output_Out_Of_Service(rpdata->object_instance);
 1103              		.loc 1 340 21
 1104 016e 8337849E 		ld	a5,-1560(s0)
 1105 0172 DC43     		lw	a5,4(a5)
 1106 0174 3E85     		mv	a0,a5
 1107 0176 97000000 		call	Analog_Output_Out_Of_Service
 1107      E7800000 
 1108 017e AA87     		mv	a5,a0
 1109 0180 A30DF4FC 		sb	a5,-37(s0)
 341:../src/middleware/bacnet/demo/object/ao.c ****             bitstring_set_bit(&bit_string, STATUS_FLAG_OUT_OF_SERVICE, state);
 1110              		.loc 1 341 13
 1111 0184 0347B4FD 		lbu	a4,-37(s0)
 1112 0188 930704FC 		addi	a5,s0,-64
 1113 018c 3A86     		mv	a2,a4
 1114 018e 8D45     		li	a1,3
 1115 0190 3E85     		mv	a0,a5
 1116 0192 97000000 		call	bitstring_set_bit
 1116      E7800000 
 342:../src/middleware/bacnet/demo/object/ao.c ****             apdu_len = encode_application_bitstring(&apdu[0], &bit_string);
 1117              		.loc 1 342 24
 1118 019a 930704FC 		addi	a5,s0,-64
 1119 019e BE85     		mv	a1,a5
 1120 01a0 033504FD 		ld	a0,-48(s0)
 1121 01a4 97000000 		call	encode_application_bitstring
 1121      E7800000 
 1122 01ac AA87     		mv	a5,a0
 1123 01ae 2324F4FE 		sw	a5,-24(s0)
 343:../src/middleware/bacnet/demo/object/ao.c ****             break;
 1124              		.loc 1 343 13
 1125 01b2 79A4     		j	.L72
 1126              	.L71:
 344:../src/middleware/bacnet/demo/object/ao.c ****         case PROP_EVENT_STATE:
 345:../src/middleware/bacnet/demo/object/ao.c ****             apdu_len =
 346:../src/middleware/bacnet/demo/object/ao.c ****                 encode_application_enumerated(&apdu[0], EVENT_STATE_NORMAL);
 1127              		.loc 1 346 17
 1128 01b4 8145     		li	a1,0
 1129 01b6 033504FD 		ld	a0,-48(s0)
 1130 01ba 97000000 		call	encode_application_enumerated
 1130      E7800000 
 1131 01c2 AA87     		mv	a5,a0
 1132 01c4 2324F4FE 		sw	a5,-24(s0)
 347:../src/middleware/bacnet/demo/object/ao.c ****             break;
 1133              		.loc 1 347 13
 1134 01c8 A5AC     		j	.L72
 1135              	.L67:
 348:../src/middleware/bacnet/demo/object/ao.c ****         case PROP_OUT_OF_SERVICE:
 349:../src/middleware/bacnet/demo/object/ao.c ****             state = Analog_Output_Out_Of_Service(rpdata->object_instance);
 1136              		.loc 1 349 21
 1137 01ca 8337849E 		ld	a5,-1560(s0)
 1138 01ce DC43     		lw	a5,4(a5)
 1139 01d0 3E85     		mv	a0,a5
 1140 01d2 97000000 		call	Analog_Output_Out_Of_Service
 1140      E7800000 
 1141 01da AA87     		mv	a5,a0
 1142 01dc A30DF4FC 		sb	a5,-37(s0)
 350:../src/middleware/bacnet/demo/object/ao.c ****             apdu_len = encode_application_boolean(&apdu[0], state);
 1143              		.loc 1 350 24
 1144 01e0 8347B4FD 		lbu	a5,-37(s0)
 1145 01e4 BE85     		mv	a1,a5
 1146 01e6 033504FD 		ld	a0,-48(s0)
 1147 01ea 97000000 		call	encode_application_boolean
 1147      E7800000 
 1148 01f2 AA87     		mv	a5,a0
 1149 01f4 2324F4FE 		sw	a5,-24(s0)
 351:../src/middleware/bacnet/demo/object/ao.c ****             break;
 1150              		.loc 1 351 13
 1151 01f8 A1A4     		j	.L72
 1152              	.L61:
 352:../src/middleware/bacnet/demo/object/ao.c ****         case PROP_UNITS:
 353:../src/middleware/bacnet/demo/object/ao.c ****             apdu_len = encode_application_enumerated(&apdu[0], UNITS_PERCENT);
 1153              		.loc 1 353 24
 1154 01fa 93052006 		li	a1,98
 1155 01fe 033504FD 		ld	a0,-48(s0)
 1156 0202 97000000 		call	encode_application_enumerated
 1156      E7800000 
 1157 020a AA87     		mv	a5,a0
 1158 020c 2324F4FE 		sw	a5,-24(s0)
 354:../src/middleware/bacnet/demo/object/ao.c ****             break;
 1159              		.loc 1 354 13
 1160 0210 05AC     		j	.L72
 1161              	.L65:
 355:../src/middleware/bacnet/demo/object/ao.c ****         case PROP_PRIORITY_ARRAY:
 356:../src/middleware/bacnet/demo/object/ao.c ****             /* Array element zero is the number of elements in the array */
 357:../src/middleware/bacnet/demo/object/ao.c ****             if (rpdata->array_index == 0)
 1162              		.loc 1 357 23
 1163 0212 8337849E 		ld	a5,-1560(s0)
 1164 0216 DC47     		lw	a5,12(a5)
 1165              		.loc 1 357 16
 1166 0218 81EF     		bne	a5,zero,.L73
 358:../src/middleware/bacnet/demo/object/ao.c ****                 apdu_len =
 359:../src/middleware/bacnet/demo/object/ao.c ****                     encode_application_unsigned(&apdu[0], BACNET_MAX_PRIORITY);
 1167              		.loc 1 359 21
 1168 021a C145     		li	a1,16
 1169 021c 033504FD 		ld	a0,-48(s0)
 1170 0220 97000000 		call	encode_application_unsigned
 1170      E7800000 
 1171 0228 AA87     		mv	a5,a0
 1172 022a 2324F4FE 		sw	a5,-24(s0)
 360:../src/middleware/bacnet/demo/object/ao.c ****             /* if no index was specified, then try to encode the entire list */
 361:../src/middleware/bacnet/demo/object/ao.c ****             /* into one packet. */
 362:../src/middleware/bacnet/demo/object/ao.c ****             else if (rpdata->array_index == BACNET_ARRAY_ALL) {
 363:../src/middleware/bacnet/demo/object/ao.c ****                 object_index =
 364:../src/middleware/bacnet/demo/object/ao.c ****                     Analog_Output_Instance_To_Index(rpdata->object_instance);
 365:../src/middleware/bacnet/demo/object/ao.c ****                 for (i = 0; i < BACNET_MAX_PRIORITY; i++) {
 366:../src/middleware/bacnet/demo/object/ao.c ****                     /* FIXME: check if we have room before adding it to APDU */
 367:../src/middleware/bacnet/demo/object/ao.c ****                     if (Analog_Output_Level[object_index][i] == AO_LEVEL_NULL)
 368:../src/middleware/bacnet/demo/object/ao.c ****                         len = encode_application_null(&apdu[apdu_len]);
 369:../src/middleware/bacnet/demo/object/ao.c ****                     else {
 370:../src/middleware/bacnet/demo/object/ao.c ****                         real_value = Analog_Output_Level[object_index][i];
 371:../src/middleware/bacnet/demo/object/ao.c ****                         len =
 372:../src/middleware/bacnet/demo/object/ao.c ****                             encode_application_real(&apdu[apdu_len],
 373:../src/middleware/bacnet/demo/object/ao.c ****                             real_value);
 374:../src/middleware/bacnet/demo/object/ao.c ****                     }
 375:../src/middleware/bacnet/demo/object/ao.c ****                     /* add it if we have room */
 376:../src/middleware/bacnet/demo/object/ao.c ****                     if ((apdu_len + len) < MAX_APDU)
 377:../src/middleware/bacnet/demo/object/ao.c ****                         apdu_len += len;
 378:../src/middleware/bacnet/demo/object/ao.c ****                     else {
 379:../src/middleware/bacnet/demo/object/ao.c ****                         rpdata->error_code =
 380:../src/middleware/bacnet/demo/object/ao.c ****                             ERROR_CODE_ABORT_SEGMENTATION_NOT_SUPPORTED;
 381:../src/middleware/bacnet/demo/object/ao.c ****                         apdu_len = BACNET_STATUS_ABORT;
 382:../src/middleware/bacnet/demo/object/ao.c ****                         break;
 383:../src/middleware/bacnet/demo/object/ao.c ****                     }
 384:../src/middleware/bacnet/demo/object/ao.c ****                 }
 385:../src/middleware/bacnet/demo/object/ao.c ****             } else {
 386:../src/middleware/bacnet/demo/object/ao.c ****                 object_index =
 387:../src/middleware/bacnet/demo/object/ao.c ****                     Analog_Output_Instance_To_Index(rpdata->object_instance);
 388:../src/middleware/bacnet/demo/object/ao.c ****                 if (rpdata->array_index <= BACNET_MAX_PRIORITY) {
 389:../src/middleware/bacnet/demo/object/ao.c ****                     if (Analog_Output_Level[object_index][rpdata->array_index -
 390:../src/middleware/bacnet/demo/object/ao.c ****                             1] == AO_LEVEL_NULL)
 391:../src/middleware/bacnet/demo/object/ao.c ****                         apdu_len = encode_application_null(&apdu[0]);
 392:../src/middleware/bacnet/demo/object/ao.c ****                     else {
 393:../src/middleware/bacnet/demo/object/ao.c ****                         real_value = Analog_Output_Level[object_index]
 394:../src/middleware/bacnet/demo/object/ao.c ****                             [rpdata->array_index - 1];
 395:../src/middleware/bacnet/demo/object/ao.c ****                         apdu_len =
 396:../src/middleware/bacnet/demo/object/ao.c ****                             encode_application_real(&apdu[0], real_value);
 397:../src/middleware/bacnet/demo/object/ao.c ****                     }
 398:../src/middleware/bacnet/demo/object/ao.c ****                 } else {
 399:../src/middleware/bacnet/demo/object/ao.c ****                     rpdata->error_class = ERROR_CLASS_PROPERTY;
 400:../src/middleware/bacnet/demo/object/ao.c ****                     rpdata->error_code = ERROR_CODE_INVALID_ARRAY_INDEX;
 401:../src/middleware/bacnet/demo/object/ao.c ****                     apdu_len = BACNET_STATUS_ERROR;
 402:../src/middleware/bacnet/demo/object/ao.c ****                 }
 403:../src/middleware/bacnet/demo/object/ao.c ****             }
 404:../src/middleware/bacnet/demo/object/ao.c ****             break;
 1173              		.loc 1 404 13
 1174 022e 09AC     		j	.L72
 1175              	.L73:
 362:../src/middleware/bacnet/demo/object/ao.c ****                 object_index =
 1176              		.loc 1 362 28
 1177 0230 8337849E 		ld	a5,-1560(s0)
 1178 0234 DC47     		lw	a5,12(a5)
 362:../src/middleware/bacnet/demo/object/ao.c ****                 object_index =
 1179              		.loc 1 362 21
 1180 0236 3E87     		mv	a4,a5
 1181 0238 FD57     		li	a5,-1
 1182 023a 631FF70E 		bne	a4,a5,.L75
 364:../src/middleware/bacnet/demo/object/ao.c ****                 for (i = 0; i < BACNET_MAX_PRIORITY; i++) {
 1183              		.loc 1 364 21
 1184 023e 8337849E 		ld	a5,-1560(s0)
 1185 0242 DC43     		lw	a5,4(a5)
 1186 0244 3E85     		mv	a0,a5
 1187 0246 97000000 		call	Analog_Output_Instance_To_Index
 1187      E7800000 
 1188 024e AA87     		mv	a5,a0
 1189 0250 232EF4FC 		sw	a5,-36(s0)
 365:../src/middleware/bacnet/demo/object/ao.c ****                     /* FIXME: check if we have room before adding it to APDU */
 1190              		.loc 1 365 24
 1191 0254 232204FE 		sw	zero,-28(s0)
 365:../src/middleware/bacnet/demo/object/ao.c ****                     /* FIXME: check if we have room before adding it to APDU */
 1192              		.loc 1 365 17
 1193 0258 C1A8     		j	.L76
 1194              	.L82:
 367:../src/middleware/bacnet/demo/object/ao.c ****                         len = encode_application_null(&apdu[apdu_len]);
 1195              		.loc 1 367 58
 1196 025a 97060000 		lla	a3,Analog_Output_Level
 1196      93860600 
 1197 0262 836744FE 		lwu	a5,-28(s0)
 1198 0266 0367C4FD 		lwu	a4,-36(s0)
 1199 026a 1207     		slli	a4,a4,4
 1200 026c 3697     		add	a4,a3,a4
 1201 026e BA97     		add	a5,a4,a5
 1202 0270 83C70700 		lbu	a5,0(a5)
 367:../src/middleware/bacnet/demo/object/ao.c ****                         len = encode_application_null(&apdu[apdu_len]);
 1203              		.loc 1 367 24
 1204 0274 3E87     		mv	a4,a5
 1205 0276 9307F00F 		li	a5,255
 1206 027a 6310F702 		bne	a4,a5,.L77
 368:../src/middleware/bacnet/demo/object/ao.c ****                     else {
 1207              		.loc 1 368 31
 1208 027e 832784FE 		lw	a5,-24(s0)
 1209 0282 033704FD 		ld	a4,-48(s0)
 1210 0286 BA97     		add	a5,a4,a5
 1211 0288 3E85     		mv	a0,a5
 1212 028a 97000000 		call	encode_application_null
 1212      E7800000 
 1213 0292 AA87     		mv	a5,a0
 1214 0294 2326F4FE 		sw	a5,-20(s0)
 1215 0298 B1A0     		j	.L78
 1216              	.L77:
 370:../src/middleware/bacnet/demo/object/ao.c ****                         len =
 1217              		.loc 1 370 71
 1218 029a 97060000 		lla	a3,Analog_Output_Level
 1218      93860600 
 1219 02a2 836744FE 		lwu	a5,-28(s0)
 1220 02a6 0367C4FD 		lwu	a4,-36(s0)
 1221 02aa 1207     		slli	a4,a4,4
 1222 02ac 3697     		add	a4,a3,a4
 1223 02ae BA97     		add	a5,a4,a5
 1224 02b0 83C70700 		lbu	a5,0(a5)
 370:../src/middleware/bacnet/demo/object/ao.c ****                         len =
 1225              		.loc 1 370 36
 1226 02b4 8127     		sext.w	a5,a5
 1227 02b6 3E85     		mv	a0,a5
 1228 02b8 97000000 		call	__floatunsisf
 1228      E7800000 
 1229              	.LVL4:
 1230 02c0 AA87     		mv	a5,a0
 1231 02c2 2320F4FE 		sw	a5,-32(s0)
 372:../src/middleware/bacnet/demo/object/ao.c ****                             real_value);
 1232              		.loc 1 372 29
 1233 02c6 832784FE 		lw	a5,-24(s0)
 1234 02ca 033704FD 		ld	a4,-48(s0)
 1235 02ce BA97     		add	a5,a4,a5
 1236 02d0 832504FE 		lw	a1,-32(s0)
 1237 02d4 3E85     		mv	a0,a5
 1238 02d6 97000000 		call	encode_application_real
 1238      E7800000 
 1239 02de AA87     		mv	a5,a0
 1240 02e0 2326F4FE 		sw	a5,-20(s0)
 1241              	.L78:
 376:../src/middleware/bacnet/demo/object/ao.c ****                         apdu_len += len;
 1242              		.loc 1 376 35
 1243 02e4 032784FE 		lw	a4,-24(s0)
 1244 02e8 8327C4FE 		lw	a5,-20(s0)
 1245 02ec B99F     		addw	a5,a4,a5
 1246 02ee 8127     		sext.w	a5,a5
 376:../src/middleware/bacnet/demo/object/ao.c ****                         apdu_len += len;
 1247              		.loc 1 376 24
 1248 02f0 3E87     		mv	a4,a5
 1249 02f2 9307305C 		li	a5,1475
 1250 02f6 63CAE700 		bgt	a4,a5,.L79
 377:../src/middleware/bacnet/demo/object/ao.c ****                     else {
 1251              		.loc 1 377 34
 1252 02fa 032784FE 		lw	a4,-24(s0)
 1253 02fe 8327C4FE 		lw	a5,-20(s0)
 1254 0302 B99F     		addw	a5,a4,a5
 1255 0304 2324F4FE 		sw	a5,-24(s0)
 1256 0308 19A8     		j	.L88
 1257              	.L79:
 379:../src/middleware/bacnet/demo/object/ao.c ****                             ERROR_CODE_ABORT_SEGMENTATION_NOT_SUPPORTED;
 1258              		.loc 1 379 44
 1259 030a 8337849E 		ld	a5,-1560(s0)
 1260 030e 13076003 		li	a4,54
 1261 0312 98D3     		sw	a4,32(a5)
 381:../src/middleware/bacnet/demo/object/ao.c ****                         break;
 1262              		.loc 1 381 34
 1263 0314 F957     		li	a5,-2
 1264 0316 2324F4FE 		sw	a5,-24(s0)
 382:../src/middleware/bacnet/demo/object/ao.c ****                     }
 1265              		.loc 1 382 25
 1266 031a 0100     		nop
 1267              		.loc 1 404 13
 1268 031c 15A2     		j	.L72
 1269              	.L88:
 365:../src/middleware/bacnet/demo/object/ao.c ****                     /* FIXME: check if we have room before adding it to APDU */
 1270              		.loc 1 365 55 discriminator 2
 1271 031e 832744FE 		lw	a5,-28(s0)
 1272 0322 8527     		addiw	a5,a5,1
 1273 0324 2322F4FE 		sw	a5,-28(s0)
 1274              	.L76:
 365:../src/middleware/bacnet/demo/object/ao.c ****                     /* FIXME: check if we have room before adding it to APDU */
 1275              		.loc 1 365 17 discriminator 1
 1276 0328 832744FE 		lw	a5,-28(s0)
 1277 032c 1B870700 		sext.w	a4,a5
 1278 0330 BD47     		li	a5,15
 1279 0332 E3F4E7F2 		bleu	a4,a5,.L82
 1280              		.loc 1 404 13
 1281 0336 29A2     		j	.L72
 1282              	.L75:
 387:../src/middleware/bacnet/demo/object/ao.c ****                 if (rpdata->array_index <= BACNET_MAX_PRIORITY) {
 1283              		.loc 1 387 21
 1284 0338 8337849E 		ld	a5,-1560(s0)
 1285 033c DC43     		lw	a5,4(a5)
 1286 033e 3E85     		mv	a0,a5
 1287 0340 97000000 		call	Analog_Output_Instance_To_Index
 1287      E7800000 
 1288 0348 AA87     		mv	a5,a0
 1289 034a 232EF4FC 		sw	a5,-36(s0)
 388:../src/middleware/bacnet/demo/object/ao.c ****                     if (Analog_Output_Level[object_index][rpdata->array_index -
 1290              		.loc 1 388 27
 1291 034e 8337849E 		ld	a5,-1560(s0)
 1292 0352 DC47     		lw	a5,12(a5)
 388:../src/middleware/bacnet/demo/object/ao.c ****                     if (Analog_Output_Level[object_index][rpdata->array_index -
 1293              		.loc 1 388 20
 1294 0354 3E87     		mv	a4,a5
 1295 0356 C147     		li	a5,16
 1296 0358 63EAE708 		bgtu	a4,a5,.L83
 389:../src/middleware/bacnet/demo/object/ao.c ****                             1] == AO_LEVEL_NULL)
 1297              		.loc 1 389 65
 1298 035c 8337849E 		ld	a5,-1560(s0)
 1299 0360 DC47     		lw	a5,12(a5)
 389:../src/middleware/bacnet/demo/object/ao.c ****                             1] == AO_LEVEL_NULL)
 1300              		.loc 1 389 79
 1301 0362 FD37     		addiw	a5,a5,-1
 1302 0364 8127     		sext.w	a5,a5
 389:../src/middleware/bacnet/demo/object/ao.c ****                             1] == AO_LEVEL_NULL)
 1303              		.loc 1 389 58
 1304 0366 97060000 		lla	a3,Analog_Output_Level
 1304      93860600 
 1305 036e 8217     		slli	a5,a5,32
 1306 0370 8193     		srli	a5,a5,32
 1307 0372 0367C4FD 		lwu	a4,-36(s0)
 1308 0376 1207     		slli	a4,a4,4
 1309 0378 3697     		add	a4,a3,a4
 1310 037a BA97     		add	a5,a4,a5
 1311 037c 83C70700 		lbu	a5,0(a5)
 389:../src/middleware/bacnet/demo/object/ao.c ****                             1] == AO_LEVEL_NULL)
 1312              		.loc 1 389 24
 1313 0380 3E87     		mv	a4,a5
 1314 0382 9307F00F 		li	a5,255
 1315 0386 631CF700 		bne	a4,a5,.L84
 391:../src/middleware/bacnet/demo/object/ao.c ****                     else {
 1316              		.loc 1 391 36
 1317 038a 033504FD 		ld	a0,-48(s0)
 1318 038e 97000000 		call	encode_application_null
 1318      E7800000 
 1319 0396 AA87     		mv	a5,a0
 1320 0398 2324F4FE 		sw	a5,-24(s0)
 1321              		.loc 1 404 13
 1322 039c 55A0     		j	.L72
 1323              	.L84:
 394:../src/middleware/bacnet/demo/object/ao.c ****                         apdu_len =
 1324              		.loc 1 394 36
 1325 039e 8337849E 		ld	a5,-1560(s0)
 1326 03a2 DC47     		lw	a5,12(a5)
 394:../src/middleware/bacnet/demo/object/ao.c ****                         apdu_len =
 1327              		.loc 1 394 50
 1328 03a4 FD37     		addiw	a5,a5,-1
 1329 03a6 8127     		sext.w	a5,a5
 394:../src/middleware/bacnet/demo/object/ao.c ****                         apdu_len =
 1330              		.loc 1 394 29
 1331 03a8 97060000 		lla	a3,Analog_Output_Level
 1331      93860600 
 1332 03b0 8217     		slli	a5,a5,32
 1333 03b2 8193     		srli	a5,a5,32
 1334 03b4 0367C4FD 		lwu	a4,-36(s0)
 1335 03b8 1207     		slli	a4,a4,4
 1336 03ba 3697     		add	a4,a3,a4
 1337 03bc BA97     		add	a5,a4,a5
 1338 03be 83C70700 		lbu	a5,0(a5)
 393:../src/middleware/bacnet/demo/object/ao.c ****                             [rpdata->array_index - 1];
 1339              		.loc 1 393 36
 1340 03c2 8127     		sext.w	a5,a5
 1341 03c4 3E85     		mv	a0,a5
 1342 03c6 97000000 		call	__floatunsisf
 1342      E7800000 
 1343              	.LVL5:
 1344 03ce AA87     		mv	a5,a0
 1345 03d0 2320F4FE 		sw	a5,-32(s0)
 396:../src/middleware/bacnet/demo/object/ao.c ****                     }
 1346              		.loc 1 396 29
 1347 03d4 832504FE 		lw	a1,-32(s0)
 1348 03d8 033504FD 		ld	a0,-48(s0)
 1349 03dc 97000000 		call	encode_application_real
 1349      E7800000 
 1350 03e4 AA87     		mv	a5,a0
 1351 03e6 2324F4FE 		sw	a5,-24(s0)
 1352              		.loc 1 404 13
 1353 03ea 99A8     		j	.L72
 1354              	.L83:
 399:../src/middleware/bacnet/demo/object/ao.c ****                     rpdata->error_code = ERROR_CODE_INVALID_ARRAY_INDEX;
 1355              		.loc 1 399 41
 1356 03ec 8337849E 		ld	a5,-1560(s0)
 1357 03f0 0947     		li	a4,2
 1358 03f2 D8CF     		sw	a4,28(a5)
 400:../src/middleware/bacnet/demo/object/ao.c ****                     apdu_len = BACNET_STATUS_ERROR;
 1359              		.loc 1 400 40
 1360 03f4 8337849E 		ld	a5,-1560(s0)
 1361 03f8 1307A002 		li	a4,42
 1362 03fc 98D3     		sw	a4,32(a5)
 401:../src/middleware/bacnet/demo/object/ao.c ****                 }
 1363              		.loc 1 401 30
 1364 03fe FD57     		li	a5,-1
 1365 0400 2324F4FE 		sw	a5,-24(s0)
 1366              		.loc 1 404 13
 1367 0404 35A8     		j	.L72
 1368              	.L64:
 405:../src/middleware/bacnet/demo/object/ao.c ****         case PROP_RELINQUISH_DEFAULT:
 406:../src/middleware/bacnet/demo/object/ao.c ****             real_value = AO_RELINQUISH_DEFAULT;
 1369              		.loc 1 406 24
 1370 0406 93070000 		mv	a5,zero
 1371 040a 2320F4FE 		sw	a5,-32(s0)
 407:../src/middleware/bacnet/demo/object/ao.c ****             apdu_len = encode_application_real(&apdu[0], real_value);
 1372              		.loc 1 407 24
 1373 040e 832504FE 		lw	a1,-32(s0)
 1374 0412 033504FD 		ld	a0,-48(s0)
 1375 0416 97000000 		call	encode_application_real
 1375      E7800000 
 1376 041e AA87     		mv	a5,a0
 1377 0420 2324F4FE 		sw	a5,-24(s0)
 408:../src/middleware/bacnet/demo/object/ao.c ****             break;
 1378              		.loc 1 408 13
 1379 0424 31A8     		j	.L72
 1380              	.L60:
 409:../src/middleware/bacnet/demo/object/ao.c ****         default:
 410:../src/middleware/bacnet/demo/object/ao.c ****             rpdata->error_class = ERROR_CLASS_PROPERTY;
 1381              		.loc 1 410 33
 1382 0426 8337849E 		ld	a5,-1560(s0)
 1383 042a 0947     		li	a4,2
 1384 042c D8CF     		sw	a4,28(a5)
 411:../src/middleware/bacnet/demo/object/ao.c ****             rpdata->error_code = ERROR_CODE_UNKNOWN_PROPERTY;
 1385              		.loc 1 411 32
 1386 042e 8337849E 		ld	a5,-1560(s0)
 1387 0432 13070002 		li	a4,32
 1388 0436 98D3     		sw	a4,32(a5)
 412:../src/middleware/bacnet/demo/object/ao.c ****             apdu_len = BACNET_STATUS_ERROR;
 1389              		.loc 1 412 22
 1390 0438 FD57     		li	a5,-1
 1391 043a 2324F4FE 		sw	a5,-24(s0)
 413:../src/middleware/bacnet/demo/object/ao.c ****             break;
 1392              		.loc 1 413 13
 1393 043e 0100     		nop
 1394              	.L72:
 414:../src/middleware/bacnet/demo/object/ao.c ****     }
 415:../src/middleware/bacnet/demo/object/ao.c ****     /*  only array properties can have array options */
 416:../src/middleware/bacnet/demo/object/ao.c ****     if ((apdu_len >= 0) && (rpdata->object_property != PROP_PRIORITY_ARRAY) &&
 1395              		.loc 1 416 8
 1396 0440 832784FE 		lw	a5,-24(s0)
 1397 0444 8127     		sext.w	a5,a5
 1398 0446 63CD0702 		blt	a5,zero,.L86
 1399              		.loc 1 416 35 discriminator 1
 1400 044a 8337849E 		ld	a5,-1560(s0)
 1401 044e 9C47     		lw	a5,8(a5)
 1402              		.loc 1 416 25 discriminator 1
 1403 0450 3E87     		mv	a4,a5
 1404 0452 93077005 		li	a5,87
 1405 0456 6305F702 		beq	a4,a5,.L86
 417:../src/middleware/bacnet/demo/object/ao.c ****         (rpdata->array_index != BACNET_ARRAY_ALL)) {
 1406              		.loc 1 417 16 discriminator 2
 1407 045a 8337849E 		ld	a5,-1560(s0)
 1408 045e DC47     		lw	a5,12(a5)
 416:../src/middleware/bacnet/demo/object/ao.c ****         (rpdata->array_index != BACNET_ARRAY_ALL)) {
 1409              		.loc 1 416 77 discriminator 2
 1410 0460 3E87     		mv	a4,a5
 1411 0462 FD57     		li	a5,-1
 1412 0464 630EF700 		beq	a4,a5,.L86
 418:../src/middleware/bacnet/demo/object/ao.c ****         rpdata->error_class = ERROR_CLASS_PROPERTY;
 1413              		.loc 1 418 29
 1414 0468 8337849E 		ld	a5,-1560(s0)
 1415 046c 0947     		li	a4,2
 1416 046e D8CF     		sw	a4,28(a5)
 419:../src/middleware/bacnet/demo/object/ao.c ****         rpdata->error_code = ERROR_CODE_PROPERTY_IS_NOT_AN_ARRAY;
 1417              		.loc 1 419 28
 1418 0470 8337849E 		ld	a5,-1560(s0)
 1419 0474 13072003 		li	a4,50
 1420 0478 98D3     		sw	a4,32(a5)
 420:../src/middleware/bacnet/demo/object/ao.c ****         apdu_len = BACNET_STATUS_ERROR;
 1421              		.loc 1 420 18
 1422 047a FD57     		li	a5,-1
 1423 047c 2324F4FE 		sw	a5,-24(s0)
 1424              	.L86:
 421:../src/middleware/bacnet/demo/object/ao.c ****     }
 422:../src/middleware/bacnet/demo/object/ao.c **** 
 423:../src/middleware/bacnet/demo/object/ao.c ****     return apdu_len;
 1425              		.loc 1 423 12
 1426 0480 832784FE 		lw	a5,-24(s0)
 1427              	.L87:
 424:../src/middleware/bacnet/demo/object/ao.c **** }
 1428              		.loc 1 424 1 discriminator 3
 1429 0484 3E85     		mv	a0,a5
 1430 0486 83308161 		ld	ra,1560(sp)
 1431              		.cfi_restore 1
 1432 048a 03340161 		ld	s0,1552(sp)
 1433              		.cfi_restore 8
 1434              		.cfi_def_cfa 2, 1568
 1435 048e 13010162 		addi	sp,sp,1568
 1436              		.cfi_def_cfa_offset 0
 1437 0492 8280     		jr	ra
 1438              		.cfi_endproc
 1439              	.LFE16:
 1441              		.section	.text.Analog_Output_Write_Property,"ax",@progbits
 1442              		.align	1
 1443              		.globl	Analog_Output_Write_Property
 1445              	Analog_Output_Write_Property:
 1446              	.LFB17:
 425:../src/middleware/bacnet/demo/object/ao.c **** 
 426:../src/middleware/bacnet/demo/object/ao.c **** /* returns true if successful */
 427:../src/middleware/bacnet/demo/object/ao.c **** bool Analog_Output_Write_Property(
 428:../src/middleware/bacnet/demo/object/ao.c ****     BACNET_WRITE_PROPERTY_DATA * wp_data)
 429:../src/middleware/bacnet/demo/object/ao.c **** {
 1447              		.loc 1 429 1
 1448              		.cfi_startproc
 1449 0000 130101A0 		addi	sp,sp,-1536
 1450              		.cfi_def_cfa_offset 1536
 1451 0004 233C115E 		sd	ra,1528(sp)
 1452 0008 2338815E 		sd	s0,1520(sp)
 1453              		.cfi_offset 1, -8
 1454              		.cfi_offset 8, -16
 1455 000c 13040160 		addi	s0,sp,1536
 1456              		.cfi_def_cfa 8, 0
 1457 0010 2334A4A0 		sd	a0,-1528(s0)
 430:../src/middleware/bacnet/demo/object/ao.c ****     bool status = false;        /* return value */
 1458              		.loc 1 430 10
 1459 0014 A30704FE 		sb	zero,-17(s0)
 431:../src/middleware/bacnet/demo/object/ao.c ****     int len = 0;
 1460              		.loc 1 431 9
 1461 0018 232404FE 		sw	zero,-24(s0)
 432:../src/middleware/bacnet/demo/object/ao.c ****     BACNET_APPLICATION_DATA_VALUE value;
 433:../src/middleware/bacnet/demo/object/ao.c **** 
 434:../src/middleware/bacnet/demo/object/ao.c ****     /* decode the some of the request */
 435:../src/middleware/bacnet/demo/object/ao.c ****     len =
 436:../src/middleware/bacnet/demo/object/ao.c ****         bacapp_decode_application_data(wp_data->application_data,
 1462              		.loc 1 436 47
 1463 001c 833784A0 		ld	a5,-1528(s0)
 1464 0020 13870701 		addi	a4,a5,16
 437:../src/middleware/bacnet/demo/object/ao.c ****         wp_data->application_data_len, &value);
 1465              		.loc 1 437 16
 1466 0024 833784A0 		ld	a5,-1528(s0)
 1467 0028 83A7475D 		lw	a5,1492(a5)
 436:../src/middleware/bacnet/demo/object/ao.c ****         wp_data->application_data_len, &value);
 1468              		.loc 1 436 9
 1469 002c 8127     		sext.w	a5,a5
 1470 002e 930604A1 		addi	a3,s0,-1520
 1471 0032 3686     		mv	a2,a3
 1472 0034 BE85     		mv	a1,a5
 1473 0036 3A85     		mv	a0,a4
 1474 0038 97000000 		call	bacapp_decode_application_data
 1474      E7800000 
 1475 0040 AA87     		mv	a5,a0
 1476 0042 2324F4FE 		sw	a5,-24(s0)
 438:../src/middleware/bacnet/demo/object/ao.c ****     /* FIXME: len < application_data_len: more data? */
 439:../src/middleware/bacnet/demo/object/ao.c ****     if (len < 0) {
 1477              		.loc 1 439 8
 1478 0046 832784FE 		lw	a5,-24(s0)
 1479 004a 8127     		sext.w	a5,a5
 1480 004c 63DF0700 		bge	a5,zero,.L90
 440:../src/middleware/bacnet/demo/object/ao.c ****         /* error while decoding - a value larger than we can handle */
 441:../src/middleware/bacnet/demo/object/ao.c ****         wp_data->error_class = ERROR_CLASS_PROPERTY;
 1481              		.loc 1 441 30
 1482 0050 833784A0 		ld	a5,-1528(s0)
 1483 0054 0947     		li	a4,2
 1484 0056 23AEE75C 		sw	a4,1500(a5)
 442:../src/middleware/bacnet/demo/object/ao.c ****         wp_data->error_code = ERROR_CODE_VALUE_OUT_OF_RANGE;
 1485              		.loc 1 442 29
 1486 005a 833784A0 		ld	a5,-1528(s0)
 1487 005e 13075002 		li	a4,37
 1488 0062 23A0E75E 		sw	a4,1504(a5)
 443:../src/middleware/bacnet/demo/object/ao.c ****         return false;
 1489              		.loc 1 443 16
 1490 0066 8147     		li	a5,0
 1491 0068 E5AA     		j	.L104
 1492              	.L90:
 444:../src/middleware/bacnet/demo/object/ao.c ****     }
 445:../src/middleware/bacnet/demo/object/ao.c ****     /*  only array properties can have array options */
 446:../src/middleware/bacnet/demo/object/ao.c ****     if ((wp_data->object_property != PROP_PRIORITY_ARRAY) &&
 1493              		.loc 1 446 17
 1494 006a 833784A0 		ld	a5,-1528(s0)
 1495 006e 9C47     		lw	a5,8(a5)
 1496              		.loc 1 446 8
 1497 0070 3E87     		mv	a4,a5
 1498 0072 93077005 		li	a5,87
 1499 0076 6306F702 		beq	a4,a5,.L92
 447:../src/middleware/bacnet/demo/object/ao.c ****         (wp_data->array_index != BACNET_ARRAY_ALL)) {
 1500              		.loc 1 447 17 discriminator 1
 1501 007a 833784A0 		ld	a5,-1528(s0)
 1502 007e DC47     		lw	a5,12(a5)
 446:../src/middleware/bacnet/demo/object/ao.c ****         (wp_data->array_index != BACNET_ARRAY_ALL)) {
 1503              		.loc 1 446 59 discriminator 1
 1504 0080 3E87     		mv	a4,a5
 1505 0082 FD57     		li	a5,-1
 1506 0084 630FF700 		beq	a4,a5,.L92
 448:../src/middleware/bacnet/demo/object/ao.c ****         wp_data->error_class = ERROR_CLASS_PROPERTY;
 1507              		.loc 1 448 30
 1508 0088 833784A0 		ld	a5,-1528(s0)
 1509 008c 0947     		li	a4,2
 1510 008e 23AEE75C 		sw	a4,1500(a5)
 449:../src/middleware/bacnet/demo/object/ao.c ****         wp_data->error_code = ERROR_CODE_PROPERTY_IS_NOT_AN_ARRAY;
 1511              		.loc 1 449 29
 1512 0092 833784A0 		ld	a5,-1528(s0)
 1513 0096 13072003 		li	a4,50
 1514 009a 23A0E75E 		sw	a4,1504(a5)
 450:../src/middleware/bacnet/demo/object/ao.c ****         return false;
 1515              		.loc 1 450 16
 1516 009e 8147     		li	a5,0
 1517 00a0 C1A2     		j	.L104
 1518              	.L92:
 451:../src/middleware/bacnet/demo/object/ao.c ****     }
 452:../src/middleware/bacnet/demo/object/ao.c ****     switch (wp_data->object_property) {
 1519              		.loc 1 452 20
 1520 00a2 833784A0 		ld	a5,-1528(s0)
 1521 00a6 9C47     		lw	a5,8(a5)
 1522              		.loc 1 452 5
 1523 00a8 9B86C7FD 		addiw	a3,a5,-36
 1524 00ac 1B870600 		sext.w	a4,a3
 1525 00b0 93071005 		li	a5,81
 1526 00b4 63E5E718 		bgtu	a4,a5,.L93
 1527 00b8 93970602 		slli	a5,a3,32
 1528 00bc 8193     		srli	a5,a5,32
 1529 00be 13972700 		slli	a4,a5,2
 1530 00c2 97070000 		lla	a5,.L95
 1530      93870700 
 1531 00ca BA97     		add	a5,a4,a5
 1532 00cc 9C43     		lw	a5,0(a5)
 1533 00ce 1B870700 		sext.w	a4,a5
 1534 00d2 97070000 		lla	a5,.L95
 1534      93870700 
 1535 00da BA97     		add	a5,a4,a5
 1536 00dc 8287     		jr	a5
 1537              		.section	.rodata.Analog_Output_Write_Property,"a",@progbits
 1538              		.align	2
 1539              		.align	2
 1540              	.L95:
 1541 0000 00000000 		.word	.L94-.L95
 1542 0004 00000000 		.word	.L93-.L95
 1543 0008 00000000 		.word	.L93-.L95
 1544 000c 00000000 		.word	.L93-.L95
 1545 0010 00000000 		.word	.L93-.L95
 1546 0014 00000000 		.word	.L93-.L95
 1547 0018 00000000 		.word	.L93-.L95
 1548 001c 00000000 		.word	.L93-.L95
 1549 0020 00000000 		.word	.L93-.L95
 1550 0024 00000000 		.word	.L93-.L95
 1551 0028 00000000 		.word	.L93-.L95
 1552 002c 00000000 		.word	.L93-.L95
 1553 0030 00000000 		.word	.L93-.L95
 1554 0034 00000000 		.word	.L93-.L95
 1555 0038 00000000 		.word	.L93-.L95
 1556 003c 00000000 		.word	.L93-.L95
 1557 0040 00000000 		.word	.L93-.L95
 1558 0044 00000000 		.word	.L93-.L95
 1559 0048 00000000 		.word	.L93-.L95
 1560 004c 00000000 		.word	.L93-.L95
 1561 0050 00000000 		.word	.L93-.L95
 1562 0054 00000000 		.word	.L93-.L95
 1563 0058 00000000 		.word	.L93-.L95
 1564 005c 00000000 		.word	.L93-.L95
 1565 0060 00000000 		.word	.L93-.L95
 1566 0064 00000000 		.word	.L93-.L95
 1567 0068 00000000 		.word	.L93-.L95
 1568 006c 00000000 		.word	.L93-.L95
 1569 0070 00000000 		.word	.L93-.L95
 1570 0074 00000000 		.word	.L93-.L95
 1571 0078 00000000 		.word	.L93-.L95
 1572 007c 00000000 		.word	.L93-.L95
 1573 0080 00000000 		.word	.L93-.L95
 1574 0084 00000000 		.word	.L93-.L95
 1575 0088 00000000 		.word	.L93-.L95
 1576 008c 00000000 		.word	.L93-.L95
 1577 0090 00000000 		.word	.L93-.L95
 1578 0094 00000000 		.word	.L93-.L95
 1579 0098 00000000 		.word	.L93-.L95
 1580 009c 00000000 		.word	.L94-.L95
 1581 00a0 00000000 		.word	.L93-.L95
 1582 00a4 00000000 		.word	.L94-.L95
 1583 00a8 00000000 		.word	.L93-.L95
 1584 00ac 00000000 		.word	.L94-.L95
 1585 00b0 00000000 		.word	.L93-.L95
 1586 00b4 00000000 		.word	.L97-.L95
 1587 00b8 00000000 		.word	.L93-.L95
 1588 00bc 00000000 		.word	.L93-.L95
 1589 00c0 00000000 		.word	.L93-.L95
 1590 00c4 00000000 		.word	.L96-.L95
 1591 00c8 00000000 		.word	.L93-.L95
 1592 00cc 00000000 		.word	.L94-.L95
 1593 00d0 00000000 		.word	.L93-.L95
 1594 00d4 00000000 		.word	.L93-.L95
 1595 00d8 00000000 		.word	.L93-.L95
 1596 00dc 00000000 		.word	.L93-.L95
 1597 00e0 00000000 		.word	.L93-.L95
 1598 00e4 00000000 		.word	.L93-.L95
 1599 00e8 00000000 		.word	.L93-.L95
 1600 00ec 00000000 		.word	.L93-.L95
 1601 00f0 00000000 		.word	.L93-.L95
 1602 00f4 00000000 		.word	.L93-.L95
 1603 00f8 00000000 		.word	.L93-.L95
 1604 00fc 00000000 		.word	.L93-.L95
 1605 0100 00000000 		.word	.L93-.L95
 1606 0104 00000000 		.word	.L93-.L95
 1607 0108 00000000 		.word	.L93-.L95
 1608 010c 00000000 		.word	.L93-.L95
 1609 0110 00000000 		.word	.L94-.L95
 1610 0114 00000000 		.word	.L93-.L95
 1611 0118 00000000 		.word	.L93-.L95
 1612 011c 00000000 		.word	.L93-.L95
 1613 0120 00000000 		.word	.L93-.L95
 1614 0124 00000000 		.word	.L93-.L95
 1615 0128 00000000 		.word	.L93-.L95
 1616 012c 00000000 		.word	.L94-.L95
 1617 0130 00000000 		.word	.L93-.L95
 1618 0134 00000000 		.word	.L93-.L95
 1619 0138 00000000 		.word	.L93-.L95
 1620 013c 00000000 		.word	.L93-.L95
 1621 0140 00000000 		.word	.L93-.L95
 1622 0144 00000000 		.word	.L94-.L95
 1623              		.section	.text.Analog_Output_Write_Property
 1624              	.L96:
 453:../src/middleware/bacnet/demo/object/ao.c ****         case PROP_PRESENT_VALUE:
 454:../src/middleware/bacnet/demo/object/ao.c ****             if (value.tag == BACNET_APPLICATION_TAG_REAL) {
 1625              		.loc 1 454 22
 1626 00de 834724A1 		lbu	a5,-1518(s0)
 1627              		.loc 1 454 16
 1628 00e2 3E87     		mv	a4,a5
 1629 00e4 9147     		li	a5,4
 1630 00e6 631EF706 		bne	a4,a5,.L98
 455:../src/middleware/bacnet/demo/object/ao.c ****                 /* Command priority 6 is reserved for use by Minimum On/Off
 456:../src/middleware/bacnet/demo/object/ao.c ****                    algorithm and may not be used for other purposes in any
 457:../src/middleware/bacnet/demo/object/ao.c ****                    object. */
 458:../src/middleware/bacnet/demo/object/ao.c ****                 status =
 459:../src/middleware/bacnet/demo/object/ao.c ****                     Analog_Output_Present_Value_Set(wp_data->object_instance,
 1631              		.loc 1 459 21
 1632 00ea 833784A0 		ld	a5,-1528(s0)
 1633 00ee D843     		lw	a4,4(a5)
 1634 00f0 832684A1 		lw	a3,-1512(s0)
 460:../src/middleware/bacnet/demo/object/ao.c ****                     value.type.Real, wp_data->priority);
 1635              		.loc 1 460 45
 1636 00f4 833784A0 		ld	a5,-1528(s0)
 1637 00f8 83C7875D 		lbu	a5,1496(a5)
 459:../src/middleware/bacnet/demo/object/ao.c ****                     value.type.Real, wp_data->priority);
 1638              		.loc 1 459 21
 1639 00fc 8127     		sext.w	a5,a5
 1640 00fe 3E86     		mv	a2,a5
 1641 0100 B685     		mv	a1,a3
 1642 0102 3A85     		mv	a0,a4
 1643 0104 97000000 		call	Analog_Output_Present_Value_Set
 1643      E7800000 
 1644 010c AA87     		mv	a5,a0
 1645 010e A307F4FE 		sb	a5,-17(s0)
 461:../src/middleware/bacnet/demo/object/ao.c ****                 if (wp_data->priority == 6) {
 1646              		.loc 1 461 28
 1647 0112 833784A0 		ld	a5,-1528(s0)
 1648 0116 83C7875D 		lbu	a5,1496(a5)
 1649              		.loc 1 461 20
 1650 011a 3E87     		mv	a4,a5
 1651 011c 9947     		li	a5,6
 1652 011e 631EF700 		bne	a4,a5,.L99
 462:../src/middleware/bacnet/demo/object/ao.c ****                     /* Command priority 6 is reserved for use by Minimum On/Off
 463:../src/middleware/bacnet/demo/object/ao.c ****                        algorithm and may not be used for other purposes in any
 464:../src/middleware/bacnet/demo/object/ao.c ****                        object. */
 465:../src/middleware/bacnet/demo/object/ao.c ****                     wp_data->error_class = ERROR_CLASS_PROPERTY;
 1653              		.loc 1 465 42
 1654 0122 833784A0 		ld	a5,-1528(s0)
 1655 0126 0947     		li	a4,2
 1656 0128 23AEE75C 		sw	a4,1500(a5)
 466:../src/middleware/bacnet/demo/object/ao.c ****                     wp_data->error_code = ERROR_CODE_WRITE_ACCESS_DENIED;
 1657              		.loc 1 466 41
 1658 012c 833784A0 		ld	a5,-1528(s0)
 1659 0130 13078002 		li	a4,40
 1660 0134 23A0E75E 		sw	a4,1504(a5)
 467:../src/middleware/bacnet/demo/object/ao.c ****                 } else if (!status) {
 468:../src/middleware/bacnet/demo/object/ao.c ****                     wp_data->error_class = ERROR_CLASS_PROPERTY;
 469:../src/middleware/bacnet/demo/object/ao.c ****                     wp_data->error_code = ERROR_CODE_VALUE_OUT_OF_RANGE;
 470:../src/middleware/bacnet/demo/object/ao.c ****                 }
 471:../src/middleware/bacnet/demo/object/ao.c ****             } else {
 472:../src/middleware/bacnet/demo/object/ao.c ****                 status =
 473:../src/middleware/bacnet/demo/object/ao.c ****                     WPValidateArgType(&value, BACNET_APPLICATION_TAG_NULL,
 474:../src/middleware/bacnet/demo/object/ao.c ****                     &wp_data->error_class, &wp_data->error_code);
 475:../src/middleware/bacnet/demo/object/ao.c ****                 if (status) {
 476:../src/middleware/bacnet/demo/object/ao.c ****                     status =
 477:../src/middleware/bacnet/demo/object/ao.c ****                         Analog_Output_Present_Value_Relinquish
 478:../src/middleware/bacnet/demo/object/ao.c ****                         (wp_data->object_instance, wp_data->priority);
 479:../src/middleware/bacnet/demo/object/ao.c ****                     if (!status) {
 480:../src/middleware/bacnet/demo/object/ao.c ****                         wp_data->error_class = ERROR_CLASS_PROPERTY;
 481:../src/middleware/bacnet/demo/object/ao.c ****                         wp_data->error_code = ERROR_CODE_VALUE_OUT_OF_RANGE;
 482:../src/middleware/bacnet/demo/object/ao.c ****                     }
 483:../src/middleware/bacnet/demo/object/ao.c ****                 }
 484:../src/middleware/bacnet/demo/object/ao.c ****             }
 485:../src/middleware/bacnet/demo/object/ao.c ****             break;
 1661              		.loc 1 485 13
 1662 0138 39AA     		j	.L105
 1663              	.L99:
 467:../src/middleware/bacnet/demo/object/ao.c ****                 } else if (!status) {
 1664              		.loc 1 467 28
 1665 013a 8347F4FE 		lbu	a5,-17(s0)
 1666 013e 93C71700 		xori	a5,a5,1
 1667 0142 93F7F70F 		andi	a5,a5,0xff
 467:../src/middleware/bacnet/demo/object/ao.c ****                 } else if (!status) {
 1668              		.loc 1 467 27
 1669 0146 63880710 		beq	a5,zero,.L105
 468:../src/middleware/bacnet/demo/object/ao.c ****                     wp_data->error_code = ERROR_CODE_VALUE_OUT_OF_RANGE;
 1670              		.loc 1 468 42
 1671 014a 833784A0 		ld	a5,-1528(s0)
 1672 014e 0947     		li	a4,2
 1673 0150 23AEE75C 		sw	a4,1500(a5)
 469:../src/middleware/bacnet/demo/object/ao.c ****                 }
 1674              		.loc 1 469 41
 1675 0154 833784A0 		ld	a5,-1528(s0)
 1676 0158 13075002 		li	a4,37
 1677 015c 23A0E75E 		sw	a4,1504(a5)
 1678              		.loc 1 485 13
 1679 0160 DDA8     		j	.L105
 1680              	.L98:
 473:../src/middleware/bacnet/demo/object/ao.c ****                     &wp_data->error_class, &wp_data->error_code);
 1681              		.loc 1 473 21
 1682 0162 833784A0 		ld	a5,-1528(s0)
 1683 0166 1387C75D 		addi	a4,a5,1500
 1684 016a 833784A0 		ld	a5,-1528(s0)
 1685 016e 9386075E 		addi	a3,a5,1504
 1686 0172 930704A1 		addi	a5,s0,-1520
 1687 0176 3A86     		mv	a2,a4
 1688 0178 8145     		li	a1,0
 1689 017a 3E85     		mv	a0,a5
 1690 017c 97000000 		call	WPValidateArgType
 1690      E7800000 
 1691 0184 AA87     		mv	a5,a0
 1692 0186 A307F4FE 		sb	a5,-17(s0)
 475:../src/middleware/bacnet/demo/object/ao.c ****                     status =
 1693              		.loc 1 475 20
 1694 018a 8347F4FE 		lbu	a5,-17(s0)
 1695 018e 93F7F70F 		andi	a5,a5,0xff
 1696 0192 F1C3     		beq	a5,zero,.L105
 477:../src/middleware/bacnet/demo/object/ao.c ****                         (wp_data->object_instance, wp_data->priority);
 1697              		.loc 1 477 25
 1698 0194 833784A0 		ld	a5,-1528(s0)
 1699 0198 D843     		lw	a4,4(a5)
 478:../src/middleware/bacnet/demo/object/ao.c ****                     if (!status) {
 1700              		.loc 1 478 59
 1701 019a 833784A0 		ld	a5,-1528(s0)
 1702 019e 83C7875D 		lbu	a5,1496(a5)
 477:../src/middleware/bacnet/demo/object/ao.c ****                         (wp_data->object_instance, wp_data->priority);
 1703              		.loc 1 477 25
 1704 01a2 8127     		sext.w	a5,a5
 1705 01a4 BE85     		mv	a1,a5
 1706 01a6 3A85     		mv	a0,a4
 1707 01a8 97000000 		call	Analog_Output_Present_Value_Relinquish
 1707      E7800000 
 1708 01b0 AA87     		mv	a5,a0
 1709 01b2 A307F4FE 		sb	a5,-17(s0)
 479:../src/middleware/bacnet/demo/object/ao.c ****                         wp_data->error_class = ERROR_CLASS_PROPERTY;
 1710              		.loc 1 479 25
 1711 01b6 8347F4FE 		lbu	a5,-17(s0)
 1712 01ba 93C71700 		xori	a5,a5,1
 1713 01be 93F7F70F 		andi	a5,a5,0xff
 479:../src/middleware/bacnet/demo/object/ao.c ****                         wp_data->error_class = ERROR_CLASS_PROPERTY;
 1714              		.loc 1 479 24
 1715 01c2 D1CB     		beq	a5,zero,.L105
 480:../src/middleware/bacnet/demo/object/ao.c ****                         wp_data->error_code = ERROR_CODE_VALUE_OUT_OF_RANGE;
 1716              		.loc 1 480 46
 1717 01c4 833784A0 		ld	a5,-1528(s0)
 1718 01c8 0947     		li	a4,2
 1719 01ca 23AEE75C 		sw	a4,1500(a5)
 481:../src/middleware/bacnet/demo/object/ao.c ****                     }
 1720              		.loc 1 481 45
 1721 01ce 833784A0 		ld	a5,-1528(s0)
 1722 01d2 13075002 		li	a4,37
 1723 01d6 23A0E75E 		sw	a4,1504(a5)
 1724              		.loc 1 485 13
 1725 01da B5A8     		j	.L105
 1726              	.L97:
 486:../src/middleware/bacnet/demo/object/ao.c ****         case PROP_OUT_OF_SERVICE:
 487:../src/middleware/bacnet/demo/object/ao.c ****             status =
 488:../src/middleware/bacnet/demo/object/ao.c ****                 WPValidateArgType(&value, BACNET_APPLICATION_TAG_BOOLEAN,
 1727              		.loc 1 488 17
 1728 01dc 833784A0 		ld	a5,-1528(s0)
 1729 01e0 1387C75D 		addi	a4,a5,1500
 1730 01e4 833784A0 		ld	a5,-1528(s0)
 1731 01e8 9386075E 		addi	a3,a5,1504
 1732 01ec 930704A1 		addi	a5,s0,-1520
 1733 01f0 3A86     		mv	a2,a4
 1734 01f2 8545     		li	a1,1
 1735 01f4 3E85     		mv	a0,a5
 1736 01f6 97000000 		call	WPValidateArgType
 1736      E7800000 
 1737 01fe AA87     		mv	a5,a0
 1738 0200 A307F4FE 		sb	a5,-17(s0)
 489:../src/middleware/bacnet/demo/object/ao.c ****                 &wp_data->error_class, &wp_data->error_code);
 490:../src/middleware/bacnet/demo/object/ao.c ****             if (status) {
 1739              		.loc 1 490 16
 1740 0204 8347F4FE 		lbu	a5,-17(s0)
 1741 0208 93F7F70F 		andi	a5,a5,0xff
 1742 020c B9C7     		beq	a5,zero,.L106
 491:../src/middleware/bacnet/demo/object/ao.c ****                 Analog_Output_Out_Of_Service_Set(wp_data->object_instance,
 1743              		.loc 1 491 17
 1744 020e 833784A0 		ld	a5,-1528(s0)
 1745 0212 DC43     		lw	a5,4(a5)
 1746 0214 034784A1 		lbu	a4,-1512(s0)
 1747 0218 BA85     		mv	a1,a4
 1748 021a 3E85     		mv	a0,a5
 1749 021c 97000000 		call	Analog_Output_Out_Of_Service_Set
 1749      E7800000 
 492:../src/middleware/bacnet/demo/object/ao.c ****                     value.type.Boolean);
 493:../src/middleware/bacnet/demo/object/ao.c ****             }
 494:../src/middleware/bacnet/demo/object/ao.c ****             break;
 1750              		.loc 1 494 13
 1751 0224 1DA8     		j	.L106
 1752              	.L94:
 495:../src/middleware/bacnet/demo/object/ao.c ****         case PROP_OBJECT_IDENTIFIER:
 496:../src/middleware/bacnet/demo/object/ao.c ****         case PROP_OBJECT_NAME:
 497:../src/middleware/bacnet/demo/object/ao.c ****         case PROP_OBJECT_TYPE:
 498:../src/middleware/bacnet/demo/object/ao.c ****         case PROP_STATUS_FLAGS:
 499:../src/middleware/bacnet/demo/object/ao.c ****         case PROP_EVENT_STATE:
 500:../src/middleware/bacnet/demo/object/ao.c ****         case PROP_UNITS:
 501:../src/middleware/bacnet/demo/object/ao.c ****         case PROP_PRIORITY_ARRAY:
 502:../src/middleware/bacnet/demo/object/ao.c ****         case PROP_RELINQUISH_DEFAULT:
 503:../src/middleware/bacnet/demo/object/ao.c ****             wp_data->error_class = ERROR_CLASS_PROPERTY;
 1753              		.loc 1 503 34
 1754 0226 833784A0 		ld	a5,-1528(s0)
 1755 022a 0947     		li	a4,2
 1756 022c 23AEE75C 		sw	a4,1500(a5)
 504:../src/middleware/bacnet/demo/object/ao.c ****             wp_data->error_code = ERROR_CODE_WRITE_ACCESS_DENIED;
 1757              		.loc 1 504 33
 1758 0230 833784A0 		ld	a5,-1528(s0)
 1759 0234 13078002 		li	a4,40
 1760 0238 23A0E75E 		sw	a4,1504(a5)
 505:../src/middleware/bacnet/demo/object/ao.c ****             break;
 1761              		.loc 1 505 13
 1762 023c 05A0     		j	.L102
 1763              	.L93:
 506:../src/middleware/bacnet/demo/object/ao.c ****         default:
 507:../src/middleware/bacnet/demo/object/ao.c ****             wp_data->error_class = ERROR_CLASS_PROPERTY;
 1764              		.loc 1 507 34
 1765 023e 833784A0 		ld	a5,-1528(s0)
 1766 0242 0947     		li	a4,2
 1767 0244 23AEE75C 		sw	a4,1500(a5)
 508:../src/middleware/bacnet/demo/object/ao.c ****             wp_data->error_code = ERROR_CODE_UNKNOWN_PROPERTY;
 1768              		.loc 1 508 33
 1769 0248 833784A0 		ld	a5,-1528(s0)
 1770 024c 13070002 		li	a4,32
 1771 0250 23A0E75E 		sw	a4,1504(a5)
 509:../src/middleware/bacnet/demo/object/ao.c ****             break;
 1772              		.loc 1 509 13
 1773 0254 21A0     		j	.L102
 1774              	.L105:
 485:../src/middleware/bacnet/demo/object/ao.c ****         case PROP_OUT_OF_SERVICE:
 1775              		.loc 1 485 13
 1776 0256 0100     		nop
 1777 0258 11A0     		j	.L102
 1778              	.L106:
 494:../src/middleware/bacnet/demo/object/ao.c ****         case PROP_OBJECT_IDENTIFIER:
 1779              		.loc 1 494 13
 1780 025a 0100     		nop
 1781              	.L102:
 510:../src/middleware/bacnet/demo/object/ao.c ****     }
 511:../src/middleware/bacnet/demo/object/ao.c **** 
 512:../src/middleware/bacnet/demo/object/ao.c ****     return status;
 1782              		.loc 1 512 12
 1783 025c 8347F4FE 		lbu	a5,-17(s0)
 1784              	.L104:
 513:../src/middleware/bacnet/demo/object/ao.c **** }
 1785              		.loc 1 513 1 discriminator 2
 1786 0260 3E85     		mv	a0,a5
 1787 0262 8330815F 		ld	ra,1528(sp)
 1788              		.cfi_restore 1
 1789 0266 0334015F 		ld	s0,1520(sp)
 1790              		.cfi_restore 8
 1791              		.cfi_def_cfa 2, 1536
 1792 026a 13010160 		addi	sp,sp,1536
 1793              		.cfi_def_cfa_offset 0
 1794 026e 8280     		jr	ra
 1795              		.cfi_endproc
 1796              	.LFE17:
 1798              		.section	.bss.text_string.6498,"aw",@nobits
 1799              		.align	3
 1802              	text_string.6498:
 1803 0000 00000000 		.zero	32
 1803      00000000 
 1803      00000000 
 1803      00000000 
 1803      00000000 
 1804              		.section	.rodata
 1805 0012 0000     		.align	2
 1806              	.LC0:
 1807 0014 0000C842 		.word	1120403456
 1808              		.align	2
 1809              	.LC2:
 1810 0018 F4FDB43F 		.word	1068826100
 1811              		.text
 1812              	.Letext0:
 1813              		.file 2 "c:\\microchip\\softconsole-v2022.2-risc-v-747\\riscv-unknown-elf-gcc\\riscv64-unknown-elf
 1814              		.file 3 "c:\\microchip\\softconsole-v2022.2-risc-v-747\\riscv-unknown-elf-gcc\\riscv64-unknown-elf
 1815              		.file 4 "c:\\microchip\\softconsole-v2022.2-risc-v-747\\riscv-unknown-elf-gcc\\lib\\gcc\\riscv64-u
 1816              		.file 5 "c:\\microchip\\softconsole-v2022.2-risc-v-747\\riscv-unknown-elf-gcc\\riscv64-unknown-elf
 1817              		.file 6 "c:\\microchip\\softconsole-v2022.2-risc-v-747\\riscv-unknown-elf-gcc\\riscv64-unknown-elf
 1818              		.file 7 "c:\\microchip\\softconsole-v2022.2-risc-v-747\\riscv-unknown-elf-gcc\\riscv64-unknown-elf
 1819              		.file 8 "C:\\Users\\zero6575\\Libero\\fpga_labor\\fpga_labor\\software\\mpfs-mac-mcc-stack\\src\\m
 1820              		.file 9 "C:\\Users\\zero6575\\Libero\\fpga_labor\\fpga_labor\\software\\mpfs-mac-mcc-stack\\src\\m
 1821              		.file 10 "C:\\Users\\zero6575\\Libero\\fpga_labor\\fpga_labor\\software\\mpfs-mac-mcc-stack\\src\\
 1822              		.file 11 "C:\\Users\\zero6575\\Libero\\fpga_labor\\fpga_labor\\software\\mpfs-mac-mcc-stack\\src\\
 1823              		.file 12 "C:\\Users\\zero6575\\Libero\\fpga_labor\\fpga_labor\\software\\mpfs-mac-mcc-stack\\src\\
 1824              		.file 13 "C:\\Users\\zero6575\\Libero\\fpga_labor\\fpga_labor\\software\\mpfs-mac-mcc-stack\\src\\
 1825              		.file 14 "C:\\Users\\zero6575\\Libero\\fpga_labor\\fpga_labor\\software\\mpfs-mac-mcc-stack\\src\\
 1826              		.file 15 "C:\\Users\\zero6575\\Libero\\fpga_labor\\fpga_labor\\software\\mpfs-mac-mcc-stack\\src\\
 1827              		.file 16 "C:\\Users\\zero6575\\Libero\\fpga_labor\\fpga_labor\\software\\mpfs-mac-mcc-stack\\src\\
DEFINED SYMBOLS
                            *ABS*:0000000000000000 ao.c
C:\Users\zero6575\AppData\Local\Temp\ccTn9tGc.s:13     .bss.Analog_Output_Level:0000000000000000 Analog_Output_Level
C:\Users\zero6575\AppData\Local\Temp\ccTn9tGc.s:19     .sbss.Out_Of_Service:0000000000000000 Out_Of_Service
C:\Users\zero6575\AppData\Local\Temp\ccTn9tGc.s:24     .sbss.Analog_Output_Initialized:0000000000000000 Analog_Output_Initialized
C:\Users\zero6575\AppData\Local\Temp\ccTn9tGc.s:30     .rodata.Properties_Required:0000000000000000 Properties_Required
C:\Users\zero6575\AppData\Local\Temp\ccTn9tGc.s:46     .sdata2.Properties_Optional:0000000000000000 Properties_Optional
C:\Users\zero6575\AppData\Local\Temp\ccTn9tGc.s:52     .sdata2.Properties_Proprietary:0000000000000000 Properties_Proprietary
C:\Users\zero6575\AppData\Local\Temp\ccTn9tGc.s:58     .text.Analog_Output_Property_Lists:0000000000000000 Analog_Output_Property_Lists
C:\Users\zero6575\AppData\Local\Temp\ccTn9tGc.s:62     .text.Analog_Output_Property_Lists:0000000000000000 .L0 
C:\Users\zero6575\AppData\Local\Temp\ccTn9tGc.s:63     .text.Analog_Output_Property_Lists:0000000000000000 .L0 
C:\Users\zero6575\AppData\Local\Temp\ccTn9tGc.s:64     .text.Analog_Output_Property_Lists:0000000000000002 .L0 
C:\Users\zero6575\AppData\Local\Temp\ccTn9tGc.s:66     .text.Analog_Output_Property_Lists:0000000000000004 .L0 
C:\Users\zero6575\AppData\Local\Temp\ccTn9tGc.s:68     .text.Analog_Output_Property_Lists:0000000000000006 .L0 
C:\Users\zero6575\AppData\Local\Temp\ccTn9tGc.s:73     .text.Analog_Output_Property_Lists:0000000000000012 .L0 
C:\Users\zero6575\AppData\Local\Temp\ccTn9tGc.s:76     .text.Analog_Output_Property_Lists:0000000000000018 .L0 
C:\Users\zero6575\AppData\Local\Temp\ccTn9tGc.s:81     .text.Analog_Output_Property_Lists:0000000000000026 .L0 
C:\Users\zero6575\AppData\Local\Temp\ccTn9tGc.s:84     .text.Analog_Output_Property_Lists:000000000000002c .L0 
C:\Users\zero6575\AppData\Local\Temp\ccTn9tGc.s:89     .text.Analog_Output_Property_Lists:000000000000003a .L0 
C:\Users\zero6575\AppData\Local\Temp\ccTn9tGc.s:92     .text.Analog_Output_Property_Lists:0000000000000040 .L0 
C:\Users\zero6575\AppData\Local\Temp\ccTn9tGc.s:96     .text.Analog_Output_Property_Lists:000000000000004e .L0 
C:\Users\zero6575\AppData\Local\Temp\ccTn9tGc.s:100    .text.Analog_Output_Property_Lists:0000000000000052 .L0 
C:\Users\zero6575\AppData\Local\Temp\ccTn9tGc.s:101    .text.Analog_Output_Property_Lists:0000000000000054 .L0 
C:\Users\zero6575\AppData\Local\Temp\ccTn9tGc.s:102    .text.Analog_Output_Property_Lists:0000000000000054 .L0 
C:\Users\zero6575\AppData\Local\Temp\ccTn9tGc.s:104    .text.Analog_Output_Property_Lists:0000000000000056 .L0 
C:\Users\zero6575\AppData\Local\Temp\ccTn9tGc.s:106    .text.Analog_Output_Property_Lists:0000000000000058 .L0 
C:\Users\zero6575\AppData\Local\Temp\ccTn9tGc.s:113    .text.Analog_Output_Init:0000000000000000 Analog_Output_Init
C:\Users\zero6575\AppData\Local\Temp\ccTn9tGc.s:116    .text.Analog_Output_Init:0000000000000000 .L0 
C:\Users\zero6575\AppData\Local\Temp\ccTn9tGc.s:117    .text.Analog_Output_Init:0000000000000000 .L0 
C:\Users\zero6575\AppData\Local\Temp\ccTn9tGc.s:118    .text.Analog_Output_Init:0000000000000002 .L0 
C:\Users\zero6575\AppData\Local\Temp\ccTn9tGc.s:120    .text.Analog_Output_Init:0000000000000004 .L0 
C:\Users\zero6575\AppData\Local\Temp\ccTn9tGc.s:122    .text.Analog_Output_Init:0000000000000006 .L0 
C:\Users\zero6575\AppData\Local\Temp\ccTn9tGc.s:124    .text.Analog_Output_Init:0000000000000006 .L0 
C:\Users\zero6575\AppData\Local\Temp\ccTn9tGc.s:129    .text.Analog_Output_Init:000000000000001a .L0 
C:\Users\zero6575\AppData\Local\Temp\ccTn9tGc.s:131    .text.Analog_Output_Init:000000000000001c .L0 
C:\Users\zero6575\AppData\Local\Temp\ccTn9tGc.s:135    .text.Analog_Output_Init:000000000000002a .L0 
C:\Users\zero6575\AppData\Local\Temp\ccTn9tGc.s:137    .text.Analog_Output_Init:000000000000002e .L0 
C:\Users\zero6575\AppData\Local\Temp\ccTn9tGc.s:140    .text.Analog_Output_Init:0000000000000030 .L0 
C:\Users\zero6575\AppData\Local\Temp\ccTn9tGc.s:142    .text.Analog_Output_Init:0000000000000034 .L0 
C:\Users\zero6575\AppData\Local\Temp\ccTn9tGc.s:145    .text.Analog_Output_Init:0000000000000036 .L0 
C:\Users\zero6575\AppData\Local\Temp\ccTn9tGc.s:154    .text.Analog_Output_Init:0000000000000052 .L0 
C:\Users\zero6575\AppData\Local\Temp\ccTn9tGc.s:159    .text.Analog_Output_Init:000000000000005c .L0 
C:\Users\zero6575\AppData\Local\Temp\ccTn9tGc.s:164    .text.Analog_Output_Init:000000000000006a .L0 
C:\Users\zero6575\AppData\Local\Temp\ccTn9tGc.s:169    .text.Analog_Output_Init:0000000000000074 .L0 
C:\Users\zero6575\AppData\Local\Temp\ccTn9tGc.s:174    .text.Analog_Output_Init:0000000000000082 .L0 
C:\Users\zero6575\AppData\Local\Temp\ccTn9tGc.s:178    .text.Analog_Output_Init:0000000000000086 .L0 
C:\Users\zero6575\AppData\Local\Temp\ccTn9tGc.s:179    .text.Analog_Output_Init:0000000000000088 .L0 
C:\Users\zero6575\AppData\Local\Temp\ccTn9tGc.s:180    .text.Analog_Output_Init:0000000000000088 .L0 
C:\Users\zero6575\AppData\Local\Temp\ccTn9tGc.s:182    .text.Analog_Output_Init:000000000000008a .L0 
C:\Users\zero6575\AppData\Local\Temp\ccTn9tGc.s:184    .text.Analog_Output_Init:000000000000008c .L0 
C:\Users\zero6575\AppData\Local\Temp\ccTn9tGc.s:191    .text.Analog_Output_Valid_Instance:0000000000000000 Analog_Output_Valid_Instance
C:\Users\zero6575\AppData\Local\Temp\ccTn9tGc.s:194    .text.Analog_Output_Valid_Instance:0000000000000000 .L0 
C:\Users\zero6575\AppData\Local\Temp\ccTn9tGc.s:195    .text.Analog_Output_Valid_Instance:0000000000000000 .L0 
C:\Users\zero6575\AppData\Local\Temp\ccTn9tGc.s:196    .text.Analog_Output_Valid_Instance:0000000000000002 .L0 
C:\Users\zero6575\AppData\Local\Temp\ccTn9tGc.s:198    .text.Analog_Output_Valid_Instance:0000000000000004 .L0 
C:\Users\zero6575\AppData\Local\Temp\ccTn9tGc.s:200    .text.Analog_Output_Valid_Instance:0000000000000006 .L0 
C:\Users\zero6575\AppData\Local\Temp\ccTn9tGc.s:204    .text.Analog_Output_Valid_Instance:000000000000000c .L0 
C:\Users\zero6575\AppData\Local\Temp\ccTn9tGc.s:209    .text.Analog_Output_Valid_Instance:000000000000001a .L0 
C:\Users\zero6575\AppData\Local\Temp\ccTn9tGc.s:213    .text.Analog_Output_Valid_Instance:000000000000001e .L0 
C:\Users\zero6575\AppData\Local\Temp\ccTn9tGc.s:216    .text.Analog_Output_Valid_Instance:0000000000000020 .L0 
C:\Users\zero6575\AppData\Local\Temp\ccTn9tGc.s:218    .text.Analog_Output_Valid_Instance:0000000000000024 .L0 
C:\Users\zero6575\AppData\Local\Temp\ccTn9tGc.s:219    .text.Analog_Output_Valid_Instance:0000000000000024 .L0 
C:\Users\zero6575\AppData\Local\Temp\ccTn9tGc.s:221    .text.Analog_Output_Valid_Instance:0000000000000026 .L0 
C:\Users\zero6575\AppData\Local\Temp\ccTn9tGc.s:223    .text.Analog_Output_Valid_Instance:0000000000000028 .L0 
C:\Users\zero6575\AppData\Local\Temp\ccTn9tGc.s:230    .text.Analog_Output_Count:0000000000000000 Analog_Output_Count
C:\Users\zero6575\AppData\Local\Temp\ccTn9tGc.s:233    .text.Analog_Output_Count:0000000000000000 .L0 
C:\Users\zero6575\AppData\Local\Temp\ccTn9tGc.s:234    .text.Analog_Output_Count:0000000000000000 .L0 
C:\Users\zero6575\AppData\Local\Temp\ccTn9tGc.s:235    .text.Analog_Output_Count:0000000000000002 .L0 
C:\Users\zero6575\AppData\Local\Temp\ccTn9tGc.s:237    .text.Analog_Output_Count:0000000000000004 .L0 
C:\Users\zero6575\AppData\Local\Temp\ccTn9tGc.s:239    .text.Analog_Output_Count:0000000000000006 .L0 
C:\Users\zero6575\AppData\Local\Temp\ccTn9tGc.s:241    .text.Analog_Output_Count:0000000000000006 .L0 
C:\Users\zero6575\AppData\Local\Temp\ccTn9tGc.s:243    .text.Analog_Output_Count:0000000000000008 .L0 
C:\Users\zero6575\AppData\Local\Temp\ccTn9tGc.s:245    .text.Analog_Output_Count:000000000000000c .L0 
C:\Users\zero6575\AppData\Local\Temp\ccTn9tGc.s:246    .text.Analog_Output_Count:000000000000000c .L0 
C:\Users\zero6575\AppData\Local\Temp\ccTn9tGc.s:248    .text.Analog_Output_Count:000000000000000e .L0 
C:\Users\zero6575\AppData\Local\Temp\ccTn9tGc.s:250    .text.Analog_Output_Count:0000000000000010 .L0 
C:\Users\zero6575\AppData\Local\Temp\ccTn9tGc.s:257    .text.Analog_Output_Index_To_Instance:0000000000000000 Analog_Output_Index_To_Instance
C:\Users\zero6575\AppData\Local\Temp\ccTn9tGc.s:260    .text.Analog_Output_Index_To_Instance:0000000000000000 .L0 
C:\Users\zero6575\AppData\Local\Temp\ccTn9tGc.s:261    .text.Analog_Output_Index_To_Instance:0000000000000000 .L0 
C:\Users\zero6575\AppData\Local\Temp\ccTn9tGc.s:262    .text.Analog_Output_Index_To_Instance:0000000000000002 .L0 
C:\Users\zero6575\AppData\Local\Temp\ccTn9tGc.s:264    .text.Analog_Output_Index_To_Instance:0000000000000004 .L0 
C:\Users\zero6575\AppData\Local\Temp\ccTn9tGc.s:266    .text.Analog_Output_Index_To_Instance:0000000000000006 .L0 
C:\Users\zero6575\AppData\Local\Temp\ccTn9tGc.s:270    .text.Analog_Output_Index_To_Instance:000000000000000c .L0 
C:\Users\zero6575\AppData\Local\Temp\ccTn9tGc.s:272    .text.Analog_Output_Index_To_Instance:0000000000000010 .L0 
C:\Users\zero6575\AppData\Local\Temp\ccTn9tGc.s:274    .text.Analog_Output_Index_To_Instance:0000000000000014 .L0 
C:\Users\zero6575\AppData\Local\Temp\ccTn9tGc.s:275    .text.Analog_Output_Index_To_Instance:0000000000000014 .L0 
C:\Users\zero6575\AppData\Local\Temp\ccTn9tGc.s:277    .text.Analog_Output_Index_To_Instance:0000000000000016 .L0 
C:\Users\zero6575\AppData\Local\Temp\ccTn9tGc.s:279    .text.Analog_Output_Index_To_Instance:0000000000000018 .L0 
C:\Users\zero6575\AppData\Local\Temp\ccTn9tGc.s:286    .text.Analog_Output_Instance_To_Index:0000000000000000 Analog_Output_Instance_To_Index
C:\Users\zero6575\AppData\Local\Temp\ccTn9tGc.s:289    .text.Analog_Output_Instance_To_Index:0000000000000000 .L0 
C:\Users\zero6575\AppData\Local\Temp\ccTn9tGc.s:290    .text.Analog_Output_Instance_To_Index:0000000000000000 .L0 
C:\Users\zero6575\AppData\Local\Temp\ccTn9tGc.s:291    .text.Analog_Output_Instance_To_Index:0000000000000002 .L0 
C:\Users\zero6575\AppData\Local\Temp\ccTn9tGc.s:293    .text.Analog_Output_Instance_To_Index:0000000000000004 .L0 
C:\Users\zero6575\AppData\Local\Temp\ccTn9tGc.s:295    .text.Analog_Output_Instance_To_Index:0000000000000006 .L0 
C:\Users\zero6575\AppData\Local\Temp\ccTn9tGc.s:299    .text.Analog_Output_Instance_To_Index:000000000000000c .L0 
C:\Users\zero6575\AppData\Local\Temp\ccTn9tGc.s:302    .text.Analog_Output_Instance_To_Index:0000000000000012 .L0 
C:\Users\zero6575\AppData\Local\Temp\ccTn9tGc.s:307    .text.Analog_Output_Instance_To_Index:0000000000000020 .L0 
C:\Users\zero6575\AppData\Local\Temp\ccTn9tGc.s:311    .text.Analog_Output_Instance_To_Index:0000000000000028 .L0 
C:\Users\zero6575\AppData\Local\Temp\ccTn9tGc.s:313    .text.Analog_Output_Instance_To_Index:000000000000002c .L0 
C:\Users\zero6575\AppData\Local\Temp\ccTn9tGc.s:315    .text.Analog_Output_Instance_To_Index:0000000000000030 .L0 
C:\Users\zero6575\AppData\Local\Temp\ccTn9tGc.s:316    .text.Analog_Output_Instance_To_Index:0000000000000030 .L0 
C:\Users\zero6575\AppData\Local\Temp\ccTn9tGc.s:318    .text.Analog_Output_Instance_To_Index:0000000000000032 .L0 
C:\Users\zero6575\AppData\Local\Temp\ccTn9tGc.s:320    .text.Analog_Output_Instance_To_Index:0000000000000034 .L0 
C:\Users\zero6575\AppData\Local\Temp\ccTn9tGc.s:328    .text.Analog_Output_Present_Value:0000000000000000 Analog_Output_Present_Value
C:\Users\zero6575\AppData\Local\Temp\ccTn9tGc.s:331    .text.Analog_Output_Present_Value:0000000000000000 .L0 
C:\Users\zero6575\AppData\Local\Temp\ccTn9tGc.s:332    .text.Analog_Output_Present_Value:0000000000000000 .L0 
C:\Users\zero6575\AppData\Local\Temp\ccTn9tGc.s:333    .text.Analog_Output_Present_Value:0000000000000002 .L0 
C:\Users\zero6575\AppData\Local\Temp\ccTn9tGc.s:336    .text.Analog_Output_Present_Value:0000000000000006 .L0 
C:\Users\zero6575\AppData\Local\Temp\ccTn9tGc.s:337    .text.Analog_Output_Present_Value:0000000000000006 .L0 
C:\Users\zero6575\AppData\Local\Temp\ccTn9tGc.s:339    .text.Analog_Output_Present_Value:0000000000000008 .L0 
C:\Users\zero6575\AppData\Local\Temp\ccTn9tGc.s:343    .text.Analog_Output_Present_Value:000000000000000e .L0 
C:\Users\zero6575\AppData\Local\Temp\ccTn9tGc.s:346    .text.Analog_Output_Present_Value:0000000000000016 .L0 
C:\Users\zero6575\AppData\Local\Temp\ccTn9tGc.s:348    .text.Analog_Output_Present_Value:000000000000001a .L0 
C:\Users\zero6575\AppData\Local\Temp\ccTn9tGc.s:350    .text.Analog_Output_Present_Value:000000000000001e .L0 
C:\Users\zero6575\AppData\Local\Temp\ccTn9tGc.s:356    .text.Analog_Output_Present_Value:0000000000000032 .L0 
C:\Users\zero6575\AppData\Local\Temp\ccTn9tGc.s:361    .text.Analog_Output_Present_Value:0000000000000040 .L0 
C:\Users\zero6575\AppData\Local\Temp\ccTn9tGc.s:363    .text.Analog_Output_Present_Value:0000000000000044 .L0 
C:\Users\zero6575\AppData\Local\Temp\ccTn9tGc.s:366    .text.Analog_Output_Present_Value:0000000000000046 .L0 
C:\Users\zero6575\AppData\Local\Temp\ccTn9tGc.s:374    .text.Analog_Output_Present_Value:0000000000000060 .L0 
C:\Users\zero6575\AppData\Local\Temp\ccTn9tGc.s:378    .text.Analog_Output_Present_Value:000000000000006a .L0 
C:\Users\zero6575\AppData\Local\Temp\ccTn9tGc.s:386    .text.Analog_Output_Present_Value:0000000000000084 .L0 
C:\Users\zero6575\AppData\Local\Temp\ccTn9tGc.s:393    .text.Analog_Output_Present_Value:0000000000000096 .L0 
C:\Users\zero6575\AppData\Local\Temp\ccTn9tGc.s:396    .text.Analog_Output_Present_Value:0000000000000098 .L0 
C:\Users\zero6575\AppData\Local\Temp\ccTn9tGc.s:401    .text.Analog_Output_Present_Value:00000000000000a2 .L0 
C:\Users\zero6575\AppData\Local\Temp\ccTn9tGc.s:407    .text.Analog_Output_Present_Value:00000000000000b0 .L0 
C:\Users\zero6575\AppData\Local\Temp\ccTn9tGc.s:409    .text.Analog_Output_Present_Value:00000000000000b4 .L0 
C:\Users\zero6575\AppData\Local\Temp\ccTn9tGc.s:411    .text.Analog_Output_Present_Value:00000000000000b8 .L0 
C:\Users\zero6575\AppData\Local\Temp\ccTn9tGc.s:413    .text.Analog_Output_Present_Value:00000000000000ba .L0 
C:\Users\zero6575\AppData\Local\Temp\ccTn9tGc.s:414    .text.Analog_Output_Present_Value:00000000000000ba .L0 
C:\Users\zero6575\AppData\Local\Temp\ccTn9tGc.s:416    .text.Analog_Output_Present_Value:00000000000000bc .L0 
C:\Users\zero6575\AppData\Local\Temp\ccTn9tGc.s:418    .text.Analog_Output_Present_Value:00000000000000be .L0 
C:\Users\zero6575\AppData\Local\Temp\ccTn9tGc.s:425    .text.Analog_Output_Present_Value_Priority:0000000000000000 Analog_Output_Present_Value_Priority
C:\Users\zero6575\AppData\Local\Temp\ccTn9tGc.s:428    .text.Analog_Output_Present_Value_Priority:0000000000000000 .L0 
C:\Users\zero6575\AppData\Local\Temp\ccTn9tGc.s:429    .text.Analog_Output_Present_Value_Priority:0000000000000000 .L0 
C:\Users\zero6575\AppData\Local\Temp\ccTn9tGc.s:430    .text.Analog_Output_Present_Value_Priority:0000000000000002 .L0 
C:\Users\zero6575\AppData\Local\Temp\ccTn9tGc.s:433    .text.Analog_Output_Present_Value_Priority:0000000000000006 .L0 
C:\Users\zero6575\AppData\Local\Temp\ccTn9tGc.s:434    .text.Analog_Output_Present_Value_Priority:0000000000000006 .L0 
C:\Users\zero6575\AppData\Local\Temp\ccTn9tGc.s:436    .text.Analog_Output_Present_Value_Priority:0000000000000008 .L0 
C:\Users\zero6575\AppData\Local\Temp\ccTn9tGc.s:440    .text.Analog_Output_Present_Value_Priority:000000000000000e .L0 
C:\Users\zero6575\AppData\Local\Temp\ccTn9tGc.s:442    .text.Analog_Output_Present_Value_Priority:0000000000000012 .L0 
C:\Users\zero6575\AppData\Local\Temp\ccTn9tGc.s:444    .text.Analog_Output_Present_Value_Priority:0000000000000016 .L0 
C:\Users\zero6575\AppData\Local\Temp\ccTn9tGc.s:446    .text.Analog_Output_Present_Value_Priority:000000000000001a .L0 
C:\Users\zero6575\AppData\Local\Temp\ccTn9tGc.s:452    .text.Analog_Output_Present_Value_Priority:000000000000002e .L0 
C:\Users\zero6575\AppData\Local\Temp\ccTn9tGc.s:457    .text.Analog_Output_Present_Value_Priority:000000000000003c .L0 
C:\Users\zero6575\AppData\Local\Temp\ccTn9tGc.s:459    .text.Analog_Output_Present_Value_Priority:0000000000000040 .L0 
C:\Users\zero6575\AppData\Local\Temp\ccTn9tGc.s:462    .text.Analog_Output_Present_Value_Priority:0000000000000042 .L0 
C:\Users\zero6575\AppData\Local\Temp\ccTn9tGc.s:470    .text.Analog_Output_Present_Value_Priority:000000000000005c .L0 
C:\Users\zero6575\AppData\Local\Temp\ccTn9tGc.s:474    .text.Analog_Output_Present_Value_Priority:0000000000000066 .L0 
C:\Users\zero6575\AppData\Local\Temp\ccTn9tGc.s:478    .text.Analog_Output_Present_Value_Priority:0000000000000070 .L0 
C:\Users\zero6575\AppData\Local\Temp\ccTn9tGc.s:481    .text.Analog_Output_Present_Value_Priority:0000000000000072 .L0 
C:\Users\zero6575\AppData\Local\Temp\ccTn9tGc.s:486    .text.Analog_Output_Present_Value_Priority:000000000000007c .L0 
C:\Users\zero6575\AppData\Local\Temp\ccTn9tGc.s:492    .text.Analog_Output_Present_Value_Priority:000000000000008a .L0 
C:\Users\zero6575\AppData\Local\Temp\ccTn9tGc.s:494    .text.Analog_Output_Present_Value_Priority:000000000000008e .L0 
C:\Users\zero6575\AppData\Local\Temp\ccTn9tGc.s:496    .text.Analog_Output_Present_Value_Priority:0000000000000092 .L0 
C:\Users\zero6575\AppData\Local\Temp\ccTn9tGc.s:498    .text.Analog_Output_Present_Value_Priority:0000000000000094 .L0 
C:\Users\zero6575\AppData\Local\Temp\ccTn9tGc.s:499    .text.Analog_Output_Present_Value_Priority:0000000000000094 .L0 
C:\Users\zero6575\AppData\Local\Temp\ccTn9tGc.s:501    .text.Analog_Output_Present_Value_Priority:0000000000000096 .L0 
C:\Users\zero6575\AppData\Local\Temp\ccTn9tGc.s:503    .text.Analog_Output_Present_Value_Priority:0000000000000098 .L0 
C:\Users\zero6575\AppData\Local\Temp\ccTn9tGc.s:513    .text.Analog_Output_Present_Value_Set:0000000000000000 Analog_Output_Present_Value_Set
C:\Users\zero6575\AppData\Local\Temp\ccTn9tGc.s:516    .text.Analog_Output_Present_Value_Set:0000000000000000 .L0 
C:\Users\zero6575\AppData\Local\Temp\ccTn9tGc.s:517    .text.Analog_Output_Present_Value_Set:0000000000000000 .L0 
C:\Users\zero6575\AppData\Local\Temp\ccTn9tGc.s:518    .text.Analog_Output_Present_Value_Set:0000000000000002 .L0 
C:\Users\zero6575\AppData\Local\Temp\ccTn9tGc.s:522    .text.Analog_Output_Present_Value_Set:0000000000000008 .L0 
C:\Users\zero6575\AppData\Local\Temp\ccTn9tGc.s:523    .text.Analog_Output_Present_Value_Set:0000000000000008 .L0 
C:\Users\zero6575\AppData\Local\Temp\ccTn9tGc.s:524    .text.Analog_Output_Present_Value_Set:0000000000000008 .L0 
C:\Users\zero6575\AppData\Local\Temp\ccTn9tGc.s:526    .text.Analog_Output_Present_Value_Set:000000000000000a .L0 
C:\Users\zero6575\AppData\Local\Temp\ccTn9tGc.s:534    .text.Analog_Output_Present_Value_Set:000000000000001c .L0 
C:\Users\zero6575\AppData\Local\Temp\ccTn9tGc.s:536    .text.Analog_Output_Present_Value_Set:0000000000000020 .L0 
C:\Users\zero6575\AppData\Local\Temp\ccTn9tGc.s:538    .text.Analog_Output_Present_Value_Set:0000000000000024 .L0 
C:\Users\zero6575\AppData\Local\Temp\ccTn9tGc.s:544    .text.Analog_Output_Present_Value_Set:0000000000000038 .L0 
C:\Users\zero6575\AppData\Local\Temp\ccTn9tGc.s:549    .text.Analog_Output_Present_Value_Set:0000000000000046 .L0 
C:\Users\zero6575\AppData\Local\Temp\ccTn9tGc.s:553    .text.Analog_Output_Present_Value_Set:000000000000004e .L0 
C:\Users\zero6575\AppData\Local\Temp\ccTn9tGc.s:558    .text.Analog_Output_Present_Value_Set:000000000000005c .L0 
C:\Users\zero6575\AppData\Local\Temp\ccTn9tGc.s:563    .text.Analog_Output_Present_Value_Set:000000000000006a .L0 
C:\Users\zero6575\AppData\Local\Temp\ccTn9tGc.s:570    .text.Analog_Output_Present_Value_Set:0000000000000080 .L0 
C:\Users\zero6575\AppData\Local\Temp\ccTn9tGc.s:578    .text.Analog_Output_Present_Value_Set:000000000000009c .L0 
C:\Users\zero6575\AppData\Local\Temp\ccTn9tGc.s:582    .text.Analog_Output_Present_Value_Set:00000000000000a6 .L0 
C:\Users\zero6575\AppData\Local\Temp\ccTn9tGc.s:588    .text.Analog_Output_Present_Value_Set:00000000000000b8 .L0 
C:\Users\zero6575\AppData\Local\Temp\ccTn9tGc.s:597    .text.Analog_Output_Present_Value_Set:00000000000000d4 .L0 
C:\Users\zero6575\AppData\Local\Temp\ccTn9tGc.s:601    .text.Analog_Output_Present_Value_Set:00000000000000da .L0 
C:\Users\zero6575\AppData\Local\Temp\ccTn9tGc.s:603    .text.Analog_Output_Present_Value_Set:00000000000000de .L0 
C:\Users\zero6575\AppData\Local\Temp\ccTn9tGc.s:605    .text.Analog_Output_Present_Value_Set:00000000000000e2 .L0 
C:\Users\zero6575\AppData\Local\Temp\ccTn9tGc.s:607    .text.Analog_Output_Present_Value_Set:00000000000000e4 .L0 
C:\Users\zero6575\AppData\Local\Temp\ccTn9tGc.s:608    .text.Analog_Output_Present_Value_Set:00000000000000e4 .L0 
C:\Users\zero6575\AppData\Local\Temp\ccTn9tGc.s:610    .text.Analog_Output_Present_Value_Set:00000000000000e6 .L0 
C:\Users\zero6575\AppData\Local\Temp\ccTn9tGc.s:612    .text.Analog_Output_Present_Value_Set:00000000000000e8 .L0 
C:\Users\zero6575\AppData\Local\Temp\ccTn9tGc.s:614    .text.Analog_Output_Present_Value_Set:00000000000000ea .L0 
C:\Users\zero6575\AppData\Local\Temp\ccTn9tGc.s:621    .text.Analog_Output_Present_Value_Relinquish:0000000000000000 Analog_Output_Present_Value_Relinquish
C:\Users\zero6575\AppData\Local\Temp\ccTn9tGc.s:624    .text.Analog_Output_Present_Value_Relinquish:0000000000000000 .L0 
C:\Users\zero6575\AppData\Local\Temp\ccTn9tGc.s:625    .text.Analog_Output_Present_Value_Relinquish:0000000000000000 .L0 
C:\Users\zero6575\AppData\Local\Temp\ccTn9tGc.s:626    .text.Analog_Output_Present_Value_Relinquish:0000000000000002 .L0 
C:\Users\zero6575\AppData\Local\Temp\ccTn9tGc.s:629    .text.Analog_Output_Present_Value_Relinquish:0000000000000006 .L0 
C:\Users\zero6575\AppData\Local\Temp\ccTn9tGc.s:630    .text.Analog_Output_Present_Value_Relinquish:0000000000000006 .L0 
C:\Users\zero6575\AppData\Local\Temp\ccTn9tGc.s:632    .text.Analog_Output_Present_Value_Relinquish:0000000000000008 .L0 
C:\Users\zero6575\AppData\Local\Temp\ccTn9tGc.s:639    .text.Analog_Output_Present_Value_Relinquish:0000000000000016 .L0 
C:\Users\zero6575\AppData\Local\Temp\ccTn9tGc.s:641    .text.Analog_Output_Present_Value_Relinquish:000000000000001a .L0 
C:\Users\zero6575\AppData\Local\Temp\ccTn9tGc.s:643    .text.Analog_Output_Present_Value_Relinquish:000000000000001e .L0 
C:\Users\zero6575\AppData\Local\Temp\ccTn9tGc.s:649    .text.Analog_Output_Present_Value_Relinquish:0000000000000032 .L0 
C:\Users\zero6575\AppData\Local\Temp\ccTn9tGc.s:654    .text.Analog_Output_Present_Value_Relinquish:0000000000000040 .L0 
C:\Users\zero6575\AppData\Local\Temp\ccTn9tGc.s:658    .text.Analog_Output_Present_Value_Relinquish:0000000000000048 .L0 
C:\Users\zero6575\AppData\Local\Temp\ccTn9tGc.s:663    .text.Analog_Output_Present_Value_Relinquish:0000000000000056 .L0 
C:\Users\zero6575\AppData\Local\Temp\ccTn9tGc.s:668    .text.Analog_Output_Present_Value_Relinquish:0000000000000064 .L0 
C:\Users\zero6575\AppData\Local\Temp\ccTn9tGc.s:672    .text.Analog_Output_Present_Value_Relinquish:000000000000006c .L0 
C:\Users\zero6575\AppData\Local\Temp\ccTn9tGc.s:682    .text.Analog_Output_Present_Value_Relinquish:0000000000000088 .L0 
C:\Users\zero6575\AppData\Local\Temp\ccTn9tGc.s:686    .text.Analog_Output_Present_Value_Relinquish:000000000000008e .L0 
C:\Users\zero6575\AppData\Local\Temp\ccTn9tGc.s:688    .text.Analog_Output_Present_Value_Relinquish:0000000000000092 .L0 
C:\Users\zero6575\AppData\Local\Temp\ccTn9tGc.s:690    .text.Analog_Output_Present_Value_Relinquish:0000000000000096 .L0 
C:\Users\zero6575\AppData\Local\Temp\ccTn9tGc.s:692    .text.Analog_Output_Present_Value_Relinquish:0000000000000098 .L0 
C:\Users\zero6575\AppData\Local\Temp\ccTn9tGc.s:693    .text.Analog_Output_Present_Value_Relinquish:0000000000000098 .L0 
C:\Users\zero6575\AppData\Local\Temp\ccTn9tGc.s:695    .text.Analog_Output_Present_Value_Relinquish:000000000000009a .L0 
C:\Users\zero6575\AppData\Local\Temp\ccTn9tGc.s:697    .text.Analog_Output_Present_Value_Relinquish:000000000000009c .L0 
C:\Users\zero6575\AppData\Local\Temp\ccTn9tGc.s:708    .text.Analog_Output_Object_Name:0000000000000000 Analog_Output_Object_Name
C:\Users\zero6575\AppData\Local\Temp\ccTn9tGc.s:711    .text.Analog_Output_Object_Name:0000000000000000 .L0 
C:\Users\zero6575\AppData\Local\Temp\ccTn9tGc.s:712    .text.Analog_Output_Object_Name:0000000000000000 .L0 
C:\Users\zero6575\AppData\Local\Temp\ccTn9tGc.s:713    .text.Analog_Output_Object_Name:0000000000000002 .L0 
C:\Users\zero6575\AppData\Local\Temp\ccTn9tGc.s:716    .text.Analog_Output_Object_Name:0000000000000006 .L0 
C:\Users\zero6575\AppData\Local\Temp\ccTn9tGc.s:717    .text.Analog_Output_Object_Name:0000000000000006 .L0 
C:\Users\zero6575\AppData\Local\Temp\ccTn9tGc.s:719    .text.Analog_Output_Object_Name:0000000000000008 .L0 
C:\Users\zero6575\AppData\Local\Temp\ccTn9tGc.s:724    .text.Analog_Output_Object_Name:0000000000000012 .L0 
C:\Users\zero6575\AppData\Local\Temp\ccTn9tGc.s:726    .text.Analog_Output_Object_Name:0000000000000016 .L0 
C:\Users\zero6575\AppData\Local\Temp\ccTn9tGc.s:731    .text.Analog_Output_Object_Name:0000000000000024 .L0 
C:\Users\zero6575\AppData\Local\Temp\ccTn9tGc.s:1802   .bss.text_string.6498:0000000000000000 text_string.6498
C:\Users\zero6575\AppData\Local\Temp\ccTn9tGc.s:737    .text.Analog_Output_Object_Name:0000000000000042 .L0 
C:\Users\zero6575\AppData\Local\Temp\ccTn9tGc.s:744    .text.Analog_Output_Object_Name:000000000000005c .L0 
C:\Users\zero6575\AppData\Local\Temp\ccTn9tGc.s:746    .text.Analog_Output_Object_Name:0000000000000060 .L0 
C:\Users\zero6575\AppData\Local\Temp\ccTn9tGc.s:748    .text.Analog_Output_Object_Name:0000000000000064 .L0 
C:\Users\zero6575\AppData\Local\Temp\ccTn9tGc.s:750    .text.Analog_Output_Object_Name:0000000000000066 .L0 
C:\Users\zero6575\AppData\Local\Temp\ccTn9tGc.s:751    .text.Analog_Output_Object_Name:0000000000000066 .L0 
C:\Users\zero6575\AppData\Local\Temp\ccTn9tGc.s:753    .text.Analog_Output_Object_Name:0000000000000068 .L0 
C:\Users\zero6575\AppData\Local\Temp\ccTn9tGc.s:755    .text.Analog_Output_Object_Name:000000000000006a .L0 
C:\Users\zero6575\AppData\Local\Temp\ccTn9tGc.s:762    .text.Analog_Output_Out_Of_Service:0000000000000000 Analog_Output_Out_Of_Service
C:\Users\zero6575\AppData\Local\Temp\ccTn9tGc.s:765    .text.Analog_Output_Out_Of_Service:0000000000000000 .L0 
C:\Users\zero6575\AppData\Local\Temp\ccTn9tGc.s:766    .text.Analog_Output_Out_Of_Service:0000000000000000 .L0 
C:\Users\zero6575\AppData\Local\Temp\ccTn9tGc.s:767    .text.Analog_Output_Out_Of_Service:0000000000000002 .L0 
C:\Users\zero6575\AppData\Local\Temp\ccTn9tGc.s:770    .text.Analog_Output_Out_Of_Service:0000000000000006 .L0 
C:\Users\zero6575\AppData\Local\Temp\ccTn9tGc.s:771    .text.Analog_Output_Out_Of_Service:0000000000000006 .L0 
C:\Users\zero6575\AppData\Local\Temp\ccTn9tGc.s:773    .text.Analog_Output_Out_Of_Service:0000000000000008 .L0 
C:\Users\zero6575\AppData\Local\Temp\ccTn9tGc.s:777    .text.Analog_Output_Out_Of_Service:000000000000000e .L0 
C:\Users\zero6575\AppData\Local\Temp\ccTn9tGc.s:779    .text.Analog_Output_Out_Of_Service:0000000000000012 .L0 
C:\Users\zero6575\AppData\Local\Temp\ccTn9tGc.s:781    .text.Analog_Output_Out_Of_Service:0000000000000016 .L0 
C:\Users\zero6575\AppData\Local\Temp\ccTn9tGc.s:787    .text.Analog_Output_Out_Of_Service:000000000000002a .L0 
C:\Users\zero6575\AppData\Local\Temp\ccTn9tGc.s:792    .text.Analog_Output_Out_Of_Service:0000000000000038 .L0 
C:\Users\zero6575\AppData\Local\Temp\ccTn9tGc.s:799    .text.Analog_Output_Out_Of_Service:000000000000004e .L0 
C:\Users\zero6575\AppData\Local\Temp\ccTn9tGc.s:801    .text.Analog_Output_Out_Of_Service:0000000000000052 .L0 
C:\Users\zero6575\AppData\Local\Temp\ccTn9tGc.s:803    .text.Analog_Output_Out_Of_Service:0000000000000056 .L0 
C:\Users\zero6575\AppData\Local\Temp\ccTn9tGc.s:805    .text.Analog_Output_Out_Of_Service:0000000000000058 .L0 
C:\Users\zero6575\AppData\Local\Temp\ccTn9tGc.s:806    .text.Analog_Output_Out_Of_Service:0000000000000058 .L0 
C:\Users\zero6575\AppData\Local\Temp\ccTn9tGc.s:808    .text.Analog_Output_Out_Of_Service:000000000000005a .L0 
C:\Users\zero6575\AppData\Local\Temp\ccTn9tGc.s:810    .text.Analog_Output_Out_Of_Service:000000000000005c .L0 
C:\Users\zero6575\AppData\Local\Temp\ccTn9tGc.s:817    .text.Analog_Output_Out_Of_Service_Set:0000000000000000 Analog_Output_Out_Of_Service_Set
C:\Users\zero6575\AppData\Local\Temp\ccTn9tGc.s:820    .text.Analog_Output_Out_Of_Service_Set:0000000000000000 .L0 
C:\Users\zero6575\AppData\Local\Temp\ccTn9tGc.s:821    .text.Analog_Output_Out_Of_Service_Set:0000000000000000 .L0 
C:\Users\zero6575\AppData\Local\Temp\ccTn9tGc.s:822    .text.Analog_Output_Out_Of_Service_Set:0000000000000002 .L0 
C:\Users\zero6575\AppData\Local\Temp\ccTn9tGc.s:825    .text.Analog_Output_Out_Of_Service_Set:0000000000000006 .L0 
C:\Users\zero6575\AppData\Local\Temp\ccTn9tGc.s:826    .text.Analog_Output_Out_Of_Service_Set:0000000000000006 .L0 
C:\Users\zero6575\AppData\Local\Temp\ccTn9tGc.s:828    .text.Analog_Output_Out_Of_Service_Set:0000000000000008 .L0 
C:\Users\zero6575\AppData\Local\Temp\ccTn9tGc.s:835    .text.Analog_Output_Out_Of_Service_Set:0000000000000016 .L0 
C:\Users\zero6575\AppData\Local\Temp\ccTn9tGc.s:837    .text.Analog_Output_Out_Of_Service_Set:000000000000001a .L0 
C:\Users\zero6575\AppData\Local\Temp\ccTn9tGc.s:843    .text.Analog_Output_Out_Of_Service_Set:000000000000002e .L0 
C:\Users\zero6575\AppData\Local\Temp\ccTn9tGc.s:848    .text.Analog_Output_Out_Of_Service_Set:000000000000003c .L0 
C:\Users\zero6575\AppData\Local\Temp\ccTn9tGc.s:855    .text.Analog_Output_Out_Of_Service_Set:0000000000000052 .L0 
C:\Users\zero6575\AppData\Local\Temp\ccTn9tGc.s:857    .text.Analog_Output_Out_Of_Service_Set:0000000000000056 .L0 
C:\Users\zero6575\AppData\Local\Temp\ccTn9tGc.s:859    .text.Analog_Output_Out_Of_Service_Set:0000000000000058 .L0 
C:\Users\zero6575\AppData\Local\Temp\ccTn9tGc.s:860    .text.Analog_Output_Out_Of_Service_Set:0000000000000058 .L0 
C:\Users\zero6575\AppData\Local\Temp\ccTn9tGc.s:862    .text.Analog_Output_Out_Of_Service_Set:000000000000005a .L0 
C:\Users\zero6575\AppData\Local\Temp\ccTn9tGc.s:864    .text.Analog_Output_Out_Of_Service_Set:000000000000005c .L0 
C:\Users\zero6575\AppData\Local\Temp\ccTn9tGc.s:871    .text.Analog_Output_Read_Property:0000000000000000 Analog_Output_Read_Property
C:\Users\zero6575\AppData\Local\Temp\ccTn9tGc.s:874    .text.Analog_Output_Read_Property:0000000000000000 .L0 
C:\Users\zero6575\AppData\Local\Temp\ccTn9tGc.s:875    .text.Analog_Output_Read_Property:0000000000000000 .L0 
C:\Users\zero6575\AppData\Local\Temp\ccTn9tGc.s:876    .text.Analog_Output_Read_Property:0000000000000004 .L0 
C:\Users\zero6575\AppData\Local\Temp\ccTn9tGc.s:879    .text.Analog_Output_Read_Property:000000000000000c .L0 
C:\Users\zero6575\AppData\Local\Temp\ccTn9tGc.s:880    .text.Analog_Output_Read_Property:000000000000000c .L0 
C:\Users\zero6575\AppData\Local\Temp\ccTn9tGc.s:882    .text.Analog_Output_Read_Property:0000000000000010 .L0 
C:\Users\zero6575\AppData\Local\Temp\ccTn9tGc.s:885    .text.Analog_Output_Read_Property:0000000000000014 .L0 
C:\Users\zero6575\AppData\Local\Temp\ccTn9tGc.s:887    .text.Analog_Output_Read_Property:0000000000000018 .L0 
C:\Users\zero6575\AppData\Local\Temp\ccTn9tGc.s:889    .text.Analog_Output_Read_Property:000000000000001c .L0 
C:\Users\zero6575\AppData\Local\Temp\ccTn9tGc.s:893    .text.Analog_Output_Read_Property:000000000000002a .L0 
C:\Users\zero6575\AppData\Local\Temp\ccTn9tGc.s:895    .text.Analog_Output_Read_Property:000000000000002e .L0 
C:\Users\zero6575\AppData\Local\Temp\ccTn9tGc.s:897    .text.Analog_Output_Read_Property:0000000000000032 .L0 
C:\Users\zero6575\AppData\Local\Temp\ccTn9tGc.s:899    .text.Analog_Output_Read_Property:0000000000000036 .L0 
C:\Users\zero6575\AppData\Local\Temp\ccTn9tGc.s:901    .text.Analog_Output_Read_Property:000000000000003a .L0 
C:\Users\zero6575\AppData\Local\Temp\ccTn9tGc.s:904    .text.Analog_Output_Read_Property:0000000000000040 .L0 
C:\Users\zero6575\AppData\Local\Temp\ccTn9tGc.s:907    .text.Analog_Output_Read_Property:0000000000000046 .L0 
C:\Users\zero6575\AppData\Local\Temp\ccTn9tGc.s:909    .text.Analog_Output_Read_Property:0000000000000048 .L0 
C:\Users\zero6575\AppData\Local\Temp\ccTn9tGc.s:912    .text.Analog_Output_Read_Property:000000000000004e .L0 
C:\Users\zero6575\AppData\Local\Temp\ccTn9tGc.s:915    .text.Analog_Output_Read_Property:0000000000000050 .L0 
C:\Users\zero6575\AppData\Local\Temp\ccTn9tGc.s:919    .text.Analog_Output_Read_Property:0000000000000054 .L0 
C:\Users\zero6575\AppData\Local\Temp\ccTn9tGc.s:923    .text.Analog_Output_Read_Property:000000000000005e .L0 
C:\Users\zero6575\AppData\Local\Temp\ccTn9tGc.s:926    .text.Analog_Output_Read_Property:0000000000000064 .L0 
C:\Users\zero6575\AppData\Local\Temp\ccTn9tGc.s:1029   .text.Analog_Output_Read_Property:000000000000009a .L0 
C:\Users\zero6575\AppData\Local\Temp\ccTn9tGc.s:1038   .text.Analog_Output_Read_Property:00000000000000b6 .L0 
C:\Users\zero6575\AppData\Local\Temp\ccTn9tGc.s:1041   .text.Analog_Output_Read_Property:00000000000000b8 .L0 
C:\Users\zero6575\AppData\Local\Temp\ccTn9tGc.s:1048   .text.Analog_Output_Read_Property:00000000000000ce .L0 
C:\Users\zero6575\AppData\Local\Temp\ccTn9tGc.s:1055   .text.Analog_Output_Read_Property:00000000000000e6 .L0 
C:\Users\zero6575\AppData\Local\Temp\ccTn9tGc.s:1058   .text.Analog_Output_Read_Property:00000000000000e8 .L0 
C:\Users\zero6575\AppData\Local\Temp\ccTn9tGc.s:1064   .text.Analog_Output_Read_Property:00000000000000fc .L0 
C:\Users\zero6575\AppData\Local\Temp\ccTn9tGc.s:1067   .text.Analog_Output_Read_Property:00000000000000fe .L0 
C:\Users\zero6575\AppData\Local\Temp\ccTn9tGc.s:1073   .text.Analog_Output_Read_Property:0000000000000112 .L0 
C:\Users\zero6575\AppData\Local\Temp\ccTn9tGc.s:1079   .text.Analog_Output_Read_Property:0000000000000128 .L0 
C:\Users\zero6575\AppData\Local\Temp\ccTn9tGc.s:1082   .text.Analog_Output_Read_Property:000000000000012a .L0 
C:\Users\zero6575\AppData\Local\Temp\ccTn9tGc.s:1086   .text.Analog_Output_Read_Property:0000000000000138 .L0 
C:\Users\zero6575\AppData\Local\Temp\ccTn9tGc.s:1092   .text.Analog_Output_Read_Property:000000000000014a .L0 
C:\Users\zero6575\AppData\Local\Temp\ccTn9tGc.s:1098   .text.Analog_Output_Read_Property:000000000000015c .L0 
C:\Users\zero6575\AppData\Local\Temp\ccTn9tGc.s:1104   .text.Analog_Output_Read_Property:000000000000016e .L0 
C:\Users\zero6575\AppData\Local\Temp\ccTn9tGc.s:1111   .text.Analog_Output_Read_Property:0000000000000184 .L0 
C:\Users\zero6575\AppData\Local\Temp\ccTn9tGc.s:1118   .text.Analog_Output_Read_Property:000000000000019a .L0 
C:\Users\zero6575\AppData\Local\Temp\ccTn9tGc.s:1125   .text.Analog_Output_Read_Property:00000000000001b2 .L0 
C:\Users\zero6575\AppData\Local\Temp\ccTn9tGc.s:1128   .text.Analog_Output_Read_Property:00000000000001b4 .L0 
C:\Users\zero6575\AppData\Local\Temp\ccTn9tGc.s:1134   .text.Analog_Output_Read_Property:00000000000001c8 .L0 
C:\Users\zero6575\AppData\Local\Temp\ccTn9tGc.s:1137   .text.Analog_Output_Read_Property:00000000000001ca .L0 
C:\Users\zero6575\AppData\Local\Temp\ccTn9tGc.s:1144   .text.Analog_Output_Read_Property:00000000000001e0 .L0 
C:\Users\zero6575\AppData\Local\Temp\ccTn9tGc.s:1151   .text.Analog_Output_Read_Property:00000000000001f8 .L0 
C:\Users\zero6575\AppData\Local\Temp\ccTn9tGc.s:1154   .text.Analog_Output_Read_Property:00000000000001fa .L0 
C:\Users\zero6575\AppData\Local\Temp\ccTn9tGc.s:1160   .text.Analog_Output_Read_Property:0000000000000210 .L0 
C:\Users\zero6575\AppData\Local\Temp\ccTn9tGc.s:1163   .text.Analog_Output_Read_Property:0000000000000212 .L0 
C:\Users\zero6575\AppData\Local\Temp\ccTn9tGc.s:1166   .text.Analog_Output_Read_Property:0000000000000218 .L0 
C:\Users\zero6575\AppData\Local\Temp\ccTn9tGc.s:1168   .text.Analog_Output_Read_Property:000000000000021a .L0 
C:\Users\zero6575\AppData\Local\Temp\ccTn9tGc.s:1174   .text.Analog_Output_Read_Property:000000000000022e .L0 
C:\Users\zero6575\AppData\Local\Temp\ccTn9tGc.s:1177   .text.Analog_Output_Read_Property:0000000000000230 .L0 
C:\Users\zero6575\AppData\Local\Temp\ccTn9tGc.s:1180   .text.Analog_Output_Read_Property:0000000000000236 .L0 
C:\Users\zero6575\AppData\Local\Temp\ccTn9tGc.s:1184   .text.Analog_Output_Read_Property:000000000000023e .L0 
C:\Users\zero6575\AppData\Local\Temp\ccTn9tGc.s:1191   .text.Analog_Output_Read_Property:0000000000000254 .L0 
C:\Users\zero6575\AppData\Local\Temp\ccTn9tGc.s:1193   .text.Analog_Output_Read_Property:0000000000000258 .L0 
C:\Users\zero6575\AppData\Local\Temp\ccTn9tGc.s:1196   .text.Analog_Output_Read_Property:000000000000025a .L0 
C:\Users\zero6575\AppData\Local\Temp\ccTn9tGc.s:1204   .text.Analog_Output_Read_Property:0000000000000274 .L0 
C:\Users\zero6575\AppData\Local\Temp\ccTn9tGc.s:1208   .text.Analog_Output_Read_Property:000000000000027e .L0 
C:\Users\zero6575\AppData\Local\Temp\ccTn9tGc.s:1218   .text.Analog_Output_Read_Property:000000000000029a .L0 
C:\Users\zero6575\AppData\Local\Temp\ccTn9tGc.s:1226   .text.Analog_Output_Read_Property:00000000000002b4 .L0 
C:\Users\zero6575\AppData\Local\Temp\ccTn9tGc.s:1233   .text.Analog_Output_Read_Property:00000000000002c6 .L0 
C:\Users\zero6575\AppData\Local\Temp\ccTn9tGc.s:1243   .text.Analog_Output_Read_Property:00000000000002e4 .L0 
C:\Users\zero6575\AppData\Local\Temp\ccTn9tGc.s:1248   .text.Analog_Output_Read_Property:00000000000002f0 .L0 
C:\Users\zero6575\AppData\Local\Temp\ccTn9tGc.s:1252   .text.Analog_Output_Read_Property:00000000000002fa .L0 
C:\Users\zero6575\AppData\Local\Temp\ccTn9tGc.s:1259   .text.Analog_Output_Read_Property:000000000000030a .L0 
C:\Users\zero6575\AppData\Local\Temp\ccTn9tGc.s:1263   .text.Analog_Output_Read_Property:0000000000000314 .L0 
C:\Users\zero6575\AppData\Local\Temp\ccTn9tGc.s:1266   .text.Analog_Output_Read_Property:000000000000031a .L0 
C:\Users\zero6575\AppData\Local\Temp\ccTn9tGc.s:1268   .text.Analog_Output_Read_Property:000000000000031c .L0 
C:\Users\zero6575\AppData\Local\Temp\ccTn9tGc.s:1271   .text.Analog_Output_Read_Property:000000000000031e .L0 
C:\Users\zero6575\AppData\Local\Temp\ccTn9tGc.s:1276   .text.Analog_Output_Read_Property:0000000000000328 .L0 
C:\Users\zero6575\AppData\Local\Temp\ccTn9tGc.s:1281   .text.Analog_Output_Read_Property:0000000000000336 .L0 
C:\Users\zero6575\AppData\Local\Temp\ccTn9tGc.s:1284   .text.Analog_Output_Read_Property:0000000000000338 .L0 
C:\Users\zero6575\AppData\Local\Temp\ccTn9tGc.s:1291   .text.Analog_Output_Read_Property:000000000000034e .L0 
C:\Users\zero6575\AppData\Local\Temp\ccTn9tGc.s:1294   .text.Analog_Output_Read_Property:0000000000000354 .L0 
C:\Users\zero6575\AppData\Local\Temp\ccTn9tGc.s:1298   .text.Analog_Output_Read_Property:000000000000035c .L0 
C:\Users\zero6575\AppData\Local\Temp\ccTn9tGc.s:1301   .text.Analog_Output_Read_Property:0000000000000362 .L0 
C:\Users\zero6575\AppData\Local\Temp\ccTn9tGc.s:1304   .text.Analog_Output_Read_Property:0000000000000366 .L0 
C:\Users\zero6575\AppData\Local\Temp\ccTn9tGc.s:1313   .text.Analog_Output_Read_Property:0000000000000380 .L0 
C:\Users\zero6575\AppData\Local\Temp\ccTn9tGc.s:1317   .text.Analog_Output_Read_Property:000000000000038a .L0 
C:\Users\zero6575\AppData\Local\Temp\ccTn9tGc.s:1322   .text.Analog_Output_Read_Property:000000000000039c .L0 
C:\Users\zero6575\AppData\Local\Temp\ccTn9tGc.s:1325   .text.Analog_Output_Read_Property:000000000000039e .L0 
C:\Users\zero6575\AppData\Local\Temp\ccTn9tGc.s:1328   .text.Analog_Output_Read_Property:00000000000003a4 .L0 
C:\Users\zero6575\AppData\Local\Temp\ccTn9tGc.s:1331   .text.Analog_Output_Read_Property:00000000000003a8 .L0 
C:\Users\zero6575\AppData\Local\Temp\ccTn9tGc.s:1340   .text.Analog_Output_Read_Property:00000000000003c2 .L0 
C:\Users\zero6575\AppData\Local\Temp\ccTn9tGc.s:1347   .text.Analog_Output_Read_Property:00000000000003d4 .L0 
C:\Users\zero6575\AppData\Local\Temp\ccTn9tGc.s:1353   .text.Analog_Output_Read_Property:00000000000003ea .L0 
C:\Users\zero6575\AppData\Local\Temp\ccTn9tGc.s:1356   .text.Analog_Output_Read_Property:00000000000003ec .L0 
C:\Users\zero6575\AppData\Local\Temp\ccTn9tGc.s:1360   .text.Analog_Output_Read_Property:00000000000003f4 .L0 
C:\Users\zero6575\AppData\Local\Temp\ccTn9tGc.s:1364   .text.Analog_Output_Read_Property:00000000000003fe .L0 
C:\Users\zero6575\AppData\Local\Temp\ccTn9tGc.s:1367   .text.Analog_Output_Read_Property:0000000000000404 .L0 
C:\Users\zero6575\AppData\Local\Temp\ccTn9tGc.s:1370   .text.Analog_Output_Read_Property:0000000000000406 .L0 
C:\Users\zero6575\AppData\Local\Temp\ccTn9tGc.s:1373   .text.Analog_Output_Read_Property:000000000000040e .L0 
C:\Users\zero6575\AppData\Local\Temp\ccTn9tGc.s:1379   .text.Analog_Output_Read_Property:0000000000000424 .L0 
C:\Users\zero6575\AppData\Local\Temp\ccTn9tGc.s:1382   .text.Analog_Output_Read_Property:0000000000000426 .L0 
C:\Users\zero6575\AppData\Local\Temp\ccTn9tGc.s:1386   .text.Analog_Output_Read_Property:000000000000042e .L0 
C:\Users\zero6575\AppData\Local\Temp\ccTn9tGc.s:1390   .text.Analog_Output_Read_Property:0000000000000438 .L0 
C:\Users\zero6575\AppData\Local\Temp\ccTn9tGc.s:1393   .text.Analog_Output_Read_Property:000000000000043e .L0 
C:\Users\zero6575\AppData\Local\Temp\ccTn9tGc.s:1396   .text.Analog_Output_Read_Property:0000000000000440 .L0 
C:\Users\zero6575\AppData\Local\Temp\ccTn9tGc.s:1400   .text.Analog_Output_Read_Property:000000000000044a .L0 
C:\Users\zero6575\AppData\Local\Temp\ccTn9tGc.s:1403   .text.Analog_Output_Read_Property:0000000000000450 .L0 
C:\Users\zero6575\AppData\Local\Temp\ccTn9tGc.s:1407   .text.Analog_Output_Read_Property:000000000000045a .L0 
C:\Users\zero6575\AppData\Local\Temp\ccTn9tGc.s:1410   .text.Analog_Output_Read_Property:0000000000000460 .L0 
C:\Users\zero6575\AppData\Local\Temp\ccTn9tGc.s:1414   .text.Analog_Output_Read_Property:0000000000000468 .L0 
C:\Users\zero6575\AppData\Local\Temp\ccTn9tGc.s:1418   .text.Analog_Output_Read_Property:0000000000000470 .L0 
C:\Users\zero6575\AppData\Local\Temp\ccTn9tGc.s:1422   .text.Analog_Output_Read_Property:000000000000047a .L0 
C:\Users\zero6575\AppData\Local\Temp\ccTn9tGc.s:1426   .text.Analog_Output_Read_Property:0000000000000480 .L0 
C:\Users\zero6575\AppData\Local\Temp\ccTn9tGc.s:1429   .text.Analog_Output_Read_Property:0000000000000484 .L0 
C:\Users\zero6575\AppData\Local\Temp\ccTn9tGc.s:1431   .text.Analog_Output_Read_Property:000000000000048a .L0 
C:\Users\zero6575\AppData\Local\Temp\ccTn9tGc.s:1433   .text.Analog_Output_Read_Property:000000000000048e .L0 
C:\Users\zero6575\AppData\Local\Temp\ccTn9tGc.s:1434   .text.Analog_Output_Read_Property:000000000000048e .L0 
C:\Users\zero6575\AppData\Local\Temp\ccTn9tGc.s:1436   .text.Analog_Output_Read_Property:0000000000000492 .L0 
C:\Users\zero6575\AppData\Local\Temp\ccTn9tGc.s:1438   .text.Analog_Output_Read_Property:0000000000000494 .L0 
C:\Users\zero6575\AppData\Local\Temp\ccTn9tGc.s:1445   .text.Analog_Output_Write_Property:0000000000000000 Analog_Output_Write_Property
C:\Users\zero6575\AppData\Local\Temp\ccTn9tGc.s:1448   .text.Analog_Output_Write_Property:0000000000000000 .L0 
C:\Users\zero6575\AppData\Local\Temp\ccTn9tGc.s:1449   .text.Analog_Output_Write_Property:0000000000000000 .L0 
C:\Users\zero6575\AppData\Local\Temp\ccTn9tGc.s:1450   .text.Analog_Output_Write_Property:0000000000000004 .L0 
C:\Users\zero6575\AppData\Local\Temp\ccTn9tGc.s:1453   .text.Analog_Output_Write_Property:000000000000000c .L0 
C:\Users\zero6575\AppData\Local\Temp\ccTn9tGc.s:1454   .text.Analog_Output_Write_Property:000000000000000c .L0 
C:\Users\zero6575\AppData\Local\Temp\ccTn9tGc.s:1456   .text.Analog_Output_Write_Property:0000000000000010 .L0 
C:\Users\zero6575\AppData\Local\Temp\ccTn9tGc.s:1459   .text.Analog_Output_Write_Property:0000000000000014 .L0 
C:\Users\zero6575\AppData\Local\Temp\ccTn9tGc.s:1461   .text.Analog_Output_Write_Property:0000000000000018 .L0 
C:\Users\zero6575\AppData\Local\Temp\ccTn9tGc.s:1463   .text.Analog_Output_Write_Property:000000000000001c .L0 
C:\Users\zero6575\AppData\Local\Temp\ccTn9tGc.s:1466   .text.Analog_Output_Write_Property:0000000000000024 .L0 
C:\Users\zero6575\AppData\Local\Temp\ccTn9tGc.s:1469   .text.Analog_Output_Write_Property:000000000000002c .L0 
C:\Users\zero6575\AppData\Local\Temp\ccTn9tGc.s:1478   .text.Analog_Output_Write_Property:0000000000000046 .L0 
C:\Users\zero6575\AppData\Local\Temp\ccTn9tGc.s:1482   .text.Analog_Output_Write_Property:0000000000000050 .L0 
C:\Users\zero6575\AppData\Local\Temp\ccTn9tGc.s:1486   .text.Analog_Output_Write_Property:000000000000005a .L0 
C:\Users\zero6575\AppData\Local\Temp\ccTn9tGc.s:1490   .text.Analog_Output_Write_Property:0000000000000066 .L0 
C:\Users\zero6575\AppData\Local\Temp\ccTn9tGc.s:1494   .text.Analog_Output_Write_Property:000000000000006a .L0 
C:\Users\zero6575\AppData\Local\Temp\ccTn9tGc.s:1497   .text.Analog_Output_Write_Property:0000000000000070 .L0 
C:\Users\zero6575\AppData\Local\Temp\ccTn9tGc.s:1501   .text.Analog_Output_Write_Property:000000000000007a .L0 
C:\Users\zero6575\AppData\Local\Temp\ccTn9tGc.s:1504   .text.Analog_Output_Write_Property:0000000000000080 .L0 
C:\Users\zero6575\AppData\Local\Temp\ccTn9tGc.s:1508   .text.Analog_Output_Write_Property:0000000000000088 .L0 
C:\Users\zero6575\AppData\Local\Temp\ccTn9tGc.s:1512   .text.Analog_Output_Write_Property:0000000000000092 .L0 
C:\Users\zero6575\AppData\Local\Temp\ccTn9tGc.s:1516   .text.Analog_Output_Write_Property:000000000000009e .L0 
C:\Users\zero6575\AppData\Local\Temp\ccTn9tGc.s:1520   .text.Analog_Output_Write_Property:00000000000000a2 .L0 
C:\Users\zero6575\AppData\Local\Temp\ccTn9tGc.s:1523   .text.Analog_Output_Write_Property:00000000000000a8 .L0 
C:\Users\zero6575\AppData\Local\Temp\ccTn9tGc.s:1626   .text.Analog_Output_Write_Property:00000000000000de .L0 
C:\Users\zero6575\AppData\Local\Temp\ccTn9tGc.s:1628   .text.Analog_Output_Write_Property:00000000000000e2 .L0 
C:\Users\zero6575\AppData\Local\Temp\ccTn9tGc.s:1632   .text.Analog_Output_Write_Property:00000000000000ea .L0 
C:\Users\zero6575\AppData\Local\Temp\ccTn9tGc.s:1636   .text.Analog_Output_Write_Property:00000000000000f4 .L0 
C:\Users\zero6575\AppData\Local\Temp\ccTn9tGc.s:1639   .text.Analog_Output_Write_Property:00000000000000fc .L0 
C:\Users\zero6575\AppData\Local\Temp\ccTn9tGc.s:1647   .text.Analog_Output_Write_Property:0000000000000112 .L0 
C:\Users\zero6575\AppData\Local\Temp\ccTn9tGc.s:1650   .text.Analog_Output_Write_Property:000000000000011a .L0 
C:\Users\zero6575\AppData\Local\Temp\ccTn9tGc.s:1654   .text.Analog_Output_Write_Property:0000000000000122 .L0 
C:\Users\zero6575\AppData\Local\Temp\ccTn9tGc.s:1658   .text.Analog_Output_Write_Property:000000000000012c .L0 
C:\Users\zero6575\AppData\Local\Temp\ccTn9tGc.s:1662   .text.Analog_Output_Write_Property:0000000000000138 .L0 
C:\Users\zero6575\AppData\Local\Temp\ccTn9tGc.s:1665   .text.Analog_Output_Write_Property:000000000000013a .L0 
C:\Users\zero6575\AppData\Local\Temp\ccTn9tGc.s:1669   .text.Analog_Output_Write_Property:0000000000000146 .L0 
C:\Users\zero6575\AppData\Local\Temp\ccTn9tGc.s:1671   .text.Analog_Output_Write_Property:000000000000014a .L0 
C:\Users\zero6575\AppData\Local\Temp\ccTn9tGc.s:1675   .text.Analog_Output_Write_Property:0000000000000154 .L0 
C:\Users\zero6575\AppData\Local\Temp\ccTn9tGc.s:1679   .text.Analog_Output_Write_Property:0000000000000160 .L0 
C:\Users\zero6575\AppData\Local\Temp\ccTn9tGc.s:1682   .text.Analog_Output_Write_Property:0000000000000162 .L0 
C:\Users\zero6575\AppData\Local\Temp\ccTn9tGc.s:1694   .text.Analog_Output_Write_Property:000000000000018a .L0 
C:\Users\zero6575\AppData\Local\Temp\ccTn9tGc.s:1698   .text.Analog_Output_Write_Property:0000000000000194 .L0 
C:\Users\zero6575\AppData\Local\Temp\ccTn9tGc.s:1701   .text.Analog_Output_Write_Property:000000000000019a .L0 
C:\Users\zero6575\AppData\Local\Temp\ccTn9tGc.s:1704   .text.Analog_Output_Write_Property:00000000000001a2 .L0 
C:\Users\zero6575\AppData\Local\Temp\ccTn9tGc.s:1711   .text.Analog_Output_Write_Property:00000000000001b6 .L0 
C:\Users\zero6575\AppData\Local\Temp\ccTn9tGc.s:1715   .text.Analog_Output_Write_Property:00000000000001c2 .L0 
C:\Users\zero6575\AppData\Local\Temp\ccTn9tGc.s:1717   .text.Analog_Output_Write_Property:00000000000001c4 .L0 
C:\Users\zero6575\AppData\Local\Temp\ccTn9tGc.s:1721   .text.Analog_Output_Write_Property:00000000000001ce .L0 
C:\Users\zero6575\AppData\Local\Temp\ccTn9tGc.s:1725   .text.Analog_Output_Write_Property:00000000000001da .L0 
C:\Users\zero6575\AppData\Local\Temp\ccTn9tGc.s:1728   .text.Analog_Output_Write_Property:00000000000001dc .L0 
C:\Users\zero6575\AppData\Local\Temp\ccTn9tGc.s:1740   .text.Analog_Output_Write_Property:0000000000000204 .L0 
C:\Users\zero6575\AppData\Local\Temp\ccTn9tGc.s:1744   .text.Analog_Output_Write_Property:000000000000020e .L0 
C:\Users\zero6575\AppData\Local\Temp\ccTn9tGc.s:1751   .text.Analog_Output_Write_Property:0000000000000224 .L0 
C:\Users\zero6575\AppData\Local\Temp\ccTn9tGc.s:1754   .text.Analog_Output_Write_Property:0000000000000226 .L0 
C:\Users\zero6575\AppData\Local\Temp\ccTn9tGc.s:1758   .text.Analog_Output_Write_Property:0000000000000230 .L0 
C:\Users\zero6575\AppData\Local\Temp\ccTn9tGc.s:1762   .text.Analog_Output_Write_Property:000000000000023c .L0 
C:\Users\zero6575\AppData\Local\Temp\ccTn9tGc.s:1765   .text.Analog_Output_Write_Property:000000000000023e .L0 
C:\Users\zero6575\AppData\Local\Temp\ccTn9tGc.s:1769   .text.Analog_Output_Write_Property:0000000000000248 .L0 
C:\Users\zero6575\AppData\Local\Temp\ccTn9tGc.s:1773   .text.Analog_Output_Write_Property:0000000000000254 .L0 
C:\Users\zero6575\AppData\Local\Temp\ccTn9tGc.s:1776   .text.Analog_Output_Write_Property:0000000000000256 .L0 
C:\Users\zero6575\AppData\Local\Temp\ccTn9tGc.s:1780   .text.Analog_Output_Write_Property:000000000000025a .L0 
C:\Users\zero6575\AppData\Local\Temp\ccTn9tGc.s:1783   .text.Analog_Output_Write_Property:000000000000025c .L0 
C:\Users\zero6575\AppData\Local\Temp\ccTn9tGc.s:1786   .text.Analog_Output_Write_Property:0000000000000260 .L0 
C:\Users\zero6575\AppData\Local\Temp\ccTn9tGc.s:1788   .text.Analog_Output_Write_Property:0000000000000266 .L0 
C:\Users\zero6575\AppData\Local\Temp\ccTn9tGc.s:1790   .text.Analog_Output_Write_Property:000000000000026a .L0 
C:\Users\zero6575\AppData\Local\Temp\ccTn9tGc.s:1791   .text.Analog_Output_Write_Property:000000000000026a .L0 
C:\Users\zero6575\AppData\Local\Temp\ccTn9tGc.s:1793   .text.Analog_Output_Write_Property:000000000000026e .L0 
C:\Users\zero6575\AppData\Local\Temp\ccTn9tGc.s:1795   .text.Analog_Output_Write_Property:0000000000000270 .L0 
C:\Users\zero6575\AppData\Local\Temp\ccTn9tGc.s:109    .text.Analog_Output_Property_Lists:0000000000000058 .L0 
C:\Users\zero6575\AppData\Local\Temp\ccTn9tGc.s:187    .text.Analog_Output_Init:000000000000008c .L0 
C:\Users\zero6575\AppData\Local\Temp\ccTn9tGc.s:226    .text.Analog_Output_Valid_Instance:0000000000000028 .L0 
C:\Users\zero6575\AppData\Local\Temp\ccTn9tGc.s:253    .text.Analog_Output_Count:0000000000000010 .L0 
C:\Users\zero6575\AppData\Local\Temp\ccTn9tGc.s:282    .text.Analog_Output_Index_To_Instance:0000000000000018 .L0 
C:\Users\zero6575\AppData\Local\Temp\ccTn9tGc.s:324    .text.Analog_Output_Instance_To_Index:0000000000000034 .L0 
C:\Users\zero6575\AppData\Local\Temp\ccTn9tGc.s:421    .text.Analog_Output_Present_Value:00000000000000be .L0 
C:\Users\zero6575\AppData\Local\Temp\ccTn9tGc.s:509    .text.Analog_Output_Present_Value_Priority:0000000000000098 .L0 
C:\Users\zero6575\AppData\Local\Temp\ccTn9tGc.s:617    .text.Analog_Output_Present_Value_Set:00000000000000ea .L0 
C:\Users\zero6575\AppData\Local\Temp\ccTn9tGc.s:700    .text.Analog_Output_Present_Value_Relinquish:000000000000009c .L0 
C:\Users\zero6575\AppData\Local\Temp\ccTn9tGc.s:758    .text.Analog_Output_Object_Name:000000000000006a .L0 
C:\Users\zero6575\AppData\Local\Temp\ccTn9tGc.s:813    .text.Analog_Output_Out_Of_Service:000000000000005c .L0 
C:\Users\zero6575\AppData\Local\Temp\ccTn9tGc.s:867    .text.Analog_Output_Out_Of_Service_Set:000000000000005c .L0 
C:\Users\zero6575\AppData\Local\Temp\ccTn9tGc.s:1441   .text.Analog_Output_Read_Property:0000000000000494 .L0 
C:\Users\zero6575\AppData\Local\Temp\ccTn9tGc.s:1798   .text.Analog_Output_Write_Property:0000000000000270 .L0 
                     .debug_frame:0000000000000000 .L0 
C:\Users\zero6575\AppData\Local\Temp\ccTn9tGc.s:77     .text.Analog_Output_Property_Lists:000000000000001c .L0 
C:\Users\zero6575\AppData\Local\Temp\ccTn9tGc.s:85     .text.Analog_Output_Property_Lists:0000000000000030 .L0 
C:\Users\zero6575\AppData\Local\Temp\ccTn9tGc.s:93     .text.Analog_Output_Property_Lists:0000000000000044 .L0 
C:\Users\zero6575\AppData\Local\Temp\ccTn9tGc.s:79     .text.Analog_Output_Property_Lists:0000000000000026 .L2
C:\Users\zero6575\AppData\Local\Temp\ccTn9tGc.s:87     .text.Analog_Output_Property_Lists:000000000000003a .L3
C:\Users\zero6575\AppData\Local\Temp\ccTn9tGc.s:97     .text.Analog_Output_Property_Lists:0000000000000050 .L6
C:\Users\zero6575\AppData\Local\Temp\ccTn9tGc.s:124    .text.Analog_Output_Init:0000000000000006 .L0 
C:\Users\zero6575\AppData\Local\Temp\ccTn9tGc.s:131    .text.Analog_Output_Init:000000000000001c .L0 
C:\Users\zero6575\AppData\Local\Temp\ccTn9tGc.s:145    .text.Analog_Output_Init:0000000000000036 .L0 
C:\Users\zero6575\AppData\Local\Temp\ccTn9tGc.s:175    .text.Analog_Output_Init:0000000000000084 .L14
C:\Users\zero6575\AppData\Local\Temp\ccTn9tGc.s:167    .text.Analog_Output_Init:0000000000000074 .L9
C:\Users\zero6575\AppData\Local\Temp\ccTn9tGc.s:157    .text.Analog_Output_Init:000000000000005c .L10
C:\Users\zero6575\AppData\Local\Temp\ccTn9tGc.s:143    .text.Analog_Output_Init:0000000000000036 .L11
C:\Users\zero6575\AppData\Local\Temp\ccTn9tGc.s:138    .text.Analog_Output_Init:0000000000000030 .L12
C:\Users\zero6575\AppData\Local\Temp\ccTn9tGc.s:211    .text.Analog_Output_Valid_Instance:000000000000001e .L16
C:\Users\zero6575\AppData\Local\Temp\ccTn9tGc.s:214    .text.Analog_Output_Valid_Instance:0000000000000020 .L17
C:\Users\zero6575\AppData\Local\Temp\ccTn9tGc.s:309    .text.Analog_Output_Instance_To_Index:0000000000000028 .L23
C:\Users\zero6575\AppData\Local\Temp\ccTn9tGc.s:366    .text.Analog_Output_Present_Value:0000000000000046 .L0 
C:\Users\zero6575\AppData\Local\Temp\ccTn9tGc.s:378    .text.Analog_Output_Present_Value:000000000000006a .L0 
C:\Users\zero6575\AppData\Local\Temp\ccTn9tGc.s:405    .text.Analog_Output_Present_Value:00000000000000b0 .L26
C:\Users\zero6575\AppData\Local\Temp\ccTn9tGc.s:399    .text.Analog_Output_Present_Value:00000000000000a2 .L27
C:\Users\zero6575\AppData\Local\Temp\ccTn9tGc.s:394    .text.Analog_Output_Present_Value:0000000000000098 .L28
C:\Users\zero6575\AppData\Local\Temp\ccTn9tGc.s:364    .text.Analog_Output_Present_Value:0000000000000046 .L29
C:\Users\zero6575\AppData\Local\Temp\ccTn9tGc.s:462    .text.Analog_Output_Present_Value_Priority:0000000000000042 .L0 
C:\Users\zero6575\AppData\Local\Temp\ccTn9tGc.s:490    .text.Analog_Output_Present_Value_Priority:000000000000008a .L32
C:\Users\zero6575\AppData\Local\Temp\ccTn9tGc.s:484    .text.Analog_Output_Present_Value_Priority:000000000000007c .L33
C:\Users\zero6575\AppData\Local\Temp\ccTn9tGc.s:479    .text.Analog_Output_Present_Value_Priority:0000000000000072 .L34
C:\Users\zero6575\AppData\Local\Temp\ccTn9tGc.s:460    .text.Analog_Output_Present_Value_Priority:0000000000000042 .L35
C:\Users\zero6575\AppData\Local\Temp\ccTn9tGc.s:1806   .rodata:0000000000000014 .LC0
C:\Users\zero6575\AppData\Local\Temp\ccTn9tGc.s:570    .text.Analog_Output_Present_Value_Set:0000000000000080 .L0 
C:\Users\zero6575\AppData\Local\Temp\ccTn9tGc.s:588    .text.Analog_Output_Present_Value_Set:00000000000000b8 .L0 
C:\Users\zero6575\AppData\Local\Temp\ccTn9tGc.s:599    .text.Analog_Output_Present_Value_Set:00000000000000da .L38
C:\Users\zero6575\AppData\Local\Temp\ccTn9tGc.s:672    .text.Analog_Output_Present_Value_Relinquish:000000000000006c .L0 
C:\Users\zero6575\AppData\Local\Temp\ccTn9tGc.s:684    .text.Analog_Output_Present_Value_Relinquish:000000000000008e .L45
C:\Users\zero6575\AppData\Local\Temp\ccTn9tGc.s:702    .rodata:0000000000000000 .LC1
C:\Users\zero6575\AppData\Local\Temp\ccTn9tGc.s:733    .text.Analog_Output_Object_Name:000000000000002a .L0 
C:\Users\zero6575\AppData\Local\Temp\ccTn9tGc.s:734    .text.Analog_Output_Object_Name:0000000000000032 .L0 
C:\Users\zero6575\AppData\Local\Temp\ccTn9tGc.s:737    .text.Analog_Output_Object_Name:0000000000000042 .L0 
C:\Users\zero6575\AppData\Local\Temp\ccTn9tGc.s:742    .text.Analog_Output_Object_Name:000000000000005c .L48
C:\Users\zero6575\AppData\Local\Temp\ccTn9tGc.s:792    .text.Analog_Output_Out_Of_Service:0000000000000038 .L0 
C:\Users\zero6575\AppData\Local\Temp\ccTn9tGc.s:797    .text.Analog_Output_Out_Of_Service:000000000000004e .L51
C:\Users\zero6575\AppData\Local\Temp\ccTn9tGc.s:848    .text.Analog_Output_Out_Of_Service_Set:000000000000003c .L0 
C:\Users\zero6575\AppData\Local\Temp\ccTn9tGc.s:853    .text.Analog_Output_Out_Of_Service_Set:0000000000000052 .L55
C:\Users\zero6575\AppData\Local\Temp\ccTn9tGc.s:1809   .rodata:0000000000000018 .LC2
C:\Users\zero6575\AppData\Local\Temp\ccTn9tGc.s:889    .text.Analog_Output_Read_Property:000000000000001c .L0 
C:\Users\zero6575\AppData\Local\Temp\ccTn9tGc.s:943    .rodata.Analog_Output_Read_Property:0000000000000000 .L62
C:\Users\zero6575\AppData\Local\Temp\ccTn9tGc.s:933    .text.Analog_Output_Read_Property:000000000000007e .L0 
C:\Users\zero6575\AppData\Local\Temp\ccTn9tGc.s:937    .text.Analog_Output_Read_Property:000000000000008e .L0 
C:\Users\zero6575\AppData\Local\Temp\ccTn9tGc.s:1196   .text.Analog_Output_Read_Property:000000000000025a .L0 
C:\Users\zero6575\AppData\Local\Temp\ccTn9tGc.s:1218   .text.Analog_Output_Read_Property:000000000000029a .L0 
C:\Users\zero6575\AppData\Local\Temp\ccTn9tGc.s:1304   .text.Analog_Output_Read_Property:0000000000000366 .L0 
C:\Users\zero6575\AppData\Local\Temp\ccTn9tGc.s:1331   .text.Analog_Output_Read_Property:00000000000003a8 .L0 
C:\Users\zero6575\AppData\Local\Temp\ccTn9tGc.s:913    .text.Analog_Output_Read_Property:0000000000000050 .L57
C:\Users\zero6575\AppData\Local\Temp\ccTn9tGc.s:917    .text.Analog_Output_Read_Property:0000000000000054 .L58
C:\Users\zero6575\AppData\Local\Temp\ccTn9tGc.s:1427   .text.Analog_Output_Read_Property:0000000000000484 .L87
C:\Users\zero6575\AppData\Local\Temp\ccTn9tGc.s:1380   .text.Analog_Output_Read_Property:0000000000000426 .L60
C:\Users\zero6575\AppData\Local\Temp\ccTn9tGc.s:1394   .text.Analog_Output_Read_Property:0000000000000440 .L72
C:\Users\zero6575\AppData\Local\Temp\ccTn9tGc.s:1175   .text.Analog_Output_Read_Property:0000000000000230 .L73
C:\Users\zero6575\AppData\Local\Temp\ccTn9tGc.s:1282   .text.Analog_Output_Read_Property:0000000000000338 .L75
C:\Users\zero6575\AppData\Local\Temp\ccTn9tGc.s:1274   .text.Analog_Output_Read_Property:0000000000000328 .L76
C:\Users\zero6575\AppData\Local\Temp\ccTn9tGc.s:1216   .text.Analog_Output_Read_Property:000000000000029a .L77
C:\Users\zero6575\AppData\Local\Temp\ccTn9tGc.s:1241   .text.Analog_Output_Read_Property:00000000000002e4 .L78
C:\Users\zero6575\AppData\Local\Temp\ccTn9tGc.s:1257   .text.Analog_Output_Read_Property:000000000000030a .L79
C:\Users\zero6575\AppData\Local\Temp\ccTn9tGc.s:1269   .text.Analog_Output_Read_Property:000000000000031e .L88
C:\Users\zero6575\AppData\Local\Temp\ccTn9tGc.s:1194   .text.Analog_Output_Read_Property:000000000000025a .L82
C:\Users\zero6575\AppData\Local\Temp\ccTn9tGc.s:1354   .text.Analog_Output_Read_Property:00000000000003ec .L83
C:\Users\zero6575\AppData\Local\Temp\ccTn9tGc.s:1323   .text.Analog_Output_Read_Property:000000000000039e .L84
C:\Users\zero6575\AppData\Local\Temp\ccTn9tGc.s:1424   .text.Analog_Output_Read_Property:0000000000000480 .L86
C:\Users\zero6575\AppData\Local\Temp\ccTn9tGc.s:1126   .text.Analog_Output_Read_Property:00000000000001b4 .L71
C:\Users\zero6575\AppData\Local\Temp\ccTn9tGc.s:1027   .text.Analog_Output_Read_Property:000000000000009a .L70
C:\Users\zero6575\AppData\Local\Temp\ccTn9tGc.s:1039   .text.Analog_Output_Read_Property:00000000000000b8 .L69
C:\Users\zero6575\AppData\Local\Temp\ccTn9tGc.s:1056   .text.Analog_Output_Read_Property:00000000000000e8 .L68
C:\Users\zero6575\AppData\Local\Temp\ccTn9tGc.s:1135   .text.Analog_Output_Read_Property:00000000000001ca .L67
C:\Users\zero6575\AppData\Local\Temp\ccTn9tGc.s:1065   .text.Analog_Output_Read_Property:00000000000000fe .L66
C:\Users\zero6575\AppData\Local\Temp\ccTn9tGc.s:1161   .text.Analog_Output_Read_Property:0000000000000212 .L65
C:\Users\zero6575\AppData\Local\Temp\ccTn9tGc.s:1368   .text.Analog_Output_Read_Property:0000000000000406 .L64
C:\Users\zero6575\AppData\Local\Temp\ccTn9tGc.s:1080   .text.Analog_Output_Read_Property:000000000000012a .L63
C:\Users\zero6575\AppData\Local\Temp\ccTn9tGc.s:1152   .text.Analog_Output_Read_Property:00000000000001fa .L61
C:\Users\zero6575\AppData\Local\Temp\ccTn9tGc.s:1540   .rodata.Analog_Output_Write_Property:0000000000000000 .L95
C:\Users\zero6575\AppData\Local\Temp\ccTn9tGc.s:1530   .text.Analog_Output_Write_Property:00000000000000c2 .L0 
C:\Users\zero6575\AppData\Local\Temp\ccTn9tGc.s:1534   .text.Analog_Output_Write_Property:00000000000000d2 .L0 
C:\Users\zero6575\AppData\Local\Temp\ccTn9tGc.s:1492   .text.Analog_Output_Write_Property:000000000000006a .L90
C:\Users\zero6575\AppData\Local\Temp\ccTn9tGc.s:1784   .text.Analog_Output_Write_Property:0000000000000260 .L104
C:\Users\zero6575\AppData\Local\Temp\ccTn9tGc.s:1518   .text.Analog_Output_Write_Property:00000000000000a2 .L92
C:\Users\zero6575\AppData\Local\Temp\ccTn9tGc.s:1763   .text.Analog_Output_Write_Property:000000000000023e .L93
C:\Users\zero6575\AppData\Local\Temp\ccTn9tGc.s:1680   .text.Analog_Output_Write_Property:0000000000000162 .L98
C:\Users\zero6575\AppData\Local\Temp\ccTn9tGc.s:1663   .text.Analog_Output_Write_Property:000000000000013a .L99
C:\Users\zero6575\AppData\Local\Temp\ccTn9tGc.s:1774   .text.Analog_Output_Write_Property:0000000000000256 .L105
C:\Users\zero6575\AppData\Local\Temp\ccTn9tGc.s:1778   .text.Analog_Output_Write_Property:000000000000025a .L106
C:\Users\zero6575\AppData\Local\Temp\ccTn9tGc.s:1781   .text.Analog_Output_Write_Property:000000000000025c .L102
C:\Users\zero6575\AppData\Local\Temp\ccTn9tGc.s:1752   .text.Analog_Output_Write_Property:0000000000000226 .L94
C:\Users\zero6575\AppData\Local\Temp\ccTn9tGc.s:1726   .text.Analog_Output_Write_Property:00000000000001dc .L97
C:\Users\zero6575\AppData\Local\Temp\ccTn9tGc.s:1624   .text.Analog_Output_Write_Property:00000000000000de .L96
C:\Users\zero6575\AppData\Local\Temp\ccTn9tGc.s:7600   .debug_abbrev:0000000000000000 .Ldebug_abbrev0
C:\Users\zero6575\AppData\Local\Temp\ccTn9tGc.s:14166  .debug_str:0000000000005820 .LASF2350
C:\Users\zero6575\AppData\Local\Temp\ccTn9tGc.s:13630  .debug_str:0000000000003a3a .LASF2351
C:\Users\zero6575\AppData\Local\Temp\ccTn9tGc.s:13638  .debug_str:0000000000003ac6 .LASF2352
C:\Users\zero6575\AppData\Local\Temp\ccTn9tGc.s:8428   .debug_ranges:0000000000000000 .Ldebug_ranges0
C:\Users\zero6575\AppData\Local\Temp\ccTn9tGc.s:12504  .debug_line:0000000000000000 .Ldebug_line0
C:\Users\zero6575\AppData\Local\Temp\ccTn9tGc.s:8462   .debug_macro:0000000000000000 .Ldebug_macro0
C:\Users\zero6575\AppData\Local\Temp\ccTn9tGc.s:15022  .debug_str:000000000000837d .LASF1104
C:\Users\zero6575\AppData\Local\Temp\ccTn9tGc.s:12610  .debug_str:00000000000004de .LASF1107
C:\Users\zero6575\AppData\Local\Temp\ccTn9tGc.s:13062  .debug_str:0000000000001a68 .LASF1105
C:\Users\zero6575\AppData\Local\Temp\ccTn9tGc.s:17122  .debug_str:000000000000eb8c .LASF1106
C:\Users\zero6575\AppData\Local\Temp\ccTn9tGc.s:13488  .debug_str:0000000000003375 .LASF1108
C:\Users\zero6575\AppData\Local\Temp\ccTn9tGc.s:15018  .debug_str:000000000000834d .LASF1109
C:\Users\zero6575\AppData\Local\Temp\ccTn9tGc.s:16192  .debug_str:000000000000bd36 .LASF1110
C:\Users\zero6575\AppData\Local\Temp\ccTn9tGc.s:16198  .debug_str:000000000000bd8d .LASF1111
C:\Users\zero6575\AppData\Local\Temp\ccTn9tGc.s:17062  .debug_str:000000000000e873 .LASF1112
C:\Users\zero6575\AppData\Local\Temp\ccTn9tGc.s:15368  .debug_str:00000000000094d6 .LASF1113
C:\Users\zero6575\AppData\Local\Temp\ccTn9tGc.s:15580  .debug_str:0000000000009f8b .LASF1114
C:\Users\zero6575\AppData\Local\Temp\ccTn9tGc.s:14186  .debug_str:0000000000005988 .LASF1115
C:\Users\zero6575\AppData\Local\Temp\ccTn9tGc.s:12776  .debug_str:0000000000000c62 .LASF1116
C:\Users\zero6575\AppData\Local\Temp\ccTn9tGc.s:13020  .debug_str:0000000000001856 .LASF1117
C:\Users\zero6575\AppData\Local\Temp\ccTn9tGc.s:15498  .debug_str:0000000000009b5c .LASF1118
C:\Users\zero6575\AppData\Local\Temp\ccTn9tGc.s:14170  .debug_str:00000000000058f5 .LASF1119
C:\Users\zero6575\AppData\Local\Temp\ccTn9tGc.s:16756  .debug_str:000000000000d87c .LASF1120
C:\Users\zero6575\AppData\Local\Temp\ccTn9tGc.s:15544  .debug_str:0000000000009dcd .LASF1121
C:\Users\zero6575\AppData\Local\Temp\ccTn9tGc.s:14356  .debug_str:0000000000006196 .LASF1122
C:\Users\zero6575\AppData\Local\Temp\ccTn9tGc.s:14148  .debug_str:0000000000005733 .LASF1123
C:\Users\zero6575\AppData\Local\Temp\ccTn9tGc.s:16064  .debug_str:000000000000b77e .LASF1124
C:\Users\zero6575\AppData\Local\Temp\ccTn9tGc.s:14828  .debug_str:00000000000079fc .LASF1125
C:\Users\zero6575\AppData\Local\Temp\ccTn9tGc.s:15290  .debug_str:00000000000090cb .LASF1126
C:\Users\zero6575\AppData\Local\Temp\ccTn9tGc.s:14330  .debug_str:000000000000607c .LASF1127
C:\Users\zero6575\AppData\Local\Temp\ccTn9tGc.s:14184  .debug_str:0000000000005980 .LASF1128
C:\Users\zero6575\AppData\Local\Temp\ccTn9tGc.s:16224  .debug_str:000000000000bec8 .LASF1129
C:\Users\zero6575\AppData\Local\Temp\ccTn9tGc.s:16138  .debug_str:000000000000ba6a .LASF1130
C:\Users\zero6575\AppData\Local\Temp\ccTn9tGc.s:14856  .debug_str:0000000000007b5f .LASF1131
C:\Users\zero6575\AppData\Local\Temp\ccTn9tGc.s:15336  .debug_str:000000000000935c .LASF1132
C:\Users\zero6575\AppData\Local\Temp\ccTn9tGc.s:16676  .debug_str:000000000000d4a3 .LASF1133
C:\Users\zero6575\AppData\Local\Temp\ccTn9tGc.s:15768  .debug_str:000000000000a91e .LASF1138
C:\Users\zero6575\AppData\Local\Temp\ccTn9tGc.s:14526  .debug_str:0000000000006a6e .LASF1134
C:\Users\zero6575\AppData\Local\Temp\ccTn9tGc.s:15514  .debug_str:0000000000009c02 .LASF1135
C:\Users\zero6575\AppData\Local\Temp\ccTn9tGc.s:16986  .debug_str:000000000000e4f7 .LASF1136
C:\Users\zero6575\AppData\Local\Temp\ccTn9tGc.s:13674  .debug_str:0000000000003cbd .LASF1137
C:\Users\zero6575\AppData\Local\Temp\ccTn9tGc.s:13390  .debug_str:0000000000002eeb .LASF1139
C:\Users\zero6575\AppData\Local\Temp\ccTn9tGc.s:14684  .debug_str:0000000000007296 .LASF1140
C:\Users\zero6575\AppData\Local\Temp\ccTn9tGc.s:16998  .debug_str:000000000000e57d .LASF1141
C:\Users\zero6575\AppData\Local\Temp\ccTn9tGc.s:14338  .debug_str:00000000000060b4 .LASF1142
C:\Users\zero6575\AppData\Local\Temp\ccTn9tGc.s:14420  .debug_str:00000000000064c7 .LASF1143
C:\Users\zero6575\AppData\Local\Temp\ccTn9tGc.s:12722  .debug_str:0000000000000a5a .LASF1144
C:\Users\zero6575\AppData\Local\Temp\ccTn9tGc.s:13882  .debug_str:0000000000004980 .LASF1145
C:\Users\zero6575\AppData\Local\Temp\ccTn9tGc.s:13610  .debug_str:000000000000394f .LASF1146
C:\Users\zero6575\AppData\Local\Temp\ccTn9tGc.s:13434  .debug_str:00000000000030bf .LASF1147
C:\Users\zero6575\AppData\Local\Temp\ccTn9tGc.s:13614  .debug_str:0000000000003971 .LASF1148
C:\Users\zero6575\AppData\Local\Temp\ccTn9tGc.s:14694  .debug_str:000000000000733e .LASF1149
C:\Users\zero6575\AppData\Local\Temp\ccTn9tGc.s:14448  .debug_str:0000000000006637 .LASF1150
C:\Users\zero6575\AppData\Local\Temp\ccTn9tGc.s:13584  .debug_str:0000000000003807 .LASF1151
C:\Users\zero6575\AppData\Local\Temp\ccTn9tGc.s:12726  .debug_str:0000000000000a74 .LASF1152
C:\Users\zero6575\AppData\Local\Temp\ccTn9tGc.s:16236  .debug_str:000000000000bf38 .LASF1153
C:\Users\zero6575\AppData\Local\Temp\ccTn9tGc.s:12648  .debug_str:00000000000006a8 .LASF1154
C:\Users\zero6575\AppData\Local\Temp\ccTn9tGc.s:12750  .debug_str:0000000000000b4e .LASF1155
C:\Users\zero6575\AppData\Local\Temp\ccTn9tGc.s:16108  .debug_str:000000000000b934 .LASF1156
C:\Users\zero6575\AppData\Local\Temp\ccTn9tGc.s:12506  .debug_str:0000000000000000 .LASF1157
C:\Users\zero6575\AppData\Local\Temp\ccTn9tGc.s:15202  .debug_str:0000000000008bbd .LASF1158
C:\Users\zero6575\AppData\Local\Temp\ccTn9tGc.s:13312  .debug_str:0000000000002a0d .LASF1159
C:\Users\zero6575\AppData\Local\Temp\ccTn9tGc.s:13728  .debug_str:0000000000003f64 .LASF1160
C:\Users\zero6575\AppData\Local\Temp\ccTn9tGc.s:13044  .debug_str:0000000000001985 .LASF1161
C:\Users\zero6575\AppData\Local\Temp\ccTn9tGc.s:12804  .debug_str:0000000000000e02 .LASF1162
C:\Users\zero6575\AppData\Local\Temp\ccTn9tGc.s:16066  .debug_str:000000000000b786 .LASF1163
C:\Users\zero6575\AppData\Local\Temp\ccTn9tGc.s:13134  .debug_str:0000000000001e33 .LASF1164
C:\Users\zero6575\AppData\Local\Temp\ccTn9tGc.s:13202  .debug_str:000000000000241a .LASF1165
C:\Users\zero6575\AppData\Local\Temp\ccTn9tGc.s:13264  .debug_str:000000000000276d .LASF1166
C:\Users\zero6575\AppData\Local\Temp\ccTn9tGc.s:14406  .debug_str:0000000000006448 .LASF1167
C:\Users\zero6575\AppData\Local\Temp\ccTn9tGc.s:14016  .debug_str:00000000000050fe .LASF1168
C:\Users\zero6575\AppData\Local\Temp\ccTn9tGc.s:13640  .debug_str:0000000000003b28 .LASF1169
C:\Users\zero6575\AppData\Local\Temp\ccTn9tGc.s:13566  .debug_str:0000000000003717 .LASF1170
C:\Users\zero6575\AppData\Local\Temp\ccTn9tGc.s:12748  .debug_str:0000000000000b49 .LASF1171
C:\Users\zero6575\AppData\Local\Temp\ccTn9tGc.s:15442  .debug_str:0000000000009871 .LASF1172
C:\Users\zero6575\AppData\Local\Temp\ccTn9tGc.s:16622  .debug_str:000000000000d1cb .LASF1173
C:\Users\zero6575\AppData\Local\Temp\ccTn9tGc.s:16590  .debug_str:000000000000cfc4 .LASF1174
C:\Users\zero6575\AppData\Local\Temp\ccTn9tGc.s:16804  .debug_str:000000000000db01 .LASF1175
C:\Users\zero6575\AppData\Local\Temp\ccTn9tGc.s:16018  .debug_str:000000000000b577 .LASF1176
C:\Users\zero6575\AppData\Local\Temp\ccTn9tGc.s:16480  .debug_str:000000000000ca20 .LASF1177
C:\Users\zero6575\AppData\Local\Temp\ccTn9tGc.s:12844  .debug_str:000000000000104e .LASF1178
C:\Users\zero6575\AppData\Local\Temp\ccTn9tGc.s:14242  .debug_str:0000000000005c8d .LASF1179
C:\Users\zero6575\AppData\Local\Temp\ccTn9tGc.s:17066  .debug_str:000000000000e897 .LASF1180
C:\Users\zero6575\AppData\Local\Temp\ccTn9tGc.s:14172  .debug_str:00000000000058fc .LASF1181
C:\Users\zero6575\AppData\Local\Temp\ccTn9tGc.s:15276  .debug_str:000000000000902c .LASF1182
C:\Users\zero6575\AppData\Local\Temp\ccTn9tGc.s:12860  .debug_str:00000000000010f9 .LASF1183
C:\Users\zero6575\AppData\Local\Temp\ccTn9tGc.s:16008  .debug_str:000000000000b50c .LASF1184
C:\Users\zero6575\AppData\Local\Temp\ccTn9tGc.s:13298  .debug_str:0000000000002949 .LASF1185
C:\Users\zero6575\AppData\Local\Temp\ccTn9tGc.s:13682  .debug_str:0000000000003d1d .LASF1186
C:\Users\zero6575\AppData\Local\Temp\ccTn9tGc.s:14544  .debug_str:0000000000006b1b .LASF1187
C:\Users\zero6575\AppData\Local\Temp\ccTn9tGc.s:16096  .debug_str:000000000000b8e5 .LASF1188
C:\Users\zero6575\AppData\Local\Temp\ccTn9tGc.s:14560  .debug_str:0000000000006bdd .LASF1189
C:\Users\zero6575\AppData\Local\Temp\ccTn9tGc.s:17144  .debug_str:000000000000ec91 .LASF1190
C:\Users\zero6575\AppData\Local\Temp\ccTn9tGc.s:13772  .debug_str:00000000000041fc .LASF1191
C:\Users\zero6575\AppData\Local\Temp\ccTn9tGc.s:14980  .debug_str:00000000000081b1 .LASF1192
C:\Users\zero6575\AppData\Local\Temp\ccTn9tGc.s:15660  .debug_str:000000000000a3bd .LASF1193
C:\Users\zero6575\AppData\Local\Temp\ccTn9tGc.s:15990  .debug_str:000000000000b423 .LASF1194
C:\Users\zero6575\AppData\Local\Temp\ccTn9tGc.s:12916  .debug_str:00000000000013a4 .LASF1195
C:\Users\zero6575\AppData\Local\Temp\ccTn9tGc.s:15978  .debug_str:000000000000b38e .LASF1196
C:\Users\zero6575\AppData\Local\Temp\ccTn9tGc.s:15162  .debug_str:000000000000896b .LASF1197
C:\Users\zero6575\AppData\Local\Temp\ccTn9tGc.s:12914  .debug_str:000000000000139e .LASF1198
C:\Users\zero6575\AppData\Local\Temp\ccTn9tGc.s:12644  .debug_str:000000000000067e .LASF1199
C:\Users\zero6575\AppData\Local\Temp\ccTn9tGc.s:16770  .debug_str:000000000000d916 .LASF1200
C:\Users\zero6575\AppData\Local\Temp\ccTn9tGc.s:15670  .debug_str:000000000000a42d .LASF391
C:\Users\zero6575\AppData\Local\Temp\ccTn9tGc.s:16964  .debug_str:000000000000e413 .LASF1201
C:\Users\zero6575\AppData\Local\Temp\ccTn9tGc.s:15686  .debug_str:000000000000a567 .LASF1202
C:\Users\zero6575\AppData\Local\Temp\ccTn9tGc.s:14380  .debug_str:0000000000006312 .LASF1203
C:\Users\zero6575\AppData\Local\Temp\ccTn9tGc.s:15440  .debug_str:000000000000986b .LASF1204
C:\Users\zero6575\AppData\Local\Temp\ccTn9tGc.s:17162  .debug_str:000000000000ed67 .LASF1205
C:\Users\zero6575\AppData\Local\Temp\ccTn9tGc.s:14974  .debug_str:0000000000008191 .LASF1206
C:\Users\zero6575\AppData\Local\Temp\ccTn9tGc.s:13924  .debug_str:0000000000004c5d .LASF1207
C:\Users\zero6575\AppData\Local\Temp\ccTn9tGc.s:13040  .debug_str:0000000000001952 .LASF1208
C:\Users\zero6575\AppData\Local\Temp\ccTn9tGc.s:15468  .debug_str:000000000000997d .LASF1209
C:\Users\zero6575\AppData\Local\Temp\ccTn9tGc.s:16438  .debug_str:000000000000c83e .LASF1210
C:\Users\zero6575\AppData\Local\Temp\ccTn9tGc.s:16252  .debug_str:000000000000bfc7 .LASF1211
C:\Users\zero6575\AppData\Local\Temp\ccTn9tGc.s:13570  .debug_str:000000000000377a .LASF1212
C:\Users\zero6575\AppData\Local\Temp\ccTn9tGc.s:13562  .debug_str:00000000000036eb .LASF1213
C:\Users\zero6575\AppData\Local\Temp\ccTn9tGc.s:16270  .debug_str:000000000000c0b0 .LASF1214
C:\Users\zero6575\AppData\Local\Temp\ccTn9tGc.s:15116  .debug_str:000000000000875c .LASF1215
C:\Users\zero6575\AppData\Local\Temp\ccTn9tGc.s:15778  .debug_str:000000000000a995 .LASF1216
C:\Users\zero6575\AppData\Local\Temp\ccTn9tGc.s:14920  .debug_str:0000000000007f40 .LASF1217
C:\Users\zero6575\AppData\Local\Temp\ccTn9tGc.s:16006  .debug_str:000000000000b4ff .LASF1218
C:\Users\zero6575\AppData\Local\Temp\ccTn9tGc.s:15388  .debug_str:00000000000095ad .LASF1219
C:\Users\zero6575\AppData\Local\Temp\ccTn9tGc.s:13328  .debug_str:0000000000002b28 .LASF1220
C:\Users\zero6575\AppData\Local\Temp\ccTn9tGc.s:15214  .debug_str:0000000000008c4b .LASF1221
C:\Users\zero6575\AppData\Local\Temp\ccTn9tGc.s:15864  .debug_str:000000000000ada5 .LASF1222
C:\Users\zero6575\AppData\Local\Temp\ccTn9tGc.s:13964  .debug_str:0000000000004e06 .LASF1223
C:\Users\zero6575\AppData\Local\Temp\ccTn9tGc.s:14334  .debug_str:0000000000006093 .LASF1224
C:\Users\zero6575\AppData\Local\Temp\ccTn9tGc.s:13666  .debug_str:0000000000003c71 .LASF1225
C:\Users\zero6575\AppData\Local\Temp\ccTn9tGc.s:14752  .debug_str:00000000000075da .LASF1226
C:\Users\zero6575\AppData\Local\Temp\ccTn9tGc.s:15308  .debug_str:00000000000091d6 .LASF1227
C:\Users\zero6575\AppData\Local\Temp\ccTn9tGc.s:16010  .debug_str:000000000000b514 .LASF2353
C:\Users\zero6575\AppData\Local\Temp\ccTn9tGc.s:13708  .debug_str:0000000000003e70 .LASF1228
C:\Users\zero6575\AppData\Local\Temp\ccTn9tGc.s:16684  .debug_str:000000000000d4e9 .LASF1229
C:\Users\zero6575\AppData\Local\Temp\ccTn9tGc.s:16592  .debug_str:000000000000cfdd .LASF1230
C:\Users\zero6575\AppData\Local\Temp\ccTn9tGc.s:15970  .debug_str:000000000000b33a .LASF1231
C:\Users\zero6575\AppData\Local\Temp\ccTn9tGc.s:16580  .debug_str:000000000000cf45 .LASF1232
C:\Users\zero6575\AppData\Local\Temp\ccTn9tGc.s:12738  .debug_str:0000000000000ad3 .LASF1233
C:\Users\zero6575\AppData\Local\Temp\ccTn9tGc.s:16334  .debug_str:000000000000c3e2 .LASF1234
C:\Users\zero6575\AppData\Local\Temp\ccTn9tGc.s:16122  .debug_str:000000000000b9be .LASF1235
C:\Users\zero6575\AppData\Local\Temp\ccTn9tGc.s:16240  .debug_str:000000000000bf5e .LASF1236
C:\Users\zero6575\AppData\Local\Temp\ccTn9tGc.s:14224  .debug_str:0000000000005b87 .LASF1237
C:\Users\zero6575\AppData\Local\Temp\ccTn9tGc.s:15646  .debug_str:000000000000a305 .LASF1238
C:\Users\zero6575\AppData\Local\Temp\ccTn9tGc.s:13960  .debug_str:0000000000004ddf .LASF1239
C:\Users\zero6575\AppData\Local\Temp\ccTn9tGc.s:13878  .debug_str:0000000000004957 .LASF1240
C:\Users\zero6575\AppData\Local\Temp\ccTn9tGc.s:16264  .debug_str:000000000000c060 .LASF1241
C:\Users\zero6575\AppData\Local\Temp\ccTn9tGc.s:14552  .debug_str:0000000000006b94 .LASF1242
C:\Users\zero6575\AppData\Local\Temp\ccTn9tGc.s:14292  .debug_str:0000000000005eaf .LASF1243
C:\Users\zero6575\AppData\Local\Temp\ccTn9tGc.s:16550  .debug_str:000000000000cdda .LASF1244
C:\Users\zero6575\AppData\Local\Temp\ccTn9tGc.s:15108  .debug_str:00000000000086ff .LASF1245
C:\Users\zero6575\AppData\Local\Temp\ccTn9tGc.s:13706  .debug_str:0000000000003e4e .LASF1246
C:\Users\zero6575\AppData\Local\Temp\ccTn9tGc.s:16478  .debug_str:000000000000ca13 .LASF1247
C:\Users\zero6575\AppData\Local\Temp\ccTn9tGc.s:12702  .debug_str:00000000000009a2 .LASF1248
C:\Users\zero6575\AppData\Local\Temp\ccTn9tGc.s:12998  .debug_str:000000000000174d .LASF1249
C:\Users\zero6575\AppData\Local\Temp\ccTn9tGc.s:15780  .debug_str:000000000000a9a1 .LASF1250
C:\Users\zero6575\AppData\Local\Temp\ccTn9tGc.s:14918  .debug_str:0000000000007f28 .LASF1251
C:\Users\zero6575\AppData\Local\Temp\ccTn9tGc.s:13980  .debug_str:0000000000004ef3 .LASF1252
C:\Users\zero6575\AppData\Local\Temp\ccTn9tGc.s:15154  .debug_str:0000000000008910 .LASF1253
C:\Users\zero6575\AppData\Local\Temp\ccTn9tGc.s:13948  .debug_str:0000000000004d6d .LASF1254
C:\Users\zero6575\AppData\Local\Temp\ccTn9tGc.s:15552  .debug_str:0000000000009e2f .LASF1255
C:\Users\zero6575\AppData\Local\Temp\ccTn9tGc.s:14308  .debug_str:0000000000005f69 .LASF1256
C:\Users\zero6575\AppData\Local\Temp\ccTn9tGc.s:15998  .debug_str:000000000000b484 .LASF1257
C:\Users\zero6575\AppData\Local\Temp\ccTn9tGc.s:13476  .debug_str:00000000000032e2 .LASF1258
C:\Users\zero6575\AppData\Local\Temp\ccTn9tGc.s:12992  .debug_str:0000000000001717 .LASF1259
C:\Users\zero6575\AppData\Local\Temp\ccTn9tGc.s:13110  .debug_str:0000000000001d14 .LASF1260
C:\Users\zero6575\AppData\Local\Temp\ccTn9tGc.s:13490  .debug_str:0000000000003380 .LASF1261
C:\Users\zero6575\AppData\Local\Temp\ccTn9tGc.s:13862  .debug_str:00000000000046dd .LASF1262
C:\Users\zero6575\AppData\Local\Temp\ccTn9tGc.s:15052  .debug_str:000000000000847e .LASF1263
C:\Users\zero6575\AppData\Local\Temp\ccTn9tGc.s:16380  .debug_str:000000000000c5e9 .LASF1264
C:\Users\zero6575\AppData\Local\Temp\ccTn9tGc.s:13034  .debug_str:00000000000018e2 .LASF1265
C:\Users\zero6575\AppData\Local\Temp\ccTn9tGc.s:16706  .debug_str:000000000000d5c2 .LASF1266
C:\Users\zero6575\AppData\Local\Temp\ccTn9tGc.s:14922  .debug_str:0000000000007f4d .LASF1267
C:\Users\zero6575\AppData\Local\Temp\ccTn9tGc.s:13676  .debug_str:0000000000003cc2 .LASF1268
C:\Users\zero6575\AppData\Local\Temp\ccTn9tGc.s:13234  .debug_str:00000000000025a5 .LASF1269
C:\Users\zero6575\AppData\Local\Temp\ccTn9tGc.s:14446  .debug_str:0000000000006626 .LASF1270
C:\Users\zero6575\AppData\Local\Temp\ccTn9tGc.s:12662  .debug_str:0000000000000761 .LASF1271
C:\Users\zero6575\AppData\Local\Temp\ccTn9tGc.s:13632  .debug_str:0000000000003a64 .LASF1272
C:\Users\zero6575\AppData\Local\Temp\ccTn9tGc.s:16924  .debug_str:000000000000e24d .LASF1273
C:\Users\zero6575\AppData\Local\Temp\ccTn9tGc.s:17088  .debug_str:000000000000e9cd .LASF1274
C:\Users\zero6575\AppData\Local\Temp\ccTn9tGc.s:14454  .debug_str:0000000000006654 .LASF1275
C:\Users\zero6575\AppData\Local\Temp\ccTn9tGc.s:15832  .debug_str:000000000000ac4b .LASF1276
C:\Users\zero6575\AppData\Local\Temp\ccTn9tGc.s:15222  .debug_str:0000000000008ca3 .LASF1277
C:\Users\zero6575\AppData\Local\Temp\ccTn9tGc.s:13886  .debug_str:000000000000499a .LASF1278
C:\Users\zero6575\AppData\Local\Temp\ccTn9tGc.s:13832  .debug_str:000000000000453a .LASF1279
C:\Users\zero6575\AppData\Local\Temp\ccTn9tGc.s:15630  .debug_str:000000000000a1f6 .LASF1280
C:\Users\zero6575\AppData\Local\Temp\ccTn9tGc.s:14128  .debug_str:000000000000565f .LASF1281
C:\Users\zero6575\AppData\Local\Temp\ccTn9tGc.s:14272  .debug_str:0000000000005dd6 .LASF1282
C:\Users\zero6575\AppData\Local\Temp\ccTn9tGc.s:13430  .debug_str:000000000000309b .LASF1283
C:\Users\zero6575\AppData\Local\Temp\ccTn9tGc.s:17012  .debug_str:000000000000e614 .LASF1284
C:\Users\zero6575\AppData\Local\Temp\ccTn9tGc.s:15224  .debug_str:0000000000008cb2 .LASF1285
C:\Users\zero6575\AppData\Local\Temp\ccTn9tGc.s:15512  .debug_str:0000000000009bf0 .LASF1286
C:\Users\zero6575\AppData\Local\Temp\ccTn9tGc.s:14646  .debug_str:000000000000708d .LASF1287
C:\Users\zero6575\AppData\Local\Temp\ccTn9tGc.s:14782  .debug_str:000000000000779a .LASF1288
C:\Users\zero6575\AppData\Local\Temp\ccTn9tGc.s:15002  .debug_str:000000000000828a .LASF1289
C:\Users\zero6575\AppData\Local\Temp\ccTn9tGc.s:13480  .debug_str:0000000000003309 .LASF1290
C:\Users\zero6575\AppData\Local\Temp\ccTn9tGc.s:15246  .debug_str:0000000000008e9e .LASF1291
C:\Users\zero6575\AppData\Local\Temp\ccTn9tGc.s:16246  .debug_str:000000000000bf8d .LASF1292
C:\Users\zero6575\AppData\Local\Temp\ccTn9tGc.s:15048  .debug_str:0000000000008463 .LASF1293
C:\Users\zero6575\AppData\Local\Temp\ccTn9tGc.s:12666  .debug_str:000000000000079b .LASF1294
C:\Users\zero6575\AppData\Local\Temp\ccTn9tGc.s:16688  .debug_str:000000000000d50e .LASF1295
C:\Users\zero6575\AppData\Local\Temp\ccTn9tGc.s:16718  .debug_str:000000000000d649 .LASF1296
C:\Users\zero6575\AppData\Local\Temp\ccTn9tGc.s:13796  .debug_str:000000000000433a .LASF1297
C:\Users\zero6575\AppData\Local\Temp\ccTn9tGc.s:16346  .debug_str:000000000000c45e .LASF1298
C:\Users\zero6575\AppData\Local\Temp\ccTn9tGc.s:13500  .debug_str:00000000000033f5 .LASF1299
C:\Users\zero6575\AppData\Local\Temp\ccTn9tGc.s:15144  .debug_str:00000000000088a7 .LASF1300
C:\Users\zero6575\AppData\Local\Temp\ccTn9tGc.s:16750  .debug_str:000000000000d83a .LASF1301
C:\Users\zero6575\AppData\Local\Temp\ccTn9tGc.s:15458  .debug_str:0000000000009915 .LASF1302
C:\Users\zero6575\AppData\Local\Temp\ccTn9tGc.s:12690  .debug_str:0000000000000913 .LASF1303
C:\Users\zero6575\AppData\Local\Temp\ccTn9tGc.s:14408  .debug_str:000000000000644f .LASF1304
C:\Users\zero6575\AppData\Local\Temp\ccTn9tGc.s:13208  .debug_str:000000000000244e .LASF1305
C:\Users\zero6575\AppData\Local\Temp\ccTn9tGc.s:15386  .debug_str:000000000000959c .LASF1306
C:\Users\zero6575\AppData\Local\Temp\ccTn9tGc.s:12740  .debug_str:0000000000000ae2 .LASF1307
C:\Users\zero6575\AppData\Local\Temp\ccTn9tGc.s:14926  .debug_str:0000000000007f7b .LASF1308
C:\Users\zero6575\AppData\Local\Temp\ccTn9tGc.s:12864  .debug_str:0000000000001111 .LASF1309
C:\Users\zero6575\AppData\Local\Temp\ccTn9tGc.s:13636  .debug_str:0000000000003ab5 .LASF1310
C:\Users\zero6575\AppData\Local\Temp\ccTn9tGc.s:14058  .debug_str:000000000000533b .LASF1311
C:\Users\zero6575\AppData\Local\Temp\ccTn9tGc.s:13482  .debug_str:0000000000003319 .LASF1312
C:\Users\zero6575\AppData\Local\Temp\ccTn9tGc.s:15296  .debug_str:000000000000910f .LASF1313
C:\Users\zero6575\AppData\Local\Temp\ccTn9tGc.s:16276  .debug_str:000000000000c0df .LASF1314
C:\Users\zero6575\AppData\Local\Temp\ccTn9tGc.s:14718  .debug_str:0000000000007459 .LASF1315
C:\Users\zero6575\AppData\Local\Temp\ccTn9tGc.s:14822  .debug_str:0000000000007981 .LASF1316
C:\Users\zero6575\AppData\Local\Temp\ccTn9tGc.s:14182  .debug_str:000000000000596a .LASF1317
C:\Users\zero6575\AppData\Local\Temp\ccTn9tGc.s:13396  .debug_str:0000000000002f1b .LASF1318
C:\Users\zero6575\AppData\Local\Temp\ccTn9tGc.s:13532  .debug_str:0000000000003574 .LASF1319
C:\Users\zero6575\AppData\Local\Temp\ccTn9tGc.s:16170  .debug_str:000000000000bc2f .LASF1320
C:\Users\zero6575\AppData\Local\Temp\ccTn9tGc.s:16838  .debug_str:000000000000dcea .LASF1321
C:\Users\zero6575\AppData\Local\Temp\ccTn9tGc.s:15004  .debug_str:00000000000082a4 .LASF1322
C:\Users\zero6575\AppData\Local\Temp\ccTn9tGc.s:13544  .debug_str:0000000000003612 .LASF1323
C:\Users\zero6575\AppData\Local\Temp\ccTn9tGc.s:15114  .debug_str:0000000000008748 .LASF1324
C:\Users\zero6575\AppData\Local\Temp\ccTn9tGc.s:16640  .debug_str:000000000000d29f .LASF1325
C:\Users\zero6575\AppData\Local\Temp\ccTn9tGc.s:13354  .debug_str:0000000000002c71 .LASF1326
C:\Users\zero6575\AppData\Local\Temp\ccTn9tGc.s:12590  .debug_str:00000000000003d9 .LASF1327
C:\Users\zero6575\AppData\Local\Temp\ccTn9tGc.s:14632  .debug_str:0000000000006fb6 .LASF1328
C:\Users\zero6575\AppData\Local\Temp\ccTn9tGc.s:13782  .debug_str:000000000000428d .LASF1329
C:\Users\zero6575\AppData\Local\Temp\ccTn9tGc.s:13644  .debug_str:0000000000003b48 .LASF1330
C:\Users\zero6575\AppData\Local\Temp\ccTn9tGc.s:13508  .debug_str:000000000000344a .LASF1331
C:\Users\zero6575\AppData\Local\Temp\ccTn9tGc.s:15578  .debug_str:0000000000009f75 .LASF1332
C:\Users\zero6575\AppData\Local\Temp\ccTn9tGc.s:13540  .debug_str:00000000000035e5 .LASF1333
C:\Users\zero6575\AppData\Local\Temp\ccTn9tGc.s:13026  .debug_str:0000000000001885 .LASF1334
C:\Users\zero6575\AppData\Local\Temp\ccTn9tGc.s:12570  .debug_str:00000000000002e2 .LASF1335
C:\Users\zero6575\AppData\Local\Temp\ccTn9tGc.s:13474  .debug_str:00000000000032ce .LASF1336
C:\Users\zero6575\AppData\Local\Temp\ccTn9tGc.s:17114  .debug_str:000000000000eb37 .LASF1337
C:\Users\zero6575\AppData\Local\Temp\ccTn9tGc.s:14882  .debug_str:0000000000007cf3 .LASF1338
C:\Users\zero6575\AppData\Local\Temp\ccTn9tGc.s:14612  .debug_str:0000000000006ec2 .LASF1339
C:\Users\zero6575\AppData\Local\Temp\ccTn9tGc.s:13414  .debug_str:0000000000002fe4 .LASF1340
C:\Users\zero6575\AppData\Local\Temp\ccTn9tGc.s:13070  .debug_str:0000000000001abe .LASF1341
C:\Users\zero6575\AppData\Local\Temp\ccTn9tGc.s:14726  .debug_str:00000000000074b2 .LASF1342
C:\Users\zero6575\AppData\Local\Temp\ccTn9tGc.s:15790  .debug_str:000000000000aa1c .LASF1343
C:\Users\zero6575\AppData\Local\Temp\ccTn9tGc.s:16670  .debug_str:000000000000d465 .LASF1344
C:\Users\zero6575\AppData\Local\Temp\ccTn9tGc.s:16654  .debug_str:000000000000d364 .LASF1345
C:\Users\zero6575\AppData\Local\Temp\ccTn9tGc.s:14628  .debug_str:0000000000006f8d .LASF1346
C:\Users\zero6575\AppData\Local\Temp\ccTn9tGc.s:13812  .debug_str:000000000000442e .LASF1347
C:\Users\zero6575\AppData\Local\Temp\ccTn9tGc.s:13426  .debug_str:000000000000306e .LASF1348
C:\Users\zero6575\AppData\Local\Temp\ccTn9tGc.s:16144  .debug_str:000000000000bab2 .LASF1349
C:\Users\zero6575\AppData\Local\Temp\ccTn9tGc.s:17010  .debug_str:000000000000e5ef .LASF1350
C:\Users\zero6575\AppData\Local\Temp\ccTn9tGc.s:12790  .debug_str:0000000000000d42 .LASF1351
C:\Users\zero6575\AppData\Local\Temp\ccTn9tGc.s:15586  .debug_str:0000000000009fbd .LASF1352
C:\Users\zero6575\AppData\Local\Temp\ccTn9tGc.s:15594  .debug_str:000000000000a02c .LASF1353
C:\Users\zero6575\AppData\Local\Temp\ccTn9tGc.s:13394  .debug_str:0000000000002f04 .LASF1354
C:\Users\zero6575\AppData\Local\Temp\ccTn9tGc.s:14416  .debug_str:000000000000649c .LASF1355
C:\Users\zero6575\AppData\Local\Temp\ccTn9tGc.s:15492  .debug_str:0000000000009b06 .LASF1356
C:\Users\zero6575\AppData\Local\Temp\ccTn9tGc.s:15496  .debug_str:0000000000009b47 .LASF1357
C:\Users\zero6575\AppData\Local\Temp\ccTn9tGc.s:16274  .debug_str:000000000000c0c8 .LASF1358
C:\Users\zero6575\AppData\Local\Temp\ccTn9tGc.s:16700  .debug_str:000000000000d590 .LASF1359
C:\Users\zero6575\AppData\Local\Temp\ccTn9tGc.s:13678  .debug_str:0000000000003cd3 .LASF1360
C:\Users\zero6575\AppData\Local\Temp\ccTn9tGc.s:16966  .debug_str:000000000000e41a .LASF1361
C:\Users\zero6575\AppData\Local\Temp\ccTn9tGc.s:15166  .debug_str:0000000000008983 .LASF1362
C:\Users\zero6575\AppData\Local\Temp\ccTn9tGc.s:13322  .debug_str:0000000000002ab0 .LASF1363
C:\Users\zero6575\AppData\Local\Temp\ccTn9tGc.s:14414  .debug_str:0000000000006485 .LASF1364
C:\Users\zero6575\AppData\Local\Temp\ccTn9tGc.s:14708  .debug_str:00000000000073d6 .LASF1365
C:\Users\zero6575\AppData\Local\Temp\ccTn9tGc.s:15218  .debug_str:0000000000008c65 .LASF1366
C:\Users\zero6575\AppData\Local\Temp\ccTn9tGc.s:15920  .debug_str:000000000000b10e .LASF1367
C:\Users\zero6575\AppData\Local\Temp\ccTn9tGc.s:14878  .debug_str:0000000000007cc1 .LASF1368
C:\Users\zero6575\AppData\Local\Temp\ccTn9tGc.s:14074  .debug_str:000000000000542a .LASF1369
C:\Users\zero6575\AppData\Local\Temp\ccTn9tGc.s:16876  .debug_str:000000000000df68 .LASF1370
C:\Users\zero6575\AppData\Local\Temp\ccTn9tGc.s:15546  .debug_str:0000000000009dd9 .LASF1371
C:\Users\zero6575\AppData\Local\Temp\ccTn9tGc.s:14970  .debug_str:000000000000815d .LASF1372
C:\Users\zero6575\AppData\Local\Temp\ccTn9tGc.s:15638  .debug_str:000000000000a25c .LASF1373
C:\Users\zero6575\AppData\Local\Temp\ccTn9tGc.s:16330  .debug_str:000000000000c3a8 .LASF1374
C:\Users\zero6575\AppData\Local\Temp\ccTn9tGc.s:16916  .debug_str:000000000000e1f6 .LASF1375
C:\Users\zero6575\AppData\Local\Temp\ccTn9tGc.s:15452  .debug_str:00000000000098d4 .LASF1376
C:\Users\zero6575\AppData\Local\Temp\ccTn9tGc.s:16890  .debug_str:000000000000e089 .LASF1377
C:\Users\zero6575\AppData\Local\Temp\ccTn9tGc.s:15850  .debug_str:000000000000ad0b .LASF1378
C:\Users\zero6575\AppData\Local\Temp\ccTn9tGc.s:16056  .debug_str:000000000000b714 .LASF1379
C:\Users\zero6575\AppData\Local\Temp\ccTn9tGc.s:15764  .debug_str:000000000000a900 .LASF1380
C:\Users\zero6575\AppData\Local\Temp\ccTn9tGc.s:12566  .debug_str:00000000000002b7 .LASF1381
C:\Users\zero6575\AppData\Local\Temp\ccTn9tGc.s:15642  .debug_str:000000000000a287 .LASF1382
C:\Users\zero6575\AppData\Local\Temp\ccTn9tGc.s:17090  .debug_str:000000000000e9e1 .LASF1383
C:\Users\zero6575\AppData\Local\Temp\ccTn9tGc.s:15672  .debug_str:000000000000a432 .LASF1384
C:\Users\zero6575\AppData\Local\Temp\ccTn9tGc.s:16338  .debug_str:000000000000c40e .LASF1385
C:\Users\zero6575\AppData\Local\Temp\ccTn9tGc.s:16358  .debug_str:000000000000c4e3 .LASF1386
C:\Users\zero6575\AppData\Local\Temp\ccTn9tGc.s:16606  .debug_str:000000000000d07d .LASF1387
C:\Users\zero6575\AppData\Local\Temp\ccTn9tGc.s:16376  .debug_str:000000000000c5c2 .LASF1388
C:\Users\zero6575\AppData\Local\Temp\ccTn9tGc.s:14080  .debug_str:0000000000005473 .LASF1389
C:\Users\zero6575\AppData\Local\Temp\ccTn9tGc.s:12696  .debug_str:0000000000000963 .LASF1390
C:\Users\zero6575\AppData\Local\Temp\ccTn9tGc.s:14608  .debug_str:0000000000006e8d .LASF1391
C:\Users\zero6575\AppData\Local\Temp\ccTn9tGc.s:17040  .debug_str:000000000000e784 .LASF1392
C:\Users\zero6575\AppData\Local\Temp\ccTn9tGc.s:16184  .debug_str:000000000000bcb3 .LASF1393
C:\Users\zero6575\AppData\Local\Temp\ccTn9tGc.s:17130  .debug_str:000000000000ebee .LASF1394
C:\Users\zero6575\AppData\Local\Temp\ccTn9tGc.s:17036  .debug_str:000000000000e75d .LASF1395
C:\Users\zero6575\AppData\Local\Temp\ccTn9tGc.s:17120  .debug_str:000000000000eb7f .LASF1396
C:\Users\zero6575\AppData\Local\Temp\ccTn9tGc.s:14712  .debug_str:00000000000073f0 .LASF1397
C:\Users\zero6575\AppData\Local\Temp\ccTn9tGc.s:16042  .debug_str:000000000000b68a .LASF1398
C:\Users\zero6575\AppData\Local\Temp\ccTn9tGc.s:16472  .debug_str:000000000000c9d2 .LASF1399
C:\Users\zero6575\AppData\Local\Temp\ccTn9tGc.s:15774  .debug_str:000000000000a94f .LASF1400
C:\Users\zero6575\AppData\Local\Temp\ccTn9tGc.s:12818  .debug_str:0000000000000ea2 .LASF1401
C:\Users\zero6575\AppData\Local\Temp\ccTn9tGc.s:16510  .debug_str:000000000000cbca .LASF1402
C:\Users\zero6575\AppData\Local\Temp\ccTn9tGc.s:16682  .debug_str:000000000000d4cf .LASF1403
C:\Users\zero6575\AppData\Local\Temp\ccTn9tGc.s:16230  .debug_str:000000000000bef8 .LASF1404
C:\Users\zero6575\AppData\Local\Temp\ccTn9tGc.s:14874  .debug_str:0000000000007c8f .LASF1405
C:\Users\zero6575\AppData\Local\Temp\ccTn9tGc.s:14076  .debug_str:000000000000543d .LASF1406
C:\Users\zero6575\AppData\Local\Temp\ccTn9tGc.s:15198  .debug_str:0000000000008b8f .LASF1407
C:\Users\zero6575\AppData\Local\Temp\ccTn9tGc.s:16030  .debug_str:000000000000b5fd .LASF1408
C:\Users\zero6575\AppData\Local\Temp\ccTn9tGc.s:14322  .debug_str:0000000000006019 .LASF1409
C:\Users\zero6575\AppData\Local\Temp\ccTn9tGc.s:16176  .debug_str:000000000000bc63 .LASF1410
C:\Users\zero6575\AppData\Local\Temp\ccTn9tGc.s:17102  .debug_str:000000000000ea94 .LASF1411
C:\Users\zero6575\AppData\Local\Temp\ccTn9tGc.s:17174  .debug_str:000000000000edd4 .LASF1412
C:\Users\zero6575\AppData\Local\Temp\ccTn9tGc.s:16028  .debug_str:000000000000b5e6 .LASF1413
C:\Users\zero6575\AppData\Local\Temp\ccTn9tGc.s:13774  .debug_str:0000000000004203 .LASF1414
C:\Users\zero6575\AppData\Local\Temp\ccTn9tGc.s:12958  .debug_str:00000000000015a4 .LASF1415
C:\Users\zero6575\AppData\Local\Temp\ccTn9tGc.s:14570  .debug_str:0000000000006c37 .LASF1416
C:\Users\zero6575\AppData\Local\Temp\ccTn9tGc.s:12770  .debug_str:0000000000000c2b .LASF1417
C:\Users\zero6575\AppData\Local\Temp\ccTn9tGc.s:13578  .debug_str:00000000000037cc .LASF1418
C:\Users\zero6575\AppData\Local\Temp\ccTn9tGc.s:17166  .debug_str:000000000000ed89 .LASF1419
C:\Users\zero6575\AppData\Local\Temp\ccTn9tGc.s:16420  .debug_str:000000000000c789 .LASF1420
C:\Users\zero6575\AppData\Local\Temp\ccTn9tGc.s:13574  .debug_str:0000000000003795 .LASF1421
C:\Users\zero6575\AppData\Local\Temp\ccTn9tGc.s:16500  .debug_str:000000000000cb41 .LASF1422
C:\Users\zero6575\AppData\Local\Temp\ccTn9tGc.s:13200  .debug_str:0000000000002409 .LASF1423
C:\Users\zero6575\AppData\Local\Temp\ccTn9tGc.s:14278  .debug_str:0000000000005e10 .LASF1424
C:\Users\zero6575\AppData\Local\Temp\ccTn9tGc.s:14230  .debug_str:0000000000005c0b .LASF1425
C:\Users\zero6575\AppData\Local\Temp\ccTn9tGc.s:13800  .debug_str:0000000000004365 .LASF1426
C:\Users\zero6575\AppData\Local\Temp\ccTn9tGc.s:13928  .debug_str:0000000000004c73 .LASF1427
C:\Users\zero6575\AppData\Local\Temp\ccTn9tGc.s:15770  .debug_str:000000000000a926 .LASF1428
C:\Users\zero6575\AppData\Local\Temp\ccTn9tGc.s:13050  .debug_str:00000000000019e6 .LASF1429
C:\Users\zero6575\AppData\Local\Temp\ccTn9tGc.s:14960  .debug_str:0000000000008102 .LASF1430
C:\Users\zero6575\AppData\Local\Temp\ccTn9tGc.s:15208  .debug_str:0000000000008be8 .LASF1431
C:\Users\zero6575\AppData\Local\Temp\ccTn9tGc.s:13618  .debug_str:0000000000003998 .LASF1432
C:\Users\zero6575\AppData\Local\Temp\ccTn9tGc.s:15880  .debug_str:000000000000ae77 .LASF1433
C:\Users\zero6575\AppData\Local\Temp\ccTn9tGc.s:14794  .debug_str:0000000000007831 .LASF1434
C:\Users\zero6575\AppData\Local\Temp\ccTn9tGc.s:15816  .debug_str:000000000000ab88 .LASF1435
C:\Users\zero6575\AppData\Local\Temp\ccTn9tGc.s:16568  .debug_str:000000000000cea2 .LASF1436
C:\Users\zero6575\AppData\Local\Temp\ccTn9tGc.s:14704  .debug_str:00000000000073b0 .LASF1437
C:\Users\zero6575\AppData\Local\Temp\ccTn9tGc.s:14392  .debug_str:0000000000006392 .LASF1438
C:\Users\zero6575\AppData\Local\Temp\ccTn9tGc.s:16214  .debug_str:000000000000be3d .LASF1439
C:\Users\zero6575\AppData\Local\Temp\ccTn9tGc.s:17044  .debug_str:000000000000e7b6 .LASF1440
C:\Users\zero6575\AppData\Local\Temp\ccTn9tGc.s:15748  .debug_str:000000000000a84b .LASF1441
C:\Users\zero6575\AppData\Local\Temp\ccTn9tGc.s:15900  .debug_str:000000000000af8e .LASF1442
C:\Users\zero6575\AppData\Local\Temp\ccTn9tGc.s:16220  .debug_str:000000000000be96 .LASF1443
C:\Users\zero6575\AppData\Local\Temp\ccTn9tGc.s:17152  .debug_str:000000000000ecd7 .LASF1444
C:\Users\zero6575\AppData\Local\Temp\ccTn9tGc.s:13766  .debug_str:0000000000004173 .LASF1445
C:\Users\zero6575\AppData\Local\Temp\ccTn9tGc.s:13160  .debug_str:00000000000021fa .LASF1446
C:\Users\zero6575\AppData\Local\Temp\ccTn9tGc.s:15012  .debug_str:0000000000008304 .LASF1447
C:\Users\zero6575\AppData\Local\Temp\ccTn9tGc.s:16612  .debug_str:000000000000d0c6 .LASF1448
C:\Users\zero6575\AppData\Local\Temp\ccTn9tGc.s:13398  .debug_str:0000000000002f29 .LASF1449
C:\Users\zero6575\AppData\Local\Temp\ccTn9tGc.s:12708  .debug_str:00000000000009d7 .LASF1450
C:\Users\zero6575\AppData\Local\Temp\ccTn9tGc.s:14422  .debug_str:00000000000064d1 .LASF1451
C:\Users\zero6575\AppData\Local\Temp\ccTn9tGc.s:16088  .debug_str:000000000000b88f .LASF1452
C:\Users\zero6575\AppData\Local\Temp\ccTn9tGc.s:16278  .debug_str:000000000000c0ed .LASF1453
C:\Users\zero6575\AppData\Local\Temp\ccTn9tGc.s:14270  .debug_str:0000000000005dc1 .LASF1454
C:\Users\zero6575\AppData\Local\Temp\ccTn9tGc.s:14746  .debug_str:0000000000007582 .LASF1455
C:\Users\zero6575\AppData\Local\Temp\ccTn9tGc.s:16946  .debug_str:000000000000e32f .LASF1456
C:\Users\zero6575\AppData\Local\Temp\ccTn9tGc.s:13436  .debug_str:00000000000030c9 .LASF1457
C:\Users\zero6575\AppData\Local\Temp\ccTn9tGc.s:17100  .debug_str:000000000000ea7b .LASF1458
C:\Users\zero6575\AppData\Local\Temp\ccTn9tGc.s:16560  .debug_str:000000000000ce41 .LASF1459
C:\Users\zero6575\AppData\Local\Temp\ccTn9tGc.s:13752  .debug_str:00000000000040a2 .LASF1460
C:\Users\zero6575\AppData\Local\Temp\ccTn9tGc.s:16318  .debug_str:000000000000c313 .LASF1461
C:\Users\zero6575\AppData\Local\Temp\ccTn9tGc.s:13362  .debug_str:0000000000002dce .LASF1462
C:\Users\zero6575\AppData\Local\Temp\ccTn9tGc.s:16442  .debug_str:000000000000c877 .LASF1463
C:\Users\zero6575\AppData\Local\Temp\ccTn9tGc.s:13870  .debug_str:00000000000047ba .LASF1464
C:\Users\zero6575\AppData\Local\Temp\ccTn9tGc.s:12768  .debug_str:0000000000000c0e .LASF1465
C:\Users\zero6575\AppData\Local\Temp\ccTn9tGc.s:13464  .debug_str:0000000000003220 .LASF1466
C:\Users\zero6575\AppData\Local\Temp\ccTn9tGc.s:13966  .debug_str:0000000000004e14 .LASF1467
C:\Users\zero6575\AppData\Local\Temp\ccTn9tGc.s:14246  .debug_str:0000000000005c9f .LASF1468
C:\Users\zero6575\AppData\Local\Temp\ccTn9tGc.s:12898  .debug_str:0000000000001294 .LASF1469
C:\Users\zero6575\AppData\Local\Temp\ccTn9tGc.s:15874  .debug_str:000000000000ae31 .LASF1470
C:\Users\zero6575\AppData\Local\Temp\ccTn9tGc.s:15230  .debug_str:0000000000008d09 .LASF1471
C:\Users\zero6575\AppData\Local\Temp\ccTn9tGc.s:16584  .debug_str:000000000000cf6b .LASF1472
C:\Users\zero6575\AppData\Local\Temp\ccTn9tGc.s:12572  .debug_str:00000000000002f1 .LASF1473
C:\Users\zero6575\AppData\Local\Temp\ccTn9tGc.s:15332  .debug_str:000000000000932a .LASF1474
C:\Users\zero6575\AppData\Local\Temp\ccTn9tGc.s:14478  .debug_str:0000000000006799 .LASF1475
C:\Users\zero6575\AppData\Local\Temp\ccTn9tGc.s:14964  .debug_str:0000000000008121 .LASF1476
C:\Users\zero6575\AppData\Local\Temp\ccTn9tGc.s:14506  .debug_str:0000000000006993 .LASF1477
C:\Users\zero6575\AppData\Local\Temp\ccTn9tGc.s:16782  .debug_str:000000000000d9c4 .LASF1478
C:\Users\zero6575\AppData\Local\Temp\ccTn9tGc.s:13072  .debug_str:0000000000001ada .LASF1479
C:\Users\zero6575\AppData\Local\Temp\ccTn9tGc.s:14590  .debug_str:0000000000006d84 .LASF1480
C:\Users\zero6575\AppData\Local\Temp\ccTn9tGc.s:14652  .debug_str:0000000000007145 .LASF1481
C:\Users\zero6575\AppData\Local\Temp\ccTn9tGc.s:16450  .debug_str:000000000000c8b2 .LASF1482
C:\Users\zero6575\AppData\Local\Temp\ccTn9tGc.s:12774  .debug_str:0000000000000c4e .LASF1483
C:\Users\zero6575\AppData\Local\Temp\ccTn9tGc.s:16048  .debug_str:000000000000b6bf .LASF1484
C:\Users\zero6575\AppData\Local\Temp\ccTn9tGc.s:16608  .debug_str:000000000000d099 .LASF1485
C:\Users\zero6575\AppData\Local\Temp\ccTn9tGc.s:14568  .debug_str:0000000000006c22 .LASF1486
C:\Users\zero6575\AppData\Local\Temp\ccTn9tGc.s:13024  .debug_str:000000000000186b .LASF1487
C:\Users\zero6575\AppData\Local\Temp\ccTn9tGc.s:14820  .debug_str:0000000000007966 .LASF1488
C:\Users\zero6575\AppData\Local\Temp\ccTn9tGc.s:14692  .debug_str:0000000000007329 .LASF1489
C:\Users\zero6575\AppData\Local\Temp\ccTn9tGc.s:14680  .debug_str:0000000000007270 .LASF1490
C:\Users\zero6575\AppData\Local\Temp\ccTn9tGc.s:15016  .debug_str:0000000000008336 .LASF1491
C:\Users\zero6575\AppData\Local\Temp\ccTn9tGc.s:17194  .debug_str:000000000000eeb3 .LASF1492
C:\Users\zero6575\AppData\Local\Temp\ccTn9tGc.s:15118  .debug_str:0000000000008766 .LASF1493
C:\Users\zero6575\AppData\Local\Temp\ccTn9tGc.s:16870  .debug_str:000000000000df17 .LASF1494
C:\Users\zero6575\AppData\Local\Temp\ccTn9tGc.s:16954  .debug_str:000000000000e396 .LASF1495
C:\Users\zero6575\AppData\Local\Temp\ccTn9tGc.s:15936  .debug_str:000000000000b1d9 .LASF1496
C:\Users\zero6575\AppData\Local\Temp\ccTn9tGc.s:16126  .debug_str:000000000000b9f4 .LASF1497
C:\Users\zero6575\AppData\Local\Temp\ccTn9tGc.s:13668  .debug_str:0000000000003c82 .LASF1498
C:\Users\zero6575\AppData\Local\Temp\ccTn9tGc.s:13730  .debug_str:0000000000003f6a .LASF1499
C:\Users\zero6575\AppData\Local\Temp\ccTn9tGc.s:16202  .debug_str:000000000000bdb8 .LASF1500
C:\Users\zero6575\AppData\Local\Temp\ccTn9tGc.s:13176  .debug_str:000000000000228f .LASF1501
C:\Users\zero6575\AppData\Local\Temp\ccTn9tGc.s:12806  .debug_str:0000000000000e09 .LASF1502
C:\Users\zero6575\AppData\Local\Temp\ccTn9tGc.s:16922  .debug_str:000000000000e23b .LASF1503
C:\Users\zero6575\AppData\Local\Temp\ccTn9tGc.s:14522  .debug_str:0000000000006a40 .LASF1504
C:\Users\zero6575\AppData\Local\Temp\ccTn9tGc.s:13102  .debug_str:0000000000001c8d .LASF1505
C:\Users\zero6575\AppData\Local\Temp\ccTn9tGc.s:16398  .debug_str:000000000000c6c8 .LASF1506
C:\Users\zero6575\AppData\Local\Temp\ccTn9tGc.s:17138  .debug_str:000000000000ec44 .LASF1507
C:\Users\zero6575\AppData\Local\Temp\ccTn9tGc.s:15456  .debug_str:00000000000098f9 .LASF1508
C:\Users\zero6575\AppData\Local\Temp\ccTn9tGc.s:12792  .debug_str:0000000000000d4d .LASF1509
C:\Users\zero6575\AppData\Local\Temp\ccTn9tGc.s:13242  .debug_str:000000000000260d .LASF1510
C:\Users\zero6575\AppData\Local\Temp\ccTn9tGc.s:16124  .debug_str:000000000000b9d0 .LASF1511
C:\Users\zero6575\AppData\Local\Temp\ccTn9tGc.s:14432  .debug_str:000000000000653c .LASF1512
C:\Users\zero6575\AppData\Local\Temp\ccTn9tGc.s:15358  .debug_str:000000000000945f .LASF1513
C:\Users\zero6575\AppData\Local\Temp\ccTn9tGc.s:14832  .debug_str:0000000000007a3c .LASF1514
C:\Users\zero6575\AppData\Local\Temp\ccTn9tGc.s:16348  .debug_str:000000000000c46e .LASF1515
C:\Users\zero6575\AppData\Local\Temp\ccTn9tGc.s:16164  .debug_str:000000000000bbd1 .LASF1516
C:\Users\zero6575\AppData\Local\Temp\ccTn9tGc.s:16630  .debug_str:000000000000d221 .LASF1517
C:\Users\zero6575\AppData\Local\Temp\ccTn9tGc.s:13580  .debug_str:00000000000037e0 .LASF1518
C:\Users\zero6575\AppData\Local\Temp\ccTn9tGc.s:15650  .debug_str:000000000000a326 .LASF1519
C:\Users\zero6575\AppData\Local\Temp\ccTn9tGc.s:15828  .debug_str:000000000000ac1a .LASF1520
C:\Users\zero6575\AppData\Local\Temp\ccTn9tGc.s:12512  .debug_str:0000000000000038 .LASF1521
C:\Users\zero6575\AppData\Local\Temp\ccTn9tGc.s:14532  .debug_str:0000000000006aaa .LASF1522
C:\Users\zero6575\AppData\Local\Temp\ccTn9tGc.s:16830  .debug_str:000000000000dc96 .LASF1523
C:\Users\zero6575\AppData\Local\Temp\ccTn9tGc.s:15064  .debug_str:0000000000008504 .LASF1524
C:\Users\zero6575\AppData\Local\Temp\ccTn9tGc.s:15872  .debug_str:000000000000ae0d .LASF1525
C:\Users\zero6575\AppData\Local\Temp\ccTn9tGc.s:15252  .debug_str:0000000000008ed8 .LASF1526
C:\Users\zero6575\AppData\Local\Temp\ccTn9tGc.s:16328  .debug_str:000000000000c388 .LASF1527
C:\Users\zero6575\AppData\Local\Temp\ccTn9tGc.s:12906  .debug_str:0000000000001317 .LASF1528
C:\Users\zero6575\AppData\Local\Temp\ccTn9tGc.s:14176  .debug_str:0000000000005929 .LASF1529
C:\Users\zero6575\AppData\Local\Temp\ccTn9tGc.s:16626  .debug_str:000000000000d1f5 .LASF1530
C:\Users\zero6575\AppData\Local\Temp\ccTn9tGc.s:15946  .debug_str:000000000000b255 .LASF1531
C:\Users\zero6575\AppData\Local\Temp\ccTn9tGc.s:16016  .debug_str:000000000000b56a .LASF1532
C:\Users\zero6575\AppData\Local\Temp\ccTn9tGc.s:14996  .debug_str:0000000000008243 .LASF1533
C:\Users\zero6575\AppData\Local\Temp\ccTn9tGc.s:16618  .debug_str:000000000000d0ff .LASF1534
C:\Users\zero6575\AppData\Local\Temp\ccTn9tGc.s:16350  .debug_str:000000000000c486 .LASF1535
C:\Users\zero6575\AppData\Local\Temp\ccTn9tGc.s:17110  .debug_str:000000000000eae4 .LASF1536
C:\Users\zero6575\AppData\Local\Temp\ccTn9tGc.s:14554  .debug_str:0000000000006b9d .LASF1537
C:\Users\zero6575\AppData\Local\Temp\ccTn9tGc.s:12706  .debug_str:00000000000009c6 .LASF1538
C:\Users\zero6575\AppData\Local\Temp\ccTn9tGc.s:15130  .debug_str:000000000000880e .LASF1539
C:\Users\zero6575\AppData\Local\Temp\ccTn9tGc.s:14528  .debug_str:0000000000006a74 .LASF1540
C:\Users\zero6575\AppData\Local\Temp\ccTn9tGc.s:12540  .debug_str:0000000000000192 .LASF1541
C:\Users\zero6575\AppData\Local\Temp\ccTn9tGc.s:15318  .debug_str:000000000000926c .LASF1542
C:\Users\zero6575\AppData\Local\Temp\ccTn9tGc.s:14018  .debug_str:0000000000005105 .LASF1543
C:\Users\zero6575\AppData\Local\Temp\ccTn9tGc.s:14418  .debug_str:00000000000064ad .LASF1544
C:\Users\zero6575\AppData\Local\Temp\ccTn9tGc.s:16524  .debug_str:000000000000ccc0 .LASF1545
C:\Users\zero6575\AppData\Local\Temp\ccTn9tGc.s:12592  .debug_str:00000000000003f4 .LASF1546
C:\Users\zero6575\AppData\Local\Temp\ccTn9tGc.s:15906  .debug_str:000000000000b05e .LASF1547
C:\Users\zero6575\AppData\Local\Temp\ccTn9tGc.s:16410  .debug_str:000000000000c73b .LASF1548
C:\Users\zero6575\AppData\Local\Temp\ccTn9tGc.s:13698  .debug_str:0000000000003db1 .LASF1549
C:\Users\zero6575\AppData\Local\Temp\ccTn9tGc.s:13154  .debug_str:00000000000021b7 .LASF1550
C:\Users\zero6575\AppData\Local\Temp\ccTn9tGc.s:13174  .debug_str:0000000000002281 .LASF1551
C:\Users\zero6575\AppData\Local\Temp\ccTn9tGc.s:17016  .debug_str:000000000000e64f .LASF1552
C:\Users\zero6575\AppData\Local\Temp\ccTn9tGc.s:13016  .debug_str:000000000000182a .LASF1553
C:\Users\zero6575\AppData\Local\Temp\ccTn9tGc.s:14898  .debug_str:0000000000007e1e .LASF1554
C:\Users\zero6575\AppData\Local\Temp\ccTn9tGc.s:13880  .debug_str:0000000000004968 .LASF1555
C:\Users\zero6575\AppData\Local\Temp\ccTn9tGc.s:12632  .debug_str:0000000000000603 .LASF1556
C:\Users\zero6575\AppData\Local\Temp\ccTn9tGc.s:12744  .debug_str:0000000000000b1e .LASF1557
C:\Users\zero6575\AppData\Local\Temp\ccTn9tGc.s:12786  .debug_str:0000000000000cc8 .LASF1558
C:\Users\zero6575\AppData\Local\Temp\ccTn9tGc.s:17198  .debug_str:000000000000eee1 .LASF1559
C:\Users\zero6575\AppData\Local\Temp\ccTn9tGc.s:16076  .debug_str:000000000000b7e8 .LASF1560
C:\Users\zero6575\AppData\Local\Temp\ccTn9tGc.s:16200  .debug_str:000000000000bd98 .LASF1561
C:\Users\zero6575\AppData\Local\Temp\ccTn9tGc.s:16610  .debug_str:000000000000d0aa .LASF1562
C:\Users\zero6575\AppData\Local\Temp\ccTn9tGc.s:14056  .debug_str:000000000000531e .LASF1563
C:\Users\zero6575\AppData\Local\Temp\ccTn9tGc.s:12522  .debug_str:00000000000000c1 .LASF1564
C:\Users\zero6575\AppData\Local\Temp\ccTn9tGc.s:14022  .debug_str:0000000000005133 .LASF1565
C:\Users\zero6575\AppData\Local\Temp\ccTn9tGc.s:12892  .debug_str:0000000000001254 .LASF1566
C:\Users\zero6575\AppData\Local\Temp\ccTn9tGc.s:14890  .debug_str:0000000000007d58 .LASF1567
C:\Users\zero6575\AppData\Local\Temp\ccTn9tGc.s:14010  .debug_str:000000000000500b .LASF1568
C:\Users\zero6575\AppData\Local\Temp\ccTn9tGc.s:14026  .debug_str:000000000000516c .LASF1569
C:\Users\zero6575\AppData\Local\Temp\ccTn9tGc.s:14106  .debug_str:000000000000557b .LASF1570
C:\Users\zero6575\AppData\Local\Temp\ccTn9tGc.s:14596  .debug_str:0000000000006dbb .LASF1571
C:\Users\zero6575\AppData\Local\Temp\ccTn9tGc.s:15404  .debug_str:0000000000009688 .LASF1572
C:\Users\zero6575\AppData\Local\Temp\ccTn9tGc.s:16798  .debug_str:000000000000dab5 .LASF1573
C:\Users\zero6575\AppData\Local\Temp\ccTn9tGc.s:16316  .debug_str:000000000000c2f4 .LASF1574
C:\Users\zero6575\AppData\Local\Temp\ccTn9tGc.s:14032  .debug_str:00000000000051bb .LASF1575
C:\Users\zero6575\AppData\Local\Temp\ccTn9tGc.s:12574  .debug_str:000000000000030d .LASF1576
C:\Users\zero6575\AppData\Local\Temp\ccTn9tGc.s:12526  .debug_str:00000000000000f3 .LASF1577
C:\Users\zero6575\AppData\Local\Temp\ccTn9tGc.s:17084  .debug_str:000000000000e9ac .LASF1578
C:\Users\zero6575\AppData\Local\Temp\ccTn9tGc.s:16542  .debug_str:000000000000cd82 .LASF1579
C:\Users\zero6575\AppData\Local\Temp\ccTn9tGc.s:16984  .debug_str:000000000000e4e4 .LASF1580
C:\Users\zero6575\AppData\Local\Temp\ccTn9tGc.s:17148  .debug_str:000000000000ecae .LASF1581
C:\Users\zero6575\AppData\Local\Temp\ccTn9tGc.s:15134  .debug_str:000000000000883f .LASF1582
C:\Users\zero6575\AppData\Local\Temp\ccTn9tGc.s:13724  .debug_str:0000000000003f3b .LASF1583
C:\Users\zero6575\AppData\Local\Temp\ccTn9tGc.s:13326  .debug_str:0000000000002b11 .LASF1584
C:\Users\zero6575\AppData\Local\Temp\ccTn9tGc.s:16026  .debug_str:000000000000b5ca .LASF1585
C:\Users\zero6575\AppData\Local\Temp\ccTn9tGc.s:15380  .debug_str:0000000000009560 .LASF1586
C:\Users\zero6575\AppData\Local\Temp\ccTn9tGc.s:12508  .debug_str:0000000000000012 .LASF1587
C:\Users\zero6575\AppData\Local\Temp\ccTn9tGc.s:14402  .debug_str:000000000000641f .LASF1588
C:\Users\zero6575\AppData\Local\Temp\ccTn9tGc.s:17200  .debug_str:000000000000eef6 .LASF1589
C:\Users\zero6575\AppData\Local\Temp\ccTn9tGc.s:16118  .debug_str:000000000000b982 .LASF1590
C:\Users\zero6575\AppData\Local\Temp\ccTn9tGc.s:14362  .debug_str:00000000000061de .LASF1591
C:\Users\zero6575\AppData\Local\Temp\ccTn9tGc.s:15960  .debug_str:000000000000b2e4 .LASF1592
C:\Users\zero6575\AppData\Local\Temp\ccTn9tGc.s:12922  .debug_str:00000000000013d1 .LASF1593
C:\Users\zero6575\AppData\Local\Temp\ccTn9tGc.s:15648  .debug_str:000000000000a316 .LASF1594
C:\Users\zero6575\AppData\Local\Temp\ccTn9tGc.s:14220  .debug_str:0000000000005b59 .LASF1595
C:\Users\zero6575\AppData\Local\Temp\ccTn9tGc.s:14096  .debug_str:0000000000005507 .LASF1596
C:\Users\zero6575\AppData\Local\Temp\ccTn9tGc.s:13514  .debug_str:0000000000003494 .LASF1597
C:\Users\zero6575\AppData\Local\Temp\ccTn9tGc.s:13422  .debug_str:000000000000303a .LASF1598
C:\Users\zero6575\AppData\Local\Temp\ccTn9tGc.s:16994  .debug_str:000000000000e54d .LASF1599
C:\Users\zero6575\AppData\Local\Temp\ccTn9tGc.s:14104  .debug_str:0000000000005569 .LASF1600
C:\Users\zero6575\AppData\Local\Temp\ccTn9tGc.s:13018  .debug_str:0000000000001836 .LASF1601
C:\Users\zero6575\AppData\Local\Temp\ccTn9tGc.s:15914  .debug_str:000000000000b0d2 .LASF1602
C:\Users\zero6575\AppData\Local\Temp\ccTn9tGc.s:15986  .debug_str:000000000000b3e8 .LASF1603
C:\Users\zero6575\AppData\Local\Temp\ccTn9tGc.s:14320  .debug_str:0000000000006002 .LASF1604
C:\Users\zero6575\AppData\Local\Temp\ccTn9tGc.s:12952  .debug_str:000000000000154c .LASF1605
C:\Users\zero6575\AppData\Local\Temp\ccTn9tGc.s:15322  .debug_str:000000000000929c .LASF1606
C:\Users\zero6575\AppData\Local\Temp\ccTn9tGc.s:12524  .debug_str:00000000000000e2 .LASF1607
C:\Users\zero6575\AppData\Local\Temp\ccTn9tGc.s:16818  .debug_str:000000000000dbdf .LASF1608
C:\Users\zero6575\AppData\Local\Temp\ccTn9tGc.s:14934  .debug_str:0000000000007fd2 .LASF1609
C:\Users\zero6575\AppData\Local\Temp\ccTn9tGc.s:16132  .debug_str:000000000000ba29 .LASF1610
C:\Users\zero6575\AppData\Local\Temp\ccTn9tGc.s:15192  .debug_str:0000000000008b42 .LASF1611
C:\Users\zero6575\AppData\Local\Temp\ccTn9tGc.s:13458  .debug_str:00000000000031e9 .LASF1612
C:\Users\zero6575\AppData\Local\Temp\ccTn9tGc.s:16960  .debug_str:000000000000e3e2 .LASF1613
C:\Users\zero6575\AppData\Local\Temp\ccTn9tGc.s:14028  .debug_str:0000000000005187 .LASF1614
C:\Users\zero6575\AppData\Local\Temp\ccTn9tGc.s:14192  .debug_str:00000000000059d6 .LASF1615
C:\Users\zero6575\AppData\Local\Temp\ccTn9tGc.s:13010  .debug_str:00000000000017e4 .LASF1616
C:\Users\zero6575\AppData\Local\Temp\ccTn9tGc.s:15126  .debug_str:00000000000087e7 .LASF1617
C:\Users\zero6575\AppData\Local\Temp\ccTn9tGc.s:12646  .debug_str:0000000000000687 .LASF1618
C:\Users\zero6575\AppData\Local\Temp\ccTn9tGc.s:16726  .debug_str:000000000000d6b5 .LASF1619
C:\Users\zero6575\AppData\Local\Temp\ccTn9tGc.s:14796  .debug_str:000000000000783e .LASF1620
C:\Users\zero6575\AppData\Local\Temp\ccTn9tGc.s:13910  .debug_str:0000000000004b58 .LASF1621
C:\Users\zero6575\AppData\Local\Temp\ccTn9tGc.s:13608  .debug_str:000000000000392d .LASF1622
C:\Users\zero6575\AppData\Local\Temp\ccTn9tGc.s:13206  .debug_str:0000000000002427 .LASF1623
C:\Users\zero6575\AppData\Local\Temp\ccTn9tGc.s:13096  .debug_str:0000000000001c39 .LASF1624
C:\Users\zero6575\AppData\Local\Temp\ccTn9tGc.s:12510  .debug_str:0000000000000023 .LASF1625
C:\Users\zero6575\AppData\Local\Temp\ccTn9tGc.s:16556  .debug_str:000000000000ce1e .LASF1626
C:\Users\zero6575\AppData\Local\Temp\ccTn9tGc.s:13620  .debug_str:00000000000039b4 .LASF1627
C:\Users\zero6575\AppData\Local\Temp\ccTn9tGc.s:16022  .debug_str:000000000000b593 .LASF1628
C:\Users\zero6575\AppData\Local\Temp\ccTn9tGc.s:17052  .debug_str:000000000000e80a .LASF1629
C:\Users\zero6575\AppData\Local\Temp\ccTn9tGc.s:15916  .debug_str:000000000000b0e7 .LASF1630
C:\Users\zero6575\AppData\Local\Temp\ccTn9tGc.s:16780  .debug_str:000000000000d9a6 .LASF1631
C:\Users\zero6575\AppData\Local\Temp\ccTn9tGc.s:13844  .debug_str:00000000000045de .LASF1632
C:\Users\zero6575\AppData\Local\Temp\ccTn9tGc.s:16658  .debug_str:000000000000d39d .LASF1633
C:\Users\zero6575\AppData\Local\Temp\ccTn9tGc.s:14276  .debug_str:0000000000005dfc .LASF1634
C:\Users\zero6575\AppData\Local\Temp\ccTn9tGc.s:14714  .debug_str:00000000000073fe .LASF1635
C:\Users\zero6575\AppData\Local\Temp\ccTn9tGc.s:15582  .debug_str:0000000000009f9d .LASF1636
C:\Users\zero6575\AppData\Local\Temp\ccTn9tGc.s:16448  .debug_str:000000000000c89f .LASF1637
C:\Users\zero6575\AppData\Local\Temp\ccTn9tGc.s:14586  .debug_str:0000000000006d48 .LASF1638
C:\Users\zero6575\AppData\Local\Temp\ccTn9tGc.s:15138  .debug_str:000000000000886c .LASF1639
C:\Users\zero6575\AppData\Local\Temp\ccTn9tGc.s:14002  .debug_str:0000000000004faf .LASF1640
C:\Users\zero6575\AppData\Local\Temp\ccTn9tGc.s:15976  .debug_str:000000000000b377 .LASF1641
C:\Users\zero6575\AppData\Local\Temp\ccTn9tGc.s:15564  .debug_str:0000000000009ee4 .LASF1642
C:\Users\zero6575\AppData\Local\Temp\ccTn9tGc.s:15694  .debug_str:000000000000a5bd .LASF1643
C:\Users\zero6575\AppData\Local\Temp\ccTn9tGc.s:12660  .debug_str:000000000000074b .LASF1644
C:\Users\zero6575\AppData\Local\Temp\ccTn9tGc.s:16082  .debug_str:000000000000b835 .LASF1645
C:\Users\zero6575\AppData\Local\Temp\ccTn9tGc.s:14606  .debug_str:0000000000006e75 .LASF1646
C:\Users\zero6575\AppData\Local\Temp\ccTn9tGc.s:12704  .debug_str:00000000000009ac .LASF1647
C:\Users\zero6575\AppData\Local\Temp\ccTn9tGc.s:15110  .debug_str:0000000000008711 .LASF1648
C:\Users\zero6575\AppData\Local\Temp\ccTn9tGc.s:13466  .debug_str:0000000000003237 .LASF1649
C:\Users\zero6575\AppData\Local\Temp\ccTn9tGc.s:14656  .debug_str:0000000000007178 .LASF1650
C:\Users\zero6575\AppData\Local\Temp\ccTn9tGc.s:13912  .debug_str:0000000000004b70 .LASF1651
C:\Users\zero6575\AppData\Local\Temp\ccTn9tGc.s:15142  .debug_str:000000000000888d .LASF1652
C:\Users\zero6575\AppData\Local\Temp\ccTn9tGc.s:13180  .debug_str:00000000000022b9 .LASF1653
C:\Users\zero6575\AppData\Local\Temp\ccTn9tGc.s:12868  .debug_str:000000000000113d .LASF1654
C:\Users\zero6575\AppData\Local\Temp\ccTn9tGc.s:15984  .debug_str:000000000000b3d3 .LASF1655
C:\Users\zero6575\AppData\Local\Temp\ccTn9tGc.s:12876  .debug_str:0000000000001184 .LASF1656
C:\Users\zero6575\AppData\Local\Temp\ccTn9tGc.s:14722  .debug_str:000000000000747f .LASF1657
C:\Users\zero6575\AppData\Local\Temp\ccTn9tGc.s:13258  .debug_str:00000000000026f6 .LASF1658
C:\Users\zero6575\AppData\Local\Temp\ccTn9tGc.s:15922  .debug_str:000000000000b11a .LASF1659
C:\Users\zero6575\AppData\Local\Temp\ccTn9tGc.s:14062  .debug_str:000000000000537c .LASF1660
C:\Users\zero6575\AppData\Local\Temp\ccTn9tGc.s:14806  .debug_str:00000000000078b4 .LASF1661
C:\Users\zero6575\AppData\Local\Temp\ccTn9tGc.s:15032  .debug_str:00000000000083d6 .LASF1662
C:\Users\zero6575\AppData\Local\Temp\ccTn9tGc.s:15302  .debug_str:0000000000009140 .LASF1663
C:\Users\zero6575\AppData\Local\Temp\ccTn9tGc.s:13392  .debug_str:0000000000002ef0 .LASF1664
C:\Users\zero6575\AppData\Local\Temp\ccTn9tGc.s:13086  .debug_str:0000000000001bd0 .LASF1665
C:\Users\zero6575\AppData\Local\Temp\ccTn9tGc.s:12944  .debug_str:00000000000014e2 .LASF1666
C:\Users\zero6575\AppData\Local\Temp\ccTn9tGc.s:15312  .debug_str:0000000000009220 .LASF1667
C:\Users\zero6575\AppData\Local\Temp\ccTn9tGc.s:15844  .debug_str:000000000000accc .LASF1668
C:\Users\zero6575\AppData\Local\Temp\ccTn9tGc.s:15700  .debug_str:000000000000a5fc .LASF1669
C:\Users\zero6575\AppData\Local\Temp\ccTn9tGc.s:16942  .debug_str:000000000000e2fe .LASF1670
C:\Users\zero6575\AppData\Local\Temp\ccTn9tGc.s:15068  .debug_str:0000000000008520 .LASF1671
C:\Users\zero6575\AppData\Local\Temp\ccTn9tGc.s:13914  .debug_str:0000000000004b91 .LASF1672
C:\Users\zero6575\AppData\Local\Temp\ccTn9tGc.s:15510  .debug_str:0000000000009be0 .LASF1673
C:\Users\zero6575\AppData\Local\Temp\ccTn9tGc.s:13742  .debug_str:000000000000400c .LASF1674
C:\Users\zero6575\AppData\Local\Temp\ccTn9tGc.s:14404  .debug_str:0000000000006438 .LASF1675
C:\Users\zero6575\AppData\Local\Temp\ccTn9tGc.s:12966  .debug_str:00000000000015f3 .LASF1676
C:\Users\zero6575\AppData\Local\Temp\ccTn9tGc.s:14382  .debug_str:0000000000006319 .LASF1677
C:\Users\zero6575\AppData\Local\Temp\ccTn9tGc.s:16930  .debug_str:000000000000e283 .LASF1678
C:\Users\zero6575\AppData\Local\Temp\ccTn9tGc.s:13750  .debug_str:0000000000004088 .LASF1679
C:\Users\zero6575\AppData\Local\Temp\ccTn9tGc.s:16368  .debug_str:000000000000c565 .LASF1680
C:\Users\zero6575\AppData\Local\Temp\ccTn9tGc.s:15862  .debug_str:000000000000ad95 .LASF1681
C:\Users\zero6575\AppData\Local\Temp\ccTn9tGc.s:14618  .debug_str:0000000000006ef1 .LASF1682
C:\Users\zero6575\AppData\Local\Temp\ccTn9tGc.s:12618  .debug_str:0000000000000535 .LASF1683
C:\Users\zero6575\AppData\Local\Temp\ccTn9tGc.s:16490  .debug_str:000000000000cacf .LASF1684
C:\Users\zero6575\AppData\Local\Temp\ccTn9tGc.s:16248  .debug_str:000000000000bf9b .LASF1685
C:\Users\zero6575\AppData\Local\Temp\ccTn9tGc.s:12850  .debug_str:0000000000001077 .LASF1686
C:\Users\zero6575\AppData\Local\Temp\ccTn9tGc.s:16072  .debug_str:000000000000b7b3 .LASF1687
C:\Users\zero6575\AppData\Local\Temp\ccTn9tGc.s:12920  .debug_str:00000000000013b8 .LASF1688
C:\Users\zero6575\AppData\Local\Temp\ccTn9tGc.s:12578  .debug_str:000000000000032e .LASF1689
C:\Users\zero6575\AppData\Local\Temp\ccTn9tGc.s:15684  .debug_str:000000000000a553 .LASF1690
C:\Users\zero6575\AppData\Local\Temp\ccTn9tGc.s:12764  .debug_str:0000000000000be9 .LASF1691
C:\Users\zero6575\AppData\Local\Temp\ccTn9tGc.s:15812  .debug_str:000000000000ab57 .LASF1692
C:\Users\zero6575\AppData\Local\Temp\ccTn9tGc.s:13236  .debug_str:00000000000025b7 .LASF1693
C:\Users\zero6575\AppData\Local\Temp\ccTn9tGc.s:12734  .debug_str:0000000000000abd .LASF1694
C:\Users\zero6575\AppData\Local\Temp\ccTn9tGc.s:13222  .debug_str:0000000000002526 .LASF1695
C:\Users\zero6575\AppData\Local\Temp\ccTn9tGc.s:16486  .debug_str:000000000000caa1 .LASF1696
C:\Users\zero6575\AppData\Local\Temp\ccTn9tGc.s:14908  .debug_str:0000000000007e9b .LASF1697
C:\Users\zero6575\AppData\Local\Temp\ccTn9tGc.s:17228  .debug_str:000000000000f079 .LASF1698
C:\Users\zero6575\AppData\Local\Temp\ccTn9tGc.s:13736  .debug_str:0000000000003fc9 .LASF1699
C:\Users\zero6575\AppData\Local\Temp\ccTn9tGc.s:15046  .debug_str:000000000000844c .LASF1700
C:\Users\zero6575\AppData\Local\Temp\ccTn9tGc.s:17168  .debug_str:000000000000ed97 .LASF1701
C:\Users\zero6575\AppData\Local\Temp\ccTn9tGc.s:12546  .debug_str:00000000000001da .LASF1702
C:\Users\zero6575\AppData\Local\Temp\ccTn9tGc.s:13916  .debug_str:0000000000004ba4 .LASF1703
C:\Users\zero6575\AppData\Local\Temp\ccTn9tGc.s:13798  .debug_str:000000000000434f .LASF1704
C:\Users\zero6575\AppData\Local\Temp\ccTn9tGc.s:16644  .debug_str:000000000000d2e0 .LASF1705
C:\Users\zero6575\AppData\Local\Temp\ccTn9tGc.s:16062  .debug_str:000000000000b768 .LASF1706
C:\Users\zero6575\AppData\Local\Temp\ccTn9tGc.s:16466  .debug_str:000000000000c981 .LASF1707
C:\Users\zero6575\AppData\Local\Temp\ccTn9tGc.s:13594  .debug_str:0000000000003888 .LASF1708
C:\Users\zero6575\AppData\Local\Temp\ccTn9tGc.s:16680  .debug_str:000000000000d4b6 .LASF1709
C:\Users\zero6575\AppData\Local\Temp\ccTn9tGc.s:12894  .debug_str:0000000000001278 .LASF1710
C:\Users\zero6575\AppData\Local\Temp\ccTn9tGc.s:15076  .debug_str:0000000000008566 .LASF1711
C:\Users\zero6575\AppData\Local\Temp\ccTn9tGc.s:15028  .debug_str:00000000000083b6 .LASF1712
C:\Users\zero6575\AppData\Local\Temp\ccTn9tGc.s:15030  .debug_str:00000000000083c6 .LASF1713
C:\Users\zero6575\AppData\Local\Temp\ccTn9tGc.s:13602  .debug_str:00000000000038ee .LASF1714
C:\Users\zero6575\AppData\Local\Temp\ccTn9tGc.s:15034  .debug_str:00000000000083ec .LASF1715
C:\Users\zero6575\AppData\Local\Temp\ccTn9tGc.s:15036  .debug_str:00000000000083fc .LASF1716
C:\Users\zero6575\AppData\Local\Temp\ccTn9tGc.s:15038  .debug_str:000000000000840c .LASF1717
C:\Users\zero6575\AppData\Local\Temp\ccTn9tGc.s:15040  .debug_str:000000000000841c .LASF1718
C:\Users\zero6575\AppData\Local\Temp\ccTn9tGc.s:15042  .debug_str:000000000000842c .LASF1719
C:\Users\zero6575\AppData\Local\Temp\ccTn9tGc.s:15044  .debug_str:000000000000843c .LASF1720
C:\Users\zero6575\AppData\Local\Temp\ccTn9tGc.s:14952  .debug_str:00000000000080a0 .LASF1721
C:\Users\zero6575\AppData\Local\Temp\ccTn9tGc.s:12780  .debug_str:0000000000000c83 .LASF1722
C:\Users\zero6575\AppData\Local\Temp\ccTn9tGc.s:14084  .debug_str:00000000000054a1 .LASF1723
C:\Users\zero6575\AppData\Local\Temp\ccTn9tGc.s:16614  .debug_str:000000000000d0d7 .LASF1724
C:\Users\zero6575\AppData\Local\Temp\ccTn9tGc.s:13472  .debug_str:00000000000032af .LASF1725
C:\Users\zero6575\AppData\Local\Temp\ccTn9tGc.s:15324  .debug_str:00000000000092af .LASF1726
C:\Users\zero6575\AppData\Local\Temp\ccTn9tGc.s:16244  .debug_str:000000000000bf7e .LASF1727
C:\Users\zero6575\AppData\Local\Temp\ccTn9tGc.s:15282  .debug_str:0000000000009060 .LASF1728
C:\Users\zero6575\AppData\Local\Temp\ccTn9tGc.s:16764  .debug_str:000000000000d8ca .LASF1729
C:\Users\zero6575\AppData\Local\Temp\ccTn9tGc.s:13076  .debug_str:0000000000001b15 .LASF1730
C:\Users\zero6575\AppData\Local\Temp\ccTn9tGc.s:16470  .debug_str:000000000000c9c5 .LASF1731
C:\Users\zero6575\AppData\Local\Temp\ccTn9tGc.s:14838  .debug_str:0000000000007a92 .LASF1732
C:\Users\zero6575\AppData\Local\Temp\ccTn9tGc.s:12766  .debug_str:0000000000000bfd .LASF1733
C:\Users\zero6575\AppData\Local\Temp\ccTn9tGc.s:14332  .debug_str:0000000000006083 .LASF1734
C:\Users\zero6575\AppData\Local\Temp\ccTn9tGc.s:13710  .debug_str:0000000000003e80 .LASF1735
C:\Users\zero6575\AppData\Local\Temp\ccTn9tGc.s:13918  .debug_str:0000000000004bb6 .LASF1736
C:\Users\zero6575\AppData\Local\Temp\ccTn9tGc.s:13572  .debug_str:0000000000003782 .LASF1737
C:\Users\zero6575\AppData\Local\Temp\ccTn9tGc.s:16356  .debug_str:000000000000c4d0 .LASF1738
C:\Users\zero6575\AppData\Local\Temp\ccTn9tGc.s:14978  .debug_str:00000000000081a3 .LASF1739
C:\Users\zero6575\AppData\Local\Temp\ccTn9tGc.s:14538  .debug_str:0000000000006ae3 .LASF1740
C:\Users\zero6575\AppData\Local\Temp\ccTn9tGc.s:16538  .debug_str:000000000000cd5b .LASF1741
C:\Users\zero6575\AppData\Local\Temp\ccTn9tGc.s:13386  .debug_str:0000000000002eda .LASF1742
C:\Users\zero6575\AppData\Local\Temp\ccTn9tGc.s:12514  .debug_str:0000000000000056 .LASF1743
C:\Users\zero6575\AppData\Local\Temp\ccTn9tGc.s:14162  .debug_str:00000000000057fe .LASF1744
C:\Users\zero6575\AppData\Local\Temp\ccTn9tGc.s:13520  .debug_str:00000000000034c9 .LASF1745
C:\Users\zero6575\AppData\Local\Temp\ccTn9tGc.s:12846  .debug_str:0000000000001056 .LASF1746
C:\Users\zero6575\AppData\Local\Temp\ccTn9tGc.s:12964  .debug_str:00000000000015dc .LASF1747
C:\Users\zero6575\AppData\Local\Temp\ccTn9tGc.s:17196  .debug_str:000000000000eeca .LASF1748
C:\Users\zero6575\AppData\Local\Temp\ccTn9tGc.s:15278  .debug_str:0000000000009039 .LASF1749
C:\Users\zero6575\AppData\Local\Temp\ccTn9tGc.s:16744  .debug_str:000000000000d7fb .LASF1750
C:\Users\zero6575\AppData\Local\Temp\ccTn9tGc.s:14030  .debug_str:000000000000519b .LASF1751
C:\Users\zero6575\AppData\Local\Temp\ccTn9tGc.s:13848  .debug_str:0000000000004609 .LASF1752
C:\Users\zero6575\AppData\Local\Temp\ccTn9tGc.s:16216  .debug_str:000000000000be5a .LASF1753
C:\Users\zero6575\AppData\Local\Temp\ccTn9tGc.s:15640  .debug_str:000000000000a273 .LASF1754
C:\Users\zero6575\AppData\Local\Temp\ccTn9tGc.s:16372  .debug_str:000000000000c594 .LASF1755
C:\Users\zero6575\AppData\Local\Temp\ccTn9tGc.s:15556  .debug_str:0000000000009e64 .LASF1756
C:\Users\zero6575\AppData\Local\Temp\ccTn9tGc.s:16518  .debug_str:000000000000cc6b .LASF1757
C:\Users\zero6575\AppData\Local\Temp\ccTn9tGc.s:13240  .debug_str:00000000000025fc .LASF1758
C:\Users\zero6575\AppData\Local\Temp\ccTn9tGc.s:16238  .debug_str:000000000000bf40 .LASF1759
C:\Users\zero6575\AppData\Local\Temp\ccTn9tGc.s:15026  .debug_str:00000000000083a5 .LASF1760
C:\Users\zero6575\AppData\Local\Temp\ccTn9tGc.s:13904  .debug_str:0000000000004b13 .LASF1761
C:\Users\zero6575\AppData\Local\Temp\ccTn9tGc.s:12550  .debug_str:00000000000001fb .LASF1762
C:\Users\zero6575\AppData\Local\Temp\ccTn9tGc.s:16148  .debug_str:000000000000bae7 .LASF1763
C:\Users\zero6575\AppData\Local\Temp\ccTn9tGc.s:15892  .debug_str:000000000000aee9 .LASF1764
C:\Users\zero6575\AppData\Local\Temp\ccTn9tGc.s:13970  .debug_str:0000000000004e4d .LASF1765
C:\Users\zero6575\AppData\Local\Temp\ccTn9tGc.s:13892  .debug_str:00000000000049e0 .LASF1766
C:\Users\zero6575\AppData\Local\Temp\ccTn9tGc.s:14944  .debug_str:000000000000804b .LASF1767
C:\Users\zero6575\AppData\Local\Temp\ccTn9tGc.s:15722  .debug_str:000000000000a731 .LASF1768
C:\Users\zero6575\AppData\Local\Temp\ccTn9tGc.s:15106  .debug_str:00000000000086ef .LASF1769
C:\Users\zero6575\AppData\Local\Temp\ccTn9tGc.s:16364  .debug_str:000000000000c537 .LASF1770
C:\Users\zero6575\AppData\Local\Temp\ccTn9tGc.s:16166  .debug_str:000000000000bbe4 .LASF1771
C:\Users\zero6575\AppData\Local\Temp\ccTn9tGc.s:16160  .debug_str:000000000000bb91 .LASF1772
C:\Users\zero6575\AppData\Local\Temp\ccTn9tGc.s:15122  .debug_str:00000000000087b3 .LASF1773
C:\Users\zero6575\AppData\Local\Temp\ccTn9tGc.s:14622  .debug_str:0000000000006f36 .LASF1774
C:\Users\zero6575\AppData\Local\Temp\ccTn9tGc.s:13838  .debug_str:000000000000458d .LASF1775
C:\Users\zero6575\AppData\Local\Temp\ccTn9tGc.s:16116  .debug_str:000000000000b96d .LASF1776
C:\Users\zero6575\AppData\Local\Temp\ccTn9tGc.s:16774  .debug_str:000000000000d92a .LASF1777
C:\Users\zero6575\AppData\Local\Temp\ccTn9tGc.s:15356  .debug_str:000000000000943c .LASF1778
C:\Users\zero6575\AppData\Local\Temp\ccTn9tGc.s:16988  .debug_str:000000000000e4fd .LASF1779
C:\Users\zero6575\AppData\Local\Temp\ccTn9tGc.s:13082  .debug_str:0000000000001b86 .LASF1780
C:\Users\zero6575\AppData\Local\Temp\ccTn9tGc.s:12576  .debug_str:0000000000000321 .LASF1781
C:\Users\zero6575\AppData\Local\Temp\ccTn9tGc.s:17074  .debug_str:000000000000e923 .LASF1782
C:\Users\zero6575\AppData\Local\Temp\ccTn9tGc.s:14460  .debug_str:0000000000006695 .LASF1783
C:\Users\zero6575\AppData\Local\Temp\ccTn9tGc.s:14682  .debug_str:000000000000728a .LASF1784
C:\Users\zero6575\AppData\Local\Temp\ccTn9tGc.s:15890  .debug_str:000000000000aed9 .LASF1785
C:\Users\zero6575\AppData\Local\Temp\ccTn9tGc.s:15274  .debug_str:000000000000901c .LASF1786
C:\Users\zero6575\AppData\Local\Temp\ccTn9tGc.s:14258  .debug_str:0000000000005d3d .LASF1787
C:\Users\zero6575\AppData\Local\Temp\ccTn9tGc.s:15288  .debug_str:00000000000090a1 .LASF1788
C:\Users\zero6575\AppData\Local\Temp\ccTn9tGc.s:16086  .debug_str:000000000000b86f .LASF1789
C:\Users\zero6575\AppData\Local\Temp\ccTn9tGc.s:15800  .debug_str:000000000000aaa0 .LASF1790
C:\Users\zero6575\AppData\Local\Temp\ccTn9tGc.s:14260  .debug_str:0000000000005d4c .LASF1791
C:\Users\zero6575\AppData\Local\Temp\ccTn9tGc.s:12732  .debug_str:0000000000000aab .LASF1792
C:\Users\zero6575\AppData\Local\Temp\ccTn9tGc.s:14728  .debug_str:00000000000074c0 .LASF1793
C:\Users\zero6575\AppData\Local\Temp\ccTn9tGc.s:13288  .debug_str:00000000000028e6 .LASF1794
C:\Users\zero6575\AppData\Local\Temp\ccTn9tGc.s:12714  .debug_str:0000000000000a12 .LASF1795
C:\Users\zero6575\AppData\Local\Temp\ccTn9tGc.s:15964  .debug_str:000000000000b309 .LASF1796
C:\Users\zero6575\AppData\Local\Temp\ccTn9tGc.s:14636  .debug_str:0000000000006fea .LASF1797
C:\Users\zero6575\AppData\Local\Temp\ccTn9tGc.s:12742  .debug_str:0000000000000afe .LASF1798
C:\Users\zero6575\AppData\Local\Temp\ccTn9tGc.s:15526  .debug_str:0000000000009cd0 .LASF1799
C:\Users\zero6575\AppData\Local\Temp\ccTn9tGc.s:14398  .debug_str:00000000000063e4 .LASF1800
C:\Users\zero6575\AppData\Local\Temp\ccTn9tGc.s:13996  .debug_str:0000000000004f7e .LASF1801
C:\Users\zero6575\AppData\Local\Temp\ccTn9tGc.s:16102  .debug_str:000000000000b908 .LASF1802
C:\Users\zero6575\AppData\Local\Temp\ccTn9tGc.s:15674  .debug_str:000000000000a44f .LASF1803
C:\Users\zero6575\AppData\Local\Temp\ccTn9tGc.s:15186  .debug_str:0000000000008ae5 .LASF1804
C:\Users\zero6575\AppData\Local\Temp\ccTn9tGc.s:14034  .debug_str:00000000000051cf .LASF1805
C:\Users\zero6575\AppData\Local\Temp\ccTn9tGc.s:16824  .debug_str:000000000000dc0f .LASF1806
C:\Users\zero6575\AppData\Local\Temp\ccTn9tGc.s:14720  .debug_str:000000000000746d .LASF1807
C:\Users\zero6575\AppData\Local\Temp\ccTn9tGc.s:15348  .debug_str:00000000000093e8 .LASF1808
C:\Users\zero6575\AppData\Local\Temp\ccTn9tGc.s:14592  .debug_str:0000000000006d9b .LASF1809
C:\Users\zero6575\AppData\Local\Temp\ccTn9tGc.s:16724  .debug_str:000000000000d69e .LASF1810
C:\Users\zero6575\AppData\Local\Temp\ccTn9tGc.s:14640  .debug_str:000000000000701b .LASF1811
C:\Users\zero6575\AppData\Local\Temp\ccTn9tGc.s:16766  .debug_str:000000000000d8de .LASF1812
C:\Users\zero6575\AppData\Local\Temp\ccTn9tGc.s:13784  .debug_str:00000000000042ad .LASF1813
C:\Users\zero6575\AppData\Local\Temp\ccTn9tGc.s:13452  .debug_str:000000000000319f .LASF1814
C:\Users\zero6575\AppData\Local\Temp\ccTn9tGc.s:15548  .debug_str:0000000000009df5 .LASF1815
C:\Users\zero6575\AppData\Local\Temp\ccTn9tGc.s:16512  .debug_str:000000000000cbdc .LASF1816
C:\Users\zero6575\AppData\Local\Temp\ccTn9tGc.s:16196  .debug_str:000000000000bd79 .LASF1817
C:\Users\zero6575\AppData\Local\Temp\ccTn9tGc.s:14094  .debug_str:00000000000054f6 .LASF1818
C:\Users\zero6575\AppData\Local\Temp\ccTn9tGc.s:14502  .debug_str:000000000000696e .LASF1819
C:\Users\zero6575\AppData\Local\Temp\ccTn9tGc.s:16100  .debug_str:000000000000b8f8 .LASF1820
C:\Users\zero6575\AppData\Local\Temp\ccTn9tGc.s:15094  .debug_str:000000000000864b .LASF1821
C:\Users\zero6575\AppData\Local\Temp\ccTn9tGc.s:14298  .debug_str:0000000000005eed .LASF1822
C:\Users\zero6575\AppData\Local\Temp\ccTn9tGc.s:16354  .debug_str:000000000000c4b7 .LASF1823
C:\Users\zero6575\AppData\Local\Temp\ccTn9tGc.s:13342  .debug_str:0000000000002bd9 .LASF1824
C:\Users\zero6575\AppData\Local\Temp\ccTn9tGc.s:15726  .debug_str:000000000000a74d .LASF1825
C:\Users\zero6575\AppData\Local\Temp\ccTn9tGc.s:16436  .debug_str:000000000000c830 .LASF1826
C:\Users\zero6575\AppData\Local\Temp\ccTn9tGc.s:16742  .debug_str:000000000000d7e8 .LASF1827
C:\Users\zero6575\AppData\Local\Temp\ccTn9tGc.s:15680  .debug_str:000000000000a525 .LASF1828
C:\Users\zero6575\AppData\Local\Temp\ccTn9tGc.s:14942  .debug_str:000000000000803b .LASF1829
C:\Users\zero6575\AppData\Local\Temp\ccTn9tGc.s:15480  .debug_str:0000000000009a39 .LASF1830
C:\Users\zero6575\AppData\Local\Temp\ccTn9tGc.s:15080  .debug_str:0000000000008595 .LASF1831
C:\Users\zero6575\AppData\Local\Temp\ccTn9tGc.s:15078  .debug_str:000000000000857a .LASF1832
C:\Users\zero6575\AppData\Local\Temp\ccTn9tGc.s:16504  .debug_str:000000000000cb7e .LASF1833
C:\Users\zero6575\AppData\Local\Temp\ccTn9tGc.s:16646  .debug_str:000000000000d2f7 .LASF1834
C:\Users\zero6575\AppData\Local\Temp\ccTn9tGc.s:15104  .debug_str:00000000000086d2 .LASF1835
C:\Users\zero6575\AppData\Local\Temp\ccTn9tGc.s:14484  .debug_str:00000000000067e5 .LASF1836
C:\Users\zero6575\AppData\Local\Temp\ccTn9tGc.s:16972  .debug_str:000000000000e45b .LASF1837
C:\Users\zero6575\AppData\Local\Temp\ccTn9tGc.s:13806  .debug_str:00000000000043aa .LASF1838
C:\Users\zero6575\AppData\Local\Temp\ccTn9tGc.s:16532  .debug_str:000000000000cd0e .LASF1839
C:\Users\zero6575\AppData\Local\Temp\ccTn9tGc.s:15756  .debug_str:000000000000a8a8 .LASF1840
C:\Users\zero6575\AppData\Local\Temp\ccTn9tGc.s:16014  .debug_str:000000000000b54a .LASF1841
C:\Users\zero6575\AppData\Local\Temp\ccTn9tGc.s:16496  .debug_str:000000000000cb1e .LASF1842
C:\Users\zero6575\AppData\Local\Temp\ccTn9tGc.s:13748  .debug_str:000000000000406e .LASF1843
C:\Users\zero6575\AppData\Local\Temp\ccTn9tGc.s:15112  .debug_str:000000000000872b .LASF1844
C:\Users\zero6575\AppData\Local\Temp\ccTn9tGc.s:14496  .debug_str:0000000000006901 .LASF1845
C:\Users\zero6575\AppData\Local\Temp\ccTn9tGc.s:16944  .debug_str:000000000000e314 .LASF1846
C:\Users\zero6575\AppData\Local\Temp\ccTn9tGc.s:13008  .debug_str:00000000000017d8 .LASF1847
C:\Users\zero6575\AppData\Local\Temp\ccTn9tGc.s:15750  .debug_str:000000000000a862 .LASF1848
C:\Users\zero6575\AppData\Local\Temp\ccTn9tGc.s:16044  .debug_str:000000000000b69e .LASF1849
C:\Users\zero6575\AppData\Local\Temp\ccTn9tGc.s:15838  .debug_str:000000000000ac81 .LASF1850
C:\Users\zero6575\AppData\Local\Temp\ccTn9tGc.s:15056  .debug_str:00000000000084ae .LASF1851
C:\Users\zero6575\AppData\Local\Temp\ccTn9tGc.s:13590  .debug_str:0000000000003862 .LASF1852
C:\Users\zero6575\AppData\Local\Temp\ccTn9tGc.s:13428  .debug_str:000000000000308d .LASF1853
C:\Users\zero6575\AppData\Local\Temp\ccTn9tGc.s:15446  .debug_str:0000000000009889 .LASF1854
C:\Users\zero6575\AppData\Local\Temp\ccTn9tGc.s:14778  .debug_str:000000000000771f .LASF1855
C:\Users\zero6575\AppData\Local\Temp\ccTn9tGc.s:16874  .debug_str:000000000000df54 .LASF1856
C:\Users\zero6575\AppData\Local\Temp\ccTn9tGc.s:12954  .debug_str:0000000000001565 .LASF1857
C:\Users\zero6575\AppData\Local\Temp\ccTn9tGc.s:13938  .debug_str:0000000000004cf0 .LASF1858
C:\Users\zero6575\AppData\Local\Temp\ccTn9tGc.s:15464  .debug_str:0000000000009957 .LASF1859
C:\Users\zero6575\AppData\Local\Temp\ccTn9tGc.s:12878  .debug_str:00000000000011a0 .LASF1860
C:\Users\zero6575\AppData\Local\Temp\ccTn9tGc.s:14316  .debug_str:0000000000005fd7 .LASF1861
C:\Users\zero6575\AppData\Local\Temp\ccTn9tGc.s:13198  .debug_str:00000000000023ef .LASF1862
C:\Users\zero6575\AppData\Local\Temp\ccTn9tGc.s:13358  .debug_str:0000000000002cc2 .LASF1863
C:\Users\zero6575\AppData\Local\Temp\ccTn9tGc.s:15450  .debug_str:00000000000098be .LASF1864
C:\Users\zero6575\AppData\Local\Temp\ccTn9tGc.s:16336  .debug_str:000000000000c3f9 .LASF1865
C:\Users\zero6575\AppData\Local\Temp\ccTn9tGc.s:13126  .debug_str:0000000000001de2 .LASF1866
C:\Users\zero6575\AppData\Local\Temp\ccTn9tGc.s:16582  .debug_str:000000000000cf58 .LASF1867
C:\Users\zero6575\AppData\Local\Temp\ccTn9tGc.s:13628  .debug_str:0000000000003a23 .LASF1868
C:\Users\zero6575\AppData\Local\Temp\ccTn9tGc.s:15814  .debug_str:000000000000ab76 .LASF1869
C:\Users\zero6575\AppData\Local\Temp\ccTn9tGc.s:17224  .debug_str:000000000000f04d .LASF1870
C:\Users\zero6575\AppData\Local\Temp\ccTn9tGc.s:13064  .debug_str:0000000000001a76 .LASF1871
C:\Users\zero6575\AppData\Local\Temp\ccTn9tGc.s:14834  .debug_str:0000000000007a60 .LASF1872
C:\Users\zero6575\AppData\Local\Temp\ccTn9tGc.s:16980  .debug_str:000000000000e4a9 .LASF1873
C:\Users\zero6575\AppData\Local\Temp\ccTn9tGc.s:17178  .debug_str:000000000000edfc .LASF1874
C:\Users\zero6575\AppData\Local\Temp\ccTn9tGc.s:14400  .debug_str:0000000000006401 .LASF1875
C:\Users\zero6575\AppData\Local\Temp\ccTn9tGc.s:16738  .debug_str:000000000000d7b6 .LASF1876
C:\Users\zero6575\AppData\Local\Temp\ccTn9tGc.s:12928  .debug_str:0000000000001400 .LASF1877
C:\Users\zero6575\AppData\Local\Temp\ccTn9tGc.s:15602  .debug_str:000000000000a077 .LASF1878
C:\Users\zero6575\AppData\Local\Temp\ccTn9tGc.s:14310  .debug_str:0000000000005f7c .LASF1879
C:\Users\zero6575\AppData\Local\Temp\ccTn9tGc.s:15226  .debug_str:0000000000008cd5 .LASF1880
C:\Users\zero6575\AppData\Local\Temp\ccTn9tGc.s:12630  .debug_str:00000000000005eb .LASF1881
C:\Users\zero6575\AppData\Local\Temp\ccTn9tGc.s:13936  .debug_str:0000000000004cda .LASF1882
C:\Users\zero6575\AppData\Local\Temp\ccTn9tGc.s:16920  .debug_str:000000000000e21f .LASF1883
C:\Users\zero6575\AppData\Local\Temp\ccTn9tGc.s:15176  .debug_str:0000000000008a84 .LASF1884
C:\Users\zero6575\AppData\Local\Temp\ccTn9tGc.s:14354  .debug_str:0000000000006180 .LASF1885
C:\Users\zero6575\AppData\Local\Temp\ccTn9tGc.s:17226  .debug_str:000000000000f05a .LASF1886
C:\Users\zero6575\AppData\Local\Temp\ccTn9tGc.s:14098  .debug_str:000000000000551c .LASF1887
C:\Users\zero6575\AppData\Local\Temp\ccTn9tGc.s:14946  .debug_str:0000000000008056 .LASF1888
C:\Users\zero6575\AppData\Local\Temp\ccTn9tGc.s:13552  .debug_str:0000000000003659 .LASF1889
C:\Users\zero6575\AppData\Local\Temp\ccTn9tGc.s:14984  .debug_str:00000000000081d0 .LASF1890
C:\Users\zero6575\AppData\Local\Temp\ccTn9tGc.s:12884  .debug_str:00000000000011df .LASF1891
C:\Users\zero6575\AppData\Local\Temp\ccTn9tGc.s:12982  .debug_str:0000000000001698 .LASF1892
C:\Users\zero6575\AppData\Local\Temp\ccTn9tGc.s:17172  .debug_str:000000000000edb5 .LASF1893
C:\Users\zero6575\AppData\Local\Temp\ccTn9tGc.s:13626  .debug_str:0000000000003a01 .LASF1894
C:\Users\zero6575\AppData\Local\Temp\ccTn9tGc.s:16366  .debug_str:000000000000c544 .LASF1895
C:\Users\zero6575\AppData\Local\Temp\ccTn9tGc.s:13372  .debug_str:0000000000002e2b .LASF1896
C:\Users\zero6575\AppData\Local\Temp\ccTn9tGc.s:13108  .debug_str:0000000000001cff .LASF1897
C:\Users\zero6575\AppData\Local\Temp\ccTn9tGc.s:15702  .debug_str:000000000000a60e .LASF1898
C:\Users\zero6575\AppData\Local\Temp\ccTn9tGc.s:16508  .debug_str:000000000000cbb2 .LASF1899
C:\Users\zero6575\AppData\Local\Temp\ccTn9tGc.s:17116  .debug_str:000000000000eb48 .LASF1900
C:\Users\zero6575\AppData\Local\Temp\ccTn9tGc.s:16418  .debug_str:000000000000c77b .LASF1901
C:\Users\zero6575\AppData\Local\Temp\ccTn9tGc.s:15712  .debug_str:000000000000a684 .LASF1902
C:\Users\zero6575\AppData\Local\Temp\ccTn9tGc.s:12832  .debug_str:0000000000000f79 .LASF1903
C:\Users\zero6575\AppData\Local\Temp\ccTn9tGc.s:16002  .debug_str:000000000000b4d1 .LASF1904
C:\Users\zero6575\AppData\Local\Temp\ccTn9tGc.s:13824  .debug_str:00000000000044cd .LASF1905
C:\Users\zero6575\AppData\Local\Temp\ccTn9tGc.s:16404  .debug_str:000000000000c6fc .LASF1906
C:\Users\zero6575\AppData\Local\Temp\ccTn9tGc.s:14206  .debug_str:0000000000005aa6 .LASF1907
C:\Users\zero6575\AppData\Local\Temp\ccTn9tGc.s:14800  .debug_str:000000000000787f .LASF1908
C:\Users\zero6575\AppData\Local\Temp\ccTn9tGc.s:15618  .debug_str:000000000000a171 .LASF1909
C:\Users\zero6575\AppData\Local\Temp\ccTn9tGc.s:12960  .debug_str:00000000000015b9 .LASF1910
C:\Users\zero6575\AppData\Local\Temp\ccTn9tGc.s:16896  .debug_str:000000000000e0cc .LASF1911
C:\Users\zero6575\AppData\Local\Temp\ccTn9tGc.s:12904  .debug_str:00000000000012ef .LASF1912
C:\Users\zero6575\AppData\Local\Temp\ccTn9tGc.s:15798  .debug_str:000000000000aa75 .LASF1913
C:\Users\zero6575\AppData\Local\Temp\ccTn9tGc.s:14994  .debug_str:0000000000008233 .LASF1914
C:\Users\zero6575\AppData\Local\Temp\ccTn9tGc.s:15074  .debug_str:0000000000008551 .LASF1915
C:\Users\zero6575\AppData\Local\Temp\ccTn9tGc.s:15752  .debug_str:000000000000a86f .LASF1916
C:\Users\zero6575\AppData\Local\Temp\ccTn9tGc.s:13794  .debug_str:0000000000004321 .LASF1917
C:\Users\zero6575\AppData\Local\Temp\ccTn9tGc.s:14756  .debug_str:00000000000075fe .LASF1918
C:\Users\zero6575\AppData\Local\Temp\ccTn9tGc.s:13762  .debug_str:0000000000004117 .LASF1919
C:\Users\zero6575\AppData\Local\Temp\ccTn9tGc.s:15596  .debug_str:000000000000a03c .LASF1920
C:\Users\zero6575\AppData\Local\Temp\ccTn9tGc.s:13972  .debug_str:0000000000004e6b .LASF1921
C:\Users\zero6575\AppData\Local\Temp\ccTn9tGc.s:16836  .debug_str:000000000000dccf .LASF1922
C:\Users\zero6575\AppData\Local\Temp\ccTn9tGc.s:14248  .debug_str:0000000000005cb2 .LASF1923
C:\Users\zero6575\AppData\Local\Temp\ccTn9tGc.s:12700  .debug_str:0000000000000986 .LASF1924
C:\Users\zero6575\AppData\Local\Temp\ccTn9tGc.s:16888  .debug_str:000000000000e068 .LASF1925
C:\Users\zero6575\AppData\Local\Temp\ccTn9tGc.s:14314  .debug_str:0000000000005fb6 .LASF1926
C:\Users\zero6575\AppData\Local\Temp\ccTn9tGc.s:14842  .debug_str:0000000000007aa2 .LASF1927
C:\Users\zero6575\AppData\Local\Temp\ccTn9tGc.s:12760  .debug_str:0000000000000bb0 .LASF1928
C:\Users\zero6575\AppData\Local\Temp\ccTn9tGc.s:14518  .debug_str:0000000000006a21 .LASF1929
C:\Users\zero6575\AppData\Local\Temp\ccTn9tGc.s:14742  .debug_str:0000000000007558 .LASF1930
C:\Users\zero6575\AppData\Local\Temp\ccTn9tGc.s:15666  .debug_str:000000000000a402 .LASF1931
C:\Users\zero6575\AppData\Local\Temp\ccTn9tGc.s:13534  .debug_str:0000000000003587 .LASF1932
C:\Users\zero6575\AppData\Local\Temp\ccTn9tGc.s:13926  .debug_str:0000000000004c63 .LASF1933
C:\Users\zero6575\AppData\Local\Temp\ccTn9tGc.s:15000  .debug_str:000000000000827a .LASF1934
C:\Users\zero6575\AppData\Local\Temp\ccTn9tGc.s:15966  .debug_str:000000000000b314 .LASF1935
C:\Users\zero6575\AppData\Local\Temp\ccTn9tGc.s:16188  .debug_str:000000000000bd03 .LASF1936
C:\Users\zero6575\AppData\Local\Temp\ccTn9tGc.s:13230  .debug_str:000000000000257a .LASF1937
C:\Users\zero6575\AppData\Local\Temp\ccTn9tGc.s:14040  .debug_str:0000000000005205 .LASF1938
C:\Users\zero6575\AppData\Local\Temp\ccTn9tGc.s:16434  .debug_str:000000000000c81f .LASF1939
C:\Users\zero6575\AppData\Local\Temp\ccTn9tGc.s:16802  .debug_str:000000000000dade .LASF1940
C:\Users\zero6575\AppData\Local\Temp\ccTn9tGc.s:14122  .debug_str:0000000000005631 .LASF1941
C:\Users\zero6575\AppData\Local\Temp\ccTn9tGc.s:15878  .debug_str:000000000000ae5a .LASF1942
C:\Users\zero6575\AppData\Local\Temp\ccTn9tGc.s:14880  .debug_str:0000000000007cd3 .LASF1943
C:\Users\zero6575\AppData\Local\Temp\ccTn9tGc.s:16574  .debug_str:000000000000cefc .LASF1944
C:\Users\zero6575\AppData\Local\Temp\ccTn9tGc.s:12890  .debug_str:000000000000123f .LASF1945
C:\Users\zero6575\AppData\Local\Temp\ccTn9tGc.s:14238  .debug_str:0000000000005c67 .LASF1946
C:\Users\zero6575\AppData\Local\Temp\ccTn9tGc.s:15784  .debug_str:000000000000a9e7 .LASF1947
C:\Users\zero6575\AppData\Local\Temp\ccTn9tGc.s:12530  .debug_str:000000000000011e .LASF1948
C:\Users\zero6575\AppData\Local\Temp\ccTn9tGc.s:16668  .debug_str:000000000000d444 .LASF1949
C:\Users\zero6575\AppData\Local\Temp\ccTn9tGc.s:16884  .debug_str:000000000000dfd4 .LASF1950
C:\Users\zero6575\AppData\Local\Temp\ccTn9tGc.s:16304  .debug_str:000000000000c249 .LASF1951
C:\Users\zero6575\AppData\Local\Temp\ccTn9tGc.s:15574  .debug_str:0000000000009f44 .LASF1952
C:\Users\zero6575\AppData\Local\Temp\ccTn9tGc.s:13652  .debug_str:0000000000003bd5 .LASF1953
C:\Users\zero6575\AppData\Local\Temp\ccTn9tGc.s:16558  .debug_str:000000000000ce2b .LASF1954
C:\Users\zero6575\AppData\Local\Temp\ccTn9tGc.s:12782  .debug_str:0000000000000c96 .LASF1955
C:\Users\zero6575\AppData\Local\Temp\ccTn9tGc.s:14222  .debug_str:0000000000005b6c .LASF1956
C:\Users\zero6575\AppData\Local\Temp\ccTn9tGc.s:15520  .debug_str:0000000000009c39 .LASF1957
C:\Users\zero6575\AppData\Local\Temp\ccTn9tGc.s:13944  .debug_str:0000000000004d3b .LASF1958
C:\Users\zero6575\AppData\Local\Temp\ccTn9tGc.s:16910  .debug_str:000000000000e1a0 .LASF1959
C:\Users\zero6575\AppData\Local\Temp\ccTn9tGc.s:13462  .debug_str:000000000000320b .LASF1960
C:\Users\zero6575\AppData\Local\Temp\ccTn9tGc.s:14938  .debug_str:0000000000007ffb .LASF1961
C:\Users\zero6575\AppData\Local\Temp\ccTn9tGc.s:16440  .debug_str:000000000000c855 .LASF1962
C:\Users\zero6575\AppData\Local\Temp\ccTn9tGc.s:13282  .debug_str:000000000000288d .LASF1963
C:\Users\zero6575\AppData\Local\Temp\ccTn9tGc.s:14584  .debug_str:0000000000006d26 .LASF1964
C:\Users\zero6575\AppData\Local\Temp\ccTn9tGc.s:16502  .debug_str:000000000000cb53 .LASF1965
C:\Users\zero6575\AppData\Local\Temp\ccTn9tGc.s:14812  .debug_str:00000000000078ff .LASF1966
C:\Users\zero6575\AppData\Local\Temp\ccTn9tGc.s:15058  .debug_str:00000000000084ba .LASF1967
C:\Users\zero6575\AppData\Local\Temp\ccTn9tGc.s:12720  .debug_str:0000000000000a41 .LASF1968
C:\Users\zero6575\AppData\Local\Temp\ccTn9tGc.s:13776  .debug_str:0000000000004213 .LASF1969
C:\Users\zero6575\AppData\Local\Temp\ccTn9tGc.s:13168  .debug_str:0000000000002237 .LASF1970
C:\Users\zero6575\AppData\Local\Temp\ccTn9tGc.s:16898  .debug_str:000000000000e0eb .LASF1971
C:\Users\zero6575\AppData\Local\Temp\ccTn9tGc.s:16690  .debug_str:000000000000d522 .LASF1972
C:\Users\zero6575\AppData\Local\Temp\ccTn9tGc.s:15950  .debug_str:000000000000b27b .LASF1973
C:\Users\zero6575\AppData\Local\Temp\ccTn9tGc.s:13790  .debug_str:00000000000042fc .LASF1974
C:\Users\zero6575\AppData\Local\Temp\ccTn9tGc.s:15256  .debug_str:0000000000008f02 .LASF1975
C:\Users\zero6575\AppData\Local\Temp\ccTn9tGc.s:15706  .debug_str:000000000000a634 .LASF1976
C:\Users\zero6575\AppData\Local\Temp\ccTn9tGc.s:13908  .debug_str:0000000000004b48 .LASF1977
C:\Users\zero6575\AppData\Local\Temp\ccTn9tGc.s:17222  .debug_str:000000000000f03e .LASF1978
C:\Users\zero6575\AppData\Local\Temp\ccTn9tGc.s:13090  .debug_str:0000000000001be7 .LASF1979
C:\Users\zero6575\AppData\Local\Temp\ccTn9tGc.s:15572  .debug_str:0000000000009f2c .LASF1980
C:\Users\zero6575\AppData\Local\Temp\ccTn9tGc.s:15724  .debug_str:000000000000a741 .LASF1981
C:\Users\zero6575\AppData\Local\Temp\ccTn9tGc.s:13132  .debug_str:0000000000001e26 .LASF1982
C:\Users\zero6575\AppData\Local\Temp\ccTn9tGc.s:13518  .debug_str:00000000000034bd .LASF1983
C:\Users\zero6575\AppData\Local\Temp\ccTn9tGc.s:13934  .debug_str:0000000000004cc1 .LASF1984
C:\Users\zero6575\AppData\Local\Temp\ccTn9tGc.s:12902  .debug_str:00000000000012d5 .LASF1985
C:\Users\zero6575\AppData\Local\Temp\ccTn9tGc.s:15262  .debug_str:0000000000008f80 .LASF1986
C:\Users\zero6575\AppData\Local\Temp\ccTn9tGc.s:16092  .debug_str:000000000000b8ce .LASF1987
C:\Users\zero6575\AppData\Local\Temp\ccTn9tGc.s:15216  .debug_str:0000000000008c55 .LASF1988
C:\Users\zero6575\AppData\Local\Temp\ccTn9tGc.s:16632  .debug_str:000000000000d237 .LASF1989
C:\Users\zero6575\AppData\Local\Temp\ccTn9tGc.s:15840  .debug_str:000000000000ac8c .LASF1990
C:\Users\zero6575\AppData\Local\Temp\ccTn9tGc.s:14340  .debug_str:00000000000060be .LASF1991
C:\Users\zero6575\AppData\Local\Temp\ccTn9tGc.s:14688  .debug_str:00000000000072f8 .LASF1992
C:\Users\zero6575\AppData\Local\Temp\ccTn9tGc.s:12586  .debug_str:00000000000003aa .LASF1993
C:\Users\zero6575\AppData\Local\Temp\ccTn9tGc.s:15570  .debug_str:0000000000009f19 .LASF1994
C:\Users\zero6575\AppData\Local\Temp\ccTn9tGc.s:16716  .debug_str:000000000000d632 .LASF1995
C:\Users\zero6575\AppData\Local\Temp\ccTn9tGc.s:14118  .debug_str:0000000000005602 .LASF1996
C:\Users\zero6575\AppData\Local\Temp\ccTn9tGc.s:14372  .debug_str:00000000000062a2 .LASF1997
C:\Users\zero6575\AppData\Local\Temp\ccTn9tGc.s:15994  .debug_str:000000000000b44d .LASF1998
C:\Users\zero6575\AppData\Local\Temp\ccTn9tGc.s:17140  .debug_str:000000000000ec60 .LASF1999
C:\Users\zero6575\AppData\Local\Temp\ccTn9tGc.s:15636  .debug_str:000000000000a245 .LASF2000
C:\Users\zero6575\AppData\Local\Temp\ccTn9tGc.s:13850  .debug_str:0000000000004627 .LASF2001
C:\Users\zero6575\AppData\Local\Temp\ccTn9tGc.s:14168  .debug_str:00000000000058e8 .LASF2002
C:\Users\zero6575\AppData\Local\Temp\ccTn9tGc.s:14390  .debug_str:0000000000006379 .LASF2003
C:\Users\zero6575\AppData\Local\Temp\ccTn9tGc.s:12810  .debug_str:0000000000000e69 .LASF2004
C:\Users\zero6575\AppData\Local\Temp\ccTn9tGc.s:15796  .debug_str:000000000000aa60 .LASF2005
C:\Users\zero6575\AppData\Local\Temp\ccTn9tGc.s:14772  .debug_str:00000000000076bf .LASF2006
C:\Users\zero6575\AppData\Local\Temp\ccTn9tGc.s:13716  .debug_str:0000000000003ee3 .LASF2007
C:\Users\zero6575\AppData\Local\Temp\ccTn9tGc.s:14092  .debug_str:00000000000054d9 .LASF2008
C:\Users\zero6575\AppData\Local\Temp\ccTn9tGc.s:15620  .debug_str:000000000000a18a .LASF2009
C:\Users\zero6575\AppData\Local\Temp\ccTn9tGc.s:14784  .debug_str:00000000000077c2 .LASF2010
C:\Users\zero6575\AppData\Local\Temp\ccTn9tGc.s:16362  .debug_str:000000000000c51a .LASF2011
C:\Users\zero6575\AppData\Local\Temp\ccTn9tGc.s:17164  .debug_str:000000000000ed6f .LASF2012
C:\Users\zero6575\AppData\Local\Temp\ccTn9tGc.s:14336  .debug_str:00000000000060a2 .LASF2013
C:\Users\zero6575\AppData\Local\Temp\ccTn9tGc.s:16292  .debug_str:000000000000c1a0 .LASF2014
C:\Users\zero6575\AppData\Local\Temp\ccTn9tGc.s:17150  .debug_str:000000000000ecc1 .LASF2015
C:\Users\zero6575\AppData\Local\Temp\ccTn9tGc.s:14274  .debug_str:0000000000005de7 .LASF2016
C:\Users\zero6575\AppData\Local\Temp\ccTn9tGc.s:16540  .debug_str:000000000000cd68 .LASF2017
C:\Users\zero6575\AppData\Local\Temp\ccTn9tGc.s:14110  .debug_str:00000000000055af .LASF2018
C:\Users\zero6575\AppData\Local\Temp\ccTn9tGc.s:15858  .debug_str:000000000000ad65 .LASF2019
C:\Users\zero6575\AppData\Local\Temp\ccTn9tGc.s:13990  .debug_str:0000000000004f3f .LASF2020
C:\Users\zero6575\AppData\Local\Temp\ccTn9tGc.s:13726  .debug_str:0000000000003f52 .LASF2021
C:\Users\zero6575\AppData\Local\Temp\ccTn9tGc.s:15372  .debug_str:0000000000009504 .LASF2022
C:\Users\zero6575\AppData\Local\Temp\ccTn9tGc.s:13760  .debug_str:00000000000040ff .LASF2023
C:\Users\zero6575\AppData\Local\Temp\ccTn9tGc.s:12772  .debug_str:0000000000000c3f .LASF2024
C:\Users\zero6575\AppData\Local\Temp\ccTn9tGc.s:16206  .debug_str:000000000000bde3 .LASF2025
C:\Users\zero6575\AppData\Local\Temp\ccTn9tGc.s:16296  .debug_str:000000000000c1e3 .LASF2026
C:\Users\zero6575\AppData\Local\Temp\ccTn9tGc.s:15204  .debug_str:0000000000008bc4 .LASF2027
C:\Users\zero6575\AppData\Local\Temp\ccTn9tGc.s:16918  .debug_str:000000000000e208 .LASF2028
C:\Users\zero6575\AppData\Local\Temp\ccTn9tGc.s:15506  .debug_str:0000000000009bb7 .LASF2029
C:\Users\zero6575\AppData\Local\Temp\ccTn9tGc.s:14876  .debug_str:0000000000007caa .LASF2030
C:\Users\zero6575\AppData\Local\Temp\ccTn9tGc.s:14906  .debug_str:0000000000007e88 .LASF2031
C:\Users\zero6575\AppData\Local\Temp\ccTn9tGc.s:16906  .debug_str:000000000000e161 .LASF2032
C:\Users\zero6575\AppData\Local\Temp\ccTn9tGc.s:14480  .debug_str:00000000000067ba .LASF2033
C:\Users\zero6575\AppData\Local\Temp\ccTn9tGc.s:15234  .debug_str:0000000000008d48 .LASF2034
C:\Users\zero6575\AppData\Local\Temp\ccTn9tGc.s:14100  .debug_str:000000000000553d .LASF2035
C:\Users\zero6575\AppData\Local\Temp\ccTn9tGc.s:13118  .debug_str:0000000000001d8b .LASF2036
C:\Users\zero6575\AppData\Local\Temp\ccTn9tGc.s:13788  .debug_str:00000000000042de .LASF2037
C:\Users\zero6575\AppData\Local\Temp\ccTn9tGc.s:16648  .debug_str:000000000000d30d .LASF2038
C:\Users\zero6575\AppData\Local\Temp\ccTn9tGc.s:14360  .debug_str:00000000000061b6 .LASF2039
C:\Users\zero6575\AppData\Local\Temp\ccTn9tGc.s:13564  .debug_str:00000000000036f5 .LASF2040
C:\Users\zero6575\AppData\Local\Temp\ccTn9tGc.s:12828  .debug_str:0000000000000f40 .LASF2041
C:\Users\zero6575\AppData\Local\Temp\ccTn9tGc.s:13942  .debug_str:0000000000004d1f .LASF2042
C:\Users\zero6575\AppData\Local\Temp\ccTn9tGc.s:14914  .debug_str:0000000000007eeb .LASF2043
C:\Users\zero6575\AppData\Local\Temp\ccTn9tGc.s:12936  .debug_str:0000000000001453 .LASF2044
C:\Users\zero6575\AppData\Local\Temp\ccTn9tGc.s:14342  .debug_str:00000000000060ce .LASF2045
C:\Users\zero6575\AppData\Local\Temp\ccTn9tGc.s:14344  .debug_str:00000000000060ee .LASF2046
C:\Users\zero6575\AppData\Local\Temp\ccTn9tGc.s:14346  .debug_str:000000000000610e .LASF2047
C:\Users\zero6575\AppData\Local\Temp\ccTn9tGc.s:15676  .debug_str:000000000000a462 .LASF2048
C:\Users\zero6575\AppData\Local\Temp\ccTn9tGc.s:13486  .debug_str:0000000000003354 .LASF2049
C:\Users\zero6575\AppData\Local\Temp\ccTn9tGc.s:13006  .debug_str:00000000000017b8 .LASF2050
C:\Users\zero6575\AppData\Local\Temp\ccTn9tGc.s:13292  .debug_str:0000000000002903 .LASF2051
C:\Users\zero6575\AppData\Local\Temp\ccTn9tGc.s:13346  .debug_str:0000000000002bff .LASF2052
C:\Users\zero6575\AppData\Local\Temp\ccTn9tGc.s:14916  .debug_str:0000000000007f07 .LASF2053
C:\Users\zero6575\AppData\Local\Temp\ccTn9tGc.s:13988  .debug_str:0000000000004f22 .LASF2054
C:\Users\zero6575\AppData\Local\Temp\ccTn9tGc.s:13898  .debug_str:0000000000004a7c .LASF2055
C:\Users\zero6575\AppData\Local\Temp\ccTn9tGc.s:14548  .debug_str:0000000000006b43 .LASF2056
C:\Users\zero6575\AppData\Local\Temp\ccTn9tGc.s:16816  .debug_str:000000000000dbae .LASF2057
C:\Users\zero6575\AppData\Local\Temp\ccTn9tGc.s:12800  .debug_str:0000000000000db0 .LASF2058
C:\Users\zero6575\AppData\Local\Temp\ccTn9tGc.s:14998  .debug_str:0000000000008259 .LASF2059
C:\Users\zero6575\AppData\Local\Temp\ccTn9tGc.s:13308  .debug_str:00000000000029c9 .LASF2060
C:\Users\zero6575\AppData\Local\Temp\ccTn9tGc.s:16904  .debug_str:000000000000e13b .LASF2061
C:\Users\zero6575\AppData\Local\Temp\ccTn9tGc.s:14674  .debug_str:0000000000007223 .LASF2062
C:\Users\zero6575\AppData\Local\Temp\ccTn9tGc.s:16534  .debug_str:000000000000cd23 .LASF2063
C:\Users\zero6575\AppData\Local\Temp\ccTn9tGc.s:13244  .debug_str:0000000000002628 .LASF2064
C:\Users\zero6575\AppData\Local\Temp\ccTn9tGc.s:12692  .debug_str:0000000000000927 .LASF2065
C:\Users\zero6575\AppData\Local\Temp\ccTn9tGc.s:14424  .debug_str:00000000000064ef .LASF2066
C:\Users\zero6575\AppData\Local\Temp\ccTn9tGc.s:16650  .debug_str:000000000000d331 .LASF2067
C:\Users\zero6575\AppData\Local\Temp\ccTn9tGc.s:12994  .debug_str:0000000000001725 .LASF2068
C:\Users\zero6575\AppData\Local\Temp\ccTn9tGc.s:13336  .debug_str:0000000000002b8c .LASF2069
C:\Users\zero6575\AppData\Local\Temp\ccTn9tGc.s:13438  .debug_str:00000000000030da .LASF2070
C:\Users\zero6575\AppData\Local\Temp\ccTn9tGc.s:16234  .debug_str:000000000000bf25 .LASF2071
C:\Users\zero6575\AppData\Local\Temp\ccTn9tGc.s:13560  .debug_str:00000000000036d6 .LASF2072
C:\Users\zero6575\AppData\Local\Temp\ccTn9tGc.s:16182  .debug_str:000000000000bc9d .LASF2073
C:\Users\zero6575\AppData\Local\Temp\ccTn9tGc.s:15568  .debug_str:0000000000009f04 .LASF2074
C:\Users\zero6575\AppData\Local\Temp\ccTn9tGc.s:16120  .debug_str:000000000000b9a9 .LASF2075
C:\Users\zero6575\AppData\Local\Temp\ccTn9tGc.s:15836  .debug_str:000000000000ac72 .LASF2076
C:\Users\zero6575\AppData\Local\Temp\ccTn9tGc.s:12756  .debug_str:0000000000000b7b .LASF2077
C:\Users\zero6575\AppData\Local\Temp\ccTn9tGc.s:15632  .debug_str:000000000000a209 .LASF2078
C:\Users\zero6575\AppData\Local\Temp\ccTn9tGc.s:16950  .debug_str:000000000000e361 .LASF2079
C:\Users\zero6575\AppData\Local\Temp\ccTn9tGc.s:14312  .debug_str:0000000000005f99 .LASF2080
C:\Users\zero6575\AppData\Local\Temp\ccTn9tGc.s:16266  .debug_str:000000000000c072 .LASF2081
C:\Users\zero6575\AppData\Local\Temp\ccTn9tGc.s:13510  .debug_str:000000000000346b .LASF2082
C:\Users\zero6575\AppData\Local\Temp\ccTn9tGc.s:15958  .debug_str:000000000000b2cd .LASF2083
C:\Users\zero6575\AppData\Local\Temp\ccTn9tGc.s:13054  .debug_str:0000000000001a11 .LASF2084
C:\Users\zero6575\AppData\Local\Temp\ccTn9tGc.s:12536  .debug_str:0000000000000167 .LASF2085
C:\Users\zero6575\AppData\Local\Temp\ccTn9tGc.s:15854  .debug_str:000000000000ad2a .LASF2086
C:\Users\zero6575\AppData\Local\Temp\ccTn9tGc.s:17190  .debug_str:000000000000ee72 .LASF2087
C:\Users\zero6575\AppData\Local\Temp\ccTn9tGc.s:14862  .debug_str:0000000000007bd8 .LASF2088
C:\Users\zero6575\AppData\Local\Temp\ccTn9tGc.s:12562  .debug_str:000000000000026d .LASF2089
C:\Users\zero6575\AppData\Local\Temp\ccTn9tGc.s:17004  .debug_str:000000000000e5af .LASF2090
C:\Users\zero6575\AppData\Local\Temp\ccTn9tGc.s:14000  .debug_str:0000000000004f95 .LASF2091
C:\Users\zero6575\AppData\Local\Temp\ccTn9tGc.s:12682  .debug_str:00000000000008a8 .LASF2092
C:\Users\zero6575\AppData\Local\Temp\ccTn9tGc.s:13738  .debug_str:0000000000003fd9 .LASF2093
C:\Users\zero6575\AppData\Local\Temp\ccTn9tGc.s:14066  .debug_str:00000000000053a2 .LASF2094
C:\Users\zero6575\AppData\Local\Temp\ccTn9tGc.s:16284  .debug_str:000000000000c12e .LASF2095
C:\Users\zero6575\AppData\Local\Temp\ccTn9tGc.s:14264  .debug_str:0000000000005d82 .LASF2096
C:\Users\zero6575\AppData\Local\Temp\ccTn9tGc.s:16598  .debug_str:000000000000d02b .LASF2097
C:\Users\zero6575\AppData\Local\Temp\ccTn9tGc.s:15024  .debug_str:0000000000008389 .LASF2098
C:\Users\zero6575\AppData\Local\Temp\ccTn9tGc.s:13106  .debug_str:0000000000001ccf .LASF2099
C:\Users\zero6575\AppData\Local\Temp\ccTn9tGc.s:14510  .debug_str:00000000000069b1 .LASF2100
C:\Users\zero6575\AppData\Local\Temp\ccTn9tGc.s:16456  .debug_str:000000000000c8ef .LASF2101
C:\Users\zero6575\AppData\Local\Temp\ccTn9tGc.s:14626  .debug_str:0000000000006f6f .LASF2102
C:\Users\zero6575\AppData\Local\Temp\ccTn9tGc.s:13092  .debug_str:0000000000001bf5 .LASF2103
C:\Users\zero6575\AppData\Local\Temp\ccTn9tGc.s:12518  .debug_str:0000000000000087 .LASF2104
C:\Users\zero6575\AppData\Local\Temp\ccTn9tGc.s:12616  .debug_str:000000000000050d .LASF2105
C:\Users\zero6575\AppData\Local\Temp\ccTn9tGc.s:12606  .debug_str:0000000000000494 .LASF2106
C:\Users\zero6575\AppData\Local\Temp\ccTn9tGc.s:17060  .debug_str:000000000000e852 .LASF2107
C:\Users\zero6575\AppData\Local\Temp\ccTn9tGc.s:14750  .debug_str:00000000000075b2 .LASF2108
C:\Users\zero6575\AppData\Local\Temp\ccTn9tGc.s:14212  .debug_str:0000000000005b04 .LASF2109
C:\Users\zero6575\AppData\Local\Temp\ccTn9tGc.s:15294  .debug_str:00000000000090ef .LASF2110
C:\Users\zero6575\AppData\Local\Temp\ccTn9tGc.s:15886  .debug_str:000000000000aeb6 .LASF2111
C:\Users\zero6575\AppData\Local\Temp\ccTn9tGc.s:13522  .debug_str:00000000000034d9 .LASF2112
C:\Users\zero6575\AppData\Local\Temp\ccTn9tGc.s:14816  .debug_str:0000000000007942 .LASF2113
C:\Users\zero6575\AppData\Local\Temp\ccTn9tGc.s:15664  .debug_str:000000000000a3df .LASF2114
C:\Users\zero6575\AppData\Local\Temp\ccTn9tGc.s:16834  .debug_str:000000000000dcb5 .LASF2115
C:\Users\zero6575\AppData\Local\Temp\ccTn9tGc.s:16982  .debug_str:000000000000e4c5 .LASF2116
C:\Users\zero6575\AppData\Local\Temp\ccTn9tGc.s:14610  .debug_str:0000000000006ea4 .LASF2117
C:\Users\zero6575\AppData\Local\Temp\ccTn9tGc.s:13352  .debug_str:0000000000002c4e .LASF2118
C:\Users\zero6575\AppData\Local\Temp\ccTn9tGc.s:16776  .debug_str:000000000000d949 .LASF2119
C:\Users\zero6575\AppData\Local\Temp\ccTn9tGc.s:16218  .debug_str:000000000000be70 .LASF2120
C:\Users\zero6575\AppData\Local\Temp\ccTn9tGc.s:13816  .debug_str:000000000000444f .LASF2121
C:\Users\zero6575\AppData\Local\Temp\ccTn9tGc.s:17134  .debug_str:000000000000ec09 .LASF2122
C:\Users\zero6575\AppData\Local\Temp\ccTn9tGc.s:16060  .debug_str:000000000000b74a .LASF2123
C:\Users\zero6575\AppData\Local\Temp\ccTn9tGc.s:15210  .debug_str:0000000000008c0d .LASF2124
C:\Users\zero6575\AppData\Local\Temp\ccTn9tGc.s:14550  .debug_str:0000000000006b72 .LASF2125
C:\Users\zero6575\AppData\Local\Temp\ccTn9tGc.s:13528  .debug_str:0000000000003526 .LASF2126
C:\Users\zero6575\AppData\Local\Temp\ccTn9tGc.s:14546  .debug_str:0000000000006b27 .LASF2127
C:\Users\zero6575\AppData\Local\Temp\ccTn9tGc.s:14490  .debug_str:00000000000068ba .LASF2128
C:\Users\zero6575\AppData\Local\Temp\ccTn9tGc.s:16586  .debug_str:000000000000cf87 .LASF2129
C:\Users\zero6575\AppData\Local\Temp\ccTn9tGc.s:16396  .debug_str:000000000000c6a3 .LASF2130
C:\Users\zero6575\AppData\Local\Temp\ccTn9tGc.s:14306  .debug_str:0000000000005f3f .LASF2131
C:\Users\zero6575\AppData\Local\Temp\ccTn9tGc.s:12820  .debug_str:0000000000000ebd .LASF2132
C:\Users\zero6575\AppData\Local\Temp\ccTn9tGc.s:16522  .debug_str:000000000000cc9f .LASF2133
C:\Users\zero6575\AppData\Local\Temp\ccTn9tGc.s:15932  .debug_str:000000000000b16c .LASF2134
C:\Users\zero6575\AppData\Local\Temp\ccTn9tGc.s:14070  .debug_str:00000000000053e6 .LASF2135
C:\Users\zero6575\AppData\Local\Temp\ccTn9tGc.s:16882  .debug_str:000000000000dfa8 .LASF2136
C:\Users\zero6575\AppData\Local\Temp\ccTn9tGc.s:14468  .debug_str:000000000000670a .LASF2137
C:\Users\zero6575\AppData\Local\Temp\ccTn9tGc.s:14466  .debug_str:00000000000066f3 .LASF2138
C:\Users\zero6575\AppData\Local\Temp\ccTn9tGc.s:16342  .debug_str:000000000000c42f .LASF2139
C:\Users\zero6575\AppData\Local\Temp\ccTn9tGc.s:16808  .debug_str:000000000000db2c .LASF2140
C:\Users\zero6575\AppData\Local\Temp\ccTn9tGc.s:12858  .debug_str:00000000000010d7 .LASF2141
C:\Users\zero6575\AppData\Local\Temp\ccTn9tGc.s:14766  .debug_str:0000000000007677 .LASF2142
C:\Users\zero6575\AppData\Local\Temp\ccTn9tGc.s:13556  .debug_str:0000000000003696 .LASF2143
C:\Users\zero6575\AppData\Local\Temp\ccTn9tGc.s:15352  .debug_str:0000000000009404 .LASF2144
C:\Users\zero6575\AppData\Local\Temp\ccTn9tGc.s:13114  .debug_str:0000000000001d42 .LASF2145
C:\Users\zero6575\AppData\Local\Temp\ccTn9tGc.s:15096  .debug_str:000000000000865b .LASF2146
C:\Users\zero6575\AppData\Local\Temp\ccTn9tGc.s:13332  .debug_str:0000000000002b4f .LASF2147
C:\Users\zero6575\AppData\Local\Temp\ccTn9tGc.s:16084  .debug_str:000000000000b847 .LASF2148
C:\Users\zero6575\AppData\Local\Temp\ccTn9tGc.s:12852  .debug_str:000000000000108c .LASF2149
C:\Users\zero6575\AppData\Local\Temp\ccTn9tGc.s:15292  .debug_str:00000000000090d1 .LASF2150
C:\Users\zero6575\AppData\Local\Temp\ccTn9tGc.s:14514  .debug_str:00000000000069eb .LASF2151
C:\Users\zero6575\AppData\Local\Temp\ccTn9tGc.s:14188  .debug_str:0000000000005990 .LASF2152
C:\Users\zero6575\AppData\Local\Temp\ccTn9tGc.s:13272  .debug_str:000000000000281a .LASF2153
C:\Users\zero6575\AppData\Local\Temp\ccTn9tGc.s:15098  .debug_str:0000000000008684 .LASF2154
C:\Users\zero6575\AppData\Local\Temp\ccTn9tGc.s:16762  .debug_str:000000000000d8ab .LASF2155
C:\Users\zero6575\AppData\Local\Temp\ccTn9tGc.s:16624  .debug_str:000000000000d1d6 .LASF2156
C:\Users\zero6575\AppData\Local\Temp\ccTn9tGc.s:14328  .debug_str:0000000000006061 .LASF2157
C:\Users\zero6575\AppData\Local\Temp\ccTn9tGc.s:12684  .debug_str:00000000000008cb .LASF2158
C:\Users\zero6575\AppData\Local\Temp\ccTn9tGc.s:13254  .debug_str:00000000000026c7 .LASF2159
C:\Users\zero6575\AppData\Local\Temp\ccTn9tGc.s:14060  .debug_str:000000000000534c .LASF2160
C:\Users\zero6575\AppData\Local\Temp\ccTn9tGc.s:14200  .debug_str:0000000000005a69 .LASF2161
C:\Users\zero6575\AppData\Local\Temp\ccTn9tGc.s:14194  .debug_str:00000000000059e9 .LASF2162
C:\Users\zero6575\AppData\Local\Temp\ccTn9tGc.s:14024  .debug_str:000000000000514a .LASF2163
C:\Users\zero6575\AppData\Local\Temp\ccTn9tGc.s:13884  .debug_str:000000000000498a .LASF2164
C:\Users\zero6575\AppData\Local\Temp\ccTn9tGc.s:15504  .debug_str:0000000000009b95 .LASF2165
C:\Users\zero6575\AppData\Local\Temp\ccTn9tGc.s:15240  .debug_str:0000000000008d8f .LASF2166
C:\Users\zero6575\AppData\Local\Temp\ccTn9tGc.s:13136  .debug_str:0000000000001e3c .LASF2167
C:\Users\zero6575\AppData\Local\Temp\ccTn9tGc.s:13836  .debug_str:000000000000456a .LASF2168
C:\Users\zero6575\AppData\Local\Temp\ccTn9tGc.s:13094  .debug_str:0000000000001c14 .LASF2169
C:\Users\zero6575\AppData\Local\Temp\ccTn9tGc.s:15314  .debug_str:0000000000009232 .LASF2170
C:\Users\zero6575\AppData\Local\Temp\ccTn9tGc.s:15220  .debug_str:0000000000008c85 .LASF2171
C:\Users\zero6575\AppData\Local\Temp\ccTn9tGc.s:16054  .debug_str:000000000000b6fb .LASF2172
C:\Users\zero6575\AppData\Local\Temp\ccTn9tGc.s:13968  .debug_str:0000000000004e33 .LASF2173
C:\Users\zero6575\AppData\Local\Temp\ccTn9tGc.s:15482  .debug_str:0000000000009a44 .LASF2174
C:\Users\zero6575\AppData\Local\Temp\ccTn9tGc.s:16424  .debug_str:000000000000c7aa .LASF2175
C:\Users\zero6575\AppData\Local\Temp\ccTn9tGc.s:16210  .debug_str:000000000000be0d .LASF2176
C:\Users\zero6575\AppData\Local\Temp\ccTn9tGc.s:15194  .debug_str:0000000000008b56 .LASF2177
C:\Users\zero6575\AppData\Local\Temp\ccTn9tGc.s:16074  .debug_str:000000000000b7c3 .LASF2178
C:\Users\zero6575\AppData\Local\Temp\ccTn9tGc.s:12534  .debug_str:0000000000000148 .LASF2179
C:\Users\zero6575\AppData\Local\Temp\ccTn9tGc.s:14564  .debug_str:0000000000006bfc .LASF2180
C:\Users\zero6575\AppData\Local\Temp\ccTn9tGc.s:17032  .debug_str:000000000000e739 .LASF2181
C:\Users\zero6575\AppData\Local\Temp\ccTn9tGc.s:16900  .debug_str:000000000000e0ff .LASF2182
C:\Users\zero6575\AppData\Local\Temp\ccTn9tGc.s:16494  .debug_str:000000000000cb01 .LASF2183
C:\Users\zero6575\AppData\Local\Temp\ccTn9tGc.s:16728  .debug_str:000000000000d6d2 .LASF2184
C:\Users\zero6575\AppData\Local\Temp\ccTn9tGc.s:13696  .debug_str:0000000000003d8e .LASF2185
C:\Users\zero6575\AppData\Local\Temp\ccTn9tGc.s:14844  .debug_str:0000000000007ac2 .LASF2186
C:\Users\zero6575\AppData\Local\Temp\ccTn9tGc.s:15422  .debug_str:0000000000009749 .LASF2187
C:\Users\zero6575\AppData\Local\Temp\ccTn9tGc.s:17108  .debug_str:000000000000eabd .LASF2188
C:\Users\zero6575\AppData\Local\Temp\ccTn9tGc.s:14930  .debug_str:0000000000007fae .LASF2189
C:\Users\zero6575\AppData\Local\Temp\ccTn9tGc.s:17094  .debug_str:000000000000ea1d .LASF2190
C:\Users\zero6575\AppData\Local\Temp\ccTn9tGc.s:14644  .debug_str:000000000000706b .LASF2191
C:\Users\zero6575\AppData\Local\Temp\ccTn9tGc.s:16162  .debug_str:000000000000bbb3 .LASF2192
C:\Users\zero6575\AppData\Local\Temp\ccTn9tGc.s:13138  .debug_str:0000000000001e55 .LASF2193
C:\Users\zero6575\AppData\Local\Temp\ccTn9tGc.s:12976  .debug_str:000000000000165e .LASF2194
C:\Users\zero6575\AppData\Local\Temp\ccTn9tGc.s:15944  .debug_str:000000000000b239 .LASF2195
C:\Users\zero6575\AppData\Local\Temp\ccTn9tGc.s:14950  .debug_str:0000000000008086 .LASF2196
C:\Users\zero6575\AppData\Local\Temp\ccTn9tGc.s:14134  .debug_str:000000000000569b .LASF2197
C:\Users\zero6575\AppData\Local\Temp\ccTn9tGc.s:15754  .debug_str:000000000000a88c .LASF2198
C:\Users\zero6575\AppData\Local\Temp\ccTn9tGc.s:15656  .debug_str:000000000000a38c .LASF2199
C:\Users\zero6575\AppData\Local\Temp\ccTn9tGc.s:15328  .debug_str:00000000000092e0 .LASF2200
C:\Users\zero6575\AppData\Local\Temp\ccTn9tGc.s:15822  .debug_str:000000000000abe5 .LASF2201
C:\Users\zero6575\AppData\Local\Temp\ccTn9tGc.s:16694  .debug_str:000000000000d553 .LASF2202
C:\Users\zero6575\AppData\Local\Temp\ccTn9tGc.s:14578  .debug_str:0000000000006cde .LASF2203
C:\Users\zero6575\AppData\Local\Temp\ccTn9tGc.s:12594  .debug_str:0000000000000410 .LASF2204
C:\Users\zero6575\AppData\Local\Temp\ccTn9tGc.s:13210  .debug_str:0000000000002465 .LASF2205
C:\Users\zero6575\AppData\Local\Temp\ccTn9tGc.s:13896  .debug_str:0000000000004a4b .LASF2206
C:\Users\zero6575\AppData\Local\Temp\ccTn9tGc.s:14638  .debug_str:0000000000006ff9 .LASF2207
C:\Users\zero6575\AppData\Local\Temp\ccTn9tGc.s:13286  .debug_str:00000000000028c9 .LASF2208
C:\Users\zero6575\AppData\Local\Temp\ccTn9tGc.s:13306  .debug_str:000000000000299f .LASF2209
C:\Users\zero6575\AppData\Local\Temp\ccTn9tGc.s:13028  .debug_str:000000000000189a .LASF2210
C:\Users\zero6575\AppData\Local\Temp\ccTn9tGc.s:14500  .debug_str:0000000000006948 .LASF2211
C:\Users\zero6575\AppData\Local\Temp\ccTn9tGc.s:15992  .debug_str:000000000000b429 .LASF2212
C:\Users\zero6575\AppData\Local\Temp\ccTn9tGc.s:12688  .debug_str:00000000000008f9 .LASF2213
C:\Users\zero6575\AppData\Local\Temp\ccTn9tGc.s:15082  .debug_str:00000000000085b8 .LASF2214
C:\Users\zero6575\AppData\Local\Temp\ccTn9tGc.s:14358  .debug_str:000000000000619d .LASF2215
C:\Users\zero6575\AppData\Local\Temp\ccTn9tGc.s:15414  .debug_str:00000000000096ee .LASF2216
C:\Users\zero6575\AppData\Local\Temp\ccTn9tGc.s:15188  .debug_str:0000000000008af6 .LASF2217
C:\Users\zero6575\AppData\Local\Temp\ccTn9tGc.s:13606  .debug_str:000000000000390d .LASF2218
C:\Users\zero6575\AppData\Local\Temp\ccTn9tGc.s:15554  .debug_str:0000000000009e4e .LASF2219
C:\Users\zero6575\AppData\Local\Temp\ccTn9tGc.s:15020  .debug_str:0000000000008360 .LASF2220
C:\Users\zero6575\AppData\Local\Temp\ccTn9tGc.s:16554  .debug_str:000000000000ce02 .LASF2221
C:\Users\zero6575\AppData\Local\Temp\ccTn9tGc.s:12600  .debug_str:0000000000000450 .LASF2222
C:\Users\zero6575\AppData\Local\Temp\ccTn9tGc.s:15390  .debug_str:00000000000095bb .LASF2354
C:\Users\zero6575\AppData\Local\Temp\ccTn9tGc.s:13692  .debug_str:0000000000003d6b .LASF2223
C:\Users\zero6575\AppData\Local\Temp\ccTn9tGc.s:14836  .debug_str:0000000000007a7c .LASF2224
C:\Users\zero6575\AppData\Local\Temp\ccTn9tGc.s:14848  .debug_str:0000000000007af9 .LASF2225
C:\Users\zero6575\AppData\Local\Temp\ccTn9tGc.s:12730  .debug_str:0000000000000a95 .LASF2226
C:\Users\zero6575\AppData\Local\Temp\ccTn9tGc.s:14386  .debug_str:0000000000006342 .LASF2227
C:\Users\zero6575\AppData\Local\Temp\ccTn9tGc.s:17002  .debug_str:000000000000e599 .LASF2228
C:\Users\zero6575\AppData\Local\Temp\ccTn9tGc.s:16564  .debug_str:000000000000ce79 .LASF2229
C:\Users\zero6575\AppData\Local\Temp\ccTn9tGc.s:13950  .debug_str:0000000000004d8c .LASF2230
C:\Users\zero6575\AppData\Local\Temp\ccTn9tGc.s:16794  .debug_str:000000000000da81 .LASF2231
C:\Users\zero6575\AppData\Local\Temp\ccTn9tGc.s:15402  .debug_str:000000000000966a .LASF2232
C:\Users\zero6575\AppData\Local\Temp\ccTn9tGc.s:14180  .debug_str:0000000000005957 .LASF2233
C:\Users\zero6575\AppData\Local\Temp\ccTn9tGc.s:17072  .debug_str:000000000000e905 .LASF2234
C:\Users\zero6575\AppData\Local\Temp\ccTn9tGc.s:15460  .debug_str:0000000000009929 .LASF2235
C:\Users\zero6575\AppData\Local\Temp\ccTn9tGc.s:15952  .debug_str:000000000000b28f .LASF2236
C:\Users\zero6575\AppData\Local\Temp\ccTn9tGc.s:16660  .debug_str:000000000000d3b9 .LASF2237
C:\Users\zero6575\AppData\Local\Temp\ccTn9tGc.s:14152  .debug_str:0000000000005756 .LASF2238
C:\Users\zero6575\AppData\Local\Temp\ccTn9tGc.s:13450  .debug_str:000000000000319a .LASF2239
C:\Users\zero6575\AppData\Local\Temp\ccTn9tGc.s:14450  .debug_str:000000000000663f .LASF2240
C:\Users\zero6575\AppData\Local\Temp\ccTn9tGc.s:12628  .debug_str:00000000000005da .LASF2241
C:\Users\zero6575\AppData\Local\Temp\ccTn9tGc.s:17214  .debug_str:000000000000efeb .LASF2242
C:\Users\zero6575\AppData\Local\Temp\ccTn9tGc.s:14540  .debug_str:0000000000006afb .LASF2243
C:\Users\zero6575\AppData\Local\Temp\ccTn9tGc.s:12962  .debug_str:00000000000015d6 .LASF2244
C:\Users\zero6575\AppData\Local\Temp\ccTn9tGc.s:14280  .debug_str:0000000000005e29 .LASF2245
C:\Users\zero6575\AppData\Local\Temp\ccTn9tGc.s:14658  .debug_str:000000000000718d .LASF2246
C:\Users\zero6575\AppData\Local\Temp\ccTn9tGc.s:14976  .debug_str:0000000000008197 .LASF2247
C:\Users\zero6575\AppData\Local\Temp\ccTn9tGc.s:12932  .debug_str:0000000000001445 .LASF2248
C:\Users\zero6575\AppData\Local\Temp\ccTn9tGc.s:13524  .debug_str:00000000000034fb .LASF2249
C:\Users\zero6575\AppData\Local\Temp\ccTn9tGc.s:16414  .debug_str:000000000000c764 .LASF2250
C:\Users\zero6575\AppData\Local\Temp\ccTn9tGc.s:13954  .debug_str:0000000000004da5 .LASF2251
C:\Users\zero6575\AppData\Local\Temp\ccTn9tGc.s:13662  .debug_str:0000000000003c55 .LASF2252
C:\Users\zero6575\AppData\Local\Temp\ccTn9tGc.s:14508  .debug_str:00000000000069ab .LASF2253
C:\Users\zero6575\AppData\Local\Temp\ccTn9tGc.s:15146  .debug_str:00000000000088bd .LASF2254
C:\Users\zero6575\AppData\Local\Temp\ccTn9tGc.s:14804  .debug_str:000000000000789c .LASF2255
C:\Users\zero6575\AppData\Local\Temp\ccTn9tGc.s:16444  .debug_str:000000000000c889 .LASF2256
C:\Users\zero6575\AppData\Local\Temp\ccTn9tGc.s:14888  .debug_str:0000000000007d4f .LASF2257
C:\Users\zero6575\AppData\Local\Temp\ccTn9tGc.s:17184  .debug_str:000000000000ee34 .LASF2258
C:\Users\zero6575\AppData\Local\Temp\ccTn9tGc.s:15772  .debug_str:000000000000a93b .LASF2259
C:\Users\zero6575\AppData\Local\Temp\ccTn9tGc.s:15904  .debug_str:000000000000b04a .LASF2260
C:\Users\zero6575\AppData\Local\Temp\ccTn9tGc.s:13348  .debug_str:0000000000002c1f .LASF2261
C:\Users\zero6575\AppData\Local\Temp\ccTn9tGc.s:15284  .debug_str:0000000000009079 .LASF2262
C:\Users\zero6575\AppData\Local\Temp\ccTn9tGc.s:16110  .debug_str:000000000000b939 .LASF2263
C:\Users\zero6575\AppData\Local\Temp\ccTn9tGc.s:15124  .debug_str:00000000000087d9 .LASF2264
C:\Users\zero6575\AppData\Local\Temp\ccTn9tGc.s:16928  .debug_str:000000000000e270 .LASF2265
C:\Users\zero6575\AppData\Local\Temp\ccTn9tGc.s:13130  .debug_str:0000000000001e18 .LASF2266
C:\Users\zero6575\AppData\Local\Temp\ccTn9tGc.s:13098  .debug_str:0000000000001c58 .LASF2267
C:\Users\zero6575\AppData\Local\Temp\ccTn9tGc.s:13864  .debug_str:00000000000046ee .LASF2268
C:\Users\zero6575\AppData\Local\Temp\ccTn9tGc.s:16428  .debug_str:000000000000c7df .LASF2269
C:\Users\zero6575\AppData\Local\Temp\ccTn9tGc.s:13962  .debug_str:0000000000004df7 .LASF2270
C:\Users\zero6575\AppData\Local\Temp\ccTn9tGc.s:14710  .debug_str:00000000000073e6 .LASF2271
C:\Users\zero6575\AppData\Local\Temp\ccTn9tGc.s:13088  .debug_str:0000000000001bde .LASF2272
C:\Users\zero6575\AppData\Local\Temp\ccTn9tGc.s:13056  .debug_str:0000000000001a36 .LASF2273
C:\Users\zero6575\AppData\Local\Temp\ccTn9tGc.s:13684  .debug_str:0000000000003d23 .LASF2274
C:\Users\zero6575\AppData\Local\Temp\ccTn9tGc.s:14786  .debug_str:00000000000077d9 .LASF2275
C:\Users\zero6575\AppData\Local\Temp\ccTn9tGc.s:15150  .debug_str:00000000000088dc .LASF2276
C:\Users\zero6575\AppData\Local\Temp\ccTn9tGc.s:13384  .debug_str:0000000000002ec9 .LASF2277
C:\Users\zero6575\AppData\Local\Temp\ccTn9tGc.s:15398  .debug_str:000000000000963f .LASF2278
C:\Users\zero6575\AppData\Local\Temp\ccTn9tGc.s:16232  .debug_str:000000000000bf1a .LASF2279
C:\Users\zero6575\AppData\Local\Temp\ccTn9tGc.s:13066  .debug_str:0000000000001a87 .LASF2280
C:\Users\zero6575\AppData\Local\Temp\ccTn9tGc.s:16784  .debug_str:000000000000d9d4 .LASF2281
C:\Users\zero6575\AppData\Local\Temp\ccTn9tGc.s:16286  .debug_str:000000000000c15a .LASF2282
C:\Users\zero6575\AppData\Local\Temp\ccTn9tGc.s:14932  .debug_str:0000000000007fc5 .LASF2283
C:\Users\zero6575\AppData\Local\Temp\ccTn9tGc.s:16758  .debug_str:000000000000d88a .LASF2284
C:\Users\zero6575\AppData\Local\Temp\ccTn9tGc.s:13388  .debug_str:0000000000002ee6 .LASF2285
C:\Users\zero6575\AppData\Local\Temp\ccTn9tGc.s:14672  .debug_str:000000000000721c .LASF2286
C:\Users\zero6575\AppData\Local\Temp\ccTn9tGc.s:12626  .debug_str:00000000000005cd .LASF2287
C:\Users\zero6575\AppData\Local\Temp\ccTn9tGc.s:15474  .debug_str:0000000000009a00 .LASF2288
C:\Users\zero6575\AppData\Local\Temp\ccTn9tGc.s:15852  .debug_str:000000000000ad1f .LASF2289
C:\Users\zero6575\AppData\Local\Temp\ccTn9tGc.s:13280  .debug_str:0000000000002882 .LASF2290
C:\Users\zero6575\AppData\Local\Temp\ccTn9tGc.s:14202  .debug_str:0000000000005a89 .LASF2291
C:\Users\zero6575\AppData\Local\Temp\ccTn9tGc.s:15940  .debug_str:000000000000b21b .LASF2292
C:\Users\zero6575\AppData\Local\Temp\ccTn9tGc.s:16528  .debug_str:000000000000ccfb .LASF2293
C:\Users\zero6575\AppData\Local\Temp\ccTn9tGc.s:16310  .debug_str:000000000000c293 .LASF2294
C:\Users\zero6575\AppData\Local\Temp\ccTn9tGc.s:16468  .debug_str:000000000000c9a4 .LASF2295
C:\Users\zero6575\AppData\Local\Temp\ccTn9tGc.s:16106  .debug_str:000000000000b92d .LASF2296
C:\Users\zero6575\AppData\Local\Temp\ccTn9tGc.s:14120  .debug_str:0000000000005613 .LASF2297
C:\Users\zero6575\AppData\Local\Temp\ccTn9tGc.s:16926  .debug_str:000000000000e25f .LASF2298
C:\Users\zero6575\AppData\Local\Temp\ccTn9tGc.s:16400  .debug_str:000000000000c6dd .LASF2299
C:\Users\zero6575\AppData\Local\Temp\ccTn9tGc.s:12812  .debug_str:0000000000000e7d .LASF2300
C:\Users\zero6575\AppData\Local\Temp\ccTn9tGc.s:13930  .debug_str:0000000000004c88 .LASF2301
C:\Users\zero6575\AppData\Local\Temp\ccTn9tGc.s:15692  .debug_str:000000000000a5a2 .LASF2302
C:\Users\zero6575\AppData\Local\Temp\ccTn9tGc.s:12814  .debug_str:0000000000000e82 .LASF2303
C:\Users\zero6575\AppData\Local\Temp\ccTn9tGc.s:16150  .debug_str:000000000000bafc .LASF2304
C:\Users\zero6575\AppData\Local\Temp\ccTn9tGc.s:16616  .debug_str:000000000000d0ef .LASF2305
C:\Users\zero6575\AppData\Local\Temp\ccTn9tGc.s:15954  .debug_str:000000000000b2ae .LASF2306
C:\Users\zero6575\AppData\Local\Temp\ccTn9tGc.s:17158  .debug_str:000000000000ed32 .LASF2307
C:\Users\zero6575\AppData\Local\Temp\ccTn9tGc.s:16976  .debug_str:000000000000e482 .LASF2308
C:\Users\zero6575\AppData\Local\Temp\ccTn9tGc.s:15436  .debug_str:00000000000097fc .LASF2309
C:\Users\zero6575\AppData\Local\Temp\ccTn9tGc.s:16416  .debug_str:000000000000c770 .LASF2310
C:\Users\zero6575\AppData\Local\Temp\ccTn9tGc.s:13932  .debug_str:0000000000004ca6 .LASF2311
C:\Users\zero6575\AppData\Local\Temp\ccTn9tGc.s:13656  .debug_str:0000000000003bfe .LASF2312
C:\Users\zero6575\AppData\Local\Temp\ccTn9tGc.s:16080  .debug_str:000000000000b81b .LASF2313
C:\Users\zero6575\AppData\Local\Temp\ccTn9tGc.s:14958  .debug_str:00000000000080ee .LASF2314
C:\Users\zero6575\AppData\Local\Temp\ccTn9tGc.s:12638  .debug_str:000000000000063e .LASF2315
C:\Users\zero6575\AppData\Local\Temp\ccTn9tGc.s:14038  .debug_str:00000000000051eb .LASF2316
C:\Users\zero6575\AppData\Local\Temp\ccTn9tGc.s:15758  .debug_str:000000000000a8c6 .LASF2317
C:\Users\zero6575\AppData\Local\Temp\ccTn9tGc.s:12718  .debug_str:0000000000000a2d .LASF2318
C:\Users\zero6575\AppData\Local\Temp\ccTn9tGc.s:15266  .debug_str:0000000000008fca .LASF2319
C:\Users\zero6575\AppData\Local\Temp\ccTn9tGc.s:17142  .debug_str:000000000000ec74 .LASF2321
C:\Users\zero6575\AppData\Local\Temp\ccTn9tGc.s:1446   .text.Analog_Output_Write_Property:0000000000000000 .LFB17
C:\Users\zero6575\AppData\Local\Temp\ccTn9tGc.s:1796   .text.Analog_Output_Write_Property:0000000000000270 .LFE17
C:\Users\zero6575\AppData\Local\Temp\ccTn9tGc.s:12842  .debug_str:0000000000001046 .LASF2323
C:\Users\zero6575\AppData\Local\Temp\ccTn9tGc.s:15090  .debug_str:0000000000008619 .LASF2320
C:\Users\zero6575\AppData\Local\Temp\ccTn9tGc.s:13484  .debug_str:0000000000003338 .LASF2322
C:\Users\zero6575\AppData\Local\Temp\ccTn9tGc.s:872    .text.Analog_Output_Read_Property:0000000000000000 .LFB16
C:\Users\zero6575\AppData\Local\Temp\ccTn9tGc.s:1439   .text.Analog_Output_Read_Property:0000000000000494 .LFE16
C:\Users\zero6575\AppData\Local\Temp\ccTn9tGc.s:16746  .debug_str:000000000000d81b .LASF2324
C:\Users\zero6575\AppData\Local\Temp\ccTn9tGc.s:14594  .debug_str:0000000000006db2 .LASF2325
C:\Users\zero6575\AppData\Local\Temp\ccTn9tGc.s:14124  .debug_str:000000000000563a .LASF2326
C:\Users\zero6575\AppData\Local\Temp\ccTn9tGc.s:16412  .debug_str:000000000000c758 .LASF2327
C:\Users\zero6575\AppData\Local\Temp\ccTn9tGc.s:16800  .debug_str:000000000000dad3 .LASF2328
C:\Users\zero6575\AppData\Local\Temp\ccTn9tGc.s:14378  .debug_str:0000000000006305 .LASF2329
C:\Users\zero6575\AppData\Local\Temp\ccTn9tGc.s:15184  .debug_str:0000000000008adf .LASF2330
C:\Users\zero6575\AppData\Local\Temp\ccTn9tGc.s:14840  .debug_str:0000000000007a9d .LASF2331
C:\Users\zero6575\AppData\Local\Temp\ccTn9tGc.s:15316  .debug_str:000000000000924b .LASF2345
C:\Users\zero6575\AppData\Local\Temp\ccTn9tGc.s:818    .text.Analog_Output_Out_Of_Service_Set:0000000000000000 .LFB15
C:\Users\zero6575\AppData\Local\Temp\ccTn9tGc.s:865    .text.Analog_Output_Out_Of_Service_Set:000000000000005c .LFE15
C:\Users\zero6575\AppData\Local\Temp\ccTn9tGc.s:16300  .debug_str:000000000000c234 .LASF2332
C:\Users\zero6575\AppData\Local\Temp\ccTn9tGc.s:13228  .debug_str:0000000000002574 .LASF2333
C:\Users\zero6575\AppData\Local\Temp\ccTn9tGc.s:14440  .debug_str:00000000000065dd .LASF2334
C:\Users\zero6575\AppData\Local\Temp\ccTn9tGc.s:763    .text.Analog_Output_Out_Of_Service:0000000000000000 .LFB14
C:\Users\zero6575\AppData\Local\Temp\ccTn9tGc.s:811    .text.Analog_Output_Out_Of_Service:000000000000005c .LFE14
C:\Users\zero6575\AppData\Local\Temp\ccTn9tGc.s:15354  .debug_str:0000000000009422 .LASF2335
C:\Users\zero6575\AppData\Local\Temp\ccTn9tGc.s:709    .text.Analog_Output_Object_Name:0000000000000000 .LFB13
C:\Users\zero6575\AppData\Local\Temp\ccTn9tGc.s:756    .text.Analog_Output_Object_Name:000000000000006a .LFE13
C:\Users\zero6575\AppData\Local\Temp\ccTn9tGc.s:17054  .debug_str:000000000000e81a .LASF2336
C:\Users\zero6575\AppData\Local\Temp\ccTn9tGc.s:15416  .debug_str:0000000000009708 .LASF2337
C:\Users\zero6575\AppData\Local\Temp\ccTn9tGc.s:12826  .debug_str:0000000000000f19 .LASF2338
C:\Users\zero6575\AppData\Local\Temp\ccTn9tGc.s:622    .text.Analog_Output_Present_Value_Relinquish:0000000000000000 .LFB12
C:\Users\zero6575\AppData\Local\Temp\ccTn9tGc.s:698    .text.Analog_Output_Present_Value_Relinquish:000000000000009c .LFE12
C:\Users\zero6575\AppData\Local\Temp\ccTn9tGc.s:16894  .debug_str:000000000000e0ac .LASF2339
C:\Users\zero6575\AppData\Local\Temp\ccTn9tGc.s:514    .text.Analog_Output_Present_Value_Set:0000000000000000 .LFB11
C:\Users\zero6575\AppData\Local\Temp\ccTn9tGc.s:615    .text.Analog_Output_Present_Value_Set:00000000000000ea .LFE11
C:\Users\zero6575\AppData\Local\Temp\ccTn9tGc.s:13128  .debug_str:0000000000001df3 .LASF2340
C:\Users\zero6575\AppData\Local\Temp\ccTn9tGc.s:426    .text.Analog_Output_Present_Value_Priority:0000000000000000 .LFB10
C:\Users\zero6575\AppData\Local\Temp\ccTn9tGc.s:504    .text.Analog_Output_Present_Value_Priority:0000000000000098 .LFE10
C:\Users\zero6575\AppData\Local\Temp\ccTn9tGc.s:15742  .debug_str:000000000000a809 .LASF2341
C:\Users\zero6575\AppData\Local\Temp\ccTn9tGc.s:329    .text.Analog_Output_Present_Value:0000000000000000 .LFB9
C:\Users\zero6575\AppData\Local\Temp\ccTn9tGc.s:419    .text.Analog_Output_Present_Value:00000000000000be .LFE9
C:\Users\zero6575\AppData\Local\Temp\ccTn9tGc.s:12516  .debug_str:0000000000000067 .LASF2342
C:\Users\zero6575\AppData\Local\Temp\ccTn9tGc.s:287    .text.Analog_Output_Instance_To_Index:0000000000000000 .LFB8
C:\Users\zero6575\AppData\Local\Temp\ccTn9tGc.s:321    .text.Analog_Output_Instance_To_Index:0000000000000034 .LFE8
C:\Users\zero6575\AppData\Local\Temp\ccTn9tGc.s:13526  .debug_str:0000000000003506 .LASF2343
C:\Users\zero6575\AppData\Local\Temp\ccTn9tGc.s:258    .text.Analog_Output_Index_To_Instance:0000000000000000 .LFB7
C:\Users\zero6575\AppData\Local\Temp\ccTn9tGc.s:280    .text.Analog_Output_Index_To_Instance:0000000000000018 .LFE7
C:\Users\zero6575\AppData\Local\Temp\ccTn9tGc.s:12752  .debug_str:0000000000000b53 .LASF2355
C:\Users\zero6575\AppData\Local\Temp\ccTn9tGc.s:231    .text.Analog_Output_Count:0000000000000000 .LFB6
C:\Users\zero6575\AppData\Local\Temp\ccTn9tGc.s:251    .text.Analog_Output_Count:0000000000000010 .LFE6
C:\Users\zero6575\AppData\Local\Temp\ccTn9tGc.s:14588  .debug_str:0000000000006d67 .LASF2344
C:\Users\zero6575\AppData\Local\Temp\ccTn9tGc.s:192    .text.Analog_Output_Valid_Instance:0000000000000000 .LFB5
C:\Users\zero6575\AppData\Local\Temp\ccTn9tGc.s:224    .text.Analog_Output_Valid_Instance:0000000000000028 .LFE5
C:\Users\zero6575\AppData\Local\Temp\ccTn9tGc.s:13408  .debug_str:0000000000002fb4 .LASF2346
C:\Users\zero6575\AppData\Local\Temp\ccTn9tGc.s:114    .text.Analog_Output_Init:0000000000000000 .LFB4
C:\Users\zero6575\AppData\Local\Temp\ccTn9tGc.s:185    .text.Analog_Output_Init:000000000000008c .LFE4
C:\Users\zero6575\AppData\Local\Temp\ccTn9tGc.s:17056  .debug_str:000000000000e826 .LASF2356
C:\Users\zero6575\AppData\Local\Temp\ccTn9tGc.s:59     .text.Analog_Output_Property_Lists:0000000000000000 .LFB3
C:\Users\zero6575\AppData\Local\Temp\ccTn9tGc.s:107    .text.Analog_Output_Property_Lists:0000000000000058 .LFE3
C:\Users\zero6575\AppData\Local\Temp\ccTn9tGc.s:16498  .debug_str:000000000000cb37 .LASF2347
C:\Users\zero6575\AppData\Local\Temp\ccTn9tGc.s:13460  .debug_str:0000000000003201 .LASF2348
C:\Users\zero6575\AppData\Local\Temp\ccTn9tGc.s:15344  .debug_str:00000000000093aa .LASF2349
C:\Users\zero6575\AppData\Local\Temp\ccTn9tGc.s:1829   .debug_info:0000000000000000 .Ldebug_info0
C:\Users\zero6575\AppData\Local\Temp\ccTn9tGc.s:9068   .debug_macro:0000000000000000 .Ldebug_macro2
C:\Users\zero6575\AppData\Local\Temp\ccTn9tGc.s:10099  .debug_macro:0000000000000000 .Ldebug_macro3
C:\Users\zero6575\AppData\Local\Temp\ccTn9tGc.s:16098  .debug_str:000000000000b8ed .LASF347
C:\Users\zero6575\AppData\Local\Temp\ccTn9tGc.s:15870  .debug_str:000000000000adf2 .LASF348
C:\Users\zero6575\AppData\Local\Temp\ccTn9tGc.s:16226  .debug_str:000000000000bed0 .LASF349
C:\Users\zero6575\AppData\Local\Temp\ccTn9tGc.s:10119  .debug_macro:0000000000000000 .Ldebug_macro4
C:\Users\zero6575\AppData\Local\Temp\ccTn9tGc.s:10139  .debug_macro:0000000000000000 .Ldebug_macro5
C:\Users\zero6575\AppData\Local\Temp\ccTn9tGc.s:10204  .debug_macro:0000000000000000 .Ldebug_macro6
C:\Users\zero6575\AppData\Local\Temp\ccTn9tGc.s:10245  .debug_macro:0000000000000000 .Ldebug_macro7
C:\Users\zero6575\AppData\Local\Temp\ccTn9tGc.s:10367  .debug_macro:0000000000000000 .Ldebug_macro8
C:\Users\zero6575\AppData\Local\Temp\ccTn9tGc.s:10423  .debug_macro:0000000000000000 .Ldebug_macro9
C:\Users\zero6575\AppData\Local\Temp\ccTn9tGc.s:14376  .debug_str:00000000000062f1 .LASF503
C:\Users\zero6575\AppData\Local\Temp\ccTn9tGc.s:15010  .debug_str:00000000000082f9 .LASF504
C:\Users\zero6575\AppData\Local\Temp\ccTn9tGc.s:13166  .debug_str:0000000000002229 .LASF505
C:\Users\zero6575\AppData\Local\Temp\ccTn9tGc.s:10635  .debug_macro:0000000000000000 .Ldebug_macro10
C:\Users\zero6575\AppData\Local\Temp\ccTn9tGc.s:15374  .debug_str:0000000000009522 .LASF516
C:\Users\zero6575\AppData\Local\Temp\ccTn9tGc.s:10670  .debug_macro:0000000000000000 .Ldebug_macro11
C:\Users\zero6575\AppData\Local\Temp\ccTn9tGc.s:10684  .debug_macro:0000000000000000 .Ldebug_macro12
C:\Users\zero6575\AppData\Local\Temp\ccTn9tGc.s:10713  .debug_macro:0000000000000000 .Ldebug_macro13
C:\Users\zero6575\AppData\Local\Temp\ccTn9tGc.s:10742  .debug_macro:0000000000000000 .Ldebug_macro14
C:\Users\zero6575\AppData\Local\Temp\ccTn9tGc.s:15730  .debug_str:000000000000a780 .LASF539
C:\Users\zero6575\AppData\Local\Temp\ccTn9tGc.s:10756  .debug_macro:0000000000000000 .Ldebug_macro15
C:\Users\zero6575\AppData\Local\Temp\ccTn9tGc.s:10824  .debug_macro:0000000000000000 .Ldebug_macro16
C:\Users\zero6575\AppData\Local\Temp\ccTn9tGc.s:11192  .debug_macro:0000000000000000 .Ldebug_macro17
C:\Users\zero6575\AppData\Local\Temp\ccTn9tGc.s:15178  .debug_str:0000000000008a9e .LASF714
C:\Users\zero6575\AppData\Local\Temp\ccTn9tGc.s:11305  .debug_macro:0000000000000000 .Ldebug_macro18
C:\Users\zero6575\AppData\Local\Temp\ccTn9tGc.s:15334  .debug_str:000000000000934a .LASF717
C:\Users\zero6575\AppData\Local\Temp\ccTn9tGc.s:13654  .debug_str:0000000000003bef .LASF718
C:\Users\zero6575\AppData\Local\Temp\ccTn9tGc.s:11316  .debug_macro:0000000000000000 .Ldebug_macro19
C:\Users\zero6575\AppData\Local\Temp\ccTn9tGc.s:11330  .debug_macro:0000000000000000 .Ldebug_macro20
C:\Users\zero6575\AppData\Local\Temp\ccTn9tGc.s:17126  .debug_str:000000000000ebbc .LASF723
C:\Users\zero6575\AppData\Local\Temp\ccTn9tGc.s:11362  .debug_macro:0000000000000000 .Ldebug_macro21
C:\Users\zero6575\AppData\Local\Temp\ccTn9tGc.s:11388  .debug_macro:0000000000000000 .Ldebug_macro22
C:\Users\zero6575\AppData\Local\Temp\ccTn9tGc.s:11399  .debug_macro:0000000000000000 .Ldebug_macro23
C:\Users\zero6575\AppData\Local\Temp\ccTn9tGc.s:11443  .debug_macro:0000000000000000 .Ldebug_macro24
C:\Users\zero6575\AppData\Local\Temp\ccTn9tGc.s:11622  .debug_macro:0000000000000000 .Ldebug_macro25
C:\Users\zero6575\AppData\Local\Temp\ccTn9tGc.s:15658  .debug_str:000000000000a3a7 .LASF805
C:\Users\zero6575\AppData\Local\Temp\ccTn9tGc.s:11633  .debug_macro:0000000000000000 .Ldebug_macro26
C:\Users\zero6575\AppData\Local\Temp\ccTn9tGc.s:11650  .debug_macro:0000000000000000 .Ldebug_macro27
C:\Users\zero6575\AppData\Local\Temp\ccTn9tGc.s:17058  .debug_str:000000000000e843 .LASF823
C:\Users\zero6575\AppData\Local\Temp\ccTn9tGc.s:16842  .debug_str:000000000000dd22 .LASF824
C:\Users\zero6575\AppData\Local\Temp\ccTn9tGc.s:11694  .debug_macro:0000000000000000 .Ldebug_macro28
C:\Users\zero6575\AppData\Local\Temp\ccTn9tGc.s:14992  .debug_str:0000000000008221 .LASF835
C:\Users\zero6575\AppData\Local\Temp\ccTn9tGc.s:14288  .debug_str:0000000000005e88 .LASF836
C:\Users\zero6575\AppData\Local\Temp\ccTn9tGc.s:11729  .debug_macro:0000000000000000 .Ldebug_macro29
C:\Users\zero6575\AppData\Local\Temp\ccTn9tGc.s:11740  .debug_macro:0000000000000000 .Ldebug_macro30
C:\Users\zero6575\AppData\Local\Temp\ccTn9tGc.s:11775  .debug_macro:0000000000000000 .Ldebug_macro31
C:\Users\zero6575\AppData\Local\Temp\ccTn9tGc.s:15948  .debug_str:000000000000b264 .LASF881
C:\Users\zero6575\AppData\Local\Temp\ccTn9tGc.s:11876  .debug_macro:0000000000000000 .Ldebug_macro32
C:\Users\zero6575\AppData\Local\Temp\ccTn9tGc.s:11893  .debug_macro:0000000000000000 .Ldebug_macro33
C:\Users\zero6575\AppData\Local\Temp\ccTn9tGc.s:15484  .debug_str:0000000000009a68 .LASF895
C:\Users\zero6575\AppData\Local\Temp\ccTn9tGc.s:14604  .debug_str:0000000000006e65 .LASF896
C:\Users\zero6575\AppData\Local\Temp\ccTn9tGc.s:11925  .debug_macro:0000000000000000 .Ldebug_macro34
C:\Users\zero6575\AppData\Local\Temp\ccTn9tGc.s:11939  .debug_macro:0000000000000000 .Ldebug_macro35
C:\Users\zero6575\AppData\Local\Temp\ccTn9tGc.s:12882  .debug_str:00000000000011d5 .LASF949
C:\Users\zero6575\AppData\Local\Temp\ccTn9tGc.s:15818  .debug_str:000000000000abb1 .LASF950
C:\Users\zero6575\AppData\Local\Temp\ccTn9tGc.s:12091  .debug_macro:0000000000000000 .Ldebug_macro36
C:\Users\zero6575\AppData\Local\Temp\ccTn9tGc.s:12216  .debug_macro:0000000000000000 .Ldebug_macro37
C:\Users\zero6575\AppData\Local\Temp\ccTn9tGc.s:15720  .debug_str:000000000000a725 .LASF1015
C:\Users\zero6575\AppData\Local\Temp\ccTn9tGc.s:16814  .debug_str:000000000000dba1 .LASF1016
C:\Users\zero6575\AppData\Local\Temp\ccTn9tGc.s:12584  .debug_str:00000000000003a0 .LASF1017
C:\Users\zero6575\AppData\Local\Temp\ccTn9tGc.s:16696  .debug_str:000000000000d576 .LASF1018
C:\Users\zero6575\AppData\Local\Temp\ccTn9tGc.s:16114  .debug_str:000000000000b962 .LASF1019
C:\Users\zero6575\AppData\Local\Temp\ccTn9tGc.s:12293  .debug_macro:0000000000000000 .Ldebug_macro38
C:\Users\zero6575\AppData\Local\Temp\ccTn9tGc.s:12427  .debug_macro:0000000000000000 .Ldebug_macro39
C:\Users\zero6575\AppData\Local\Temp\ccTn9tGc.s:14244  .debug_str:0000000000005c95 .LASF1068
C:\Users\zero6575\AppData\Local\Temp\ccTn9tGc.s:16868  .debug_str:000000000000df0b .LASF1069
C:\Users\zero6575\AppData\Local\Temp\ccTn9tGc.s:17182  .debug_str:000000000000ee1e .LASF1070
C:\Users\zero6575\AppData\Local\Temp\ccTn9tGc.s:12447  .debug_macro:0000000000000000 .Ldebug_macro40
C:\Users\zero6575\AppData\Local\Temp\ccTn9tGc.s:13720  .debug_str:0000000000003f0c .LASF1073
C:\Users\zero6575\AppData\Local\Temp\ccTn9tGc.s:15476  .debug_str:0000000000009a11 .LASF1074
C:\Users\zero6575\AppData\Local\Temp\ccTn9tGc.s:15340  .debug_str:000000000000938c .LASF1075
C:\Users\zero6575\AppData\Local\Temp\ccTn9tGc.s:15164  .debug_str:0000000000008973 .LASF1076
C:\Users\zero6575\AppData\Local\Temp\ccTn9tGc.s:15930  .debug_str:000000000000b160 .LASF1077
C:\Users\zero6575\AppData\Local\Temp\ccTn9tGc.s:16128  .debug_str:000000000000ba07 .LASF1078
C:\Users\zero6575\AppData\Local\Temp\ccTn9tGc.s:16038  .debug_str:000000000000b667 .LASF1079
C:\Users\zero6575\AppData\Local\Temp\ccTn9tGc.s:12458  .debug_macro:0000000000000000 .Ldebug_macro41
C:\Users\zero6575\AppData\Local\Temp\ccTn9tGc.s:12588  .debug_str:00000000000003c2 .LASF1083
C:\Users\zero6575\AppData\Local\Temp\ccTn9tGc.s:13162  .debug_str:000000000000220d .LASF1084
C:\Users\zero6575\AppData\Local\Temp\ccTn9tGc.s:14452  .debug_str:0000000000006648 .LASF1085
C:\Users\zero6575\AppData\Local\Temp\ccTn9tGc.s:12472  .debug_macro:0000000000000000 .Ldebug_macro42
C:\Users\zero6575\AppData\Local\Temp\ccTn9tGc.s:14410  .debug_str:000000000000645f .LASF1095
C:\Users\zero6575\AppData\Local\Temp\ccTn9tGc.s:16446  .debug_str:000000000000c890 .LASF1096
C:\Users\zero6575\AppData\Local\Temp\ccTn9tGc.s:13814  .debug_str:000000000000443e .LASF1097
C:\Users\zero6575\AppData\Local\Temp\ccTn9tGc.s:14318  .debug_str:0000000000005fed .LASF1098
C:\Users\zero6575\AppData\Local\Temp\ccTn9tGc.s:16604  .debug_str:000000000000d064 .LASF1099
C:\Users\zero6575\AppData\Local\Temp\ccTn9tGc.s:15566  .debug_str:0000000000009ef6 .LASF1100
C:\Users\zero6575\AppData\Local\Temp\ccTn9tGc.s:14602  .debug_str:0000000000006e50 .LASF1101
C:\Users\zero6575\AppData\Local\Temp\ccTn9tGc.s:12794  .debug_str:0000000000000d66 .LASF1102
C:\Users\zero6575\AppData\Local\Temp\ccTn9tGc.s:13404  .debug_str:0000000000002f5f .LASF1103
C:\Users\zero6575\AppData\Local\Temp\ccTn9tGc.s:12624  .debug_str:00000000000005c2 .LASF0
C:\Users\zero6575\AppData\Local\Temp\ccTn9tGc.s:16666  .debug_str:000000000000d42b .LASF1
C:\Users\zero6575\AppData\Local\Temp\ccTn9tGc.s:14474  .debug_str:000000000000676e .LASF2
C:\Users\zero6575\AppData\Local\Temp\ccTn9tGc.s:13120  .debug_str:0000000000001da7 .LASF3
C:\Users\zero6575\AppData\Local\Temp\ccTn9tGc.s:15342  .debug_str:0000000000009398 .LASF4
C:\Users\zero6575\AppData\Local\Temp\ccTn9tGc.s:17170  .debug_str:000000000000edaa .LASF5
C:\Users\zero6575\AppData\Local\Temp\ccTn9tGc.s:17132  .debug_str:000000000000ebf8 .LASF6
C:\Users\zero6575\AppData\Local\Temp\ccTn9tGc.s:12942  .debug_str:00000000000014cc .LASF7
C:\Users\zero6575\AppData\Local\Temp\ccTn9tGc.s:16134  .debug_str:000000000000ba41 .LASF8
C:\Users\zero6575\AppData\Local\Temp\ccTn9tGc.s:14524  .debug_str:0000000000006a5b .LASF9
C:\Users\zero6575\AppData\Local\Temp\ccTn9tGc.s:13252  .debug_str:00000000000026b4 .LASF10
C:\Users\zero6575\AppData\Local\Temp\ccTn9tGc.s:14770  .debug_str:00000000000076ac .LASF11
C:\Users\zero6575\AppData\Local\Temp\ccTn9tGc.s:16752  .debug_str:000000000000d84f .LASF12
C:\Users\zero6575\AppData\Local\Temp\ccTn9tGc.s:16272  .debug_str:000000000000c0b5 .LASF13
C:\Users\zero6575\AppData\Local\Temp\ccTn9tGc.s:16536  .debug_str:000000000000cd48 .LASF14
C:\Users\zero6575\AppData\Local\Temp\ccTn9tGc.s:15968  .debug_str:000000000000b323 .LASF15
C:\Users\zero6575\AppData\Local\Temp\ccTn9tGc.s:17034  .debug_str:000000000000e755 .LASF16
C:\Users\zero6575\AppData\Local\Temp\ccTn9tGc.s:15882  .debug_str:000000000000ae9a .LASF17
C:\Users\zero6575\AppData\Local\Temp\ccTn9tGc.s:12968  .debug_str:0000000000001604 .LASF18
C:\Users\zero6575\AppData\Local\Temp\ccTn9tGc.s:15824  .debug_str:000000000000ac00 .LASF19
C:\Users\zero6575\AppData\Local\Temp\ccTn9tGc.s:13804  .debug_str:0000000000004393 .LASF20
C:\Users\zero6575\AppData\Local\Temp\ccTn9tGc.s:12558  .debug_str:0000000000000246 .LASF21
C:\Users\zero6575\AppData\Local\Temp\ccTn9tGc.s:17000  .debug_str:000000000000e586 .LASF22
C:\Users\zero6575\AppData\Local\Temp\ccTn9tGc.s:16154  .debug_str:000000000000bb1a .LASF23
C:\Users\zero6575\AppData\Local\Temp\ccTn9tGc.s:16938  .debug_str:000000000000e2d7 .LASF24
C:\Users\zero6575\AppData\Local\Temp\ccTn9tGc.s:14854  .debug_str:0000000000007b4b .LASF25
C:\Users\zero6575\AppData\Local\Temp\ccTn9tGc.s:13226  .debug_str:0000000000002565 .LASF26
C:\Users\zero6575\AppData\Local\Temp\ccTn9tGc.s:12990  .debug_str:00000000000016fe .LASF27
C:\Users\zero6575\AppData\Local\Temp\ccTn9tGc.s:13660  .debug_str:0000000000003c38 .LASF28
C:\Users\zero6575\AppData\Local\Temp\ccTn9tGc.s:15848  .debug_str:000000000000acf1 .LASF29
C:\Users\zero6575\AppData\Local\Temp\ccTn9tGc.s:14412  .debug_str:000000000000646b .LASF30
C:\Users\zero6575\AppData\Local\Temp\ccTn9tGc.s:13304  .debug_str:0000000000002978 .LASF31
C:\Users\zero6575\AppData\Local\Temp\ccTn9tGc.s:16090  .debug_str:000000000000b8a1 .LASF32
C:\Users\zero6575\AppData\Local\Temp\ccTn9tGc.s:15538  .debug_str:0000000000009d73 .LASF33
C:\Users\zero6575\AppData\Local\Temp\ccTn9tGc.s:16936  .debug_str:000000000000e2b7 .LASF34
C:\Users\zero6575\AppData\Local\Temp\ccTn9tGc.s:17188  .debug_str:000000000000ee58 .LASF35
C:\Users\zero6575\AppData\Local\Temp\ccTn9tGc.s:12614  .debug_str:00000000000004fa .LASF36
C:\Users\zero6575\AppData\Local\Temp\ccTn9tGc.s:13854  .debug_str:0000000000004675 .LASF37
C:\Users\zero6575\AppData\Local\Temp\ccTn9tGc.s:16526  .debug_str:000000000000cce2 .LASF38
C:\Users\zero6575\AppData\Local\Temp\ccTn9tGc.s:14046  .debug_str:0000000000005299 .LASF39
C:\Users\zero6575\AppData\Local\Temp\ccTn9tGc.s:17050  .debug_str:000000000000e7e7 .LASF40
C:\Users\zero6575\AppData\Local\Temp\ccTn9tGc.s:15550  .debug_str:0000000000009e12 .LASF41
C:\Users\zero6575\AppData\Local\Temp\ccTn9tGc.s:12984  .debug_str:00000000000016b8 .LASF42
C:\Users\zero6575\AppData\Local\Temp\ccTn9tGc.s:16546  .debug_str:000000000000cdb0 .LASF43
C:\Users\zero6575\AppData\Local\Temp\ccTn9tGc.s:14138  .debug_str:00000000000056c0 .LASF44
C:\Users\zero6575\AppData\Local\Temp\ccTn9tGc.s:16970  .debug_str:000000000000e448 .LASF45
C:\Users\zero6575\AppData\Local\Temp\ccTn9tGc.s:15384  .debug_str:0000000000009584 .LASF46
C:\Users\zero6575\AppData\Local\Temp\ccTn9tGc.s:15996  .debug_str:000000000000b467 .LASF47
C:\Users\zero6575\AppData\Local\Temp\ccTn9tGc.s:15132  .debug_str:000000000000881c .LASF48
C:\Users\zero6575\AppData\Local\Temp\ccTn9tGc.s:14928  .debug_str:0000000000007f91 .LASF49
C:\Users\zero6575\AppData\Local\Temp\ccTn9tGc.s:14068  .debug_str:00000000000053c4 .LASF50
C:\Users\zero6575\AppData\Local\Temp\ccTn9tGc.s:14732  .debug_str:00000000000074e8 .LASF51
C:\Users\zero6575\AppData\Local\Temp\ccTn9tGc.s:14388  .debug_str:000000000000635a .LASF52
C:\Users\zero6575\AppData\Local\Temp\ccTn9tGc.s:16576  .debug_str:000000000000cf1e .LASF53
C:\Users\zero6575\AppData\Local\Temp\ccTn9tGc.s:15560  .debug_str:0000000000009e79 .LASF54
C:\Users\zero6575\AppData\Local\Temp\ccTn9tGc.s:17024  .debug_str:000000000000e6ba .LASF55
C:\Users\zero6575\AppData\Local\Temp\ccTn9tGc.s:13818  .debug_str:0000000000004476 .LASF56
C:\Users\zero6575\AppData\Local\Temp\ccTn9tGc.s:14158  .debug_str:00000000000057c6 .LASF57
C:\Users\zero6575\AppData\Local\Temp\ccTn9tGc.s:16254  .debug_str:000000000000bfce .LASF58
C:\Users\zero6575\AppData\Local\Temp\ccTn9tGc.s:15320  .debug_str:0000000000009285 .LASF59
C:\Users\zero6575\AppData\Local\Temp\ccTn9tGc.s:14668  .debug_str:00000000000071eb .LASF60
C:\Users\zero6575\AppData\Local\Temp\ccTn9tGc.s:16324  .debug_str:000000000000c34f .LASF61
C:\Users\zero6575\AppData\Local\Temp\ccTn9tGc.s:15806  .debug_str:000000000000aafd .LASF62
C:\Users\zero6575\AppData\Local\Temp\ccTn9tGc.s:13278  .debug_str:0000000000002861 .LASF63
C:\Users\zero6575\AppData\Local\Temp\ccTn9tGc.s:12956  .debug_str:0000000000001582 .LASF64
C:\Users\zero6575\AppData\Local\Temp\ccTn9tGc.s:15478  .debug_str:0000000000009a17 .LASF65
C:\Users\zero6575\AppData\Local\Temp\ccTn9tGc.s:14760  .debug_str:000000000000762e .LASF66
C:\Users\zero6575\AppData\Local\Temp\ccTn9tGc.s:12908  .debug_str:0000000000001326 .LASF67
C:\Users\zero6575\AppData\Local\Temp\ccTn9tGc.s:13074  .debug_str:0000000000001af2 .LASF68
C:\Users\zero6575\AppData\Local\Temp\ccTn9tGc.s:14350  .debug_str:000000000000614d .LASF69
C:\Users\zero6575\AppData\Local\Temp\ccTn9tGc.s:15120  .debug_str:0000000000008781 .LASF70
C:\Users\zero6575\AppData\Local\Temp\ccTn9tGc.s:14730  .debug_str:00000000000074d1 .LASF71
C:\Users\zero6575\AppData\Local\Temp\ccTn9tGc.s:13038  .debug_str:000000000000193f .LASF72
C:\Users\zero6575\AppData\Local\Temp\ccTn9tGc.s:12754  .debug_str:0000000000000b67 .LASF73
C:\Users\zero6575\AppData\Local\Temp\ccTn9tGc.s:14724  .debug_str:000000000000749b .LASF74
C:\Users\zero6575\AppData\Local\Temp\ccTn9tGc.s:13270  .debug_str:00000000000027f9 .LASF75
C:\Users\zero6575\AppData\Local\Temp\ccTn9tGc.s:15588  .debug_str:0000000000009fd2 .LASF76
C:\Users\zero6575\AppData\Local\Temp\ccTn9tGc.s:15576  .debug_str:0000000000009f5c .LASF77
C:\Users\zero6575\AppData\Local\Temp\ccTn9tGc.s:13506  .debug_str:0000000000003427 .LASF78
C:\Users\zero6575\AppData\Local\Temp\ccTn9tGc.s:13554  .debug_str:000000000000367d .LASF79
C:\Users\zero6575\AppData\Local\Temp\ccTn9tGc.s:14762  .debug_str:0000000000007655 .LASF80
C:\Users\zero6575\AppData\Local\Temp\ccTn9tGc.s:12608  .debug_str:00000000000004ba .LASF81
C:\Users\zero6575\AppData\Local\Temp\ccTn9tGc.s:13084  .debug_str:0000000000001bae .LASF82
C:\Users\zero6575\AppData\Local\Temp\ccTn9tGc.s:12602  .debug_str:0000000000000462 .LASF83
C:\Users\zero6575\AppData\Local\Temp\ccTn9tGc.s:15508  .debug_str:0000000000009bce .LASF84
C:\Users\zero6575\AppData\Local\Temp\ccTn9tGc.s:13810  .debug_str:000000000000441d .LASF85
C:\Users\zero6575\AppData\Local\Temp\ccTn9tGc.s:13664  .debug_str:0000000000003c5f .LASF86
C:\Users\zero6575\AppData\Local\Temp\ccTn9tGc.s:15654  .debug_str:000000000000a375 .LASF87
C:\Users\zero6575\AppData\Local\Temp\ccTn9tGc.s:15430  .debug_str:0000000000009792 .LASF88
C:\Users\zero6575\AppData\Local\Temp\ccTn9tGc.s:14456  .debug_str:000000000000666c .LASF89
C:\Users\zero6575\AppData\Local\Temp\ccTn9tGc.s:13746  .debug_str:0000000000004059 .LASF90
C:\Users\zero6575\AppData\Local\Temp\ccTn9tGc.s:13940  .debug_str:0000000000004d0d .LASF91
C:\Users\zero6575\AppData\Local\Temp\ccTn9tGc.s:16806  .debug_str:000000000000db09 .LASF92
C:\Users\zero6575\AppData\Local\Temp\ccTn9tGc.s:13302  .debug_str:0000000000002963 .LASF93
C:\Users\zero6575\AppData\Local\Temp\ccTn9tGc.s:15370  .debug_str:00000000000094df .LASF94
C:\Users\zero6575\AppData\Local\Temp\ccTn9tGc.s:14082  .debug_str:000000000000548a .LASF95
C:\Users\zero6575\AppData\Local\Temp\ccTn9tGc.s:14492  .debug_str:00000000000068d8 .LASF96
C:\Users\zero6575\AppData\Local\Temp\ccTn9tGc.s:13722  .debug_str:0000000000003f1d .LASF97
C:\Users\zero6575\AppData\Local\Temp\ccTn9tGc.s:14698  .debug_str:0000000000007360 .LASF98
C:\Users\zero6575\AppData\Local\Temp\ccTn9tGc.s:15794  .debug_str:000000000000aa48 .LASF99
C:\Users\zero6575\AppData\Local\Temp\ccTn9tGc.s:14764  .debug_str:0000000000007665 .LASF100
C:\Users\zero6575\AppData\Local\Temp\ccTn9tGc.s:13420  .debug_str:0000000000003025 .LASF101
C:\Users\zero6575\AppData\Local\Temp\ccTn9tGc.s:12938  .debug_str:0000000000001474 .LASF102
C:\Users\zero6575\AppData\Local\Temp\ccTn9tGc.s:14654  .debug_str:0000000000007156 .LASF103
C:\Users\zero6575\AppData\Local\Temp\ccTn9tGc.s:14370  .debug_str:000000000000628f .LASF104
C:\Users\zero6575\AppData\Local\Temp\ccTn9tGc.s:12528  .debug_str:0000000000000108 .LASF105
C:\Users\zero6575\AppData\Local\Temp\ccTn9tGc.s:14542  .debug_str:0000000000006b00 .LASF106
C:\Users\zero6575\AppData\Local\Temp\ccTn9tGc.s:13214  .debug_str:00000000000024c9 .LASF107
C:\Users\zero6575\AppData\Local\Temp\ccTn9tGc.s:17202  .debug_str:000000000000ef0c .LASF108
C:\Users\zero6575\AppData\Local\Temp\ccTn9tGc.s:13216  .debug_str:00000000000024ed .LASF109
C:\Users\zero6575\AppData\Local\Temp\ccTn9tGc.s:14662  .debug_str:00000000000071a7 .LASF110
C:\Users\zero6575\AppData\Local\Temp\ccTn9tGc.s:13122  .debug_str:0000000000001db9 .LASF111
C:\Users\zero6575\AppData\Local\Temp\ccTn9tGc.s:14116  .debug_str:00000000000055f3 .LASF112
C:\Users\zero6575\AppData\Local\Temp\ccTn9tGc.s:12872  .debug_str:0000000000001160 .LASF113
C:\Users\zero6575\AppData\Local\Temp\ccTn9tGc.s:15362  .debug_str:000000000000948f .LASF114
C:\Users\zero6575\AppData\Local\Temp\ccTn9tGc.s:13978  .debug_str:0000000000004ee4 .LASF115
C:\Users\zero6575\AppData\Local\Temp\ccTn9tGc.s:14678  .debug_str:0000000000007257 .LASF116
C:\Users\zero6575\AppData\Local\Temp\ccTn9tGc.s:14498  .debug_str:0000000000006920 .LASF117
C:\Users\zero6575\AppData\Local\Temp\ccTn9tGc.s:17204  .debug_str:000000000000ef24 .LASF118
C:\Users\zero6575\AppData\Local\Temp\ccTn9tGc.s:14504  .debug_str:000000000000697a .LASF119
C:\Users\zero6575\AppData\Local\Temp\ccTn9tGc.s:17192  .debug_str:000000000000ee9a .LASF120
C:\Users\zero6575\AppData\Local\Temp\ccTn9tGc.s:13604  .debug_str:00000000000038fe .LASF121
C:\Users\zero6575\AppData\Local\Temp\ccTn9tGc.s:15196  .debug_str:0000000000008b73 .LASF122
C:\Users\zero6575\AppData\Local\Temp\ccTn9tGc.s:13014  .debug_str:000000000000181a .LASF123
C:\Users\zero6575\AppData\Local\Temp\ccTn9tGc.s:13382  .debug_str:0000000000002ea8 .LASF124
C:\Users\zero6575\AppData\Local\Temp\ccTn9tGc.s:15746  .debug_str:000000000000a836 .LASF125
C:\Users\zero6575\AppData\Local\Temp\ccTn9tGc.s:15604  .debug_str:000000000000a099 .LASF126
C:\Users\zero6575\AppData\Local\Temp\ccTn9tGc.s:17006  .debug_str:000000000000e5cd .LASF127
C:\Users\zero6575\AppData\Local\Temp\ccTn9tGc.s:13418  .debug_str:0000000000003008 .LASF128
C:\Users\zero6575\AppData\Local\Temp\ccTn9tGc.s:16228  .debug_str:000000000000bee1 .LASF129
C:\Users\zero6575\AppData\Local\Temp\ccTn9tGc.s:12552  .debug_str:0000000000000210 .LASF130
C:\Users\zero6575\AppData\Local\Temp\ccTn9tGc.s:12762  .debug_str:0000000000000bd1 .LASF131
C:\Users\zero6575\AppData\Local\Temp\ccTn9tGc.s:13498  .debug_str:00000000000033d7 .LASF132
C:\Users\zero6575\AppData\Local\Temp\ccTn9tGc.s:16748  .debug_str:000000000000d822 .LASF133
C:\Users\zero6575\AppData\Local\Temp\ccTn9tGc.s:13494  .debug_str:00000000000033a8 .LASF134
C:\Users\zero6575\AppData\Local\Temp\ccTn9tGc.s:13338  .debug_str:0000000000002ba7 .LASF135
C:\Users\zero6575\AppData\Local\Temp\ccTn9tGc.s:14178  .debug_str:0000000000005938 .LASF136
C:\Users\zero6575\AppData\Local\Temp\ccTn9tGc.s:14808  .debug_str:00000000000078c7 .LASF137
C:\Users\zero6575\AppData\Local\Temp\ccTn9tGc.s:16156  .debug_str:000000000000bb2e .LASF138
C:\Users\zero6575\AppData\Local\Temp\ccTn9tGc.s:12888  .debug_str:0000000000001216 .LASF139
C:\Users\zero6575\AppData\Local\Temp\ccTn9tGc.s:13538  .debug_str:00000000000035c2 .LASF140
C:\Users\zero6575\AppData\Local\Temp\ccTn9tGc.s:15898  .debug_str:000000000000af7a .LASF141
C:\Users\zero6575\AppData\Local\Temp\ccTn9tGc.s:15634  .debug_str:000000000000a220 .LASF142
C:\Users\zero6575\AppData\Local\Temp\ccTn9tGc.s:14580  .debug_str:0000000000006d05 .LASF143
C:\Users\zero6575\AppData\Local\Temp\ccTn9tGc.s:13334  .debug_str:0000000000002b74 .LASF144
C:\Users\zero6575\AppData\Local\Temp\ccTn9tGc.s:14758  .debug_str:0000000000007618 .LASF145
C:\Users\zero6575\AppData\Local\Temp\ccTn9tGc.s:16140  .debug_str:000000000000ba75 .LASF146
C:\Users\zero6575\AppData\Local\Temp\ccTn9tGc.s:16880  .debug_str:000000000000df92 .LASF147
C:\Users\zero6575\AppData\Local\Temp\ccTn9tGc.s:13976  .debug_str:0000000000004ed4 .LASF148
C:\Users\zero6575\AppData\Local\Temp\ccTn9tGc.s:13888  .debug_str:00000000000049b1 .LASF149
C:\Users\zero6575\AppData\Local\Temp\ccTn9tGc.s:12918  .debug_str:00000000000013aa .LASF150
C:\Users\zero6575\AppData\Local\Temp\ccTn9tGc.s:13958  .debug_str:0000000000004dc8 .LASF151
C:\Users\zero6575\AppData\Local\Temp\ccTn9tGc.s:16104  .debug_str:000000000000b914 .LASF152
C:\Users\zero6575\AppData\Local\Temp\ccTn9tGc.s:13246  .debug_str:0000000000002659 .LASF153
C:\Users\zero6575\AppData\Local\Temp\ccTn9tGc.s:12568  .debug_str:00000000000002cc .LASF154
C:\Users\zero6575\AppData\Local\Temp\ccTn9tGc.s:15918  .debug_str:000000000000b0f8 .LASF155
C:\Users\zero6575\AppData\Local\Temp\ccTn9tGc.s:15652  .debug_str:000000000000a33e .LASF156
C:\Users\zero6575\AppData\Local\Temp\ccTn9tGc.s:14830  .debug_str:0000000000007a05 .LASF157
C:\Users\zero6575\AppData\Local\Temp\ccTn9tGc.s:16866  .debug_str:000000000000ded1 .LASF158
C:\Users\zero6575\AppData\Local\Temp\ccTn9tGc.s:16860  .debug_str:000000000000de02 .LASF159
C:\Users\zero6575\AppData\Local\Temp\ccTn9tGc.s:16958  .debug_str:000000000000e3cd .LASF160
C:\Users\zero6575\AppData\Local\Temp\ccTn9tGc.s:13598  .debug_str:00000000000038b6 .LASF161
C:\Users\zero6575\AppData\Local\Temp\ccTn9tGc.s:13642  .debug_str:0000000000003b30 .LASF162
C:\Users\zero6575\AppData\Local\Temp\ccTn9tGc.s:16968  .debug_str:000000000000e434 .LASF163
C:\Users\zero6575\AppData\Local\Temp\ccTn9tGc.s:16388  .debug_str:000000000000c63f .LASF164
C:\Users\zero6575\AppData\Local\Temp\ccTn9tGc.s:16628  .debug_str:000000000000d209 .LASF165
C:\Users\zero6575\AppData\Local\Temp\ccTn9tGc.s:13456  .debug_str:00000000000031cf .LASF166
C:\Users\zero6575\AppData\Local\Temp\ccTn9tGc.s:13690  .debug_str:0000000000003d56 .LASF167
C:\Users\zero6575\AppData\Local\Temp\ccTn9tGc.s:12656  .debug_str:000000000000071e .LASF168
C:\Users\zero6575\AppData\Local\Temp\ccTn9tGc.s:13802  .debug_str:000000000000437c .LASF169
C:\Users\zero6575\AppData\Local\Temp\ccTn9tGc.s:16828  .debug_str:000000000000dc54 .LASF170
C:\Users\zero6575\AppData\Local\Temp\ccTn9tGc.s:12676  .debug_str:0000000000000827 .LASF171
C:\Users\zero6575\AppData\Local\Temp\ccTn9tGc.s:13078  .debug_str:0000000000001b22 .LASF172
C:\Users\zero6575\AppData\Local\Temp\ccTn9tGc.s:14574  .debug_str:0000000000006c89 .LASF173
C:\Users\zero6575\AppData\Local\Temp\ccTn9tGc.s:15378  .debug_str:000000000000954b .LASF174
C:\Users\zero6575\AppData\Local\Temp\ccTn9tGc.s:12886  .debug_str:00000000000011ff .LASF175
C:\Users\zero6575\AppData\Local\Temp\ccTn9tGc.s:16848  .debug_str:000000000000dd8c .LASF176
C:\Users\zero6575\AppData\Local\Temp\ccTn9tGc.s:17020  .debug_str:000000000000e68a .LASF177
C:\Users\zero6575\AppData\Local\Temp\ccTn9tGc.s:12838  .debug_str:000000000000101f .LASF178
C:\Users\zero6575\AppData\Local\Temp\ccTn9tGc.s:14300  .debug_str:0000000000005f01 .LASF179
C:\Users\zero6575\AppData\Local\Temp\ccTn9tGc.s:17028  .debug_str:000000000000e6f5 .LASF180
C:\Users\zero6575\AppData\Local\Temp\ccTn9tGc.s:14006  .debug_str:0000000000004fe2 .LASF181
C:\Users\zero6575\AppData\Local\Temp\ccTn9tGc.s:12652  .debug_str:00000000000006f6 .LASF182
C:\Users\zero6575\AppData\Local\Temp\ccTn9tGc.s:13454  .debug_str:00000000000031bc .LASF183
C:\Users\zero6575\AppData\Local\Temp\ccTn9tGc.s:13220  .debug_str:000000000000250e .LASF184
C:\Users\zero6575\AppData\Local\Temp\ccTn9tGc.s:15490  .debug_str:0000000000009acc .LASF185
C:\Users\zero6575\AppData\Local\Temp\ccTn9tGc.s:13768  .debug_str:000000000000418d .LASF186
C:\Users\zero6575\AppData\Local\Temp\ccTn9tGc.s:16862  .debug_str:000000000000de40 .LASF187
C:\Users\zero6575\AppData\Local\Temp\ccTn9tGc.s:16186  .debug_str:000000000000bcc2 .LASF188
C:\Users\zero6575\AppData\Local\Temp\ccTn9tGc.s:15200  .debug_str:0000000000008ba7 .LASF189
C:\Users\zero6575\AppData\Local\Temp\ccTn9tGc.s:13004  .debug_str:00000000000017a0 .LASF190
C:\Users\zero6575\AppData\Local\Temp\ccTn9tGc.s:15710  .debug_str:000000000000a66b .LASF191
C:\Users\zero6575\AppData\Local\Temp\ccTn9tGc.s:13276  .debug_str:000000000000284b .LASF192
C:\Users\zero6575\AppData\Local\Temp\ccTn9tGc.s:13192  .debug_str:000000000000239c .LASF193
C:\Users\zero6575\AppData\Local\Temp\ccTn9tGc.s:13444  .debug_str:000000000000312c .LASF194
C:\Users\zero6575\AppData\Local\Temp\ccTn9tGc.s:13104  .debug_str:0000000000001cb4 .LASF195
C:\Users\zero6575\AppData\Local\Temp\ccTn9tGc.s:12640  .debug_str:000000000000064d .LASF196
C:\Users\zero6575\AppData\Local\Temp\ccTn9tGc.s:15170  .debug_str:0000000000008a27 .LASF197
C:\Users\zero6575\AppData\Local\Temp\ccTn9tGc.s:13820  .debug_str:000000000000449f .LASF198
C:\Users\zero6575\AppData\Local\Temp\ccTn9tGc.s:13852  .debug_str:000000000000463a .LASF199
C:\Users\zero6575\AppData\Local\Temp\ccTn9tGc.s:16168  .debug_str:000000000000bbf4 .LASF200
C:\Users\zero6575\AppData\Local\Temp\ccTn9tGc.s:13356  .debug_str:0000000000002c84 .LASF201
C:\Users\zero6575\AppData\Local\Temp\ccTn9tGc.s:12912  .debug_str:000000000000135c .LASF202
C:\Users\zero6575\AppData\Local\Temp\ccTn9tGc.s:15470  .debug_str:0000000000009988 .LASF203
C:\Users\zero6575\AppData\Local\Temp\ccTn9tGc.s:12582  .debug_str:0000000000000387 .LASF204
C:\Users\zero6575\AppData\Local\Temp\ccTn9tGc.s:16332  .debug_str:000000000000c3c8 .LASF205
C:\Users\zero6575\AppData\Local\Temp\ccTn9tGc.s:16948  .debug_str:000000000000e34b .LASF206
C:\Users\zero6575\AppData\Local\Temp\ccTn9tGc.s:16052  .debug_str:000000000000b6ea .LASF207
C:\Users\zero6575\AppData\Local\Temp\ccTn9tGc.s:16322  .debug_str:000000000000c335 .LASF208
C:\Users\zero6575\AppData\Local\Temp\ccTn9tGc.s:16788  .debug_str:000000000000da41 .LASF209
C:\Users\zero6575\AppData\Local\Temp\ccTn9tGc.s:15236  .debug_str:0000000000008d6c .LASF210
C:\Users\zero6575\AppData\Local\Temp\ccTn9tGc.s:13350  .debug_str:0000000000002c35 .LASF211
C:\Users\zero6575\AppData\Local\Temp\ccTn9tGc.s:16516  .debug_str:000000000000cc52 .LASF212
C:\Users\zero6575\AppData\Local\Temp\ccTn9tGc.s:16846  .debug_str:000000000000dd50 .LASF213
C:\Users\zero6575\AppData\Local\Temp\ccTn9tGc.s:15434  .debug_str:00000000000097c0 .LASF214
C:\Users\zero6575\AppData\Local\Temp\ccTn9tGc.s:15172  .debug_str:0000000000008a3f .LASF215
C:\Users\zero6575\AppData\Local\Temp\ccTn9tGc.s:16158  .debug_str:000000000000bb4e .LASF216
C:\Users\zero6575\AppData\Local\Temp\ccTn9tGc.s:16952  .debug_str:000000000000e37f .LASF217
C:\Users\zero6575\AppData\Local\Temp\ccTn9tGc.s:14394  .debug_str:00000000000063ae .LASF218
C:\Users\zero6575\AppData\Local\Temp\ccTn9tGc.s:13902  .debug_str:0000000000004af9 .LASF219
C:\Users\zero6575\AppData\Local\Temp\ccTn9tGc.s:16488  .debug_str:000000000000cab7 .LASF220
C:\Users\zero6575\AppData\Local\Temp\ccTn9tGc.s:14140  .debug_str:00000000000056d9 .LASF221
C:\Users\zero6575\AppData\Local\Temp\ccTn9tGc.s:13116  .debug_str:0000000000001d6f .LASF222
C:\Users\zero6575\AppData\Local\Temp\ccTn9tGc.s:16408  .debug_str:000000000000c71d .LASF223
C:\Users\zero6575\AppData\Local\Temp\ccTn9tGc.s:15942  .debug_str:000000000000b220 .LASF224
C:\Users\zero6575\AppData\Local\Temp\ccTn9tGc.s:13856  .debug_str:0000000000004690 .LASF225
C:\Users\zero6575\AppData\Local\Temp\ccTn9tGc.s:16956  .debug_str:000000000000e3b3 .LASF226
C:\Users\zero6575\AppData\Local\Temp\ccTn9tGc.s:14648  .debug_str:00000000000070a8 .LASF227
C:\Users\zero6575\AppData\Local\Temp\ccTn9tGc.s:12940  .debug_str:000000000000148d .LASF228
C:\Users\zero6575\AppData\Local\Temp\ccTn9tGc.s:15802  .debug_str:000000000000aab2 .LASF229
C:\Users\zero6575\AppData\Local\Temp\ccTn9tGc.s:12650  .debug_str:00000000000006b0 .LASF230
C:\Users\zero6575\AppData\Local\Temp\ccTn9tGc.s:14690  .debug_str:0000000000007311 .LASF231
C:\Users\zero6575\AppData\Local\Temp\ccTn9tGc.s:16674  .debug_str:000000000000d489 .LASF232
C:\Users\zero6575\AppData\Local\Temp\ccTn9tGc.s:16712  .debug_str:000000000000d609 .LASF233
C:\Users\zero6575\AppData\Local\Temp\ccTn9tGc.s:14050  .debug_str:00000000000052c8 .LASF234
C:\Users\zero6575\AppData\Local\Temp\ccTn9tGc.s:13986  .debug_str:0000000000004f10 .LASF235
C:\Users\zero6575\AppData\Local\Temp\ccTn9tGc.s:16374  .debug_str:000000000000c5a7 .LASF236
C:\Users\zero6575\AppData\Local\Temp\ccTn9tGc.s:16872  .debug_str:000000000000df37 .LASF237
C:\Users\zero6575\AppData\Local\Temp\ccTn9tGc.s:13712  .debug_str:0000000000003e8e .LASF238
C:\Users\zero6575\AppData\Local\Temp\ccTn9tGc.s:12974  .debug_str:0000000000001644 .LASF239
C:\Users\zero6575\AppData\Local\Temp\ccTn9tGc.s:14126  .debug_str:0000000000005645 .LASF240
C:\Users\zero6575\AppData\Local\Temp\ccTn9tGc.s:15910  .debug_str:000000000000b087 .LASF241
C:\Users\zero6575\AppData\Local\Temp\ccTn9tGc.s:16000  .debug_str:000000000000b493 .LASF242
C:\Users\zero6575\AppData\Local\Temp\ccTn9tGc.s:13190  .debug_str:000000000000235b .LASF243
C:\Users\zero6575\AppData\Local\Temp\ccTn9tGc.s:13470  .debug_str:000000000000326a .LASF244
C:\Users\zero6575\AppData\Local\Temp\ccTn9tGc.s:15400  .debug_str:0000000000009652 .LASF245
C:\Users\zero6575\AppData\Local\Temp\ccTn9tGc.s:12824  .debug_str:0000000000000eff .LASF246
C:\Users\zero6575\AppData\Local\Temp\ccTn9tGc.s:15974  .debug_str:000000000000b35c .LASF247
C:\Users\zero6575\AppData\Local\Temp\ccTn9tGc.s:16482  .debug_str:000000000000ca2f .LASF248
C:\Users\zero6575\AppData\Local\Temp\ccTn9tGc.s:15100  .debug_str:00000000000086a5 .LASF249
C:\Users\zero6575\AppData\Local\Temp\ccTn9tGc.s:17218  .debug_str:000000000000f011 .LASF250
C:\Users\zero6575\AppData\Local\Temp\ccTn9tGc.s:16382  .debug_str:000000000000c605 .LASF251
C:\Users\zero6575\AppData\Local\Temp\ccTn9tGc.s:16024  .debug_str:000000000000b5b1 .LASF252
C:\Users\zero6575\AppData\Local\Temp\ccTn9tGc.s:15610  .debug_str:000000000000a0ec .LASF253
C:\Users\zero6575\AppData\Local\Temp\ccTn9tGc.s:16130  .debug_str:000000000000ba0f .LASF254
C:\Users\zero6575\AppData\Local\Temp\ccTn9tGc.s:13744  .debug_str:000000000000401a .LASF255
C:\Users\zero6575\AppData\Local\Temp\ccTn9tGc.s:14716  .debug_str:000000000000741a .LASF256
C:\Users\zero6575\AppData\Local\Temp\ccTn9tGc.s:15934  .debug_str:000000000000b198 .LASF257
C:\Users\zero6575\AppData\Local\Temp\ccTn9tGc.s:17206  .debug_str:000000000000ef38 .LASF258
C:\Users\zero6575\AppData\Local\Temp\ccTn9tGc.s:15868  .debug_str:000000000000adda .LASF259
C:\Users\zero6575\AppData\Local\Temp\ccTn9tGc.s:13758  .debug_str:00000000000040e5 .LASF260
C:\Users\zero6575\AppData\Local\Temp\ccTn9tGc.s:12520  .debug_str:00000000000000a6 .LASF261
C:\Users\zero6575\AppData\Local\Temp\ccTn9tGc.s:16854  .debug_str:000000000000ddd4 .LASF262
C:\Users\zero6575\AppData\Local\Temp\ccTn9tGc.s:14902  .debug_str:0000000000007e56 .LASF263
C:\Users\zero6575\AppData\Local\Temp\ccTn9tGc.s:14988  .debug_str:00000000000081fe .LASF264
C:\Users\zero6575\AppData\Local\Temp\ccTn9tGc.s:14368  .debug_str:0000000000006279 .LASF265
C:\Users\zero6575\AppData\Local\Temp\ccTn9tGc.s:16692  .debug_str:000000000000d537 .LASF266
C:\Users\zero6575\AppData\Local\Temp\ccTn9tGc.s:12622  .debug_str:00000000000005a9 .LASF267
C:\Users\zero6575\AppData\Local\Temp\ccTn9tGc.s:15842  .debug_str:000000000000aca5 .LASF268
C:\Users\zero6575\AppData\Local\Temp\ccTn9tGc.s:14366  .debug_str:0000000000006263 .LASF269
C:\Users\zero6575\AppData\Local\Temp\ccTn9tGc.s:12784  .debug_str:0000000000000caf .LASF270
C:\Users\zero6575\AppData\Local\Temp\ccTn9tGc.s:15182  .debug_str:0000000000008ac9 .LASF271
C:\Users\zero6575\AppData\Local\Temp\ccTn9tGc.s:17064  .debug_str:000000000000e880 .LASF272
C:\Users\zero6575\AppData\Local\Temp\ccTn9tGc.s:15988  .debug_str:000000000000b3fd .LASF273
C:\Users\zero6575\AppData\Local\Temp\ccTn9tGc.s:14972  .debug_str:0000000000008177 .LASF274
C:\Users\zero6575\AppData\Local\Temp\ccTn9tGc.s:15346  .debug_str:00000000000093b7 .LASF275
C:\Users\zero6575\AppData\Local\Temp\ccTn9tGc.s:12972  .debug_str:000000000000162d .LASF276
C:\Users\zero6575\AppData\Local\Temp\ccTn9tGc.s:12642  .debug_str:0000000000000663 .LASF277
C:\Users\zero6575\AppData\Local\Temp\ccTn9tGc.s:14204  .debug_str:0000000000005a8e .LASF278
C:\Users\zero6575\AppData\Local\Temp\ccTn9tGc.s:16492  .debug_str:000000000000cae8 .LASF279
C:\Users\zero6575\AppData\Local\Temp\ccTn9tGc.s:13734  .debug_str:0000000000003f8f .LASF280
C:\Users\zero6575\AppData\Local\Temp\ccTn9tGc.s:13890  .debug_str:00000000000049c5 .LASF281
C:\Users\zero6575\AppData\Local\Temp\ccTn9tGc.s:16786  .debug_str:000000000000d9fc .LASF282
C:\Users\zero6575\AppData\Local\Temp\ccTn9tGc.s:15248  .debug_str:0000000000008eae .LASF283
C:\Users\zero6575\AppData\Local\Temp\ccTn9tGc.s:13366  .debug_str:0000000000002dea .LASF284
C:\Users\zero6575\AppData\Local\Temp\ccTn9tGc.s:15406  .debug_str:0000000000009699 .LASF285
C:\Users\zero6575\AppData\Local\Temp\ccTn9tGc.s:16856  .debug_str:000000000000dde9 .LASF286
C:\Users\zero6575\AppData\Local\Temp\ccTn9tGc.s:16294  .debug_str:000000000000c1be .LASF287
C:\Users\zero6575\AppData\Local\Temp\ccTn9tGc.s:15190  .debug_str:0000000000008b1d .LASF288
C:\Users\zero6575\AppData\Local\Temp\ccTn9tGc.s:16058  .debug_str:000000000000b72c .LASF289
C:\Users\zero6575\AppData\Local\Temp\ccTn9tGc.s:16708  .debug_str:000000000000d5d8 .LASF290
C:\Users\zero6575\AppData\Local\Temp\ccTn9tGc.s:13182  .debug_str:00000000000022dd .LASF291
C:\Users\zero6575\AppData\Local\Temp\ccTn9tGc.s:14132  .debug_str:0000000000005679 .LASF292
C:\Users\zero6575\AppData\Local\Temp\ccTn9tGc.s:16572  .debug_str:000000000000cedb .LASF293
C:\Users\zero6575\AppData\Local\Temp\ccTn9tGc.s:15518  .debug_str:0000000000009c1a .LASF294
C:\Users\zero6575\AppData\Local\Temp\ccTn9tGc.s:15232  .debug_str:0000000000008d2b .LASF295
C:\Users\zero6575\AppData\Local\Temp\ccTn9tGc.s:14174  .debug_str:000000000000590b .LASF296
C:\Users\zero6575\AppData\Local\Temp\ccTn9tGc.s:16190  .debug_str:000000000000bd17 .LASF297
C:\Users\zero6575\AppData\Local\Temp\ccTn9tGc.s:13586  .debug_str:0000000000003813 .LASF298
C:\Users\zero6575\AppData\Local\Temp\ccTn9tGc.s:16652  .debug_str:000000000000d343 .LASF299
C:\Users\zero6575\AppData\Local\Temp\ccTn9tGc.s:15740  .debug_str:000000000000a7ed .LASF300
C:\Users\zero6575\AppData\Local\Temp\ccTn9tGc.s:16996  .debug_str:000000000000e561 .LASF301
C:\Users\zero6575\AppData\Local\Temp\ccTn9tGc.s:15014  .debug_str:0000000000008321 .LASF302
C:\Users\zero6575\AppData\Local\Temp\ccTn9tGc.s:14754  .debug_str:00000000000075e9 .LASF303
C:\Users\zero6575\AppData\Local\Temp\ccTn9tGc.s:14696  .debug_str:000000000000734c .LASF304
C:\Users\zero6575\AppData\Local\Temp\ccTn9tGc.s:14436  .debug_str:000000000000657b .LASF305
C:\Users\zero6575\AppData\Local\Temp\ccTn9tGc.s:15804  .debug_str:000000000000aaf3 .LASF306
C:\Users\zero6575\AppData\Local\Temp\ccTn9tGc.s:14286  .debug_str:0000000000005e73 .LASF307
C:\Users\zero6575\AppData\Local\Temp\ccTn9tGc.s:15008  .debug_str:00000000000082e8 .LASF308
C:\Users\zero6575\AppData\Local\Temp\ccTn9tGc.s:16260  .debug_str:000000000000c02f .LASF309
C:\Users\zero6575\AppData\Local\Temp\ccTn9tGc.s:13256  .debug_str:00000000000026e8 .LASF310
C:\Users\zero6575\AppData\Local\Temp\ccTn9tGc.s:13178  .debug_str:00000000000022a8 .LASF311
C:\Users\zero6575\AppData\Local\Temp\ccTn9tGc.s:17046  .debug_str:000000000000e7cc .LASF312
C:\Users\zero6575\AppData\Local\Temp\ccTn9tGc.s:15180  .debug_str:0000000000008ab0 .LASF313
C:\Users\zero6575\AppData\Local\Temp\ccTn9tGc.s:13512  .debug_str:000000000000347c .LASF314
C:\Users\zero6575\AppData\Local\Temp\ccTn9tGc.s:12678  .debug_str:0000000000000869 .LASF315
C:\Users\zero6575\AppData\Local\Temp\ccTn9tGc.s:16212  .debug_str:000000000000be37 .LASF316
C:\Users\zero6575\AppData\Local\Temp\ccTn9tGc.s:16474  .debug_str:000000000000c9e4 .LASF317
C:\Users\zero6575\AppData\Local\Temp\ccTn9tGc.s:16464  .debug_str:000000000000c96b .LASF318
C:\Users\zero6575\AppData\Local\Temp\ccTn9tGc.s:12658  .debug_str:0000000000000735 .LASF319
C:\Users\zero6575\AppData\Local\Temp\ccTn9tGc.s:13314  .debug_str:0000000000002a13 .LASF320
C:\Users\zero6575\AppData\Local\Temp\ccTn9tGc.s:13842  .debug_str:00000000000045bc .LASF321
C:\Users\zero6575\AppData\Local\Temp\ccTn9tGc.s:12896  .debug_str:000000000000128a .LASF322
C:\Users\zero6575\AppData\Local\Temp\ccTn9tGc.s:14534  .debug_str:0000000000006ac0 .LASF323
C:\Users\zero6575\AppData\Local\Temp\ccTn9tGc.s:15454  .debug_str:00000000000098e4 .LASF324
C:\Users\zero6575\AppData\Local\Temp\ccTn9tGc.s:13268  .debug_str:00000000000027cc .LASF325
C:\Users\zero6575\AppData\Local\Temp\ccTn9tGc.s:14324  .debug_str:000000000000602d .LASF326
C:\Users\zero6575\AppData\Local\Temp\ccTn9tGc.s:15136  .debug_str:0000000000008856 .LASF327
C:\Users\zero6575\AppData\Local\Temp\ccTn9tGc.s:16004  .debug_str:000000000000b4ea .LASF328
C:\Users\zero6575\AppData\Local\Temp\ccTn9tGc.s:16146  .debug_str:000000000000bad1 .LASF329
C:\Users\zero6575\AppData\Local\Temp\ccTn9tGc.s:15876  .debug_str:000000000000ae46 .LASF330
C:\Users\zero6575\AppData\Local\Temp\ccTn9tGc.s:13688  .debug_str:0000000000003d45 .LASF331
C:\Users\zero6575\AppData\Local\Temp\ccTn9tGc.s:13012  .debug_str:0000000000001802 .LASF332
C:\Users\zero6575\AppData\Local\Temp\ccTn9tGc.s:12980  .debug_str:000000000000168b .LASF333
C:\Users\zero6575\AppData\Local\Temp\ccTn9tGc.s:12698  .debug_str:0000000000000977 .LASF334
C:\Users\zero6575\AppData\Local\Temp\ccTn9tGc.s:15160  .debug_str:000000000000895b .LASF335
C:\Users\zero6575\AppData\Local\Temp\ccTn9tGc.s:15728  .debug_str:000000000000a766 .LASF336
C:\Users\zero6575\AppData\Local\Temp\ccTn9tGc.s:15432  .debug_str:00000000000097a5 .LASF337
C:\Users\zero6575\AppData\Local\Temp\ccTn9tGc.s:15662  .debug_str:000000000000a3c4 .LASF338
C:\Users\zero6575\AppData\Local\Temp\ccTn9tGc.s:13718  .debug_str:0000000000003ef6 .LASF339
C:\Users\zero6575\AppData\Local\Temp\ccTn9tGc.s:12598  .debug_str:0000000000000441 .LASF340
C:\Users\zero6575\AppData\Local\Temp\ccTn9tGc.s:14458  .debug_str:000000000000667e .LASF341
C:\Users\zero6575\AppData\Local\Temp\ccTn9tGc.s:12746  .debug_str:0000000000000b3d .LASF342
C:\Users\zero6575\AppData\Local\Temp\ccTn9tGc.s:16702  .debug_str:000000000000d5a3 .LASF343
C:\Users\zero6575\AppData\Local\Temp\ccTn9tGc.s:15888  .debug_str:000000000000aed2 .LASF344
C:\Users\zero6575\AppData\Local\Temp\ccTn9tGc.s:13496  .debug_str:00000000000033cf .LASF345
C:\Users\zero6575\AppData\Local\Temp\ccTn9tGc.s:14146  .debug_str:0000000000005713 .LASF346
C:\Users\zero6575\AppData\Local\Temp\ccTn9tGc.s:14512  .debug_str:00000000000069d5 .LASF350
C:\Users\zero6575\AppData\Local\Temp\ccTn9tGc.s:14810  .debug_str:00000000000078e7 .LASF351
C:\Users\zero6575\AppData\Local\Temp\ccTn9tGc.s:14566  .debug_str:0000000000006c15 .LASF352
C:\Users\zero6575\AppData\Local\Temp\ccTn9tGc.s:13830  .debug_str:0000000000004527 .LASF353
C:\Users\zero6575\AppData\Local\Temp\ccTn9tGc.s:14052  .debug_str:00000000000052df .LASF354
C:\Users\zero6575\AppData\Local\Temp\ccTn9tGc.s:15524  .debug_str:0000000000009c7c .LASF355
C:\Users\zero6575\AppData\Local\Temp\ccTn9tGc.s:16312  .debug_str:000000000000c2a4 .LASF356
C:\Users\zero6575\AppData\Local\Temp\ccTn9tGc.s:14226  .debug_str:0000000000005b98 .LASF357
C:\Users\zero6575\AppData\Local\Temp\ccTn9tGc.s:13840  .debug_str:00000000000045aa .LASF358
C:\Users\zero6575\AppData\Local\Temp\ccTn9tGc.s:13546  .debug_str:000000000000362a .LASF359
C:\Users\zero6575\AppData\Local\Temp\ccTn9tGc.s:16406  .debug_str:000000000000c70d .LASF360
C:\Users\zero6575\AppData\Local\Temp\ccTn9tGc.s:15616  .debug_str:000000000000a161 .LASF361
C:\Users\zero6575\AppData\Local\Temp\ccTn9tGc.s:15734  .debug_str:000000000000a7a5 .LASF362
C:\Users\zero6575\AppData\Local\Temp\ccTn9tGc.s:17176  .debug_str:000000000000eded .LASF363
C:\Users\zero6575\AppData\Local\Temp\ccTn9tGc.s:15846  .debug_str:000000000000ace0 .LASF364
C:\Users\zero6575\AppData\Local\Temp\ccTn9tGc.s:15382  .debug_str:0000000000009571 .LASF365
C:\Users\zero6575\AppData\Local\Temp\ccTn9tGc.s:15810  .debug_str:000000000000ab47 .LASF366
C:\Users\zero6575\AppData\Local\Temp\ccTn9tGc.s:16172  .debug_str:000000000000bc3d .LASF367
C:\Users\zero6575\AppData\Local\Temp\ccTn9tGc.s:14108  .debug_str:000000000000559a .LASF368
C:\Users\zero6575\AppData\Local\Temp\ccTn9tGc.s:16174  .debug_str:000000000000bc4d .LASF369
C:\Users\zero6575\AppData\Local\Temp\ccTn9tGc.s:16634  .debug_str:000000000000d248 .LASF370
C:\Users\zero6575\AppData\Local\Temp\ccTn9tGc.s:14562  .debug_str:0000000000006be5 .LASF371
C:\Users\zero6575\AppData\Local\Temp\ccTn9tGc.s:14216  .debug_str:0000000000005b36 .LASF372
C:\Users\zero6575\AppData\Local\Temp\ccTn9tGc.s:15516  .debug_str:0000000000009c0a .LASF373
C:\Users\zero6575\AppData\Local\Temp\ccTn9tGc.s:15326  .debug_str:00000000000092ca .LASF374
C:\Users\zero6575\AppData\Local\Temp\ccTn9tGc.s:13300  .debug_str:000000000000294e .LASF375
C:\Users\zero6575\AppData\Local\Temp\ccTn9tGc.s:16892  .debug_str:000000000000e098 .LASF376
C:\Users\zero6575\AppData\Local\Temp\ccTn9tGc.s:16548  .debug_str:000000000000cdca .LASF377
C:\Users\zero6575\AppData\Local\Temp\ccTn9tGc.s:15792  .debug_str:000000000000aa34 .LASF378
C:\Users\zero6575\AppData\Local\Temp\ccTn9tGc.s:13922  .debug_str:0000000000004c48 .LASF379
C:\Users\zero6575\AppData\Local\Temp\ccTn9tGc.s:16594  .debug_str:000000000000cfee .LASF380
C:\Users\zero6575\AppData\Local\Temp\ccTn9tGc.s:15156  .debug_str:0000000000008933 .LASF381
C:\Users\zero6575\AppData\Local\Temp\ccTn9tGc.s:12854  .debug_str:00000000000010b3 .LASF382
C:\Users\zero6575\AppData\Local\Temp\ccTn9tGc.s:14790  .debug_str:000000000000780b .LASF383
C:\Users\zero6575\AppData\Local\Temp\ccTn9tGc.s:12758  .debug_str:0000000000000b95 .LASF384
C:\Users\zero6575\AppData\Local\Temp\ccTn9tGc.s:15102  .debug_str:00000000000086b7 .LASF385
C:\Users\zero6575\AppData\Local\Temp\ccTn9tGc.s:15174  .debug_str:0000000000008a7e .LASF386
C:\Users\zero6575\AppData\Local\Temp\ccTn9tGc.s:14536  .debug_str:0000000000006ad3 .LASF387
C:\Users\zero6575\AppData\Local\Temp\ccTn9tGc.s:16034  .debug_str:000000000000b63b .LASF388
C:\Users\zero6575\AppData\Local\Temp\ccTn9tGc.s:13204  .debug_str:0000000000002420 .LASF389
C:\Users\zero6575\AppData\Local\Temp\ccTn9tGc.s:14700  .debug_str:000000000000738d .LASF390
C:\Users\zero6575\AppData\Local\Temp\ccTn9tGc.s:13952  .debug_str:0000000000004d9f .LASF392
C:\Users\zero6575\AppData\Local\Temp\ccTn9tGc.s:15558  .debug_str:0000000000009e71 .LASF393
C:\Users\zero6575\AppData\Local\Temp\ccTn9tGc.s:12978  .debug_str:0000000000001681 .LASF394
C:\Users\zero6575\AppData\Local\Temp\ccTn9tGc.s:14208  .debug_str:0000000000005ac6 .LASF395
C:\Users\zero6575\AppData\Local\Temp\ccTn9tGc.s:12856  .debug_str:00000000000010cd .LASF396
C:\Users\zero6575\AppData\Local\Temp\ccTn9tGc.s:16772  .debug_str:000000000000d91e .LASF397
C:\Users\zero6575\AppData\Local\Temp\ccTn9tGc.s:16600  .debug_str:000000000000d048 .LASF398
C:\Users\zero6575\AppData\Local\Temp\ccTn9tGc.s:15426  .debug_str:000000000000977c .LASF399
C:\Users\zero6575\AppData\Local\Temp\ccTn9tGc.s:14664  .debug_str:00000000000071be .LASF400
C:\Users\zero6575\AppData\Local\Temp\ccTn9tGc.s:15148  .debug_str:00000000000088cf .LASF401
C:\Users\zero6575\AppData\Local\Temp\ccTn9tGc.s:13982  .debug_str:0000000000004f00 .LASF402
C:\Users\zero6575\AppData\Local\Temp\ccTn9tGc.s:16094  .debug_str:000000000000b8dd .LASF403
C:\Users\zero6575\AppData\Local\Temp\ccTn9tGc.s:13378  .debug_str:0000000000002e66 .LASF404
C:\Users\zero6575\AppData\Local\Temp\ccTn9tGc.s:14256  .debug_str:0000000000005d31 .LASF405
C:\Users\zero6575\AppData\Local\Temp\ccTn9tGc.s:15070  .debug_str:0000000000008534 .LASF406
C:\Users\zero6575\AppData\Local\Temp\ccTn9tGc.s:14136  .debug_str:00000000000056b7 .LASF407
C:\Users\zero6575\AppData\Local\Temp\ccTn9tGc.s:15254  .debug_str:0000000000008ef6 .LASF408
C:\Users\zero6575\AppData\Local\Temp\ccTn9tGc.s:17104  .debug_str:000000000000ea9f .LASF409
C:\Users\zero6575\AppData\Local\Temp\ccTn9tGc.s:14102  .debug_str:000000000000555f .LASF410
C:\Users\zero6575\AppData\Local\Temp\ccTn9tGc.s:16280  .debug_str:000000000000c10a .LASF411
C:\Users\zero6575\AppData\Local\Temp\ccTn9tGc.s:13022  .debug_str:000000000000185e .LASF412
C:\Users\zero6575\AppData\Local\Temp\ccTn9tGc.s:15466  .debug_str:000000000000996f .LASF413
C:\Users\zero6575\AppData\Local\Temp\ccTn9tGc.s:12556  .debug_str:0000000000000238 .LASF414
C:\Users\zero6575\AppData\Local\Temp\ccTn9tGc.s:12948  .debug_str:0000000000001525 .LASF415
C:\Users\zero6575\AppData\Local\Temp\ccTn9tGc.s:13700  .debug_str:0000000000003dce .LASF416
C:\Users\zero6575\AppData\Local\Temp\ccTn9tGc.s:15272  .debug_str:000000000000900c .LASF417
C:\Users\zero6575\AppData\Local\Temp\ccTn9tGc.s:14850  .debug_str:0000000000007b0f .LASF418
C:\Users\zero6575\AppData\Local\Temp\ccTn9tGc.s:13516  .debug_str:00000000000034aa .LASF419
C:\Users\zero6575\AppData\Local\Temp\ccTn9tGc.s:14966  .debug_str:000000000000813c .LASF420
C:\Users\zero6575\AppData\Local\Temp\ccTn9tGc.s:16070  .debug_str:000000000000b7a0 .LASF421
C:\Users\zero6575\AppData\Local\Temp\ccTn9tGc.s:15736  .debug_str:000000000000a7bd .LASF422
C:\Users\zero6575\AppData\Local\Temp\ccTn9tGc.s:12694  .debug_str:000000000000094f .LASF423
C:\Users\zero6575\AppData\Local\Temp\ccTn9tGc.s:14064  .debug_str:000000000000538f .LASF424
C:\Users\zero6575\AppData\Local\Temp\ccTn9tGc.s:16602  .debug_str:000000000000d050 .LASF425
C:\Users\zero6575\AppData\Local\Temp\ccTn9tGc.s:17136  .debug_str:000000000000ec30 .LASF426
C:\Users\zero6575\AppData\Local\Temp\ccTn9tGc.s:16256  .debug_str:000000000000bff6 .LASF427
C:\Users\zero6575\AppData\Local\Temp\ccTn9tGc.s:12816  .debug_str:0000000000000e8e .LASF428
C:\Users\zero6575\AppData\Local\Temp\ccTn9tGc.s:14384  .debug_str:000000000000632e .LASF429
C:\Users\zero6575\AppData\Local\Temp\ccTn9tGc.s:12596  .debug_str:000000000000042d .LASF430
C:\Users\zero6575\AppData\Local\Temp\ccTn9tGc.s:16790  .debug_str:000000000000da5d .LASF431
C:\Users\zero6575\AppData\Local\Temp\ccTn9tGc.s:15698  .debug_str:000000000000a5e8 .LASF432
C:\Users\zero6575\AppData\Local\Temp\ccTn9tGc.s:14616  .debug_str:0000000000006edc .LASF433
C:\Users\zero6575\AppData\Local\Temp\ccTn9tGc.s:14982  .debug_str:00000000000081b7 .LASF434
C:\Users\zero6575\AppData\Local\Temp\ccTn9tGc.s:16282  .debug_str:000000000000c114 .LASF435
C:\Users\zero6575\AppData\Local\Temp\ccTn9tGc.s:17216  .debug_str:000000000000eff7 .LASF436
C:\Users\zero6575\AppData\Local\Temp\ccTn9tGc.s:13376  .debug_str:0000000000002e4c .LASF437
C:\Users\zero6575\AppData\Local\Temp\ccTn9tGc.s:16344  .debug_str:000000000000c446 .LASF438
C:\Users\zero6575\AppData\Local\Temp\ccTn9tGc.s:14144  .debug_str:00000000000056fa .LASF439
C:\Users\zero6575\AppData\Local\Temp\ccTn9tGc.s:14670  .debug_str:0000000000007203 .LASF440
C:\Users\zero6575\AppData\Local\Temp\ccTn9tGc.s:16360  .debug_str:000000000000c501 .LASF441
C:\Users\zero6575\AppData\Local\Temp\ccTn9tGc.s:16326  .debug_str:000000000000c367 .LASF442
C:\Users\zero6575\AppData\Local\Temp\ccTn9tGc.s:15738  .debug_str:000000000000a7d1 .LASF443
C:\Users\zero6575\AppData\Local\Temp\ccTn9tGc.s:14516  .debug_str:0000000000006a03 .LASF444
C:\Users\zero6575\AppData\Local\Temp\ccTn9tGc.s:15592  .debug_str:000000000000a00f .LASF445
C:\Users\zero6575\AppData\Local\Temp\ccTn9tGc.s:16462  .debug_str:000000000000c953 .LASF446
C:\Users\zero6575\AppData\Local\Temp\ccTn9tGc.s:15366  .debug_str:00000000000094bc .LASF447
C:\Users\zero6575\AppData\Local\Temp\ccTn9tGc.s:15820  .debug_str:000000000000abbc .LASF448
C:\Users\zero6575\AppData\Local\Temp\ccTn9tGc.s:14736  .debug_str:0000000000007512 .LASF449
C:\Users\zero6575\AppData\Local\Temp\ccTn9tGc.s:13068  .debug_str:0000000000001a98 .LASF450
C:\Users\zero6575\AppData\Local\Temp\ccTn9tGc.s:17092  .debug_str:000000000000e9fe .LASF451
C:\Users\zero6575\AppData\Local\Temp\ccTn9tGc.s:14904  .debug_str:0000000000007e6e .LASF452
C:\Users\zero6575\AppData\Local\Temp\ccTn9tGc.s:13310  .debug_str:00000000000029f1 .LASF453
C:\Users\zero6575\AppData\Local\Temp\ccTn9tGc.s:13588  .debug_str:0000000000003837 .LASF454
C:\Users\zero6575\AppData\Local\Temp\ccTn9tGc.s:16810  .debug_str:000000000000db44 .LASF455
C:\Users\zero6575\AppData\Local\Temp\ccTn9tGc.s:15776  .debug_str:000000000000a96d .LASF456
C:\Users\zero6575\AppData\Local\Temp\ccTn9tGc.s:14348  .debug_str:000000000000612e .LASF457
C:\Users\zero6575\AppData\Local\Temp\ccTn9tGc.s:16754  .debug_str:000000000000d862 .LASF458
C:\Users\zero6575\AppData\Local\Temp\ccTn9tGc.s:16850  .debug_str:000000000000dda4 .LASF459
C:\Users\zero6575\AppData\Local\Temp\ccTn9tGc.s:16012  .debug_str:000000000000b51f .LASF460
C:\Users\zero6575\AppData\Local\Temp\ccTn9tGc.s:14866  .debug_str:0000000000007c1e .LASF461
C:\Users\zero6575\AppData\Local\Temp\ccTn9tGc.s:13100  .debug_str:0000000000001c65 .LASF462
C:\Users\zero6575\AppData\Local\Temp\ccTn9tGc.s:13080  .debug_str:0000000000001b67 .LASF463
C:\Users\zero6575\AppData\Local\Temp\ccTn9tGc.s:13340  .debug_str:0000000000002bbf .LASF464
C:\Users\zero6575\AppData\Local\Temp\ccTn9tGc.s:13992  .debug_str:0000000000004f59 .LASF465
C:\Users\zero6575\AppData\Local\Temp\ccTn9tGc.s:16642  .debug_str:000000000000d2b5 .LASF466
C:\Users\zero6575\AppData\Local\Temp\ccTn9tGc.s:17124  .debug_str:000000000000eb96 .LASF467
C:\Users\zero6575\AppData\Local\Temp\ccTn9tGc.s:15866  .debug_str:000000000000adb2 .LASF468
C:\Users\zero6575\AppData\Local\Temp\ccTn9tGc.s:16570  .debug_str:000000000000ceb4 .LASF469
C:\Users\zero6575\AppData\Local\Temp\ccTn9tGc.s:14826  .debug_str:00000000000079da .LASF470
C:\Users\zero6575\AppData\Local\Temp\ccTn9tGc.s:15418  .debug_str:0000000000009714 .LASF471
C:\Users\zero6575\AppData\Local\Temp\ccTn9tGc.s:14814  .debug_str:0000000000007919 .LASF472
C:\Users\zero6575\AppData\Local\Temp\ccTn9tGc.s:17160  .debug_str:000000000000ed43 .LASF473
C:\Users\zero6575\AppData\Local\Temp\ccTn9tGc.s:15500  .debug_str:0000000000009b65 .LASF474
C:\Users\zero6575\AppData\Local\Temp\ccTn9tGc.s:12900  .debug_str:00000000000012ac .LASF475
C:\Users\zero6575\AppData\Local\Temp\ccTn9tGc.s:16914  .debug_str:000000000000e1d2 .LASF476
C:\Users\zero6575\AppData\Local\Temp\ccTn9tGc.s:15690  .debug_str:000000000000a57c .LASF477
C:\Users\zero6575\AppData\Local\Temp\ccTn9tGc.s:12796  .debug_str:0000000000000d78 .LASF478
C:\Users\zero6575\AppData\Local\Temp\ccTn9tGc.s:14252  .debug_str:0000000000005ce0 .LASF479
C:\Users\zero6575\AppData\Local\Temp\ccTn9tGc.s:16258  .debug_str:000000000000c009 .LASF480
C:\Users\zero6575\AppData\Local\Temp\ccTn9tGc.s:16544  .debug_str:000000000000cd94 .LASF481
C:\Users\zero6575\AppData\Local\Temp\ccTn9tGc.s:12910  .debug_str:000000000000133f .LASF482
C:\Users\zero6575\AppData\Local\Temp\ccTn9tGc.s:17014  .debug_str:000000000000e631 .LASF483
C:\Users\zero6575\AppData\Local\Temp\ccTn9tGc.s:16112  .debug_str:000000000000b94a .LASF484
C:\Users\zero6575\AppData\Local\Temp\ccTn9tGc.s:13576  .debug_str:00000000000037a0 .LASF485
C:\Users\zero6575\AppData\Local\Temp\ccTn9tGc.s:16656  .debug_str:000000000000d376 .LASF486
C:\Users\zero6575\AppData\Local\Temp\ccTn9tGc.s:14078  .debug_str:0000000000005455 .LASF487
C:\Users\zero6575\AppData\Local\Temp\ccTn9tGc.s:17118  .debug_str:000000000000eb60 .LASF488
C:\Users\zero6575\AppData\Local\Temp\ccTn9tGc.s:17082  .debug_str:000000000000e992 .LASF489
C:\Users\zero6575\AppData\Local\Temp\ccTn9tGc.s:14486  .debug_str:0000000000006802 .LASF490
C:\Users\zero6575\AppData\Local\Temp\ccTn9tGc.s:14738  .debug_str:0000000000007536 .LASF491
C:\Users\zero6575\AppData\Local\Temp\ccTn9tGc.s:15212  .debug_str:0000000000008c33 .LASF492
C:\Users\zero6575\AppData\Local\Temp\ccTn9tGc.s:15534  .debug_str:0000000000009d4b .LASF493
C:\Users\zero6575\AppData\Local\Temp\ccTn9tGc.s:14444  .debug_str:000000000000660e .LASF494
C:\Users\zero6575\AppData\Local\Temp\ccTn9tGc.s:13786  .debug_str:00000000000042c6 .LASF495
C:\Users\zero6575\AppData\Local\Temp\ccTn9tGc.s:14868  .debug_str:0000000000007c44 .LASF496
C:\Users\zero6575\AppData\Local\Temp\ccTn9tGc.s:12672  .debug_str:00000000000007ef .LASF497
C:\Users\zero6575\AppData\Local\Temp\ccTn9tGc.s:14462  .debug_str:00000000000066ad .LASF498
C:\Users\zero6575\AppData\Local\Temp\ccTn9tGc.s:12710  .debug_str:00000000000009ed .LASF499
C:\Users\zero6575\AppData\Local\Temp\ccTn9tGc.s:15606  .debug_str:000000000000a0c3 .LASF500
C:\Users\zero6575\AppData\Local\Temp\ccTn9tGc.s:15392  .debug_str:00000000000095d3 .LASF501
C:\Users\zero6575\AppData\Local\Temp\ccTn9tGc.s:16142  .debug_str:000000000000ba96 .LASF502
C:\Users\zero6575\AppData\Local\Temp\ccTn9tGc.s:15688  .debug_str:000000000000a56d .LASF506
C:\Users\zero6575\AppData\Local\Temp\ccTn9tGc.s:15732  .debug_str:000000000000a78f .LASF507
C:\Users\zero6575\AppData\Local\Temp\ccTn9tGc.s:14020  .debug_str:000000000000511f .LASF508
C:\Users\zero6575\AppData\Local\Temp\ccTn9tGc.s:12548  .debug_str:00000000000001ed .LASF509
C:\Users\zero6575\AppData\Local\Temp\ccTn9tGc.s:13756  .debug_str:00000000000040cf .LASF510
C:\Users\zero6575\AppData\Local\Temp\ccTn9tGc.s:12560  .debug_str:0000000000000259 .LASF511
C:\Users\zero6575\AppData\Local\Temp\ccTn9tGc.s:15614  .debug_str:000000000000a13e .LASF512
C:\Users\zero6575\AppData\Local\Temp\ccTn9tGc.s:16452  .debug_str:000000000000c8cb .LASF513
C:\Users\zero6575\AppData\Local\Temp\ccTn9tGc.s:15054  .debug_str:0000000000008497 .LASF514
C:\Users\zero6575\AppData\Local\Temp\ccTn9tGc.s:16722  .debug_str:000000000000d689 .LASF515
C:\Users\zero6575\AppData\Local\Temp\ccTn9tGc.s:13822  .debug_str:00000000000044b7 .LASF517
C:\Users\zero6575\AppData\Local\Temp\ccTn9tGc.s:13846  .debug_str:00000000000045ef .LASF518
C:\Users\zero6575\AppData\Local\Temp\ccTn9tGc.s:16734  .debug_str:000000000000d726 .LASF519
C:\Users\zero6575\AppData\Local\Temp\ccTn9tGc.s:17098  .debug_str:000000000000ea5a .LASF520
C:\Users\zero6575\AppData\Local\Temp\ccTn9tGc.s:15084  .debug_str:00000000000085d2 .LASF521
C:\Users\zero6575\AppData\Local\Temp\ccTn9tGc.s:16306  .debug_str:000000000000c26e .LASF522
C:\Users\zero6575\AppData\Local\Temp\ccTn9tGc.s:14630  .debug_str:0000000000006fa0 .LASF523
C:\Users\zero6575\AppData\Local\Temp\ccTn9tGc.s:15062  .debug_str:00000000000084fa .LASF524
C:\Users\zero6575\AppData\Local\Temp\ccTn9tGc.s:16678  .debug_str:000000000000d4ac .LASF525
C:\Users\zero6575\AppData\Local\Temp\ccTn9tGc.s:17096  .debug_str:000000000000ea3d .LASF526
C:\Users\zero6575\AppData\Local\Temp\ccTn9tGc.s:15928  .debug_str:000000000000b152 .LASF527
C:\Users\zero6575\AppData\Local\Temp\ccTn9tGc.s:16552  .debug_str:000000000000cdf4 .LASF528
C:\Users\zero6575\AppData\Local\Temp\ccTn9tGc.s:14614  .debug_str:0000000000006ed0 .LASF529
C:\Users\zero6575\AppData\Local\Temp\ccTn9tGc.s:13364  .debug_str:0000000000002de0 .LASF530
C:\Users\zero6575\AppData\Local\Temp\ccTn9tGc.s:16730  .debug_str:000000000000d6ec .LASF531
C:\Users\zero6575\AppData\Local\Temp\ccTn9tGc.s:16596  .debug_str:000000000000d003 .LASF532
C:\Users\zero6575\AppData\Local\Temp\ccTn9tGc.s:16314  .debug_str:000000000000c2d1 .LASF533
C:\Users\zero6575\AppData\Local\Temp\ccTn9tGc.s:12946  .debug_str:00000000000014fc .LASF534
C:\Users\zero6575\AppData\Local\Temp\ccTn9tGc.s:16720  .debug_str:000000000000d667 .LASF535
C:\Users\zero6575\AppData\Local\Temp\ccTn9tGc.s:13492  .debug_str:000000000000339f .LASF536
C:\Users\zero6575\AppData\Local\Temp\ccTn9tGc.s:12654  .debug_str:000000000000070f .LASF537
C:\Users\zero6575\AppData\Local\Temp\ccTn9tGc.s:14112  .debug_str:00000000000055c8 .LASF538
C:\Users\zero6575\AppData\Local\Temp\ccTn9tGc.s:15050  .debug_str:0000000000008472 .LASF540
C:\Users\zero6575\AppData\Local\Temp\ccTn9tGc.s:17008  .debug_str:000000000000e5e3 .LASF541
C:\Users\zero6575\AppData\Local\Temp\ccTn9tGc.s:14090  .debug_str:00000000000054d0 .LASF542
C:\Users\zero6575\AppData\Local\Temp\ccTn9tGc.s:14802  .debug_str:000000000000788d .LASF543
C:\Users\zero6575\AppData\Local\Temp\ccTn9tGc.s:13478  .debug_str:00000000000032ff .LASF544
C:\Users\zero6575\AppData\Local\Temp\ccTn9tGc.s:16530  .debug_str:000000000000cd05 .LASF545
C:\Users\zero6575\AppData\Local\Temp\ccTn9tGc.s:15502  .debug_str:0000000000009b8b .LASF546
C:\Users\zero6575\AppData\Local\Temp\ccTn9tGc.s:12554  .debug_str:000000000000022e .LASF547
C:\Users\zero6575\AppData\Local\Temp\ccTn9tGc.s:15364  .debug_str:00000000000094ae .LASF548
C:\Users\zero6575\AppData\Local\Temp\ccTn9tGc.s:14164  .debug_str:000000000000580e .LASF549
C:\Users\zero6575\AppData\Local\Temp\ccTn9tGc.s:14582  .debug_str:0000000000006d15 .LASF550
C:\Users\zero6575\AppData\Local\Temp\ccTn9tGc.s:12988  .debug_str:00000000000016e8 .LASF551
C:\Users\zero6575\AppData\Local\Temp\ccTn9tGc.s:13374  .debug_str:0000000000002e3a .LASF552
C:\Users\zero6575\AppData\Local\Temp\ccTn9tGc.s:14154  .debug_str:0000000000005767 .LASF553
C:\Users\zero6575\AppData\Local\Temp\ccTn9tGc.s:15788  .debug_str:000000000000aa0f .LASF554
C:\Users\zero6575\AppData\Local\Temp\ccTn9tGc.s:15140  .debug_str:0000000000008884 .LASF555
C:\Users\zero6575\AppData\Local\Temp\ccTn9tGc.s:13550  .debug_str:000000000000364f .LASF556
C:\Users\zero6575\AppData\Local\Temp\ccTn9tGc.s:13048  .debug_str:00000000000019d8 .LASF557
C:\Users\zero6575\AppData\Local\Temp\ccTn9tGc.s:14600  .debug_str:0000000000006e4b .LASF558
C:\Users\zero6575\AppData\Local\Temp\ccTn9tGc.s:14296  .debug_str:0000000000005edc .LASF559
C:\Users\zero6575\AppData\Local\Temp\ccTn9tGc.s:14884  .debug_str:0000000000007d0b .LASF560
C:\Users\zero6575\AppData\Local\Temp\ccTn9tGc.s:15420  .debug_str:0000000000009738 .LASF561
C:\Users\zero6575\AppData\Local\Temp\ccTn9tGc.s:15532  .debug_str:0000000000009d3e .LASF562
C:\Users\zero6575\AppData\Local\Temp\ccTn9tGc.s:17080  .debug_str:000000000000e989 .LASF563
C:\Users\zero6575\AppData\Local\Temp\ccTn9tGc.s:13634  .debug_str:0000000000003a7c .LASF564
C:\Users\zero6575\AppData\Local\Temp\ccTn9tGc.s:12798  .debug_str:0000000000000da1 .LASF565
C:\Users\zero6575\AppData\Local\Temp\ccTn9tGc.s:12950  .debug_str:0000000000001530 .LASF566
C:\Users\zero6575\AppData\Local\Temp\ccTn9tGc.s:13370  .debug_str:0000000000002e15 .LASF567
C:\Users\zero6575\AppData\Local\Temp\ccTn9tGc.s:14442  .debug_str:00000000000065fa .LASF568
C:\Users\zero6575\AppData\Local\Temp\ccTn9tGc.s:16432  .debug_str:000000000000c7fc .LASF569
C:\Users\zero6575\AppData\Local\Temp\ccTn9tGc.s:15628  .debug_str:000000000000a1e8 .LASF570
C:\Users\zero6575\AppData\Local\Temp\ccTn9tGc.s:13828  .debug_str:000000000000451c .LASF571
C:\Users\zero6575\AppData\Local\Temp\ccTn9tGc.s:12870  .debug_str:0000000000001153 .LASF572
C:\Users\zero6575\AppData\Local\Temp\ccTn9tGc.s:14482  .debug_str:00000000000067d9 .LASF573
C:\Users\zero6575\AppData\Local\Temp\ccTn9tGc.s:15338  .debug_str:000000000000936e .LASF574
C:\Users\zero6575\AppData\Local\Temp\ccTn9tGc.s:13156  .debug_str:00000000000021d5 .LASF575
C:\Users\zero6575\AppData\Local\Temp\ccTn9tGc.s:14558  .debug_str:0000000000006bca .LASF576
C:\Users\zero6575\AppData\Local\Temp\ccTn9tGc.s:13058  .debug_str:0000000000001a3c .LASF577
C:\Users\zero6575\AppData\Local\Temp\ccTn9tGc.s:14962  .debug_str:0000000000008114 .LASF578
C:\Users\zero6575\AppData\Local\Temp\ccTn9tGc.s:13502  .debug_str:0000000000003409 .LASF579
C:\Users\zero6575\AppData\Local\Temp\ccTn9tGc.s:16262  .debug_str:000000000000c03d .LASF580
C:\Users\zero6575\AppData\Local\Temp\ccTn9tGc.s:12668  .debug_str:00000000000007bf .LASF581
C:\Users\zero6575\AppData\Local\Temp\ccTn9tGc.s:13592  .debug_str:0000000000003870 .LASF582
C:\Users\zero6575\AppData\Local\Temp\ccTn9tGc.s:16454  .debug_str:000000000000c8d8 .LASF583
C:\Users\zero6575\AppData\Local\Temp\ccTn9tGc.s:16288  .debug_str:000000000000c162 .LASF584
C:\Users\zero6575\AppData\Local\Temp\ccTn9tGc.s:12604  .debug_str:0000000000000474 .LASF585
C:\Users\zero6575\AppData\Local\Temp\ccTn9tGc.s:14776  .debug_str:0000000000007702 .LASF586
C:\Users\zero6575\AppData\Local\Temp\ccTn9tGc.s:13686  .debug_str:0000000000003d29 .LASF587
C:\Users\zero6575\AppData\Local\Temp\ccTn9tGc.s:12880  .debug_str:00000000000011b8 .LASF588
C:\Users\zero6575\AppData\Local\Temp\ccTn9tGc.s:16912  .debug_str:000000000000e1b3 .LASF589
C:\Users\zero6575\AppData\Local\Temp\ccTn9tGc.s:14210  .debug_str:0000000000005acb .LASF590
C:\Users\zero6575\AppData\Local\Temp\ccTn9tGc.s:14114  .debug_str:00000000000055d5 .LASF591
C:\Users\zero6575\AppData\Local\Temp\ccTn9tGc.s:15938  .debug_str:000000000000b1fb .LASF592
C:\Users\zero6575\AppData\Local\Temp\ccTn9tGc.s:14150  .debug_str:000000000000573a .LASF593
C:\Users\zero6575\AppData\Local\Temp\ccTn9tGc.s:13780  .debug_str:0000000000004276 .LASF594
C:\Users\zero6575\AppData\Local\Temp\ccTn9tGc.s:13250  .debug_str:000000000000269b .LASF595
C:\Users\zero6575\AppData\Local\Temp\ccTn9tGc.s:14430  .debug_str:0000000000006521 .LASF596
C:\Users\zero6575\AppData\Local\Temp\ccTn9tGc.s:16390  .debug_str:000000000000c64e .LASF597
C:\Users\zero6575\AppData\Local\Temp\ccTn9tGc.s:13274  .debug_str:0000000000002833 .LASF598
C:\Users\zero6575\AppData\Local\Temp\ccTn9tGc.s:15228  .debug_str:0000000000008ced .LASF599
C:\Users\zero6575\AppData\Local\Temp\ccTn9tGc.s:16664  .debug_str:000000000000d408 .LASF600
C:\Users\zero6575\AppData\Local\Temp\ccTn9tGc.s:16932  .debug_str:000000000000e296 .LASF601
C:\Users\zero6575\AppData\Local\Temp\ccTn9tGc.s:15668  .debug_str:000000000000a417 .LASF602
C:\Users\zero6575\AppData\Local\Temp\ccTn9tGc.s:16844  .debug_str:000000000000dd33 .LASF603
C:\Users\zero6575\AppData\Local\Temp\ccTn9tGc.s:17038  .debug_str:000000000000e775 .LASF604
C:\Users\zero6575\AppData\Local\Temp\ccTn9tGc.s:16050  .debug_str:000000000000b6d1 .LASF605
C:\Users\zero6575\AppData\Local\Temp\ccTn9tGc.s:13124  .debug_str:0000000000001dd4 .LASF606
C:\Users\zero6575\AppData\Local\Temp\ccTn9tGc.s:16036  .debug_str:000000000000b657 .LASF607
C:\Users\zero6575\AppData\Local\Temp\ccTn9tGc.s:14290  .debug_str:0000000000005e9b .LASF608
C:\Users\zero6575\AppData\Local\Temp\ccTn9tGc.s:13624  .debug_str:00000000000039d9 .LASF609
C:\Users\zero6575\AppData\Local\Temp\ccTn9tGc.s:14284  .debug_str:0000000000005e4d .LASF610
C:\Users\zero6575\AppData\Local\Temp\ccTn9tGc.s:15708  .debug_str:000000000000a648 .LASF611
C:\Users\zero6575\AppData\Local\Temp\ccTn9tGc.s:13318  .debug_str:0000000000002a3a .LASF612
C:\Users\zero6575\AppData\Local\Temp\ccTn9tGc.s:16732  .debug_str:000000000000d705 .LASF613
C:\Users\zero6575\AppData\Local\Temp\ccTn9tGc.s:14900  .debug_str:0000000000007e31 .LASF614
C:\Users\zero6575\AppData\Local\Temp\ccTn9tGc.s:12822  .debug_str:0000000000000ed2 .LASF615
C:\Users\zero6575\AppData\Local\Temp\ccTn9tGc.s:14472  .debug_str:0000000000006741 .LASF616
C:\Users\zero6575\AppData\Local\Temp\ccTn9tGc.s:13196  .debug_str:00000000000023bc .LASF617
C:\Users\zero6575\AppData\Local\Temp\ccTn9tGc.s:13680  .debug_str:0000000000003ce4 .LASF618
C:\Users\zero6575\AppData\Local\Temp\ccTn9tGc.s:16826  .debug_str:000000000000dc1f .LASF619
C:\Users\zero6575\AppData\Local\Temp\ccTn9tGc.s:15896  .debug_str:000000000000af3d .LASF620
C:\Users\zero6575\AppData\Local\Temp\ccTn9tGc.s:14936  .debug_str:0000000000007fe2 .LASF621
C:\Users\zero6575\AppData\Local\Temp\ccTn9tGc.s:12664  .debug_str:0000000000000771 .LASF622
C:\Users\zero6575\AppData\Local\Temp\ccTn9tGc.s:15540  .debug_str:0000000000009d88 .LASF623
C:\Users\zero6575\AppData\Local\Temp\ccTn9tGc.s:15488  .debug_str:0000000000009a8e .LASF624
C:\Users\zero6575\AppData\Local\Temp\ccTn9tGc.s:14434  .debug_str:0000000000006551 .LASF625
C:\Users\zero6575\AppData\Local\Temp\ccTn9tGc.s:14464  .debug_str:00000000000066c7 .LASF626
C:\Users\zero6575\AppData\Local\Temp\ccTn9tGc.s:16268  .debug_str:000000000000c085 .LASF627
C:\Users\zero6575\AppData\Local\Temp\ccTn9tGc.s:12930  .debug_str:000000000000141c .LASF628
C:\Users\zero6575\AppData\Local\Temp\ccTn9tGc.s:14374  .debug_str:00000000000062b6 .LASF629
C:\Users\zero6575\AppData\Local\Temp\ccTn9tGc.s:14572  .debug_str:0000000000006c56 .LASF630
C:\Users\zero6575\AppData\Local\Temp\ccTn9tGc.s:17030  .debug_str:000000000000e711 .LASF631
C:\Users\zero6575\AppData\Local\Temp\ccTn9tGc.s:16242  .debug_str:000000000000bf6a .LASF632
C:\Users\zero6575\AppData\Local\Temp\ccTn9tGc.s:12802  .debug_str:0000000000000dd3 .LASF633
C:\Users\zero6575\AppData\Local\Temp\ccTn9tGc.s:15060  .debug_str:00000000000084ca .LASF634
C:\Users\zero6575\AppData\Local\Temp\ccTn9tGc.s:13704  .debug_str:0000000000003e20 .LASF635
C:\Users\zero6575\AppData\Local\Temp\ccTn9tGc.s:13188  .debug_str:0000000000002325 .LASF636
C:\Users\zero6575\AppData\Local\Temp\ccTn9tGc.s:16298  .debug_str:000000000000c201 .LASF637
C:\Users\zero6575\AppData\Local\Temp\ccTn9tGc.s:17018  .debug_str:000000000000e65d .LASF638
C:\Users\zero6575\AppData\Local\Temp\ccTn9tGc.s:15714  .debug_str:000000000000a6a7 .LASF639
C:\Users\zero6575\AppData\Local\Temp\ccTn9tGc.s:14892  .debug_str:0000000000007d6e .LASF640
C:\Users\zero6575\AppData\Local\Temp\ccTn9tGc.s:12620  .debug_str:000000000000054a .LASF641
C:\Users\zero6575\AppData\Local\Temp\ccTn9tGc.s:13808  .debug_str:00000000000043c0 .LASF642
C:\Users\zero6575\AppData\Local\Temp\ccTn9tGc.s:13764  .debug_str:0000000000004135 .LASF643
C:\Users\zero6575\AppData\Local\Temp\ccTn9tGc.s:15472  .debug_str:000000000000999f .LASF644
C:\Users\zero6575\AppData\Local\Temp\ccTn9tGc.s:15438  .debug_str:0000000000009808 .LASF645
C:\Users\zero6575\AppData\Local\Temp\ccTn9tGc.s:13224  .debug_str:0000000000002542 .LASF646
C:\Users\zero6575\AppData\Local\Temp\ccTn9tGc.s:14228  .debug_str:0000000000005ba8 .LASF647
C:\Users\zero6575\AppData\Local\Temp\ccTn9tGc.s:13266  .debug_str:0000000000002774 .LASF648
C:\Users\zero6575\AppData\Local\Temp\ccTn9tGc.s:15304  .debug_str:000000000000914e .LASF649
C:\Users\zero6575\AppData\Local\Temp\ccTn9tGc.s:13036  .debug_str:00000000000018f3 .LASF650
C:\Users\zero6575\AppData\Local\Temp\ccTn9tGc.s:14156  .debug_str:0000000000005778 .LASF651
C:\Users\zero6575\AppData\Local\Temp\ccTn9tGc.s:17022  .debug_str:000000000000e6a0 .LASF652
C:\Users\zero6575\AppData\Local\Temp\ccTn9tGc.s:14954  .debug_str:00000000000080b1 .LASF653
C:\Users\zero6575\AppData\Local\Temp\ccTn9tGc.s:15624  .debug_str:000000000000a1af .LASF654
C:\Users\zero6575\AppData\Local\Temp\ccTn9tGc.s:14232  .debug_str:0000000000005c1a .LASF655
C:\Users\zero6575\AppData\Local\Temp\ccTn9tGc.s:16768  .debug_str:000000000000d8f9 .LASF656
C:\Users\zero6575\AppData\Local\Temp\ccTn9tGc.s:13406  .debug_str:0000000000002f77 .LASF657
C:\Users\zero6575\AppData\Local\Temp\ccTn9tGc.s:15528  .debug_str:0000000000009cec .LASF658
C:\Users\zero6575\AppData\Local\Temp\ccTn9tGc.s:13324  .debug_str:0000000000002ac9 .LASF659
C:\Users\zero6575\AppData\Local\Temp\ccTn9tGc.s:14130  .debug_str:000000000000566f .LASF660
C:\Users\zero6575\AppData\Local\Temp\ccTn9tGc.s:14088  .debug_str:00000000000054c5 .LASF661
C:\Users\zero6575\AppData\Local\Temp\ccTn9tGc.s:12634  .debug_str:000000000000061c .LASF662
C:\Users\zero6575\AppData\Local\Temp\ccTn9tGc.s:16636  .debug_str:000000000000d259 .LASF663
C:\Users\zero6575\AppData\Local\Temp\ccTn9tGc.s:14986  .debug_str:00000000000081e4 .LASF664
C:\Users\zero6575\AppData\Local\Temp\ccTn9tGc.s:13868  .debug_str:000000000000478b .LASF665
C:\Users\zero6575\AppData\Local\Temp\ccTn9tGc.s:13834  .debug_str:000000000000454a .LASF666
C:\Users\zero6575\AppData\Local\Temp\ccTn9tGc.s:13416  .debug_str:0000000000002ff4 .LASF667
C:\Users\zero6575\AppData\Local\Temp\ccTn9tGc.s:15242  .debug_str:0000000000008da2 .LASF668
C:\Users\zero6575\AppData\Local\Temp\ccTn9tGc.s:14196  .debug_str:0000000000005a0b .LASF669
C:\Users\zero6575\AppData\Local\Temp\ccTn9tGc.s:14824  .debug_str:0000000000007993 .LASF670
C:\Users\zero6575\AppData\Local\Temp\ccTn9tGc.s:13974  .debug_str:0000000000004e81 .LASF671
C:\Users\zero6575\AppData\Local\Temp\ccTn9tGc.s:15562  .debug_str:0000000000009e97 .LASF672
C:\Users\zero6575\AppData\Local\Temp\ccTn9tGc.s:15260  .debug_str:0000000000008f43 .LASF673
C:\Users\zero6575\AppData\Local\Temp\ccTn9tGc.s:13894  .debug_str:00000000000049fe .LASF674
C:\Users\zero6575\AppData\Local\Temp\ccTn9tGc.s:13778  .debug_str:000000000000422f .LASF675
C:\Users\zero6575\AppData\Local\Temp\ccTn9tGc.s:13320  .debug_str:0000000000002a5f .LASF676
C:\Users\zero6575\AppData\Local\Temp\ccTn9tGc.s:14438  .debug_str:0000000000006592 .LASF677
C:\Users\zero6575\AppData\Local\Temp\ccTn9tGc.s:13046  .debug_str:0000000000001992 .LASF678
C:\Users\zero6575\AppData\Local\Temp\ccTn9tGc.s:13826  .debug_str:00000000000044de .LASF679
C:\Users\zero6575\AppData\Local\Temp\ccTn9tGc.s:15982  .debug_str:000000000000b3a4 .LASF680
C:\Users\zero6575\AppData\Local\Temp\ccTn9tGc.s:14642  .debug_str:0000000000007036 .LASF681
C:\Users\zero6575\AppData\Local\Temp\ccTn9tGc.s:14352  .debug_str:0000000000006175 .LASF682
C:\Users\zero6575\AppData\Local\Temp\ccTn9tGc.s:16302  .debug_str:000000000000c23d .LASF683
C:\Users\zero6575\AppData\Local\Temp\ccTn9tGc.s:15206  .debug_str:0000000000008bd8 .LASF684
C:\Users\zero6575\AppData\Local\Temp\ccTn9tGc.s:13740  .debug_str:0000000000004000 .LASF685
C:\Users\zero6575\AppData\Local\Temp\ccTn9tGc.s:12836  .debug_str:0000000000001012 .LASF686
C:\Users\zero6575\AppData\Local\Temp\ccTn9tGc.s:15926  .debug_str:000000000000b146 .LASF687
C:\Users\zero6575\AppData\Local\Temp\ccTn9tGc.s:15444  .debug_str:000000000000987c .LASF688
C:\Users\zero6575\AppData\Local\Temp\ccTn9tGc.s:15428  .debug_str:0000000000009785 .LASF689
C:\Users\zero6575\AppData\Local\Temp\ccTn9tGc.s:16384  .debug_str:000000000000c623 .LASF690
C:\Users\zero6575\AppData\Local\Temp\ccTn9tGc.s:16704  .debug_str:000000000000d5ae .LASF691
C:\Users\zero6575\AppData\Local\Temp\ccTn9tGc.s:13468  .debug_str:000000000000325a .LASF692
C:\Users\zero6575\AppData\Local\Temp\ccTn9tGc.s:13858  .debug_str:00000000000046ab .LASF693
C:\Users\zero6575\AppData\Local\Temp\ccTn9tGc.s:15350  .debug_str:00000000000093f3 .LASF694
C:\Users\zero6575\AppData\Local\Temp\ccTn9tGc.s:16340  .debug_str:000000000000c422 .LASF695
C:\Users\zero6575\AppData\Local\Temp\ccTn9tGc.s:12712  .debug_str:0000000000000a05 .LASF696
C:\Users\zero6575\AppData\Local\Temp\ccTn9tGc.s:14740  .debug_str:000000000000754e .LASF697
C:\Users\zero6575\AppData\Local\Temp\ccTn9tGc.s:15600  .debug_str:000000000000a06c .LASF698
C:\Users\zero6575\AppData\Local\Temp\ccTn9tGc.s:14734  .debug_str:0000000000007508 .LASF699
C:\Users\zero6575\AppData\Local\Temp\ccTn9tGc.s:16386  .debug_str:000000000000c634 .LASF700
C:\Users\zero6575\AppData\Local\Temp\ccTn9tGc.s:14768  .debug_str:00000000000076a1 .LASF701
C:\Users\zero6575\AppData\Local\Temp\ccTn9tGc.s:12636  .debug_str:000000000000062f .LASF702
C:\Users\zero6575\AppData\Local\Temp\ccTn9tGc.s:14250  .debug_str:0000000000005ccd .LASF703
C:\Users\zero6575\AppData\Local\Temp\ccTn9tGc.s:12542  .debug_str:00000000000001b8 .LASF704
C:\Users\zero6575\AppData\Local\Temp\ccTn9tGc.s:15066  .debug_str:0000000000008514 .LASF705
C:\Users\zero6575\AppData\Local\Temp\ccTn9tGc.s:13052  .debug_str:00000000000019ff .LASF706
C:\Users\zero6575\AppData\Local\Temp\ccTn9tGc.s:15306  .debug_str:00000000000091c5 .LASF707
C:\Users\zero6575\AppData\Local\Temp\ccTn9tGc.s:13410  .debug_str:0000000000002fc7 .LASF708
C:\Users\zero6575\AppData\Local\Temp\ccTn9tGc.s:13648  .debug_str:0000000000003b85 .LASF709
C:\Users\zero6575\AppData\Local\Temp\ccTn9tGc.s:14302  .debug_str:0000000000005f1b .LASF710
C:\Users\zero6575\AppData\Local\Temp\ccTn9tGc.s:14142  .debug_str:00000000000056eb .LASF711
C:\Users\zero6575\AppData\Local\Temp\ccTn9tGc.s:14886  .debug_str:0000000000007d17 .LASF712
C:\Users\zero6575\AppData\Local\Temp\ccTn9tGc.s:16978  .debug_str:000000000000e497 .LASF713
C:\Users\zero6575\AppData\Local\Temp\ccTn9tGc.s:12724  .debug_str:0000000000000a63 .LASF715
C:\Users\zero6575\AppData\Local\Temp\ccTn9tGc.s:15718  .debug_str:000000000000a715 .LASF716
C:\Users\zero6575\AppData\Local\Temp\ccTn9tGc.s:14428  .debug_str:0000000000006512 .LASF719
C:\Users\zero6575\AppData\Local\Temp\ccTn9tGc.s:12686  .debug_str:00000000000008ea .LASF720
C:\Users\zero6575\AppData\Local\Temp\ccTn9tGc.s:16320  .debug_str:000000000000c32c .LASF721
C:\Users\zero6575\AppData\Local\Temp\ccTn9tGc.s:14520  .debug_str:0000000000006a32 .LASF722
C:\Users\zero6575\AppData\Local\Temp\ccTn9tGc.s:13984  .debug_str:0000000000004f07 .LASF724
C:\Users\zero6575\AppData\Local\Temp\ccTn9tGc.s:13694  .debug_str:0000000000003d7e .LASF725
C:\Users\zero6575\AppData\Local\Temp\ccTn9tGc.s:13672  .debug_str:0000000000003ca5 .LASF726
C:\Users\zero6575\AppData\Local\Temp\ccTn9tGc.s:17156  .debug_str:000000000000ed24 .LASF727
C:\Users\zero6575\AppData\Local\Temp\ccTn9tGc.s:14470  .debug_str:0000000000006727 .LASF728
C:\Users\zero6575\AppData\Local\Temp\ccTn9tGc.s:14896  .debug_str:0000000000007e06 .LASF729
C:\Users\zero6575\AppData\Local\Temp\ccTn9tGc.s:13732  .debug_str:0000000000003f87 .LASF730
C:\Users\zero6575\AppData\Local\Temp\ccTn9tGc.s:15908  .debug_str:000000000000b07c .LASF731
C:\Users\zero6575\AppData\Local\Temp\ccTn9tGc.s:15152  .debug_str:0000000000008900 .LASF732
C:\Users\zero6575\AppData\Local\Temp\ccTn9tGc.s:14254  .debug_str:0000000000005d04 .LASF733
C:\Users\zero6575\AppData\Local\Temp\ccTn9tGc.s:17212  .debug_str:000000000000efb4 .LASF734
C:\Users\zero6575\AppData\Local\Temp\ccTn9tGc.s:14396  .debug_str:00000000000063c7 .LASF735
C:\Users\zero6575\AppData\Local\Temp\ccTn9tGc.s:14054  .debug_str:00000000000052f7 .LASF736
C:\Users\zero6575\AppData\Local\Temp\ccTn9tGc.s:15286  .debug_str:0000000000009083 .LASF737
C:\Users\zero6575\AppData\Local\Temp\ccTn9tGc.s:13260  .debug_str:000000000000270c .LASF738
C:\Users\zero6575\AppData\Local\Temp\ccTn9tGc.s:13032  .debug_str:00000000000018c2 .LASF739
C:\Users\zero6575\AppData\Local\Temp\ccTn9tGc.s:16392  .debug_str:000000000000c667 .LASF740
C:\Users\zero6575\AppData\Local\Temp\ccTn9tGc.s:14956  .debug_str:00000000000080ca .LASF741
C:\Users\zero6575\AppData\Local\Temp\ccTn9tGc.s:13248  .debug_str:000000000000266d .LASF742
C:\Users\zero6575\AppData\Local\Temp\ccTn9tGc.s:13658  .debug_str:0000000000003c18 .LASF743
C:\Users\zero6575\AppData\Local\Temp\ccTn9tGc.s:15006  .debug_str:00000000000082be .LASF744
C:\Users\zero6575\AppData\Local\Temp\ccTn9tGc.s:13194  .debug_str:00000000000023ac .LASF745
C:\Users\zero6575\AppData\Local\Temp\ccTn9tGc.s:15088  .debug_str:00000000000085f1 .LASF746
C:\Users\zero6575\AppData\Local\Temp\ccTn9tGc.s:13002  .debug_str:000000000000178c .LASF747
C:\Users\zero6575\AppData\Local\Temp\ccTn9tGc.s:14650  .debug_str:00000000000070e7 .LASF748
C:\Users\zero6575\AppData\Local\Temp\ccTn9tGc.s:13646  .debug_str:0000000000003b6d .LASF749
C:\Users\zero6575\AppData\Local\Temp\ccTn9tGc.s:17026  .debug_str:000000000000e6dd .LASF750
C:\Users\zero6575\AppData\Local\Temp\ccTn9tGc.s:17078  .debug_str:000000000000e971 .LASF751
C:\Users\zero6575\AppData\Local\Temp\ccTn9tGc.s:15834  .debug_str:000000000000ac5a .LASF752
C:\Users\zero6575\AppData\Local\Temp\ccTn9tGc.s:15268  .debug_str:0000000000008fe1 .LASF753
C:\Users\zero6575\AppData\Local\Temp\ccTn9tGc.s:17042  .debug_str:000000000000e79e .LASF754
C:\Users\zero6575\AppData\Local\Temp\ccTn9tGc.s:16178  .debug_str:000000000000bc75 .LASF755
C:\Users\zero6575\AppData\Local\Temp\ccTn9tGc.s:13330  .debug_str:0000000000002b36 .LASF756
C:\Users\zero6575\AppData\Local\Temp\ccTn9tGc.s:16878  .debug_str:000000000000df7b .LASF757
C:\Users\zero6575\AppData\Local\Temp\ccTn9tGc.s:16370  .debug_str:000000000000c57e .LASF758
C:\Users\zero6575\AppData\Local\Temp\ccTn9tGc.s:13360  .debug_str:0000000000002cd8 .LASF759
C:\Users\zero6575\AppData\Local\Temp\ccTn9tGc.s:15678  .debug_str:000000000000a47d .LASF760
C:\Users\zero6575\AppData\Local\Temp\ccTn9tGc.s:15448  .debug_str:00000000000098a2 .LASF761
C:\Users\zero6575\AppData\Local\Temp\ccTn9tGc.s:15902  .debug_str:000000000000af9f .LASF762
C:\Users\zero6575\AppData\Local\Temp\ccTn9tGc.s:12788  .debug_str:0000000000000cd9 .LASF763
C:\Users\zero6575\AppData\Local\Temp\ccTn9tGc.s:13866  .debug_str:00000000000046fb .LASF764
C:\Users\zero6575\AppData\Local\Temp\ccTn9tGc.s:13874  .debug_str:00000000000047fd .LASF765
C:\Users\zero6575\AppData\Local\Temp\ccTn9tGc.s:14598  .debug_str:0000000000006dd6 .LASF766
C:\Users\zero6575\AppData\Local\Temp\ccTn9tGc.s:14488  .debug_str:000000000000681c .LASF767
C:\Users\zero6575\AppData\Local\Temp\ccTn9tGc.s:16736  .debug_str:000000000000d74e .LASF768
C:\Users\zero6575\AppData\Local\Temp\ccTn9tGc.s:13568  .debug_str:000000000000371f .LASF769
C:\Users\zero6575\AppData\Local\Temp\ccTn9tGc.s:13142  .debug_str:0000000000001e79 .LASF770
C:\Users\zero6575\AppData\Local\Temp\ccTn9tGc.s:12834  .debug_str:0000000000000f9d .LASF771
C:\Users\zero6575\AppData\Local\Temp\ccTn9tGc.s:16484  .debug_str:000000000000ca47 .LASF772
C:\Users\zero6575\AppData\Local\Temp\ccTn9tGc.s:14190  .debug_str:00000000000059aa .LASF773
C:\Users\zero6575\AppData\Local\Temp\ccTn9tGc.s:13536  .debug_str:0000000000003592 .LASF774
C:\Users\zero6575\AppData\Local\Temp\ccTn9tGc.s:14798  .debug_str:0000000000007852 .LASF775
C:\Users\zero6575\AppData\Local\Temp\ccTn9tGc.s:15808  .debug_str:000000000000ab1a .LASF776
C:\Users\zero6575\AppData\Local\Temp\ccTn9tGc.s:15092  .debug_str:0000000000008620 .LASF777
C:\Users\zero6575\AppData\Local\Temp\ccTn9tGc.s:15258  .debug_str:0000000000008f17 .LASF778
C:\Users\zero6575\AppData\Local\Temp\ccTn9tGc.s:15264  .debug_str:0000000000008f9a .LASF779
C:\Users\zero6575\AppData\Local\Temp\ccTn9tGc.s:13448  .debug_str:0000000000003174 .LASF780
C:\Users\zero6575\AppData\Local\Temp\ccTn9tGc.s:14774  .debug_str:00000000000076d2 .LASF781
C:\Users\zero6575\AppData\Local\Temp\ccTn9tGc.s:13042  .debug_str:0000000000001957 .LASF782
C:\Users\zero6575\AppData\Local\Temp\ccTn9tGc.s:16520  .debug_str:000000000000cc78 .LASF783
C:\Users\zero6575\AppData\Local\Temp\ccTn9tGc.s:14852  .debug_str:0000000000007b21 .LASF784
C:\Users\zero6575\AppData\Local\Temp\ccTn9tGc.s:17154  .debug_str:000000000000ecef .LASF785
C:\Users\zero6575\AppData\Local\Temp\ccTn9tGc.s:16662  .debug_str:000000000000d3d3 .LASF786
C:\Users\zero6575\AppData\Local\Temp\ccTn9tGc.s:16778  .debug_str:000000000000d96f .LASF787
C:\Users\zero6575\AppData\Local\Temp\ccTn9tGc.s:16812  .debug_str:000000000000db6a .LASF788
C:\Users\zero6575\AppData\Local\Temp\ccTn9tGc.s:15612  .debug_str:000000000000a107 .LASF789
C:\Users\zero6575\AppData\Local\Temp\ccTn9tGc.s:15310  .debug_str:00000000000091e7 .LASF790
C:\Users\zero6575\AppData\Local\Temp\ccTn9tGc.s:13650  .debug_str:0000000000003b98 .LASF791
C:\Users\zero6575\AppData\Local\Temp\ccTn9tGc.s:16194  .debug_str:000000000000bd40 .LASF792
C:\Users\zero6575\AppData\Local\Temp\ccTn9tGc.s:13714  .debug_str:0000000000003ea6 .LASF793
C:\Users\zero6575\AppData\Local\Temp\ccTn9tGc.s:13442  .debug_str:00000000000030fd .LASF794
C:\Users\zero6575\AppData\Local\Temp\ccTn9tGc.s:15894  .debug_str:000000000000af03 .LASF795
C:\Users\zero6575\AppData\Local\Temp\ccTn9tGc.s:13530  .debug_str:0000000000003548 .LASF796
C:\Users\zero6575\AppData\Local\Temp\ccTn9tGc.s:14044  .debug_str:0000000000005241 .LASF797
C:\Users\zero6575\AppData\Local\Temp\ccTn9tGc.s:14864  .debug_str:0000000000007c01 .LASF798
C:\Users\zero6575\AppData\Local\Temp\ccTn9tGc.s:16078  .debug_str:000000000000b801 .LASF799
C:\Users\zero6575\AppData\Local\Temp\ccTn9tGc.s:15696  .debug_str:000000000000a5d5 .LASF800
C:\Users\zero6575\AppData\Local\Temp\ccTn9tGc.s:13600  .debug_str:00000000000038cd .LASF801
C:\Users\zero6575\AppData\Local\Temp\ccTn9tGc.s:13542  .debug_str:00000000000035f4 .LASF802
C:\Users\zero6575\AppData\Local\Temp\ccTn9tGc.s:13612  .debug_str:0000000000003959 .LASF803
C:\Users\zero6575\AppData\Local\Temp\ccTn9tGc.s:14240  .debug_str:0000000000005c7f .LASF804
C:\Users\zero6575\AppData\Local\Temp\ccTn9tGc.s:16686  .debug_str:000000000000d4fa .LASF806
C:\Users\zero6575\AppData\Local\Temp\ccTn9tGc.s:13792  .debug_str:0000000000004310 .LASF807
C:\Users\zero6575\AppData\Local\Temp\ccTn9tGc.s:12996  .debug_str:000000000000173c .LASF808
C:\Users\zero6575\AppData\Local\Temp\ccTn9tGc.s:13872  .debug_str:00000000000047e2 .LASF809
C:\Users\zero6575\AppData\Local\Temp\ccTn9tGc.s:13956  .debug_str:0000000000004db7 .LASF810
C:\Users\zero6575\AppData\Local\Temp\ccTn9tGc.s:13622  .debug_str:00000000000039c9 .LASF811
C:\Users\zero6575\AppData\Local\Temp\ccTn9tGc.s:16796  .debug_str:000000000000da98 .LASF812
C:\Users\zero6575\AppData\Local\Temp\ccTn9tGc.s:12840  .debug_str:000000000000102f .LASF813
C:\Users\zero6575\AppData\Local\Temp\ccTn9tGc.s:13548  .debug_str:0000000000003638 .LASF814
C:\Users\zero6575\AppData\Local\Temp\ccTn9tGc.s:12830  .debug_str:0000000000000f62 .LASF815
C:\Users\zero6575\AppData\Local\Temp\ccTn9tGc.s:13906  .debug_str:0000000000004b24 .LASF816
C:\Users\zero6575\AppData\Local\Temp\ccTn9tGc.s:14262  .debug_str:0000000000005d5e .LASF817
C:\Users\zero6575\AppData\Local\Temp\ccTn9tGc.s:16562  .debug_str:000000000000ce55 .LASF818
C:\Users\zero6575\AppData\Local\Temp\ccTn9tGc.s:13596  .debug_str:000000000000389c .LASF819
C:\Users\zero6575\AppData\Local\Temp\ccTn9tGc.s:16352  .debug_str:000000000000c49d .LASF820
C:\Users\zero6575\AppData\Local\Temp\ccTn9tGc.s:14236  .debug_str:0000000000005c4d .LASF821
C:\Users\zero6575\AppData\Local\Temp\ccTn9tGc.s:15424  .debug_str:0000000000009762 .LASF822
C:\Users\zero6575\AppData\Local\Temp\ccTn9tGc.s:15860  .debug_str:000000000000ad83 .LASF825
C:\Users\zero6575\AppData\Local\Temp\ccTn9tGc.s:17146  .debug_str:000000000000ec97 .LASF826
C:\Users\zero6575\AppData\Local\Temp\ccTn9tGc.s:17230  .debug_str:000000000000f09f .LASF827
C:\Users\zero6575\AppData\Local\Temp\ccTn9tGc.s:13184  .debug_str:00000000000022ff .LASF828
C:\Users\zero6575\AppData\Local\Temp\ccTn9tGc.s:15536  .debug_str:0000000000009d61 .LASF829
C:\Users\zero6575\AppData\Local\Temp\ccTn9tGc.s:13770  .debug_str:00000000000041c7 .LASF830
C:\Users\zero6575\AppData\Local\Temp\ccTn9tGc.s:17112  .debug_str:000000000000eb05 .LASF831
C:\Users\zero6575\AppData\Local\Temp\ccTn9tGc.s:15168  .debug_str:00000000000089a4 .LASF832
C:\Users\zero6575\AppData\Local\Temp\ccTn9tGc.s:15244  .debug_str:0000000000008dc7 .LASF833
C:\Users\zero6575\AppData\Local\Temp\ccTn9tGc.s:14012  .debug_str:000000000000501b .LASF834
C:\Users\zero6575\AppData\Local\Temp\ccTn9tGc.s:14364  .debug_str:00000000000061f4 .LASF837
C:\Users\zero6575\AppData\Local\Temp\ccTn9tGc.s:16886  .debug_str:000000000000dff9 .LASF838
C:\Users\zero6575\AppData\Local\Temp\ccTn9tGc.s:13186  .debug_str:0000000000002311 .LASF839
C:\Users\zero6575\AppData\Local\Temp\ccTn9tGc.s:14846  .debug_str:0000000000007ae6 .LASF840
C:\Users\zero6575\AppData\Local\Temp\ccTn9tGc.s:16378  .debug_str:000000000000c5db .LASF841
C:\Users\zero6575\AppData\Local\Temp\ccTn9tGc.s:14748  .debug_str:0000000000007593 .LASF842
C:\Users\zero6575\AppData\Local\Temp\ccTn9tGc.s:14666  .debug_str:00000000000071c9 .LASF843
C:\Users\zero6575\AppData\Local\Temp\ccTn9tGc.s:13112  .debug_str:0000000000001d2d .LASF844
C:\Users\zero6575\AppData\Local\Temp\ccTn9tGc.s:13702  .debug_str:0000000000003ddc .LASF845
C:\Users\zero6575\AppData\Local\Temp\ccTn9tGc.s:13212  .debug_str:0000000000002484 .LASF846
C:\Users\zero6575\AppData\Local\Temp\ccTn9tGc.s:13900  .debug_str:0000000000004ab4 .LASF847
C:\Users\zero6575\AppData\Local\Temp\ccTn9tGc.s:13920  .debug_str:0000000000004bc4 .LASF848
C:\Users\zero6575\AppData\Local\Temp\ccTn9tGc.s:16566  .debug_str:000000000000ce90 .LASF849
C:\Users\zero6575\AppData\Local\Temp\ccTn9tGc.s:12736  .debug_str:0000000000000ac7 .LASF850
C:\Users\zero6575\AppData\Local\Temp\ccTn9tGc.s:14924  .debug_str:0000000000007f66 .LASF851
C:\Users\zero6575\AppData\Local\Temp\ccTn9tGc.s:14160  .debug_str:00000000000057e9 .LASF852
C:\Users\zero6575\AppData\Local\Temp\ccTn9tGc.s:16394  .debug_str:000000000000c691 .LASF853
C:\Users\zero6575\AppData\Local\Temp\ccTn9tGc.s:16250  .debug_str:000000000000bfb4 .LASF854
C:\Users\zero6575\AppData\Local\Temp\ccTn9tGc.s:15744  .debug_str:000000000000a825 .LASF855
C:\Users\zero6575\AppData\Local\Temp\ccTn9tGc.s:13284  .debug_str:00000000000028b7 .LASF856
C:\Users\zero6575\AppData\Local\Temp\ccTn9tGc.s:14014  .debug_str:00000000000050eb .LASF857
C:\Users\zero6575\AppData\Local\Temp\ccTn9tGc.s:16852  .debug_str:000000000000ddc0 .LASF858
C:\Users\zero6575\AppData\Local\Temp\ccTn9tGc.s:12866  .debug_str:0000000000001128 .LASF859
C:\Users\zero6575\AppData\Local\Temp\ccTn9tGc.s:15128  .debug_str:00000000000087fb .LASF860
C:\Users\zero6575\AppData\Local\Temp\ccTn9tGc.s:15762  .debug_str:000000000000a8ed .LASF861
C:\Users\zero6575\AppData\Local\Temp\ccTn9tGc.s:13218  .debug_str:00000000000024fb .LASF862
C:\Users\zero6575\AppData\Local\Temp\ccTn9tGc.s:15760  .debug_str:000000000000a8da .LASF863
C:\Users\zero6575\AppData\Local\Temp\ccTn9tGc.s:14086  .debug_str:00000000000054af .LASF864
C:\Users\zero6575\AppData\Local\Temp\ccTn9tGc.s:13290  .debug_str:00000000000028f3 .LASF865
C:\Users\zero6575\AppData\Local\Temp\ccTn9tGc.s:14214  .debug_str:0000000000005b25 .LASF866
C:\Users\zero6575\AppData\Local\Temp\ccTn9tGc.s:16422  .debug_str:000000000000c799 .LASF867
C:\Users\zero6575\AppData\Local\Temp\ccTn9tGc.s:14818  .debug_str:0000000000007955 .LASF868
C:\Users\zero6575\AppData\Local\Temp\ccTn9tGc.s:14072  .debug_str:0000000000005419 .LASF869
C:\Users\zero6575\AppData\Local\Temp\ccTn9tGc.s:15884  .debug_str:000000000000aea5 .LASF870
C:\Users\zero6575\AppData\Local\Temp\ccTn9tGc.s:15856  .debug_str:000000000000ad54 .LASF871
C:\Users\zero6575\AppData\Local\Temp\ccTn9tGc.s:14198  .debug_str:0000000000005a58 .LASF872
C:\Users\zero6575\AppData\Local\Temp\ccTn9tGc.s:16180  .debug_str:000000000000bc8a .LASF873
C:\Users\zero6575\AppData\Local\Temp\ccTn9tGc.s:14294  .debug_str:0000000000005eca .LASF874
C:\Users\zero6575\AppData\Local\Temp\ccTn9tGc.s:16430  .debug_str:000000000000c7e9 .LASF875
C:\Users\zero6575\AppData\Local\Temp\ccTn9tGc.s:17106  .debug_str:000000000000eaa8 .LASF876
C:\Users\zero6575\AppData\Local\Temp\ccTn9tGc.s:14744  .debug_str:000000000000756d .LASF877
C:\Users\zero6575\AppData\Local\Temp\ccTn9tGc.s:14268  .debug_str:0000000000005dae .LASF878
C:\Users\zero6575\AppData\Local\Temp\ccTn9tGc.s:15158  .debug_str:0000000000008948 .LASF879
C:\Users\zero6575\AppData\Local\Temp\ccTn9tGc.s:13670  .debug_str:0000000000003c8f .LASF880
C:\Users\zero6575\AppData\Local\Temp\ccTn9tGc.s:15530  .debug_str:0000000000009d2f .LASF882
C:\Users\zero6575\AppData\Local\Temp\ccTn9tGc.s:14556  .debug_str:0000000000006bbc .LASF883
C:\Users\zero6575\AppData\Local\Temp\ccTn9tGc.s:15410  .debug_str:00000000000096ce .LASF884
C:\Users\zero6575\AppData\Local\Temp\ccTn9tGc.s:15766  .debug_str:000000000000a913 .LASF885
C:\Users\zero6575\AppData\Local\Temp\ccTn9tGc.s:12986  .debug_str:00000000000016d0 .LASF886
C:\Users\zero6575\AppData\Local\Temp\ccTn9tGc.s:14706  .debug_str:00000000000073bf .LASF887
C:\Users\zero6575\AppData\Local\Temp\ccTn9tGc.s:12970  .debug_str:0000000000001615 .LASF888
C:\Users\zero6575\AppData\Local\Temp\ccTn9tGc.s:15626  .debug_str:000000000000a1cf .LASF889
C:\Users\zero6575\AppData\Local\Temp\ccTn9tGc.s:14702  .debug_str:0000000000007396 .LASF890
C:\Users\zero6575\AppData\Local\Temp\ccTn9tGc.s:16476  .debug_str:000000000000c9f9 .LASF891
C:\Users\zero6575\AppData\Local\Temp\ccTn9tGc.s:16458  .debug_str:000000000000c90b .LASF892
C:\Users\zero6575\AppData\Local\Temp\ccTn9tGc.s:17076  .debug_str:000000000000e939 .LASF893
C:\Users\zero6575\AppData\Local\Temp\ccTn9tGc.s:15682  .debug_str:000000000000a537 .LASF894
C:\Users\zero6575\AppData\Local\Temp\ccTn9tGc.s:17220  .debug_str:000000000000f02d .LASF897
C:\Users\zero6575\AppData\Local\Temp\ccTn9tGc.s:16864  .debug_str:000000000000de7c .LASF898
C:\Users\zero6575\AppData\Local\Temp\ccTn9tGc.s:17068  .debug_str:000000000000e89c .LASF899
C:\Users\zero6575\AppData\Local\Temp\ccTn9tGc.s:14990  .debug_str:0000000000008213 .LASF900
C:\Users\zero6575\AppData\Local\Temp\ccTn9tGc.s:16714  .debug_str:000000000000d624 .LASF901
C:\Users\zero6575\AppData\Local\Temp\ccTn9tGc.s:13504  .debug_str:000000000000341a .LASF902
C:\Users\zero6575\AppData\Local\Temp\ccTn9tGc.s:14676  .debug_str:000000000000724a .LASF903
C:\Users\zero6575\AppData\Local\Temp\ccTn9tGc.s:14266  .debug_str:0000000000005da1 .LASF904
C:\Users\zero6575\AppData\Local\Temp\ccTn9tGc.s:16152  .debug_str:000000000000bb0c .LASF905
C:\Users\zero6575\AppData\Local\Temp\ccTn9tGc.s:14948  .debug_str:0000000000008078 .LASF906
C:\Users\zero6575\AppData\Local\Temp\ccTn9tGc.s:16460  .debug_str:000000000000c945 .LASF907
C:\Users\zero6575\AppData\Local\Temp\ccTn9tGc.s:14660  .debug_str:0000000000007199 .LASF908
C:\Users\zero6575\AppData\Local\Temp\ccTn9tGc.s:13316  .debug_str:0000000000002a2c .LASF909
C:\Users\zero6575\AppData\Local\Temp\ccTn9tGc.s:15704  .debug_str:000000000000a626 .LASF910
C:\Users\zero6575\AppData\Local\Temp\ccTn9tGc.s:16578  .debug_str:000000000000cf37 .LASF911
C:\Users\zero6575\AppData\Local\Temp\ccTn9tGc.s:12532  .debug_str:000000000000013a .LASF912
C:\Users\zero6575\AppData\Local\Temp\ccTn9tGc.s:17086  .debug_str:000000000000e9bf .LASF913
C:\Users\zero6575\AppData\Local\Temp\ccTn9tGc.s:12862  .debug_str:0000000000001103 .LASF914
C:\Users\zero6575\AppData\Local\Temp\ccTn9tGc.s:16934  .debug_str:000000000000e2a9 .LASF915
C:\Users\zero6575\AppData\Local\Temp\ccTn9tGc.s:14968  .debug_str:000000000000814f .LASF916
C:\Users\zero6575\AppData\Local\Temp\ccTn9tGc.s:14910  .debug_str:0000000000007eba .LASF917
C:\Users\zero6575\AppData\Local\Temp\ccTn9tGc.s:16858  .debug_str:000000000000ddf9 .LASF918
C:\Users\zero6575\AppData\Local\Temp\ccTn9tGc.s:13994  .debug_str:0000000000004f75 .LASF919
C:\Users\zero6575\AppData\Local\Temp\ccTn9tGc.s:12934  .debug_str:000000000000144a .LASF920
C:\Users\zero6575\AppData\Local\Temp\ccTn9tGc.s:12538  .debug_str:0000000000000186 .LASF921
C:\Users\zero6575\AppData\Local\Temp\ccTn9tGc.s:15912  .debug_str:000000000000b0c5 .LASF922
C:\Users\zero6575\AppData\Local\Temp\ccTn9tGc.s:17070  .debug_str:000000000000e8f3 .LASF923
C:\Users\zero6575\AppData\Local\Temp\ccTn9tGc.s:15972  .debug_str:000000000000b346 .LASF924
C:\Users\zero6575\AppData\Local\Temp\ccTn9tGc.s:13400  .debug_str:0000000000002f40 .LASF925
C:\Users\zero6575\AppData\Local\Temp\ccTn9tGc.s:12874  .debug_str:0000000000001179 .LASF926
C:\Users\zero6575\AppData\Local\Temp\ccTn9tGc.s:17048  .debug_str:000000000000e7dc .LASF927
C:\Users\zero6575\AppData\Local\Temp\ccTn9tGc.s:14792  .debug_str:0000000000007826 .LASF928
C:\Users\zero6575\AppData\Local\Temp\ccTn9tGc.s:12926  .debug_str:00000000000013f5 .LASF929
C:\Users\zero6575\AppData\Local\Temp\ccTn9tGc.s:15376  .debug_str:0000000000009534 .LASF930
C:\Users\zero6575\AppData\Local\Temp\ccTn9tGc.s:13172  .debug_str:0000000000002268 .LASF931
C:\Users\zero6575\AppData\Local\Temp\ccTn9tGc.s:13296  .debug_str:0000000000002930 .LASF932
C:\Users\zero6575\AppData\Local\Temp\ccTn9tGc.s:17208  .debug_str:000000000000ef7e .LASF933
C:\Users\zero6575\AppData\Local\Temp\ccTn9tGc.s:16992  .debug_str:000000000000e531 .LASF934
C:\Users\zero6575\AppData\Local\Temp\ccTn9tGc.s:17210  .debug_str:000000000000ef98 .LASF935
C:\Users\zero6575\AppData\Local\Temp\ccTn9tGc.s:12728  .debug_str:0000000000000a7d .LASF936
C:\Users\zero6575\AppData\Local\Temp\ccTn9tGc.s:16514  .debug_str:000000000000cbf7 .LASF937
C:\Users\zero6575\AppData\Local\Temp\ccTn9tGc.s:14860  .debug_str:0000000000007b7d .LASF938
C:\Users\zero6575\AppData\Local\Temp\ccTn9tGc.s:14686  .debug_str:000000000000729f .LASF939
C:\Users\zero6575\AppData\Local\Temp\ccTn9tGc.s:13446  .debug_str:0000000000003145 .LASF940
C:\Users\zero6575\AppData\Local\Temp\ccTn9tGc.s:14620  .debug_str:0000000000006f06 .LASF941
C:\Users\zero6575\AppData\Local\Temp\ccTn9tGc.s:12580  .debug_str:0000000000000355 .LASF942
C:\Users\zero6575\AppData\Local\Temp\ccTn9tGc.s:13262  .debug_str:0000000000002734 .LASF943
C:\Users\zero6575\AppData\Local\Temp\ccTn9tGc.s:16308  .debug_str:000000000000c279 .LASF944
C:\Users\zero6575\AppData\Local\Temp\ccTn9tGc.s:15494  .debug_str:0000000000009b20 .LASF945
C:\Users\zero6575\AppData\Local\Temp\ccTn9tGc.s:15396  .debug_str:0000000000009614 .LASF946
C:\Users\zero6575\AppData\Local\Temp\ccTn9tGc.s:14780  .debug_str:0000000000007732 .LASF947
C:\Users\zero6575\AppData\Local\Temp\ccTn9tGc.s:13432  .debug_str:00000000000030b2 .LASF948
C:\Users\zero6575\AppData\Local\Temp\ccTn9tGc.s:13998  .debug_str:0000000000004f8b .LASF951
C:\Users\zero6575\AppData\Local\Temp\ccTn9tGc.s:15280  .debug_str:0000000000009055 .LASF952
C:\Users\zero6575\AppData\Local\Temp\ccTn9tGc.s:15608  .debug_str:000000000000a0dd .LASF953
C:\Users\zero6575\AppData\Local\Temp\ccTn9tGc.s:13158  .debug_str:00000000000021e8 .LASF954
C:\Users\zero6575\AppData\Local\Temp\ccTn9tGc.s:13164  .debug_str:0000000000002214 .LASF955
C:\Users\zero6575\AppData\Local\Temp\ccTn9tGc.s:13380  .debug_str:0000000000002e77 .LASF956
C:\Users\zero6575\AppData\Local\Temp\ccTn9tGc.s:15462  .debug_str:0000000000009949 .LASF957
C:\Users\zero6575\AppData\Local\Temp\ccTn9tGc.s:13754  .debug_str:00000000000040b6 .LASF958
C:\Users\zero6575\AppData\Local\Temp\ccTn9tGc.s:15590  .debug_str:0000000000009ff9 .LASF959
C:\Users\zero6575\AppData\Local\Temp\ccTn9tGc.s:14036  .debug_str:00000000000051db .LASF960
C:\Users\zero6575\AppData\Local\Temp\ccTn9tGc.s:13294  .debug_str:0000000000002924 .LASF961
C:\Users\zero6575\AppData\Local\Temp\ccTn9tGc.s:15622  .debug_str:000000000000a1a2 .LASF962
C:\Users\zero6575\AppData\Local\Temp\ccTn9tGc.s:16698  .debug_str:000000000000d580 .LASF963
C:\Users\zero6575\AppData\Local\Temp\ccTn9tGc.s:15298  .debug_str:0000000000009120 .LASF964
C:\Users\zero6575\AppData\Local\Temp\ccTn9tGc.s:15300  .debug_str:0000000000009131 .LASF965
C:\Users\zero6575\AppData\Local\Temp\ccTn9tGc.s:13140  .debug_str:0000000000001e6c .LASF966
C:\Users\zero6575\AppData\Local\Temp\ccTn9tGc.s:15962  .debug_str:000000000000b2fa .LASF967
C:\Users\zero6575\AppData\Local\Temp\ccTn9tGc.s:15598  .debug_str:000000000000a057 .LASF968
C:\Users\zero6575\AppData\Local\Temp\ccTn9tGc.s:16588  .debug_str:000000000000cfab .LASF969
C:\Users\zero6575\AppData\Local\Temp\ccTn9tGc.s:16208  .debug_str:000000000000bdfa .LASF970
C:\Users\zero6575\AppData\Local\Temp\ccTn9tGc.s:14872  .debug_str:0000000000007c7c .LASF971
C:\Users\zero6575\AppData\Local\Temp\ccTn9tGc.s:15086  .debug_str:00000000000085e4 .LASF972
C:\Users\zero6575\AppData\Local\Temp\ccTn9tGc.s:15980  .debug_str:000000000000b397 .LASF973
C:\Users\zero6575\AppData\Local\Temp\ccTn9tGc.s:14008  .debug_str:0000000000004ff9 .LASF974
C:\Users\zero6575\AppData\Local\Temp\ccTn9tGc.s:17128  .debug_str:000000000000ebcf .LASF975
C:\Users\zero6575\AppData\Local\Temp\ccTn9tGc.s:14234  .debug_str:0000000000005c34 .LASF976
C:\Users\zero6575\AppData\Local\Temp\ccTn9tGc.s:16222  .debug_str:000000000000beaf .LASF977
C:\Users\zero6575\AppData\Local\Temp\ccTn9tGc.s:16032  .debug_str:000000000000b613 .LASF978
C:\Users\zero6575\AppData\Local\Temp\ccTn9tGc.s:13000  .debug_str:0000000000001768 .LASF979
C:\Users\zero6575\AppData\Local\Temp\ccTn9tGc.s:14858  .debug_str:0000000000007b67 .LASF980
C:\Users\zero6575\AppData\Local\Temp\ccTn9tGc.s:14218  .debug_str:0000000000005b47 .LASF981
C:\Users\zero6575\AppData\Local\Temp\ccTn9tGc.s:12612  .debug_str:00000000000004e8 .LASF982
C:\Users\zero6575\AppData\Local\Temp\ccTn9tGc.s:16710  .debug_str:000000000000d5f6 .LASF983
C:\Users\zero6575\AppData\Local\Temp\ccTn9tGc.s:15412  .debug_str:00000000000096db .LASF984
C:\Users\zero6575\AppData\Local\Temp\ccTn9tGc.s:13558  .debug_str:00000000000036c4 .LASF985
C:\Users\zero6575\AppData\Local\Temp\ccTn9tGc.s:16020  .debug_str:000000000000b581 .LASF986
C:\Users\zero6575\AppData\Local\Temp\ccTn9tGc.s:16740  .debug_str:000000000000d7d4 .LASF987
C:\Users\zero6575\AppData\Local\Temp\ccTn9tGc.s:12924  .debug_str:00000000000013dc .LASF988
C:\Users\zero6575\AppData\Local\Temp\ccTn9tGc.s:16068  .debug_str:000000000000b78c .LASF989
C:\Users\zero6575\AppData\Local\Temp\ccTn9tGc.s:16672  .debug_str:000000000000d475 .LASF990
C:\Users\zero6575\AppData\Local\Temp\ccTn9tGc.s:12670  .debug_str:00000000000007d5 .LASF991
C:\Users\zero6575\AppData\Local\Temp\ccTn9tGc.s:13616  .debug_str:000000000000397c .LASF992
C:\Users\zero6575\AppData\Local\Temp\ccTn9tGc.s:15830  .debug_str:000000000000ac31 .LASF993
C:\Users\zero6575\AppData\Local\Temp\ccTn9tGc.s:14530  .debug_str:0000000000006a89 .LASF994
C:\Users\zero6575\AppData\Local\Temp\ccTn9tGc.s:14042  .debug_str:0000000000005222 .LASF995
C:\Users\zero6575\AppData\Local\Temp\ccTn9tGc.s:12778  .debug_str:0000000000000c6b .LASF996
C:\Users\zero6575\AppData\Local\Temp\ccTn9tGc.s:14788  .debug_str:00000000000077f1 .LASF997
C:\Users\zero6575\AppData\Local\Temp\ccTn9tGc.s:13060  .debug_str:0000000000001a4b .LASF998
C:\Users\zero6575\AppData\Local\Temp\ccTn9tGc.s:13860  .debug_str:00000000000046c0 .LASF999
C:\Users\zero6575\AppData\Local\Temp\ccTn9tGc.s:16290  .debug_str:000000000000c185 .LASF1000
C:\Users\zero6575\AppData\Local\Temp\ccTn9tGc.s:14494  .debug_str:00000000000068ec .LASF1001
C:\Users\zero6575\AppData\Local\Temp\ccTn9tGc.s:14304  .debug_str:0000000000005f29 .LASF1002
C:\Users\zero6575\AppData\Local\Temp\ccTn9tGc.s:15924  .debug_str:000000000000b12f .LASF1003
C:\Users\zero6575\AppData\Local\Temp\ccTn9tGc.s:15522  .debug_str:0000000000009c5a .LASF1004
C:\Users\zero6575\AppData\Local\Temp\ccTn9tGc.s:14426  .debug_str:0000000000006504 .LASF1005
C:\Users\zero6575\AppData\Local\Temp\ccTn9tGc.s:12680  .debug_str:0000000000000873 .LASF1006
C:\Users\zero6575\AppData\Local\Temp\ccTn9tGc.s:12564  .debug_str:0000000000000299 .LASF1007
C:\Users\zero6575\AppData\Local\Temp\ccTn9tGc.s:16620  .debug_str:000000000000d116 .LASF1008
C:\Users\zero6575\AppData\Local\Temp\ccTn9tGc.s:12808  .debug_str:0000000000000e16 .LASF1009
C:\Users\zero6575\AppData\Local\Temp\ccTn9tGc.s:15644  .debug_str:000000000000a29b .LASF1010
C:\Users\zero6575\AppData\Local\Temp\ccTn9tGc.s:15360  .debug_str:000000000000947a .LASF1011
C:\Users\zero6575\AppData\Local\Temp\ccTn9tGc.s:16506  .debug_str:000000000000cb99 .LASF1012
C:\Users\zero6575\AppData\Local\Temp\ccTn9tGc.s:14476  .debug_str:0000000000006780 .LASF1013
C:\Users\zero6575\AppData\Local\Temp\ccTn9tGc.s:16902  .debug_str:000000000000e121 .LASF1014
C:\Users\zero6575\AppData\Local\Temp\ccTn9tGc.s:17180  .debug_str:000000000000ee16 .LASF1020
C:\Users\zero6575\AppData\Local\Temp\ccTn9tGc.s:13440  .debug_str:00000000000030ed .LASF1021
C:\Users\zero6575\AppData\Local\Temp\ccTn9tGc.s:14576  .debug_str:0000000000006cd2 .LASF1022
C:\Users\zero6575\AppData\Local\Temp\ccTn9tGc.s:14894  .debug_str:0000000000007dfa .LASF1023
C:\Users\zero6575\AppData\Local\Temp\ccTn9tGc.s:17186  .debug_str:000000000000ee4c .LASF1024
C:\Users\zero6575\AppData\Local\Temp\ccTn9tGc.s:13582  .debug_str:00000000000037fb .LASF1025
C:\Users\zero6575\AppData\Local\Temp\ccTn9tGc.s:15238  .debug_str:0000000000008d83 .LASF1026
C:\Users\zero6575\AppData\Local\Temp\ccTn9tGc.s:15786  .debug_str:000000000000aa03 .LASF1027
C:\Users\zero6575\AppData\Local\Temp\ccTn9tGc.s:16820  .debug_str:000000000000dbf0 .LASF1028
C:\Users\zero6575\AppData\Local\Temp\ccTn9tGc.s:14048  .debug_str:00000000000052bc .LASF1029
C:\Users\zero6575\AppData\Local\Temp\ccTn9tGc.s:12716  .debug_str:0000000000000a1f .LASF1030
C:\Users\zero6575\AppData\Local\Temp\ccTn9tGc.s:15584  .debug_str:0000000000009faf .LASF1031
C:\Users\zero6575\AppData\Local\Temp\ccTn9tGc.s:16792  .debug_str:000000000000da72 .LASF1032
C:\Users\zero6575\AppData\Local\Temp\ccTn9tGc.s:16040  .debug_str:000000000000b67b .LASF1033
C:\Users\zero6575\AppData\Local\Temp\ccTn9tGc.s:16974  .debug_str:000000000000e473 .LASF1034
C:\Users\zero6575\AppData\Local\Temp\ccTn9tGc.s:14326  .debug_str:0000000000006052 .LASF1035
C:\Users\zero6575\AppData\Local\Temp\ccTn9tGc.s:13412  .debug_str:0000000000002fd5 .LASF1036
C:\Users\zero6575\AppData\Local\Temp\ccTn9tGc.s:16962  .debug_str:000000000000e404 .LASF1037
C:\Users\zero6575\AppData\Local\Temp\ccTn9tGc.s:14634  .debug_str:0000000000006fd7 .LASF1038
C:\Users\zero6575\AppData\Local\Temp\ccTn9tGc.s:14624  .debug_str:0000000000006f5c .LASF1039
C:\Users\zero6575\AppData\Local\Temp\ccTn9tGc.s:13030  .debug_str:00000000000018af .LASF1040
C:\Users\zero6575\AppData\Local\Temp\ccTn9tGc.s:15270  .debug_str:0000000000008ff9 .LASF1041
C:\Users\zero6575\AppData\Local\Temp\ccTn9tGc.s:16822  .debug_str:000000000000dbfc .LASF1042
C:\Users\zero6575\AppData\Local\Temp\ccTn9tGc.s:15956  .debug_str:000000000000b2ba .LASF1043
C:\Users\zero6575\AppData\Local\Temp\ccTn9tGc.s:14940  .debug_str:0000000000008028 .LASF1044
C:\Users\zero6575\AppData\Local\Temp\ccTn9tGc.s:16402  .debug_str:000000000000c6e9 .LASF1045
C:\Users\zero6575\AppData\Local\Temp\ccTn9tGc.s:16426  .debug_str:000000000000c7ca .LASF1046
C:\Users\zero6575\AppData\Local\Temp\ccTn9tGc.s:16136  .debug_str:000000000000ba55 .LASF1047
C:\Users\zero6575\AppData\Local\Temp\ccTn9tGc.s:14004  .debug_str:0000000000004fcd .LASF1048
C:\Users\zero6575\AppData\Local\Temp\ccTn9tGc.s:16204  .debug_str:000000000000bdce .LASF1049
C:\Users\zero6575\AppData\Local\Temp\ccTn9tGc.s:15250  .debug_str:0000000000008ec3 .LASF1050
C:\Users\zero6575\AppData\Local\Temp\ccTn9tGc.s:13344  .debug_str:0000000000002bea .LASF1051
C:\Users\zero6575\AppData\Local\Temp\ccTn9tGc.s:13170  .debug_str:0000000000002253 .LASF1052
C:\Users\zero6575\AppData\Local\Temp\ccTn9tGc.s:13946  .debug_str:0000000000004d58 .LASF1053
C:\Users\zero6575\AppData\Local\Temp\ccTn9tGc.s:13424  .debug_str:000000000000304f .LASF1054
C:\Users\zero6575\AppData\Local\Temp\ccTn9tGc.s:15716  .debug_str:000000000000a6f3 .LASF1055
C:\Users\zero6575\AppData\Local\Temp\ccTn9tGc.s:15330  .debug_str:000000000000930a .LASF1056
C:\Users\zero6575\AppData\Local\Temp\ccTn9tGc.s:12674  .debug_str:0000000000000807 .LASF1057
C:\Users\zero6575\AppData\Local\Temp\ccTn9tGc.s:14870  .debug_str:0000000000007c5e .LASF1058
C:\Users\zero6575\AppData\Local\Temp\ccTn9tGc.s:16908  .debug_str:000000000000e17d .LASF1059
C:\Users\zero6575\AppData\Local\Temp\ccTn9tGc.s:14282  .debug_str:0000000000005e2e .LASF1060
C:\Users\zero6575\AppData\Local\Temp\ccTn9tGc.s:14912  .debug_str:0000000000007ec3 .LASF1061
C:\Users\zero6575\AppData\Local\Temp\ccTn9tGc.s:12544  .debug_str:00000000000001ca .LASF1062
C:\Users\zero6575\AppData\Local\Temp\ccTn9tGc.s:13238  .debug_str:00000000000025cd .LASF1063
C:\Users\zero6575\AppData\Local\Temp\ccTn9tGc.s:15394  .debug_str:00000000000095ed .LASF1064
C:\Users\zero6575\AppData\Local\Temp\ccTn9tGc.s:15782  .debug_str:000000000000a9bb .LASF1065
C:\Users\zero6575\AppData\Local\Temp\ccTn9tGc.s:16840  .debug_str:000000000000dcfe .LASF1066
C:\Users\zero6575\AppData\Local\Temp\ccTn9tGc.s:15542  .debug_str:0000000000009da9 .LASF1067
C:\Users\zero6575\AppData\Local\Temp\ccTn9tGc.s:16638  .debug_str:000000000000d274 .LASF1071
C:\Users\zero6575\AppData\Local\Temp\ccTn9tGc.s:15408  .debug_str:00000000000096b0 .LASF1072
C:\Users\zero6575\AppData\Local\Temp\ccTn9tGc.s:15826  .debug_str:000000000000ac12 .LASF1080
C:\Users\zero6575\AppData\Local\Temp\ccTn9tGc.s:16760  .debug_str:000000000000d895 .LASF1081
C:\Users\zero6575\AppData\Local\Temp\ccTn9tGc.s:13232  .debug_str:000000000000258e .LASF1082
C:\Users\zero6575\AppData\Local\Temp\ccTn9tGc.s:16940  .debug_str:000000000000e2f1 .LASF1086
C:\Users\zero6575\AppData\Local\Temp\ccTn9tGc.s:15072  .debug_str:0000000000008540 .LASF1087
C:\Users\zero6575\AppData\Local\Temp\ccTn9tGc.s:16990  .debug_str:000000000000e520 .LASF1088
C:\Users\zero6575\AppData\Local\Temp\ccTn9tGc.s:16832  .debug_str:000000000000dca8 .LASF1089
C:\Users\zero6575\AppData\Local\Temp\ccTn9tGc.s:12848  .debug_str:0000000000001069 .LASF1090
C:\Users\zero6575\AppData\Local\Temp\ccTn9tGc.s:16046  .debug_str:000000000000b6aa .LASF1091
C:\Users\zero6575\AppData\Local\Temp\ccTn9tGc.s:13402  .debug_str:0000000000002f50 .LASF1092
C:\Users\zero6575\AppData\Local\Temp\ccTn9tGc.s:15486  .debug_str:0000000000009a78 .LASF1093
C:\Users\zero6575\AppData\Local\Temp\ccTn9tGc.s:13368  .debug_str:0000000000002e01 .LASF1094
                           .group:0000000000000000 wm4.0.29db371e8b94e604acd9f4c2cef2c360
                           .group:0000000000000000 wm4.stdbool.h.29.07dce69c3b78884144b7f7bd19483461
                           .group:0000000000000000 wm4._newlib_version.h.4.9ba035841e762c3308916a0ce96032e7
                           .group:0000000000000000 wm4.features.h.33.318b64d71e0957639cfb30f1db1f7ec8
                           .group:0000000000000000 wm4._default_types.h.15.61e9869194cab90bdfa4c7fc42203a0e
                           .group:0000000000000000 wm4._intsup.h.10.b28b45fc63caeb010c3f7ee592257700
                           .group:0000000000000000 wm4._stdint.h.10.c24fa3af3bc1706662bb5593a907e841
                           .group:0000000000000000 wm4.stdint.h.23.d53047a68f4a85177f80b422d52785ed
                           .group:0000000000000000 wm4.newlib.h.8.19af3a34a60c4846725bb1239b4fa5a2
                           .group:0000000000000000 wm4.ieeefp.h.195.a810689bf65b84f4ad2c33b483468c94
                           .group:0000000000000000 wm4.config.h.83.0359905d884ebfe41c79e1d7c780ef62
                           .group:0000000000000000 wm4._ansi.h.31.de524f58584151836e90d8620a16f8e8
                           .group:0000000000000000 wm4.stdio.h.31.7c0e28c411445f3f9c5b11accf882760
                           .group:0000000000000000 wm4.stddef.h.187.2ff233552538c6ff9b8575ca8ea52cb3
                           .group:0000000000000000 wm4.cdefs.h.49.6260d97adb8d27534cbdc0f868b8ea87
                           .group:0000000000000000 wm4.stddef.h.39.ec95e8feac892e292b69dc7ae75b0d64
                           .group:0000000000000000 wm4.stdarg.h.34.3a23a216c0c293b3d2ea2e89281481e6
                           .group:0000000000000000 wm4._types.h.20.dd0d04dca3800a0d2a6129b87f3adbb2
                           .group:0000000000000000 wm4.stddef.h.161.5349cb105733e8777bfb0cf53c4e3f34
                           .group:0000000000000000 wm4._types.h.127.c5cfac939eadb83d223592dbacad7524
                           .group:0000000000000000 wm4.reent.h.17.487f8c1f76499d088b190f62530a0034
                           .group:0000000000000000 wm4.lock.h.2.c0958401bd0ce484d507ee19aacab817
                           .group:0000000000000000 wm4.reent.h.77.1187f1075ff88452c642b29ed9a9030d
                           .group:0000000000000000 wm4.types.h.40.8b6acba56cefbb11746718204edc8f5e
                           .group:0000000000000000 wm4._endian.h.18.1bf9649e8e5bbc91042012680270b9ed
                           .group:0000000000000000 wm4.endian.h.9.49f3a4695c1b61e8a0808de3c4a106cb
                           .group:0000000000000000 wm4._timeval.h.30.0e8bfd94e85db17dda3286ee81496fe6
                           .group:0000000000000000 wm4.timespec.h.41.d855182eb0e690443ab8651bcedca6e1
                           .group:0000000000000000 wm4.select.h.19.97ca6fd0c752a0f3b6719fd314d361e6
                           .group:0000000000000000 wm4.types.h.51.5571ec98f267d17d3c670b7a3ba33afa
                           .group:0000000000000000 wm4.sched.h.22.c60982713a5c428609783c78f9c78d95
                           .group:0000000000000000 wm4._pthreadtypes.h.36.fcee9961c35163dde6267ef772ad1972
                           .group:0000000000000000 wm4.stdio.h.2.4aa87247282eca6c8f36f9de33d8df1a
                           .group:0000000000000000 wm4.stdio.h.81.60a2ded7dae310b81f9d6907fe5e3dbf
                           .group:0000000000000000 wm4.config.h.26.62fac92f1d336f656763fe074b4289b0
                           .group:0000000000000000 wm4.bacdef.h.39.fcafd78d88dce17b2448edf8931b63fd
                           .group:0000000000000000 wm4.bits.h.25.f9e0c31c04958f93c399d58693ab7d13
                           .group:0000000000000000 wm4.bacdcode.h.417.fde53433a4e8c8179dfc8de0f5c0b6ae
                           .group:0000000000000000 wm4.bacapp.h.236.6ce9e612c7ada80feb9f3b2b0c328626
                           .group:0000000000000000 wm4.npdu.h.25.6a3a449fc578b15b3d0db2c6a4da7956
                           .group:0000000000000000 wm4.readrange.h.25.7abf91243fb39ecb991c7216a42716c0

UNDEFINED SYMBOLS
__floatunsisf
__gesf2
__lesf2
__fixunssfsi
sprintf
characterstring_init_ansi
encode_application_object_id
encode_application_character_string
encode_application_enumerated
encode_application_real
bitstring_init
bitstring_set_bit
encode_application_bitstring
encode_application_boolean
encode_application_unsigned
encode_application_null
bacapp_decode_application_data
WPValidateArgType
