   1              		.file	"trendlog.c"
   2              		.option nopic
   3              		.attribute arch, "rv64i2p0_m2p0_a2p0_c2p0"
   4              		.attribute unaligned_access, 0
   5              		.attribute stack_align, 16
   6              		.text
   7              	.Ltext0:
   8              		.cfi_sections	.debug_frame
   9              		.comm	Logs,192000,8
  10              		.section	.bss.LogInfo,"aw",@nobits
  11              		.align	3
  14              	LogInfo:
  15 0000 00000000 		.zero	960
  15      00000000 
  15      00000000 
  15      00000000 
  15      00000000 
  16              		.section	.rodata.Trend_Log_Properties_Required,"a"
  17              		.align	3
  20              	Trend_Log_Properties_Required:
  21 0000 4B000000 		.word	75
  22 0004 4D000000 		.word	77
  23 0008 4F000000 		.word	79
  24 000c 85000000 		.word	133
  25 0010 90000000 		.word	144
  26 0014 7E000000 		.word	126
  27 0018 83000000 		.word	131
  28 001c 8D000000 		.word	141
  29 0020 91000000 		.word	145
  30 0024 24000000 		.word	36
  31 0028 C5000000 		.word	197
  32 002c 6F000000 		.word	111
  33 0030 FFFFFFFF 		.word	-1
  34              		.section	.rodata.Trend_Log_Properties_Optional,"a"
  35              		.align	3
  38              	Trend_Log_Properties_Optional:
  39 0000 1C000000 		.word	28
  40 0004 8E000000 		.word	142
  41 0008 8F000000 		.word	143
  42 000c 84000000 		.word	132
  43 0010 86000000 		.word	134
  44 0014 C1000000 		.word	193
  45 0018 C3000000 		.word	195
  46 001c CD000000 		.word	205
  47 0020 FFFFFFFF 		.word	-1
  48              		.section	.sdata2.Trend_Log_Properties_Proprietary,"a"
  49              		.align	3
  52              	Trend_Log_Properties_Proprietary:
  53 0000 FFFFFFFF 		.word	-1
  54              		.section	.text.Trend_Log_Property_Lists,"ax",@progbits
  55              		.align	1
  56              		.globl	Trend_Log_Property_Lists
  58              	Trend_Log_Property_Lists:
  59              	.LFB4:
  60              		.file 1 "../src/middleware/bacnet/demo/object/trendlog.c"
   1:../src/middleware/bacnet/demo/object/trendlog.c **** /**************************************************************************
   2:../src/middleware/bacnet/demo/object/trendlog.c **** *
   3:../src/middleware/bacnet/demo/object/trendlog.c **** * Copyright (C) 2009 Peter Mc Shane
   4:../src/middleware/bacnet/demo/object/trendlog.c **** *
   5:../src/middleware/bacnet/demo/object/trendlog.c **** * Permission is hereby granted, free of charge, to any person obtaining
   6:../src/middleware/bacnet/demo/object/trendlog.c **** * a copy of this software and associated documentation files (the
   7:../src/middleware/bacnet/demo/object/trendlog.c **** * "Software"), to deal in the Software without restriction, including
   8:../src/middleware/bacnet/demo/object/trendlog.c **** * without limitation the rights to use, copy, modify, merge, publish,
   9:../src/middleware/bacnet/demo/object/trendlog.c **** * distribute, sublicense, and/or sell copies of the Software, and to
  10:../src/middleware/bacnet/demo/object/trendlog.c **** * permit persons to whom the Software is furnished to do so, subject to
  11:../src/middleware/bacnet/demo/object/trendlog.c **** * the following conditions:
  12:../src/middleware/bacnet/demo/object/trendlog.c **** *
  13:../src/middleware/bacnet/demo/object/trendlog.c **** * The above copyright notice and this permission notice shall be included
  14:../src/middleware/bacnet/demo/object/trendlog.c **** * in all copies or substantial portions of the Software.
  15:../src/middleware/bacnet/demo/object/trendlog.c **** *
  16:../src/middleware/bacnet/demo/object/trendlog.c **** * THE SOFTWARE IS PROVIDED "AS IS", WITHOUT WARRANTY OF ANY KIND,
  17:../src/middleware/bacnet/demo/object/trendlog.c **** * EXPRESS OR IMPLIED, INCLUDING BUT NOT LIMITED TO THE WARRANTIES OF
  18:../src/middleware/bacnet/demo/object/trendlog.c **** * MERCHANTABILITY, FITNESS FOR A PARTICULAR PURPOSE AND NONINFRINGEMENT.
  19:../src/middleware/bacnet/demo/object/trendlog.c **** * IN NO EVENT SHALL THE AUTHORS OR COPYRIGHT HOLDERS BE LIABLE FOR ANY
  20:../src/middleware/bacnet/demo/object/trendlog.c **** * CLAIM, DAMAGES OR OTHER LIABILITY, WHETHER IN AN ACTION OF CONTRACT,
  21:../src/middleware/bacnet/demo/object/trendlog.c **** * TORT OR OTHERWISE, ARISING FROM, OUT OF OR IN CONNECTION WITH THE
  22:../src/middleware/bacnet/demo/object/trendlog.c **** * SOFTWARE OR THE USE OR OTHER DEALINGS IN THE SOFTWARE.
  23:../src/middleware/bacnet/demo/object/trendlog.c **** *
  24:../src/middleware/bacnet/demo/object/trendlog.c **** *********************************************************************/
  25:../src/middleware/bacnet/demo/object/trendlog.c **** 
  26:../src/middleware/bacnet/demo/object/trendlog.c **** #include <stdbool.h>
  27:../src/middleware/bacnet/demo/object/trendlog.c **** #include <stdint.h>
  28:../src/middleware/bacnet/demo/object/trendlog.c **** #include <string.h>     /* for memmove */
  29:../src/middleware/bacnet/demo/object/trendlog.c **** #include "bacdef.h"
  30:../src/middleware/bacnet/demo/object/trendlog.c **** #include "bacdcode.h"
  31:../src/middleware/bacnet/demo/object/trendlog.c **** #include "bacenum.h"
  32:../src/middleware/bacnet/demo/object/trendlog.c **** #include "bacapp.h"
  33:../src/middleware/bacnet/demo/object/trendlog.c **** #include "config.h"     /* the custom stuff */
  34:../src/middleware/bacnet/demo/object/trendlog.c **** #include "apdu.h"
  35:../src/middleware/bacnet/demo/object/trendlog.c **** #include "wp.h" /* write property handling */
  36:../src/middleware/bacnet/demo/object/trendlog.c **** #include "version.h"
  37:../src/middleware/bacnet/demo/object/trendlog.c **** #include "device.h"     /* me */
  38:../src/middleware/bacnet/demo/object/trendlog.c **** #include "handlers.h"
  39:../src/middleware/bacnet/demo/object/trendlog.c **** #include "datalink.h"
  40:../src/middleware/bacnet/demo/object/trendlog.c **** #include "address.h"
  41:../src/middleware/bacnet/demo/object/trendlog.c **** #include "bacdevobjpropref.h"
  42:../src/middleware/bacnet/demo/object/trendlog.c **** #include "trendlog.h"
  43:../src/middleware/bacnet/demo/object/trendlog.c **** #if defined(BACFILE)
  44:../src/middleware/bacnet/demo/object/trendlog.c **** #include "bacfile.h"    /* object list dependency */
  45:../src/middleware/bacnet/demo/object/trendlog.c **** #endif
  46:../src/middleware/bacnet/demo/object/trendlog.c **** 
  47:../src/middleware/bacnet/demo/object/trendlog.c **** /* number of demo objects */
  48:../src/middleware/bacnet/demo/object/trendlog.c **** #ifndef MAX_TREND_LOGS
  49:../src/middleware/bacnet/demo/object/trendlog.c **** #define MAX_TREND_LOGS 8
  50:../src/middleware/bacnet/demo/object/trendlog.c **** #endif
  51:../src/middleware/bacnet/demo/object/trendlog.c **** 
  52:../src/middleware/bacnet/demo/object/trendlog.c **** TL_DATA_REC Logs[MAX_TREND_LOGS][TL_MAX_ENTRIES];
  53:../src/middleware/bacnet/demo/object/trendlog.c **** static TL_LOG_INFO LogInfo[MAX_TREND_LOGS];
  54:../src/middleware/bacnet/demo/object/trendlog.c **** 
  55:../src/middleware/bacnet/demo/object/trendlog.c **** /* These three arrays are used by the ReadPropertyMultiple handler */
  56:../src/middleware/bacnet/demo/object/trendlog.c **** static const int Trend_Log_Properties_Required[] = {
  57:../src/middleware/bacnet/demo/object/trendlog.c ****     PROP_OBJECT_IDENTIFIER,
  58:../src/middleware/bacnet/demo/object/trendlog.c ****     PROP_OBJECT_NAME,
  59:../src/middleware/bacnet/demo/object/trendlog.c ****     PROP_OBJECT_TYPE,
  60:../src/middleware/bacnet/demo/object/trendlog.c ****     PROP_ENABLE,
  61:../src/middleware/bacnet/demo/object/trendlog.c ****     PROP_STOP_WHEN_FULL,
  62:../src/middleware/bacnet/demo/object/trendlog.c ****     PROP_BUFFER_SIZE,
  63:../src/middleware/bacnet/demo/object/trendlog.c ****     PROP_LOG_BUFFER,
  64:../src/middleware/bacnet/demo/object/trendlog.c ****     PROP_RECORD_COUNT,
  65:../src/middleware/bacnet/demo/object/trendlog.c ****     PROP_TOTAL_RECORD_COUNT,
  66:../src/middleware/bacnet/demo/object/trendlog.c ****     PROP_EVENT_STATE,
  67:../src/middleware/bacnet/demo/object/trendlog.c ****     PROP_LOGGING_TYPE,
  68:../src/middleware/bacnet/demo/object/trendlog.c ****     PROP_STATUS_FLAGS,
  69:../src/middleware/bacnet/demo/object/trendlog.c ****     -1
  70:../src/middleware/bacnet/demo/object/trendlog.c **** };
  71:../src/middleware/bacnet/demo/object/trendlog.c **** 
  72:../src/middleware/bacnet/demo/object/trendlog.c **** static const int Trend_Log_Properties_Optional[] = {
  73:../src/middleware/bacnet/demo/object/trendlog.c ****     PROP_DESCRIPTION,
  74:../src/middleware/bacnet/demo/object/trendlog.c ****     PROP_START_TIME,
  75:../src/middleware/bacnet/demo/object/trendlog.c ****     PROP_STOP_TIME,
  76:../src/middleware/bacnet/demo/object/trendlog.c ****     PROP_LOG_DEVICE_OBJECT_PROPERTY,
  77:../src/middleware/bacnet/demo/object/trendlog.c ****     PROP_LOG_INTERVAL,
  78:../src/middleware/bacnet/demo/object/trendlog.c **** 
  79:../src/middleware/bacnet/demo/object/trendlog.c **** /* Required if COV logging supported
  80:../src/middleware/bacnet/demo/object/trendlog.c ****     PROP_COV_RESUBSCRIPTION_INTERVAL,
  81:../src/middleware/bacnet/demo/object/trendlog.c ****     PROP_CLIENT_COV_INCREMENT, */
  82:../src/middleware/bacnet/demo/object/trendlog.c **** 
  83:../src/middleware/bacnet/demo/object/trendlog.c **** /* Required if intrinsic reporting supported
  84:../src/middleware/bacnet/demo/object/trendlog.c ****     PROP_NOTIFICATION_THRESHOLD,
  85:../src/middleware/bacnet/demo/object/trendlog.c ****     PROP_RECORDS_SINCE_NOTIFICATION,
  86:../src/middleware/bacnet/demo/object/trendlog.c ****     PROP_LAST_NOTIFY_RECORD,
  87:../src/middleware/bacnet/demo/object/trendlog.c ****     PROP_NOTIFICATION_CLASS,
  88:../src/middleware/bacnet/demo/object/trendlog.c ****     PROP_EVENT_ENABLE,
  89:../src/middleware/bacnet/demo/object/trendlog.c ****     PROP_ACKED_TRANSITIONS,
  90:../src/middleware/bacnet/demo/object/trendlog.c ****     PROP_NOTIFY_TYPE,
  91:../src/middleware/bacnet/demo/object/trendlog.c ****     PROP_EVENT_TIME_STAMPS, */
  92:../src/middleware/bacnet/demo/object/trendlog.c **** 
  93:../src/middleware/bacnet/demo/object/trendlog.c ****     PROP_ALIGN_INTERVALS,
  94:../src/middleware/bacnet/demo/object/trendlog.c ****     PROP_INTERVAL_OFFSET,
  95:../src/middleware/bacnet/demo/object/trendlog.c ****     PROP_TRIGGER,
  96:../src/middleware/bacnet/demo/object/trendlog.c ****     -1
  97:../src/middleware/bacnet/demo/object/trendlog.c **** };
  98:../src/middleware/bacnet/demo/object/trendlog.c **** 
  99:../src/middleware/bacnet/demo/object/trendlog.c **** static const int Trend_Log_Properties_Proprietary[] = {
 100:../src/middleware/bacnet/demo/object/trendlog.c ****     -1
 101:../src/middleware/bacnet/demo/object/trendlog.c **** };
 102:../src/middleware/bacnet/demo/object/trendlog.c **** 
 103:../src/middleware/bacnet/demo/object/trendlog.c **** void Trend_Log_Property_Lists(
 104:../src/middleware/bacnet/demo/object/trendlog.c ****     const int **pRequired,
 105:../src/middleware/bacnet/demo/object/trendlog.c ****     const int **pOptional,
 106:../src/middleware/bacnet/demo/object/trendlog.c ****     const int **pProprietary)
 107:../src/middleware/bacnet/demo/object/trendlog.c **** {
  61              		.loc 1 107 1
  62              		.cfi_startproc
  63 0000 7971     		addi	sp,sp,-48
  64              		.cfi_def_cfa_offset 48
  65 0002 22F4     		sd	s0,40(sp)
  66              		.cfi_offset 8, -8
  67 0004 0018     		addi	s0,sp,48
  68              		.cfi_def_cfa 8, 0
  69 0006 2334A4FE 		sd	a0,-24(s0)
  70 000a 2330B4FE 		sd	a1,-32(s0)
  71 000e 233CC4FC 		sd	a2,-40(s0)
 108:../src/middleware/bacnet/demo/object/trendlog.c ****     if (pRequired)
  72              		.loc 1 108 8
  73 0012 833784FE 		ld	a5,-24(s0)
  74 0016 81CB     		beq	a5,zero,.L2
 109:../src/middleware/bacnet/demo/object/trendlog.c ****         *pRequired = Trend_Log_Properties_Required;
  75              		.loc 1 109 20
  76 0018 833784FE 		ld	a5,-24(s0)
  77 001c 17070000 		lla	a4,Trend_Log_Properties_Required
  77      13070700 
  78 0024 98E3     		sd	a4,0(a5)
  79              	.L2:
 110:../src/middleware/bacnet/demo/object/trendlog.c ****     if (pOptional)
  80              		.loc 1 110 8
  81 0026 833704FE 		ld	a5,-32(s0)
  82 002a 81CB     		beq	a5,zero,.L3
 111:../src/middleware/bacnet/demo/object/trendlog.c ****         *pOptional = Trend_Log_Properties_Optional;
  83              		.loc 1 111 20
  84 002c 833704FE 		ld	a5,-32(s0)
  85 0030 17070000 		lla	a4,Trend_Log_Properties_Optional
  85      13070700 
  86 0038 98E3     		sd	a4,0(a5)
  87              	.L3:
 112:../src/middleware/bacnet/demo/object/trendlog.c ****     if (pProprietary)
  88              		.loc 1 112 8
  89 003a 833784FD 		ld	a5,-40(s0)
  90 003e 89CB     		beq	a5,zero,.L6
 113:../src/middleware/bacnet/demo/object/trendlog.c ****         *pProprietary = Trend_Log_Properties_Proprietary;
  91              		.loc 1 113 23
  92 0040 833784FD 		ld	a5,-40(s0)
  93 0044 17070000 		lla	a4,Trend_Log_Properties_Proprietary
  93      13070700 
  94 004c 98E3     		sd	a4,0(a5)
 114:../src/middleware/bacnet/demo/object/trendlog.c **** 
 115:../src/middleware/bacnet/demo/object/trendlog.c ****     return;
  95              		.loc 1 115 5
  96 004e 0100     		nop
  97              	.L6:
  98 0050 0100     		nop
 116:../src/middleware/bacnet/demo/object/trendlog.c **** }
  99              		.loc 1 116 1
 100 0052 2274     		ld	s0,40(sp)
 101              		.cfi_restore 8
 102              		.cfi_def_cfa 2, 48
 103 0054 4561     		addi	sp,sp,48
 104              		.cfi_def_cfa_offset 0
 105 0056 8280     		jr	ra
 106              		.cfi_endproc
 107              	.LFE4:
 109              		.section	.text.Trend_Log_Valid_Instance,"ax",@progbits
 110              		.align	1
 111              		.globl	Trend_Log_Valid_Instance
 113              	Trend_Log_Valid_Instance:
 114              	.LFB5:
 117:../src/middleware/bacnet/demo/object/trendlog.c **** 
 118:../src/middleware/bacnet/demo/object/trendlog.c **** /* we simply have 0-n object instances.  Yours might be */
 119:../src/middleware/bacnet/demo/object/trendlog.c **** /* more complex, and then you need validate that the */
 120:../src/middleware/bacnet/demo/object/trendlog.c **** /* given instance exists */
 121:../src/middleware/bacnet/demo/object/trendlog.c **** bool Trend_Log_Valid_Instance(
 122:../src/middleware/bacnet/demo/object/trendlog.c ****     uint32_t object_instance)
 123:../src/middleware/bacnet/demo/object/trendlog.c **** {
 115              		.loc 1 123 1
 116              		.cfi_startproc
 117 0000 0111     		addi	sp,sp,-32
 118              		.cfi_def_cfa_offset 32
 119 0002 22EC     		sd	s0,24(sp)
 120              		.cfi_offset 8, -8
 121 0004 0010     		addi	s0,sp,32
 122              		.cfi_def_cfa 8, 0
 123 0006 AA87     		mv	a5,a0
 124 0008 2326F4FE 		sw	a5,-20(s0)
 124:../src/middleware/bacnet/demo/object/trendlog.c ****     if (object_instance < MAX_TREND_LOGS) {
 125              		.loc 1 124 8
 126 000c 8327C4FE 		lw	a5,-20(s0)
 127 0010 1B870700 		sext.w	a4,a5
 128 0014 9D47     		li	a5,7
 129 0016 63E4E700 		bgtu	a4,a5,.L8
 125:../src/middleware/bacnet/demo/object/trendlog.c ****         return true;
 130              		.loc 1 125 16
 131 001a 8547     		li	a5,1
 132 001c 11A0     		j	.L9
 133              	.L8:
 126:../src/middleware/bacnet/demo/object/trendlog.c ****     }
 127:../src/middleware/bacnet/demo/object/trendlog.c **** 
 128:../src/middleware/bacnet/demo/object/trendlog.c ****     return false;
 134              		.loc 1 128 12
 135 001e 8147     		li	a5,0
 136              	.L9:
 129:../src/middleware/bacnet/demo/object/trendlog.c **** }
 137              		.loc 1 129 1
 138 0020 3E85     		mv	a0,a5
 139 0022 6264     		ld	s0,24(sp)
 140              		.cfi_restore 8
 141              		.cfi_def_cfa 2, 32
 142 0024 0561     		addi	sp,sp,32
 143              		.cfi_def_cfa_offset 0
 144 0026 8280     		jr	ra
 145              		.cfi_endproc
 146              	.LFE5:
 148              		.section	.text.Trend_Log_Count,"ax",@progbits
 149              		.align	1
 150              		.globl	Trend_Log_Count
 152              	Trend_Log_Count:
 153              	.LFB6:
 130:../src/middleware/bacnet/demo/object/trendlog.c **** 
 131:../src/middleware/bacnet/demo/object/trendlog.c **** /* we simply have 0-n object instances.  Yours might be */
 132:../src/middleware/bacnet/demo/object/trendlog.c **** /* more complex, and then count how many you have */
 133:../src/middleware/bacnet/demo/object/trendlog.c **** unsigned Trend_Log_Count(
 134:../src/middleware/bacnet/demo/object/trendlog.c ****     void)
 135:../src/middleware/bacnet/demo/object/trendlog.c **** {
 154              		.loc 1 135 1
 155              		.cfi_startproc
 156 0000 4111     		addi	sp,sp,-16
 157              		.cfi_def_cfa_offset 16
 158 0002 22E4     		sd	s0,8(sp)
 159              		.cfi_offset 8, -8
 160 0004 0008     		addi	s0,sp,16
 161              		.cfi_def_cfa 8, 0
 136:../src/middleware/bacnet/demo/object/trendlog.c ****     return MAX_TREND_LOGS;
 162              		.loc 1 136 12
 163 0006 A147     		li	a5,8
 137:../src/middleware/bacnet/demo/object/trendlog.c **** }
 164              		.loc 1 137 1
 165 0008 3E85     		mv	a0,a5
 166 000a 2264     		ld	s0,8(sp)
 167              		.cfi_restore 8
 168              		.cfi_def_cfa 2, 16
 169 000c 4101     		addi	sp,sp,16
 170              		.cfi_def_cfa_offset 0
 171 000e 8280     		jr	ra
 172              		.cfi_endproc
 173              	.LFE6:
 175              		.section	.text.Trend_Log_Index_To_Instance,"ax",@progbits
 176              		.align	1
 177              		.globl	Trend_Log_Index_To_Instance
 179              	Trend_Log_Index_To_Instance:
 180              	.LFB7:
 138:../src/middleware/bacnet/demo/object/trendlog.c **** 
 139:../src/middleware/bacnet/demo/object/trendlog.c **** /* we simply have 0-n object instances.  Yours might be */
 140:../src/middleware/bacnet/demo/object/trendlog.c **** /* more complex, and then you need to return the instance */
 141:../src/middleware/bacnet/demo/object/trendlog.c **** /* that correlates to the correct index */
 142:../src/middleware/bacnet/demo/object/trendlog.c **** uint32_t Trend_Log_Index_To_Instance(
 143:../src/middleware/bacnet/demo/object/trendlog.c ****     unsigned index)
 144:../src/middleware/bacnet/demo/object/trendlog.c **** {
 181              		.loc 1 144 1
 182              		.cfi_startproc
 183 0000 0111     		addi	sp,sp,-32
 184              		.cfi_def_cfa_offset 32
 185 0002 22EC     		sd	s0,24(sp)
 186              		.cfi_offset 8, -8
 187 0004 0010     		addi	s0,sp,32
 188              		.cfi_def_cfa 8, 0
 189 0006 AA87     		mv	a5,a0
 190 0008 2326F4FE 		sw	a5,-20(s0)
 145:../src/middleware/bacnet/demo/object/trendlog.c ****     return index;
 191              		.loc 1 145 12
 192 000c 8327C4FE 		lw	a5,-20(s0)
 146:../src/middleware/bacnet/demo/object/trendlog.c **** }
 193              		.loc 1 146 1
 194 0010 3E85     		mv	a0,a5
 195 0012 6264     		ld	s0,24(sp)
 196              		.cfi_restore 8
 197              		.cfi_def_cfa 2, 32
 198 0014 0561     		addi	sp,sp,32
 199              		.cfi_def_cfa_offset 0
 200 0016 8280     		jr	ra
 201              		.cfi_endproc
 202              	.LFE7:
 204              		.section	.text.Trend_Log_Instance_To_Index,"ax",@progbits
 205              		.align	1
 206              		.globl	Trend_Log_Instance_To_Index
 208              	Trend_Log_Instance_To_Index:
 209              	.LFB8:
 147:../src/middleware/bacnet/demo/object/trendlog.c **** 
 148:../src/middleware/bacnet/demo/object/trendlog.c **** /* we simply have 0-n object instances.  Yours might be */
 149:../src/middleware/bacnet/demo/object/trendlog.c **** /* more complex, and then you need to return the index */
 150:../src/middleware/bacnet/demo/object/trendlog.c **** /* that correlates to the correct instance number */
 151:../src/middleware/bacnet/demo/object/trendlog.c **** unsigned Trend_Log_Instance_To_Index(
 152:../src/middleware/bacnet/demo/object/trendlog.c ****     uint32_t object_instance)
 153:../src/middleware/bacnet/demo/object/trendlog.c **** {
 210              		.loc 1 153 1
 211              		.cfi_startproc
 212 0000 7971     		addi	sp,sp,-48
 213              		.cfi_def_cfa_offset 48
 214 0002 22F4     		sd	s0,40(sp)
 215              		.cfi_offset 8, -8
 216 0004 0018     		addi	s0,sp,48
 217              		.cfi_def_cfa 8, 0
 218 0006 AA87     		mv	a5,a0
 219 0008 232EF4FC 		sw	a5,-36(s0)
 154:../src/middleware/bacnet/demo/object/trendlog.c ****     unsigned index = MAX_TREND_LOGS;
 220              		.loc 1 154 14
 221 000c A147     		li	a5,8
 222 000e 2326F4FE 		sw	a5,-20(s0)
 155:../src/middleware/bacnet/demo/object/trendlog.c **** 
 156:../src/middleware/bacnet/demo/object/trendlog.c ****     if (object_instance < MAX_TREND_LOGS) {
 223              		.loc 1 156 8
 224 0012 8327C4FD 		lw	a5,-36(s0)
 225 0016 1B870700 		sext.w	a4,a5
 226 001a 9D47     		li	a5,7
 227 001c 63E6E700 		bgtu	a4,a5,.L15
 157:../src/middleware/bacnet/demo/object/trendlog.c ****         index = object_instance;
 228              		.loc 1 157 15
 229 0020 8327C4FD 		lw	a5,-36(s0)
 230 0024 2326F4FE 		sw	a5,-20(s0)
 231              	.L15:
 158:../src/middleware/bacnet/demo/object/trendlog.c ****     }
 159:../src/middleware/bacnet/demo/object/trendlog.c **** 
 160:../src/middleware/bacnet/demo/object/trendlog.c ****     return index;
 232              		.loc 1 160 12
 233 0028 8327C4FE 		lw	a5,-20(s0)
 161:../src/middleware/bacnet/demo/object/trendlog.c **** }
 234              		.loc 1 161 1
 235 002c 3E85     		mv	a0,a5
 236 002e 2274     		ld	s0,40(sp)
 237              		.cfi_restore 8
 238              		.cfi_def_cfa 2, 48
 239 0030 4561     		addi	sp,sp,48
 240              		.cfi_def_cfa_offset 0
 241 0032 8280     		jr	ra
 242              		.cfi_endproc
 243              	.LFE8:
 245              		.globl	__floatsisf
 246              		.section	.text.Trend_Log_Init,"ax",@progbits
 247              		.align	1
 248              		.globl	Trend_Log_Init
 250              	Trend_Log_Init:
 251              	.LFB9:
 162:../src/middleware/bacnet/demo/object/trendlog.c **** 
 163:../src/middleware/bacnet/demo/object/trendlog.c **** /*
 164:../src/middleware/bacnet/demo/object/trendlog.c ****  * Things to do when starting up the stack for Trend Logs.
 165:../src/middleware/bacnet/demo/object/trendlog.c ****  * Should be called whenever we reset the device or power it up
 166:../src/middleware/bacnet/demo/object/trendlog.c ****  */
 167:../src/middleware/bacnet/demo/object/trendlog.c **** void Trend_Log_Init(
 168:../src/middleware/bacnet/demo/object/trendlog.c ****     void)
 169:../src/middleware/bacnet/demo/object/trendlog.c **** {
 252              		.loc 1 169 1
 253              		.cfi_startproc
 254 0000 5D71     		addi	sp,sp,-80
 255              		.cfi_def_cfa_offset 80
 256 0002 86E4     		sd	ra,72(sp)
 257 0004 A2E0     		sd	s0,64(sp)
 258              		.cfi_offset 1, -8
 259              		.cfi_offset 8, -16
 260 0006 8008     		addi	s0,sp,80
 261              		.cfi_def_cfa 8, 0
 170:../src/middleware/bacnet/demo/object/trendlog.c ****     static bool initialized = false;
 171:../src/middleware/bacnet/demo/object/trendlog.c ****     int iLog;
 172:../src/middleware/bacnet/demo/object/trendlog.c ****     int iEntry;
 173:../src/middleware/bacnet/demo/object/trendlog.c ****     struct tm TempTime;
 174:../src/middleware/bacnet/demo/object/trendlog.c ****     time_t tClock;
 175:../src/middleware/bacnet/demo/object/trendlog.c **** 
 176:../src/middleware/bacnet/demo/object/trendlog.c ****     if (!initialized) {
 262              		.loc 1 176 9
 263 0008 97070000 		lla	a5,initialized.7156
 263      93870700 
 264 0010 83C70700 		lbu	a5,0(a5)
 265 0014 93C71700 		xori	a5,a5,1
 266 0018 93F7F70F 		andi	a5,a5,0xff
 267              		.loc 1 176 8
 268 001c 638C0748 		beq	a5,zero,.L26
 177:../src/middleware/bacnet/demo/object/trendlog.c ****         initialized = true;
 269              		.loc 1 177 21
 270 0020 97070000 		lla	a5,initialized.7156
 270      93870700 
 271 0028 0547     		li	a4,1
 272 002a 2380E700 		sb	a4,0(a5)
 178:../src/middleware/bacnet/demo/object/trendlog.c **** 
 179:../src/middleware/bacnet/demo/object/trendlog.c ****         /* initialize all the values */
 180:../src/middleware/bacnet/demo/object/trendlog.c **** 
 181:../src/middleware/bacnet/demo/object/trendlog.c ****         for (iLog = 0; iLog < MAX_TREND_LOGS; iLog++) {
 273              		.loc 1 181 19
 274 002e 232604FE 		sw	zero,-20(s0)
 275              		.loc 1 181 9
 276 0032 8DA9     		j	.L19
 277              	.L24:
 182:../src/middleware/bacnet/demo/object/trendlog.c ****             /*
 183:../src/middleware/bacnet/demo/object/trendlog.c ****              * Do we need to do anything here?
 184:../src/middleware/bacnet/demo/object/trendlog.c ****              * Trend logs are usually assumed to survive over resets
 185:../src/middleware/bacnet/demo/object/trendlog.c ****              * and are frequently implemented using Battery Backed RAM
 186:../src/middleware/bacnet/demo/object/trendlog.c ****              * If they are implemented using Flash or SD cards or some
 187:../src/middleware/bacnet/demo/object/trendlog.c ****              * such mechanism there may be some RAM based setup needed
 188:../src/middleware/bacnet/demo/object/trendlog.c ****              * for log management purposes.
 189:../src/middleware/bacnet/demo/object/trendlog.c ****              * We probably need to look at inserting LOG_INTERRUPTED
 190:../src/middleware/bacnet/demo/object/trendlog.c ****              * entries into any active logs if the power down or reset
 191:../src/middleware/bacnet/demo/object/trendlog.c ****              * may have caused us to miss readings.
 192:../src/middleware/bacnet/demo/object/trendlog.c ****              */
 193:../src/middleware/bacnet/demo/object/trendlog.c **** 
 194:../src/middleware/bacnet/demo/object/trendlog.c ****             /* We will just fill the logs with some entries for testing
 195:../src/middleware/bacnet/demo/object/trendlog.c ****              * purposes.
 196:../src/middleware/bacnet/demo/object/trendlog.c ****              */
 197:../src/middleware/bacnet/demo/object/trendlog.c ****             TempTime.tm_year = 109;
 278              		.loc 1 197 30
 279 0034 9307D006 		li	a5,109
 280 0038 2326F4FC 		sw	a5,-52(s0)
 198:../src/middleware/bacnet/demo/object/trendlog.c ****             TempTime.tm_mon = iLog + 1; /* Different month for each log */
 281              		.loc 1 198 36
 282 003c 8327C4FE 		lw	a5,-20(s0)
 283 0040 8527     		addiw	a5,a5,1
 284 0042 8127     		sext.w	a5,a5
 285              		.loc 1 198 29
 286 0044 2324F4FC 		sw	a5,-56(s0)
 199:../src/middleware/bacnet/demo/object/trendlog.c ****             TempTime.tm_mday = 1;
 287              		.loc 1 199 30
 288 0048 8547     		li	a5,1
 289 004a 2322F4FC 		sw	a5,-60(s0)
 200:../src/middleware/bacnet/demo/object/trendlog.c ****             TempTime.tm_hour = 0;
 290              		.loc 1 200 30
 291 004e 232004FC 		sw	zero,-64(s0)
 201:../src/middleware/bacnet/demo/object/trendlog.c ****             TempTime.tm_min = 0;
 292              		.loc 1 201 29
 293 0052 232E04FA 		sw	zero,-68(s0)
 202:../src/middleware/bacnet/demo/object/trendlog.c ****             TempTime.tm_sec = 0;
 294              		.loc 1 202 29
 295 0056 232C04FA 		sw	zero,-72(s0)
 203:../src/middleware/bacnet/demo/object/trendlog.c ****             tClock = mktime(&TempTime);
 296              		.loc 1 203 22
 297 005a 930784FB 		addi	a5,s0,-72
 298 005e 3E85     		mv	a0,a5
 299 0060 97000000 		call	mktime
 299      E7800000 
 300 0068 2330A4FE 		sd	a0,-32(s0)
 204:../src/middleware/bacnet/demo/object/trendlog.c **** 
 205:../src/middleware/bacnet/demo/object/trendlog.c ****             for (iEntry = 0; iEntry < TL_MAX_ENTRIES; iEntry++) {
 301              		.loc 1 205 25
 302 006c 232404FE 		sw	zero,-24(s0)
 303              		.loc 1 205 13
 304 0070 39AA     		j	.L20
 305              	.L23:
 206:../src/middleware/bacnet/demo/object/trendlog.c ****                 Logs[iLog][iEntry].tTimeStamp = tClock;
 306              		.loc 1 206 47
 307 0072 97060000 		lla	a3,Logs
 307      93860600 
 308 007a 032784FE 		lw	a4,-24(s0)
 309 007e 0326C4FE 		lw	a2,-20(s0)
 310 0082 BA87     		mv	a5,a4
 311 0084 8607     		slli	a5,a5,1
 312 0086 BA97     		add	a5,a5,a4
 313 0088 8E07     		slli	a5,a5,3
 314 008a 1967     		li	a4,24576
 315 008c 130707DC 		addi	a4,a4,-576
 316 0090 3307E602 		mul	a4,a2,a4
 317 0094 BA97     		add	a5,a5,a4
 318 0096 B697     		add	a5,a3,a5
 319 0098 033704FE 		ld	a4,-32(s0)
 320 009c 98E3     		sd	a4,0(a5)
 207:../src/middleware/bacnet/demo/object/trendlog.c ****                 Logs[iLog][iEntry].ucRecType = TL_TYPE_REAL;
 321              		.loc 1 207 46
 322 009e 97060000 		lla	a3,Logs
 322      93860600 
 323 00a6 032784FE 		lw	a4,-24(s0)
 324 00aa 0326C4FE 		lw	a2,-20(s0)
 325 00ae BA87     		mv	a5,a4
 326 00b0 8607     		slli	a5,a5,1
 327 00b2 BA97     		add	a5,a5,a4
 328 00b4 8E07     		slli	a5,a5,3
 329 00b6 1967     		li	a4,24576
 330 00b8 130707DC 		addi	a4,a4,-576
 331 00bc 3307E602 		mul	a4,a2,a4
 332 00c0 BA97     		add	a5,a5,a4
 333 00c2 B697     		add	a5,a3,a5
 334 00c4 0947     		li	a4,2
 335 00c6 2384E700 		sb	a4,8(a5)
 208:../src/middleware/bacnet/demo/object/trendlog.c ****                 Logs[iLog][iEntry].Datum.fReal =
 209:../src/middleware/bacnet/demo/object/trendlog.c ****                     (float) (iEntry + (iLog * TL_MAX_ENTRIES));
 336              		.loc 1 209 45
 337 00ca 0327C4FE 		lw	a4,-20(s0)
 338 00ce 9307803E 		li	a5,1000
 339 00d2 BB07F702 		mulw	a5,a4,a5
 340 00d6 8127     		sext.w	a5,a5
 341              		.loc 1 209 37
 342 00d8 032784FE 		lw	a4,-24(s0)
 343 00dc B99F     		addw	a5,a4,a5
 344 00de 8127     		sext.w	a5,a5
 345              		.loc 1 209 21
 346 00e0 3E85     		mv	a0,a5
 347 00e2 97000000 		call	__floatsisf
 347      E7800000 
 348              	.LVL0:
 349 00ea AA85     		mv	a1,a0
 208:../src/middleware/bacnet/demo/object/trendlog.c ****                 Logs[iLog][iEntry].Datum.fReal =
 350              		.loc 1 208 48
 351 00ec 97060000 		lla	a3,Logs
 351      93860600 
 352 00f4 032784FE 		lw	a4,-24(s0)
 353 00f8 0326C4FE 		lw	a2,-20(s0)
 354 00fc BA87     		mv	a5,a4
 355 00fe 8607     		slli	a5,a5,1
 356 0100 BA97     		add	a5,a5,a4
 357 0102 8E07     		slli	a5,a5,3
 358 0104 1967     		li	a4,24576
 359 0106 130707DC 		addi	a4,a4,-576
 360 010a 3307E602 		mul	a4,a2,a4
 361 010e BA97     		add	a5,a5,a4
 362 0110 B697     		add	a5,a3,a5
 363 0112 CCC7     		sw	a1,12(a5)
 210:../src/middleware/bacnet/demo/object/trendlog.c ****                 /* Put status flags with every second log */
 211:../src/middleware/bacnet/demo/object/trendlog.c ****                 if ((iLog & 1) == 0)
 364              		.loc 1 211 27
 365 0114 8327C4FE 		lw	a5,-20(s0)
 366 0118 858B     		andi	a5,a5,1
 367 011a 8127     		sext.w	a5,a5
 368              		.loc 1 211 20
 369 011c 8DEB     		bne	a5,zero,.L21
 212:../src/middleware/bacnet/demo/object/trendlog.c ****                     Logs[iLog][iEntry].ucStatus = 128;
 370              		.loc 1 212 49
 371 011e 97060000 		lla	a3,Logs
 371      93860600 
 372 0126 032784FE 		lw	a4,-24(s0)
 373 012a 0326C4FE 		lw	a2,-20(s0)
 374 012e BA87     		mv	a5,a4
 375 0130 8607     		slli	a5,a5,1
 376 0132 BA97     		add	a5,a5,a4
 377 0134 8E07     		slli	a5,a5,3
 378 0136 1967     		li	a4,24576
 379 0138 130707DC 		addi	a4,a4,-576
 380 013c 3307E602 		mul	a4,a2,a4
 381 0140 BA97     		add	a5,a5,a4
 382 0142 B697     		add	a5,a3,a5
 383 0144 130700F8 		li	a4,-128
 384 0148 A384E700 		sb	a4,9(a5)
 385 014c 35A0     		j	.L22
 386              	.L21:
 213:../src/middleware/bacnet/demo/object/trendlog.c ****                 else
 214:../src/middleware/bacnet/demo/object/trendlog.c ****                     Logs[iLog][iEntry].ucStatus = 0;
 387              		.loc 1 214 49
 388 014e 97060000 		lla	a3,Logs
 388      93860600 
 389 0156 032784FE 		lw	a4,-24(s0)
 390 015a 0326C4FE 		lw	a2,-20(s0)
 391 015e BA87     		mv	a5,a4
 392 0160 8607     		slli	a5,a5,1
 393 0162 BA97     		add	a5,a5,a4
 394 0164 8E07     		slli	a5,a5,3
 395 0166 1967     		li	a4,24576
 396 0168 130707DC 		addi	a4,a4,-576
 397 016c 3307E602 		mul	a4,a2,a4
 398 0170 BA97     		add	a5,a5,a4
 399 0172 B697     		add	a5,a3,a5
 400 0174 A3840700 		sb	zero,9(a5)
 401              	.L22:
 215:../src/middleware/bacnet/demo/object/trendlog.c ****                 tClock += 900;  /* advance 15 minutes */
 402              		.loc 1 215 24 discriminator 2
 403 0178 833704FE 		ld	a5,-32(s0)
 404 017c 93874738 		addi	a5,a5,900
 405 0180 2330F4FE 		sd	a5,-32(s0)
 205:../src/middleware/bacnet/demo/object/trendlog.c ****                 Logs[iLog][iEntry].tTimeStamp = tClock;
 406              		.loc 1 205 61 discriminator 2
 407 0184 832784FE 		lw	a5,-24(s0)
 408 0188 8527     		addiw	a5,a5,1
 409 018a 2324F4FE 		sw	a5,-24(s0)
 410              	.L20:
 205:../src/middleware/bacnet/demo/object/trendlog.c ****                 Logs[iLog][iEntry].tTimeStamp = tClock;
 411              		.loc 1 205 13 discriminator 1
 412 018e 832784FE 		lw	a5,-24(s0)
 413 0192 1B870700 		sext.w	a4,a5
 414 0196 9307703E 		li	a5,999
 415 019a E3DCE7EC 		ble	a4,a5,.L23
 216:../src/middleware/bacnet/demo/object/trendlog.c ****             }
 217:../src/middleware/bacnet/demo/object/trendlog.c **** 
 218:../src/middleware/bacnet/demo/object/trendlog.c ****             LogInfo[iLog].tLastDataTime = tClock - 900;
 416              		.loc 1 218 50 discriminator 2
 417 019e 833704FE 		ld	a5,-32(s0)
 418 01a2 9386C7C7 		addi	a3,a5,-900
 419              		.loc 1 218 41 discriminator 2
 420 01a6 17060000 		lla	a2,LogInfo
 420      13060600 
 421 01ae 0327C4FE 		lw	a4,-20(s0)
 422 01b2 BA87     		mv	a5,a4
 423 01b4 9207     		slli	a5,a5,4
 424 01b6 998F     		sub	a5,a5,a4
 425 01b8 8E07     		slli	a5,a5,3
 426 01ba B297     		add	a5,a2,a5
 427 01bc B4FB     		sd	a3,112(a5)
 219:../src/middleware/bacnet/demo/object/trendlog.c ****             LogInfo[iLog].bAlignIntervals = true;
 428              		.loc 1 219 43 discriminator 2
 429 01be 97060000 		lla	a3,LogInfo
 429      93860600 
 430 01c6 0327C4FE 		lw	a4,-20(s0)
 431 01ca BA87     		mv	a5,a4
 432 01cc 9207     		slli	a5,a5,4
 433 01ce 998F     		sub	a5,a5,a4
 434 01d0 8E07     		slli	a5,a5,3
 435 01d2 B697     		add	a5,a3,a5
 436 01d4 0547     		li	a4,1
 437 01d6 2380E706 		sb	a4,96(a5)
 220:../src/middleware/bacnet/demo/object/trendlog.c ****             LogInfo[iLog].bEnable = true;
 438              		.loc 1 220 35 discriminator 2
 439 01da 97060000 		lla	a3,LogInfo
 439      93860600 
 440 01e2 0327C4FE 		lw	a4,-20(s0)
 441 01e6 BA87     		mv	a5,a4
 442 01e8 9207     		slli	a5,a5,4
 443 01ea 998F     		sub	a5,a5,a4
 444 01ec 8E07     		slli	a5,a5,3
 445 01ee B697     		add	a5,a3,a5
 446 01f0 0547     		li	a4,1
 447 01f2 2380E700 		sb	a4,0(a5)
 221:../src/middleware/bacnet/demo/object/trendlog.c ****             LogInfo[iLog].bStopWhenFull = false;
 448              		.loc 1 221 41 discriminator 2
 449 01f6 97060000 		lla	a3,LogInfo
 449      93860600 
 450 01fe 0327C4FE 		lw	a4,-20(s0)
 451 0202 BA87     		mv	a5,a4
 452 0204 9207     		slli	a5,a5,4
 453 0206 998F     		sub	a5,a5,a4
 454 0208 8E07     		slli	a5,a5,3
 455 020a B697     		add	a5,a3,a5
 456 020c 23880704 		sb	zero,80(a5)
 222:../src/middleware/bacnet/demo/object/trendlog.c ****             LogInfo[iLog].bTrigger = false;
 457              		.loc 1 222 36 discriminator 2
 458 0210 97060000 		lla	a3,LogInfo
 458      93860600 
 459 0218 0327C4FE 		lw	a4,-20(s0)
 460 021c BA87     		mv	a5,a4
 461 021e 9207     		slli	a5,a5,4
 462 0220 998F     		sub	a5,a5,a4
 463 0222 8E07     		slli	a5,a5,3
 464 0224 B697     		add	a5,a3,a5
 465 0226 23840706 		sb	zero,104(a5)
 223:../src/middleware/bacnet/demo/object/trendlog.c ****             LogInfo[iLog].LoggingType = LOGGING_TYPE_POLLED;
 466              		.loc 1 223 39 discriminator 2
 467 022a 97060000 		lla	a3,LogInfo
 467      93860600 
 468 0232 0327C4FE 		lw	a4,-20(s0)
 469 0236 BA87     		mv	a5,a4
 470 0238 9207     		slli	a5,a5,4
 471 023a 998F     		sub	a5,a5,a4
 472 023c 8E07     		slli	a5,a5,3
 473 023e B697     		add	a5,a3,a5
 474 0240 23AE0704 		sw	zero,92(a5)
 224:../src/middleware/bacnet/demo/object/trendlog.c ****             LogInfo[iLog].Source.arrayIndex = 0;
 475              		.loc 1 224 45 discriminator 2
 476 0244 97060000 		lla	a3,LogInfo
 476      93860600 
 477 024c 0327C4FE 		lw	a4,-20(s0)
 478 0250 BA87     		mv	a5,a4
 479 0252 9207     		slli	a5,a5,4
 480 0254 998F     		sub	a5,a5,a4
 481 0256 8E07     		slli	a5,a5,3
 482 0258 B697     		add	a5,a3,a5
 483 025a 23A00704 		sw	zero,64(a5)
 225:../src/middleware/bacnet/demo/object/trendlog.c ****             LogInfo[iLog].ucTimeFlags = 0;
 484              		.loc 1 225 39 discriminator 2
 485 025e 97060000 		lla	a3,LogInfo
 485      93860600 
 486 0266 0327C4FE 		lw	a4,-20(s0)
 487 026a BA87     		mv	a5,a4
 488 026c 9207     		slli	a5,a5,4
 489 026e 998F     		sub	a5,a5,a4
 490 0270 8E07     		slli	a5,a5,3
 491 0272 B697     		add	a5,a3,a5
 492 0274 23880702 		sb	zero,48(a5)
 226:../src/middleware/bacnet/demo/object/trendlog.c ****             LogInfo[iLog].ulIntervalOffset = 0;
 493              		.loc 1 226 44 discriminator 2
 494 0278 97060000 		lla	a3,LogInfo
 494      93860600 
 495 0280 0327C4FE 		lw	a4,-20(s0)
 496 0284 BA87     		mv	a5,a4
 497 0286 9207     		slli	a5,a5,4
 498 0288 998F     		sub	a5,a5,a4
 499 028a 8E07     		slli	a5,a5,3
 500 028c B697     		add	a5,a3,a5
 501 028e 23A20706 		sw	zero,100(a5)
 227:../src/middleware/bacnet/demo/object/trendlog.c ****             LogInfo[iLog].iIndex = 0;
 502              		.loc 1 227 34 discriminator 2
 503 0292 97060000 		lla	a3,LogInfo
 503      93860600 
 504 029a 0327C4FE 		lw	a4,-20(s0)
 505 029e BA87     		mv	a5,a4
 506 02a0 9207     		slli	a5,a5,4
 507 02a2 998F     		sub	a5,a5,a4
 508 02a4 8E07     		slli	a5,a5,3
 509 02a6 B697     		add	a5,a3,a5
 510 02a8 23A60706 		sw	zero,108(a5)
 228:../src/middleware/bacnet/demo/object/trendlog.c ****             LogInfo[iLog].ulLogInterval = 900;
 511              		.loc 1 228 41 discriminator 2
 512 02ac 97060000 		lla	a3,LogInfo
 512      93860600 
 513 02b4 0327C4FE 		lw	a4,-20(s0)
 514 02b8 BA87     		mv	a5,a4
 515 02ba 9207     		slli	a5,a5,4
 516 02bc 998F     		sub	a5,a5,a4
 517 02be 8E07     		slli	a5,a5,3
 518 02c0 B697     		add	a5,a3,a5
 519 02c2 13074038 		li	a4,900
 520 02c6 F8C7     		sw	a4,76(a5)
 229:../src/middleware/bacnet/demo/object/trendlog.c ****             LogInfo[iLog].ulRecordCount = TL_MAX_ENTRIES;
 521              		.loc 1 229 41 discriminator 2
 522 02c8 97060000 		lla	a3,LogInfo
 522      93860600 
 523 02d0 0327C4FE 		lw	a4,-20(s0)
 524 02d4 BA87     		mv	a5,a4
 525 02d6 9207     		slli	a5,a5,4
 526 02d8 998F     		sub	a5,a5,a4
 527 02da 8E07     		slli	a5,a5,3
 528 02dc B697     		add	a5,a3,a5
 529 02de 1307803E 		li	a4,1000
 530 02e2 F8CB     		sw	a4,84(a5)
 230:../src/middleware/bacnet/demo/object/trendlog.c ****             LogInfo[iLog].ulTotalRecordCount = 10000;
 531              		.loc 1 230 46 discriminator 2
 532 02e4 97060000 		lla	a3,LogInfo
 532      93860600 
 533 02ec 0327C4FE 		lw	a4,-20(s0)
 534 02f0 BA87     		mv	a5,a4
 535 02f2 9207     		slli	a5,a5,4
 536 02f4 998F     		sub	a5,a5,a4
 537 02f6 8E07     		slli	a5,a5,3
 538 02f8 B697     		add	a5,a3,a5
 539 02fa 0967     		li	a4,8192
 540 02fc 13070771 		addi	a4,a4,1808
 541 0300 B8CF     		sw	a4,88(a5)
 231:../src/middleware/bacnet/demo/object/trendlog.c **** 
 232:../src/middleware/bacnet/demo/object/trendlog.c ****             LogInfo[iLog].Source.deviceIdentifier.instance =
 233:../src/middleware/bacnet/demo/object/trendlog.c ****                 Device_Object_Instance_Number();
 542              		.loc 1 233 17 discriminator 2
 543 0302 97000000 		call	Device_Object_Instance_Number
 543      E7800000 
 544 030a AA87     		mv	a5,a0
 545 030c 9B860700 		sext.w	a3,a5
 232:../src/middleware/bacnet/demo/object/trendlog.c ****                 Device_Object_Instance_Number();
 546              		.loc 1 232 60 discriminator 2
 547 0310 17060000 		lla	a2,LogInfo
 547      13060600 
 548 0318 0327C4FE 		lw	a4,-20(s0)
 549 031c BA87     		mv	a5,a4
 550 031e 9207     		slli	a5,a5,4
 551 0320 998F     		sub	a5,a5,a4
 552 0322 8E07     		slli	a5,a5,3
 553 0324 B297     		add	a5,a2,a5
 554 0326 B4C7     		sw	a3,72(a5)
 234:../src/middleware/bacnet/demo/object/trendlog.c ****             LogInfo[iLog].Source.deviceIdentifier.type = OBJECT_DEVICE;
 555              		.loc 1 234 56 discriminator 2
 556 0328 97060000 		lla	a3,LogInfo
 556      93860600 
 557 0330 0327C4FE 		lw	a4,-20(s0)
 558 0334 BA87     		mv	a5,a4
 559 0336 9207     		slli	a5,a5,4
 560 0338 998F     		sub	a5,a5,a4
 561 033a 8E07     		slli	a5,a5,3
 562 033c B697     		add	a5,a3,a5
 563 033e 2147     		li	a4,8
 564 0340 2392E704 		sh	a4,68(a5)
 235:../src/middleware/bacnet/demo/object/trendlog.c ****             LogInfo[iLog].Source.objectIdentifier.instance = iLog;
 565              		.loc 1 235 60 discriminator 2
 566 0344 8326C4FE 		lw	a3,-20(s0)
 567 0348 17060000 		lla	a2,LogInfo
 567      13060600 
 568 0350 0327C4FE 		lw	a4,-20(s0)
 569 0354 BA87     		mv	a5,a4
 570 0356 9207     		slli	a5,a5,4
 571 0358 998F     		sub	a5,a5,a4
 572 035a 8E07     		slli	a5,a5,3
 573 035c B297     		add	a5,a2,a5
 574 035e 94DF     		sw	a3,56(a5)
 236:../src/middleware/bacnet/demo/object/trendlog.c ****             LogInfo[iLog].Source.objectIdentifier.type = OBJECT_ANALOG_INPUT;
 575              		.loc 1 236 56 discriminator 2
 576 0360 97060000 		lla	a3,LogInfo
 576      93860600 
 577 0368 0327C4FE 		lw	a4,-20(s0)
 578 036c BA87     		mv	a5,a4
 579 036e 9207     		slli	a5,a5,4
 580 0370 998F     		sub	a5,a5,a4
 581 0372 8E07     		slli	a5,a5,3
 582 0374 B697     		add	a5,a3,a5
 583 0376 239A0702 		sh	zero,52(a5)
 237:../src/middleware/bacnet/demo/object/trendlog.c ****             LogInfo[iLog].Source.arrayIndex = BACNET_ARRAY_ALL;
 584              		.loc 1 237 45 discriminator 2
 585 037a 97060000 		lla	a3,LogInfo
 585      93860600 
 586 0382 0327C4FE 		lw	a4,-20(s0)
 587 0386 BA87     		mv	a5,a4
 588 0388 9207     		slli	a5,a5,4
 589 038a 998F     		sub	a5,a5,a4
 590 038c 8E07     		slli	a5,a5,3
 591 038e B697     		add	a5,a3,a5
 592 0390 7D57     		li	a4,-1
 593 0392 B8C3     		sw	a4,64(a5)
 238:../src/middleware/bacnet/demo/object/trendlog.c ****             LogInfo[iLog].Source.propertyIdentifier = PROP_PRESENT_VALUE;
 594              		.loc 1 238 53 discriminator 2
 595 0394 97060000 		lla	a3,LogInfo
 595      93860600 
 596 039c 0327C4FE 		lw	a4,-20(s0)
 597 03a0 BA87     		mv	a5,a4
 598 03a2 9207     		slli	a5,a5,4
 599 03a4 998F     		sub	a5,a5,a4
 600 03a6 8E07     		slli	a5,a5,3
 601 03a8 B697     		add	a5,a3,a5
 602 03aa 13075005 		li	a4,85
 603 03ae D8DF     		sw	a4,60(a5)
 239:../src/middleware/bacnet/demo/object/trendlog.c **** 
 240:../src/middleware/bacnet/demo/object/trendlog.c ****             datetime_set_values(&LogInfo[iLog].StartTime, 2009, 1, 1, 0, 0, 0,
 604              		.loc 1 240 13 discriminator 2
 605 03b0 0327C4FE 		lw	a4,-20(s0)
 606 03b4 BA87     		mv	a5,a4
 607 03b6 9207     		slli	a5,a5,4
 608 03b8 998F     		sub	a5,a5,a4
 609 03ba 8E07     		slli	a5,a5,3
 610 03bc 17070000 		lla	a4,LogInfo
 610      13070700 
 611 03c4 BA97     		add	a5,a5,a4
 612 03c6 13852700 		addi	a0,a5,2
 613 03ca 8148     		li	a7,0
 614 03cc 0148     		li	a6,0
 615 03ce 8147     		li	a5,0
 616 03d0 0147     		li	a4,0
 617 03d2 8546     		li	a3,1
 618 03d4 0546     		li	a2,1
 619 03d6 9305907D 		li	a1,2009
 620 03da 97000000 		call	datetime_set_values
 620      E7800000 
 241:../src/middleware/bacnet/demo/object/trendlog.c ****                 0);
 242:../src/middleware/bacnet/demo/object/trendlog.c ****             LogInfo[iLog].tStartTime =
 243:../src/middleware/bacnet/demo/object/trendlog.c ****                 TL_BAC_Time_To_Local(&LogInfo[iLog].StartTime);
 621              		.loc 1 243 17 discriminator 2
 622 03e2 0327C4FE 		lw	a4,-20(s0)
 623 03e6 BA87     		mv	a5,a4
 624 03e8 9207     		slli	a5,a5,4
 625 03ea 998F     		sub	a5,a5,a4
 626 03ec 8E07     		slli	a5,a5,3
 627 03ee 17070000 		lla	a4,LogInfo
 627      13070700 
 628 03f6 BA97     		add	a5,a5,a4
 629 03f8 8907     		addi	a5,a5,2
 630 03fa 3E85     		mv	a0,a5
 631 03fc 97000000 		call	TL_BAC_Time_To_Local
 631      E7800000 
 632 0404 2A86     		mv	a2,a0
 242:../src/middleware/bacnet/demo/object/trendlog.c ****                 TL_BAC_Time_To_Local(&LogInfo[iLog].StartTime);
 633              		.loc 1 242 38 discriminator 2
 634 0406 97060000 		lla	a3,LogInfo
 634      93860600 
 635 040e 0327C4FE 		lw	a4,-20(s0)
 636 0412 BA87     		mv	a5,a4
 637 0414 9207     		slli	a5,a5,4
 638 0416 998F     		sub	a5,a5,a4
 639 0418 8E07     		slli	a5,a5,3
 640 041a B697     		add	a5,a3,a5
 641 041c 90EB     		sd	a2,16(a5)
 244:../src/middleware/bacnet/demo/object/trendlog.c ****             datetime_set_values(&LogInfo[iLog].StopTime, 2020, 12, 22, 23, 59,
 642              		.loc 1 244 13 discriminator 2
 643 041e 0327C4FE 		lw	a4,-20(s0)
 644 0422 BA87     		mv	a5,a4
 645 0424 9207     		slli	a5,a5,4
 646 0426 998F     		sub	a5,a5,a4
 647 0428 8E07     		slli	a5,a5,3
 648 042a 13870701 		addi	a4,a5,16
 649 042e 97070000 		lla	a5,LogInfo
 649      93870700 
 650 0436 BA97     		add	a5,a4,a5
 651 0438 13858700 		addi	a0,a5,8
 652 043c 93083006 		li	a7,99
 653 0440 1308B003 		li	a6,59
 654 0444 9307B003 		li	a5,59
 655 0448 5D47     		li	a4,23
 656 044a D946     		li	a3,22
 657 044c 3146     		li	a2,12
 658 044e 9305407E 		li	a1,2020
 659 0452 97000000 		call	datetime_set_values
 659      E7800000 
 245:../src/middleware/bacnet/demo/object/trendlog.c ****                 59, 99);
 246:../src/middleware/bacnet/demo/object/trendlog.c ****             LogInfo[iLog].tStopTime =
 247:../src/middleware/bacnet/demo/object/trendlog.c ****                 TL_BAC_Time_To_Local(&LogInfo[iLog].StopTime);
 660              		.loc 1 247 17 discriminator 2
 661 045a 0327C4FE 		lw	a4,-20(s0)
 662 045e BA87     		mv	a5,a4
 663 0460 9207     		slli	a5,a5,4
 664 0462 998F     		sub	a5,a5,a4
 665 0464 8E07     		slli	a5,a5,3
 666 0466 13870701 		addi	a4,a5,16
 667 046a 97070000 		lla	a5,LogInfo
 667      93870700 
 668 0472 BA97     		add	a5,a4,a5
 669 0474 A107     		addi	a5,a5,8
 670 0476 3E85     		mv	a0,a5
 671 0478 97000000 		call	TL_BAC_Time_To_Local
 671      E7800000 
 672 0480 2A86     		mv	a2,a0
 246:../src/middleware/bacnet/demo/object/trendlog.c ****                 TL_BAC_Time_To_Local(&LogInfo[iLog].StopTime);
 673              		.loc 1 246 37 discriminator 2
 674 0482 97060000 		lla	a3,LogInfo
 674      93860600 
 675 048a 0327C4FE 		lw	a4,-20(s0)
 676 048e BA87     		mv	a5,a4
 677 0490 9207     		slli	a5,a5,4
 678 0492 998F     		sub	a5,a5,a4
 679 0494 8E07     		slli	a5,a5,3
 680 0496 B697     		add	a5,a3,a5
 681 0498 90F7     		sd	a2,40(a5)
 181:../src/middleware/bacnet/demo/object/trendlog.c ****             /*
 682              		.loc 1 181 51 discriminator 2
 683 049a 8327C4FE 		lw	a5,-20(s0)
 684 049e 8527     		addiw	a5,a5,1
 685 04a0 2326F4FE 		sw	a5,-20(s0)
 686              	.L19:
 181:../src/middleware/bacnet/demo/object/trendlog.c ****             /*
 687              		.loc 1 181 9 discriminator 1
 688 04a4 8327C4FE 		lw	a5,-20(s0)
 689 04a8 1B870700 		sext.w	a4,a5
 690 04ac 9D47     		li	a5,7
 691 04ae E3D3E7B8 		ble	a4,a5,.L24
 248:../src/middleware/bacnet/demo/object/trendlog.c ****         }
 249:../src/middleware/bacnet/demo/object/trendlog.c ****     }
 250:../src/middleware/bacnet/demo/object/trendlog.c **** 
 251:../src/middleware/bacnet/demo/object/trendlog.c ****     return;
 692              		.loc 1 251 5
 693 04b2 0100     		nop
 694              	.L26:
 695 04b4 0100     		nop
 252:../src/middleware/bacnet/demo/object/trendlog.c **** }
 696              		.loc 1 252 1
 697 04b6 A660     		ld	ra,72(sp)
 698              		.cfi_restore 1
 699 04b8 0664     		ld	s0,64(sp)
 700              		.cfi_restore 8
 701              		.cfi_def_cfa 2, 80
 702 04ba 6161     		addi	sp,sp,80
 703              		.cfi_def_cfa_offset 0
 704 04bc 8280     		jr	ra
 705              		.cfi_endproc
 706              	.LFE9:
 708              		.section	.rodata
 709              		.align	3
 710              	.LC0:
 711 0000 5472656E 		.string	"Trend Log %u"
 711      64204C6F 
 711      67202575 
 711      00
 712              		.section	.text.Trend_Log_Object_Name,"ax",@progbits
 713              		.align	1
 714              		.globl	Trend_Log_Object_Name
 716              	Trend_Log_Object_Name:
 717              	.LFB10:
 253:../src/middleware/bacnet/demo/object/trendlog.c **** 
 254:../src/middleware/bacnet/demo/object/trendlog.c **** 
 255:../src/middleware/bacnet/demo/object/trendlog.c **** /*
 256:../src/middleware/bacnet/demo/object/trendlog.c ****  * Note: we use the instance number here and build the name based
 257:../src/middleware/bacnet/demo/object/trendlog.c ****  * on the assumption that there is a 1 to 1 correspondance. If there
 258:../src/middleware/bacnet/demo/object/trendlog.c ****  * is not we need to convert to index before proceeding.
 259:../src/middleware/bacnet/demo/object/trendlog.c ****  */
 260:../src/middleware/bacnet/demo/object/trendlog.c **** bool Trend_Log_Object_Name(
 261:../src/middleware/bacnet/demo/object/trendlog.c ****     uint32_t object_instance,
 262:../src/middleware/bacnet/demo/object/trendlog.c ****     BACNET_CHARACTER_STRING * object_name)
 263:../src/middleware/bacnet/demo/object/trendlog.c **** {
 718              		.loc 1 263 1
 719              		.cfi_startproc
 720 0000 7971     		addi	sp,sp,-48
 721              		.cfi_def_cfa_offset 48
 722 0002 06F4     		sd	ra,40(sp)
 723 0004 22F0     		sd	s0,32(sp)
 724              		.cfi_offset 1, -8
 725              		.cfi_offset 8, -16
 726 0006 0018     		addi	s0,sp,48
 727              		.cfi_def_cfa 8, 0
 728 0008 AA87     		mv	a5,a0
 729 000a 2338B4FC 		sd	a1,-48(s0)
 730 000e 232EF4FC 		sw	a5,-36(s0)
 264:../src/middleware/bacnet/demo/object/trendlog.c ****     static char text_string[32] = "";   /* okay for single thread */
 265:../src/middleware/bacnet/demo/object/trendlog.c ****     bool status = false;
 731              		.loc 1 265 10
 732 0012 A30704FE 		sb	zero,-17(s0)
 266:../src/middleware/bacnet/demo/object/trendlog.c **** 
 267:../src/middleware/bacnet/demo/object/trendlog.c ****     if (object_instance < MAX_TREND_LOGS) {
 733              		.loc 1 267 8
 734 0016 8327C4FD 		lw	a5,-36(s0)
 735 001a 1B870700 		sext.w	a4,a5
 736 001e 9D47     		li	a5,7
 737 0020 63EEE702 		bgtu	a4,a5,.L28
 268:../src/middleware/bacnet/demo/object/trendlog.c ****         sprintf(text_string, "Trend Log %u", object_instance);
 738              		.loc 1 268 9
 739 0024 8327C4FD 		lw	a5,-36(s0)
 740 0028 3E86     		mv	a2,a5
 741 002a 97050000 		lla	a1,.LC0
 741      93850500 
 742 0032 17050000 		lla	a0,text_string.7171
 742      13050500 
 743 003a 97000000 		call	sprintf
 743      E7800000 
 269:../src/middleware/bacnet/demo/object/trendlog.c ****         status = characterstring_init_ansi(object_name, text_string);
 744              		.loc 1 269 18
 745 0042 97050000 		lla	a1,text_string.7171
 745      93850500 
 746 004a 033504FD 		ld	a0,-48(s0)
 747 004e 97000000 		call	characterstring_init_ansi
 747      E7800000 
 748 0056 AA87     		mv	a5,a0
 749 0058 A307F4FE 		sb	a5,-17(s0)
 750              	.L28:
 270:../src/middleware/bacnet/demo/object/trendlog.c ****     }
 271:../src/middleware/bacnet/demo/object/trendlog.c **** 
 272:../src/middleware/bacnet/demo/object/trendlog.c ****     return status;
 751              		.loc 1 272 12
 752 005c 8347F4FE 		lbu	a5,-17(s0)
 273:../src/middleware/bacnet/demo/object/trendlog.c **** }
 753              		.loc 1 273 1
 754 0060 3E85     		mv	a0,a5
 755 0062 A270     		ld	ra,40(sp)
 756              		.cfi_restore 1
 757 0064 0274     		ld	s0,32(sp)
 758              		.cfi_restore 8
 759              		.cfi_def_cfa 2, 48
 760 0066 4561     		addi	sp,sp,48
 761              		.cfi_def_cfa_offset 0
 762 0068 8280     		jr	ra
 763              		.cfi_endproc
 764              	.LFE10:
 766              		.section	.text.Trend_Log_Read_Property,"ax",@progbits
 767              		.align	1
 768              		.globl	Trend_Log_Read_Property
 770              	Trend_Log_Read_Property:
 771              	.LFB11:
 274:../src/middleware/bacnet/demo/object/trendlog.c **** 
 275:../src/middleware/bacnet/demo/object/trendlog.c **** 
 276:../src/middleware/bacnet/demo/object/trendlog.c **** /* return the length of the apdu encoded or BACNET_STATUS_ERROR for error or
 277:../src/middleware/bacnet/demo/object/trendlog.c ****    BACNET_STATUS_ABORT for abort message */
 278:../src/middleware/bacnet/demo/object/trendlog.c **** int Trend_Log_Read_Property(
 279:../src/middleware/bacnet/demo/object/trendlog.c ****     BACNET_READ_PROPERTY_DATA * rpdata)
 280:../src/middleware/bacnet/demo/object/trendlog.c **** {
 772              		.loc 1 280 1
 773              		.cfi_startproc
 774 0000 1301019F 		addi	sp,sp,-1552
 775              		.cfi_def_cfa_offset 1552
 776 0004 23341160 		sd	ra,1544(sp)
 777 0008 23308160 		sd	s0,1536(sp)
 778              		.cfi_offset 1, -8
 779              		.cfi_offset 8, -16
 780 000c 13040161 		addi	s0,sp,1552
 781              		.cfi_def_cfa 8, 0
 782 0010 233CA49E 		sd	a0,-1544(s0)
 281:../src/middleware/bacnet/demo/object/trendlog.c ****     int apdu_len = 0;   /* return value */
 783              		.loc 1 281 9
 784 0014 232604FE 		sw	zero,-20(s0)
 282:../src/middleware/bacnet/demo/object/trendlog.c ****     int len = 0;        /* apdu len intermediate value */
 785              		.loc 1 282 9
 786 0018 232404FE 		sw	zero,-24(s0)
 283:../src/middleware/bacnet/demo/object/trendlog.c ****     BACNET_BIT_STRING bit_string;
 284:../src/middleware/bacnet/demo/object/trendlog.c ****     BACNET_CHARACTER_STRING char_string;
 285:../src/middleware/bacnet/demo/object/trendlog.c ****     TL_LOG_INFO *CurrentLog;
 286:../src/middleware/bacnet/demo/object/trendlog.c ****     uint8_t *apdu = NULL;
 787              		.loc 1 286 14
 788 001c 233004FE 		sd	zero,-32(s0)
 287:../src/middleware/bacnet/demo/object/trendlog.c **** 
 288:../src/middleware/bacnet/demo/object/trendlog.c ****     if ((rpdata == NULL) || (rpdata->application_data == NULL) ||
 789              		.loc 1 288 8
 790 0020 8337849F 		ld	a5,-1544(s0)
 791 0024 89CB     		beq	a5,zero,.L31
 792              		.loc 1 288 36 discriminator 1
 793 0026 8337849F 		ld	a5,-1544(s0)
 794 002a 9C6B     		ld	a5,16(a5)
 795              		.loc 1 288 26 discriminator 1
 796 002c 89C7     		beq	a5,zero,.L31
 289:../src/middleware/bacnet/demo/object/trendlog.c ****         (rpdata->application_data_len == 0)) {
 797              		.loc 1 289 16 discriminator 2
 798 002e 8337849F 		ld	a5,-1544(s0)
 799 0032 9C4F     		lw	a5,24(a5)
 288:../src/middleware/bacnet/demo/object/trendlog.c ****         (rpdata->application_data_len == 0)) {
 800              		.loc 1 288 64 discriminator 2
 801 0034 99E3     		bne	a5,zero,.L32
 802              	.L31:
 290:../src/middleware/bacnet/demo/object/trendlog.c ****         return 0;
 803              		.loc 1 290 16
 804 0036 8147     		li	a5,0
 805 0038 DDAE     		j	.L57
 806              	.L32:
 291:../src/middleware/bacnet/demo/object/trendlog.c ****     }
 292:../src/middleware/bacnet/demo/object/trendlog.c ****     apdu = rpdata->application_data;
 807              		.loc 1 292 10
 808 003a 8337849F 		ld	a5,-1544(s0)
 809 003e 9C6B     		ld	a5,16(a5)
 810 0040 2330F4FE 		sd	a5,-32(s0)
 293:../src/middleware/bacnet/demo/object/trendlog.c ****     CurrentLog = &LogInfo[Trend_Log_Instance_To_Index(rpdata->object_instance)];        /* Pin down
 811              		.loc 1 293 27
 812 0044 8337849F 		ld	a5,-1544(s0)
 813 0048 DC43     		lw	a5,4(a5)
 814 004a 3E85     		mv	a0,a5
 815 004c 97000000 		call	Trend_Log_Instance_To_Index
 815      E7800000 
 816 0054 AA87     		mv	a5,a0
 817 0056 8127     		sext.w	a5,a5
 818              		.loc 1 293 16
 819 0058 13970702 		slli	a4,a5,32
 820 005c 0193     		srli	a4,a4,32
 821 005e BA87     		mv	a5,a4
 822 0060 9207     		slli	a5,a5,4
 823 0062 998F     		sub	a5,a5,a4
 824 0064 8E07     		slli	a5,a5,3
 825 0066 17070000 		lla	a4,LogInfo
 825      13070700 
 826 006e BA97     		add	a5,a5,a4
 827 0070 233CF4FC 		sd	a5,-40(s0)
 294:../src/middleware/bacnet/demo/object/trendlog.c ****     switch (rpdata->object_property) {
 828              		.loc 1 294 19
 829 0074 8337849F 		ld	a5,-1544(s0)
 830 0078 9C47     		lw	a5,8(a5)
 831              		.loc 1 294 5
 832 007a 9B8647FE 		addiw	a3,a5,-28
 833 007e 1B870600 		sext.w	a4,a3
 834 0082 9307100B 		li	a5,177
 835 0086 63E5E734 		bgtu	a4,a5,.L34
 836 008a 93970602 		slli	a5,a3,32
 837 008e 8193     		srli	a5,a5,32
 838 0090 13972700 		slli	a4,a5,2
 839 0094 97070000 		lla	a5,.L36
 839      93870700 
 840 009c BA97     		add	a5,a4,a5
 841 009e 9C43     		lw	a5,0(a5)
 842 00a0 1B870700 		sext.w	a4,a5
 843 00a4 97070000 		lla	a5,.L36
 843      93870700 
 844 00ac BA97     		add	a5,a4,a5
 845 00ae 8287     		jr	a5
 846              		.section	.rodata.Trend_Log_Read_Property,"a",@progbits
 847              		.align	2
 848              		.align	2
 849              	.L36:
 850 0000 00000000 		.word	.L52-.L36
 851 0004 00000000 		.word	.L34-.L36
 852 0008 00000000 		.word	.L34-.L36
 853 000c 00000000 		.word	.L34-.L36
 854 0010 00000000 		.word	.L34-.L36
 855 0014 00000000 		.word	.L34-.L36
 856 0018 00000000 		.word	.L34-.L36
 857 001c 00000000 		.word	.L34-.L36
 858 0020 00000000 		.word	.L54-.L36
 859 0024 00000000 		.word	.L34-.L36
 860 0028 00000000 		.word	.L34-.L36
 861 002c 00000000 		.word	.L34-.L36
 862 0030 00000000 		.word	.L34-.L36
 863 0034 00000000 		.word	.L34-.L36
 864 0038 00000000 		.word	.L34-.L36
 865 003c 00000000 		.word	.L34-.L36
 866 0040 00000000 		.word	.L34-.L36
 867 0044 00000000 		.word	.L34-.L36
 868 0048 00000000 		.word	.L34-.L36
 869 004c 00000000 		.word	.L34-.L36
 870 0050 00000000 		.word	.L34-.L36
 871 0054 00000000 		.word	.L34-.L36
 872 0058 00000000 		.word	.L34-.L36
 873 005c 00000000 		.word	.L34-.L36
 874 0060 00000000 		.word	.L34-.L36
 875 0064 00000000 		.word	.L34-.L36
 876 0068 00000000 		.word	.L34-.L36
 877 006c 00000000 		.word	.L34-.L36
 878 0070 00000000 		.word	.L34-.L36
 879 0074 00000000 		.word	.L34-.L36
 880 0078 00000000 		.word	.L34-.L36
 881 007c 00000000 		.word	.L34-.L36
 882 0080 00000000 		.word	.L34-.L36
 883 0084 00000000 		.word	.L34-.L36
 884 0088 00000000 		.word	.L34-.L36
 885 008c 00000000 		.word	.L34-.L36
 886 0090 00000000 		.word	.L34-.L36
 887 0094 00000000 		.word	.L34-.L36
 888 0098 00000000 		.word	.L34-.L36
 889 009c 00000000 		.word	.L34-.L36
 890 00a0 00000000 		.word	.L34-.L36
 891 00a4 00000000 		.word	.L34-.L36
 892 00a8 00000000 		.word	.L34-.L36
 893 00ac 00000000 		.word	.L34-.L36
 894 00b0 00000000 		.word	.L34-.L36
 895 00b4 00000000 		.word	.L34-.L36
 896 00b8 00000000 		.word	.L34-.L36
 897 00bc 00000000 		.word	.L53-.L36
 898 00c0 00000000 		.word	.L34-.L36
 899 00c4 00000000 		.word	.L52-.L36
 900 00c8 00000000 		.word	.L34-.L36
 901 00cc 00000000 		.word	.L51-.L36
 902 00d0 00000000 		.word	.L34-.L36
 903 00d4 00000000 		.word	.L34-.L36
 904 00d8 00000000 		.word	.L34-.L36
 905 00dc 00000000 		.word	.L34-.L36
 906 00e0 00000000 		.word	.L34-.L36
 907 00e4 00000000 		.word	.L34-.L36
 908 00e8 00000000 		.word	.L34-.L36
 909 00ec 00000000 		.word	.L34-.L36
 910 00f0 00000000 		.word	.L34-.L36
 911 00f4 00000000 		.word	.L34-.L36
 912 00f8 00000000 		.word	.L34-.L36
 913 00fc 00000000 		.word	.L34-.L36
 914 0100 00000000 		.word	.L34-.L36
 915 0104 00000000 		.word	.L34-.L36
 916 0108 00000000 		.word	.L34-.L36
 917 010c 00000000 		.word	.L34-.L36
 918 0110 00000000 		.word	.L34-.L36
 919 0114 00000000 		.word	.L34-.L36
 920 0118 00000000 		.word	.L34-.L36
 921 011c 00000000 		.word	.L34-.L36
 922 0120 00000000 		.word	.L34-.L36
 923 0124 00000000 		.word	.L34-.L36
 924 0128 00000000 		.word	.L34-.L36
 925 012c 00000000 		.word	.L34-.L36
 926 0130 00000000 		.word	.L34-.L36
 927 0134 00000000 		.word	.L34-.L36
 928 0138 00000000 		.word	.L34-.L36
 929 013c 00000000 		.word	.L34-.L36
 930 0140 00000000 		.word	.L34-.L36
 931 0144 00000000 		.word	.L34-.L36
 932 0148 00000000 		.word	.L34-.L36
 933 014c 00000000 		.word	.L50-.L36
 934 0150 00000000 		.word	.L34-.L36
 935 0154 00000000 		.word	.L34-.L36
 936 0158 00000000 		.word	.L34-.L36
 937 015c 00000000 		.word	.L34-.L36
 938 0160 00000000 		.word	.L34-.L36
 939 0164 00000000 		.word	.L34-.L36
 940 0168 00000000 		.word	.L34-.L36
 941 016c 00000000 		.word	.L34-.L36
 942 0170 00000000 		.word	.L34-.L36
 943 0174 00000000 		.word	.L34-.L36
 944 0178 00000000 		.word	.L34-.L36
 945 017c 00000000 		.word	.L34-.L36
 946 0180 00000000 		.word	.L34-.L36
 947 0184 00000000 		.word	.L34-.L36
 948 0188 00000000 		.word	.L49-.L36
 949 018c 00000000 		.word	.L34-.L36
 950 0190 00000000 		.word	.L34-.L36
 951 0194 00000000 		.word	.L34-.L36
 952 0198 00000000 		.word	.L34-.L36
 953 019c 00000000 		.word	.L48-.L36
 954 01a0 00000000 		.word	.L47-.L36
 955 01a4 00000000 		.word	.L46-.L36
 956 01a8 00000000 		.word	.L45-.L36
 957 01ac 00000000 		.word	.L34-.L36
 958 01b0 00000000 		.word	.L34-.L36
 959 01b4 00000000 		.word	.L34-.L36
 960 01b8 00000000 		.word	.L34-.L36
 961 01bc 00000000 		.word	.L34-.L36
 962 01c0 00000000 		.word	.L34-.L36
 963 01c4 00000000 		.word	.L44-.L36
 964 01c8 00000000 		.word	.L43-.L36
 965 01cc 00000000 		.word	.L42-.L36
 966 01d0 00000000 		.word	.L41-.L36
 967 01d4 00000000 		.word	.L40-.L36
 968 01d8 00000000 		.word	.L34-.L36
 969 01dc 00000000 		.word	.L34-.L36
 970 01e0 00000000 		.word	.L34-.L36
 971 01e4 00000000 		.word	.L34-.L36
 972 01e8 00000000 		.word	.L34-.L36
 973 01ec 00000000 		.word	.L34-.L36
 974 01f0 00000000 		.word	.L34-.L36
 975 01f4 00000000 		.word	.L34-.L36
 976 01f8 00000000 		.word	.L34-.L36
 977 01fc 00000000 		.word	.L34-.L36
 978 0200 00000000 		.word	.L34-.L36
 979 0204 00000000 		.word	.L34-.L36
 980 0208 00000000 		.word	.L34-.L36
 981 020c 00000000 		.word	.L34-.L36
 982 0210 00000000 		.word	.L34-.L36
 983 0214 00000000 		.word	.L34-.L36
 984 0218 00000000 		.word	.L34-.L36
 985 021c 00000000 		.word	.L34-.L36
 986 0220 00000000 		.word	.L34-.L36
 987 0224 00000000 		.word	.L34-.L36
 988 0228 00000000 		.word	.L34-.L36
 989 022c 00000000 		.word	.L34-.L36
 990 0230 00000000 		.word	.L34-.L36
 991 0234 00000000 		.word	.L34-.L36
 992 0238 00000000 		.word	.L34-.L36
 993 023c 00000000 		.word	.L34-.L36
 994 0240 00000000 		.word	.L34-.L36
 995 0244 00000000 		.word	.L34-.L36
 996 0248 00000000 		.word	.L34-.L36
 997 024c 00000000 		.word	.L34-.L36
 998 0250 00000000 		.word	.L34-.L36
 999 0254 00000000 		.word	.L34-.L36
 1000 0258 00000000 		.word	.L34-.L36
 1001 025c 00000000 		.word	.L34-.L36
 1002 0260 00000000 		.word	.L34-.L36
 1003 0264 00000000 		.word	.L34-.L36
 1004 0268 00000000 		.word	.L34-.L36
 1005 026c 00000000 		.word	.L34-.L36
 1006 0270 00000000 		.word	.L34-.L36
 1007 0274 00000000 		.word	.L34-.L36
 1008 0278 00000000 		.word	.L34-.L36
 1009 027c 00000000 		.word	.L34-.L36
 1010 0280 00000000 		.word	.L34-.L36
 1011 0284 00000000 		.word	.L34-.L36
 1012 0288 00000000 		.word	.L34-.L36
 1013 028c 00000000 		.word	.L34-.L36
 1014 0290 00000000 		.word	.L34-.L36
 1015 0294 00000000 		.word	.L39-.L36
 1016 0298 00000000 		.word	.L34-.L36
 1017 029c 00000000 		.word	.L38-.L36
 1018 02a0 00000000 		.word	.L34-.L36
 1019 02a4 00000000 		.word	.L37-.L36
 1020 02a8 00000000 		.word	.L34-.L36
 1021 02ac 00000000 		.word	.L34-.L36
 1022 02b0 00000000 		.word	.L34-.L36
 1023 02b4 00000000 		.word	.L34-.L36
 1024 02b8 00000000 		.word	.L34-.L36
 1025 02bc 00000000 		.word	.L34-.L36
 1026 02c0 00000000 		.word	.L34-.L36
 1027 02c4 00000000 		.word	.L35-.L36
 1028              		.section	.text.Trend_Log_Read_Property
 1029              	.L53:
 295:../src/middleware/bacnet/demo/object/trendlog.c ****         case PROP_OBJECT_IDENTIFIER:
 296:../src/middleware/bacnet/demo/object/trendlog.c ****             apdu_len =
 297:../src/middleware/bacnet/demo/object/trendlog.c ****                 encode_application_object_id(&apdu[0], OBJECT_TRENDLOG,
 1030              		.loc 1 297 17
 1031 00b0 8337849F 		ld	a5,-1544(s0)
 1032 00b4 DC43     		lw	a5,4(a5)
 1033 00b6 3E86     		mv	a2,a5
 1034 00b8 D145     		li	a1,20
 1035 00ba 033504FE 		ld	a0,-32(s0)
 1036 00be 97000000 		call	encode_application_object_id
 1036      E7800000 
 1037 00c6 AA87     		mv	a5,a0
 1038 00c8 2326F4FE 		sw	a5,-20(s0)
 298:../src/middleware/bacnet/demo/object/trendlog.c ****                 rpdata->object_instance);
 299:../src/middleware/bacnet/demo/object/trendlog.c ****             break;
 1039              		.loc 1 299 13
 1040 00cc 39AE     		j	.L55
 1041              	.L52:
 300:../src/middleware/bacnet/demo/object/trendlog.c **** 
 301:../src/middleware/bacnet/demo/object/trendlog.c ****         case PROP_DESCRIPTION:
 302:../src/middleware/bacnet/demo/object/trendlog.c ****         case PROP_OBJECT_NAME:
 303:../src/middleware/bacnet/demo/object/trendlog.c ****             Trend_Log_Object_Name(rpdata->object_instance, &char_string);
 1042              		.loc 1 303 13
 1043 00ce 8337849F 		ld	a5,-1544(s0)
 1044 00d2 DC43     		lw	a5,4(a5)
 1045 00d4 130704A0 		addi	a4,s0,-1536
 1046 00d8 BA85     		mv	a1,a4
 1047 00da 3E85     		mv	a0,a5
 1048 00dc 97000000 		call	Trend_Log_Object_Name
 1048      E7800000 
 304:../src/middleware/bacnet/demo/object/trendlog.c ****             apdu_len =
 305:../src/middleware/bacnet/demo/object/trendlog.c ****                 encode_application_character_string(&apdu[0], &char_string);
 1049              		.loc 1 305 17
 1050 00e4 930704A0 		addi	a5,s0,-1536
 1051 00e8 BE85     		mv	a1,a5
 1052 00ea 033504FE 		ld	a0,-32(s0)
 1053 00ee 97000000 		call	encode_application_character_string
 1053      E7800000 
 1054 00f6 AA87     		mv	a5,a0
 1055 00f8 2326F4FE 		sw	a5,-20(s0)
 306:../src/middleware/bacnet/demo/object/trendlog.c ****             break;
 1056              		.loc 1 306 13
 1057 00fc FDA4     		j	.L55
 1058              	.L51:
 307:../src/middleware/bacnet/demo/object/trendlog.c **** 
 308:../src/middleware/bacnet/demo/object/trendlog.c ****         case PROP_OBJECT_TYPE:
 309:../src/middleware/bacnet/demo/object/trendlog.c ****             apdu_len =
 310:../src/middleware/bacnet/demo/object/trendlog.c ****                 encode_application_enumerated(&apdu[0], OBJECT_TRENDLOG);
 1059              		.loc 1 310 17
 1060 00fe D145     		li	a1,20
 1061 0100 033504FE 		ld	a0,-32(s0)
 1062 0104 97000000 		call	encode_application_enumerated
 1062      E7800000 
 1063 010c AA87     		mv	a5,a0
 1064 010e 2326F4FE 		sw	a5,-20(s0)
 311:../src/middleware/bacnet/demo/object/trendlog.c ****             break;
 1065              		.loc 1 311 13
 1066 0112 E1AC     		j	.L55
 1067              	.L46:
 312:../src/middleware/bacnet/demo/object/trendlog.c **** 
 313:../src/middleware/bacnet/demo/object/trendlog.c ****         case PROP_ENABLE:
 314:../src/middleware/bacnet/demo/object/trendlog.c ****             apdu_len =
 315:../src/middleware/bacnet/demo/object/trendlog.c ****                 encode_application_boolean(&apdu[0], CurrentLog->bEnable);
 1068              		.loc 1 315 17
 1069 0114 833784FD 		ld	a5,-40(s0)
 1070 0118 83C70700 		lbu	a5,0(a5)
 1071 011c BE85     		mv	a1,a5
 1072 011e 033504FE 		ld	a0,-32(s0)
 1073 0122 97000000 		call	encode_application_boolean
 1073      E7800000 
 1074 012a AA87     		mv	a5,a0
 1075 012c 2326F4FE 		sw	a5,-20(s0)
 316:../src/middleware/bacnet/demo/object/trendlog.c ****             break;
 1076              		.loc 1 316 13
 1077 0130 6DAC     		j	.L55
 1078              	.L41:
 317:../src/middleware/bacnet/demo/object/trendlog.c **** 
 318:../src/middleware/bacnet/demo/object/trendlog.c ****         case PROP_STOP_WHEN_FULL:
 319:../src/middleware/bacnet/demo/object/trendlog.c ****             apdu_len =
 320:../src/middleware/bacnet/demo/object/trendlog.c ****                 encode_application_boolean(&apdu[0],
 1079              		.loc 1 320 17
 1080 0132 833784FD 		ld	a5,-40(s0)
 1081 0136 83C70705 		lbu	a5,80(a5)
 1082 013a BE85     		mv	a1,a5
 1083 013c 033504FE 		ld	a0,-32(s0)
 1084 0140 97000000 		call	encode_application_boolean
 1084      E7800000 
 1085 0148 AA87     		mv	a5,a0
 1086 014a 2326F4FE 		sw	a5,-20(s0)
 321:../src/middleware/bacnet/demo/object/trendlog.c ****                 CurrentLog->bStopWhenFull);
 322:../src/middleware/bacnet/demo/object/trendlog.c ****             break;
 1087              		.loc 1 322 13
 1088 014e 71AC     		j	.L55
 1089              	.L49:
 323:../src/middleware/bacnet/demo/object/trendlog.c **** 
 324:../src/middleware/bacnet/demo/object/trendlog.c ****         case PROP_BUFFER_SIZE:
 325:../src/middleware/bacnet/demo/object/trendlog.c ****             apdu_len = encode_application_unsigned(&apdu[0], TL_MAX_ENTRIES);
 1090              		.loc 1 325 24
 1091 0150 9305803E 		li	a1,1000
 1092 0154 033504FE 		ld	a0,-32(s0)
 1093 0158 97000000 		call	encode_application_unsigned
 1093      E7800000 
 1094 0160 AA87     		mv	a5,a0
 1095 0162 2326F4FE 		sw	a5,-20(s0)
 326:../src/middleware/bacnet/demo/object/trendlog.c ****             break;
 1096              		.loc 1 326 13
 1097 0166 51A4     		j	.L55
 1098              	.L48:
 327:../src/middleware/bacnet/demo/object/trendlog.c **** 
 328:../src/middleware/bacnet/demo/object/trendlog.c ****         case PROP_LOG_BUFFER:
 329:../src/middleware/bacnet/demo/object/trendlog.c ****             /* You can only read the buffer via the ReadRange service */
 330:../src/middleware/bacnet/demo/object/trendlog.c ****             rpdata->error_class = ERROR_CLASS_PROPERTY;
 1099              		.loc 1 330 33
 1100 0168 8337849F 		ld	a5,-1544(s0)
 1101 016c 0947     		li	a4,2
 1102 016e D8CF     		sw	a4,28(a5)
 331:../src/middleware/bacnet/demo/object/trendlog.c ****             rpdata->error_code = ERROR_CODE_READ_ACCESS_DENIED;
 1103              		.loc 1 331 32
 1104 0170 8337849F 		ld	a5,-1544(s0)
 1105 0174 6D47     		li	a4,27
 1106 0176 98D3     		sw	a4,32(a5)
 332:../src/middleware/bacnet/demo/object/trendlog.c ****             apdu_len = BACNET_STATUS_ERROR;
 1107              		.loc 1 332 22
 1108 0178 FD57     		li	a5,-1
 1109 017a 2326F4FE 		sw	a5,-20(s0)
 333:../src/middleware/bacnet/demo/object/trendlog.c ****             break;
 1110              		.loc 1 333 13
 1111 017e B5A4     		j	.L55
 1112              	.L44:
 334:../src/middleware/bacnet/demo/object/trendlog.c **** 
 335:../src/middleware/bacnet/demo/object/trendlog.c ****         case PROP_RECORD_COUNT:
 336:../src/middleware/bacnet/demo/object/trendlog.c ****             apdu_len +=
 337:../src/middleware/bacnet/demo/object/trendlog.c ****                 encode_application_unsigned(&apdu[0],
 1113              		.loc 1 337 17
 1114 0180 833784FD 		ld	a5,-40(s0)
 1115 0184 FC4B     		lw	a5,84(a5)
 1116 0186 BE85     		mv	a1,a5
 1117 0188 033504FE 		ld	a0,-32(s0)
 1118 018c 97000000 		call	encode_application_unsigned
 1118      E7800000 
 1119 0194 AA87     		mv	a5,a0
 1120 0196 3E87     		mv	a4,a5
 336:../src/middleware/bacnet/demo/object/trendlog.c ****                 encode_application_unsigned(&apdu[0],
 1121              		.loc 1 336 22
 1122 0198 8327C4FE 		lw	a5,-20(s0)
 1123 019c B99F     		addw	a5,a5,a4
 1124 019e 2326F4FE 		sw	a5,-20(s0)
 338:../src/middleware/bacnet/demo/object/trendlog.c ****                 CurrentLog->ulRecordCount);
 339:../src/middleware/bacnet/demo/object/trendlog.c ****             break;
 1125              		.loc 1 339 13
 1126 01a2 A1A4     		j	.L55
 1127              	.L40:
 340:../src/middleware/bacnet/demo/object/trendlog.c **** 
 341:../src/middleware/bacnet/demo/object/trendlog.c ****         case PROP_TOTAL_RECORD_COUNT:
 342:../src/middleware/bacnet/demo/object/trendlog.c ****             apdu_len +=
 343:../src/middleware/bacnet/demo/object/trendlog.c ****                 encode_application_unsigned(&apdu[0],
 1128              		.loc 1 343 17
 1129 01a4 833784FD 		ld	a5,-40(s0)
 1130 01a8 BC4F     		lw	a5,88(a5)
 1131 01aa BE85     		mv	a1,a5
 1132 01ac 033504FE 		ld	a0,-32(s0)
 1133 01b0 97000000 		call	encode_application_unsigned
 1133      E7800000 
 1134 01b8 AA87     		mv	a5,a0
 1135 01ba 3E87     		mv	a4,a5
 342:../src/middleware/bacnet/demo/object/trendlog.c ****                 encode_application_unsigned(&apdu[0],
 1136              		.loc 1 342 22
 1137 01bc 8327C4FE 		lw	a5,-20(s0)
 1138 01c0 B99F     		addw	a5,a5,a4
 1139 01c2 2326F4FE 		sw	a5,-20(s0)
 344:../src/middleware/bacnet/demo/object/trendlog.c ****                 CurrentLog->ulTotalRecordCount);
 345:../src/middleware/bacnet/demo/object/trendlog.c ****             break;
 1140              		.loc 1 345 13
 1141 01c6 15A4     		j	.L55
 1142              	.L54:
 346:../src/middleware/bacnet/demo/object/trendlog.c **** 
 347:../src/middleware/bacnet/demo/object/trendlog.c ****         case PROP_EVENT_STATE:
 348:../src/middleware/bacnet/demo/object/trendlog.c ****             /* note: see the details in the standard on how to use this */
 349:../src/middleware/bacnet/demo/object/trendlog.c ****             apdu_len =
 350:../src/middleware/bacnet/demo/object/trendlog.c ****                 encode_application_enumerated(&apdu[0], EVENT_STATE_NORMAL);
 1143              		.loc 1 350 17
 1144 01c8 8145     		li	a1,0
 1145 01ca 033504FE 		ld	a0,-32(s0)
 1146 01ce 97000000 		call	encode_application_enumerated
 1146      E7800000 
 1147 01d6 AA87     		mv	a5,a0
 1148 01d8 2326F4FE 		sw	a5,-20(s0)
 351:../src/middleware/bacnet/demo/object/trendlog.c ****             break;
 1149              		.loc 1 351 13
 1150 01dc 39A4     		j	.L55
 1151              	.L37:
 352:../src/middleware/bacnet/demo/object/trendlog.c **** 
 353:../src/middleware/bacnet/demo/object/trendlog.c ****         case PROP_LOGGING_TYPE:
 354:../src/middleware/bacnet/demo/object/trendlog.c ****             apdu_len =
 355:../src/middleware/bacnet/demo/object/trendlog.c ****                 encode_application_enumerated(&apdu[0],
 356:../src/middleware/bacnet/demo/object/trendlog.c ****                 CurrentLog->LoggingType);
 1152              		.loc 1 356 27
 1153 01de 833784FD 		ld	a5,-40(s0)
 1154 01e2 FC4F     		lw	a5,92(a5)
 355:../src/middleware/bacnet/demo/object/trendlog.c ****                 CurrentLog->LoggingType);
 1155              		.loc 1 355 17
 1156 01e4 BE85     		mv	a1,a5
 1157 01e6 033504FE 		ld	a0,-32(s0)
 1158 01ea 97000000 		call	encode_application_enumerated
 1158      E7800000 
 1159 01f2 AA87     		mv	a5,a0
 1160 01f4 2326F4FE 		sw	a5,-20(s0)
 357:../src/middleware/bacnet/demo/object/trendlog.c ****             break;
 1161              		.loc 1 357 13
 1162 01f8 CDAA     		j	.L55
 1163              	.L50:
 358:../src/middleware/bacnet/demo/object/trendlog.c **** 
 359:../src/middleware/bacnet/demo/object/trendlog.c ****         case PROP_STATUS_FLAGS:
 360:../src/middleware/bacnet/demo/object/trendlog.c ****             /* note: see the details in the standard on how to use these */
 361:../src/middleware/bacnet/demo/object/trendlog.c ****             bitstring_init(&bit_string);
 1164              		.loc 1 361 13
 1165 01fa 930784FC 		addi	a5,s0,-56
 1166 01fe 3E85     		mv	a0,a5
 1167 0200 97000000 		call	bitstring_init
 1167      E7800000 
 362:../src/middleware/bacnet/demo/object/trendlog.c ****             bitstring_set_bit(&bit_string, STATUS_FLAG_IN_ALARM, false);
 1168              		.loc 1 362 13
 1169 0208 930784FC 		addi	a5,s0,-56
 1170 020c 0146     		li	a2,0
 1171 020e 8145     		li	a1,0
 1172 0210 3E85     		mv	a0,a5
 1173 0212 97000000 		call	bitstring_set_bit
 1173      E7800000 
 363:../src/middleware/bacnet/demo/object/trendlog.c ****             bitstring_set_bit(&bit_string, STATUS_FLAG_FAULT, false);
 1174              		.loc 1 363 13
 1175 021a 930784FC 		addi	a5,s0,-56
 1176 021e 0146     		li	a2,0
 1177 0220 8545     		li	a1,1
 1178 0222 3E85     		mv	a0,a5
 1179 0224 97000000 		call	bitstring_set_bit
 1179      E7800000 
 364:../src/middleware/bacnet/demo/object/trendlog.c ****             bitstring_set_bit(&bit_string, STATUS_FLAG_OVERRIDDEN, false);
 1180              		.loc 1 364 13
 1181 022c 930784FC 		addi	a5,s0,-56
 1182 0230 0146     		li	a2,0
 1183 0232 8945     		li	a1,2
 1184 0234 3E85     		mv	a0,a5
 1185 0236 97000000 		call	bitstring_set_bit
 1185      E7800000 
 365:../src/middleware/bacnet/demo/object/trendlog.c ****             bitstring_set_bit(&bit_string, STATUS_FLAG_OUT_OF_SERVICE, false);
 1186              		.loc 1 365 13
 1187 023e 930784FC 		addi	a5,s0,-56
 1188 0242 0146     		li	a2,0
 1189 0244 8D45     		li	a1,3
 1190 0246 3E85     		mv	a0,a5
 1191 0248 97000000 		call	bitstring_set_bit
 1191      E7800000 
 366:../src/middleware/bacnet/demo/object/trendlog.c ****             apdu_len = encode_application_bitstring(&apdu[0], &bit_string);
 1192              		.loc 1 366 24
 1193 0250 930784FC 		addi	a5,s0,-56
 1194 0254 BE85     		mv	a1,a5
 1195 0256 033504FE 		ld	a0,-32(s0)
 1196 025a 97000000 		call	encode_application_bitstring
 1196      E7800000 
 1197 0262 AA87     		mv	a5,a0
 1198 0264 2326F4FE 		sw	a5,-20(s0)
 367:../src/middleware/bacnet/demo/object/trendlog.c ****             break;
 1199              		.loc 1 367 13
 1200 0268 49A2     		j	.L55
 1201              	.L43:
 368:../src/middleware/bacnet/demo/object/trendlog.c **** 
 369:../src/middleware/bacnet/demo/object/trendlog.c ****         case PROP_START_TIME:
 370:../src/middleware/bacnet/demo/object/trendlog.c ****             len =
 371:../src/middleware/bacnet/demo/object/trendlog.c ****                 encode_application_date(&apdu[0], &CurrentLog->StartTime.date);
 1202              		.loc 1 371 17
 1203 026a 833784FD 		ld	a5,-40(s0)
 1204 026e 8907     		addi	a5,a5,2
 1205 0270 BE85     		mv	a1,a5
 1206 0272 033504FE 		ld	a0,-32(s0)
 1207 0276 97000000 		call	encode_application_date
 1207      E7800000 
 1208 027e AA87     		mv	a5,a0
 1209 0280 2324F4FE 		sw	a5,-24(s0)
 372:../src/middleware/bacnet/demo/object/trendlog.c ****             apdu_len = len;
 1210              		.loc 1 372 22
 1211 0284 832784FE 		lw	a5,-24(s0)
 1212 0288 2326F4FE 		sw	a5,-20(s0)
 373:../src/middleware/bacnet/demo/object/trendlog.c ****             len =
 374:../src/middleware/bacnet/demo/object/trendlog.c ****                 encode_application_time(&apdu[apdu_len],
 1213              		.loc 1 374 17
 1214 028c 8327C4FE 		lw	a5,-20(s0)
 1215 0290 033704FE 		ld	a4,-32(s0)
 1216 0294 3E97     		add	a4,a4,a5
 1217 0296 833784FD 		ld	a5,-40(s0)
 1218 029a A107     		addi	a5,a5,8
 1219 029c BE85     		mv	a1,a5
 1220 029e 3A85     		mv	a0,a4
 1221 02a0 97000000 		call	encode_application_time
 1221      E7800000 
 1222 02a8 AA87     		mv	a5,a0
 1223 02aa 2324F4FE 		sw	a5,-24(s0)
 375:../src/middleware/bacnet/demo/object/trendlog.c ****                 &CurrentLog->StartTime.time);
 376:../src/middleware/bacnet/demo/object/trendlog.c ****             apdu_len += len;
 1224              		.loc 1 376 22
 1225 02ae 0327C4FE 		lw	a4,-20(s0)
 1226 02b2 832784FE 		lw	a5,-24(s0)
 1227 02b6 B99F     		addw	a5,a4,a5
 1228 02b8 2326F4FE 		sw	a5,-20(s0)
 377:../src/middleware/bacnet/demo/object/trendlog.c ****             break;
 1229              		.loc 1 377 13
 1230 02bc 3DA2     		j	.L55
 1231              	.L42:
 378:../src/middleware/bacnet/demo/object/trendlog.c **** 
 379:../src/middleware/bacnet/demo/object/trendlog.c ****         case PROP_STOP_TIME:
 380:../src/middleware/bacnet/demo/object/trendlog.c ****             len =
 381:../src/middleware/bacnet/demo/object/trendlog.c ****                 encode_application_date(&apdu[0], &CurrentLog->StopTime.date);
 1232              		.loc 1 381 17
 1233 02be 833784FD 		ld	a5,-40(s0)
 1234 02c2 E107     		addi	a5,a5,24
 1235 02c4 BE85     		mv	a1,a5
 1236 02c6 033504FE 		ld	a0,-32(s0)
 1237 02ca 97000000 		call	encode_application_date
 1237      E7800000 
 1238 02d2 AA87     		mv	a5,a0
 1239 02d4 2324F4FE 		sw	a5,-24(s0)
 382:../src/middleware/bacnet/demo/object/trendlog.c ****             apdu_len = len;
 1240              		.loc 1 382 22
 1241 02d8 832784FE 		lw	a5,-24(s0)
 1242 02dc 2326F4FE 		sw	a5,-20(s0)
 383:../src/middleware/bacnet/demo/object/trendlog.c ****             len =
 384:../src/middleware/bacnet/demo/object/trendlog.c ****                 encode_application_time(&apdu[apdu_len],
 1243              		.loc 1 384 17
 1244 02e0 8327C4FE 		lw	a5,-20(s0)
 1245 02e4 033704FE 		ld	a4,-32(s0)
 1246 02e8 3E97     		add	a4,a4,a5
 1247 02ea 833784FD 		ld	a5,-40(s0)
 1248 02ee F907     		addi	a5,a5,30
 1249 02f0 BE85     		mv	a1,a5
 1250 02f2 3A85     		mv	a0,a4
 1251 02f4 97000000 		call	encode_application_time
 1251      E7800000 
 1252 02fc AA87     		mv	a5,a0
 1253 02fe 2324F4FE 		sw	a5,-24(s0)
 385:../src/middleware/bacnet/demo/object/trendlog.c ****                 &CurrentLog->StopTime.time);
 386:../src/middleware/bacnet/demo/object/trendlog.c ****             apdu_len += len;
 1254              		.loc 1 386 22
 1255 0302 0327C4FE 		lw	a4,-20(s0)
 1256 0306 832784FE 		lw	a5,-24(s0)
 1257 030a B99F     		addw	a5,a4,a5
 1258 030c 2326F4FE 		sw	a5,-20(s0)
 387:../src/middleware/bacnet/demo/object/trendlog.c ****             break;
 1259              		.loc 1 387 13
 1260 0310 E9A8     		j	.L55
 1261              	.L47:
 388:../src/middleware/bacnet/demo/object/trendlog.c **** 
 389:../src/middleware/bacnet/demo/object/trendlog.c ****         case PROP_LOG_DEVICE_OBJECT_PROPERTY:
 390:../src/middleware/bacnet/demo/object/trendlog.c ****             /*
 391:../src/middleware/bacnet/demo/object/trendlog.c ****              * BACnetDeviceObjectPropertyReference ::= SEQUENCE {
 392:../src/middleware/bacnet/demo/object/trendlog.c ****              *     objectIdentifier   [0] BACnetObjectIdentifier,
 393:../src/middleware/bacnet/demo/object/trendlog.c ****              *     propertyIdentifier [1] BACnetPropertyIdentifier,
 394:../src/middleware/bacnet/demo/object/trendlog.c ****              *     propertyArrayIndex [2] Unsigned OPTIONAL, -- used only with array datatype
 395:../src/middleware/bacnet/demo/object/trendlog.c ****              *                                               -- if omitted with an array then
 396:../src/middleware/bacnet/demo/object/trendlog.c ****              *                                               -- the entire array is referenced
 397:../src/middleware/bacnet/demo/object/trendlog.c ****              *     deviceIdentifier   [3] BACnetObjectIdentifier OPTIONAL
 398:../src/middleware/bacnet/demo/object/trendlog.c ****              * }
 399:../src/middleware/bacnet/demo/object/trendlog.c ****              */
 400:../src/middleware/bacnet/demo/object/trendlog.c ****             apdu_len +=
 401:../src/middleware/bacnet/demo/object/trendlog.c ****                 bacapp_encode_device_obj_property_ref(&apdu[0],
 1262              		.loc 1 401 17
 1263 0312 833784FD 		ld	a5,-40(s0)
 1264 0316 93874703 		addi	a5,a5,52
 1265 031a BE85     		mv	a1,a5
 1266 031c 033504FE 		ld	a0,-32(s0)
 1267 0320 97000000 		call	bacapp_encode_device_obj_property_ref
 1267      E7800000 
 1268 0328 AA87     		mv	a5,a0
 1269 032a 3E87     		mv	a4,a5
 400:../src/middleware/bacnet/demo/object/trendlog.c ****                 bacapp_encode_device_obj_property_ref(&apdu[0],
 1270              		.loc 1 400 22
 1271 032c 8327C4FE 		lw	a5,-20(s0)
 1272 0330 B99F     		addw	a5,a5,a4
 1273 0332 2326F4FE 		sw	a5,-20(s0)
 402:../src/middleware/bacnet/demo/object/trendlog.c ****                 &CurrentLog->Source);
 403:../src/middleware/bacnet/demo/object/trendlog.c ****             break;
 1274              		.loc 1 403 13
 1275 0336 55A8     		j	.L55
 1276              	.L45:
 404:../src/middleware/bacnet/demo/object/trendlog.c **** 
 405:../src/middleware/bacnet/demo/object/trendlog.c ****         case PROP_LOG_INTERVAL:
 406:../src/middleware/bacnet/demo/object/trendlog.c ****             /* We only log to 1 sec accuracy so must multiply by 100 before passing it on */
 407:../src/middleware/bacnet/demo/object/trendlog.c ****             apdu_len +=
 408:../src/middleware/bacnet/demo/object/trendlog.c ****                 encode_application_unsigned(&apdu[0],
 409:../src/middleware/bacnet/demo/object/trendlog.c ****                 CurrentLog->ulLogInterval * 100);
 1277              		.loc 1 409 27
 1278 0338 833784FD 		ld	a5,-40(s0)
 1279 033c F847     		lw	a4,76(a5)
 408:../src/middleware/bacnet/demo/object/trendlog.c ****                 CurrentLog->ulLogInterval * 100);
 1280              		.loc 1 408 17
 1281 033e 93074006 		li	a5,100
 1282 0342 BB07F702 		mulw	a5,a4,a5
 1283 0346 8127     		sext.w	a5,a5
 1284 0348 BE85     		mv	a1,a5
 1285 034a 033504FE 		ld	a0,-32(s0)
 1286 034e 97000000 		call	encode_application_unsigned
 1286      E7800000 
 1287 0356 AA87     		mv	a5,a0
 1288 0358 3E87     		mv	a4,a5
 407:../src/middleware/bacnet/demo/object/trendlog.c ****                 encode_application_unsigned(&apdu[0],
 1289              		.loc 1 407 22
 1290 035a 8327C4FE 		lw	a5,-20(s0)
 1291 035e B99F     		addw	a5,a5,a4
 1292 0360 2326F4FE 		sw	a5,-20(s0)
 410:../src/middleware/bacnet/demo/object/trendlog.c ****             break;
 1293              		.loc 1 410 13
 1294 0364 59A0     		j	.L55
 1295              	.L39:
 411:../src/middleware/bacnet/demo/object/trendlog.c **** 
 412:../src/middleware/bacnet/demo/object/trendlog.c ****         case PROP_ALIGN_INTERVALS:
 413:../src/middleware/bacnet/demo/object/trendlog.c ****             apdu_len =
 414:../src/middleware/bacnet/demo/object/trendlog.c ****                 encode_application_boolean(&apdu[0],
 1296              		.loc 1 414 17
 1297 0366 833784FD 		ld	a5,-40(s0)
 1298 036a 83C70706 		lbu	a5,96(a5)
 1299 036e BE85     		mv	a1,a5
 1300 0370 033504FE 		ld	a0,-32(s0)
 1301 0374 97000000 		call	encode_application_boolean
 1301      E7800000 
 1302 037c AA87     		mv	a5,a0
 1303 037e 2326F4FE 		sw	a5,-20(s0)
 415:../src/middleware/bacnet/demo/object/trendlog.c ****                 CurrentLog->bAlignIntervals);
 416:../src/middleware/bacnet/demo/object/trendlog.c ****             break;
 1304              		.loc 1 416 13
 1305 0382 A5A0     		j	.L55
 1306              	.L38:
 417:../src/middleware/bacnet/demo/object/trendlog.c **** 
 418:../src/middleware/bacnet/demo/object/trendlog.c ****         case PROP_INTERVAL_OFFSET:
 419:../src/middleware/bacnet/demo/object/trendlog.c ****             /* We only log to 1 sec accuracy so must multiply by 100 before passing it on */
 420:../src/middleware/bacnet/demo/object/trendlog.c ****             apdu_len +=
 421:../src/middleware/bacnet/demo/object/trendlog.c ****                 encode_application_unsigned(&apdu[0],
 422:../src/middleware/bacnet/demo/object/trendlog.c ****                 CurrentLog->ulIntervalOffset * 100);
 1307              		.loc 1 422 27
 1308 0384 833784FD 		ld	a5,-40(s0)
 1309 0388 F853     		lw	a4,100(a5)
 421:../src/middleware/bacnet/demo/object/trendlog.c ****                 CurrentLog->ulIntervalOffset * 100);
 1310              		.loc 1 421 17
 1311 038a 93074006 		li	a5,100
 1312 038e BB07F702 		mulw	a5,a4,a5
 1313 0392 8127     		sext.w	a5,a5
 1314 0394 BE85     		mv	a1,a5
 1315 0396 033504FE 		ld	a0,-32(s0)
 1316 039a 97000000 		call	encode_application_unsigned
 1316      E7800000 
 1317 03a2 AA87     		mv	a5,a0
 1318 03a4 3E87     		mv	a4,a5
 420:../src/middleware/bacnet/demo/object/trendlog.c ****                 encode_application_unsigned(&apdu[0],
 1319              		.loc 1 420 22
 1320 03a6 8327C4FE 		lw	a5,-20(s0)
 1321 03aa B99F     		addw	a5,a5,a4
 1322 03ac 2326F4FE 		sw	a5,-20(s0)
 423:../src/middleware/bacnet/demo/object/trendlog.c ****             break;
 1323              		.loc 1 423 13
 1324 03b0 2DA8     		j	.L55
 1325              	.L35:
 424:../src/middleware/bacnet/demo/object/trendlog.c **** 
 425:../src/middleware/bacnet/demo/object/trendlog.c ****         case PROP_TRIGGER:
 426:../src/middleware/bacnet/demo/object/trendlog.c ****             apdu_len =
 427:../src/middleware/bacnet/demo/object/trendlog.c ****                 encode_application_boolean(&apdu[0], CurrentLog->bTrigger);
 1326              		.loc 1 427 17
 1327 03b2 833784FD 		ld	a5,-40(s0)
 1328 03b6 83C78706 		lbu	a5,104(a5)
 1329 03ba BE85     		mv	a1,a5
 1330 03bc 033504FE 		ld	a0,-32(s0)
 1331 03c0 97000000 		call	encode_application_boolean
 1331      E7800000 
 1332 03c8 AA87     		mv	a5,a0
 1333 03ca 2326F4FE 		sw	a5,-20(s0)
 428:../src/middleware/bacnet/demo/object/trendlog.c ****             break;
 1334              		.loc 1 428 13
 1335 03ce 31A8     		j	.L55
 1336              	.L34:
 429:../src/middleware/bacnet/demo/object/trendlog.c **** 
 430:../src/middleware/bacnet/demo/object/trendlog.c ****         default:
 431:../src/middleware/bacnet/demo/object/trendlog.c ****             rpdata->error_class = ERROR_CLASS_PROPERTY;
 1337              		.loc 1 431 33
 1338 03d0 8337849F 		ld	a5,-1544(s0)
 1339 03d4 0947     		li	a4,2
 1340 03d6 D8CF     		sw	a4,28(a5)
 432:../src/middleware/bacnet/demo/object/trendlog.c ****             rpdata->error_code = ERROR_CODE_UNKNOWN_PROPERTY;
 1341              		.loc 1 432 32
 1342 03d8 8337849F 		ld	a5,-1544(s0)
 1343 03dc 13070002 		li	a4,32
 1344 03e0 98D3     		sw	a4,32(a5)
 433:../src/middleware/bacnet/demo/object/trendlog.c ****             apdu_len = BACNET_STATUS_ERROR;
 1345              		.loc 1 433 22
 1346 03e2 FD57     		li	a5,-1
 1347 03e4 2326F4FE 		sw	a5,-20(s0)
 434:../src/middleware/bacnet/demo/object/trendlog.c ****             break;
 1348              		.loc 1 434 13
 1349 03e8 0100     		nop
 1350              	.L55:
 435:../src/middleware/bacnet/demo/object/trendlog.c ****     }
 436:../src/middleware/bacnet/demo/object/trendlog.c ****     /*  only array properties can have array options */
 437:../src/middleware/bacnet/demo/object/trendlog.c ****     if ((apdu_len >= 0) && (rpdata->object_property != PROP_EVENT_TIME_STAMPS)
 1351              		.loc 1 437 8
 1352 03ea 8327C4FE 		lw	a5,-20(s0)
 1353 03ee 8127     		sext.w	a5,a5
 1354 03f0 63CD0702 		blt	a5,zero,.L56
 1355              		.loc 1 437 35 discriminator 1
 1356 03f4 8337849F 		ld	a5,-1544(s0)
 1357 03f8 9C47     		lw	a5,8(a5)
 1358              		.loc 1 437 25 discriminator 1
 1359 03fa 3E87     		mv	a4,a5
 1360 03fc 93072008 		li	a5,130
 1361 0400 6305F702 		beq	a4,a5,.L56
 438:../src/middleware/bacnet/demo/object/trendlog.c ****         && (rpdata->array_index != BACNET_ARRAY_ALL)) {
 1362              		.loc 1 438 19
 1363 0404 8337849F 		ld	a5,-1544(s0)
 1364 0408 DC47     		lw	a5,12(a5)
 1365              		.loc 1 438 9
 1366 040a 3E87     		mv	a4,a5
 1367 040c FD57     		li	a5,-1
 1368 040e 630EF700 		beq	a4,a5,.L56
 439:../src/middleware/bacnet/demo/object/trendlog.c ****         rpdata->error_class = ERROR_CLASS_PROPERTY;
 1369              		.loc 1 439 29
 1370 0412 8337849F 		ld	a5,-1544(s0)
 1371 0416 0947     		li	a4,2
 1372 0418 D8CF     		sw	a4,28(a5)
 440:../src/middleware/bacnet/demo/object/trendlog.c ****         rpdata->error_code = ERROR_CODE_PROPERTY_IS_NOT_AN_ARRAY;
 1373              		.loc 1 440 28
 1374 041a 8337849F 		ld	a5,-1544(s0)
 1375 041e 13072003 		li	a4,50
 1376 0422 98D3     		sw	a4,32(a5)
 441:../src/middleware/bacnet/demo/object/trendlog.c ****         apdu_len = BACNET_STATUS_ERROR;
 1377              		.loc 1 441 18
 1378 0424 FD57     		li	a5,-1
 1379 0426 2326F4FE 		sw	a5,-20(s0)
 1380              	.L56:
 442:../src/middleware/bacnet/demo/object/trendlog.c ****     }
 443:../src/middleware/bacnet/demo/object/trendlog.c **** 
 444:../src/middleware/bacnet/demo/object/trendlog.c ****     return apdu_len;
 1381              		.loc 1 444 12
 1382 042a 8327C4FE 		lw	a5,-20(s0)
 1383              	.L57:
 445:../src/middleware/bacnet/demo/object/trendlog.c **** }
 1384              		.loc 1 445 1 discriminator 1
 1385 042e 3E85     		mv	a0,a5
 1386 0430 83308160 		ld	ra,1544(sp)
 1387              		.cfi_restore 1
 1388 0434 03340160 		ld	s0,1536(sp)
 1389              		.cfi_restore 8
 1390              		.cfi_def_cfa 2, 1552
 1391 0438 13010161 		addi	sp,sp,1552
 1392              		.cfi_def_cfa_offset 0
 1393 043c 8280     		jr	ra
 1394              		.cfi_endproc
 1395              	.LFE11:
 1397              		.section	.text.Trend_Log_Write_Property,"ax",@progbits
 1398              		.align	1
 1399              		.globl	Trend_Log_Write_Property
 1401              	Trend_Log_Write_Property:
 1402              	.LFB12:
 446:../src/middleware/bacnet/demo/object/trendlog.c **** 
 447:../src/middleware/bacnet/demo/object/trendlog.c **** /* returns true if successful */
 448:../src/middleware/bacnet/demo/object/trendlog.c **** bool Trend_Log_Write_Property(
 449:../src/middleware/bacnet/demo/object/trendlog.c ****     BACNET_WRITE_PROPERTY_DATA * wp_data)
 450:../src/middleware/bacnet/demo/object/trendlog.c **** {
 1403              		.loc 1 450 1
 1404              		.cfi_startproc
 1405 0000 1301019B 		addi	sp,sp,-1616
 1406              		.cfi_def_cfa_offset 1616
 1407 0004 23341164 		sd	ra,1608(sp)
 1408 0008 23308164 		sd	s0,1600(sp)
 1409 000c 233C9162 		sd	s1,1592(sp)
 1410              		.cfi_offset 1, -8
 1411              		.cfi_offset 8, -16
 1412              		.cfi_offset 9, -24
 1413 0010 13040165 		addi	s0,sp,1616
 1414              		.cfi_def_cfa 8, 0
 1415 0014 233CA49A 		sd	a0,-1608(s0)
 451:../src/middleware/bacnet/demo/object/trendlog.c ****     bool status = false;        /* return value */
 1416              		.loc 1 451 10
 1417 0018 A30F04FC 		sb	zero,-33(s0)
 452:../src/middleware/bacnet/demo/object/trendlog.c ****     int len = 0;
 1418              		.loc 1 452 9
 1419 001c 232C04FC 		sw	zero,-40(s0)
 453:../src/middleware/bacnet/demo/object/trendlog.c ****     BACNET_APPLICATION_DATA_VALUE value;
 454:../src/middleware/bacnet/demo/object/trendlog.c ****     TL_LOG_INFO *CurrentLog;
 455:../src/middleware/bacnet/demo/object/trendlog.c ****     BACNET_DATE TempDate;       /* build here in case of error in time half of datetime */
 456:../src/middleware/bacnet/demo/object/trendlog.c ****     BACNET_DEVICE_OBJECT_PROPERTY_REFERENCE TempSource;
 457:../src/middleware/bacnet/demo/object/trendlog.c ****     bool bEffectiveEnable;
 458:../src/middleware/bacnet/demo/object/trendlog.c ****     int log_index;
 459:../src/middleware/bacnet/demo/object/trendlog.c **** 
 460:../src/middleware/bacnet/demo/object/trendlog.c ****     /* Pin down which log to look at */
 461:../src/middleware/bacnet/demo/object/trendlog.c ****     log_index = Trend_Log_Instance_To_Index(wp_data->object_instance);
 1420              		.loc 1 461 17
 1421 0020 8337849B 		ld	a5,-1608(s0)
 1422 0024 DC43     		lw	a5,4(a5)
 1423 0026 3E85     		mv	a0,a5
 1424 0028 97000000 		call	Trend_Log_Instance_To_Index
 1424      E7800000 
 1425 0030 AA87     		mv	a5,a0
 1426 0032 8127     		sext.w	a5,a5
 1427              		.loc 1 461 15
 1428 0034 232AF4FC 		sw	a5,-44(s0)
 462:../src/middleware/bacnet/demo/object/trendlog.c ****     CurrentLog = &LogInfo[log_index];
 1429              		.loc 1 462 16
 1430 0038 032744FD 		lw	a4,-44(s0)
 1431 003c BA87     		mv	a5,a4
 1432 003e 9207     		slli	a5,a5,4
 1433 0040 998F     		sub	a5,a5,a4
 1434 0042 8E07     		slli	a5,a5,3
 1435 0044 17070000 		lla	a4,LogInfo
 1435      13070700 
 1436 004c BA97     		add	a5,a5,a4
 1437 004e 2334F4FC 		sd	a5,-56(s0)
 463:../src/middleware/bacnet/demo/object/trendlog.c **** 
 464:../src/middleware/bacnet/demo/object/trendlog.c ****     /* decode the some of the request */
 465:../src/middleware/bacnet/demo/object/trendlog.c ****     len =
 466:../src/middleware/bacnet/demo/object/trendlog.c ****         bacapp_decode_application_data(wp_data->application_data,
 1438              		.loc 1 466 47
 1439 0052 8337849B 		ld	a5,-1608(s0)
 1440 0056 13870701 		addi	a4,a5,16
 467:../src/middleware/bacnet/demo/object/trendlog.c ****         wp_data->application_data_len, &value);
 1441              		.loc 1 467 16
 1442 005a 8337849B 		ld	a5,-1608(s0)
 1443 005e 83A7475D 		lw	a5,1492(a5)
 466:../src/middleware/bacnet/demo/object/trendlog.c ****         wp_data->application_data_len, &value);
 1444              		.loc 1 466 9
 1445 0062 8127     		sext.w	a5,a5
 1446 0064 9306849E 		addi	a3,s0,-1560
 1447 0068 3686     		mv	a2,a3
 1448 006a BE85     		mv	a1,a5
 1449 006c 3A85     		mv	a0,a4
 1450 006e 97000000 		call	bacapp_decode_application_data
 1450      E7800000 
 1451 0076 AA87     		mv	a5,a0
 1452 0078 232CF4FC 		sw	a5,-40(s0)
 468:../src/middleware/bacnet/demo/object/trendlog.c ****     /* FIXME: len < application_data_len: more data? */
 469:../src/middleware/bacnet/demo/object/trendlog.c ****     if (len < 0) {
 1453              		.loc 1 469 8
 1454 007c 832784FD 		lw	a5,-40(s0)
 1455 0080 8127     		sext.w	a5,a5
 1456 0082 63D00702 		bge	a5,zero,.L59
 470:../src/middleware/bacnet/demo/object/trendlog.c ****         /* error while decoding - a value larger than we can handle */
 471:../src/middleware/bacnet/demo/object/trendlog.c ****         wp_data->error_class = ERROR_CLASS_PROPERTY;
 1457              		.loc 1 471 30
 1458 0086 8337849B 		ld	a5,-1608(s0)
 1459 008a 0947     		li	a4,2
 1460 008c 23AEE75C 		sw	a4,1500(a5)
 472:../src/middleware/bacnet/demo/object/trendlog.c ****         wp_data->error_code = ERROR_CODE_VALUE_OUT_OF_RANGE;
 1461              		.loc 1 472 29
 1462 0090 8337849B 		ld	a5,-1608(s0)
 1463 0094 13075002 		li	a4,37
 1464 0098 23A0E75E 		sw	a4,1504(a5)
 473:../src/middleware/bacnet/demo/object/trendlog.c ****         return false;
 1465              		.loc 1 473 16
 1466 009c 8147     		li	a5,0
 1467 009e 6F003018 		j	.L110
 1468              	.L59:
 474:../src/middleware/bacnet/demo/object/trendlog.c ****     }
 475:../src/middleware/bacnet/demo/object/trendlog.c ****     if ((wp_data->object_property != PROP_EVENT_TIME_STAMPS) &&
 1469              		.loc 1 475 17
 1470 00a2 8337849B 		ld	a5,-1608(s0)
 1471 00a6 9C47     		lw	a5,8(a5)
 1472              		.loc 1 475 8
 1473 00a8 3E87     		mv	a4,a5
 1474 00aa 93072008 		li	a5,130
 1475 00ae 6307F702 		beq	a4,a5,.L61
 476:../src/middleware/bacnet/demo/object/trendlog.c ****         (wp_data->array_index != BACNET_ARRAY_ALL)) {
 1476              		.loc 1 476 17 discriminator 1
 1477 00b2 8337849B 		ld	a5,-1608(s0)
 1478 00b6 DC47     		lw	a5,12(a5)
 475:../src/middleware/bacnet/demo/object/trendlog.c ****         (wp_data->array_index != BACNET_ARRAY_ALL)) {
 1479              		.loc 1 475 62 discriminator 1
 1480 00b8 3E87     		mv	a4,a5
 1481 00ba FD57     		li	a5,-1
 1482 00bc 6300F702 		beq	a4,a5,.L61
 477:../src/middleware/bacnet/demo/object/trendlog.c ****         /*  only array properties can have array options */
 478:../src/middleware/bacnet/demo/object/trendlog.c ****         wp_data->error_class = ERROR_CLASS_PROPERTY;
 1483              		.loc 1 478 30
 1484 00c0 8337849B 		ld	a5,-1608(s0)
 1485 00c4 0947     		li	a4,2
 1486 00c6 23AEE75C 		sw	a4,1500(a5)
 479:../src/middleware/bacnet/demo/object/trendlog.c ****         wp_data->error_code = ERROR_CODE_PROPERTY_IS_NOT_AN_ARRAY;
 1487              		.loc 1 479 29
 1488 00ca 8337849B 		ld	a5,-1608(s0)
 1489 00ce 13072003 		li	a4,50
 1490 00d2 23A0E75E 		sw	a4,1504(a5)
 480:../src/middleware/bacnet/demo/object/trendlog.c ****         return false;
 1491              		.loc 1 480 16
 1492 00d6 8147     		li	a5,0
 1493 00d8 6F009014 		j	.L110
 1494              	.L61:
 481:../src/middleware/bacnet/demo/object/trendlog.c ****     }
 482:../src/middleware/bacnet/demo/object/trendlog.c ****     switch (wp_data->object_property) {
 1495              		.loc 1 482 20
 1496 00dc 8337849B 		ld	a5,-1608(s0)
 1497 00e0 9C47     		lw	a5,8(a5)
 1498              		.loc 1 482 5
 1499 00e2 9B8627F8 		addiw	a3,a5,-126
 1500 00e6 1B870600 		sext.w	a4,a3
 1501 00ea 9307F004 		li	a5,79
 1502 00ee E3E0E70E 		bgtu	a4,a5,.L62
 1503 00f2 93970602 		slli	a5,a3,32
 1504 00f6 8193     		srli	a5,a5,32
 1505 00f8 13972700 		slli	a4,a5,2
 1506 00fc 97070000 		lla	a5,.L64
 1506      93870700 
 1507 0104 BA97     		add	a5,a4,a5
 1508 0106 9C43     		lw	a5,0(a5)
 1509 0108 1B870700 		sext.w	a4,a5
 1510 010c 97070000 		lla	a5,.L64
 1510      93870700 
 1511 0114 BA97     		add	a5,a4,a5
 1512 0116 8287     		jr	a5
 1513              		.section	.rodata.Trend_Log_Write_Property,"a",@progbits
 1514              		.align	2
 1515              		.align	2
 1516              	.L64:
 1517 0000 00000000 		.word	.L75-.L64
 1518 0004 00000000 		.word	.L62-.L64
 1519 0008 00000000 		.word	.L62-.L64
 1520 000c 00000000 		.word	.L62-.L64
 1521 0010 00000000 		.word	.L62-.L64
 1522 0014 00000000 		.word	.L62-.L64
 1523 0018 00000000 		.word	.L74-.L64
 1524 001c 00000000 		.word	.L73-.L64
 1525 0020 00000000 		.word	.L72-.L64
 1526 0024 00000000 		.word	.L62-.L64
 1527 0028 00000000 		.word	.L62-.L64
 1528 002c 00000000 		.word	.L62-.L64
 1529 0030 00000000 		.word	.L62-.L64
 1530 0034 00000000 		.word	.L62-.L64
 1531 0038 00000000 		.word	.L62-.L64
 1532 003c 00000000 		.word	.L71-.L64
 1533 0040 00000000 		.word	.L70-.L64
 1534 0044 00000000 		.word	.L69-.L64
 1535 0048 00000000 		.word	.L68-.L64
 1536 004c 00000000 		.word	.L62-.L64
 1537 0050 00000000 		.word	.L62-.L64
 1538 0054 00000000 		.word	.L62-.L64
 1539 0058 00000000 		.word	.L62-.L64
 1540 005c 00000000 		.word	.L62-.L64
 1541 0060 00000000 		.word	.L62-.L64
 1542 0064 00000000 		.word	.L62-.L64
 1543 0068 00000000 		.word	.L62-.L64
 1544 006c 00000000 		.word	.L62-.L64
 1545 0070 00000000 		.word	.L62-.L64
 1546 0074 00000000 		.word	.L62-.L64
 1547 0078 00000000 		.word	.L62-.L64
 1548 007c 00000000 		.word	.L62-.L64
 1549 0080 00000000 		.word	.L62-.L64
 1550 0084 00000000 		.word	.L62-.L64
 1551 0088 00000000 		.word	.L62-.L64
 1552 008c 00000000 		.word	.L62-.L64
 1553 0090 00000000 		.word	.L62-.L64
 1554 0094 00000000 		.word	.L62-.L64
 1555 0098 00000000 		.word	.L62-.L64
 1556 009c 00000000 		.word	.L62-.L64
 1557 00a0 00000000 		.word	.L62-.L64
 1558 00a4 00000000 		.word	.L62-.L64
 1559 00a8 00000000 		.word	.L62-.L64
 1560 00ac 00000000 		.word	.L62-.L64
 1561 00b0 00000000 		.word	.L62-.L64
 1562 00b4 00000000 		.word	.L62-.L64
 1563 00b8 00000000 		.word	.L62-.L64
 1564 00bc 00000000 		.word	.L62-.L64
 1565 00c0 00000000 		.word	.L62-.L64
 1566 00c4 00000000 		.word	.L62-.L64
 1567 00c8 00000000 		.word	.L62-.L64
 1568 00cc 00000000 		.word	.L62-.L64
 1569 00d0 00000000 		.word	.L62-.L64
 1570 00d4 00000000 		.word	.L62-.L64
 1571 00d8 00000000 		.word	.L62-.L64
 1572 00dc 00000000 		.word	.L62-.L64
 1573 00e0 00000000 		.word	.L62-.L64
 1574 00e4 00000000 		.word	.L62-.L64
 1575 00e8 00000000 		.word	.L62-.L64
 1576 00ec 00000000 		.word	.L62-.L64
 1577 00f0 00000000 		.word	.L62-.L64
 1578 00f4 00000000 		.word	.L62-.L64
 1579 00f8 00000000 		.word	.L62-.L64
 1580 00fc 00000000 		.word	.L62-.L64
 1581 0100 00000000 		.word	.L62-.L64
 1582 0104 00000000 		.word	.L62-.L64
 1583 0108 00000000 		.word	.L62-.L64
 1584 010c 00000000 		.word	.L67-.L64
 1585 0110 00000000 		.word	.L62-.L64
 1586 0114 00000000 		.word	.L66-.L64
 1587 0118 00000000 		.word	.L62-.L64
 1588 011c 00000000 		.word	.L65-.L64
 1589 0120 00000000 		.word	.L62-.L64
 1590 0124 00000000 		.word	.L62-.L64
 1591 0128 00000000 		.word	.L62-.L64
 1592 012c 00000000 		.word	.L62-.L64
 1593 0130 00000000 		.word	.L62-.L64
 1594 0134 00000000 		.word	.L62-.L64
 1595 0138 00000000 		.word	.L62-.L64
 1596 013c 00000000 		.word	.L63-.L64
 1597              		.section	.text.Trend_Log_Write_Property
 1598              	.L73:
 483:../src/middleware/bacnet/demo/object/trendlog.c ****         case PROP_ENABLE:
 484:../src/middleware/bacnet/demo/object/trendlog.c ****             status =
 485:../src/middleware/bacnet/demo/object/trendlog.c ****                 WPValidateArgType(&value, BACNET_APPLICATION_TAG_BOOLEAN,
 1599              		.loc 1 485 17
 1600 0118 8337849B 		ld	a5,-1608(s0)
 1601 011c 1387C75D 		addi	a4,a5,1500
 1602 0120 8337849B 		ld	a5,-1608(s0)
 1603 0124 9386075E 		addi	a3,a5,1504
 1604 0128 9307849E 		addi	a5,s0,-1560
 1605 012c 3A86     		mv	a2,a4
 1606 012e 8545     		li	a1,1
 1607 0130 3E85     		mv	a0,a5
 1608 0132 97000000 		call	WPValidateArgType
 1608      E7800000 
 1609 013a AA87     		mv	a5,a0
 1610 013c A30FF4FC 		sb	a5,-33(s0)
 486:../src/middleware/bacnet/demo/object/trendlog.c ****                 &wp_data->error_class, &wp_data->error_code);
 487:../src/middleware/bacnet/demo/object/trendlog.c ****             if (status) {
 1611              		.loc 1 487 16
 1612 0140 8347F4FD 		lbu	a5,-33(s0)
 1613 0144 93F7F70F 		andi	a5,a5,0xff
 1614 0148 E38F0708 		beq	a5,zero,.L111
 488:../src/middleware/bacnet/demo/object/trendlog.c ****                 /* Section 12.25.5 can't enable a full log with stop when full set */
 489:../src/middleware/bacnet/demo/object/trendlog.c ****                 if ((CurrentLog->bEnable == false) &&
 1615              		.loc 1 489 32
 1616 014c 833784FC 		ld	a5,-56(s0)
 1617 0150 83C70700 		lbu	a5,0(a5)
 1618              		.loc 1 489 42
 1619 0154 93C71700 		xori	a5,a5,1
 1620 0158 93F7F70F 		andi	a5,a5,0xff
 1621              		.loc 1 489 20
 1622 015c A1C3     		beq	a5,zero,.L77
 490:../src/middleware/bacnet/demo/object/trendlog.c ****                     (CurrentLog->bStopWhenFull == true) &&
 1623              		.loc 1 490 32 discriminator 1
 1624 015e 833784FC 		ld	a5,-56(s0)
 1625 0162 83C70705 		lbu	a5,80(a5)
 489:../src/middleware/bacnet/demo/object/trendlog.c ****                     (CurrentLog->bStopWhenFull == true) &&
 1626              		.loc 1 489 52 discriminator 1
 1627 0166 9DCB     		beq	a5,zero,.L77
 491:../src/middleware/bacnet/demo/object/trendlog.c ****                     (CurrentLog->ulRecordCount == TL_MAX_ENTRIES) &&
 1628              		.loc 1 491 32
 1629 0168 833784FC 		ld	a5,-56(s0)
 1630 016c FC4B     		lw	a5,84(a5)
 490:../src/middleware/bacnet/demo/object/trendlog.c ****                     (CurrentLog->bStopWhenFull == true) &&
 1631              		.loc 1 490 57
 1632 016e 3E87     		mv	a4,a5
 1633 0170 9307803E 		li	a5,1000
 1634 0174 6314F702 		bne	a4,a5,.L77
 492:../src/middleware/bacnet/demo/object/trendlog.c ****                     (value.type.Boolean == true)) {
 1635              		.loc 1 492 32
 1636 0178 8347049F 		lbu	a5,-1552(s0)
 491:../src/middleware/bacnet/demo/object/trendlog.c ****                     (CurrentLog->ulRecordCount == TL_MAX_ENTRIES) &&
 1637              		.loc 1 491 67
 1638 017c 85C3     		beq	a5,zero,.L77
 493:../src/middleware/bacnet/demo/object/trendlog.c ****                     status = false;
 1639              		.loc 1 493 28
 1640 017e A30F04FC 		sb	zero,-33(s0)
 494:../src/middleware/bacnet/demo/object/trendlog.c ****                     wp_data->error_class = ERROR_CLASS_OBJECT;
 1641              		.loc 1 494 42
 1642 0182 8337849B 		ld	a5,-1608(s0)
 1643 0186 0547     		li	a4,1
 1644 0188 23AEE75C 		sw	a4,1500(a5)
 495:../src/middleware/bacnet/demo/object/trendlog.c ****                     wp_data->error_code = ERROR_CODE_LOG_BUFFER_FULL;
 1645              		.loc 1 495 41
 1646 018c 8337849B 		ld	a5,-1608(s0)
 1647 0190 1307B004 		li	a4,75
 1648 0194 23A0E75E 		sw	a4,1504(a5)
 496:../src/middleware/bacnet/demo/object/trendlog.c ****                     break;
 1649              		.loc 1 496 21
 1650 0198 6F005008 		j	.L78
 1651              	.L77:
 497:../src/middleware/bacnet/demo/object/trendlog.c ****                 }
 498:../src/middleware/bacnet/demo/object/trendlog.c **** 
 499:../src/middleware/bacnet/demo/object/trendlog.c ****                 /* Only trigger this validation on a potential change of state */
 500:../src/middleware/bacnet/demo/object/trendlog.c ****                 if (CurrentLog->bEnable != value.type.Boolean) {
 1652              		.loc 1 500 31
 1653 019c 833784FC 		ld	a5,-56(s0)
 1654 01a0 03C70700 		lbu	a4,0(a5)
 1655              		.loc 1 500 54
 1656 01a4 8347049F 		lbu	a5,-1552(s0)
 1657              		.loc 1 500 20
 1658 01a8 E30FF702 		beq	a4,a5,.L111
 501:../src/middleware/bacnet/demo/object/trendlog.c ****                     bEffectiveEnable = TL_Is_Enabled(log_index);
 1659              		.loc 1 501 40
 1660 01ac 832744FD 		lw	a5,-44(s0)
 1661 01b0 3E85     		mv	a0,a5
 1662 01b2 97000000 		call	TL_Is_Enabled
 1662      E7800000 
 1663 01ba AA87     		mv	a5,a0
 1664 01bc A303F4FC 		sb	a5,-57(s0)
 502:../src/middleware/bacnet/demo/object/trendlog.c ****                     CurrentLog->bEnable = value.type.Boolean;
 1665              		.loc 1 502 53
 1666 01c0 0347049F 		lbu	a4,-1552(s0)
 1667              		.loc 1 502 41
 1668 01c4 833784FC 		ld	a5,-56(s0)
 1669 01c8 2380E700 		sb	a4,0(a5)
 503:../src/middleware/bacnet/demo/object/trendlog.c ****                     /* To do: what actions do we need to take on writing ? */
 504:../src/middleware/bacnet/demo/object/trendlog.c ****                     if (value.type.Boolean == false) {
 1670              		.loc 1 504 35
 1671 01cc 8347049F 		lbu	a5,-1552(s0)
 1672              		.loc 1 504 44
 1673 01d0 93C71700 		xori	a5,a5,1
 1674 01d4 93F7F70F 		andi	a5,a5,0xff
 1675              		.loc 1 504 24
 1676 01d8 8DC3     		beq	a5,zero,.L79
 505:../src/middleware/bacnet/demo/object/trendlog.c ****                         if (bEffectiveEnable == true) {
 1677              		.loc 1 505 28
 1678 01da 834774FC 		lbu	a5,-57(s0)
 1679 01de 93F7F70F 		andi	a5,a5,0xff
 1680 01e2 E3820700 		beq	a5,zero,.L111
 506:../src/middleware/bacnet/demo/object/trendlog.c ****                             /* Only insert record if we really were
 507:../src/middleware/bacnet/demo/object/trendlog.c ****                                enabled i.e. times and enable flags */
 508:../src/middleware/bacnet/demo/object/trendlog.c ****                             TL_Insert_Status_Rec(log_index,
 1681              		.loc 1 508 29
 1682 01e6 832744FD 		lw	a5,-44(s0)
 1683 01ea 0546     		li	a2,1
 1684 01ec 8145     		li	a1,0
 1685 01ee 3E85     		mv	a0,a5
 1686 01f0 97000000 		call	TL_Insert_Status_Rec
 1686      E7800000 
 509:../src/middleware/bacnet/demo/object/trendlog.c ****                                 LOG_STATUS_LOG_DISABLED, true);
 510:../src/middleware/bacnet/demo/object/trendlog.c ****                         }
 511:../src/middleware/bacnet/demo/object/trendlog.c ****                     } else {
 512:../src/middleware/bacnet/demo/object/trendlog.c ****                         if (TL_Is_Enabled(log_index)) {
 513:../src/middleware/bacnet/demo/object/trendlog.c ****                             /* Have really gone from disabled to enabled as
 514:../src/middleware/bacnet/demo/object/trendlog.c ****                              * enable flag and times were correct
 515:../src/middleware/bacnet/demo/object/trendlog.c ****                              */
 516:../src/middleware/bacnet/demo/object/trendlog.c ****                             TL_Insert_Status_Rec(log_index,
 517:../src/middleware/bacnet/demo/object/trendlog.c ****                                 LOG_STATUS_LOG_DISABLED, false);
 518:../src/middleware/bacnet/demo/object/trendlog.c ****                         }
 519:../src/middleware/bacnet/demo/object/trendlog.c ****                     }
 520:../src/middleware/bacnet/demo/object/trendlog.c ****                 }
 521:../src/middleware/bacnet/demo/object/trendlog.c ****             }
 522:../src/middleware/bacnet/demo/object/trendlog.c ****             break;
 1687              		.loc 1 522 13
 1688 01f8 FDA7     		j	.L111
 1689              	.L79:
 512:../src/middleware/bacnet/demo/object/trendlog.c ****                             /* Have really gone from disabled to enabled as
 1690              		.loc 1 512 29
 1691 01fa 832744FD 		lw	a5,-44(s0)
 1692 01fe 3E85     		mv	a0,a5
 1693 0200 97000000 		call	TL_Is_Enabled
 1693      E7800000 
 1694 0208 AA87     		mv	a5,a0
 512:../src/middleware/bacnet/demo/object/trendlog.c ****                             /* Have really gone from disabled to enabled as
 1695              		.loc 1 512 28
 1696 020a 638E077C 		beq	a5,zero,.L111
 516:../src/middleware/bacnet/demo/object/trendlog.c ****                                 LOG_STATUS_LOG_DISABLED, false);
 1697              		.loc 1 516 29
 1698 020e 832744FD 		lw	a5,-44(s0)
 1699 0212 0146     		li	a2,0
 1700 0214 8145     		li	a1,0
 1701 0216 3E85     		mv	a0,a5
 1702 0218 97000000 		call	TL_Insert_Status_Rec
 1702      E7800000 
 1703              		.loc 1 522 13
 1704 0220 D9A7     		j	.L111
 1705              	.L68:
 523:../src/middleware/bacnet/demo/object/trendlog.c **** 
 524:../src/middleware/bacnet/demo/object/trendlog.c ****         case PROP_STOP_WHEN_FULL:
 525:../src/middleware/bacnet/demo/object/trendlog.c ****             status =
 526:../src/middleware/bacnet/demo/object/trendlog.c ****                 WPValidateArgType(&value, BACNET_APPLICATION_TAG_BOOLEAN,
 1706              		.loc 1 526 17
 1707 0222 8337849B 		ld	a5,-1608(s0)
 1708 0226 1387C75D 		addi	a4,a5,1500
 1709 022a 8337849B 		ld	a5,-1608(s0)
 1710 022e 9386075E 		addi	a3,a5,1504
 1711 0232 9307849E 		addi	a5,s0,-1560
 1712 0236 3A86     		mv	a2,a4
 1713 0238 8545     		li	a1,1
 1714 023a 3E85     		mv	a0,a5
 1715 023c 97000000 		call	WPValidateArgType
 1715      E7800000 
 1716 0244 AA87     		mv	a5,a0
 1717 0246 A30FF4FC 		sb	a5,-33(s0)
 527:../src/middleware/bacnet/demo/object/trendlog.c ****                 &wp_data->error_class, &wp_data->error_code);
 528:../src/middleware/bacnet/demo/object/trendlog.c ****             if (status) {
 1718              		.loc 1 528 16
 1719 024a 8347F4FD 		lbu	a5,-33(s0)
 1720 024e 93F7F70F 		andi	a5,a5,0xff
 1721 0252 638C0778 		beq	a5,zero,.L112
 529:../src/middleware/bacnet/demo/object/trendlog.c ****                 /* Only trigger this on a change of state */
 530:../src/middleware/bacnet/demo/object/trendlog.c ****                 if (CurrentLog->bStopWhenFull != value.type.Boolean) {
 1722              		.loc 1 530 31
 1723 0256 833784FC 		ld	a5,-56(s0)
 1724 025a 03C70705 		lbu	a4,80(a5)
 1725              		.loc 1 530 60
 1726 025e 8347049F 		lbu	a5,-1552(s0)
 1727              		.loc 1 530 20
 1728 0262 6304F778 		beq	a4,a5,.L112
 531:../src/middleware/bacnet/demo/object/trendlog.c ****                     CurrentLog->bStopWhenFull = value.type.Boolean;
 1729              		.loc 1 531 59
 1730 0266 0347049F 		lbu	a4,-1552(s0)
 1731              		.loc 1 531 47
 1732 026a 833784FC 		ld	a5,-56(s0)
 1733 026e 2388E704 		sb	a4,80(a5)
 532:../src/middleware/bacnet/demo/object/trendlog.c **** 
 533:../src/middleware/bacnet/demo/object/trendlog.c ****                     if ((value.type.Boolean == true) &&
 1734              		.loc 1 533 36
 1735 0272 8347049F 		lbu	a5,-1552(s0)
 1736              		.loc 1 533 24
 1737 0276 638A0776 		beq	a5,zero,.L112
 534:../src/middleware/bacnet/demo/object/trendlog.c ****                         (CurrentLog->ulRecordCount == TL_MAX_ENTRIES) &&
 1738              		.loc 1 534 36 discriminator 1
 1739 027a 833784FC 		ld	a5,-56(s0)
 1740 027e FC4B     		lw	a5,84(a5)
 533:../src/middleware/bacnet/demo/object/trendlog.c ****                         (CurrentLog->ulRecordCount == TL_MAX_ENTRIES) &&
 1741              		.loc 1 533 54 discriminator 1
 1742 0280 3E87     		mv	a4,a5
 1743 0282 9307803E 		li	a5,1000
 1744 0286 6312F776 		bne	a4,a5,.L112
 535:../src/middleware/bacnet/demo/object/trendlog.c ****                         (CurrentLog->bEnable == true)) {
 1745              		.loc 1 535 36
 1746 028a 833784FC 		ld	a5,-56(s0)
 1747 028e 83C70700 		lbu	a5,0(a5)
 534:../src/middleware/bacnet/demo/object/trendlog.c ****                         (CurrentLog->ulRecordCount == TL_MAX_ENTRIES) &&
 1748              		.loc 1 534 71
 1749 0292 638C0774 		beq	a5,zero,.L112
 536:../src/middleware/bacnet/demo/object/trendlog.c **** 
 537:../src/middleware/bacnet/demo/object/trendlog.c ****                         /* When full log is switched from normal to stop when full
 538:../src/middleware/bacnet/demo/object/trendlog.c ****                          * disable the log and record the fact - see 135-2008 12.25.12
 539:../src/middleware/bacnet/demo/object/trendlog.c ****                          */
 540:../src/middleware/bacnet/demo/object/trendlog.c ****                         CurrentLog->bEnable = false;
 1750              		.loc 1 540 45
 1751 0296 833784FC 		ld	a5,-56(s0)
 1752 029a 23800700 		sb	zero,0(a5)
 541:../src/middleware/bacnet/demo/object/trendlog.c ****                         TL_Insert_Status_Rec(log_index,
 1753              		.loc 1 541 25
 1754 029e 832744FD 		lw	a5,-44(s0)
 1755 02a2 0546     		li	a2,1
 1756 02a4 8145     		li	a1,0
 1757 02a6 3E85     		mv	a0,a5
 1758 02a8 97000000 		call	TL_Insert_Status_Rec
 1758      E7800000 
 542:../src/middleware/bacnet/demo/object/trendlog.c ****                             LOG_STATUS_LOG_DISABLED, true);
 543:../src/middleware/bacnet/demo/object/trendlog.c ****                     }
 544:../src/middleware/bacnet/demo/object/trendlog.c ****                 }
 545:../src/middleware/bacnet/demo/object/trendlog.c ****             }
 546:../src/middleware/bacnet/demo/object/trendlog.c ****             break;
 1759              		.loc 1 546 13
 1760 02b0 2DAF     		j	.L112
 1761              	.L75:
 547:../src/middleware/bacnet/demo/object/trendlog.c **** 
 548:../src/middleware/bacnet/demo/object/trendlog.c ****         case PROP_BUFFER_SIZE:
 549:../src/middleware/bacnet/demo/object/trendlog.c ****             /* Fixed size buffer so deny write. If buffer size was writable
 550:../src/middleware/bacnet/demo/object/trendlog.c ****              * we would probably erase the current log, resize, re-initalise
 551:../src/middleware/bacnet/demo/object/trendlog.c ****              * and carry on - however write is not allowed if enable is true.
 552:../src/middleware/bacnet/demo/object/trendlog.c ****              */
 553:../src/middleware/bacnet/demo/object/trendlog.c ****             wp_data->error_class = ERROR_CLASS_PROPERTY;
 1762              		.loc 1 553 34
 1763 02b2 8337849B 		ld	a5,-1608(s0)
 1764 02b6 0947     		li	a4,2
 1765 02b8 23AEE75C 		sw	a4,1500(a5)
 554:../src/middleware/bacnet/demo/object/trendlog.c ****             wp_data->error_code = ERROR_CODE_WRITE_ACCESS_DENIED;
 1766              		.loc 1 554 33
 1767 02bc 8337849B 		ld	a5,-1608(s0)
 1768 02c0 13078002 		li	a4,40
 1769 02c4 23A0E75E 		sw	a4,1504(a5)
 555:../src/middleware/bacnet/demo/object/trendlog.c ****             break;
 1770              		.loc 1 555 13
 1771 02c8 91AF     		j	.L78
 1772              	.L71:
 556:../src/middleware/bacnet/demo/object/trendlog.c **** 
 557:../src/middleware/bacnet/demo/object/trendlog.c ****         case PROP_RECORD_COUNT:
 558:../src/middleware/bacnet/demo/object/trendlog.c ****             status =
 559:../src/middleware/bacnet/demo/object/trendlog.c ****                 WPValidateArgType(&value, BACNET_APPLICATION_TAG_UNSIGNED_INT,
 1773              		.loc 1 559 17
 1774 02ca 8337849B 		ld	a5,-1608(s0)
 1775 02ce 1387C75D 		addi	a4,a5,1500
 1776 02d2 8337849B 		ld	a5,-1608(s0)
 1777 02d6 9386075E 		addi	a3,a5,1504
 1778 02da 9307849E 		addi	a5,s0,-1560
 1779 02de 3A86     		mv	a2,a4
 1780 02e0 8945     		li	a1,2
 1781 02e2 3E85     		mv	a0,a5
 1782 02e4 97000000 		call	WPValidateArgType
 1782      E7800000 
 1783 02ec AA87     		mv	a5,a0
 1784 02ee A30FF4FC 		sb	a5,-33(s0)
 560:../src/middleware/bacnet/demo/object/trendlog.c ****                 &wp_data->error_class, &wp_data->error_code);
 561:../src/middleware/bacnet/demo/object/trendlog.c ****             if (status) {
 1785              		.loc 1 561 16
 1786 02f2 8347F4FD 		lbu	a5,-33(s0)
 1787 02f6 93F7F70F 		andi	a5,a5,0xff
 1788 02fa 638A076E 		beq	a5,zero,.L113
 562:../src/middleware/bacnet/demo/object/trendlog.c ****                 if (value.type.Unsigned_Int == 0) {
 1789              		.loc 1 562 31
 1790 02fe 8327049F 		lw	a5,-1552(s0)
 1791              		.loc 1 562 20
 1792 0302 6396076E 		bne	a5,zero,.L113
 563:../src/middleware/bacnet/demo/object/trendlog.c ****                     /* Time to clear down the log */
 564:../src/middleware/bacnet/demo/object/trendlog.c ****                     CurrentLog->ulRecordCount = 0;
 1793              		.loc 1 564 47
 1794 0306 833784FC 		ld	a5,-56(s0)
 1795 030a 23AA0704 		sw	zero,84(a5)
 565:../src/middleware/bacnet/demo/object/trendlog.c ****                     CurrentLog->iIndex = 0;
 1796              		.loc 1 565 40
 1797 030e 833784FC 		ld	a5,-56(s0)
 1798 0312 23A60706 		sw	zero,108(a5)
 566:../src/middleware/bacnet/demo/object/trendlog.c ****                     TL_Insert_Status_Rec(log_index, LOG_STATUS_BUFFER_PURGED,
 1799              		.loc 1 566 21
 1800 0316 832744FD 		lw	a5,-44(s0)
 1801 031a 0546     		li	a2,1
 1802 031c 8545     		li	a1,1
 1803 031e 3E85     		mv	a0,a5
 1804 0320 97000000 		call	TL_Insert_Status_Rec
 1804      E7800000 
 567:../src/middleware/bacnet/demo/object/trendlog.c ****                         true);
 568:../src/middleware/bacnet/demo/object/trendlog.c ****                 }
 569:../src/middleware/bacnet/demo/object/trendlog.c ****             }
 570:../src/middleware/bacnet/demo/object/trendlog.c ****             break;
 1805              		.loc 1 570 13
 1806 0328 D9A5     		j	.L113
 1807              	.L65:
 571:../src/middleware/bacnet/demo/object/trendlog.c **** 
 572:../src/middleware/bacnet/demo/object/trendlog.c ****         case PROP_LOGGING_TYPE:
 573:../src/middleware/bacnet/demo/object/trendlog.c ****             /* logic
 574:../src/middleware/bacnet/demo/object/trendlog.c ****              * triggered and polled options.
 575:../src/middleware/bacnet/demo/object/trendlog.c ****              */
 576:../src/middleware/bacnet/demo/object/trendlog.c ****             status =
 577:../src/middleware/bacnet/demo/object/trendlog.c ****                 WPValidateArgType(&value, BACNET_APPLICATION_TAG_ENUMERATED,
 1808              		.loc 1 577 17
 1809 032a 8337849B 		ld	a5,-1608(s0)
 1810 032e 1387C75D 		addi	a4,a5,1500
 1811 0332 8337849B 		ld	a5,-1608(s0)
 1812 0336 9386075E 		addi	a3,a5,1504
 1813 033a 9307849E 		addi	a5,s0,-1560
 1814 033e 3A86     		mv	a2,a4
 1815 0340 A545     		li	a1,9
 1816 0342 3E85     		mv	a0,a5
 1817 0344 97000000 		call	WPValidateArgType
 1817      E7800000 
 1818 034c AA87     		mv	a5,a0
 1819 034e A30FF4FC 		sb	a5,-33(s0)
 578:../src/middleware/bacnet/demo/object/trendlog.c ****                 &wp_data->error_class, &wp_data->error_code);
 579:../src/middleware/bacnet/demo/object/trendlog.c ****             if (status) {
 1820              		.loc 1 579 16
 1821 0352 8347F4FD 		lbu	a5,-33(s0)
 1822 0356 93F7F70F 		andi	a5,a5,0xff
 1823 035a 638C0768 		beq	a5,zero,.L114
 580:../src/middleware/bacnet/demo/object/trendlog.c ****                 if (value.type.Enumerated != LOGGING_TYPE_COV) {
 1824              		.loc 1 580 31
 1825 035e 8327049F 		lw	a5,-1552(s0)
 1826              		.loc 1 580 20
 1827 0362 3E87     		mv	a4,a5
 1828 0364 8547     		li	a5,1
 1829 0366 630EF702 		beq	a4,a5,.L84
 581:../src/middleware/bacnet/demo/object/trendlog.c ****                     CurrentLog->LoggingType = value.type.Enumerated;
 1830              		.loc 1 581 57
 1831 036a 0327049F 		lw	a4,-1552(s0)
 1832              		.loc 1 581 45
 1833 036e 833784FC 		ld	a5,-56(s0)
 1834 0372 F8CF     		sw	a4,92(a5)
 582:../src/middleware/bacnet/demo/object/trendlog.c ****                     if (value.type.Enumerated == LOGGING_TYPE_POLLED) {
 1835              		.loc 1 582 35
 1836 0374 8327049F 		lw	a5,-1552(s0)
 1837              		.loc 1 582 24
 1838 0378 91EB     		bne	a5,zero,.L85
 583:../src/middleware/bacnet/demo/object/trendlog.c ****                         /* As per 12.25.27 pick a suitable default if interval is 0 */
 584:../src/middleware/bacnet/demo/object/trendlog.c ****                         if (CurrentLog->ulLogInterval == 0) {
 1839              		.loc 1 584 39
 1840 037a 833784FC 		ld	a5,-56(s0)
 1841 037e FC47     		lw	a5,76(a5)
 1842              		.loc 1 584 28
 1843 0380 91E7     		bne	a5,zero,.L85
 585:../src/middleware/bacnet/demo/object/trendlog.c ****                             CurrentLog->ulLogInterval = 900;
 1844              		.loc 1 585 55
 1845 0382 833784FC 		ld	a5,-56(s0)
 1846 0386 13074038 		li	a4,900
 1847 038a F8C7     		sw	a4,76(a5)
 1848              	.L85:
 586:../src/middleware/bacnet/demo/object/trendlog.c ****                         }
 587:../src/middleware/bacnet/demo/object/trendlog.c ****                     }
 588:../src/middleware/bacnet/demo/object/trendlog.c ****                     if (value.type.Enumerated == LOGGING_TYPE_TRIGGERED) {
 1849              		.loc 1 588 35
 1850 038c 8327049F 		lw	a5,-1552(s0)
 1851              		.loc 1 588 24
 1852 0390 3E87     		mv	a4,a5
 1853 0392 8947     		li	a5,2
 1854 0394 631FF764 		bne	a4,a5,.L114
 589:../src/middleware/bacnet/demo/object/trendlog.c ****                         /* As per 12.25.27 0 the interval if triggered logging selected */
 590:../src/middleware/bacnet/demo/object/trendlog.c ****                         CurrentLog->ulLogInterval = 0;
 1855              		.loc 1 590 51
 1856 0398 833784FC 		ld	a5,-56(s0)
 1857 039c 23A60704 		sw	zero,76(a5)
 591:../src/middleware/bacnet/demo/object/trendlog.c ****                     }
 592:../src/middleware/bacnet/demo/object/trendlog.c ****                 } else {
 593:../src/middleware/bacnet/demo/object/trendlog.c ****                     /* We don't currently support COV */
 594:../src/middleware/bacnet/demo/object/trendlog.c ****                     status = false;
 595:../src/middleware/bacnet/demo/object/trendlog.c ****                     wp_data->error_class = ERROR_CLASS_PROPERTY;
 596:../src/middleware/bacnet/demo/object/trendlog.c ****                     wp_data->error_code =
 597:../src/middleware/bacnet/demo/object/trendlog.c ****                         ERROR_CODE_OPTIONAL_FUNCTIONALITY_NOT_SUPPORTED;
 598:../src/middleware/bacnet/demo/object/trendlog.c ****                 }
 599:../src/middleware/bacnet/demo/object/trendlog.c ****             }
 600:../src/middleware/bacnet/demo/object/trendlog.c ****             break;
 1858              		.loc 1 600 13
 1859 03a0 89AD     		j	.L114
 1860              	.L84:
 594:../src/middleware/bacnet/demo/object/trendlog.c ****                     wp_data->error_class = ERROR_CLASS_PROPERTY;
 1861              		.loc 1 594 28
 1862 03a2 A30F04FC 		sb	zero,-33(s0)
 595:../src/middleware/bacnet/demo/object/trendlog.c ****                     wp_data->error_code =
 1863              		.loc 1 595 42
 1864 03a6 8337849B 		ld	a5,-1608(s0)
 1865 03aa 0947     		li	a4,2
 1866 03ac 23AEE75C 		sw	a4,1500(a5)
 596:../src/middleware/bacnet/demo/object/trendlog.c ****                         ERROR_CODE_OPTIONAL_FUNCTIONALITY_NOT_SUPPORTED;
 1867              		.loc 1 596 41
 1868 03b0 8337849B 		ld	a5,-1608(s0)
 1869 03b4 1307D002 		li	a4,45
 1870 03b8 23A0E75E 		sw	a4,1504(a5)
 1871              		.loc 1 600 13
 1872 03bc 1DAD     		j	.L114
 1873              	.L70:
 601:../src/middleware/bacnet/demo/object/trendlog.c **** 
 602:../src/middleware/bacnet/demo/object/trendlog.c ****         case PROP_START_TIME:
 603:../src/middleware/bacnet/demo/object/trendlog.c ****             /* Copy the date part to safe place */
 604:../src/middleware/bacnet/demo/object/trendlog.c ****             status =
 605:../src/middleware/bacnet/demo/object/trendlog.c ****                 WPValidateArgType(&value, BACNET_APPLICATION_TAG_DATE,
 1874              		.loc 1 605 17
 1875 03be 8337849B 		ld	a5,-1608(s0)
 1876 03c2 1387C75D 		addi	a4,a5,1500
 1877 03c6 8337849B 		ld	a5,-1608(s0)
 1878 03ca 9386075E 		addi	a3,a5,1504
 1879 03ce 9307849E 		addi	a5,s0,-1560
 1880 03d2 3A86     		mv	a2,a4
 1881 03d4 A945     		li	a1,10
 1882 03d6 3E85     		mv	a0,a5
 1883 03d8 97000000 		call	WPValidateArgType
 1883      E7800000 
 1884 03e0 AA87     		mv	a5,a0
 1885 03e2 A30FF4FC 		sb	a5,-33(s0)
 606:../src/middleware/bacnet/demo/object/trendlog.c ****                 &wp_data->error_class, &wp_data->error_code);
 607:../src/middleware/bacnet/demo/object/trendlog.c ****             if (!status) {
 1886              		.loc 1 607 17
 1887 03e6 8347F4FD 		lbu	a5,-33(s0)
 1888 03ea 93C71700 		xori	a5,a5,1
 1889 03ee 93F7F70F 		andi	a5,a5,0xff
 1890              		.loc 1 607 16
 1891 03f2 63920760 		bne	a5,zero,.L115
 608:../src/middleware/bacnet/demo/object/trendlog.c ****                 break;
 609:../src/middleware/bacnet/demo/object/trendlog.c ****             }
 610:../src/middleware/bacnet/demo/object/trendlog.c ****             TempDate = value.type.Date;
 1892              		.loc 1 610 22
 1893 03f6 8327049F 		lw	a5,-1552(s0)
 1894 03fa 2320F49E 		sw	a5,-1568(s0)
 1895 03fe 8357449F 		lhu	a5,-1548(s0)
 1896 0402 2312F49E 		sh	a5,-1564(s0)
 611:../src/middleware/bacnet/demo/object/trendlog.c ****             /* Then decode the time part */
 612:../src/middleware/bacnet/demo/object/trendlog.c ****             len =
 613:../src/middleware/bacnet/demo/object/trendlog.c ****                 bacapp_decode_application_data(wp_data->application_data + len,
 1897              		.loc 1 613 48
 1898 0406 8337849B 		ld	a5,-1608(s0)
 1899 040a 13870701 		addi	a4,a5,16
 1900              		.loc 1 613 17
 1901 040e 832784FD 		lw	a5,-40(s0)
 1902 0412 B306F700 		add	a3,a4,a5
 614:../src/middleware/bacnet/demo/object/trendlog.c ****                 wp_data->application_data_len - len, &value);
 1903              		.loc 1 614 24
 1904 0416 8337849B 		ld	a5,-1608(s0)
 1905 041a 03A7475D 		lw	a4,1492(a5)
 1906              		.loc 1 614 47
 1907 041e 832784FD 		lw	a5,-40(s0)
 1908 0422 BB07F740 		subw	a5,a4,a5
 1909 0426 8127     		sext.w	a5,a5
 613:../src/middleware/bacnet/demo/object/trendlog.c ****                 wp_data->application_data_len - len, &value);
 1910              		.loc 1 613 17
 1911 0428 8127     		sext.w	a5,a5
 1912 042a 1307849E 		addi	a4,s0,-1560
 1913 042e 3A86     		mv	a2,a4
 1914 0430 BE85     		mv	a1,a5
 1915 0432 3685     		mv	a0,a3
 1916 0434 97000000 		call	bacapp_decode_application_data
 1916      E7800000 
 1917 043c AA87     		mv	a5,a0
 1918 043e 232CF4FC 		sw	a5,-40(s0)
 615:../src/middleware/bacnet/demo/object/trendlog.c **** 
 616:../src/middleware/bacnet/demo/object/trendlog.c ****             if (len) {
 1919              		.loc 1 616 16
 1920 0442 832784FD 		lw	a5,-40(s0)
 1921 0446 8127     		sext.w	a5,a5
 1922 0448 6389075A 		beq	a5,zero,.L116
 617:../src/middleware/bacnet/demo/object/trendlog.c ****                 status =
 618:../src/middleware/bacnet/demo/object/trendlog.c ****                     WPValidateArgType(&value, BACNET_APPLICATION_TAG_TIME,
 1923              		.loc 1 618 21
 1924 044c 8337849B 		ld	a5,-1608(s0)
 1925 0450 1387C75D 		addi	a4,a5,1500
 1926 0454 8337849B 		ld	a5,-1608(s0)
 1927 0458 9386075E 		addi	a3,a5,1504
 1928 045c 9307849E 		addi	a5,s0,-1560
 1929 0460 3A86     		mv	a2,a4
 1930 0462 AD45     		li	a1,11
 1931 0464 3E85     		mv	a0,a5
 1932 0466 97000000 		call	WPValidateArgType
 1932      E7800000 
 1933 046e AA87     		mv	a5,a0
 1934 0470 A30FF4FC 		sb	a5,-33(s0)
 619:../src/middleware/bacnet/demo/object/trendlog.c ****                     &wp_data->error_class, &wp_data->error_code);
 620:../src/middleware/bacnet/demo/object/trendlog.c ****                 if (!status) {
 1935              		.loc 1 620 21
 1936 0474 8347F4FD 		lbu	a5,-33(s0)
 1937 0478 93C71700 		xori	a5,a5,1
 1938 047c 93F7F70F 		andi	a5,a5,0xff
 1939              		.loc 1 620 20
 1940 0480 639F0756 		bne	a5,zero,.L117
 621:../src/middleware/bacnet/demo/object/trendlog.c ****                     break;
 622:../src/middleware/bacnet/demo/object/trendlog.c ****                 }
 623:../src/middleware/bacnet/demo/object/trendlog.c ****                 /* First record the current enable state of the log */
 624:../src/middleware/bacnet/demo/object/trendlog.c ****                 bEffectiveEnable = TL_Is_Enabled(log_index);
 1941              		.loc 1 624 36
 1942 0484 832744FD 		lw	a5,-44(s0)
 1943 0488 3E85     		mv	a0,a5
 1944 048a 97000000 		call	TL_Is_Enabled
 1944      E7800000 
 1945 0492 AA87     		mv	a5,a0
 1946 0494 A303F4FC 		sb	a5,-57(s0)
 625:../src/middleware/bacnet/demo/object/trendlog.c ****                 CurrentLog->StartTime.date = TempDate;  /* Safe to copy the date now */
 1947              		.loc 1 625 44
 1948 0498 833784FC 		ld	a5,-56(s0)
 1949 049c 0357049E 		lhu	a4,-1568(s0)
 1950 04a0 2391E700 		sh	a4,2(a5)
 1951 04a4 0357249E 		lhu	a4,-1566(s0)
 1952 04a8 2392E700 		sh	a4,4(a5)
 1953 04ac 0357449E 		lhu	a4,-1564(s0)
 1954 04b0 2393E700 		sh	a4,6(a5)
 626:../src/middleware/bacnet/demo/object/trendlog.c ****                 CurrentLog->StartTime.time = value.type.Time;
 1955              		.loc 1 626 44
 1956 04b4 833784FC 		ld	a5,-56(s0)
 1957 04b8 0327049F 		lw	a4,-1552(s0)
 1958 04bc 98C7     		sw	a4,8(a5)
 627:../src/middleware/bacnet/demo/object/trendlog.c **** 
 628:../src/middleware/bacnet/demo/object/trendlog.c ****                 if (datetime_wildcard_present(&CurrentLog->StartTime)) {
 1959              		.loc 1 628 21
 1960 04be 833784FC 		ld	a5,-56(s0)
 1961 04c2 8907     		addi	a5,a5,2
 1962 04c4 3E85     		mv	a0,a5
 1963 04c6 97000000 		call	datetime_wildcard_present
 1963      E7800000 
 1964 04ce AA87     		mv	a5,a0
 1965              		.loc 1 628 20
 1966 04d0 95C3     		beq	a5,zero,.L90
 629:../src/middleware/bacnet/demo/object/trendlog.c ****                     /* Mark start time as wild carded */
 630:../src/middleware/bacnet/demo/object/trendlog.c ****                     CurrentLog->ucTimeFlags |= TL_T_START_WILD;
 1967              		.loc 1 630 45
 1968 04d2 833784FC 		ld	a5,-56(s0)
 1969 04d6 83C70703 		lbu	a5,48(a5)
 1970 04da 93E71700 		ori	a5,a5,1
 1971 04de 13F7F70F 		andi	a4,a5,0xff
 1972 04e2 833784FC 		ld	a5,-56(s0)
 1973 04e6 2388E702 		sb	a4,48(a5)
 631:../src/middleware/bacnet/demo/object/trendlog.c ****                     CurrentLog->tStartTime = 0;
 1974              		.loc 1 631 44
 1975 04ea 833784FC 		ld	a5,-56(s0)
 1976 04ee 23B80700 		sd	zero,16(a5)
 1977 04f2 05A8     		j	.L91
 1978              	.L90:
 632:../src/middleware/bacnet/demo/object/trendlog.c ****                 } else {
 633:../src/middleware/bacnet/demo/object/trendlog.c ****                     /* Clear wild card flag and set time in local format */
 634:../src/middleware/bacnet/demo/object/trendlog.c ****                     CurrentLog->ucTimeFlags &= ~TL_T_START_WILD;
 1979              		.loc 1 634 45
 1980 04f4 833784FC 		ld	a5,-56(s0)
 1981 04f8 83C70703 		lbu	a5,48(a5)
 1982 04fc F99B     		andi	a5,a5,-2
 1983 04fe 13F7F70F 		andi	a4,a5,0xff
 1984 0502 833784FC 		ld	a5,-56(s0)
 1985 0506 2388E702 		sb	a4,48(a5)
 635:../src/middleware/bacnet/demo/object/trendlog.c ****                     CurrentLog->tStartTime =
 636:../src/middleware/bacnet/demo/object/trendlog.c ****                         TL_BAC_Time_To_Local(&CurrentLog->StartTime);
 1986              		.loc 1 636 25
 1987 050a 833784FC 		ld	a5,-56(s0)
 1988 050e 8907     		addi	a5,a5,2
 1989 0510 3E85     		mv	a0,a5
 1990 0512 97000000 		call	TL_BAC_Time_To_Local
 1990      E7800000 
 1991 051a 2A87     		mv	a4,a0
 635:../src/middleware/bacnet/demo/object/trendlog.c ****                     CurrentLog->tStartTime =
 1992              		.loc 1 635 44
 1993 051c 833784FC 		ld	a5,-56(s0)
 1994 0520 98EB     		sd	a4,16(a5)
 1995              	.L91:
 637:../src/middleware/bacnet/demo/object/trendlog.c ****                 }
 638:../src/middleware/bacnet/demo/object/trendlog.c **** 
 639:../src/middleware/bacnet/demo/object/trendlog.c ****                 if (bEffectiveEnable != TL_Is_Enabled(log_index)) {
 1996              		.loc 1 639 41
 1997 0522 832744FD 		lw	a5,-44(s0)
 1998 0526 3E85     		mv	a0,a5
 1999 0528 97000000 		call	TL_Is_Enabled
 1999      E7800000 
 2000 0530 AA87     		mv	a5,a0
 2001 0532 3E87     		mv	a4,a5
 2002              		.loc 1 639 20
 2003 0534 834774FC 		lbu	a5,-57(s0)
 2004 0538 93F7F70F 		andi	a5,a5,0xff
 2005 053c 638FE74A 		beq	a5,a4,.L116
 640:../src/middleware/bacnet/demo/object/trendlog.c ****                     /* Enable status has changed because of time update */
 641:../src/middleware/bacnet/demo/object/trendlog.c ****                     if (bEffectiveEnable == true) {
 2006              		.loc 1 641 24
 2007 0540 834774FC 		lbu	a5,-57(s0)
 2008 0544 93F7F70F 		andi	a5,a5,0xff
 2009 0548 99CB     		beq	a5,zero,.L92
 642:../src/middleware/bacnet/demo/object/trendlog.c ****                         /* Say we went from enabled to disabled */
 643:../src/middleware/bacnet/demo/object/trendlog.c ****                         TL_Insert_Status_Rec(log_index,
 2010              		.loc 1 643 25
 2011 054a 832744FD 		lw	a5,-44(s0)
 2012 054e 0546     		li	a2,1
 2013 0550 8145     		li	a1,0
 2014 0552 3E85     		mv	a0,a5
 2015 0554 97000000 		call	TL_Insert_Status_Rec
 2015      E7800000 
 644:../src/middleware/bacnet/demo/object/trendlog.c ****                             LOG_STATUS_LOG_DISABLED, true);
 645:../src/middleware/bacnet/demo/object/trendlog.c ****                     } else {
 646:../src/middleware/bacnet/demo/object/trendlog.c ****                         /* Say we went from disabled to enabled */
 647:../src/middleware/bacnet/demo/object/trendlog.c ****                         TL_Insert_Status_Rec(log_index,
 648:../src/middleware/bacnet/demo/object/trendlog.c ****                             LOG_STATUS_LOG_DISABLED, false);
 649:../src/middleware/bacnet/demo/object/trendlog.c ****                     }
 650:../src/middleware/bacnet/demo/object/trendlog.c ****                 }
 651:../src/middleware/bacnet/demo/object/trendlog.c ****             }
 652:../src/middleware/bacnet/demo/object/trendlog.c ****             break;
 2016              		.loc 1 652 13
 2017 055c 79A9     		j	.L116
 2018              	.L92:
 647:../src/middleware/bacnet/demo/object/trendlog.c ****                             LOG_STATUS_LOG_DISABLED, false);
 2019              		.loc 1 647 25
 2020 055e 832744FD 		lw	a5,-44(s0)
 2021 0562 0146     		li	a2,0
 2022 0564 8145     		li	a1,0
 2023 0566 3E85     		mv	a0,a5
 2024 0568 97000000 		call	TL_Insert_Status_Rec
 2024      E7800000 
 2025              		.loc 1 652 13
 2026 0570 69A1     		j	.L116
 2027              	.L69:
 653:../src/middleware/bacnet/demo/object/trendlog.c **** 
 654:../src/middleware/bacnet/demo/object/trendlog.c ****         case PROP_STOP_TIME:
 655:../src/middleware/bacnet/demo/object/trendlog.c ****             /* Copy the date part to safe place */
 656:../src/middleware/bacnet/demo/object/trendlog.c ****             status =
 657:../src/middleware/bacnet/demo/object/trendlog.c ****                 WPValidateArgType(&value, BACNET_APPLICATION_TAG_DATE,
 2028              		.loc 1 657 17
 2029 0572 8337849B 		ld	a5,-1608(s0)
 2030 0576 1387C75D 		addi	a4,a5,1500
 2031 057a 8337849B 		ld	a5,-1608(s0)
 2032 057e 9386075E 		addi	a3,a5,1504
 2033 0582 9307849E 		addi	a5,s0,-1560
 2034 0586 3A86     		mv	a2,a4
 2035 0588 A945     		li	a1,10
 2036 058a 3E85     		mv	a0,a5
 2037 058c 97000000 		call	WPValidateArgType
 2037      E7800000 
 2038 0594 AA87     		mv	a5,a0
 2039 0596 A30FF4FC 		sb	a5,-33(s0)
 658:../src/middleware/bacnet/demo/object/trendlog.c ****                 &wp_data->error_class, &wp_data->error_code);
 659:../src/middleware/bacnet/demo/object/trendlog.c ****             if (!status) {
 2040              		.loc 1 659 17
 2041 059a 8347F4FD 		lbu	a5,-33(s0)
 2042 059e 93C71700 		xori	a5,a5,1
 2043 05a2 93F7F70F 		andi	a5,a5,0xff
 2044              		.loc 1 659 16
 2045 05a6 639E0744 		bne	a5,zero,.L118
 660:../src/middleware/bacnet/demo/object/trendlog.c ****                 break;
 661:../src/middleware/bacnet/demo/object/trendlog.c ****             }
 662:../src/middleware/bacnet/demo/object/trendlog.c ****             TempDate = value.type.Date;
 2046              		.loc 1 662 22
 2047 05aa 8327049F 		lw	a5,-1552(s0)
 2048 05ae 2320F49E 		sw	a5,-1568(s0)
 2049 05b2 8357449F 		lhu	a5,-1548(s0)
 2050 05b6 2312F49E 		sh	a5,-1564(s0)
 663:../src/middleware/bacnet/demo/object/trendlog.c ****             /* Then decode the time part */
 664:../src/middleware/bacnet/demo/object/trendlog.c ****             len =
 665:../src/middleware/bacnet/demo/object/trendlog.c ****                 bacapp_decode_application_data(wp_data->application_data + len,
 2051              		.loc 1 665 48
 2052 05ba 8337849B 		ld	a5,-1608(s0)
 2053 05be 13870701 		addi	a4,a5,16
 2054              		.loc 1 665 17
 2055 05c2 832784FD 		lw	a5,-40(s0)
 2056 05c6 B306F700 		add	a3,a4,a5
 666:../src/middleware/bacnet/demo/object/trendlog.c ****                 wp_data->application_data_len - len, &value);
 2057              		.loc 1 666 24
 2058 05ca 8337849B 		ld	a5,-1608(s0)
 2059 05ce 03A7475D 		lw	a4,1492(a5)
 2060              		.loc 1 666 47
 2061 05d2 832784FD 		lw	a5,-40(s0)
 2062 05d6 BB07F740 		subw	a5,a4,a5
 2063 05da 8127     		sext.w	a5,a5
 665:../src/middleware/bacnet/demo/object/trendlog.c ****                 wp_data->application_data_len - len, &value);
 2064              		.loc 1 665 17
 2065 05dc 8127     		sext.w	a5,a5
 2066 05de 1307849E 		addi	a4,s0,-1560
 2067 05e2 3A86     		mv	a2,a4
 2068 05e4 BE85     		mv	a1,a5
 2069 05e6 3685     		mv	a0,a3
 2070 05e8 97000000 		call	bacapp_decode_application_data
 2070      E7800000 
 2071 05f0 AA87     		mv	a5,a0
 2072 05f2 232CF4FC 		sw	a5,-40(s0)
 667:../src/middleware/bacnet/demo/object/trendlog.c **** 
 668:../src/middleware/bacnet/demo/object/trendlog.c ****             if (len) {
 2073              		.loc 1 668 16
 2074 05f6 832784FD 		lw	a5,-40(s0)
 2075 05fa 8127     		sext.w	a5,a5
 2076 05fc 63850740 		beq	a5,zero,.L119
 669:../src/middleware/bacnet/demo/object/trendlog.c ****                 status =
 670:../src/middleware/bacnet/demo/object/trendlog.c ****                     WPValidateArgType(&value, BACNET_APPLICATION_TAG_TIME,
 2077              		.loc 1 670 21
 2078 0600 8337849B 		ld	a5,-1608(s0)
 2079 0604 1387C75D 		addi	a4,a5,1500
 2080 0608 8337849B 		ld	a5,-1608(s0)
 2081 060c 9386075E 		addi	a3,a5,1504
 2082 0610 9307849E 		addi	a5,s0,-1560
 2083 0614 3A86     		mv	a2,a4
 2084 0616 AD45     		li	a1,11
 2085 0618 3E85     		mv	a0,a5
 2086 061a 97000000 		call	WPValidateArgType
 2086      E7800000 
 2087 0622 AA87     		mv	a5,a0
 2088 0624 A30FF4FC 		sb	a5,-33(s0)
 671:../src/middleware/bacnet/demo/object/trendlog.c ****                     &wp_data->error_class, &wp_data->error_code);
 672:../src/middleware/bacnet/demo/object/trendlog.c ****                 if (!status) {
 2089              		.loc 1 672 21
 2090 0628 8347F4FD 		lbu	a5,-33(s0)
 2091 062c 93C71700 		xori	a5,a5,1
 2092 0630 93F7F70F 		andi	a5,a5,0xff
 2093              		.loc 1 672 20
 2094 0634 639B073C 		bne	a5,zero,.L120
 673:../src/middleware/bacnet/demo/object/trendlog.c ****                     break;
 674:../src/middleware/bacnet/demo/object/trendlog.c ****                 }
 675:../src/middleware/bacnet/demo/object/trendlog.c ****                 /* First record the current enable state of the log */
 676:../src/middleware/bacnet/demo/object/trendlog.c ****                 bEffectiveEnable = TL_Is_Enabled(log_index);
 2095              		.loc 1 676 36
 2096 0638 832744FD 		lw	a5,-44(s0)
 2097 063c 3E85     		mv	a0,a5
 2098 063e 97000000 		call	TL_Is_Enabled
 2098      E7800000 
 2099 0646 AA87     		mv	a5,a0
 2100 0648 A303F4FC 		sb	a5,-57(s0)
 677:../src/middleware/bacnet/demo/object/trendlog.c ****                 CurrentLog->StopTime.date = TempDate;   /* Safe to copy the date now */
 2101              		.loc 1 677 43
 2102 064c 833784FC 		ld	a5,-56(s0)
 2103 0650 0327049E 		lw	a4,-1568(s0)
 2104 0654 98CF     		sw	a4,24(a5)
 2105 0656 0357449E 		lhu	a4,-1564(s0)
 2106 065a 239EE700 		sh	a4,28(a5)
 678:../src/middleware/bacnet/demo/object/trendlog.c ****                 CurrentLog->StopTime.time = value.type.Time;
 2107              		.loc 1 678 43
 2108 065e 833784FC 		ld	a5,-56(s0)
 2109 0662 0357049F 		lhu	a4,-1552(s0)
 2110 0666 239FE700 		sh	a4,30(a5)
 2111 066a 0357249F 		lhu	a4,-1550(s0)
 2112 066e 2390E702 		sh	a4,32(a5)
 679:../src/middleware/bacnet/demo/object/trendlog.c **** 
 680:../src/middleware/bacnet/demo/object/trendlog.c ****                 if (datetime_wildcard_present(&CurrentLog->StopTime)) {
 2113              		.loc 1 680 21
 2114 0672 833784FC 		ld	a5,-56(s0)
 2115 0676 E107     		addi	a5,a5,24
 2116 0678 3E85     		mv	a0,a5
 2117 067a 97000000 		call	datetime_wildcard_present
 2117      E7800000 
 2118 0682 AA87     		mv	a5,a0
 2119              		.loc 1 680 20
 2120 0684 9DC3     		beq	a5,zero,.L96
 681:../src/middleware/bacnet/demo/object/trendlog.c ****                     /* Mark stop time as wild carded */
 682:../src/middleware/bacnet/demo/object/trendlog.c ****                     CurrentLog->ucTimeFlags |= TL_T_STOP_WILD;
 2121              		.loc 1 682 45
 2122 0686 833784FC 		ld	a5,-56(s0)
 2123 068a 83C70703 		lbu	a5,48(a5)
 2124 068e 93E72700 		ori	a5,a5,2
 2125 0692 13F7F70F 		andi	a4,a5,0xff
 2126 0696 833784FC 		ld	a5,-56(s0)
 2127 069a 2388E702 		sb	a4,48(a5)
 683:../src/middleware/bacnet/demo/object/trendlog.c ****                     CurrentLog->tStopTime = 0xFFFFFFFF; /* Fixme: how do we set this to max for tim
 2128              		.loc 1 683 43
 2129 069e 833784FC 		ld	a5,-56(s0)
 2130 06a2 7D57     		li	a4,-1
 2131 06a4 0193     		srli	a4,a4,32
 2132 06a6 98F7     		sd	a4,40(a5)
 2133 06a8 05A8     		j	.L97
 2134              	.L96:
 684:../src/middleware/bacnet/demo/object/trendlog.c ****                 } else {
 685:../src/middleware/bacnet/demo/object/trendlog.c ****                     /* Clear wild card flag and set time in local format */
 686:../src/middleware/bacnet/demo/object/trendlog.c ****                     CurrentLog->ucTimeFlags &= ~TL_T_STOP_WILD;
 2135              		.loc 1 686 45
 2136 06aa 833784FC 		ld	a5,-56(s0)
 2137 06ae 83C70703 		lbu	a5,48(a5)
 2138 06b2 F59B     		andi	a5,a5,-3
 2139 06b4 13F7F70F 		andi	a4,a5,0xff
 2140 06b8 833784FC 		ld	a5,-56(s0)
 2141 06bc 2388E702 		sb	a4,48(a5)
 687:../src/middleware/bacnet/demo/object/trendlog.c ****                     CurrentLog->tStopTime =
 688:../src/middleware/bacnet/demo/object/trendlog.c ****                         TL_BAC_Time_To_Local(&CurrentLog->StopTime);
 2142              		.loc 1 688 25
 2143 06c0 833784FC 		ld	a5,-56(s0)
 2144 06c4 E107     		addi	a5,a5,24
 2145 06c6 3E85     		mv	a0,a5
 2146 06c8 97000000 		call	TL_BAC_Time_To_Local
 2146      E7800000 
 2147 06d0 2A87     		mv	a4,a0
 687:../src/middleware/bacnet/demo/object/trendlog.c ****                     CurrentLog->tStopTime =
 2148              		.loc 1 687 43
 2149 06d2 833784FC 		ld	a5,-56(s0)
 2150 06d6 98F7     		sd	a4,40(a5)
 2151              	.L97:
 689:../src/middleware/bacnet/demo/object/trendlog.c ****                 }
 690:../src/middleware/bacnet/demo/object/trendlog.c **** 
 691:../src/middleware/bacnet/demo/object/trendlog.c ****                 if (bEffectiveEnable != TL_Is_Enabled(log_index)) {
 2152              		.loc 1 691 41
 2153 06d8 832744FD 		lw	a5,-44(s0)
 2154 06dc 3E85     		mv	a0,a5
 2155 06de 97000000 		call	TL_Is_Enabled
 2155      E7800000 
 2156 06e6 AA87     		mv	a5,a0
 2157 06e8 3E87     		mv	a4,a5
 2158              		.loc 1 691 20
 2159 06ea 834774FC 		lbu	a5,-57(s0)
 2160 06ee 93F7F70F 		andi	a5,a5,0xff
 2161 06f2 638AE730 		beq	a5,a4,.L119
 692:../src/middleware/bacnet/demo/object/trendlog.c ****                     /* Enable status has changed because of time update */
 693:../src/middleware/bacnet/demo/object/trendlog.c ****                     if (bEffectiveEnable == true) {
 2162              		.loc 1 693 24
 2163 06f6 834774FC 		lbu	a5,-57(s0)
 2164 06fa 93F7F70F 		andi	a5,a5,0xff
 2165 06fe 99CB     		beq	a5,zero,.L98
 694:../src/middleware/bacnet/demo/object/trendlog.c ****                         /* Say we went from enabled to disabled */
 695:../src/middleware/bacnet/demo/object/trendlog.c ****                         TL_Insert_Status_Rec(log_index,
 2166              		.loc 1 695 25
 2167 0700 832744FD 		lw	a5,-44(s0)
 2168 0704 0546     		li	a2,1
 2169 0706 8145     		li	a1,0
 2170 0708 3E85     		mv	a0,a5
 2171 070a 97000000 		call	TL_Insert_Status_Rec
 2171      E7800000 
 696:../src/middleware/bacnet/demo/object/trendlog.c ****                             LOG_STATUS_LOG_DISABLED, true);
 697:../src/middleware/bacnet/demo/object/trendlog.c ****                     } else {
 698:../src/middleware/bacnet/demo/object/trendlog.c ****                         /* Say we went from disabled to enabled */
 699:../src/middleware/bacnet/demo/object/trendlog.c ****                         TL_Insert_Status_Rec(log_index,
 700:../src/middleware/bacnet/demo/object/trendlog.c ****                             LOG_STATUS_LOG_DISABLED, false);
 701:../src/middleware/bacnet/demo/object/trendlog.c ****                     }
 702:../src/middleware/bacnet/demo/object/trendlog.c ****                 }
 703:../src/middleware/bacnet/demo/object/trendlog.c ****             }
 704:../src/middleware/bacnet/demo/object/trendlog.c ****             break;
 2172              		.loc 1 704 13
 2173 0712 D5AC     		j	.L119
 2174              	.L98:
 699:../src/middleware/bacnet/demo/object/trendlog.c ****                             LOG_STATUS_LOG_DISABLED, false);
 2175              		.loc 1 699 25
 2176 0714 832744FD 		lw	a5,-44(s0)
 2177 0718 0146     		li	a2,0
 2178 071a 8145     		li	a1,0
 2179 071c 3E85     		mv	a0,a5
 2180 071e 97000000 		call	TL_Insert_Status_Rec
 2180      E7800000 
 2181              		.loc 1 704 13
 2182 0726 C5A4     		j	.L119
 2183              	.L74:
 705:../src/middleware/bacnet/demo/object/trendlog.c **** 
 706:../src/middleware/bacnet/demo/object/trendlog.c ****         case PROP_LOG_DEVICE_OBJECT_PROPERTY:
 707:../src/middleware/bacnet/demo/object/trendlog.c **** 	        len = bacapp_decode_device_obj_property_ref(wp_data->application_data, &TempSource);
 2184              		.loc 1 707 61
 2185 0728 8337849B 		ld	a5,-1608(s0)
 2186 072c C107     		addi	a5,a5,16
 2187              		.loc 1 707 16
 2188 072e 1307849C 		addi	a4,s0,-1592
 2189 0732 BA85     		mv	a1,a4
 2190 0734 3E85     		mv	a0,a5
 2191 0736 97000000 		call	bacapp_decode_device_obj_property_ref
 2191      E7800000 
 2192 073e AA87     		mv	a5,a0
 2193 0740 232CF4FC 		sw	a5,-40(s0)
 708:../src/middleware/bacnet/demo/object/trendlog.c ****             if((len < 0) || (len > wp_data->application_data_len)) // Hmm, that didn't go as planne
 2194              		.loc 1 708 15
 2195 0744 832784FD 		lw	a5,-40(s0)
 2196 0748 8127     		sext.w	a5,a5
 2197 074a 63CB0700 		blt	a5,zero,.L99
 2198              		.loc 1 708 43 discriminator 1
 2199 074e 8337849B 		ld	a5,-1608(s0)
 2200 0752 03A7475D 		lw	a4,1492(a5)
 2201              		.loc 1 708 26 discriminator 1
 2202 0756 832784FD 		lw	a5,-40(s0)
 2203 075a 8127     		sext.w	a5,a5
 2204 075c 635CF700 		ble	a5,a4,.L100
 2205              	.L99:
 709:../src/middleware/bacnet/demo/object/trendlog.c ****                 {
 710:../src/middleware/bacnet/demo/object/trendlog.c ****                 wp_data->error_class = ERROR_CLASS_PROPERTY;
 2206              		.loc 1 710 38
 2207 0760 8337849B 		ld	a5,-1608(s0)
 2208 0764 0947     		li	a4,2
 2209 0766 23AEE75C 		sw	a4,1500(a5)
 711:../src/middleware/bacnet/demo/object/trendlog.c ****                 wp_data->error_code = ERROR_CODE_OTHER;
 2210              		.loc 1 711 37
 2211 076a 8337849B 		ld	a5,-1608(s0)
 2212 076e 23A0075E 		sw	zero,1504(a5)
 712:../src/middleware/bacnet/demo/object/trendlog.c ****                 break;
 2213              		.loc 1 712 17
 2214 0772 6DA4     		j	.L78
 2215              	.L100:
 713:../src/middleware/bacnet/demo/object/trendlog.c ****                 }
 714:../src/middleware/bacnet/demo/object/trendlog.c **** 
 715:../src/middleware/bacnet/demo/object/trendlog.c ****             // We only support references to objects in ourself for now
 716:../src/middleware/bacnet/demo/object/trendlog.c ****             if((TempSource.deviceIdentifier.type == OBJECT_DEVICE) && (TempSource.deviceIdentifier.
 2216              		.loc 1 716 44
 2217 0774 8357849D 		lhu	a5,-1576(s0)
 2218              		.loc 1 716 15
 2219 0778 1B870700 		sext.w	a4,a5
 2220 077c A147     		li	a5,8
 2221 077e 6319F702 		bne	a4,a5,.L101
 2222              		.loc 1 716 99 discriminator 1
 2223 0782 8324C49D 		lw	s1,-1572(s0)
 2224              		.loc 1 716 112 discriminator 1
 2225 0786 97000000 		call	Device_Object_Instance_Number
 2225      E7800000 
 2226 078e AA87     		mv	a5,a0
 2227 0790 8127     		sext.w	a5,a5
 2228              		.loc 1 716 68 discriminator 1
 2229 0792 2687     		mv	a4,s1
 2230 0794 630EF700 		beq	a4,a5,.L101
 717:../src/middleware/bacnet/demo/object/trendlog.c ****                 	{
 718:../src/middleware/bacnet/demo/object/trendlog.c ****                     wp_data->error_class = ERROR_CLASS_PROPERTY;
 2231              		.loc 1 718 42
 2232 0798 8337849B 		ld	a5,-1608(s0)
 2233 079c 0947     		li	a4,2
 2234 079e 23AEE75C 		sw	a4,1500(a5)
 719:../src/middleware/bacnet/demo/object/trendlog.c ****                     wp_data->error_code = ERROR_CODE_OPTIONAL_FUNCTIONALITY_NOT_SUPPORTED;
 2235              		.loc 1 719 41
 2236 07a2 8337849B 		ld	a5,-1608(s0)
 2237 07a6 1307D002 		li	a4,45
 2238 07aa 23A0E75E 		sw	a4,1504(a5)
 720:../src/middleware/bacnet/demo/object/trendlog.c ****                     break;
 2239              		.loc 1 720 21
 2240 07ae BDA4     		j	.L78
 2241              	.L101:
 721:../src/middleware/bacnet/demo/object/trendlog.c ****                     }
 722:../src/middleware/bacnet/demo/object/trendlog.c **** 
 723:../src/middleware/bacnet/demo/object/trendlog.c ****             /* Quick comparison if structures are packed ... */
 724:../src/middleware/bacnet/demo/object/trendlog.c ****             if (memcmp(&TempSource, &CurrentLog->Source,
 2242              		.loc 1 724 37
 2243 07b0 833784FC 		ld	a5,-56(s0)
 2244 07b4 13874703 		addi	a4,a5,52
 2245              		.loc 1 724 17
 2246 07b8 9307849C 		addi	a5,s0,-1592
 2247 07bc 6146     		li	a2,24
 2248 07be BA85     		mv	a1,a4
 2249 07c0 3E85     		mv	a0,a5
 2250 07c2 97000000 		call	memcmp
 2250      E7800000 
 2251 07ca AA87     		mv	a5,a0
 2252              		.loc 1 724 16
 2253 07cc 95C3     		beq	a5,zero,.L102
 725:../src/middleware/bacnet/demo/object/trendlog.c ****                     sizeof(BACNET_DEVICE_OBJECT_PROPERTY_REFERENCE)) != 0) {
 726:../src/middleware/bacnet/demo/object/trendlog.c ****                 /* Clear buffer if property being logged is changed */
 727:../src/middleware/bacnet/demo/object/trendlog.c ****                 CurrentLog->ulRecordCount = 0;
 2254              		.loc 1 727 43
 2255 07ce 833784FC 		ld	a5,-56(s0)
 2256 07d2 23AA0704 		sw	zero,84(a5)
 728:../src/middleware/bacnet/demo/object/trendlog.c ****                 CurrentLog->iIndex = 0;
 2257              		.loc 1 728 36
 2258 07d6 833784FC 		ld	a5,-56(s0)
 2259 07da 23A60706 		sw	zero,108(a5)
 729:../src/middleware/bacnet/demo/object/trendlog.c ****                 TL_Insert_Status_Rec(log_index, LOG_STATUS_BUFFER_PURGED,
 2260              		.loc 1 729 17
 2261 07de 832744FD 		lw	a5,-44(s0)
 2262 07e2 0546     		li	a2,1
 2263 07e4 8545     		li	a1,1
 2264 07e6 3E85     		mv	a0,a5
 2265 07e8 97000000 		call	TL_Insert_Status_Rec
 2265      E7800000 
 2266              	.L102:
 730:../src/middleware/bacnet/demo/object/trendlog.c ****                     true);
 731:../src/middleware/bacnet/demo/object/trendlog.c ****             }
 732:../src/middleware/bacnet/demo/object/trendlog.c ****             CurrentLog->Source = TempSource;
 2267              		.loc 1 732 32
 2268 07f0 833784FC 		ld	a5,-56(s0)
 2269 07f4 0328849C 		lw	a6,-1592(s0)
 2270 07f8 0325C49C 		lw	a0,-1588(s0)
 2271 07fc 8325049D 		lw	a1,-1584(s0)
 2272 0800 0326449D 		lw	a2,-1580(s0)
 2273 0804 8326849D 		lw	a3,-1576(s0)
 2274 0808 0327C49D 		lw	a4,-1572(s0)
 2275 080c 23AA0703 		sw	a6,52(a5)
 2276 0810 88DF     		sw	a0,56(a5)
 2277 0812 CCDF     		sw	a1,60(a5)
 2278 0814 B0C3     		sw	a2,64(a5)
 2279 0816 F4C3     		sw	a3,68(a5)
 2280 0818 B8C7     		sw	a4,72(a5)
 733:../src/middleware/bacnet/demo/object/trendlog.c ****             status = true;
 2281              		.loc 1 733 20
 2282 081a 8547     		li	a5,1
 2283 081c A30FF4FC 		sb	a5,-33(s0)
 734:../src/middleware/bacnet/demo/object/trendlog.c ****             break;
 2284              		.loc 1 734 13
 2285 0820 F5AA     		j	.L78
 2286              	.L72:
 735:../src/middleware/bacnet/demo/object/trendlog.c **** 
 736:../src/middleware/bacnet/demo/object/trendlog.c ****         case PROP_LOG_INTERVAL:
 737:../src/middleware/bacnet/demo/object/trendlog.c ****             if (CurrentLog->LoggingType == LOGGING_TYPE_TRIGGERED) {
 2287              		.loc 1 737 27
 2288 0822 833784FC 		ld	a5,-56(s0)
 2289 0826 FC4F     		lw	a5,92(a5)
 2290              		.loc 1 737 16
 2291 0828 3E87     		mv	a4,a5
 2292 082a 8947     		li	a5,2
 2293 082c 631EF700 		bne	a4,a5,.L103
 738:../src/middleware/bacnet/demo/object/trendlog.c ****                 /* Read only if triggered log so flag error and bail out */
 739:../src/middleware/bacnet/demo/object/trendlog.c ****                 wp_data->error_class = ERROR_CLASS_PROPERTY;
 2294              		.loc 1 739 38
 2295 0830 8337849B 		ld	a5,-1608(s0)
 2296 0834 0947     		li	a4,2
 2297 0836 23AEE75C 		sw	a4,1500(a5)
 740:../src/middleware/bacnet/demo/object/trendlog.c ****                 wp_data->error_code = ERROR_CODE_WRITE_ACCESS_DENIED;
 2298              		.loc 1 740 37
 2299 083a 8337849B 		ld	a5,-1608(s0)
 2300 083e 13078002 		li	a4,40
 2301 0842 23A0E75E 		sw	a4,1504(a5)
 741:../src/middleware/bacnet/demo/object/trendlog.c ****                 break;
 2302              		.loc 1 741 17
 2303 0846 D9AA     		j	.L78
 2304              	.L103:
 742:../src/middleware/bacnet/demo/object/trendlog.c ****             }
 743:../src/middleware/bacnet/demo/object/trendlog.c ****             status =
 744:../src/middleware/bacnet/demo/object/trendlog.c ****                 WPValidateArgType(&value, BACNET_APPLICATION_TAG_UNSIGNED_INT,
 2305              		.loc 1 744 17
 2306 0848 8337849B 		ld	a5,-1608(s0)
 2307 084c 1387C75D 		addi	a4,a5,1500
 2308 0850 8337849B 		ld	a5,-1608(s0)
 2309 0854 9386075E 		addi	a3,a5,1504
 2310 0858 9307849E 		addi	a5,s0,-1560
 2311 085c 3A86     		mv	a2,a4
 2312 085e 8945     		li	a1,2
 2313 0860 3E85     		mv	a0,a5
 2314 0862 97000000 		call	WPValidateArgType
 2314      E7800000 
 2315 086a AA87     		mv	a5,a0
 2316 086c A30FF4FC 		sb	a5,-33(s0)
 745:../src/middleware/bacnet/demo/object/trendlog.c ****                 &wp_data->error_class, &wp_data->error_code);
 746:../src/middleware/bacnet/demo/object/trendlog.c ****             if (status) {
 2317              		.loc 1 746 16
 2318 0870 8347F4FD 		lbu	a5,-33(s0)
 2319 0874 93F7F70F 		andi	a5,a5,0xff
 2320 0878 638B0718 		beq	a5,zero,.L121
 747:../src/middleware/bacnet/demo/object/trendlog.c ****                 if ((CurrentLog->LoggingType == LOGGING_TYPE_POLLED) &&
 2321              		.loc 1 747 32
 2322 087c 833784FC 		ld	a5,-56(s0)
 2323 0880 FC4F     		lw	a5,92(a5)
 2324              		.loc 1 747 20
 2325 0882 95E3     		bne	a5,zero,.L105
 748:../src/middleware/bacnet/demo/object/trendlog.c ****                     (value.type.Unsigned_Int == 0)) {
 2326              		.loc 1 748 32 discriminator 1
 2327 0884 8327049F 		lw	a5,-1552(s0)
 747:../src/middleware/bacnet/demo/object/trendlog.c ****                 if ((CurrentLog->LoggingType == LOGGING_TYPE_POLLED) &&
 2328              		.loc 1 747 70 discriminator 1
 2329 0888 99EF     		bne	a5,zero,.L105
 749:../src/middleware/bacnet/demo/object/trendlog.c ****                     /* We don't support COV at the moment so don't allow switching
 750:../src/middleware/bacnet/demo/object/trendlog.c ****                      * to it by clearing interval whilst in polling mode */
 751:../src/middleware/bacnet/demo/object/trendlog.c ****                     wp_data->error_class = ERROR_CLASS_PROPERTY;
 2330              		.loc 1 751 42
 2331 088a 8337849B 		ld	a5,-1608(s0)
 2332 088e 0947     		li	a4,2
 2333 0890 23AEE75C 		sw	a4,1500(a5)
 752:../src/middleware/bacnet/demo/object/trendlog.c ****                     wp_data->error_code =
 2334              		.loc 1 752 41
 2335 0894 8337849B 		ld	a5,-1608(s0)
 2336 0898 1307D002 		li	a4,45
 2337 089c 23A0E75E 		sw	a4,1504(a5)
 753:../src/middleware/bacnet/demo/object/trendlog.c ****                         ERROR_CODE_OPTIONAL_FUNCTIONALITY_NOT_SUPPORTED;
 754:../src/middleware/bacnet/demo/object/trendlog.c ****                     status = false;
 2338              		.loc 1 754 28
 2339 08a0 A30F04FC 		sb	zero,-33(s0)
 755:../src/middleware/bacnet/demo/object/trendlog.c ****                 } else {
 756:../src/middleware/bacnet/demo/object/trendlog.c ****                     /* We only log to 1 sec accuracy so must divide by 100 before passing it on */
 757:../src/middleware/bacnet/demo/object/trendlog.c ****                     CurrentLog->ulLogInterval = value.type.Unsigned_Int / 100;
 758:../src/middleware/bacnet/demo/object/trendlog.c **** 					if(0 == CurrentLog->ulLogInterval)
 759:../src/middleware/bacnet/demo/object/trendlog.c **** 						CurrentLog->ulLogInterval = 1; /* Interval of 0 is not a good idea */
 760:../src/middleware/bacnet/demo/object/trendlog.c ****                 }
 761:../src/middleware/bacnet/demo/object/trendlog.c ****             }
 762:../src/middleware/bacnet/demo/object/trendlog.c ****             break;
 2340              		.loc 1 762 13
 2341 08a4 ADA2     		j	.L121
 2342              	.L105:
 757:../src/middleware/bacnet/demo/object/trendlog.c **** 					if(0 == CurrentLog->ulLogInterval)
 2343              		.loc 1 757 59
 2344 08a6 8327049F 		lw	a5,-1552(s0)
 757:../src/middleware/bacnet/demo/object/trendlog.c **** 					if(0 == CurrentLog->ulLogInterval)
 2345              		.loc 1 757 73
 2346 08aa 3E87     		mv	a4,a5
 2347 08ac 93074006 		li	a5,100
 2348 08b0 BB57F702 		divuw	a5,a4,a5
 2349 08b4 1B870700 		sext.w	a4,a5
 757:../src/middleware/bacnet/demo/object/trendlog.c **** 					if(0 == CurrentLog->ulLogInterval)
 2350              		.loc 1 757 47
 2351 08b8 833784FC 		ld	a5,-56(s0)
 2352 08bc F8C7     		sw	a4,76(a5)
 758:../src/middleware/bacnet/demo/object/trendlog.c **** 						CurrentLog->ulLogInterval = 1; /* Interval of 0 is not a good idea */
 2353              		.loc 1 758 24
 2354 08be 833784FC 		ld	a5,-56(s0)
 2355 08c2 FC47     		lw	a5,76(a5)
 758:../src/middleware/bacnet/demo/object/trendlog.c **** 						CurrentLog->ulLogInterval = 1; /* Interval of 0 is not a good idea */
 2356              		.loc 1 758 8
 2357 08c4 63950714 		bne	a5,zero,.L121
 759:../src/middleware/bacnet/demo/object/trendlog.c ****                 }
 2358              		.loc 1 759 33
 2359 08c8 833784FC 		ld	a5,-56(s0)
 2360 08cc 0547     		li	a4,1
 2361 08ce F8C7     		sw	a4,76(a5)
 2362              		.loc 1 762 13
 2363 08d0 3DAA     		j	.L121
 2364              	.L67:
 763:../src/middleware/bacnet/demo/object/trendlog.c **** 
 764:../src/middleware/bacnet/demo/object/trendlog.c ****         case PROP_ALIGN_INTERVALS:
 765:../src/middleware/bacnet/demo/object/trendlog.c ****             status =
 766:../src/middleware/bacnet/demo/object/trendlog.c ****                 WPValidateArgType(&value, BACNET_APPLICATION_TAG_BOOLEAN,
 2365              		.loc 1 766 17
 2366 08d2 8337849B 		ld	a5,-1608(s0)
 2367 08d6 1387C75D 		addi	a4,a5,1500
 2368 08da 8337849B 		ld	a5,-1608(s0)
 2369 08de 9386075E 		addi	a3,a5,1504
 2370 08e2 9307849E 		addi	a5,s0,-1560
 2371 08e6 3A86     		mv	a2,a4
 2372 08e8 8545     		li	a1,1
 2373 08ea 3E85     		mv	a0,a5
 2374 08ec 97000000 		call	WPValidateArgType
 2374      E7800000 
 2375 08f4 AA87     		mv	a5,a0
 2376 08f6 A30FF4FC 		sb	a5,-33(s0)
 767:../src/middleware/bacnet/demo/object/trendlog.c ****                 &wp_data->error_class, &wp_data->error_code);
 768:../src/middleware/bacnet/demo/object/trendlog.c ****             if (status) {
 2377              		.loc 1 768 16
 2378 08fa 8347F4FD 		lbu	a5,-33(s0)
 2379 08fe 93F7F70F 		andi	a5,a5,0xff
 2380 0902 63880710 		beq	a5,zero,.L122
 769:../src/middleware/bacnet/demo/object/trendlog.c ****                 CurrentLog->bAlignIntervals = value.type.Boolean;
 2381              		.loc 1 769 57
 2382 0906 0347049F 		lbu	a4,-1552(s0)
 2383              		.loc 1 769 45
 2384 090a 833784FC 		ld	a5,-56(s0)
 2385 090e 2380E706 		sb	a4,96(a5)
 770:../src/middleware/bacnet/demo/object/trendlog.c ****             }
 771:../src/middleware/bacnet/demo/object/trendlog.c ****             break;
 2386              		.loc 1 771 13
 2387 0912 01A2     		j	.L122
 2388              	.L66:
 772:../src/middleware/bacnet/demo/object/trendlog.c **** 
 773:../src/middleware/bacnet/demo/object/trendlog.c ****         case PROP_INTERVAL_OFFSET:
 774:../src/middleware/bacnet/demo/object/trendlog.c ****             /* We only log to 1 sec accuracy so must divide by 100 before passing it on */
 775:../src/middleware/bacnet/demo/object/trendlog.c ****             status =
 776:../src/middleware/bacnet/demo/object/trendlog.c ****                 WPValidateArgType(&value, BACNET_APPLICATION_TAG_UNSIGNED_INT,
 2389              		.loc 1 776 17
 2390 0914 8337849B 		ld	a5,-1608(s0)
 2391 0918 1387C75D 		addi	a4,a5,1500
 2392 091c 8337849B 		ld	a5,-1608(s0)
 2393 0920 9386075E 		addi	a3,a5,1504
 2394 0924 9307849E 		addi	a5,s0,-1560
 2395 0928 3A86     		mv	a2,a4
 2396 092a 8945     		li	a1,2
 2397 092c 3E85     		mv	a0,a5
 2398 092e 97000000 		call	WPValidateArgType
 2398      E7800000 
 2399 0936 AA87     		mv	a5,a0
 2400 0938 A30FF4FC 		sb	a5,-33(s0)
 777:../src/middleware/bacnet/demo/object/trendlog.c ****                 &wp_data->error_class, &wp_data->error_code);
 778:../src/middleware/bacnet/demo/object/trendlog.c ****             if (status) {
 2401              		.loc 1 778 16
 2402 093c 8347F4FD 		lbu	a5,-33(s0)
 2403 0940 93F7F70F 		andi	a5,a5,0xff
 2404 0944 E9CB     		beq	a5,zero,.L123
 779:../src/middleware/bacnet/demo/object/trendlog.c ****                 CurrentLog->ulIntervalOffset = value.type.Unsigned_Int / 100;
 2405              		.loc 1 779 58
 2406 0946 8327049F 		lw	a5,-1552(s0)
 2407              		.loc 1 779 72
 2408 094a 3E87     		mv	a4,a5
 2409 094c 93074006 		li	a5,100
 2410 0950 BB57F702 		divuw	a5,a4,a5
 2411 0954 1B870700 		sext.w	a4,a5
 2412              		.loc 1 779 46
 2413 0958 833784FC 		ld	a5,-56(s0)
 2414 095c F8D3     		sw	a4,100(a5)
 780:../src/middleware/bacnet/demo/object/trendlog.c ****             }
 781:../src/middleware/bacnet/demo/object/trendlog.c ****             break;
 2415              		.loc 1 781 13
 2416 095e 65A8     		j	.L123
 2417              	.L63:
 782:../src/middleware/bacnet/demo/object/trendlog.c **** 
 783:../src/middleware/bacnet/demo/object/trendlog.c ****         case PROP_TRIGGER:
 784:../src/middleware/bacnet/demo/object/trendlog.c ****             status =
 785:../src/middleware/bacnet/demo/object/trendlog.c ****                 WPValidateArgType(&value, BACNET_APPLICATION_TAG_BOOLEAN,
 2418              		.loc 1 785 17
 2419 0960 8337849B 		ld	a5,-1608(s0)
 2420 0964 1387C75D 		addi	a4,a5,1500
 2421 0968 8337849B 		ld	a5,-1608(s0)
 2422 096c 9386075E 		addi	a3,a5,1504
 2423 0970 9307849E 		addi	a5,s0,-1560
 2424 0974 3A86     		mv	a2,a4
 2425 0976 8545     		li	a1,1
 2426 0978 3E85     		mv	a0,a5
 2427 097a 97000000 		call	WPValidateArgType
 2427      E7800000 
 2428 0982 AA87     		mv	a5,a0
 2429 0984 A30FF4FC 		sb	a5,-33(s0)
 786:../src/middleware/bacnet/demo/object/trendlog.c ****                 &wp_data->error_class, &wp_data->error_code);
 787:../src/middleware/bacnet/demo/object/trendlog.c ****             if (status) {
 2430              		.loc 1 787 16
 2431 0988 8347F4FD 		lbu	a5,-33(s0)
 2432 098c 93F7F70F 		andi	a5,a5,0xff
 2433 0990 C9C7     		beq	a5,zero,.L124
 788:../src/middleware/bacnet/demo/object/trendlog.c ****                 /* We will not allow triggered operation if polling with aligning
 789:../src/middleware/bacnet/demo/object/trendlog.c ****                  * to the clock as that will produce non aligned readings which
 790:../src/middleware/bacnet/demo/object/trendlog.c ****                  * goes against the reason for selscting this mode
 791:../src/middleware/bacnet/demo/object/trendlog.c ****                  */
 792:../src/middleware/bacnet/demo/object/trendlog.c ****                 if ((CurrentLog->LoggingType == LOGGING_TYPE_POLLED) &&
 2434              		.loc 1 792 32
 2435 0992 833784FC 		ld	a5,-56(s0)
 2436 0996 FC4F     		lw	a5,92(a5)
 2437              		.loc 1 792 20
 2438 0998 85E7     		bne	a5,zero,.L109
 793:../src/middleware/bacnet/demo/object/trendlog.c ****                     (CurrentLog->bAlignIntervals == true)) {
 2439              		.loc 1 793 32 discriminator 1
 2440 099a 833784FC 		ld	a5,-56(s0)
 2441 099e 83C70706 		lbu	a5,96(a5)
 792:../src/middleware/bacnet/demo/object/trendlog.c ****                     (CurrentLog->bAlignIntervals == true)) {
 2442              		.loc 1 792 70 discriminator 1
 2443 09a2 99CF     		beq	a5,zero,.L109
 794:../src/middleware/bacnet/demo/object/trendlog.c ****                     wp_data->error_class = ERROR_CLASS_PROPERTY;
 2444              		.loc 1 794 42
 2445 09a4 8337849B 		ld	a5,-1608(s0)
 2446 09a8 0947     		li	a4,2
 2447 09aa 23AEE75C 		sw	a4,1500(a5)
 795:../src/middleware/bacnet/demo/object/trendlog.c ****                     wp_data->error_code =
 2448              		.loc 1 795 41
 2449 09ae 8337849B 		ld	a5,-1608(s0)
 2450 09b2 1307E004 		li	a4,78
 2451 09b6 23A0E75E 		sw	a4,1504(a5)
 796:../src/middleware/bacnet/demo/object/trendlog.c ****                         ERROR_CODE_NOT_CONFIGURED_FOR_TRIGGERED_LOGGING;
 797:../src/middleware/bacnet/demo/object/trendlog.c ****                     status = false;
 2452              		.loc 1 797 28
 2453 09ba A30F04FC 		sb	zero,-33(s0)
 798:../src/middleware/bacnet/demo/object/trendlog.c ****                 } else {
 799:../src/middleware/bacnet/demo/object/trendlog.c ****                     CurrentLog->bTrigger = value.type.Boolean;
 800:../src/middleware/bacnet/demo/object/trendlog.c ****                 }
 801:../src/middleware/bacnet/demo/object/trendlog.c ****             }
 802:../src/middleware/bacnet/demo/object/trendlog.c ****             break;
 2454              		.loc 1 802 13
 2455 09be B1A8     		j	.L124
 2456              	.L109:
 799:../src/middleware/bacnet/demo/object/trendlog.c ****                 }
 2457              		.loc 1 799 54
 2458 09c0 0347049F 		lbu	a4,-1552(s0)
 799:../src/middleware/bacnet/demo/object/trendlog.c ****                 }
 2459              		.loc 1 799 42
 2460 09c4 833784FC 		ld	a5,-56(s0)
 2461 09c8 2384E706 		sb	a4,104(a5)
 2462              		.loc 1 802 13
 2463 09cc B9A0     		j	.L124
 2464              	.L62:
 803:../src/middleware/bacnet/demo/object/trendlog.c **** 
 804:../src/middleware/bacnet/demo/object/trendlog.c ****         default:
 805:../src/middleware/bacnet/demo/object/trendlog.c ****             wp_data->error_class = ERROR_CLASS_PROPERTY;
 2465              		.loc 1 805 34
 2466 09ce 8337849B 		ld	a5,-1608(s0)
 2467 09d2 0947     		li	a4,2
 2468 09d4 23AEE75C 		sw	a4,1500(a5)
 806:../src/middleware/bacnet/demo/object/trendlog.c ****             wp_data->error_code = ERROR_CODE_WRITE_ACCESS_DENIED;
 2469              		.loc 1 806 33
 2470 09d8 8337849B 		ld	a5,-1608(s0)
 2471 09dc 13078002 		li	a4,40
 2472 09e0 23A0E75E 		sw	a4,1504(a5)
 807:../src/middleware/bacnet/demo/object/trendlog.c ****             break;
 2473              		.loc 1 807 13
 2474 09e4 25A8     		j	.L78
 2475              	.L111:
 522:../src/middleware/bacnet/demo/object/trendlog.c **** 
 2476              		.loc 1 522 13
 2477 09e6 0100     		nop
 2478 09e8 15A8     		j	.L78
 2479              	.L112:
 546:../src/middleware/bacnet/demo/object/trendlog.c **** 
 2480              		.loc 1 546 13
 2481 09ea 0100     		nop
 2482 09ec 05A8     		j	.L78
 2483              	.L113:
 570:../src/middleware/bacnet/demo/object/trendlog.c **** 
 2484              		.loc 1 570 13
 2485 09ee 0100     		nop
 2486 09f0 35A0     		j	.L78
 2487              	.L114:
 600:../src/middleware/bacnet/demo/object/trendlog.c **** 
 2488              		.loc 1 600 13
 2489 09f2 0100     		nop
 2490 09f4 25A0     		j	.L78
 2491              	.L115:
 608:../src/middleware/bacnet/demo/object/trendlog.c ****             }
 2492              		.loc 1 608 17
 2493 09f6 0100     		nop
 2494 09f8 15A0     		j	.L78
 2495              	.L116:
 652:../src/middleware/bacnet/demo/object/trendlog.c **** 
 2496              		.loc 1 652 13
 2497 09fa 0100     		nop
 2498 09fc 05A0     		j	.L78
 2499              	.L117:
 621:../src/middleware/bacnet/demo/object/trendlog.c ****                 }
 2500              		.loc 1 621 21
 2501 09fe 0100     		nop
 2502 0a00 31A8     		j	.L78
 2503              	.L118:
 660:../src/middleware/bacnet/demo/object/trendlog.c ****             }
 2504              		.loc 1 660 17
 2505 0a02 0100     		nop
 2506 0a04 21A8     		j	.L78
 2507              	.L119:
 704:../src/middleware/bacnet/demo/object/trendlog.c **** 
 2508              		.loc 1 704 13
 2509 0a06 0100     		nop
 2510 0a08 11A8     		j	.L78
 2511              	.L120:
 673:../src/middleware/bacnet/demo/object/trendlog.c ****                 }
 2512              		.loc 1 673 21
 2513 0a0a 0100     		nop
 2514 0a0c 01A8     		j	.L78
 2515              	.L121:
 762:../src/middleware/bacnet/demo/object/trendlog.c **** 
 2516              		.loc 1 762 13
 2517 0a0e 0100     		nop
 2518 0a10 31A0     		j	.L78
 2519              	.L122:
 771:../src/middleware/bacnet/demo/object/trendlog.c **** 
 2520              		.loc 1 771 13
 2521 0a12 0100     		nop
 2522 0a14 21A0     		j	.L78
 2523              	.L123:
 781:../src/middleware/bacnet/demo/object/trendlog.c **** 
 2524              		.loc 1 781 13
 2525 0a16 0100     		nop
 2526 0a18 11A0     		j	.L78
 2527              	.L124:
 802:../src/middleware/bacnet/demo/object/trendlog.c **** 
 2528              		.loc 1 802 13
 2529 0a1a 0100     		nop
 2530              	.L78:
 808:../src/middleware/bacnet/demo/object/trendlog.c ****     }
 809:../src/middleware/bacnet/demo/object/trendlog.c **** 
 810:../src/middleware/bacnet/demo/object/trendlog.c ****     return status;
 2531              		.loc 1 810 12
 2532 0a1c 8347F4FD 		lbu	a5,-33(s0)
 2533              	.L110:
 811:../src/middleware/bacnet/demo/object/trendlog.c **** }
 2534              		.loc 1 811 1 discriminator 3
 2535 0a20 3E85     		mv	a0,a5
 2536 0a22 83308164 		ld	ra,1608(sp)
 2537              		.cfi_restore 1
 2538 0a26 03340164 		ld	s0,1600(sp)
 2539              		.cfi_restore 8
 2540              		.cfi_def_cfa 2, 1616
 2541 0a2a 83348163 		ld	s1,1592(sp)
 2542              		.cfi_restore 9
 2543 0a2e 13010165 		addi	sp,sp,1616
 2544              		.cfi_def_cfa_offset 0
 2545 0a32 8280     		jr	ra
 2546              		.cfi_endproc
 2547              	.LFE12:
 2549              		.section	.text.TrendLogGetRRInfo,"ax",@progbits
 2550              		.align	1
 2551              		.globl	TrendLogGetRRInfo
 2553              	TrendLogGetRRInfo:
 2554              	.LFB13:
 812:../src/middleware/bacnet/demo/object/trendlog.c **** 
 813:../src/middleware/bacnet/demo/object/trendlog.c **** bool TrendLogGetRRInfo(
 814:../src/middleware/bacnet/demo/object/trendlog.c ****     BACNET_READ_RANGE_DATA * pRequest,  /* Info on the request */
 815:../src/middleware/bacnet/demo/object/trendlog.c ****     RR_PROP_INFO * pInfo)
 816:../src/middleware/bacnet/demo/object/trendlog.c **** {       /* Where to put the information */
 2555              		.loc 1 816 1
 2556              		.cfi_startproc
 2557 0000 7971     		addi	sp,sp,-48
 2558              		.cfi_def_cfa_offset 48
 2559 0002 06F4     		sd	ra,40(sp)
 2560 0004 22F0     		sd	s0,32(sp)
 2561              		.cfi_offset 1, -8
 2562              		.cfi_offset 8, -16
 2563 0006 0018     		addi	s0,sp,48
 2564              		.cfi_def_cfa 8, 0
 2565 0008 233CA4FC 		sd	a0,-40(s0)
 2566 000c 2338B4FC 		sd	a1,-48(s0)
 817:../src/middleware/bacnet/demo/object/trendlog.c ****     int log_index;
 818:../src/middleware/bacnet/demo/object/trendlog.c **** 
 819:../src/middleware/bacnet/demo/object/trendlog.c ****     log_index = Trend_Log_Instance_To_Index(pRequest->object_instance);
 2567              		.loc 1 819 17
 2568 0010 833784FD 		ld	a5,-40(s0)
 2569 0014 DC43     		lw	a5,4(a5)
 2570 0016 3E85     		mv	a0,a5
 2571 0018 97000000 		call	Trend_Log_Instance_To_Index
 2571      E7800000 
 2572 0020 AA87     		mv	a5,a0
 2573 0022 8127     		sext.w	a5,a5
 2574              		.loc 1 819 15
 2575 0024 2326F4FE 		sw	a5,-20(s0)
 820:../src/middleware/bacnet/demo/object/trendlog.c ****     if (log_index >= MAX_TREND_LOGS) {
 2576              		.loc 1 820 8
 2577 0028 8327C4FE 		lw	a5,-20(s0)
 2578 002c 1B870700 		sext.w	a4,a5
 2579 0030 9D47     		li	a5,7
 2580 0032 63DBE700 		ble	a4,a5,.L126
 821:../src/middleware/bacnet/demo/object/trendlog.c ****         pRequest->error_class = ERROR_CLASS_OBJECT;
 2581              		.loc 1 821 31
 2582 0036 833784FD 		ld	a5,-40(s0)
 2583 003a 0547     		li	a4,1
 2584 003c F8C7     		sw	a4,76(a5)
 822:../src/middleware/bacnet/demo/object/trendlog.c ****         pRequest->error_code = ERROR_CODE_UNKNOWN_OBJECT;
 2585              		.loc 1 822 30
 2586 003e 833784FD 		ld	a5,-40(s0)
 2587 0042 7D47     		li	a4,31
 2588 0044 B8CB     		sw	a4,80(a5)
 2589 0046 35A8     		j	.L127
 2590              	.L126:
 823:../src/middleware/bacnet/demo/object/trendlog.c ****     } else if (pRequest->object_property == PROP_LOG_BUFFER) {
 2591              		.loc 1 823 24
 2592 0048 833784FD 		ld	a5,-40(s0)
 2593 004c 9C47     		lw	a5,8(a5)
 2594              		.loc 1 823 15
 2595 004e 3E87     		mv	a4,a5
 2596 0050 93073008 		li	a5,131
 2597 0054 631FF700 		bne	a4,a5,.L128
 824:../src/middleware/bacnet/demo/object/trendlog.c ****         pInfo->RequestTypes = RR_BY_POSITION | RR_BY_TIME | RR_BY_SEQUENCE;
 2598              		.loc 1 824 29
 2599 0058 833704FD 		ld	a5,-48(s0)
 2600 005c 1D47     		li	a4,7
 2601 005e 98C3     		sw	a4,0(a5)
 825:../src/middleware/bacnet/demo/object/trendlog.c ****         pInfo->Handler = rr_trend_log_encode;
 2602              		.loc 1 825 24
 2603 0060 833704FD 		ld	a5,-48(s0)
 2604 0064 17070000 		lla	a4,rr_trend_log_encode
 2604      13070700 
 2605 006c 98E7     		sd	a4,8(a5)
 826:../src/middleware/bacnet/demo/object/trendlog.c ****         return (true);
 2606              		.loc 1 826 16
 2607 006e 8547     		li	a5,1
 2608 0070 11A8     		j	.L129
 2609              	.L128:
 827:../src/middleware/bacnet/demo/object/trendlog.c ****     } else {
 828:../src/middleware/bacnet/demo/object/trendlog.c ****         pRequest->error_class = ERROR_CLASS_SERVICES;
 2610              		.loc 1 828 31
 2611 0072 833784FD 		ld	a5,-40(s0)
 2612 0076 1547     		li	a4,5
 2613 0078 F8C7     		sw	a4,76(a5)
 829:../src/middleware/bacnet/demo/object/trendlog.c ****         pRequest->error_code = ERROR_CODE_PROPERTY_IS_NOT_A_LIST;
 2614              		.loc 1 829 30
 2615 007a 833784FD 		ld	a5,-40(s0)
 2616 007e 5947     		li	a4,22
 2617 0080 B8CB     		sw	a4,80(a5)
 2618              	.L127:
 830:../src/middleware/bacnet/demo/object/trendlog.c ****     }
 831:../src/middleware/bacnet/demo/object/trendlog.c **** 
 832:../src/middleware/bacnet/demo/object/trendlog.c ****     return (false);
 2619              		.loc 1 832 12
 2620 0082 8147     		li	a5,0
 2621              	.L129:
 833:../src/middleware/bacnet/demo/object/trendlog.c **** }
 2622              		.loc 1 833 1
 2623 0084 3E85     		mv	a0,a5
 2624 0086 A270     		ld	ra,40(sp)
 2625              		.cfi_restore 1
 2626 0088 0274     		ld	s0,32(sp)
 2627              		.cfi_restore 8
 2628              		.cfi_def_cfa 2, 48
 2629 008a 4561     		addi	sp,sp,48
 2630              		.cfi_def_cfa_offset 0
 2631 008c 8280     		jr	ra
 2632              		.cfi_endproc
 2633              	.LFE13:
 2635              		.section	.text.TL_Insert_Status_Rec,"ax",@progbits
 2636              		.align	1
 2637              		.globl	TL_Insert_Status_Rec
 2639              	TL_Insert_Status_Rec:
 2640              	.LFB14:
 834:../src/middleware/bacnet/demo/object/trendlog.c **** 
 835:../src/middleware/bacnet/demo/object/trendlog.c **** /*****************************************************************************
 836:../src/middleware/bacnet/demo/object/trendlog.c ****  * Insert a status record into a trend log - does not check for enable/log   *
 837:../src/middleware/bacnet/demo/object/trendlog.c ****  * full, time slots and so on as these type of entries have to go in         *
 838:../src/middleware/bacnet/demo/object/trendlog.c ****  * irrespective of such things which means that valid readings may get       *
 839:../src/middleware/bacnet/demo/object/trendlog.c ****  * pushed out of the log to make room.                                       *
 840:../src/middleware/bacnet/demo/object/trendlog.c ****  *****************************************************************************/
 841:../src/middleware/bacnet/demo/object/trendlog.c **** 
 842:../src/middleware/bacnet/demo/object/trendlog.c **** void TL_Insert_Status_Rec(
 843:../src/middleware/bacnet/demo/object/trendlog.c ****     int iLog,
 844:../src/middleware/bacnet/demo/object/trendlog.c ****     BACNET_LOG_STATUS eStatus,
 845:../src/middleware/bacnet/demo/object/trendlog.c ****     bool bState)
 846:../src/middleware/bacnet/demo/object/trendlog.c **** {
 2641              		.loc 1 846 1
 2642              		.cfi_startproc
 2643 0000 3971     		addi	sp,sp,-64
 2644              		.cfi_def_cfa_offset 64
 2645 0002 06FC     		sd	ra,56(sp)
 2646 0004 22F8     		sd	s0,48(sp)
 2647              		.cfi_offset 1, -8
 2648              		.cfi_offset 8, -16
 2649 0006 8000     		addi	s0,sp,64
 2650              		.cfi_def_cfa 8, 0
 2651 0008 AA87     		mv	a5,a0
 2652 000a AE86     		mv	a3,a1
 2653 000c 3287     		mv	a4,a2
 2654 000e 2326F4FC 		sw	a5,-52(s0)
 2655 0012 B687     		mv	a5,a3
 2656 0014 2324F4FC 		sw	a5,-56(s0)
 2657 0018 BA87     		mv	a5,a4
 2658 001a A303F4FC 		sb	a5,-57(s0)
 847:../src/middleware/bacnet/demo/object/trendlog.c ****     TL_LOG_INFO *CurrentLog;
 848:../src/middleware/bacnet/demo/object/trendlog.c ****     TL_DATA_REC TempRec;
 849:../src/middleware/bacnet/demo/object/trendlog.c **** 
 850:../src/middleware/bacnet/demo/object/trendlog.c ****     CurrentLog = &LogInfo[iLog];
 2659              		.loc 1 850 16
 2660 001e 0327C4FC 		lw	a4,-52(s0)
 2661 0022 BA87     		mv	a5,a4
 2662 0024 9207     		slli	a5,a5,4
 2663 0026 998F     		sub	a5,a5,a4
 2664 0028 8E07     		slli	a5,a5,3
 2665 002a 17070000 		lla	a4,LogInfo
 2665      13070700 
 2666 0032 BA97     		add	a5,a5,a4
 2667 0034 2334F4FE 		sd	a5,-24(s0)
 851:../src/middleware/bacnet/demo/object/trendlog.c **** 
 852:../src/middleware/bacnet/demo/object/trendlog.c ****     TempRec.tTimeStamp = time(NULL);
 2668              		.loc 1 852 26
 2669 0038 0145     		li	a0,0
 2670 003a 97000000 		call	time
 2670      E7800000 
 2671 0042 AA87     		mv	a5,a0
 2672              		.loc 1 852 24
 2673 0044 2338F4FC 		sd	a5,-48(s0)
 853:../src/middleware/bacnet/demo/object/trendlog.c ****     TempRec.ucRecType = TL_TYPE_STATUS;
 2674              		.loc 1 853 23
 2675 0048 230C04FC 		sb	zero,-40(s0)
 854:../src/middleware/bacnet/demo/object/trendlog.c ****     TempRec.ucStatus = 0;
 2676              		.loc 1 854 22
 2677 004c A30C04FC 		sb	zero,-39(s0)
 855:../src/middleware/bacnet/demo/object/trendlog.c ****     TempRec.Datum.ucLogStatus = 0;
 2678              		.loc 1 855 31
 2679 0050 230E04FC 		sb	zero,-36(s0)
 856:../src/middleware/bacnet/demo/object/trendlog.c ****     /* Note we set the bits in correct order so that we can place them directly
 857:../src/middleware/bacnet/demo/object/trendlog.c ****      * into the bitstring structure later on when we have to encode them */
 858:../src/middleware/bacnet/demo/object/trendlog.c ****     switch (eStatus) {
 2680              		.loc 1 858 5
 2681 0054 832784FC 		lw	a5,-56(s0)
 2682 0058 1B870700 		sext.w	a4,a5
 2683 005c 8547     		li	a5,1
 2684 005e 6307F702 		beq	a4,a5,.L131
 2685 0062 832784FC 		lw	a5,-56(s0)
 2686 0066 8127     		sext.w	a5,a5
 2687 0068 89CB     		beq	a5,zero,.L132
 2688 006a 832784FC 		lw	a5,-56(s0)
 2689 006e 1B870700 		sext.w	a4,a5
 2690 0072 8947     		li	a5,2
 2691 0074 6305F702 		beq	a4,a5,.L133
 859:../src/middleware/bacnet/demo/object/trendlog.c ****         case LOG_STATUS_LOG_DISABLED:
 860:../src/middleware/bacnet/demo/object/trendlog.c ****             if (bState)
 861:../src/middleware/bacnet/demo/object/trendlog.c ****                 TempRec.Datum.ucLogStatus = 1 << LOG_STATUS_LOG_DISABLED;
 862:../src/middleware/bacnet/demo/object/trendlog.c ****             break;
 863:../src/middleware/bacnet/demo/object/trendlog.c ****         case LOG_STATUS_BUFFER_PURGED:
 864:../src/middleware/bacnet/demo/object/trendlog.c ****             if (bState)
 865:../src/middleware/bacnet/demo/object/trendlog.c ****                 TempRec.Datum.ucLogStatus = 1 << LOG_STATUS_BUFFER_PURGED;
 866:../src/middleware/bacnet/demo/object/trendlog.c ****             break;
 867:../src/middleware/bacnet/demo/object/trendlog.c ****         case LOG_STATUS_LOG_INTERRUPTED:
 868:../src/middleware/bacnet/demo/object/trendlog.c ****             TempRec.Datum.ucLogStatus = 1 << LOG_STATUS_LOG_INTERRUPTED;
 869:../src/middleware/bacnet/demo/object/trendlog.c ****             break;
 870:../src/middleware/bacnet/demo/object/trendlog.c ****         default:
 871:../src/middleware/bacnet/demo/object/trendlog.c ****             break;
 2692              		.loc 1 871 13
 2693 0078 15A8     		j	.L136
 2694              	.L132:
 860:../src/middleware/bacnet/demo/object/trendlog.c ****                 TempRec.Datum.ucLogStatus = 1 << LOG_STATUS_LOG_DISABLED;
 2695              		.loc 1 860 16
 2696 007a 834774FC 		lbu	a5,-57(s0)
 2697 007e 93F7F70F 		andi	a5,a5,0xff
 2698 0082 95C3     		beq	a5,zero,.L140
 861:../src/middleware/bacnet/demo/object/trendlog.c ****             break;
 2699              		.loc 1 861 43
 2700 0084 8547     		li	a5,1
 2701 0086 230EF4FC 		sb	a5,-36(s0)
 862:../src/middleware/bacnet/demo/object/trendlog.c ****         case LOG_STATUS_BUFFER_PURGED:
 2702              		.loc 1 862 13
 2703 008a 31A8     		j	.L140
 2704              	.L131:
 864:../src/middleware/bacnet/demo/object/trendlog.c ****                 TempRec.Datum.ucLogStatus = 1 << LOG_STATUS_BUFFER_PURGED;
 2705              		.loc 1 864 16
 2706 008c 834774FC 		lbu	a5,-57(s0)
 2707 0090 93F7F70F 		andi	a5,a5,0xff
 2708 0094 99CB     		beq	a5,zero,.L141
 865:../src/middleware/bacnet/demo/object/trendlog.c ****             break;
 2709              		.loc 1 865 43
 2710 0096 8947     		li	a5,2
 2711 0098 230EF4FC 		sb	a5,-36(s0)
 866:../src/middleware/bacnet/demo/object/trendlog.c ****         case LOG_STATUS_LOG_INTERRUPTED:
 2712              		.loc 1 866 13
 2713 009c 39A0     		j	.L141
 2714              	.L133:
 868:../src/middleware/bacnet/demo/object/trendlog.c ****             break;
 2715              		.loc 1 868 39
 2716 009e 9147     		li	a5,4
 2717 00a0 230EF4FC 		sb	a5,-36(s0)
 869:../src/middleware/bacnet/demo/object/trendlog.c ****         default:
 2718              		.loc 1 869 13
 2719 00a4 21A0     		j	.L136
 2720              	.L140:
 862:../src/middleware/bacnet/demo/object/trendlog.c ****         case LOG_STATUS_BUFFER_PURGED:
 2721              		.loc 1 862 13
 2722 00a6 0100     		nop
 2723 00a8 11A0     		j	.L136
 2724              	.L141:
 866:../src/middleware/bacnet/demo/object/trendlog.c ****         case LOG_STATUS_LOG_INTERRUPTED:
 2725              		.loc 1 866 13
 2726 00aa 0100     		nop
 2727              	.L136:
 872:../src/middleware/bacnet/demo/object/trendlog.c ****     }
 873:../src/middleware/bacnet/demo/object/trendlog.c **** 
 874:../src/middleware/bacnet/demo/object/trendlog.c ****     Logs[iLog][CurrentLog->iIndex++] = TempRec;
 2728              		.loc 1 874 26
 2729 00ac 833784FE 		ld	a5,-24(s0)
 2730 00b0 F857     		lw	a4,108(a5)
 2731              		.loc 1 874 34
 2732 00b2 9B071700 		addiw	a5,a4,1
 2733 00b6 9B860700 		sext.w	a3,a5
 2734 00ba 833784FE 		ld	a5,-24(s0)
 2735 00be F4D7     		sw	a3,108(a5)
 2736              		.loc 1 874 38
 2737 00c0 97060000 		lla	a3,Logs
 2737      93860600 
 2738 00c8 0326C4FC 		lw	a2,-52(s0)
 2739 00cc BA87     		mv	a5,a4
 2740 00ce 8607     		slli	a5,a5,1
 2741 00d0 BA97     		add	a5,a5,a4
 2742 00d2 8E07     		slli	a5,a5,3
 2743 00d4 1967     		li	a4,24576
 2744 00d6 130707DC 		addi	a4,a4,-576
 2745 00da 3307E602 		mul	a4,a2,a4
 2746 00de BA97     		add	a5,a5,a4
 2747 00e0 B697     		add	a5,a3,a5
 2748 00e2 033704FD 		ld	a4,-48(s0)
 2749 00e6 98E3     		sd	a4,0(a5)
 2750 00e8 033784FD 		ld	a4,-40(s0)
 2751 00ec 98E7     		sd	a4,8(a5)
 2752 00ee 033704FE 		ld	a4,-32(s0)
 2753 00f2 98EB     		sd	a4,16(a5)
 875:../src/middleware/bacnet/demo/object/trendlog.c ****     if (CurrentLog->iIndex >= TL_MAX_ENTRIES)
 2754              		.loc 1 875 19
 2755 00f4 833784FE 		ld	a5,-24(s0)
 2756 00f8 FC57     		lw	a5,108(a5)
 2757              		.loc 1 875 8
 2758 00fa 3E87     		mv	a4,a5
 2759 00fc 9307703E 		li	a5,999
 2760 0100 63D6E700 		ble	a4,a5,.L138
 876:../src/middleware/bacnet/demo/object/trendlog.c ****         CurrentLog->iIndex = 0;
 2761              		.loc 1 876 28
 2762 0104 833784FE 		ld	a5,-24(s0)
 2763 0108 23A60706 		sw	zero,108(a5)
 2764              	.L138:
 877:../src/middleware/bacnet/demo/object/trendlog.c **** 
 878:../src/middleware/bacnet/demo/object/trendlog.c ****     CurrentLog->ulTotalRecordCount++;
 2765              		.loc 1 878 15
 2766 010c 833784FE 		ld	a5,-24(s0)
 2767 0110 BC4F     		lw	a5,88(a5)
 2768              		.loc 1 878 35
 2769 0112 8527     		addiw	a5,a5,1
 2770 0114 1B870700 		sext.w	a4,a5
 2771 0118 833784FE 		ld	a5,-24(s0)
 2772 011c B8CF     		sw	a4,88(a5)
 879:../src/middleware/bacnet/demo/object/trendlog.c **** 
 880:../src/middleware/bacnet/demo/object/trendlog.c ****     if (CurrentLog->ulRecordCount < TL_MAX_ENTRIES)
 2773              		.loc 1 880 19
 2774 011e 833784FE 		ld	a5,-24(s0)
 2775 0122 FC4B     		lw	a5,84(a5)
 2776              		.loc 1 880 8
 2777 0124 3E87     		mv	a4,a5
 2778 0126 9307703E 		li	a5,999
 2779 012a 63EBE700 		bgtu	a4,a5,.L142
 881:../src/middleware/bacnet/demo/object/trendlog.c ****         CurrentLog->ulRecordCount++;
 2780              		.loc 1 881 19
 2781 012e 833784FE 		ld	a5,-24(s0)
 2782 0132 FC4B     		lw	a5,84(a5)
 2783              		.loc 1 881 34
 2784 0134 8527     		addiw	a5,a5,1
 2785 0136 1B870700 		sext.w	a4,a5
 2786 013a 833784FE 		ld	a5,-24(s0)
 2787 013e F8CB     		sw	a4,84(a5)
 2788              	.L142:
 882:../src/middleware/bacnet/demo/object/trendlog.c **** }
 2789              		.loc 1 882 1
 2790 0140 0100     		nop
 2791 0142 E270     		ld	ra,56(sp)
 2792              		.cfi_restore 1
 2793 0144 4274     		ld	s0,48(sp)
 2794              		.cfi_restore 8
 2795              		.cfi_def_cfa 2, 64
 2796 0146 2161     		addi	sp,sp,64
 2797              		.cfi_def_cfa_offset 0
 2798 0148 8280     		jr	ra
 2799              		.cfi_endproc
 2800              	.LFE14:
 2802              		.section	.text.TL_Is_Enabled,"ax",@progbits
 2803              		.align	1
 2804              		.globl	TL_Is_Enabled
 2806              	TL_Is_Enabled:
 2807              	.LFB15:
 883:../src/middleware/bacnet/demo/object/trendlog.c **** 
 884:../src/middleware/bacnet/demo/object/trendlog.c **** /*****************************************************************************
 885:../src/middleware/bacnet/demo/object/trendlog.c ****  * Use the combination of the enable flag and the enable times to determine  *
 886:../src/middleware/bacnet/demo/object/trendlog.c ****  * if the log is really enabled now. See 135-2008 sections 12.25.5 - 12.25.7 *
 887:../src/middleware/bacnet/demo/object/trendlog.c ****  *****************************************************************************/
 888:../src/middleware/bacnet/demo/object/trendlog.c **** 
 889:../src/middleware/bacnet/demo/object/trendlog.c **** bool TL_Is_Enabled(
 890:../src/middleware/bacnet/demo/object/trendlog.c ****     int iLog)
 891:../src/middleware/bacnet/demo/object/trendlog.c **** {
 2808              		.loc 1 891 1
 2809              		.cfi_startproc
 2810 0000 3971     		addi	sp,sp,-64
 2811              		.cfi_def_cfa_offset 64
 2812 0002 06FC     		sd	ra,56(sp)
 2813 0004 22F8     		sd	s0,48(sp)
 2814              		.cfi_offset 1, -8
 2815              		.cfi_offset 8, -16
 2816 0006 8000     		addi	s0,sp,64
 2817              		.cfi_def_cfa 8, 0
 2818 0008 AA87     		mv	a5,a0
 2819 000a 2326F4FC 		sw	a5,-52(s0)
 892:../src/middleware/bacnet/demo/object/trendlog.c ****     TL_LOG_INFO *CurrentLog;
 893:../src/middleware/bacnet/demo/object/trendlog.c ****     time_t tNow;
 894:../src/middleware/bacnet/demo/object/trendlog.c ****     bool bStatus;
 895:../src/middleware/bacnet/demo/object/trendlog.c **** 
 896:../src/middleware/bacnet/demo/object/trendlog.c ****     bStatus = true;
 2820              		.loc 1 896 13
 2821 000e 8547     		li	a5,1
 2822 0010 A307F4FE 		sb	a5,-17(s0)
 897:../src/middleware/bacnet/demo/object/trendlog.c ****     CurrentLog = &LogInfo[iLog];
 2823              		.loc 1 897 16
 2824 0014 0327C4FC 		lw	a4,-52(s0)
 2825 0018 BA87     		mv	a5,a4
 2826 001a 9207     		slli	a5,a5,4
 2827 001c 998F     		sub	a5,a5,a4
 2828 001e 8E07     		slli	a5,a5,3
 2829 0020 17070000 		lla	a4,LogInfo
 2829      13070700 
 2830 0028 BA97     		add	a5,a5,a4
 2831 002a 2330F4FE 		sd	a5,-32(s0)
 898:../src/middleware/bacnet/demo/object/trendlog.c **** #if 0
 899:../src/middleware/bacnet/demo/object/trendlog.c ****     printf("\nFlags - %u, Start - %u, Stop - %u\n",
 900:../src/middleware/bacnet/demo/object/trendlog.c ****         (unsigned int) CurrentLog->ucTimeFlags,
 901:../src/middleware/bacnet/demo/object/trendlog.c ****         (unsigned int) CurrentLog->tStartTime,
 902:../src/middleware/bacnet/demo/object/trendlog.c ****         (unsigned int) CurrentLog->tStopTime);
 903:../src/middleware/bacnet/demo/object/trendlog.c **** #endif
 904:../src/middleware/bacnet/demo/object/trendlog.c ****     if (CurrentLog->bEnable == false) {
 2832              		.loc 1 904 19
 2833 002e 833704FE 		ld	a5,-32(s0)
 2834 0032 83C70700 		lbu	a5,0(a5)
 2835              		.loc 1 904 29
 2836 0036 93C71700 		xori	a5,a5,1
 2837 003a 93F7F70F 		andi	a5,a5,0xff
 2838              		.loc 1 904 8
 2839 003e 81C7     		beq	a5,zero,.L144
 905:../src/middleware/bacnet/demo/object/trendlog.c ****         /* Not enabled so time is irrelevant */
 906:../src/middleware/bacnet/demo/object/trendlog.c ****         bStatus = false;
 2840              		.loc 1 906 17
 2841 0040 A30704FE 		sb	zero,-17(s0)
 2842 0044 65A0     		j	.L145
 2843              	.L144:
 907:../src/middleware/bacnet/demo/object/trendlog.c ****     } else if ((CurrentLog->ucTimeFlags == 0) &&
 2844              		.loc 1 907 27
 2845 0046 833704FE 		ld	a5,-32(s0)
 2846 004a 83C70703 		lbu	a5,48(a5)
 2847              		.loc 1 907 15
 2848 004e 81EF     		bne	a5,zero,.L146
 908:../src/middleware/bacnet/demo/object/trendlog.c ****         (CurrentLog->tStopTime < CurrentLog->tStartTime)) {
 2849              		.loc 1 908 20 discriminator 1
 2850 0050 833704FE 		ld	a5,-32(s0)
 2851 0054 9877     		ld	a4,40(a5)
 2852              		.loc 1 908 44 discriminator 1
 2853 0056 833704FE 		ld	a5,-32(s0)
 2854 005a 9C6B     		ld	a5,16(a5)
 907:../src/middleware/bacnet/demo/object/trendlog.c ****     } else if ((CurrentLog->ucTimeFlags == 0) &&
 2855              		.loc 1 907 47 discriminator 1
 2856 005c 6355F700 		bge	a4,a5,.L146
 909:../src/middleware/bacnet/demo/object/trendlog.c ****         /* Start time was after stop time as per 12.25.6 and 12.25.7 */
 910:../src/middleware/bacnet/demo/object/trendlog.c ****         bStatus = false;
 2857              		.loc 1 910 17
 2858 0060 A30704FE 		sb	zero,-17(s0)
 2859 0064 61A0     		j	.L145
 2860              	.L146:
 911:../src/middleware/bacnet/demo/object/trendlog.c ****     } else if (CurrentLog->ucTimeFlags != (TL_T_START_WILD | TL_T_STOP_WILD)) {
 2861              		.loc 1 911 26
 2862 0066 833704FE 		ld	a5,-32(s0)
 2863 006a 83C70703 		lbu	a5,48(a5)
 2864              		.loc 1 911 15
 2865 006e 3E87     		mv	a4,a5
 2866 0070 8D47     		li	a5,3
 2867 0072 630DF706 		beq	a4,a5,.L145
 912:../src/middleware/bacnet/demo/object/trendlog.c ****         /* enabled and either 1 wild card or none */
 913:../src/middleware/bacnet/demo/object/trendlog.c ****         tNow = time(NULL);
 2868              		.loc 1 913 16
 2869 0076 0145     		li	a0,0
 2870 0078 97000000 		call	time
 2870      E7800000 
 2871 0080 233CA4FC 		sd	a0,-40(s0)
 914:../src/middleware/bacnet/demo/object/trendlog.c **** #if 0
 915:../src/middleware/bacnet/demo/object/trendlog.c ****         printf("\nFlags - %u, Current - %u, Start - %u, Stop - %u\n",
 916:../src/middleware/bacnet/demo/object/trendlog.c ****             (unsigned int) CurrentLog->ucTimeFlags, (unsigned int) Now,
 917:../src/middleware/bacnet/demo/object/trendlog.c ****             (unsigned int) CurrentLog->tStartTime,
 918:../src/middleware/bacnet/demo/object/trendlog.c ****             (unsigned int) CurrentLog->tStopTime);
 919:../src/middleware/bacnet/demo/object/trendlog.c **** #endif
 920:../src/middleware/bacnet/demo/object/trendlog.c ****         if ((CurrentLog->ucTimeFlags & TL_T_START_WILD) != 0) {
 2872              		.loc 1 920 24
 2873 0084 833704FE 		ld	a5,-32(s0)
 2874 0088 83C70703 		lbu	a5,48(a5)
 2875              		.loc 1 920 38
 2876 008c 8127     		sext.w	a5,a5
 2877 008e 858B     		andi	a5,a5,1
 2878 0090 8127     		sext.w	a5,a5
 2879              		.loc 1 920 12
 2880 0092 99CB     		beq	a5,zero,.L147
 921:../src/middleware/bacnet/demo/object/trendlog.c ****             /* wild card start time */
 922:../src/middleware/bacnet/demo/object/trendlog.c ****             if (tNow > CurrentLog->tStopTime)
 2881              		.loc 1 922 34
 2882 0094 833704FE 		ld	a5,-32(s0)
 2883 0098 9C77     		ld	a5,40(a5)
 2884              		.loc 1 922 16
 2885 009a 033784FD 		ld	a4,-40(s0)
 2886 009e 63D7E704 		ble	a4,a5,.L145
 923:../src/middleware/bacnet/demo/object/trendlog.c ****                 bStatus = false;
 2887              		.loc 1 923 25
 2888 00a2 A30704FE 		sb	zero,-17(s0)
 2889 00a6 99A0     		j	.L145
 2890              	.L147:
 924:../src/middleware/bacnet/demo/object/trendlog.c ****         } else if ((CurrentLog->ucTimeFlags & TL_T_STOP_WILD) != 0) {
 2891              		.loc 1 924 31
 2892 00a8 833704FE 		ld	a5,-32(s0)
 2893 00ac 83C70703 		lbu	a5,48(a5)
 2894              		.loc 1 924 45
 2895 00b0 8127     		sext.w	a5,a5
 2896 00b2 898B     		andi	a5,a5,2
 2897 00b4 8127     		sext.w	a5,a5
 2898              		.loc 1 924 19
 2899 00b6 99CB     		beq	a5,zero,.L149
 925:../src/middleware/bacnet/demo/object/trendlog.c ****             /* wild card stop time */
 926:../src/middleware/bacnet/demo/object/trendlog.c ****             if (tNow < CurrentLog->tStartTime)
 2900              		.loc 1 926 34
 2901 00b8 833704FE 		ld	a5,-32(s0)
 2902 00bc 9C6B     		ld	a5,16(a5)
 2903              		.loc 1 926 16
 2904 00be 033784FD 		ld	a4,-40(s0)
 2905 00c2 6355F702 		bge	a4,a5,.L145
 927:../src/middleware/bacnet/demo/object/trendlog.c ****                 bStatus = false;
 2906              		.loc 1 927 25
 2907 00c6 A30704FE 		sb	zero,-17(s0)
 2908 00ca 0DA0     		j	.L145
 2909              	.L149:
 928:../src/middleware/bacnet/demo/object/trendlog.c ****         } else {
 929:../src/middleware/bacnet/demo/object/trendlog.c **** #if 0
 930:../src/middleware/bacnet/demo/object/trendlog.c ****             printf("\nCurrent - %u, Start - %u, Stop - %u\n",
 931:../src/middleware/bacnet/demo/object/trendlog.c ****                 (unsigned int) Now, (unsigned int) CurrentLog->tStartTime,
 932:../src/middleware/bacnet/demo/object/trendlog.c ****                 (unsigned int) CurrentLog->tStopTime);
 933:../src/middleware/bacnet/demo/object/trendlog.c **** #endif
 934:../src/middleware/bacnet/demo/object/trendlog.c ****             /* No wildcards so use both times */
 935:../src/middleware/bacnet/demo/object/trendlog.c ****             if ((tNow < CurrentLog->tStartTime) ||
 2910              		.loc 1 935 35
 2911 00cc 833704FE 		ld	a5,-32(s0)
 2912 00d0 9C6B     		ld	a5,16(a5)
 2913              		.loc 1 935 16
 2914 00d2 033784FD 		ld	a4,-40(s0)
 2915 00d6 6349F700 		blt	a4,a5,.L151
 936:../src/middleware/bacnet/demo/object/trendlog.c ****                 (tNow > CurrentLog->tStopTime))
 2916              		.loc 1 936 35 discriminator 1
 2917 00da 833704FE 		ld	a5,-32(s0)
 2918 00de 9C77     		ld	a5,40(a5)
 935:../src/middleware/bacnet/demo/object/trendlog.c ****                 (tNow > CurrentLog->tStopTime))
 2919              		.loc 1 935 49 discriminator 1
 2920 00e0 033784FD 		ld	a4,-40(s0)
 2921 00e4 63D4E700 		ble	a4,a5,.L145
 2922              	.L151:
 937:../src/middleware/bacnet/demo/object/trendlog.c ****                 bStatus = false;
 2923              		.loc 1 937 25
 2924 00e8 A30704FE 		sb	zero,-17(s0)
 2925              	.L145:
 938:../src/middleware/bacnet/demo/object/trendlog.c ****         }
 939:../src/middleware/bacnet/demo/object/trendlog.c ****     }
 940:../src/middleware/bacnet/demo/object/trendlog.c **** 
 941:../src/middleware/bacnet/demo/object/trendlog.c ****     return (bStatus);
 2926              		.loc 1 941 12
 2927 00ec 8347F4FE 		lbu	a5,-17(s0)
 942:../src/middleware/bacnet/demo/object/trendlog.c **** }
 2928              		.loc 1 942 1
 2929 00f0 3E85     		mv	a0,a5
 2930 00f2 E270     		ld	ra,56(sp)
 2931              		.cfi_restore 1
 2932 00f4 4274     		ld	s0,48(sp)
 2933              		.cfi_restore 8
 2934              		.cfi_def_cfa 2, 64
 2935 00f6 2161     		addi	sp,sp,64
 2936              		.cfi_def_cfa_offset 0
 2937 00f8 8280     		jr	ra
 2938              		.cfi_endproc
 2939              	.LFE15:
 2941              		.section	.text.TL_BAC_Time_To_Local,"ax",@progbits
 2942              		.align	1
 2943              		.globl	TL_BAC_Time_To_Local
 2945              	TL_BAC_Time_To_Local:
 2946              	.LFB16:
 943:../src/middleware/bacnet/demo/object/trendlog.c **** 
 944:../src/middleware/bacnet/demo/object/trendlog.c **** /*****************************************************************************
 945:../src/middleware/bacnet/demo/object/trendlog.c ****  * Convert a BACnet time into a local time in seconds since the local epoch  *
 946:../src/middleware/bacnet/demo/object/trendlog.c ****  *****************************************************************************/
 947:../src/middleware/bacnet/demo/object/trendlog.c **** 
 948:../src/middleware/bacnet/demo/object/trendlog.c **** time_t TL_BAC_Time_To_Local(
 949:../src/middleware/bacnet/demo/object/trendlog.c ****     BACNET_DATE_TIME * SourceTime)
 950:../src/middleware/bacnet/demo/object/trendlog.c **** {
 2947              		.loc 1 950 1
 2948              		.cfi_startproc
 2949 0000 5D71     		addi	sp,sp,-80
 2950              		.cfi_def_cfa_offset 80
 2951 0002 86E4     		sd	ra,72(sp)
 2952 0004 A2E0     		sd	s0,64(sp)
 2953              		.cfi_offset 1, -8
 2954              		.cfi_offset 8, -16
 2955 0006 8008     		addi	s0,sp,80
 2956              		.cfi_def_cfa 8, 0
 2957 0008 233CA4FA 		sd	a0,-72(s0)
 951:../src/middleware/bacnet/demo/object/trendlog.c ****     struct tm LocalTime;
 952:../src/middleware/bacnet/demo/object/trendlog.c ****     int iTemp;
 953:../src/middleware/bacnet/demo/object/trendlog.c **** 
 954:../src/middleware/bacnet/demo/object/trendlog.c ****     LocalTime.tm_year = SourceTime->date.year - 1900;   /* We store BACnet year in full format */
 2958              		.loc 1 954 41
 2959 000c 833784FB 		ld	a5,-72(s0)
 2960 0010 83D70700 		lhu	a5,0(a5)
 2961 0014 8127     		sext.w	a5,a5
 2962              		.loc 1 954 47
 2963 0016 9B874789 		addiw	a5,a5,-1900
 2964 001a 8127     		sext.w	a5,a5
 2965              		.loc 1 954 23
 2966 001c 232EF4FC 		sw	a5,-36(s0)
 955:../src/middleware/bacnet/demo/object/trendlog.c ****     /* Some clients send a date of all 0s to indicate start of epoch
 956:../src/middleware/bacnet/demo/object/trendlog.c ****      * even though this is not a valid date. Pick this up here and
 957:../src/middleware/bacnet/demo/object/trendlog.c ****      * correct the day and month for the local time functions.
 958:../src/middleware/bacnet/demo/object/trendlog.c ****      */
 959:../src/middleware/bacnet/demo/object/trendlog.c ****     iTemp =
 960:../src/middleware/bacnet/demo/object/trendlog.c ****         SourceTime->date.year + SourceTime->date.month + SourceTime->date.day;
 2967              		.loc 1 960 25
 2968 0020 833784FB 		ld	a5,-72(s0)
 2969 0024 83D70700 		lhu	a5,0(a5)
 2970 0028 1B870700 		sext.w	a4,a5
 2971              		.loc 1 960 49
 2972 002c 833784FB 		ld	a5,-72(s0)
 2973 0030 83C72700 		lbu	a5,2(a5)
 2974 0034 8127     		sext.w	a5,a5
 2975              		.loc 1 960 31
 2976 0036 B99F     		addw	a5,a4,a5
 2977 0038 1B870700 		sext.w	a4,a5
 2978              		.loc 1 960 74
 2979 003c 833784FB 		ld	a5,-72(s0)
 2980 0040 83C73700 		lbu	a5,3(a5)
 2981 0044 8127     		sext.w	a5,a5
 959:../src/middleware/bacnet/demo/object/trendlog.c ****         SourceTime->date.year + SourceTime->date.month + SourceTime->date.day;
 2982              		.loc 1 959 11
 2983 0046 B99F     		addw	a5,a4,a5
 2984 0048 2326F4FE 		sw	a5,-20(s0)
 961:../src/middleware/bacnet/demo/object/trendlog.c ****     if (iTemp == 1900) {
 2985              		.loc 1 961 8
 2986 004c 8327C4FE 		lw	a5,-20(s0)
 2987 0050 1B870700 		sext.w	a4,a5
 2988 0054 9307C076 		li	a5,1900
 2989 0058 6318F700 		bne	a4,a5,.L154
 962:../src/middleware/bacnet/demo/object/trendlog.c ****         LocalTime.tm_mon = 0;
 2990              		.loc 1 962 26
 2991 005c 232C04FC 		sw	zero,-40(s0)
 963:../src/middleware/bacnet/demo/object/trendlog.c ****         LocalTime.tm_mday = 1;
 2992              		.loc 1 963 27
 2993 0060 8547     		li	a5,1
 2994 0062 232AF4FC 		sw	a5,-44(s0)
 2995 0066 0DA0     		j	.L155
 2996              	.L154:
 964:../src/middleware/bacnet/demo/object/trendlog.c ****     } else {
 965:../src/middleware/bacnet/demo/object/trendlog.c ****         LocalTime.tm_mon = SourceTime->date.month - 1;
 2997              		.loc 1 965 44
 2998 0068 833784FB 		ld	a5,-72(s0)
 2999 006c 83C72700 		lbu	a5,2(a5)
 3000 0070 8127     		sext.w	a5,a5
 3001              		.loc 1 965 51
 3002 0072 FD37     		addiw	a5,a5,-1
 3003 0074 8127     		sext.w	a5,a5
 3004              		.loc 1 965 26
 3005 0076 232CF4FC 		sw	a5,-40(s0)
 966:../src/middleware/bacnet/demo/object/trendlog.c ****         LocalTime.tm_mday = SourceTime->date.day;
 3006              		.loc 1 966 45
 3007 007a 833784FB 		ld	a5,-72(s0)
 3008 007e 83C73700 		lbu	a5,3(a5)
 3009 0082 8127     		sext.w	a5,a5
 3010              		.loc 1 966 27
 3011 0084 232AF4FC 		sw	a5,-44(s0)
 3012              	.L155:
 967:../src/middleware/bacnet/demo/object/trendlog.c ****     }
 968:../src/middleware/bacnet/demo/object/trendlog.c **** 
 969:../src/middleware/bacnet/demo/object/trendlog.c ****     LocalTime.tm_hour = SourceTime->time.hour;
 3013              		.loc 1 969 41
 3014 0088 833784FB 		ld	a5,-72(s0)
 3015 008c 83C76700 		lbu	a5,6(a5)
 3016 0090 8127     		sext.w	a5,a5
 3017              		.loc 1 969 23
 3018 0092 2328F4FC 		sw	a5,-48(s0)
 970:../src/middleware/bacnet/demo/object/trendlog.c ****     LocalTime.tm_min = SourceTime->time.min;
 3019              		.loc 1 970 40
 3020 0096 833784FB 		ld	a5,-72(s0)
 3021 009a 83C77700 		lbu	a5,7(a5)
 3022 009e 8127     		sext.w	a5,a5
 3023              		.loc 1 970 22
 3024 00a0 2326F4FC 		sw	a5,-52(s0)
 971:../src/middleware/bacnet/demo/object/trendlog.c ****     LocalTime.tm_sec = SourceTime->time.sec;
 3025              		.loc 1 971 40
 3026 00a4 833784FB 		ld	a5,-72(s0)
 3027 00a8 83C78700 		lbu	a5,8(a5)
 3028 00ac 8127     		sext.w	a5,a5
 3029              		.loc 1 971 22
 3030 00ae 2324F4FC 		sw	a5,-56(s0)
 972:../src/middleware/bacnet/demo/object/trendlog.c **** 
 973:../src/middleware/bacnet/demo/object/trendlog.c ****     return (mktime(&LocalTime));
 3031              		.loc 1 973 13
 3032 00b2 930784FC 		addi	a5,s0,-56
 3033 00b6 3E85     		mv	a0,a5
 3034 00b8 97000000 		call	mktime
 3034      E7800000 
 3035 00c0 AA87     		mv	a5,a0
 974:../src/middleware/bacnet/demo/object/trendlog.c **** }
 3036              		.loc 1 974 1
 3037 00c2 3E85     		mv	a0,a5
 3038 00c4 A660     		ld	ra,72(sp)
 3039              		.cfi_restore 1
 3040 00c6 0664     		ld	s0,64(sp)
 3041              		.cfi_restore 8
 3042              		.cfi_def_cfa 2, 80
 3043 00c8 6161     		addi	sp,sp,80
 3044              		.cfi_def_cfa_offset 0
 3045 00ca 8280     		jr	ra
 3046              		.cfi_endproc
 3047              	.LFE16:
 3049              		.section	.text.TL_Local_Time_To_BAC,"ax",@progbits
 3050              		.align	1
 3051              		.globl	TL_Local_Time_To_BAC
 3053              	TL_Local_Time_To_BAC:
 3054              	.LFB17:
 975:../src/middleware/bacnet/demo/object/trendlog.c **** 
 976:../src/middleware/bacnet/demo/object/trendlog.c **** /*****************************************************************************
 977:../src/middleware/bacnet/demo/object/trendlog.c ****  * Convert a local time in seconds since the local epoch into a BACnet time  *
 978:../src/middleware/bacnet/demo/object/trendlog.c ****  *****************************************************************************/
 979:../src/middleware/bacnet/demo/object/trendlog.c **** 
 980:../src/middleware/bacnet/demo/object/trendlog.c **** void TL_Local_Time_To_BAC(
 981:../src/middleware/bacnet/demo/object/trendlog.c ****     BACNET_DATE_TIME * DestTime,
 982:../src/middleware/bacnet/demo/object/trendlog.c ****     time_t SourceTime)
 983:../src/middleware/bacnet/demo/object/trendlog.c **** {
 3055              		.loc 1 983 1
 3056              		.cfi_startproc
 3057 0000 7971     		addi	sp,sp,-48
 3058              		.cfi_def_cfa_offset 48
 3059 0002 06F4     		sd	ra,40(sp)
 3060 0004 22F0     		sd	s0,32(sp)
 3061              		.cfi_offset 1, -8
 3062              		.cfi_offset 8, -16
 3063 0006 0018     		addi	s0,sp,48
 3064              		.cfi_def_cfa 8, 0
 3065 0008 233CA4FC 		sd	a0,-40(s0)
 3066 000c 2338B4FC 		sd	a1,-48(s0)
 984:../src/middleware/bacnet/demo/object/trendlog.c ****     struct tm *TempTime;
 985:../src/middleware/bacnet/demo/object/trendlog.c **** 
 986:../src/middleware/bacnet/demo/object/trendlog.c ****     TempTime = localtime(&SourceTime);
 3067              		.loc 1 986 16
 3068 0010 930704FD 		addi	a5,s0,-48
 3069 0014 3E85     		mv	a0,a5
 3070 0016 97000000 		call	localtime
 3070      E7800000 
 3071 001e 2334A4FE 		sd	a0,-24(s0)
 987:../src/middleware/bacnet/demo/object/trendlog.c **** 
 988:../src/middleware/bacnet/demo/object/trendlog.c ****     DestTime->date.year = (uint16_t) (TempTime->tm_year + 1900);
 3072              		.loc 1 988 47
 3073 0022 833784FE 		ld	a5,-24(s0)
 3074 0026 DC4B     		lw	a5,20(a5)
 3075              		.loc 1 988 27
 3076 0028 C217     		slli	a5,a5,48
 3077 002a C193     		srli	a5,a5,48
 3078 002c 9B87C776 		addiw	a5,a5,1900
 3079 0030 13970703 		slli	a4,a5,48
 3080 0034 4193     		srli	a4,a4,48
 3081              		.loc 1 988 25
 3082 0036 833784FD 		ld	a5,-40(s0)
 3083 003a 2390E700 		sh	a4,0(a5)
 989:../src/middleware/bacnet/demo/object/trendlog.c ****     DestTime->date.month = (uint8_t) (TempTime->tm_mon + 1);
 3084              		.loc 1 989 47
 3085 003e 833784FE 		ld	a5,-24(s0)
 3086 0042 9C4B     		lw	a5,16(a5)
 3087              		.loc 1 989 28
 3088 0044 93F7F70F 		andi	a5,a5,0xff
 3089 0048 8527     		addiw	a5,a5,1
 3090 004a 13F7F70F 		andi	a4,a5,0xff
 3091              		.loc 1 989 26
 3092 004e 833784FD 		ld	a5,-40(s0)
 3093 0052 2381E700 		sb	a4,2(a5)
 990:../src/middleware/bacnet/demo/object/trendlog.c ****     DestTime->date.day = (uint8_t) TempTime->tm_mday;
 3094              		.loc 1 990 44
 3095 0056 833784FE 		ld	a5,-24(s0)
 3096 005a DC47     		lw	a5,12(a5)
 3097              		.loc 1 990 26
 3098 005c 13F7F70F 		andi	a4,a5,0xff
 3099              		.loc 1 990 24
 3100 0060 833784FD 		ld	a5,-40(s0)
 3101 0064 A381E700 		sb	a4,3(a5)
 991:../src/middleware/bacnet/demo/object/trendlog.c ****     /* BACnet is 1 to 7 = Monday to Sunday
 992:../src/middleware/bacnet/demo/object/trendlog.c ****      * Windows is days from Sunday 0 - 6 so we
 993:../src/middleware/bacnet/demo/object/trendlog.c ****      * have to adjust */
 994:../src/middleware/bacnet/demo/object/trendlog.c ****     if (TempTime->tm_wday == 0)
 3102              		.loc 1 994 17
 3103 0068 833784FE 		ld	a5,-24(s0)
 3104 006c 9C4F     		lw	a5,24(a5)
 3105              		.loc 1 994 8
 3106 006e 99E7     		bne	a5,zero,.L158
 995:../src/middleware/bacnet/demo/object/trendlog.c ****         DestTime->date.wday = 7;
 3107              		.loc 1 995 29
 3108 0070 833784FD 		ld	a5,-40(s0)
 3109 0074 1D47     		li	a4,7
 3110 0076 2382E700 		sb	a4,4(a5)
 3111 007a 11A8     		j	.L159
 3112              	.L158:
 996:../src/middleware/bacnet/demo/object/trendlog.c ****     else
 997:../src/middleware/bacnet/demo/object/trendlog.c ****         DestTime->date.wday = (uint8_t) TempTime->tm_wday;
 3113              		.loc 1 997 49
 3114 007c 833784FE 		ld	a5,-24(s0)
 3115 0080 9C4F     		lw	a5,24(a5)
 3116              		.loc 1 997 31
 3117 0082 13F7F70F 		andi	a4,a5,0xff
 3118              		.loc 1 997 29
 3119 0086 833784FD 		ld	a5,-40(s0)
 3120 008a 2382E700 		sb	a4,4(a5)
 3121              	.L159:
 998:../src/middleware/bacnet/demo/object/trendlog.c ****     DestTime->time.hour = (uint8_t) TempTime->tm_hour;
 3122              		.loc 1 998 45
 3123 008e 833784FE 		ld	a5,-24(s0)
 3124 0092 9C47     		lw	a5,8(a5)
 3125              		.loc 1 998 27
 3126 0094 13F7F70F 		andi	a4,a5,0xff
 3127              		.loc 1 998 25
 3128 0098 833784FD 		ld	a5,-40(s0)
 3129 009c 2383E700 		sb	a4,6(a5)
 999:../src/middleware/bacnet/demo/object/trendlog.c ****     DestTime->time.min = (uint8_t) TempTime->tm_min;
 3130              		.loc 1 999 44
 3131 00a0 833784FE 		ld	a5,-24(s0)
 3132 00a4 DC43     		lw	a5,4(a5)
 3133              		.loc 1 999 26
 3134 00a6 13F7F70F 		andi	a4,a5,0xff
 3135              		.loc 1 999 24
 3136 00aa 833784FD 		ld	a5,-40(s0)
 3137 00ae A383E700 		sb	a4,7(a5)
1000:../src/middleware/bacnet/demo/object/trendlog.c ****     DestTime->time.sec = (uint8_t) TempTime->tm_sec;
 3138              		.loc 1 1000 44
 3139 00b2 833784FE 		ld	a5,-24(s0)
 3140 00b6 9C43     		lw	a5,0(a5)
 3141              		.loc 1 1000 26
 3142 00b8 13F7F70F 		andi	a4,a5,0xff
 3143              		.loc 1 1000 24
 3144 00bc 833784FD 		ld	a5,-40(s0)
 3145 00c0 2384E700 		sb	a4,8(a5)
1001:../src/middleware/bacnet/demo/object/trendlog.c ****     DestTime->time.hundredths = 0;
 3146              		.loc 1 1001 31
 3147 00c4 833784FD 		ld	a5,-40(s0)
 3148 00c8 A3840700 		sb	zero,9(a5)
1002:../src/middleware/bacnet/demo/object/trendlog.c **** }
 3149              		.loc 1 1002 1
 3150 00cc 0100     		nop
 3151 00ce A270     		ld	ra,40(sp)
 3152              		.cfi_restore 1
 3153 00d0 0274     		ld	s0,32(sp)
 3154              		.cfi_restore 8
 3155              		.cfi_def_cfa 2, 48
 3156 00d2 4561     		addi	sp,sp,48
 3157              		.cfi_def_cfa_offset 0
 3158 00d4 8280     		jr	ra
 3159              		.cfi_endproc
 3160              	.LFE17:
 3162              		.section	.text.rr_trend_log_encode,"ax",@progbits
 3163              		.align	1
 3164              		.globl	rr_trend_log_encode
 3166              	rr_trend_log_encode:
 3167              	.LFB18:
1003:../src/middleware/bacnet/demo/object/trendlog.c **** 
1004:../src/middleware/bacnet/demo/object/trendlog.c **** /****************************************************************************
1005:../src/middleware/bacnet/demo/object/trendlog.c ****  * Build a list of Trend Log entries from the Log Buffer property as        *
1006:../src/middleware/bacnet/demo/object/trendlog.c ****  * required for the ReadsRange functionality.                               *
1007:../src/middleware/bacnet/demo/object/trendlog.c ****  *                                                                          *
1008:../src/middleware/bacnet/demo/object/trendlog.c ****  * We have to support By Position, By Sequence and By Time requests.        *
1009:../src/middleware/bacnet/demo/object/trendlog.c ****  *                                                                          *
1010:../src/middleware/bacnet/demo/object/trendlog.c ****  * We do assume the list cannot change whilst we are accessing it so would  *
1011:../src/middleware/bacnet/demo/object/trendlog.c ****  * not be multithread safe if there are other tasks that write to the log.  *
1012:../src/middleware/bacnet/demo/object/trendlog.c ****  *                                                                          *
1013:../src/middleware/bacnet/demo/object/trendlog.c ****  * We take the simple approach here to filling the buffer by taking a max   *
1014:../src/middleware/bacnet/demo/object/trendlog.c ****  * size for a single entry and then stopping if there is less than that     *
1015:../src/middleware/bacnet/demo/object/trendlog.c ****  * left in the buffer. You could build each entry in a seperate buffer and  *
1016:../src/middleware/bacnet/demo/object/trendlog.c ****  * determine the exact length before copying but this is time consuming,    *
1017:../src/middleware/bacnet/demo/object/trendlog.c ****  * requires more memory and would probably only let you sqeeeze one more    *
1018:../src/middleware/bacnet/demo/object/trendlog.c ****  * entry in on occasion. The value is calculated as 10 bytes for the time   *
1019:../src/middleware/bacnet/demo/object/trendlog.c ****  * stamp + 6 bytes for our largest data item (bit string capped at 32 bits) *
1020:../src/middleware/bacnet/demo/object/trendlog.c ****  * + 3 bytes for the status flags + 4 for the context tags to give 23.      *
1021:../src/middleware/bacnet/demo/object/trendlog.c ****  ****************************************************************************/
1022:../src/middleware/bacnet/demo/object/trendlog.c **** 
1023:../src/middleware/bacnet/demo/object/trendlog.c **** #define TL_MAX_ENC 23   /* Maximum size of encoded log entry, see above */
1024:../src/middleware/bacnet/demo/object/trendlog.c **** 
1025:../src/middleware/bacnet/demo/object/trendlog.c **** int rr_trend_log_encode(
1026:../src/middleware/bacnet/demo/object/trendlog.c ****     uint8_t * apdu,
1027:../src/middleware/bacnet/demo/object/trendlog.c ****     BACNET_READ_RANGE_DATA * pRequest)
1028:../src/middleware/bacnet/demo/object/trendlog.c **** {
 3168              		.loc 1 1028 1
 3169              		.cfi_startproc
 3170 0000 0111     		addi	sp,sp,-32
 3171              		.cfi_def_cfa_offset 32
 3172 0002 06EC     		sd	ra,24(sp)
 3173 0004 22E8     		sd	s0,16(sp)
 3174              		.cfi_offset 1, -8
 3175              		.cfi_offset 8, -16
 3176 0006 0010     		addi	s0,sp,32
 3177              		.cfi_def_cfa 8, 0
 3178 0008 2334A4FE 		sd	a0,-24(s0)
 3179 000c 2330B4FE 		sd	a1,-32(s0)
1029:../src/middleware/bacnet/demo/object/trendlog.c ****     /* Initialise result flags to all false */
1030:../src/middleware/bacnet/demo/object/trendlog.c ****     bitstring_init(&pRequest->ResultFlags);
 3180              		.loc 1 1030 5
 3181 0010 833704FE 		ld	a5,-32(s0)
 3182 0014 F107     		addi	a5,a5,28
 3183 0016 3E85     		mv	a0,a5
 3184 0018 97000000 		call	bitstring_init
 3184      E7800000 
1031:../src/middleware/bacnet/demo/object/trendlog.c ****     bitstring_set_bit(&pRequest->ResultFlags, RESULT_FLAG_FIRST_ITEM, false);
 3185              		.loc 1 1031 5
 3186 0020 833704FE 		ld	a5,-32(s0)
 3187 0024 F107     		addi	a5,a5,28
 3188 0026 0146     		li	a2,0
 3189 0028 8145     		li	a1,0
 3190 002a 3E85     		mv	a0,a5
 3191 002c 97000000 		call	bitstring_set_bit
 3191      E7800000 
1032:../src/middleware/bacnet/demo/object/trendlog.c ****     bitstring_set_bit(&pRequest->ResultFlags, RESULT_FLAG_LAST_ITEM, false);
 3192              		.loc 1 1032 5
 3193 0034 833704FE 		ld	a5,-32(s0)
 3194 0038 F107     		addi	a5,a5,28
 3195 003a 0146     		li	a2,0
 3196 003c 8545     		li	a1,1
 3197 003e 3E85     		mv	a0,a5
 3198 0040 97000000 		call	bitstring_set_bit
 3198      E7800000 
1033:../src/middleware/bacnet/demo/object/trendlog.c ****     bitstring_set_bit(&pRequest->ResultFlags, RESULT_FLAG_MORE_ITEMS, false);
 3199              		.loc 1 1033 5
 3200 0048 833704FE 		ld	a5,-32(s0)
 3201 004c F107     		addi	a5,a5,28
 3202 004e 0146     		li	a2,0
 3203 0050 8945     		li	a1,2
 3204 0052 3E85     		mv	a0,a5
 3205 0054 97000000 		call	bitstring_set_bit
 3205      E7800000 
1034:../src/middleware/bacnet/demo/object/trendlog.c ****     pRequest->ItemCount = 0;    /* Start out with nothing */
 3206              		.loc 1 1034 25
 3207 005c 833704FE 		ld	a5,-32(s0)
 3208 0060 23AA0702 		sw	zero,52(a5)
1035:../src/middleware/bacnet/demo/object/trendlog.c **** 
1036:../src/middleware/bacnet/demo/object/trendlog.c ****     /* Bail out now if nowt - should never happen for a Trend Log but ... */
1037:../src/middleware/bacnet/demo/object/trendlog.c ****     if (LogInfo[Trend_Log_Instance_To_Index(pRequest->
 3209              		.loc 1 1037 17
 3210 0064 833704FE 		ld	a5,-32(s0)
 3211 0068 DC43     		lw	a5,4(a5)
 3212 006a 3E85     		mv	a0,a5
 3213 006c 97000000 		call	Trend_Log_Instance_To_Index
 3213      E7800000 
 3214 0074 AA87     		mv	a5,a0
 3215 0076 8127     		sext.w	a5,a5
1038:../src/middleware/bacnet/demo/object/trendlog.c ****                 object_instance)].ulRecordCount == 0)
 3216              		.loc 1 1038 34
 3217 0078 97060000 		lla	a3,LogInfo
 3217      93860600 
 3218 0080 13970702 		slli	a4,a5,32
 3219 0084 0193     		srli	a4,a4,32
 3220 0086 BA87     		mv	a5,a4
 3221 0088 9207     		slli	a5,a5,4
 3222 008a 998F     		sub	a5,a5,a4
 3223 008c 8E07     		slli	a5,a5,3
 3224 008e B697     		add	a5,a3,a5
 3225 0090 FC4B     		lw	a5,84(a5)
1037:../src/middleware/bacnet/demo/object/trendlog.c ****                 object_instance)].ulRecordCount == 0)
 3226              		.loc 1 1037 8
 3227 0092 99E3     		bne	a5,zero,.L161
1039:../src/middleware/bacnet/demo/object/trendlog.c ****         return (0);
 3228              		.loc 1 1039 16
 3229 0094 8147     		li	a5,0
 3230 0096 9DA0     		j	.L162
 3231              	.L161:
1040:../src/middleware/bacnet/demo/object/trendlog.c **** 
1041:../src/middleware/bacnet/demo/object/trendlog.c ****     if ((pRequest->RequestType == RR_BY_POSITION) ||
 3232              		.loc 1 1041 18
 3233 0098 833704FE 		ld	a5,-32(s0)
 3234 009c DC57     		lw	a5,44(a5)
 3235              		.loc 1 1041 8
 3236 009e 3E87     		mv	a4,a5
 3237 00a0 8547     		li	a5,1
 3238 00a2 6309F700 		beq	a4,a5,.L163
1042:../src/middleware/bacnet/demo/object/trendlog.c ****         (pRequest->RequestType == RR_READ_ALL))
 3239              		.loc 1 1042 18 discriminator 1
 3240 00a6 833704FE 		ld	a5,-32(s0)
 3241 00aa DC57     		lw	a5,44(a5)
1041:../src/middleware/bacnet/demo/object/trendlog.c ****         (pRequest->RequestType == RR_READ_ALL))
 3242              		.loc 1 1041 51 discriminator 1
 3243 00ac 3E87     		mv	a4,a5
 3244 00ae A147     		li	a5,8
 3245 00b0 631CF700 		bne	a4,a5,.L164
 3246              	.L163:
1043:../src/middleware/bacnet/demo/object/trendlog.c ****         return (TL_encode_by_position(apdu, pRequest));
 3247              		.loc 1 1043 17
 3248 00b4 833504FE 		ld	a1,-32(s0)
 3249 00b8 033584FE 		ld	a0,-24(s0)
 3250 00bc 97000000 		call	TL_encode_by_position
 3250      E7800000 
 3251 00c4 AA87     		mv	a5,a0
 3252 00c6 1DA8     		j	.L162
 3253              	.L164:
1044:../src/middleware/bacnet/demo/object/trendlog.c ****     else if (pRequest->RequestType == RR_BY_SEQUENCE)
 3254              		.loc 1 1044 22
 3255 00c8 833704FE 		ld	a5,-32(s0)
 3256 00cc DC57     		lw	a5,44(a5)
 3257              		.loc 1 1044 13
 3258 00ce 3E87     		mv	a4,a5
 3259 00d0 8947     		li	a5,2
 3260 00d2 631CF700 		bne	a4,a5,.L165
1045:../src/middleware/bacnet/demo/object/trendlog.c ****         return (TL_encode_by_sequence(apdu, pRequest));
 3261              		.loc 1 1045 17
 3262 00d6 833504FE 		ld	a1,-32(s0)
 3263 00da 033584FE 		ld	a0,-24(s0)
 3264 00de 97000000 		call	TL_encode_by_sequence
 3264      E7800000 
 3265 00e6 AA87     		mv	a5,a0
 3266 00e8 11A8     		j	.L162
 3267              	.L165:
1046:../src/middleware/bacnet/demo/object/trendlog.c **** 
1047:../src/middleware/bacnet/demo/object/trendlog.c ****     return (TL_encode_by_time(apdu, pRequest));
 3268              		.loc 1 1047 13
 3269 00ea 833504FE 		ld	a1,-32(s0)
 3270 00ee 033584FE 		ld	a0,-24(s0)
 3271 00f2 97000000 		call	TL_encode_by_time
 3271      E7800000 
 3272 00fa AA87     		mv	a5,a0
 3273              	.L162:
1048:../src/middleware/bacnet/demo/object/trendlog.c **** }
 3274              		.loc 1 1048 1
 3275 00fc 3E85     		mv	a0,a5
 3276 00fe E260     		ld	ra,24(sp)
 3277              		.cfi_restore 1
 3278 0100 4264     		ld	s0,16(sp)
 3279              		.cfi_restore 8
 3280              		.cfi_def_cfa 2, 32
 3281 0102 0561     		addi	sp,sp,32
 3282              		.cfi_def_cfa_offset 0
 3283 0104 8280     		jr	ra
 3284              		.cfi_endproc
 3285              	.LFE18:
 3287              		.section	.text.TL_encode_by_position,"ax",@progbits
 3288              		.align	1
 3289              		.globl	TL_encode_by_position
 3291              	TL_encode_by_position:
 3292              	.LFB19:
1049:../src/middleware/bacnet/demo/object/trendlog.c **** 
1050:../src/middleware/bacnet/demo/object/trendlog.c **** /****************************************************************************
1051:../src/middleware/bacnet/demo/object/trendlog.c ****  * Handle encoding for the By Position and All options.                     *
1052:../src/middleware/bacnet/demo/object/trendlog.c ****  * Does All option by converting to a By Position request starting at index *
1053:../src/middleware/bacnet/demo/object/trendlog.c ****  * 1 and of maximum log size length.                                        *
1054:../src/middleware/bacnet/demo/object/trendlog.c ****  ****************************************************************************/
1055:../src/middleware/bacnet/demo/object/trendlog.c **** 
1056:../src/middleware/bacnet/demo/object/trendlog.c **** int TL_encode_by_position(
1057:../src/middleware/bacnet/demo/object/trendlog.c ****     uint8_t * apdu,
1058:../src/middleware/bacnet/demo/object/trendlog.c ****     BACNET_READ_RANGE_DATA * pRequest)
1059:../src/middleware/bacnet/demo/object/trendlog.c **** {
 3293              		.loc 1 1059 1
 3294              		.cfi_startproc
 3295 0000 5D71     		addi	sp,sp,-80
 3296              		.cfi_def_cfa_offset 80
 3297 0002 86E4     		sd	ra,72(sp)
 3298 0004 A2E0     		sd	s0,64(sp)
 3299              		.cfi_offset 1, -8
 3300              		.cfi_offset 8, -16
 3301 0006 8008     		addi	s0,sp,80
 3302              		.cfi_def_cfa 8, 0
 3303 0008 233CA4FA 		sd	a0,-72(s0)
 3304 000c 2338B4FA 		sd	a1,-80(s0)
1060:../src/middleware/bacnet/demo/object/trendlog.c ****     int log_index = 0;
 3305              		.loc 1 1060 9
 3306 0010 232C04FC 		sw	zero,-40(s0)
1061:../src/middleware/bacnet/demo/object/trendlog.c ****     int iLen = 0;
 3307              		.loc 1 1061 9
 3308 0014 232604FE 		sw	zero,-20(s0)
1062:../src/middleware/bacnet/demo/object/trendlog.c ****     int32_t iTemp = 0;
 3309              		.loc 1 1062 13
 3310 0018 232A04FC 		sw	zero,-44(s0)
1063:../src/middleware/bacnet/demo/object/trendlog.c ****     TL_LOG_INFO *CurrentLog = NULL;
 3311              		.loc 1 1063 18
 3312 001c 233404FC 		sd	zero,-56(s0)
1064:../src/middleware/bacnet/demo/object/trendlog.c **** 
1065:../src/middleware/bacnet/demo/object/trendlog.c ****     uint32_t uiIndex = 0;       /* Current entry number */
 3313              		.loc 1 1065 14
 3314 0020 232404FE 		sw	zero,-24(s0)
1066:../src/middleware/bacnet/demo/object/trendlog.c ****     uint32_t uiFirst = 0;       /* Entry number we started encoding from */
 3315              		.loc 1 1066 14
 3316 0024 232204FC 		sw	zero,-60(s0)
1067:../src/middleware/bacnet/demo/object/trendlog.c ****     uint32_t uiLast = 0;        /* Entry number we finished encoding on */
 3317              		.loc 1 1067 14
 3318 0028 232204FE 		sw	zero,-28(s0)
1068:../src/middleware/bacnet/demo/object/trendlog.c ****     uint32_t uiTarget = 0;      /* Last entry we are required to encode */
 3319              		.loc 1 1068 14
 3320 002c 232004FE 		sw	zero,-32(s0)
1069:../src/middleware/bacnet/demo/object/trendlog.c ****     uint32_t uiRemaining = 0;   /* Amount of unused space in packet */
 3321              		.loc 1 1069 14
 3322 0030 232E04FC 		sw	zero,-36(s0)
1070:../src/middleware/bacnet/demo/object/trendlog.c **** 
1071:../src/middleware/bacnet/demo/object/trendlog.c ****     /* See how much space we have */
1072:../src/middleware/bacnet/demo/object/trendlog.c ****     uiRemaining = MAX_APDU - pRequest->Overhead;
 3323              		.loc 1 1072 38
 3324 0034 833704FB 		ld	a5,-80(s0)
 3325 0038 9C5B     		lw	a5,48(a5)
 3326              		.loc 1 1072 28
 3327 003a 1307405C 		li	a4,1476
 3328 003e BB07F740 		subw	a5,a4,a5
 3329 0042 8127     		sext.w	a5,a5
 3330              		.loc 1 1072 17
 3331 0044 232EF4FC 		sw	a5,-36(s0)
1073:../src/middleware/bacnet/demo/object/trendlog.c ****     log_index = Trend_Log_Instance_To_Index(pRequest->object_instance);
 3332              		.loc 1 1073 17
 3333 0048 833704FB 		ld	a5,-80(s0)
 3334 004c DC43     		lw	a5,4(a5)
 3335 004e 3E85     		mv	a0,a5
 3336 0050 97000000 		call	Trend_Log_Instance_To_Index
 3336      E7800000 
 3337 0058 AA87     		mv	a5,a0
 3338 005a 8127     		sext.w	a5,a5
 3339              		.loc 1 1073 15
 3340 005c 232CF4FC 		sw	a5,-40(s0)
1074:../src/middleware/bacnet/demo/object/trendlog.c ****     CurrentLog = &LogInfo[log_index];
 3341              		.loc 1 1074 16
 3342 0060 032784FD 		lw	a4,-40(s0)
 3343 0064 BA87     		mv	a5,a4
 3344 0066 9207     		slli	a5,a5,4
 3345 0068 998F     		sub	a5,a5,a4
 3346 006a 8E07     		slli	a5,a5,3
 3347 006c 17070000 		lla	a4,LogInfo
 3347      13070700 
 3348 0074 BA97     		add	a5,a5,a4
 3349 0076 2334F4FC 		sd	a5,-56(s0)
1075:../src/middleware/bacnet/demo/object/trendlog.c ****     if (pRequest->RequestType == RR_READ_ALL) {
 3350              		.loc 1 1075 17
 3351 007a 833704FB 		ld	a5,-80(s0)
 3352 007e DC57     		lw	a5,44(a5)
 3353              		.loc 1 1075 8
 3354 0080 3E87     		mv	a4,a5
 3355 0082 A147     		li	a5,8
 3356 0084 631EF700 		bne	a4,a5,.L167
1076:../src/middleware/bacnet/demo/object/trendlog.c ****         /*
1077:../src/middleware/bacnet/demo/object/trendlog.c ****          * Read all the list or as much as will fit in the buffer by selecting
1078:../src/middleware/bacnet/demo/object/trendlog.c ****          * a range that covers the whole list and falling through to the next
1079:../src/middleware/bacnet/demo/object/trendlog.c ****          * section of code
1080:../src/middleware/bacnet/demo/object/trendlog.c ****          */
1081:../src/middleware/bacnet/demo/object/trendlog.c ****         pRequest->Count = CurrentLog->ulRecordCount;    /* Full list */
 3357              		.loc 1 1081 37
 3358 0088 833784FC 		ld	a5,-56(s0)
 3359 008c FC4B     		lw	a5,84(a5)
 3360 008e 1B870700 		sext.w	a4,a5
 3361              		.loc 1 1081 25
 3362 0092 833704FB 		ld	a5,-80(s0)
 3363 0096 B8C7     		sw	a4,72(a5)
1082:../src/middleware/bacnet/demo/object/trendlog.c ****         pRequest->Range.RefIndex = 1;   /* Starting at the beginning */
 3364              		.loc 1 1082 34
 3365 0098 833704FB 		ld	a5,-80(s0)
 3366 009c 0547     		li	a4,1
 3367 009e D8DF     		sw	a4,60(a5)
 3368              	.L167:
1083:../src/middleware/bacnet/demo/object/trendlog.c ****     }
1084:../src/middleware/bacnet/demo/object/trendlog.c **** 
1085:../src/middleware/bacnet/demo/object/trendlog.c ****     if (pRequest->Count < 0) {  /* negative count means work from index backwards */
 3369              		.loc 1 1085 17
 3370 00a0 833704FB 		ld	a5,-80(s0)
 3371 00a4 BC47     		lw	a5,72(a5)
 3372              		.loc 1 1085 8
 3373 00a6 63D20706 		bge	a5,zero,.L168
1086:../src/middleware/bacnet/demo/object/trendlog.c ****         /*
1087:../src/middleware/bacnet/demo/object/trendlog.c ****          * Convert from end index/negative count to
1088:../src/middleware/bacnet/demo/object/trendlog.c ****          * start index/positive count and then process as
1089:../src/middleware/bacnet/demo/object/trendlog.c ****          * normal. This assumes that the order to return items
1090:../src/middleware/bacnet/demo/object/trendlog.c ****          * is always first to last, if this is not true we will
1091:../src/middleware/bacnet/demo/object/trendlog.c ****          * have to handle this differently.
1092:../src/middleware/bacnet/demo/object/trendlog.c ****          *
1093:../src/middleware/bacnet/demo/object/trendlog.c ****          * Note: We need to be careful about how we convert these
1094:../src/middleware/bacnet/demo/object/trendlog.c ****          * values due to the mix of signed and unsigned types - don't
1095:../src/middleware/bacnet/demo/object/trendlog.c ****          * try to optimise the code unless you understand all the
1096:../src/middleware/bacnet/demo/object/trendlog.c ****          * implications of the data type conversions!
1097:../src/middleware/bacnet/demo/object/trendlog.c ****          */
1098:../src/middleware/bacnet/demo/object/trendlog.c **** 
1099:../src/middleware/bacnet/demo/object/trendlog.c ****         iTemp = pRequest->Range.RefIndex;       /* pull out and convert to signed */
 3374              		.loc 1 1099 32
 3375 00aa 833704FB 		ld	a5,-80(s0)
 3376 00ae DC5F     		lw	a5,60(a5)
 3377              		.loc 1 1099 15
 3378 00b0 232AF4FC 		sw	a5,-44(s0)
1100:../src/middleware/bacnet/demo/object/trendlog.c ****         iTemp += pRequest->Count + 1;   /* Adjust backwards, remember count is -ve */
 3379              		.loc 1 1100 26
 3380 00b4 833704FB 		ld	a5,-80(s0)
 3381 00b8 BC47     		lw	a5,72(a5)
 3382              		.loc 1 1100 34
 3383 00ba 8527     		addiw	a5,a5,1
 3384 00bc 8127     		sext.w	a5,a5
 3385              		.loc 1 1100 15
 3386 00be 032744FD 		lw	a4,-44(s0)
 3387 00c2 B99F     		addw	a5,a4,a5
 3388 00c4 232AF4FC 		sw	a5,-44(s0)
1101:../src/middleware/bacnet/demo/object/trendlog.c ****         if (iTemp < 1) {        /* if count is too much, return from 1 to start index */
 3389              		.loc 1 1101 12
 3390 00c8 832744FD 		lw	a5,-44(s0)
 3391 00cc 8127     		sext.w	a5,a5
 3392 00ce 634FF000 		bgt	a5,zero,.L169
1102:../src/middleware/bacnet/demo/object/trendlog.c ****             pRequest->Count = pRequest->Range.RefIndex;
 3393              		.loc 1 1102 46
 3394 00d2 833704FB 		ld	a5,-80(s0)
 3395 00d6 DC5F     		lw	a5,60(a5)
 3396 00d8 1B870700 		sext.w	a4,a5
 3397              		.loc 1 1102 29
 3398 00dc 833704FB 		ld	a5,-80(s0)
 3399 00e0 B8C7     		sw	a4,72(a5)
1103:../src/middleware/bacnet/demo/object/trendlog.c ****             pRequest->Range.RefIndex = 1;
 3400              		.loc 1 1103 38
 3401 00e2 833704FB 		ld	a5,-80(s0)
 3402 00e6 0547     		li	a4,1
 3403 00e8 D8DF     		sw	a4,60(a5)
 3404 00ea 05A0     		j	.L168
 3405              	.L169:
1104:../src/middleware/bacnet/demo/object/trendlog.c ****         } else {        /* Otherwise adjust the start index and make count +ve */
1105:../src/middleware/bacnet/demo/object/trendlog.c ****             pRequest->Range.RefIndex = iTemp;
 3406              		.loc 1 1105 38
 3407 00ec 032744FD 		lw	a4,-44(s0)
 3408 00f0 833704FB 		ld	a5,-80(s0)
 3409 00f4 D8DF     		sw	a4,60(a5)
1106:../src/middleware/bacnet/demo/object/trendlog.c ****             pRequest->Count = -pRequest->Count;
 3410              		.loc 1 1106 40
 3411 00f6 833704FB 		ld	a5,-80(s0)
 3412 00fa BC47     		lw	a5,72(a5)
 3413              		.loc 1 1106 31
 3414 00fc BB07F040 		negw	a5,a5
 3415 0100 1B870700 		sext.w	a4,a5
 3416              		.loc 1 1106 29
 3417 0104 833704FB 		ld	a5,-80(s0)
 3418 0108 B8C7     		sw	a4,72(a5)
 3419              	.L168:
1107:../src/middleware/bacnet/demo/object/trendlog.c ****         }
1108:../src/middleware/bacnet/demo/object/trendlog.c ****     }
1109:../src/middleware/bacnet/demo/object/trendlog.c **** 
1110:../src/middleware/bacnet/demo/object/trendlog.c ****     /* From here on in we only have a starting point and a positive count */
1111:../src/middleware/bacnet/demo/object/trendlog.c **** 
1112:../src/middleware/bacnet/demo/object/trendlog.c ****     if (pRequest->Range.RefIndex > CurrentLog->ulRecordCount)   /* Nothing to return as we are past
 3420              		.loc 1 1112 24
 3421 010a 833704FB 		ld	a5,-80(s0)
 3422 010e D85F     		lw	a4,60(a5)
 3423              		.loc 1 1112 46
 3424 0110 833784FC 		ld	a5,-56(s0)
 3425 0114 FC4B     		lw	a5,84(a5)
 3426              		.loc 1 1112 8
 3427 0116 63F4E700 		bleu	a4,a5,.L170
1113:../src/middleware/bacnet/demo/object/trendlog.c ****         return (0);
 3428              		.loc 1 1113 16
 3429 011a 8147     		li	a5,0
 3430 011c 3DA2     		j	.L171
 3431              	.L170:
1114:../src/middleware/bacnet/demo/object/trendlog.c **** 
1115:../src/middleware/bacnet/demo/object/trendlog.c ****     uiTarget = pRequest->Range.RefIndex + pRequest->Count - 1;  /* Index of last required entry */
 3432              		.loc 1 1115 31
 3433 011e 833704FB 		ld	a5,-80(s0)
 3434 0122 D85F     		lw	a4,60(a5)
 3435              		.loc 1 1115 51
 3436 0124 833704FB 		ld	a5,-80(s0)
 3437 0128 BC47     		lw	a5,72(a5)
 3438 012a 8127     		sext.w	a5,a5
 3439              		.loc 1 1115 41
 3440 012c B99F     		addw	a5,a4,a5
 3441 012e 8127     		sext.w	a5,a5
 3442              		.loc 1 1115 14
 3443 0130 FD37     		addiw	a5,a5,-1
 3444 0132 2320F4FE 		sw	a5,-32(s0)
1116:../src/middleware/bacnet/demo/object/trendlog.c ****     if (uiTarget > CurrentLog->ulRecordCount)   /* Capped at end of list if necessary */
 3445              		.loc 1 1116 30
 3446 0136 833784FC 		ld	a5,-56(s0)
 3447 013a F84B     		lw	a4,84(a5)
 3448              		.loc 1 1116 8
 3449 013c 832704FE 		lw	a5,-32(s0)
 3450 0140 8127     		sext.w	a5,a5
 3451 0142 6377F700 		bleu	a5,a4,.L172
1117:../src/middleware/bacnet/demo/object/trendlog.c ****         uiTarget = CurrentLog->ulRecordCount;
 3452              		.loc 1 1117 18
 3453 0146 833784FC 		ld	a5,-56(s0)
 3454 014a FC4B     		lw	a5,84(a5)
 3455 014c 2320F4FE 		sw	a5,-32(s0)
 3456              	.L172:
1118:../src/middleware/bacnet/demo/object/trendlog.c **** 
1119:../src/middleware/bacnet/demo/object/trendlog.c ****     uiIndex = pRequest->Range.RefIndex;
 3457              		.loc 1 1119 13
 3458 0150 833704FB 		ld	a5,-80(s0)
 3459 0154 DC5F     		lw	a5,60(a5)
 3460 0156 2324F4FE 		sw	a5,-24(s0)
1120:../src/middleware/bacnet/demo/object/trendlog.c ****     uiFirst = uiIndex;  /* Record where we started from */
 3461              		.loc 1 1120 13
 3462 015a 832784FE 		lw	a5,-24(s0)
 3463 015e 2322F4FC 		sw	a5,-60(s0)
1121:../src/middleware/bacnet/demo/object/trendlog.c ****     while (uiIndex <= uiTarget) {
 3464              		.loc 1 1121 11
 3465 0162 79A0     		j	.L173
 3466              	.L176:
1122:../src/middleware/bacnet/demo/object/trendlog.c ****         if (uiRemaining < TL_MAX_ENC) {
 3467              		.loc 1 1122 12
 3468 0164 8327C4FD 		lw	a5,-36(s0)
 3469 0168 1B870700 		sext.w	a4,a5
 3470 016c D947     		li	a5,22
 3471 016e 63EDE700 		bgtu	a4,a5,.L174
1123:../src/middleware/bacnet/demo/object/trendlog.c ****             /*
1124:../src/middleware/bacnet/demo/object/trendlog.c ****              * Can't fit any more in! We just set the result flag to say there
1125:../src/middleware/bacnet/demo/object/trendlog.c ****              * was more and drop out of the loop early
1126:../src/middleware/bacnet/demo/object/trendlog.c ****              */
1127:../src/middleware/bacnet/demo/object/trendlog.c ****             bitstring_set_bit(&pRequest->ResultFlags, RESULT_FLAG_MORE_ITEMS,
 3472              		.loc 1 1127 13
 3473 0172 833704FB 		ld	a5,-80(s0)
 3474 0176 F107     		addi	a5,a5,28
 3475 0178 0546     		li	a2,1
 3476 017a 8945     		li	a1,2
 3477 017c 3E85     		mv	a0,a5
 3478 017e 97000000 		call	bitstring_set_bit
 3478      E7800000 
1128:../src/middleware/bacnet/demo/object/trendlog.c ****                 true);
1129:../src/middleware/bacnet/demo/object/trendlog.c ****             break;
 3479              		.loc 1 1129 13
 3480 0186 ADA8     		j	.L175
 3481              	.L174:
1130:../src/middleware/bacnet/demo/object/trendlog.c ****         }
1131:../src/middleware/bacnet/demo/object/trendlog.c **** 
1132:../src/middleware/bacnet/demo/object/trendlog.c ****         iTemp = TL_encode_entry(&apdu[iLen], log_index, uiIndex);
 3482              		.loc 1 1132 17
 3483 0188 8327C4FE 		lw	a5,-20(s0)
 3484 018c 033784FB 		ld	a4,-72(s0)
 3485 0190 BA97     		add	a5,a4,a5
 3486 0192 832684FE 		lw	a3,-24(s0)
 3487 0196 032784FD 		lw	a4,-40(s0)
 3488 019a 3686     		mv	a2,a3
 3489 019c BA85     		mv	a1,a4
 3490 019e 3E85     		mv	a0,a5
 3491 01a0 97000000 		call	TL_encode_entry
 3491      E7800000 
 3492 01a8 AA87     		mv	a5,a0
 3493 01aa 232AF4FC 		sw	a5,-44(s0)
1133:../src/middleware/bacnet/demo/object/trendlog.c **** 
1134:../src/middleware/bacnet/demo/object/trendlog.c ****         uiRemaining -= iTemp;   /* Reduce the remaining space */
 3494              		.loc 1 1134 21
 3495 01ae 832744FD 		lw	a5,-44(s0)
 3496 01b2 0327C4FD 		lw	a4,-36(s0)
 3497 01b6 BB07F740 		subw	a5,a4,a5
 3498 01ba 232EF4FC 		sw	a5,-36(s0)
1135:../src/middleware/bacnet/demo/object/trendlog.c ****         iLen += iTemp;  /* and increase the length consumed */
 3499              		.loc 1 1135 14
 3500 01be 0327C4FE 		lw	a4,-20(s0)
 3501 01c2 832744FD 		lw	a5,-44(s0)
 3502 01c6 B99F     		addw	a5,a4,a5
 3503 01c8 2326F4FE 		sw	a5,-20(s0)
1136:../src/middleware/bacnet/demo/object/trendlog.c ****         uiLast = uiIndex;       /* Record the last entry encoded */
 3504              		.loc 1 1136 16
 3505 01cc 832784FE 		lw	a5,-24(s0)
 3506 01d0 2322F4FE 		sw	a5,-28(s0)
1137:../src/middleware/bacnet/demo/object/trendlog.c ****         uiIndex++;      /* and get ready for next one */
 3507              		.loc 1 1137 16
 3508 01d4 832784FE 		lw	a5,-24(s0)
 3509 01d8 8527     		addiw	a5,a5,1
 3510 01da 2324F4FE 		sw	a5,-24(s0)
1138:../src/middleware/bacnet/demo/object/trendlog.c ****         pRequest->ItemCount++;  /* Chalk up another one for the response count */
 3511              		.loc 1 1138 17
 3512 01de 833704FB 		ld	a5,-80(s0)
 3513 01e2 DC5B     		lw	a5,52(a5)
 3514              		.loc 1 1138 28
 3515 01e4 8527     		addiw	a5,a5,1
 3516 01e6 1B870700 		sext.w	a4,a5
 3517 01ea 833704FB 		ld	a5,-80(s0)
 3518 01ee D8DB     		sw	a4,52(a5)
 3519              	.L173:
1121:../src/middleware/bacnet/demo/object/trendlog.c ****         if (uiRemaining < TL_MAX_ENC) {
 3520              		.loc 1 1121 11
 3521 01f0 032784FE 		lw	a4,-24(s0)
 3522 01f4 832704FE 		lw	a5,-32(s0)
 3523 01f8 0127     		sext.w	a4,a4
 3524 01fa 8127     		sext.w	a5,a5
 3525 01fc E3F4E7F6 		bleu	a4,a5,.L176
 3526              	.L175:
1139:../src/middleware/bacnet/demo/object/trendlog.c ****     }
1140:../src/middleware/bacnet/demo/object/trendlog.c **** 
1141:../src/middleware/bacnet/demo/object/trendlog.c ****     /* Set remaining result flags if necessary */
1142:../src/middleware/bacnet/demo/object/trendlog.c ****     if (uiFirst == 1)
 3527              		.loc 1 1142 8
 3528 0200 832744FC 		lw	a5,-60(s0)
 3529 0204 1B870700 		sext.w	a4,a5
 3530 0208 8547     		li	a5,1
 3531 020a 631CF700 		bne	a4,a5,.L177
1143:../src/middleware/bacnet/demo/object/trendlog.c ****         bitstring_set_bit(&pRequest->ResultFlags, RESULT_FLAG_FIRST_ITEM,
 3532              		.loc 1 1143 9
 3533 020e 833704FB 		ld	a5,-80(s0)
 3534 0212 F107     		addi	a5,a5,28
 3535 0214 0546     		li	a2,1
 3536 0216 8145     		li	a1,0
 3537 0218 3E85     		mv	a0,a5
 3538 021a 97000000 		call	bitstring_set_bit
 3538      E7800000 
 3539              	.L177:
1144:../src/middleware/bacnet/demo/object/trendlog.c ****             true);
1145:../src/middleware/bacnet/demo/object/trendlog.c **** 
1146:../src/middleware/bacnet/demo/object/trendlog.c ****     if (uiLast == CurrentLog->ulRecordCount)
 3540              		.loc 1 1146 29
 3541 0222 833784FC 		ld	a5,-56(s0)
 3542 0226 F84B     		lw	a4,84(a5)
 3543              		.loc 1 1146 8
 3544 0228 832744FE 		lw	a5,-28(s0)
 3545 022c 8127     		sext.w	a5,a5
 3546 022e 639CE700 		bne	a5,a4,.L178
1147:../src/middleware/bacnet/demo/object/trendlog.c ****         bitstring_set_bit(&pRequest->ResultFlags, RESULT_FLAG_LAST_ITEM, true);
 3547              		.loc 1 1147 9
 3548 0232 833704FB 		ld	a5,-80(s0)
 3549 0236 F107     		addi	a5,a5,28
 3550 0238 0546     		li	a2,1
 3551 023a 8545     		li	a1,1
 3552 023c 3E85     		mv	a0,a5
 3553 023e 97000000 		call	bitstring_set_bit
 3553      E7800000 
 3554              	.L178:
1148:../src/middleware/bacnet/demo/object/trendlog.c **** 
1149:../src/middleware/bacnet/demo/object/trendlog.c ****     return (iLen);
 3555              		.loc 1 1149 12
 3556 0246 8327C4FE 		lw	a5,-20(s0)
 3557              	.L171:
1150:../src/middleware/bacnet/demo/object/trendlog.c **** }
 3558              		.loc 1 1150 1
 3559 024a 3E85     		mv	a0,a5
 3560 024c A660     		ld	ra,72(sp)
 3561              		.cfi_restore 1
 3562 024e 0664     		ld	s0,64(sp)
 3563              		.cfi_restore 8
 3564              		.cfi_def_cfa 2, 80
 3565 0250 6161     		addi	sp,sp,80
 3566              		.cfi_def_cfa_offset 0
 3567 0252 8280     		jr	ra
 3568              		.cfi_endproc
 3569              	.LFE19:
 3571              		.section	.text.TL_encode_by_sequence,"ax",@progbits
 3572              		.align	1
 3573              		.globl	TL_encode_by_sequence
 3575              	TL_encode_by_sequence:
 3576              	.LFB20:
1151:../src/middleware/bacnet/demo/object/trendlog.c **** 
1152:../src/middleware/bacnet/demo/object/trendlog.c **** 
1153:../src/middleware/bacnet/demo/object/trendlog.c **** /****************************************************************************
1154:../src/middleware/bacnet/demo/object/trendlog.c ****  * Handle encoding for the By Sequence option.                              *
1155:../src/middleware/bacnet/demo/object/trendlog.c ****  * The fact that the buffer always has at least a single entry is used      *
1156:../src/middleware/bacnet/demo/object/trendlog.c ****  * implicetly in the following as we don't have to handle the case of an    *
1157:../src/middleware/bacnet/demo/object/trendlog.c ****  * empty buffer.                                                            *
1158:../src/middleware/bacnet/demo/object/trendlog.c ****  ****************************************************************************/
1159:../src/middleware/bacnet/demo/object/trendlog.c **** 
1160:../src/middleware/bacnet/demo/object/trendlog.c **** int TL_encode_by_sequence(
1161:../src/middleware/bacnet/demo/object/trendlog.c ****     uint8_t * apdu,
1162:../src/middleware/bacnet/demo/object/trendlog.c ****     BACNET_READ_RANGE_DATA * pRequest)
1163:../src/middleware/bacnet/demo/object/trendlog.c **** {
 3577              		.loc 1 1163 1
 3578              		.cfi_startproc
 3579 0000 1D71     		addi	sp,sp,-96
 3580              		.cfi_def_cfa_offset 96
 3581 0002 86EC     		sd	ra,88(sp)
 3582 0004 A2E8     		sd	s0,80(sp)
 3583              		.cfi_offset 1, -8
 3584              		.cfi_offset 8, -16
 3585 0006 8010     		addi	s0,sp,96
 3586              		.cfi_def_cfa 8, 0
 3587 0008 2334A4FA 		sd	a0,-88(s0)
 3588 000c 2330B4FA 		sd	a1,-96(s0)
1164:../src/middleware/bacnet/demo/object/trendlog.c ****     int log_index = 0;
 3589              		.loc 1 1164 9
 3590 0010 232604FC 		sw	zero,-52(s0)
1165:../src/middleware/bacnet/demo/object/trendlog.c ****     int iLen = 0;
 3591              		.loc 1 1165 9
 3592 0014 232604FE 		sw	zero,-20(s0)
1166:../src/middleware/bacnet/demo/object/trendlog.c ****     int32_t iTemp = 0;
 3593              		.loc 1 1166 13
 3594 0018 232404FC 		sw	zero,-56(s0)
1167:../src/middleware/bacnet/demo/object/trendlog.c ****     TL_LOG_INFO *CurrentLog = NULL;
 3595              		.loc 1 1167 18
 3596 001c 233004FC 		sd	zero,-64(s0)
1168:../src/middleware/bacnet/demo/object/trendlog.c **** 
1169:../src/middleware/bacnet/demo/object/trendlog.c ****     uint32_t uiIndex = 0;       /* Current entry number */
 3597              		.loc 1 1169 14
 3598 0020 232404FE 		sw	zero,-24(s0)
1170:../src/middleware/bacnet/demo/object/trendlog.c ****     uint32_t uiFirst = 0;       /* Entry number we started encoding from */
 3599              		.loc 1 1170 14
 3600 0024 232E04FA 		sw	zero,-68(s0)
1171:../src/middleware/bacnet/demo/object/trendlog.c ****     uint32_t uiLast = 0;        /* Entry number we finished encoding on */
 3601              		.loc 1 1171 14
 3602 0028 232204FE 		sw	zero,-28(s0)
1172:../src/middleware/bacnet/demo/object/trendlog.c ****     uint32_t uiSequence = 0;    /* Tracking sequenc number when encoding */
 3603              		.loc 1 1172 14
 3604 002c 232004FE 		sw	zero,-32(s0)
1173:../src/middleware/bacnet/demo/object/trendlog.c ****     uint32_t uiRemaining = 0;   /* Amount of unused space in packet */
 3605              		.loc 1 1173 14
 3606 0030 232E04FC 		sw	zero,-36(s0)
1174:../src/middleware/bacnet/demo/object/trendlog.c ****     uint32_t uiFirstSeq = 0;    /* Sequence number for 1st record in log */
 3607              		.loc 1 1174 14
 3608 0034 232C04FA 		sw	zero,-72(s0)
1175:../src/middleware/bacnet/demo/object/trendlog.c **** 
1176:../src/middleware/bacnet/demo/object/trendlog.c ****     uint32_t uiBegin = 0;       /* Starting Sequence number for request */
 3609              		.loc 1 1176 14
 3610 0038 232C04FC 		sw	zero,-40(s0)
1177:../src/middleware/bacnet/demo/object/trendlog.c ****     uint32_t uiEnd = 0; /* Ending Sequence number for request */
 3611              		.loc 1 1177 14
 3612 003c 232A04FC 		sw	zero,-44(s0)
1178:../src/middleware/bacnet/demo/object/trendlog.c ****     bool bWrapReq = false;      /* Has request sequence range spanned the max for uint32_t? */
 3613              		.loc 1 1178 10
 3614 0040 A30904FC 		sb	zero,-45(s0)
1179:../src/middleware/bacnet/demo/object/trendlog.c ****     bool bWrapLog = false;      /* Has log sequence range spanned the max for uint32_t? */
 3615              		.loc 1 1179 10
 3616 0044 230904FC 		sb	zero,-46(s0)
1180:../src/middleware/bacnet/demo/object/trendlog.c **** 
1181:../src/middleware/bacnet/demo/object/trendlog.c ****     /* See how much space we have */
1182:../src/middleware/bacnet/demo/object/trendlog.c ****     uiRemaining = MAX_APDU - pRequest->Overhead;
 3617              		.loc 1 1182 38
 3618 0048 833704FA 		ld	a5,-96(s0)
 3619 004c 9C5B     		lw	a5,48(a5)
 3620              		.loc 1 1182 28
 3621 004e 1307405C 		li	a4,1476
 3622 0052 BB07F740 		subw	a5,a4,a5
 3623 0056 8127     		sext.w	a5,a5
 3624              		.loc 1 1182 17
 3625 0058 232EF4FC 		sw	a5,-36(s0)
1183:../src/middleware/bacnet/demo/object/trendlog.c ****     log_index = Trend_Log_Instance_To_Index(pRequest->object_instance);
 3626              		.loc 1 1183 17
 3627 005c 833704FA 		ld	a5,-96(s0)
 3628 0060 DC43     		lw	a5,4(a5)
 3629 0062 3E85     		mv	a0,a5
 3630 0064 97000000 		call	Trend_Log_Instance_To_Index
 3630      E7800000 
 3631 006c AA87     		mv	a5,a0
 3632 006e 8127     		sext.w	a5,a5
 3633              		.loc 1 1183 15
 3634 0070 2326F4FC 		sw	a5,-52(s0)
1184:../src/middleware/bacnet/demo/object/trendlog.c ****     CurrentLog = &LogInfo[log_index];
 3635              		.loc 1 1184 16
 3636 0074 0327C4FC 		lw	a4,-52(s0)
 3637 0078 BA87     		mv	a5,a4
 3638 007a 9207     		slli	a5,a5,4
 3639 007c 998F     		sub	a5,a5,a4
 3640 007e 8E07     		slli	a5,a5,3
 3641 0080 17070000 		lla	a4,LogInfo
 3641      13070700 
 3642 0088 BA97     		add	a5,a5,a4
 3643 008a 2330F4FC 		sd	a5,-64(s0)
1185:../src/middleware/bacnet/demo/object/trendlog.c ****     /* Figure out the sequence number for the first record, last is ulTotalRecordCount */
1186:../src/middleware/bacnet/demo/object/trendlog.c ****     uiFirstSeq =
1187:../src/middleware/bacnet/demo/object/trendlog.c ****         CurrentLog->ulTotalRecordCount - (CurrentLog->ulRecordCount - 1);
 3644              		.loc 1 1187 19
 3645 008e 833704FC 		ld	a5,-64(s0)
 3646 0092 B84F     		lw	a4,88(a5)
 3647              		.loc 1 1187 53
 3648 0094 833704FC 		ld	a5,-64(s0)
 3649 0098 FC4B     		lw	a5,84(a5)
 3650              		.loc 1 1187 40
 3651 009a BB07F740 		subw	a5,a4,a5
 3652 009e 8127     		sext.w	a5,a5
1186:../src/middleware/bacnet/demo/object/trendlog.c ****         CurrentLog->ulTotalRecordCount - (CurrentLog->ulRecordCount - 1);
 3653              		.loc 1 1186 16
 3654 00a0 8527     		addiw	a5,a5,1
 3655 00a2 232CF4FA 		sw	a5,-72(s0)
1188:../src/middleware/bacnet/demo/object/trendlog.c **** 
1189:../src/middleware/bacnet/demo/object/trendlog.c ****     /* Calculate start and end sequence numbers from request */
1190:../src/middleware/bacnet/demo/object/trendlog.c ****     if (pRequest->Count < 0) {
 3656              		.loc 1 1190 17
 3657 00a6 833704FA 		ld	a5,-96(s0)
 3658 00aa BC47     		lw	a5,72(a5)
 3659              		.loc 1 1190 8
 3660 00ac 63D40702 		bge	a5,zero,.L180
1191:../src/middleware/bacnet/demo/object/trendlog.c ****         uiBegin = pRequest->Range.RefSeqNum + pRequest->Count + 1;
 3661              		.loc 1 1191 34
 3662 00b0 833704FA 		ld	a5,-96(s0)
 3663 00b4 D85F     		lw	a4,60(a5)
 3664              		.loc 1 1191 55
 3665 00b6 833704FA 		ld	a5,-96(s0)
 3666 00ba BC47     		lw	a5,72(a5)
 3667 00bc 8127     		sext.w	a5,a5
 3668              		.loc 1 1191 45
 3669 00be B99F     		addw	a5,a4,a5
 3670 00c0 8127     		sext.w	a5,a5
 3671              		.loc 1 1191 17
 3672 00c2 8527     		addiw	a5,a5,1
 3673 00c4 232CF4FC 		sw	a5,-40(s0)
1192:../src/middleware/bacnet/demo/object/trendlog.c ****         uiEnd = pRequest->Range.RefSeqNum;
 3674              		.loc 1 1192 15
 3675 00c8 833704FA 		ld	a5,-96(s0)
 3676 00cc DC5F     		lw	a5,60(a5)
 3677 00ce 232AF4FC 		sw	a5,-44(s0)
 3678 00d2 15A0     		j	.L181
 3679              	.L180:
1193:../src/middleware/bacnet/demo/object/trendlog.c ****     } else {
1194:../src/middleware/bacnet/demo/object/trendlog.c ****         uiBegin = pRequest->Range.RefSeqNum;
 3680              		.loc 1 1194 17
 3681 00d4 833704FA 		ld	a5,-96(s0)
 3682 00d8 DC5F     		lw	a5,60(a5)
 3683 00da 232CF4FC 		sw	a5,-40(s0)
1195:../src/middleware/bacnet/demo/object/trendlog.c ****         uiEnd = pRequest->Range.RefSeqNum + pRequest->Count - 1;
 3684              		.loc 1 1195 32
 3685 00de 833704FA 		ld	a5,-96(s0)
 3686 00e2 D85F     		lw	a4,60(a5)
 3687              		.loc 1 1195 53
 3688 00e4 833704FA 		ld	a5,-96(s0)
 3689 00e8 BC47     		lw	a5,72(a5)
 3690 00ea 8127     		sext.w	a5,a5
 3691              		.loc 1 1195 43
 3692 00ec B99F     		addw	a5,a4,a5
 3693 00ee 8127     		sext.w	a5,a5
 3694              		.loc 1 1195 15
 3695 00f0 FD37     		addiw	a5,a5,-1
 3696 00f2 232AF4FC 		sw	a5,-44(s0)
 3697              	.L181:
1196:../src/middleware/bacnet/demo/object/trendlog.c ****     }
1197:../src/middleware/bacnet/demo/object/trendlog.c ****     /* See if we have any wrap around situations */
1198:../src/middleware/bacnet/demo/object/trendlog.c ****     if (uiBegin > uiEnd)
 3698              		.loc 1 1198 8
 3699 00f6 032784FD 		lw	a4,-40(s0)
 3700 00fa 832744FD 		lw	a5,-44(s0)
 3701 00fe 0127     		sext.w	a4,a4
 3702 0100 8127     		sext.w	a5,a5
 3703 0102 63F5E700 		bleu	a4,a5,.L182
1199:../src/middleware/bacnet/demo/object/trendlog.c ****         bWrapReq = true;
 3704              		.loc 1 1199 18
 3705 0106 8547     		li	a5,1
 3706 0108 A309F4FC 		sb	a5,-45(s0)
 3707              	.L182:
1200:../src/middleware/bacnet/demo/object/trendlog.c ****     if (uiFirstSeq > CurrentLog->ulTotalRecordCount)
 3708              		.loc 1 1200 32
 3709 010c 833704FC 		ld	a5,-64(s0)
 3710 0110 B84F     		lw	a4,88(a5)
 3711              		.loc 1 1200 8
 3712 0112 832784FB 		lw	a5,-72(s0)
 3713 0116 8127     		sext.w	a5,a5
 3714 0118 6375F700 		bleu	a5,a4,.L183
1201:../src/middleware/bacnet/demo/object/trendlog.c ****         bWrapLog = true;
 3715              		.loc 1 1201 18
 3716 011c 8547     		li	a5,1
 3717 011e 2309F4FC 		sb	a5,-46(s0)
 3718              	.L183:
1202:../src/middleware/bacnet/demo/object/trendlog.c **** 
1203:../src/middleware/bacnet/demo/object/trendlog.c ****     if ((bWrapReq == false) && (bWrapLog == false)) {   /* Simple case no wraps */
 3719              		.loc 1 1203 19
 3720 0122 834734FD 		lbu	a5,-45(s0)
 3721 0126 93C71700 		xori	a5,a5,1
 3722 012a 93F7F70F 		andi	a5,a5,0xff
 3723              		.loc 1 1203 8
 3724 012e A5C7     		beq	a5,zero,.L184
 3725              		.loc 1 1203 42 discriminator 1
 3726 0130 834724FD 		lbu	a5,-46(s0)
 3727 0134 93C71700 		xori	a5,a5,1
 3728 0138 93F7F70F 		andi	a5,a5,0xff
 3729              		.loc 1 1203 29 discriminator 1
 3730 013c A9CF     		beq	a5,zero,.L184
1204:../src/middleware/bacnet/demo/object/trendlog.c ****         /* If no overlap between request range and buffer contents bail out */
1205:../src/middleware/bacnet/demo/object/trendlog.c ****         if ((uiEnd < uiFirstSeq) || (uiBegin > CurrentLog->ulTotalRecordCount))
 3731              		.loc 1 1205 12
 3732 013e 032744FD 		lw	a4,-44(s0)
 3733 0142 832784FB 		lw	a5,-72(s0)
 3734 0146 0127     		sext.w	a4,a4
 3735 0148 8127     		sext.w	a5,a5
 3736 014a 636AF700 		bltu	a4,a5,.L185
 3737              		.loc 1 1205 58 discriminator 1
 3738 014e 833704FC 		ld	a5,-64(s0)
 3739 0152 B84F     		lw	a4,88(a5)
 3740              		.loc 1 1205 34 discriminator 1
 3741 0154 832784FD 		lw	a5,-40(s0)
 3742 0158 8127     		sext.w	a5,a5
 3743 015a 6374F700 		bleu	a5,a4,.L186
 3744              	.L185:
1206:../src/middleware/bacnet/demo/object/trendlog.c ****             return (0);
 3745              		.loc 1 1206 20
 3746 015e 8147     		li	a5,0
 3747 0160 ADA4     		j	.L187
 3748              	.L186:
1207:../src/middleware/bacnet/demo/object/trendlog.c **** 
1208:../src/middleware/bacnet/demo/object/trendlog.c ****         /* Truncate range if necessary so it is guaranteed to lie
1209:../src/middleware/bacnet/demo/object/trendlog.c ****          * between the first and last sequence numbers in the buffer
1210:../src/middleware/bacnet/demo/object/trendlog.c ****          * inclusive.
1211:../src/middleware/bacnet/demo/object/trendlog.c ****          */
1212:../src/middleware/bacnet/demo/object/trendlog.c ****         if (uiBegin < uiFirstSeq)
 3749              		.loc 1 1212 12
 3750 0162 032784FD 		lw	a4,-40(s0)
 3751 0166 832784FB 		lw	a5,-72(s0)
 3752 016a 0127     		sext.w	a4,a4
 3753 016c 8127     		sext.w	a5,a5
 3754 016e 6376F700 		bgeu	a4,a5,.L188
1213:../src/middleware/bacnet/demo/object/trendlog.c ****             uiBegin = uiFirstSeq;
 3755              		.loc 1 1213 21
 3756 0172 832784FB 		lw	a5,-72(s0)
 3757 0176 232CF4FC 		sw	a5,-40(s0)
 3758              	.L188:
1214:../src/middleware/bacnet/demo/object/trendlog.c **** 
1215:../src/middleware/bacnet/demo/object/trendlog.c ****         if (uiEnd > CurrentLog->ulTotalRecordCount)
 3759              		.loc 1 1215 31
 3760 017a 833704FC 		ld	a5,-64(s0)
 3761 017e B84F     		lw	a4,88(a5)
 3762              		.loc 1 1215 12
 3763 0180 832744FD 		lw	a5,-44(s0)
 3764 0184 8127     		sext.w	a5,a5
 3765 0186 6370F712 		bleu	a5,a4,.L190
1216:../src/middleware/bacnet/demo/object/trendlog.c ****             uiEnd = CurrentLog->ulTotalRecordCount;
 3766              		.loc 1 1216 19
 3767 018a 833704FC 		ld	a5,-64(s0)
 3768 018e BC4F     		lw	a5,88(a5)
 3769 0190 232AF4FC 		sw	a5,-44(s0)
1215:../src/middleware/bacnet/demo/object/trendlog.c ****             uiEnd = CurrentLog->ulTotalRecordCount;
 3770              		.loc 1 1215 12
 3771 0194 09AA     		j	.L190
 3772              	.L184:
1217:../src/middleware/bacnet/demo/object/trendlog.c ****     } else {    /* There are wrap arounds to contend with */
1218:../src/middleware/bacnet/demo/object/trendlog.c ****         /* First check for non overlap condition as it is common to all */
1219:../src/middleware/bacnet/demo/object/trendlog.c ****         if ((uiBegin > CurrentLog->ulTotalRecordCount) && (uiEnd < uiFirstSeq))
 3773              		.loc 1 1219 34
 3774 0196 833704FC 		ld	a5,-64(s0)
 3775 019a B84F     		lw	a4,88(a5)
 3776              		.loc 1 1219 12
 3777 019c 832784FD 		lw	a5,-40(s0)
 3778 01a0 8127     		sext.w	a5,a5
 3779 01a2 637CF700 		bleu	a5,a4,.L191
 3780              		.loc 1 1219 56 discriminator 1
 3781 01a6 032744FD 		lw	a4,-44(s0)
 3782 01aa 832784FB 		lw	a5,-72(s0)
 3783 01ae 0127     		sext.w	a4,a4
 3784 01b0 8127     		sext.w	a5,a5
 3785 01b2 6374F700 		bgeu	a4,a5,.L191
1220:../src/middleware/bacnet/demo/object/trendlog.c ****             return (0);
 3786              		.loc 1 1220 20
 3787 01b6 8147     		li	a5,0
 3788 01b8 09AC     		j	.L187
 3789              	.L191:
1221:../src/middleware/bacnet/demo/object/trendlog.c **** 
1222:../src/middleware/bacnet/demo/object/trendlog.c ****         if (bWrapLog == false) {        /* Only request range wraps */
 3790              		.loc 1 1222 22
 3791 01ba 834724FD 		lbu	a5,-46(s0)
 3792 01be 93C71700 		xori	a5,a5,1
 3793 01c2 93F7F70F 		andi	a5,a5,0xff
 3794              		.loc 1 1222 12
 3795 01c6 A9CF     		beq	a5,zero,.L192
1223:../src/middleware/bacnet/demo/object/trendlog.c ****             if (uiEnd < uiFirstSeq) {
 3796              		.loc 1 1223 16
 3797 01c8 032744FD 		lw	a4,-44(s0)
 3798 01cc 832784FB 		lw	a5,-72(s0)
 3799 01d0 0127     		sext.w	a4,a4
 3800 01d2 8127     		sext.w	a5,a5
 3801 01d4 6374F702 		bgeu	a4,a5,.L193
1224:../src/middleware/bacnet/demo/object/trendlog.c ****                 uiEnd = CurrentLog->ulTotalRecordCount;
 3802              		.loc 1 1224 23
 3803 01d8 833704FC 		ld	a5,-64(s0)
 3804 01dc BC4F     		lw	a5,88(a5)
 3805 01de 232AF4FC 		sw	a5,-44(s0)
1225:../src/middleware/bacnet/demo/object/trendlog.c ****                 if (uiBegin < uiFirstSeq)
 3806              		.loc 1 1225 20
 3807 01e2 032784FD 		lw	a4,-40(s0)
 3808 01e6 832784FB 		lw	a5,-72(s0)
 3809 01ea 0127     		sext.w	a4,a4
 3810 01ec 8127     		sext.w	a5,a5
 3811 01ee 637CF70A 		bgeu	a4,a5,.L190
1226:../src/middleware/bacnet/demo/object/trendlog.c ****                     uiBegin = uiFirstSeq;
 3812              		.loc 1 1226 29
 3813 01f2 832784FB 		lw	a5,-72(s0)
 3814 01f6 232CF4FC 		sw	a5,-40(s0)
 3815 01fa 75A0     		j	.L190
 3816              	.L193:
1227:../src/middleware/bacnet/demo/object/trendlog.c ****             } else {
1228:../src/middleware/bacnet/demo/object/trendlog.c ****                 uiBegin = uiFirstSeq;
 3817              		.loc 1 1228 25
 3818 01fc 832784FB 		lw	a5,-72(s0)
 3819 0200 232CF4FC 		sw	a5,-40(s0)
1229:../src/middleware/bacnet/demo/object/trendlog.c ****                 if (uiEnd > CurrentLog->ulTotalRecordCount)
 3820              		.loc 1 1229 39
 3821 0204 833704FC 		ld	a5,-64(s0)
 3822 0208 B84F     		lw	a4,88(a5)
 3823              		.loc 1 1229 20
 3824 020a 832744FD 		lw	a5,-44(s0)
 3825 020e 8127     		sext.w	a5,a5
 3826 0210 637BF708 		bleu	a5,a4,.L190
1230:../src/middleware/bacnet/demo/object/trendlog.c ****                     uiEnd = CurrentLog->ulTotalRecordCount;
 3827              		.loc 1 1230 27
 3828 0214 833704FC 		ld	a5,-64(s0)
 3829 0218 BC4F     		lw	a5,88(a5)
 3830 021a 232AF4FC 		sw	a5,-44(s0)
 3831 021e 61A0     		j	.L190
 3832              	.L192:
1231:../src/middleware/bacnet/demo/object/trendlog.c ****             }
1232:../src/middleware/bacnet/demo/object/trendlog.c ****         } else if (bWrapReq == false) { /* Only log wraps */
 3833              		.loc 1 1232 29
 3834 0220 834734FD 		lbu	a5,-45(s0)
 3835 0224 93C71700 		xori	a5,a5,1
 3836 0228 93F7F70F 		andi	a5,a5,0xff
 3837              		.loc 1 1232 19
 3838 022c A1C7     		beq	a5,zero,.L196
1233:../src/middleware/bacnet/demo/object/trendlog.c ****             if (uiBegin > CurrentLog->ulTotalRecordCount) {
 3839              		.loc 1 1233 37
 3840 022e 833704FC 		ld	a5,-64(s0)
 3841 0232 B84F     		lw	a4,88(a5)
 3842              		.loc 1 1233 16
 3843 0234 832784FD 		lw	a5,-40(s0)
 3844 0238 8127     		sext.w	a5,a5
 3845 023a 637FF700 		bleu	a5,a4,.L197
1234:../src/middleware/bacnet/demo/object/trendlog.c ****                 if (uiBegin > uiFirstSeq)
 3846              		.loc 1 1234 20
 3847 023e 032784FD 		lw	a4,-40(s0)
 3848 0242 832784FB 		lw	a5,-72(s0)
 3849 0246 0127     		sext.w	a4,a4
 3850 0248 8127     		sext.w	a5,a5
 3851 024a 63FEE704 		bleu	a4,a5,.L190
1235:../src/middleware/bacnet/demo/object/trendlog.c ****                     uiBegin = uiFirstSeq;
 3852              		.loc 1 1235 29
 3853 024e 832784FB 		lw	a5,-72(s0)
 3854 0252 232CF4FC 		sw	a5,-40(s0)
 3855 0256 81A8     		j	.L190
 3856              	.L197:
1236:../src/middleware/bacnet/demo/object/trendlog.c ****             } else {
1237:../src/middleware/bacnet/demo/object/trendlog.c ****                 if (uiEnd > CurrentLog->ulTotalRecordCount)
 3857              		.loc 1 1237 39
 3858 0258 833704FC 		ld	a5,-64(s0)
 3859 025c B84F     		lw	a4,88(a5)
 3860              		.loc 1 1237 20
 3861 025e 832744FD 		lw	a5,-44(s0)
 3862 0262 8127     		sext.w	a5,a5
 3863 0264 6371F704 		bleu	a5,a4,.L190
1238:../src/middleware/bacnet/demo/object/trendlog.c ****                     uiEnd = CurrentLog->ulTotalRecordCount;
 3864              		.loc 1 1238 27
 3865 0268 833704FC 		ld	a5,-64(s0)
 3866 026c BC4F     		lw	a5,88(a5)
 3867 026e 232AF4FC 		sw	a5,-44(s0)
 3868 0272 15A8     		j	.L190
 3869              	.L196:
1239:../src/middleware/bacnet/demo/object/trendlog.c ****             }
1240:../src/middleware/bacnet/demo/object/trendlog.c ****         } else {        /* Both wrap */
1241:../src/middleware/bacnet/demo/object/trendlog.c ****             if (uiBegin < uiFirstSeq)
 3870              		.loc 1 1241 16
 3871 0274 032784FD 		lw	a4,-40(s0)
 3872 0278 832784FB 		lw	a5,-72(s0)
 3873 027c 0127     		sext.w	a4,a4
 3874 027e 8127     		sext.w	a5,a5
 3875 0280 6376F700 		bgeu	a4,a5,.L200
1242:../src/middleware/bacnet/demo/object/trendlog.c ****                 uiBegin = uiFirstSeq;
 3876              		.loc 1 1242 25
 3877 0284 832784FB 		lw	a5,-72(s0)
 3878 0288 232CF4FC 		sw	a5,-40(s0)
 3879              	.L200:
1243:../src/middleware/bacnet/demo/object/trendlog.c **** 
1244:../src/middleware/bacnet/demo/object/trendlog.c ****             if (uiEnd > CurrentLog->ulTotalRecordCount)
 3880              		.loc 1 1244 35
 3881 028c 833704FC 		ld	a5,-64(s0)
 3882 0290 B84F     		lw	a4,88(a5)
 3883              		.loc 1 1244 16
 3884 0292 832744FD 		lw	a5,-44(s0)
 3885 0296 8127     		sext.w	a5,a5
 3886 0298 6377F700 		bleu	a5,a4,.L190
1245:../src/middleware/bacnet/demo/object/trendlog.c ****                 uiEnd = CurrentLog->ulTotalRecordCount;
 3887              		.loc 1 1245 23
 3888 029c 833704FC 		ld	a5,-64(s0)
 3889 02a0 BC4F     		lw	a5,88(a5)
 3890 02a2 232AF4FC 		sw	a5,-44(s0)
 3891              	.L190:
1246:../src/middleware/bacnet/demo/object/trendlog.c ****         }
1247:../src/middleware/bacnet/demo/object/trendlog.c ****     }
1248:../src/middleware/bacnet/demo/object/trendlog.c **** 
1249:../src/middleware/bacnet/demo/object/trendlog.c ****     /* We now have a range that lies completely within the log buffer
1250:../src/middleware/bacnet/demo/object/trendlog.c ****      * and we need to figure out where that starts in the buffer.
1251:../src/middleware/bacnet/demo/object/trendlog.c ****      */
1252:../src/middleware/bacnet/demo/object/trendlog.c ****     uiIndex = uiBegin - uiFirstSeq + 1;
 3892              		.loc 1 1252 23
 3893 02a6 032784FD 		lw	a4,-40(s0)
 3894 02aa 832784FB 		lw	a5,-72(s0)
 3895 02ae BB07F740 		subw	a5,a4,a5
 3896 02b2 8127     		sext.w	a5,a5
 3897              		.loc 1 1252 13
 3898 02b4 8527     		addiw	a5,a5,1
 3899 02b6 2324F4FE 		sw	a5,-24(s0)
1253:../src/middleware/bacnet/demo/object/trendlog.c ****     uiSequence = uiBegin;
 3900              		.loc 1 1253 16
 3901 02ba 832784FD 		lw	a5,-40(s0)
 3902 02be 2320F4FE 		sw	a5,-32(s0)
1254:../src/middleware/bacnet/demo/object/trendlog.c ****     uiFirst = uiIndex;  /* Record where we started from */
 3903              		.loc 1 1254 13
 3904 02c2 832784FE 		lw	a5,-24(s0)
 3905 02c6 232EF4FA 		sw	a5,-68(s0)
1255:../src/middleware/bacnet/demo/object/trendlog.c ****     while (uiSequence != uiEnd + 1) {
 3906              		.loc 1 1255 11
 3907 02ca 61A8     		j	.L201
 3908              	.L204:
1256:../src/middleware/bacnet/demo/object/trendlog.c ****         if (uiRemaining < TL_MAX_ENC) {
 3909              		.loc 1 1256 12
 3910 02cc 8327C4FD 		lw	a5,-36(s0)
 3911 02d0 1B870700 		sext.w	a4,a5
 3912 02d4 D947     		li	a5,22
 3913 02d6 63EDE700 		bgtu	a4,a5,.L202
1257:../src/middleware/bacnet/demo/object/trendlog.c ****             /*
1258:../src/middleware/bacnet/demo/object/trendlog.c ****              * Can't fit any more in! We just set the result flag to say there
1259:../src/middleware/bacnet/demo/object/trendlog.c ****              * was more and drop out of the loop early
1260:../src/middleware/bacnet/demo/object/trendlog.c ****              */
1261:../src/middleware/bacnet/demo/object/trendlog.c ****             bitstring_set_bit(&pRequest->ResultFlags, RESULT_FLAG_MORE_ITEMS,
 3914              		.loc 1 1261 13
 3915 02da 833704FA 		ld	a5,-96(s0)
 3916 02de F107     		addi	a5,a5,28
 3917 02e0 0546     		li	a2,1
 3918 02e2 8945     		li	a1,2
 3919 02e4 3E85     		mv	a0,a5
 3920 02e6 97000000 		call	bitstring_set_bit
 3920      E7800000 
1262:../src/middleware/bacnet/demo/object/trendlog.c ****                 true);
1263:../src/middleware/bacnet/demo/object/trendlog.c ****             break;
 3921              		.loc 1 1263 13
 3922 02ee 61A0     		j	.L203
 3923              	.L202:
1264:../src/middleware/bacnet/demo/object/trendlog.c ****         }
1265:../src/middleware/bacnet/demo/object/trendlog.c **** 
1266:../src/middleware/bacnet/demo/object/trendlog.c ****         iTemp = TL_encode_entry(&apdu[iLen], log_index, uiIndex);
 3924              		.loc 1 1266 17
 3925 02f0 8327C4FE 		lw	a5,-20(s0)
 3926 02f4 033784FA 		ld	a4,-88(s0)
 3927 02f8 BA97     		add	a5,a4,a5
 3928 02fa 832684FE 		lw	a3,-24(s0)
 3929 02fe 0327C4FC 		lw	a4,-52(s0)
 3930 0302 3686     		mv	a2,a3
 3931 0304 BA85     		mv	a1,a4
 3932 0306 3E85     		mv	a0,a5
 3933 0308 97000000 		call	TL_encode_entry
 3933      E7800000 
 3934 0310 AA87     		mv	a5,a0
 3935 0312 2324F4FC 		sw	a5,-56(s0)
1267:../src/middleware/bacnet/demo/object/trendlog.c **** 
1268:../src/middleware/bacnet/demo/object/trendlog.c ****         uiRemaining -= iTemp;   /* Reduce the remaining space */
 3936              		.loc 1 1268 21
 3937 0316 832784FC 		lw	a5,-56(s0)
 3938 031a 0327C4FD 		lw	a4,-36(s0)
 3939 031e BB07F740 		subw	a5,a4,a5
 3940 0322 232EF4FC 		sw	a5,-36(s0)
1269:../src/middleware/bacnet/demo/object/trendlog.c ****         iLen += iTemp;  /* and increase the length consumed */
 3941              		.loc 1 1269 14
 3942 0326 0327C4FE 		lw	a4,-20(s0)
 3943 032a 832784FC 		lw	a5,-56(s0)
 3944 032e B99F     		addw	a5,a4,a5
 3945 0330 2326F4FE 		sw	a5,-20(s0)
1270:../src/middleware/bacnet/demo/object/trendlog.c ****         uiLast = uiIndex;       /* Record the last entry encoded */
 3946              		.loc 1 1270 16
 3947 0334 832784FE 		lw	a5,-24(s0)
 3948 0338 2322F4FE 		sw	a5,-28(s0)
1271:../src/middleware/bacnet/demo/object/trendlog.c ****         uiIndex++;      /* and get ready for next one */
 3949              		.loc 1 1271 16
 3950 033c 832784FE 		lw	a5,-24(s0)
 3951 0340 8527     		addiw	a5,a5,1
 3952 0342 2324F4FE 		sw	a5,-24(s0)
1272:../src/middleware/bacnet/demo/object/trendlog.c ****         uiSequence++;
 3953              		.loc 1 1272 19
 3954 0346 832704FE 		lw	a5,-32(s0)
 3955 034a 8527     		addiw	a5,a5,1
 3956 034c 2320F4FE 		sw	a5,-32(s0)
1273:../src/middleware/bacnet/demo/object/trendlog.c ****         pRequest->ItemCount++;  /* Chalk up another one for the response count */
 3957              		.loc 1 1273 17
 3958 0350 833704FA 		ld	a5,-96(s0)
 3959 0354 DC5B     		lw	a5,52(a5)
 3960              		.loc 1 1273 28
 3961 0356 8527     		addiw	a5,a5,1
 3962 0358 1B870700 		sext.w	a4,a5
 3963 035c 833704FA 		ld	a5,-96(s0)
 3964 0360 D8DB     		sw	a4,52(a5)
 3965              	.L201:
1255:../src/middleware/bacnet/demo/object/trendlog.c ****         if (uiRemaining < TL_MAX_ENC) {
 3966              		.loc 1 1255 32
 3967 0362 832744FD 		lw	a5,-44(s0)
 3968 0366 8527     		addiw	a5,a5,1
 3969 0368 1B870700 		sext.w	a4,a5
1255:../src/middleware/bacnet/demo/object/trendlog.c ****         if (uiRemaining < TL_MAX_ENC) {
 3970              		.loc 1 1255 11
 3971 036c 832704FE 		lw	a5,-32(s0)
 3972 0370 8127     		sext.w	a5,a5
 3973 0372 E39DE7F4 		bne	a5,a4,.L204
 3974              	.L203:
1274:../src/middleware/bacnet/demo/object/trendlog.c ****     }
1275:../src/middleware/bacnet/demo/object/trendlog.c **** 
1276:../src/middleware/bacnet/demo/object/trendlog.c ****     /* Set remaining result flags if necessary */
1277:../src/middleware/bacnet/demo/object/trendlog.c ****     if (uiFirst == 1)
 3975              		.loc 1 1277 8
 3976 0376 8327C4FB 		lw	a5,-68(s0)
 3977 037a 1B870700 		sext.w	a4,a5
 3978 037e 8547     		li	a5,1
 3979 0380 631CF700 		bne	a4,a5,.L205
1278:../src/middleware/bacnet/demo/object/trendlog.c ****         bitstring_set_bit(&pRequest->ResultFlags, RESULT_FLAG_FIRST_ITEM,
 3980              		.loc 1 1278 9
 3981 0384 833704FA 		ld	a5,-96(s0)
 3982 0388 F107     		addi	a5,a5,28
 3983 038a 0546     		li	a2,1
 3984 038c 8145     		li	a1,0
 3985 038e 3E85     		mv	a0,a5
 3986 0390 97000000 		call	bitstring_set_bit
 3986      E7800000 
 3987              	.L205:
1279:../src/middleware/bacnet/demo/object/trendlog.c ****             true);
1280:../src/middleware/bacnet/demo/object/trendlog.c **** 
1281:../src/middleware/bacnet/demo/object/trendlog.c ****     if (uiLast == CurrentLog->ulRecordCount)
 3988              		.loc 1 1281 29
 3989 0398 833704FC 		ld	a5,-64(s0)
 3990 039c F84B     		lw	a4,84(a5)
 3991              		.loc 1 1281 8
 3992 039e 832744FE 		lw	a5,-28(s0)
 3993 03a2 8127     		sext.w	a5,a5
 3994 03a4 639CE700 		bne	a5,a4,.L206
1282:../src/middleware/bacnet/demo/object/trendlog.c ****         bitstring_set_bit(&pRequest->ResultFlags, RESULT_FLAG_LAST_ITEM, true);
 3995              		.loc 1 1282 9
 3996 03a8 833704FA 		ld	a5,-96(s0)
 3997 03ac F107     		addi	a5,a5,28
 3998 03ae 0546     		li	a2,1
 3999 03b0 8545     		li	a1,1
 4000 03b2 3E85     		mv	a0,a5
 4001 03b4 97000000 		call	bitstring_set_bit
 4001      E7800000 
 4002              	.L206:
1283:../src/middleware/bacnet/demo/object/trendlog.c **** 
1284:../src/middleware/bacnet/demo/object/trendlog.c ****     pRequest->FirstSequence = uiBegin;
 4003              		.loc 1 1284 29
 4004 03bc 833704FA 		ld	a5,-96(s0)
 4005 03c0 032784FD 		lw	a4,-40(s0)
 4006 03c4 98DF     		sw	a4,56(a5)
1285:../src/middleware/bacnet/demo/object/trendlog.c **** 
1286:../src/middleware/bacnet/demo/object/trendlog.c ****     return (iLen);
 4007              		.loc 1 1286 12
 4008 03c6 8327C4FE 		lw	a5,-20(s0)
 4009              	.L187:
1287:../src/middleware/bacnet/demo/object/trendlog.c **** }
 4010              		.loc 1 1287 1
 4011 03ca 3E85     		mv	a0,a5
 4012 03cc E660     		ld	ra,88(sp)
 4013              		.cfi_restore 1
 4014 03ce 4664     		ld	s0,80(sp)
 4015              		.cfi_restore 8
 4016              		.cfi_def_cfa 2, 96
 4017 03d0 2561     		addi	sp,sp,96
 4018              		.cfi_def_cfa_offset 0
 4019 03d2 8280     		jr	ra
 4020              		.cfi_endproc
 4021              	.LFE20:
 4023              		.section	.text.TL_encode_by_time,"ax",@progbits
 4024              		.align	1
 4025              		.globl	TL_encode_by_time
 4027              	TL_encode_by_time:
 4028              	.LFB21:
1288:../src/middleware/bacnet/demo/object/trendlog.c **** 
1289:../src/middleware/bacnet/demo/object/trendlog.c **** /****************************************************************************
1290:../src/middleware/bacnet/demo/object/trendlog.c ****  * Handle encoding for the By Time option.                                  *
1291:../src/middleware/bacnet/demo/object/trendlog.c ****  * The fact that the buffer always has at least a single entry is used      *
1292:../src/middleware/bacnet/demo/object/trendlog.c ****  * implicetly in the following as we don't have to handle the case of an    *
1293:../src/middleware/bacnet/demo/object/trendlog.c ****  * empty buffer.                                                            *
1294:../src/middleware/bacnet/demo/object/trendlog.c ****  ****************************************************************************/
1295:../src/middleware/bacnet/demo/object/trendlog.c **** 
1296:../src/middleware/bacnet/demo/object/trendlog.c **** int TL_encode_by_time(
1297:../src/middleware/bacnet/demo/object/trendlog.c ****     uint8_t * apdu,
1298:../src/middleware/bacnet/demo/object/trendlog.c ****     BACNET_READ_RANGE_DATA * pRequest)
1299:../src/middleware/bacnet/demo/object/trendlog.c **** {
 4029              		.loc 1 1299 1
 4030              		.cfi_startproc
 4031 0000 1D71     		addi	sp,sp,-96
 4032              		.cfi_def_cfa_offset 96
 4033 0002 86EC     		sd	ra,88(sp)
 4034 0004 A2E8     		sd	s0,80(sp)
 4035              		.cfi_offset 1, -8
 4036              		.cfi_offset 8, -16
 4037 0006 8010     		addi	s0,sp,96
 4038              		.cfi_def_cfa 8, 0
 4039 0008 2334A4FA 		sd	a0,-88(s0)
 4040 000c 2330B4FA 		sd	a1,-96(s0)
1300:../src/middleware/bacnet/demo/object/trendlog.c ****     int log_index = 0;
 4041              		.loc 1 1300 9
 4042 0010 232A04FC 		sw	zero,-44(s0)
1301:../src/middleware/bacnet/demo/object/trendlog.c ****     int iLen = 0;
 4043              		.loc 1 1301 9
 4044 0014 232604FE 		sw	zero,-20(s0)
1302:../src/middleware/bacnet/demo/object/trendlog.c ****     int32_t iTemp = 0;
 4045              		.loc 1 1302 13
 4046 0018 232804FC 		sw	zero,-48(s0)
1303:../src/middleware/bacnet/demo/object/trendlog.c ****     int iCount = 0;
 4047              		.loc 1 1303 9
 4048 001c 232404FE 		sw	zero,-24(s0)
1304:../src/middleware/bacnet/demo/object/trendlog.c ****     TL_LOG_INFO *CurrentLog = NULL;
 4049              		.loc 1 1304 18
 4050 0020 233404FC 		sd	zero,-56(s0)
1305:../src/middleware/bacnet/demo/object/trendlog.c **** 
1306:../src/middleware/bacnet/demo/object/trendlog.c ****     uint32_t uiIndex = 0;       /* Current entry number */
 4051              		.loc 1 1306 14
 4052 0024 232204FE 		sw	zero,-28(s0)
1307:../src/middleware/bacnet/demo/object/trendlog.c ****     uint32_t uiFirst = 0;       /* Entry number we started encoding from */
 4053              		.loc 1 1307 14
 4054 0028 232204FC 		sw	zero,-60(s0)
1308:../src/middleware/bacnet/demo/object/trendlog.c ****     uint32_t uiLast = 0;        /* Entry number we finished encoding on */
 4055              		.loc 1 1308 14
 4056 002c 232004FE 		sw	zero,-32(s0)
1309:../src/middleware/bacnet/demo/object/trendlog.c ****     uint32_t uiRemaining = 0;   /* Amount of unused space in packet */
 4057              		.loc 1 1309 14
 4058 0030 232E04FC 		sw	zero,-36(s0)
1310:../src/middleware/bacnet/demo/object/trendlog.c ****     uint32_t uiFirstSeq = 0;    /* Sequence number for 1st record in log */
 4059              		.loc 1 1310 14
 4060 0034 232C04FC 		sw	zero,-40(s0)
1311:../src/middleware/bacnet/demo/object/trendlog.c ****     time_t tRefTime = 0;        /* The time from the request in local format */
 4061              		.loc 1 1311 12
 4062 0038 233C04FA 		sd	zero,-72(s0)
1312:../src/middleware/bacnet/demo/object/trendlog.c **** 
1313:../src/middleware/bacnet/demo/object/trendlog.c ****     /* See how much space we have */
1314:../src/middleware/bacnet/demo/object/trendlog.c ****     uiRemaining = MAX_APDU - pRequest->Overhead;
 4063              		.loc 1 1314 38
 4064 003c 833704FA 		ld	a5,-96(s0)
 4065 0040 9C5B     		lw	a5,48(a5)
 4066              		.loc 1 1314 28
 4067 0042 1307405C 		li	a4,1476
 4068 0046 BB07F740 		subw	a5,a4,a5
 4069 004a 8127     		sext.w	a5,a5
 4070              		.loc 1 1314 17
 4071 004c 232EF4FC 		sw	a5,-36(s0)
1315:../src/middleware/bacnet/demo/object/trendlog.c ****     log_index = Trend_Log_Instance_To_Index(pRequest->object_instance);
 4072              		.loc 1 1315 17
 4073 0050 833704FA 		ld	a5,-96(s0)
 4074 0054 DC43     		lw	a5,4(a5)
 4075 0056 3E85     		mv	a0,a5
 4076 0058 97000000 		call	Trend_Log_Instance_To_Index
 4076      E7800000 
 4077 0060 AA87     		mv	a5,a0
 4078 0062 8127     		sext.w	a5,a5
 4079              		.loc 1 1315 15
 4080 0064 232AF4FC 		sw	a5,-44(s0)
1316:../src/middleware/bacnet/demo/object/trendlog.c ****     CurrentLog = &LogInfo[log_index];
 4081              		.loc 1 1316 16
 4082 0068 032744FD 		lw	a4,-44(s0)
 4083 006c BA87     		mv	a5,a4
 4084 006e 9207     		slli	a5,a5,4
 4085 0070 998F     		sub	a5,a5,a4
 4086 0072 8E07     		slli	a5,a5,3
 4087 0074 17070000 		lla	a4,LogInfo
 4087      13070700 
 4088 007c BA97     		add	a5,a5,a4
 4089 007e 2334F4FC 		sd	a5,-56(s0)
1317:../src/middleware/bacnet/demo/object/trendlog.c **** 
1318:../src/middleware/bacnet/demo/object/trendlog.c ****     tRefTime = TL_BAC_Time_To_Local(&pRequest->Range.RefTime);
 4090              		.loc 1 1318 16
 4091 0082 833704FA 		ld	a5,-96(s0)
 4092 0086 9387C703 		addi	a5,a5,60
 4093 008a 3E85     		mv	a0,a5
 4094 008c 97000000 		call	TL_BAC_Time_To_Local
 4094      E7800000 
 4095 0094 233CA4FA 		sd	a0,-72(s0)
1319:../src/middleware/bacnet/demo/object/trendlog.c ****     /* Find correct position for oldest entry in log */
1320:../src/middleware/bacnet/demo/object/trendlog.c ****     if (CurrentLog->ulRecordCount < TL_MAX_ENTRIES)
 4096              		.loc 1 1320 19
 4097 0098 833784FC 		ld	a5,-56(s0)
 4098 009c FC4B     		lw	a5,84(a5)
 4099              		.loc 1 1320 8
 4100 009e 3E87     		mv	a4,a5
 4101 00a0 9307703E 		li	a5,999
 4102 00a4 63E5E700 		bgtu	a4,a5,.L208
1321:../src/middleware/bacnet/demo/object/trendlog.c ****         uiIndex = 0;
 4103              		.loc 1 1321 17
 4104 00a8 232204FE 		sw	zero,-28(s0)
 4105 00ac 31A0     		j	.L209
 4106              	.L208:
1322:../src/middleware/bacnet/demo/object/trendlog.c ****     else
1323:../src/middleware/bacnet/demo/object/trendlog.c ****         uiIndex = CurrentLog->iIndex;
 4107              		.loc 1 1323 29
 4108 00ae 833784FC 		ld	a5,-56(s0)
 4109 00b2 FC57     		lw	a5,108(a5)
 4110              		.loc 1 1323 17
 4111 00b4 2322F4FE 		sw	a5,-28(s0)
 4112              	.L209:
1324:../src/middleware/bacnet/demo/object/trendlog.c **** 
1325:../src/middleware/bacnet/demo/object/trendlog.c ****     if (pRequest->Count < 0) {
 4113              		.loc 1 1325 17
 4114 00b8 833704FA 		ld	a5,-96(s0)
 4115 00bc BC47     		lw	a5,72(a5)
 4116              		.loc 1 1325 8
 4117 00be 63D40710 		bge	a5,zero,.L210
1326:../src/middleware/bacnet/demo/object/trendlog.c ****         /* Start at end of log and look for record which has
1327:../src/middleware/bacnet/demo/object/trendlog.c ****          * timestamp greater than or equal to the reference.
1328:../src/middleware/bacnet/demo/object/trendlog.c ****          */
1329:../src/middleware/bacnet/demo/object/trendlog.c ****         iCount = CurrentLog->ulRecordCount - 1;
 4118              		.loc 1 1329 28
 4119 00c2 833784FC 		ld	a5,-56(s0)
 4120 00c6 FC4B     		lw	a5,84(a5)
 4121              		.loc 1 1329 44
 4122 00c8 FD37     		addiw	a5,a5,-1
 4123 00ca 8127     		sext.w	a5,a5
 4124              		.loc 1 1329 16
 4125 00cc 2324F4FE 		sw	a5,-24(s0)
1330:../src/middleware/bacnet/demo/object/trendlog.c ****         /* Start out with the sequence number for the last record */
1331:../src/middleware/bacnet/demo/object/trendlog.c ****         uiFirstSeq = CurrentLog->ulTotalRecordCount;
 4126              		.loc 1 1331 20
 4127 00d0 833784FC 		ld	a5,-56(s0)
 4128 00d4 BC4F     		lw	a5,88(a5)
 4129 00d6 232CF4FC 		sw	a5,-40(s0)
 4130              	.L215:
1332:../src/middleware/bacnet/demo/object/trendlog.c ****         for (;;) {
1333:../src/middleware/bacnet/demo/object/trendlog.c ****             if (Logs[pRequest->object_instance][(uiIndex +
 4131              		.loc 1 1333 30
 4132 00da 833704FA 		ld	a5,-96(s0)
 4133 00de D043     		lw	a2,4(a5)
 4134              		.loc 1 1333 58
 4135 00e0 832784FE 		lw	a5,-24(s0)
 4136 00e4 032744FE 		lw	a4,-28(s0)
 4137 00e8 B99F     		addw	a5,a4,a5
 4138 00ea 8127     		sext.w	a5,a5
1334:../src/middleware/bacnet/demo/object/trendlog.c ****                         iCount) % TL_MAX_ENTRIES].tTimeStamp < tRefTime)
 4139              		.loc 1 1334 33
 4140 00ec 3E87     		mv	a4,a5
 4141 00ee 9307803E 		li	a5,1000
 4142 00f2 BB77F702 		remuw	a5,a4,a5
 4143 00f6 8127     		sext.w	a5,a5
 4144              		.loc 1 1334 50
 4145 00f8 97060000 		lla	a3,Logs
 4145      93860600 
 4146 0100 13970702 		slli	a4,a5,32
 4147 0104 0193     		srli	a4,a4,32
 4148 0106 0216     		slli	a2,a2,32
 4149 0108 0192     		srli	a2,a2,32
 4150 010a BA87     		mv	a5,a4
 4151 010c 8607     		slli	a5,a5,1
 4152 010e BA97     		add	a5,a5,a4
 4153 0110 8E07     		slli	a5,a5,3
 4154 0112 1967     		li	a4,24576
 4155 0114 130707DC 		addi	a4,a4,-576
 4156 0118 3307E602 		mul	a4,a2,a4
 4157 011c BA97     		add	a5,a5,a4
 4158 011e B697     		add	a5,a3,a5
 4159 0120 9C63     		ld	a5,0(a5)
1333:../src/middleware/bacnet/demo/object/trendlog.c ****                         iCount) % TL_MAX_ENTRIES].tTimeStamp < tRefTime)
 4160              		.loc 1 1333 16
 4161 0122 033784FB 		ld	a4,-72(s0)
 4162 0126 63C3E702 		bgt	a4,a5,.L229
1335:../src/middleware/bacnet/demo/object/trendlog.c ****                 break;
1336:../src/middleware/bacnet/demo/object/trendlog.c **** 
1337:../src/middleware/bacnet/demo/object/trendlog.c ****             uiFirstSeq--;
 4163              		.loc 1 1337 23
 4164 012a 832784FD 		lw	a5,-40(s0)
 4165 012e FD37     		addiw	a5,a5,-1
 4166 0130 232CF4FC 		sw	a5,-40(s0)
1338:../src/middleware/bacnet/demo/object/trendlog.c ****             iCount--;
 4167              		.loc 1 1338 19
 4168 0134 832784FE 		lw	a5,-24(s0)
 4169 0138 FD37     		addiw	a5,a5,-1
 4170 013a 2324F4FE 		sw	a5,-24(s0)
1339:../src/middleware/bacnet/demo/object/trendlog.c ****             if (iCount < 0)
 4171              		.loc 1 1339 16
 4172 013e 832784FE 		lw	a5,-24(s0)
 4173 0142 8127     		sext.w	a5,a5
 4174 0144 E3DB07F8 		bge	a5,zero,.L215
1340:../src/middleware/bacnet/demo/object/trendlog.c ****                 return (0);
 4175              		.loc 1 1340 24
 4176 0148 8147     		li	a5,0
 4177 014a 1DAC     		j	.L214
 4178              	.L229:
1335:../src/middleware/bacnet/demo/object/trendlog.c **** 
 4179              		.loc 1 1335 17
 4180 014c 0100     		nop
1341:../src/middleware/bacnet/demo/object/trendlog.c ****         }
1342:../src/middleware/bacnet/demo/object/trendlog.c **** 
1343:../src/middleware/bacnet/demo/object/trendlog.c ****         /* We have an and point for our request,
1344:../src/middleware/bacnet/demo/object/trendlog.c ****          * now work backwards to find where we should start from
1345:../src/middleware/bacnet/demo/object/trendlog.c ****          */
1346:../src/middleware/bacnet/demo/object/trendlog.c **** 
1347:../src/middleware/bacnet/demo/object/trendlog.c ****         pRequest->Count = -pRequest->Count;     /* Conveert to +ve count */
 4181              		.loc 1 1347 36
 4182 014e 833704FA 		ld	a5,-96(s0)
 4183 0152 BC47     		lw	a5,72(a5)
 4184              		.loc 1 1347 27
 4185 0154 BB07F040 		negw	a5,a5
 4186 0158 1B870700 		sext.w	a4,a5
 4187              		.loc 1 1347 25
 4188 015c 833704FA 		ld	a5,-96(s0)
 4189 0160 B8C7     		sw	a4,72(a5)
1348:../src/middleware/bacnet/demo/object/trendlog.c ****         /* If count would bring us back beyond the limits
1349:../src/middleware/bacnet/demo/object/trendlog.c ****          * Of the buffer then pin it to the start of the buffer
1350:../src/middleware/bacnet/demo/object/trendlog.c ****          * otherwise adjust starting point and sequence number
1351:../src/middleware/bacnet/demo/object/trendlog.c ****          * appropriately.
1352:../src/middleware/bacnet/demo/object/trendlog.c ****          */
1353:../src/middleware/bacnet/demo/object/trendlog.c ****         iTemp = pRequest->Count - 1;
 4190              		.loc 1 1353 25
 4191 0162 833704FA 		ld	a5,-96(s0)
 4192 0166 BC47     		lw	a5,72(a5)
 4193              		.loc 1 1353 15
 4194 0168 FD37     		addiw	a5,a5,-1
 4195 016a 2328F4FC 		sw	a5,-48(s0)
1354:../src/middleware/bacnet/demo/object/trendlog.c ****         if (iTemp > iCount) {
 4196              		.loc 1 1354 12
 4197 016e 032704FD 		lw	a4,-48(s0)
 4198 0172 832784FE 		lw	a5,-24(s0)
 4199 0176 0127     		sext.w	a4,a4
 4200 0178 8127     		sext.w	a5,a5
 4201 017a 63D5E702 		ble	a4,a5,.L216
1355:../src/middleware/bacnet/demo/object/trendlog.c ****             uiFirstSeq -= iCount;
 4202              		.loc 1 1355 24
 4203 017e 832784FE 		lw	a5,-24(s0)
 4204 0182 032784FD 		lw	a4,-40(s0)
 4205 0186 BB07F740 		subw	a5,a4,a5
 4206 018a 232CF4FC 		sw	a5,-40(s0)
1356:../src/middleware/bacnet/demo/object/trendlog.c ****             pRequest->Count = iCount + 1;
 4207              		.loc 1 1356 38
 4208 018e 832784FE 		lw	a5,-24(s0)
 4209 0192 8527     		addiw	a5,a5,1
 4210 0194 1B870700 		sext.w	a4,a5
 4211              		.loc 1 1356 29
 4212 0198 833704FA 		ld	a5,-96(s0)
 4213 019c B8C7     		sw	a4,72(a5)
1357:../src/middleware/bacnet/demo/object/trendlog.c ****             iCount = 0;
 4214              		.loc 1 1357 20
 4215 019e 232404FE 		sw	zero,-24(s0)
 4216 01a2 65A8     		j	.L218
 4217              	.L216:
1358:../src/middleware/bacnet/demo/object/trendlog.c ****         } else {
1359:../src/middleware/bacnet/demo/object/trendlog.c ****             uiFirstSeq -= iTemp;
 4218              		.loc 1 1359 24
 4219 01a4 832704FD 		lw	a5,-48(s0)
 4220 01a8 032784FD 		lw	a4,-40(s0)
 4221 01ac BB07F740 		subw	a5,a4,a5
 4222 01b0 232CF4FC 		sw	a5,-40(s0)
1360:../src/middleware/bacnet/demo/object/trendlog.c ****             iCount -= iTemp;
 4223              		.loc 1 1360 20
 4224 01b4 032784FE 		lw	a4,-24(s0)
 4225 01b8 832704FD 		lw	a5,-48(s0)
 4226 01bc BB07F740 		subw	a5,a4,a5
 4227 01c0 2324F4FE 		sw	a5,-24(s0)
 4228 01c4 59A8     		j	.L218
 4229              	.L210:
1361:../src/middleware/bacnet/demo/object/trendlog.c ****         }
1362:../src/middleware/bacnet/demo/object/trendlog.c ****     } else {
1363:../src/middleware/bacnet/demo/object/trendlog.c ****         /* Start at beginning of log and look for 1st record which has
1364:../src/middleware/bacnet/demo/object/trendlog.c ****          * timestamp greater than the reference time.
1365:../src/middleware/bacnet/demo/object/trendlog.c ****          */
1366:../src/middleware/bacnet/demo/object/trendlog.c ****         iCount = 0;
 4230              		.loc 1 1366 16
 4231 01c6 232404FE 		sw	zero,-24(s0)
1367:../src/middleware/bacnet/demo/object/trendlog.c ****         /* Figure out the sequence number for the first record, last is ulTotalRecordCount */
1368:../src/middleware/bacnet/demo/object/trendlog.c ****         uiFirstSeq =
1369:../src/middleware/bacnet/demo/object/trendlog.c ****             CurrentLog->ulTotalRecordCount - (CurrentLog->ulRecordCount - 1);
 4232              		.loc 1 1369 23
 4233 01ca 833784FC 		ld	a5,-56(s0)
 4234 01ce B84F     		lw	a4,88(a5)
 4235              		.loc 1 1369 57
 4236 01d0 833784FC 		ld	a5,-56(s0)
 4237 01d4 FC4B     		lw	a5,84(a5)
 4238              		.loc 1 1369 44
 4239 01d6 BB07F740 		subw	a5,a4,a5
 4240 01da 8127     		sext.w	a5,a5
1368:../src/middleware/bacnet/demo/object/trendlog.c ****             CurrentLog->ulTotalRecordCount - (CurrentLog->ulRecordCount - 1);
 4241              		.loc 1 1368 20
 4242 01dc 8527     		addiw	a5,a5,1
 4243 01de 232CF4FC 		sw	a5,-40(s0)
 4244              	.L221:
1370:../src/middleware/bacnet/demo/object/trendlog.c ****         for (;;) {
1371:../src/middleware/bacnet/demo/object/trendlog.c ****             if (Logs[pRequest->object_instance][(uiIndex +
 4245              		.loc 1 1371 30
 4246 01e2 833704FA 		ld	a5,-96(s0)
 4247 01e6 D043     		lw	a2,4(a5)
 4248              		.loc 1 1371 58
 4249 01e8 832784FE 		lw	a5,-24(s0)
 4250 01ec 032744FE 		lw	a4,-28(s0)
 4251 01f0 B99F     		addw	a5,a4,a5
 4252 01f2 8127     		sext.w	a5,a5
1372:../src/middleware/bacnet/demo/object/trendlog.c ****                         iCount) % TL_MAX_ENTRIES].tTimeStamp > tRefTime)
 4253              		.loc 1 1372 33
 4254 01f4 3E87     		mv	a4,a5
 4255 01f6 9307803E 		li	a5,1000
 4256 01fa BB77F702 		remuw	a5,a4,a5
 4257 01fe 8127     		sext.w	a5,a5
 4258              		.loc 1 1372 50
 4259 0200 97060000 		lla	a3,Logs
 4259      93860600 
 4260 0208 13970702 		slli	a4,a5,32
 4261 020c 0193     		srli	a4,a4,32
 4262 020e 0216     		slli	a2,a2,32
 4263 0210 0192     		srli	a2,a2,32
 4264 0212 BA87     		mv	a5,a4
 4265 0214 8607     		slli	a5,a5,1
 4266 0216 BA97     		add	a5,a5,a4
 4267 0218 8E07     		slli	a5,a5,3
 4268 021a 1967     		li	a4,24576
 4269 021c 130707DC 		addi	a4,a4,-576
 4270 0220 3307E602 		mul	a4,a2,a4
 4271 0224 BA97     		add	a5,a5,a4
 4272 0226 B697     		add	a5,a3,a5
 4273 0228 9C63     		ld	a5,0(a5)
1371:../src/middleware/bacnet/demo/object/trendlog.c ****                         iCount) % TL_MAX_ENTRIES].tTimeStamp > tRefTime)
 4274              		.loc 1 1371 16
 4275 022a 033784FB 		ld	a4,-72(s0)
 4276 022e 6345F702 		blt	a4,a5,.L230
1373:../src/middleware/bacnet/demo/object/trendlog.c ****                 break;
1374:../src/middleware/bacnet/demo/object/trendlog.c **** 
1375:../src/middleware/bacnet/demo/object/trendlog.c ****             uiFirstSeq++;
 4277              		.loc 1 1375 23
 4278 0232 832784FD 		lw	a5,-40(s0)
 4279 0236 8527     		addiw	a5,a5,1
 4280 0238 232CF4FC 		sw	a5,-40(s0)
1376:../src/middleware/bacnet/demo/object/trendlog.c ****             iCount++;
 4281              		.loc 1 1376 19
 4282 023c 832784FE 		lw	a5,-24(s0)
 4283 0240 8527     		addiw	a5,a5,1
 4284 0242 2324F4FE 		sw	a5,-24(s0)
1377:../src/middleware/bacnet/demo/object/trendlog.c ****             if ((uint32_t) iCount == CurrentLog->ulRecordCount)
 4285              		.loc 1 1377 48
 4286 0246 833784FC 		ld	a5,-56(s0)
 4287 024a F84B     		lw	a4,84(a5)
 4288              		.loc 1 1377 35
 4289 024c 832784FE 		lw	a5,-24(s0)
 4290              		.loc 1 1377 16
 4291 0250 E319F7F8 		bne	a4,a5,.L221
1378:../src/middleware/bacnet/demo/object/trendlog.c ****                 return (0);
 4292              		.loc 1 1378 24
 4293 0254 8147     		li	a5,0
 4294 0256 2DA2     		j	.L214
 4295              	.L230:
1373:../src/middleware/bacnet/demo/object/trendlog.c **** 
 4296              		.loc 1 1373 17
 4297 0258 0100     		nop
 4298              	.L218:
1379:../src/middleware/bacnet/demo/object/trendlog.c ****         }
1380:../src/middleware/bacnet/demo/object/trendlog.c ****     }
1381:../src/middleware/bacnet/demo/object/trendlog.c **** 
1382:../src/middleware/bacnet/demo/object/trendlog.c ****     /* We now have a starting point for the operation and a +ve count */
1383:../src/middleware/bacnet/demo/object/trendlog.c **** 
1384:../src/middleware/bacnet/demo/object/trendlog.c ****     uiIndex = iCount + 1;       /* Convert to BACnet 1 based reference */
 4299              		.loc 1 1384 22
 4300 025a 832784FE 		lw	a5,-24(s0)
 4301 025e 8527     		addiw	a5,a5,1
 4302 0260 8127     		sext.w	a5,a5
 4303              		.loc 1 1384 13
 4304 0262 2322F4FE 		sw	a5,-28(s0)
1385:../src/middleware/bacnet/demo/object/trendlog.c ****     uiFirst = uiIndex;  /* Record where we started from */
 4305              		.loc 1 1385 13
 4306 0266 832744FE 		lw	a5,-28(s0)
 4307 026a 2322F4FC 		sw	a5,-60(s0)
1386:../src/middleware/bacnet/demo/object/trendlog.c ****     iCount = pRequest->Count;
 4308              		.loc 1 1386 12
 4309 026e 833704FA 		ld	a5,-96(s0)
 4310 0272 BC47     		lw	a5,72(a5)
 4311 0274 2324F4FE 		sw	a5,-24(s0)
1387:../src/middleware/bacnet/demo/object/trendlog.c ****     while (iCount != 0) {
 4312              		.loc 1 1387 11
 4313 0278 65A0     		j	.L222
 4314              	.L225:
1388:../src/middleware/bacnet/demo/object/trendlog.c ****         if (uiRemaining < TL_MAX_ENC) {
 4315              		.loc 1 1388 12
 4316 027a 8327C4FD 		lw	a5,-36(s0)
 4317 027e 1B870700 		sext.w	a4,a5
 4318 0282 D947     		li	a5,22
 4319 0284 63EDE700 		bgtu	a4,a5,.L223
1389:../src/middleware/bacnet/demo/object/trendlog.c ****             /*
1390:../src/middleware/bacnet/demo/object/trendlog.c ****              * Can't fit any more in! We just set the result flag to say there
1391:../src/middleware/bacnet/demo/object/trendlog.c ****              * was more and drop out of the loop early
1392:../src/middleware/bacnet/demo/object/trendlog.c ****              */
1393:../src/middleware/bacnet/demo/object/trendlog.c ****             bitstring_set_bit(&pRequest->ResultFlags, RESULT_FLAG_MORE_ITEMS,
 4320              		.loc 1 1393 13
 4321 0288 833704FA 		ld	a5,-96(s0)
 4322 028c F107     		addi	a5,a5,28
 4323 028e 0546     		li	a2,1
 4324 0290 8945     		li	a1,2
 4325 0292 3E85     		mv	a0,a5
 4326 0294 97000000 		call	bitstring_set_bit
 4326      E7800000 
1394:../src/middleware/bacnet/demo/object/trendlog.c ****                 true);
1395:../src/middleware/bacnet/demo/object/trendlog.c ****             break;
 4327              		.loc 1 1395 13
 4328 029c 41A8     		j	.L224
 4329              	.L223:
1396:../src/middleware/bacnet/demo/object/trendlog.c ****         }
1397:../src/middleware/bacnet/demo/object/trendlog.c **** 
1398:../src/middleware/bacnet/demo/object/trendlog.c ****         iTemp = TL_encode_entry(&apdu[iLen], log_index, uiIndex);
 4330              		.loc 1 1398 17
 4331 029e 8327C4FE 		lw	a5,-20(s0)
 4332 02a2 033784FA 		ld	a4,-88(s0)
 4333 02a6 BA97     		add	a5,a4,a5
 4334 02a8 832644FE 		lw	a3,-28(s0)
 4335 02ac 032744FD 		lw	a4,-44(s0)
 4336 02b0 3686     		mv	a2,a3
 4337 02b2 BA85     		mv	a1,a4
 4338 02b4 3E85     		mv	a0,a5
 4339 02b6 97000000 		call	TL_encode_entry
 4339      E7800000 
 4340 02be AA87     		mv	a5,a0
 4341 02c0 2328F4FC 		sw	a5,-48(s0)
1399:../src/middleware/bacnet/demo/object/trendlog.c **** 
1400:../src/middleware/bacnet/demo/object/trendlog.c ****         uiRemaining -= iTemp;   /* Reduce the remaining space */
 4342              		.loc 1 1400 21
 4343 02c4 832704FD 		lw	a5,-48(s0)
 4344 02c8 0327C4FD 		lw	a4,-36(s0)
 4345 02cc BB07F740 		subw	a5,a4,a5
 4346 02d0 232EF4FC 		sw	a5,-36(s0)
1401:../src/middleware/bacnet/demo/object/trendlog.c ****         iLen += iTemp;  /* and increase the length consumed */
 4347              		.loc 1 1401 14
 4348 02d4 0327C4FE 		lw	a4,-20(s0)
 4349 02d8 832704FD 		lw	a5,-48(s0)
 4350 02dc B99F     		addw	a5,a4,a5
 4351 02de 2326F4FE 		sw	a5,-20(s0)
1402:../src/middleware/bacnet/demo/object/trendlog.c ****         uiLast = uiIndex;       /* Record the last entry encoded */
 4352              		.loc 1 1402 16
 4353 02e2 832744FE 		lw	a5,-28(s0)
 4354 02e6 2320F4FE 		sw	a5,-32(s0)
1403:../src/middleware/bacnet/demo/object/trendlog.c ****         uiIndex++;      /* and get ready for next one */
 4355              		.loc 1 1403 16
 4356 02ea 832744FE 		lw	a5,-28(s0)
 4357 02ee 8527     		addiw	a5,a5,1
 4358 02f0 2322F4FE 		sw	a5,-28(s0)
1404:../src/middleware/bacnet/demo/object/trendlog.c ****         pRequest->ItemCount++;  /* Chalk up another one for the response count */
 4359              		.loc 1 1404 17
 4360 02f4 833704FA 		ld	a5,-96(s0)
 4361 02f8 DC5B     		lw	a5,52(a5)
 4362              		.loc 1 1404 28
 4363 02fa 8527     		addiw	a5,a5,1
 4364 02fc 1B870700 		sext.w	a4,a5
 4365 0300 833704FA 		ld	a5,-96(s0)
 4366 0304 D8DB     		sw	a4,52(a5)
1405:../src/middleware/bacnet/demo/object/trendlog.c ****         iCount--;       /* And finally cross another one off the requested count */
 4367              		.loc 1 1405 15
 4368 0306 832784FE 		lw	a5,-24(s0)
 4369 030a FD37     		addiw	a5,a5,-1
 4370 030c 2324F4FE 		sw	a5,-24(s0)
1406:../src/middleware/bacnet/demo/object/trendlog.c **** 
1407:../src/middleware/bacnet/demo/object/trendlog.c ****         if (uiIndex > CurrentLog->ulRecordCount)        /* Finish up if we hit the end of the log *
 4371              		.loc 1 1407 33
 4372 0310 833784FC 		ld	a5,-56(s0)
 4373 0314 F84B     		lw	a4,84(a5)
 4374              		.loc 1 1407 12
 4375 0316 832744FE 		lw	a5,-28(s0)
 4376 031a 8127     		sext.w	a5,a5
 4377 031c 6367F700 		bgtu	a5,a4,.L231
 4378              	.L222:
1387:../src/middleware/bacnet/demo/object/trendlog.c ****         if (uiRemaining < TL_MAX_ENC) {
 4379              		.loc 1 1387 11
 4380 0320 832784FE 		lw	a5,-24(s0)
 4381 0324 8127     		sext.w	a5,a5
 4382 0326 B1FB     		bne	a5,zero,.L225
 4383 0328 11A0     		j	.L224
 4384              	.L231:
1408:../src/middleware/bacnet/demo/object/trendlog.c ****             break;
 4385              		.loc 1 1408 13
 4386 032a 0100     		nop
 4387              	.L224:
1409:../src/middleware/bacnet/demo/object/trendlog.c ****     }
1410:../src/middleware/bacnet/demo/object/trendlog.c **** 
1411:../src/middleware/bacnet/demo/object/trendlog.c ****     /* Set remaining result flags if necessary */
1412:../src/middleware/bacnet/demo/object/trendlog.c ****     if (uiFirst == 1)
 4388              		.loc 1 1412 8
 4389 032c 832744FC 		lw	a5,-60(s0)
 4390 0330 1B870700 		sext.w	a4,a5
 4391 0334 8547     		li	a5,1
 4392 0336 631CF700 		bne	a4,a5,.L226
1413:../src/middleware/bacnet/demo/object/trendlog.c ****         bitstring_set_bit(&pRequest->ResultFlags, RESULT_FLAG_FIRST_ITEM,
 4393              		.loc 1 1413 9
 4394 033a 833704FA 		ld	a5,-96(s0)
 4395 033e F107     		addi	a5,a5,28
 4396 0340 0546     		li	a2,1
 4397 0342 8145     		li	a1,0
 4398 0344 3E85     		mv	a0,a5
 4399 0346 97000000 		call	bitstring_set_bit
 4399      E7800000 
 4400              	.L226:
1414:../src/middleware/bacnet/demo/object/trendlog.c ****             true);
1415:../src/middleware/bacnet/demo/object/trendlog.c **** 
1416:../src/middleware/bacnet/demo/object/trendlog.c ****     if (uiLast == CurrentLog->ulRecordCount)
 4401              		.loc 1 1416 29
 4402 034e 833784FC 		ld	a5,-56(s0)
 4403 0352 F84B     		lw	a4,84(a5)
 4404              		.loc 1 1416 8
 4405 0354 832704FE 		lw	a5,-32(s0)
 4406 0358 8127     		sext.w	a5,a5
 4407 035a 639CE700 		bne	a5,a4,.L227
1417:../src/middleware/bacnet/demo/object/trendlog.c ****         bitstring_set_bit(&pRequest->ResultFlags, RESULT_FLAG_LAST_ITEM, true);
 4408              		.loc 1 1417 9
 4409 035e 833704FA 		ld	a5,-96(s0)
 4410 0362 F107     		addi	a5,a5,28
 4411 0364 0546     		li	a2,1
 4412 0366 8545     		li	a1,1
 4413 0368 3E85     		mv	a0,a5
 4414 036a 97000000 		call	bitstring_set_bit
 4414      E7800000 
 4415              	.L227:
1418:../src/middleware/bacnet/demo/object/trendlog.c **** 
1419:../src/middleware/bacnet/demo/object/trendlog.c ****     pRequest->FirstSequence = uiFirstSeq;
 4416              		.loc 1 1419 29
 4417 0372 833704FA 		ld	a5,-96(s0)
 4418 0376 032784FD 		lw	a4,-40(s0)
 4419 037a 98DF     		sw	a4,56(a5)
1420:../src/middleware/bacnet/demo/object/trendlog.c **** 
1421:../src/middleware/bacnet/demo/object/trendlog.c ****     return (iLen);
 4420              		.loc 1 1421 12
 4421 037c 8327C4FE 		lw	a5,-20(s0)
 4422              	.L214:
1422:../src/middleware/bacnet/demo/object/trendlog.c **** }
 4423              		.loc 1 1422 1
 4424 0380 3E85     		mv	a0,a5
 4425 0382 E660     		ld	ra,88(sp)
 4426              		.cfi_restore 1
 4427 0384 4664     		ld	s0,80(sp)
 4428              		.cfi_restore 8
 4429              		.cfi_def_cfa 2, 96
 4430 0386 2561     		addi	sp,sp,96
 4431              		.cfi_def_cfa_offset 0
 4432 0388 8280     		jr	ra
 4433              		.cfi_endproc
 4434              	.LFE21:
 4436              		.section	.text.TL_encode_entry,"ax",@progbits
 4437              		.align	1
 4438              		.globl	TL_encode_entry
 4440              	TL_encode_entry:
 4441              	.LFB22:
1423:../src/middleware/bacnet/demo/object/trendlog.c **** 
1424:../src/middleware/bacnet/demo/object/trendlog.c **** 
1425:../src/middleware/bacnet/demo/object/trendlog.c **** int TL_encode_entry(
1426:../src/middleware/bacnet/demo/object/trendlog.c ****     uint8_t * apdu,
1427:../src/middleware/bacnet/demo/object/trendlog.c ****     int iLog,
1428:../src/middleware/bacnet/demo/object/trendlog.c ****     int iEntry)
1429:../src/middleware/bacnet/demo/object/trendlog.c **** {
 4442              		.loc 1 1429 1
 4443              		.cfi_startproc
 4444 0000 1D71     		addi	sp,sp,-96
 4445              		.cfi_def_cfa_offset 96
 4446 0002 86EC     		sd	ra,88(sp)
 4447 0004 A2E8     		sd	s0,80(sp)
 4448              		.cfi_offset 1, -8
 4449              		.cfi_offset 8, -16
 4450 0006 8010     		addi	s0,sp,96
 4451              		.cfi_def_cfa 8, 0
 4452 0008 2334A4FA 		sd	a0,-88(s0)
 4453 000c AE87     		mv	a5,a1
 4454 000e 3287     		mv	a4,a2
 4455 0010 2322F4FA 		sw	a5,-92(s0)
 4456 0014 BA87     		mv	a5,a4
 4457 0016 2320F4FA 		sw	a5,-96(s0)
1430:../src/middleware/bacnet/demo/object/trendlog.c ****     int iLen = 0;
 4458              		.loc 1 1430 9
 4459 001a 232604FE 		sw	zero,-20(s0)
1431:../src/middleware/bacnet/demo/object/trendlog.c ****     TL_DATA_REC *pSource = NULL;
 4460              		.loc 1 1431 18
 4461 001e 233004FE 		sd	zero,-32(s0)
1432:../src/middleware/bacnet/demo/object/trendlog.c ****     BACNET_BIT_STRING TempBits;
1433:../src/middleware/bacnet/demo/object/trendlog.c ****     uint8_t ucCount = 0;
 4462              		.loc 1 1433 13
 4463 0022 A30F04FC 		sb	zero,-33(s0)
1434:../src/middleware/bacnet/demo/object/trendlog.c ****     BACNET_DATE_TIME TempTime;
1435:../src/middleware/bacnet/demo/object/trendlog.c **** 
1436:../src/middleware/bacnet/demo/object/trendlog.c ****     /* Convert from BACnet 1 based to 0 based array index and then
1437:../src/middleware/bacnet/demo/object/trendlog.c ****      * handle wrap around of the circular buffer */
1438:../src/middleware/bacnet/demo/object/trendlog.c **** 
1439:../src/middleware/bacnet/demo/object/trendlog.c ****     if (LogInfo[iLog].ulRecordCount < TL_MAX_ENTRIES)
 4464              		.loc 1 1439 22
 4465 0026 97060000 		lla	a3,LogInfo
 4465      93860600 
 4466 002e 032744FA 		lw	a4,-92(s0)
 4467 0032 BA87     		mv	a5,a4
 4468 0034 9207     		slli	a5,a5,4
 4469 0036 998F     		sub	a5,a5,a4
 4470 0038 8E07     		slli	a5,a5,3
 4471 003a B697     		add	a5,a3,a5
 4472 003c FC4B     		lw	a5,84(a5)
 4473              		.loc 1 1439 8
 4474 003e 3E87     		mv	a4,a5
 4475 0040 9307703E 		li	a5,999
 4476 0044 63E1E704 		bgtu	a4,a5,.L233
1440:../src/middleware/bacnet/demo/object/trendlog.c ****         pSource = &Logs[iLog][(iEntry - 1) % TL_MAX_ENTRIES];
 4477              		.loc 1 1440 39
 4478 0048 832704FA 		lw	a5,-96(s0)
 4479 004c FD37     		addiw	a5,a5,-1
 4480 004e 8127     		sext.w	a5,a5
 4481              		.loc 1 1440 44
 4482 0050 3E87     		mv	a4,a5
 4483 0052 9307803E 		li	a5,1000
 4484 0056 BB67F702 		remw	a5,a4,a5
 4485 005a 1B870700 		sext.w	a4,a5
 4486              		.loc 1 1440 17
 4487 005e BA87     		mv	a5,a4
 4488 0060 8607     		slli	a5,a5,1
 4489 0062 BA97     		add	a5,a5,a4
 4490 0064 8E07     		slli	a5,a5,3
 4491 0066 832644FA 		lw	a3,-92(s0)
 4492 006a 1967     		li	a4,24576
 4493 006c 130707DC 		addi	a4,a4,-576
 4494 0070 3387E602 		mul	a4,a3,a4
 4495 0074 3E97     		add	a4,a5,a4
 4496 0076 97070000 		lla	a5,Logs
 4496      93870700 
 4497 007e BA97     		add	a5,a4,a5
 4498 0080 2330F4FE 		sd	a5,-32(s0)
 4499 0084 A9A8     		j	.L234
 4500              	.L233:
1441:../src/middleware/bacnet/demo/object/trendlog.c ****     else
1442:../src/middleware/bacnet/demo/object/trendlog.c ****         pSource =
1443:../src/middleware/bacnet/demo/object/trendlog.c ****             &Logs[iLog][(LogInfo[iLog].iIndex + iEntry - 1) % TL_MAX_ENTRIES];
 4501              		.loc 1 1443 39
 4502 0086 97060000 		lla	a3,LogInfo
 4502      93860600 
 4503 008e 032744FA 		lw	a4,-92(s0)
 4504 0092 BA87     		mv	a5,a4
 4505 0094 9207     		slli	a5,a5,4
 4506 0096 998F     		sub	a5,a5,a4
 4507 0098 8E07     		slli	a5,a5,3
 4508 009a B697     		add	a5,a3,a5
 4509 009c FC57     		lw	a5,108(a5)
 4510              		.loc 1 1443 47
 4511 009e 032704FA 		lw	a4,-96(s0)
 4512 00a2 B99F     		addw	a5,a4,a5
 4513 00a4 8127     		sext.w	a5,a5
 4514              		.loc 1 1443 56
 4515 00a6 FD37     		addiw	a5,a5,-1
 4516 00a8 8127     		sext.w	a5,a5
 4517              		.loc 1 1443 61
 4518 00aa 3E87     		mv	a4,a5
 4519 00ac 9307803E 		li	a5,1000
 4520 00b0 BB67F702 		remw	a5,a4,a5
 4521 00b4 1B870700 		sext.w	a4,a5
1442:../src/middleware/bacnet/demo/object/trendlog.c ****             &Logs[iLog][(LogInfo[iLog].iIndex + iEntry - 1) % TL_MAX_ENTRIES];
 4522              		.loc 1 1442 17
 4523 00b8 BA87     		mv	a5,a4
 4524 00ba 8607     		slli	a5,a5,1
 4525 00bc BA97     		add	a5,a5,a4
 4526 00be 8E07     		slli	a5,a5,3
 4527 00c0 832644FA 		lw	a3,-92(s0)
 4528 00c4 1967     		li	a4,24576
 4529 00c6 130707DC 		addi	a4,a4,-576
 4530 00ca 3387E602 		mul	a4,a3,a4
 4531 00ce 3E97     		add	a4,a5,a4
 4532 00d0 97070000 		lla	a5,Logs
 4532      93870700 
 4533 00d8 BA97     		add	a5,a4,a5
 4534 00da 2330F4FE 		sd	a5,-32(s0)
 4535              	.L234:
1444:../src/middleware/bacnet/demo/object/trendlog.c **** 
1445:../src/middleware/bacnet/demo/object/trendlog.c ****     iLen = 0;
 4536              		.loc 1 1445 10
 4537 00de 232604FE 		sw	zero,-20(s0)
1446:../src/middleware/bacnet/demo/object/trendlog.c ****     /* First stick the time stamp in with tag [0] */
1447:../src/middleware/bacnet/demo/object/trendlog.c ****     TL_Local_Time_To_BAC(&TempTime, pSource->tTimeStamp);
 4538              		.loc 1 1447 5
 4539 00e2 833704FE 		ld	a5,-32(s0)
 4540 00e6 9863     		ld	a4,0(a5)
 4541 00e8 930784FB 		addi	a5,s0,-72
 4542 00ec BA85     		mv	a1,a4
 4543 00ee 3E85     		mv	a0,a5
 4544 00f0 97000000 		call	TL_Local_Time_To_BAC
 4544      E7800000 
1448:../src/middleware/bacnet/demo/object/trendlog.c ****     iLen += bacapp_encode_context_datetime(apdu, 0, &TempTime);
 4545              		.loc 1 1448 13
 4546 00f8 930784FB 		addi	a5,s0,-72
 4547 00fc 3E86     		mv	a2,a5
 4548 00fe 8145     		li	a1,0
 4549 0100 033584FA 		ld	a0,-88(s0)
 4550 0104 97000000 		call	bacapp_encode_context_datetime
 4550      E7800000 
 4551 010c AA87     		mv	a5,a0
 4552 010e 3E87     		mv	a4,a5
 4553              		.loc 1 1448 10
 4554 0110 8327C4FE 		lw	a5,-20(s0)
 4555 0114 B99F     		addw	a5,a5,a4
 4556 0116 2326F4FE 		sw	a5,-20(s0)
1449:../src/middleware/bacnet/demo/object/trendlog.c **** 
1450:../src/middleware/bacnet/demo/object/trendlog.c ****     /* Next comes the actual entry with tag [1] */
1451:../src/middleware/bacnet/demo/object/trendlog.c ****     iLen += encode_opening_tag(&apdu[iLen], 1);
 4557              		.loc 1 1451 13
 4558 011a 8327C4FE 		lw	a5,-20(s0)
 4559 011e 033784FA 		ld	a4,-88(s0)
 4560 0122 BA97     		add	a5,a4,a5
 4561 0124 8545     		li	a1,1
 4562 0126 3E85     		mv	a0,a5
 4563 0128 97000000 		call	encode_opening_tag
 4563      E7800000 
 4564 0130 AA87     		mv	a5,a0
 4565 0132 3E87     		mv	a4,a5
 4566              		.loc 1 1451 10
 4567 0134 8327C4FE 		lw	a5,-20(s0)
 4568 0138 B99F     		addw	a5,a5,a4
 4569 013a 2326F4FE 		sw	a5,-20(s0)
1452:../src/middleware/bacnet/demo/object/trendlog.c ****     /* The data entry is tagged individually [0] - [10] to indicate which type */
1453:../src/middleware/bacnet/demo/object/trendlog.c ****     switch (pSource->ucRecType) {
 4570              		.loc 1 1453 20
 4571 013e 833704FE 		ld	a5,-32(s0)
 4572 0142 83C78700 		lbu	a5,8(a5)
 4573 0146 8127     		sext.w	a5,a5
 4574              		.loc 1 1453 5
 4575 0148 BE86     		mv	a3,a5
 4576 014a 2947     		li	a4,10
 4577 014c 6360D738 		bgtu	a3,a4,.L235
 4578 0150 13972700 		slli	a4,a5,2
 4579 0154 97070000 		lla	a5,.L237
 4579      93870700 
 4580 015c BA97     		add	a5,a4,a5
 4581 015e 9C43     		lw	a5,0(a5)
 4582 0160 1B870700 		sext.w	a4,a5
 4583 0164 97070000 		lla	a5,.L237
 4583      93870700 
 4584 016c BA97     		add	a5,a4,a5
 4585 016e 8287     		jr	a5
 4586              		.section	.rodata.TL_encode_entry,"a",@progbits
 4587              		.align	2
 4588              		.align	2
 4589              	.L237:
 4590 0000 00000000 		.word	.L247-.L237
 4591 0004 00000000 		.word	.L246-.L237
 4592 0008 00000000 		.word	.L245-.L237
 4593 000c 00000000 		.word	.L244-.L237
 4594 0010 00000000 		.word	.L243-.L237
 4595 0014 00000000 		.word	.L242-.L237
 4596 0018 00000000 		.word	.L241-.L237
 4597 001c 00000000 		.word	.L240-.L237
 4598 0020 00000000 		.word	.L239-.L237
 4599 0024 00000000 		.word	.L238-.L237
 4600 0028 00000000 		.word	.L252-.L237
 4601              		.section	.text.TL_encode_entry
 4602              	.L247:
1454:../src/middleware/bacnet/demo/object/trendlog.c ****         case TL_TYPE_STATUS:
1455:../src/middleware/bacnet/demo/object/trendlog.c ****             /* Build bit string directly from the stored octet */
1456:../src/middleware/bacnet/demo/object/trendlog.c ****             bitstring_init(&TempBits);
 4603              		.loc 1 1456 13
 4604 0170 930784FC 		addi	a5,s0,-56
 4605 0174 3E85     		mv	a0,a5
 4606 0176 97000000 		call	bitstring_init
 4606      E7800000 
1457:../src/middleware/bacnet/demo/object/trendlog.c ****             bitstring_set_bits_used(&TempBits, 1, 5);
 4607              		.loc 1 1457 13
 4608 017e 930784FC 		addi	a5,s0,-56
 4609 0182 1546     		li	a2,5
 4610 0184 8545     		li	a1,1
 4611 0186 3E85     		mv	a0,a5
 4612 0188 97000000 		call	bitstring_set_bits_used
 4612      E7800000 
1458:../src/middleware/bacnet/demo/object/trendlog.c ****             bitstring_set_octet(&TempBits, 0, pSource->Datum.ucLogStatus);
 4613              		.loc 1 1458 13
 4614 0190 833704FE 		ld	a5,-32(s0)
 4615 0194 03C7C700 		lbu	a4,12(a5)
 4616 0198 930784FC 		addi	a5,s0,-56
 4617 019c 3A86     		mv	a2,a4
 4618 019e 8145     		li	a1,0
 4619 01a0 3E85     		mv	a0,a5
 4620 01a2 97000000 		call	bitstring_set_octet
 4620      E7800000 
1459:../src/middleware/bacnet/demo/object/trendlog.c ****             iLen +=
1460:../src/middleware/bacnet/demo/object/trendlog.c ****                 encode_context_bitstring(&apdu[iLen], pSource->ucRecType,
 4621              		.loc 1 1460 17
 4622 01aa 8327C4FE 		lw	a5,-20(s0)
 4623 01ae 033784FA 		ld	a4,-88(s0)
 4624 01b2 3E97     		add	a4,a4,a5
 4625 01b4 833704FE 		ld	a5,-32(s0)
 4626 01b8 83C78700 		lbu	a5,8(a5)
 4627 01bc 930684FC 		addi	a3,s0,-56
 4628 01c0 3686     		mv	a2,a3
 4629 01c2 BE85     		mv	a1,a5
 4630 01c4 3A85     		mv	a0,a4
 4631 01c6 97000000 		call	encode_context_bitstring
 4631      E7800000 
 4632 01ce AA87     		mv	a5,a0
 4633 01d0 3E87     		mv	a4,a5
1459:../src/middleware/bacnet/demo/object/trendlog.c ****             iLen +=
 4634              		.loc 1 1459 18
 4635 01d2 8327C4FE 		lw	a5,-20(s0)
 4636 01d6 B99F     		addw	a5,a5,a4
 4637 01d8 2326F4FE 		sw	a5,-20(s0)
1461:../src/middleware/bacnet/demo/object/trendlog.c ****                 &TempBits);
1462:../src/middleware/bacnet/demo/object/trendlog.c ****             break;
 4638              		.loc 1 1462 13
 4639 01dc C5AC     		j	.L235
 4640              	.L246:
1463:../src/middleware/bacnet/demo/object/trendlog.c **** 
1464:../src/middleware/bacnet/demo/object/trendlog.c ****         case TL_TYPE_BOOL:
1465:../src/middleware/bacnet/demo/object/trendlog.c ****             iLen +=
1466:../src/middleware/bacnet/demo/object/trendlog.c ****                 encode_context_boolean(&apdu[iLen], pSource->ucRecType,
 4641              		.loc 1 1466 17
 4642 01de 8327C4FE 		lw	a5,-20(s0)
 4643 01e2 033784FA 		ld	a4,-88(s0)
 4644 01e6 3E97     		add	a4,a4,a5
 4645 01e8 833704FE 		ld	a5,-32(s0)
 4646 01ec 83C68700 		lbu	a3,8(a5)
1467:../src/middleware/bacnet/demo/object/trendlog.c ****                 pSource->Datum.ucBoolean);
 4647              		.loc 1 1467 31
 4648 01f0 833704FE 		ld	a5,-32(s0)
 4649 01f4 83C7C700 		lbu	a5,12(a5)
1466:../src/middleware/bacnet/demo/object/trendlog.c ****                 pSource->Datum.ucBoolean);
 4650              		.loc 1 1466 17
 4651 01f8 8127     		sext.w	a5,a5
 4652 01fa B337F000 		snez	a5,a5
 4653 01fe 93F7F70F 		andi	a5,a5,0xff
 4654 0202 3E86     		mv	a2,a5
 4655 0204 B685     		mv	a1,a3
 4656 0206 3A85     		mv	a0,a4
 4657 0208 97000000 		call	encode_context_boolean
 4657      E7800000 
 4658 0210 AA87     		mv	a5,a0
 4659 0212 3E87     		mv	a4,a5
1465:../src/middleware/bacnet/demo/object/trendlog.c ****                 encode_context_boolean(&apdu[iLen], pSource->ucRecType,
 4660              		.loc 1 1465 18
 4661 0214 8327C4FE 		lw	a5,-20(s0)
 4662 0218 B99F     		addw	a5,a5,a4
 4663 021a 2326F4FE 		sw	a5,-20(s0)
1468:../src/middleware/bacnet/demo/object/trendlog.c ****             break;
 4664              		.loc 1 1468 13
 4665 021e 7DA4     		j	.L235
 4666              	.L245:
1469:../src/middleware/bacnet/demo/object/trendlog.c **** 
1470:../src/middleware/bacnet/demo/object/trendlog.c ****         case TL_TYPE_REAL:
1471:../src/middleware/bacnet/demo/object/trendlog.c ****             iLen +=
1472:../src/middleware/bacnet/demo/object/trendlog.c ****                 encode_context_real(&apdu[iLen], pSource->ucRecType,
 4667              		.loc 1 1472 17
 4668 0220 8327C4FE 		lw	a5,-20(s0)
 4669 0224 033784FA 		ld	a4,-88(s0)
 4670 0228 3E97     		add	a4,a4,a5
 4671 022a 833704FE 		ld	a5,-32(s0)
 4672 022e 83C68700 		lbu	a3,8(a5)
 4673 0232 833704FE 		ld	a5,-32(s0)
 4674 0236 DC47     		lw	a5,12(a5)
 4675 0238 3E86     		mv	a2,a5
 4676 023a B685     		mv	a1,a3
 4677 023c 3A85     		mv	a0,a4
 4678 023e 97000000 		call	encode_context_real
 4678      E7800000 
 4679 0246 AA87     		mv	a5,a0
 4680 0248 3E87     		mv	a4,a5
1471:../src/middleware/bacnet/demo/object/trendlog.c ****                 encode_context_real(&apdu[iLen], pSource->ucRecType,
 4681              		.loc 1 1471 18
 4682 024a 8327C4FE 		lw	a5,-20(s0)
 4683 024e B99F     		addw	a5,a5,a4
 4684 0250 2326F4FE 		sw	a5,-20(s0)
1473:../src/middleware/bacnet/demo/object/trendlog.c ****                 pSource->Datum.fReal);
1474:../src/middleware/bacnet/demo/object/trendlog.c ****             break;
 4685              		.loc 1 1474 13
 4686 0254 A5AC     		j	.L235
 4687              	.L244:
1475:../src/middleware/bacnet/demo/object/trendlog.c **** 
1476:../src/middleware/bacnet/demo/object/trendlog.c ****         case TL_TYPE_ENUM:
1477:../src/middleware/bacnet/demo/object/trendlog.c ****             iLen +=
1478:../src/middleware/bacnet/demo/object/trendlog.c ****                 encode_context_enumerated(&apdu[iLen], pSource->ucRecType,
 4688              		.loc 1 1478 17
 4689 0256 8327C4FE 		lw	a5,-20(s0)
 4690 025a 033784FA 		ld	a4,-88(s0)
 4691 025e 3E97     		add	a4,a4,a5
 4692 0260 833704FE 		ld	a5,-32(s0)
 4693 0264 83C68700 		lbu	a3,8(a5)
 4694 0268 833704FE 		ld	a5,-32(s0)
 4695 026c DC47     		lw	a5,12(a5)
 4696 026e 3E86     		mv	a2,a5
 4697 0270 B685     		mv	a1,a3
 4698 0272 3A85     		mv	a0,a4
 4699 0274 97000000 		call	encode_context_enumerated
 4699      E7800000 
 4700 027c AA87     		mv	a5,a0
 4701 027e 3E87     		mv	a4,a5
1477:../src/middleware/bacnet/demo/object/trendlog.c ****                 encode_context_enumerated(&apdu[iLen], pSource->ucRecType,
 4702              		.loc 1 1477 18
 4703 0280 8327C4FE 		lw	a5,-20(s0)
 4704 0284 B99F     		addw	a5,a5,a4
 4705 0286 2326F4FE 		sw	a5,-20(s0)
1479:../src/middleware/bacnet/demo/object/trendlog.c ****                 pSource->Datum.ulEnum);
1480:../src/middleware/bacnet/demo/object/trendlog.c ****             break;
 4706              		.loc 1 1480 13
 4707 028a 89A4     		j	.L235
 4708              	.L243:
1481:../src/middleware/bacnet/demo/object/trendlog.c **** 
1482:../src/middleware/bacnet/demo/object/trendlog.c ****         case TL_TYPE_UNSIGN:
1483:../src/middleware/bacnet/demo/object/trendlog.c ****             iLen +=
1484:../src/middleware/bacnet/demo/object/trendlog.c ****                 encode_context_unsigned(&apdu[iLen], pSource->ucRecType,
 4709              		.loc 1 1484 17
 4710 028c 8327C4FE 		lw	a5,-20(s0)
 4711 0290 033784FA 		ld	a4,-88(s0)
 4712 0294 3E97     		add	a4,a4,a5
 4713 0296 833704FE 		ld	a5,-32(s0)
 4714 029a 83C68700 		lbu	a3,8(a5)
 4715 029e 833704FE 		ld	a5,-32(s0)
 4716 02a2 DC47     		lw	a5,12(a5)
 4717 02a4 3E86     		mv	a2,a5
 4718 02a6 B685     		mv	a1,a3
 4719 02a8 3A85     		mv	a0,a4
 4720 02aa 97000000 		call	encode_context_unsigned
 4720      E7800000 
 4721 02b2 AA87     		mv	a5,a0
 4722 02b4 3E87     		mv	a4,a5
1483:../src/middleware/bacnet/demo/object/trendlog.c ****                 encode_context_unsigned(&apdu[iLen], pSource->ucRecType,
 4723              		.loc 1 1483 18
 4724 02b6 8327C4FE 		lw	a5,-20(s0)
 4725 02ba B99F     		addw	a5,a5,a4
 4726 02bc 2326F4FE 		sw	a5,-20(s0)
1485:../src/middleware/bacnet/demo/object/trendlog.c ****                 pSource->Datum.ulUValue);
1486:../src/middleware/bacnet/demo/object/trendlog.c ****             break;
 4727              		.loc 1 1486 13
 4728 02c0 31A4     		j	.L235
 4729              	.L242:
1487:../src/middleware/bacnet/demo/object/trendlog.c **** 
1488:../src/middleware/bacnet/demo/object/trendlog.c ****         case TL_TYPE_SIGN:
1489:../src/middleware/bacnet/demo/object/trendlog.c ****             iLen +=
1490:../src/middleware/bacnet/demo/object/trendlog.c ****                 encode_context_signed(&apdu[iLen], pSource->ucRecType,
 4730              		.loc 1 1490 17
 4731 02c2 8327C4FE 		lw	a5,-20(s0)
 4732 02c6 033784FA 		ld	a4,-88(s0)
 4733 02ca 3E97     		add	a4,a4,a5
 4734 02cc 833704FE 		ld	a5,-32(s0)
 4735 02d0 83C68700 		lbu	a3,8(a5)
 4736 02d4 833704FE 		ld	a5,-32(s0)
 4737 02d8 DC47     		lw	a5,12(a5)
 4738 02da 3E86     		mv	a2,a5
 4739 02dc B685     		mv	a1,a3
 4740 02de 3A85     		mv	a0,a4
 4741 02e0 97000000 		call	encode_context_signed
 4741      E7800000 
 4742 02e8 AA87     		mv	a5,a0
 4743 02ea 3E87     		mv	a4,a5
1489:../src/middleware/bacnet/demo/object/trendlog.c ****                 encode_context_signed(&apdu[iLen], pSource->ucRecType,
 4744              		.loc 1 1489 18
 4745 02ec 8327C4FE 		lw	a5,-20(s0)
 4746 02f0 B99F     		addw	a5,a5,a4
 4747 02f2 2326F4FE 		sw	a5,-20(s0)
1491:../src/middleware/bacnet/demo/object/trendlog.c ****                 pSource->Datum.lSValue);
1492:../src/middleware/bacnet/demo/object/trendlog.c ****             break;
 4748              		.loc 1 1492 13
 4749 02f6 D9AA     		j	.L235
 4750              	.L241:
1493:../src/middleware/bacnet/demo/object/trendlog.c **** 
1494:../src/middleware/bacnet/demo/object/trendlog.c ****         case TL_TYPE_BITS:
1495:../src/middleware/bacnet/demo/object/trendlog.c ****             /* Rebuild bitstring directly from stored octets - which we
1496:../src/middleware/bacnet/demo/object/trendlog.c ****              * have limited to 32 bits maximum as allowed by the standard
1497:../src/middleware/bacnet/demo/object/trendlog.c ****              */
1498:../src/middleware/bacnet/demo/object/trendlog.c ****             bitstring_init(&TempBits);
 4751              		.loc 1 1498 13
 4752 02f8 930784FC 		addi	a5,s0,-56
 4753 02fc 3E85     		mv	a0,a5
 4754 02fe 97000000 		call	bitstring_init
 4754      E7800000 
1499:../src/middleware/bacnet/demo/object/trendlog.c ****             bitstring_set_bits_used(&TempBits,
1500:../src/middleware/bacnet/demo/object/trendlog.c ****                 (pSource->Datum.Bits.ucLen >> 4) & 0x0F,
 4755              		.loc 1 1500 37
 4756 0306 833704FE 		ld	a5,-32(s0)
 4757 030a 83C7C700 		lbu	a5,12(a5)
1499:../src/middleware/bacnet/demo/object/trendlog.c ****             bitstring_set_bits_used(&TempBits,
 4758              		.loc 1 1499 13
 4759 030e 9BD74700 		srliw	a5,a5,4
 4760 0312 13F7F70F 		andi	a4,a5,0xff
1501:../src/middleware/bacnet/demo/object/trendlog.c ****                 pSource->Datum.Bits.ucLen & 0x0F);
 4761              		.loc 1 1501 36
 4762 0316 833704FE 		ld	a5,-32(s0)
 4763 031a 83C7C700 		lbu	a5,12(a5)
1499:../src/middleware/bacnet/demo/object/trendlog.c ****             bitstring_set_bits_used(&TempBits,
 4764              		.loc 1 1499 13
 4765 031e BD8B     		andi	a5,a5,15
 4766 0320 93F6F70F 		andi	a3,a5,0xff
 4767 0324 930784FC 		addi	a5,s0,-56
 4768 0328 3686     		mv	a2,a3
 4769 032a BA85     		mv	a1,a4
 4770 032c 3E85     		mv	a0,a5
 4771 032e 97000000 		call	bitstring_set_bits_used
 4771      E7800000 
1502:../src/middleware/bacnet/demo/object/trendlog.c ****             for (ucCount = pSource->Datum.Bits.ucLen >> 4; ucCount > 0;
 4772              		.loc 1 1502 47
 4773 0336 833704FE 		ld	a5,-32(s0)
 4774 033a 83C7C700 		lbu	a5,12(a5)
 4775              		.loc 1 1502 26
 4776 033e 9BD74700 		srliw	a5,a5,4
 4777 0342 A30FF4FC 		sb	a5,-33(s0)
 4778              		.loc 1 1502 13
 4779 0346 35A8     		j	.L248
 4780              	.L249:
1503:../src/middleware/bacnet/demo/object/trendlog.c ****                 ucCount--)
1504:../src/middleware/bacnet/demo/object/trendlog.c ****                 bitstring_set_octet(&TempBits, ucCount - 1,
 4781              		.loc 1 1504 17
 4782 0348 8347F4FD 		lbu	a5,-33(s0)
 4783 034c FD37     		addiw	a5,a5,-1
 4784 034e 93F6F70F 		andi	a3,a5,0xff
1505:../src/middleware/bacnet/demo/object/trendlog.c ****                     pSource->Datum.Bits.ucStore[ucCount - 1]);
 4785              		.loc 1 1505 57
 4786 0352 8347F4FD 		lbu	a5,-33(s0)
 4787 0356 8127     		sext.w	a5,a5
 4788 0358 FD37     		addiw	a5,a5,-1
 4789 035a 8127     		sext.w	a5,a5
1504:../src/middleware/bacnet/demo/object/trendlog.c ****                     pSource->Datum.Bits.ucStore[ucCount - 1]);
 4790              		.loc 1 1504 17
 4791 035c 033704FE 		ld	a4,-32(s0)
 4792 0360 BA97     		add	a5,a4,a5
 4793 0362 03C7D700 		lbu	a4,13(a5)
 4794 0366 930784FC 		addi	a5,s0,-56
 4795 036a 3A86     		mv	a2,a4
 4796 036c B685     		mv	a1,a3
 4797 036e 3E85     		mv	a0,a5
 4798 0370 97000000 		call	bitstring_set_octet
 4798      E7800000 
1503:../src/middleware/bacnet/demo/object/trendlog.c ****                 ucCount--)
 4799              		.loc 1 1503 24
 4800 0378 8347F4FD 		lbu	a5,-33(s0)
 4801 037c FD37     		addiw	a5,a5,-1
 4802 037e A30FF4FC 		sb	a5,-33(s0)
 4803              	.L248:
1502:../src/middleware/bacnet/demo/object/trendlog.c ****                 ucCount--)
 4804              		.loc 1 1502 13 discriminator 1
 4805 0382 8347F4FD 		lbu	a5,-33(s0)
 4806 0386 93F7F70F 		andi	a5,a5,0xff
 4807 038a DDFF     		bne	a5,zero,.L249
1506:../src/middleware/bacnet/demo/object/trendlog.c **** 
1507:../src/middleware/bacnet/demo/object/trendlog.c ****             iLen +=
1508:../src/middleware/bacnet/demo/object/trendlog.c ****                 encode_context_bitstring(&apdu[iLen], pSource->ucRecType,
 4808              		.loc 1 1508 17
 4809 038c 8327C4FE 		lw	a5,-20(s0)
 4810 0390 033784FA 		ld	a4,-88(s0)
 4811 0394 3E97     		add	a4,a4,a5
 4812 0396 833704FE 		ld	a5,-32(s0)
 4813 039a 83C78700 		lbu	a5,8(a5)
 4814 039e 930684FC 		addi	a3,s0,-56
 4815 03a2 3686     		mv	a2,a3
 4816 03a4 BE85     		mv	a1,a5
 4817 03a6 3A85     		mv	a0,a4
 4818 03a8 97000000 		call	encode_context_bitstring
 4818      E7800000 
 4819 03b0 AA87     		mv	a5,a0
 4820 03b2 3E87     		mv	a4,a5
1507:../src/middleware/bacnet/demo/object/trendlog.c ****                 encode_context_bitstring(&apdu[iLen], pSource->ucRecType,
 4821              		.loc 1 1507 18
 4822 03b4 8327C4FE 		lw	a5,-20(s0)
 4823 03b8 B99F     		addw	a5,a5,a4
 4824 03ba 2326F4FE 		sw	a5,-20(s0)
1509:../src/middleware/bacnet/demo/object/trendlog.c ****                 &TempBits);
1510:../src/middleware/bacnet/demo/object/trendlog.c ****             break;
 4825              		.loc 1 1510 13
 4826 03be 39A2     		j	.L235
 4827              	.L240:
1511:../src/middleware/bacnet/demo/object/trendlog.c **** 
1512:../src/middleware/bacnet/demo/object/trendlog.c ****         case TL_TYPE_NULL:
1513:../src/middleware/bacnet/demo/object/trendlog.c ****             iLen += encode_context_null(&apdu[iLen], pSource->ucRecType);
 4828              		.loc 1 1513 21
 4829 03c0 8327C4FE 		lw	a5,-20(s0)
 4830 03c4 033784FA 		ld	a4,-88(s0)
 4831 03c8 3E97     		add	a4,a4,a5
 4832 03ca 833704FE 		ld	a5,-32(s0)
 4833 03ce 83C78700 		lbu	a5,8(a5)
 4834 03d2 BE85     		mv	a1,a5
 4835 03d4 3A85     		mv	a0,a4
 4836 03d6 97000000 		call	encode_context_null
 4836      E7800000 
 4837 03de AA87     		mv	a5,a0
 4838 03e0 3E87     		mv	a4,a5
 4839              		.loc 1 1513 18
 4840 03e2 8327C4FE 		lw	a5,-20(s0)
 4841 03e6 B99F     		addw	a5,a5,a4
 4842 03e8 2326F4FE 		sw	a5,-20(s0)
1514:../src/middleware/bacnet/demo/object/trendlog.c ****             break;
 4843              		.loc 1 1514 13
 4844 03ec C5A0     		j	.L235
 4845              	.L239:
1515:../src/middleware/bacnet/demo/object/trendlog.c **** 
1516:../src/middleware/bacnet/demo/object/trendlog.c ****         case TL_TYPE_ERROR:
1517:../src/middleware/bacnet/demo/object/trendlog.c ****             iLen += encode_opening_tag(&apdu[iLen], TL_TYPE_ERROR);
 4846              		.loc 1 1517 21
 4847 03ee 8327C4FE 		lw	a5,-20(s0)
 4848 03f2 033784FA 		ld	a4,-88(s0)
 4849 03f6 BA97     		add	a5,a4,a5
 4850 03f8 A145     		li	a1,8
 4851 03fa 3E85     		mv	a0,a5
 4852 03fc 97000000 		call	encode_opening_tag
 4852      E7800000 
 4853 0404 AA87     		mv	a5,a0
 4854 0406 3E87     		mv	a4,a5
 4855              		.loc 1 1517 18
 4856 0408 8327C4FE 		lw	a5,-20(s0)
 4857 040c B99F     		addw	a5,a5,a4
 4858 040e 2326F4FE 		sw	a5,-20(s0)
1518:../src/middleware/bacnet/demo/object/trendlog.c ****             iLen +=
1519:../src/middleware/bacnet/demo/object/trendlog.c ****                 encode_application_enumerated(&apdu[iLen],
 4859              		.loc 1 1519 17
 4860 0412 8327C4FE 		lw	a5,-20(s0)
 4861 0416 033784FA 		ld	a4,-88(s0)
 4862 041a 3E97     		add	a4,a4,a5
1520:../src/middleware/bacnet/demo/object/trendlog.c ****                 pSource->Datum.Error.usClass);
 4863              		.loc 1 1520 37
 4864 041c 833704FE 		ld	a5,-32(s0)
 4865 0420 83D7C700 		lhu	a5,12(a5)
1519:../src/middleware/bacnet/demo/object/trendlog.c ****                 pSource->Datum.Error.usClass);
 4866              		.loc 1 1519 17
 4867 0424 8127     		sext.w	a5,a5
 4868 0426 BE85     		mv	a1,a5
 4869 0428 3A85     		mv	a0,a4
 4870 042a 97000000 		call	encode_application_enumerated
 4870      E7800000 
 4871 0432 AA87     		mv	a5,a0
 4872 0434 3E87     		mv	a4,a5
1518:../src/middleware/bacnet/demo/object/trendlog.c ****             iLen +=
 4873              		.loc 1 1518 18
 4874 0436 8327C4FE 		lw	a5,-20(s0)
 4875 043a B99F     		addw	a5,a5,a4
 4876 043c 2326F4FE 		sw	a5,-20(s0)
1521:../src/middleware/bacnet/demo/object/trendlog.c ****             iLen +=
1522:../src/middleware/bacnet/demo/object/trendlog.c ****                 encode_application_enumerated(&apdu[iLen],
 4877              		.loc 1 1522 17
 4878 0440 8327C4FE 		lw	a5,-20(s0)
 4879 0444 033784FA 		ld	a4,-88(s0)
 4880 0448 3E97     		add	a4,a4,a5
1523:../src/middleware/bacnet/demo/object/trendlog.c ****                 pSource->Datum.Error.usCode);
 4881              		.loc 1 1523 37
 4882 044a 833704FE 		ld	a5,-32(s0)
 4883 044e 83D7E700 		lhu	a5,14(a5)
1522:../src/middleware/bacnet/demo/object/trendlog.c ****                 pSource->Datum.Error.usCode);
 4884              		.loc 1 1522 17
 4885 0452 8127     		sext.w	a5,a5
 4886 0454 BE85     		mv	a1,a5
 4887 0456 3A85     		mv	a0,a4
 4888 0458 97000000 		call	encode_application_enumerated
 4888      E7800000 
 4889 0460 AA87     		mv	a5,a0
 4890 0462 3E87     		mv	a4,a5
1521:../src/middleware/bacnet/demo/object/trendlog.c ****             iLen +=
 4891              		.loc 1 1521 18
 4892 0464 8327C4FE 		lw	a5,-20(s0)
 4893 0468 B99F     		addw	a5,a5,a4
 4894 046a 2326F4FE 		sw	a5,-20(s0)
1524:../src/middleware/bacnet/demo/object/trendlog.c ****             iLen += encode_closing_tag(&apdu[iLen], TL_TYPE_ERROR);
 4895              		.loc 1 1524 21
 4896 046e 8327C4FE 		lw	a5,-20(s0)
 4897 0472 033784FA 		ld	a4,-88(s0)
 4898 0476 BA97     		add	a5,a4,a5
 4899 0478 A145     		li	a1,8
 4900 047a 3E85     		mv	a0,a5
 4901 047c 97000000 		call	encode_closing_tag
 4901      E7800000 
 4902 0484 AA87     		mv	a5,a0
 4903 0486 3E87     		mv	a4,a5
 4904              		.loc 1 1524 18
 4905 0488 8327C4FE 		lw	a5,-20(s0)
 4906 048c B99F     		addw	a5,a5,a4
 4907 048e 2326F4FE 		sw	a5,-20(s0)
1525:../src/middleware/bacnet/demo/object/trendlog.c ****             break;
 4908              		.loc 1 1525 13
 4909 0492 2DA8     		j	.L235
 4910              	.L238:
1526:../src/middleware/bacnet/demo/object/trendlog.c **** 
1527:../src/middleware/bacnet/demo/object/trendlog.c ****         case TL_TYPE_DELTA:
1528:../src/middleware/bacnet/demo/object/trendlog.c ****             iLen +=
1529:../src/middleware/bacnet/demo/object/trendlog.c ****                 encode_context_real(&apdu[iLen], pSource->ucRecType,
 4911              		.loc 1 1529 17
 4912 0494 8327C4FE 		lw	a5,-20(s0)
 4913 0498 033784FA 		ld	a4,-88(s0)
 4914 049c 3E97     		add	a4,a4,a5
 4915 049e 833704FE 		ld	a5,-32(s0)
 4916 04a2 83C68700 		lbu	a3,8(a5)
 4917 04a6 833704FE 		ld	a5,-32(s0)
 4918 04aa DC47     		lw	a5,12(a5)
 4919 04ac 3E86     		mv	a2,a5
 4920 04ae B685     		mv	a1,a3
 4921 04b0 3A85     		mv	a0,a4
 4922 04b2 97000000 		call	encode_context_real
 4922      E7800000 
 4923 04ba AA87     		mv	a5,a0
 4924 04bc 3E87     		mv	a4,a5
1528:../src/middleware/bacnet/demo/object/trendlog.c ****                 encode_context_real(&apdu[iLen], pSource->ucRecType,
 4925              		.loc 1 1528 18
 4926 04be 8327C4FE 		lw	a5,-20(s0)
 4927 04c2 B99F     		addw	a5,a5,a4
 4928 04c4 2326F4FE 		sw	a5,-20(s0)
1530:../src/middleware/bacnet/demo/object/trendlog.c ****                 pSource->Datum.fTime);
1531:../src/middleware/bacnet/demo/object/trendlog.c ****             break;
 4929              		.loc 1 1531 13
 4930 04c8 11A0     		j	.L235
 4931              	.L252:
1532:../src/middleware/bacnet/demo/object/trendlog.c **** 
1533:../src/middleware/bacnet/demo/object/trendlog.c ****         case TL_TYPE_ANY:
1534:../src/middleware/bacnet/demo/object/trendlog.c ****             /* Should never happen as we don't support this at the moment */
1535:../src/middleware/bacnet/demo/object/trendlog.c ****             break;
 4932              		.loc 1 1535 13
 4933 04ca 0100     		nop
 4934              	.L235:
1536:../src/middleware/bacnet/demo/object/trendlog.c ****     }
1537:../src/middleware/bacnet/demo/object/trendlog.c **** 
1538:../src/middleware/bacnet/demo/object/trendlog.c ****     iLen += encode_closing_tag(&apdu[iLen], 1);
 4935              		.loc 1 1538 13
 4936 04cc 8327C4FE 		lw	a5,-20(s0)
 4937 04d0 033784FA 		ld	a4,-88(s0)
 4938 04d4 BA97     		add	a5,a4,a5
 4939 04d6 8545     		li	a1,1
 4940 04d8 3E85     		mv	a0,a5
 4941 04da 97000000 		call	encode_closing_tag
 4941      E7800000 
 4942 04e2 AA87     		mv	a5,a0
 4943 04e4 3E87     		mv	a4,a5
 4944              		.loc 1 1538 10
 4945 04e6 8327C4FE 		lw	a5,-20(s0)
 4946 04ea B99F     		addw	a5,a5,a4
 4947 04ec 2326F4FE 		sw	a5,-20(s0)
1539:../src/middleware/bacnet/demo/object/trendlog.c ****     /* Check if status bit string is required and insert with tag [2] */
1540:../src/middleware/bacnet/demo/object/trendlog.c ****     if ((pSource->ucStatus & 128) == 128) {
 4948              		.loc 1 1540 17
 4949 04f0 833704FE 		ld	a5,-32(s0)
 4950 04f4 83C79700 		lbu	a5,9(a5)
 4951              		.loc 1 1540 35
 4952 04f8 9B978701 		slliw	a5,a5,24
 4953 04fc 9BD78741 		sraiw	a5,a5,24
 4954              		.loc 1 1540 8
 4955 0500 63D70706 		bge	a5,zero,.L250
1541:../src/middleware/bacnet/demo/object/trendlog.c ****         bitstring_init(&TempBits);
 4956              		.loc 1 1541 9
 4957 0504 930784FC 		addi	a5,s0,-56
 4958 0508 3E85     		mv	a0,a5
 4959 050a 97000000 		call	bitstring_init
 4959      E7800000 
1542:../src/middleware/bacnet/demo/object/trendlog.c ****         bitstring_set_bits_used(&TempBits, 1, 4);
 4960              		.loc 1 1542 9
 4961 0512 930784FC 		addi	a5,s0,-56
 4962 0516 1146     		li	a2,4
 4963 0518 8545     		li	a1,1
 4964 051a 3E85     		mv	a0,a5
 4965 051c 97000000 		call	bitstring_set_bits_used
 4965      E7800000 
1543:../src/middleware/bacnet/demo/object/trendlog.c ****         /* only insert the 1st 4 bits */
1544:../src/middleware/bacnet/demo/object/trendlog.c ****         bitstring_set_octet(&TempBits, 0, (pSource->ucStatus & 0x0F));
 4966              		.loc 1 1544 51
 4967 0524 833704FE 		ld	a5,-32(s0)
 4968 0528 83C79700 		lbu	a5,9(a5)
 4969              		.loc 1 1544 9
 4970 052c BD8B     		andi	a5,a5,15
 4971 052e 13F7F70F 		andi	a4,a5,0xff
 4972 0532 930784FC 		addi	a5,s0,-56
 4973 0536 3A86     		mv	a2,a4
 4974 0538 8145     		li	a1,0
 4975 053a 3E85     		mv	a0,a5
 4976 053c 97000000 		call	bitstring_set_octet
 4976      E7800000 
1545:../src/middleware/bacnet/demo/object/trendlog.c ****         iLen += encode_context_bitstring(&apdu[iLen], 2, &TempBits);
 4977              		.loc 1 1545 17
 4978 0544 8327C4FE 		lw	a5,-20(s0)
 4979 0548 033784FA 		ld	a4,-88(s0)
 4980 054c BA97     		add	a5,a4,a5
 4981 054e 130784FC 		addi	a4,s0,-56
 4982 0552 3A86     		mv	a2,a4
 4983 0554 8945     		li	a1,2
 4984 0556 3E85     		mv	a0,a5
 4985 0558 97000000 		call	encode_context_bitstring
 4985      E7800000 
 4986 0560 AA87     		mv	a5,a0
 4987 0562 3E87     		mv	a4,a5
 4988              		.loc 1 1545 14
 4989 0564 8327C4FE 		lw	a5,-20(s0)
 4990 0568 B99F     		addw	a5,a5,a4
 4991 056a 2326F4FE 		sw	a5,-20(s0)
 4992              	.L250:
1546:../src/middleware/bacnet/demo/object/trendlog.c ****     }
1547:../src/middleware/bacnet/demo/object/trendlog.c **** 
1548:../src/middleware/bacnet/demo/object/trendlog.c ****     return (iLen);
 4993              		.loc 1 1548 12
 4994 056e 8327C4FE 		lw	a5,-20(s0)
1549:../src/middleware/bacnet/demo/object/trendlog.c **** }
 4995              		.loc 1 1549 1
 4996 0572 3E85     		mv	a0,a5
 4997 0574 E660     		ld	ra,88(sp)
 4998              		.cfi_restore 1
 4999 0576 4664     		ld	s0,80(sp)
 5000              		.cfi_restore 8
 5001              		.cfi_def_cfa 2, 96
 5002 0578 2561     		addi	sp,sp,96
 5003              		.cfi_def_cfa_offset 0
 5004 057a 8280     		jr	ra
 5005              		.cfi_endproc
 5006              	.LFE22:
 5008              		.section	.text.local_read_property,"ax",@progbits
 5009              		.align	1
 5011              	local_read_property:
 5012              	.LFB23:
1550:../src/middleware/bacnet/demo/object/trendlog.c **** 
1551:../src/middleware/bacnet/demo/object/trendlog.c **** static int local_read_property(
1552:../src/middleware/bacnet/demo/object/trendlog.c ****     uint8_t * value,
1553:../src/middleware/bacnet/demo/object/trendlog.c ****     uint8_t * status,
1554:../src/middleware/bacnet/demo/object/trendlog.c ****     BACNET_DEVICE_OBJECT_PROPERTY_REFERENCE * Source,
1555:../src/middleware/bacnet/demo/object/trendlog.c ****     BACNET_ERROR_CLASS * error_class,
1556:../src/middleware/bacnet/demo/object/trendlog.c ****     BACNET_ERROR_CODE * error_code)
1557:../src/middleware/bacnet/demo/object/trendlog.c **** {
 5013              		.loc 1 1557 1
 5014              		.cfi_startproc
 5015 0000 5971     		addi	sp,sp,-112
 5016              		.cfi_def_cfa_offset 112
 5017 0002 86F4     		sd	ra,104(sp)
 5018 0004 A2F0     		sd	s0,96(sp)
 5019              		.cfi_offset 1, -8
 5020              		.cfi_offset 8, -16
 5021 0006 8018     		addi	s0,sp,112
 5022              		.cfi_def_cfa 8, 0
 5023 0008 233CA4FA 		sd	a0,-72(s0)
 5024 000c 2338B4FA 		sd	a1,-80(s0)
 5025 0010 2334C4FA 		sd	a2,-88(s0)
 5026 0014 2330D4FA 		sd	a3,-96(s0)
 5027 0018 233CE4F8 		sd	a4,-104(s0)
1558:../src/middleware/bacnet/demo/object/trendlog.c ****     int len = 0;
 5028              		.loc 1 1558 9
 5029 001c 232604FE 		sw	zero,-20(s0)
1559:../src/middleware/bacnet/demo/object/trendlog.c ****     BACNET_READ_PROPERTY_DATA rpdata;
1560:../src/middleware/bacnet/demo/object/trendlog.c **** 
1561:../src/middleware/bacnet/demo/object/trendlog.c ****     if (value != NULL) {
 5030              		.loc 1 1561 8
 5031 0020 833784FB 		ld	a5,-72(s0)
 5032 0024 A5CB     		beq	a5,zero,.L254
1562:../src/middleware/bacnet/demo/object/trendlog.c ****         /* configure our storage */
1563:../src/middleware/bacnet/demo/object/trendlog.c ****         rpdata.application_data = value;
 5033              		.loc 1 1563 33
 5034 0026 833784FB 		ld	a5,-72(s0)
 5035 002a 2338F4FC 		sd	a5,-48(s0)
1564:../src/middleware/bacnet/demo/object/trendlog.c ****         rpdata.application_data_len = MAX_APDU;
 5036              		.loc 1 1564 37
 5037 002e 9307405C 		li	a5,1476
 5038 0032 232CF4FC 		sw	a5,-40(s0)
1565:../src/middleware/bacnet/demo/object/trendlog.c ****         rpdata.object_type = Source->objectIdentifier.type;
 5039              		.loc 1 1565 54
 5040 0036 833784FA 		ld	a5,-88(s0)
 5041 003a 83D70700 		lhu	a5,0(a5)
 5042 003e 8127     		sext.w	a5,a5
 5043              		.loc 1 1565 28
 5044 0040 2320F4FC 		sw	a5,-64(s0)
1566:../src/middleware/bacnet/demo/object/trendlog.c ****         rpdata.object_instance = Source->objectIdentifier.instance;
 5045              		.loc 1 1566 58
 5046 0044 833784FA 		ld	a5,-88(s0)
 5047 0048 DC43     		lw	a5,4(a5)
 5048              		.loc 1 1566 32
 5049 004a 2322F4FC 		sw	a5,-60(s0)
1567:../src/middleware/bacnet/demo/object/trendlog.c ****         rpdata.object_property = Source->propertyIdentifier;
 5050              		.loc 1 1567 40
 5051 004e 833784FA 		ld	a5,-88(s0)
 5052 0052 9C47     		lw	a5,8(a5)
 5053              		.loc 1 1567 32
 5054 0054 2324F4FC 		sw	a5,-56(s0)
1568:../src/middleware/bacnet/demo/object/trendlog.c ****         rpdata.array_index = Source->arrayIndex;
 5055              		.loc 1 1568 36
 5056 0058 833784FA 		ld	a5,-88(s0)
 5057 005c DC47     		lw	a5,12(a5)
 5058              		.loc 1 1568 28
 5059 005e 2326F4FC 		sw	a5,-52(s0)
1569:../src/middleware/bacnet/demo/object/trendlog.c ****         /* Try to fetch the required property */
1570:../src/middleware/bacnet/demo/object/trendlog.c ****         len = Device_Read_Property(&rpdata);
 5060              		.loc 1 1570 15
 5061 0062 930704FC 		addi	a5,s0,-64
 5062 0066 3E85     		mv	a0,a5
 5063 0068 97000000 		call	Device_Read_Property
 5063      E7800000 
 5064 0070 AA87     		mv	a5,a0
 5065 0072 2326F4FE 		sw	a5,-20(s0)
1571:../src/middleware/bacnet/demo/object/trendlog.c ****         if (len < 0) {
 5066              		.loc 1 1571 12
 5067 0076 8327C4FE 		lw	a5,-20(s0)
 5068 007a 8127     		sext.w	a5,a5
 5069 007c 63DC0700 		bge	a5,zero,.L254
1572:../src/middleware/bacnet/demo/object/trendlog.c ****             *error_class = rpdata.error_class;
 5070              		.loc 1 1572 34
 5071 0080 0327C4FD 		lw	a4,-36(s0)
 5072              		.loc 1 1572 26
 5073 0084 833704FA 		ld	a5,-96(s0)
 5074 0088 98C3     		sw	a4,0(a5)
1573:../src/middleware/bacnet/demo/object/trendlog.c ****             *error_code = rpdata.error_code;
 5075              		.loc 1 1573 33
 5076 008a 032704FE 		lw	a4,-32(s0)
 5077              		.loc 1 1573 25
 5078 008e 833784F9 		ld	a5,-104(s0)
 5079 0092 98C3     		sw	a4,0(a5)
 5080              	.L254:
1574:../src/middleware/bacnet/demo/object/trendlog.c ****         }
1575:../src/middleware/bacnet/demo/object/trendlog.c ****     }
1576:../src/middleware/bacnet/demo/object/trendlog.c **** 
1577:../src/middleware/bacnet/demo/object/trendlog.c ****     if ((len >= 0) && (status != NULL)) {
 5081              		.loc 1 1577 8
 5082 0094 8327C4FE 		lw	a5,-20(s0)
 5083 0098 8127     		sext.w	a5,a5
 5084 009a 63CD0704 		blt	a5,zero,.L255
 5085              		.loc 1 1577 20 discriminator 1
 5086 009e 833704FB 		ld	a5,-80(s0)
 5087 00a2 A9CB     		beq	a5,zero,.L255
1578:../src/middleware/bacnet/demo/object/trendlog.c ****         /* Fetch the status flags if required */
1579:../src/middleware/bacnet/demo/object/trendlog.c ****         rpdata.application_data = status;
 5088              		.loc 1 1579 33
 5089 00a4 833704FB 		ld	a5,-80(s0)
 5090 00a8 2338F4FC 		sd	a5,-48(s0)
1580:../src/middleware/bacnet/demo/object/trendlog.c ****         rpdata.application_data_len = MAX_APDU;
 5091              		.loc 1 1580 37
 5092 00ac 9307405C 		li	a5,1476
 5093 00b0 232CF4FC 		sw	a5,-40(s0)
1581:../src/middleware/bacnet/demo/object/trendlog.c ****         rpdata.object_property = PROP_STATUS_FLAGS;
 5094              		.loc 1 1581 32
 5095 00b4 9307F006 		li	a5,111
 5096 00b8 2324F4FC 		sw	a5,-56(s0)
1582:../src/middleware/bacnet/demo/object/trendlog.c ****         rpdata.array_index = BACNET_ARRAY_ALL;
 5097              		.loc 1 1582 28
 5098 00bc FD57     		li	a5,-1
 5099 00be 2326F4FC 		sw	a5,-52(s0)
1583:../src/middleware/bacnet/demo/object/trendlog.c ****         len = Device_Read_Property(&rpdata);
 5100              		.loc 1 1583 15
 5101 00c2 930704FC 		addi	a5,s0,-64
 5102 00c6 3E85     		mv	a0,a5
 5103 00c8 97000000 		call	Device_Read_Property
 5103      E7800000 
 5104 00d0 AA87     		mv	a5,a0
 5105 00d2 2326F4FE 		sw	a5,-20(s0)
1584:../src/middleware/bacnet/demo/object/trendlog.c ****         if (len < 0) {
 5106              		.loc 1 1584 12
 5107 00d6 8327C4FE 		lw	a5,-20(s0)
 5108 00da 8127     		sext.w	a5,a5
 5109 00dc 63DC0700 		bge	a5,zero,.L255
1585:../src/middleware/bacnet/demo/object/trendlog.c ****             *error_class = rpdata.error_class;
 5110              		.loc 1 1585 34
 5111 00e0 0327C4FD 		lw	a4,-36(s0)
 5112              		.loc 1 1585 26
 5113 00e4 833704FA 		ld	a5,-96(s0)
 5114 00e8 98C3     		sw	a4,0(a5)
1586:../src/middleware/bacnet/demo/object/trendlog.c ****             *error_code = rpdata.error_code;
 5115              		.loc 1 1586 33
 5116 00ea 032704FE 		lw	a4,-32(s0)
 5117              		.loc 1 1586 25
 5118 00ee 833784F9 		ld	a5,-104(s0)
 5119 00f2 98C3     		sw	a4,0(a5)
 5120              	.L255:
1587:../src/middleware/bacnet/demo/object/trendlog.c ****         }
1588:../src/middleware/bacnet/demo/object/trendlog.c ****     }
1589:../src/middleware/bacnet/demo/object/trendlog.c **** 
1590:../src/middleware/bacnet/demo/object/trendlog.c ****     return (len);
 5121              		.loc 1 1590 12
 5122 00f4 8327C4FE 		lw	a5,-20(s0)
1591:../src/middleware/bacnet/demo/object/trendlog.c **** }
 5123              		.loc 1 1591 1
 5124 00f8 3E85     		mv	a0,a5
 5125 00fa A670     		ld	ra,104(sp)
 5126              		.cfi_restore 1
 5127 00fc 0674     		ld	s0,96(sp)
 5128              		.cfi_restore 8
 5129              		.cfi_def_cfa 2, 112
 5130 00fe 6561     		addi	sp,sp,112
 5131              		.cfi_def_cfa_offset 0
 5132 0100 8280     		jr	ra
 5133              		.cfi_endproc
 5134              	.LFE23:
 5136              		.section	.text.TL_fetch_property,"ax",@progbits
 5137              		.align	1
 5139              	TL_fetch_property:
 5140              	.LFB24:
1592:../src/middleware/bacnet/demo/object/trendlog.c **** 
1593:../src/middleware/bacnet/demo/object/trendlog.c **** /****************************************************************************
1594:../src/middleware/bacnet/demo/object/trendlog.c ****  * Attempt to fetch the logged property and store it in the Trend Log       *
1595:../src/middleware/bacnet/demo/object/trendlog.c ****  ****************************************************************************/
1596:../src/middleware/bacnet/demo/object/trendlog.c **** 
1597:../src/middleware/bacnet/demo/object/trendlog.c **** static void TL_fetch_property(
1598:../src/middleware/bacnet/demo/object/trendlog.c ****     int iLog)
1599:../src/middleware/bacnet/demo/object/trendlog.c **** {
 5141              		.loc 1 1599 1
 5142              		.cfi_startproc
 5143 0000 1301019B 		addi	sp,sp,-1616
 5144              		.cfi_def_cfa_offset 1616
 5145 0004 23341164 		sd	ra,1608(sp)
 5146 0008 23308164 		sd	s0,1600(sp)
 5147 000c 233C9162 		sd	s1,1592(sp)
 5148              		.cfi_offset 1, -8
 5149              		.cfi_offset 8, -16
 5150              		.cfi_offset 9, -24
 5151 0010 13040165 		addi	s0,sp,1616
 5152              		.cfi_def_cfa 8, 0
 5153 0014 AA87     		mv	a5,a0
 5154 0016 232EF49A 		sw	a5,-1604(s0)
1600:../src/middleware/bacnet/demo/object/trendlog.c ****     uint8_t ValueBuf[MAX_APDU]; /* This is a big buffer in case someone selects the device object l
1601:../src/middleware/bacnet/demo/object/trendlog.c ****     uint8_t StatusBuf[3];       /* Should be tag, bits unused in last octet and 1 byte of data */
1602:../src/middleware/bacnet/demo/object/trendlog.c ****     BACNET_ERROR_CLASS error_class = ERROR_CLASS_SERVICES;
 5155              		.loc 1 1602 24
 5156 001a 9547     		li	a5,5
 5157 001c 232EF49E 		sw	a5,-1540(s0)
1603:../src/middleware/bacnet/demo/object/trendlog.c ****     BACNET_ERROR_CODE error_code = ERROR_CODE_OTHER;
 5158              		.loc 1 1603 23
 5159 0020 232C049E 		sw	zero,-1544(s0)
1604:../src/middleware/bacnet/demo/object/trendlog.c ****     int iLen;
1605:../src/middleware/bacnet/demo/object/trendlog.c ****     uint8_t ucCount;
1606:../src/middleware/bacnet/demo/object/trendlog.c ****     TL_LOG_INFO *CurrentLog;
1607:../src/middleware/bacnet/demo/object/trendlog.c ****     TL_DATA_REC TempRec;
1608:../src/middleware/bacnet/demo/object/trendlog.c ****     uint8_t tag_number = 0;
 5160              		.loc 1 1608 13
 5161 0024 A30F049C 		sb	zero,-1569(s0)
1609:../src/middleware/bacnet/demo/object/trendlog.c ****     uint32_t len_value_type = 0;
 5162              		.loc 1 1609 14
 5163 0028 232C049C 		sw	zero,-1576(s0)
1610:../src/middleware/bacnet/demo/object/trendlog.c ****     BACNET_BIT_STRING TempBits;
1611:../src/middleware/bacnet/demo/object/trendlog.c **** 
1612:../src/middleware/bacnet/demo/object/trendlog.c ****     CurrentLog = &LogInfo[iLog];
 5164              		.loc 1 1612 16
 5165 002c 0327C49B 		lw	a4,-1604(s0)
 5166 0030 BA87     		mv	a5,a4
 5167 0032 9207     		slli	a5,a5,4
 5168 0034 998F     		sub	a5,a5,a4
 5169 0036 8E07     		slli	a5,a5,3
 5170 0038 17070000 		lla	a4,LogInfo
 5170      13070700 
 5171 0040 BA97     		add	a5,a5,a4
 5172 0042 2338F4FC 		sd	a5,-48(s0)
1613:../src/middleware/bacnet/demo/object/trendlog.c **** 
1614:../src/middleware/bacnet/demo/object/trendlog.c ****     /* Record the current time in the log entry and also in the info block
1615:../src/middleware/bacnet/demo/object/trendlog.c ****      * for the log so we can figure out when the next reading is due */
1616:../src/middleware/bacnet/demo/object/trendlog.c ****     TempRec.tTimeStamp = time(NULL);
 5173              		.loc 1 1616 26
 5174 0046 0145     		li	a0,0
 5175 0048 97000000 		call	time
 5175      E7800000 
 5176 0050 AA87     		mv	a5,a0
 5177              		.loc 1 1616 24
 5178 0052 2330F49E 		sd	a5,-1568(s0)
1617:../src/middleware/bacnet/demo/object/trendlog.c ****     CurrentLog->tLastDataTime = TempRec.tTimeStamp;
 5179              		.loc 1 1617 40
 5180 0056 0337049E 		ld	a4,-1568(s0)
 5181              		.loc 1 1617 31
 5182 005a 833704FD 		ld	a5,-48(s0)
 5183 005e B8FB     		sd	a4,112(a5)
1618:../src/middleware/bacnet/demo/object/trendlog.c ****     TempRec.ucStatus = 0;
 5184              		.loc 1 1618 22
 5185 0060 A304049E 		sb	zero,-1559(s0)
1619:../src/middleware/bacnet/demo/object/trendlog.c **** 
1620:../src/middleware/bacnet/demo/object/trendlog.c ****     iLen =
1621:../src/middleware/bacnet/demo/object/trendlog.c ****         local_read_property(ValueBuf, StatusBuf, &LogInfo[iLog].Source,
 5186              		.loc 1 1621 9
 5187 0064 0327C49B 		lw	a4,-1604(s0)
 5188 0068 BA87     		mv	a5,a4
 5189 006a 9207     		slli	a5,a5,4
 5190 006c 998F     		sub	a5,a5,a4
 5191 006e 8E07     		slli	a5,a5,3
 5192 0070 13870703 		addi	a4,a5,48
 5193 0074 97070000 		lla	a5,LogInfo
 5193      93870700 
 5194 007c BA97     		add	a5,a4,a5
 5195 007e 13864700 		addi	a2,a5,4
 5196 0082 1307849F 		addi	a4,s0,-1544
 5197 0086 9306C49F 		addi	a3,s0,-1540
 5198 008a 930504A0 		addi	a1,s0,-1536
 5199 008e 930784A0 		addi	a5,s0,-1528
 5200 0092 3E85     		mv	a0,a5
 5201 0094 97000000 		call	local_read_property
 5201      E7800000 
 5202 009c AA87     		mv	a5,a0
 5203 009e 2326F4FC 		sw	a5,-52(s0)
1622:../src/middleware/bacnet/demo/object/trendlog.c ****         &error_class, &error_code);
1623:../src/middleware/bacnet/demo/object/trendlog.c ****     if (iLen < 0) {
 5204              		.loc 1 1623 8
 5205 00a2 8327C4FC 		lw	a5,-52(s0)
 5206 00a6 8127     		sext.w	a5,a5
 5207 00a8 63D20702 		bge	a5,zero,.L258
1624:../src/middleware/bacnet/demo/object/trendlog.c ****         /* Insert error code into log */
1625:../src/middleware/bacnet/demo/object/trendlog.c ****         TempRec.Datum.Error.usClass = error_class;
 5208              		.loc 1 1625 37
 5209 00ac 8327C49F 		lw	a5,-1540(s0)
 5210 00b0 C217     		slli	a5,a5,48
 5211 00b2 C193     		srli	a5,a5,48
 5212 00b4 2316F49E 		sh	a5,-1556(s0)
1626:../src/middleware/bacnet/demo/object/trendlog.c ****         TempRec.Datum.Error.usCode = error_code;
 5213              		.loc 1 1626 36
 5214 00b8 8327849F 		lw	a5,-1544(s0)
 5215 00bc C217     		slli	a5,a5,48
 5216 00be C193     		srli	a5,a5,48
 5217 00c0 2317F49E 		sh	a5,-1554(s0)
1627:../src/middleware/bacnet/demo/object/trendlog.c ****         TempRec.ucRecType = TL_TYPE_ERROR;
 5218              		.loc 1 1627 27
 5219 00c4 A147     		li	a5,8
 5220 00c6 2304F49E 		sb	a5,-1560(s0)
 5221 00ca E9AC     		j	.L259
 5222              	.L258:
1628:../src/middleware/bacnet/demo/object/trendlog.c ****     } else {
1629:../src/middleware/bacnet/demo/object/trendlog.c ****         /* Decode data returned and see if we can fit it into the log */
1630:../src/middleware/bacnet/demo/object/trendlog.c ****         iLen =
1631:../src/middleware/bacnet/demo/object/trendlog.c ****             decode_tag_number_and_value(ValueBuf, &tag_number,
 5223              		.loc 1 1631 13
 5224 00cc 9306849D 		addi	a3,s0,-1576
 5225 00d0 1307F49D 		addi	a4,s0,-1569
 5226 00d4 930784A0 		addi	a5,s0,-1528
 5227 00d8 3686     		mv	a2,a3
 5228 00da BA85     		mv	a1,a4
 5229 00dc 3E85     		mv	a0,a5
 5230 00de 97000000 		call	decode_tag_number_and_value
 5230      E7800000 
 5231 00e6 AA87     		mv	a5,a0
 5232 00e8 2326F4FC 		sw	a5,-52(s0)
1632:../src/middleware/bacnet/demo/object/trendlog.c ****             &len_value_type);
1633:../src/middleware/bacnet/demo/object/trendlog.c ****         switch (tag_number) {
 5233              		.loc 1 1633 9
 5234 00ec 8347F49D 		lbu	a5,-1569(s0)
 5235 00f0 8127     		sext.w	a5,a5
 5236 00f2 BE86     		mv	a3,a5
 5237 00f4 2547     		li	a4,9
 5238 00f6 636DD722 		bgtu	a3,a4,.L260
 5239 00fa 13972700 		slli	a4,a5,2
 5240 00fe 97070000 		lla	a5,.L262
 5240      93870700 
 5241 0106 BA97     		add	a5,a4,a5
 5242 0108 9C43     		lw	a5,0(a5)
 5243 010a 1B870700 		sext.w	a4,a5
 5244 010e 97070000 		lla	a5,.L262
 5244      93870700 
 5245 0116 BA97     		add	a5,a4,a5
 5246 0118 8287     		jr	a5
 5247              		.section	.rodata.TL_fetch_property,"a",@progbits
 5248              		.align	2
 5249              		.align	2
 5250              	.L262:
 5251 0000 00000000 		.word	.L268-.L262
 5252 0004 00000000 		.word	.L267-.L262
 5253 0008 00000000 		.word	.L266-.L262
 5254 000c 00000000 		.word	.L265-.L262
 5255 0010 00000000 		.word	.L264-.L262
 5256 0014 00000000 		.word	.L260-.L262
 5257 0018 00000000 		.word	.L260-.L262
 5258 001c 00000000 		.word	.L260-.L262
 5259 0020 00000000 		.word	.L263-.L262
 5260 0024 00000000 		.word	.L261-.L262
 5261              		.section	.text.TL_fetch_property
 5262              	.L268:
1634:../src/middleware/bacnet/demo/object/trendlog.c ****             case BACNET_APPLICATION_TAG_NULL:
1635:../src/middleware/bacnet/demo/object/trendlog.c ****                 TempRec.ucRecType = TL_TYPE_NULL;
 5263              		.loc 1 1635 35
 5264 011a 9D47     		li	a5,7
 5265 011c 2304F49E 		sb	a5,-1560(s0)
1636:../src/middleware/bacnet/demo/object/trendlog.c ****                 break;
 5266              		.loc 1 1636 17
 5267 0120 1DA4     		j	.L269
 5268              	.L267:
1637:../src/middleware/bacnet/demo/object/trendlog.c **** 
1638:../src/middleware/bacnet/demo/object/trendlog.c ****             case BACNET_APPLICATION_TAG_BOOLEAN:
1639:../src/middleware/bacnet/demo/object/trendlog.c ****                 TempRec.ucRecType = TL_TYPE_BOOL;
 5269              		.loc 1 1639 35
 5270 0122 8547     		li	a5,1
 5271 0124 2304F49E 		sb	a5,-1560(s0)
1640:../src/middleware/bacnet/demo/object/trendlog.c ****                 TempRec.Datum.ucBoolean = decode_boolean(len_value_type);
 5272              		.loc 1 1640 43
 5273 0128 8327849D 		lw	a5,-1576(s0)
 5274 012c 3E85     		mv	a0,a5
 5275 012e 97000000 		call	decode_boolean
 5275      E7800000 
 5276 0136 AA87     		mv	a5,a0
 5277              		.loc 1 1640 41
 5278 0138 2306F49E 		sb	a5,-1556(s0)
1641:../src/middleware/bacnet/demo/object/trendlog.c ****                 break;
 5279              		.loc 1 1641 17
 5280 013c 29A4     		j	.L269
 5281              	.L266:
1642:../src/middleware/bacnet/demo/object/trendlog.c **** 
1643:../src/middleware/bacnet/demo/object/trendlog.c ****             case BACNET_APPLICATION_TAG_UNSIGNED_INT:
1644:../src/middleware/bacnet/demo/object/trendlog.c ****                 TempRec.ucRecType = TL_TYPE_UNSIGN;
 5282              		.loc 1 1644 35
 5283 013e 9147     		li	a5,4
 5284 0140 2304F49E 		sb	a5,-1560(s0)
1645:../src/middleware/bacnet/demo/object/trendlog.c ****                 decode_unsigned(&ValueBuf[iLen], len_value_type,
 5285              		.loc 1 1645 17
 5286 0144 130784A0 		addi	a4,s0,-1528
 5287 0148 8327C4FC 		lw	a5,-52(s0)
 5288 014c 3E97     		add	a4,a4,a5
 5289 014e 8326849D 		lw	a3,-1576(s0)
 5290 0152 9307049E 		addi	a5,s0,-1568
 5291 0156 B107     		addi	a5,a5,12
 5292 0158 3E86     		mv	a2,a5
 5293 015a B685     		mv	a1,a3
 5294 015c 3A85     		mv	a0,a4
 5295 015e 97000000 		call	decode_unsigned
 5295      E7800000 
1646:../src/middleware/bacnet/demo/object/trendlog.c ****                     &TempRec.Datum.ulUValue);
1647:../src/middleware/bacnet/demo/object/trendlog.c ****                 break;
 5296              		.loc 1 1647 17
 5297 0166 C5A2     		j	.L269
 5298              	.L265:
1648:../src/middleware/bacnet/demo/object/trendlog.c **** 
1649:../src/middleware/bacnet/demo/object/trendlog.c ****             case BACNET_APPLICATION_TAG_SIGNED_INT:
1650:../src/middleware/bacnet/demo/object/trendlog.c ****                 TempRec.ucRecType = TL_TYPE_SIGN;
 5299              		.loc 1 1650 35
 5300 0168 9547     		li	a5,5
 5301 016a 2304F49E 		sb	a5,-1560(s0)
1651:../src/middleware/bacnet/demo/object/trendlog.c ****                 decode_signed(&ValueBuf[iLen], len_value_type,
 5302              		.loc 1 1651 17
 5303 016e 130784A0 		addi	a4,s0,-1528
 5304 0172 8327C4FC 		lw	a5,-52(s0)
 5305 0176 3E97     		add	a4,a4,a5
 5306 0178 8326849D 		lw	a3,-1576(s0)
 5307 017c 9307049E 		addi	a5,s0,-1568
 5308 0180 B107     		addi	a5,a5,12
 5309 0182 3E86     		mv	a2,a5
 5310 0184 B685     		mv	a1,a3
 5311 0186 3A85     		mv	a0,a4
 5312 0188 97000000 		call	decode_signed
 5312      E7800000 
1652:../src/middleware/bacnet/demo/object/trendlog.c ****                     &TempRec.Datum.lSValue);
1653:../src/middleware/bacnet/demo/object/trendlog.c ****                 break;
 5313              		.loc 1 1653 17
 5314 0190 5DAA     		j	.L269
 5315              	.L264:
1654:../src/middleware/bacnet/demo/object/trendlog.c **** 
1655:../src/middleware/bacnet/demo/object/trendlog.c ****             case BACNET_APPLICATION_TAG_REAL:
1656:../src/middleware/bacnet/demo/object/trendlog.c ****                 TempRec.ucRecType = TL_TYPE_REAL;
 5316              		.loc 1 1656 35
 5317 0192 8947     		li	a5,2
 5318 0194 2304F49E 		sb	a5,-1560(s0)
1657:../src/middleware/bacnet/demo/object/trendlog.c ****                 decode_real_safe(&ValueBuf[iLen], len_value_type,
 5319              		.loc 1 1657 17
 5320 0198 130784A0 		addi	a4,s0,-1528
 5321 019c 8327C4FC 		lw	a5,-52(s0)
 5322 01a0 3E97     		add	a4,a4,a5
 5323 01a2 8326849D 		lw	a3,-1576(s0)
 5324 01a6 9307049E 		addi	a5,s0,-1568
 5325 01aa B107     		addi	a5,a5,12
 5326 01ac 3E86     		mv	a2,a5
 5327 01ae B685     		mv	a1,a3
 5328 01b0 3A85     		mv	a0,a4
 5329 01b2 97000000 		call	decode_real_safe
 5329      E7800000 
1658:../src/middleware/bacnet/demo/object/trendlog.c ****                     &TempRec.Datum.fReal);
1659:../src/middleware/bacnet/demo/object/trendlog.c ****                 break;
 5330              		.loc 1 1659 17
 5331 01ba 71A2     		j	.L269
 5332              	.L263:
1660:../src/middleware/bacnet/demo/object/trendlog.c **** 
1661:../src/middleware/bacnet/demo/object/trendlog.c ****             case BACNET_APPLICATION_TAG_BIT_STRING:
1662:../src/middleware/bacnet/demo/object/trendlog.c ****                 TempRec.ucRecType = TL_TYPE_BITS;
 5333              		.loc 1 1662 35
 5334 01bc 9947     		li	a5,6
 5335 01be 2304F49E 		sb	a5,-1560(s0)
1663:../src/middleware/bacnet/demo/object/trendlog.c ****                 decode_bitstring(&ValueBuf[iLen], len_value_type, &TempBits);
 5336              		.loc 1 1663 17
 5337 01c2 130784A0 		addi	a4,s0,-1528
 5338 01c6 8327C4FC 		lw	a5,-52(s0)
 5339 01ca BA97     		add	a5,a4,a5
 5340 01cc 0327849D 		lw	a4,-1576(s0)
 5341 01d0 9306849C 		addi	a3,s0,-1592
 5342 01d4 3686     		mv	a2,a3
 5343 01d6 BA85     		mv	a1,a4
 5344 01d8 3E85     		mv	a0,a5
 5345 01da 97000000 		call	decode_bitstring
 5345      E7800000 
1664:../src/middleware/bacnet/demo/object/trendlog.c ****                 /* We truncate any bitstrings at 32 bits to conserve space */
1665:../src/middleware/bacnet/demo/object/trendlog.c ****                 if (bitstring_bits_used(&TempBits) < 32) {
 5346              		.loc 1 1665 21
 5347 01e2 9307849C 		addi	a5,s0,-1592
 5348 01e6 3E85     		mv	a0,a5
 5349 01e8 97000000 		call	bitstring_bits_used
 5349      E7800000 
 5350 01f0 AA87     		mv	a5,a0
 5351              		.loc 1 1665 20
 5352 01f2 3E87     		mv	a4,a5
 5353 01f4 FD47     		li	a5,31
 5354 01f6 63EFE70A 		bgtu	a4,a5,.L270
1666:../src/middleware/bacnet/demo/object/trendlog.c ****                     /* Store the bytes used and the bits free in the last byte */
1667:../src/middleware/bacnet/demo/object/trendlog.c ****                     TempRec.Datum.Bits.ucLen =
1668:../src/middleware/bacnet/demo/object/trendlog.c ****                         bitstring_bytes_used(&TempBits) << 4;
 5355              		.loc 1 1668 25
 5356 01fa 9307849C 		addi	a5,s0,-1592
 5357 01fe 3E85     		mv	a0,a5
 5358 0200 97000000 		call	bitstring_bytes_used
 5358      E7800000 
 5359 0208 AA87     		mv	a5,a0
 5360              		.loc 1 1668 57
 5361 020a 9B974700 		slliw	a5,a5,4
 5362 020e 93F7F70F 		andi	a5,a5,0xff
1667:../src/middleware/bacnet/demo/object/trendlog.c ****                         bitstring_bytes_used(&TempBits) << 4;
 5363              		.loc 1 1667 46
 5364 0212 2306F49E 		sb	a5,-1556(s0)
1669:../src/middleware/bacnet/demo/object/trendlog.c ****                     TempRec.Datum.Bits.ucLen |=
1670:../src/middleware/bacnet/demo/object/trendlog.c ****                         (8 - (bitstring_bits_used(&TempBits) % 8)) & 7;
 5365              		.loc 1 1670 31
 5366 0216 9307849C 		addi	a5,s0,-1592
 5367 021a 3E85     		mv	a0,a5
 5368 021c 97000000 		call	bitstring_bits_used
 5368      E7800000 
 5369 0224 AA87     		mv	a5,a0
 5370              		.loc 1 1670 68
 5371 0226 8127     		sext.w	a5,a5
 5372 0228 BB07F040 		negw	a5,a5
 5373 022c 8127     		sext.w	a5,a5
 5374 022e 8127     		sext.w	a5,a5
 5375 0230 9D8B     		andi	a5,a5,7
 5376 0232 8127     		sext.w	a5,a5
1669:../src/middleware/bacnet/demo/object/trendlog.c ****                     TempRec.Datum.Bits.ucLen |=
 5377              		.loc 1 1669 46
 5378 0234 0347C49E 		lbu	a4,-1556(s0)
 5379 0238 1B178701 		slliw	a4,a4,24
 5380 023c 1B578741 		sraiw	a4,a4,24
 5381 0240 9B978701 		slliw	a5,a5,24
 5382 0244 9BD78741 		sraiw	a5,a5,24
 5383 0248 D98F     		or	a5,a4,a5
 5384 024a 9B978701 		slliw	a5,a5,24
 5385 024e 9BD78741 		sraiw	a5,a5,24
 5386 0252 93F7F70F 		andi	a5,a5,0xff
 5387 0256 2306F49E 		sb	a5,-1556(s0)
1671:../src/middleware/bacnet/demo/object/trendlog.c ****                     /* Fetch the octets with the bits directly */
1672:../src/middleware/bacnet/demo/object/trendlog.c ****                     for (ucCount = 0;
 5388              		.loc 1 1672 34
 5389 025a A30F04FC 		sb	zero,-33(s0)
 5390              		.loc 1 1672 21
 5391 025e 1DA8     		j	.L271
 5392              	.L272:
1673:../src/middleware/bacnet/demo/object/trendlog.c ****                         ucCount < bitstring_bytes_used(&TempBits); ucCount++)
1674:../src/middleware/bacnet/demo/object/trendlog.c ****                         TempRec.Datum.Bits.ucStore[ucCount] =
 5393              		.loc 1 1674 51 discriminator 1
 5394 0260 8347F4FD 		lbu	a5,-33(s0)
 5395 0264 9B840700 		sext.w	s1,a5
1675:../src/middleware/bacnet/demo/object/trendlog.c ****                             bitstring_octet(&TempBits, ucCount);
 5396              		.loc 1 1675 29 discriminator 1
 5397 0268 0347F4FD 		lbu	a4,-33(s0)
 5398 026c 9307849C 		addi	a5,s0,-1592
 5399 0270 BA85     		mv	a1,a4
 5400 0272 3E85     		mv	a0,a5
 5401 0274 97000000 		call	bitstring_octet
 5401      E7800000 
 5402 027c AA87     		mv	a5,a0
 5403 027e 3E87     		mv	a4,a5
1674:../src/middleware/bacnet/demo/object/trendlog.c ****                             bitstring_octet(&TempBits, ucCount);
 5404              		.loc 1 1674 61 discriminator 1
 5405 0280 930704FE 		addi	a5,s0,-32
 5406 0284 A697     		add	a5,a5,s1
 5407 0286 A386E7A0 		sb	a4,-1523(a5)
1673:../src/middleware/bacnet/demo/object/trendlog.c ****                         ucCount < bitstring_bytes_used(&TempBits); ucCount++)
 5408              		.loc 1 1673 75 discriminator 1
 5409 028a 8347F4FD 		lbu	a5,-33(s0)
 5410 028e 8527     		addiw	a5,a5,1
 5411 0290 A30FF4FC 		sb	a5,-33(s0)
 5412              	.L271:
1673:../src/middleware/bacnet/demo/object/trendlog.c ****                         ucCount < bitstring_bytes_used(&TempBits); ucCount++)
 5413              		.loc 1 1673 35 discriminator 1
 5414 0294 9307849C 		addi	a5,s0,-1592
 5415 0298 3E85     		mv	a0,a5
 5416 029a 97000000 		call	bitstring_bytes_used
 5416      E7800000 
 5417 02a2 AA87     		mv	a5,a0
 5418 02a4 3E87     		mv	a4,a5
1672:../src/middleware/bacnet/demo/object/trendlog.c ****                         ucCount < bitstring_bytes_used(&TempBits); ucCount++)
 5419              		.loc 1 1672 21 discriminator 1
 5420 02a6 8347F4FD 		lbu	a5,-33(s0)
 5421 02aa 93F7F70F 		andi	a5,a5,0xff
 5422 02ae E3E9E7FA 		bltu	a5,a4,.L272
1676:../src/middleware/bacnet/demo/object/trendlog.c ****                 } else {
1677:../src/middleware/bacnet/demo/object/trendlog.c ****                     /* We will only use the first 4 octets to save space */
1678:../src/middleware/bacnet/demo/object/trendlog.c ****                     TempRec.Datum.Bits.ucLen = 4 << 4;
1679:../src/middleware/bacnet/demo/object/trendlog.c ****                     for (ucCount = 0; ucCount < 4; ucCount++)
1680:../src/middleware/bacnet/demo/object/trendlog.c ****                         TempRec.Datum.Bits.ucStore[ucCount] =
1681:../src/middleware/bacnet/demo/object/trendlog.c ****                             bitstring_octet(&TempBits, ucCount);
1682:../src/middleware/bacnet/demo/object/trendlog.c ****                 }
1683:../src/middleware/bacnet/demo/object/trendlog.c ****                 break;
 5423              		.loc 1 1683 17
 5424 02b2 51A8     		j	.L269
 5425              	.L270:
1678:../src/middleware/bacnet/demo/object/trendlog.c ****                     for (ucCount = 0; ucCount < 4; ucCount++)
 5426              		.loc 1 1678 46
 5427 02b4 93070004 		li	a5,64
 5428 02b8 2306F49E 		sb	a5,-1556(s0)
1679:../src/middleware/bacnet/demo/object/trendlog.c ****                         TempRec.Datum.Bits.ucStore[ucCount] =
 5429              		.loc 1 1679 34
 5430 02bc A30F04FC 		sb	zero,-33(s0)
1679:../src/middleware/bacnet/demo/object/trendlog.c ****                         TempRec.Datum.Bits.ucStore[ucCount] =
 5431              		.loc 1 1679 21
 5432 02c0 1DA8     		j	.L274
 5433              	.L275:
1680:../src/middleware/bacnet/demo/object/trendlog.c ****                             bitstring_octet(&TempBits, ucCount);
 5434              		.loc 1 1680 51 discriminator 3
 5435 02c2 8347F4FD 		lbu	a5,-33(s0)
 5436 02c6 9B840700 		sext.w	s1,a5
1681:../src/middleware/bacnet/demo/object/trendlog.c ****                 }
 5437              		.loc 1 1681 29 discriminator 3
 5438 02ca 0347F4FD 		lbu	a4,-33(s0)
 5439 02ce 9307849C 		addi	a5,s0,-1592
 5440 02d2 BA85     		mv	a1,a4
 5441 02d4 3E85     		mv	a0,a5
 5442 02d6 97000000 		call	bitstring_octet
 5442      E7800000 
 5443 02de AA87     		mv	a5,a0
 5444 02e0 3E87     		mv	a4,a5
1680:../src/middleware/bacnet/demo/object/trendlog.c ****                             bitstring_octet(&TempBits, ucCount);
 5445              		.loc 1 1680 61 discriminator 3
 5446 02e2 930704FE 		addi	a5,s0,-32
 5447 02e6 A697     		add	a5,a5,s1
 5448 02e8 A386E7A0 		sb	a4,-1523(a5)
1679:../src/middleware/bacnet/demo/object/trendlog.c ****                         TempRec.Datum.Bits.ucStore[ucCount] =
 5449              		.loc 1 1679 59 discriminator 3
 5450 02ec 8347F4FD 		lbu	a5,-33(s0)
 5451 02f0 8527     		addiw	a5,a5,1
 5452 02f2 A30FF4FC 		sb	a5,-33(s0)
 5453              	.L274:
1679:../src/middleware/bacnet/demo/object/trendlog.c ****                         TempRec.Datum.Bits.ucStore[ucCount] =
 5454              		.loc 1 1679 21 discriminator 1
 5455 02f6 8347F4FD 		lbu	a5,-33(s0)
 5456 02fa 13F7F70F 		andi	a4,a5,0xff
 5457 02fe 8D47     		li	a5,3
 5458 0300 E3F1E7FC 		bleu	a4,a5,.L275
 5459              		.loc 1 1683 17
 5460 0304 89A0     		j	.L269
 5461              	.L261:
1684:../src/middleware/bacnet/demo/object/trendlog.c **** 
1685:../src/middleware/bacnet/demo/object/trendlog.c ****             case BACNET_APPLICATION_TAG_ENUMERATED:
1686:../src/middleware/bacnet/demo/object/trendlog.c ****                 TempRec.ucRecType = TL_TYPE_ENUM;
 5462              		.loc 1 1686 35
 5463 0306 8D47     		li	a5,3
 5464 0308 2304F49E 		sb	a5,-1560(s0)
1687:../src/middleware/bacnet/demo/object/trendlog.c ****                 decode_enumerated(&ValueBuf[iLen], len_value_type,
 5465              		.loc 1 1687 17
 5466 030c 130784A0 		addi	a4,s0,-1528
 5467 0310 8327C4FC 		lw	a5,-52(s0)
 5468 0314 3E97     		add	a4,a4,a5
 5469 0316 8326849D 		lw	a3,-1576(s0)
 5470 031a 9307049E 		addi	a5,s0,-1568
 5471 031e B107     		addi	a5,a5,12
 5472 0320 3E86     		mv	a2,a5
 5473 0322 B685     		mv	a1,a3
 5474 0324 3A85     		mv	a0,a4
 5475 0326 97000000 		call	decode_enumerated
 5475      E7800000 
1688:../src/middleware/bacnet/demo/object/trendlog.c ****                     &TempRec.Datum.ulEnum);
1689:../src/middleware/bacnet/demo/object/trendlog.c ****                 break;
 5476              		.loc 1 1689 17
 5477 032e 21A8     		j	.L269
 5478              	.L260:
1690:../src/middleware/bacnet/demo/object/trendlog.c **** 
1691:../src/middleware/bacnet/demo/object/trendlog.c ****             default:
1692:../src/middleware/bacnet/demo/object/trendlog.c ****                 /* Fake an error response for any types we cannot handle */
1693:../src/middleware/bacnet/demo/object/trendlog.c ****                 TempRec.Datum.Error.usClass = ERROR_CLASS_PROPERTY;
 5479              		.loc 1 1693 45
 5480 0330 8947     		li	a5,2
 5481 0332 2316F49E 		sh	a5,-1556(s0)
1694:../src/middleware/bacnet/demo/object/trendlog.c ****                 TempRec.Datum.Error.usCode = ERROR_CODE_DATATYPE_NOT_SUPPORTED;
 5482              		.loc 1 1694 44
 5483 0336 9307F002 		li	a5,47
 5484 033a 2317F49E 		sh	a5,-1554(s0)
1695:../src/middleware/bacnet/demo/object/trendlog.c ****                 TempRec.ucRecType = TL_TYPE_ERROR;
 5485              		.loc 1 1695 35
 5486 033e A147     		li	a5,8
 5487 0340 2304F49E 		sb	a5,-1560(s0)
1696:../src/middleware/bacnet/demo/object/trendlog.c ****                 break;
 5488              		.loc 1 1696 17
 5489 0344 0100     		nop
 5490              	.L269:
1697:../src/middleware/bacnet/demo/object/trendlog.c ****         }
1698:../src/middleware/bacnet/demo/object/trendlog.c ****         /* Finally insert the status flags into the record */
1699:../src/middleware/bacnet/demo/object/trendlog.c ****         iLen =
1700:../src/middleware/bacnet/demo/object/trendlog.c ****             decode_tag_number_and_value(StatusBuf, &tag_number,
 5491              		.loc 1 1700 13
 5492 0346 9306849D 		addi	a3,s0,-1576
 5493 034a 1307F49D 		addi	a4,s0,-1569
 5494 034e 930704A0 		addi	a5,s0,-1536
 5495 0352 3686     		mv	a2,a3
 5496 0354 BA85     		mv	a1,a4
 5497 0356 3E85     		mv	a0,a5
 5498 0358 97000000 		call	decode_tag_number_and_value
 5498      E7800000 
 5499 0360 AA87     		mv	a5,a0
 5500 0362 2326F4FC 		sw	a5,-52(s0)
1701:../src/middleware/bacnet/demo/object/trendlog.c ****             &len_value_type);
1702:../src/middleware/bacnet/demo/object/trendlog.c ****         decode_bitstring(&StatusBuf[iLen], len_value_type, &TempBits);
 5501              		.loc 1 1702 9
 5502 0366 130704A0 		addi	a4,s0,-1536
 5503 036a 8327C4FC 		lw	a5,-52(s0)
 5504 036e BA97     		add	a5,a4,a5
 5505 0370 0327849D 		lw	a4,-1576(s0)
 5506 0374 9306849C 		addi	a3,s0,-1592
 5507 0378 3686     		mv	a2,a3
 5508 037a BA85     		mv	a1,a4
 5509 037c 3E85     		mv	a0,a5
 5510 037e 97000000 		call	decode_bitstring
 5510      E7800000 
1703:../src/middleware/bacnet/demo/object/trendlog.c ****         TempRec.ucStatus = 128 | bitstring_octet(&TempBits, 0);
 5511              		.loc 1 1703 34
 5512 0386 9307849C 		addi	a5,s0,-1592
 5513 038a 8145     		li	a1,0
 5514 038c 3E85     		mv	a0,a5
 5515 038e 97000000 		call	bitstring_octet
 5515      E7800000 
 5516 0396 AA87     		mv	a5,a0
 5517              		.loc 1 1703 26
 5518 0398 93E707F8 		ori	a5,a5,-128
 5519 039c 93F7F70F 		andi	a5,a5,0xff
 5520 03a0 A304F49E 		sb	a5,-1559(s0)
 5521              	.L259:
1704:../src/middleware/bacnet/demo/object/trendlog.c ****     }
1705:../src/middleware/bacnet/demo/object/trendlog.c **** 
1706:../src/middleware/bacnet/demo/object/trendlog.c ****     Logs[iLog][CurrentLog->iIndex++] = TempRec;
 5522              		.loc 1 1706 26
 5523 03a4 833704FD 		ld	a5,-48(s0)
 5524 03a8 F857     		lw	a4,108(a5)
 5525              		.loc 1 1706 34
 5526 03aa 9B071700 		addiw	a5,a4,1
 5527 03ae 9B860700 		sext.w	a3,a5
 5528 03b2 833704FD 		ld	a5,-48(s0)
 5529 03b6 F4D7     		sw	a3,108(a5)
 5530              		.loc 1 1706 38
 5531 03b8 97060000 		lla	a3,Logs
 5531      93860600 
 5532 03c0 0326C49B 		lw	a2,-1604(s0)
 5533 03c4 BA87     		mv	a5,a4
 5534 03c6 8607     		slli	a5,a5,1
 5535 03c8 BA97     		add	a5,a5,a4
 5536 03ca 8E07     		slli	a5,a5,3
 5537 03cc 1967     		li	a4,24576
 5538 03ce 130707DC 		addi	a4,a4,-576
 5539 03d2 3307E602 		mul	a4,a2,a4
 5540 03d6 BA97     		add	a5,a5,a4
 5541 03d8 B697     		add	a5,a3,a5
 5542 03da 0337049E 		ld	a4,-1568(s0)
 5543 03de 98E3     		sd	a4,0(a5)
 5544 03e0 0337849E 		ld	a4,-1560(s0)
 5545 03e4 98E7     		sd	a4,8(a5)
 5546 03e6 0337049F 		ld	a4,-1552(s0)
 5547 03ea 98EB     		sd	a4,16(a5)
1707:../src/middleware/bacnet/demo/object/trendlog.c ****     if (CurrentLog->iIndex >= TL_MAX_ENTRIES)
 5548              		.loc 1 1707 19
 5549 03ec 833704FD 		ld	a5,-48(s0)
 5550 03f0 FC57     		lw	a5,108(a5)
 5551              		.loc 1 1707 8
 5552 03f2 3E87     		mv	a4,a5
 5553 03f4 9307703E 		li	a5,999
 5554 03f8 63D6E700 		ble	a4,a5,.L276
1708:../src/middleware/bacnet/demo/object/trendlog.c ****         CurrentLog->iIndex = 0;
 5555              		.loc 1 1708 28
 5556 03fc 833704FD 		ld	a5,-48(s0)
 5557 0400 23A60706 		sw	zero,108(a5)
 5558              	.L276:
1709:../src/middleware/bacnet/demo/object/trendlog.c **** 
1710:../src/middleware/bacnet/demo/object/trendlog.c ****     CurrentLog->ulTotalRecordCount++;
 5559              		.loc 1 1710 15
 5560 0404 833704FD 		ld	a5,-48(s0)
 5561 0408 BC4F     		lw	a5,88(a5)
 5562              		.loc 1 1710 35
 5563 040a 8527     		addiw	a5,a5,1
 5564 040c 1B870700 		sext.w	a4,a5
 5565 0410 833704FD 		ld	a5,-48(s0)
 5566 0414 B8CF     		sw	a4,88(a5)
1711:../src/middleware/bacnet/demo/object/trendlog.c **** 
1712:../src/middleware/bacnet/demo/object/trendlog.c ****     if (CurrentLog->ulRecordCount < TL_MAX_ENTRIES)
 5567              		.loc 1 1712 19
 5568 0416 833704FD 		ld	a5,-48(s0)
 5569 041a FC4B     		lw	a5,84(a5)
 5570              		.loc 1 1712 8
 5571 041c 3E87     		mv	a4,a5
 5572 041e 9307703E 		li	a5,999
 5573 0422 63EBE700 		bgtu	a4,a5,.L278
1713:../src/middleware/bacnet/demo/object/trendlog.c ****         CurrentLog->ulRecordCount++;
 5574              		.loc 1 1713 19
 5575 0426 833704FD 		ld	a5,-48(s0)
 5576 042a FC4B     		lw	a5,84(a5)
 5577              		.loc 1 1713 34
 5578 042c 8527     		addiw	a5,a5,1
 5579 042e 1B870700 		sext.w	a4,a5
 5580 0432 833704FD 		ld	a5,-48(s0)
 5581 0436 F8CB     		sw	a4,84(a5)
 5582              	.L278:
1714:../src/middleware/bacnet/demo/object/trendlog.c **** }
 5583              		.loc 1 1714 1
 5584 0438 0100     		nop
 5585 043a 83308164 		ld	ra,1608(sp)
 5586              		.cfi_restore 1
 5587 043e 03340164 		ld	s0,1600(sp)
 5588              		.cfi_restore 8
 5589              		.cfi_def_cfa 2, 1616
 5590 0442 83348163 		ld	s1,1592(sp)
 5591              		.cfi_restore 9
 5592 0446 13010165 		addi	sp,sp,1616
 5593              		.cfi_def_cfa_offset 0
 5594 044a 8280     		jr	ra
 5595              		.cfi_endproc
 5596              	.LFE24:
 5598              		.section	.text.trend_log_timer,"ax",@progbits
 5599              		.align	1
 5600              		.globl	trend_log_timer
 5602              	trend_log_timer:
 5603              	.LFB25:
1715:../src/middleware/bacnet/demo/object/trendlog.c **** 
1716:../src/middleware/bacnet/demo/object/trendlog.c **** /****************************************************************************
1717:../src/middleware/bacnet/demo/object/trendlog.c ****  * Check each log to see if any data needs to be recorded.                  *
1718:../src/middleware/bacnet/demo/object/trendlog.c ****  ****************************************************************************/
1719:../src/middleware/bacnet/demo/object/trendlog.c **** 
1720:../src/middleware/bacnet/demo/object/trendlog.c **** void trend_log_timer(
1721:../src/middleware/bacnet/demo/object/trendlog.c ****     uint16_t uSeconds)
1722:../src/middleware/bacnet/demo/object/trendlog.c **** {
 5604              		.loc 1 1722 1
 5605              		.cfi_startproc
 5606 0000 3971     		addi	sp,sp,-64
 5607              		.cfi_def_cfa_offset 64
 5608 0002 06FC     		sd	ra,56(sp)
 5609 0004 22F8     		sd	s0,48(sp)
 5610              		.cfi_offset 1, -8
 5611              		.cfi_offset 8, -16
 5612 0006 8000     		addi	s0,sp,64
 5613              		.cfi_def_cfa 8, 0
 5614 0008 AA87     		mv	a5,a0
 5615 000a 2317F4FC 		sh	a5,-50(s0)
1723:../src/middleware/bacnet/demo/object/trendlog.c ****     TL_LOG_INFO *CurrentLog = NULL;
 5616              		.loc 1 1723 18
 5617 000e 233004FE 		sd	zero,-32(s0)
1724:../src/middleware/bacnet/demo/object/trendlog.c ****     int iCount = 0;
 5618              		.loc 1 1724 9
 5619 0012 232604FE 		sw	zero,-20(s0)
1725:../src/middleware/bacnet/demo/object/trendlog.c ****     time_t tNow = 0;
 5620              		.loc 1 1725 12
 5621 0016 233C04FC 		sd	zero,-40(s0)
1726:../src/middleware/bacnet/demo/object/trendlog.c **** 
1727:../src/middleware/bacnet/demo/object/trendlog.c ****     /* unused parameter */
1728:../src/middleware/bacnet/demo/object/trendlog.c ****     uSeconds = uSeconds;
1729:../src/middleware/bacnet/demo/object/trendlog.c ****     /* use OS to get the current time */
1730:../src/middleware/bacnet/demo/object/trendlog.c ****     tNow = time(NULL);
 5622              		.loc 1 1730 12
 5623 001a 0145     		li	a0,0
 5624 001c 97000000 		call	time
 5624      E7800000 
 5625 0024 233CA4FC 		sd	a0,-40(s0)
1731:../src/middleware/bacnet/demo/object/trendlog.c ****     for (iCount = 0; iCount < MAX_TREND_LOGS; iCount++) {
 5626              		.loc 1 1731 17
 5627 0028 232604FE 		sw	zero,-20(s0)
 5628              		.loc 1 1731 5
 5629 002c 29AA     		j	.L280
 5630              	.L288:
1732:../src/middleware/bacnet/demo/object/trendlog.c ****         CurrentLog = &LogInfo[iCount];
 5631              		.loc 1 1732 20
 5632 002e 0327C4FE 		lw	a4,-20(s0)
 5633 0032 BA87     		mv	a5,a4
 5634 0034 9207     		slli	a5,a5,4
 5635 0036 998F     		sub	a5,a5,a4
 5636 0038 8E07     		slli	a5,a5,3
 5637 003a 17070000 		lla	a4,LogInfo
 5637      13070700 
 5638 0042 BA97     		add	a5,a5,a4
 5639 0044 2330F4FE 		sd	a5,-32(s0)
1733:../src/middleware/bacnet/demo/object/trendlog.c ****         if (TL_Is_Enabled(iCount)) {
 5640              		.loc 1 1733 13
 5641 0048 8327C4FE 		lw	a5,-20(s0)
 5642 004c 3E85     		mv	a0,a5
 5643 004e 97000000 		call	TL_Is_Enabled
 5643      E7800000 
 5644 0056 AA87     		mv	a5,a0
 5645              		.loc 1 1733 12
 5646 0058 F5C3     		beq	a5,zero,.L281
1734:../src/middleware/bacnet/demo/object/trendlog.c ****             if (CurrentLog->LoggingType == LOGGING_TYPE_POLLED) {
 5647              		.loc 1 1734 27
 5648 005a 833704FE 		ld	a5,-32(s0)
 5649 005e FC4F     		lw	a5,92(a5)
 5650              		.loc 1 1734 16
 5651 0060 DDE7     		bne	a5,zero,.L282
1735:../src/middleware/bacnet/demo/object/trendlog.c ****                 /* For polled logs we first need to see if they are clock
1736:../src/middleware/bacnet/demo/object/trendlog.c ****                  * aligned or not.
1737:../src/middleware/bacnet/demo/object/trendlog.c ****                  */
1738:../src/middleware/bacnet/demo/object/trendlog.c ****                 if (CurrentLog->bAlignIntervals == true) {
 5652              		.loc 1 1738 31
 5653 0062 833704FE 		ld	a5,-32(s0)
 5654 0066 83C70706 		lbu	a5,96(a5)
 5655              		.loc 1 1738 20
 5656 006a A5C7     		beq	a5,zero,.L283
1739:../src/middleware/bacnet/demo/object/trendlog.c ****                     /* Aligned logging so use the combination of the interval
1740:../src/middleware/bacnet/demo/object/trendlog.c ****                      * and the offset to decide when to log. Also log a reading if
1741:../src/middleware/bacnet/demo/object/trendlog.c ****                      * more than interval time has elapsed since last reading to ensure
1742:../src/middleware/bacnet/demo/object/trendlog.c ****                      * we don't miss a reading if we aren't called at the precise second
1743:../src/middleware/bacnet/demo/object/trendlog.c ****                      * when the match occurrs.
1744:../src/middleware/bacnet/demo/object/trendlog.c ****                      */
1745:../src/middleware/bacnet/demo/object/trendlog.c **** /*                if(((tNow % CurrentLog->ulLogInterval) >= (CurrentLog->ulIntervalOffset % Current
1746:../src/middleware/bacnet/demo/object/trendlog.c **** /*                   ((tNow - CurrentLog->tLastDataTime) >= CurrentLog->ulLogInterval)) { */
1747:../src/middleware/bacnet/demo/object/trendlog.c ****                     if ((tNow % CurrentLog->ulLogInterval) ==
 5657              		.loc 1 1747 43
 5658 006c 833704FE 		ld	a5,-32(s0)
 5659 0070 FC47     		lw	a5,76(a5)
 5660 0072 8217     		slli	a5,a5,32
 5661 0074 8193     		srli	a5,a5,32
 5662              		.loc 1 1747 31
 5663 0076 033784FD 		ld	a4,-40(s0)
 5664 007a 3367F702 		rem	a4,a4,a5
1748:../src/middleware/bacnet/demo/object/trendlog.c ****                         (CurrentLog->ulIntervalOffset %
 5665              		.loc 1 1748 36
 5666 007e 833704FE 		ld	a5,-32(s0)
 5667 0082 F453     		lw	a3,100(a5)
1749:../src/middleware/bacnet/demo/object/trendlog.c ****                             CurrentLog->ulLogInterval)) {
 5668              		.loc 1 1749 39
 5669 0084 833704FE 		ld	a5,-32(s0)
 5670 0088 FC47     		lw	a5,76(a5)
1748:../src/middleware/bacnet/demo/object/trendlog.c ****                         (CurrentLog->ulIntervalOffset %
 5671              		.loc 1 1748 55
 5672 008a BBF7F602 		remuw	a5,a3,a5
 5673 008e 8127     		sext.w	a5,a5
 5674 0090 8217     		slli	a5,a5,32
 5675 0092 8193     		srli	a5,a5,32
1747:../src/middleware/bacnet/demo/object/trendlog.c ****                         (CurrentLog->ulIntervalOffset %
 5676              		.loc 1 1747 24
 5677 0094 631AF700 		bne	a4,a5,.L284
1750:../src/middleware/bacnet/demo/object/trendlog.c ****                         /* Record value if time synchronised trigger condition is met
1751:../src/middleware/bacnet/demo/object/trendlog.c ****                          * and at least one period has elapsed.
1752:../src/middleware/bacnet/demo/object/trendlog.c ****                          */
1753:../src/middleware/bacnet/demo/object/trendlog.c ****                         TL_fetch_property(iCount);
 5678              		.loc 1 1753 25
 5679 0098 8327C4FE 		lw	a5,-20(s0)
 5680 009c 3E85     		mv	a0,a5
 5681 009e 97000000 		call	TL_fetch_property
 5681      E7800000 
 5682 00a6 B9A8     		j	.L286
 5683              	.L284:
1754:../src/middleware/bacnet/demo/object/trendlog.c ****                     } else if ((tNow - CurrentLog->tLastDataTime) >
 5684              		.loc 1 1754 50
 5685 00a8 833704FE 		ld	a5,-32(s0)
 5686 00ac BC7B     		ld	a5,112(a5)
 5687              		.loc 1 1754 38
 5688 00ae 033784FD 		ld	a4,-40(s0)
 5689 00b2 1D8F     		sub	a4,a4,a5
1755:../src/middleware/bacnet/demo/object/trendlog.c ****                         CurrentLog->ulLogInterval) {
 5690              		.loc 1 1755 35
 5691 00b4 833704FE 		ld	a5,-32(s0)
 5692 00b8 FC47     		lw	a5,76(a5)
 5693 00ba 8217     		slli	a5,a5,32
 5694 00bc 8193     		srli	a5,a5,32
1754:../src/middleware/bacnet/demo/object/trendlog.c ****                     } else if ((tNow - CurrentLog->tLastDataTime) >
 5695              		.loc 1 1754 31
 5696 00be 63D3E704 		ble	a4,a5,.L286
1756:../src/middleware/bacnet/demo/object/trendlog.c ****                         /* Also record value if we have waited more than a period
1757:../src/middleware/bacnet/demo/object/trendlog.c ****                          * since the last reading. This ensures we take a reading as
1758:../src/middleware/bacnet/demo/object/trendlog.c ****                          * soon as possible after a power down if we have been off for
1759:../src/middleware/bacnet/demo/object/trendlog.c ****                          * more than a single period.
1760:../src/middleware/bacnet/demo/object/trendlog.c ****                          */
1761:../src/middleware/bacnet/demo/object/trendlog.c ****                         TL_fetch_property(iCount);
 5697              		.loc 1 1761 25
 5698 00c2 8327C4FE 		lw	a5,-20(s0)
 5699 00c6 3E85     		mv	a0,a5
 5700 00c8 97000000 		call	TL_fetch_property
 5700      E7800000 
 5701 00d0 15A8     		j	.L286
 5702              	.L283:
1762:../src/middleware/bacnet/demo/object/trendlog.c ****                     }
1763:../src/middleware/bacnet/demo/object/trendlog.c ****                 } else if (((tNow - CurrentLog->tLastDataTime) >=
 5703              		.loc 1 1763 47
 5704 00d2 833704FE 		ld	a5,-32(s0)
 5705 00d6 BC7B     		ld	a5,112(a5)
 5706              		.loc 1 1763 35
 5707 00d8 033784FD 		ld	a4,-40(s0)
 5708 00dc 1D8F     		sub	a4,a4,a5
1764:../src/middleware/bacnet/demo/object/trendlog.c ****                         CurrentLog->ulLogInterval) ||
 5709              		.loc 1 1764 35
 5710 00de 833704FE 		ld	a5,-32(s0)
 5711 00e2 FC47     		lw	a5,76(a5)
 5712 00e4 8217     		slli	a5,a5,32
 5713 00e6 8193     		srli	a5,a5,32
1763:../src/middleware/bacnet/demo/object/trendlog.c ****                         CurrentLog->ulLogInterval) ||
 5714              		.loc 1 1763 27
 5715 00e8 6357F700 		bge	a4,a5,.L287
1765:../src/middleware/bacnet/demo/object/trendlog.c ****                     (CurrentLog->bTrigger == true)) {
 5716              		.loc 1 1765 32
 5717 00ec 833704FE 		ld	a5,-32(s0)
 5718 00f0 83C78706 		lbu	a5,104(a5)
1764:../src/middleware/bacnet/demo/object/trendlog.c ****                         CurrentLog->ulLogInterval) ||
 5719              		.loc 1 1764 52
 5720 00f4 81CB     		beq	a5,zero,.L286
 5721              	.L287:
1766:../src/middleware/bacnet/demo/object/trendlog.c ****                     /* If not aligned take a reading when we have either waited long
1767:../src/middleware/bacnet/demo/object/trendlog.c ****                      * enough or a trigger is set.
1768:../src/middleware/bacnet/demo/object/trendlog.c ****                      */
1769:../src/middleware/bacnet/demo/object/trendlog.c ****                     TL_fetch_property(iCount);
 5722              		.loc 1 1769 21
 5723 00f6 8327C4FE 		lw	a5,-20(s0)
 5724 00fa 3E85     		mv	a0,a5
 5725 00fc 97000000 		call	TL_fetch_property
 5725      E7800000 
 5726              	.L286:
1770:../src/middleware/bacnet/demo/object/trendlog.c ****                 }
1771:../src/middleware/bacnet/demo/object/trendlog.c **** 
1772:../src/middleware/bacnet/demo/object/trendlog.c ****                 CurrentLog->bTrigger = false;   /* Clear this every time */
 5727              		.loc 1 1772 38
 5728 0104 833704FE 		ld	a5,-32(s0)
 5729 0108 23840706 		sb	zero,104(a5)
 5730 010c 05A8     		j	.L281
 5731              	.L282:
1773:../src/middleware/bacnet/demo/object/trendlog.c ****             } else if (CurrentLog->LoggingType == LOGGING_TYPE_TRIGGERED) {
 5732              		.loc 1 1773 34
 5733 010e 833704FE 		ld	a5,-32(s0)
 5734 0112 FC4F     		lw	a5,92(a5)
 5735              		.loc 1 1773 23
 5736 0114 3E87     		mv	a4,a5
 5737 0116 8947     		li	a5,2
 5738 0118 6312F702 		bne	a4,a5,.L281
1774:../src/middleware/bacnet/demo/object/trendlog.c ****                 /* Triggered logs take a reading when the trigger is set and
1775:../src/middleware/bacnet/demo/object/trendlog.c ****                  * then reset the trigger to wait for the next event
1776:../src/middleware/bacnet/demo/object/trendlog.c ****                  */
1777:../src/middleware/bacnet/demo/object/trendlog.c ****                 if (CurrentLog->bTrigger == true) {
 5739              		.loc 1 1777 31
 5740 011c 833704FE 		ld	a5,-32(s0)
 5741 0120 83C78706 		lbu	a5,104(a5)
 5742              		.loc 1 1777 20
 5743 0124 81CF     		beq	a5,zero,.L281
1778:../src/middleware/bacnet/demo/object/trendlog.c ****                     TL_fetch_property(iCount);
 5744              		.loc 1 1778 21
 5745 0126 8327C4FE 		lw	a5,-20(s0)
 5746 012a 3E85     		mv	a0,a5
 5747 012c 97000000 		call	TL_fetch_property
 5747      E7800000 
1779:../src/middleware/bacnet/demo/object/trendlog.c ****                     CurrentLog->bTrigger = false;
 5748              		.loc 1 1779 42
 5749 0134 833704FE 		ld	a5,-32(s0)
 5750 0138 23840706 		sb	zero,104(a5)
 5751              	.L281:
1731:../src/middleware/bacnet/demo/object/trendlog.c ****         CurrentLog = &LogInfo[iCount];
 5752              		.loc 1 1731 53 discriminator 2
 5753 013c 8327C4FE 		lw	a5,-20(s0)
 5754 0140 8527     		addiw	a5,a5,1
 5755 0142 2326F4FE 		sw	a5,-20(s0)
 5756              	.L280:
1731:../src/middleware/bacnet/demo/object/trendlog.c ****         CurrentLog = &LogInfo[iCount];
 5757              		.loc 1 1731 5 discriminator 1
 5758 0146 8327C4FE 		lw	a5,-20(s0)
 5759 014a 1B870700 		sext.w	a4,a5
 5760 014e 9D47     		li	a5,7
 5761 0150 E3DFE7EC 		ble	a4,a5,.L288
1780:../src/middleware/bacnet/demo/object/trendlog.c ****                 }
1781:../src/middleware/bacnet/demo/object/trendlog.c ****             }
1782:../src/middleware/bacnet/demo/object/trendlog.c ****         }
1783:../src/middleware/bacnet/demo/object/trendlog.c ****     }
1784:../src/middleware/bacnet/demo/object/trendlog.c **** }
 5762              		.loc 1 1784 1
 5763 0154 0100     		nop
 5764 0156 E270     		ld	ra,56(sp)
 5765              		.cfi_restore 1
 5766 0158 4274     		ld	s0,48(sp)
 5767              		.cfi_restore 8
 5768              		.cfi_def_cfa 2, 64
 5769 015a 2161     		addi	sp,sp,64
 5770              		.cfi_def_cfa_offset 0
 5771 015c 8280     		jr	ra
 5772              		.cfi_endproc
 5773              	.LFE25:
 5775              		.section	.sbss.initialized.7156,"aw",@nobits
 5778              	initialized.7156:
 5779 0000 00       		.zero	1
 5780              		.section	.bss.text_string.7171,"aw",@nobits
 5781              		.align	3
 5784              	text_string.7171:
 5785 0000 00000000 		.zero	32
 5785      00000000 
 5785      00000000 
 5785      00000000 
 5785      00000000 
 5786              		.text
 5787              	.Letext0:
 5788              		.file 2 "c:\\microchip\\softconsole-v2022.2-risc-v-747\\riscv-unknown-elf-gcc\\riscv64-unknown-elf
 5789              		.file 3 "c:\\microchip\\softconsole-v2022.2-risc-v-747\\riscv-unknown-elf-gcc\\riscv64-unknown-elf
 5790              		.file 4 "c:\\microchip\\softconsole-v2022.2-risc-v-747\\riscv-unknown-elf-gcc\\lib\\gcc\\riscv64-u
 5791              		.file 5 "c:\\microchip\\softconsole-v2022.2-risc-v-747\\riscv-unknown-elf-gcc\\riscv64-unknown-elf
 5792              		.file 6 "c:\\microchip\\softconsole-v2022.2-risc-v-747\\riscv-unknown-elf-gcc\\riscv64-unknown-elf
 5793              		.file 7 "c:\\microchip\\softconsole-v2022.2-risc-v-747\\riscv-unknown-elf-gcc\\riscv64-unknown-elf
 5794              		.file 8 "C:\\Users\\zero6575\\Libero\\fpga_labor\\fpga_labor\\software\\mpfs-mac-mcc-stack\\src\\m
 5795              		.file 9 "C:\\Users\\zero6575\\Libero\\fpga_labor\\fpga_labor\\software\\mpfs-mac-mcc-stack\\src\\m
 5796              		.file 10 "C:\\Users\\zero6575\\Libero\\fpga_labor\\fpga_labor\\software\\mpfs-mac-mcc-stack\\src\\
 5797              		.file 11 "C:\\Users\\zero6575\\Libero\\fpga_labor\\fpga_labor\\software\\mpfs-mac-mcc-stack\\src\\
 5798              		.file 12 "c:\\microchip\\softconsole-v2022.2-risc-v-747\\riscv-unknown-elf-gcc\\riscv64-unknown-el
 5799              		.file 13 "C:\\Users\\zero6575\\Libero\\fpga_labor\\fpga_labor\\software\\mpfs-mac-mcc-stack\\src\\
 5800              		.file 14 "C:\\Users\\zero6575\\Libero\\fpga_labor\\fpga_labor\\software\\mpfs-mac-mcc-stack\\src\\
 5801              		.file 15 "C:\\Users\\zero6575\\Libero\\fpga_labor\\fpga_labor\\software\\mpfs-mac-mcc-stack\\src\\
 5802              		.file 16 "C:\\Users\\zero6575\\Libero\\fpga_labor\\fpga_labor\\software\\mpfs-mac-mcc-stack\\src\\
 5803              		.file 17 "C:\\Users\\zero6575\\Libero\\fpga_labor\\fpga_labor\\software\\mpfs-mac-mcc-stack\\src\\
 5804              		.file 18 "C:\\Users\\zero6575\\Libero\\fpga_labor\\fpga_labor\\software\\mpfs-mac-mcc-stack\\src\\
 5805              		.file 19 "C:\\Users\\zero6575\\Libero\\fpga_labor\\fpga_labor\\software\\mpfs-mac-mcc-stack\\src\\
 5806              		.file 20 "C:\\Users\\zero6575\\Libero\\fpga_labor\\fpga_labor\\software\\mpfs-mac-mcc-stack\\src\\
 5807              		.file 21 "c:\\microchip\\softconsole-v2022.2-risc-v-747\\riscv-unknown-elf-gcc\\riscv64-unknown-el
 5808              		.file 22 "../src/middleware/bacnet/demo/object/trendlog.h"
DEFINED SYMBOLS
                            *ABS*:0000000000000000 trendlog.c
                            *COM*:000000000002ee00 Logs
C:\Users\zero6575\AppData\Local\Temp\ccYgedCd.s:14     .bss.LogInfo:0000000000000000 LogInfo
C:\Users\zero6575\AppData\Local\Temp\ccYgedCd.s:20     .rodata.Trend_Log_Properties_Required:0000000000000000 Trend_Log_Properties_Required
C:\Users\zero6575\AppData\Local\Temp\ccYgedCd.s:38     .rodata.Trend_Log_Properties_Optional:0000000000000000 Trend_Log_Properties_Optional
C:\Users\zero6575\AppData\Local\Temp\ccYgedCd.s:52     .sdata2.Trend_Log_Properties_Proprietary:0000000000000000 Trend_Log_Properties_Proprietary
C:\Users\zero6575\AppData\Local\Temp\ccYgedCd.s:58     .text.Trend_Log_Property_Lists:0000000000000000 Trend_Log_Property_Lists
C:\Users\zero6575\AppData\Local\Temp\ccYgedCd.s:62     .text.Trend_Log_Property_Lists:0000000000000000 .L0 
C:\Users\zero6575\AppData\Local\Temp\ccYgedCd.s:63     .text.Trend_Log_Property_Lists:0000000000000000 .L0 
C:\Users\zero6575\AppData\Local\Temp\ccYgedCd.s:64     .text.Trend_Log_Property_Lists:0000000000000002 .L0 
C:\Users\zero6575\AppData\Local\Temp\ccYgedCd.s:66     .text.Trend_Log_Property_Lists:0000000000000004 .L0 
C:\Users\zero6575\AppData\Local\Temp\ccYgedCd.s:68     .text.Trend_Log_Property_Lists:0000000000000006 .L0 
C:\Users\zero6575\AppData\Local\Temp\ccYgedCd.s:73     .text.Trend_Log_Property_Lists:0000000000000012 .L0 
C:\Users\zero6575\AppData\Local\Temp\ccYgedCd.s:76     .text.Trend_Log_Property_Lists:0000000000000018 .L0 
C:\Users\zero6575\AppData\Local\Temp\ccYgedCd.s:81     .text.Trend_Log_Property_Lists:0000000000000026 .L0 
C:\Users\zero6575\AppData\Local\Temp\ccYgedCd.s:84     .text.Trend_Log_Property_Lists:000000000000002c .L0 
C:\Users\zero6575\AppData\Local\Temp\ccYgedCd.s:89     .text.Trend_Log_Property_Lists:000000000000003a .L0 
C:\Users\zero6575\AppData\Local\Temp\ccYgedCd.s:92     .text.Trend_Log_Property_Lists:0000000000000040 .L0 
C:\Users\zero6575\AppData\Local\Temp\ccYgedCd.s:96     .text.Trend_Log_Property_Lists:000000000000004e .L0 
C:\Users\zero6575\AppData\Local\Temp\ccYgedCd.s:100    .text.Trend_Log_Property_Lists:0000000000000052 .L0 
C:\Users\zero6575\AppData\Local\Temp\ccYgedCd.s:101    .text.Trend_Log_Property_Lists:0000000000000054 .L0 
C:\Users\zero6575\AppData\Local\Temp\ccYgedCd.s:102    .text.Trend_Log_Property_Lists:0000000000000054 .L0 
C:\Users\zero6575\AppData\Local\Temp\ccYgedCd.s:104    .text.Trend_Log_Property_Lists:0000000000000056 .L0 
C:\Users\zero6575\AppData\Local\Temp\ccYgedCd.s:106    .text.Trend_Log_Property_Lists:0000000000000058 .L0 
C:\Users\zero6575\AppData\Local\Temp\ccYgedCd.s:113    .text.Trend_Log_Valid_Instance:0000000000000000 Trend_Log_Valid_Instance
C:\Users\zero6575\AppData\Local\Temp\ccYgedCd.s:116    .text.Trend_Log_Valid_Instance:0000000000000000 .L0 
C:\Users\zero6575\AppData\Local\Temp\ccYgedCd.s:117    .text.Trend_Log_Valid_Instance:0000000000000000 .L0 
C:\Users\zero6575\AppData\Local\Temp\ccYgedCd.s:118    .text.Trend_Log_Valid_Instance:0000000000000002 .L0 
C:\Users\zero6575\AppData\Local\Temp\ccYgedCd.s:120    .text.Trend_Log_Valid_Instance:0000000000000004 .L0 
C:\Users\zero6575\AppData\Local\Temp\ccYgedCd.s:122    .text.Trend_Log_Valid_Instance:0000000000000006 .L0 
C:\Users\zero6575\AppData\Local\Temp\ccYgedCd.s:126    .text.Trend_Log_Valid_Instance:000000000000000c .L0 
C:\Users\zero6575\AppData\Local\Temp\ccYgedCd.s:131    .text.Trend_Log_Valid_Instance:000000000000001a .L0 
C:\Users\zero6575\AppData\Local\Temp\ccYgedCd.s:135    .text.Trend_Log_Valid_Instance:000000000000001e .L0 
C:\Users\zero6575\AppData\Local\Temp\ccYgedCd.s:138    .text.Trend_Log_Valid_Instance:0000000000000020 .L0 
C:\Users\zero6575\AppData\Local\Temp\ccYgedCd.s:140    .text.Trend_Log_Valid_Instance:0000000000000024 .L0 
C:\Users\zero6575\AppData\Local\Temp\ccYgedCd.s:141    .text.Trend_Log_Valid_Instance:0000000000000024 .L0 
C:\Users\zero6575\AppData\Local\Temp\ccYgedCd.s:143    .text.Trend_Log_Valid_Instance:0000000000000026 .L0 
C:\Users\zero6575\AppData\Local\Temp\ccYgedCd.s:145    .text.Trend_Log_Valid_Instance:0000000000000028 .L0 
C:\Users\zero6575\AppData\Local\Temp\ccYgedCd.s:152    .text.Trend_Log_Count:0000000000000000 Trend_Log_Count
C:\Users\zero6575\AppData\Local\Temp\ccYgedCd.s:155    .text.Trend_Log_Count:0000000000000000 .L0 
C:\Users\zero6575\AppData\Local\Temp\ccYgedCd.s:156    .text.Trend_Log_Count:0000000000000000 .L0 
C:\Users\zero6575\AppData\Local\Temp\ccYgedCd.s:157    .text.Trend_Log_Count:0000000000000002 .L0 
C:\Users\zero6575\AppData\Local\Temp\ccYgedCd.s:159    .text.Trend_Log_Count:0000000000000004 .L0 
C:\Users\zero6575\AppData\Local\Temp\ccYgedCd.s:161    .text.Trend_Log_Count:0000000000000006 .L0 
C:\Users\zero6575\AppData\Local\Temp\ccYgedCd.s:163    .text.Trend_Log_Count:0000000000000006 .L0 
C:\Users\zero6575\AppData\Local\Temp\ccYgedCd.s:165    .text.Trend_Log_Count:0000000000000008 .L0 
C:\Users\zero6575\AppData\Local\Temp\ccYgedCd.s:167    .text.Trend_Log_Count:000000000000000c .L0 
C:\Users\zero6575\AppData\Local\Temp\ccYgedCd.s:168    .text.Trend_Log_Count:000000000000000c .L0 
C:\Users\zero6575\AppData\Local\Temp\ccYgedCd.s:170    .text.Trend_Log_Count:000000000000000e .L0 
C:\Users\zero6575\AppData\Local\Temp\ccYgedCd.s:172    .text.Trend_Log_Count:0000000000000010 .L0 
C:\Users\zero6575\AppData\Local\Temp\ccYgedCd.s:179    .text.Trend_Log_Index_To_Instance:0000000000000000 Trend_Log_Index_To_Instance
C:\Users\zero6575\AppData\Local\Temp\ccYgedCd.s:182    .text.Trend_Log_Index_To_Instance:0000000000000000 .L0 
C:\Users\zero6575\AppData\Local\Temp\ccYgedCd.s:183    .text.Trend_Log_Index_To_Instance:0000000000000000 .L0 
C:\Users\zero6575\AppData\Local\Temp\ccYgedCd.s:184    .text.Trend_Log_Index_To_Instance:0000000000000002 .L0 
C:\Users\zero6575\AppData\Local\Temp\ccYgedCd.s:186    .text.Trend_Log_Index_To_Instance:0000000000000004 .L0 
C:\Users\zero6575\AppData\Local\Temp\ccYgedCd.s:188    .text.Trend_Log_Index_To_Instance:0000000000000006 .L0 
C:\Users\zero6575\AppData\Local\Temp\ccYgedCd.s:192    .text.Trend_Log_Index_To_Instance:000000000000000c .L0 
C:\Users\zero6575\AppData\Local\Temp\ccYgedCd.s:194    .text.Trend_Log_Index_To_Instance:0000000000000010 .L0 
C:\Users\zero6575\AppData\Local\Temp\ccYgedCd.s:196    .text.Trend_Log_Index_To_Instance:0000000000000014 .L0 
C:\Users\zero6575\AppData\Local\Temp\ccYgedCd.s:197    .text.Trend_Log_Index_To_Instance:0000000000000014 .L0 
C:\Users\zero6575\AppData\Local\Temp\ccYgedCd.s:199    .text.Trend_Log_Index_To_Instance:0000000000000016 .L0 
C:\Users\zero6575\AppData\Local\Temp\ccYgedCd.s:201    .text.Trend_Log_Index_To_Instance:0000000000000018 .L0 
C:\Users\zero6575\AppData\Local\Temp\ccYgedCd.s:208    .text.Trend_Log_Instance_To_Index:0000000000000000 Trend_Log_Instance_To_Index
C:\Users\zero6575\AppData\Local\Temp\ccYgedCd.s:211    .text.Trend_Log_Instance_To_Index:0000000000000000 .L0 
C:\Users\zero6575\AppData\Local\Temp\ccYgedCd.s:212    .text.Trend_Log_Instance_To_Index:0000000000000000 .L0 
C:\Users\zero6575\AppData\Local\Temp\ccYgedCd.s:213    .text.Trend_Log_Instance_To_Index:0000000000000002 .L0 
C:\Users\zero6575\AppData\Local\Temp\ccYgedCd.s:215    .text.Trend_Log_Instance_To_Index:0000000000000004 .L0 
C:\Users\zero6575\AppData\Local\Temp\ccYgedCd.s:217    .text.Trend_Log_Instance_To_Index:0000000000000006 .L0 
C:\Users\zero6575\AppData\Local\Temp\ccYgedCd.s:221    .text.Trend_Log_Instance_To_Index:000000000000000c .L0 
C:\Users\zero6575\AppData\Local\Temp\ccYgedCd.s:224    .text.Trend_Log_Instance_To_Index:0000000000000012 .L0 
C:\Users\zero6575\AppData\Local\Temp\ccYgedCd.s:229    .text.Trend_Log_Instance_To_Index:0000000000000020 .L0 
C:\Users\zero6575\AppData\Local\Temp\ccYgedCd.s:233    .text.Trend_Log_Instance_To_Index:0000000000000028 .L0 
C:\Users\zero6575\AppData\Local\Temp\ccYgedCd.s:235    .text.Trend_Log_Instance_To_Index:000000000000002c .L0 
C:\Users\zero6575\AppData\Local\Temp\ccYgedCd.s:237    .text.Trend_Log_Instance_To_Index:0000000000000030 .L0 
C:\Users\zero6575\AppData\Local\Temp\ccYgedCd.s:238    .text.Trend_Log_Instance_To_Index:0000000000000030 .L0 
C:\Users\zero6575\AppData\Local\Temp\ccYgedCd.s:240    .text.Trend_Log_Instance_To_Index:0000000000000032 .L0 
C:\Users\zero6575\AppData\Local\Temp\ccYgedCd.s:242    .text.Trend_Log_Instance_To_Index:0000000000000034 .L0 
C:\Users\zero6575\AppData\Local\Temp\ccYgedCd.s:250    .text.Trend_Log_Init:0000000000000000 Trend_Log_Init
C:\Users\zero6575\AppData\Local\Temp\ccYgedCd.s:253    .text.Trend_Log_Init:0000000000000000 .L0 
C:\Users\zero6575\AppData\Local\Temp\ccYgedCd.s:254    .text.Trend_Log_Init:0000000000000000 .L0 
C:\Users\zero6575\AppData\Local\Temp\ccYgedCd.s:255    .text.Trend_Log_Init:0000000000000002 .L0 
C:\Users\zero6575\AppData\Local\Temp\ccYgedCd.s:258    .text.Trend_Log_Init:0000000000000006 .L0 
C:\Users\zero6575\AppData\Local\Temp\ccYgedCd.s:259    .text.Trend_Log_Init:0000000000000006 .L0 
C:\Users\zero6575\AppData\Local\Temp\ccYgedCd.s:261    .text.Trend_Log_Init:0000000000000008 .L0 
C:\Users\zero6575\AppData\Local\Temp\ccYgedCd.s:5778   .sbss.initialized.7156:0000000000000000 initialized.7156
C:\Users\zero6575\AppData\Local\Temp\ccYgedCd.s:263    .text.Trend_Log_Init:0000000000000008 .L0 
C:\Users\zero6575\AppData\Local\Temp\ccYgedCd.s:268    .text.Trend_Log_Init:000000000000001c .L0 
C:\Users\zero6575\AppData\Local\Temp\ccYgedCd.s:270    .text.Trend_Log_Init:0000000000000020 .L0 
C:\Users\zero6575\AppData\Local\Temp\ccYgedCd.s:274    .text.Trend_Log_Init:000000000000002e .L0 
C:\Users\zero6575\AppData\Local\Temp\ccYgedCd.s:276    .text.Trend_Log_Init:0000000000000032 .L0 
C:\Users\zero6575\AppData\Local\Temp\ccYgedCd.s:279    .text.Trend_Log_Init:0000000000000034 .L0 
C:\Users\zero6575\AppData\Local\Temp\ccYgedCd.s:282    .text.Trend_Log_Init:000000000000003c .L0 
C:\Users\zero6575\AppData\Local\Temp\ccYgedCd.s:286    .text.Trend_Log_Init:0000000000000044 .L0 
C:\Users\zero6575\AppData\Local\Temp\ccYgedCd.s:288    .text.Trend_Log_Init:0000000000000048 .L0 
C:\Users\zero6575\AppData\Local\Temp\ccYgedCd.s:291    .text.Trend_Log_Init:000000000000004e .L0 
C:\Users\zero6575\AppData\Local\Temp\ccYgedCd.s:293    .text.Trend_Log_Init:0000000000000052 .L0 
C:\Users\zero6575\AppData\Local\Temp\ccYgedCd.s:295    .text.Trend_Log_Init:0000000000000056 .L0 
C:\Users\zero6575\AppData\Local\Temp\ccYgedCd.s:297    .text.Trend_Log_Init:000000000000005a .L0 
C:\Users\zero6575\AppData\Local\Temp\ccYgedCd.s:302    .text.Trend_Log_Init:000000000000006c .L0 
C:\Users\zero6575\AppData\Local\Temp\ccYgedCd.s:304    .text.Trend_Log_Init:0000000000000070 .L0 
C:\Users\zero6575\AppData\Local\Temp\ccYgedCd.s:307    .text.Trend_Log_Init:0000000000000072 .L0 
C:\Users\zero6575\AppData\Local\Temp\ccYgedCd.s:322    .text.Trend_Log_Init:000000000000009e .L0 
C:\Users\zero6575\AppData\Local\Temp\ccYgedCd.s:337    .text.Trend_Log_Init:00000000000000ca .L0 
C:\Users\zero6575\AppData\Local\Temp\ccYgedCd.s:342    .text.Trend_Log_Init:00000000000000d8 .L0 
C:\Users\zero6575\AppData\Local\Temp\ccYgedCd.s:346    .text.Trend_Log_Init:00000000000000e0 .L0 
C:\Users\zero6575\AppData\Local\Temp\ccYgedCd.s:351    .text.Trend_Log_Init:00000000000000ec .L0 
C:\Users\zero6575\AppData\Local\Temp\ccYgedCd.s:365    .text.Trend_Log_Init:0000000000000114 .L0 
C:\Users\zero6575\AppData\Local\Temp\ccYgedCd.s:369    .text.Trend_Log_Init:000000000000011c .L0 
C:\Users\zero6575\AppData\Local\Temp\ccYgedCd.s:371    .text.Trend_Log_Init:000000000000011e .L0 
C:\Users\zero6575\AppData\Local\Temp\ccYgedCd.s:388    .text.Trend_Log_Init:000000000000014e .L0 
C:\Users\zero6575\AppData\Local\Temp\ccYgedCd.s:403    .text.Trend_Log_Init:0000000000000178 .L0 
C:\Users\zero6575\AppData\Local\Temp\ccYgedCd.s:407    .text.Trend_Log_Init:0000000000000184 .L0 
C:\Users\zero6575\AppData\Local\Temp\ccYgedCd.s:412    .text.Trend_Log_Init:000000000000018e .L0 
C:\Users\zero6575\AppData\Local\Temp\ccYgedCd.s:417    .text.Trend_Log_Init:000000000000019e .L0 
C:\Users\zero6575\AppData\Local\Temp\ccYgedCd.s:420    .text.Trend_Log_Init:00000000000001a6 .L0 
C:\Users\zero6575\AppData\Local\Temp\ccYgedCd.s:429    .text.Trend_Log_Init:00000000000001be .L0 
C:\Users\zero6575\AppData\Local\Temp\ccYgedCd.s:439    .text.Trend_Log_Init:00000000000001da .L0 
C:\Users\zero6575\AppData\Local\Temp\ccYgedCd.s:449    .text.Trend_Log_Init:00000000000001f6 .L0 
C:\Users\zero6575\AppData\Local\Temp\ccYgedCd.s:458    .text.Trend_Log_Init:0000000000000210 .L0 
C:\Users\zero6575\AppData\Local\Temp\ccYgedCd.s:467    .text.Trend_Log_Init:000000000000022a .L0 
C:\Users\zero6575\AppData\Local\Temp\ccYgedCd.s:476    .text.Trend_Log_Init:0000000000000244 .L0 
C:\Users\zero6575\AppData\Local\Temp\ccYgedCd.s:485    .text.Trend_Log_Init:000000000000025e .L0 
C:\Users\zero6575\AppData\Local\Temp\ccYgedCd.s:494    .text.Trend_Log_Init:0000000000000278 .L0 
C:\Users\zero6575\AppData\Local\Temp\ccYgedCd.s:503    .text.Trend_Log_Init:0000000000000292 .L0 
C:\Users\zero6575\AppData\Local\Temp\ccYgedCd.s:512    .text.Trend_Log_Init:00000000000002ac .L0 
C:\Users\zero6575\AppData\Local\Temp\ccYgedCd.s:522    .text.Trend_Log_Init:00000000000002c8 .L0 
C:\Users\zero6575\AppData\Local\Temp\ccYgedCd.s:532    .text.Trend_Log_Init:00000000000002e4 .L0 
C:\Users\zero6575\AppData\Local\Temp\ccYgedCd.s:543    .text.Trend_Log_Init:0000000000000302 .L0 
C:\Users\zero6575\AppData\Local\Temp\ccYgedCd.s:547    .text.Trend_Log_Init:0000000000000310 .L0 
C:\Users\zero6575\AppData\Local\Temp\ccYgedCd.s:556    .text.Trend_Log_Init:0000000000000328 .L0 
C:\Users\zero6575\AppData\Local\Temp\ccYgedCd.s:566    .text.Trend_Log_Init:0000000000000344 .L0 
C:\Users\zero6575\AppData\Local\Temp\ccYgedCd.s:576    .text.Trend_Log_Init:0000000000000360 .L0 
C:\Users\zero6575\AppData\Local\Temp\ccYgedCd.s:585    .text.Trend_Log_Init:000000000000037a .L0 
C:\Users\zero6575\AppData\Local\Temp\ccYgedCd.s:595    .text.Trend_Log_Init:0000000000000394 .L0 
C:\Users\zero6575\AppData\Local\Temp\ccYgedCd.s:605    .text.Trend_Log_Init:00000000000003b0 .L0 
C:\Users\zero6575\AppData\Local\Temp\ccYgedCd.s:622    .text.Trend_Log_Init:00000000000003e2 .L0 
C:\Users\zero6575\AppData\Local\Temp\ccYgedCd.s:2945   .text.TL_BAC_Time_To_Local:0000000000000000 TL_BAC_Time_To_Local
C:\Users\zero6575\AppData\Local\Temp\ccYgedCd.s:634    .text.Trend_Log_Init:0000000000000406 .L0 
C:\Users\zero6575\AppData\Local\Temp\ccYgedCd.s:643    .text.Trend_Log_Init:000000000000041e .L0 
C:\Users\zero6575\AppData\Local\Temp\ccYgedCd.s:661    .text.Trend_Log_Init:000000000000045a .L0 
C:\Users\zero6575\AppData\Local\Temp\ccYgedCd.s:674    .text.Trend_Log_Init:0000000000000482 .L0 
C:\Users\zero6575\AppData\Local\Temp\ccYgedCd.s:683    .text.Trend_Log_Init:000000000000049a .L0 
C:\Users\zero6575\AppData\Local\Temp\ccYgedCd.s:688    .text.Trend_Log_Init:00000000000004a4 .L0 
C:\Users\zero6575\AppData\Local\Temp\ccYgedCd.s:693    .text.Trend_Log_Init:00000000000004b2 .L0 
C:\Users\zero6575\AppData\Local\Temp\ccYgedCd.s:697    .text.Trend_Log_Init:00000000000004b6 .L0 
C:\Users\zero6575\AppData\Local\Temp\ccYgedCd.s:698    .text.Trend_Log_Init:00000000000004b8 .L0 
C:\Users\zero6575\AppData\Local\Temp\ccYgedCd.s:700    .text.Trend_Log_Init:00000000000004ba .L0 
C:\Users\zero6575\AppData\Local\Temp\ccYgedCd.s:701    .text.Trend_Log_Init:00000000000004ba .L0 
C:\Users\zero6575\AppData\Local\Temp\ccYgedCd.s:703    .text.Trend_Log_Init:00000000000004bc .L0 
C:\Users\zero6575\AppData\Local\Temp\ccYgedCd.s:705    .text.Trend_Log_Init:00000000000004be .L0 
C:\Users\zero6575\AppData\Local\Temp\ccYgedCd.s:716    .text.Trend_Log_Object_Name:0000000000000000 Trend_Log_Object_Name
C:\Users\zero6575\AppData\Local\Temp\ccYgedCd.s:719    .text.Trend_Log_Object_Name:0000000000000000 .L0 
C:\Users\zero6575\AppData\Local\Temp\ccYgedCd.s:720    .text.Trend_Log_Object_Name:0000000000000000 .L0 
C:\Users\zero6575\AppData\Local\Temp\ccYgedCd.s:721    .text.Trend_Log_Object_Name:0000000000000002 .L0 
C:\Users\zero6575\AppData\Local\Temp\ccYgedCd.s:724    .text.Trend_Log_Object_Name:0000000000000006 .L0 
C:\Users\zero6575\AppData\Local\Temp\ccYgedCd.s:725    .text.Trend_Log_Object_Name:0000000000000006 .L0 
C:\Users\zero6575\AppData\Local\Temp\ccYgedCd.s:727    .text.Trend_Log_Object_Name:0000000000000008 .L0 
C:\Users\zero6575\AppData\Local\Temp\ccYgedCd.s:732    .text.Trend_Log_Object_Name:0000000000000012 .L0 
C:\Users\zero6575\AppData\Local\Temp\ccYgedCd.s:734    .text.Trend_Log_Object_Name:0000000000000016 .L0 
C:\Users\zero6575\AppData\Local\Temp\ccYgedCd.s:739    .text.Trend_Log_Object_Name:0000000000000024 .L0 
C:\Users\zero6575\AppData\Local\Temp\ccYgedCd.s:5784   .bss.text_string.7171:0000000000000000 text_string.7171
C:\Users\zero6575\AppData\Local\Temp\ccYgedCd.s:745    .text.Trend_Log_Object_Name:0000000000000042 .L0 
C:\Users\zero6575\AppData\Local\Temp\ccYgedCd.s:752    .text.Trend_Log_Object_Name:000000000000005c .L0 
C:\Users\zero6575\AppData\Local\Temp\ccYgedCd.s:754    .text.Trend_Log_Object_Name:0000000000000060 .L0 
C:\Users\zero6575\AppData\Local\Temp\ccYgedCd.s:756    .text.Trend_Log_Object_Name:0000000000000064 .L0 
C:\Users\zero6575\AppData\Local\Temp\ccYgedCd.s:758    .text.Trend_Log_Object_Name:0000000000000066 .L0 
C:\Users\zero6575\AppData\Local\Temp\ccYgedCd.s:759    .text.Trend_Log_Object_Name:0000000000000066 .L0 
C:\Users\zero6575\AppData\Local\Temp\ccYgedCd.s:761    .text.Trend_Log_Object_Name:0000000000000068 .L0 
C:\Users\zero6575\AppData\Local\Temp\ccYgedCd.s:763    .text.Trend_Log_Object_Name:000000000000006a .L0 
C:\Users\zero6575\AppData\Local\Temp\ccYgedCd.s:770    .text.Trend_Log_Read_Property:0000000000000000 Trend_Log_Read_Property
C:\Users\zero6575\AppData\Local\Temp\ccYgedCd.s:773    .text.Trend_Log_Read_Property:0000000000000000 .L0 
C:\Users\zero6575\AppData\Local\Temp\ccYgedCd.s:774    .text.Trend_Log_Read_Property:0000000000000000 .L0 
C:\Users\zero6575\AppData\Local\Temp\ccYgedCd.s:775    .text.Trend_Log_Read_Property:0000000000000004 .L0 
C:\Users\zero6575\AppData\Local\Temp\ccYgedCd.s:778    .text.Trend_Log_Read_Property:000000000000000c .L0 
C:\Users\zero6575\AppData\Local\Temp\ccYgedCd.s:779    .text.Trend_Log_Read_Property:000000000000000c .L0 
C:\Users\zero6575\AppData\Local\Temp\ccYgedCd.s:781    .text.Trend_Log_Read_Property:0000000000000010 .L0 
C:\Users\zero6575\AppData\Local\Temp\ccYgedCd.s:784    .text.Trend_Log_Read_Property:0000000000000014 .L0 
C:\Users\zero6575\AppData\Local\Temp\ccYgedCd.s:786    .text.Trend_Log_Read_Property:0000000000000018 .L0 
C:\Users\zero6575\AppData\Local\Temp\ccYgedCd.s:788    .text.Trend_Log_Read_Property:000000000000001c .L0 
C:\Users\zero6575\AppData\Local\Temp\ccYgedCd.s:790    .text.Trend_Log_Read_Property:0000000000000020 .L0 
C:\Users\zero6575\AppData\Local\Temp\ccYgedCd.s:793    .text.Trend_Log_Read_Property:0000000000000026 .L0 
C:\Users\zero6575\AppData\Local\Temp\ccYgedCd.s:796    .text.Trend_Log_Read_Property:000000000000002c .L0 
C:\Users\zero6575\AppData\Local\Temp\ccYgedCd.s:798    .text.Trend_Log_Read_Property:000000000000002e .L0 
C:\Users\zero6575\AppData\Local\Temp\ccYgedCd.s:801    .text.Trend_Log_Read_Property:0000000000000034 .L0 
C:\Users\zero6575\AppData\Local\Temp\ccYgedCd.s:804    .text.Trend_Log_Read_Property:0000000000000036 .L0 
C:\Users\zero6575\AppData\Local\Temp\ccYgedCd.s:808    .text.Trend_Log_Read_Property:000000000000003a .L0 
C:\Users\zero6575\AppData\Local\Temp\ccYgedCd.s:812    .text.Trend_Log_Read_Property:0000000000000044 .L0 
C:\Users\zero6575\AppData\Local\Temp\ccYgedCd.s:819    .text.Trend_Log_Read_Property:0000000000000058 .L0 
C:\Users\zero6575\AppData\Local\Temp\ccYgedCd.s:829    .text.Trend_Log_Read_Property:0000000000000074 .L0 
C:\Users\zero6575\AppData\Local\Temp\ccYgedCd.s:832    .text.Trend_Log_Read_Property:000000000000007a .L0 
C:\Users\zero6575\AppData\Local\Temp\ccYgedCd.s:1031   .text.Trend_Log_Read_Property:00000000000000b0 .L0 
C:\Users\zero6575\AppData\Local\Temp\ccYgedCd.s:1040   .text.Trend_Log_Read_Property:00000000000000cc .L0 
C:\Users\zero6575\AppData\Local\Temp\ccYgedCd.s:1043   .text.Trend_Log_Read_Property:00000000000000ce .L0 
C:\Users\zero6575\AppData\Local\Temp\ccYgedCd.s:1050   .text.Trend_Log_Read_Property:00000000000000e4 .L0 
C:\Users\zero6575\AppData\Local\Temp\ccYgedCd.s:1057   .text.Trend_Log_Read_Property:00000000000000fc .L0 
C:\Users\zero6575\AppData\Local\Temp\ccYgedCd.s:1060   .text.Trend_Log_Read_Property:00000000000000fe .L0 
C:\Users\zero6575\AppData\Local\Temp\ccYgedCd.s:1066   .text.Trend_Log_Read_Property:0000000000000112 .L0 
C:\Users\zero6575\AppData\Local\Temp\ccYgedCd.s:1069   .text.Trend_Log_Read_Property:0000000000000114 .L0 
C:\Users\zero6575\AppData\Local\Temp\ccYgedCd.s:1077   .text.Trend_Log_Read_Property:0000000000000130 .L0 
C:\Users\zero6575\AppData\Local\Temp\ccYgedCd.s:1080   .text.Trend_Log_Read_Property:0000000000000132 .L0 
C:\Users\zero6575\AppData\Local\Temp\ccYgedCd.s:1088   .text.Trend_Log_Read_Property:000000000000014e .L0 
C:\Users\zero6575\AppData\Local\Temp\ccYgedCd.s:1091   .text.Trend_Log_Read_Property:0000000000000150 .L0 
C:\Users\zero6575\AppData\Local\Temp\ccYgedCd.s:1097   .text.Trend_Log_Read_Property:0000000000000166 .L0 
C:\Users\zero6575\AppData\Local\Temp\ccYgedCd.s:1100   .text.Trend_Log_Read_Property:0000000000000168 .L0 
C:\Users\zero6575\AppData\Local\Temp\ccYgedCd.s:1104   .text.Trend_Log_Read_Property:0000000000000170 .L0 
C:\Users\zero6575\AppData\Local\Temp\ccYgedCd.s:1108   .text.Trend_Log_Read_Property:0000000000000178 .L0 
C:\Users\zero6575\AppData\Local\Temp\ccYgedCd.s:1111   .text.Trend_Log_Read_Property:000000000000017e .L0 
C:\Users\zero6575\AppData\Local\Temp\ccYgedCd.s:1114   .text.Trend_Log_Read_Property:0000000000000180 .L0 
C:\Users\zero6575\AppData\Local\Temp\ccYgedCd.s:1122   .text.Trend_Log_Read_Property:0000000000000198 .L0 
C:\Users\zero6575\AppData\Local\Temp\ccYgedCd.s:1126   .text.Trend_Log_Read_Property:00000000000001a2 .L0 
C:\Users\zero6575\AppData\Local\Temp\ccYgedCd.s:1129   .text.Trend_Log_Read_Property:00000000000001a4 .L0 
C:\Users\zero6575\AppData\Local\Temp\ccYgedCd.s:1137   .text.Trend_Log_Read_Property:00000000000001bc .L0 
C:\Users\zero6575\AppData\Local\Temp\ccYgedCd.s:1141   .text.Trend_Log_Read_Property:00000000000001c6 .L0 
C:\Users\zero6575\AppData\Local\Temp\ccYgedCd.s:1144   .text.Trend_Log_Read_Property:00000000000001c8 .L0 
C:\Users\zero6575\AppData\Local\Temp\ccYgedCd.s:1150   .text.Trend_Log_Read_Property:00000000000001dc .L0 
C:\Users\zero6575\AppData\Local\Temp\ccYgedCd.s:1153   .text.Trend_Log_Read_Property:00000000000001de .L0 
C:\Users\zero6575\AppData\Local\Temp\ccYgedCd.s:1156   .text.Trend_Log_Read_Property:00000000000001e4 .L0 
C:\Users\zero6575\AppData\Local\Temp\ccYgedCd.s:1162   .text.Trend_Log_Read_Property:00000000000001f8 .L0 
C:\Users\zero6575\AppData\Local\Temp\ccYgedCd.s:1165   .text.Trend_Log_Read_Property:00000000000001fa .L0 
C:\Users\zero6575\AppData\Local\Temp\ccYgedCd.s:1169   .text.Trend_Log_Read_Property:0000000000000208 .L0 
C:\Users\zero6575\AppData\Local\Temp\ccYgedCd.s:1175   .text.Trend_Log_Read_Property:000000000000021a .L0 
C:\Users\zero6575\AppData\Local\Temp\ccYgedCd.s:1181   .text.Trend_Log_Read_Property:000000000000022c .L0 
C:\Users\zero6575\AppData\Local\Temp\ccYgedCd.s:1187   .text.Trend_Log_Read_Property:000000000000023e .L0 
C:\Users\zero6575\AppData\Local\Temp\ccYgedCd.s:1193   .text.Trend_Log_Read_Property:0000000000000250 .L0 
C:\Users\zero6575\AppData\Local\Temp\ccYgedCd.s:1200   .text.Trend_Log_Read_Property:0000000000000268 .L0 
C:\Users\zero6575\AppData\Local\Temp\ccYgedCd.s:1203   .text.Trend_Log_Read_Property:000000000000026a .L0 
C:\Users\zero6575\AppData\Local\Temp\ccYgedCd.s:1211   .text.Trend_Log_Read_Property:0000000000000284 .L0 
C:\Users\zero6575\AppData\Local\Temp\ccYgedCd.s:1214   .text.Trend_Log_Read_Property:000000000000028c .L0 
C:\Users\zero6575\AppData\Local\Temp\ccYgedCd.s:1225   .text.Trend_Log_Read_Property:00000000000002ae .L0 
C:\Users\zero6575\AppData\Local\Temp\ccYgedCd.s:1230   .text.Trend_Log_Read_Property:00000000000002bc .L0 
C:\Users\zero6575\AppData\Local\Temp\ccYgedCd.s:1233   .text.Trend_Log_Read_Property:00000000000002be .L0 
C:\Users\zero6575\AppData\Local\Temp\ccYgedCd.s:1241   .text.Trend_Log_Read_Property:00000000000002d8 .L0 
C:\Users\zero6575\AppData\Local\Temp\ccYgedCd.s:1244   .text.Trend_Log_Read_Property:00000000000002e0 .L0 
C:\Users\zero6575\AppData\Local\Temp\ccYgedCd.s:1255   .text.Trend_Log_Read_Property:0000000000000302 .L0 
C:\Users\zero6575\AppData\Local\Temp\ccYgedCd.s:1260   .text.Trend_Log_Read_Property:0000000000000310 .L0 
C:\Users\zero6575\AppData\Local\Temp\ccYgedCd.s:1263   .text.Trend_Log_Read_Property:0000000000000312 .L0 
C:\Users\zero6575\AppData\Local\Temp\ccYgedCd.s:1271   .text.Trend_Log_Read_Property:000000000000032c .L0 
C:\Users\zero6575\AppData\Local\Temp\ccYgedCd.s:1275   .text.Trend_Log_Read_Property:0000000000000336 .L0 
C:\Users\zero6575\AppData\Local\Temp\ccYgedCd.s:1278   .text.Trend_Log_Read_Property:0000000000000338 .L0 
C:\Users\zero6575\AppData\Local\Temp\ccYgedCd.s:1281   .text.Trend_Log_Read_Property:000000000000033e .L0 
C:\Users\zero6575\AppData\Local\Temp\ccYgedCd.s:1290   .text.Trend_Log_Read_Property:000000000000035a .L0 
C:\Users\zero6575\AppData\Local\Temp\ccYgedCd.s:1294   .text.Trend_Log_Read_Property:0000000000000364 .L0 
C:\Users\zero6575\AppData\Local\Temp\ccYgedCd.s:1297   .text.Trend_Log_Read_Property:0000000000000366 .L0 
C:\Users\zero6575\AppData\Local\Temp\ccYgedCd.s:1305   .text.Trend_Log_Read_Property:0000000000000382 .L0 
C:\Users\zero6575\AppData\Local\Temp\ccYgedCd.s:1308   .text.Trend_Log_Read_Property:0000000000000384 .L0 
C:\Users\zero6575\AppData\Local\Temp\ccYgedCd.s:1311   .text.Trend_Log_Read_Property:000000000000038a .L0 
C:\Users\zero6575\AppData\Local\Temp\ccYgedCd.s:1320   .text.Trend_Log_Read_Property:00000000000003a6 .L0 
C:\Users\zero6575\AppData\Local\Temp\ccYgedCd.s:1324   .text.Trend_Log_Read_Property:00000000000003b0 .L0 
C:\Users\zero6575\AppData\Local\Temp\ccYgedCd.s:1327   .text.Trend_Log_Read_Property:00000000000003b2 .L0 
C:\Users\zero6575\AppData\Local\Temp\ccYgedCd.s:1335   .text.Trend_Log_Read_Property:00000000000003ce .L0 
C:\Users\zero6575\AppData\Local\Temp\ccYgedCd.s:1338   .text.Trend_Log_Read_Property:00000000000003d0 .L0 
C:\Users\zero6575\AppData\Local\Temp\ccYgedCd.s:1342   .text.Trend_Log_Read_Property:00000000000003d8 .L0 
C:\Users\zero6575\AppData\Local\Temp\ccYgedCd.s:1346   .text.Trend_Log_Read_Property:00000000000003e2 .L0 
C:\Users\zero6575\AppData\Local\Temp\ccYgedCd.s:1349   .text.Trend_Log_Read_Property:00000000000003e8 .L0 
C:\Users\zero6575\AppData\Local\Temp\ccYgedCd.s:1352   .text.Trend_Log_Read_Property:00000000000003ea .L0 
C:\Users\zero6575\AppData\Local\Temp\ccYgedCd.s:1356   .text.Trend_Log_Read_Property:00000000000003f4 .L0 
C:\Users\zero6575\AppData\Local\Temp\ccYgedCd.s:1359   .text.Trend_Log_Read_Property:00000000000003fa .L0 
C:\Users\zero6575\AppData\Local\Temp\ccYgedCd.s:1363   .text.Trend_Log_Read_Property:0000000000000404 .L0 
C:\Users\zero6575\AppData\Local\Temp\ccYgedCd.s:1366   .text.Trend_Log_Read_Property:000000000000040a .L0 
C:\Users\zero6575\AppData\Local\Temp\ccYgedCd.s:1370   .text.Trend_Log_Read_Property:0000000000000412 .L0 
C:\Users\zero6575\AppData\Local\Temp\ccYgedCd.s:1374   .text.Trend_Log_Read_Property:000000000000041a .L0 
C:\Users\zero6575\AppData\Local\Temp\ccYgedCd.s:1378   .text.Trend_Log_Read_Property:0000000000000424 .L0 
C:\Users\zero6575\AppData\Local\Temp\ccYgedCd.s:1382   .text.Trend_Log_Read_Property:000000000000042a .L0 
C:\Users\zero6575\AppData\Local\Temp\ccYgedCd.s:1385   .text.Trend_Log_Read_Property:000000000000042e .L0 
C:\Users\zero6575\AppData\Local\Temp\ccYgedCd.s:1387   .text.Trend_Log_Read_Property:0000000000000434 .L0 
C:\Users\zero6575\AppData\Local\Temp\ccYgedCd.s:1389   .text.Trend_Log_Read_Property:0000000000000438 .L0 
C:\Users\zero6575\AppData\Local\Temp\ccYgedCd.s:1390   .text.Trend_Log_Read_Property:0000000000000438 .L0 
C:\Users\zero6575\AppData\Local\Temp\ccYgedCd.s:1392   .text.Trend_Log_Read_Property:000000000000043c .L0 
C:\Users\zero6575\AppData\Local\Temp\ccYgedCd.s:1394   .text.Trend_Log_Read_Property:000000000000043e .L0 
C:\Users\zero6575\AppData\Local\Temp\ccYgedCd.s:1401   .text.Trend_Log_Write_Property:0000000000000000 Trend_Log_Write_Property
C:\Users\zero6575\AppData\Local\Temp\ccYgedCd.s:1404   .text.Trend_Log_Write_Property:0000000000000000 .L0 
C:\Users\zero6575\AppData\Local\Temp\ccYgedCd.s:1405   .text.Trend_Log_Write_Property:0000000000000000 .L0 
C:\Users\zero6575\AppData\Local\Temp\ccYgedCd.s:1406   .text.Trend_Log_Write_Property:0000000000000004 .L0 
C:\Users\zero6575\AppData\Local\Temp\ccYgedCd.s:1410   .text.Trend_Log_Write_Property:0000000000000010 .L0 
C:\Users\zero6575\AppData\Local\Temp\ccYgedCd.s:1411   .text.Trend_Log_Write_Property:0000000000000010 .L0 
C:\Users\zero6575\AppData\Local\Temp\ccYgedCd.s:1412   .text.Trend_Log_Write_Property:0000000000000010 .L0 
C:\Users\zero6575\AppData\Local\Temp\ccYgedCd.s:1414   .text.Trend_Log_Write_Property:0000000000000014 .L0 
C:\Users\zero6575\AppData\Local\Temp\ccYgedCd.s:1417   .text.Trend_Log_Write_Property:0000000000000018 .L0 
C:\Users\zero6575\AppData\Local\Temp\ccYgedCd.s:1419   .text.Trend_Log_Write_Property:000000000000001c .L0 
C:\Users\zero6575\AppData\Local\Temp\ccYgedCd.s:1421   .text.Trend_Log_Write_Property:0000000000000020 .L0 
C:\Users\zero6575\AppData\Local\Temp\ccYgedCd.s:1428   .text.Trend_Log_Write_Property:0000000000000034 .L0 
C:\Users\zero6575\AppData\Local\Temp\ccYgedCd.s:1430   .text.Trend_Log_Write_Property:0000000000000038 .L0 
C:\Users\zero6575\AppData\Local\Temp\ccYgedCd.s:1439   .text.Trend_Log_Write_Property:0000000000000052 .L0 
C:\Users\zero6575\AppData\Local\Temp\ccYgedCd.s:1442   .text.Trend_Log_Write_Property:000000000000005a .L0 
C:\Users\zero6575\AppData\Local\Temp\ccYgedCd.s:1445   .text.Trend_Log_Write_Property:0000000000000062 .L0 
C:\Users\zero6575\AppData\Local\Temp\ccYgedCd.s:1454   .text.Trend_Log_Write_Property:000000000000007c .L0 
C:\Users\zero6575\AppData\Local\Temp\ccYgedCd.s:1458   .text.Trend_Log_Write_Property:0000000000000086 .L0 
C:\Users\zero6575\AppData\Local\Temp\ccYgedCd.s:1462   .text.Trend_Log_Write_Property:0000000000000090 .L0 
C:\Users\zero6575\AppData\Local\Temp\ccYgedCd.s:1466   .text.Trend_Log_Write_Property:000000000000009c .L0 
C:\Users\zero6575\AppData\Local\Temp\ccYgedCd.s:1470   .text.Trend_Log_Write_Property:00000000000000a2 .L0 
C:\Users\zero6575\AppData\Local\Temp\ccYgedCd.s:1473   .text.Trend_Log_Write_Property:00000000000000a8 .L0 
C:\Users\zero6575\AppData\Local\Temp\ccYgedCd.s:1477   .text.Trend_Log_Write_Property:00000000000000b2 .L0 
C:\Users\zero6575\AppData\Local\Temp\ccYgedCd.s:1480   .text.Trend_Log_Write_Property:00000000000000b8 .L0 
C:\Users\zero6575\AppData\Local\Temp\ccYgedCd.s:1484   .text.Trend_Log_Write_Property:00000000000000c0 .L0 
C:\Users\zero6575\AppData\Local\Temp\ccYgedCd.s:1488   .text.Trend_Log_Write_Property:00000000000000ca .L0 
C:\Users\zero6575\AppData\Local\Temp\ccYgedCd.s:1492   .text.Trend_Log_Write_Property:00000000000000d6 .L0 
C:\Users\zero6575\AppData\Local\Temp\ccYgedCd.s:1496   .text.Trend_Log_Write_Property:00000000000000dc .L0 
C:\Users\zero6575\AppData\Local\Temp\ccYgedCd.s:1499   .text.Trend_Log_Write_Property:00000000000000e2 .L0 
C:\Users\zero6575\AppData\Local\Temp\ccYgedCd.s:1600   .text.Trend_Log_Write_Property:0000000000000118 .L0 
C:\Users\zero6575\AppData\Local\Temp\ccYgedCd.s:1612   .text.Trend_Log_Write_Property:0000000000000140 .L0 
C:\Users\zero6575\AppData\Local\Temp\ccYgedCd.s:1616   .text.Trend_Log_Write_Property:000000000000014c .L0 
C:\Users\zero6575\AppData\Local\Temp\ccYgedCd.s:1619   .text.Trend_Log_Write_Property:0000000000000154 .L0 
C:\Users\zero6575\AppData\Local\Temp\ccYgedCd.s:1622   .text.Trend_Log_Write_Property:000000000000015c .L0 
C:\Users\zero6575\AppData\Local\Temp\ccYgedCd.s:1624   .text.Trend_Log_Write_Property:000000000000015e .L0 
C:\Users\zero6575\AppData\Local\Temp\ccYgedCd.s:1627   .text.Trend_Log_Write_Property:0000000000000166 .L0 
C:\Users\zero6575\AppData\Local\Temp\ccYgedCd.s:1629   .text.Trend_Log_Write_Property:0000000000000168 .L0 
C:\Users\zero6575\AppData\Local\Temp\ccYgedCd.s:1632   .text.Trend_Log_Write_Property:000000000000016e .L0 
C:\Users\zero6575\AppData\Local\Temp\ccYgedCd.s:1636   .text.Trend_Log_Write_Property:0000000000000178 .L0 
C:\Users\zero6575\AppData\Local\Temp\ccYgedCd.s:1638   .text.Trend_Log_Write_Property:000000000000017c .L0 
C:\Users\zero6575\AppData\Local\Temp\ccYgedCd.s:1640   .text.Trend_Log_Write_Property:000000000000017e .L0 
C:\Users\zero6575\AppData\Local\Temp\ccYgedCd.s:1642   .text.Trend_Log_Write_Property:0000000000000182 .L0 
C:\Users\zero6575\AppData\Local\Temp\ccYgedCd.s:1646   .text.Trend_Log_Write_Property:000000000000018c .L0 
C:\Users\zero6575\AppData\Local\Temp\ccYgedCd.s:1650   .text.Trend_Log_Write_Property:0000000000000198 .L0 
C:\Users\zero6575\AppData\Local\Temp\ccYgedCd.s:1653   .text.Trend_Log_Write_Property:000000000000019c .L0 
C:\Users\zero6575\AppData\Local\Temp\ccYgedCd.s:1656   .text.Trend_Log_Write_Property:00000000000001a4 .L0 
C:\Users\zero6575\AppData\Local\Temp\ccYgedCd.s:1658   .text.Trend_Log_Write_Property:00000000000001a8 .L0 
C:\Users\zero6575\AppData\Local\Temp\ccYgedCd.s:1660   .text.Trend_Log_Write_Property:00000000000001ac .L0 
C:\Users\zero6575\AppData\Local\Temp\ccYgedCd.s:2806   .text.TL_Is_Enabled:0000000000000000 TL_Is_Enabled
C:\Users\zero6575\AppData\Local\Temp\ccYgedCd.s:1666   .text.Trend_Log_Write_Property:00000000000001c0 .L0 
C:\Users\zero6575\AppData\Local\Temp\ccYgedCd.s:1668   .text.Trend_Log_Write_Property:00000000000001c4 .L0 
C:\Users\zero6575\AppData\Local\Temp\ccYgedCd.s:1671   .text.Trend_Log_Write_Property:00000000000001cc .L0 
C:\Users\zero6575\AppData\Local\Temp\ccYgedCd.s:1673   .text.Trend_Log_Write_Property:00000000000001d0 .L0 
C:\Users\zero6575\AppData\Local\Temp\ccYgedCd.s:1676   .text.Trend_Log_Write_Property:00000000000001d8 .L0 
C:\Users\zero6575\AppData\Local\Temp\ccYgedCd.s:1678   .text.Trend_Log_Write_Property:00000000000001da .L0 
C:\Users\zero6575\AppData\Local\Temp\ccYgedCd.s:1682   .text.Trend_Log_Write_Property:00000000000001e6 .L0 
C:\Users\zero6575\AppData\Local\Temp\ccYgedCd.s:2639   .text.TL_Insert_Status_Rec:0000000000000000 TL_Insert_Status_Rec
C:\Users\zero6575\AppData\Local\Temp\ccYgedCd.s:1688   .text.Trend_Log_Write_Property:00000000000001f8 .L0 
C:\Users\zero6575\AppData\Local\Temp\ccYgedCd.s:1691   .text.Trend_Log_Write_Property:00000000000001fa .L0 
C:\Users\zero6575\AppData\Local\Temp\ccYgedCd.s:1696   .text.Trend_Log_Write_Property:000000000000020a .L0 
C:\Users\zero6575\AppData\Local\Temp\ccYgedCd.s:1698   .text.Trend_Log_Write_Property:000000000000020e .L0 
C:\Users\zero6575\AppData\Local\Temp\ccYgedCd.s:1704   .text.Trend_Log_Write_Property:0000000000000220 .L0 
C:\Users\zero6575\AppData\Local\Temp\ccYgedCd.s:1707   .text.Trend_Log_Write_Property:0000000000000222 .L0 
C:\Users\zero6575\AppData\Local\Temp\ccYgedCd.s:1719   .text.Trend_Log_Write_Property:000000000000024a .L0 
C:\Users\zero6575\AppData\Local\Temp\ccYgedCd.s:1723   .text.Trend_Log_Write_Property:0000000000000256 .L0 
C:\Users\zero6575\AppData\Local\Temp\ccYgedCd.s:1726   .text.Trend_Log_Write_Property:000000000000025e .L0 
C:\Users\zero6575\AppData\Local\Temp\ccYgedCd.s:1728   .text.Trend_Log_Write_Property:0000000000000262 .L0 
C:\Users\zero6575\AppData\Local\Temp\ccYgedCd.s:1730   .text.Trend_Log_Write_Property:0000000000000266 .L0 
C:\Users\zero6575\AppData\Local\Temp\ccYgedCd.s:1732   .text.Trend_Log_Write_Property:000000000000026a .L0 
C:\Users\zero6575\AppData\Local\Temp\ccYgedCd.s:1735   .text.Trend_Log_Write_Property:0000000000000272 .L0 
C:\Users\zero6575\AppData\Local\Temp\ccYgedCd.s:1737   .text.Trend_Log_Write_Property:0000000000000276 .L0 
C:\Users\zero6575\AppData\Local\Temp\ccYgedCd.s:1739   .text.Trend_Log_Write_Property:000000000000027a .L0 
C:\Users\zero6575\AppData\Local\Temp\ccYgedCd.s:1742   .text.Trend_Log_Write_Property:0000000000000280 .L0 
C:\Users\zero6575\AppData\Local\Temp\ccYgedCd.s:1746   .text.Trend_Log_Write_Property:000000000000028a .L0 
C:\Users\zero6575\AppData\Local\Temp\ccYgedCd.s:1749   .text.Trend_Log_Write_Property:0000000000000292 .L0 
C:\Users\zero6575\AppData\Local\Temp\ccYgedCd.s:1751   .text.Trend_Log_Write_Property:0000000000000296 .L0 
C:\Users\zero6575\AppData\Local\Temp\ccYgedCd.s:1754   .text.Trend_Log_Write_Property:000000000000029e .L0 
C:\Users\zero6575\AppData\Local\Temp\ccYgedCd.s:1760   .text.Trend_Log_Write_Property:00000000000002b0 .L0 
C:\Users\zero6575\AppData\Local\Temp\ccYgedCd.s:1763   .text.Trend_Log_Write_Property:00000000000002b2 .L0 
C:\Users\zero6575\AppData\Local\Temp\ccYgedCd.s:1767   .text.Trend_Log_Write_Property:00000000000002bc .L0 
C:\Users\zero6575\AppData\Local\Temp\ccYgedCd.s:1771   .text.Trend_Log_Write_Property:00000000000002c8 .L0 
C:\Users\zero6575\AppData\Local\Temp\ccYgedCd.s:1774   .text.Trend_Log_Write_Property:00000000000002ca .L0 
C:\Users\zero6575\AppData\Local\Temp\ccYgedCd.s:1786   .text.Trend_Log_Write_Property:00000000000002f2 .L0 
C:\Users\zero6575\AppData\Local\Temp\ccYgedCd.s:1790   .text.Trend_Log_Write_Property:00000000000002fe .L0 
C:\Users\zero6575\AppData\Local\Temp\ccYgedCd.s:1792   .text.Trend_Log_Write_Property:0000000000000302 .L0 
C:\Users\zero6575\AppData\Local\Temp\ccYgedCd.s:1794   .text.Trend_Log_Write_Property:0000000000000306 .L0 
C:\Users\zero6575\AppData\Local\Temp\ccYgedCd.s:1797   .text.Trend_Log_Write_Property:000000000000030e .L0 
C:\Users\zero6575\AppData\Local\Temp\ccYgedCd.s:1800   .text.Trend_Log_Write_Property:0000000000000316 .L0 
C:\Users\zero6575\AppData\Local\Temp\ccYgedCd.s:1806   .text.Trend_Log_Write_Property:0000000000000328 .L0 
C:\Users\zero6575\AppData\Local\Temp\ccYgedCd.s:1809   .text.Trend_Log_Write_Property:000000000000032a .L0 
C:\Users\zero6575\AppData\Local\Temp\ccYgedCd.s:1821   .text.Trend_Log_Write_Property:0000000000000352 .L0 
C:\Users\zero6575\AppData\Local\Temp\ccYgedCd.s:1825   .text.Trend_Log_Write_Property:000000000000035e .L0 
C:\Users\zero6575\AppData\Local\Temp\ccYgedCd.s:1827   .text.Trend_Log_Write_Property:0000000000000362 .L0 
C:\Users\zero6575\AppData\Local\Temp\ccYgedCd.s:1831   .text.Trend_Log_Write_Property:000000000000036a .L0 
C:\Users\zero6575\AppData\Local\Temp\ccYgedCd.s:1833   .text.Trend_Log_Write_Property:000000000000036e .L0 
C:\Users\zero6575\AppData\Local\Temp\ccYgedCd.s:1836   .text.Trend_Log_Write_Property:0000000000000374 .L0 
C:\Users\zero6575\AppData\Local\Temp\ccYgedCd.s:1838   .text.Trend_Log_Write_Property:0000000000000378 .L0 
C:\Users\zero6575\AppData\Local\Temp\ccYgedCd.s:1840   .text.Trend_Log_Write_Property:000000000000037a .L0 
C:\Users\zero6575\AppData\Local\Temp\ccYgedCd.s:1843   .text.Trend_Log_Write_Property:0000000000000380 .L0 
C:\Users\zero6575\AppData\Local\Temp\ccYgedCd.s:1845   .text.Trend_Log_Write_Property:0000000000000382 .L0 
C:\Users\zero6575\AppData\Local\Temp\ccYgedCd.s:1850   .text.Trend_Log_Write_Property:000000000000038c .L0 
C:\Users\zero6575\AppData\Local\Temp\ccYgedCd.s:1852   .text.Trend_Log_Write_Property:0000000000000390 .L0 
C:\Users\zero6575\AppData\Local\Temp\ccYgedCd.s:1856   .text.Trend_Log_Write_Property:0000000000000398 .L0 
C:\Users\zero6575\AppData\Local\Temp\ccYgedCd.s:1859   .text.Trend_Log_Write_Property:00000000000003a0 .L0 
C:\Users\zero6575\AppData\Local\Temp\ccYgedCd.s:1862   .text.Trend_Log_Write_Property:00000000000003a2 .L0 
C:\Users\zero6575\AppData\Local\Temp\ccYgedCd.s:1864   .text.Trend_Log_Write_Property:00000000000003a6 .L0 
C:\Users\zero6575\AppData\Local\Temp\ccYgedCd.s:1868   .text.Trend_Log_Write_Property:00000000000003b0 .L0 
C:\Users\zero6575\AppData\Local\Temp\ccYgedCd.s:1872   .text.Trend_Log_Write_Property:00000000000003bc .L0 
C:\Users\zero6575\AppData\Local\Temp\ccYgedCd.s:1875   .text.Trend_Log_Write_Property:00000000000003be .L0 
C:\Users\zero6575\AppData\Local\Temp\ccYgedCd.s:1887   .text.Trend_Log_Write_Property:00000000000003e6 .L0 
C:\Users\zero6575\AppData\Local\Temp\ccYgedCd.s:1891   .text.Trend_Log_Write_Property:00000000000003f2 .L0 
C:\Users\zero6575\AppData\Local\Temp\ccYgedCd.s:1893   .text.Trend_Log_Write_Property:00000000000003f6 .L0 
C:\Users\zero6575\AppData\Local\Temp\ccYgedCd.s:1898   .text.Trend_Log_Write_Property:0000000000000406 .L0 
C:\Users\zero6575\AppData\Local\Temp\ccYgedCd.s:1901   .text.Trend_Log_Write_Property:000000000000040e .L0 
C:\Users\zero6575\AppData\Local\Temp\ccYgedCd.s:1904   .text.Trend_Log_Write_Property:0000000000000416 .L0 
C:\Users\zero6575\AppData\Local\Temp\ccYgedCd.s:1907   .text.Trend_Log_Write_Property:000000000000041e .L0 
C:\Users\zero6575\AppData\Local\Temp\ccYgedCd.s:1911   .text.Trend_Log_Write_Property:0000000000000428 .L0 
C:\Users\zero6575\AppData\Local\Temp\ccYgedCd.s:1920   .text.Trend_Log_Write_Property:0000000000000442 .L0 
C:\Users\zero6575\AppData\Local\Temp\ccYgedCd.s:1924   .text.Trend_Log_Write_Property:000000000000044c .L0 
C:\Users\zero6575\AppData\Local\Temp\ccYgedCd.s:1936   .text.Trend_Log_Write_Property:0000000000000474 .L0 
C:\Users\zero6575\AppData\Local\Temp\ccYgedCd.s:1940   .text.Trend_Log_Write_Property:0000000000000480 .L0 
C:\Users\zero6575\AppData\Local\Temp\ccYgedCd.s:1942   .text.Trend_Log_Write_Property:0000000000000484 .L0 
C:\Users\zero6575\AppData\Local\Temp\ccYgedCd.s:1948   .text.Trend_Log_Write_Property:0000000000000498 .L0 
C:\Users\zero6575\AppData\Local\Temp\ccYgedCd.s:1956   .text.Trend_Log_Write_Property:00000000000004b4 .L0 
C:\Users\zero6575\AppData\Local\Temp\ccYgedCd.s:1960   .text.Trend_Log_Write_Property:00000000000004be .L0 
C:\Users\zero6575\AppData\Local\Temp\ccYgedCd.s:1966   .text.Trend_Log_Write_Property:00000000000004d0 .L0 
C:\Users\zero6575\AppData\Local\Temp\ccYgedCd.s:1968   .text.Trend_Log_Write_Property:00000000000004d2 .L0 
C:\Users\zero6575\AppData\Local\Temp\ccYgedCd.s:1975   .text.Trend_Log_Write_Property:00000000000004ea .L0 
C:\Users\zero6575\AppData\Local\Temp\ccYgedCd.s:1980   .text.Trend_Log_Write_Property:00000000000004f4 .L0 
C:\Users\zero6575\AppData\Local\Temp\ccYgedCd.s:1987   .text.Trend_Log_Write_Property:000000000000050a .L0 
C:\Users\zero6575\AppData\Local\Temp\ccYgedCd.s:1993   .text.Trend_Log_Write_Property:000000000000051c .L0 
C:\Users\zero6575\AppData\Local\Temp\ccYgedCd.s:1997   .text.Trend_Log_Write_Property:0000000000000522 .L0 
C:\Users\zero6575\AppData\Local\Temp\ccYgedCd.s:2003   .text.Trend_Log_Write_Property:0000000000000534 .L0 
C:\Users\zero6575\AppData\Local\Temp\ccYgedCd.s:2007   .text.Trend_Log_Write_Property:0000000000000540 .L0 
C:\Users\zero6575\AppData\Local\Temp\ccYgedCd.s:2011   .text.Trend_Log_Write_Property:000000000000054a .L0 
C:\Users\zero6575\AppData\Local\Temp\ccYgedCd.s:2017   .text.Trend_Log_Write_Property:000000000000055c .L0 
C:\Users\zero6575\AppData\Local\Temp\ccYgedCd.s:2020   .text.Trend_Log_Write_Property:000000000000055e .L0 
C:\Users\zero6575\AppData\Local\Temp\ccYgedCd.s:2026   .text.Trend_Log_Write_Property:0000000000000570 .L0 
C:\Users\zero6575\AppData\Local\Temp\ccYgedCd.s:2029   .text.Trend_Log_Write_Property:0000000000000572 .L0 
C:\Users\zero6575\AppData\Local\Temp\ccYgedCd.s:2041   .text.Trend_Log_Write_Property:000000000000059a .L0 
C:\Users\zero6575\AppData\Local\Temp\ccYgedCd.s:2045   .text.Trend_Log_Write_Property:00000000000005a6 .L0 
C:\Users\zero6575\AppData\Local\Temp\ccYgedCd.s:2047   .text.Trend_Log_Write_Property:00000000000005aa .L0 
C:\Users\zero6575\AppData\Local\Temp\ccYgedCd.s:2052   .text.Trend_Log_Write_Property:00000000000005ba .L0 
C:\Users\zero6575\AppData\Local\Temp\ccYgedCd.s:2055   .text.Trend_Log_Write_Property:00000000000005c2 .L0 
C:\Users\zero6575\AppData\Local\Temp\ccYgedCd.s:2058   .text.Trend_Log_Write_Property:00000000000005ca .L0 
C:\Users\zero6575\AppData\Local\Temp\ccYgedCd.s:2061   .text.Trend_Log_Write_Property:00000000000005d2 .L0 
C:\Users\zero6575\AppData\Local\Temp\ccYgedCd.s:2065   .text.Trend_Log_Write_Property:00000000000005dc .L0 
C:\Users\zero6575\AppData\Local\Temp\ccYgedCd.s:2074   .text.Trend_Log_Write_Property:00000000000005f6 .L0 
C:\Users\zero6575\AppData\Local\Temp\ccYgedCd.s:2078   .text.Trend_Log_Write_Property:0000000000000600 .L0 
C:\Users\zero6575\AppData\Local\Temp\ccYgedCd.s:2090   .text.Trend_Log_Write_Property:0000000000000628 .L0 
C:\Users\zero6575\AppData\Local\Temp\ccYgedCd.s:2094   .text.Trend_Log_Write_Property:0000000000000634 .L0 
C:\Users\zero6575\AppData\Local\Temp\ccYgedCd.s:2096   .text.Trend_Log_Write_Property:0000000000000638 .L0 
C:\Users\zero6575\AppData\Local\Temp\ccYgedCd.s:2102   .text.Trend_Log_Write_Property:000000000000064c .L0 
C:\Users\zero6575\AppData\Local\Temp\ccYgedCd.s:2108   .text.Trend_Log_Write_Property:000000000000065e .L0 
C:\Users\zero6575\AppData\Local\Temp\ccYgedCd.s:2114   .text.Trend_Log_Write_Property:0000000000000672 .L0 
C:\Users\zero6575\AppData\Local\Temp\ccYgedCd.s:2120   .text.Trend_Log_Write_Property:0000000000000684 .L0 
C:\Users\zero6575\AppData\Local\Temp\ccYgedCd.s:2122   .text.Trend_Log_Write_Property:0000000000000686 .L0 
C:\Users\zero6575\AppData\Local\Temp\ccYgedCd.s:2129   .text.Trend_Log_Write_Property:000000000000069e .L0 
C:\Users\zero6575\AppData\Local\Temp\ccYgedCd.s:2136   .text.Trend_Log_Write_Property:00000000000006aa .L0 
C:\Users\zero6575\AppData\Local\Temp\ccYgedCd.s:2143   .text.Trend_Log_Write_Property:00000000000006c0 .L0 
C:\Users\zero6575\AppData\Local\Temp\ccYgedCd.s:2149   .text.Trend_Log_Write_Property:00000000000006d2 .L0 
C:\Users\zero6575\AppData\Local\Temp\ccYgedCd.s:2153   .text.Trend_Log_Write_Property:00000000000006d8 .L0 
C:\Users\zero6575\AppData\Local\Temp\ccYgedCd.s:2159   .text.Trend_Log_Write_Property:00000000000006ea .L0 
C:\Users\zero6575\AppData\Local\Temp\ccYgedCd.s:2163   .text.Trend_Log_Write_Property:00000000000006f6 .L0 
C:\Users\zero6575\AppData\Local\Temp\ccYgedCd.s:2167   .text.Trend_Log_Write_Property:0000000000000700 .L0 
C:\Users\zero6575\AppData\Local\Temp\ccYgedCd.s:2173   .text.Trend_Log_Write_Property:0000000000000712 .L0 
C:\Users\zero6575\AppData\Local\Temp\ccYgedCd.s:2176   .text.Trend_Log_Write_Property:0000000000000714 .L0 
C:\Users\zero6575\AppData\Local\Temp\ccYgedCd.s:2182   .text.Trend_Log_Write_Property:0000000000000726 .L0 
C:\Users\zero6575\AppData\Local\Temp\ccYgedCd.s:2185   .text.Trend_Log_Write_Property:0000000000000728 .L0 
C:\Users\zero6575\AppData\Local\Temp\ccYgedCd.s:2188   .text.Trend_Log_Write_Property:000000000000072e .L0 
C:\Users\zero6575\AppData\Local\Temp\ccYgedCd.s:2195   .text.Trend_Log_Write_Property:0000000000000744 .L0 
C:\Users\zero6575\AppData\Local\Temp\ccYgedCd.s:2199   .text.Trend_Log_Write_Property:000000000000074e .L0 
C:\Users\zero6575\AppData\Local\Temp\ccYgedCd.s:2202   .text.Trend_Log_Write_Property:0000000000000756 .L0 
C:\Users\zero6575\AppData\Local\Temp\ccYgedCd.s:2207   .text.Trend_Log_Write_Property:0000000000000760 .L0 
C:\Users\zero6575\AppData\Local\Temp\ccYgedCd.s:2211   .text.Trend_Log_Write_Property:000000000000076a .L0 
C:\Users\zero6575\AppData\Local\Temp\ccYgedCd.s:2214   .text.Trend_Log_Write_Property:0000000000000772 .L0 
C:\Users\zero6575\AppData\Local\Temp\ccYgedCd.s:2217   .text.Trend_Log_Write_Property:0000000000000774 .L0 
C:\Users\zero6575\AppData\Local\Temp\ccYgedCd.s:2219   .text.Trend_Log_Write_Property:0000000000000778 .L0 
C:\Users\zero6575\AppData\Local\Temp\ccYgedCd.s:2223   .text.Trend_Log_Write_Property:0000000000000782 .L0 
C:\Users\zero6575\AppData\Local\Temp\ccYgedCd.s:2225   .text.Trend_Log_Write_Property:0000000000000786 .L0 
C:\Users\zero6575\AppData\Local\Temp\ccYgedCd.s:2229   .text.Trend_Log_Write_Property:0000000000000792 .L0 
C:\Users\zero6575\AppData\Local\Temp\ccYgedCd.s:2232   .text.Trend_Log_Write_Property:0000000000000798 .L0 
C:\Users\zero6575\AppData\Local\Temp\ccYgedCd.s:2236   .text.Trend_Log_Write_Property:00000000000007a2 .L0 
C:\Users\zero6575\AppData\Local\Temp\ccYgedCd.s:2240   .text.Trend_Log_Write_Property:00000000000007ae .L0 
C:\Users\zero6575\AppData\Local\Temp\ccYgedCd.s:2243   .text.Trend_Log_Write_Property:00000000000007b0 .L0 
C:\Users\zero6575\AppData\Local\Temp\ccYgedCd.s:2246   .text.Trend_Log_Write_Property:00000000000007b8 .L0 
C:\Users\zero6575\AppData\Local\Temp\ccYgedCd.s:2253   .text.Trend_Log_Write_Property:00000000000007cc .L0 
C:\Users\zero6575\AppData\Local\Temp\ccYgedCd.s:2255   .text.Trend_Log_Write_Property:00000000000007ce .L0 
C:\Users\zero6575\AppData\Local\Temp\ccYgedCd.s:2258   .text.Trend_Log_Write_Property:00000000000007d6 .L0 
C:\Users\zero6575\AppData\Local\Temp\ccYgedCd.s:2261   .text.Trend_Log_Write_Property:00000000000007de .L0 
C:\Users\zero6575\AppData\Local\Temp\ccYgedCd.s:2268   .text.Trend_Log_Write_Property:00000000000007f0 .L0 
C:\Users\zero6575\AppData\Local\Temp\ccYgedCd.s:2282   .text.Trend_Log_Write_Property:000000000000081a .L0 
C:\Users\zero6575\AppData\Local\Temp\ccYgedCd.s:2285   .text.Trend_Log_Write_Property:0000000000000820 .L0 
C:\Users\zero6575\AppData\Local\Temp\ccYgedCd.s:2288   .text.Trend_Log_Write_Property:0000000000000822 .L0 
C:\Users\zero6575\AppData\Local\Temp\ccYgedCd.s:2291   .text.Trend_Log_Write_Property:0000000000000828 .L0 
C:\Users\zero6575\AppData\Local\Temp\ccYgedCd.s:2295   .text.Trend_Log_Write_Property:0000000000000830 .L0 
C:\Users\zero6575\AppData\Local\Temp\ccYgedCd.s:2299   .text.Trend_Log_Write_Property:000000000000083a .L0 
C:\Users\zero6575\AppData\Local\Temp\ccYgedCd.s:2303   .text.Trend_Log_Write_Property:0000000000000846 .L0 
C:\Users\zero6575\AppData\Local\Temp\ccYgedCd.s:2306   .text.Trend_Log_Write_Property:0000000000000848 .L0 
C:\Users\zero6575\AppData\Local\Temp\ccYgedCd.s:2318   .text.Trend_Log_Write_Property:0000000000000870 .L0 
C:\Users\zero6575\AppData\Local\Temp\ccYgedCd.s:2322   .text.Trend_Log_Write_Property:000000000000087c .L0 
C:\Users\zero6575\AppData\Local\Temp\ccYgedCd.s:2325   .text.Trend_Log_Write_Property:0000000000000882 .L0 
C:\Users\zero6575\AppData\Local\Temp\ccYgedCd.s:2327   .text.Trend_Log_Write_Property:0000000000000884 .L0 
C:\Users\zero6575\AppData\Local\Temp\ccYgedCd.s:2329   .text.Trend_Log_Write_Property:0000000000000888 .L0 
C:\Users\zero6575\AppData\Local\Temp\ccYgedCd.s:2331   .text.Trend_Log_Write_Property:000000000000088a .L0 
C:\Users\zero6575\AppData\Local\Temp\ccYgedCd.s:2335   .text.Trend_Log_Write_Property:0000000000000894 .L0 
C:\Users\zero6575\AppData\Local\Temp\ccYgedCd.s:2339   .text.Trend_Log_Write_Property:00000000000008a0 .L0 
C:\Users\zero6575\AppData\Local\Temp\ccYgedCd.s:2341   .text.Trend_Log_Write_Property:00000000000008a4 .L0 
C:\Users\zero6575\AppData\Local\Temp\ccYgedCd.s:2344   .text.Trend_Log_Write_Property:00000000000008a6 .L0 
C:\Users\zero6575\AppData\Local\Temp\ccYgedCd.s:2346   .text.Trend_Log_Write_Property:00000000000008aa .L0 
C:\Users\zero6575\AppData\Local\Temp\ccYgedCd.s:2351   .text.Trend_Log_Write_Property:00000000000008b8 .L0 
C:\Users\zero6575\AppData\Local\Temp\ccYgedCd.s:2354   .text.Trend_Log_Write_Property:00000000000008be .L0 
C:\Users\zero6575\AppData\Local\Temp\ccYgedCd.s:2357   .text.Trend_Log_Write_Property:00000000000008c4 .L0 
C:\Users\zero6575\AppData\Local\Temp\ccYgedCd.s:2359   .text.Trend_Log_Write_Property:00000000000008c8 .L0 
C:\Users\zero6575\AppData\Local\Temp\ccYgedCd.s:2363   .text.Trend_Log_Write_Property:00000000000008d0 .L0 
C:\Users\zero6575\AppData\Local\Temp\ccYgedCd.s:2366   .text.Trend_Log_Write_Property:00000000000008d2 .L0 
C:\Users\zero6575\AppData\Local\Temp\ccYgedCd.s:2378   .text.Trend_Log_Write_Property:00000000000008fa .L0 
C:\Users\zero6575\AppData\Local\Temp\ccYgedCd.s:2382   .text.Trend_Log_Write_Property:0000000000000906 .L0 
C:\Users\zero6575\AppData\Local\Temp\ccYgedCd.s:2384   .text.Trend_Log_Write_Property:000000000000090a .L0 
C:\Users\zero6575\AppData\Local\Temp\ccYgedCd.s:2387   .text.Trend_Log_Write_Property:0000000000000912 .L0 
C:\Users\zero6575\AppData\Local\Temp\ccYgedCd.s:2390   .text.Trend_Log_Write_Property:0000000000000914 .L0 
C:\Users\zero6575\AppData\Local\Temp\ccYgedCd.s:2402   .text.Trend_Log_Write_Property:000000000000093c .L0 
C:\Users\zero6575\AppData\Local\Temp\ccYgedCd.s:2406   .text.Trend_Log_Write_Property:0000000000000946 .L0 
C:\Users\zero6575\AppData\Local\Temp\ccYgedCd.s:2408   .text.Trend_Log_Write_Property:000000000000094a .L0 
C:\Users\zero6575\AppData\Local\Temp\ccYgedCd.s:2413   .text.Trend_Log_Write_Property:0000000000000958 .L0 
C:\Users\zero6575\AppData\Local\Temp\ccYgedCd.s:2416   .text.Trend_Log_Write_Property:000000000000095e .L0 
C:\Users\zero6575\AppData\Local\Temp\ccYgedCd.s:2419   .text.Trend_Log_Write_Property:0000000000000960 .L0 
C:\Users\zero6575\AppData\Local\Temp\ccYgedCd.s:2431   .text.Trend_Log_Write_Property:0000000000000988 .L0 
C:\Users\zero6575\AppData\Local\Temp\ccYgedCd.s:2435   .text.Trend_Log_Write_Property:0000000000000992 .L0 
C:\Users\zero6575\AppData\Local\Temp\ccYgedCd.s:2438   .text.Trend_Log_Write_Property:0000000000000998 .L0 
C:\Users\zero6575\AppData\Local\Temp\ccYgedCd.s:2440   .text.Trend_Log_Write_Property:000000000000099a .L0 
C:\Users\zero6575\AppData\Local\Temp\ccYgedCd.s:2443   .text.Trend_Log_Write_Property:00000000000009a2 .L0 
C:\Users\zero6575\AppData\Local\Temp\ccYgedCd.s:2445   .text.Trend_Log_Write_Property:00000000000009a4 .L0 
C:\Users\zero6575\AppData\Local\Temp\ccYgedCd.s:2449   .text.Trend_Log_Write_Property:00000000000009ae .L0 
C:\Users\zero6575\AppData\Local\Temp\ccYgedCd.s:2453   .text.Trend_Log_Write_Property:00000000000009ba .L0 
C:\Users\zero6575\AppData\Local\Temp\ccYgedCd.s:2455   .text.Trend_Log_Write_Property:00000000000009be .L0 
C:\Users\zero6575\AppData\Local\Temp\ccYgedCd.s:2458   .text.Trend_Log_Write_Property:00000000000009c0 .L0 
C:\Users\zero6575\AppData\Local\Temp\ccYgedCd.s:2460   .text.Trend_Log_Write_Property:00000000000009c4 .L0 
C:\Users\zero6575\AppData\Local\Temp\ccYgedCd.s:2463   .text.Trend_Log_Write_Property:00000000000009cc .L0 
C:\Users\zero6575\AppData\Local\Temp\ccYgedCd.s:2466   .text.Trend_Log_Write_Property:00000000000009ce .L0 
C:\Users\zero6575\AppData\Local\Temp\ccYgedCd.s:2470   .text.Trend_Log_Write_Property:00000000000009d8 .L0 
C:\Users\zero6575\AppData\Local\Temp\ccYgedCd.s:2474   .text.Trend_Log_Write_Property:00000000000009e4 .L0 
C:\Users\zero6575\AppData\Local\Temp\ccYgedCd.s:2477   .text.Trend_Log_Write_Property:00000000000009e6 .L0 
C:\Users\zero6575\AppData\Local\Temp\ccYgedCd.s:2481   .text.Trend_Log_Write_Property:00000000000009ea .L0 
C:\Users\zero6575\AppData\Local\Temp\ccYgedCd.s:2485   .text.Trend_Log_Write_Property:00000000000009ee .L0 
C:\Users\zero6575\AppData\Local\Temp\ccYgedCd.s:2489   .text.Trend_Log_Write_Property:00000000000009f2 .L0 
C:\Users\zero6575\AppData\Local\Temp\ccYgedCd.s:2493   .text.Trend_Log_Write_Property:00000000000009f6 .L0 
C:\Users\zero6575\AppData\Local\Temp\ccYgedCd.s:2497   .text.Trend_Log_Write_Property:00000000000009fa .L0 
C:\Users\zero6575\AppData\Local\Temp\ccYgedCd.s:2501   .text.Trend_Log_Write_Property:00000000000009fe .L0 
C:\Users\zero6575\AppData\Local\Temp\ccYgedCd.s:2505   .text.Trend_Log_Write_Property:0000000000000a02 .L0 
C:\Users\zero6575\AppData\Local\Temp\ccYgedCd.s:2509   .text.Trend_Log_Write_Property:0000000000000a06 .L0 
C:\Users\zero6575\AppData\Local\Temp\ccYgedCd.s:2513   .text.Trend_Log_Write_Property:0000000000000a0a .L0 
C:\Users\zero6575\AppData\Local\Temp\ccYgedCd.s:2517   .text.Trend_Log_Write_Property:0000000000000a0e .L0 
C:\Users\zero6575\AppData\Local\Temp\ccYgedCd.s:2521   .text.Trend_Log_Write_Property:0000000000000a12 .L0 
C:\Users\zero6575\AppData\Local\Temp\ccYgedCd.s:2525   .text.Trend_Log_Write_Property:0000000000000a16 .L0 
C:\Users\zero6575\AppData\Local\Temp\ccYgedCd.s:2529   .text.Trend_Log_Write_Property:0000000000000a1a .L0 
C:\Users\zero6575\AppData\Local\Temp\ccYgedCd.s:2532   .text.Trend_Log_Write_Property:0000000000000a1c .L0 
C:\Users\zero6575\AppData\Local\Temp\ccYgedCd.s:2535   .text.Trend_Log_Write_Property:0000000000000a20 .L0 
C:\Users\zero6575\AppData\Local\Temp\ccYgedCd.s:2537   .text.Trend_Log_Write_Property:0000000000000a26 .L0 
C:\Users\zero6575\AppData\Local\Temp\ccYgedCd.s:2539   .text.Trend_Log_Write_Property:0000000000000a2a .L0 
C:\Users\zero6575\AppData\Local\Temp\ccYgedCd.s:2540   .text.Trend_Log_Write_Property:0000000000000a2a .L0 
C:\Users\zero6575\AppData\Local\Temp\ccYgedCd.s:2542   .text.Trend_Log_Write_Property:0000000000000a2e .L0 
C:\Users\zero6575\AppData\Local\Temp\ccYgedCd.s:2544   .text.Trend_Log_Write_Property:0000000000000a32 .L0 
C:\Users\zero6575\AppData\Local\Temp\ccYgedCd.s:2546   .text.Trend_Log_Write_Property:0000000000000a34 .L0 
C:\Users\zero6575\AppData\Local\Temp\ccYgedCd.s:2553   .text.TrendLogGetRRInfo:0000000000000000 TrendLogGetRRInfo
C:\Users\zero6575\AppData\Local\Temp\ccYgedCd.s:2556   .text.TrendLogGetRRInfo:0000000000000000 .L0 
C:\Users\zero6575\AppData\Local\Temp\ccYgedCd.s:2557   .text.TrendLogGetRRInfo:0000000000000000 .L0 
C:\Users\zero6575\AppData\Local\Temp\ccYgedCd.s:2558   .text.TrendLogGetRRInfo:0000000000000002 .L0 
C:\Users\zero6575\AppData\Local\Temp\ccYgedCd.s:2561   .text.TrendLogGetRRInfo:0000000000000006 .L0 
C:\Users\zero6575\AppData\Local\Temp\ccYgedCd.s:2562   .text.TrendLogGetRRInfo:0000000000000006 .L0 
C:\Users\zero6575\AppData\Local\Temp\ccYgedCd.s:2564   .text.TrendLogGetRRInfo:0000000000000008 .L0 
C:\Users\zero6575\AppData\Local\Temp\ccYgedCd.s:2568   .text.TrendLogGetRRInfo:0000000000000010 .L0 
C:\Users\zero6575\AppData\Local\Temp\ccYgedCd.s:2575   .text.TrendLogGetRRInfo:0000000000000024 .L0 
C:\Users\zero6575\AppData\Local\Temp\ccYgedCd.s:2577   .text.TrendLogGetRRInfo:0000000000000028 .L0 
C:\Users\zero6575\AppData\Local\Temp\ccYgedCd.s:2582   .text.TrendLogGetRRInfo:0000000000000036 .L0 
C:\Users\zero6575\AppData\Local\Temp\ccYgedCd.s:2586   .text.TrendLogGetRRInfo:000000000000003e .L0 
C:\Users\zero6575\AppData\Local\Temp\ccYgedCd.s:2592   .text.TrendLogGetRRInfo:0000000000000048 .L0 
C:\Users\zero6575\AppData\Local\Temp\ccYgedCd.s:2595   .text.TrendLogGetRRInfo:000000000000004e .L0 
C:\Users\zero6575\AppData\Local\Temp\ccYgedCd.s:2599   .text.TrendLogGetRRInfo:0000000000000058 .L0 
C:\Users\zero6575\AppData\Local\Temp\ccYgedCd.s:2603   .text.TrendLogGetRRInfo:0000000000000060 .L0 
C:\Users\zero6575\AppData\Local\Temp\ccYgedCd.s:3166   .text.rr_trend_log_encode:0000000000000000 rr_trend_log_encode
C:\Users\zero6575\AppData\Local\Temp\ccYgedCd.s:2607   .text.TrendLogGetRRInfo:000000000000006e .L0 
C:\Users\zero6575\AppData\Local\Temp\ccYgedCd.s:2611   .text.TrendLogGetRRInfo:0000000000000072 .L0 
C:\Users\zero6575\AppData\Local\Temp\ccYgedCd.s:2615   .text.TrendLogGetRRInfo:000000000000007a .L0 
C:\Users\zero6575\AppData\Local\Temp\ccYgedCd.s:2620   .text.TrendLogGetRRInfo:0000000000000082 .L0 
C:\Users\zero6575\AppData\Local\Temp\ccYgedCd.s:2623   .text.TrendLogGetRRInfo:0000000000000084 .L0 
C:\Users\zero6575\AppData\Local\Temp\ccYgedCd.s:2625   .text.TrendLogGetRRInfo:0000000000000088 .L0 
C:\Users\zero6575\AppData\Local\Temp\ccYgedCd.s:2627   .text.TrendLogGetRRInfo:000000000000008a .L0 
C:\Users\zero6575\AppData\Local\Temp\ccYgedCd.s:2628   .text.TrendLogGetRRInfo:000000000000008a .L0 
C:\Users\zero6575\AppData\Local\Temp\ccYgedCd.s:2630   .text.TrendLogGetRRInfo:000000000000008c .L0 
C:\Users\zero6575\AppData\Local\Temp\ccYgedCd.s:2632   .text.TrendLogGetRRInfo:000000000000008e .L0 
C:\Users\zero6575\AppData\Local\Temp\ccYgedCd.s:2642   .text.TL_Insert_Status_Rec:0000000000000000 .L0 
C:\Users\zero6575\AppData\Local\Temp\ccYgedCd.s:2643   .text.TL_Insert_Status_Rec:0000000000000000 .L0 
C:\Users\zero6575\AppData\Local\Temp\ccYgedCd.s:2644   .text.TL_Insert_Status_Rec:0000000000000002 .L0 
C:\Users\zero6575\AppData\Local\Temp\ccYgedCd.s:2647   .text.TL_Insert_Status_Rec:0000000000000006 .L0 
C:\Users\zero6575\AppData\Local\Temp\ccYgedCd.s:2648   .text.TL_Insert_Status_Rec:0000000000000006 .L0 
C:\Users\zero6575\AppData\Local\Temp\ccYgedCd.s:2650   .text.TL_Insert_Status_Rec:0000000000000008 .L0 
C:\Users\zero6575\AppData\Local\Temp\ccYgedCd.s:2660   .text.TL_Insert_Status_Rec:000000000000001e .L0 
C:\Users\zero6575\AppData\Local\Temp\ccYgedCd.s:2669   .text.TL_Insert_Status_Rec:0000000000000038 .L0 
C:\Users\zero6575\AppData\Local\Temp\ccYgedCd.s:2673   .text.TL_Insert_Status_Rec:0000000000000044 .L0 
C:\Users\zero6575\AppData\Local\Temp\ccYgedCd.s:2675   .text.TL_Insert_Status_Rec:0000000000000048 .L0 
C:\Users\zero6575\AppData\Local\Temp\ccYgedCd.s:2677   .text.TL_Insert_Status_Rec:000000000000004c .L0 
C:\Users\zero6575\AppData\Local\Temp\ccYgedCd.s:2679   .text.TL_Insert_Status_Rec:0000000000000050 .L0 
C:\Users\zero6575\AppData\Local\Temp\ccYgedCd.s:2681   .text.TL_Insert_Status_Rec:0000000000000054 .L0 
C:\Users\zero6575\AppData\Local\Temp\ccYgedCd.s:2693   .text.TL_Insert_Status_Rec:0000000000000078 .L0 
C:\Users\zero6575\AppData\Local\Temp\ccYgedCd.s:2696   .text.TL_Insert_Status_Rec:000000000000007a .L0 
C:\Users\zero6575\AppData\Local\Temp\ccYgedCd.s:2700   .text.TL_Insert_Status_Rec:0000000000000084 .L0 
C:\Users\zero6575\AppData\Local\Temp\ccYgedCd.s:2703   .text.TL_Insert_Status_Rec:000000000000008a .L0 
C:\Users\zero6575\AppData\Local\Temp\ccYgedCd.s:2706   .text.TL_Insert_Status_Rec:000000000000008c .L0 
C:\Users\zero6575\AppData\Local\Temp\ccYgedCd.s:2710   .text.TL_Insert_Status_Rec:0000000000000096 .L0 
C:\Users\zero6575\AppData\Local\Temp\ccYgedCd.s:2713   .text.TL_Insert_Status_Rec:000000000000009c .L0 
C:\Users\zero6575\AppData\Local\Temp\ccYgedCd.s:2716   .text.TL_Insert_Status_Rec:000000000000009e .L0 
C:\Users\zero6575\AppData\Local\Temp\ccYgedCd.s:2719   .text.TL_Insert_Status_Rec:00000000000000a4 .L0 
C:\Users\zero6575\AppData\Local\Temp\ccYgedCd.s:2722   .text.TL_Insert_Status_Rec:00000000000000a6 .L0 
C:\Users\zero6575\AppData\Local\Temp\ccYgedCd.s:2726   .text.TL_Insert_Status_Rec:00000000000000aa .L0 
C:\Users\zero6575\AppData\Local\Temp\ccYgedCd.s:2729   .text.TL_Insert_Status_Rec:00000000000000ac .L0 
C:\Users\zero6575\AppData\Local\Temp\ccYgedCd.s:2732   .text.TL_Insert_Status_Rec:00000000000000b2 .L0 
C:\Users\zero6575\AppData\Local\Temp\ccYgedCd.s:2737   .text.TL_Insert_Status_Rec:00000000000000c0 .L0 
C:\Users\zero6575\AppData\Local\Temp\ccYgedCd.s:2755   .text.TL_Insert_Status_Rec:00000000000000f4 .L0 
C:\Users\zero6575\AppData\Local\Temp\ccYgedCd.s:2758   .text.TL_Insert_Status_Rec:00000000000000fa .L0 
C:\Users\zero6575\AppData\Local\Temp\ccYgedCd.s:2762   .text.TL_Insert_Status_Rec:0000000000000104 .L0 
C:\Users\zero6575\AppData\Local\Temp\ccYgedCd.s:2766   .text.TL_Insert_Status_Rec:000000000000010c .L0 
C:\Users\zero6575\AppData\Local\Temp\ccYgedCd.s:2769   .text.TL_Insert_Status_Rec:0000000000000112 .L0 
C:\Users\zero6575\AppData\Local\Temp\ccYgedCd.s:2774   .text.TL_Insert_Status_Rec:000000000000011e .L0 
C:\Users\zero6575\AppData\Local\Temp\ccYgedCd.s:2777   .text.TL_Insert_Status_Rec:0000000000000124 .L0 
C:\Users\zero6575\AppData\Local\Temp\ccYgedCd.s:2781   .text.TL_Insert_Status_Rec:000000000000012e .L0 
C:\Users\zero6575\AppData\Local\Temp\ccYgedCd.s:2784   .text.TL_Insert_Status_Rec:0000000000000134 .L0 
C:\Users\zero6575\AppData\Local\Temp\ccYgedCd.s:2790   .text.TL_Insert_Status_Rec:0000000000000140 .L0 
C:\Users\zero6575\AppData\Local\Temp\ccYgedCd.s:2792   .text.TL_Insert_Status_Rec:0000000000000144 .L0 
C:\Users\zero6575\AppData\Local\Temp\ccYgedCd.s:2794   .text.TL_Insert_Status_Rec:0000000000000146 .L0 
C:\Users\zero6575\AppData\Local\Temp\ccYgedCd.s:2795   .text.TL_Insert_Status_Rec:0000000000000146 .L0 
C:\Users\zero6575\AppData\Local\Temp\ccYgedCd.s:2797   .text.TL_Insert_Status_Rec:0000000000000148 .L0 
C:\Users\zero6575\AppData\Local\Temp\ccYgedCd.s:2799   .text.TL_Insert_Status_Rec:000000000000014a .L0 
C:\Users\zero6575\AppData\Local\Temp\ccYgedCd.s:2809   .text.TL_Is_Enabled:0000000000000000 .L0 
C:\Users\zero6575\AppData\Local\Temp\ccYgedCd.s:2810   .text.TL_Is_Enabled:0000000000000000 .L0 
C:\Users\zero6575\AppData\Local\Temp\ccYgedCd.s:2811   .text.TL_Is_Enabled:0000000000000002 .L0 
C:\Users\zero6575\AppData\Local\Temp\ccYgedCd.s:2814   .text.TL_Is_Enabled:0000000000000006 .L0 
C:\Users\zero6575\AppData\Local\Temp\ccYgedCd.s:2815   .text.TL_Is_Enabled:0000000000000006 .L0 
C:\Users\zero6575\AppData\Local\Temp\ccYgedCd.s:2817   .text.TL_Is_Enabled:0000000000000008 .L0 
C:\Users\zero6575\AppData\Local\Temp\ccYgedCd.s:2821   .text.TL_Is_Enabled:000000000000000e .L0 
C:\Users\zero6575\AppData\Local\Temp\ccYgedCd.s:2824   .text.TL_Is_Enabled:0000000000000014 .L0 
C:\Users\zero6575\AppData\Local\Temp\ccYgedCd.s:2833   .text.TL_Is_Enabled:000000000000002e .L0 
C:\Users\zero6575\AppData\Local\Temp\ccYgedCd.s:2836   .text.TL_Is_Enabled:0000000000000036 .L0 
C:\Users\zero6575\AppData\Local\Temp\ccYgedCd.s:2839   .text.TL_Is_Enabled:000000000000003e .L0 
C:\Users\zero6575\AppData\Local\Temp\ccYgedCd.s:2841   .text.TL_Is_Enabled:0000000000000040 .L0 
C:\Users\zero6575\AppData\Local\Temp\ccYgedCd.s:2845   .text.TL_Is_Enabled:0000000000000046 .L0 
C:\Users\zero6575\AppData\Local\Temp\ccYgedCd.s:2848   .text.TL_Is_Enabled:000000000000004e .L0 
C:\Users\zero6575\AppData\Local\Temp\ccYgedCd.s:2850   .text.TL_Is_Enabled:0000000000000050 .L0 
C:\Users\zero6575\AppData\Local\Temp\ccYgedCd.s:2853   .text.TL_Is_Enabled:0000000000000056 .L0 
C:\Users\zero6575\AppData\Local\Temp\ccYgedCd.s:2856   .text.TL_Is_Enabled:000000000000005c .L0 
C:\Users\zero6575\AppData\Local\Temp\ccYgedCd.s:2858   .text.TL_Is_Enabled:0000000000000060 .L0 
C:\Users\zero6575\AppData\Local\Temp\ccYgedCd.s:2862   .text.TL_Is_Enabled:0000000000000066 .L0 
C:\Users\zero6575\AppData\Local\Temp\ccYgedCd.s:2865   .text.TL_Is_Enabled:000000000000006e .L0 
C:\Users\zero6575\AppData\Local\Temp\ccYgedCd.s:2869   .text.TL_Is_Enabled:0000000000000076 .L0 
C:\Users\zero6575\AppData\Local\Temp\ccYgedCd.s:2873   .text.TL_Is_Enabled:0000000000000084 .L0 
C:\Users\zero6575\AppData\Local\Temp\ccYgedCd.s:2876   .text.TL_Is_Enabled:000000000000008c .L0 
C:\Users\zero6575\AppData\Local\Temp\ccYgedCd.s:2880   .text.TL_Is_Enabled:0000000000000092 .L0 
C:\Users\zero6575\AppData\Local\Temp\ccYgedCd.s:2882   .text.TL_Is_Enabled:0000000000000094 .L0 
C:\Users\zero6575\AppData\Local\Temp\ccYgedCd.s:2885   .text.TL_Is_Enabled:000000000000009a .L0 
C:\Users\zero6575\AppData\Local\Temp\ccYgedCd.s:2888   .text.TL_Is_Enabled:00000000000000a2 .L0 
C:\Users\zero6575\AppData\Local\Temp\ccYgedCd.s:2892   .text.TL_Is_Enabled:00000000000000a8 .L0 
C:\Users\zero6575\AppData\Local\Temp\ccYgedCd.s:2895   .text.TL_Is_Enabled:00000000000000b0 .L0 
C:\Users\zero6575\AppData\Local\Temp\ccYgedCd.s:2899   .text.TL_Is_Enabled:00000000000000b6 .L0 
C:\Users\zero6575\AppData\Local\Temp\ccYgedCd.s:2901   .text.TL_Is_Enabled:00000000000000b8 .L0 
C:\Users\zero6575\AppData\Local\Temp\ccYgedCd.s:2904   .text.TL_Is_Enabled:00000000000000be .L0 
C:\Users\zero6575\AppData\Local\Temp\ccYgedCd.s:2907   .text.TL_Is_Enabled:00000000000000c6 .L0 
C:\Users\zero6575\AppData\Local\Temp\ccYgedCd.s:2911   .text.TL_Is_Enabled:00000000000000cc .L0 
C:\Users\zero6575\AppData\Local\Temp\ccYgedCd.s:2914   .text.TL_Is_Enabled:00000000000000d2 .L0 
C:\Users\zero6575\AppData\Local\Temp\ccYgedCd.s:2917   .text.TL_Is_Enabled:00000000000000da .L0 
C:\Users\zero6575\AppData\Local\Temp\ccYgedCd.s:2920   .text.TL_Is_Enabled:00000000000000e0 .L0 
C:\Users\zero6575\AppData\Local\Temp\ccYgedCd.s:2924   .text.TL_Is_Enabled:00000000000000e8 .L0 
C:\Users\zero6575\AppData\Local\Temp\ccYgedCd.s:2927   .text.TL_Is_Enabled:00000000000000ec .L0 
C:\Users\zero6575\AppData\Local\Temp\ccYgedCd.s:2929   .text.TL_Is_Enabled:00000000000000f0 .L0 
C:\Users\zero6575\AppData\Local\Temp\ccYgedCd.s:2931   .text.TL_Is_Enabled:00000000000000f4 .L0 
C:\Users\zero6575\AppData\Local\Temp\ccYgedCd.s:2933   .text.TL_Is_Enabled:00000000000000f6 .L0 
C:\Users\zero6575\AppData\Local\Temp\ccYgedCd.s:2934   .text.TL_Is_Enabled:00000000000000f6 .L0 
C:\Users\zero6575\AppData\Local\Temp\ccYgedCd.s:2936   .text.TL_Is_Enabled:00000000000000f8 .L0 
C:\Users\zero6575\AppData\Local\Temp\ccYgedCd.s:2938   .text.TL_Is_Enabled:00000000000000fa .L0 
C:\Users\zero6575\AppData\Local\Temp\ccYgedCd.s:2948   .text.TL_BAC_Time_To_Local:0000000000000000 .L0 
C:\Users\zero6575\AppData\Local\Temp\ccYgedCd.s:2949   .text.TL_BAC_Time_To_Local:0000000000000000 .L0 
C:\Users\zero6575\AppData\Local\Temp\ccYgedCd.s:2950   .text.TL_BAC_Time_To_Local:0000000000000002 .L0 
C:\Users\zero6575\AppData\Local\Temp\ccYgedCd.s:2953   .text.TL_BAC_Time_To_Local:0000000000000006 .L0 
C:\Users\zero6575\AppData\Local\Temp\ccYgedCd.s:2954   .text.TL_BAC_Time_To_Local:0000000000000006 .L0 
C:\Users\zero6575\AppData\Local\Temp\ccYgedCd.s:2956   .text.TL_BAC_Time_To_Local:0000000000000008 .L0 
C:\Users\zero6575\AppData\Local\Temp\ccYgedCd.s:2959   .text.TL_BAC_Time_To_Local:000000000000000c .L0 
C:\Users\zero6575\AppData\Local\Temp\ccYgedCd.s:2963   .text.TL_BAC_Time_To_Local:0000000000000016 .L0 
C:\Users\zero6575\AppData\Local\Temp\ccYgedCd.s:2966   .text.TL_BAC_Time_To_Local:000000000000001c .L0 
C:\Users\zero6575\AppData\Local\Temp\ccYgedCd.s:2968   .text.TL_BAC_Time_To_Local:0000000000000020 .L0 
C:\Users\zero6575\AppData\Local\Temp\ccYgedCd.s:2972   .text.TL_BAC_Time_To_Local:000000000000002c .L0 
C:\Users\zero6575\AppData\Local\Temp\ccYgedCd.s:2976   .text.TL_BAC_Time_To_Local:0000000000000036 .L0 
C:\Users\zero6575\AppData\Local\Temp\ccYgedCd.s:2979   .text.TL_BAC_Time_To_Local:000000000000003c .L0 
C:\Users\zero6575\AppData\Local\Temp\ccYgedCd.s:2983   .text.TL_BAC_Time_To_Local:0000000000000046 .L0 
C:\Users\zero6575\AppData\Local\Temp\ccYgedCd.s:2986   .text.TL_BAC_Time_To_Local:000000000000004c .L0 
C:\Users\zero6575\AppData\Local\Temp\ccYgedCd.s:2991   .text.TL_BAC_Time_To_Local:000000000000005c .L0 
C:\Users\zero6575\AppData\Local\Temp\ccYgedCd.s:2993   .text.TL_BAC_Time_To_Local:0000000000000060 .L0 
C:\Users\zero6575\AppData\Local\Temp\ccYgedCd.s:2998   .text.TL_BAC_Time_To_Local:0000000000000068 .L0 
C:\Users\zero6575\AppData\Local\Temp\ccYgedCd.s:3002   .text.TL_BAC_Time_To_Local:0000000000000072 .L0 
C:\Users\zero6575\AppData\Local\Temp\ccYgedCd.s:3005   .text.TL_BAC_Time_To_Local:0000000000000076 .L0 
C:\Users\zero6575\AppData\Local\Temp\ccYgedCd.s:3007   .text.TL_BAC_Time_To_Local:000000000000007a .L0 
C:\Users\zero6575\AppData\Local\Temp\ccYgedCd.s:3011   .text.TL_BAC_Time_To_Local:0000000000000084 .L0 
C:\Users\zero6575\AppData\Local\Temp\ccYgedCd.s:3014   .text.TL_BAC_Time_To_Local:0000000000000088 .L0 
C:\Users\zero6575\AppData\Local\Temp\ccYgedCd.s:3018   .text.TL_BAC_Time_To_Local:0000000000000092 .L0 
C:\Users\zero6575\AppData\Local\Temp\ccYgedCd.s:3020   .text.TL_BAC_Time_To_Local:0000000000000096 .L0 
C:\Users\zero6575\AppData\Local\Temp\ccYgedCd.s:3024   .text.TL_BAC_Time_To_Local:00000000000000a0 .L0 
C:\Users\zero6575\AppData\Local\Temp\ccYgedCd.s:3026   .text.TL_BAC_Time_To_Local:00000000000000a4 .L0 
C:\Users\zero6575\AppData\Local\Temp\ccYgedCd.s:3030   .text.TL_BAC_Time_To_Local:00000000000000ae .L0 
C:\Users\zero6575\AppData\Local\Temp\ccYgedCd.s:3032   .text.TL_BAC_Time_To_Local:00000000000000b2 .L0 
C:\Users\zero6575\AppData\Local\Temp\ccYgedCd.s:3037   .text.TL_BAC_Time_To_Local:00000000000000c2 .L0 
C:\Users\zero6575\AppData\Local\Temp\ccYgedCd.s:3039   .text.TL_BAC_Time_To_Local:00000000000000c6 .L0 
C:\Users\zero6575\AppData\Local\Temp\ccYgedCd.s:3041   .text.TL_BAC_Time_To_Local:00000000000000c8 .L0 
C:\Users\zero6575\AppData\Local\Temp\ccYgedCd.s:3042   .text.TL_BAC_Time_To_Local:00000000000000c8 .L0 
C:\Users\zero6575\AppData\Local\Temp\ccYgedCd.s:3044   .text.TL_BAC_Time_To_Local:00000000000000ca .L0 
C:\Users\zero6575\AppData\Local\Temp\ccYgedCd.s:3046   .text.TL_BAC_Time_To_Local:00000000000000cc .L0 
C:\Users\zero6575\AppData\Local\Temp\ccYgedCd.s:3053   .text.TL_Local_Time_To_BAC:0000000000000000 TL_Local_Time_To_BAC
C:\Users\zero6575\AppData\Local\Temp\ccYgedCd.s:3056   .text.TL_Local_Time_To_BAC:0000000000000000 .L0 
C:\Users\zero6575\AppData\Local\Temp\ccYgedCd.s:3057   .text.TL_Local_Time_To_BAC:0000000000000000 .L0 
C:\Users\zero6575\AppData\Local\Temp\ccYgedCd.s:3058   .text.TL_Local_Time_To_BAC:0000000000000002 .L0 
C:\Users\zero6575\AppData\Local\Temp\ccYgedCd.s:3061   .text.TL_Local_Time_To_BAC:0000000000000006 .L0 
C:\Users\zero6575\AppData\Local\Temp\ccYgedCd.s:3062   .text.TL_Local_Time_To_BAC:0000000000000006 .L0 
C:\Users\zero6575\AppData\Local\Temp\ccYgedCd.s:3064   .text.TL_Local_Time_To_BAC:0000000000000008 .L0 
C:\Users\zero6575\AppData\Local\Temp\ccYgedCd.s:3068   .text.TL_Local_Time_To_BAC:0000000000000010 .L0 
C:\Users\zero6575\AppData\Local\Temp\ccYgedCd.s:3073   .text.TL_Local_Time_To_BAC:0000000000000022 .L0 
C:\Users\zero6575\AppData\Local\Temp\ccYgedCd.s:3076   .text.TL_Local_Time_To_BAC:0000000000000028 .L0 
C:\Users\zero6575\AppData\Local\Temp\ccYgedCd.s:3082   .text.TL_Local_Time_To_BAC:0000000000000036 .L0 
C:\Users\zero6575\AppData\Local\Temp\ccYgedCd.s:3085   .text.TL_Local_Time_To_BAC:000000000000003e .L0 
C:\Users\zero6575\AppData\Local\Temp\ccYgedCd.s:3088   .text.TL_Local_Time_To_BAC:0000000000000044 .L0 
C:\Users\zero6575\AppData\Local\Temp\ccYgedCd.s:3092   .text.TL_Local_Time_To_BAC:000000000000004e .L0 
C:\Users\zero6575\AppData\Local\Temp\ccYgedCd.s:3095   .text.TL_Local_Time_To_BAC:0000000000000056 .L0 
C:\Users\zero6575\AppData\Local\Temp\ccYgedCd.s:3098   .text.TL_Local_Time_To_BAC:000000000000005c .L0 
C:\Users\zero6575\AppData\Local\Temp\ccYgedCd.s:3100   .text.TL_Local_Time_To_BAC:0000000000000060 .L0 
C:\Users\zero6575\AppData\Local\Temp\ccYgedCd.s:3103   .text.TL_Local_Time_To_BAC:0000000000000068 .L0 
C:\Users\zero6575\AppData\Local\Temp\ccYgedCd.s:3106   .text.TL_Local_Time_To_BAC:000000000000006e .L0 
C:\Users\zero6575\AppData\Local\Temp\ccYgedCd.s:3108   .text.TL_Local_Time_To_BAC:0000000000000070 .L0 
C:\Users\zero6575\AppData\Local\Temp\ccYgedCd.s:3114   .text.TL_Local_Time_To_BAC:000000000000007c .L0 
C:\Users\zero6575\AppData\Local\Temp\ccYgedCd.s:3117   .text.TL_Local_Time_To_BAC:0000000000000082 .L0 
C:\Users\zero6575\AppData\Local\Temp\ccYgedCd.s:3119   .text.TL_Local_Time_To_BAC:0000000000000086 .L0 
C:\Users\zero6575\AppData\Local\Temp\ccYgedCd.s:3123   .text.TL_Local_Time_To_BAC:000000000000008e .L0 
C:\Users\zero6575\AppData\Local\Temp\ccYgedCd.s:3126   .text.TL_Local_Time_To_BAC:0000000000000094 .L0 
C:\Users\zero6575\AppData\Local\Temp\ccYgedCd.s:3128   .text.TL_Local_Time_To_BAC:0000000000000098 .L0 
C:\Users\zero6575\AppData\Local\Temp\ccYgedCd.s:3131   .text.TL_Local_Time_To_BAC:00000000000000a0 .L0 
C:\Users\zero6575\AppData\Local\Temp\ccYgedCd.s:3134   .text.TL_Local_Time_To_BAC:00000000000000a6 .L0 
C:\Users\zero6575\AppData\Local\Temp\ccYgedCd.s:3136   .text.TL_Local_Time_To_BAC:00000000000000aa .L0 
C:\Users\zero6575\AppData\Local\Temp\ccYgedCd.s:3139   .text.TL_Local_Time_To_BAC:00000000000000b2 .L0 
C:\Users\zero6575\AppData\Local\Temp\ccYgedCd.s:3142   .text.TL_Local_Time_To_BAC:00000000000000b8 .L0 
C:\Users\zero6575\AppData\Local\Temp\ccYgedCd.s:3144   .text.TL_Local_Time_To_BAC:00000000000000bc .L0 
C:\Users\zero6575\AppData\Local\Temp\ccYgedCd.s:3147   .text.TL_Local_Time_To_BAC:00000000000000c4 .L0 
C:\Users\zero6575\AppData\Local\Temp\ccYgedCd.s:3150   .text.TL_Local_Time_To_BAC:00000000000000cc .L0 
C:\Users\zero6575\AppData\Local\Temp\ccYgedCd.s:3152   .text.TL_Local_Time_To_BAC:00000000000000d0 .L0 
C:\Users\zero6575\AppData\Local\Temp\ccYgedCd.s:3154   .text.TL_Local_Time_To_BAC:00000000000000d2 .L0 
C:\Users\zero6575\AppData\Local\Temp\ccYgedCd.s:3155   .text.TL_Local_Time_To_BAC:00000000000000d2 .L0 
C:\Users\zero6575\AppData\Local\Temp\ccYgedCd.s:3157   .text.TL_Local_Time_To_BAC:00000000000000d4 .L0 
C:\Users\zero6575\AppData\Local\Temp\ccYgedCd.s:3159   .text.TL_Local_Time_To_BAC:00000000000000d6 .L0 
C:\Users\zero6575\AppData\Local\Temp\ccYgedCd.s:3169   .text.rr_trend_log_encode:0000000000000000 .L0 
C:\Users\zero6575\AppData\Local\Temp\ccYgedCd.s:3170   .text.rr_trend_log_encode:0000000000000000 .L0 
C:\Users\zero6575\AppData\Local\Temp\ccYgedCd.s:3171   .text.rr_trend_log_encode:0000000000000002 .L0 
C:\Users\zero6575\AppData\Local\Temp\ccYgedCd.s:3174   .text.rr_trend_log_encode:0000000000000006 .L0 
C:\Users\zero6575\AppData\Local\Temp\ccYgedCd.s:3175   .text.rr_trend_log_encode:0000000000000006 .L0 
C:\Users\zero6575\AppData\Local\Temp\ccYgedCd.s:3177   .text.rr_trend_log_encode:0000000000000008 .L0 
C:\Users\zero6575\AppData\Local\Temp\ccYgedCd.s:3181   .text.rr_trend_log_encode:0000000000000010 .L0 
C:\Users\zero6575\AppData\Local\Temp\ccYgedCd.s:3186   .text.rr_trend_log_encode:0000000000000020 .L0 
C:\Users\zero6575\AppData\Local\Temp\ccYgedCd.s:3193   .text.rr_trend_log_encode:0000000000000034 .L0 
C:\Users\zero6575\AppData\Local\Temp\ccYgedCd.s:3200   .text.rr_trend_log_encode:0000000000000048 .L0 
C:\Users\zero6575\AppData\Local\Temp\ccYgedCd.s:3207   .text.rr_trend_log_encode:000000000000005c .L0 
C:\Users\zero6575\AppData\Local\Temp\ccYgedCd.s:3210   .text.rr_trend_log_encode:0000000000000064 .L0 
C:\Users\zero6575\AppData\Local\Temp\ccYgedCd.s:3217   .text.rr_trend_log_encode:0000000000000078 .L0 
C:\Users\zero6575\AppData\Local\Temp\ccYgedCd.s:3227   .text.rr_trend_log_encode:0000000000000092 .L0 
C:\Users\zero6575\AppData\Local\Temp\ccYgedCd.s:3229   .text.rr_trend_log_encode:0000000000000094 .L0 
C:\Users\zero6575\AppData\Local\Temp\ccYgedCd.s:3233   .text.rr_trend_log_encode:0000000000000098 .L0 
C:\Users\zero6575\AppData\Local\Temp\ccYgedCd.s:3236   .text.rr_trend_log_encode:000000000000009e .L0 
C:\Users\zero6575\AppData\Local\Temp\ccYgedCd.s:3240   .text.rr_trend_log_encode:00000000000000a6 .L0 
C:\Users\zero6575\AppData\Local\Temp\ccYgedCd.s:3243   .text.rr_trend_log_encode:00000000000000ac .L0 
C:\Users\zero6575\AppData\Local\Temp\ccYgedCd.s:3248   .text.rr_trend_log_encode:00000000000000b4 .L0 
C:\Users\zero6575\AppData\Local\Temp\ccYgedCd.s:3291   .text.TL_encode_by_position:0000000000000000 TL_encode_by_position
C:\Users\zero6575\AppData\Local\Temp\ccYgedCd.s:3255   .text.rr_trend_log_encode:00000000000000c8 .L0 
C:\Users\zero6575\AppData\Local\Temp\ccYgedCd.s:3258   .text.rr_trend_log_encode:00000000000000ce .L0 
C:\Users\zero6575\AppData\Local\Temp\ccYgedCd.s:3262   .text.rr_trend_log_encode:00000000000000d6 .L0 
C:\Users\zero6575\AppData\Local\Temp\ccYgedCd.s:3575   .text.TL_encode_by_sequence:0000000000000000 TL_encode_by_sequence
C:\Users\zero6575\AppData\Local\Temp\ccYgedCd.s:3269   .text.rr_trend_log_encode:00000000000000ea .L0 
C:\Users\zero6575\AppData\Local\Temp\ccYgedCd.s:4027   .text.TL_encode_by_time:0000000000000000 TL_encode_by_time
C:\Users\zero6575\AppData\Local\Temp\ccYgedCd.s:3275   .text.rr_trend_log_encode:00000000000000fc .L0 
C:\Users\zero6575\AppData\Local\Temp\ccYgedCd.s:3277   .text.rr_trend_log_encode:0000000000000100 .L0 
C:\Users\zero6575\AppData\Local\Temp\ccYgedCd.s:3279   .text.rr_trend_log_encode:0000000000000102 .L0 
C:\Users\zero6575\AppData\Local\Temp\ccYgedCd.s:3280   .text.rr_trend_log_encode:0000000000000102 .L0 
C:\Users\zero6575\AppData\Local\Temp\ccYgedCd.s:3282   .text.rr_trend_log_encode:0000000000000104 .L0 
C:\Users\zero6575\AppData\Local\Temp\ccYgedCd.s:3284   .text.rr_trend_log_encode:0000000000000106 .L0 
C:\Users\zero6575\AppData\Local\Temp\ccYgedCd.s:3294   .text.TL_encode_by_position:0000000000000000 .L0 
C:\Users\zero6575\AppData\Local\Temp\ccYgedCd.s:3295   .text.TL_encode_by_position:0000000000000000 .L0 
C:\Users\zero6575\AppData\Local\Temp\ccYgedCd.s:3296   .text.TL_encode_by_position:0000000000000002 .L0 
C:\Users\zero6575\AppData\Local\Temp\ccYgedCd.s:3299   .text.TL_encode_by_position:0000000000000006 .L0 
C:\Users\zero6575\AppData\Local\Temp\ccYgedCd.s:3300   .text.TL_encode_by_position:0000000000000006 .L0 
C:\Users\zero6575\AppData\Local\Temp\ccYgedCd.s:3302   .text.TL_encode_by_position:0000000000000008 .L0 
C:\Users\zero6575\AppData\Local\Temp\ccYgedCd.s:3306   .text.TL_encode_by_position:0000000000000010 .L0 
C:\Users\zero6575\AppData\Local\Temp\ccYgedCd.s:3308   .text.TL_encode_by_position:0000000000000014 .L0 
C:\Users\zero6575\AppData\Local\Temp\ccYgedCd.s:3310   .text.TL_encode_by_position:0000000000000018 .L0 
C:\Users\zero6575\AppData\Local\Temp\ccYgedCd.s:3312   .text.TL_encode_by_position:000000000000001c .L0 
C:\Users\zero6575\AppData\Local\Temp\ccYgedCd.s:3314   .text.TL_encode_by_position:0000000000000020 .L0 
C:\Users\zero6575\AppData\Local\Temp\ccYgedCd.s:3316   .text.TL_encode_by_position:0000000000000024 .L0 
C:\Users\zero6575\AppData\Local\Temp\ccYgedCd.s:3318   .text.TL_encode_by_position:0000000000000028 .L0 
C:\Users\zero6575\AppData\Local\Temp\ccYgedCd.s:3320   .text.TL_encode_by_position:000000000000002c .L0 
C:\Users\zero6575\AppData\Local\Temp\ccYgedCd.s:3322   .text.TL_encode_by_position:0000000000000030 .L0 
C:\Users\zero6575\AppData\Local\Temp\ccYgedCd.s:3324   .text.TL_encode_by_position:0000000000000034 .L0 
C:\Users\zero6575\AppData\Local\Temp\ccYgedCd.s:3327   .text.TL_encode_by_position:000000000000003a .L0 
C:\Users\zero6575\AppData\Local\Temp\ccYgedCd.s:3331   .text.TL_encode_by_position:0000000000000044 .L0 
C:\Users\zero6575\AppData\Local\Temp\ccYgedCd.s:3333   .text.TL_encode_by_position:0000000000000048 .L0 
C:\Users\zero6575\AppData\Local\Temp\ccYgedCd.s:3340   .text.TL_encode_by_position:000000000000005c .L0 
C:\Users\zero6575\AppData\Local\Temp\ccYgedCd.s:3342   .text.TL_encode_by_position:0000000000000060 .L0 
C:\Users\zero6575\AppData\Local\Temp\ccYgedCd.s:3351   .text.TL_encode_by_position:000000000000007a .L0 
C:\Users\zero6575\AppData\Local\Temp\ccYgedCd.s:3354   .text.TL_encode_by_position:0000000000000080 .L0 
C:\Users\zero6575\AppData\Local\Temp\ccYgedCd.s:3358   .text.TL_encode_by_position:0000000000000088 .L0 
C:\Users\zero6575\AppData\Local\Temp\ccYgedCd.s:3362   .text.TL_encode_by_position:0000000000000092 .L0 
C:\Users\zero6575\AppData\Local\Temp\ccYgedCd.s:3365   .text.TL_encode_by_position:0000000000000098 .L0 
C:\Users\zero6575\AppData\Local\Temp\ccYgedCd.s:3370   .text.TL_encode_by_position:00000000000000a0 .L0 
C:\Users\zero6575\AppData\Local\Temp\ccYgedCd.s:3373   .text.TL_encode_by_position:00000000000000a6 .L0 
C:\Users\zero6575\AppData\Local\Temp\ccYgedCd.s:3375   .text.TL_encode_by_position:00000000000000aa .L0 
C:\Users\zero6575\AppData\Local\Temp\ccYgedCd.s:3378   .text.TL_encode_by_position:00000000000000b0 .L0 
C:\Users\zero6575\AppData\Local\Temp\ccYgedCd.s:3380   .text.TL_encode_by_position:00000000000000b4 .L0 
C:\Users\zero6575\AppData\Local\Temp\ccYgedCd.s:3383   .text.TL_encode_by_position:00000000000000ba .L0 
C:\Users\zero6575\AppData\Local\Temp\ccYgedCd.s:3386   .text.TL_encode_by_position:00000000000000be .L0 
C:\Users\zero6575\AppData\Local\Temp\ccYgedCd.s:3390   .text.TL_encode_by_position:00000000000000c8 .L0 
C:\Users\zero6575\AppData\Local\Temp\ccYgedCd.s:3394   .text.TL_encode_by_position:00000000000000d2 .L0 
C:\Users\zero6575\AppData\Local\Temp\ccYgedCd.s:3398   .text.TL_encode_by_position:00000000000000dc .L0 
C:\Users\zero6575\AppData\Local\Temp\ccYgedCd.s:3401   .text.TL_encode_by_position:00000000000000e2 .L0 
C:\Users\zero6575\AppData\Local\Temp\ccYgedCd.s:3407   .text.TL_encode_by_position:00000000000000ec .L0 
C:\Users\zero6575\AppData\Local\Temp\ccYgedCd.s:3411   .text.TL_encode_by_position:00000000000000f6 .L0 
C:\Users\zero6575\AppData\Local\Temp\ccYgedCd.s:3414   .text.TL_encode_by_position:00000000000000fc .L0 
C:\Users\zero6575\AppData\Local\Temp\ccYgedCd.s:3417   .text.TL_encode_by_position:0000000000000104 .L0 
C:\Users\zero6575\AppData\Local\Temp\ccYgedCd.s:3421   .text.TL_encode_by_position:000000000000010a .L0 
C:\Users\zero6575\AppData\Local\Temp\ccYgedCd.s:3424   .text.TL_encode_by_position:0000000000000110 .L0 
C:\Users\zero6575\AppData\Local\Temp\ccYgedCd.s:3427   .text.TL_encode_by_position:0000000000000116 .L0 
C:\Users\zero6575\AppData\Local\Temp\ccYgedCd.s:3429   .text.TL_encode_by_position:000000000000011a .L0 
C:\Users\zero6575\AppData\Local\Temp\ccYgedCd.s:3433   .text.TL_encode_by_position:000000000000011e .L0 
C:\Users\zero6575\AppData\Local\Temp\ccYgedCd.s:3436   .text.TL_encode_by_position:0000000000000124 .L0 
C:\Users\zero6575\AppData\Local\Temp\ccYgedCd.s:3440   .text.TL_encode_by_position:000000000000012c .L0 
C:\Users\zero6575\AppData\Local\Temp\ccYgedCd.s:3443   .text.TL_encode_by_position:0000000000000130 .L0 
C:\Users\zero6575\AppData\Local\Temp\ccYgedCd.s:3446   .text.TL_encode_by_position:0000000000000136 .L0 
C:\Users\zero6575\AppData\Local\Temp\ccYgedCd.s:3449   .text.TL_encode_by_position:000000000000013c .L0 
C:\Users\zero6575\AppData\Local\Temp\ccYgedCd.s:3453   .text.TL_encode_by_position:0000000000000146 .L0 
C:\Users\zero6575\AppData\Local\Temp\ccYgedCd.s:3458   .text.TL_encode_by_position:0000000000000150 .L0 
C:\Users\zero6575\AppData\Local\Temp\ccYgedCd.s:3462   .text.TL_encode_by_position:000000000000015a .L0 
C:\Users\zero6575\AppData\Local\Temp\ccYgedCd.s:3465   .text.TL_encode_by_position:0000000000000162 .L0 
C:\Users\zero6575\AppData\Local\Temp\ccYgedCd.s:3468   .text.TL_encode_by_position:0000000000000164 .L0 
C:\Users\zero6575\AppData\Local\Temp\ccYgedCd.s:3473   .text.TL_encode_by_position:0000000000000172 .L0 
C:\Users\zero6575\AppData\Local\Temp\ccYgedCd.s:3480   .text.TL_encode_by_position:0000000000000186 .L0 
C:\Users\zero6575\AppData\Local\Temp\ccYgedCd.s:3483   .text.TL_encode_by_position:0000000000000188 .L0 
C:\Users\zero6575\AppData\Local\Temp\ccYgedCd.s:4440   .text.TL_encode_entry:0000000000000000 TL_encode_entry
C:\Users\zero6575\AppData\Local\Temp\ccYgedCd.s:3495   .text.TL_encode_by_position:00000000000001ae .L0 
C:\Users\zero6575\AppData\Local\Temp\ccYgedCd.s:3500   .text.TL_encode_by_position:00000000000001be .L0 
C:\Users\zero6575\AppData\Local\Temp\ccYgedCd.s:3505   .text.TL_encode_by_position:00000000000001cc .L0 
C:\Users\zero6575\AppData\Local\Temp\ccYgedCd.s:3508   .text.TL_encode_by_position:00000000000001d4 .L0 
C:\Users\zero6575\AppData\Local\Temp\ccYgedCd.s:3512   .text.TL_encode_by_position:00000000000001de .L0 
C:\Users\zero6575\AppData\Local\Temp\ccYgedCd.s:3515   .text.TL_encode_by_position:00000000000001e4 .L0 
C:\Users\zero6575\AppData\Local\Temp\ccYgedCd.s:3521   .text.TL_encode_by_position:00000000000001f0 .L0 
C:\Users\zero6575\AppData\Local\Temp\ccYgedCd.s:3528   .text.TL_encode_by_position:0000000000000200 .L0 
C:\Users\zero6575\AppData\Local\Temp\ccYgedCd.s:3533   .text.TL_encode_by_position:000000000000020e .L0 
C:\Users\zero6575\AppData\Local\Temp\ccYgedCd.s:3541   .text.TL_encode_by_position:0000000000000222 .L0 
C:\Users\zero6575\AppData\Local\Temp\ccYgedCd.s:3544   .text.TL_encode_by_position:0000000000000228 .L0 
C:\Users\zero6575\AppData\Local\Temp\ccYgedCd.s:3548   .text.TL_encode_by_position:0000000000000232 .L0 
C:\Users\zero6575\AppData\Local\Temp\ccYgedCd.s:3556   .text.TL_encode_by_position:0000000000000246 .L0 
C:\Users\zero6575\AppData\Local\Temp\ccYgedCd.s:3559   .text.TL_encode_by_position:000000000000024a .L0 
C:\Users\zero6575\AppData\Local\Temp\ccYgedCd.s:3561   .text.TL_encode_by_position:000000000000024e .L0 
C:\Users\zero6575\AppData\Local\Temp\ccYgedCd.s:3563   .text.TL_encode_by_position:0000000000000250 .L0 
C:\Users\zero6575\AppData\Local\Temp\ccYgedCd.s:3564   .text.TL_encode_by_position:0000000000000250 .L0 
C:\Users\zero6575\AppData\Local\Temp\ccYgedCd.s:3566   .text.TL_encode_by_position:0000000000000252 .L0 
C:\Users\zero6575\AppData\Local\Temp\ccYgedCd.s:3568   .text.TL_encode_by_position:0000000000000254 .L0 
C:\Users\zero6575\AppData\Local\Temp\ccYgedCd.s:3578   .text.TL_encode_by_sequence:0000000000000000 .L0 
C:\Users\zero6575\AppData\Local\Temp\ccYgedCd.s:3579   .text.TL_encode_by_sequence:0000000000000000 .L0 
C:\Users\zero6575\AppData\Local\Temp\ccYgedCd.s:3580   .text.TL_encode_by_sequence:0000000000000002 .L0 
C:\Users\zero6575\AppData\Local\Temp\ccYgedCd.s:3583   .text.TL_encode_by_sequence:0000000000000006 .L0 
C:\Users\zero6575\AppData\Local\Temp\ccYgedCd.s:3584   .text.TL_encode_by_sequence:0000000000000006 .L0 
C:\Users\zero6575\AppData\Local\Temp\ccYgedCd.s:3586   .text.TL_encode_by_sequence:0000000000000008 .L0 
C:\Users\zero6575\AppData\Local\Temp\ccYgedCd.s:3590   .text.TL_encode_by_sequence:0000000000000010 .L0 
C:\Users\zero6575\AppData\Local\Temp\ccYgedCd.s:3592   .text.TL_encode_by_sequence:0000000000000014 .L0 
C:\Users\zero6575\AppData\Local\Temp\ccYgedCd.s:3594   .text.TL_encode_by_sequence:0000000000000018 .L0 
C:\Users\zero6575\AppData\Local\Temp\ccYgedCd.s:3596   .text.TL_encode_by_sequence:000000000000001c .L0 
C:\Users\zero6575\AppData\Local\Temp\ccYgedCd.s:3598   .text.TL_encode_by_sequence:0000000000000020 .L0 
C:\Users\zero6575\AppData\Local\Temp\ccYgedCd.s:3600   .text.TL_encode_by_sequence:0000000000000024 .L0 
C:\Users\zero6575\AppData\Local\Temp\ccYgedCd.s:3602   .text.TL_encode_by_sequence:0000000000000028 .L0 
C:\Users\zero6575\AppData\Local\Temp\ccYgedCd.s:3604   .text.TL_encode_by_sequence:000000000000002c .L0 
C:\Users\zero6575\AppData\Local\Temp\ccYgedCd.s:3606   .text.TL_encode_by_sequence:0000000000000030 .L0 
C:\Users\zero6575\AppData\Local\Temp\ccYgedCd.s:3608   .text.TL_encode_by_sequence:0000000000000034 .L0 
C:\Users\zero6575\AppData\Local\Temp\ccYgedCd.s:3610   .text.TL_encode_by_sequence:0000000000000038 .L0 
C:\Users\zero6575\AppData\Local\Temp\ccYgedCd.s:3612   .text.TL_encode_by_sequence:000000000000003c .L0 
C:\Users\zero6575\AppData\Local\Temp\ccYgedCd.s:3614   .text.TL_encode_by_sequence:0000000000000040 .L0 
C:\Users\zero6575\AppData\Local\Temp\ccYgedCd.s:3616   .text.TL_encode_by_sequence:0000000000000044 .L0 
C:\Users\zero6575\AppData\Local\Temp\ccYgedCd.s:3618   .text.TL_encode_by_sequence:0000000000000048 .L0 
C:\Users\zero6575\AppData\Local\Temp\ccYgedCd.s:3621   .text.TL_encode_by_sequence:000000000000004e .L0 
C:\Users\zero6575\AppData\Local\Temp\ccYgedCd.s:3625   .text.TL_encode_by_sequence:0000000000000058 .L0 
C:\Users\zero6575\AppData\Local\Temp\ccYgedCd.s:3627   .text.TL_encode_by_sequence:000000000000005c .L0 
C:\Users\zero6575\AppData\Local\Temp\ccYgedCd.s:3634   .text.TL_encode_by_sequence:0000000000000070 .L0 
C:\Users\zero6575\AppData\Local\Temp\ccYgedCd.s:3636   .text.TL_encode_by_sequence:0000000000000074 .L0 
C:\Users\zero6575\AppData\Local\Temp\ccYgedCd.s:3645   .text.TL_encode_by_sequence:000000000000008e .L0 
C:\Users\zero6575\AppData\Local\Temp\ccYgedCd.s:3648   .text.TL_encode_by_sequence:0000000000000094 .L0 
C:\Users\zero6575\AppData\Local\Temp\ccYgedCd.s:3651   .text.TL_encode_by_sequence:000000000000009a .L0 
C:\Users\zero6575\AppData\Local\Temp\ccYgedCd.s:3654   .text.TL_encode_by_sequence:00000000000000a0 .L0 
C:\Users\zero6575\AppData\Local\Temp\ccYgedCd.s:3657   .text.TL_encode_by_sequence:00000000000000a6 .L0 
C:\Users\zero6575\AppData\Local\Temp\ccYgedCd.s:3660   .text.TL_encode_by_sequence:00000000000000ac .L0 
C:\Users\zero6575\AppData\Local\Temp\ccYgedCd.s:3662   .text.TL_encode_by_sequence:00000000000000b0 .L0 
C:\Users\zero6575\AppData\Local\Temp\ccYgedCd.s:3665   .text.TL_encode_by_sequence:00000000000000b6 .L0 
C:\Users\zero6575\AppData\Local\Temp\ccYgedCd.s:3669   .text.TL_encode_by_sequence:00000000000000be .L0 
C:\Users\zero6575\AppData\Local\Temp\ccYgedCd.s:3672   .text.TL_encode_by_sequence:00000000000000c2 .L0 
C:\Users\zero6575\AppData\Local\Temp\ccYgedCd.s:3675   .text.TL_encode_by_sequence:00000000000000c8 .L0 
C:\Users\zero6575\AppData\Local\Temp\ccYgedCd.s:3681   .text.TL_encode_by_sequence:00000000000000d4 .L0 
C:\Users\zero6575\AppData\Local\Temp\ccYgedCd.s:3685   .text.TL_encode_by_sequence:00000000000000de .L0 
C:\Users\zero6575\AppData\Local\Temp\ccYgedCd.s:3688   .text.TL_encode_by_sequence:00000000000000e4 .L0 
C:\Users\zero6575\AppData\Local\Temp\ccYgedCd.s:3692   .text.TL_encode_by_sequence:00000000000000ec .L0 
C:\Users\zero6575\AppData\Local\Temp\ccYgedCd.s:3695   .text.TL_encode_by_sequence:00000000000000f0 .L0 
C:\Users\zero6575\AppData\Local\Temp\ccYgedCd.s:3699   .text.TL_encode_by_sequence:00000000000000f6 .L0 
C:\Users\zero6575\AppData\Local\Temp\ccYgedCd.s:3705   .text.TL_encode_by_sequence:0000000000000106 .L0 
C:\Users\zero6575\AppData\Local\Temp\ccYgedCd.s:3709   .text.TL_encode_by_sequence:000000000000010c .L0 
C:\Users\zero6575\AppData\Local\Temp\ccYgedCd.s:3712   .text.TL_encode_by_sequence:0000000000000112 .L0 
C:\Users\zero6575\AppData\Local\Temp\ccYgedCd.s:3716   .text.TL_encode_by_sequence:000000000000011c .L0 
C:\Users\zero6575\AppData\Local\Temp\ccYgedCd.s:3720   .text.TL_encode_by_sequence:0000000000000122 .L0 
C:\Users\zero6575\AppData\Local\Temp\ccYgedCd.s:3724   .text.TL_encode_by_sequence:000000000000012e .L0 
C:\Users\zero6575\AppData\Local\Temp\ccYgedCd.s:3726   .text.TL_encode_by_sequence:0000000000000130 .L0 
C:\Users\zero6575\AppData\Local\Temp\ccYgedCd.s:3730   .text.TL_encode_by_sequence:000000000000013c .L0 
C:\Users\zero6575\AppData\Local\Temp\ccYgedCd.s:3732   .text.TL_encode_by_sequence:000000000000013e .L0 
C:\Users\zero6575\AppData\Local\Temp\ccYgedCd.s:3738   .text.TL_encode_by_sequence:000000000000014e .L0 
C:\Users\zero6575\AppData\Local\Temp\ccYgedCd.s:3741   .text.TL_encode_by_sequence:0000000000000154 .L0 
C:\Users\zero6575\AppData\Local\Temp\ccYgedCd.s:3746   .text.TL_encode_by_sequence:000000000000015e .L0 
C:\Users\zero6575\AppData\Local\Temp\ccYgedCd.s:3750   .text.TL_encode_by_sequence:0000000000000162 .L0 
C:\Users\zero6575\AppData\Local\Temp\ccYgedCd.s:3756   .text.TL_encode_by_sequence:0000000000000172 .L0 
C:\Users\zero6575\AppData\Local\Temp\ccYgedCd.s:3760   .text.TL_encode_by_sequence:000000000000017a .L0 
C:\Users\zero6575\AppData\Local\Temp\ccYgedCd.s:3763   .text.TL_encode_by_sequence:0000000000000180 .L0 
C:\Users\zero6575\AppData\Local\Temp\ccYgedCd.s:3767   .text.TL_encode_by_sequence:000000000000018a .L0 
C:\Users\zero6575\AppData\Local\Temp\ccYgedCd.s:3771   .text.TL_encode_by_sequence:0000000000000194 .L0 
C:\Users\zero6575\AppData\Local\Temp\ccYgedCd.s:3774   .text.TL_encode_by_sequence:0000000000000196 .L0 
C:\Users\zero6575\AppData\Local\Temp\ccYgedCd.s:3777   .text.TL_encode_by_sequence:000000000000019c .L0 
C:\Users\zero6575\AppData\Local\Temp\ccYgedCd.s:3781   .text.TL_encode_by_sequence:00000000000001a6 .L0 
C:\Users\zero6575\AppData\Local\Temp\ccYgedCd.s:3787   .text.TL_encode_by_sequence:00000000000001b6 .L0 
C:\Users\zero6575\AppData\Local\Temp\ccYgedCd.s:3791   .text.TL_encode_by_sequence:00000000000001ba .L0 
C:\Users\zero6575\AppData\Local\Temp\ccYgedCd.s:3795   .text.TL_encode_by_sequence:00000000000001c6 .L0 
C:\Users\zero6575\AppData\Local\Temp\ccYgedCd.s:3797   .text.TL_encode_by_sequence:00000000000001c8 .L0 
C:\Users\zero6575\AppData\Local\Temp\ccYgedCd.s:3803   .text.TL_encode_by_sequence:00000000000001d8 .L0 
C:\Users\zero6575\AppData\Local\Temp\ccYgedCd.s:3807   .text.TL_encode_by_sequence:00000000000001e2 .L0 
C:\Users\zero6575\AppData\Local\Temp\ccYgedCd.s:3813   .text.TL_encode_by_sequence:00000000000001f2 .L0 
C:\Users\zero6575\AppData\Local\Temp\ccYgedCd.s:3818   .text.TL_encode_by_sequence:00000000000001fc .L0 
C:\Users\zero6575\AppData\Local\Temp\ccYgedCd.s:3821   .text.TL_encode_by_sequence:0000000000000204 .L0 
C:\Users\zero6575\AppData\Local\Temp\ccYgedCd.s:3824   .text.TL_encode_by_sequence:000000000000020a .L0 
C:\Users\zero6575\AppData\Local\Temp\ccYgedCd.s:3828   .text.TL_encode_by_sequence:0000000000000214 .L0 
C:\Users\zero6575\AppData\Local\Temp\ccYgedCd.s:3834   .text.TL_encode_by_sequence:0000000000000220 .L0 
C:\Users\zero6575\AppData\Local\Temp\ccYgedCd.s:3838   .text.TL_encode_by_sequence:000000000000022c .L0 
C:\Users\zero6575\AppData\Local\Temp\ccYgedCd.s:3840   .text.TL_encode_by_sequence:000000000000022e .L0 
C:\Users\zero6575\AppData\Local\Temp\ccYgedCd.s:3843   .text.TL_encode_by_sequence:0000000000000234 .L0 
C:\Users\zero6575\AppData\Local\Temp\ccYgedCd.s:3847   .text.TL_encode_by_sequence:000000000000023e .L0 
C:\Users\zero6575\AppData\Local\Temp\ccYgedCd.s:3853   .text.TL_encode_by_sequence:000000000000024e .L0 
C:\Users\zero6575\AppData\Local\Temp\ccYgedCd.s:3858   .text.TL_encode_by_sequence:0000000000000258 .L0 
C:\Users\zero6575\AppData\Local\Temp\ccYgedCd.s:3861   .text.TL_encode_by_sequence:000000000000025e .L0 
C:\Users\zero6575\AppData\Local\Temp\ccYgedCd.s:3865   .text.TL_encode_by_sequence:0000000000000268 .L0 
C:\Users\zero6575\AppData\Local\Temp\ccYgedCd.s:3871   .text.TL_encode_by_sequence:0000000000000274 .L0 
C:\Users\zero6575\AppData\Local\Temp\ccYgedCd.s:3877   .text.TL_encode_by_sequence:0000000000000284 .L0 
C:\Users\zero6575\AppData\Local\Temp\ccYgedCd.s:3881   .text.TL_encode_by_sequence:000000000000028c .L0 
C:\Users\zero6575\AppData\Local\Temp\ccYgedCd.s:3884   .text.TL_encode_by_sequence:0000000000000292 .L0 
C:\Users\zero6575\AppData\Local\Temp\ccYgedCd.s:3888   .text.TL_encode_by_sequence:000000000000029c .L0 
C:\Users\zero6575\AppData\Local\Temp\ccYgedCd.s:3893   .text.TL_encode_by_sequence:00000000000002a6 .L0 
C:\Users\zero6575\AppData\Local\Temp\ccYgedCd.s:3898   .text.TL_encode_by_sequence:00000000000002b4 .L0 
C:\Users\zero6575\AppData\Local\Temp\ccYgedCd.s:3901   .text.TL_encode_by_sequence:00000000000002ba .L0 
C:\Users\zero6575\AppData\Local\Temp\ccYgedCd.s:3904   .text.TL_encode_by_sequence:00000000000002c2 .L0 
C:\Users\zero6575\AppData\Local\Temp\ccYgedCd.s:3907   .text.TL_encode_by_sequence:00000000000002ca .L0 
C:\Users\zero6575\AppData\Local\Temp\ccYgedCd.s:3910   .text.TL_encode_by_sequence:00000000000002cc .L0 
C:\Users\zero6575\AppData\Local\Temp\ccYgedCd.s:3915   .text.TL_encode_by_sequence:00000000000002da .L0 
C:\Users\zero6575\AppData\Local\Temp\ccYgedCd.s:3922   .text.TL_encode_by_sequence:00000000000002ee .L0 
C:\Users\zero6575\AppData\Local\Temp\ccYgedCd.s:3925   .text.TL_encode_by_sequence:00000000000002f0 .L0 
C:\Users\zero6575\AppData\Local\Temp\ccYgedCd.s:3937   .text.TL_encode_by_sequence:0000000000000316 .L0 
C:\Users\zero6575\AppData\Local\Temp\ccYgedCd.s:3942   .text.TL_encode_by_sequence:0000000000000326 .L0 
C:\Users\zero6575\AppData\Local\Temp\ccYgedCd.s:3947   .text.TL_encode_by_sequence:0000000000000334 .L0 
C:\Users\zero6575\AppData\Local\Temp\ccYgedCd.s:3950   .text.TL_encode_by_sequence:000000000000033c .L0 
C:\Users\zero6575\AppData\Local\Temp\ccYgedCd.s:3954   .text.TL_encode_by_sequence:0000000000000346 .L0 
C:\Users\zero6575\AppData\Local\Temp\ccYgedCd.s:3958   .text.TL_encode_by_sequence:0000000000000350 .L0 
C:\Users\zero6575\AppData\Local\Temp\ccYgedCd.s:3961   .text.TL_encode_by_sequence:0000000000000356 .L0 
C:\Users\zero6575\AppData\Local\Temp\ccYgedCd.s:3967   .text.TL_encode_by_sequence:0000000000000362 .L0 
C:\Users\zero6575\AppData\Local\Temp\ccYgedCd.s:3971   .text.TL_encode_by_sequence:000000000000036c .L0 
C:\Users\zero6575\AppData\Local\Temp\ccYgedCd.s:3976   .text.TL_encode_by_sequence:0000000000000376 .L0 
C:\Users\zero6575\AppData\Local\Temp\ccYgedCd.s:3981   .text.TL_encode_by_sequence:0000000000000384 .L0 
C:\Users\zero6575\AppData\Local\Temp\ccYgedCd.s:3989   .text.TL_encode_by_sequence:0000000000000398 .L0 
C:\Users\zero6575\AppData\Local\Temp\ccYgedCd.s:3992   .text.TL_encode_by_sequence:000000000000039e .L0 
C:\Users\zero6575\AppData\Local\Temp\ccYgedCd.s:3996   .text.TL_encode_by_sequence:00000000000003a8 .L0 
C:\Users\zero6575\AppData\Local\Temp\ccYgedCd.s:4004   .text.TL_encode_by_sequence:00000000000003bc .L0 
C:\Users\zero6575\AppData\Local\Temp\ccYgedCd.s:4008   .text.TL_encode_by_sequence:00000000000003c6 .L0 
C:\Users\zero6575\AppData\Local\Temp\ccYgedCd.s:4011   .text.TL_encode_by_sequence:00000000000003ca .L0 
C:\Users\zero6575\AppData\Local\Temp\ccYgedCd.s:4013   .text.TL_encode_by_sequence:00000000000003ce .L0 
C:\Users\zero6575\AppData\Local\Temp\ccYgedCd.s:4015   .text.TL_encode_by_sequence:00000000000003d0 .L0 
C:\Users\zero6575\AppData\Local\Temp\ccYgedCd.s:4016   .text.TL_encode_by_sequence:00000000000003d0 .L0 
C:\Users\zero6575\AppData\Local\Temp\ccYgedCd.s:4018   .text.TL_encode_by_sequence:00000000000003d2 .L0 
C:\Users\zero6575\AppData\Local\Temp\ccYgedCd.s:4020   .text.TL_encode_by_sequence:00000000000003d4 .L0 
C:\Users\zero6575\AppData\Local\Temp\ccYgedCd.s:4030   .text.TL_encode_by_time:0000000000000000 .L0 
C:\Users\zero6575\AppData\Local\Temp\ccYgedCd.s:4031   .text.TL_encode_by_time:0000000000000000 .L0 
C:\Users\zero6575\AppData\Local\Temp\ccYgedCd.s:4032   .text.TL_encode_by_time:0000000000000002 .L0 
C:\Users\zero6575\AppData\Local\Temp\ccYgedCd.s:4035   .text.TL_encode_by_time:0000000000000006 .L0 
C:\Users\zero6575\AppData\Local\Temp\ccYgedCd.s:4036   .text.TL_encode_by_time:0000000000000006 .L0 
C:\Users\zero6575\AppData\Local\Temp\ccYgedCd.s:4038   .text.TL_encode_by_time:0000000000000008 .L0 
C:\Users\zero6575\AppData\Local\Temp\ccYgedCd.s:4042   .text.TL_encode_by_time:0000000000000010 .L0 
C:\Users\zero6575\AppData\Local\Temp\ccYgedCd.s:4044   .text.TL_encode_by_time:0000000000000014 .L0 
C:\Users\zero6575\AppData\Local\Temp\ccYgedCd.s:4046   .text.TL_encode_by_time:0000000000000018 .L0 
C:\Users\zero6575\AppData\Local\Temp\ccYgedCd.s:4048   .text.TL_encode_by_time:000000000000001c .L0 
C:\Users\zero6575\AppData\Local\Temp\ccYgedCd.s:4050   .text.TL_encode_by_time:0000000000000020 .L0 
C:\Users\zero6575\AppData\Local\Temp\ccYgedCd.s:4052   .text.TL_encode_by_time:0000000000000024 .L0 
C:\Users\zero6575\AppData\Local\Temp\ccYgedCd.s:4054   .text.TL_encode_by_time:0000000000000028 .L0 
C:\Users\zero6575\AppData\Local\Temp\ccYgedCd.s:4056   .text.TL_encode_by_time:000000000000002c .L0 
C:\Users\zero6575\AppData\Local\Temp\ccYgedCd.s:4058   .text.TL_encode_by_time:0000000000000030 .L0 
C:\Users\zero6575\AppData\Local\Temp\ccYgedCd.s:4060   .text.TL_encode_by_time:0000000000000034 .L0 
C:\Users\zero6575\AppData\Local\Temp\ccYgedCd.s:4062   .text.TL_encode_by_time:0000000000000038 .L0 
C:\Users\zero6575\AppData\Local\Temp\ccYgedCd.s:4064   .text.TL_encode_by_time:000000000000003c .L0 
C:\Users\zero6575\AppData\Local\Temp\ccYgedCd.s:4067   .text.TL_encode_by_time:0000000000000042 .L0 
C:\Users\zero6575\AppData\Local\Temp\ccYgedCd.s:4071   .text.TL_encode_by_time:000000000000004c .L0 
C:\Users\zero6575\AppData\Local\Temp\ccYgedCd.s:4073   .text.TL_encode_by_time:0000000000000050 .L0 
C:\Users\zero6575\AppData\Local\Temp\ccYgedCd.s:4080   .text.TL_encode_by_time:0000000000000064 .L0 
C:\Users\zero6575\AppData\Local\Temp\ccYgedCd.s:4082   .text.TL_encode_by_time:0000000000000068 .L0 
C:\Users\zero6575\AppData\Local\Temp\ccYgedCd.s:4091   .text.TL_encode_by_time:0000000000000082 .L0 
C:\Users\zero6575\AppData\Local\Temp\ccYgedCd.s:4097   .text.TL_encode_by_time:0000000000000098 .L0 
C:\Users\zero6575\AppData\Local\Temp\ccYgedCd.s:4100   .text.TL_encode_by_time:000000000000009e .L0 
C:\Users\zero6575\AppData\Local\Temp\ccYgedCd.s:4104   .text.TL_encode_by_time:00000000000000a8 .L0 
C:\Users\zero6575\AppData\Local\Temp\ccYgedCd.s:4108   .text.TL_encode_by_time:00000000000000ae .L0 
C:\Users\zero6575\AppData\Local\Temp\ccYgedCd.s:4111   .text.TL_encode_by_time:00000000000000b4 .L0 
C:\Users\zero6575\AppData\Local\Temp\ccYgedCd.s:4114   .text.TL_encode_by_time:00000000000000b8 .L0 
C:\Users\zero6575\AppData\Local\Temp\ccYgedCd.s:4117   .text.TL_encode_by_time:00000000000000be .L0 
C:\Users\zero6575\AppData\Local\Temp\ccYgedCd.s:4119   .text.TL_encode_by_time:00000000000000c2 .L0 
C:\Users\zero6575\AppData\Local\Temp\ccYgedCd.s:4122   .text.TL_encode_by_time:00000000000000c8 .L0 
C:\Users\zero6575\AppData\Local\Temp\ccYgedCd.s:4125   .text.TL_encode_by_time:00000000000000cc .L0 
C:\Users\zero6575\AppData\Local\Temp\ccYgedCd.s:4127   .text.TL_encode_by_time:00000000000000d0 .L0 
C:\Users\zero6575\AppData\Local\Temp\ccYgedCd.s:4132   .text.TL_encode_by_time:00000000000000da .L0 
C:\Users\zero6575\AppData\Local\Temp\ccYgedCd.s:4135   .text.TL_encode_by_time:00000000000000e0 .L0 
C:\Users\zero6575\AppData\Local\Temp\ccYgedCd.s:4140   .text.TL_encode_by_time:00000000000000ec .L0 
C:\Users\zero6575\AppData\Local\Temp\ccYgedCd.s:4145   .text.TL_encode_by_time:00000000000000f8 .L0 
C:\Users\zero6575\AppData\Local\Temp\ccYgedCd.s:4161   .text.TL_encode_by_time:0000000000000122 .L0 
C:\Users\zero6575\AppData\Local\Temp\ccYgedCd.s:4164   .text.TL_encode_by_time:000000000000012a .L0 
C:\Users\zero6575\AppData\Local\Temp\ccYgedCd.s:4168   .text.TL_encode_by_time:0000000000000134 .L0 
C:\Users\zero6575\AppData\Local\Temp\ccYgedCd.s:4172   .text.TL_encode_by_time:000000000000013e .L0 
C:\Users\zero6575\AppData\Local\Temp\ccYgedCd.s:4176   .text.TL_encode_by_time:0000000000000148 .L0 
C:\Users\zero6575\AppData\Local\Temp\ccYgedCd.s:4180   .text.TL_encode_by_time:000000000000014c .L0 
C:\Users\zero6575\AppData\Local\Temp\ccYgedCd.s:4182   .text.TL_encode_by_time:000000000000014e .L0 
C:\Users\zero6575\AppData\Local\Temp\ccYgedCd.s:4185   .text.TL_encode_by_time:0000000000000154 .L0 
C:\Users\zero6575\AppData\Local\Temp\ccYgedCd.s:4188   .text.TL_encode_by_time:000000000000015c .L0 
C:\Users\zero6575\AppData\Local\Temp\ccYgedCd.s:4191   .text.TL_encode_by_time:0000000000000162 .L0 
C:\Users\zero6575\AppData\Local\Temp\ccYgedCd.s:4194   .text.TL_encode_by_time:0000000000000168 .L0 
C:\Users\zero6575\AppData\Local\Temp\ccYgedCd.s:4197   .text.TL_encode_by_time:000000000000016e .L0 
C:\Users\zero6575\AppData\Local\Temp\ccYgedCd.s:4203   .text.TL_encode_by_time:000000000000017e .L0 
C:\Users\zero6575\AppData\Local\Temp\ccYgedCd.s:4208   .text.TL_encode_by_time:000000000000018e .L0 
C:\Users\zero6575\AppData\Local\Temp\ccYgedCd.s:4212   .text.TL_encode_by_time:0000000000000198 .L0 
C:\Users\zero6575\AppData\Local\Temp\ccYgedCd.s:4215   .text.TL_encode_by_time:000000000000019e .L0 
C:\Users\zero6575\AppData\Local\Temp\ccYgedCd.s:4219   .text.TL_encode_by_time:00000000000001a4 .L0 
C:\Users\zero6575\AppData\Local\Temp\ccYgedCd.s:4224   .text.TL_encode_by_time:00000000000001b4 .L0 
C:\Users\zero6575\AppData\Local\Temp\ccYgedCd.s:4231   .text.TL_encode_by_time:00000000000001c6 .L0 
C:\Users\zero6575\AppData\Local\Temp\ccYgedCd.s:4233   .text.TL_encode_by_time:00000000000001ca .L0 
C:\Users\zero6575\AppData\Local\Temp\ccYgedCd.s:4236   .text.TL_encode_by_time:00000000000001d0 .L0 
C:\Users\zero6575\AppData\Local\Temp\ccYgedCd.s:4239   .text.TL_encode_by_time:00000000000001d6 .L0 
C:\Users\zero6575\AppData\Local\Temp\ccYgedCd.s:4242   .text.TL_encode_by_time:00000000000001dc .L0 
C:\Users\zero6575\AppData\Local\Temp\ccYgedCd.s:4246   .text.TL_encode_by_time:00000000000001e2 .L0 
C:\Users\zero6575\AppData\Local\Temp\ccYgedCd.s:4249   .text.TL_encode_by_time:00000000000001e8 .L0 
C:\Users\zero6575\AppData\Local\Temp\ccYgedCd.s:4254   .text.TL_encode_by_time:00000000000001f4 .L0 
C:\Users\zero6575\AppData\Local\Temp\ccYgedCd.s:4259   .text.TL_encode_by_time:0000000000000200 .L0 
C:\Users\zero6575\AppData\Local\Temp\ccYgedCd.s:4275   .text.TL_encode_by_time:000000000000022a .L0 
C:\Users\zero6575\AppData\Local\Temp\ccYgedCd.s:4278   .text.TL_encode_by_time:0000000000000232 .L0 
C:\Users\zero6575\AppData\Local\Temp\ccYgedCd.s:4282   .text.TL_encode_by_time:000000000000023c .L0 
C:\Users\zero6575\AppData\Local\Temp\ccYgedCd.s:4286   .text.TL_encode_by_time:0000000000000246 .L0 
C:\Users\zero6575\AppData\Local\Temp\ccYgedCd.s:4289   .text.TL_encode_by_time:000000000000024c .L0 
C:\Users\zero6575\AppData\Local\Temp\ccYgedCd.s:4291   .text.TL_encode_by_time:0000000000000250 .L0 
C:\Users\zero6575\AppData\Local\Temp\ccYgedCd.s:4293   .text.TL_encode_by_time:0000000000000254 .L0 
C:\Users\zero6575\AppData\Local\Temp\ccYgedCd.s:4297   .text.TL_encode_by_time:0000000000000258 .L0 
C:\Users\zero6575\AppData\Local\Temp\ccYgedCd.s:4300   .text.TL_encode_by_time:000000000000025a .L0 
C:\Users\zero6575\AppData\Local\Temp\ccYgedCd.s:4304   .text.TL_encode_by_time:0000000000000262 .L0 
C:\Users\zero6575\AppData\Local\Temp\ccYgedCd.s:4306   .text.TL_encode_by_time:0000000000000266 .L0 
C:\Users\zero6575\AppData\Local\Temp\ccYgedCd.s:4309   .text.TL_encode_by_time:000000000000026e .L0 
C:\Users\zero6575\AppData\Local\Temp\ccYgedCd.s:4313   .text.TL_encode_by_time:0000000000000278 .L0 
C:\Users\zero6575\AppData\Local\Temp\ccYgedCd.s:4316   .text.TL_encode_by_time:000000000000027a .L0 
C:\Users\zero6575\AppData\Local\Temp\ccYgedCd.s:4321   .text.TL_encode_by_time:0000000000000288 .L0 
C:\Users\zero6575\AppData\Local\Temp\ccYgedCd.s:4328   .text.TL_encode_by_time:000000000000029c .L0 
C:\Users\zero6575\AppData\Local\Temp\ccYgedCd.s:4331   .text.TL_encode_by_time:000000000000029e .L0 
C:\Users\zero6575\AppData\Local\Temp\ccYgedCd.s:4343   .text.TL_encode_by_time:00000000000002c4 .L0 
C:\Users\zero6575\AppData\Local\Temp\ccYgedCd.s:4348   .text.TL_encode_by_time:00000000000002d4 .L0 
C:\Users\zero6575\AppData\Local\Temp\ccYgedCd.s:4353   .text.TL_encode_by_time:00000000000002e2 .L0 
C:\Users\zero6575\AppData\Local\Temp\ccYgedCd.s:4356   .text.TL_encode_by_time:00000000000002ea .L0 
C:\Users\zero6575\AppData\Local\Temp\ccYgedCd.s:4360   .text.TL_encode_by_time:00000000000002f4 .L0 
C:\Users\zero6575\AppData\Local\Temp\ccYgedCd.s:4363   .text.TL_encode_by_time:00000000000002fa .L0 
C:\Users\zero6575\AppData\Local\Temp\ccYgedCd.s:4368   .text.TL_encode_by_time:0000000000000306 .L0 
C:\Users\zero6575\AppData\Local\Temp\ccYgedCd.s:4372   .text.TL_encode_by_time:0000000000000310 .L0 
C:\Users\zero6575\AppData\Local\Temp\ccYgedCd.s:4375   .text.TL_encode_by_time:0000000000000316 .L0 
C:\Users\zero6575\AppData\Local\Temp\ccYgedCd.s:4380   .text.TL_encode_by_time:0000000000000320 .L0 
C:\Users\zero6575\AppData\Local\Temp\ccYgedCd.s:4386   .text.TL_encode_by_time:000000000000032a .L0 
C:\Users\zero6575\AppData\Local\Temp\ccYgedCd.s:4389   .text.TL_encode_by_time:000000000000032c .L0 
C:\Users\zero6575\AppData\Local\Temp\ccYgedCd.s:4394   .text.TL_encode_by_time:000000000000033a .L0 
C:\Users\zero6575\AppData\Local\Temp\ccYgedCd.s:4402   .text.TL_encode_by_time:000000000000034e .L0 
C:\Users\zero6575\AppData\Local\Temp\ccYgedCd.s:4405   .text.TL_encode_by_time:0000000000000354 .L0 
C:\Users\zero6575\AppData\Local\Temp\ccYgedCd.s:4409   .text.TL_encode_by_time:000000000000035e .L0 
C:\Users\zero6575\AppData\Local\Temp\ccYgedCd.s:4417   .text.TL_encode_by_time:0000000000000372 .L0 
C:\Users\zero6575\AppData\Local\Temp\ccYgedCd.s:4421   .text.TL_encode_by_time:000000000000037c .L0 
C:\Users\zero6575\AppData\Local\Temp\ccYgedCd.s:4424   .text.TL_encode_by_time:0000000000000380 .L0 
C:\Users\zero6575\AppData\Local\Temp\ccYgedCd.s:4426   .text.TL_encode_by_time:0000000000000384 .L0 
C:\Users\zero6575\AppData\Local\Temp\ccYgedCd.s:4428   .text.TL_encode_by_time:0000000000000386 .L0 
C:\Users\zero6575\AppData\Local\Temp\ccYgedCd.s:4429   .text.TL_encode_by_time:0000000000000386 .L0 
C:\Users\zero6575\AppData\Local\Temp\ccYgedCd.s:4431   .text.TL_encode_by_time:0000000000000388 .L0 
C:\Users\zero6575\AppData\Local\Temp\ccYgedCd.s:4433   .text.TL_encode_by_time:000000000000038a .L0 
C:\Users\zero6575\AppData\Local\Temp\ccYgedCd.s:4443   .text.TL_encode_entry:0000000000000000 .L0 
C:\Users\zero6575\AppData\Local\Temp\ccYgedCd.s:4444   .text.TL_encode_entry:0000000000000000 .L0 
C:\Users\zero6575\AppData\Local\Temp\ccYgedCd.s:4445   .text.TL_encode_entry:0000000000000002 .L0 
C:\Users\zero6575\AppData\Local\Temp\ccYgedCd.s:4448   .text.TL_encode_entry:0000000000000006 .L0 
C:\Users\zero6575\AppData\Local\Temp\ccYgedCd.s:4449   .text.TL_encode_entry:0000000000000006 .L0 
C:\Users\zero6575\AppData\Local\Temp\ccYgedCd.s:4451   .text.TL_encode_entry:0000000000000008 .L0 
C:\Users\zero6575\AppData\Local\Temp\ccYgedCd.s:4459   .text.TL_encode_entry:000000000000001a .L0 
C:\Users\zero6575\AppData\Local\Temp\ccYgedCd.s:4461   .text.TL_encode_entry:000000000000001e .L0 
C:\Users\zero6575\AppData\Local\Temp\ccYgedCd.s:4463   .text.TL_encode_entry:0000000000000022 .L0 
C:\Users\zero6575\AppData\Local\Temp\ccYgedCd.s:4465   .text.TL_encode_entry:0000000000000026 .L0 
C:\Users\zero6575\AppData\Local\Temp\ccYgedCd.s:4474   .text.TL_encode_entry:000000000000003e .L0 
C:\Users\zero6575\AppData\Local\Temp\ccYgedCd.s:4478   .text.TL_encode_entry:0000000000000048 .L0 
C:\Users\zero6575\AppData\Local\Temp\ccYgedCd.s:4482   .text.TL_encode_entry:0000000000000050 .L0 
C:\Users\zero6575\AppData\Local\Temp\ccYgedCd.s:4487   .text.TL_encode_entry:000000000000005e .L0 
C:\Users\zero6575\AppData\Local\Temp\ccYgedCd.s:4502   .text.TL_encode_entry:0000000000000086 .L0 
C:\Users\zero6575\AppData\Local\Temp\ccYgedCd.s:4511   .text.TL_encode_entry:000000000000009e .L0 
C:\Users\zero6575\AppData\Local\Temp\ccYgedCd.s:4515   .text.TL_encode_entry:00000000000000a6 .L0 
C:\Users\zero6575\AppData\Local\Temp\ccYgedCd.s:4518   .text.TL_encode_entry:00000000000000aa .L0 
C:\Users\zero6575\AppData\Local\Temp\ccYgedCd.s:4523   .text.TL_encode_entry:00000000000000b8 .L0 
C:\Users\zero6575\AppData\Local\Temp\ccYgedCd.s:4537   .text.TL_encode_entry:00000000000000de .L0 
C:\Users\zero6575\AppData\Local\Temp\ccYgedCd.s:4539   .text.TL_encode_entry:00000000000000e2 .L0 
C:\Users\zero6575\AppData\Local\Temp\ccYgedCd.s:4546   .text.TL_encode_entry:00000000000000f8 .L0 
C:\Users\zero6575\AppData\Local\Temp\ccYgedCd.s:4554   .text.TL_encode_entry:0000000000000110 .L0 
C:\Users\zero6575\AppData\Local\Temp\ccYgedCd.s:4558   .text.TL_encode_entry:000000000000011a .L0 
C:\Users\zero6575\AppData\Local\Temp\ccYgedCd.s:4567   .text.TL_encode_entry:0000000000000134 .L0 
C:\Users\zero6575\AppData\Local\Temp\ccYgedCd.s:4571   .text.TL_encode_entry:000000000000013e .L0 
C:\Users\zero6575\AppData\Local\Temp\ccYgedCd.s:4575   .text.TL_encode_entry:0000000000000148 .L0 
C:\Users\zero6575\AppData\Local\Temp\ccYgedCd.s:4604   .text.TL_encode_entry:0000000000000170 .L0 
C:\Users\zero6575\AppData\Local\Temp\ccYgedCd.s:4608   .text.TL_encode_entry:000000000000017e .L0 
C:\Users\zero6575\AppData\Local\Temp\ccYgedCd.s:4614   .text.TL_encode_entry:0000000000000190 .L0 
C:\Users\zero6575\AppData\Local\Temp\ccYgedCd.s:4622   .text.TL_encode_entry:00000000000001aa .L0 
C:\Users\zero6575\AppData\Local\Temp\ccYgedCd.s:4635   .text.TL_encode_entry:00000000000001d2 .L0 
C:\Users\zero6575\AppData\Local\Temp\ccYgedCd.s:4639   .text.TL_encode_entry:00000000000001dc .L0 
C:\Users\zero6575\AppData\Local\Temp\ccYgedCd.s:4642   .text.TL_encode_entry:00000000000001de .L0 
C:\Users\zero6575\AppData\Local\Temp\ccYgedCd.s:4648   .text.TL_encode_entry:00000000000001f0 .L0 
C:\Users\zero6575\AppData\Local\Temp\ccYgedCd.s:4651   .text.TL_encode_entry:00000000000001f8 .L0 
C:\Users\zero6575\AppData\Local\Temp\ccYgedCd.s:4661   .text.TL_encode_entry:0000000000000214 .L0 
C:\Users\zero6575\AppData\Local\Temp\ccYgedCd.s:4665   .text.TL_encode_entry:000000000000021e .L0 
C:\Users\zero6575\AppData\Local\Temp\ccYgedCd.s:4668   .text.TL_encode_entry:0000000000000220 .L0 
C:\Users\zero6575\AppData\Local\Temp\ccYgedCd.s:4682   .text.TL_encode_entry:000000000000024a .L0 
C:\Users\zero6575\AppData\Local\Temp\ccYgedCd.s:4686   .text.TL_encode_entry:0000000000000254 .L0 
C:\Users\zero6575\AppData\Local\Temp\ccYgedCd.s:4689   .text.TL_encode_entry:0000000000000256 .L0 
C:\Users\zero6575\AppData\Local\Temp\ccYgedCd.s:4703   .text.TL_encode_entry:0000000000000280 .L0 
C:\Users\zero6575\AppData\Local\Temp\ccYgedCd.s:4707   .text.TL_encode_entry:000000000000028a .L0 
C:\Users\zero6575\AppData\Local\Temp\ccYgedCd.s:4710   .text.TL_encode_entry:000000000000028c .L0 
C:\Users\zero6575\AppData\Local\Temp\ccYgedCd.s:4724   .text.TL_encode_entry:00000000000002b6 .L0 
C:\Users\zero6575\AppData\Local\Temp\ccYgedCd.s:4728   .text.TL_encode_entry:00000000000002c0 .L0 
C:\Users\zero6575\AppData\Local\Temp\ccYgedCd.s:4731   .text.TL_encode_entry:00000000000002c2 .L0 
C:\Users\zero6575\AppData\Local\Temp\ccYgedCd.s:4745   .text.TL_encode_entry:00000000000002ec .L0 
C:\Users\zero6575\AppData\Local\Temp\ccYgedCd.s:4749   .text.TL_encode_entry:00000000000002f6 .L0 
C:\Users\zero6575\AppData\Local\Temp\ccYgedCd.s:4752   .text.TL_encode_entry:00000000000002f8 .L0 
C:\Users\zero6575\AppData\Local\Temp\ccYgedCd.s:4756   .text.TL_encode_entry:0000000000000306 .L0 
C:\Users\zero6575\AppData\Local\Temp\ccYgedCd.s:4759   .text.TL_encode_entry:000000000000030e .L0 
C:\Users\zero6575\AppData\Local\Temp\ccYgedCd.s:4762   .text.TL_encode_entry:0000000000000316 .L0 
C:\Users\zero6575\AppData\Local\Temp\ccYgedCd.s:4765   .text.TL_encode_entry:000000000000031e .L0 
C:\Users\zero6575\AppData\Local\Temp\ccYgedCd.s:4773   .text.TL_encode_entry:0000000000000336 .L0 
C:\Users\zero6575\AppData\Local\Temp\ccYgedCd.s:4776   .text.TL_encode_entry:000000000000033e .L0 
C:\Users\zero6575\AppData\Local\Temp\ccYgedCd.s:4779   .text.TL_encode_entry:0000000000000346 .L0 
C:\Users\zero6575\AppData\Local\Temp\ccYgedCd.s:4782   .text.TL_encode_entry:0000000000000348 .L0 
C:\Users\zero6575\AppData\Local\Temp\ccYgedCd.s:4786   .text.TL_encode_entry:0000000000000352 .L0 
C:\Users\zero6575\AppData\Local\Temp\ccYgedCd.s:4791   .text.TL_encode_entry:000000000000035c .L0 
C:\Users\zero6575\AppData\Local\Temp\ccYgedCd.s:4800   .text.TL_encode_entry:0000000000000378 .L0 
C:\Users\zero6575\AppData\Local\Temp\ccYgedCd.s:4805   .text.TL_encode_entry:0000000000000382 .L0 
C:\Users\zero6575\AppData\Local\Temp\ccYgedCd.s:4809   .text.TL_encode_entry:000000000000038c .L0 
C:\Users\zero6575\AppData\Local\Temp\ccYgedCd.s:4822   .text.TL_encode_entry:00000000000003b4 .L0 
C:\Users\zero6575\AppData\Local\Temp\ccYgedCd.s:4826   .text.TL_encode_entry:00000000000003be .L0 
C:\Users\zero6575\AppData\Local\Temp\ccYgedCd.s:4829   .text.TL_encode_entry:00000000000003c0 .L0 
C:\Users\zero6575\AppData\Local\Temp\ccYgedCd.s:4840   .text.TL_encode_entry:00000000000003e2 .L0 
C:\Users\zero6575\AppData\Local\Temp\ccYgedCd.s:4844   .text.TL_encode_entry:00000000000003ec .L0 
C:\Users\zero6575\AppData\Local\Temp\ccYgedCd.s:4847   .text.TL_encode_entry:00000000000003ee .L0 
C:\Users\zero6575\AppData\Local\Temp\ccYgedCd.s:4856   .text.TL_encode_entry:0000000000000408 .L0 
C:\Users\zero6575\AppData\Local\Temp\ccYgedCd.s:4860   .text.TL_encode_entry:0000000000000412 .L0 
C:\Users\zero6575\AppData\Local\Temp\ccYgedCd.s:4864   .text.TL_encode_entry:000000000000041c .L0 
C:\Users\zero6575\AppData\Local\Temp\ccYgedCd.s:4867   .text.TL_encode_entry:0000000000000424 .L0 
C:\Users\zero6575\AppData\Local\Temp\ccYgedCd.s:4874   .text.TL_encode_entry:0000000000000436 .L0 
C:\Users\zero6575\AppData\Local\Temp\ccYgedCd.s:4878   .text.TL_encode_entry:0000000000000440 .L0 
C:\Users\zero6575\AppData\Local\Temp\ccYgedCd.s:4882   .text.TL_encode_entry:000000000000044a .L0 
C:\Users\zero6575\AppData\Local\Temp\ccYgedCd.s:4885   .text.TL_encode_entry:0000000000000452 .L0 
C:\Users\zero6575\AppData\Local\Temp\ccYgedCd.s:4892   .text.TL_encode_entry:0000000000000464 .L0 
C:\Users\zero6575\AppData\Local\Temp\ccYgedCd.s:4896   .text.TL_encode_entry:000000000000046e .L0 
C:\Users\zero6575\AppData\Local\Temp\ccYgedCd.s:4905   .text.TL_encode_entry:0000000000000488 .L0 
C:\Users\zero6575\AppData\Local\Temp\ccYgedCd.s:4909   .text.TL_encode_entry:0000000000000492 .L0 
C:\Users\zero6575\AppData\Local\Temp\ccYgedCd.s:4912   .text.TL_encode_entry:0000000000000494 .L0 
C:\Users\zero6575\AppData\Local\Temp\ccYgedCd.s:4926   .text.TL_encode_entry:00000000000004be .L0 
C:\Users\zero6575\AppData\Local\Temp\ccYgedCd.s:4930   .text.TL_encode_entry:00000000000004c8 .L0 
C:\Users\zero6575\AppData\Local\Temp\ccYgedCd.s:4933   .text.TL_encode_entry:00000000000004ca .L0 
C:\Users\zero6575\AppData\Local\Temp\ccYgedCd.s:4936   .text.TL_encode_entry:00000000000004cc .L0 
C:\Users\zero6575\AppData\Local\Temp\ccYgedCd.s:4945   .text.TL_encode_entry:00000000000004e6 .L0 
C:\Users\zero6575\AppData\Local\Temp\ccYgedCd.s:4949   .text.TL_encode_entry:00000000000004f0 .L0 
C:\Users\zero6575\AppData\Local\Temp\ccYgedCd.s:4952   .text.TL_encode_entry:00000000000004f8 .L0 
C:\Users\zero6575\AppData\Local\Temp\ccYgedCd.s:4955   .text.TL_encode_entry:0000000000000500 .L0 
C:\Users\zero6575\AppData\Local\Temp\ccYgedCd.s:4957   .text.TL_encode_entry:0000000000000504 .L0 
C:\Users\zero6575\AppData\Local\Temp\ccYgedCd.s:4961   .text.TL_encode_entry:0000000000000512 .L0 
C:\Users\zero6575\AppData\Local\Temp\ccYgedCd.s:4967   .text.TL_encode_entry:0000000000000524 .L0 
C:\Users\zero6575\AppData\Local\Temp\ccYgedCd.s:4970   .text.TL_encode_entry:000000000000052c .L0 
C:\Users\zero6575\AppData\Local\Temp\ccYgedCd.s:4978   .text.TL_encode_entry:0000000000000544 .L0 
C:\Users\zero6575\AppData\Local\Temp\ccYgedCd.s:4989   .text.TL_encode_entry:0000000000000564 .L0 
C:\Users\zero6575\AppData\Local\Temp\ccYgedCd.s:4994   .text.TL_encode_entry:000000000000056e .L0 
C:\Users\zero6575\AppData\Local\Temp\ccYgedCd.s:4996   .text.TL_encode_entry:0000000000000572 .L0 
C:\Users\zero6575\AppData\Local\Temp\ccYgedCd.s:4998   .text.TL_encode_entry:0000000000000576 .L0 
C:\Users\zero6575\AppData\Local\Temp\ccYgedCd.s:5000   .text.TL_encode_entry:0000000000000578 .L0 
C:\Users\zero6575\AppData\Local\Temp\ccYgedCd.s:5001   .text.TL_encode_entry:0000000000000578 .L0 
C:\Users\zero6575\AppData\Local\Temp\ccYgedCd.s:5003   .text.TL_encode_entry:000000000000057a .L0 
C:\Users\zero6575\AppData\Local\Temp\ccYgedCd.s:5005   .text.TL_encode_entry:000000000000057c .L0 
C:\Users\zero6575\AppData\Local\Temp\ccYgedCd.s:5011   .text.local_read_property:0000000000000000 local_read_property
C:\Users\zero6575\AppData\Local\Temp\ccYgedCd.s:5014   .text.local_read_property:0000000000000000 .L0 
C:\Users\zero6575\AppData\Local\Temp\ccYgedCd.s:5015   .text.local_read_property:0000000000000000 .L0 
C:\Users\zero6575\AppData\Local\Temp\ccYgedCd.s:5016   .text.local_read_property:0000000000000002 .L0 
C:\Users\zero6575\AppData\Local\Temp\ccYgedCd.s:5019   .text.local_read_property:0000000000000006 .L0 
C:\Users\zero6575\AppData\Local\Temp\ccYgedCd.s:5020   .text.local_read_property:0000000000000006 .L0 
C:\Users\zero6575\AppData\Local\Temp\ccYgedCd.s:5022   .text.local_read_property:0000000000000008 .L0 
C:\Users\zero6575\AppData\Local\Temp\ccYgedCd.s:5029   .text.local_read_property:000000000000001c .L0 
C:\Users\zero6575\AppData\Local\Temp\ccYgedCd.s:5031   .text.local_read_property:0000000000000020 .L0 
C:\Users\zero6575\AppData\Local\Temp\ccYgedCd.s:5034   .text.local_read_property:0000000000000026 .L0 
C:\Users\zero6575\AppData\Local\Temp\ccYgedCd.s:5037   .text.local_read_property:000000000000002e .L0 
C:\Users\zero6575\AppData\Local\Temp\ccYgedCd.s:5040   .text.local_read_property:0000000000000036 .L0 
C:\Users\zero6575\AppData\Local\Temp\ccYgedCd.s:5044   .text.local_read_property:0000000000000040 .L0 
C:\Users\zero6575\AppData\Local\Temp\ccYgedCd.s:5046   .text.local_read_property:0000000000000044 .L0 
C:\Users\zero6575\AppData\Local\Temp\ccYgedCd.s:5049   .text.local_read_property:000000000000004a .L0 
C:\Users\zero6575\AppData\Local\Temp\ccYgedCd.s:5051   .text.local_read_property:000000000000004e .L0 
C:\Users\zero6575\AppData\Local\Temp\ccYgedCd.s:5054   .text.local_read_property:0000000000000054 .L0 
C:\Users\zero6575\AppData\Local\Temp\ccYgedCd.s:5056   .text.local_read_property:0000000000000058 .L0 
C:\Users\zero6575\AppData\Local\Temp\ccYgedCd.s:5059   .text.local_read_property:000000000000005e .L0 
C:\Users\zero6575\AppData\Local\Temp\ccYgedCd.s:5061   .text.local_read_property:0000000000000062 .L0 
C:\Users\zero6575\AppData\Local\Temp\ccYgedCd.s:5067   .text.local_read_property:0000000000000076 .L0 
C:\Users\zero6575\AppData\Local\Temp\ccYgedCd.s:5071   .text.local_read_property:0000000000000080 .L0 
C:\Users\zero6575\AppData\Local\Temp\ccYgedCd.s:5073   .text.local_read_property:0000000000000084 .L0 
C:\Users\zero6575\AppData\Local\Temp\ccYgedCd.s:5076   .text.local_read_property:000000000000008a .L0 
C:\Users\zero6575\AppData\Local\Temp\ccYgedCd.s:5078   .text.local_read_property:000000000000008e .L0 
C:\Users\zero6575\AppData\Local\Temp\ccYgedCd.s:5082   .text.local_read_property:0000000000000094 .L0 
C:\Users\zero6575\AppData\Local\Temp\ccYgedCd.s:5086   .text.local_read_property:000000000000009e .L0 
C:\Users\zero6575\AppData\Local\Temp\ccYgedCd.s:5089   .text.local_read_property:00000000000000a4 .L0 
C:\Users\zero6575\AppData\Local\Temp\ccYgedCd.s:5092   .text.local_read_property:00000000000000ac .L0 
C:\Users\zero6575\AppData\Local\Temp\ccYgedCd.s:5095   .text.local_read_property:00000000000000b4 .L0 
C:\Users\zero6575\AppData\Local\Temp\ccYgedCd.s:5098   .text.local_read_property:00000000000000bc .L0 
C:\Users\zero6575\AppData\Local\Temp\ccYgedCd.s:5101   .text.local_read_property:00000000000000c2 .L0 
C:\Users\zero6575\AppData\Local\Temp\ccYgedCd.s:5107   .text.local_read_property:00000000000000d6 .L0 
C:\Users\zero6575\AppData\Local\Temp\ccYgedCd.s:5111   .text.local_read_property:00000000000000e0 .L0 
C:\Users\zero6575\AppData\Local\Temp\ccYgedCd.s:5113   .text.local_read_property:00000000000000e4 .L0 
C:\Users\zero6575\AppData\Local\Temp\ccYgedCd.s:5116   .text.local_read_property:00000000000000ea .L0 
C:\Users\zero6575\AppData\Local\Temp\ccYgedCd.s:5118   .text.local_read_property:00000000000000ee .L0 
C:\Users\zero6575\AppData\Local\Temp\ccYgedCd.s:5122   .text.local_read_property:00000000000000f4 .L0 
C:\Users\zero6575\AppData\Local\Temp\ccYgedCd.s:5124   .text.local_read_property:00000000000000f8 .L0 
C:\Users\zero6575\AppData\Local\Temp\ccYgedCd.s:5126   .text.local_read_property:00000000000000fc .L0 
C:\Users\zero6575\AppData\Local\Temp\ccYgedCd.s:5128   .text.local_read_property:00000000000000fe .L0 
C:\Users\zero6575\AppData\Local\Temp\ccYgedCd.s:5129   .text.local_read_property:00000000000000fe .L0 
C:\Users\zero6575\AppData\Local\Temp\ccYgedCd.s:5131   .text.local_read_property:0000000000000100 .L0 
C:\Users\zero6575\AppData\Local\Temp\ccYgedCd.s:5133   .text.local_read_property:0000000000000102 .L0 
C:\Users\zero6575\AppData\Local\Temp\ccYgedCd.s:5139   .text.TL_fetch_property:0000000000000000 TL_fetch_property
C:\Users\zero6575\AppData\Local\Temp\ccYgedCd.s:5142   .text.TL_fetch_property:0000000000000000 .L0 
C:\Users\zero6575\AppData\Local\Temp\ccYgedCd.s:5143   .text.TL_fetch_property:0000000000000000 .L0 
C:\Users\zero6575\AppData\Local\Temp\ccYgedCd.s:5144   .text.TL_fetch_property:0000000000000004 .L0 
C:\Users\zero6575\AppData\Local\Temp\ccYgedCd.s:5148   .text.TL_fetch_property:0000000000000010 .L0 
C:\Users\zero6575\AppData\Local\Temp\ccYgedCd.s:5149   .text.TL_fetch_property:0000000000000010 .L0 
C:\Users\zero6575\AppData\Local\Temp\ccYgedCd.s:5150   .text.TL_fetch_property:0000000000000010 .L0 
C:\Users\zero6575\AppData\Local\Temp\ccYgedCd.s:5152   .text.TL_fetch_property:0000000000000014 .L0 
C:\Users\zero6575\AppData\Local\Temp\ccYgedCd.s:5156   .text.TL_fetch_property:000000000000001a .L0 
C:\Users\zero6575\AppData\Local\Temp\ccYgedCd.s:5159   .text.TL_fetch_property:0000000000000020 .L0 
C:\Users\zero6575\AppData\Local\Temp\ccYgedCd.s:5161   .text.TL_fetch_property:0000000000000024 .L0 
C:\Users\zero6575\AppData\Local\Temp\ccYgedCd.s:5163   .text.TL_fetch_property:0000000000000028 .L0 
C:\Users\zero6575\AppData\Local\Temp\ccYgedCd.s:5165   .text.TL_fetch_property:000000000000002c .L0 
C:\Users\zero6575\AppData\Local\Temp\ccYgedCd.s:5174   .text.TL_fetch_property:0000000000000046 .L0 
C:\Users\zero6575\AppData\Local\Temp\ccYgedCd.s:5178   .text.TL_fetch_property:0000000000000052 .L0 
C:\Users\zero6575\AppData\Local\Temp\ccYgedCd.s:5180   .text.TL_fetch_property:0000000000000056 .L0 
C:\Users\zero6575\AppData\Local\Temp\ccYgedCd.s:5182   .text.TL_fetch_property:000000000000005a .L0 
C:\Users\zero6575\AppData\Local\Temp\ccYgedCd.s:5185   .text.TL_fetch_property:0000000000000060 .L0 
C:\Users\zero6575\AppData\Local\Temp\ccYgedCd.s:5187   .text.TL_fetch_property:0000000000000064 .L0 
C:\Users\zero6575\AppData\Local\Temp\ccYgedCd.s:5205   .text.TL_fetch_property:00000000000000a2 .L0 
C:\Users\zero6575\AppData\Local\Temp\ccYgedCd.s:5209   .text.TL_fetch_property:00000000000000ac .L0 
C:\Users\zero6575\AppData\Local\Temp\ccYgedCd.s:5214   .text.TL_fetch_property:00000000000000b8 .L0 
C:\Users\zero6575\AppData\Local\Temp\ccYgedCd.s:5219   .text.TL_fetch_property:00000000000000c4 .L0 
C:\Users\zero6575\AppData\Local\Temp\ccYgedCd.s:5224   .text.TL_fetch_property:00000000000000cc .L0 
C:\Users\zero6575\AppData\Local\Temp\ccYgedCd.s:5234   .text.TL_fetch_property:00000000000000ec .L0 
C:\Users\zero6575\AppData\Local\Temp\ccYgedCd.s:5264   .text.TL_fetch_property:000000000000011a .L0 
C:\Users\zero6575\AppData\Local\Temp\ccYgedCd.s:5267   .text.TL_fetch_property:0000000000000120 .L0 
C:\Users\zero6575\AppData\Local\Temp\ccYgedCd.s:5270   .text.TL_fetch_property:0000000000000122 .L0 
C:\Users\zero6575\AppData\Local\Temp\ccYgedCd.s:5273   .text.TL_fetch_property:0000000000000128 .L0 
C:\Users\zero6575\AppData\Local\Temp\ccYgedCd.s:5278   .text.TL_fetch_property:0000000000000138 .L0 
C:\Users\zero6575\AppData\Local\Temp\ccYgedCd.s:5280   .text.TL_fetch_property:000000000000013c .L0 
C:\Users\zero6575\AppData\Local\Temp\ccYgedCd.s:5283   .text.TL_fetch_property:000000000000013e .L0 
C:\Users\zero6575\AppData\Local\Temp\ccYgedCd.s:5286   .text.TL_fetch_property:0000000000000144 .L0 
C:\Users\zero6575\AppData\Local\Temp\ccYgedCd.s:5297   .text.TL_fetch_property:0000000000000166 .L0 
C:\Users\zero6575\AppData\Local\Temp\ccYgedCd.s:5300   .text.TL_fetch_property:0000000000000168 .L0 
C:\Users\zero6575\AppData\Local\Temp\ccYgedCd.s:5303   .text.TL_fetch_property:000000000000016e .L0 
C:\Users\zero6575\AppData\Local\Temp\ccYgedCd.s:5314   .text.TL_fetch_property:0000000000000190 .L0 
C:\Users\zero6575\AppData\Local\Temp\ccYgedCd.s:5317   .text.TL_fetch_property:0000000000000192 .L0 
C:\Users\zero6575\AppData\Local\Temp\ccYgedCd.s:5320   .text.TL_fetch_property:0000000000000198 .L0 
C:\Users\zero6575\AppData\Local\Temp\ccYgedCd.s:5331   .text.TL_fetch_property:00000000000001ba .L0 
C:\Users\zero6575\AppData\Local\Temp\ccYgedCd.s:5334   .text.TL_fetch_property:00000000000001bc .L0 
C:\Users\zero6575\AppData\Local\Temp\ccYgedCd.s:5337   .text.TL_fetch_property:00000000000001c2 .L0 
C:\Users\zero6575\AppData\Local\Temp\ccYgedCd.s:5347   .text.TL_fetch_property:00000000000001e2 .L0 
C:\Users\zero6575\AppData\Local\Temp\ccYgedCd.s:5352   .text.TL_fetch_property:00000000000001f2 .L0 
C:\Users\zero6575\AppData\Local\Temp\ccYgedCd.s:5356   .text.TL_fetch_property:00000000000001fa .L0 
C:\Users\zero6575\AppData\Local\Temp\ccYgedCd.s:5361   .text.TL_fetch_property:000000000000020a .L0 
C:\Users\zero6575\AppData\Local\Temp\ccYgedCd.s:5364   .text.TL_fetch_property:0000000000000212 .L0 
C:\Users\zero6575\AppData\Local\Temp\ccYgedCd.s:5366   .text.TL_fetch_property:0000000000000216 .L0 
C:\Users\zero6575\AppData\Local\Temp\ccYgedCd.s:5371   .text.TL_fetch_property:0000000000000226 .L0 
C:\Users\zero6575\AppData\Local\Temp\ccYgedCd.s:5378   .text.TL_fetch_property:0000000000000234 .L0 
C:\Users\zero6575\AppData\Local\Temp\ccYgedCd.s:5389   .text.TL_fetch_property:000000000000025a .L0 
C:\Users\zero6575\AppData\Local\Temp\ccYgedCd.s:5391   .text.TL_fetch_property:000000000000025e .L0 
C:\Users\zero6575\AppData\Local\Temp\ccYgedCd.s:5394   .text.TL_fetch_property:0000000000000260 .L0 
C:\Users\zero6575\AppData\Local\Temp\ccYgedCd.s:5397   .text.TL_fetch_property:0000000000000268 .L0 
C:\Users\zero6575\AppData\Local\Temp\ccYgedCd.s:5405   .text.TL_fetch_property:0000000000000280 .L0 
C:\Users\zero6575\AppData\Local\Temp\ccYgedCd.s:5409   .text.TL_fetch_property:000000000000028a .L0 
C:\Users\zero6575\AppData\Local\Temp\ccYgedCd.s:5414   .text.TL_fetch_property:0000000000000294 .L0 
C:\Users\zero6575\AppData\Local\Temp\ccYgedCd.s:5420   .text.TL_fetch_property:00000000000002a6 .L0 
C:\Users\zero6575\AppData\Local\Temp\ccYgedCd.s:5424   .text.TL_fetch_property:00000000000002b2 .L0 
C:\Users\zero6575\AppData\Local\Temp\ccYgedCd.s:5427   .text.TL_fetch_property:00000000000002b4 .L0 
C:\Users\zero6575\AppData\Local\Temp\ccYgedCd.s:5430   .text.TL_fetch_property:00000000000002bc .L0 
C:\Users\zero6575\AppData\Local\Temp\ccYgedCd.s:5432   .text.TL_fetch_property:00000000000002c0 .L0 
C:\Users\zero6575\AppData\Local\Temp\ccYgedCd.s:5435   .text.TL_fetch_property:00000000000002c2 .L0 
C:\Users\zero6575\AppData\Local\Temp\ccYgedCd.s:5438   .text.TL_fetch_property:00000000000002ca .L0 
C:\Users\zero6575\AppData\Local\Temp\ccYgedCd.s:5446   .text.TL_fetch_property:00000000000002e2 .L0 
C:\Users\zero6575\AppData\Local\Temp\ccYgedCd.s:5450   .text.TL_fetch_property:00000000000002ec .L0 
C:\Users\zero6575\AppData\Local\Temp\ccYgedCd.s:5455   .text.TL_fetch_property:00000000000002f6 .L0 
C:\Users\zero6575\AppData\Local\Temp\ccYgedCd.s:5460   .text.TL_fetch_property:0000000000000304 .L0 
C:\Users\zero6575\AppData\Local\Temp\ccYgedCd.s:5463   .text.TL_fetch_property:0000000000000306 .L0 
C:\Users\zero6575\AppData\Local\Temp\ccYgedCd.s:5466   .text.TL_fetch_property:000000000000030c .L0 
C:\Users\zero6575\AppData\Local\Temp\ccYgedCd.s:5477   .text.TL_fetch_property:000000000000032e .L0 
C:\Users\zero6575\AppData\Local\Temp\ccYgedCd.s:5480   .text.TL_fetch_property:0000000000000330 .L0 
C:\Users\zero6575\AppData\Local\Temp\ccYgedCd.s:5483   .text.TL_fetch_property:0000000000000336 .L0 
C:\Users\zero6575\AppData\Local\Temp\ccYgedCd.s:5486   .text.TL_fetch_property:000000000000033e .L0 
C:\Users\zero6575\AppData\Local\Temp\ccYgedCd.s:5489   .text.TL_fetch_property:0000000000000344 .L0 
C:\Users\zero6575\AppData\Local\Temp\ccYgedCd.s:5492   .text.TL_fetch_property:0000000000000346 .L0 
C:\Users\zero6575\AppData\Local\Temp\ccYgedCd.s:5502   .text.TL_fetch_property:0000000000000366 .L0 
C:\Users\zero6575\AppData\Local\Temp\ccYgedCd.s:5512   .text.TL_fetch_property:0000000000000386 .L0 
C:\Users\zero6575\AppData\Local\Temp\ccYgedCd.s:5518   .text.TL_fetch_property:0000000000000398 .L0 
C:\Users\zero6575\AppData\Local\Temp\ccYgedCd.s:5523   .text.TL_fetch_property:00000000000003a4 .L0 
C:\Users\zero6575\AppData\Local\Temp\ccYgedCd.s:5526   .text.TL_fetch_property:00000000000003aa .L0 
C:\Users\zero6575\AppData\Local\Temp\ccYgedCd.s:5531   .text.TL_fetch_property:00000000000003b8 .L0 
C:\Users\zero6575\AppData\Local\Temp\ccYgedCd.s:5549   .text.TL_fetch_property:00000000000003ec .L0 
C:\Users\zero6575\AppData\Local\Temp\ccYgedCd.s:5552   .text.TL_fetch_property:00000000000003f2 .L0 
C:\Users\zero6575\AppData\Local\Temp\ccYgedCd.s:5556   .text.TL_fetch_property:00000000000003fc .L0 
C:\Users\zero6575\AppData\Local\Temp\ccYgedCd.s:5560   .text.TL_fetch_property:0000000000000404 .L0 
C:\Users\zero6575\AppData\Local\Temp\ccYgedCd.s:5563   .text.TL_fetch_property:000000000000040a .L0 
C:\Users\zero6575\AppData\Local\Temp\ccYgedCd.s:5568   .text.TL_fetch_property:0000000000000416 .L0 
C:\Users\zero6575\AppData\Local\Temp\ccYgedCd.s:5571   .text.TL_fetch_property:000000000000041c .L0 
C:\Users\zero6575\AppData\Local\Temp\ccYgedCd.s:5575   .text.TL_fetch_property:0000000000000426 .L0 
C:\Users\zero6575\AppData\Local\Temp\ccYgedCd.s:5578   .text.TL_fetch_property:000000000000042c .L0 
C:\Users\zero6575\AppData\Local\Temp\ccYgedCd.s:5584   .text.TL_fetch_property:0000000000000438 .L0 
C:\Users\zero6575\AppData\Local\Temp\ccYgedCd.s:5586   .text.TL_fetch_property:000000000000043e .L0 
C:\Users\zero6575\AppData\Local\Temp\ccYgedCd.s:5588   .text.TL_fetch_property:0000000000000442 .L0 
C:\Users\zero6575\AppData\Local\Temp\ccYgedCd.s:5589   .text.TL_fetch_property:0000000000000442 .L0 
C:\Users\zero6575\AppData\Local\Temp\ccYgedCd.s:5591   .text.TL_fetch_property:0000000000000446 .L0 
C:\Users\zero6575\AppData\Local\Temp\ccYgedCd.s:5593   .text.TL_fetch_property:000000000000044a .L0 
C:\Users\zero6575\AppData\Local\Temp\ccYgedCd.s:5595   .text.TL_fetch_property:000000000000044c .L0 
C:\Users\zero6575\AppData\Local\Temp\ccYgedCd.s:5602   .text.trend_log_timer:0000000000000000 trend_log_timer
C:\Users\zero6575\AppData\Local\Temp\ccYgedCd.s:5605   .text.trend_log_timer:0000000000000000 .L0 
C:\Users\zero6575\AppData\Local\Temp\ccYgedCd.s:5606   .text.trend_log_timer:0000000000000000 .L0 
C:\Users\zero6575\AppData\Local\Temp\ccYgedCd.s:5607   .text.trend_log_timer:0000000000000002 .L0 
C:\Users\zero6575\AppData\Local\Temp\ccYgedCd.s:5610   .text.trend_log_timer:0000000000000006 .L0 
C:\Users\zero6575\AppData\Local\Temp\ccYgedCd.s:5611   .text.trend_log_timer:0000000000000006 .L0 
C:\Users\zero6575\AppData\Local\Temp\ccYgedCd.s:5613   .text.trend_log_timer:0000000000000008 .L0 
C:\Users\zero6575\AppData\Local\Temp\ccYgedCd.s:5617   .text.trend_log_timer:000000000000000e .L0 
C:\Users\zero6575\AppData\Local\Temp\ccYgedCd.s:5619   .text.trend_log_timer:0000000000000012 .L0 
C:\Users\zero6575\AppData\Local\Temp\ccYgedCd.s:5621   .text.trend_log_timer:0000000000000016 .L0 
C:\Users\zero6575\AppData\Local\Temp\ccYgedCd.s:5623   .text.trend_log_timer:000000000000001a .L0 
C:\Users\zero6575\AppData\Local\Temp\ccYgedCd.s:5627   .text.trend_log_timer:0000000000000028 .L0 
C:\Users\zero6575\AppData\Local\Temp\ccYgedCd.s:5629   .text.trend_log_timer:000000000000002c .L0 
C:\Users\zero6575\AppData\Local\Temp\ccYgedCd.s:5632   .text.trend_log_timer:000000000000002e .L0 
C:\Users\zero6575\AppData\Local\Temp\ccYgedCd.s:5641   .text.trend_log_timer:0000000000000048 .L0 
C:\Users\zero6575\AppData\Local\Temp\ccYgedCd.s:5646   .text.trend_log_timer:0000000000000058 .L0 
C:\Users\zero6575\AppData\Local\Temp\ccYgedCd.s:5648   .text.trend_log_timer:000000000000005a .L0 
C:\Users\zero6575\AppData\Local\Temp\ccYgedCd.s:5651   .text.trend_log_timer:0000000000000060 .L0 
C:\Users\zero6575\AppData\Local\Temp\ccYgedCd.s:5653   .text.trend_log_timer:0000000000000062 .L0 
C:\Users\zero6575\AppData\Local\Temp\ccYgedCd.s:5656   .text.trend_log_timer:000000000000006a .L0 
C:\Users\zero6575\AppData\Local\Temp\ccYgedCd.s:5658   .text.trend_log_timer:000000000000006c .L0 
C:\Users\zero6575\AppData\Local\Temp\ccYgedCd.s:5663   .text.trend_log_timer:0000000000000076 .L0 
C:\Users\zero6575\AppData\Local\Temp\ccYgedCd.s:5666   .text.trend_log_timer:000000000000007e .L0 
C:\Users\zero6575\AppData\Local\Temp\ccYgedCd.s:5669   .text.trend_log_timer:0000000000000084 .L0 
C:\Users\zero6575\AppData\Local\Temp\ccYgedCd.s:5672   .text.trend_log_timer:000000000000008a .L0 
C:\Users\zero6575\AppData\Local\Temp\ccYgedCd.s:5677   .text.trend_log_timer:0000000000000094 .L0 
C:\Users\zero6575\AppData\Local\Temp\ccYgedCd.s:5679   .text.trend_log_timer:0000000000000098 .L0 
C:\Users\zero6575\AppData\Local\Temp\ccYgedCd.s:5685   .text.trend_log_timer:00000000000000a8 .L0 
C:\Users\zero6575\AppData\Local\Temp\ccYgedCd.s:5688   .text.trend_log_timer:00000000000000ae .L0 
C:\Users\zero6575\AppData\Local\Temp\ccYgedCd.s:5691   .text.trend_log_timer:00000000000000b4 .L0 
C:\Users\zero6575\AppData\Local\Temp\ccYgedCd.s:5696   .text.trend_log_timer:00000000000000be .L0 
C:\Users\zero6575\AppData\Local\Temp\ccYgedCd.s:5698   .text.trend_log_timer:00000000000000c2 .L0 
C:\Users\zero6575\AppData\Local\Temp\ccYgedCd.s:5704   .text.trend_log_timer:00000000000000d2 .L0 
C:\Users\zero6575\AppData\Local\Temp\ccYgedCd.s:5707   .text.trend_log_timer:00000000000000d8 .L0 
C:\Users\zero6575\AppData\Local\Temp\ccYgedCd.s:5710   .text.trend_log_timer:00000000000000de .L0 
C:\Users\zero6575\AppData\Local\Temp\ccYgedCd.s:5715   .text.trend_log_timer:00000000000000e8 .L0 
C:\Users\zero6575\AppData\Local\Temp\ccYgedCd.s:5717   .text.trend_log_timer:00000000000000ec .L0 
C:\Users\zero6575\AppData\Local\Temp\ccYgedCd.s:5720   .text.trend_log_timer:00000000000000f4 .L0 
C:\Users\zero6575\AppData\Local\Temp\ccYgedCd.s:5723   .text.trend_log_timer:00000000000000f6 .L0 
C:\Users\zero6575\AppData\Local\Temp\ccYgedCd.s:5728   .text.trend_log_timer:0000000000000104 .L0 
C:\Users\zero6575\AppData\Local\Temp\ccYgedCd.s:5733   .text.trend_log_timer:000000000000010e .L0 
C:\Users\zero6575\AppData\Local\Temp\ccYgedCd.s:5736   .text.trend_log_timer:0000000000000114 .L0 
C:\Users\zero6575\AppData\Local\Temp\ccYgedCd.s:5740   .text.trend_log_timer:000000000000011c .L0 
C:\Users\zero6575\AppData\Local\Temp\ccYgedCd.s:5743   .text.trend_log_timer:0000000000000124 .L0 
C:\Users\zero6575\AppData\Local\Temp\ccYgedCd.s:5745   .text.trend_log_timer:0000000000000126 .L0 
C:\Users\zero6575\AppData\Local\Temp\ccYgedCd.s:5749   .text.trend_log_timer:0000000000000134 .L0 
C:\Users\zero6575\AppData\Local\Temp\ccYgedCd.s:5753   .text.trend_log_timer:000000000000013c .L0 
C:\Users\zero6575\AppData\Local\Temp\ccYgedCd.s:5758   .text.trend_log_timer:0000000000000146 .L0 
C:\Users\zero6575\AppData\Local\Temp\ccYgedCd.s:5763   .text.trend_log_timer:0000000000000154 .L0 
C:\Users\zero6575\AppData\Local\Temp\ccYgedCd.s:5765   .text.trend_log_timer:0000000000000158 .L0 
C:\Users\zero6575\AppData\Local\Temp\ccYgedCd.s:5767   .text.trend_log_timer:000000000000015a .L0 
C:\Users\zero6575\AppData\Local\Temp\ccYgedCd.s:5768   .text.trend_log_timer:000000000000015a .L0 
C:\Users\zero6575\AppData\Local\Temp\ccYgedCd.s:5770   .text.trend_log_timer:000000000000015c .L0 
C:\Users\zero6575\AppData\Local\Temp\ccYgedCd.s:5772   .text.trend_log_timer:000000000000015e .L0 
C:\Users\zero6575\AppData\Local\Temp\ccYgedCd.s:109    .text.Trend_Log_Property_Lists:0000000000000058 .L0 
C:\Users\zero6575\AppData\Local\Temp\ccYgedCd.s:148    .text.Trend_Log_Valid_Instance:0000000000000028 .L0 
C:\Users\zero6575\AppData\Local\Temp\ccYgedCd.s:175    .text.Trend_Log_Count:0000000000000010 .L0 
C:\Users\zero6575\AppData\Local\Temp\ccYgedCd.s:204    .text.Trend_Log_Index_To_Instance:0000000000000018 .L0 
C:\Users\zero6575\AppData\Local\Temp\ccYgedCd.s:246    .text.Trend_Log_Instance_To_Index:0000000000000034 .L0 
C:\Users\zero6575\AppData\Local\Temp\ccYgedCd.s:708    .text.Trend_Log_Init:00000000000004be .L0 
C:\Users\zero6575\AppData\Local\Temp\ccYgedCd.s:766    .text.Trend_Log_Object_Name:000000000000006a .L0 
C:\Users\zero6575\AppData\Local\Temp\ccYgedCd.s:1397   .text.Trend_Log_Read_Property:000000000000043e .L0 
C:\Users\zero6575\AppData\Local\Temp\ccYgedCd.s:2549   .text.Trend_Log_Write_Property:0000000000000a34 .L0 
C:\Users\zero6575\AppData\Local\Temp\ccYgedCd.s:2635   .text.TrendLogGetRRInfo:000000000000008e .L0 
C:\Users\zero6575\AppData\Local\Temp\ccYgedCd.s:2802   .text.TL_Insert_Status_Rec:000000000000014a .L0 
C:\Users\zero6575\AppData\Local\Temp\ccYgedCd.s:2941   .text.TL_Is_Enabled:00000000000000fa .L0 
C:\Users\zero6575\AppData\Local\Temp\ccYgedCd.s:3049   .text.TL_BAC_Time_To_Local:00000000000000cc .L0 
C:\Users\zero6575\AppData\Local\Temp\ccYgedCd.s:3162   .text.TL_Local_Time_To_BAC:00000000000000d6 .L0 
C:\Users\zero6575\AppData\Local\Temp\ccYgedCd.s:3287   .text.rr_trend_log_encode:0000000000000106 .L0 
C:\Users\zero6575\AppData\Local\Temp\ccYgedCd.s:3571   .text.TL_encode_by_position:0000000000000254 .L0 
C:\Users\zero6575\AppData\Local\Temp\ccYgedCd.s:4023   .text.TL_encode_by_sequence:00000000000003d4 .L0 
C:\Users\zero6575\AppData\Local\Temp\ccYgedCd.s:4436   .text.TL_encode_by_time:000000000000038a .L0 
C:\Users\zero6575\AppData\Local\Temp\ccYgedCd.s:5008   .text.TL_encode_entry:000000000000057c .L0 
C:\Users\zero6575\AppData\Local\Temp\ccYgedCd.s:5136   .text.local_read_property:0000000000000102 .L0 
C:\Users\zero6575\AppData\Local\Temp\ccYgedCd.s:5598   .text.TL_fetch_property:000000000000044c .L0 
C:\Users\zero6575\AppData\Local\Temp\ccYgedCd.s:5775   .text.trend_log_timer:000000000000015e .L0 
                     .debug_frame:0000000000000000 .L0 
C:\Users\zero6575\AppData\Local\Temp\ccYgedCd.s:77     .text.Trend_Log_Property_Lists:000000000000001c .L0 
C:\Users\zero6575\AppData\Local\Temp\ccYgedCd.s:85     .text.Trend_Log_Property_Lists:0000000000000030 .L0 
C:\Users\zero6575\AppData\Local\Temp\ccYgedCd.s:93     .text.Trend_Log_Property_Lists:0000000000000044 .L0 
C:\Users\zero6575\AppData\Local\Temp\ccYgedCd.s:79     .text.Trend_Log_Property_Lists:0000000000000026 .L2
C:\Users\zero6575\AppData\Local\Temp\ccYgedCd.s:87     .text.Trend_Log_Property_Lists:000000000000003a .L3
C:\Users\zero6575\AppData\Local\Temp\ccYgedCd.s:97     .text.Trend_Log_Property_Lists:0000000000000050 .L6
C:\Users\zero6575\AppData\Local\Temp\ccYgedCd.s:133    .text.Trend_Log_Valid_Instance:000000000000001e .L8
C:\Users\zero6575\AppData\Local\Temp\ccYgedCd.s:136    .text.Trend_Log_Valid_Instance:0000000000000020 .L9
C:\Users\zero6575\AppData\Local\Temp\ccYgedCd.s:231    .text.Trend_Log_Instance_To_Index:0000000000000028 .L15
C:\Users\zero6575\AppData\Local\Temp\ccYgedCd.s:263    .text.Trend_Log_Init:0000000000000008 .L0 
C:\Users\zero6575\AppData\Local\Temp\ccYgedCd.s:270    .text.Trend_Log_Init:0000000000000020 .L0 
C:\Users\zero6575\AppData\Local\Temp\ccYgedCd.s:307    .text.Trend_Log_Init:0000000000000072 .L0 
C:\Users\zero6575\AppData\Local\Temp\ccYgedCd.s:322    .text.Trend_Log_Init:000000000000009e .L0 
C:\Users\zero6575\AppData\Local\Temp\ccYgedCd.s:351    .text.Trend_Log_Init:00000000000000ec .L0 
C:\Users\zero6575\AppData\Local\Temp\ccYgedCd.s:371    .text.Trend_Log_Init:000000000000011e .L0 
C:\Users\zero6575\AppData\Local\Temp\ccYgedCd.s:388    .text.Trend_Log_Init:000000000000014e .L0 
C:\Users\zero6575\AppData\Local\Temp\ccYgedCd.s:420    .text.Trend_Log_Init:00000000000001a6 .L0 
C:\Users\zero6575\AppData\Local\Temp\ccYgedCd.s:429    .text.Trend_Log_Init:00000000000001be .L0 
C:\Users\zero6575\AppData\Local\Temp\ccYgedCd.s:439    .text.Trend_Log_Init:00000000000001da .L0 
C:\Users\zero6575\AppData\Local\Temp\ccYgedCd.s:449    .text.Trend_Log_Init:00000000000001f6 .L0 
C:\Users\zero6575\AppData\Local\Temp\ccYgedCd.s:458    .text.Trend_Log_Init:0000000000000210 .L0 
C:\Users\zero6575\AppData\Local\Temp\ccYgedCd.s:467    .text.Trend_Log_Init:000000000000022a .L0 
C:\Users\zero6575\AppData\Local\Temp\ccYgedCd.s:476    .text.Trend_Log_Init:0000000000000244 .L0 
C:\Users\zero6575\AppData\Local\Temp\ccYgedCd.s:485    .text.Trend_Log_Init:000000000000025e .L0 
C:\Users\zero6575\AppData\Local\Temp\ccYgedCd.s:494    .text.Trend_Log_Init:0000000000000278 .L0 
C:\Users\zero6575\AppData\Local\Temp\ccYgedCd.s:503    .text.Trend_Log_Init:0000000000000292 .L0 
C:\Users\zero6575\AppData\Local\Temp\ccYgedCd.s:512    .text.Trend_Log_Init:00000000000002ac .L0 
C:\Users\zero6575\AppData\Local\Temp\ccYgedCd.s:522    .text.Trend_Log_Init:00000000000002c8 .L0 
C:\Users\zero6575\AppData\Local\Temp\ccYgedCd.s:532    .text.Trend_Log_Init:00000000000002e4 .L0 
C:\Users\zero6575\AppData\Local\Temp\ccYgedCd.s:547    .text.Trend_Log_Init:0000000000000310 .L0 
C:\Users\zero6575\AppData\Local\Temp\ccYgedCd.s:556    .text.Trend_Log_Init:0000000000000328 .L0 
C:\Users\zero6575\AppData\Local\Temp\ccYgedCd.s:567    .text.Trend_Log_Init:0000000000000348 .L0 
C:\Users\zero6575\AppData\Local\Temp\ccYgedCd.s:576    .text.Trend_Log_Init:0000000000000360 .L0 
C:\Users\zero6575\AppData\Local\Temp\ccYgedCd.s:585    .text.Trend_Log_Init:000000000000037a .L0 
C:\Users\zero6575\AppData\Local\Temp\ccYgedCd.s:595    .text.Trend_Log_Init:0000000000000394 .L0 
C:\Users\zero6575\AppData\Local\Temp\ccYgedCd.s:610    .text.Trend_Log_Init:00000000000003bc .L0 
C:\Users\zero6575\AppData\Local\Temp\ccYgedCd.s:627    .text.Trend_Log_Init:00000000000003ee .L0 
C:\Users\zero6575\AppData\Local\Temp\ccYgedCd.s:634    .text.Trend_Log_Init:0000000000000406 .L0 
C:\Users\zero6575\AppData\Local\Temp\ccYgedCd.s:649    .text.Trend_Log_Init:000000000000042e .L0 
C:\Users\zero6575\AppData\Local\Temp\ccYgedCd.s:667    .text.Trend_Log_Init:000000000000046a .L0 
C:\Users\zero6575\AppData\Local\Temp\ccYgedCd.s:674    .text.Trend_Log_Init:0000000000000482 .L0 
C:\Users\zero6575\AppData\Local\Temp\ccYgedCd.s:694    .text.Trend_Log_Init:00000000000004b4 .L26
C:\Users\zero6575\AppData\Local\Temp\ccYgedCd.s:686    .text.Trend_Log_Init:00000000000004a4 .L19
C:\Users\zero6575\AppData\Local\Temp\ccYgedCd.s:410    .text.Trend_Log_Init:000000000000018e .L20
C:\Users\zero6575\AppData\Local\Temp\ccYgedCd.s:386    .text.Trend_Log_Init:000000000000014e .L21
C:\Users\zero6575\AppData\Local\Temp\ccYgedCd.s:401    .text.Trend_Log_Init:0000000000000178 .L22
C:\Users\zero6575\AppData\Local\Temp\ccYgedCd.s:305    .text.Trend_Log_Init:0000000000000072 .L23
C:\Users\zero6575\AppData\Local\Temp\ccYgedCd.s:277    .text.Trend_Log_Init:0000000000000034 .L24
C:\Users\zero6575\AppData\Local\Temp\ccYgedCd.s:710    .rodata:0000000000000000 .LC0
C:\Users\zero6575\AppData\Local\Temp\ccYgedCd.s:741    .text.Trend_Log_Object_Name:000000000000002a .L0 
C:\Users\zero6575\AppData\Local\Temp\ccYgedCd.s:742    .text.Trend_Log_Object_Name:0000000000000032 .L0 
C:\Users\zero6575\AppData\Local\Temp\ccYgedCd.s:745    .text.Trend_Log_Object_Name:0000000000000042 .L0 
C:\Users\zero6575\AppData\Local\Temp\ccYgedCd.s:750    .text.Trend_Log_Object_Name:000000000000005c .L28
C:\Users\zero6575\AppData\Local\Temp\ccYgedCd.s:825    .text.Trend_Log_Read_Property:0000000000000066 .L0 
C:\Users\zero6575\AppData\Local\Temp\ccYgedCd.s:849    .rodata.Trend_Log_Read_Property:0000000000000000 .L36
C:\Users\zero6575\AppData\Local\Temp\ccYgedCd.s:839    .text.Trend_Log_Read_Property:0000000000000094 .L0 
C:\Users\zero6575\AppData\Local\Temp\ccYgedCd.s:843    .text.Trend_Log_Read_Property:00000000000000a4 .L0 
C:\Users\zero6575\AppData\Local\Temp\ccYgedCd.s:802    .text.Trend_Log_Read_Property:0000000000000036 .L31
C:\Users\zero6575\AppData\Local\Temp\ccYgedCd.s:806    .text.Trend_Log_Read_Property:000000000000003a .L32
C:\Users\zero6575\AppData\Local\Temp\ccYgedCd.s:1383   .text.Trend_Log_Read_Property:000000000000042e .L57
C:\Users\zero6575\AppData\Local\Temp\ccYgedCd.s:1336   .text.Trend_Log_Read_Property:00000000000003d0 .L34
C:\Users\zero6575\AppData\Local\Temp\ccYgedCd.s:1350   .text.Trend_Log_Read_Property:00000000000003ea .L55
C:\Users\zero6575\AppData\Local\Temp\ccYgedCd.s:1380   .text.Trend_Log_Read_Property:000000000000042a .L56
C:\Users\zero6575\AppData\Local\Temp\ccYgedCd.s:1041   .text.Trend_Log_Read_Property:00000000000000ce .L52
C:\Users\zero6575\AppData\Local\Temp\ccYgedCd.s:1142   .text.Trend_Log_Read_Property:00000000000001c8 .L54
C:\Users\zero6575\AppData\Local\Temp\ccYgedCd.s:1029   .text.Trend_Log_Read_Property:00000000000000b0 .L53
C:\Users\zero6575\AppData\Local\Temp\ccYgedCd.s:1058   .text.Trend_Log_Read_Property:00000000000000fe .L51
C:\Users\zero6575\AppData\Local\Temp\ccYgedCd.s:1163   .text.Trend_Log_Read_Property:00000000000001fa .L50
C:\Users\zero6575\AppData\Local\Temp\ccYgedCd.s:1089   .text.Trend_Log_Read_Property:0000000000000150 .L49
C:\Users\zero6575\AppData\Local\Temp\ccYgedCd.s:1098   .text.Trend_Log_Read_Property:0000000000000168 .L48
C:\Users\zero6575\AppData\Local\Temp\ccYgedCd.s:1261   .text.Trend_Log_Read_Property:0000000000000312 .L47
C:\Users\zero6575\AppData\Local\Temp\ccYgedCd.s:1067   .text.Trend_Log_Read_Property:0000000000000114 .L46
C:\Users\zero6575\AppData\Local\Temp\ccYgedCd.s:1276   .text.Trend_Log_Read_Property:0000000000000338 .L45
C:\Users\zero6575\AppData\Local\Temp\ccYgedCd.s:1112   .text.Trend_Log_Read_Property:0000000000000180 .L44
C:\Users\zero6575\AppData\Local\Temp\ccYgedCd.s:1201   .text.Trend_Log_Read_Property:000000000000026a .L43
C:\Users\zero6575\AppData\Local\Temp\ccYgedCd.s:1231   .text.Trend_Log_Read_Property:00000000000002be .L42
C:\Users\zero6575\AppData\Local\Temp\ccYgedCd.s:1078   .text.Trend_Log_Read_Property:0000000000000132 .L41
C:\Users\zero6575\AppData\Local\Temp\ccYgedCd.s:1127   .text.Trend_Log_Read_Property:00000000000001a4 .L40
C:\Users\zero6575\AppData\Local\Temp\ccYgedCd.s:1295   .text.Trend_Log_Read_Property:0000000000000366 .L39
C:\Users\zero6575\AppData\Local\Temp\ccYgedCd.s:1306   .text.Trend_Log_Read_Property:0000000000000384 .L38
C:\Users\zero6575\AppData\Local\Temp\ccYgedCd.s:1151   .text.Trend_Log_Read_Property:00000000000001de .L37
C:\Users\zero6575\AppData\Local\Temp\ccYgedCd.s:1325   .text.Trend_Log_Read_Property:00000000000003b2 .L35
C:\Users\zero6575\AppData\Local\Temp\ccYgedCd.s:1435   .text.Trend_Log_Write_Property:0000000000000044 .L0 
C:\Users\zero6575\AppData\Local\Temp\ccYgedCd.s:1516   .rodata.Trend_Log_Write_Property:0000000000000000 .L64
C:\Users\zero6575\AppData\Local\Temp\ccYgedCd.s:1506   .text.Trend_Log_Write_Property:00000000000000fc .L0 
C:\Users\zero6575\AppData\Local\Temp\ccYgedCd.s:1510   .text.Trend_Log_Write_Property:000000000000010c .L0 
C:\Users\zero6575\AppData\Local\Temp\ccYgedCd.s:1468   .text.Trend_Log_Write_Property:00000000000000a2 .L59
C:\Users\zero6575\AppData\Local\Temp\ccYgedCd.s:2533   .text.Trend_Log_Write_Property:0000000000000a20 .L110
C:\Users\zero6575\AppData\Local\Temp\ccYgedCd.s:1494   .text.Trend_Log_Write_Property:00000000000000dc .L61
C:\Users\zero6575\AppData\Local\Temp\ccYgedCd.s:2464   .text.Trend_Log_Write_Property:00000000000009ce .L62
C:\Users\zero6575\AppData\Local\Temp\ccYgedCd.s:2475   .text.Trend_Log_Write_Property:00000000000009e6 .L111
C:\Users\zero6575\AppData\Local\Temp\ccYgedCd.s:1651   .text.Trend_Log_Write_Property:000000000000019c .L77
C:\Users\zero6575\AppData\Local\Temp\ccYgedCd.s:2530   .text.Trend_Log_Write_Property:0000000000000a1c .L78
C:\Users\zero6575\AppData\Local\Temp\ccYgedCd.s:1689   .text.Trend_Log_Write_Property:00000000000001fa .L79
C:\Users\zero6575\AppData\Local\Temp\ccYgedCd.s:2479   .text.Trend_Log_Write_Property:00000000000009ea .L112
C:\Users\zero6575\AppData\Local\Temp\ccYgedCd.s:2483   .text.Trend_Log_Write_Property:00000000000009ee .L113
C:\Users\zero6575\AppData\Local\Temp\ccYgedCd.s:2487   .text.Trend_Log_Write_Property:00000000000009f2 .L114
C:\Users\zero6575\AppData\Local\Temp\ccYgedCd.s:1860   .text.Trend_Log_Write_Property:00000000000003a2 .L84
C:\Users\zero6575\AppData\Local\Temp\ccYgedCd.s:1848   .text.Trend_Log_Write_Property:000000000000038c .L85
C:\Users\zero6575\AppData\Local\Temp\ccYgedCd.s:2491   .text.Trend_Log_Write_Property:00000000000009f6 .L115
C:\Users\zero6575\AppData\Local\Temp\ccYgedCd.s:2495   .text.Trend_Log_Write_Property:00000000000009fa .L116
C:\Users\zero6575\AppData\Local\Temp\ccYgedCd.s:2499   .text.Trend_Log_Write_Property:00000000000009fe .L117
C:\Users\zero6575\AppData\Local\Temp\ccYgedCd.s:1978   .text.Trend_Log_Write_Property:00000000000004f4 .L90
C:\Users\zero6575\AppData\Local\Temp\ccYgedCd.s:1995   .text.Trend_Log_Write_Property:0000000000000522 .L91
C:\Users\zero6575\AppData\Local\Temp\ccYgedCd.s:2018   .text.Trend_Log_Write_Property:000000000000055e .L92
C:\Users\zero6575\AppData\Local\Temp\ccYgedCd.s:2503   .text.Trend_Log_Write_Property:0000000000000a02 .L118
C:\Users\zero6575\AppData\Local\Temp\ccYgedCd.s:2507   .text.Trend_Log_Write_Property:0000000000000a06 .L119
C:\Users\zero6575\AppData\Local\Temp\ccYgedCd.s:2511   .text.Trend_Log_Write_Property:0000000000000a0a .L120
C:\Users\zero6575\AppData\Local\Temp\ccYgedCd.s:2134   .text.Trend_Log_Write_Property:00000000000006aa .L96
C:\Users\zero6575\AppData\Local\Temp\ccYgedCd.s:2151   .text.Trend_Log_Write_Property:00000000000006d8 .L97
C:\Users\zero6575\AppData\Local\Temp\ccYgedCd.s:2174   .text.Trend_Log_Write_Property:0000000000000714 .L98
C:\Users\zero6575\AppData\Local\Temp\ccYgedCd.s:2205   .text.Trend_Log_Write_Property:0000000000000760 .L99
C:\Users\zero6575\AppData\Local\Temp\ccYgedCd.s:2215   .text.Trend_Log_Write_Property:0000000000000774 .L100
C:\Users\zero6575\AppData\Local\Temp\ccYgedCd.s:2241   .text.Trend_Log_Write_Property:00000000000007b0 .L101
C:\Users\zero6575\AppData\Local\Temp\ccYgedCd.s:2266   .text.Trend_Log_Write_Property:00000000000007f0 .L102
C:\Users\zero6575\AppData\Local\Temp\ccYgedCd.s:2304   .text.Trend_Log_Write_Property:0000000000000848 .L103
C:\Users\zero6575\AppData\Local\Temp\ccYgedCd.s:2515   .text.Trend_Log_Write_Property:0000000000000a0e .L121
C:\Users\zero6575\AppData\Local\Temp\ccYgedCd.s:2342   .text.Trend_Log_Write_Property:00000000000008a6 .L105
C:\Users\zero6575\AppData\Local\Temp\ccYgedCd.s:2519   .text.Trend_Log_Write_Property:0000000000000a12 .L122
C:\Users\zero6575\AppData\Local\Temp\ccYgedCd.s:2523   .text.Trend_Log_Write_Property:0000000000000a16 .L123
C:\Users\zero6575\AppData\Local\Temp\ccYgedCd.s:2527   .text.Trend_Log_Write_Property:0000000000000a1a .L124
C:\Users\zero6575\AppData\Local\Temp\ccYgedCd.s:2456   .text.Trend_Log_Write_Property:00000000000009c0 .L109
C:\Users\zero6575\AppData\Local\Temp\ccYgedCd.s:1761   .text.Trend_Log_Write_Property:00000000000002b2 .L75
C:\Users\zero6575\AppData\Local\Temp\ccYgedCd.s:2183   .text.Trend_Log_Write_Property:0000000000000728 .L74
C:\Users\zero6575\AppData\Local\Temp\ccYgedCd.s:1598   .text.Trend_Log_Write_Property:0000000000000118 .L73
C:\Users\zero6575\AppData\Local\Temp\ccYgedCd.s:2286   .text.Trend_Log_Write_Property:0000000000000822 .L72
C:\Users\zero6575\AppData\Local\Temp\ccYgedCd.s:1772   .text.Trend_Log_Write_Property:00000000000002ca .L71
C:\Users\zero6575\AppData\Local\Temp\ccYgedCd.s:1873   .text.Trend_Log_Write_Property:00000000000003be .L70
C:\Users\zero6575\AppData\Local\Temp\ccYgedCd.s:2027   .text.Trend_Log_Write_Property:0000000000000572 .L69
C:\Users\zero6575\AppData\Local\Temp\ccYgedCd.s:1705   .text.Trend_Log_Write_Property:0000000000000222 .L68
C:\Users\zero6575\AppData\Local\Temp\ccYgedCd.s:2364   .text.Trend_Log_Write_Property:00000000000008d2 .L67
C:\Users\zero6575\AppData\Local\Temp\ccYgedCd.s:2388   .text.Trend_Log_Write_Property:0000000000000914 .L66
C:\Users\zero6575\AppData\Local\Temp\ccYgedCd.s:1807   .text.Trend_Log_Write_Property:000000000000032a .L65
C:\Users\zero6575\AppData\Local\Temp\ccYgedCd.s:2417   .text.Trend_Log_Write_Property:0000000000000960 .L63
C:\Users\zero6575\AppData\Local\Temp\ccYgedCd.s:2604   .text.TrendLogGetRRInfo:0000000000000064 .L0 
C:\Users\zero6575\AppData\Local\Temp\ccYgedCd.s:2590   .text.TrendLogGetRRInfo:0000000000000048 .L126
C:\Users\zero6575\AppData\Local\Temp\ccYgedCd.s:2618   .text.TrendLogGetRRInfo:0000000000000082 .L127
C:\Users\zero6575\AppData\Local\Temp\ccYgedCd.s:2609   .text.TrendLogGetRRInfo:0000000000000072 .L128
C:\Users\zero6575\AppData\Local\Temp\ccYgedCd.s:2621   .text.TrendLogGetRRInfo:0000000000000084 .L129
C:\Users\zero6575\AppData\Local\Temp\ccYgedCd.s:2665   .text.TL_Insert_Status_Rec:000000000000002a .L0 
C:\Users\zero6575\AppData\Local\Temp\ccYgedCd.s:2737   .text.TL_Insert_Status_Rec:00000000000000c0 .L0 
C:\Users\zero6575\AppData\Local\Temp\ccYgedCd.s:2704   .text.TL_Insert_Status_Rec:000000000000008c .L131
C:\Users\zero6575\AppData\Local\Temp\ccYgedCd.s:2694   .text.TL_Insert_Status_Rec:000000000000007a .L132
C:\Users\zero6575\AppData\Local\Temp\ccYgedCd.s:2714   .text.TL_Insert_Status_Rec:000000000000009e .L133
C:\Users\zero6575\AppData\Local\Temp\ccYgedCd.s:2727   .text.TL_Insert_Status_Rec:00000000000000ac .L136
C:\Users\zero6575\AppData\Local\Temp\ccYgedCd.s:2720   .text.TL_Insert_Status_Rec:00000000000000a6 .L140
C:\Users\zero6575\AppData\Local\Temp\ccYgedCd.s:2724   .text.TL_Insert_Status_Rec:00000000000000aa .L141
C:\Users\zero6575\AppData\Local\Temp\ccYgedCd.s:2764   .text.TL_Insert_Status_Rec:000000000000010c .L138
C:\Users\zero6575\AppData\Local\Temp\ccYgedCd.s:2788   .text.TL_Insert_Status_Rec:0000000000000140 .L142
C:\Users\zero6575\AppData\Local\Temp\ccYgedCd.s:2829   .text.TL_Is_Enabled:0000000000000020 .L0 
C:\Users\zero6575\AppData\Local\Temp\ccYgedCd.s:2843   .text.TL_Is_Enabled:0000000000000046 .L144
C:\Users\zero6575\AppData\Local\Temp\ccYgedCd.s:2925   .text.TL_Is_Enabled:00000000000000ec .L145
C:\Users\zero6575\AppData\Local\Temp\ccYgedCd.s:2860   .text.TL_Is_Enabled:0000000000000066 .L146
C:\Users\zero6575\AppData\Local\Temp\ccYgedCd.s:2890   .text.TL_Is_Enabled:00000000000000a8 .L147
C:\Users\zero6575\AppData\Local\Temp\ccYgedCd.s:2909   .text.TL_Is_Enabled:00000000000000cc .L149
C:\Users\zero6575\AppData\Local\Temp\ccYgedCd.s:2922   .text.TL_Is_Enabled:00000000000000e8 .L151
C:\Users\zero6575\AppData\Local\Temp\ccYgedCd.s:2996   .text.TL_BAC_Time_To_Local:0000000000000068 .L154
C:\Users\zero6575\AppData\Local\Temp\ccYgedCd.s:3012   .text.TL_BAC_Time_To_Local:0000000000000088 .L155
C:\Users\zero6575\AppData\Local\Temp\ccYgedCd.s:3112   .text.TL_Local_Time_To_BAC:000000000000007c .L158
C:\Users\zero6575\AppData\Local\Temp\ccYgedCd.s:3121   .text.TL_Local_Time_To_BAC:000000000000008e .L159
C:\Users\zero6575\AppData\Local\Temp\ccYgedCd.s:3217   .text.rr_trend_log_encode:0000000000000078 .L0 
C:\Users\zero6575\AppData\Local\Temp\ccYgedCd.s:3231   .text.rr_trend_log_encode:0000000000000098 .L161
C:\Users\zero6575\AppData\Local\Temp\ccYgedCd.s:3273   .text.rr_trend_log_encode:00000000000000fc .L162
C:\Users\zero6575\AppData\Local\Temp\ccYgedCd.s:3246   .text.rr_trend_log_encode:00000000000000b4 .L163
C:\Users\zero6575\AppData\Local\Temp\ccYgedCd.s:3253   .text.rr_trend_log_encode:00000000000000c8 .L164
C:\Users\zero6575\AppData\Local\Temp\ccYgedCd.s:3267   .text.rr_trend_log_encode:00000000000000ea .L165
C:\Users\zero6575\AppData\Local\Temp\ccYgedCd.s:3347   .text.TL_encode_by_position:000000000000006c .L0 
C:\Users\zero6575\AppData\Local\Temp\ccYgedCd.s:3368   .text.TL_encode_by_position:00000000000000a0 .L167
C:\Users\zero6575\AppData\Local\Temp\ccYgedCd.s:3419   .text.TL_encode_by_position:000000000000010a .L168
C:\Users\zero6575\AppData\Local\Temp\ccYgedCd.s:3405   .text.TL_encode_by_position:00000000000000ec .L169
C:\Users\zero6575\AppData\Local\Temp\ccYgedCd.s:3431   .text.TL_encode_by_position:000000000000011e .L170
C:\Users\zero6575\AppData\Local\Temp\ccYgedCd.s:3557   .text.TL_encode_by_position:000000000000024a .L171
C:\Users\zero6575\AppData\Local\Temp\ccYgedCd.s:3456   .text.TL_encode_by_position:0000000000000150 .L172
C:\Users\zero6575\AppData\Local\Temp\ccYgedCd.s:3519   .text.TL_encode_by_position:00000000000001f0 .L173
C:\Users\zero6575\AppData\Local\Temp\ccYgedCd.s:3481   .text.TL_encode_by_position:0000000000000188 .L174
C:\Users\zero6575\AppData\Local\Temp\ccYgedCd.s:3526   .text.TL_encode_by_position:0000000000000200 .L175
C:\Users\zero6575\AppData\Local\Temp\ccYgedCd.s:3466   .text.TL_encode_by_position:0000000000000164 .L176
C:\Users\zero6575\AppData\Local\Temp\ccYgedCd.s:3539   .text.TL_encode_by_position:0000000000000222 .L177
C:\Users\zero6575\AppData\Local\Temp\ccYgedCd.s:3554   .text.TL_encode_by_position:0000000000000246 .L178
C:\Users\zero6575\AppData\Local\Temp\ccYgedCd.s:3641   .text.TL_encode_by_sequence:0000000000000080 .L0 
C:\Users\zero6575\AppData\Local\Temp\ccYgedCd.s:3679   .text.TL_encode_by_sequence:00000000000000d4 .L180
C:\Users\zero6575\AppData\Local\Temp\ccYgedCd.s:3697   .text.TL_encode_by_sequence:00000000000000f6 .L181
C:\Users\zero6575\AppData\Local\Temp\ccYgedCd.s:3707   .text.TL_encode_by_sequence:000000000000010c .L182
C:\Users\zero6575\AppData\Local\Temp\ccYgedCd.s:3718   .text.TL_encode_by_sequence:0000000000000122 .L183
C:\Users\zero6575\AppData\Local\Temp\ccYgedCd.s:3772   .text.TL_encode_by_sequence:0000000000000196 .L184
C:\Users\zero6575\AppData\Local\Temp\ccYgedCd.s:3744   .text.TL_encode_by_sequence:000000000000015e .L185
C:\Users\zero6575\AppData\Local\Temp\ccYgedCd.s:3748   .text.TL_encode_by_sequence:0000000000000162 .L186
C:\Users\zero6575\AppData\Local\Temp\ccYgedCd.s:4009   .text.TL_encode_by_sequence:00000000000003ca .L187
C:\Users\zero6575\AppData\Local\Temp\ccYgedCd.s:3758   .text.TL_encode_by_sequence:000000000000017a .L188
C:\Users\zero6575\AppData\Local\Temp\ccYgedCd.s:3891   .text.TL_encode_by_sequence:00000000000002a6 .L190
C:\Users\zero6575\AppData\Local\Temp\ccYgedCd.s:3789   .text.TL_encode_by_sequence:00000000000001ba .L191
C:\Users\zero6575\AppData\Local\Temp\ccYgedCd.s:3832   .text.TL_encode_by_sequence:0000000000000220 .L192
C:\Users\zero6575\AppData\Local\Temp\ccYgedCd.s:3816   .text.TL_encode_by_sequence:00000000000001fc .L193
C:\Users\zero6575\AppData\Local\Temp\ccYgedCd.s:3869   .text.TL_encode_by_sequence:0000000000000274 .L196
C:\Users\zero6575\AppData\Local\Temp\ccYgedCd.s:3856   .text.TL_encode_by_sequence:0000000000000258 .L197
C:\Users\zero6575\AppData\Local\Temp\ccYgedCd.s:3879   .text.TL_encode_by_sequence:000000000000028c .L200
C:\Users\zero6575\AppData\Local\Temp\ccYgedCd.s:3965   .text.TL_encode_by_sequence:0000000000000362 .L201
C:\Users\zero6575\AppData\Local\Temp\ccYgedCd.s:3923   .text.TL_encode_by_sequence:00000000000002f0 .L202
C:\Users\zero6575\AppData\Local\Temp\ccYgedCd.s:3974   .text.TL_encode_by_sequence:0000000000000376 .L203
C:\Users\zero6575\AppData\Local\Temp\ccYgedCd.s:3908   .text.TL_encode_by_sequence:00000000000002cc .L204
C:\Users\zero6575\AppData\Local\Temp\ccYgedCd.s:3987   .text.TL_encode_by_sequence:0000000000000398 .L205
C:\Users\zero6575\AppData\Local\Temp\ccYgedCd.s:4002   .text.TL_encode_by_sequence:00000000000003bc .L206
C:\Users\zero6575\AppData\Local\Temp\ccYgedCd.s:4087   .text.TL_encode_by_time:0000000000000074 .L0 
C:\Users\zero6575\AppData\Local\Temp\ccYgedCd.s:4145   .text.TL_encode_by_time:00000000000000f8 .L0 
C:\Users\zero6575\AppData\Local\Temp\ccYgedCd.s:4259   .text.TL_encode_by_time:0000000000000200 .L0 
C:\Users\zero6575\AppData\Local\Temp\ccYgedCd.s:4106   .text.TL_encode_by_time:00000000000000ae .L208
C:\Users\zero6575\AppData\Local\Temp\ccYgedCd.s:4112   .text.TL_encode_by_time:00000000000000b8 .L209
C:\Users\zero6575\AppData\Local\Temp\ccYgedCd.s:4229   .text.TL_encode_by_time:00000000000001c6 .L210
C:\Users\zero6575\AppData\Local\Temp\ccYgedCd.s:4178   .text.TL_encode_by_time:000000000000014c .L229
C:\Users\zero6575\AppData\Local\Temp\ccYgedCd.s:4130   .text.TL_encode_by_time:00000000000000da .L215
C:\Users\zero6575\AppData\Local\Temp\ccYgedCd.s:4422   .text.TL_encode_by_time:0000000000000380 .L214
C:\Users\zero6575\AppData\Local\Temp\ccYgedCd.s:4217   .text.TL_encode_by_time:00000000000001a4 .L216
C:\Users\zero6575\AppData\Local\Temp\ccYgedCd.s:4298   .text.TL_encode_by_time:000000000000025a .L218
C:\Users\zero6575\AppData\Local\Temp\ccYgedCd.s:4295   .text.TL_encode_by_time:0000000000000258 .L230
C:\Users\zero6575\AppData\Local\Temp\ccYgedCd.s:4244   .text.TL_encode_by_time:00000000000001e2 .L221
C:\Users\zero6575\AppData\Local\Temp\ccYgedCd.s:4378   .text.TL_encode_by_time:0000000000000320 .L222
C:\Users\zero6575\AppData\Local\Temp\ccYgedCd.s:4329   .text.TL_encode_by_time:000000000000029e .L223
C:\Users\zero6575\AppData\Local\Temp\ccYgedCd.s:4387   .text.TL_encode_by_time:000000000000032c .L224
C:\Users\zero6575\AppData\Local\Temp\ccYgedCd.s:4384   .text.TL_encode_by_time:000000000000032a .L231
C:\Users\zero6575\AppData\Local\Temp\ccYgedCd.s:4314   .text.TL_encode_by_time:000000000000027a .L225
C:\Users\zero6575\AppData\Local\Temp\ccYgedCd.s:4400   .text.TL_encode_by_time:000000000000034e .L226
C:\Users\zero6575\AppData\Local\Temp\ccYgedCd.s:4415   .text.TL_encode_by_time:0000000000000372 .L227
C:\Users\zero6575\AppData\Local\Temp\ccYgedCd.s:4465   .text.TL_encode_entry:0000000000000026 .L0 
C:\Users\zero6575\AppData\Local\Temp\ccYgedCd.s:4496   .text.TL_encode_entry:0000000000000076 .L0 
C:\Users\zero6575\AppData\Local\Temp\ccYgedCd.s:4502   .text.TL_encode_entry:0000000000000086 .L0 
C:\Users\zero6575\AppData\Local\Temp\ccYgedCd.s:4532   .text.TL_encode_entry:00000000000000d0 .L0 
C:\Users\zero6575\AppData\Local\Temp\ccYgedCd.s:4589   .rodata.TL_encode_entry:0000000000000000 .L237
C:\Users\zero6575\AppData\Local\Temp\ccYgedCd.s:4579   .text.TL_encode_entry:0000000000000154 .L0 
C:\Users\zero6575\AppData\Local\Temp\ccYgedCd.s:4583   .text.TL_encode_entry:0000000000000164 .L0 
C:\Users\zero6575\AppData\Local\Temp\ccYgedCd.s:4500   .text.TL_encode_entry:0000000000000086 .L233
C:\Users\zero6575\AppData\Local\Temp\ccYgedCd.s:4535   .text.TL_encode_entry:00000000000000de .L234
C:\Users\zero6575\AppData\Local\Temp\ccYgedCd.s:4934   .text.TL_encode_entry:00000000000004cc .L235
C:\Users\zero6575\AppData\Local\Temp\ccYgedCd.s:4803   .text.TL_encode_entry:0000000000000382 .L248
C:\Users\zero6575\AppData\Local\Temp\ccYgedCd.s:4780   .text.TL_encode_entry:0000000000000348 .L249
C:\Users\zero6575\AppData\Local\Temp\ccYgedCd.s:4992   .text.TL_encode_entry:000000000000056e .L250
C:\Users\zero6575\AppData\Local\Temp\ccYgedCd.s:4602   .text.TL_encode_entry:0000000000000170 .L247
C:\Users\zero6575\AppData\Local\Temp\ccYgedCd.s:4640   .text.TL_encode_entry:00000000000001de .L246
C:\Users\zero6575\AppData\Local\Temp\ccYgedCd.s:4666   .text.TL_encode_entry:0000000000000220 .L245
C:\Users\zero6575\AppData\Local\Temp\ccYgedCd.s:4687   .text.TL_encode_entry:0000000000000256 .L244
C:\Users\zero6575\AppData\Local\Temp\ccYgedCd.s:4708   .text.TL_encode_entry:000000000000028c .L243
C:\Users\zero6575\AppData\Local\Temp\ccYgedCd.s:4729   .text.TL_encode_entry:00000000000002c2 .L242
C:\Users\zero6575\AppData\Local\Temp\ccYgedCd.s:4750   .text.TL_encode_entry:00000000000002f8 .L241
C:\Users\zero6575\AppData\Local\Temp\ccYgedCd.s:4827   .text.TL_encode_entry:00000000000003c0 .L240
C:\Users\zero6575\AppData\Local\Temp\ccYgedCd.s:4845   .text.TL_encode_entry:00000000000003ee .L239
C:\Users\zero6575\AppData\Local\Temp\ccYgedCd.s:4910   .text.TL_encode_entry:0000000000000494 .L238
C:\Users\zero6575\AppData\Local\Temp\ccYgedCd.s:4931   .text.TL_encode_entry:00000000000004ca .L252
C:\Users\zero6575\AppData\Local\Temp\ccYgedCd.s:5080   .text.local_read_property:0000000000000094 .L254
C:\Users\zero6575\AppData\Local\Temp\ccYgedCd.s:5120   .text.local_read_property:00000000000000f4 .L255
C:\Users\zero6575\AppData\Local\Temp\ccYgedCd.s:5170   .text.TL_fetch_property:0000000000000038 .L0 
C:\Users\zero6575\AppData\Local\Temp\ccYgedCd.s:5193   .text.TL_fetch_property:0000000000000074 .L0 
C:\Users\zero6575\AppData\Local\Temp\ccYgedCd.s:5250   .rodata.TL_fetch_property:0000000000000000 .L262
C:\Users\zero6575\AppData\Local\Temp\ccYgedCd.s:5240   .text.TL_fetch_property:00000000000000fe .L0 
C:\Users\zero6575\AppData\Local\Temp\ccYgedCd.s:5244   .text.TL_fetch_property:000000000000010e .L0 
C:\Users\zero6575\AppData\Local\Temp\ccYgedCd.s:5531   .text.TL_fetch_property:00000000000003b8 .L0 
C:\Users\zero6575\AppData\Local\Temp\ccYgedCd.s:5222   .text.TL_fetch_property:00000000000000cc .L258
C:\Users\zero6575\AppData\Local\Temp\ccYgedCd.s:5521   .text.TL_fetch_property:00000000000003a4 .L259
C:\Users\zero6575\AppData\Local\Temp\ccYgedCd.s:5478   .text.TL_fetch_property:0000000000000330 .L260
C:\Users\zero6575\AppData\Local\Temp\ccYgedCd.s:5490   .text.TL_fetch_property:0000000000000346 .L269
C:\Users\zero6575\AppData\Local\Temp\ccYgedCd.s:5425   .text.TL_fetch_property:00000000000002b4 .L270
C:\Users\zero6575\AppData\Local\Temp\ccYgedCd.s:5412   .text.TL_fetch_property:0000000000000294 .L271
C:\Users\zero6575\AppData\Local\Temp\ccYgedCd.s:5392   .text.TL_fetch_property:0000000000000260 .L272
C:\Users\zero6575\AppData\Local\Temp\ccYgedCd.s:5453   .text.TL_fetch_property:00000000000002f6 .L274
C:\Users\zero6575\AppData\Local\Temp\ccYgedCd.s:5433   .text.TL_fetch_property:00000000000002c2 .L275
C:\Users\zero6575\AppData\Local\Temp\ccYgedCd.s:5558   .text.TL_fetch_property:0000000000000404 .L276
C:\Users\zero6575\AppData\Local\Temp\ccYgedCd.s:5582   .text.TL_fetch_property:0000000000000438 .L278
C:\Users\zero6575\AppData\Local\Temp\ccYgedCd.s:5262   .text.TL_fetch_property:000000000000011a .L268
C:\Users\zero6575\AppData\Local\Temp\ccYgedCd.s:5268   .text.TL_fetch_property:0000000000000122 .L267
C:\Users\zero6575\AppData\Local\Temp\ccYgedCd.s:5281   .text.TL_fetch_property:000000000000013e .L266
C:\Users\zero6575\AppData\Local\Temp\ccYgedCd.s:5298   .text.TL_fetch_property:0000000000000168 .L265
C:\Users\zero6575\AppData\Local\Temp\ccYgedCd.s:5315   .text.TL_fetch_property:0000000000000192 .L264
C:\Users\zero6575\AppData\Local\Temp\ccYgedCd.s:5332   .text.TL_fetch_property:00000000000001bc .L263
C:\Users\zero6575\AppData\Local\Temp\ccYgedCd.s:5461   .text.TL_fetch_property:0000000000000306 .L261
C:\Users\zero6575\AppData\Local\Temp\ccYgedCd.s:5637   .text.trend_log_timer:000000000000003a .L0 
C:\Users\zero6575\AppData\Local\Temp\ccYgedCd.s:5756   .text.trend_log_timer:0000000000000146 .L280
C:\Users\zero6575\AppData\Local\Temp\ccYgedCd.s:5751   .text.trend_log_timer:000000000000013c .L281
C:\Users\zero6575\AppData\Local\Temp\ccYgedCd.s:5731   .text.trend_log_timer:000000000000010e .L282
C:\Users\zero6575\AppData\Local\Temp\ccYgedCd.s:5702   .text.trend_log_timer:00000000000000d2 .L283
C:\Users\zero6575\AppData\Local\Temp\ccYgedCd.s:5683   .text.trend_log_timer:00000000000000a8 .L284
C:\Users\zero6575\AppData\Local\Temp\ccYgedCd.s:5726   .text.trend_log_timer:0000000000000104 .L286
C:\Users\zero6575\AppData\Local\Temp\ccYgedCd.s:5721   .text.trend_log_timer:00000000000000f6 .L287
C:\Users\zero6575\AppData\Local\Temp\ccYgedCd.s:5630   .text.trend_log_timer:000000000000002e .L288
C:\Users\zero6575\AppData\Local\Temp\ccYgedCd.s:12248  .debug_abbrev:0000000000000000 .Ldebug_abbrev0
C:\Users\zero6575\AppData\Local\Temp\ccYgedCd.s:19193  .debug_str:000000000000518e .LASF2274
C:\Users\zero6575\AppData\Local\Temp\ccYgedCd.s:18687  .debug_str:000000000000369c .LASF2275
C:\Users\zero6575\AppData\Local\Temp\ccYgedCd.s:18675  .debug_str:00000000000035a0 .LASF2276
C:\Users\zero6575\AppData\Local\Temp\ccYgedCd.s:13151  .debug_ranges:0000000000000000 .Ldebug_ranges0
C:\Users\zero6575\AppData\Local\Temp\ccYgedCd.s:17591  .debug_line:0000000000000000 .Ldebug_line0
C:\Users\zero6575\AppData\Local\Temp\ccYgedCd.s:13199  .debug_macro:0000000000000000 .Ldebug_macro0
C:\Users\zero6575\AppData\Local\Temp\ccYgedCd.s:20031  .debug_str:00000000000079c0 .LASF1160
C:\Users\zero6575\AppData\Local\Temp\ccYgedCd.s:17693  .debug_str:000000000000046b .LASF1163
C:\Users\zero6575\AppData\Local\Temp\ccYgedCd.s:18129  .debug_str:0000000000001865 .LASF1161
C:\Users\zero6575\AppData\Local\Temp\ccYgedCd.s:22065  .debug_str:000000000000de2a .LASF1162
C:\Users\zero6575\AppData\Local\Temp\ccYgedCd.s:18531  .debug_str:0000000000002eec .LASF1164
C:\Users\zero6575\AppData\Local\Temp\ccYgedCd.s:20027  .debug_str:0000000000007990 .LASF1165
C:\Users\zero6575\AppData\Local\Temp\ccYgedCd.s:21163  .debug_str:000000000000b091 .LASF1166
C:\Users\zero6575\AppData\Local\Temp\ccYgedCd.s:21167  .debug_str:000000000000b0a7 .LASF1167
C:\Users\zero6575\AppData\Local\Temp\ccYgedCd.s:22001  .debug_str:000000000000dae7 .LASF1168
C:\Users\zero6575\AppData\Local\Temp\ccYgedCd.s:20331  .debug_str:0000000000008889 .LASF1169
C:\Users\zero6575\AppData\Local\Temp\ccYgedCd.s:20559  .debug_str:000000000000947c .LASF1170
C:\Users\zero6575\AppData\Local\Temp\ccYgedCd.s:19213  .debug_str:0000000000005324 .LASF1171
C:\Users\zero6575\AppData\Local\Temp\ccYgedCd.s:17851  .debug_str:0000000000000b5d .LASF1172
C:\Users\zero6575\AppData\Local\Temp\ccYgedCd.s:18085  .debug_str:0000000000001622 .LASF1173
C:\Users\zero6575\AppData\Local\Temp\ccYgedCd.s:20469  .debug_str:0000000000008fe6 .LASF1174
C:\Users\zero6575\AppData\Local\Temp\ccYgedCd.s:19197  .debug_str:0000000000005263 .LASF1175
C:\Users\zero6575\AppData\Local\Temp\ccYgedCd.s:21709  .debug_str:000000000000cb6a .LASF1176
C:\Users\zero6575\AppData\Local\Temp\ccYgedCd.s:20517  .debug_str:0000000000009250 .LASF1177
C:\Users\zero6575\AppData\Local\Temp\ccYgedCd.s:19373  .debug_str:0000000000005a18 .LASF1178
C:\Users\zero6575\AppData\Local\Temp\ccYgedCd.s:19175  .debug_str:00000000000050a3 .LASF1179
C:\Users\zero6575\AppData\Local\Temp\ccYgedCd.s:21037  .debug_str:000000000000ab2e .LASF1180
C:\Users\zero6575\AppData\Local\Temp\ccYgedCd.s:19831  .debug_str:0000000000007076 .LASF1181
C:\Users\zero6575\AppData\Local\Temp\ccYgedCd.s:20261  .debug_str:0000000000008531 .LASF1182
C:\Users\zero6575\AppData\Local\Temp\ccYgedCd.s:19347  .debug_str:0000000000005905 .LASF1183
C:\Users\zero6575\AppData\Local\Temp\ccYgedCd.s:19209  .debug_str:00000000000052d5 .LASF1184
C:\Users\zero6575\AppData\Local\Temp\ccYgedCd.s:21191  .debug_str:000000000000b1ce .LASF1185
C:\Users\zero6575\AppData\Local\Temp\ccYgedCd.s:21111  .debug_str:000000000000ae2b .LASF1186
C:\Users\zero6575\AppData\Local\Temp\ccYgedCd.s:19861  .debug_str:00000000000071be .LASF1187
C:\Users\zero6575\AppData\Local\Temp\ccYgedCd.s:20305  .debug_str:0000000000008777 .LASF1188
C:\Users\zero6575\AppData\Local\Temp\ccYgedCd.s:21619  .debug_str:000000000000c6f6 .LASF1189
C:\Users\zero6575\AppData\Local\Temp\ccYgedCd.s:20731  .debug_str:0000000000009cce .LASF1194
C:\Users\zero6575\AppData\Local\Temp\ccYgedCd.s:19543  .debug_str:000000000000623f .LASF1190
C:\Users\zero6575\AppData\Local\Temp\ccYgedCd.s:20485  .debug_str:00000000000090a4 .LASF1191
C:\Users\zero6575\AppData\Local\Temp\ccYgedCd.s:21929  .debug_str:000000000000d7ab .LASF1192
C:\Users\zero6575\AppData\Local\Temp\ccYgedCd.s:18715  .debug_str:00000000000037cd .LASF1193
C:\Users\zero6575\AppData\Local\Temp\ccYgedCd.s:18445  .debug_str:0000000000002ae8 .LASF1195
C:\Users\zero6575\AppData\Local\Temp\ccYgedCd.s:19693  .debug_str:00000000000069a4 .LASF1196
C:\Users\zero6575\AppData\Local\Temp\ccYgedCd.s:21941  .debug_str:000000000000d82c .LASF1197
C:\Users\zero6575\AppData\Local\Temp\ccYgedCd.s:19355  .debug_str:0000000000005939 .LASF1198
C:\Users\zero6575\AppData\Local\Temp\ccYgedCd.s:19445  .debug_str:0000000000005d23 .LASF1199
C:\Users\zero6575\AppData\Local\Temp\ccYgedCd.s:17803  .debug_str:00000000000009af .LASF1200
C:\Users\zero6575\AppData\Local\Temp\ccYgedCd.s:18915  .debug_str:000000000000433e .LASF1201
C:\Users\zero6575\AppData\Local\Temp\ccYgedCd.s:18645  .debug_str:000000000000347b .LASF1202
C:\Users\zero6575\AppData\Local\Temp\ccYgedCd.s:18487  .debug_str:0000000000002cac .LASF1203
C:\Users\zero6575\AppData\Local\Temp\ccYgedCd.s:18651  .debug_str:00000000000034bc .LASF1204
C:\Users\zero6575\AppData\Local\Temp\ccYgedCd.s:19703  .debug_str:0000000000006a43 .LASF1205
C:\Users\zero6575\AppData\Local\Temp\ccYgedCd.s:19471  .debug_str:0000000000005e61 .LASF1206
C:\Users\zero6575\AppData\Local\Temp\ccYgedCd.s:18623  .debug_str:0000000000003366 .LASF1207
C:\Users\zero6575\AppData\Local\Temp\ccYgedCd.s:17807  .debug_str:00000000000009c9 .LASF1208
C:\Users\zero6575\AppData\Local\Temp\ccYgedCd.s:21203  .debug_str:000000000000b25c .LASF1209
C:\Users\zero6575\AppData\Local\Temp\ccYgedCd.s:17731  .debug_str:000000000000063e .LASF1210
C:\Users\zero6575\AppData\Local\Temp\ccYgedCd.s:17827  .debug_str:0000000000000a74 .LASF1211
C:\Users\zero6575\AppData\Local\Temp\ccYgedCd.s:21083  .debug_str:000000000000acff .LASF1212
C:\Users\zero6575\AppData\Local\Temp\ccYgedCd.s:17593  .debug_str:0000000000000000 .LASF1213
C:\Users\zero6575\AppData\Local\Temp\ccYgedCd.s:20183  .debug_str:00000000000080d3 .LASF1214
C:\Users\zero6575\AppData\Local\Temp\ccYgedCd.s:18375  .debug_str:000000000000273e .LASF1215
C:\Users\zero6575\AppData\Local\Temp\ccYgedCd.s:18769  .debug_str:0000000000003a30 .LASF1216
C:\Users\zero6575\AppData\Local\Temp\ccYgedCd.s:18111  .debug_str:0000000000001771 .LASF1217
C:\Users\zero6575\AppData\Local\Temp\ccYgedCd.s:17883  .debug_str:0000000000000d29 .LASF1218
C:\Users\zero6575\AppData\Local\Temp\ccYgedCd.s:21041  .debug_str:000000000000ab52 .LASF1219
C:\Users\zero6575\AppData\Local\Temp\ccYgedCd.s:18187  .debug_str:0000000000001bc0 .LASF1220
C:\Users\zero6575\AppData\Local\Temp\ccYgedCd.s:18257  .debug_str:0000000000002193 .LASF1221
C:\Users\zero6575\AppData\Local\Temp\ccYgedCd.s:18327  .debug_str:000000000000251e .LASF1222
C:\Users\zero6575\AppData\Local\Temp\ccYgedCd.s:19427  .debug_str:0000000000005c8f .LASF1223
C:\Users\zero6575\AppData\Local\Temp\ccYgedCd.s:19043  .debug_str:0000000000004a7e .LASF1224
C:\Users\zero6575\AppData\Local\Temp\ccYgedCd.s:18677  .debug_str:0000000000003602 .LASF1225
C:\Users\zero6575\AppData\Local\Temp\ccYgedCd.s:18607  .debug_str:0000000000003286 .LASF1226
C:\Users\zero6575\AppData\Local\Temp\ccYgedCd.s:17825  .debug_str:0000000000000a6f .LASF1227
C:\Users\zero6575\AppData\Local\Temp\ccYgedCd.s:20413  .debug_str:0000000000008c6f .LASF1228
C:\Users\zero6575\AppData\Local\Temp\ccYgedCd.s:21567  .debug_str:000000000000c477 .LASF1229
C:\Users\zero6575\AppData\Local\Temp\ccYgedCd.s:21529  .debug_str:000000000000c233 .LASF1230
C:\Users\zero6575\AppData\Local\Temp\ccYgedCd.s:21761  .debug_str:000000000000cdff .LASF1231
C:\Users\zero6575\AppData\Local\Temp\ccYgedCd.s:20993  .debug_str:000000000000a91d .LASF1232
C:\Users\zero6575\AppData\Local\Temp\ccYgedCd.s:21433  .debug_str:000000000000bdaa .LASF1233
C:\Users\zero6575\AppData\Local\Temp\ccYgedCd.s:17921  .debug_str:0000000000000f3a .LASF1234
C:\Users\zero6575\AppData\Local\Temp\ccYgedCd.s:19277  .debug_str:0000000000005602 .LASF1235
C:\Users\zero6575\AppData\Local\Temp\ccYgedCd.s:22005  .debug_str:000000000000db0b .LASF1236
C:\Users\zero6575\AppData\Local\Temp\ccYgedCd.s:19199  .debug_str:000000000000526a .LASF1237
C:\Users\zero6575\AppData\Local\Temp\ccYgedCd.s:20253  .debug_str:00000000000084f1 .LASF1238
C:\Users\zero6575\AppData\Local\Temp\ccYgedCd.s:17933  .debug_str:0000000000000fd1 .LASF1239
C:\Users\zero6575\AppData\Local\Temp\ccYgedCd.s:20981  .debug_str:000000000000a8c1 .LASF1240
C:\Users\zero6575\AppData\Local\Temp\ccYgedCd.s:18361  .debug_str:00000000000026af .LASF1241
C:\Users\zero6575\AppData\Local\Temp\ccYgedCd.s:18723  .debug_str:00000000000037fe .LASF1242
C:\Users\zero6575\AppData\Local\Temp\ccYgedCd.s:19559  .debug_str:00000000000062cd .LASF1243
C:\Users\zero6575\AppData\Local\Temp\ccYgedCd.s:21073  .debug_str:000000000000acb7 .LASF1244
C:\Users\zero6575\AppData\Local\Temp\ccYgedCd.s:19575  .debug_str:000000000000638f .LASF1245
C:\Users\zero6575\AppData\Local\Temp\ccYgedCd.s:22089  .debug_str:000000000000df45 .LASF1246
C:\Users\zero6575\AppData\Local\Temp\ccYgedCd.s:18811  .debug_str:0000000000003c47 .LASF1247
C:\Users\zero6575\AppData\Local\Temp\ccYgedCd.s:19993  .debug_str:0000000000007839 .LASF1248
C:\Users\zero6575\AppData\Local\Temp\ccYgedCd.s:20641  .debug_str:00000000000098b2 .LASF1249
C:\Users\zero6575\AppData\Local\Temp\ccYgedCd.s:20963  .debug_str:000000000000a7d3 .LASF1250
C:\Users\zero6575\AppData\Local\Temp\ccYgedCd.s:17993  .debug_str:000000000000125a .LASF1251
C:\Users\zero6575\AppData\Local\Temp\ccYgedCd.s:20949  .debug_str:000000000000a737 .LASF1252
C:\Users\zero6575\AppData\Local\Temp\ccYgedCd.s:20149  .debug_str:0000000000007eaf .LASF1253
C:\Users\zero6575\AppData\Local\Temp\ccYgedCd.s:17991  .debug_str:0000000000001254 .LASF1254
C:\Users\zero6575\AppData\Local\Temp\ccYgedCd.s:17727  .debug_str:0000000000000614 .LASF1255
C:\Users\zero6575\AppData\Local\Temp\ccYgedCd.s:21723  .debug_str:000000000000cc05 .LASF1256
C:\Users\zero6575\AppData\Local\Temp\ccYgedCd.s:20649  .debug_str:000000000000990f .LASF391
C:\Users\zero6575\AppData\Local\Temp\ccYgedCd.s:21913  .debug_str:000000000000d713 .LASF1257
C:\Users\zero6575\AppData\Local\Temp\ccYgedCd.s:20661  .debug_str:0000000000009982 .LASF1258
C:\Users\zero6575\AppData\Local\Temp\ccYgedCd.s:19397  .debug_str:0000000000005b5a .LASF1259
C:\Users\zero6575\AppData\Local\Temp\ccYgedCd.s:20411  .debug_str:0000000000008c69 .LASF1260
C:\Users\zero6575\AppData\Local\Temp\ccYgedCd.s:22105  .debug_str:000000000000dfe6 .LASF1261
C:\Users\zero6575\AppData\Local\Temp\ccYgedCd.s:19987  .debug_str:0000000000007817 .LASF1262
C:\Users\zero6575\AppData\Local\Temp\ccYgedCd.s:18957  .debug_str:0000000000004639 .LASF1263
C:\Users\zero6575\AppData\Local\Temp\ccYgedCd.s:18107  .debug_str:000000000000173e .LASF1264
C:\Users\zero6575\AppData\Local\Temp\ccYgedCd.s:20435  .debug_str:0000000000008db1 .LASF1265
C:\Users\zero6575\AppData\Local\Temp\ccYgedCd.s:21395  .debug_str:000000000000bc14 .LASF1266
C:\Users\zero6575\AppData\Local\Temp\ccYgedCd.s:21215  .debug_str:000000000000b2be .LASF1267
C:\Users\zero6575\AppData\Local\Temp\ccYgedCd.s:18611  .debug_str:00000000000032e9 .LASF1268
C:\Users\zero6575\AppData\Local\Temp\ccYgedCd.s:18603  .debug_str:000000000000325a .LASF1269
C:\Users\zero6575\AppData\Local\Temp\ccYgedCd.s:21233  .debug_str:000000000000b3a7 .LASF1270
C:\Users\zero6575\AppData\Local\Temp\ccYgedCd.s:20099  .debug_str:0000000000007ca2 .LASF1271
C:\Users\zero6575\AppData\Local\Temp\ccYgedCd.s:20741  .debug_str:0000000000009d45 .LASF1272
C:\Users\zero6575\AppData\Local\Temp\ccYgedCd.s:19935  .debug_str:0000000000007567 .LASF1273
C:\Users\zero6575\AppData\Local\Temp\ccYgedCd.s:20979  .debug_str:000000000000a8b4 .LASF1274
C:\Users\zero6575\AppData\Local\Temp\ccYgedCd.s:20355  .debug_str:0000000000008982 .LASF1275
C:\Users\zero6575\AppData\Local\Temp\ccYgedCd.s:18389  .debug_str:0000000000002834 .LASF1276
C:\Users\zero6575\AppData\Local\Temp\ccYgedCd.s:20197  .debug_str:0000000000008172 .LASF1277
C:\Users\zero6575\AppData\Local\Temp\ccYgedCd.s:20827  .debug_str:000000000000a124 .LASF1278
C:\Users\zero6575\AppData\Local\Temp\ccYgedCd.s:18991  .debug_str:0000000000004795 .LASF1279
C:\Users\zero6575\AppData\Local\Temp\ccYgedCd.s:19349  .debug_str:000000000000590c .LASF1280
C:\Users\zero6575\AppData\Local\Temp\ccYgedCd.s:18707  .debug_str:0000000000003781 .LASF1281
C:\Users\zero6575\AppData\Local\Temp\ccYgedCd.s:19757  .debug_str:0000000000006ca2 .LASF1282
C:\Users\zero6575\AppData\Local\Temp\ccYgedCd.s:20275  .debug_str:0000000000008608 .LASF1283
C:\Users\zero6575\AppData\Local\Temp\ccYgedCd.s:20983  .debug_str:000000000000a8c9 .LASF2277
C:\Users\zero6575\AppData\Local\Temp\ccYgedCd.s:18749  .debug_str:000000000000393e .LASF1284
C:\Users\zero6575\AppData\Local\Temp\ccYgedCd.s:21627  .debug_str:000000000000c739 .LASF1285
C:\Users\zero6575\AppData\Local\Temp\ccYgedCd.s:21531  .debug_str:000000000000c24c .LASF1286
C:\Users\zero6575\AppData\Local\Temp\ccYgedCd.s:20941  .debug_str:000000000000a6e9 .LASF1287
C:\Users\zero6575\AppData\Local\Temp\ccYgedCd.s:21519  .debug_str:000000000000c1b0 .LASF1288
C:\Users\zero6575\AppData\Local\Temp\ccYgedCd.s:17817  .debug_str:0000000000000a19 .LASF1289
C:\Users\zero6575\AppData\Local\Temp\ccYgedCd.s:21303  .debug_str:000000000000b7ce .LASF1290
C:\Users\zero6575\AppData\Local\Temp\ccYgedCd.s:21097  .debug_str:000000000000ad87 .LASF1291
C:\Users\zero6575\AppData\Local\Temp\ccYgedCd.s:21205  .debug_str:000000000000b264 .LASF1292
C:\Users\zero6575\AppData\Local\Temp\ccYgedCd.s:19253  .debug_str:000000000000550f .LASF1293
C:\Users\zero6575\AppData\Local\Temp\ccYgedCd.s:20625  .debug_str:00000000000097f0 .LASF1294
C:\Users\zero6575\AppData\Local\Temp\ccYgedCd.s:18987  .debug_str:000000000000476e .LASF1295
C:\Users\zero6575\AppData\Local\Temp\ccYgedCd.s:18911  .debug_str:0000000000004315 .LASF1296
C:\Users\zero6575\AppData\Local\Temp\ccYgedCd.s:21227  .debug_str:000000000000b357 .LASF1297
C:\Users\zero6575\AppData\Local\Temp\ccYgedCd.s:19567  .debug_str:0000000000006346 .LASF1298
C:\Users\zero6575\AppData\Local\Temp\ccYgedCd.s:19315  .debug_str:0000000000005798 .LASF1299
C:\Users\zero6575\AppData\Local\Temp\ccYgedCd.s:21495  .debug_str:000000000000c088 .LASF1300
C:\Users\zero6575\AppData\Local\Temp\ccYgedCd.s:20093  .debug_str:0000000000007c62 .LASF1301
C:\Users\zero6575\AppData\Local\Temp\ccYgedCd.s:18747  .debug_str:000000000000391c .LASF1302
C:\Users\zero6575\AppData\Local\Temp\ccYgedCd.s:21431  .debug_str:000000000000bd9d .LASF1303
C:\Users\zero6575\AppData\Local\Temp\ccYgedCd.s:17787  .debug_str:0000000000000911 .LASF1304
C:\Users\zero6575\AppData\Local\Temp\ccYgedCd.s:18067  .debug_str:0000000000001555 .LASF1305
C:\Users\zero6575\AppData\Local\Temp\ccYgedCd.s:20745  .debug_str:0000000000009d64 .LASF1306
C:\Users\zero6575\AppData\Local\Temp\ccYgedCd.s:19933  .debug_str:000000000000754f .LASF1307
C:\Users\zero6575\AppData\Local\Temp\ccYgedCd.s:19005  .debug_str:0000000000004870 .LASF1308
C:\Users\zero6575\AppData\Local\Temp\ccYgedCd.s:20141  .debug_str:0000000000007e56 .LASF1309
C:\Users\zero6575\AppData\Local\Temp\ccYgedCd.s:18975  .debug_str:00000000000046fc .LASF1310
C:\Users\zero6575\AppData\Local\Temp\ccYgedCd.s:20525  .debug_str:00000000000092b3 .LASF1311
C:\Users\zero6575\AppData\Local\Temp\ccYgedCd.s:19325  .debug_str:000000000000580d .LASF1312
C:\Users\zero6575\AppData\Local\Temp\ccYgedCd.s:20971  .debug_str:000000000000a834 .LASF1313
C:\Users\zero6575\AppData\Local\Temp\ccYgedCd.s:18521  .debug_str:0000000000002e75 .LASF1314
C:\Users\zero6575\AppData\Local\Temp\ccYgedCd.s:18059  .debug_str:000000000000151a .LASF1315
C:\Users\zero6575\AppData\Local\Temp\ccYgedCd.s:18173  .debug_str:0000000000001b09 .LASF1316
C:\Users\zero6575\AppData\Local\Temp\ccYgedCd.s:18533  .debug_str:0000000000002ef7 .LASF1317
C:\Users\zero6575\AppData\Local\Temp\ccYgedCd.s:18895  .debug_str:000000000000409b .LASF1318
C:\Users\zero6575\AppData\Local\Temp\ccYgedCd.s:20049  .debug_str:0000000000007a97 .LASF1319
C:\Users\zero6575\AppData\Local\Temp\ccYgedCd.s:21339  .debug_str:000000000000b97c .LASF1320
C:\Users\zero6575\AppData\Local\Temp\ccYgedCd.s:18101  .debug_str:00000000000016ce .LASF1321
C:\Users\zero6575\AppData\Local\Temp\ccYgedCd.s:21651  .debug_str:000000000000c824 .LASF1322
C:\Users\zero6575\AppData\Local\Temp\ccYgedCd.s:19937  .debug_str:0000000000007574 .LASF1323
C:\Users\zero6575\AppData\Local\Temp\ccYgedCd.s:18717  .debug_str:00000000000037d2 .LASF1324
C:\Users\zero6575\AppData\Local\Temp\ccYgedCd.s:18293  .debug_str:0000000000002356 .LASF1325
C:\Users\zero6575\AppData\Local\Temp\ccYgedCd.s:19469  .debug_str:0000000000005e50 .LASF1326
C:\Users\zero6575\AppData\Local\Temp\ccYgedCd.s:17747  .debug_str:0000000000000708 .LASF1327
C:\Users\zero6575\AppData\Local\Temp\ccYgedCd.s:18669  .debug_str:000000000000356f .LASF1328
C:\Users\zero6575\AppData\Local\Temp\ccYgedCd.s:21875  .debug_str:000000000000d570 .LASF1329
C:\Users\zero6575\AppData\Local\Temp\ccYgedCd.s:22027  .debug_str:000000000000dc38 .LASF1330
C:\Users\zero6575\AppData\Local\Temp\ccYgedCd.s:19477  .debug_str:0000000000005e7e .LASF1331
C:\Users\zero6575\AppData\Local\Temp\ccYgedCd.s:20797  .debug_str:0000000000009ffa .LASF1332
C:\Users\zero6575\AppData\Local\Temp\ccYgedCd.s:20207  .debug_str:00000000000081d1 .LASF1333
C:\Users\zero6575\AppData\Local\Temp\ccYgedCd.s:18919  .debug_str:0000000000004358 .LASF1334
C:\Users\zero6575\AppData\Local\Temp\ccYgedCd.s:18867  .debug_str:0000000000003f1b .LASF1335
C:\Users\zero6575\AppData\Local\Temp\ccYgedCd.s:20607  .debug_str:00000000000096ce .LASF1336
C:\Users\zero6575\AppData\Local\Temp\ccYgedCd.s:19155  .debug_str:0000000000004fcf .LASF1337
C:\Users\zero6575\AppData\Local\Temp\ccYgedCd.s:19297  .debug_str:00000000000056dc .LASF1338
C:\Users\zero6575\AppData\Local\Temp\ccYgedCd.s:18483  .debug_str:0000000000002c88 .LASF1339
C:\Users\zero6575\AppData\Local\Temp\ccYgedCd.s:21953  .debug_str:000000000000d8a5 .LASF1340
C:\Users\zero6575\AppData\Local\Temp\ccYgedCd.s:20209  .debug_str:00000000000081e0 .LASF1341
C:\Users\zero6575\AppData\Local\Temp\ccYgedCd.s:20483  .debug_str:0000000000009092 .LASF1342
C:\Users\zero6575\AppData\Local\Temp\ccYgedCd.s:19651  .debug_str:000000000000679d .LASF1343
C:\Users\zero6575\AppData\Local\Temp\ccYgedCd.s:19789  .debug_str:0000000000006e55 .LASF1344
C:\Users\zero6575\AppData\Local\Temp\ccYgedCd.s:20009  .debug_str:00000000000078de .LASF1345
C:\Users\zero6575\AppData\Local\Temp\ccYgedCd.s:18525  .debug_str:0000000000002e9c .LASF1346
C:\Users\zero6575\AppData\Local\Temp\ccYgedCd.s:20231  .debug_str:00000000000083ce .LASF1347
C:\Users\zero6575\AppData\Local\Temp\ccYgedCd.s:21209  .debug_str:000000000000b284 .LASF1348
C:\Users\zero6575\AppData\Local\Temp\ccYgedCd.s:20045  .debug_str:0000000000007a7c .LASF1349
C:\Users\zero6575\AppData\Local\Temp\ccYgedCd.s:17751  .debug_str:0000000000000742 .LASF1350
C:\Users\zero6575\AppData\Local\Temp\ccYgedCd.s:21633  .debug_str:000000000000c770 .LASF1351
C:\Users\zero6575\AppData\Local\Temp\ccYgedCd.s:21663  .debug_str:000000000000c8c5 .LASF1352
C:\Users\zero6575\AppData\Local\Temp\ccYgedCd.s:18835  .debug_str:0000000000003d59 .LASF1353
C:\Users\zero6575\AppData\Local\Temp\ccYgedCd.s:21311  .debug_str:000000000000b81d .LASF1354
C:\Users\zero6575\AppData\Local\Temp\ccYgedCd.s:18543  .debug_str:0000000000002f6c .LASF1355
C:\Users\zero6575\AppData\Local\Temp\ccYgedCd.s:20129  .debug_str:0000000000007dd6 .LASF1356
C:\Users\zero6575\AppData\Local\Temp\ccYgedCd.s:21703  .debug_str:000000000000cb1e .LASF1357
C:\Users\zero6575\AppData\Local\Temp\ccYgedCd.s:20423  .debug_str:0000000000008cc8 .LASF1358
C:\Users\zero6575\AppData\Local\Temp\ccYgedCd.s:17777  .debug_str:000000000000089e .LASF1359
C:\Users\zero6575\AppData\Local\Temp\ccYgedCd.s:19429  .debug_str:0000000000005c96 .LASF1360
C:\Users\zero6575\AppData\Local\Temp\ccYgedCd.s:18263  .debug_str:00000000000021c7 .LASF1361
C:\Users\zero6575\AppData\Local\Temp\ccYgedCd.s:20351  .debug_str:0000000000008960 .LASF1362
C:\Users\zero6575\AppData\Local\Temp\ccYgedCd.s:17819  .debug_str:0000000000000a28 .LASF1363
C:\Users\zero6575\AppData\Local\Temp\ccYgedCd.s:19941  .debug_str:00000000000075a2 .LASF1364
C:\Users\zero6575\AppData\Local\Temp\ccYgedCd.s:17937  .debug_str:0000000000000fe9 .LASF1365
C:\Users\zero6575\AppData\Local\Temp\ccYgedCd.s:18673  .debug_str:000000000000358f .LASF1366
C:\Users\zero6575\AppData\Local\Temp\ccYgedCd.s:19087  .debug_str:0000000000004cd9 .LASF1367
C:\Users\zero6575\AppData\Local\Temp\ccYgedCd.s:18527  .debug_str:0000000000002eac .LASF1368
C:\Users\zero6575\AppData\Local\Temp\ccYgedCd.s:20265  .debug_str:0000000000008557 .LASF1369
C:\Users\zero6575\AppData\Local\Temp\ccYgedCd.s:21241  .debug_str:000000000000b408 .LASF1370
C:\Users\zero6575\AppData\Local\Temp\ccYgedCd.s:19725  .debug_str:0000000000006b31 .LASF1371
C:\Users\zero6575\AppData\Local\Temp\ccYgedCd.s:19827  .debug_str:000000000000701d .LASF1372
C:\Users\zero6575\AppData\Local\Temp\ccYgedCd.s:19207  .debug_str:00000000000052bf .LASF1373
C:\Users\zero6575\AppData\Local\Temp\ccYgedCd.s:18451  .debug_str:0000000000002b18 .LASF1374
C:\Users\zero6575\AppData\Local\Temp\ccYgedCd.s:18573  .debug_str:00000000000030ef .LASF1375
C:\Users\zero6575\AppData\Local\Temp\ccYgedCd.s:21137  .debug_str:000000000000af74 .LASF1376
C:\Users\zero6575\AppData\Local\Temp\ccYgedCd.s:21793  .debug_str:000000000000cfda .LASF1377
C:\Users\zero6575\AppData\Local\Temp\ccYgedCd.s:20011  .debug_str:00000000000078f8 .LASF1378
C:\Users\zero6575\AppData\Local\Temp\ccYgedCd.s:18585  .debug_str:0000000000003191 .LASF1379
C:\Users\zero6575\AppData\Local\Temp\ccYgedCd.s:20097  .debug_str:0000000000007c8e .LASF1380
C:\Users\zero6575\AppData\Local\Temp\ccYgedCd.s:21585  .debug_str:000000000000c54b .LASF1381
C:\Users\zero6575\AppData\Local\Temp\ccYgedCd.s:18411  .debug_str:0000000000002933 .LASF1382
C:\Users\zero6575\AppData\Local\Temp\ccYgedCd.s:17673  .debug_str:0000000000000366 .LASF1383
C:\Users\zero6575\AppData\Local\Temp\ccYgedCd.s:19641  .debug_str:00000000000066f0 .LASF1384
C:\Users\zero6575\AppData\Local\Temp\ccYgedCd.s:18821  .debug_str:0000000000003c93 .LASF1385
C:\Users\zero6575\AppData\Local\Temp\ccYgedCd.s:18681  .debug_str:0000000000003622 .LASF1386
C:\Users\zero6575\AppData\Local\Temp\ccYgedCd.s:18551  .debug_str:0000000000002fd7 .LASF1387
C:\Users\zero6575\AppData\Local\Temp\ccYgedCd.s:20557  .debug_str:0000000000009466 .LASF1388
C:\Users\zero6575\AppData\Local\Temp\ccYgedCd.s:18581  .debug_str:0000000000003164 .LASF1389
C:\Users\zero6575\AppData\Local\Temp\ccYgedCd.s:18093  .debug_str:0000000000001671 .LASF1390
C:\Users\zero6575\AppData\Local\Temp\ccYgedCd.s:17657  .debug_str:0000000000000286 .LASF1391
C:\Users\zero6575\AppData\Local\Temp\ccYgedCd.s:18519  .debug_str:0000000000002e61 .LASF1392
C:\Users\zero6575\AppData\Local\Temp\ccYgedCd.s:22055  .debug_str:000000000000ddc2 .LASF1393
C:\Users\zero6575\AppData\Local\Temp\ccYgedCd.s:19891  .debug_str:000000000000735d .LASF1394
C:\Users\zero6575\AppData\Local\Temp\ccYgedCd.s:19621  .debug_str:000000000000661a .LASF1395
C:\Users\zero6575\AppData\Local\Temp\ccYgedCd.s:18467  .debug_str:0000000000002bd5 .LASF1396
C:\Users\zero6575\AppData\Local\Temp\ccYgedCd.s:18135  .debug_str:00000000000018aa .LASF1397
C:\Users\zero6575\AppData\Local\Temp\ccYgedCd.s:19731  .debug_str:0000000000006b78 .LASF1398
C:\Users\zero6575\AppData\Local\Temp\ccYgedCd.s:20751  .debug_str:0000000000009d97 .LASF1399
C:\Users\zero6575\AppData\Local\Temp\ccYgedCd.s:21615  .debug_str:000000000000c6d2 .LASF1400
C:\Users\zero6575\AppData\Local\Temp\ccYgedCd.s:21599  .debug_str:000000000000c608 .LASF1401
C:\Users\zero6575\AppData\Local\Temp\ccYgedCd.s:19637  .debug_str:00000000000066c7 .LASF1402
C:\Users\zero6575\AppData\Local\Temp\ccYgedCd.s:18851  .debug_str:0000000000003e48 .LASF1403
C:\Users\zero6575\AppData\Local\Temp\ccYgedCd.s:18477  .debug_str:0000000000002c40 .LASF1404
C:\Users\zero6575\AppData\Local\Temp\ccYgedCd.s:21115  .debug_str:000000000000ae57 .LASF1405
C:\Users\zero6575\AppData\Local\Temp\ccYgedCd.s:21951  .debug_str:000000000000d880 .LASF1406
C:\Users\zero6575\AppData\Local\Temp\ccYgedCd.s:17869  .debug_str:0000000000000c5f .LASF1407
C:\Users\zero6575\AppData\Local\Temp\ccYgedCd.s:20565  .debug_str:00000000000094ae .LASF1408
C:\Users\zero6575\AppData\Local\Temp\ccYgedCd.s:20573  .debug_str:000000000000951d .LASF1409
C:\Users\zero6575\AppData\Local\Temp\ccYgedCd.s:18449  .debug_str:0000000000002b01 .LASF1410
C:\Users\zero6575\AppData\Local\Temp\ccYgedCd.s:19439  .debug_str:0000000000005cee .LASF1411
C:\Users\zero6575\AppData\Local\Temp\ccYgedCd.s:20461  .debug_str:0000000000008f5a .LASF1412
C:\Users\zero6575\AppData\Local\Temp\ccYgedCd.s:20467  .debug_str:0000000000008fd1 .LASF1413
C:\Users\zero6575\AppData\Local\Temp\ccYgedCd.s:21239  .debug_str:000000000000b3f1 .LASF1414
C:\Users\zero6575\AppData\Local\Temp\ccYgedCd.s:21645  .debug_str:000000000000c7f2 .LASF1415
C:\Users\zero6575\AppData\Local\Temp\ccYgedCd.s:18719  .debug_str:00000000000037e3 .LASF1416
C:\Users\zero6575\AppData\Local\Temp\ccYgedCd.s:21915  .debug_str:000000000000d71a .LASF1417
C:\Users\zero6575\AppData\Local\Temp\ccYgedCd.s:20153  .debug_str:0000000000007ec7 .LASF1418
C:\Users\zero6575\AppData\Local\Temp\ccYgedCd.s:18383  .debug_str:00000000000027bc .LASF1419
C:\Users\zero6575\AppData\Local\Temp\ccYgedCd.s:19437  .debug_str:0000000000005cd7 .LASF1420
C:\Users\zero6575\AppData\Local\Temp\ccYgedCd.s:19715  .debug_str:0000000000006aae .LASF1421
C:\Users\zero6575\AppData\Local\Temp\ccYgedCd.s:20201  .debug_str:000000000000818c .LASF1422
C:\Users\zero6575\AppData\Local\Temp\ccYgedCd.s:20891  .debug_str:000000000000a4d7 .LASF1423
C:\Users\zero6575\AppData\Local\Temp\ccYgedCd.s:19889  .debug_str:000000000000734b .LASF1424
C:\Users\zero6575\AppData\Local\Temp\ccYgedCd.s:19107  .debug_str:0000000000004dd2 .LASF1425
C:\Users\zero6575\AppData\Local\Temp\ccYgedCd.s:21837  .debug_str:000000000000d384 .LASF1426
C:\Users\zero6575\AppData\Local\Temp\ccYgedCd.s:20519  .debug_str:000000000000925c .LASF1427
C:\Users\zero6575\AppData\Local\Temp\ccYgedCd.s:19983  .debug_str:00000000000077e3 .LASF1428
C:\Users\zero6575\AppData\Local\Temp\ccYgedCd.s:20615  .debug_str:0000000000009734 .LASF1429
C:\Users\zero6575\AppData\Local\Temp\ccYgedCd.s:21299  .debug_str:000000000000b794 .LASF1430
C:\Users\zero6575\AppData\Local\Temp\ccYgedCd.s:21871  .debug_str:000000000000d54c .LASF1431
C:\Users\zero6575\AppData\Local\Temp\ccYgedCd.s:20417  .debug_str:0000000000008c87 .LASF1432
C:\Users\zero6575\AppData\Local\Temp\ccYgedCd.s:21849  .debug_str:000000000000d421 .LASF1433
C:\Users\zero6575\AppData\Local\Temp\ccYgedCd.s:20815  .debug_str:000000000000a0a3 .LASF1434
C:\Users\zero6575\AppData\Local\Temp\ccYgedCd.s:21029  .debug_str:000000000000aac4 .LASF1435
C:\Users\zero6575\AppData\Local\Temp\ccYgedCd.s:20729  .debug_str:0000000000009cbb .LASF1436
C:\Users\zero6575\AppData\Local\Temp\ccYgedCd.s:17653  .debug_str:000000000000025b .LASF1437
C:\Users\zero6575\AppData\Local\Temp\ccYgedCd.s:20621  .debug_str:0000000000009772 .LASF1438
C:\Users\zero6575\AppData\Local\Temp\ccYgedCd.s:22029  .debug_str:000000000000dc4c .LASF1439
C:\Users\zero6575\AppData\Local\Temp\ccYgedCd.s:20651  .debug_str:0000000000009914 .LASF1440
C:\Users\zero6575\AppData\Local\Temp\ccYgedCd.s:21305  .debug_str:000000000000b7e5 .LASF1441
C:\Users\zero6575\AppData\Local\Temp\ccYgedCd.s:21321  .debug_str:000000000000b8a9 .LASF1442
C:\Users\zero6575\AppData\Local\Temp\ccYgedCd.s:21545  .debug_str:000000000000c2ee .LASF1443
C:\Users\zero6575\AppData\Local\Temp\ccYgedCd.s:21335  .debug_str:000000000000b955 .LASF1444
C:\Users\zero6575\AppData\Local\Temp\ccYgedCd.s:19111  .debug_str:0000000000004dfd .LASF1445
C:\Users\zero6575\AppData\Local\Temp\ccYgedCd.s:17783  .debug_str:00000000000008ee .LASF1446
C:\Users\zero6575\AppData\Local\Temp\ccYgedCd.s:19617  .debug_str:00000000000065e5 .LASF1447
C:\Users\zero6575\AppData\Local\Temp\ccYgedCd.s:21981  .debug_str:000000000000da15 .LASF1448
C:\Users\zero6575\AppData\Local\Temp\ccYgedCd.s:21155  .debug_str:000000000000b022 .LASF1449
C:\Users\zero6575\AppData\Local\Temp\ccYgedCd.s:22073  .debug_str:000000000000de8c .LASF1450
C:\Users\zero6575\AppData\Local\Temp\ccYgedCd.s:21977  .debug_str:000000000000d9ee .LASF1451
C:\Users\zero6575\AppData\Local\Temp\ccYgedCd.s:22061  .debug_str:000000000000de04 .LASF1452
C:\Users\zero6575\AppData\Local\Temp\ccYgedCd.s:19719  .debug_str:0000000000006ac8 .LASF1453
C:\Users\zero6575\AppData\Local\Temp\ccYgedCd.s:21015  .debug_str:000000000000aa28 .LASF1454
C:\Users\zero6575\AppData\Local\Temp\ccYgedCd.s:21427  .debug_str:000000000000bd71 .LASF1455
C:\Users\zero6575\AppData\Local\Temp\ccYgedCd.s:20737  .debug_str:0000000000009cff .LASF1456
C:\Users\zero6575\AppData\Local\Temp\ccYgedCd.s:17897  .debug_str:0000000000000dc9 .LASF1457
C:\Users\zero6575\AppData\Local\Temp\ccYgedCd.s:21455  .debug_str:000000000000be99 .LASF1458
C:\Users\zero6575\AppData\Local\Temp\ccYgedCd.s:21625  .debug_str:000000000000c71f .LASF1459
C:\Users\zero6575\AppData\Local\Temp\ccYgedCd.s:21197  .debug_str:000000000000b21c .LASF1460
C:\Users\zero6575\AppData\Local\Temp\ccYgedCd.s:19885  .debug_str:0000000000007319 .LASF1461
C:\Users\zero6575\AppData\Local\Temp\ccYgedCd.s:19109  .debug_str:0000000000004de5 .LASF1462
C:\Users\zero6575\AppData\Local\Temp\ccYgedCd.s:20179  .debug_str:00000000000080a5 .LASF1463
C:\Users\zero6575\AppData\Local\Temp\ccYgedCd.s:21007  .debug_str:000000000000a9d2 .LASF1464
C:\Users\zero6575\AppData\Local\Temp\ccYgedCd.s:19339  .debug_str:00000000000058a2 .LASF1465
C:\Users\zero6575\AppData\Local\Temp\ccYgedCd.s:21143  .debug_str:000000000000afa8 .LASF1466
C:\Users\zero6575\AppData\Local\Temp\ccYgedCd.s:22041  .debug_str:000000000000dcff .LASF1467
C:\Users\zero6575\AppData\Local\Temp\ccYgedCd.s:22115  .debug_str:000000000000e034 .LASF1468
C:\Users\zero6575\AppData\Local\Temp\ccYgedCd.s:21005  .debug_str:000000000000a9bb .LASF1469
C:\Users\zero6575\AppData\Local\Temp\ccYgedCd.s:18813  .debug_str:0000000000003c4e .LASF1470
C:\Users\zero6575\AppData\Local\Temp\ccYgedCd.s:18029  .debug_str:00000000000013f5 .LASF1471
C:\Users\zero6575\AppData\Local\Temp\ccYgedCd.s:19585  .debug_str:00000000000063e9 .LASF1472
C:\Users\zero6575\AppData\Local\Temp\ccYgedCd.s:17843  .debug_str:0000000000000b0f .LASF1473
C:\Users\zero6575\AppData\Local\Temp\ccYgedCd.s:18619  .debug_str:0000000000003337 .LASF1474
C:\Users\zero6575\AppData\Local\Temp\ccYgedCd.s:22109  .debug_str:000000000000e008 .LASF1475
C:\Users\zero6575\AppData\Local\Temp\ccYgedCd.s:21379  .debug_str:000000000000bb6e .LASF1476
C:\Users\zero6575\AppData\Local\Temp\ccYgedCd.s:18615  .debug_str:0000000000003300 .LASF1477
C:\Users\zero6575\AppData\Local\Temp\ccYgedCd.s:21451  .debug_str:000000000000be6c .LASF1478
C:\Users\zero6575\AppData\Local\Temp\ccYgedCd.s:18255  .debug_str:0000000000002182 .LASF1479
C:\Users\zero6575\AppData\Local\Temp\ccYgedCd.s:19303  .debug_str:0000000000005716 .LASF1480
C:\Users\zero6575\AppData\Local\Temp\ccYgedCd.s:19263  .debug_str:0000000000005589 .LASF1481
C:\Users\zero6575\AppData\Local\Temp\ccYgedCd.s:18841  .debug_str:0000000000003d95 .LASF1482
C:\Users\zero6575\AppData\Local\Temp\ccYgedCd.s:18961  .debug_str:0000000000004652 .LASF1483
C:\Users\zero6575\AppData\Local\Temp\ccYgedCd.s:20733  .debug_str:0000000000009cd6 .LASF1484
C:\Users\zero6575\AppData\Local\Temp\ccYgedCd.s:18117  .debug_str:00000000000017d2 .LASF1485
C:\Users\zero6575\AppData\Local\Temp\ccYgedCd.s:19973  .debug_str:0000000000007788 .LASF1486
C:\Users\zero6575\AppData\Local\Temp\ccYgedCd.s:20189  .debug_str:00000000000080fe .LASF1487
C:\Users\zero6575\AppData\Local\Temp\ccYgedCd.s:18655  .debug_str:00000000000034e3 .LASF1488
C:\Users\zero6575\AppData\Local\Temp\ccYgedCd.s:20845  .debug_str:000000000000a21d .LASF1489
C:\Users\zero6575\AppData\Local\Temp\ccYgedCd.s:19801  .debug_str:0000000000006eec .LASF1490
C:\Users\zero6575\AppData\Local\Temp\ccYgedCd.s:20783  .debug_str:0000000000009f5c .LASF1491
C:\Users\zero6575\AppData\Local\Temp\ccYgedCd.s:21509  .debug_str:000000000000c12a .LASF1492
C:\Users\zero6575\AppData\Local\Temp\ccYgedCd.s:19711  .debug_str:0000000000006a88 .LASF1493
C:\Users\zero6575\AppData\Local\Temp\ccYgedCd.s:19415  .debug_str:0000000000005c10 .LASF1494
C:\Users\zero6575\AppData\Local\Temp\ccYgedCd.s:21183  .debug_str:000000000000b159 .LASF1495
C:\Users\zero6575\AppData\Local\Temp\ccYgedCd.s:21985  .debug_str:000000000000da47 .LASF1496
C:\Users\zero6575\AppData\Local\Temp\ccYgedCd.s:20719  .debug_str:0000000000009c5f .LASF1497
C:\Users\zero6575\AppData\Local\Temp\ccYgedCd.s:20869  .debug_str:000000000000a348 .LASF1498
C:\Users\zero6575\AppData\Local\Temp\ccYgedCd.s:21187  .debug_str:000000000000b19c .LASF1499
C:\Users\zero6575\AppData\Local\Temp\ccYgedCd.s:22097  .debug_str:000000000000df8b .LASF1500
C:\Users\zero6575\AppData\Local\Temp\ccYgedCd.s:18803  .debug_str:0000000000003bb4 .LASF1501
C:\Users\zero6575\AppData\Local\Temp\ccYgedCd.s:18215  .debug_str:0000000000001f96 .LASF1502
C:\Users\zero6575\AppData\Local\Temp\ccYgedCd.s:20021  .debug_str:0000000000007947 .LASF1503
C:\Users\zero6575\AppData\Local\Temp\ccYgedCd.s:21551  .debug_str:000000000000c337 .LASF1504
C:\Users\zero6575\AppData\Local\Temp\ccYgedCd.s:18453  .debug_str:0000000000002b26 .LASF1505
C:\Users\zero6575\AppData\Local\Temp\ccYgedCd.s:17793  .debug_str:0000000000000946 .LASF1506
C:\Users\zero6575\AppData\Local\Temp\ccYgedCd.s:19447  .debug_str:0000000000005d2d .LASF1507
C:\Users\zero6575\AppData\Local\Temp\ccYgedCd.s:21065  .debug_str:000000000000ac61 .LASF1508
C:\Users\zero6575\AppData\Local\Temp\ccYgedCd.s:21243  .debug_str:000000000000b416 .LASF1509
C:\Users\zero6575\AppData\Local\Temp\ccYgedCd.s:19295  .debug_str:00000000000056c7 .LASF1510
C:\Users\zero6575\AppData\Local\Temp\ccYgedCd.s:19751  .debug_str:0000000000006c4a .LASF1511
C:\Users\zero6575\AppData\Local\Temp\ccYgedCd.s:21895  .debug_str:000000000000d637 .LASF1512
C:\Users\zero6575\AppData\Local\Temp\ccYgedCd.s:18489  .debug_str:0000000000002cb6 .LASF1513
C:\Users\zero6575\AppData\Local\Temp\ccYgedCd.s:22039  .debug_str:000000000000dce6 .LASF1514
C:\Users\zero6575\AppData\Local\Temp\ccYgedCd.s:21503  .debug_str:000000000000c0e0 .LASF1515
C:\Users\zero6575\AppData\Local\Temp\ccYgedCd.s:18791  .debug_str:0000000000003b38 .LASF1516
C:\Users\zero6575\AppData\Local\Temp\ccYgedCd.s:21285  .debug_str:000000000000b690 .LASF1517
C:\Users\zero6575\AppData\Local\Temp\ccYgedCd.s:18417  .debug_str:00000000000029aa .LASF1518
C:\Users\zero6575\AppData\Local\Temp\ccYgedCd.s:21399  .debug_str:000000000000bc3e .LASF1519
C:\Users\zero6575\AppData\Local\Temp\ccYgedCd.s:18903  .debug_str:0000000000004178 .LASF1520
C:\Users\zero6575\AppData\Local\Temp\ccYgedCd.s:17841  .debug_str:0000000000000af2 .LASF1521
C:\Users\zero6575\AppData\Local\Temp\ccYgedCd.s:18511  .debug_str:0000000000002dd2 .LASF1522
C:\Users\zero6575\AppData\Local\Temp\ccYgedCd.s:18993  .debug_str:00000000000047a3 .LASF1523
C:\Users\zero6575\AppData\Local\Temp\ccYgedCd.s:19279  .debug_str:000000000000560a .LASF1524
C:\Users\zero6575\AppData\Local\Temp\ccYgedCd.s:17975  .debug_str:0000000000001167 .LASF1525
C:\Users\zero6575\AppData\Local\Temp\ccYgedCd.s:20837  .debug_str:000000000000a1b0 .LASF1526
C:\Users\zero6575\AppData\Local\Temp\ccYgedCd.s:20215  .debug_str:0000000000008239 .LASF1527
C:\Users\zero6575\AppData\Local\Temp\ccYgedCd.s:21523  .debug_str:000000000000c1da .LASF1528
C:\Users\zero6575\AppData\Local\Temp\ccYgedCd.s:17659  .debug_str:0000000000000295 .LASF1529
C:\Users\zero6575\AppData\Local\Temp\ccYgedCd.s:20301  .debug_str:0000000000008745 .LASF1530
C:\Users\zero6575\AppData\Local\Temp\ccYgedCd.s:19497  .debug_str:0000000000005f83 .LASF1531
C:\Users\zero6575\AppData\Local\Temp\ccYgedCd.s:19977  .debug_str:00000000000077a7 .LASF1532
C:\Users\zero6575\AppData\Local\Temp\ccYgedCd.s:19525  .debug_str:000000000000617e .LASF1533
C:\Users\zero6575\AppData\Local\Temp\ccYgedCd.s:21735  .debug_str:000000000000cca5 .LASF1534
C:\Users\zero6575\AppData\Local\Temp\ccYgedCd.s:18137  .debug_str:00000000000018c6 .LASF1535
C:\Users\zero6575\AppData\Local\Temp\ccYgedCd.s:19601  .debug_str:0000000000006500 .LASF1536
C:\Users\zero6575\AppData\Local\Temp\ccYgedCd.s:19657  .debug_str:0000000000006829 .LASF1537
C:\Users\zero6575\AppData\Local\Temp\ccYgedCd.s:21407  .debug_str:000000000000bc73 .LASF1538
C:\Users\zero6575\AppData\Local\Temp\ccYgedCd.s:17847  .debug_str:0000000000000b32 .LASF1539
C:\Users\zero6575\AppData\Local\Temp\ccYgedCd.s:21021  .debug_str:000000000000aa6f .LASF1540
C:\Users\zero6575\AppData\Local\Temp\ccYgedCd.s:21547  .debug_str:000000000000c30a .LASF1541
C:\Users\zero6575\AppData\Local\Temp\ccYgedCd.s:19583  .debug_str:00000000000063d4 .LASF1542
C:\Users\zero6575\AppData\Local\Temp\ccYgedCd.s:18091  .debug_str:0000000000001657 .LASF1543
C:\Users\zero6575\AppData\Local\Temp\ccYgedCd.s:19825  .debug_str:0000000000007002 .LASF1544
C:\Users\zero6575\AppData\Local\Temp\ccYgedCd.s:19701  .debug_str:0000000000006a2e .LASF1545
C:\Users\zero6575\AppData\Local\Temp\ccYgedCd.s:19691  .debug_str:000000000000698a .LASF1546
C:\Users\zero6575\AppData\Local\Temp\ccYgedCd.s:20025  .debug_str:0000000000007979 .LASF1547
C:\Users\zero6575\AppData\Local\Temp\ccYgedCd.s:22135  .debug_str:000000000000e15b .LASF1548
C:\Users\zero6575\AppData\Local\Temp\ccYgedCd.s:20101  .debug_str:0000000000007cac .LASF1549
C:\Users\zero6575\AppData\Local\Temp\ccYgedCd.s:21831  .debug_str:000000000000d251 .LASF1550
C:\Users\zero6575\AppData\Local\Temp\ccYgedCd.s:21903  .debug_str:000000000000d69e .LASF1551
C:\Users\zero6575\AppData\Local\Temp\ccYgedCd.s:20907  .debug_str:000000000000a5a2 .LASF1552
C:\Users\zero6575\AppData\Local\Temp\ccYgedCd.s:21101  .debug_str:000000000000adbd .LASF1553
C:\Users\zero6575\AppData\Local\Temp\ccYgedCd.s:18709  .debug_str:0000000000003792 .LASF1554
C:\Users\zero6575\AppData\Local\Temp\ccYgedCd.s:18771  .debug_str:0000000000003a36 .LASF1555
C:\Users\zero6575\AppData\Local\Temp\ccYgedCd.s:21171  .debug_str:000000000000b0d2 .LASF1556
C:\Users\zero6575\AppData\Local\Temp\ccYgedCd.s:18233  .debug_str:0000000000002059 .LASF1557
C:\Users\zero6575\AppData\Local\Temp\ccYgedCd.s:17885  .debug_str:0000000000000d30 .LASF1558
C:\Users\zero6575\AppData\Local\Temp\ccYgedCd.s:21873  .debug_str:000000000000d55e .LASF1559
C:\Users\zero6575\AppData\Local\Temp\ccYgedCd.s:19539  .debug_str:0000000000006211 .LASF1560
C:\Users\zero6575\AppData\Local\Temp\ccYgedCd.s:18165  .debug_str:0000000000001a7f .LASF1561
C:\Users\zero6575\AppData\Local\Temp\ccYgedCd.s:21359  .debug_str:000000000000ba99 .LASF1562
C:\Users\zero6575\AppData\Local\Temp\ccYgedCd.s:22081  .debug_str:000000000000dee2 .LASF1563
C:\Users\zero6575\AppData\Local\Temp\ccYgedCd.s:20421  .debug_str:0000000000008cac .LASF1564
C:\Users\zero6575\AppData\Local\Temp\ccYgedCd.s:17871  .debug_str:0000000000000c6a .LASF1565
C:\Users\zero6575\AppData\Local\Temp\ccYgedCd.s:18303  .debug_str:00000000000023aa .LASF1566
C:\Users\zero6575\AppData\Local\Temp\ccYgedCd.s:21099  .debug_str:000000000000ad99 .LASF1567
C:\Users\zero6575\AppData\Local\Temp\ccYgedCd.s:19457  .debug_str:0000000000005d91 .LASF1568
C:\Users\zero6575\AppData\Local\Temp\ccYgedCd.s:20321  .debug_str:0000000000008812 .LASF1569
C:\Users\zero6575\AppData\Local\Temp\ccYgedCd.s:19835  .debug_str:00000000000070b6 .LASF1570
C:\Users\zero6575\AppData\Local\Temp\ccYgedCd.s:21313  .debug_str:000000000000b82d .LASF1571
C:\Users\zero6575\AppData\Local\Temp\ccYgedCd.s:21131  .debug_str:000000000000af1b .LASF1572
C:\Users\zero6575\AppData\Local\Temp\ccYgedCd.s:21575  .debug_str:000000000000c4cd .LASF1573
C:\Users\zero6575\AppData\Local\Temp\ccYgedCd.s:18621  .debug_str:000000000000334b .LASF1574
C:\Users\zero6575\AppData\Local\Temp\ccYgedCd.s:20631  .debug_str:000000000000981b .LASF1575
C:\Users\zero6575\AppData\Local\Temp\ccYgedCd.s:20793  .debug_str:0000000000009fdc .LASF1576
C:\Users\zero6575\AppData\Local\Temp\ccYgedCd.s:17599  .debug_str:0000000000000038 .LASF1577
C:\Users\zero6575\AppData\Local\Temp\ccYgedCd.s:19549  .debug_str:000000000000627b .LASF1578
C:\Users\zero6575\AppData\Local\Temp\ccYgedCd.s:21785  .debug_str:000000000000cf87 .LASF1579
C:\Users\zero6575\AppData\Local\Temp\ccYgedCd.s:20059  .debug_str:0000000000007b0d .LASF1580
C:\Users\zero6575\AppData\Local\Temp\ccYgedCd.s:20835  .debug_str:000000000000a18c .LASF1581
C:\Users\zero6575\AppData\Local\Temp\ccYgedCd.s:20235  .debug_str:00000000000083f3 .LASF1582
C:\Users\zero6575\AppData\Local\Temp\ccYgedCd.s:21295  .debug_str:000000000000b705 .LASF1583
C:\Users\zero6575\AppData\Local\Temp\ccYgedCd.s:17981  .debug_str:00000000000011c2 .LASF1584
C:\Users\zero6575\AppData\Local\Temp\ccYgedCd.s:19203  .debug_str:0000000000005297 .LASF1585
C:\Users\zero6575\AppData\Local\Temp\ccYgedCd.s:21571  .debug_str:000000000000c4a1 .LASF1586
C:\Users\zero6575\AppData\Local\Temp\ccYgedCd.s:20917  .debug_str:000000000000a61e .LASF1587
C:\Users\zero6575\AppData\Local\Temp\ccYgedCd.s:20991  .debug_str:000000000000a910 .LASF1588
C:\Users\zero6575\AppData\Local\Temp\ccYgedCd.s:20005  .debug_str:00000000000078a7 .LASF1589
C:\Users\zero6575\AppData\Local\Temp\ccYgedCd.s:21561  .debug_str:000000000000c394 .LASF1590
C:\Users\zero6575\AppData\Local\Temp\ccYgedCd.s:21315  .debug_str:000000000000b845 .LASF1591
C:\Users\zero6575\AppData\Local\Temp\ccYgedCd.s:22049  .debug_str:000000000000dd5c .LASF1592
C:\Users\zero6575\AppData\Local\Temp\ccYgedCd.s:19569  .debug_str:000000000000634f .LASF1593
C:\Users\zero6575\AppData\Local\Temp\ccYgedCd.s:17791  .debug_str:0000000000000935 .LASF1594
C:\Users\zero6575\AppData\Local\Temp\ccYgedCd.s:20115  .debug_str:0000000000007d4d .LASF1595
C:\Users\zero6575\AppData\Local\Temp\ccYgedCd.s:19545  .debug_str:0000000000006245 .LASF1596
C:\Users\zero6575\AppData\Local\Temp\ccYgedCd.s:17629  .debug_str:000000000000016b .LASF1597
C:\Users\zero6575\AppData\Local\Temp\ccYgedCd.s:20283  .debug_str:000000000000867d .LASF1598
C:\Users\zero6575\AppData\Local\Temp\ccYgedCd.s:19045  .debug_str:0000000000004a85 .LASF1599
C:\Users\zero6575\AppData\Local\Temp\ccYgedCd.s:19441  .debug_str:0000000000005cff .LASF1600
C:\Users\zero6575\AppData\Local\Temp\ccYgedCd.s:21467  .debug_str:000000000000bf32 .LASF1601
C:\Users\zero6575\AppData\Local\Temp\ccYgedCd.s:17675  .debug_str:0000000000000381 .LASF1602
C:\Users\zero6575\AppData\Local\Temp\ccYgedCd.s:20877  .debug_str:000000000000a427 .LASF1603
C:\Users\zero6575\AppData\Local\Temp\ccYgedCd.s:21369  .debug_str:000000000000baf5 .LASF1604
C:\Users\zero6575\AppData\Local\Temp\ccYgedCd.s:18739  .debug_str:000000000000387f .LASF1605
C:\Users\zero6575\AppData\Local\Temp\ccYgedCd.s:18209  .debug_str:0000000000001f53 .LASF1606
C:\Users\zero6575\AppData\Local\Temp\ccYgedCd.s:18231  .debug_str:000000000000204b .LASF1607
C:\Users\zero6575\AppData\Local\Temp\ccYgedCd.s:21957  .debug_str:000000000000d8e0 .LASF1608
C:\Users\zero6575\AppData\Local\Temp\ccYgedCd.s:18081  .debug_str:00000000000015f6 .LASF1609
C:\Users\zero6575\AppData\Local\Temp\ccYgedCd.s:19911  .debug_str:0000000000007429 .LASF1610
C:\Users\zero6575\AppData\Local\Temp\ccYgedCd.s:18913  .debug_str:0000000000004326 .LASF1611
C:\Users\zero6575\AppData\Local\Temp\ccYgedCd.s:17713  .debug_str:0000000000000564 .LASF1612
C:\Users\zero6575\AppData\Local\Temp\ccYgedCd.s:17821  .debug_str:0000000000000a44 .LASF1613
C:\Users\zero6575\AppData\Local\Temp\ccYgedCd.s:17861  .debug_str:0000000000000bcd .LASF1614
C:\Users\zero6575\AppData\Local\Temp\ccYgedCd.s:22139  .debug_str:000000000000e17e .LASF1615
C:\Users\zero6575\AppData\Local\Temp\ccYgedCd.s:21051  .debug_str:000000000000aba8 .LASF1616
C:\Users\zero6575\AppData\Local\Temp\ccYgedCd.s:21169  .debug_str:000000000000b0b2 .LASF1617
C:\Users\zero6575\AppData\Local\Temp\ccYgedCd.s:21549  .debug_str:000000000000c31b .LASF1618
C:\Users\zero6575\AppData\Local\Temp\ccYgedCd.s:19085  .debug_str:0000000000004cbc .LASF1619
C:\Users\zero6575\AppData\Local\Temp\ccYgedCd.s:17611  .debug_str:00000000000000b8 .LASF1620
C:\Users\zero6575\AppData\Local\Temp\ccYgedCd.s:19049  .debug_str:0000000000004ab3 .LASF1621
C:\Users\zero6575\AppData\Local\Temp\ccYgedCd.s:17967  .debug_str:000000000000112a .LASF1622
C:\Users\zero6575\AppData\Local\Temp\ccYgedCd.s:19901  .debug_str:00000000000073d2 .LASF1623
C:\Users\zero6575\AppData\Local\Temp\ccYgedCd.s:19037  .debug_str:000000000000498b .LASF1624
C:\Users\zero6575\AppData\Local\Temp\ccYgedCd.s:19053  .debug_str:0000000000004aec .LASF1625
C:\Users\zero6575\AppData\Local\Temp\ccYgedCd.s:19135  .debug_str:0000000000004ef8 .LASF1626
C:\Users\zero6575\AppData\Local\Temp\ccYgedCd.s:19607  .debug_str:0000000000006528 .LASF1627
C:\Users\zero6575\AppData\Local\Temp\ccYgedCd.s:20371  .debug_str:0000000000008a3e .LASF1628
C:\Users\zero6575\AppData\Local\Temp\ccYgedCd.s:21757  .debug_str:000000000000cdc5 .LASF1629
C:\Users\zero6575\AppData\Local\Temp\ccYgedCd.s:21283  .debug_str:000000000000b671 .LASF1630
C:\Users\zero6575\AppData\Local\Temp\ccYgedCd.s:19061  .debug_str:0000000000004b68 .LASF1631
C:\Users\zero6575\AppData\Local\Temp\ccYgedCd.s:17661  .debug_str:00000000000002b1 .LASF1632
C:\Users\zero6575\AppData\Local\Temp\ccYgedCd.s:17615  .debug_str:00000000000000ea .LASF1633
C:\Users\zero6575\AppData\Local\Temp\ccYgedCd.s:22023  .debug_str:000000000000dc17 .LASF1634
C:\Users\zero6575\AppData\Local\Temp\ccYgedCd.s:21485  .debug_str:000000000000c01e .LASF1635
C:\Users\zero6575\AppData\Local\Temp\ccYgedCd.s:21927  .debug_str:000000000000d798 .LASF1636
C:\Users\zero6575\AppData\Local\Temp\ccYgedCd.s:22093  .debug_str:000000000000df62 .LASF1637
C:\Users\zero6575\AppData\Local\Temp\ccYgedCd.s:20119  .debug_str:0000000000007d6e .LASF1638
C:\Users\zero6575\AppData\Local\Temp\ccYgedCd.s:18765  .debug_str:0000000000003a07 .LASF1639
C:\Users\zero6575\AppData\Local\Temp\ccYgedCd.s:18387  .debug_str:000000000000281d .LASF1640
C:\Users\zero6575\AppData\Local\Temp\ccYgedCd.s:21003  .debug_str:000000000000a99f .LASF1641
C:\Users\zero6575\AppData\Local\Temp\ccYgedCd.s:20345  .debug_str:0000000000008921 .LASF1642
C:\Users\zero6575\AppData\Local\Temp\ccYgedCd.s:17595  .debug_str:0000000000000012 .LASF1643
C:\Users\zero6575\AppData\Local\Temp\ccYgedCd.s:19421  .debug_str:0000000000005c5a .LASF1644
C:\Users\zero6575\AppData\Local\Temp\ccYgedCd.s:22141  .debug_str:000000000000e193 .LASF1645
C:\Users\zero6575\AppData\Local\Temp\ccYgedCd.s:21093  .debug_str:000000000000ad4b .LASF1646
C:\Users\zero6575\AppData\Local\Temp\ccYgedCd.s:19381  .debug_str:0000000000005a71 .LASF1647
C:\Users\zero6575\AppData\Local\Temp\ccYgedCd.s:20929  .debug_str:000000000000a68b .LASF1648
C:\Users\zero6575\AppData\Local\Temp\ccYgedCd.s:17999  .debug_str:0000000000001287 .LASF1649
C:\Users\zero6575\AppData\Local\Temp\ccYgedCd.s:20629  .debug_str:000000000000980b .LASF1650
C:\Users\zero6575\AppData\Local\Temp\ccYgedCd.s:19249  .debug_str:00000000000054c3 .LASF1651
C:\Users\zero6575\AppData\Local\Temp\ccYgedCd.s:19125  .debug_str:0000000000004e98 .LASF1652
C:\Users\zero6575\AppData\Local\Temp\ccYgedCd.s:18557  .debug_str:0000000000003021 .LASF1653
C:\Users\zero6575\AppData\Local\Temp\ccYgedCd.s:18475  .debug_str:0000000000002c2b .LASF1654
C:\Users\zero6575\AppData\Local\Temp\ccYgedCd.s:21937  .debug_str:000000000000d7fc .LASF1655
C:\Users\zero6575\AppData\Local\Temp\ccYgedCd.s:19133  .debug_str:0000000000004ee6 .LASF1656
C:\Users\zero6575\AppData\Local\Temp\ccYgedCd.s:18083  .debug_str:0000000000001602 .LASF1657
C:\Users\zero6575\AppData\Local\Temp\ccYgedCd.s:20885  .debug_str:000000000000a49b .LASF1658
C:\Users\zero6575\AppData\Local\Temp\ccYgedCd.s:20959  .debug_str:000000000000a798 .LASF1659
C:\Users\zero6575\AppData\Local\Temp\ccYgedCd.s:19337  .debug_str:000000000000588b .LASF1660
C:\Users\zero6575\AppData\Local\Temp\ccYgedCd.s:18023  .debug_str:00000000000013b2 .LASF1661
C:\Users\zero6575\AppData\Local\Temp\ccYgedCd.s:20289  .debug_str:00000000000086ba .LASF1662
C:\Users\zero6575\AppData\Local\Temp\ccYgedCd.s:17613  .debug_str:00000000000000d9 .LASF1663
C:\Users\zero6575\AppData\Local\Temp\ccYgedCd.s:21775  .debug_str:000000000000cedd .LASF1664
C:\Users\zero6575\AppData\Local\Temp\ccYgedCd.s:19949  .debug_str:00000000000075f9 .LASF1665
C:\Users\zero6575\AppData\Local\Temp\ccYgedCd.s:21105  .debug_str:000000000000adea .LASF1666
C:\Users\zero6575\AppData\Local\Temp\ccYgedCd.s:20175  .debug_str:0000000000008074 .LASF1667
C:\Users\zero6575\AppData\Local\Temp\ccYgedCd.s:18507  .debug_str:0000000000002db0 .LASF1668
C:\Users\zero6575\AppData\Local\Temp\ccYgedCd.s:21909  .debug_str:000000000000d6ea .LASF1669
C:\Users\zero6575\AppData\Local\Temp\ccYgedCd.s:19057  .debug_str:0000000000004b15 .LASF1670
C:\Users\zero6575\AppData\Local\Temp\ccYgedCd.s:19221  .debug_str:0000000000005382 .LASF1671
C:\Users\zero6575\AppData\Local\Temp\ccYgedCd.s:18075  .debug_str:00000000000015b0 .LASF1672
C:\Users\zero6575\AppData\Local\Temp\ccYgedCd.s:20111  .debug_str:0000000000007d26 .LASF1673
C:\Users\zero6575\AppData\Local\Temp\ccYgedCd.s:17729  .debug_str:000000000000061d .LASF1674
C:\Users\zero6575\AppData\Local\Temp\ccYgedCd.s:21671  .debug_str:000000000000c925 .LASF1675
C:\Users\zero6575\AppData\Local\Temp\ccYgedCd.s:19803  .debug_str:0000000000006ef9 .LASF1676
C:\Users\zero6575\AppData\Local\Temp\ccYgedCd.s:18943  .debug_str:0000000000004523 .LASF1677
C:\Users\zero6575\AppData\Local\Temp\ccYgedCd.s:18643  .debug_str:0000000000003459 .LASF1678
C:\Users\zero6575\AppData\Local\Temp\ccYgedCd.s:18261  .debug_str:00000000000021a0 .LASF1679
C:\Users\zero6575\AppData\Local\Temp\ccYgedCd.s:18161  .debug_str:0000000000001a38 .LASF1680
C:\Users\zero6575\AppData\Local\Temp\ccYgedCd.s:17597  .debug_str:0000000000000023 .LASF1681
C:\Users\zero6575\AppData\Local\Temp\ccYgedCd.s:21501  .debug_str:000000000000c0d3 .LASF1682
C:\Users\zero6575\AppData\Local\Temp\ccYgedCd.s:18659  .debug_str:000000000000350e .LASF1683
C:\Users\zero6575\AppData\Local\Temp\ccYgedCd.s:20997  .debug_str:000000000000a939 .LASF1684
C:\Users\zero6575\AppData\Local\Temp\ccYgedCd.s:21993  .debug_str:000000000000da9b .LASF1685
C:\Users\zero6575\AppData\Local\Temp\ccYgedCd.s:20887  .debug_str:000000000000a4b0 .LASF1686
C:\Users\zero6575\AppData\Local\Temp\ccYgedCd.s:21733  .debug_str:000000000000cc87 .LASF1687
C:\Users\zero6575\AppData\Local\Temp\ccYgedCd.s:18877  .debug_str:0000000000003fa2 .LASF1688
C:\Users\zero6575\AppData\Local\Temp\ccYgedCd.s:21603  .debug_str:000000000000c641 .LASF1689
C:\Users\zero6575\AppData\Local\Temp\ccYgedCd.s:19301  .debug_str:0000000000005702 .LASF1690
C:\Users\zero6575\AppData\Local\Temp\ccYgedCd.s:19721  .debug_str:0000000000006ad6 .LASF1691
C:\Users\zero6575\AppData\Local\Temp\ccYgedCd.s:20561  .debug_str:000000000000948e .LASF1692
C:\Users\zero6575\AppData\Local\Temp\ccYgedCd.s:21405  .debug_str:000000000000bc60 .LASF1693
C:\Users\zero6575\AppData\Local\Temp\ccYgedCd.s:19599  .debug_str:00000000000064e1 .LASF1694
C:\Users\zero6575\AppData\Local\Temp\ccYgedCd.s:20123  .debug_str:0000000000007d9b .LASF1695
C:\Users\zero6575\AppData\Local\Temp\ccYgedCd.s:19029  .debug_str:000000000000493d .LASF1696
C:\Users\zero6575\AppData\Local\Temp\ccYgedCd.s:20947  .debug_str:000000000000a720 .LASF1697
C:\Users\zero6575\AppData\Local\Temp\ccYgedCd.s:20541  .debug_str:00000000000093ad .LASF1698
C:\Users\zero6575\AppData\Local\Temp\ccYgedCd.s:20669  .debug_str:00000000000099d8 .LASF1699
C:\Users\zero6575\AppData\Local\Temp\ccYgedCd.s:17745  .debug_str:00000000000006f2 .LASF1700
C:\Users\zero6575\AppData\Local\Temp\ccYgedCd.s:21057  .debug_str:000000000000abf5 .LASF1701
C:\Users\zero6575\AppData\Local\Temp\ccYgedCd.s:19615  .debug_str:00000000000065cd .LASF1702
C:\Users\zero6575\AppData\Local\Temp\ccYgedCd.s:17789  .debug_str:000000000000091b .LASF1703
C:\Users\zero6575\AppData\Local\Temp\ccYgedCd.s:20095  .debug_str:0000000000007c74 .LASF1704
C:\Users\zero6575\AppData\Local\Temp\ccYgedCd.s:18513  .debug_str:0000000000002de9 .LASF1705
C:\Users\zero6575\AppData\Local\Temp\ccYgedCd.s:19661  .debug_str:0000000000006851 .LASF1706
C:\Users\zero6575\AppData\Local\Temp\ccYgedCd.s:18945  .debug_str:000000000000453b .LASF1707
C:\Users\zero6575\AppData\Local\Temp\ccYgedCd.s:20127  .debug_str:0000000000007dbc .LASF1708
C:\Users\zero6575\AppData\Local\Temp\ccYgedCd.s:18237  .debug_str:0000000000002083 .LASF1709
C:\Users\zero6575\AppData\Local\Temp\ccYgedCd.s:17941  .debug_str:0000000000001015 .LASF1710
C:\Users\zero6575\AppData\Local\Temp\ccYgedCd.s:20957  .debug_str:000000000000a783 .LASF1711
C:\Users\zero6575\AppData\Local\Temp\ccYgedCd.s:17949  .debug_str:000000000000105c .LASF1712
C:\Users\zero6575\AppData\Local\Temp\ccYgedCd.s:19727  .debug_str:0000000000006b45 .LASF1713
C:\Users\zero6575\AppData\Local\Temp\ccYgedCd.s:18319  .debug_str:0000000000002472 .LASF1714
C:\Users\zero6575\AppData\Local\Temp\ccYgedCd.s:20893  .debug_str:000000000000a4e3 .LASF1715
C:\Users\zero6575\AppData\Local\Temp\ccYgedCd.s:19091  .debug_str:0000000000004d1a .LASF1716
C:\Users\zero6575\AppData\Local\Temp\ccYgedCd.s:19813  .debug_str:0000000000006f6a .LASF1717
C:\Users\zero6575\AppData\Local\Temp\ccYgedCd.s:20037  .debug_str:0000000000007a15 .LASF1718
C:\Users\zero6575\AppData\Local\Temp\ccYgedCd.s:20271  .debug_str:0000000000008583 .LASF1719
C:\Users\zero6575\AppData\Local\Temp\ccYgedCd.s:18447  .debug_str:0000000000002aed .LASF1720
C:\Users\zero6575\AppData\Local\Temp\ccYgedCd.s:18149  .debug_str:00000000000019a6 .LASF1721
C:\Users\zero6575\AppData\Local\Temp\ccYgedCd.s:18019  .debug_str:000000000000137c .LASF1722
C:\Users\zero6575\AppData\Local\Temp\ccYgedCd.s:20279  .debug_str:0000000000008652 .LASF1723
C:\Users\zero6575\AppData\Local\Temp\ccYgedCd.s:20809  .debug_str:000000000000a06d .LASF1724
C:\Users\zero6575\AppData\Local\Temp\ccYgedCd.s:20677  .debug_str:0000000000009a27 .LASF1725
C:\Users\zero6575\AppData\Local\Temp\ccYgedCd.s:21893  .debug_str:000000000000d621 .LASF1726
C:\Users\zero6575\AppData\Local\Temp\ccYgedCd.s:20065  .debug_str:0000000000007b2f .LASF1727
C:\Users\zero6575\AppData\Local\Temp\ccYgedCd.s:18947  .debug_str:000000000000455c .LASF1728
C:\Users\zero6575\AppData\Local\Temp\ccYgedCd.s:20481  .debug_str:0000000000009082 .LASF1729
C:\Users\zero6575\AppData\Local\Temp\ccYgedCd.s:18781  .debug_str:0000000000003aa8 .LASF1730
C:\Users\zero6575\AppData\Local\Temp\ccYgedCd.s:19425  .debug_str:0000000000005c7f .LASF1731
C:\Users\zero6575\AppData\Local\Temp\ccYgedCd.s:18033  .debug_str:0000000000001410 .LASF1732
C:\Users\zero6575\AppData\Local\Temp\ccYgedCd.s:19401  .debug_str:0000000000005b7c .LASF1733
C:\Users\zero6575\AppData\Local\Temp\ccYgedCd.s:21881  .debug_str:000000000000d5a6 .LASF1734
C:\Users\zero6575\AppData\Local\Temp\ccYgedCd.s:18789  .debug_str:0000000000003b1e .LASF1735
C:\Users\zero6575\AppData\Local\Temp\ccYgedCd.s:21329  .debug_str:000000000000b90b .LASF1736
C:\Users\zero6575\AppData\Local\Temp\ccYgedCd.s:20825  .debug_str:000000000000a114 .LASF1737
C:\Users\zero6575\AppData\Local\Temp\ccYgedCd.s:19627  .debug_str:0000000000006649 .LASF1738
C:\Users\zero6575\AppData\Local\Temp\ccYgedCd.s:17701  .debug_str:00000000000004c2 .LASF1739
C:\Users\zero6575\AppData\Local\Temp\ccYgedCd.s:21443  .debug_str:000000000000be13 .LASF1740
C:\Users\zero6575\AppData\Local\Temp\ccYgedCd.s:21211  .debug_str:000000000000b292 .LASF1741
C:\Users\zero6575\AppData\Local\Temp\ccYgedCd.s:17927  .debug_str:0000000000000f7b .LASF1742
C:\Users\zero6575\AppData\Local\Temp\ccYgedCd.s:21047  .debug_str:000000000000ab73 .LASF1743
C:\Users\zero6575\AppData\Local\Temp\ccYgedCd.s:17997  .debug_str:000000000000126e .LASF1744
C:\Users\zero6575\AppData\Local\Temp\ccYgedCd.s:17663  .debug_str:00000000000002c5 .LASF1745
C:\Users\zero6575\AppData\Local\Temp\ccYgedCd.s:20659  .debug_str:000000000000996e .LASF1746
C:\Users\zero6575\AppData\Local\Temp\ccYgedCd.s:17839  .debug_str:0000000000000ade .LASF1747
C:\Users\zero6575\AppData\Local\Temp\ccYgedCd.s:20775  .debug_str:0000000000009ef5 .LASF1748
C:\Users\zero6575\AppData\Local\Temp\ccYgedCd.s:18295  .debug_str:0000000000002368 .LASF1749
C:\Users\zero6575\AppData\Local\Temp\ccYgedCd.s:17813  .debug_str:0000000000000a03 .LASF1750
C:\Users\zero6575\AppData\Local\Temp\ccYgedCd.s:18279  .debug_str:00000000000022b8 .LASF1751
C:\Users\zero6575\AppData\Local\Temp\ccYgedCd.s:21439  .debug_str:000000000000bde5 .LASF1752
C:\Users\zero6575\AppData\Local\Temp\ccYgedCd.s:19921  .debug_str:000000000000749e .LASF1753
C:\Users\zero6575\AppData\Local\Temp\ccYgedCd.s:22169  .debug_str:000000000000e2df .LASF1754
C:\Users\zero6575\AppData\Local\Temp\ccYgedCd.s:18775  .debug_str:0000000000003a65 .LASF1755
C:\Users\zero6575\AppData\Local\Temp\ccYgedCd.s:20043  .debug_str:0000000000007a65 .LASF1756
C:\Users\zero6575\AppData\Local\Temp\ccYgedCd.s:22111  .debug_str:000000000000e016 .LASF1757
C:\Users\zero6575\AppData\Local\Temp\ccYgedCd.s:17637  .debug_str:00000000000001bc .LASF1758
C:\Users\zero6575\AppData\Local\Temp\ccYgedCd.s:18949  .debug_str:000000000000456f .LASF1759
C:\Users\zero6575\AppData\Local\Temp\ccYgedCd.s:18837  .debug_str:0000000000003d6e .LASF1760
C:\Users\zero6575\AppData\Local\Temp\ccYgedCd.s:21589  .debug_str:000000000000c58c .LASF1761
C:\Users\zero6575\AppData\Local\Temp\ccYgedCd.s:21035  .debug_str:000000000000ab18 .LASF1762
C:\Users\zero6575\AppData\Local\Temp\ccYgedCd.s:21853  .debug_str:000000000000d444 .LASF1763
C:\Users\zero6575\AppData\Local\Temp\ccYgedCd.s:21635  .debug_str:000000000000c784 .LASF1764
C:\Users\zero6575\AppData\Local\Temp\ccYgedCd.s:20919  .debug_str:000000000000a62d .LASF1765
C:\Users\zero6575\AppData\Local\Temp\ccYgedCd.s:18829  .debug_str:0000000000003d15 .LASF1766
C:\Users\zero6575\AppData\Local\Temp\ccYgedCd.s:20239  .debug_str:000000000000841c .LASF1767
C:\Users\zero6575\AppData\Local\Temp\ccYgedCd.s:20683  .debug_str:0000000000009a70 .LASF1768
C:\Users\zero6575\AppData\Local\Temp\ccYgedCd.s:18941  .debug_str:0000000000004513 .LASF1769
C:\Users\zero6575\AppData\Local\Temp\ccYgedCd.s:22163  .debug_str:000000000000e2b7 .LASF1770
C:\Users\zero6575\AppData\Local\Temp\ccYgedCd.s:18155  .debug_str:00000000000019e6 .LASF1771
C:\Users\zero6575\AppData\Local\Temp\ccYgedCd.s:20551  .debug_str:00000000000093fa .LASF1772
C:\Users\zero6575\AppData\Local\Temp\ccYgedCd.s:20701  .debug_str:0000000000009bab .LASF1773
C:\Users\zero6575\AppData\Local\Temp\ccYgedCd.s:17909  .debug_str:0000000000000e79 .LASF1774
C:\Users\zero6575\AppData\Local\Temp\ccYgedCd.s:18561  .debug_str:000000000000304a .LASF1775
C:\Users\zero6575\AppData\Local\Temp\ccYgedCd.s:18967  .debug_str:00000000000046a0 .LASF1776
C:\Users\zero6575\AppData\Local\Temp\ccYgedCd.s:17979  .debug_str:00000000000011a8 .LASF1777
C:\Users\zero6575\AppData\Local\Temp\ccYgedCd.s:20243  .debug_str:000000000000846e .LASF1778
C:\Users\zero6575\AppData\Local\Temp\ccYgedCd.s:21069  .debug_str:000000000000aca0 .LASF1779
C:\Users\zero6575\AppData\Local\Temp\ccYgedCd.s:20199  .debug_str:000000000000817c .LASF1780
C:\Users\zero6575\AppData\Local\Temp\ccYgedCd.s:21577  .debug_str:000000000000c4e3 .LASF1781
C:\Users\zero6575\AppData\Local\Temp\ccYgedCd.s:20805  .debug_str:000000000000a041 .LASF1782
C:\Users\zero6575\AppData\Local\Temp\ccYgedCd.s:21393  .debug_str:000000000000bc04 .LASF1783
C:\Users\zero6575\AppData\Local\Temp\ccYgedCd.s:19697  .debug_str:0000000000006a06 .LASF1784
C:\Users\zero6575\AppData\Local\Temp\ccYgedCd.s:17669  .debug_str:0000000000000337 .LASF1785
C:\Users\zero6575\AppData\Local\Temp\ccYgedCd.s:20549  .debug_str:00000000000093e7 .LASF1786
C:\Users\zero6575\AppData\Local\Temp\ccYgedCd.s:21661  .debug_str:000000000000c8ae .LASF1787
C:\Users\zero6575\AppData\Local\Temp\ccYgedCd.s:19147  .debug_str:0000000000004f7f .LASF1788
C:\Users\zero6575\AppData\Local\Temp\ccYgedCd.s:19391  .debug_str:0000000000005b28 .LASF1789
C:\Users\zero6575\AppData\Local\Temp\ccYgedCd.s:20967  .debug_str:000000000000a7fd .LASF1790
C:\Users\zero6575\AppData\Local\Temp\ccYgedCd.s:22085  .debug_str:000000000000df1f .LASF1791
C:\Users\zero6575\AppData\Local\Temp\ccYgedCd.s:20613  .debug_str:000000000000971d .LASF1792
C:\Users\zero6575\AppData\Local\Temp\ccYgedCd.s:17857  .debug_str:0000000000000ba1 .LASF1793
C:\Users\zero6575\AppData\Local\Temp\ccYgedCd.s:19195  .debug_str:0000000000005256 .LASF1794
C:\Users\zero6575\AppData\Local\Temp\ccYgedCd.s:19413  .debug_str:0000000000005bf7 .LASF1795
C:\Users\zero6575\AppData\Local\Temp\ccYgedCd.s:17889  .debug_str:0000000000000d90 .LASF1796
C:\Users\zero6575\AppData\Local\Temp\ccYgedCd.s:20759  .debug_str:0000000000009de7 .LASF1797
C:\Users\zero6575\AppData\Local\Temp\ccYgedCd.s:19777  .debug_str:0000000000006d7f .LASF1798
C:\Users\zero6575\AppData\Local\Temp\ccYgedCd.s:20531  .debug_str:0000000000009317 .LASF1799
C:\Users\zero6575\AppData\Local\Temp\ccYgedCd.s:19121  .debug_str:0000000000004e63 .LASF1800
C:\Users\zero6575\AppData\Local\Temp\ccYgedCd.s:20599  .debug_str:0000000000009670 .LASF1801
C:\Users\zero6575\AppData\Local\Temp\ccYgedCd.s:19791  .debug_str:0000000000006e7d .LASF1802
C:\Users\zero6575\AppData\Local\Temp\ccYgedCd.s:21327  .debug_str:000000000000b8ee .LASF1803
C:\Users\zero6575\AppData\Local\Temp\ccYgedCd.s:22107  .debug_str:000000000000dfee .LASF1804
C:\Users\zero6575\AppData\Local\Temp\ccYgedCd.s:19353  .debug_str:0000000000005927 .LASF1805
C:\Users\zero6575\AppData\Local\Temp\ccYgedCd.s:21259  .debug_str:000000000000b4df .LASF1806
C:\Users\zero6575\AppData\Local\Temp\ccYgedCd.s:22095  .debug_str:000000000000df75 .LASF1807
C:\Users\zero6575\AppData\Local\Temp\ccYgedCd.s:19299  .debug_str:00000000000056ed .LASF1808
C:\Users\zero6575\AppData\Local\Temp\ccYgedCd.s:21483  .debug_str:000000000000c004 .LASF1809
C:\Users\zero6575\AppData\Local\Temp\ccYgedCd.s:19139  .debug_str:0000000000004f2c .LASF1810
C:\Users\zero6575\AppData\Local\Temp\ccYgedCd.s:21017  .debug_str:000000000000aa3c .LASF1811
C:\Users\zero6575\AppData\Local\Temp\ccYgedCd.s:19015  .debug_str:00000000000048bc .LASF1812
C:\Users\zero6575\AppData\Local\Temp\ccYgedCd.s:18767  .debug_str:0000000000003a1e .LASF1813
C:\Users\zero6575\AppData\Local\Temp\ccYgedCd.s:20335  .debug_str:00000000000088b7 .LASF1814
C:\Users\zero6575\AppData\Local\Temp\ccYgedCd.s:18799  .debug_str:0000000000003b95 .LASF1815
C:\Users\zero6575\AppData\Local\Temp\ccYgedCd.s:17845  .debug_str:0000000000000b23 .LASF1816
C:\Users\zero6575\AppData\Local\Temp\ccYgedCd.s:21175  .debug_str:000000000000b0fd .LASF1817
C:\Users\zero6575\AppData\Local\Temp\ccYgedCd.s:21263  .debug_str:000000000000b522 .LASF1818
C:\Users\zero6575\AppData\Local\Temp\ccYgedCd.s:20185  .debug_str:00000000000080da .LASF1819
C:\Users\zero6575\AppData\Local\Temp\ccYgedCd.s:21091  .debug_str:000000000000ad34 .LASF1820
C:\Users\zero6575\AppData\Local\Temp\ccYgedCd.s:20477  .debug_str:0000000000009041 .LASF1821
C:\Users\zero6575\AppData\Local\Temp\ccYgedCd.s:19887  .debug_str:0000000000007334 .LASF1822
C:\Users\zero6575\AppData\Local\Temp\ccYgedCd.s:19919  .debug_str:000000000000748b .LASF1823
C:\Users\zero6575\AppData\Local\Temp\ccYgedCd.s:21861  .debug_str:000000000000d4be .LASF1824
C:\Users\zero6575\AppData\Local\Temp\ccYgedCd.s:19499  .debug_str:0000000000005fa4 .LASF1825
C:\Users\zero6575\AppData\Local\Temp\ccYgedCd.s:20219  .debug_str:0000000000008278 .LASF1826
C:\Users\zero6575\AppData\Local\Temp\ccYgedCd.s:19129  .debug_str:0000000000004eba .LASF1827
C:\Users\zero6575\AppData\Local\Temp\ccYgedCd.s:18179  .debug_str:0000000000001b53 .LASF1828
C:\Users\zero6575\AppData\Local\Temp\ccYgedCd.s:18827  .debug_str:0000000000003cf7 .LASF1829
C:\Users\zero6575\AppData\Local\Temp\ccYgedCd.s:21593  .debug_str:000000000000c5b1 .LASF1830
C:\Users\zero6575\AppData\Local\Temp\ccYgedCd.s:19379  .debug_str:0000000000005a49 .LASF1831
C:\Users\zero6575\AppData\Local\Temp\ccYgedCd.s:18605  .debug_str:0000000000003264 .LASF1832
C:\Users\zero6575\AppData\Local\Temp\ccYgedCd.s:17905  .debug_str:0000000000000e40 .LASF1833
C:\Users\zero6575\AppData\Local\Temp\ccYgedCd.s:18971  .debug_str:00000000000046cb .LASF1834
C:\Users\zero6575\AppData\Local\Temp\ccYgedCd.s:19927  .debug_str:00000000000074ee .LASF1835
C:\Users\zero6575\AppData\Local\Temp\ccYgedCd.s:18011  .debug_str:00000000000012ed .LASF1836
C:\Users\zero6575\AppData\Local\Temp\ccYgedCd.s:19359  .debug_str:0000000000005951 .LASF1837
C:\Users\zero6575\AppData\Local\Temp\ccYgedCd.s:19361  .debug_str:0000000000005971 .LASF1838
C:\Users\zero6575\AppData\Local\Temp\ccYgedCd.s:19363  .debug_str:0000000000005991 .LASF1839
C:\Users\zero6575\AppData\Local\Temp\ccYgedCd.s:20653  .debug_str:0000000000009931 .LASF1840
C:\Users\zero6575\AppData\Local\Temp\ccYgedCd.s:18529  .debug_str:0000000000002ecb .LASF1841
C:\Users\zero6575\AppData\Local\Temp\ccYgedCd.s:18073  .debug_str:0000000000001590 .LASF1842
C:\Users\zero6575\AppData\Local\Temp\ccYgedCd.s:18355  .debug_str:0000000000002669 .LASF1843
C:\Users\zero6575\AppData\Local\Temp\ccYgedCd.s:18405  .debug_str:00000000000028f6 .LASF1844
C:\Users\zero6575\AppData\Local\Temp\ccYgedCd.s:19931  .debug_str:000000000000752e .LASF1845
C:\Users\zero6575\AppData\Local\Temp\ccYgedCd.s:19013  .debug_str:000000000000489f .LASF1846
C:\Users\zero6575\AppData\Local\Temp\ccYgedCd.s:18929  .debug_str:000000000000441c .LASF1847
C:\Users\zero6575\AppData\Local\Temp\ccYgedCd.s:19563  .debug_str:00000000000062f5 .LASF1848
C:\Users\zero6575\AppData\Local\Temp\ccYgedCd.s:21773  .debug_str:000000000000ceac .LASF1849
C:\Users\zero6575\AppData\Local\Temp\ccYgedCd.s:17879  .debug_str:0000000000000cd7 .LASF1850
C:\Users\zero6575\AppData\Local\Temp\ccYgedCd.s:20007  .debug_str:00000000000078bd .LASF1851
C:\Users\zero6575\AppData\Local\Temp\ccYgedCd.s:18371  .debug_str:0000000000002702 .LASF1852
C:\Users\zero6575\AppData\Local\Temp\ccYgedCd.s:19519  .debug_str:0000000000006136 .LASF1853
C:\Users\zero6575\AppData\Local\Temp\ccYgedCd.s:19683  .debug_str:0000000000006924 .LASF1854
C:\Users\zero6575\AppData\Local\Temp\ccYgedCd.s:18937  .debug_str:00000000000044ca .LASF1855
C:\Users\zero6575\AppData\Local\Temp\ccYgedCd.s:18305  .debug_str:00000000000023c5 .LASF1856
C:\Users\zero6575\AppData\Local\Temp\ccYgedCd.s:17779  .debug_str:00000000000008b2 .LASF1857
C:\Users\zero6575\AppData\Local\Temp\ccYgedCd.s:19449  .debug_str:0000000000005d4b .LASF1858
C:\Users\zero6575\AppData\Local\Temp\ccYgedCd.s:21595  .debug_str:000000000000c5d5 .LASF1859
C:\Users\zero6575\AppData\Local\Temp\ccYgedCd.s:18061  .debug_str:0000000000001528 .LASF1860
C:\Users\zero6575\AppData\Local\Temp\ccYgedCd.s:18397  .debug_str:0000000000002898 .LASF1861
C:\Users\zero6575\AppData\Local\Temp\ccYgedCd.s:22151  .debug_str:000000000000e230 .LASF1862
C:\Users\zero6575\AppData\Local\Temp\ccYgedCd.s:19689  .debug_str:0000000000006971 .LASF1863
C:\Users\zero6575\AppData\Local\Temp\ccYgedCd.s:19399  .debug_str:0000000000005b61 .LASF1864
C:\Users\zero6575\AppData\Local\Temp\ccYgedCd.s:18481  .debug_str:0000000000002c76 .LASF1865
C:\Users\zero6575\AppData\Local\Temp\ccYgedCd.s:18399  .debug_str:00000000000028b3 .LASF1866
C:\Users\zero6575\AppData\Local\Temp\ccYgedCd.s:20353  .debug_str:0000000000008971 .LASF1867
C:\Users\zero6575\AppData\Local\Temp\ccYgedCd.s:18933  .debug_str:0000000000004499 .LASF1868
C:\Users\zero6575\AppData\Local\Temp\ccYgedCd.s:21435  .debug_str:000000000000bdb9 .LASF1869
C:\Users\zero6575\AppData\Local\Temp\ccYgedCd.s:19023  .debug_str:0000000000004906 .LASF1870
C:\Users\zero6575\AppData\Local\Temp\ccYgedCd.s:21201  .debug_str:000000000000b249 .LASF1871
C:\Users\zero6575\AppData\Local\Temp\ccYgedCd.s:18601  .debug_str:0000000000003245 .LASF1872
C:\Users\zero6575\AppData\Local\Temp\ccYgedCd.s:21153  .debug_str:000000000000b00c .LASF1873
C:\Users\zero6575\AppData\Local\Temp\ccYgedCd.s:20545  .debug_str:00000000000093cd .LASF1874
C:\Users\zero6575\AppData\Local\Temp\ccYgedCd.s:21095  .debug_str:000000000000ad72 .LASF1875
C:\Users\zero6575\AppData\Local\Temp\ccYgedCd.s:20801  .debug_str:000000000000a021 .LASF1876
C:\Users\zero6575\AppData\Local\Temp\ccYgedCd.s:17833  .debug_str:0000000000000a91 .LASF1877
C:\Users\zero6575\AppData\Local\Temp\ccYgedCd.s:20609  .debug_str:00000000000096e1 .LASF1878
C:\Users\zero6575\AppData\Local\Temp\ccYgedCd.s:21899  .debug_str:000000000000d669 .LASF1879
C:\Users\zero6575\AppData\Local\Temp\ccYgedCd.s:19329  .debug_str:000000000000583c .LASF1880
C:\Users\zero6575\AppData\Local\Temp\ccYgedCd.s:21229  .debug_str:000000000000b369 .LASF1881
C:\Users\zero6575\AppData\Local\Temp\ccYgedCd.s:18553  .debug_str:0000000000002ff8 .LASF1882
C:\Users\zero6575\AppData\Local\Temp\ccYgedCd.s:20927  .debug_str:000000000000a674 .LASF1883
C:\Users\zero6575\AppData\Local\Temp\ccYgedCd.s:18121  .debug_str:00000000000017fd .LASF1884
C:\Users\zero6575\AppData\Local\Temp\ccYgedCd.s:18145  .debug_str:0000000000001965 .LASF1885
C:\Users\zero6575\AppData\Local\Temp\ccYgedCd.s:20819  .debug_str:000000000000a0c7 .LASF1886
C:\Users\zero6575\AppData\Local\Temp\ccYgedCd.s:22131  .debug_str:000000000000e11a .LASF1887
C:\Users\zero6575\AppData\Local\Temp\ccYgedCd.s:19513  .debug_str:00000000000060bf .LASF1888
C:\Users\zero6575\AppData\Local\Temp\ccYgedCd.s:17649  .debug_str:0000000000000227 .LASF1889
C:\Users\zero6575\AppData\Local\Temp\ccYgedCd.s:20575  .debug_str:000000000000952d .LASF1890
C:\Users\zero6575\AppData\Local\Temp\ccYgedCd.s:19027  .debug_str:0000000000004923 .LASF1891
C:\Users\zero6575\AppData\Local\Temp\ccYgedCd.s:17767  .debug_str:000000000000082f .LASF1892
C:\Users\zero6575\AppData\Local\Temp\ccYgedCd.s:18777  .debug_str:0000000000003a75 .LASF1893
C:\Users\zero6575\AppData\Local\Temp\ccYgedCd.s:19095  .debug_str:0000000000004d40 .LASF1894
C:\Users\zero6575\AppData\Local\Temp\ccYgedCd.s:21249  .debug_str:000000000000b457 .LASF1895
C:\Users\zero6575\AppData\Local\Temp\ccYgedCd.s:19291  .debug_str:000000000000569b .LASF1896
C:\Users\zero6575\AppData\Local\Temp\ccYgedCd.s:21537  .debug_str:000000000000c29c .LASF1897
C:\Users\zero6575\AppData\Local\Temp\ccYgedCd.s:20033  .debug_str:00000000000079cc .LASF1898
C:\Users\zero6575\AppData\Local\Temp\ccYgedCd.s:18171  .debug_str:0000000000001ad9 .LASF1899
C:\Users\zero6575\AppData\Local\Temp\ccYgedCd.s:19531  .debug_str:00000000000061ab .LASF1900
C:\Users\zero6575\AppData\Local\Temp\ccYgedCd.s:21415  .debug_str:000000000000bcce .LASF1901
C:\Users\zero6575\AppData\Local\Temp\ccYgedCd.s:19635  .debug_str:00000000000066a9 .LASF1902
C:\Users\zero6575\AppData\Local\Temp\ccYgedCd.s:18157  .debug_str:00000000000019f4 .LASF1903
C:\Users\zero6575\AppData\Local\Temp\ccYgedCd.s:17603  .debug_str:000000000000006b .LASF1904
C:\Users\zero6575\AppData\Local\Temp\ccYgedCd.s:17699  .debug_str:000000000000049a .LASF1905
C:\Users\zero6575\AppData\Local\Temp\ccYgedCd.s:17689  .debug_str:0000000000000421 .LASF1906
C:\Users\zero6575\AppData\Local\Temp\ccYgedCd.s:21999  .debug_str:000000000000dac6 .LASF1907
C:\Users\zero6575\AppData\Local\Temp\ccYgedCd.s:19755  .debug_str:0000000000006c7a .LASF1908
C:\Users\zero6575\AppData\Local\Temp\ccYgedCd.s:19239  .debug_str:0000000000005471 .LASF1909
C:\Users\zero6575\AppData\Local\Temp\ccYgedCd.s:20263  .debug_str:0000000000008537 .LASF1910
C:\Users\zero6575\AppData\Local\Temp\ccYgedCd.s:20853  .debug_str:000000000000a268 .LASF1911
C:\Users\zero6575\AppData\Local\Temp\ccYgedCd.s:18565  .debug_str:0000000000003074 .LASF1912
C:\Users\zero6575\AppData\Local\Temp\ccYgedCd.s:19821  .debug_str:0000000000006fde .LASF1913
C:\Users\zero6575\AppData\Local\Temp\ccYgedCd.s:20643  .debug_str:00000000000098b9 .LASF1914
C:\Users\zero6575\AppData\Local\Temp\ccYgedCd.s:21789  .debug_str:000000000000cfa6 .LASF1915
C:\Users\zero6575\AppData\Local\Temp\ccYgedCd.s:21925  .debug_str:000000000000d779 .LASF1916
C:\Users\zero6575\AppData\Local\Temp\ccYgedCd.s:19619  .debug_str:00000000000065fc .LASF1917
C:\Users\zero6575\AppData\Local\Temp\ccYgedCd.s:17621  .debug_str:0000000000000123 .LASF1918
C:\Users\zero6575\AppData\Local\Temp\ccYgedCd.s:21729  .debug_str:000000000000cc2a .LASF1919
C:\Users\zero6575\AppData\Local\Temp\ccYgedCd.s:21185  .debug_str:000000000000b176 .LASF1920
C:\Users\zero6575\AppData\Local\Temp\ccYgedCd.s:18855  .debug_str:0000000000003e69 .LASF1921
C:\Users\zero6575\AppData\Local\Temp\ccYgedCd.s:22077  .debug_str:000000000000dea7 .LASF1922
C:\Users\zero6575\AppData\Local\Temp\ccYgedCd.s:21033  .debug_str:000000000000aafa .LASF1923
C:\Users\zero6575\AppData\Local\Temp\ccYgedCd.s:20191  .debug_str:0000000000008123 .LASF1924
C:\Users\zero6575\AppData\Local\Temp\ccYgedCd.s:19565  .debug_str:0000000000006324 .LASF1925
C:\Users\zero6575\AppData\Local\Temp\ccYgedCd.s:18569  .debug_str:00000000000030a1 .LASF1926
C:\Users\zero6575\AppData\Local\Temp\ccYgedCd.s:19561  .debug_str:00000000000062d9 .LASF1927
C:\Users\zero6575\AppData\Local\Temp\ccYgedCd.s:19509  .debug_str:0000000000006095 .LASF1928
C:\Users\zero6575\AppData\Local\Temp\ccYgedCd.s:21525  .debug_str:000000000000c1f6 .LASF1929
C:\Users\zero6575\AppData\Local\Temp\ccYgedCd.s:21357  .debug_str:000000000000ba74 .LASF1930
C:\Users\zero6575\AppData\Local\Temp\ccYgedCd.s:19323  .debug_str:00000000000057e3 .LASF1931
C:\Users\zero6575\AppData\Local\Temp\ccYgedCd.s:17899  .debug_str:0000000000000de4 .LASF1932
C:\Users\zero6575\AppData\Local\Temp\ccYgedCd.s:21465  .debug_str:000000000000bf11 .LASF1933
C:\Users\zero6575\AppData\Local\Temp\ccYgedCd.s:20903  .debug_str:000000000000a535 .LASF1934
C:\Users\zero6575\AppData\Local\Temp\ccYgedCd.s:21319  .debug_str:000000000000b876 .LASF1935
C:\Users\zero6575\AppData\Local\Temp\ccYgedCd.s:21843  .debug_str:000000000000d3c4 .LASF1936
C:\Users\zero6575\AppData\Local\Temp\ccYgedCd.s:19489  .debug_str:0000000000005f0e .LASF1937
C:\Users\zero6575\AppData\Local\Temp\ccYgedCd.s:19487  .debug_str:0000000000005ef7 .LASF1938
C:\Users\zero6575\AppData\Local\Temp\ccYgedCd.s:21309  .debug_str:000000000000b806 .LASF1939
C:\Users\zero6575\AppData\Local\Temp\ccYgedCd.s:21765  .debug_str:000000000000ce2a .LASF1940
C:\Users\zero6575\AppData\Local\Temp\ccYgedCd.s:18883  .debug_str:0000000000003fe0 .LASF1941
C:\Users\zero6575\AppData\Local\Temp\ccYgedCd.s:19771  .debug_str:0000000000006d37 .LASF1942
C:\Users\zero6575\AppData\Local\Temp\ccYgedCd.s:18597  .debug_str:0000000000003205 .LASF1943
C:\Users\zero6575\AppData\Local\Temp\ccYgedCd.s:20319  .debug_str:00000000000087f4 .LASF1944
C:\Users\zero6575\AppData\Local\Temp\ccYgedCd.s:20035  .debug_str:00000000000079e8 .LASF1945
C:\Users\zero6575\AppData\Local\Temp\ccYgedCd.s:20083  .debug_str:0000000000007bf1 .LASF1946
C:\Users\zero6575\AppData\Local\Temp\ccYgedCd.s:18393  .debug_str:000000000000285b .LASF1947
C:\Users\zero6575\AppData\Local\Temp\ccYgedCd.s:21059  .debug_str:000000000000ac07 .LASF1948
C:\Users\zero6575\AppData\Local\Temp\ccYgedCd.s:17929  .debug_str:0000000000000f90 .LASF1949
C:\Users\zero6575\AppData\Local\Temp\ccYgedCd.s:18563  .debug_str:0000000000003056 .LASF1950
C:\Users\zero6575\AppData\Local\Temp\ccYgedCd.s:21611  .debug_str:000000000000c6b3 .LASF1951
C:\Users\zero6575\AppData\Local\Temp\ccYgedCd.s:19215  .debug_str:000000000000532c .LASF1952
C:\Users\zero6575\AppData\Local\Temp\ccYgedCd.s:18333  .debug_str:000000000000255a .LASF1953
C:\Users\zero6575\AppData\Local\Temp\ccYgedCd.s:20089  .debug_str:0000000000007c2f .LASF1954
C:\Users\zero6575\AppData\Local\Temp\ccYgedCd.s:21715  .debug_str:000000000000cb99 .LASF1955
C:\Users\zero6575\AppData\Local\Temp\ccYgedCd.s:21569  .debug_str:000000000000c482 .LASF1956
C:\Users\zero6575\AppData\Local\Temp\ccYgedCd.s:19345  .debug_str:00000000000058ea .LASF1957
C:\Users\zero6575\AppData\Local\Temp\ccYgedCd.s:17769  .debug_str:0000000000000852 .LASF1958
C:\Users\zero6575\AppData\Local\Temp\ccYgedCd.s:18313  .debug_str:0000000000002436 .LASF1959
C:\Users\zero6575\AppData\Local\Temp\ccYgedCd.s:19089  .debug_str:0000000000004cea .LASF1960
C:\Users\zero6575\AppData\Local\Temp\ccYgedCd.s:19227  .debug_str:00000000000053c8 .LASF1961
C:\Users\zero6575\AppData\Local\Temp\ccYgedCd.s:19223  .debug_str:0000000000005395 .LASF1962
C:\Users\zero6575\AppData\Local\Temp\ccYgedCd.s:19051  .debug_str:0000000000004aca .LASF1963
C:\Users\zero6575\AppData\Local\Temp\ccYgedCd.s:18917  .debug_str:0000000000004348 .LASF1964
C:\Users\zero6575\AppData\Local\Temp\ccYgedCd.s:20475  .debug_str:000000000000901f .LASF1965
C:\Users\zero6575\AppData\Local\Temp\ccYgedCd.s:20225  .debug_str:00000000000082bf .LASF1966
C:\Users\zero6575\AppData\Local\Temp\ccYgedCd.s:18189  .debug_str:0000000000001bc9 .LASF1967
C:\Users\zero6575\AppData\Local\Temp\ccYgedCd.s:18871  .debug_str:0000000000003f4b .LASF1968
C:\Users\zero6575\AppData\Local\Temp\ccYgedCd.s:18159  .debug_str:0000000000001a13 .LASF1969
C:\Users\zero6575\AppData\Local\Temp\ccYgedCd.s:20281  .debug_str:0000000000008664 .LASF1970
C:\Users\zero6575\AppData\Local\Temp\ccYgedCd.s:20205  .debug_str:00000000000081b3 .LASF1971
C:\Users\zero6575\AppData\Local\Temp\ccYgedCd.s:21027  .debug_str:000000000000aaab .LASF1972
C:\Users\zero6575\AppData\Local\Temp\ccYgedCd.s:18995  .debug_str:00000000000047c2 .LASF1973
C:\Users\zero6575\AppData\Local\Temp\ccYgedCd.s:20451  .debug_str:0000000000008e98 .LASF1974
C:\Users\zero6575\AppData\Local\Temp\ccYgedCd.s:21383  .debug_str:000000000000bb8f .LASF1975
C:\Users\zero6575\AppData\Local\Temp\ccYgedCd.s:21179  .debug_str:000000000000b127 .LASF1976
C:\Users\zero6575\AppData\Local\Temp\ccYgedCd.s:20177  .debug_str:0000000000008088 .LASF1977
C:\Users\zero6575\AppData\Local\Temp\ccYgedCd.s:21049  .debug_str:000000000000ab83 .LASF1978
C:\Users\zero6575\AppData\Local\Temp\ccYgedCd.s:18951  .debug_str:0000000000004581 .LASF1979
C:\Users\zero6575\AppData\Local\Temp\ccYgedCd.s:19579  .debug_str:00000000000063ae .LASF1980
C:\Users\zero6575\AppData\Local\Temp\ccYgedCd.s:21973  .debug_str:000000000000d9ca .LASF1981
C:\Users\zero6575\AppData\Local\Temp\ccYgedCd.s:21857  .debug_str:000000000000d48d .LASF1982
C:\Users\zero6575\AppData\Local\Temp\ccYgedCd.s:21447  .debug_str:000000000000be45 .LASF1983
C:\Users\zero6575\AppData\Local\Temp\ccYgedCd.s:21673  .debug_str:000000000000c942 .LASF1984
C:\Users\zero6575\AppData\Local\Temp\ccYgedCd.s:18737  .debug_str:000000000000385c .LASF1985
C:\Users\zero6575\AppData\Local\Temp\ccYgedCd.s:19849  .debug_str:0000000000007144 .LASF1986
C:\Users\zero6575\AppData\Local\Temp\ccYgedCd.s:20387  .debug_str:0000000000008afd .LASF1987
C:\Users\zero6575\AppData\Local\Temp\ccYgedCd.s:22047  .debug_str:000000000000dd35 .LASF1988
C:\Users\zero6575\AppData\Local\Temp\ccYgedCd.s:19945  .debug_str:00000000000075d5 .LASF1989
C:\Users\zero6575\AppData\Local\Temp\ccYgedCd.s:22035  .debug_str:000000000000dca5 .LASF1990
C:\Users\zero6575\AppData\Local\Temp\ccYgedCd.s:19649  .debug_str:000000000000677b .LASF1991
C:\Users\zero6575\AppData\Local\Temp\ccYgedCd.s:21129  .debug_str:000000000000aefd .LASF1992
C:\Users\zero6575\AppData\Local\Temp\ccYgedCd.s:18191  .debug_str:0000000000001be2 .LASF1993
C:\Users\zero6575\AppData\Local\Temp\ccYgedCd.s:18043  .debug_str:000000000000147b .LASF1994
C:\Users\zero6575\AppData\Local\Temp\ccYgedCd.s:20915  .debug_str:000000000000a602 .LASF1995
C:\Users\zero6575\AppData\Local\Temp\ccYgedCd.s:19963  .debug_str:0000000000007681 .LASF1996
C:\Users\zero6575\AppData\Local\Temp\ccYgedCd.s:19161  .debug_str:000000000000500b .LASF1997
C:\Users\zero6575\AppData\Local\Temp\ccYgedCd.s:20723  .debug_str:0000000000009c85 .LASF1998
C:\Users\zero6575\AppData\Local\Temp\ccYgedCd.s:20637  .debug_str:0000000000009881 .LASF1999
C:\Users\zero6575\AppData\Local\Temp\ccYgedCd.s:20295  .debug_str:00000000000086f4 .LASF2000
C:\Users\zero6575\AppData\Local\Temp\ccYgedCd.s:20789  .debug_str:0000000000009fb9 .LASF2001
C:\Users\zero6575\AppData\Local\Temp\ccYgedCd.s:21639  .debug_str:000000000000c7b5 .LASF2002
C:\Users\zero6575\AppData\Local\Temp\ccYgedCd.s:19591  .debug_str:0000000000006484 .LASF2003
C:\Users\zero6575\AppData\Local\Temp\ccYgedCd.s:17677  .debug_str:000000000000039d .LASF2004
C:\Users\zero6575\AppData\Local\Temp\ccYgedCd.s:18265  .debug_str:00000000000021de .LASF2005
C:\Users\zero6575\AppData\Local\Temp\ccYgedCd.s:18927  .debug_str:00000000000043eb .LASF2006
C:\Users\zero6575\AppData\Local\Temp\ccYgedCd.s:19645  .debug_str:0000000000006724 .LASF2007
C:\Users\zero6575\AppData\Local\Temp\ccYgedCd.s:18347  .debug_str:00000000000025f2 .LASF2008
C:\Users\zero6575\AppData\Local\Temp\ccYgedCd.s:18369  .debug_str:00000000000026d8 .LASF2009
C:\Users\zero6575\AppData\Local\Temp\ccYgedCd.s:18095  .debug_str:0000000000001686 .LASF2010
C:\Users\zero6575\AppData\Local\Temp\ccYgedCd.s:19517  .debug_str:0000000000006110 .LASF2011
C:\Users\zero6575\AppData\Local\Temp\ccYgedCd.s:20965  .debug_str:000000000000a7d9 .LASF2012
C:\Users\zero6575\AppData\Local\Temp\ccYgedCd.s:19149  .debug_str:0000000000004f90 .LASF2013
C:\Users\zero6575\AppData\Local\Temp\ccYgedCd.s:20071  .debug_str:0000000000007b5e .LASF2014
C:\Users\zero6575\AppData\Local\Temp\ccYgedCd.s:19375  .debug_str:0000000000005a1f .LASF2015
C:\Users\zero6575\AppData\Local\Temp\ccYgedCd.s:19837  .debug_str:00000000000070da .LASF2016
C:\Users\zero6575\AppData\Local\Temp\ccYgedCd.s:20169  .debug_str:0000000000008009 .LASF2017
C:\Users\zero6575\AppData\Local\Temp\ccYgedCd.s:18641  .debug_str:0000000000003439 .LASF2018
C:\Users\zero6575\AppData\Local\Temp\ccYgedCd.s:20527  .debug_str:00000000000092d2 .LASF2019
C:\Users\zero6575\AppData\Local\Temp\ccYgedCd.s:20029  .debug_str:00000000000079a3 .LASF2020
C:\Users\zero6575\AppData\Local\Temp\ccYgedCd.s:21499  .debug_str:000000000000c0b7 .LASF2021
C:\Users\zero6575\AppData\Local\Temp\ccYgedCd.s:17683  .debug_str:00000000000003dd .LASF2022
C:\Users\zero6575\AppData\Local\Temp\ccYgedCd.s:20357  .debug_str:0000000000008990 .LASF2278
C:\Users\zero6575\AppData\Local\Temp\ccYgedCd.s:18733  .debug_str:0000000000003839 .LASF2023
C:\Users\zero6575\AppData\Local\Temp\ccYgedCd.s:19839  .debug_str:00000000000070f4 .LASF2024
C:\Users\zero6575\AppData\Local\Temp\ccYgedCd.s:19853  .debug_str:000000000000717b .LASF2025
C:\Users\zero6575\AppData\Local\Temp\ccYgedCd.s:17811  .debug_str:00000000000009ed .LASF2026
C:\Users\zero6575\AppData\Local\Temp\ccYgedCd.s:19407  .debug_str:0000000000005bad .LASF2027
C:\Users\zero6575\AppData\Local\Temp\ccYgedCd.s:21945  .debug_str:000000000000d848 .LASF2028
C:\Users\zero6575\AppData\Local\Temp\ccYgedCd.s:21507  .debug_str:000000000000c113 .LASF2029
C:\Users\zero6575\AppData\Local\Temp\ccYgedCd.s:18977  .debug_str:000000000000471b .LASF2030
C:\Users\zero6575\AppData\Local\Temp\ccYgedCd.s:21751  .debug_str:000000000000cd7a .LASF2031
C:\Users\zero6575\AppData\Local\Temp\ccYgedCd.s:20369  .debug_str:0000000000008a20 .LASF2032
C:\Users\zero6575\AppData\Local\Temp\ccYgedCd.s:18343  .debug_str:00000000000025cd .LASF2033
C:\Users\zero6575\AppData\Local\Temp\ccYgedCd.s:22013  .debug_str:000000000000db86 .LASF2034
C:\Users\zero6575\AppData\Local\Temp\ccYgedCd.s:20425  .debug_str:0000000000008cdc .LASF2035
C:\Users\zero6575\AppData\Local\Temp\ccYgedCd.s:20921  .debug_str:000000000000a641 .LASF2036
C:\Users\zero6575\AppData\Local\Temp\ccYgedCd.s:21605  .debug_str:000000000000c65d .LASF2037
C:\Users\zero6575\AppData\Local\Temp\ccYgedCd.s:19179  .debug_str:00000000000050c6 .LASF2038
C:\Users\zero6575\AppData\Local\Temp\ccYgedCd.s:18499  .debug_str:0000000000002d64 .LASF2039
C:\Users\zero6575\AppData\Local\Temp\ccYgedCd.s:19473  .debug_str:0000000000005e69 .LASF2040
C:\Users\zero6575\AppData\Local\Temp\ccYgedCd.s:17711  .debug_str:0000000000000553 .LASF2041
C:\Users\zero6575\AppData\Local\Temp\ccYgedCd.s:22155  .debug_str:000000000000e264 .LASF2042
C:\Users\zero6575\AppData\Local\Temp\ccYgedCd.s:19555  .debug_str:00000000000062b4 .LASF2043
C:\Users\zero6575\AppData\Local\Temp\ccYgedCd.s:18031  .debug_str:000000000000140a .LASF2044
C:\Users\zero6575\AppData\Local\Temp\ccYgedCd.s:19305  .debug_str:000000000000572f .LASF2045
C:\Users\zero6575\AppData\Local\Temp\ccYgedCd.s:19663  .debug_str:0000000000006866 .LASF2046
C:\Users\zero6575\AppData\Local\Temp\ccYgedCd.s:19991  .debug_str:000000000000782d .LASF2047
C:\Users\zero6575\AppData\Local\Temp\ccYgedCd.s:18007  .debug_str:00000000000012df .LASF2048
C:\Users\zero6575\AppData\Local\Temp\ccYgedCd.s:18567  .debug_str:0000000000003096 .LASF2049
C:\Users\zero6575\AppData\Local\Temp\ccYgedCd.s:21373  .debug_str:000000000000bb1e .LASF2050
C:\Users\zero6575\AppData\Local\Temp\ccYgedCd.s:20817  .debug_str:000000000000a0b7 .LASF2051
C:\Users\zero6575\AppData\Local\Temp\ccYgedCd.s:18063  .debug_str:000000000000153f .LASF2052
C:\Users\zero6575\AppData\Local\Temp\ccYgedCd.s:20307  .debug_str:0000000000008789 .LASF2053
C:\Users\zero6575\AppData\Local\Temp\ccYgedCd.s:21679  .debug_str:000000000000c99f .LASF2054
C:\Users\zero6575\AppData\Local\Temp\ccYgedCd.s:18981  .debug_str:0000000000004734 .LASF2055
C:\Users\zero6575\AppData\Local\Temp\ccYgedCd.s:18667  .debug_str:0000000000003565 .LASF2056
C:\Users\zero6575\AppData\Local\Temp\ccYgedCd.s:19527  .debug_str:0000000000006196 .LASF2057
C:\Users\zero6575\AppData\Local\Temp\ccYgedCd.s:20131  .debug_str:0000000000007dec .LASF2058
C:\Users\zero6575\AppData\Local\Temp\ccYgedCd.s:19811  .debug_str:0000000000006f52 .LASF2059
C:\Users\zero6575\AppData\Local\Temp\ccYgedCd.s:21401  .debug_str:000000000000bc50 .LASF2060
C:\Users\zero6575\AppData\Local\Temp\ccYgedCd.s:19899  .debug_str:00000000000073c9 .LASF2061
C:\Users\zero6575\AppData\Local\Temp\ccYgedCd.s:22125  .debug_str:000000000000e0dc .LASF2062
C:\Users\zero6575\AppData\Local\Temp\ccYgedCd.s:20735  .debug_str:0000000000009ceb .LASF2063
C:\Users\zero6575\AppData\Local\Temp\ccYgedCd.s:20875  .debug_str:000000000000a413 .LASF2064
C:\Users\zero6575\AppData\Local\Temp\ccYgedCd.s:17873  .debug_str:0000000000000c83 .LASF2065
C:\Users\zero6575\AppData\Local\Temp\ccYgedCd.s:18407  .debug_str:0000000000002916 .LASF2066
C:\Users\zero6575\AppData\Local\Temp\ccYgedCd.s:20257  .debug_str:0000000000008509 .LASF2067
C:\Users\zero6575\AppData\Local\Temp\ccYgedCd.s:21085  .debug_str:000000000000ad04 .LASF2068
C:\Users\zero6575\AppData\Local\Temp\ccYgedCd.s:20109  .debug_str:0000000000007d18 .LASF2069
C:\Users\zero6575\AppData\Local\Temp\ccYgedCd.s:21879  .debug_str:000000000000d593 .LASF2070
C:\Users\zero6575\AppData\Local\Temp\ccYgedCd.s:19357  .debug_str:0000000000005943 .LASF2071
C:\Users\zero6575\AppData\Local\Temp\ccYgedCd.s:19127  .debug_str:0000000000004ead .LASF2072
C:\Users\zero6575\AppData\Local\Temp\ccYgedCd.s:18897  .debug_str:00000000000040ac .LASF2073
C:\Users\zero6575\AppData\Local\Temp\ccYgedCd.s:21387  .debug_str:000000000000bbc4 .LASF2074
C:\Users\zero6575\AppData\Local\Temp\ccYgedCd.s:18989  .debug_str:0000000000004786 .LASF2075
C:\Users\zero6575\AppData\Local\Temp\ccYgedCd.s:19717  .debug_str:0000000000006abe .LASF2076
C:\Users\zero6575\AppData\Local\Temp\ccYgedCd.s:18153  .debug_str:00000000000019dd .LASF2077
C:\Users\zero6575\AppData\Local\Temp\ccYgedCd.s:17965  .debug_str:0000000000001124 .LASF2078
C:\Users\zero6575\AppData\Local\Temp\ccYgedCd.s:18725  .debug_str:0000000000003804 .LASF2079
C:\Users\zero6575\AppData\Local\Temp\ccYgedCd.s:19793  .debug_str:0000000000006e94 .LASF2080
C:\Users\zero6575\AppData\Local\Temp\ccYgedCd.s:20135  .debug_str:0000000000007e0b .LASF2081
C:\Users\zero6575\AppData\Local\Temp\ccYgedCd.s:18437  .debug_str:0000000000002a89 .LASF2082
C:\Users\zero6575\AppData\Local\Temp\ccYgedCd.s:20365  .debug_str:00000000000089f5 .LASF2083
C:\Users\zero6575\AppData\Local\Temp\ccYgedCd.s:21199  .debug_str:000000000000b23e .LASF2084
C:\Users\zero6575\AppData\Local\Temp\ccYgedCd.s:18131  .debug_str:0000000000001873 .LASF2085
C:\Users\zero6575\AppData\Local\Temp\ccYgedCd.s:21737  .debug_str:000000000000ccb5 .LASF2086
C:\Users\zero6575\AppData\Local\Temp\ccYgedCd.s:21251  .debug_str:000000000000b483 .LASF2087
C:\Users\zero6575\AppData\Local\Temp\ccYgedCd.s:19947  .debug_str:00000000000075ec .LASF2088
C:\Users\zero6575\AppData\Local\Temp\ccYgedCd.s:21711  .debug_str:000000000000cb78 .LASF2089
C:\Users\zero6575\AppData\Local\Temp\ccYgedCd.s:18443  .debug_str:0000000000002ae3 .LASF2090
C:\Users\zero6575\AppData\Local\Temp\ccYgedCd.s:19681  .debug_str:000000000000691d .LASF2091
C:\Users\zero6575\AppData\Local\Temp\ccYgedCd.s:17709  .debug_str:0000000000000546 .LASF2092
C:\Users\zero6575\AppData\Local\Temp\ccYgedCd.s:20441  .debug_str:0000000000008e34 .LASF2093
C:\Users\zero6575\AppData\Local\Temp\ccYgedCd.s:19097  .debug_str:0000000000004d62 .LASF2094
C:\Users\zero6575\AppData\Local\Temp\ccYgedCd.s:18341  .debug_str:00000000000025c2 .LASF2095
C:\Users\zero6575\AppData\Local\Temp\ccYgedCd.s:19229  .debug_str:00000000000053e8 .LASF2096
C:\Users\zero6575\AppData\Local\Temp\ccYgedCd.s:20911  .debug_str:000000000000a5e4 .LASF2097
C:\Users\zero6575\AppData\Local\Temp\ccYgedCd.s:21471  .debug_str:000000000000bf6d .LASF2098
C:\Users\zero6575\AppData\Local\Temp\ccYgedCd.s:21277  .debug_str:000000000000b610 .LASF2099
C:\Users\zero6575\AppData\Local\Temp\ccYgedCd.s:21425  .debug_str:000000000000bd50 .LASF2100
C:\Users\zero6575\AppData\Local\Temp\ccYgedCd.s:21081  .debug_str:000000000000acf8 .LASF2101
C:\Users\zero6575\AppData\Local\Temp\ccYgedCd.s:21845  .debug_str:000000000000d3f0 .LASF2102
C:\Users\zero6575\AppData\Local\Temp\ccYgedCd.s:21877  .debug_str:000000000000d582 .LASF2103
C:\Users\zero6575\AppData\Local\Temp\ccYgedCd.s:21361  .debug_str:000000000000baae .LASF2104
C:\Users\zero6575\AppData\Local\Temp\ccYgedCd.s:17891  .debug_str:0000000000000da4 .LASF2105
C:\Users\zero6575\AppData\Local\Temp\ccYgedCd.s:18963  .debug_str:0000000000004667 .LASF2106
C:\Users\zero6575\AppData\Local\Temp\ccYgedCd.s:20667  .debug_str:00000000000099bd .LASF2107
C:\Users\zero6575\AppData\Local\Temp\ccYgedCd.s:17893  .debug_str:0000000000000da9 .LASF2108
C:\Users\zero6575\AppData\Local\Temp\ccYgedCd.s:21687  .debug_str:000000000000caa3 .LASF2109
C:\Users\zero6575\AppData\Local\Temp\ccYgedCd.s:21557  .debug_str:000000000000c372 .LASF2110
C:\Users\zero6575\AppData\Local\Temp\ccYgedCd.s:20923  .debug_str:000000000000a660 .LASF2111
C:\Users\zero6575\AppData\Local\Temp\ccYgedCd.s:22101  .debug_str:000000000000dfb1 .LASF2112
C:\Users\zero6575\AppData\Local\Temp\ccYgedCd.s:21077  .debug_str:000000000000acca .LASF2113
C:\Users\zero6575\AppData\Local\Temp\ccYgedCd.s:20405  .debug_str:0000000000008bf0 .LASF2114
C:\Users\zero6575\AppData\Local\Temp\ccYgedCd.s:21375  .debug_str:000000000000bb2a .LASF2115
C:\Users\zero6575\AppData\Local\Temp\ccYgedCd.s:18965  .debug_str:0000000000004685 .LASF2116
C:\Users\zero6575\AppData\Local\Temp\ccYgedCd.s:21777  .debug_str:000000000000ceee .LASF2117
C:\Users\zero6575\AppData\Local\Temp\ccYgedCd.s:18691  .debug_str:00000000000036db .LASF2118
C:\Users\zero6575\AppData\Local\Temp\ccYgedCd.s:21055  .debug_str:000000000000abdb .LASF2119
C:\Users\zero6575\AppData\Local\Temp\ccYgedCd.s:20051  .debug_str:0000000000007ab0 .LASF2120
C:\Users\zero6575\AppData\Local\Temp\ccYgedCd.s:19443  .debug_str:0000000000005d19 .LASF2121
C:\Users\zero6575\AppData\Local\Temp\ccYgedCd.s:20617  .debug_str:000000000000974b .LASF2122
C:\Users\zero6575\AppData\Local\Temp\ccYgedCd.s:21753  .debug_str:000000000000cd91 .LASF2123
C:\Users\zero6575\AppData\Local\Temp\ccYgedCd.s:17773  .debug_str:0000000000000880 .LASF2124
C:\Users\zero6575\AppData\Local\Temp\ccYgedCd.s:19511  .debug_str:00000000000060b3 .LASF2125
C:\Users\zero6575\AppData\Local\Temp\ccYgedCd.s:19959  .debug_str:000000000000766a .LASF2126
C:\Users\zero6575\AppData\Local\Temp\ccYgedCd.s:20085  .debug_str:0000000000007c1a .LASF2127
C:\Users\zero6575\AppData\Local\Temp\ccYgedCd.s:19905  .debug_str:0000000000007408 .LASF2128
C:\Users\zero6575\AppData\Local\Temp\ccYgedCd.s:20655  .debug_str:000000000000994c .LASF2129
C:\Users\zero6575\AppData\Local\Temp\ccYgedCd.s:18815  .debug_str:0000000000003c5e .LASF2130
C:\Users\zero6575\AppData\Local\Temp\ccYgedCd.s:21533  .debug_str:000000000000c25d .LASF2131
C:\Users\zero6575\AppData\Local\Temp\ccYgedCd.s:20843  .debug_str:000000000000a206 .LASF2132
C:\Users\zero6575\AppData\Local\Temp\ccYgedCd.s:21553  .debug_str:000000000000c348 .LASF2133
C:\Users\zero6575\AppData\Local\Temp\ccYgedCd.s:19659  .debug_str:000000000000683a .LASF2134
C:\Users\zero6575\AppData\Local\Temp\ccYgedCd.s:19255  .debug_str:0000000000005520 .LASF2135
C:\Users\zero6575\AppData\Local\Temp\ccYgedCd.s:19699  .debug_str:0000000000006a1f .LASF2136
C:\Users\zero6575\AppData\Local\Temp\ccYgedCd.s:18317  .debug_str:0000000000002465 .LASF2137
C:\Users\zero6575\AppData\Local\Temp\ccYgedCd.s:18069  .debug_str:0000000000001570 .LASF2138
C:\Users\zero6575\AppData\Local\Temp\ccYgedCd.s:20287  .debug_str:00000000000086ad .LASF2139
C:\Users\zero6575\AppData\Local\Temp\ccYgedCd.s:18721  .debug_str:00000000000037f4 .LASF2140
C:\Users\zero6575\AppData\Local\Temp\ccYgedCd.s:20063  .debug_str:0000000000007b28 .LASF2141
C:\Users\zero6575\AppData\Local\Temp\ccYgedCd.s:19857  .debug_str:00000000000071a3 .LASF2142
C:\Users\zero6575\AppData\Local\Temp\ccYgedCd.s:20811  .debug_str:000000000000a081 .LASF2143
C:\Users\zero6575\AppData\Local\Temp\ccYgedCd.s:20925  .debug_str:000000000000a66c .LASF2144
C:\Users\zero6575\AppData\Local\Temp\ccYgedCd.s:20299  .debug_str:000000000000873e .LASF2145
C:\Users\zero6575\AppData\Local\Temp\ccYgedCd.s:20375  .debug_str:0000000000008a66 .LASF2146
C:\Users\zero6575\AppData\Local\Temp\ccYgedCd.s:20311  .debug_str:00000000000087a0 .LASF2147
C:\Users\zero6575\AppData\Local\Temp\ccYgedCd.s:19965  .debug_str:000000000000769b .LASF2148
C:\Users\zero6575\AppData\Local\Temp\ccYgedCd.s:21403  .debug_str:000000000000bc57 .LASF2149
C:\Users\zero6575\AppData\Local\Temp\ccYgedCd.s:18363  .debug_str:00000000000026b4 .LASF2150
C:\Users\zero6575\AppData\Local\Temp\ccYgedCd.s:18301  .debug_str:00000000000023a0 .LASF2151
C:\Users\zero6575\AppData\Local\Temp\ccYgedCd.s:19739  .debug_str:0000000000006bc7 .LASF2152
C:\Users\zero6575\AppData\Local\Temp\ccYgedCd.s:19521  .debug_str:000000000000615c .LASF2153
C:\Users\zero6575\AppData\Local\Temp\ccYgedCd.s:21043  .debug_str:000000000000ab58 .LASF2154
C:\Users\zero6575\AppData\Local\Temp\ccYgedCd.s:19451  .debug_str:0000000000005d60 .LASF2155
C:\Users\zero6575\AppData\Local\Temp\ccYgedCd.s:18425  .debug_str:00000000000029f1 .LASF2156
C:\Users\zero6575\AppData\Local\Temp\ccYgedCd.s:18671  .debug_str:0000000000003587 .LASF2157
C:\Users\zero6575\AppData\Local\Temp\ccYgedCd.s:20857  .debug_str:000000000000a292 .LASF2158
C:\Users\zero6575\AppData\Local\Temp\ccYgedCd.s:20931  .debug_str:000000000000a6a1 .LASF2159
C:\Users\zero6575\AppData\Local\Temp\ccYgedCd.s:20989  .debug_str:000000000000a908 .LASF2160
C:\Users\zero6575\AppData\Local\Temp\ccYgedCd.s:17609  .debug_str:00000000000000ac .LASF2161
C:\Users\zero6575\AppData\Local\Temp\ccYgedCd.s:20407  .debug_str:0000000000008bfc .LASF2162
C:\Users\zero6575\AppData\Local\Temp\ccYgedCd.s:20951  .debug_str:000000000000a740 .LASF2163
C:\Users\zero6575\AppData\Local\Temp\ccYgedCd.s:19271  .debug_str:00000000000055d3 .LASF2164
C:\Users\zero6575\AppData\Local\Temp\ccYgedCd.s:21695  .debug_str:000000000000cae3 .LASF2165
C:\Users\zero6575\AppData\Local\Temp\ccYgedCd.s:19403  .debug_str:0000000000005b91 .LASF2166
C:\Users\zero6575\AppData\Local\Temp\ccYgedCd.s:18367  .debug_str:00000000000026d3 .LASF2167
C:\Users\zero6575\AppData\Local\Temp\ccYgedCd.s:19079  .debug_str:0000000000004c86 .LASF2168
C:\Users\zero6575\AppData\Local\Temp\ccYgedCd.s:17831  .debug_str:0000000000000a8b .LASF2169
C:\Users\zero6575\AppData\Local\Temp\ccYgedCd.s:18657  .debug_str:00000000000034ff .LASF2170
C:\Users\zero6575\AppData\Local\Temp\ccYgedCd.s:19483  .debug_str:0000000000005ec0 .LASF2171
C:\Users\zero6575\AppData\Local\Temp\ccYgedCd.s:18253  .debug_str:0000000000002178 .LASF2172
C:\Users\zero6575\AppData\Local\Temp\ccYgedCd.s:20987  .debug_str:000000000000a8ff .LASF2173
C:\Users\zero6575\AppData\Local\Temp\ccYgedCd.s:18049  .debug_str:00000000000014b5 .LASF2174
C:\Users\zero6575\AppData\Local\Temp\ccYgedCd.s:20849  .debug_str:000000000000a24b .LASF2175
C:\Users\zero6575\AppData\Local\Temp\ccYgedCd.s:20753  .debug_str:0000000000009daf .LASF2176
C:\Users\zero6575\AppData\Local\Temp\ccYgedCd.s:20703  .debug_str:0000000000009bb7 .LASF2177
C:\Users\zero6575\AppData\Local\Temp\ccYgedCd.s:18663  .debug_str:0000000000003533 .LASF2178
C:\Users\zero6575\AppData\Local\Temp\ccYgedCd.s:21125  .debug_str:000000000000aece .LASF2179
C:\Users\zero6575\AppData\Local\Temp\ccYgedCd.s:20589  .debug_str:00000000000095de .LASF2180
C:\Users\zero6575\AppData\Local\Temp\ccYgedCd.s:20627  .debug_str:0000000000009801 .LASF2181
C:\Users\zero6575\AppData\Local\Temp\ccYgedCd.s:19423  .debug_str:0000000000005c73 .LASF2182
C:\Users\zero6575\AppData\Local\Temp\ccYgedCd.s:18625  .debug_str:0000000000003372 .LASF2183
C:\Users\zero6575\AppData\Local\Temp\ccYgedCd.s:19055  .debug_str:0000000000004b07 .LASF2184
C:\Users\zero6575\AppData\Local\Temp\ccYgedCd.s:20343  .debug_str:0000000000008913 .LASF2185
C:\Users\zero6575\AppData\Local\Temp\ccYgedCd.s:21699  .debug_str:000000000000caf8 .LASF2186
C:\Users\zero6575\AppData\Local\Temp\ccYgedCd.s:19479  .debug_str:0000000000005e96 .LASF2187
C:\Users\zero6575\AppData\Local\Temp\ccYgedCd.s:21697  .debug_str:000000000000caec .LASF2188
C:\Users\zero6575\AppData\Local\Temp\ccYgedCd.s:17867  .debug_str:0000000000000c4f .LASF2189
C:\Users\zero6575\AppData\Local\Temp\ccYgedCd.s:18839  .debug_str:0000000000003d84 .LASF2190
C:\Users\zero6575\AppData\Local\Temp\ccYgedCd.s:18629  .debug_str:00000000000033a4 .LASF2191
C:\Users\zero6575\AppData\Local\Temp\ccYgedCd.s:18801  .debug_str:0000000000003bad .LASF2192
C:\Users\zero6575\AppData\Local\Temp\ccYgedCd.s:19333  .debug_str:0000000000005868 .LASF2193
C:\Users\zero6575\AppData\Local\Temp\ccYgedCd.s:20363  .debug_str:00000000000089e9 .LASF2194
C:\Users\zero6575\AppData\Local\Temp\ccYgedCd.s:19241  .debug_str:0000000000005492 .LASF2195
C:\Users\zero6575\AppData\Local\Temp\ccYgedCd.s:21891  .debug_str:000000000000d619 .LASF2196
C:\Users\zero6575\AppData\Local\Temp\ccYgedCd.s:19779  .debug_str:0000000000006d92 .LASF2197
C:\Users\zero6575\AppData\Local\Temp\ccYgedCd.s:21411  .debug_str:000000000000bc99 .LASF2198
C:\Users\zero6575\AppData\Local\Temp\ccYgedCd.s:22083  .debug_str:000000000000defe .LASF2199
C:\Users\zero6575\AppData\Local\Temp\ccYgedCd.s:19237  .debug_str:0000000000005461 .LASF2239
C:\Users\zero6575\AppData\Local\Temp\ccYgedCd.s:5603   .text.trend_log_timer:0000000000000000 .LFB25
C:\Users\zero6575\AppData\Local\Temp\ccYgedCd.s:5773   .text.trend_log_timer:000000000000015e .LFE25
C:\Users\zero6575\AppData\Local\Temp\ccYgedCd.s:19383  .debug_str:0000000000005a87 .LASF2203
C:\Users\zero6575\AppData\Local\Temp\ccYgedCd.s:20447  .debug_str:0000000000008e82 .LASF2200
C:\Users\zero6575\AppData\Local\Temp\ccYgedCd.s:21089  .debug_str:000000000000ad2d .LASF2201
C:\Users\zero6575\AppData\Local\Temp\ccYgedCd.s:17705  .debug_str:0000000000000536 .LASF2202
C:\Users\zero6575\AppData\Local\Temp\ccYgedCd.s:21487  .debug_str:000000000000c030 .LASF2279
C:\Users\zero6575\AppData\Local\Temp\ccYgedCd.s:5140   .text.TL_fetch_property:0000000000000000 .LFB24
C:\Users\zero6575\AppData\Local\Temp\ccYgedCd.s:5596   .text.TL_fetch_property:000000000000044c .LFE24
C:\Users\zero6575\AppData\Local\Temp\ccYgedCd.s:20547  .debug_str:00000000000093e2 .LASF2204
C:\Users\zero6575\AppData\Local\Temp\ccYgedCd.s:19467  .debug_str:0000000000005e47 .LASF2205
C:\Users\zero6575\AppData\Local\Temp\ccYgedCd.s:18805  .debug_str:0000000000003bce .LASF2206
C:\Users\zero6575\AppData\Local\Temp\ccYgedCd.s:21829  .debug_str:000000000000d24c .LASF2207
C:\Users\zero6575\AppData\Local\Temp\ccYgedCd.s:19321  .debug_str:00000000000057db .LASF2208
C:\Users\zero6575\AppData\Local\Temp\ccYgedCd.s:19267  .debug_str:00000000000055b2 .LASF2209
C:\Users\zero6575\AppData\Local\Temp\ccYgedCd.s:19433  .debug_str:0000000000005cb2 .LASF2210
C:\Users\zero6575\AppData\Local\Temp\ccYgedCd.s:19529  .debug_str:000000000000619c .LASF2211
C:\Users\zero6575\AppData\Local\Temp\ccYgedCd.s:19083  .debug_str:0000000000004cb3 .LASF2212
C:\Users\zero6575\AppData\Local\Temp\ccYgedCd.s:17625  .debug_str:000000000000014e .LASF2280
C:\Users\zero6575\AppData\Local\Temp\ccYgedCd.s:5012   .text.local_read_property:0000000000000000 .LFB23
C:\Users\zero6575\AppData\Local\Temp\ccYgedCd.s:5134   .text.local_read_property:0000000000000102 .LFE23
C:\Users\zero6575\AppData\Local\Temp\ccYgedCd.s:20079  .debug_str:0000000000007bbf .LASF2213
C:\Users\zero6575\AppData\Local\Temp\ccYgedCd.s:18409  .debug_str:000000000000292c .LASF2214
C:\Users\zero6575\AppData\Local\Temp\ccYgedCd.s:19893  .debug_str:0000000000007375 .LASF2219
C:\Users\zero6575\AppData\Local\Temp\ccYgedCd.s:4441   .text.TL_encode_entry:0000000000000000 .LFB22
C:\Users\zero6575\AppData\Local\Temp\ccYgedCd.s:5006   .text.TL_encode_entry:000000000000057c .LFE22
C:\Users\zero6575\AppData\Local\Temp\ccYgedCd.s:19843  .debug_str:000000000000711f .LASF2215
C:\Users\zero6575\AppData\Local\Temp\ccYgedCd.s:21613  .debug_str:000000000000c6cb .LASF2216
C:\Users\zero6575\AppData\Local\Temp\ccYgedCd.s:17651  .debug_str:0000000000000253 .LASF2217
C:\Users\zero6575\AppData\Local\Temp\ccYgedCd.s:17969  .debug_str:000000000000114e .LASF2218
C:\Users\zero6575\AppData\Local\Temp\ccYgedCd.s:21559  .debug_str:000000000000c382 .LASF2220
C:\Users\zero6575\AppData\Local\Temp\ccYgedCd.s:4028   .text.TL_encode_by_time:0000000000000000 .LFB21
C:\Users\zero6575\AppData\Local\Temp\ccYgedCd.s:4434   .text.TL_encode_by_time:000000000000038a .LFE21
C:\Users\zero6575\AppData\Local\Temp\ccYgedCd.s:20863  .debug_str:000000000000a2ee .LASF2221
C:\Users\zero6575\AppData\Local\Temp\ccYgedCd.s:20315  .debug_str:00000000000087d9 .LASF2222
C:\Users\zero6575\AppData\Local\Temp\ccYgedCd.s:21423  .debug_str:000000000000bd4a .LASF2223
C:\Users\zero6575\AppData\Local\Temp\ccYgedCd.s:18183  .debug_str:0000000000001b81 .LASF2224
C:\Users\zero6575\AppData\Local\Temp\ccYgedCd.s:19673  .debug_str:00000000000068b9 .LASF2225
C:\Users\zero6575\AppData\Local\Temp\ccYgedCd.s:19909  .debug_str:0000000000007422 .LASF2226
C:\Users\zero6575\AppData\Local\Temp\ccYgedCd.s:19351  .debug_str:000000000000591b .LASF2227
C:\Users\zero6575\AppData\Local\Temp\ccYgedCd.s:19259  .debug_str:0000000000005544 .LASF2228
C:\Users\zero6575\AppData\Local\Temp\ccYgedCd.s:20935  .debug_str:000000000000a6b8 .LASF2229
C:\Users\zero6575\AppData\Local\Temp\ccYgedCd.s:20433  .debug_str:0000000000008d9b .LASF2230
C:\Users\zero6575\AppData\Local\Temp\ccYgedCd.s:3576   .text.TL_encode_by_sequence:0000000000000000 .LFB20
C:\Users\zero6575\AppData\Local\Temp\ccYgedCd.s:4021   .text.TL_encode_by_sequence:00000000000003d4 .LFE20
C:\Users\zero6575\AppData\Local\Temp\ccYgedCd.s:21135  .debug_str:000000000000af69 .LASF2231
C:\Users\zero6575\AppData\Local\Temp\ccYgedCd.s:18329  .debug_str:0000000000002525 .LASF2232
C:\Users\zero6575\AppData\Local\Temp\ccYgedCd.s:17971  .debug_str:0000000000001157 .LASF2233
C:\Users\zero6575\AppData\Local\Temp\ccYgedCd.s:19033  .debug_str:0000000000004970 .LASF2234
C:\Users\zero6575\AppData\Local\Temp\ccYgedCd.s:18727  .debug_str:000000000000380a .LASF2235
C:\Users\zero6575\AppData\Local\Temp\ccYgedCd.s:20489  .debug_str:00000000000090bc .LASF2236
C:\Users\zero6575\AppData\Local\Temp\ccYgedCd.s:3292   .text.TL_encode_by_position:0000000000000000 .LFB19
C:\Users\zero6575\AppData\Local\Temp\ccYgedCd.s:3569   .text.TL_encode_by_position:0000000000000254 .LFE19
C:\Users\zero6575\AppData\Local\Temp\ccYgedCd.s:17635  .debug_str:00000000000001b3 .LASF2237
C:\Users\zero6575\AppData\Local\Temp\ccYgedCd.s:18373  .debug_str:000000000000272a .LASF2238
C:\Users\zero6575\AppData\Local\Temp\ccYgedCd.s:3167   .text.rr_trend_log_encode:0000000000000000 .LFB18
C:\Users\zero6575\AppData\Local\Temp\ccYgedCd.s:3285   .text.rr_trend_log_encode:0000000000000106 .LFE18
C:\Users\zero6575\AppData\Local\Temp\ccYgedCd.s:22145  .debug_str:000000000000e1c1 .LASF2240
C:\Users\zero6575\AppData\Local\Temp\ccYgedCd.s:3054   .text.TL_Local_Time_To_BAC:0000000000000000 .LFB17
C:\Users\zero6575\AppData\Local\Temp\ccYgedCd.s:3160   .text.TL_Local_Time_To_BAC:00000000000000d6 .LFE17
C:\Users\zero6575\AppData\Local\Temp\ccYgedCd.s:17627  .debug_str:0000000000000162 .LASF2241
C:\Users\zero6575\AppData\Local\Temp\ccYgedCd.s:20449  .debug_str:0000000000008e8d .LASF2242
C:\Users\zero6575\AppData\Local\Temp\ccYgedCd.s:19419  .debug_str:0000000000005c45 .LASF2243
C:\Users\zero6575\AppData\Local\Temp\ccYgedCd.s:2946   .text.TL_BAC_Time_To_Local:0000000000000000 .LFB16
C:\Users\zero6575\AppData\Local\Temp\ccYgedCd.s:3047   .text.TL_BAC_Time_To_Local:00000000000000cc .LFE16
C:\Users\zero6575\AppData\Local\Temp\ccYgedCd.s:20511  .debug_str:0000000000009201 .LASF2244
C:\Users\zero6575\AppData\Local\Temp\ccYgedCd.s:21475  .debug_str:000000000000bf80 .LASF2245
C:\Users\zero6575\AppData\Local\Temp\ccYgedCd.s:2807   .text.TL_Is_Enabled:0000000000000000 .LFB15
C:\Users\zero6575\AppData\Local\Temp\ccYgedCd.s:2939   .text.TL_Is_Enabled:00000000000000fa .LFE15
C:\Users\zero6575\AppData\Local\Temp\ccYgedCd.s:17623  .debug_str:0000000000000146 .LASF2246
C:\Users\zero6575\AppData\Local\Temp\ccYgedCd.s:19597  .debug_str:00000000000064cc .LASF2247
C:\Users\zero6575\AppData\Local\Temp\ccYgedCd.s:2640   .text.TL_Insert_Status_Rec:0000000000000000 .LFB14
C:\Users\zero6575\AppData\Local\Temp\ccYgedCd.s:2800   .text.TL_Insert_Status_Rec:000000000000014a .LFE14
C:\Users\zero6575\AppData\Local\Temp\ccYgedCd.s:20497  .debug_str:000000000000915f .LASF2248
C:\Users\zero6575\AppData\Local\Temp\ccYgedCd.s:20203  .debug_str:00000000000081ac .LASF2249
C:\Users\zero6575\AppData\Local\Temp\ccYgedCd.s:22087  .debug_str:000000000000df33 .LASF2250
C:\Users\zero6575\AppData\Local\Temp\ccYgedCd.s:2554   .text.TrendLogGetRRInfo:0000000000000000 .LFB13
C:\Users\zero6575\AppData\Local\Temp\ccYgedCd.s:2633   .text.TrendLogGetRRInfo:000000000000008e .LFE13
C:\Users\zero6575\AppData\Local\Temp\ccYgedCd.s:19785  .debug_str:0000000000006de7 .LASF2251
C:\Users\zero6575\AppData\Local\Temp\ccYgedCd.s:17953  .debug_str:0000000000001089 .LASF2252
C:\Users\zero6575\AppData\Local\Temp\ccYgedCd.s:1402   .text.Trend_Log_Write_Property:0000000000000000 .LFB12
C:\Users\zero6575\AppData\Local\Temp\ccYgedCd.s:2547   .text.Trend_Log_Write_Property:0000000000000a34 .LFE12
C:\Users\zero6575\AppData\Local\Temp\ccYgedCd.s:19603  .debug_str:0000000000006517 .LASF2253
C:\Users\zero6575\AppData\Local\Temp\ccYgedCd.s:20777  .debug_str:0000000000009f14 .LASF2254
C:\Users\zero6575\AppData\Local\Temp\ccYgedCd.s:20061  .debug_str:0000000000007b1d .LASF2255
C:\Users\zero6575\AppData\Local\Temp\ccYgedCd.s:19377  .debug_str:0000000000005a38 .LASF2256
C:\Users\zero6575\AppData\Local\Temp\ccYgedCd.s:21883  .debug_str:000000000000d5b9 .LASF2257
C:\Users\zero6575\AppData\Local\Temp\ccYgedCd.s:771    .text.Trend_Log_Read_Property:0000000000000000 .LFB11
C:\Users\zero6575\AppData\Local\Temp\ccYgedCd.s:1395   .text.Trend_Log_Read_Property:000000000000043e .LFE11
C:\Users\zero6575\AppData\Local\Temp\ccYgedCd.s:19605  .debug_str:000000000000651f .LASF2258
C:\Users\zero6575\AppData\Local\Temp\ccYgedCd.s:19151  .debug_str:0000000000004faa .LASF2259
C:\Users\zero6575\AppData\Local\Temp\ccYgedCd.s:21371  .debug_str:000000000000bb12 .LASF2260
C:\Users\zero6575\AppData\Local\Temp\ccYgedCd.s:21257  .debug_str:000000000000b4c9 .LASF2261
C:\Users\zero6575\AppData\Local\Temp\ccYgedCd.s:717    .text.Trend_Log_Object_Name:0000000000000000 .LFB10
C:\Users\zero6575\AppData\Local\Temp\ccYgedCd.s:764    .text.Trend_Log_Object_Name:000000000000006a .LFE10
C:\Users\zero6575\AppData\Local\Temp\ccYgedCd.s:21995  .debug_str:000000000000daab .LASF2262
C:\Users\zero6575\AppData\Local\Temp\ccYgedCd.s:20381  .debug_str:0000000000008abc .LASF2263
C:\Users\zero6575\AppData\Local\Temp\ccYgedCd.s:18087  .debug_str:000000000000162a .LASF2264
C:\Users\zero6575\AppData\Local\Temp\ccYgedCd.s:251    .text.Trend_Log_Init:0000000000000000 .LFB9
C:\Users\zero6575\AppData\Local\Temp\ccYgedCd.s:706    .text.Trend_Log_Init:00000000000004be .LFE9
C:\Users\zero6575\AppData\Local\Temp\ccYgedCd.s:18705  .debug_str:0000000000003775 .LASF2265
C:\Users\zero6575\AppData\Local\Temp\ccYgedCd.s:20795  .debug_str:0000000000009ff3 .LASF2266
C:\Users\zero6575\AppData\Local\Temp\ccYgedCd.s:21039  .debug_str:000000000000ab36 .LASF2267
C:\Users\zero6575\AppData\Local\Temp\ccYgedCd.s:209    .text.Trend_Log_Instance_To_Index:0000000000000000 .LFB8
C:\Users\zero6575\AppData\Local\Temp\ccYgedCd.s:243    .text.Trend_Log_Instance_To_Index:0000000000000034 .LFE8
C:\Users\zero6575\AppData\Local\Temp\ccYgedCd.s:18285  .debug_str:0000000000002314 .LASF2268
C:\Users\zero6575\AppData\Local\Temp\ccYgedCd.s:19067  .debug_str:0000000000004ba5 .LASF2269
C:\Users\zero6575\AppData\Local\Temp\ccYgedCd.s:180    .text.Trend_Log_Index_To_Instance:0000000000000000 .LFB7
C:\Users\zero6575\AppData\Local\Temp\ccYgedCd.s:202    .text.Trend_Log_Index_To_Instance:0000000000000018 .LFE7
C:\Users\zero6575\AppData\Local\Temp\ccYgedCd.s:20533  .debug_str:000000000000932a .LASF2281
C:\Users\zero6575\AppData\Local\Temp\ccYgedCd.s:153    .text.Trend_Log_Count:0000000000000000 .LFB6
C:\Users\zero6575\AppData\Local\Temp\ccYgedCd.s:173    .text.Trend_Log_Count:0000000000000010 .LFE6
C:\Users\zero6575\AppData\Local\Temp\ccYgedCd.s:22063  .debug_str:000000000000de11 .LASF2270
C:\Users\zero6575\AppData\Local\Temp\ccYgedCd.s:114    .text.Trend_Log_Valid_Instance:0000000000000000 .LFB5
C:\Users\zero6575\AppData\Local\Temp\ccYgedCd.s:146    .text.Trend_Log_Valid_Instance:0000000000000028 .LFE5
C:\Users\zero6575\AppData\Local\Temp\ccYgedCd.s:19117  .debug_str:0000000000004e41 .LASF2282
C:\Users\zero6575\AppData\Local\Temp\ccYgedCd.s:59     .text.Trend_Log_Property_Lists:0000000000000000 .LFB4
C:\Users\zero6575\AppData\Local\Temp\ccYgedCd.s:107    .text.Trend_Log_Property_Lists:0000000000000058 .LFE4
C:\Users\zero6575\AppData\Local\Temp\ccYgedCd.s:21449  .debug_str:000000000000be62 .LASF2271
C:\Users\zero6575\AppData\Local\Temp\ccYgedCd.s:18509  .debug_str:0000000000002dc8 .LASF2272
C:\Users\zero6575\AppData\Local\Temp\ccYgedCd.s:21149  .debug_str:000000000000afe7 .LASF2273
C:\Users\zero6575\AppData\Local\Temp\ccYgedCd.s:5810   .debug_info:0000000000000000 .Ldebug_info0
C:\Users\zero6575\AppData\Local\Temp\ccYgedCd.s:13942  .debug_macro:0000000000000000 .Ldebug_macro2
C:\Users\zero6575\AppData\Local\Temp\ccYgedCd.s:14973  .debug_macro:0000000000000000 .Ldebug_macro3
C:\Users\zero6575\AppData\Local\Temp\ccYgedCd.s:21075  .debug_str:000000000000acbf .LASF347
C:\Users\zero6575\AppData\Local\Temp\ccYgedCd.s:20833  .debug_str:000000000000a171 .LASF348
C:\Users\zero6575\AppData\Local\Temp\ccYgedCd.s:21193  .debug_str:000000000000b1d6 .LASF349
C:\Users\zero6575\AppData\Local\Temp\ccYgedCd.s:14993  .debug_macro:0000000000000000 .Ldebug_macro4
C:\Users\zero6575\AppData\Local\Temp\ccYgedCd.s:15013  .debug_macro:0000000000000000 .Ldebug_macro5
C:\Users\zero6575\AppData\Local\Temp\ccYgedCd.s:15078  .debug_macro:0000000000000000 .Ldebug_macro6
C:\Users\zero6575\AppData\Local\Temp\ccYgedCd.s:15119  .debug_macro:0000000000000000 .Ldebug_macro7
C:\Users\zero6575\AppData\Local\Temp\ccYgedCd.s:15241  .debug_macro:0000000000000000 .Ldebug_macro8
C:\Users\zero6575\AppData\Local\Temp\ccYgedCd.s:15297  .debug_macro:0000000000000000 .Ldebug_macro9
C:\Users\zero6575\AppData\Local\Temp\ccYgedCd.s:19393  .debug_str:0000000000005b3c .LASF503
C:\Users\zero6575\AppData\Local\Temp\ccYgedCd.s:20105  .debug_str:0000000000007cf9 .LASF504
C:\Users\zero6575\AppData\Local\Temp\ccYgedCd.s:18221  .debug_str:0000000000001fd8 .LASF505
C:\Users\zero6575\AppData\Local\Temp\ccYgedCd.s:15509  .debug_macro:0000000000000000 .Ldebug_macro10
C:\Users\zero6575\AppData\Local\Temp\ccYgedCd.s:20337  .debug_str:00000000000088d5 .LASF516
C:\Users\zero6575\AppData\Local\Temp\ccYgedCd.s:15544  .debug_macro:0000000000000000 .Ldebug_macro11
C:\Users\zero6575\AppData\Local\Temp\ccYgedCd.s:15558  .debug_macro:0000000000000000 .Ldebug_macro12
C:\Users\zero6575\AppData\Local\Temp\ccYgedCd.s:15587  .debug_macro:0000000000000000 .Ldebug_macro13
C:\Users\zero6575\AppData\Local\Temp\ccYgedCd.s:18689  .debug_str:00000000000036cc .LASF536
C:\Users\zero6575\AppData\Local\Temp\ccYgedCd.s:15616  .debug_macro:0000000000000000 .Ldebug_macro14
C:\Users\zero6575\AppData\Local\Temp\ccYgedCd.s:15780  .debug_macro:0000000000000000 .Ldebug_macro15
C:\Users\zero6575\AppData\Local\Temp\ccYgedCd.s:15794  .debug_macro:0000000000000000 .Ldebug_macro16
C:\Users\zero6575\AppData\Local\Temp\ccYgedCd.s:22069  .debug_str:000000000000de5a .LASF595
C:\Users\zero6575\AppData\Local\Temp\ccYgedCd.s:15826  .debug_macro:0000000000000000 .Ldebug_macro17
C:\Users\zero6575\AppData\Local\Temp\ccYgedCd.s:15852  .debug_macro:0000000000000000 .Ldebug_macro18
C:\Users\zero6575\AppData\Local\Temp\ccYgedCd.s:15863  .debug_macro:0000000000000000 .Ldebug_macro19
C:\Users\zero6575\AppData\Local\Temp\ccYgedCd.s:15907  .debug_macro:0000000000000000 .Ldebug_macro20
C:\Users\zero6575\AppData\Local\Temp\ccYgedCd.s:20873  .debug_str:000000000000a404 .LASF675
C:\Users\zero6575\AppData\Local\Temp\ccYgedCd.s:16086  .debug_macro:0000000000000000 .Ldebug_macro21
C:\Users\zero6575\AppData\Local\Temp\ccYgedCd.s:16454  .debug_macro:0000000000000000 .Ldebug_macro22
C:\Users\zero6575\AppData\Local\Temp\ccYgedCd.s:16465  .debug_macro:0000000000000000 .Ldebug_macro23
C:\Users\zero6575\AppData\Local\Temp\ccYgedCd.s:19219  .debug_str:0000000000005372 .LASF798
C:\Users\zero6575\AppData\Local\Temp\ccYgedCd.s:21691  .debug_str:000000000000cac7 .LASF799
C:\Users\zero6575\AppData\Local\Temp\ccYgedCd.s:18751  .debug_str:000000000000394e .LASF800
C:\Users\zero6575\AppData\Local\Temp\ccYgedCd.s:22167  .debug_str:000000000000e2d5 .LASF801
C:\Users\zero6575\AppData\Local\Temp\ccYgedCd.s:20785  .debug_str:0000000000009f85 .LASF802
C:\Users\zero6575\AppData\Local\Temp\ccYgedCd.s:16491  .debug_macro:0000000000000000 .Ldebug_macro24
C:\Users\zero6575\AppData\Local\Temp\ccYgedCd.s:16619  .debug_macro:0000000000000000 .Ldebug_macro25
C:\Users\zero6575\AppData\Local\Temp\ccYgedCd.s:22119  .debug_str:000000000000e05c .LASF868
C:\Users\zero6575\AppData\Local\Temp\ccYgedCd.s:21771  .debug_str:000000000000ce9f .LASF869
C:\Users\zero6575\AppData\Local\Temp\ccYgedCd.s:18413  .debug_str:0000000000002946 .LASF870
C:\Users\zero6575\AppData\Local\Temp\ccYgedCd.s:21641  .debug_str:000000000000c7d8 .LASF871
C:\Users\zero6575\AppData\Local\Temp\ccYgedCd.s:19019  .debug_str:00000000000048f2 .LASF872
C:\Users\zero6575\AppData\Local\Temp\ccYgedCd.s:16696  .debug_macro:0000000000000000 .Ldebug_macro26
C:\Users\zero6575\AppData\Local\Temp\ccYgedCd.s:16830  .debug_macro:0000000000000000 .Ldebug_macro27
C:\Users\zero6575\AppData\Local\Temp\ccYgedCd.s:17959  .debug_str:00000000000010da .LASF921
C:\Users\zero6575\AppData\Local\Temp\ccYgedCd.s:16850  .debug_macro:0000000000000000 .Ldebug_macro28
C:\Users\zero6575\AppData\Local\Temp\ccYgedCd.s:20163  .debug_str:0000000000007fc8 .LASF924
C:\Users\zero6575\AppData\Local\Temp\ccYgedCd.s:16867  .debug_macro:0000000000000000 .Ldebug_macro29
C:\Users\zero6575\AppData\Local\Temp\ccYgedCd.s:20303  .debug_str:0000000000008765 .LASF927
C:\Users\zero6575\AppData\Local\Temp\ccYgedCd.s:16878  .debug_macro:0000000000000000 .Ldebug_macro30
C:\Users\zero6575\AppData\Local\Temp\ccYgedCd.s:20639  .debug_str:000000000000989c .LASF930
C:\Users\zero6575\AppData\Local\Temp\ccYgedCd.s:16889  .debug_macro:0000000000000000 .Ldebug_macro31
C:\Users\zero6575\AppData\Local\Temp\ccYgedCd.s:16906  .debug_macro:0000000000000000 .Ldebug_macro32
C:\Users\zero6575\AppData\Local\Temp\ccYgedCd.s:21997  .debug_str:000000000000dab7 .LASF948
C:\Users\zero6575\AppData\Local\Temp\ccYgedCd.s:21799  .debug_str:000000000000d029 .LASF949
C:\Users\zero6575\AppData\Local\Temp\ccYgedCd.s:16950  .debug_macro:0000000000000000 .Ldebug_macro33
C:\Users\zero6575\AppData\Local\Temp\ccYgedCd.s:20003  .debug_str:0000000000007895 .LASF960
C:\Users\zero6575\AppData\Local\Temp\ccYgedCd.s:20107  .debug_str:0000000000007d05 .LASF961
C:\Users\zero6575\AppData\Local\Temp\ccYgedCd.s:16985  .debug_macro:0000000000000000 .Ldebug_macro34
C:\Users\zero6575\AppData\Local\Temp\ccYgedCd.s:16996  .debug_macro:0000000000000000 .Ldebug_macro35
C:\Users\zero6575\AppData\Local\Temp\ccYgedCd.s:17031  .debug_macro:0000000000000000 .Ldebug_macro36
C:\Users\zero6575\AppData\Local\Temp\ccYgedCd.s:18123  .debug_str:0000000000001822 .LASF1006
C:\Users\zero6575\AppData\Local\Temp\ccYgedCd.s:17132  .debug_macro:0000000000000000 .Ldebug_macro37
C:\Users\zero6575\AppData\Local\Temp\ccYgedCd.s:17149  .debug_macro:0000000000000000 .Ldebug_macro38
C:\Users\zero6575\AppData\Local\Temp\ccYgedCd.s:20453  .debug_str:0000000000008ebc .LASF1020
C:\Users\zero6575\AppData\Local\Temp\ccYgedCd.s:19613  .debug_str:00000000000065bd .LASF1021
C:\Users\zero6575\AppData\Local\Temp\ccYgedCd.s:17181  .debug_macro:0000000000000000 .Ldebug_macro39
C:\Users\zero6575\AppData\Local\Temp\ccYgedCd.s:17195  .debug_macro:0000000000000000 .Ldebug_macro40
C:\Users\zero6575\AppData\Local\Temp\ccYgedCd.s:21165  .debug_str:000000000000b09b .LASF1074
C:\Users\zero6575\AppData\Local\Temp\ccYgedCd.s:20569  .debug_str:00000000000094ea .LASF1075
C:\Users\zero6575\AppData\Local\Temp\ccYgedCd.s:17347  .debug_macro:0000000000000000 .Ldebug_macro41
C:\Users\zero6575\AppData\Local\Temp\ccYgedCd.s:18025  .debug_str:00000000000013cb .LASF1078
C:\Users\zero6575\AppData\Local\Temp\ccYgedCd.s:18761  .debug_str:00000000000039d8 .LASF1079
C:\Users\zero6575\AppData\Local\Temp\ccYgedCd.s:17358  .debug_macro:0000000000000000 .Ldebug_macro42
C:\Users\zero6575\AppData\Local\Temp\ccYgedCd.s:21745  .debug_str:000000000000cd4c .LASF1087
C:\Users\zero6575\AppData\Local\Temp\ccYgedCd.s:17671  .debug_str:000000000000034f .LASF1088
C:\Users\zero6575\AppData\Local\Temp\ccYgedCd.s:20151  .debug_str:0000000000007eb7 .LASF1089
C:\Users\zero6575\AppData\Local\Temp\ccYgedCd.s:21911  .debug_str:000000000000d70c .LASF1090
C:\Users\zero6575\AppData\Local\Temp\ccYgedCd.s:19475  .debug_str:0000000000005e72 .LASF1091
C:\Users\zero6575\AppData\Local\Temp\ccYgedCd.s:17384  .debug_macro:0000000000000000 .Ldebug_macro43
C:\Users\zero6575\AppData\Local\Temp\ccYgedCd.s:17416  .debug_macro:0000000000000000 .Ldebug_macro44
C:\Users\zero6575\AppData\Local\Temp\ccYgedCd.s:20901  .debug_str:000000000000a529 .LASF1106
C:\Users\zero6575\AppData\Local\Temp\ccYgedCd.s:21013  .debug_str:000000000000aa14 .LASF1107
C:\Users\zero6575\AppData\Local\Temp\ccYgedCd.s:17436  .debug_macro:0000000000000000 .Ldebug_macro45
C:\Users\zero6575\AppData\Local\Temp\ccYgedCd.s:19431  .debug_str:0000000000005ca6 .LASF1111
C:\Users\zero6575\AppData\Local\Temp\ccYgedCd.s:20933  .debug_str:000000000000a6a9 .LASF1112
C:\Users\zero6575\AppData\Local\Temp\ccYgedCd.s:18853  .debug_str:0000000000003e58 .LASF1113
C:\Users\zero6575\AppData\Local\Temp\ccYgedCd.s:19335  .debug_str:0000000000005876 .LASF1114
C:\Users\zero6575\AppData\Local\Temp\ccYgedCd.s:21543  .debug_str:000000000000c2d5 .LASF1115
C:\Users\zero6575\AppData\Local\Temp\ccYgedCd.s:20543  .debug_str:00000000000093bf .LASF1116
C:\Users\zero6575\AppData\Local\Temp\ccYgedCd.s:18291  .debug_str:000000000000234a .LASF1117
C:\Users\zero6575\AppData\Local\Temp\ccYgedCd.s:18693  .debug_str:00000000000036f5 .LASF1118
C:\Users\zero6575\AppData\Local\Temp\ccYgedCd.s:17450  .debug_macro:0000000000000000 .Ldebug_macro46
C:\Users\zero6575\AppData\Local\Temp\ccYgedCd.s:17863  .debug_str:0000000000000bde .LASF1122
C:\Users\zero6575\AppData\Local\Temp\ccYgedCd.s:17464  .debug_macro:0000000000000000 .Ldebug_macro47
C:\Users\zero6575\AppData\Local\Temp\ccYgedCd.s:17478  .debug_macro:0000000000000000 .Ldebug_macro48
C:\Users\zero6575\AppData\Local\Temp\ccYgedCd.s:17489  .debug_macro:0000000000000000 .Ldebug_macro49
C:\Users\zero6575\AppData\Local\Temp\ccYgedCd.s:17521  .debug_macro:0000000000000000 .Ldebug_macro50
C:\Users\zero6575\AppData\Local\Temp\ccYgedCd.s:17989  .debug_str:0000000000001249 .LASF1141
C:\Users\zero6575\AppData\Local\Temp\ccYgedCd.s:21921  .debug_str:000000000000d75b .LASF1142
C:\Users\zero6575\AppData\Local\Temp\ccYgedCd.s:17605  .debug_str:000000000000008a .LASF1143
C:\Users\zero6575\AppData\Local\Temp\ccYgedCd.s:17544  .debug_macro:0000000000000000 .Ldebug_macro51
C:\Users\zero6575\AppData\Local\Temp\ccYgedCd.s:17951  .debug_str:0000000000001078 .LASF1158
C:\Users\zero6575\AppData\Local\Temp\ccYgedCd.s:21325  .debug_str:000000000000b8e0 .LASF1159
C:\Users\zero6575\AppData\Local\Temp\ccYgedCd.s:17707  .debug_str:000000000000053b .LASF0
C:\Users\zero6575\AppData\Local\Temp\ccYgedCd.s:21609  .debug_str:000000000000c69a .LASF1
C:\Users\zero6575\AppData\Local\Temp\ccYgedCd.s:19493  .debug_str:0000000000005f58 .LASF2
C:\Users\zero6575\AppData\Local\Temp\ccYgedCd.s:18181  .debug_str:0000000000001b6f .LASF3
C:\Users\zero6575\AppData\Local\Temp\ccYgedCd.s:20309  .debug_str:000000000000878e .LASF4
C:\Users\zero6575\AppData\Local\Temp\ccYgedCd.s:22113  .debug_str:000000000000e029 .LASF5
C:\Users\zero6575\AppData\Local\Temp\ccYgedCd.s:22075  .debug_str:000000000000de96 .LASF6
C:\Users\zero6575\AppData\Local\Temp\ccYgedCd.s:18017  .debug_str:0000000000001366 .LASF7
C:\Users\zero6575\AppData\Local\Temp\ccYgedCd.s:21107  .debug_str:000000000000ae02 .LASF8
C:\Users\zero6575\AppData\Local\Temp\ccYgedCd.s:19541  .debug_str:000000000000622c .LASF9
C:\Users\zero6575\AppData\Local\Temp\ccYgedCd.s:18311  .debug_str:0000000000002423 .LASF10
C:\Users\zero6575\AppData\Local\Temp\ccYgedCd.s:19775  .debug_str:0000000000006d6c .LASF11
C:\Users\zero6575\AppData\Local\Temp\ccYgedCd.s:21705  .debug_str:000000000000cb33 .LASF12
C:\Users\zero6575\AppData\Local\Temp\ccYgedCd.s:21235  .debug_str:000000000000b3ac .LASF13
C:\Users\zero6575\AppData\Local\Temp\ccYgedCd.s:21479  .debug_str:000000000000bfcc .LASF14
C:\Users\zero6575\AppData\Local\Temp\ccYgedCd.s:20939  .debug_str:000000000000a6d2 .LASF15
C:\Users\zero6575\AppData\Local\Temp\ccYgedCd.s:21975  .debug_str:000000000000d9e6 .LASF16
C:\Users\zero6575\AppData\Local\Temp\ccYgedCd.s:20847  .debug_str:000000000000a240 .LASF17
C:\Users\zero6575\AppData\Local\Temp\ccYgedCd.s:18035  .debug_str:0000000000001421 .LASF18
C:\Users\zero6575\AppData\Local\Temp\ccYgedCd.s:17775  .debug_str:000000000000088c .LASF19
C:\Users\zero6575\AppData\Local\Temp\ccYgedCd.s:18845  .debug_str:0000000000003dc3 .LASF20
C:\Users\zero6575\AppData\Local\Temp\ccYgedCd.s:21397  .debug_str:000000000000bc2b .LASF21
C:\Users\zero6575\AppData\Local\Temp\ccYgedCd.s:21943  .debug_str:000000000000d835 .LASF22
C:\Users\zero6575\AppData\Local\Temp\ccYgedCd.s:21121  .debug_str:000000000000ae9a .LASF23
C:\Users\zero6575\AppData\Local\Temp\ccYgedCd.s:21889  .debug_str:000000000000d5ff .LASF24
C:\Users\zero6575\AppData\Local\Temp\ccYgedCd.s:19859  .debug_str:00000000000071aa .LASF25
C:\Users\zero6575\AppData\Local\Temp\ccYgedCd.s:20069  .debug_str:0000000000007b4f .LASF26
C:\Users\zero6575\AppData\Local\Temp\ccYgedCd.s:18057  .debug_str:0000000000001501 .LASF27
C:\Users\zero6575\AppData\Local\Temp\ccYgedCd.s:18697  .debug_str:000000000000371c .LASF28
C:\Users\zero6575\AppData\Local\Temp\ccYgedCd.s:20813  .debug_str:000000000000a089 .LASF29
C:\Users\zero6575\AppData\Local\Temp\ccYgedCd.s:19435  .debug_str:0000000000005cbd .LASF30
C:\Users\zero6575\AppData\Local\Temp\ccYgedCd.s:17721  .debug_str:00000000000005bc .LASF31
C:\Users\zero6575\AppData\Local\Temp\ccYgedCd.s:21067  .debug_str:000000000000ac73 .LASF32
C:\Users\zero6575\AppData\Local\Temp\ccYgedCd.s:18701  .debug_str:000000000000374e .LASF33
C:\Users\zero6575\AppData\Local\Temp\ccYgedCd.s:21887  .debug_str:000000000000d5df .LASF34
C:\Users\zero6575\AppData\Local\Temp\ccYgedCd.s:22129  .debug_str:000000000000e100 .LASF35
C:\Users\zero6575\AppData\Local\Temp\ccYgedCd.s:17697  .debug_str:0000000000000487 .LASF36
C:\Users\zero6575\AppData\Local\Temp\ccYgedCd.s:18889  .debug_str:0000000000004048 .LASF37
C:\Users\zero6575\AppData\Local\Temp\ccYgedCd.s:21469  .debug_str:000000000000bf54 .LASF38
C:\Users\zero6575\AppData\Local\Temp\ccYgedCd.s:19073  .debug_str:0000000000004c40 .LASF39
C:\Users\zero6575\AppData\Local\Temp\ccYgedCd.s:21991  .debug_str:000000000000da78 .LASF40
C:\Users\zero6575\AppData\Local\Temp\ccYgedCd.s:20523  .debug_str:0000000000009296 .LASF41
C:\Users\zero6575\AppData\Local\Temp\ccYgedCd.s:18051  .debug_str:00000000000014bb .LASF42
C:\Users\zero6575\AppData\Local\Temp\ccYgedCd.s:21491  .debug_str:000000000000c05e .LASF43
C:\Users\zero6575\AppData\Local\Temp\ccYgedCd.s:19165  .debug_str:0000000000005030 .LASF44
C:\Users\zero6575\AppData\Local\Temp\ccYgedCd.s:21919  .debug_str:000000000000d748 .LASF45
C:\Users\zero6575\AppData\Local\Temp\ccYgedCd.s:21365  .debug_str:000000000000bacd .LASF46
C:\Users\zero6575\AppData\Local\Temp\ccYgedCd.s:20969  .debug_str:000000000000a817 .LASF47
C:\Users\zero6575\AppData\Local\Temp\ccYgedCd.s:18223  .debug_str:0000000000001fe6 .LASF48
C:\Users\zero6575\AppData\Local\Temp\ccYgedCd.s:19943  .debug_str:00000000000075b8 .LASF49
C:\Users\zero6575\AppData\Local\Temp\ccYgedCd.s:19099  .debug_str:0000000000004d6d .LASF50
C:\Users\zero6575\AppData\Local\Temp\ccYgedCd.s:19735  .debug_str:0000000000006b9d .LASF51
C:\Users\zero6575\AppData\Local\Temp\ccYgedCd.s:19409  .debug_str:0000000000005bc5 .LASF52
C:\Users\zero6575\AppData\Local\Temp\ccYgedCd.s:21517  .debug_str:000000000000c197 .LASF53
C:\Users\zero6575\AppData\Local\Temp\ccYgedCd.s:20537  .debug_str:0000000000009342 .LASF54
C:\Users\zero6575\AppData\Local\Temp\ccYgedCd.s:21965  .debug_str:000000000000d94b .LASF55
C:\Users\zero6575\AppData\Local\Temp\ccYgedCd.s:20679  .debug_str:0000000000009a39 .LASF56
C:\Users\zero6575\AppData\Local\Temp\ccYgedCd.s:19185  .debug_str:0000000000005136 .LASF57
C:\Users\zero6575\AppData\Local\Temp\ccYgedCd.s:21217  .debug_str:000000000000b2c5 .LASF58
C:\Users\zero6575\AppData\Local\Temp\ccYgedCd.s:20285  .debug_str:0000000000008696 .LASF59
C:\Users\zero6575\AppData\Local\Temp\ccYgedCd.s:19677  .debug_str:00000000000068eb .LASF60
C:\Users\zero6575\AppData\Local\Temp\ccYgedCd.s:21291  .debug_str:000000000000b6cc .LASF61
C:\Users\zero6575\AppData\Local\Temp\ccYgedCd.s:20769  .debug_str:0000000000009e9b .LASF62
C:\Users\zero6575\AppData\Local\Temp\ccYgedCd.s:18339  .debug_str:00000000000025a1 .LASF63
C:\Users\zero6575\AppData\Local\Temp\ccYgedCd.s:18027  .debug_str:00000000000013d3 .LASF64
C:\Users\zero6575\AppData\Local\Temp\ccYgedCd.s:20445  .debug_str:0000000000008e60 .LASF65
C:\Users\zero6575\AppData\Local\Temp\ccYgedCd.s:19765  .debug_str:0000000000006cee .LASF66
C:\Users\zero6575\AppData\Local\Temp\ccYgedCd.s:17983  .debug_str:00000000000011d1 .LASF67
C:\Users\zero6575\AppData\Local\Temp\ccYgedCd.s:18139  .debug_str:00000000000018de .LASF68
C:\Users\zero6575\AppData\Local\Temp\ccYgedCd.s:19367  .debug_str:00000000000059d0 .LASF69
C:\Users\zero6575\AppData\Local\Temp\ccYgedCd.s:20103  .debug_str:0000000000007cc7 .LASF70
C:\Users\zero6575\AppData\Local\Temp\ccYgedCd.s:19733  .debug_str:0000000000006b86 .LASF71
C:\Users\zero6575\AppData\Local\Temp\ccYgedCd.s:18105  .debug_str:000000000000172b .LASF72
C:\Users\zero6575\AppData\Local\Temp\ccYgedCd.s:17757  .debug_str:0000000000000794 .LASF73
C:\Users\zero6575\AppData\Local\Temp\ccYgedCd.s:19729  .debug_str:0000000000006b61 .LASF74
C:\Users\zero6575\AppData\Local\Temp\ccYgedCd.s:19957  .debug_str:0000000000007649 .LASF75
C:\Users\zero6575\AppData\Local\Temp\ccYgedCd.s:20567  .debug_str:00000000000094c3 .LASF76
C:\Users\zero6575\AppData\Local\Temp\ccYgedCd.s:20555  .debug_str:000000000000944d .LASF77
C:\Users\zero6575\AppData\Local\Temp\ccYgedCd.s:17855  .debug_str:0000000000000b7e .LASF78
C:\Users\zero6575\AppData\Local\Temp\ccYgedCd.s:18595  .debug_str:00000000000031ec .LASF79
C:\Users\zero6575\AppData\Local\Temp\ccYgedCd.s:19767  .debug_str:0000000000006d15 .LASF80
C:\Users\zero6575\AppData\Local\Temp\ccYgedCd.s:17691  .debug_str:0000000000000447 .LASF81
C:\Users\zero6575\AppData\Local\Temp\ccYgedCd.s:18147  .debug_str:0000000000001984 .LASF82
C:\Users\zero6575\AppData\Local\Temp\ccYgedCd.s:17685  .debug_str:00000000000003ef .LASF83
C:\Users\zero6575\AppData\Local\Temp\ccYgedCd.s:17829  .debug_str:0000000000000a79 .LASF84
C:\Users\zero6575\AppData\Local\Temp\ccYgedCd.s:18849  .debug_str:0000000000003e37 .LASF85
C:\Users\zero6575\AppData\Local\Temp\ccYgedCd.s:18703  .debug_str:0000000000003763 .LASF86
C:\Users\zero6575\AppData\Local\Temp\ccYgedCd.s:20635  .debug_str:000000000000986a .LASF87
C:\Users\zero6575\AppData\Local\Temp\ccYgedCd.s:20395  .debug_str:0000000000008b46 .LASF88
C:\Users\zero6575\AppData\Local\Temp\ccYgedCd.s:18773  .debug_str:0000000000003a53 .LASF89
C:\Users\zero6575\AppData\Local\Temp\ccYgedCd.s:18785  .debug_str:0000000000003af5 .LASF90
C:\Users\zero6575\AppData\Local\Temp\ccYgedCd.s:18969  .debug_str:00000000000046b9 .LASF91
C:\Users\zero6575\AppData\Local\Temp\ccYgedCd.s:21763  .debug_str:000000000000ce07 .LASF92
C:\Users\zero6575\AppData\Local\Temp\ccYgedCd.s:18365  .debug_str:00000000000026be .LASF93
C:\Users\zero6575\AppData\Local\Temp\ccYgedCd.s:20333  .debug_str:0000000000008892 .LASF94
C:\Users\zero6575\AppData\Local\Temp\ccYgedCd.s:19113  .debug_str:0000000000004e14 .LASF95
C:\Users\zero6575\AppData\Local\Temp\ccYgedCd.s:19953  .debug_str:0000000000007622 .LASF96
C:\Users\zero6575\AppData\Local\Temp\ccYgedCd.s:18763  .debug_str:00000000000039e9 .LASF97
C:\Users\zero6575\AppData\Local\Temp\ccYgedCd.s:20841  .debug_str:000000000000a1d9 .LASF98
C:\Users\zero6575\AppData\Local\Temp\ccYgedCd.s:20757  .debug_str:0000000000009dcf .LASF99
C:\Users\zero6575\AppData\Local\Temp\ccYgedCd.s:19769  .debug_str:0000000000006d25 .LASF100
C:\Users\zero6575\AppData\Local\Temp\ccYgedCd.s:18473  .debug_str:0000000000002c16 .LASF101
C:\Users\zero6575\AppData\Local\Temp\ccYgedCd.s:18013  .debug_str:000000000000130e .LASF102
C:\Users\zero6575\AppData\Local\Temp\ccYgedCd.s:21719  .debug_str:000000000000cbc6 .LASF103
C:\Users\zero6575\AppData\Local\Temp\ccYgedCd.s:19389  .debug_str:0000000000005b15 .LASF104
C:\Users\zero6575\AppData\Local\Temp\ccYgedCd.s:17617  .debug_str:00000000000000ff .LASF105
C:\Users\zero6575\AppData\Local\Temp\ccYgedCd.s:20349  .debug_str:0000000000008945 .LASF106
C:\Users\zero6575\AppData\Local\Temp\ccYgedCd.s:18269  .debug_str:0000000000002242 .LASF107
C:\Users\zero6575\AppData\Local\Temp\ccYgedCd.s:22143  .debug_str:000000000000e1a9 .LASF108
C:\Users\zero6575\AppData\Local\Temp\ccYgedCd.s:18271  .debug_str:0000000000002266 .LASF109
C:\Users\zero6575\AppData\Local\Temp\ccYgedCd.s:19669  .debug_str:0000000000006897 .LASF110
C:\Users\zero6575\AppData\Local\Temp\ccYgedCd.s:17765  .debug_str:0000000000000814 .LASF111
C:\Users\zero6575\AppData\Local\Temp\ccYgedCd.s:19145  .debug_str:0000000000004f70 .LASF112
C:\Users\zero6575\AppData\Local\Temp\ccYgedCd.s:17945  .debug_str:0000000000001038 .LASF113
C:\Users\zero6575\AppData\Local\Temp\ccYgedCd.s:20325  .debug_str:0000000000008842 .LASF114
C:\Users\zero6575\AppData\Local\Temp\ccYgedCd.s:19003  .debug_str:0000000000004861 .LASF115
C:\Users\zero6575\AppData\Local\Temp\ccYgedCd.s:19687  .debug_str:0000000000006958 .LASF116
C:\Users\zero6575\AppData\Local\Temp\ccYgedCd.s:19515  .debug_str:00000000000060e8 .LASF117
C:\Users\zero6575\AppData\Local\Temp\ccYgedCd.s:22147  .debug_str:000000000000e1d6 .LASF118
C:\Users\zero6575\AppData\Local\Temp\ccYgedCd.s:19523  .debug_str:0000000000006165 .LASF119
C:\Users\zero6575\AppData\Local\Temp\ccYgedCd.s:22133  .debug_str:000000000000e142 .LASF120
C:\Users\zero6575\AppData\Local\Temp\ccYgedCd.s:18639  .debug_str:000000000000342a .LASF121
C:\Users\zero6575\AppData\Local\Temp\ccYgedCd.s:21759  .debug_str:000000000000cde3 .LASF122
C:\Users\zero6575\AppData\Local\Temp\ccYgedCd.s:18079  .debug_str:00000000000015e6 .LASF123
C:\Users\zero6575\AppData\Local\Temp\ccYgedCd.s:18435  .debug_str:0000000000002a68 .LASF124
C:\Users\zero6575\AppData\Local\Temp\ccYgedCd.s:20717  .debug_str:0000000000009c4a .LASF125
C:\Users\zero6575\AppData\Local\Temp\ccYgedCd.s:18633  .debug_str:00000000000033c5 .LASF126
C:\Users\zero6575\AppData\Local\Temp\ccYgedCd.s:21947  .debug_str:000000000000d85e .LASF127
C:\Users\zero6575\AppData\Local\Temp\ccYgedCd.s:18471  .debug_str:0000000000002bf9 .LASF128
C:\Users\zero6575\AppData\Local\Temp\ccYgedCd.s:18479  .debug_str:0000000000002c5f .LASF129
C:\Users\zero6575\AppData\Local\Temp\ccYgedCd.s:17641  .debug_str:00000000000001dd .LASF130
C:\Users\zero6575\AppData\Local\Temp\ccYgedCd.s:17837  .debug_str:0000000000000ac6 .LASF131
C:\Users\zero6575\AppData\Local\Temp\ccYgedCd.s:18541  .debug_str:0000000000002f4e .LASF132
C:\Users\zero6575\AppData\Local\Temp\ccYgedCd.s:21701  .debug_str:000000000000cb06 .LASF133
C:\Users\zero6575\AppData\Local\Temp\ccYgedCd.s:18537  .debug_str:0000000000002f1f .LASF134
C:\Users\zero6575\AppData\Local\Temp\ccYgedCd.s:21151  .debug_str:000000000000aff4 .LASF135
C:\Users\zero6575\AppData\Local\Temp\ccYgedCd.s:19869  .debug_str:0000000000007246 .LASF136
C:\Users\zero6575\AppData\Local\Temp\ccYgedCd.s:19815  .debug_str:0000000000006f7d .LASF137
C:\Users\zero6575\AppData\Local\Temp\ccYgedCd.s:21123  .debug_str:000000000000aeae .LASF138
C:\Users\zero6575\AppData\Local\Temp\ccYgedCd.s:17963  .debug_str:00000000000010fb .LASF139
C:\Users\zero6575\AppData\Local\Temp\ccYgedCd.s:18579  .debug_str:0000000000003141 .LASF140
C:\Users\zero6575\AppData\Local\Temp\ccYgedCd.s:20867  .debug_str:000000000000a334 .LASF141
C:\Users\zero6575\AppData\Local\Temp\ccYgedCd.s:20611  .debug_str:00000000000096f8 .LASF142
C:\Users\zero6575\AppData\Local\Temp\ccYgedCd.s:19593  .debug_str:00000000000064ab .LASF143
C:\Users\zero6575\AppData\Local\Temp\ccYgedCd.s:18395  .debug_str:0000000000002880 .LASF144
C:\Users\zero6575\AppData\Local\Temp\ccYgedCd.s:19763  .debug_str:0000000000006cd8 .LASF145
C:\Users\zero6575\AppData\Local\Temp\ccYgedCd.s:21113  .debug_str:000000000000ae36 .LASF146
C:\Users\zero6575\AppData\Local\Temp\ccYgedCd.s:21841  .debug_str:000000000000d3ae .LASF147
C:\Users\zero6575\AppData\Local\Temp\ccYgedCd.s:19001  .debug_str:0000000000004851 .LASF148
C:\Users\zero6575\AppData\Local\Temp\ccYgedCd.s:18921  .debug_str:000000000000436f .LASF149
C:\Users\zero6575\AppData\Local\Temp\ccYgedCd.s:17995  .debug_str:0000000000001260 .LASF150
C:\Users\zero6575\AppData\Local\Temp\ccYgedCd.s:18985  .debug_str:0000000000004757 .LASF151
C:\Users\zero6575\AppData\Local\Temp\ccYgedCd.s:21079  .debug_str:000000000000acdf .LASF152
C:\Users\zero6575\AppData\Local\Temp\ccYgedCd.s:18307  .debug_str:00000000000023f6 .LASF153
C:\Users\zero6575\AppData\Local\Temp\ccYgedCd.s:17655  .debug_str:0000000000000270 .LASF154
C:\Users\zero6575\AppData\Local\Temp\ccYgedCd.s:20889  .debug_str:000000000000a4c1 .LASF155
C:\Users\zero6575\AppData\Local\Temp\ccYgedCd.s:20633  .debug_str:0000000000009833 .LASF156
C:\Users\zero6575\AppData\Local\Temp\ccYgedCd.s:19833  .debug_str:000000000000707f .LASF157
C:\Users\zero6575\AppData\Local\Temp\ccYgedCd.s:21827  .debug_str:000000000000d212 .LASF158
C:\Users\zero6575\AppData\Local\Temp\ccYgedCd.s:21819  .debug_str:000000000000d118 .LASF159
C:\Users\zero6575\AppData\Local\Temp\ccYgedCd.s:21907  .debug_str:000000000000d6d5 .LASF160
C:\Users\zero6575\AppData\Local\Temp\ccYgedCd.s:20491  .debug_str:00000000000090d2 .LASF161
C:\Users\zero6575\AppData\Local\Temp\ccYgedCd.s:18679  .debug_str:000000000000360a .LASF162
C:\Users\zero6575\AppData\Local\Temp\ccYgedCd.s:21917  .debug_str:000000000000d734 .LASF163
C:\Users\zero6575\AppData\Local\Temp\ccYgedCd.s:22165  .debug_str:000000000000e2c6 .LASF164
C:\Users\zero6575\AppData\Local\Temp\ccYgedCd.s:21573  .debug_str:000000000000c4b5 .LASF165
C:\Users\zero6575\AppData\Local\Temp\ccYgedCd.s:18505  .debug_str:0000000000002d96 .LASF166
C:\Users\zero6575\AppData\Local\Temp\ccYgedCd.s:18731  .debug_str:0000000000003824 .LASF167
C:\Users\zero6575\AppData\Local\Temp\ccYgedCd.s:17739  .debug_str:00000000000006b4 .LASF168
C:\Users\zero6575\AppData\Local\Temp\ccYgedCd.s:18843  .debug_str:0000000000003dac .LASF169
C:\Users\zero6575\AppData\Local\Temp\ccYgedCd.s:21783  .debug_str:000000000000cf45 .LASF170
C:\Users\zero6575\AppData\Local\Temp\ccYgedCd.s:17761  .debug_str:00000000000007c8 .LASF171
C:\Users\zero6575\AppData\Local\Temp\ccYgedCd.s:18141  .debug_str:0000000000001901 .LASF172
C:\Users\zero6575\AppData\Local\Temp\ccYgedCd.s:19589  .debug_str:000000000000643b .LASF173
C:\Users\zero6575\AppData\Local\Temp\ccYgedCd.s:20341  .debug_str:00000000000088fe .LASF174
C:\Users\zero6575\AppData\Local\Temp\ccYgedCd.s:17961  .debug_str:00000000000010e4 .LASF175
C:\Users\zero6575\AppData\Local\Temp\ccYgedCd.s:21805  .debug_str:000000000000d093 .LASF176
C:\Users\zero6575\AppData\Local\Temp\ccYgedCd.s:21961  .debug_str:000000000000d91b .LASF177
C:\Users\zero6575\AppData\Local\Temp\ccYgedCd.s:17915  .debug_str:0000000000000f08 .LASF178
C:\Users\zero6575\AppData\Local\Temp\ccYgedCd.s:19317  .debug_str:00000000000057b3 .LASF179
C:\Users\zero6575\AppData\Local\Temp\ccYgedCd.s:21969  .debug_str:000000000000d986 .LASF180
C:\Users\zero6575\AppData\Local\Temp\ccYgedCd.s:22057  .debug_str:000000000000ddd3 .LASF181
C:\Users\zero6575\AppData\Local\Temp\ccYgedCd.s:17735  .debug_str:000000000000068c .LASF182
C:\Users\zero6575\AppData\Local\Temp\ccYgedCd.s:18503  .debug_str:0000000000002d83 .LASF183
C:\Users\zero6575\AppData\Local\Temp\ccYgedCd.s:18277  .debug_str:00000000000022a0 .LASF184
C:\Users\zero6575\AppData\Local\Temp\ccYgedCd.s:20459  .debug_str:0000000000008f20 .LASF185
C:\Users\zero6575\AppData\Local\Temp\ccYgedCd.s:18807  .debug_str:0000000000003bd8 .LASF186
C:\Users\zero6575\AppData\Local\Temp\ccYgedCd.s:21821  .debug_str:000000000000d156 .LASF187
C:\Users\zero6575\AppData\Local\Temp\ccYgedCd.s:21157  .debug_str:000000000000b031 .LASF188
C:\Users\zero6575\AppData\Local\Temp\ccYgedCd.s:20181  .debug_str:00000000000080bd .LASF189
C:\Users\zero6575\AppData\Local\Temp\ccYgedCd.s:18071  .debug_str:0000000000001578 .LASF190
C:\Users\zero6575\AppData\Local\Temp\ccYgedCd.s:20687  .debug_str:0000000000009aa7 .LASF191
C:\Users\zero6575\AppData\Local\Temp\ccYgedCd.s:18337  .debug_str:000000000000258b .LASF192
C:\Users\zero6575\AppData\Local\Temp\ccYgedCd.s:18247  .debug_str:0000000000002125 .LASF193
C:\Users\zero6575\AppData\Local\Temp\ccYgedCd.s:18493  .debug_str:0000000000002cf6 .LASF194
C:\Users\zero6575\AppData\Local\Temp\ccYgedCd.s:18169  .debug_str:0000000000001abe .LASF195
C:\Users\zero6575\AppData\Local\Temp\ccYgedCd.s:17723  .debug_str:00000000000005e3 .LASF196
C:\Users\zero6575\AppData\Local\Temp\ccYgedCd.s:20157  .debug_str:0000000000007f6b .LASF197
C:\Users\zero6575\AppData\Local\Temp\ccYgedCd.s:18859  .debug_str:0000000000003e9c .LASF198
C:\Users\zero6575\AppData\Local\Temp\ccYgedCd.s:18887  .debug_str:000000000000400d .LASF199
C:\Users\zero6575\AppData\Local\Temp\ccYgedCd.s:21133  .debug_str:000000000000af2e .LASF200
C:\Users\zero6575\AppData\Local\Temp\ccYgedCd.s:21477  .debug_str:000000000000bf8e .LASF201
C:\Users\zero6575\AppData\Local\Temp\ccYgedCd.s:17987  .debug_str:0000000000001207 .LASF202
C:\Users\zero6575\AppData\Local\Temp\ccYgedCd.s:20437  .debug_str:0000000000008dbc .LASF203
C:\Users\zero6575\AppData\Local\Temp\ccYgedCd.s:17667  .debug_str:000000000000031e .LASF204
C:\Users\zero6575\AppData\Local\Temp\ccYgedCd.s:21301  .debug_str:000000000000b7b4 .LASF205
C:\Users\zero6575\AppData\Local\Temp\ccYgedCd.s:21897  .debug_str:000000000000d653 .LASF206
C:\Users\zero6575\AppData\Local\Temp\ccYgedCd.s:21025  .debug_str:000000000000aa9a .LASF207
C:\Users\zero6575\AppData\Local\Temp\ccYgedCd.s:21289  .debug_str:000000000000b6b2 .LASF208
C:\Users\zero6575\AppData\Local\Temp\ccYgedCd.s:21743  .debug_str:000000000000cd30 .LASF209
C:\Users\zero6575\AppData\Local\Temp\ccYgedCd.s:20221  .debug_str:000000000000829c .LASF210
C:\Users\zero6575\AppData\Local\Temp\ccYgedCd.s:19063  .debug_str:0000000000004b7c .LASF211
C:\Users\zero6575\AppData\Local\Temp\ccYgedCd.s:21459  .debug_str:000000000000bec1 .LASF212
C:\Users\zero6575\AppData\Local\Temp\ccYgedCd.s:21803  .debug_str:000000000000d057 .LASF213
C:\Users\zero6575\AppData\Local\Temp\ccYgedCd.s:20403  .debug_str:0000000000008bb4 .LASF214
C:\Users\zero6575\AppData\Local\Temp\ccYgedCd.s:20159  .debug_str:0000000000007f83 .LASF215
C:\Users\zero6575\AppData\Local\Temp\ccYgedCd.s:20699  .debug_str:0000000000009b68 .LASF216
C:\Users\zero6575\AppData\Local\Temp\ccYgedCd.s:21901  .debug_str:000000000000d687 .LASF217
C:\Users\zero6575\AppData\Local\Temp\ccYgedCd.s:19417  .debug_str:0000000000005c2c .LASF218
C:\Users\zero6575\AppData\Local\Temp\ccYgedCd.s:18935  .debug_str:00000000000044b0 .LASF219
C:\Users\zero6575\AppData\Local\Temp\ccYgedCd.s:21441  .debug_str:000000000000bdfb .LASF220
C:\Users\zero6575\AppData\Local\Temp\ccYgedCd.s:19167  .debug_str:0000000000005049 .LASF221
C:\Users\zero6575\AppData\Local\Temp\ccYgedCd.s:18177  .debug_str:0000000000001b37 .LASF222
C:\Users\zero6575\AppData\Local\Temp\ccYgedCd.s:20521  .debug_str:0000000000009278 .LASF223
C:\Users\zero6575\AppData\Local\Temp\ccYgedCd.s:20913  .debug_str:000000000000a5e9 .LASF224
C:\Users\zero6575\AppData\Local\Temp\ccYgedCd.s:18891  .debug_str:0000000000004063 .LASF225
C:\Users\zero6575\AppData\Local\Temp\ccYgedCd.s:21905  .debug_str:000000000000d6bb .LASF226
C:\Users\zero6575\AppData\Local\Temp\ccYgedCd.s:19059  .debug_str:0000000000004b29 .LASF227
C:\Users\zero6575\AppData\Local\Temp\ccYgedCd.s:18015  .debug_str:0000000000001327 .LASF228
C:\Users\zero6575\AppData\Local\Temp\ccYgedCd.s:20765  .debug_str:0000000000009e50 .LASF229
C:\Users\zero6575\AppData\Local\Temp\ccYgedCd.s:17733  .debug_str:0000000000000646 .LASF230
C:\Users\zero6575\AppData\Local\Temp\ccYgedCd.s:19743  .debug_str:0000000000006be7 .LASF231
C:\Users\zero6575\AppData\Local\Temp\ccYgedCd.s:18501  .debug_str:0000000000002d69 .LASF232
C:\Users\zero6575\AppData\Local\Temp\ccYgedCd.s:21657  .debug_str:000000000000c86b .LASF233
C:\Users\zero6575\AppData\Local\Temp\ccYgedCd.s:19077  .debug_str:0000000000004c6f .LASF234
C:\Users\zero6575\AppData\Local\Temp\ccYgedCd.s:19011  .debug_str:000000000000488d .LASF235
C:\Users\zero6575\AppData\Local\Temp\ccYgedCd.s:21333  .debug_str:000000000000b93a .LASF236
C:\Users\zero6575\AppData\Local\Temp\ccYgedCd.s:21833  .debug_str:000000000000d271 .LASF237
C:\Users\zero6575\AppData\Local\Temp\ccYgedCd.s:18753  .debug_str:000000000000395d .LASF238
C:\Users\zero6575\AppData\Local\Temp\ccYgedCd.s:18041  .debug_str:0000000000001461 .LASF239
C:\Users\zero6575\AppData\Local\Temp\ccYgedCd.s:19153  .debug_str:0000000000004fb5 .LASF240
C:\Users\zero6575\AppData\Local\Temp\ccYgedCd.s:20881  .debug_str:000000000000a450 .LASF241
C:\Users\zero6575\AppData\Local\Temp\ccYgedCd.s:20973  .debug_str:000000000000a843 .LASF242
C:\Users\zero6575\AppData\Local\Temp\ccYgedCd.s:20379  .debug_str:0000000000008a7b .LASF243
C:\Users\zero6575\AppData\Local\Temp\ccYgedCd.s:18517  .debug_str:0000000000002e1c .LASF244
C:\Users\zero6575\AppData\Local\Temp\ccYgedCd.s:20367  .debug_str:0000000000008a08 .LASF245
C:\Users\zero6575\AppData\Local\Temp\ccYgedCd.s:17903  .debug_str:0000000000000e26 .LASF246
C:\Users\zero6575\AppData\Local\Temp\ccYgedCd.s:20945  .debug_str:000000000000a705 .LASF247
C:\Users\zero6575\AppData\Local\Temp\ccYgedCd.s:21437  .debug_str:000000000000bdcd .LASF248
C:\Users\zero6575\AppData\Local\Temp\ccYgedCd.s:20091  .debug_str:0000000000007c50 .LASF249
C:\Users\zero6575\AppData\Local\Temp\ccYgedCd.s:22159  .debug_str:000000000000e28a .LASF250
C:\Users\zero6575\AppData\Local\Temp\ccYgedCd.s:21341  .debug_str:000000000000b998 .LASF251
C:\Users\zero6575\AppData\Local\Temp\ccYgedCd.s:21001  .debug_str:000000000000a986 .LASF252
C:\Users\zero6575\AppData\Local\Temp\ccYgedCd.s:17809  .debug_str:00000000000009d2 .LASF253
C:\Users\zero6575\AppData\Local\Temp\ccYgedCd.s:21103  .debug_str:000000000000add0 .LASF254
C:\Users\zero6575\AppData\Local\Temp\ccYgedCd.s:18783  .debug_str:0000000000003ab6 .LASF255
C:\Users\zero6575\AppData\Local\Temp\ccYgedCd.s:19723  .debug_str:0000000000006af2 .LASF256
C:\Users\zero6575\AppData\Local\Temp\ccYgedCd.s:20905  .debug_str:000000000000a561 .LASF257
C:\Users\zero6575\AppData\Local\Temp\ccYgedCd.s:22149  .debug_str:000000000000e1ea .LASF258
C:\Users\zero6575\AppData\Local\Temp\ccYgedCd.s:20831  .debug_str:000000000000a159 .LASF259
C:\Users\zero6575\AppData\Local\Temp\ccYgedCd.s:18797  .debug_str:0000000000003b7b .LASF260
C:\Users\zero6575\AppData\Local\Temp\ccYgedCd.s:17607  .debug_str:0000000000000091 .LASF261
C:\Users\zero6575\AppData\Local\Temp\ccYgedCd.s:21813  .debug_str:000000000000d0ea .LASF262
C:\Users\zero6575\AppData\Local\Temp\ccYgedCd.s:19915  .debug_str:0000000000007461 .LASF263
C:\Users\zero6575\AppData\Local\Temp\ccYgedCd.s:19999  .debug_str:0000000000007872 .LASF264
C:\Users\zero6575\AppData\Local\Temp\ccYgedCd.s:21457  .debug_str:000000000000beab .LASF265
C:\Users\zero6575\AppData\Local\Temp\ccYgedCd.s:21637  .debug_str:000000000000c799 .LASF266
C:\Users\zero6575\AppData\Local\Temp\ccYgedCd.s:21867  .debug_str:000000000000d50f .LASF267
C:\Users\zero6575\AppData\Local\Temp\ccYgedCd.s:19069  .debug_str:0000000000004bc1 .LASF268
C:\Users\zero6575\AppData\Local\Temp\ccYgedCd.s:19387  .debug_str:0000000000005aff .LASF269
C:\Users\zero6575\AppData\Local\Temp\ccYgedCd.s:17859  .debug_str:0000000000000bb4 .LASF270
C:\Users\zero6575\AppData\Local\Temp\ccYgedCd.s:20167  .debug_str:0000000000007ff3 .LASF271
C:\Users\zero6575\AppData\Local\Temp\ccYgedCd.s:22003  .debug_str:000000000000daf4 .LASF272
C:\Users\zero6575\AppData\Local\Temp\ccYgedCd.s:20961  .debug_str:000000000000a7ad .LASF273
C:\Users\zero6575\AppData\Local\Temp\ccYgedCd.s:19985  .debug_str:00000000000077fd .LASF274
C:\Users\zero6575\AppData\Local\Temp\ccYgedCd.s:20313  .debug_str:00000000000087a8 .LASF275
C:\Users\zero6575\AppData\Local\Temp\ccYgedCd.s:18039  .debug_str:000000000000144a .LASF276
C:\Users\zero6575\AppData\Local\Temp\ccYgedCd.s:17725  .debug_str:00000000000005f9 .LASF277
C:\Users\zero6575\AppData\Local\Temp\ccYgedCd.s:19231  .debug_str:00000000000053ed .LASF278
C:\Users\zero6575\AppData\Local\Temp\ccYgedCd.s:21445  .debug_str:000000000000be2c .LASF279
C:\Users\zero6575\AppData\Local\Temp\ccYgedCd.s:19261  .debug_str:000000000000554f .LASF280
C:\Users\zero6575\AppData\Local\Temp\ccYgedCd.s:18923  .debug_str:0000000000004383 .LASF281
C:\Users\zero6575\AppData\Local\Temp\ccYgedCd.s:21741  .debug_str:000000000000cceb .LASF282
C:\Users\zero6575\AppData\Local\Temp\ccYgedCd.s:20233  .debug_str:00000000000083de .LASF283
C:\Users\zero6575\AppData\Local\Temp\ccYgedCd.s:18421  .debug_str:00000000000029c6 .LASF284
C:\Users\zero6575\AppData\Local\Temp\ccYgedCd.s:20373  .debug_str:0000000000008a4f .LASF285
C:\Users\zero6575\AppData\Local\Temp\ccYgedCd.s:21815  .debug_str:000000000000d0ff .LASF286
C:\Users\zero6575\AppData\Local\Temp\ccYgedCd.s:21261  .debug_str:000000000000b4fd .LASF287
C:\Users\zero6575\AppData\Local\Temp\ccYgedCd.s:20171  .debug_str:0000000000008030 .LASF288
C:\Users\zero6575\AppData\Local\Temp\ccYgedCd.s:21031  .debug_str:000000000000aadc .LASF289
C:\Users\zero6575\AppData\Local\Temp\ccYgedCd.s:21653  .debug_str:000000000000c83a .LASF290
C:\Users\zero6575\AppData\Local\Temp\ccYgedCd.s:18239  .debug_str:00000000000020a7 .LASF291
C:\Users\zero6575\AppData\Local\Temp\ccYgedCd.s:19159  .debug_str:0000000000004fe9 .LASF292
C:\Users\zero6575\AppData\Local\Temp\ccYgedCd.s:21513  .debug_str:000000000000c163 .LASF293
C:\Users\zero6575\AppData\Local\Temp\ccYgedCd.s:18649  .debug_str:000000000000349d .LASF294
C:\Users\zero6575\AppData\Local\Temp\ccYgedCd.s:20217  .debug_str:000000000000825b .LASF295
C:\Users\zero6575\AppData\Local\Temp\ccYgedCd.s:19201  .debug_str:0000000000005279 .LASF296
C:\Users\zero6575\AppData\Local\Temp\ccYgedCd.s:20619  .debug_str:0000000000009753 .LASF297
C:\Users\zero6575\AppData\Local\Temp\ccYgedCd.s:17877  .debug_str:0000000000000cb3 .LASF298
C:\Users\zero6575\AppData\Local\Temp\ccYgedCd.s:21597  .debug_str:000000000000c5e7 .LASF299
C:\Users\zero6575\AppData\Local\Temp\ccYgedCd.s:19327  .debug_str:0000000000005820 .LASF300
C:\Users\zero6575\AppData\Local\Temp\ccYgedCd.s:21939  .debug_str:000000000000d810 .LASF301
C:\Users\zero6575\AppData\Local\Temp\ccYgedCd.s:20023  .debug_str:0000000000007964 .LASF302
C:\Users\zero6575\AppData\Local\Temp\ccYgedCd.s:19759  .debug_str:0000000000006cb1 .LASF303
C:\Users\zero6575\AppData\Local\Temp\ccYgedCd.s:19705  .debug_str:0000000000006a51 .LASF304
C:\Users\zero6575\AppData\Local\Temp\ccYgedCd.s:21521  .debug_str:000000000000c1c3 .LASF305
C:\Users\zero6575\AppData\Local\Temp\ccYgedCd.s:20767  .debug_str:0000000000009e91 .LASF306
C:\Users\zero6575\AppData\Local\Temp\ccYgedCd.s:19309  .debug_str:000000000000575a .LASF307
C:\Users\zero6575\AppData\Local\Temp\ccYgedCd.s:20937  .debug_str:000000000000a6c1 .LASF308
C:\Users\zero6575\AppData\Local\Temp\ccYgedCd.s:21223  .debug_str:000000000000b326 .LASF309
C:\Users\zero6575\AppData\Local\Temp\ccYgedCd.s:18315  .debug_str:0000000000002457 .LASF310
C:\Users\zero6575\AppData\Local\Temp\ccYgedCd.s:18235  .debug_str:0000000000002072 .LASF311
C:\Users\zero6575\AppData\Local\Temp\ccYgedCd.s:21987  .debug_str:000000000000da5d .LASF312
C:\Users\zero6575\AppData\Local\Temp\ccYgedCd.s:20165  .debug_str:0000000000007fda .LASF313
C:\Users\zero6575\AppData\Local\Temp\ccYgedCd.s:18555  .debug_str:0000000000003009 .LASF314
C:\Users\zero6575\AppData\Local\Temp\ccYgedCd.s:17763  .debug_str:000000000000080a .LASF315
C:\Users\zero6575\AppData\Local\Temp\ccYgedCd.s:18299  .debug_str:000000000000239a .LASF316
C:\Users\zero6575\AppData\Local\Temp\ccYgedCd.s:19371  .debug_str:0000000000005a03 .LASF317
C:\Users\zero6575\AppData\Local\Temp\ccYgedCd.s:19667  .debug_str:0000000000006881 .LASF318
C:\Users\zero6575\AppData\Local\Temp\ccYgedCd.s:17741  .debug_str:00000000000006cb .LASF319
C:\Users\zero6575\AppData\Local\Temp\ccYgedCd.s:18377  .debug_str:0000000000002744 .LASF320
C:\Users\zero6575\AppData\Local\Temp\ccYgedCd.s:18875  .debug_str:0000000000003f80 .LASF321
C:\Users\zero6575\AppData\Local\Temp\ccYgedCd.s:17973  .debug_str:000000000000115d .LASF322
C:\Users\zero6575\AppData\Local\Temp\ccYgedCd.s:19551  .debug_str:0000000000006291 .LASF323
C:\Users\zero6575\AppData\Local\Temp\ccYgedCd.s:20419  .debug_str:0000000000008c97 .LASF324
C:\Users\zero6575\AppData\Local\Temp\ccYgedCd.s:18331  .debug_str:000000000000252d .LASF325
C:\Users\zero6575\AppData\Local\Temp\ccYgedCd.s:19341  .debug_str:00000000000058b6 .LASF326
C:\Users\zero6575\AppData\Local\Temp\ccYgedCd.s:20121  .debug_str:0000000000007d85 .LASF327
C:\Users\zero6575\AppData\Local\Temp\ccYgedCd.s:20977  .debug_str:000000000000a89f .LASF328
C:\Users\zero6575\AppData\Local\Temp\ccYgedCd.s:21117  .debug_str:000000000000ae76 .LASF329
C:\Users\zero6575\AppData\Local\Temp\ccYgedCd.s:20839  .debug_str:000000000000a1c5 .LASF330
C:\Users\zero6575\AppData\Local\Temp\ccYgedCd.s:18729  .debug_str:0000000000003813 .LASF331
C:\Users\zero6575\AppData\Local\Temp\ccYgedCd.s:18077  .debug_str:00000000000015ce .LASF332
C:\Users\zero6575\AppData\Local\Temp\ccYgedCd.s:18047  .debug_str:00000000000014a8 .LASF333
C:\Users\zero6575\AppData\Local\Temp\ccYgedCd.s:17785  .debug_str:0000000000000902 .LASF334
C:\Users\zero6575\AppData\Local\Temp\ccYgedCd.s:20147  .debug_str:0000000000007e9f .LASF335
C:\Users\zero6575\AppData\Local\Temp\ccYgedCd.s:22059  .debug_str:000000000000ddea .LASF336
C:\Users\zero6575\AppData\Local\Temp\ccYgedCd.s:17955  .debug_str:00000000000010a2 .LASF337
C:\Users\zero6575\AppData\Local\Temp\ccYgedCd.s:21453  .debug_str:000000000000be7e .LASF338
C:\Users\zero6575\AppData\Local\Temp\ccYgedCd.s:18759  .debug_str:00000000000039c2 .LASF339
C:\Users\zero6575\AppData\Local\Temp\ccYgedCd.s:17681  .debug_str:00000000000003ce .LASF340
C:\Users\zero6575\AppData\Local\Temp\ccYgedCd.s:19481  .debug_str:0000000000005ea9 .LASF341
C:\Users\zero6575\AppData\Local\Temp\ccYgedCd.s:17823  .debug_str:0000000000000a63 .LASF342
C:\Users\zero6575\AppData\Local\Temp\ccYgedCd.s:21647  .debug_str:000000000000c805 .LASF343
C:\Users\zero6575\AppData\Local\Temp\ccYgedCd.s:20725  .debug_str:0000000000009ca1 .LASF344
C:\Users\zero6575\AppData\Local\Temp\ccYgedCd.s:18539  .debug_str:0000000000002f46 .LASF345
C:\Users\zero6575\AppData\Local\Temp\ccYgedCd.s:19173  .debug_str:0000000000005083 .LASF346
C:\Users\zero6575\AppData\Local\Temp\ccYgedCd.s:19533  .debug_str:00000000000061cf .LASF350
C:\Users\zero6575\AppData\Local\Temp\ccYgedCd.s:19817  .debug_str:0000000000006f9d .LASF351
C:\Users\zero6575\AppData\Local\Temp\ccYgedCd.s:19581  .debug_str:00000000000063c7 .LASF352
C:\Users\zero6575\AppData\Local\Temp\ccYgedCd.s:18865  .debug_str:0000000000003f08 .LASF353
C:\Users\zero6575\AppData\Local\Temp\ccYgedCd.s:21145  .debug_str:000000000000afba .LASF354
C:\Users\zero6575\AppData\Local\Temp\ccYgedCd.s:20495  .debug_str:000000000000910b .LASF355
C:\Users\zero6575\AppData\Local\Temp\ccYgedCd.s:21279  .debug_str:000000000000b621 .LASF356
C:\Users\zero6575\AppData\Local\Temp\ccYgedCd.s:19257  .debug_str:0000000000005534 .LASF357
C:\Users\zero6575\AppData\Local\Temp\ccYgedCd.s:18873  .debug_str:0000000000003f6e .LASF358
C:\Users\zero6575\AppData\Local\Temp\ccYgedCd.s:18587  .debug_str:00000000000031a9 .LASF359
C:\Users\zero6575\AppData\Local\Temp\ccYgedCd.s:21367  .debug_str:000000000000bae5 .LASF360
C:\Users\zero6575\AppData\Local\Temp\ccYgedCd.s:20595  .debug_str:0000000000009641 .LASF361
C:\Users\zero6575\AppData\Local\Temp\ccYgedCd.s:20709  .debug_str:0000000000009bf1 .LASF362
C:\Users\zero6575\AppData\Local\Temp\ccYgedCd.s:22117  .debug_str:000000000000e04d .LASF363
C:\Users\zero6575\AppData\Local\Temp\ccYgedCd.s:21271  .debug_str:000000000000b5da .LASF364
C:\Users\zero6575\AppData\Local\Temp\ccYgedCd.s:20347  .debug_str:0000000000008932 .LASF365
C:\Users\zero6575\AppData\Local\Temp\ccYgedCd.s:20773  .debug_str:0000000000009ee5 .LASF366
C:\Users\zero6575\AppData\Local\Temp\ccYgedCd.s:21139  .debug_str:000000000000af82 .LASF367
C:\Users\zero6575\AppData\Local\Temp\ccYgedCd.s:19137  .debug_str:0000000000004f17 .LASF368
C:\Users\zero6575\AppData\Local\Temp\ccYgedCd.s:21141  .debug_str:000000000000af92 .LASF369
C:\Users\zero6575\AppData\Local\Temp\ccYgedCd.s:21579  .debug_str:000000000000c4f4 .LASF370
C:\Users\zero6575\AppData\Local\Temp\ccYgedCd.s:19577  .debug_str:0000000000006397 .LASF371
C:\Users\zero6575\AppData\Local\Temp\ccYgedCd.s:19245  .debug_str:00000000000054a8 .LASF372
C:\Users\zero6575\AppData\Local\Temp\ccYgedCd.s:20487  .debug_str:00000000000090ac .LASF373
C:\Users\zero6575\AppData\Local\Temp\ccYgedCd.s:20293  .debug_str:00000000000086de .LASF374
C:\Users\zero6575\AppData\Local\Temp\ccYgedCd.s:21497  .debug_str:000000000000c0a2 .LASF375
C:\Users\zero6575\AppData\Local\Temp\ccYgedCd.s:21851  .debug_str:000000000000d430 .LASF376
C:\Users\zero6575\AppData\Local\Temp\ccYgedCd.s:21493  .debug_str:000000000000c078 .LASF377
C:\Users\zero6575\AppData\Local\Temp\ccYgedCd.s:20755  .debug_str:0000000000009dbb .LASF378
C:\Users\zero6575\AppData\Local\Temp\ccYgedCd.s:18955  .debug_str:0000000000004624 .LASF379
C:\Users\zero6575\AppData\Local\Temp\ccYgedCd.s:19311  .debug_str:000000000000576f .LASF380
C:\Users\zero6575\AppData\Local\Temp\ccYgedCd.s:20143  .debug_str:0000000000007e79 .LASF381
C:\Users\zero6575\AppData\Local\Temp\ccYgedCd.s:17931  .debug_str:0000000000000fb7 .LASF382
C:\Users\zero6575\AppData\Local\Temp\ccYgedCd.s:19797  .debug_str:0000000000006ec6 .LASF383
C:\Users\zero6575\AppData\Local\Temp\ccYgedCd.s:17835  .debug_str:0000000000000aab .LASF384
C:\Users\zero6575\AppData\Local\Temp\ccYgedCd.s:20041  .debug_str:0000000000007a4a .LASF385
C:\Users\zero6575\AppData\Local\Temp\ccYgedCd.s:20161  .debug_str:0000000000007fc2 .LASF386
C:\Users\zero6575\AppData\Local\Temp\ccYgedCd.s:19553  .debug_str:00000000000062a4 .LASF387
C:\Users\zero6575\AppData\Local\Temp\ccYgedCd.s:21009  .debug_str:000000000000a9e8 .LASF388
C:\Users\zero6575\AppData\Local\Temp\ccYgedCd.s:18259  .debug_str:0000000000002199 .LASF389
C:\Users\zero6575\AppData\Local\Temp\ccYgedCd.s:19707  .debug_str:0000000000006a65 .LASF390
C:\Users\zero6575\AppData\Local\Temp\ccYgedCd.s:18979  .debug_str:000000000000472e .LASF392
C:\Users\zero6575\AppData\Local\Temp\ccYgedCd.s:20535  .debug_str:000000000000933a .LASF393
C:\Users\zero6575\AppData\Local\Temp\ccYgedCd.s:18045  .debug_str:000000000000149e .LASF394
C:\Users\zero6575\AppData\Local\Temp\ccYgedCd.s:20429  .debug_str:0000000000008d0a .LASF395
C:\Users\zero6575\AppData\Local\Temp\ccYgedCd.s:19395  .debug_str:0000000000005b50 .LASF396
C:\Users\zero6575\AppData\Local\Temp\ccYgedCd.s:21725  .debug_str:000000000000cc0d .LASF397
C:\Users\zero6575\AppData\Local\Temp\ccYgedCd.s:21539  .debug_str:000000000000c2b9 .LASF398
C:\Users\zero6575\AppData\Local\Temp\ccYgedCd.s:20391  .debug_str:0000000000008b30 .LASF399
C:\Users\zero6575\AppData\Local\Temp\ccYgedCd.s:19671  .debug_str:00000000000068ae .LASF400
C:\Users\zero6575\AppData\Local\Temp\ccYgedCd.s:20133  .debug_str:0000000000007dfe .LASF401
C:\Users\zero6575\AppData\Local\Temp\ccYgedCd.s:19007  .debug_str:000000000000487d .LASF402
C:\Users\zero6575\AppData\Local\Temp\ccYgedCd.s:21071  .debug_str:000000000000acaf .LASF403
C:\Users\zero6575\AppData\Local\Temp\ccYgedCd.s:18431  .debug_str:0000000000002a26 .LASF404
C:\Users\zero6575\AppData\Local\Temp\ccYgedCd.s:19289  .debug_str:000000000000568f .LASF405
C:\Users\zero6575\AppData\Local\Temp\ccYgedCd.s:20067  .debug_str:0000000000007b43 .LASF406
C:\Users\zero6575\AppData\Local\Temp\ccYgedCd.s:19163  .debug_str:0000000000005027 .LASF407
C:\Users\zero6575\AppData\Local\Temp\ccYgedCd.s:22137  .debug_str:000000000000e172 .LASF408
C:\Users\zero6575\AppData\Local\Temp\ccYgedCd.s:19807  .debug_str:0000000000006f3a .LASF409
C:\Users\zero6575\AppData\Local\Temp\ccYgedCd.s:19131  .debug_str:0000000000004edc .LASF410
C:\Users\zero6575\AppData\Local\Temp\ccYgedCd.s:21245  .debug_str:000000000000b433 .LASF411
C:\Users\zero6575\AppData\Local\Temp\ccYgedCd.s:22009  .debug_str:000000000000db67 .LASF412
C:\Users\zero6575\AppData\Local\Temp\ccYgedCd.s:21739  .debug_str:000000000000ccdd .LASF413
C:\Users\zero6575\AppData\Local\Temp\ccYgedCd.s:17645  .debug_str:0000000000000205 .LASF414
C:\Users\zero6575\AppData\Local\Temp\ccYgedCd.s:20237  .debug_str:0000000000008411 .LASF415
C:\Users\zero6575\AppData\Local\Temp\ccYgedCd.s:18741  .debug_str:000000000000389c .LASF416
C:\Users\zero6575\AppData\Local\Temp\ccYgedCd.s:20251  .debug_str:00000000000084e1 .LASF417
C:\Users\zero6575\AppData\Local\Temp\ccYgedCd.s:19855  .debug_str:0000000000007191 .LASF418
C:\Users\zero6575\AppData\Local\Temp\ccYgedCd.s:18559  .debug_str:0000000000003037 .LASF419
C:\Users\zero6575\AppData\Local\Temp\ccYgedCd.s:19979  .debug_str:00000000000077c2 .LASF420
C:\Users\zero6575\AppData\Local\Temp\ccYgedCd.s:21045  .debug_str:000000000000ab60 .LASF421
C:\Users\zero6575\AppData\Local\Temp\ccYgedCd.s:20711  .debug_str:0000000000009c09 .LASF422
C:\Users\zero6575\AppData\Local\Temp\ccYgedCd.s:17781  .debug_str:00000000000008da .LASF423
C:\Users\zero6575\AppData\Local\Temp\ccYgedCd.s:19093  .debug_str:0000000000004d2d .LASF424
C:\Users\zero6575\AppData\Local\Temp\ccYgedCd.s:21541  .debug_str:000000000000c2c1 .LASF425
C:\Users\zero6575\AppData\Local\Temp\ccYgedCd.s:22079  .debug_str:000000000000dece .LASF426
C:\Users\zero6575\AppData\Local\Temp\ccYgedCd.s:21219  .debug_str:000000000000b2ed .LASF427
C:\Users\zero6575\AppData\Local\Temp\ccYgedCd.s:17895  .debug_str:0000000000000db5 .LASF428
C:\Users\zero6575\AppData\Local\Temp\ccYgedCd.s:19405  .debug_str:0000000000005b99 .LASF429
C:\Users\zero6575\AppData\Local\Temp\ccYgedCd.s:17679  .debug_str:00000000000003ba .LASF430
C:\Users\zero6575\AppData\Local\Temp\ccYgedCd.s:21747  .debug_str:000000000000cd56 .LASF431
C:\Users\zero6575\AppData\Local\Temp\ccYgedCd.s:20675  .debug_str:0000000000009a13 .LASF432
C:\Users\zero6575\AppData\Local\Temp\ccYgedCd.s:19625  .debug_str:0000000000006634 .LASF433
C:\Users\zero6575\AppData\Local\Temp\ccYgedCd.s:19995  .debug_str:000000000000783f .LASF434
C:\Users\zero6575\AppData\Local\Temp\ccYgedCd.s:21247  .debug_str:000000000000b43d .LASF435
C:\Users\zero6575\AppData\Local\Temp\ccYgedCd.s:22157  .debug_str:000000000000e270 .LASF436
C:\Users\zero6575\AppData\Local\Temp\ccYgedCd.s:18429  .debug_str:0000000000002a0c .LASF437
C:\Users\zero6575\AppData\Local\Temp\ccYgedCd.s:19123  .debug_str:0000000000004e80 .LASF438
C:\Users\zero6575\AppData\Local\Temp\ccYgedCd.s:19171  .debug_str:000000000000506a .LASF439
C:\Users\zero6575\AppData\Local\Temp\ccYgedCd.s:19205  .debug_str:00000000000052a6 .LASF440
C:\Users\zero6575\AppData\Local\Temp\ccYgedCd.s:21323  .debug_str:000000000000b8c7 .LASF441
C:\Users\zero6575\AppData\Local\Temp\ccYgedCd.s:21293  .debug_str:000000000000b6e4 .LASF442
C:\Users\zero6575\AppData\Local\Temp\ccYgedCd.s:20713  .debug_str:0000000000009c1d .LASF443
C:\Users\zero6575\AppData\Local\Temp\ccYgedCd.s:19535  .debug_str:00000000000061e5 .LASF444
C:\Users\zero6575\AppData\Local\Temp\ccYgedCd.s:20571  .debug_str:0000000000009500 .LASF445
C:\Users\zero6575\AppData\Local\Temp\ccYgedCd.s:21421  .debug_str:000000000000bd32 .LASF446
C:\Users\zero6575\AppData\Local\Temp\ccYgedCd.s:20329  .debug_str:000000000000886f .LASF447
C:\Users\zero6575\AppData\Local\Temp\ccYgedCd.s:20787  .debug_str:0000000000009f90 .LASF448
C:\Users\zero6575\AppData\Local\Temp\ccYgedCd.s:19929  .debug_str:000000000000750a .LASF449
C:\Users\zero6575\AppData\Local\Temp\ccYgedCd.s:18133  .debug_str:0000000000001884 .LASF450
C:\Users\zero6575\AppData\Local\Temp\ccYgedCd.s:22033  .debug_str:000000000000dc86 .LASF451
C:\Users\zero6575\AppData\Local\Temp\ccYgedCd.s:19679  .debug_str:0000000000006903 .LASF452
C:\Users\zero6575\AppData\Local\Temp\ccYgedCd.s:22121  .debug_str:000000000000e068 .LASF453
C:\Users\zero6575\AppData\Local\Temp\ccYgedCd.s:18627  .debug_str:0000000000003379 .LASF454
C:\Users\zero6575\AppData\Local\Temp\ccYgedCd.s:21767  .debug_str:000000000000ce42 .LASF455
C:\Users\zero6575\AppData\Local\Temp\ccYgedCd.s:20739  .debug_str:0000000000009d1d .LASF456
C:\Users\zero6575\AppData\Local\Temp\ccYgedCd.s:19365  .debug_str:00000000000059b1 .LASF457
C:\Users\zero6575\AppData\Local\Temp\ccYgedCd.s:21791  .debug_str:000000000000cfc0 .LASF458
C:\Users\zero6575\AppData\Local\Temp\ccYgedCd.s:20859  .debug_str:000000000000a298 .LASF459
C:\Users\zero6575\AppData\Local\Temp\ccYgedCd.s:20985  .debug_str:000000000000a8d4 .LASF460
C:\Users\zero6575\AppData\Local\Temp\ccYgedCd.s:19875  .debug_str:0000000000007299 .LASF461
C:\Users\zero6575\AppData\Local\Temp\ccYgedCd.s:18163  .debug_str:0000000000001a57 .LASF462
C:\Users\zero6575\AppData\Local\Temp\ccYgedCd.s:18143  .debug_str:0000000000001946 .LASF463
C:\Users\zero6575\AppData\Local\Temp\ccYgedCd.s:18401  .debug_str:00000000000028c7 .LASF464
C:\Users\zero6575\AppData\Local\Temp\ccYgedCd.s:19017  .debug_str:00000000000048d6 .LASF465
C:\Users\zero6575\AppData\Local\Temp\ccYgedCd.s:21587  .debug_str:000000000000c561 .LASF466
C:\Users\zero6575\AppData\Local\Temp\ccYgedCd.s:22067  .debug_str:000000000000de34 .LASF467
C:\Users\zero6575\AppData\Local\Temp\ccYgedCd.s:20829  .debug_str:000000000000a131 .LASF468
C:\Users\zero6575\AppData\Local\Temp\ccYgedCd.s:21511  .debug_str:000000000000c13c .LASF469
C:\Users\zero6575\AppData\Local\Temp\ccYgedCd.s:19101  .debug_str:0000000000004d8f .LASF470
C:\Users\zero6575\AppData\Local\Temp\ccYgedCd.s:20383  .debug_str:0000000000008ac8 .LASF471
C:\Users\zero6575\AppData\Local\Temp\ccYgedCd.s:19819  .debug_str:0000000000006fb5 .LASF472
C:\Users\zero6575\AppData\Local\Temp\ccYgedCd.s:22103  .debug_str:000000000000dfc2 .LASF473
C:\Users\zero6575\AppData\Local\Temp\ccYgedCd.s:20471  .debug_str:0000000000008fef .LASF474
C:\Users\zero6575\AppData\Local\Temp\ccYgedCd.s:17977  .debug_str:000000000000117f .LASF475
C:\Users\zero6575\AppData\Local\Temp\ccYgedCd.s:21869  .debug_str:000000000000d528 .LASF476
C:\Users\zero6575\AppData\Local\Temp\ccYgedCd.s:20665  .debug_str:0000000000009997 .LASF477
C:\Users\zero6575\AppData\Local\Temp\ccYgedCd.s:17875  .debug_str:0000000000000c8a .LASF478
C:\Users\zero6575\AppData\Local\Temp\ccYgedCd.s:19285  .debug_str:000000000000563e .LASF479
C:\Users\zero6575\AppData\Local\Temp\ccYgedCd.s:21221  .debug_str:000000000000b300 .LASF480
C:\Users\zero6575\AppData\Local\Temp\ccYgedCd.s:21489  .debug_str:000000000000c042 .LASF481
C:\Users\zero6575\AppData\Local\Temp\ccYgedCd.s:17985  .debug_str:00000000000011ea .LASF482
C:\Users\zero6575\AppData\Local\Temp\ccYgedCd.s:21955  .debug_str:000000000000d8c2 .LASF483
C:\Users\zero6575\AppData\Local\Temp\ccYgedCd.s:21087  .debug_str:000000000000ad15 .LASF484
C:\Users\zero6575\AppData\Local\Temp\ccYgedCd.s:18617  .debug_str:000000000000330b .LASF485
C:\Users\zero6575\AppData\Local\Temp\ccYgedCd.s:21601  .debug_str:000000000000c61a .LASF486
C:\Users\zero6575\AppData\Local\Temp\ccYgedCd.s:20975  .debug_str:000000000000a881 .LASF487
C:\Users\zero6575\AppData\Local\Temp\ccYgedCd.s:18833  .debug_str:0000000000003d3a .LASF488
C:\Users\zero6575\AppData\Local\Temp\ccYgedCd.s:22021  .debug_str:000000000000dbfd .LASF489
C:\Users\zero6575\AppData\Local\Temp\ccYgedCd.s:19505  .debug_str:0000000000005fdd .LASF490
C:\Users\zero6575\AppData\Local\Temp\ccYgedCd.s:19741  .debug_str:0000000000006bcf .LASF491
C:\Users\zero6575\AppData\Local\Temp\ccYgedCd.s:20195  .debug_str:000000000000815a .LASF492
C:\Users\zero6575\AppData\Local\Temp\ccYgedCd.s:20507  .debug_str:00000000000091d9 .LASF493
C:\Users\zero6575\AppData\Local\Temp\ccYgedCd.s:19465  .debug_str:0000000000005e2f .LASF494
C:\Users\zero6575\AppData\Local\Temp\ccYgedCd.s:18825  .debug_str:0000000000003cdf .LASF495
C:\Users\zero6575\AppData\Local\Temp\ccYgedCd.s:19879  .debug_str:00000000000072ce .LASF496
C:\Users\zero6575\AppData\Local\Temp\ccYgedCd.s:17755  .debug_str:000000000000077c .LASF497
C:\Users\zero6575\AppData\Local\Temp\ccYgedCd.s:19783  .debug_str:0000000000006dcd .LASF498
C:\Users\zero6575\AppData\Local\Temp\ccYgedCd.s:17795  .debug_str:000000000000095c .LASF499
C:\Users\zero6575\AppData\Local\Temp\ccYgedCd.s:20583  .debug_str:000000000000957c .LASF500
C:\Users\zero6575\AppData\Local\Temp\ccYgedCd.s:20359  .debug_str:00000000000089a8 .LASF501
C:\Users\zero6575\AppData\Local\Temp\ccYgedCd.s:20689  .debug_str:0000000000009ac0 .LASF502
C:\Users\zero6575\AppData\Local\Temp\ccYgedCd.s:20663  .debug_str:0000000000009988 .LASF506
C:\Users\zero6575\AppData\Local\Temp\ccYgedCd.s:20707  .debug_str:0000000000009bdb .LASF507
C:\Users\zero6575\AppData\Local\Temp\ccYgedCd.s:19047  .debug_str:0000000000004a9f .LASF508
C:\Users\zero6575\AppData\Local\Temp\ccYgedCd.s:17639  .debug_str:00000000000001cf .LASF509
C:\Users\zero6575\AppData\Local\Temp\ccYgedCd.s:18795  .debug_str:0000000000003b65 .LASF510
C:\Users\zero6575\AppData\Local\Temp\ccYgedCd.s:17647  .debug_str:0000000000000213 .LASF511
C:\Users\zero6575\AppData\Local\Temp\ccYgedCd.s:20593  .debug_str:000000000000961e .LASF512
C:\Users\zero6575\AppData\Local\Temp\ccYgedCd.s:21409  .debug_str:000000000000bc8c .LASF513
C:\Users\zero6575\AppData\Local\Temp\ccYgedCd.s:19871  .debug_str:0000000000007265 .LASF514
C:\Users\zero6575\AppData\Local\Temp\ccYgedCd.s:21667  .debug_str:000000000000c905 .LASF515
C:\Users\zero6575\AppData\Local\Temp\ccYgedCd.s:18861  .debug_str:0000000000003eb4 .LASF517
C:\Users\zero6575\AppData\Local\Temp\ccYgedCd.s:18881  .debug_str:0000000000003fc6 .LASF518
C:\Users\zero6575\AppData\Local\Temp\ccYgedCd.s:21681  .debug_str:000000000000c9b0 .LASF519
C:\Users\zero6575\AppData\Local\Temp\ccYgedCd.s:22037  .debug_str:000000000000dcc5 .LASF520
C:\Users\zero6575\AppData\Local\Temp\ccYgedCd.s:20073  .debug_str:0000000000007b78 .LASF521
C:\Users\zero6575\AppData\Local\Temp\ccYgedCd.s:21273  .debug_str:000000000000b5eb .LASF522
C:\Users\zero6575\AppData\Local\Temp\ccYgedCd.s:19639  .debug_str:00000000000066da .LASF523
C:\Users\zero6575\AppData\Local\Temp\ccYgedCd.s:20057  .debug_str:0000000000007b03 .LASF524
C:\Users\zero6575\AppData\Local\Temp\ccYgedCd.s:21621  .debug_str:000000000000c6ff .LASF525
C:\Users\zero6575\AppData\Local\Temp\ccYgedCd.s:17719  .debug_str:000000000000059f .LASF526
C:\Users\zero6575\AppData\Local\Temp\ccYgedCd.s:20899  .debug_str:000000000000a51b .LASF527
C:\Users\zero6575\AppData\Local\Temp\ccYgedCd.s:20015  .debug_str:000000000000791f .LASF528
C:\Users\zero6575\AppData\Local\Temp\ccYgedCd.s:19623  .debug_str:0000000000006628 .LASF529
C:\Users\zero6575\AppData\Local\Temp\ccYgedCd.s:18419  .debug_str:00000000000029bc .LASF530
C:\Users\zero6575\AppData\Local\Temp\ccYgedCd.s:21675  .debug_str:000000000000c95c .LASF531
C:\Users\zero6575\AppData\Local\Temp\ccYgedCd.s:21535  .debug_str:000000000000c274 .LASF532
C:\Users\zero6575\AppData\Local\Temp\ccYgedCd.s:21281  .debug_str:000000000000b64e .LASF533
C:\Users\zero6575\AppData\Local\Temp\ccYgedCd.s:18151  .debug_str:00000000000019b4 .LASF534
C:\Users\zero6575\AppData\Local\Temp\ccYgedCd.s:21665  .debug_str:000000000000c8e3 .LASF535
C:\Users\zero6575\AppData\Local\Temp\ccYgedCd.s:19369  .debug_str:00000000000059f8 .LASF537
C:\Users\zero6575\AppData\Local\Temp\ccYgedCd.s:21269  .debug_str:000000000000b5ce .LASF538
C:\Users\zero6575\AppData\Local\Temp\ccYgedCd.s:20187  .debug_str:00000000000080ee .LASF539
C:\Users\zero6575\AppData\Local\Temp\ccYgedCd.s:18779  .debug_str:0000000000003a9c .LASF540
C:\Users\zero6575\AppData\Local\Temp\ccYgedCd.s:17913  .debug_str:0000000000000efb .LASF541
C:\Users\zero6575\AppData\Local\Temp\ccYgedCd.s:20897  .debug_str:000000000000a50f .LASF542
C:\Users\zero6575\AppData\Local\Temp\ccYgedCd.s:20415  .debug_str:0000000000008c7a .LASF543
C:\Users\zero6575\AppData\Local\Temp\ccYgedCd.s:20393  .debug_str:0000000000008b39 .LASF544
C:\Users\zero6575\AppData\Local\Temp\ccYgedCd.s:21343  .debug_str:000000000000b9b6 .LASF545
C:\Users\zero6575\AppData\Local\Temp\ccYgedCd.s:21649  .debug_str:000000000000c810 .LASF546
C:\Users\zero6575\AppData\Local\Temp\ccYgedCd.s:18515  .debug_str:0000000000002e0c .LASF547
C:\Users\zero6575\AppData\Local\Temp\ccYgedCd.s:18699  .debug_str:0000000000003739 .LASF548
C:\Users\zero6575\AppData\Local\Temp\ccYgedCd.s:20317  .debug_str:00000000000087e3 .LASF549
C:\Users\zero6575\AppData\Local\Temp\ccYgedCd.s:20047  .debug_str:0000000000007a8b .LASF550
C:\Users\zero6575\AppData\Local\Temp\ccYgedCd.s:21949  .debug_str:000000000000d874 .LASF551
C:\Users\zero6575\AppData\Local\Temp\ccYgedCd.s:19119  .debug_str:0000000000004e5a .LASF552
C:\Users\zero6575\AppData\Local\Temp\ccYgedCd.s:19809  .debug_str:0000000000006f43 .LASF553
C:\Users\zero6575\AppData\Local\Temp\ccYgedCd.s:18523  .debug_str:0000000000002e92 .LASF554
C:\Users\zero6575\AppData\Local\Temp\ccYgedCd.s:21473  .debug_str:000000000000bf77 .LASF555
C:\Users\zero6575\AppData\Local\Temp\ccYgedCd.s:20473  .debug_str:0000000000009015 .LASF556
C:\Users\zero6575\AppData\Local\Temp\ccYgedCd.s:17643  .debug_str:00000000000001fb .LASF557
C:\Users\zero6575\AppData\Local\Temp\ccYgedCd.s:20327  .debug_str:0000000000008861 .LASF558
C:\Users\zero6575\AppData\Local\Temp\ccYgedCd.s:19191  .debug_str:000000000000517c .LASF559
C:\Users\zero6575\AppData\Local\Temp\ccYgedCd.s:19595  .debug_str:00000000000064bb .LASF560
C:\Users\zero6575\AppData\Local\Temp\ccYgedCd.s:18055  .debug_str:00000000000014eb .LASF561
C:\Users\zero6575\AppData\Local\Temp\ccYgedCd.s:18427  .debug_str:00000000000029fa .LASF562
C:\Users\zero6575\AppData\Local\Temp\ccYgedCd.s:19181  .debug_str:00000000000050d7 .LASF563
C:\Users\zero6575\AppData\Local\Temp\ccYgedCd.s:20749  .debug_str:0000000000009d8a .LASF564
C:\Users\zero6575\AppData\Local\Temp\ccYgedCd.s:20125  .debug_str:0000000000007db3 .LASF565
C:\Users\zero6575\AppData\Local\Temp\ccYgedCd.s:18591  .debug_str:00000000000031ce .LASF566
C:\Users\zero6575\AppData\Local\Temp\ccYgedCd.s:18115  .debug_str:00000000000017c4 .LASF567
C:\Users\zero6575\AppData\Local\Temp\ccYgedCd.s:21307  .debug_str:000000000000b7f9 .LASF568
C:\Users\zero6575\AppData\Local\Temp\ccYgedCd.s:17797  .debug_str:0000000000000974 .LASF569
C:\Users\zero6575\AppData\Local\Temp\ccYgedCd.s:19745  .debug_str:0000000000006bff .LASF570
C:\Users\zero6575\AppData\Local\Temp\ccYgedCd.s:20579  .debug_str:0000000000009560 .LASF571
C:\Users\zero6575\AppData\Local\Temp\ccYgedCd.s:19737  .debug_str:0000000000006bbd .LASF572
C:\Users\zero6575\AppData\Local\Temp\ccYgedCd.s:21345  .debug_str:000000000000b9c7 .LASF573
C:\Users\zero6575\AppData\Local\Temp\ccYgedCd.s:19773  .debug_str:0000000000006d61 .LASF574
C:\Users\zero6575\AppData\Local\Temp\ccYgedCd.s:17717  .debug_str:0000000000000590 .LASF575
C:\Users\zero6575\AppData\Local\Temp\ccYgedCd.s:19283  .debug_str:000000000000562b .LASF576
C:\Users\zero6575\AppData\Local\Temp\ccYgedCd.s:17631  .debug_str:0000000000000191 .LASF577
C:\Users\zero6575\AppData\Local\Temp\ccYgedCd.s:21159  .debug_str:000000000000b072 .LASF578
C:\Users\zero6575\AppData\Local\Temp\ccYgedCd.s:18119  .debug_str:00000000000017eb .LASF579
C:\Users\zero6575\AppData\Local\Temp\ccYgedCd.s:21727  .debug_str:000000000000cc19 .LASF580
C:\Users\zero6575\AppData\Local\Temp\ccYgedCd.s:19281  .debug_str:000000000000561d .LASF581
C:\Users\zero6575\AppData\Local\Temp\ccYgedCd.s:20499  .debug_str:0000000000009167 .LASF582
C:\Users\zero6575\AppData\Local\Temp\ccYgedCd.s:19319  .debug_str:00000000000057cd .LASF583
C:\Users\zero6575\AppData\Local\Temp\ccYgedCd.s:19169  .debug_str:000000000000505b .LASF584
C:\Users\zero6575\AppData\Local\Temp\ccYgedCd.s:19611  .debug_str:00000000000065b8 .LASF585
C:\Users\zero6575\AppData\Local\Temp\ccYgedCd.s:20803  .debug_str:000000000000a030 .LASF586
C:\Users\zero6575\AppData\Local\Temp\ccYgedCd.s:19895  .debug_str:0000000000007385 .LASF587
C:\Users\zero6575\AppData\Local\Temp\ccYgedCd.s:19897  .debug_str:0000000000007391 .LASF588
C:\Users\zero6575\AppData\Local\Temp\ccYgedCd.s:21923  .debug_str:000000000000d767 .LASF589
C:\Users\zero6575\AppData\Local\Temp\ccYgedCd.s:19453  .debug_str:0000000000005d67 .LASF590
C:\Users\zero6575\AppData\Local\Temp\ccYgedCd.s:17737  .debug_str:00000000000006a5 .LASF591
C:\Users\zero6575\AppData\Local\Temp\ccYgedCd.s:17771  .debug_str:0000000000000871 .LASF592
C:\Users\zero6575\AppData\Local\Temp\ccYgedCd.s:21287  .debug_str:000000000000b6a9 .LASF593
C:\Users\zero6575\AppData\Local\Temp\ccYgedCd.s:19537  .debug_str:0000000000006203 .LASF594
C:\Users\zero6575\AppData\Local\Temp\ccYgedCd.s:19009  .debug_str:0000000000004884 .LASF596
C:\Users\zero6575\AppData\Local\Temp\ccYgedCd.s:18735  .debug_str:000000000000384c .LASF597
C:\Users\zero6575\AppData\Local\Temp\ccYgedCd.s:18713  .debug_str:00000000000037b5 .LASF598
C:\Users\zero6575\AppData\Local\Temp\ccYgedCd.s:22099  .debug_str:000000000000dfa3 .LASF599
C:\Users\zero6575\AppData\Local\Temp\ccYgedCd.s:20211  .debug_str:0000000000008203 .LASF600
C:\Users\zero6575\AppData\Local\Temp\ccYgedCd.s:18167  .debug_str:0000000000001aa6 .LASF601
C:\Users\zero6575\AppData\Local\Temp\ccYgedCd.s:19631  .debug_str:000000000000668e .LASF602
C:\Users\zero6575\AppData\Local\Temp\ccYgedCd.s:20879  .debug_str:000000000000a445 .LASF603
C:\Users\zero6575\AppData\Local\Temp\ccYgedCd.s:20139  .debug_str:0000000000007e46 .LASF604
C:\Users\zero6575\AppData\Local\Temp\ccYgedCd.s:19287  .debug_str:0000000000005662 .LASF605
C:\Users\zero6575\AppData\Local\Temp\ccYgedCd.s:18185  .debug_str:0000000000001b89 .LASF606
C:\Users\zero6575\AppData\Local\Temp\ccYgedCd.s:20645  .debug_str:00000000000098dc .LASF607
C:\Users\zero6575\AppData\Local\Temp\ccYgedCd.s:19081  .debug_str:0000000000004c8c .LASF608
C:\Users\zero6575\AppData\Local\Temp\ccYgedCd.s:20259  .debug_str:0000000000008513 .LASF609
C:\Users\zero6575\AppData\Local\Temp\ccYgedCd.s:18321  .debug_str:0000000000002488 .LASF610
C:\Users\zero6575\AppData\Local\Temp\ccYgedCd.s:18099  .debug_str:00000000000016ae .LASF611
C:\Users\zero6575\AppData\Local\Temp\ccYgedCd.s:21353  .debug_str:000000000000ba38 .LASF612
C:\Users\zero6575\AppData\Local\Temp\ccYgedCd.s:19969  .debug_str:00000000000076bc .LASF613
C:\Users\zero6575\AppData\Local\Temp\ccYgedCd.s:21347  .debug_str:000000000000b9d2 .LASF614
C:\Users\zero6575\AppData\Local\Temp\ccYgedCd.s:18695  .debug_str:00000000000036fc .LASF615
C:\Users\zero6575\AppData\Local\Temp\ccYgedCd.s:19675  .debug_str:00000000000068c1 .LASF616
C:\Users\zero6575\AppData\Local\Temp\ccYgedCd.s:18249  .debug_str:0000000000002135 .LASF617
C:\Users\zero6575\AppData\Local\Temp\ccYgedCd.s:20077  .debug_str:0000000000007b97 .LASF618
C:\Users\zero6575\AppData\Local\Temp\ccYgedCd.s:19557  .debug_str:00000000000062b9 .LASF619
C:\Users\zero6575\AppData\Local\Temp\ccYgedCd.s:19655  .debug_str:00000000000067cb .LASF620
C:\Users\zero6575\AppData\Local\Temp\ccYgedCd.s:18683  .debug_str:0000000000003647 .LASF621
C:\Users\zero6575\AppData\Local\Temp\ccYgedCd.s:21967  .debug_str:000000000000d96e .LASF622
C:\Users\zero6575\AppData\Local\Temp\ccYgedCd.s:22017  .debug_str:000000000000dbdc .LASF623
C:\Users\zero6575\AppData\Local\Temp\ccYgedCd.s:20799  .debug_str:000000000000a009 .LASF624
C:\Users\zero6575\AppData\Local\Temp\ccYgedCd.s:20247  .debug_str:00000000000084b8 .LASF625
C:\Users\zero6575\AppData\Local\Temp\ccYgedCd.s:21983  .debug_str:000000000000da2f .LASF626
C:\Users\zero6575\AppData\Local\Temp\ccYgedCd.s:21147  .debug_str:000000000000afd2 .LASF627
C:\Users\zero6575\AppData\Local\Temp\ccYgedCd.s:18391  .debug_str:0000000000002842 .LASF628
C:\Users\zero6575\AppData\Local\Temp\ccYgedCd.s:21839  .debug_str:000000000000d397 .LASF629
C:\Users\zero6575\AppData\Local\Temp\ccYgedCd.s:21331  .debug_str:000000000000b924 .LASF630
C:\Users\zero6575\AppData\Local\Temp\ccYgedCd.s:21835  .debug_str:000000000000d28e .LASF631
C:\Users\zero6575\AppData\Local\Temp\ccYgedCd.s:19971  .debug_str:00000000000076e0 .LASF632
C:\Users\zero6575\AppData\Local\Temp\ccYgedCd.s:20705  .debug_str:0000000000009bbf .LASF633
C:\Users\zero6575\AppData\Local\Temp\ccYgedCd.s:20871  .debug_str:000000000000a359 .LASF634
C:\Users\zero6575\AppData\Local\Temp\ccYgedCd.s:17865  .debug_str:0000000000000be6 .LASF635
C:\Users\zero6575\AppData\Local\Temp\ccYgedCd.s:18899  .debug_str:00000000000040b9 .LASF636
C:\Users\zero6575\AppData\Local\Temp\ccYgedCd.s:18907  .debug_str:00000000000041bb .LASF637
C:\Users\zero6575\AppData\Local\Temp\ccYgedCd.s:19609  .debug_str:0000000000006543 .LASF638
C:\Users\zero6575\AppData\Local\Temp\ccYgedCd.s:19507  .debug_str:0000000000005ff7 .LASF639
C:\Users\zero6575\AppData\Local\Temp\ccYgedCd.s:21683  .debug_str:000000000000c9d8 .LASF640
C:\Users\zero6575\AppData\Local\Temp\ccYgedCd.s:18609  .debug_str:000000000000328e .LASF641
C:\Users\zero6575\AppData\Local\Temp\ccYgedCd.s:18197  .debug_str:0000000000001c15 .LASF642
C:\Users\zero6575\AppData\Local\Temp\ccYgedCd.s:17911  .debug_str:0000000000000e86 .LASF643
C:\Users\zero6575\AppData\Local\Temp\ccYgedCd.s:18415  .debug_str:0000000000002950 .LASF644
C:\Users\zero6575\AppData\Local\Temp\ccYgedCd.s:19217  .debug_str:0000000000005346 .LASF645
C:\Users\zero6575\AppData\Local\Temp\ccYgedCd.s:18577  .debug_str:0000000000003111 .LASF646
C:\Users\zero6575\AppData\Local\Temp\ccYgedCd.s:19805  .debug_str:0000000000006f0d .LASF647
C:\Users\zero6575\AppData\Local\Temp\ccYgedCd.s:20771  .debug_str:0000000000009eb8 .LASF648
C:\Users\zero6575\AppData\Local\Temp\ccYgedCd.s:20081  .debug_str:0000000000007bc6 .LASF649
C:\Users\zero6575\AppData\Local\Temp\ccYgedCd.s:18823  .debug_str:0000000000003cb3 .LASF650
C:\Users\zero6575\AppData\Local\Temp\ccYgedCd.s:20245  .debug_str:0000000000008488 .LASF651
C:\Users\zero6575\AppData\Local\Temp\ccYgedCd.s:18497  .debug_str:0000000000002d3e .LASF652
C:\Users\zero6575\AppData\Local\Temp\ccYgedCd.s:18441  .debug_str:0000000000002ab3 .LASF653
C:\Users\zero6575\AppData\Local\Temp\ccYgedCd.s:18109  .debug_str:0000000000001743 .LASF654
C:\Users\zero6575\AppData\Local\Temp\ccYgedCd.s:21461  .debug_str:000000000000beda .LASF655
C:\Users\zero6575\AppData\Local\Temp\ccYgedCd.s:21677  .debug_str:000000000000c975 .LASF656
C:\Users\zero6575\AppData\Local\Temp\ccYgedCd.s:20761  .debug_str:0000000000009dfc .LASF657
C:\Users\zero6575\AppData\Local\Temp\ccYgedCd.s:21195  .debug_str:000000000000b1e7 .LASF658
C:\Users\zero6575\AppData\Local\Temp\ccYgedCd.s:21731  .debug_str:000000000000cc50 .LASF659
C:\Users\zero6575\AppData\Local\Temp\ccYgedCd.s:21769  .debug_str:000000000000ce68 .LASF660
C:\Users\zero6575\AppData\Local\Temp\ccYgedCd.s:20591  .debug_str:00000000000095e7 .LASF661
C:\Users\zero6575\AppData\Local\Temp\ccYgedCd.s:20277  .debug_str:0000000000008619 .LASF662
C:\Users\zero6575\AppData\Local\Temp\ccYgedCd.s:18685  .debug_str:000000000000365f .LASF663
C:\Users\zero6575\AppData\Local\Temp\ccYgedCd.s:18549  .debug_str:0000000000002f9e .LASF664
C:\Users\zero6575\AppData\Local\Temp\ccYgedCd.s:18755  .debug_str:0000000000003975 .LASF665
C:\Users\zero6575\AppData\Local\Temp\ccYgedCd.s:18491  .debug_str:0000000000002cc7 .LASF666
C:\Users\zero6575\AppData\Local\Temp\ccYgedCd.s:20861  .debug_str:000000000000a2b4 .LASF667
C:\Users\zero6575\AppData\Local\Temp\ccYgedCd.s:18571  .debug_str:00000000000030c3 .LASF668
C:\Users\zero6575\AppData\Local\Temp\ccYgedCd.s:19071  .debug_str:0000000000004be8 .LASF669
C:\Users\zero6575\AppData\Local\Temp\ccYgedCd.s:19873  .debug_str:000000000000727c .LASF670
C:\Users\zero6575\AppData\Local\Temp\ccYgedCd.s:21053  .debug_str:000000000000abc1 .LASF671
C:\Users\zero6575\AppData\Local\Temp\ccYgedCd.s:20673  .debug_str:0000000000009a00 .LASF672
C:\Users\zero6575\AppData\Local\Temp\ccYgedCd.s:18637  .debug_str:0000000000003409 .LASF673
C:\Users\zero6575\AppData\Local\Temp\ccYgedCd.s:18583  .debug_str:0000000000003173 .LASF674
C:\Users\zero6575\AppData\Local\Temp\ccYgedCd.s:20385  .debug_str:0000000000008aec .LASF676
C:\Users\zero6575\AppData\Local\Temp\ccYgedCd.s:20505  .debug_str:00000000000091cc .LASF677
C:\Users\zero6575\AppData\Local\Temp\ccYgedCd.s:22019  .debug_str:000000000000dbf4 .LASF678
C:\Users\zero6575\AppData\Local\Temp\ccYgedCd.s:19251  .debug_str:00000000000054d6 .LASF679
C:\Users\zero6575\AppData\Local\Temp\ccYgedCd.s:19235  .debug_str:0000000000005452 .LASF680
C:\Users\zero6575\AppData\Local\Temp\ccYgedCd.s:18021  .debug_str:0000000000001396 .LASF681
C:\Users\zero6575\AppData\Local\Temp\ccYgedCd.s:20401  .debug_str:0000000000008b9e .LASF682
C:\Users\zero6575\AppData\Local\Temp\ccYgedCd.s:19463  .debug_str:0000000000005e1b .LASF683
C:\Users\zero6575\AppData\Local\Temp\ccYgedCd.s:21391  .debug_str:000000000000bbe1 .LASF684
C:\Users\zero6575\AppData\Local\Temp\ccYgedCd.s:21061  .debug_str:000000000000ac2f .LASF685
C:\Users\zero6575\AppData\Local\Temp\ccYgedCd.s:18885  .debug_str:0000000000004002 .LASF686
C:\Users\zero6575\AppData\Local\Temp\ccYgedCd.s:17943  .debug_str:000000000000102b .LASF687
C:\Users\zero6575\AppData\Local\Temp\ccYgedCd.s:19501  .debug_str:0000000000005fc3 .LASF688
C:\Users\zero6575\AppData\Local\Temp\ccYgedCd.s:21807  .debug_str:000000000000d0ab .LASF689
C:\Users\zero6575\AppData\Local\Temp\ccYgedCd.s:18211  .debug_str:0000000000001f71 .LASF690
C:\Users\zero6575\AppData\Local\Temp\ccYgedCd.s:19573  .debug_str:000000000000637c .LASF691
C:\Users\zero6575\AppData\Local\Temp\ccYgedCd.s:18125  .debug_str:0000000000001839 .LASF692
C:\Users\zero6575\AppData\Local\Temp\ccYgedCd.s:19975  .debug_str:000000000000779a .LASF693
C:\Users\zero6575\AppData\Local\Temp\ccYgedCd.s:18545  .debug_str:0000000000002f80 .LASF694
C:\Users\zero6575\AppData\Local\Temp\ccYgedCd.s:21225  .debug_str:000000000000b334 .LASF695
C:\Users\zero6575\AppData\Local\Temp\ccYgedCd.s:17753  .debug_str:0000000000000766 .LASF696
C:\Users\zero6575\AppData\Local\Temp\ccYgedCd.s:18631  .debug_str:00000000000033ad .LASF697
C:\Users\zero6575\AppData\Local\Temp\ccYgedCd.s:21413  .debug_str:000000000000bcb7 .LASF698
C:\Users\zero6575\AppData\Local\Temp\ccYgedCd.s:21253  .debug_str:000000000000b48b .LASF699
C:\Users\zero6575\AppData\Local\Temp\ccYgedCd.s:17687  .debug_str:0000000000000401 .LASF700
C:\Users\zero6575\AppData\Local\Temp\ccYgedCd.s:19781  .debug_str:0000000000006db0 .LASF701
C:\Users\zero6575\AppData\Local\Temp\ccYgedCd.s:18297  .debug_str:000000000000237e .LASF702
C:\Users\zero6575\AppData\Local\Temp\ccYgedCd.s:17957  .debug_str:00000000000010bd .LASF703
C:\Users\zero6575\AppData\Local\Temp\ccYgedCd.s:20173  .debug_str:0000000000008055 .LASF704
C:\Users\zero6575\AppData\Local\Temp\ccYgedCd.s:20587  .debug_str:00000000000095a5 .LASF705
C:\Users\zero6575\AppData\Local\Temp\ccYgedCd.s:19143  .debug_str:0000000000004f52 .LASF706
C:\Users\zero6575\AppData\Local\Temp\ccYgedCd.s:20909  .debug_str:000000000000a5c4 .LASF707
C:\Users\zero6575\AppData\Local\Temp\ccYgedCd.s:19177  .debug_str:00000000000050aa .LASF708
C:\Users\zero6575\AppData\Local\Temp\ccYgedCd.s:18819  .debug_str:0000000000003c7c .LASF709
C:\Users\zero6575\AppData\Local\Temp\ccYgedCd.s:18309  .debug_str:000000000000240a .LASF710
C:\Users\zero6575\AppData\Local\Temp\ccYgedCd.s:19455  .debug_str:0000000000005d76 .LASF711
C:\Users\zero6575\AppData\Local\Temp\ccYgedCd.s:21349  .debug_str:000000000000ba00 .LASF712
C:\Users\zero6575\AppData\Local\Temp\ccYgedCd.s:18335  .debug_str:0000000000002573 .LASF713
C:\Users\zero6575\AppData\Local\Temp\ccYgedCd.s:20213  .debug_str:000000000000821d .LASF714
C:\Users\zero6575\AppData\Local\Temp\ccYgedCd.s:21607  .debug_str:000000000000c677 .LASF715
C:\Users\zero6575\AppData\Local\Temp\ccYgedCd.s:20743  .debug_str:0000000000009d51 .LASF716
C:\Users\zero6575\AppData\Local\Temp\ccYgedCd.s:20647  .debug_str:00000000000098f9 .LASF717
C:\Users\zero6575\AppData\Local\Temp\ccYgedCd.s:21801  .debug_str:000000000000d03a .LASF718
C:\Users\zero6575\AppData\Local\Temp\ccYgedCd.s:21979  .debug_str:000000000000da06 .LASF719
C:\Users\zero6575\AppData\Local\Temp\ccYgedCd.s:21023  .debug_str:000000000000aa81 .LASF720
C:\Users\zero6575\AppData\Local\Temp\ccYgedCd.s:20953  .debug_str:000000000000a746 .LASF721
C:\Users\zero6575\AppData\Local\Temp\ccYgedCd.s:21011  .debug_str:000000000000aa04 .LASF722
C:\Users\zero6575\AppData\Local\Temp\ccYgedCd.s:19313  .debug_str:0000000000005784 .LASF723
C:\Users\zero6575\AppData\Local\Temp\ccYgedCd.s:18665  .debug_str:000000000000353d .LASF724
C:\Users\zero6575\AppData\Local\Temp\ccYgedCd.s:19307  .debug_str:0000000000005734 .LASF725
C:\Users\zero6575\AppData\Local\Temp\ccYgedCd.s:20685  .debug_str:0000000000009a84 .LASF726
C:\Users\zero6575\AppData\Local\Temp\ccYgedCd.s:21481  .debug_str:000000000000bfdf .LASF727
C:\Users\zero6575\AppData\Local\Temp\ccYgedCd.s:20781  .debug_str:0000000000009f3b .LASF728
C:\Users\zero6575\AppData\Local\Temp\ccYgedCd.s:19913  .debug_str:000000000000743c .LASF729
C:\Users\zero6575\AppData\Local\Temp\ccYgedCd.s:17901  .debug_str:0000000000000df9 .LASF730
C:\Users\zero6575\AppData\Local\Temp\ccYgedCd.s:19491  .debug_str:0000000000005f2b .LASF731
C:\Users\zero6575\AppData\Local\Temp\ccYgedCd.s:18251  .debug_str:0000000000002145 .LASF732
C:\Users\zero6575\AppData\Local\Temp\ccYgedCd.s:22053  .debug_str:000000000000dd89 .LASF733
C:\Users\zero6575\AppData\Local\Temp\ccYgedCd.s:21781  .debug_str:000000000000cf10 .LASF734
C:\Users\zero6575\AppData\Local\Temp\ccYgedCd.s:20865  .debug_str:000000000000a2f7 .LASF735
C:\Users\zero6575\AppData\Local\Temp\ccYgedCd.s:19951  .debug_str:0000000000007609 .LASF736
C:\Users\zero6575\AppData\Local\Temp\ccYgedCd.s:17749  .debug_str:0000000000000718 .LASF737
C:\Users\zero6575\AppData\Local\Temp\ccYgedCd.s:20513  .debug_str:000000000000920b .LASF738
C:\Users\zero6575\AppData\Local\Temp\ccYgedCd.s:20457  .debug_str:0000000000008ee2 .LASF739
C:\Users\zero6575\AppData\Local\Temp\ccYgedCd.s:19459  .debug_str:0000000000005da6 .LASF740
C:\Users\zero6575\AppData\Local\Temp\ccYgedCd.s:19485  .debug_str:0000000000005ecb .LASF741
C:\Users\zero6575\AppData\Local\Temp\ccYgedCd.s:21231  .debug_str:000000000000b37c .LASF742
C:\Users\zero6575\AppData\Local\Temp\ccYgedCd.s:18005  .debug_str:00000000000012b6 .LASF743
C:\Users\zero6575\AppData\Local\Temp\ccYgedCd.s:20553  .debug_str:0000000000009412 .LASF744
C:\Users\zero6575\AppData\Local\Temp\ccYgedCd.s:19587  .debug_str:0000000000006408 .LASF745
C:\Users\zero6575\AppData\Local\Temp\ccYgedCd.s:21971  .debug_str:000000000000d9a2 .LASF746
C:\Users\zero6575\AppData\Local\Temp\ccYgedCd.s:21207  .debug_str:000000000000b270 .LASF747
C:\Users\zero6575\AppData\Local\Temp\ccYgedCd.s:17881  .debug_str:0000000000000cfa .LASF748
C:\Users\zero6575\AppData\Local\Temp\ccYgedCd.s:20055  .debug_str:0000000000007ad3 .LASF749
C:\Users\zero6575\AppData\Local\Temp\ccYgedCd.s:18745  .debug_str:00000000000038ee .LASF750
C:\Users\zero6575\AppData\Local\Temp\ccYgedCd.s:18245  .debug_str:00000000000020ef .LASF751
C:\Users\zero6575\AppData\Local\Temp\ccYgedCd.s:21265  .debug_str:000000000000b540 .LASF752
C:\Users\zero6575\AppData\Local\Temp\ccYgedCd.s:21959  .debug_str:000000000000d8ee .LASF753
C:\Users\zero6575\AppData\Local\Temp\ccYgedCd.s:20691  .debug_str:0000000000009adc .LASF754
C:\Users\zero6575\AppData\Local\Temp\ccYgedCd.s:20431  .debug_str:0000000000008d0f .LASF755
C:\Users\zero6575\AppData\Local\Temp\ccYgedCd.s:17703  .debug_str:00000000000004d7 .LASF756
C:\Users\zero6575\AppData\Local\Temp\ccYgedCd.s:18847  .debug_str:0000000000003dda .LASF757
C:\Users\zero6575\AppData\Local\Temp\ccYgedCd.s:18349  .debug_str:000000000000260f .LASF758
C:\Users\zero6575\AppData\Local\Temp\ccYgedCd.s:20439  .debug_str:0000000000008dd3 .LASF759
C:\Users\zero6575\AppData\Local\Temp\ccYgedCd.s:20409  .debug_str:0000000000008c06 .LASF760
C:\Users\zero6575\AppData\Local\Temp\ccYgedCd.s:18283  .debug_str:00000000000022f1 .LASF761
C:\Users\zero6575\AppData\Local\Temp\ccYgedCd.s:21685  .debug_str:000000000000ca40 .LASF762
C:\Users\zero6575\AppData\Local\Temp\ccYgedCd.s:22123  .debug_str:000000000000e084 .LASF763
C:\Users\zero6575\AppData\Local\Temp\ccYgedCd.s:20273  .debug_str:0000000000008591 .LASF764
C:\Users\zero6575\AppData\Local\Temp\ccYgedCd.s:18103  .debug_str:00000000000016df .LASF765
C:\Users\zero6575\AppData\Local\Temp\ccYgedCd.s:19183  .debug_str:00000000000050e8 .LASF766
C:\Users\zero6575\AppData\Local\Temp\ccYgedCd.s:21963  .debug_str:000000000000d931 .LASF767
C:\Users\zero6575\AppData\Local\Temp\ccYgedCd.s:19967  .debug_str:00000000000076a3 .LASF768
C:\Users\zero6575\AppData\Local\Temp\ccYgedCd.s:20603  .debug_str:0000000000009695 .LASF769
C:\Users\zero6575\AppData\Local\Temp\ccYgedCd.s:19265  .debug_str:0000000000005598 .LASF770
C:\Users\zero6575\AppData\Local\Temp\ccYgedCd.s:21721  .debug_str:000000000000cbe8 .LASF771
C:\Users\zero6575\AppData\Local\Temp\ccYgedCd.s:18459  .debug_str:0000000000002b5c .LASF772
C:\Users\zero6575\AppData\Local\Temp\ccYgedCd.s:20501  .debug_str:000000000000917a .LASF773
C:\Users\zero6575\AppData\Local\Temp\ccYgedCd.s:18385  .debug_str:00000000000027d5 .LASF774
C:\Users\zero6575\AppData\Local\Temp\ccYgedCd.s:19157  .debug_str:0000000000004fdf .LASF775
C:\Users\zero6575\AppData\Local\Temp\ccYgedCd.s:17919  .debug_str:0000000000000f2f .LASF776
C:\Users\zero6575\AppData\Local\Temp\ccYgedCd.s:17715  .debug_str:000000000000057d .LASF777
C:\Users\zero6575\AppData\Local\Temp\ccYgedCd.s:21581  .debug_str:000000000000c505 .LASF778
C:\Users\zero6575\AppData\Local\Temp\ccYgedCd.s:19997  .debug_str:0000000000007858 .LASF779
C:\Users\zero6575\AppData\Local\Temp\ccYgedCd.s:18901  .debug_str:0000000000004149 .LASF780
C:\Users\zero6575\AppData\Local\Temp\ccYgedCd.s:18869  .debug_str:0000000000003f2b .LASF781
C:\Users\zero6575\AppData\Local\Temp\ccYgedCd.s:18469  .debug_str:0000000000002be5 .LASF782
C:\Users\zero6575\AppData\Local\Temp\ccYgedCd.s:20227  .debug_str:00000000000082d2 .LASF783
C:\Users\zero6575\AppData\Local\Temp\ccYgedCd.s:19233  .debug_str:0000000000005405 .LASF784
C:\Users\zero6575\AppData\Local\Temp\ccYgedCd.s:19829  .debug_str:000000000000702f .LASF785
C:\Users\zero6575\AppData\Local\Temp\ccYgedCd.s:18999  .debug_str:00000000000047fe .LASF786
C:\Users\zero6575\AppData\Local\Temp\ccYgedCd.s:20539  .debug_str:0000000000009360 .LASF787
C:\Users\zero6575\AppData\Local\Temp\ccYgedCd.s:20241  .debug_str:0000000000008431 .LASF788
C:\Users\zero6575\AppData\Local\Temp\ccYgedCd.s:18925  .debug_str:000000000000439e .LASF789
C:\Users\zero6575\AppData\Local\Temp\ccYgedCd.s:19211  .debug_str:00000000000052dd .LASF790
C:\Users\zero6575\AppData\Local\Temp\ccYgedCd.s:18381  .debug_str:000000000000276b .LASF791
C:\Users\zero6575\AppData\Local\Temp\ccYgedCd.s:19461  .debug_str:0000000000005dd0 .LASF792
C:\Users\zero6575\AppData\Local\Temp\ccYgedCd.s:18113  .debug_str:000000000000177e .LASF793
C:\Users\zero6575\AppData\Local\Temp\ccYgedCd.s:18863  .debug_str:0000000000003eca .LASF794
C:\Users\zero6575\AppData\Local\Temp\ccYgedCd.s:20955  .debug_str:000000000000a754 .LASF795
C:\Users\zero6575\AppData\Local\Temp\ccYgedCd.s:19647  .debug_str:0000000000006746 .LASF796
C:\Users\zero6575\AppData\Local\Temp\ccYgedCd.s:19141  .debug_str:0000000000004f45 .LASF797
C:\Users\zero6575\AppData\Local\Temp\ccYgedCd.s:19025  .debug_str:0000000000004919 .LASF803
C:\Users\zero6575\AppData\Local\Temp\ccYgedCd.s:20255  .debug_str:00000000000084fe .LASF804
C:\Users\zero6575\AppData\Local\Temp\ccYgedCd.s:20585  .debug_str:0000000000009596 .LASF805
C:\Users\zero6575\AppData\Local\Temp\ccYgedCd.s:18213  .debug_str:0000000000001f84 .LASF806
C:\Users\zero6575\AppData\Local\Temp\ccYgedCd.s:21811  .debug_str:000000000000d0dd .LASF807
C:\Users\zero6575\AppData\Local\Temp\ccYgedCd.s:18219  .debug_str:0000000000001fc3 .LASF808
C:\Users\zero6575\AppData\Local\Temp\ccYgedCd.s:18433  .debug_str:0000000000002a37 .LASF809
C:\Users\zero6575\AppData\Local\Temp\ccYgedCd.s:20427  .debug_str:0000000000008cfc .LASF810
C:\Users\zero6575\AppData\Local\Temp\ccYgedCd.s:18793  .debug_str:0000000000003b4c .LASF811
C:\Users\zero6575\AppData\Local\Temp\ccYgedCd.s:21623  .debug_str:000000000000c709 .LASF812
C:\Users\zero6575\AppData\Local\Temp\ccYgedCd.s:19065  .debug_str:0000000000004b95 .LASF813
C:\Users\zero6575\AppData\Local\Temp\ccYgedCd.s:18357  .debug_str:000000000000268a .LASF814
C:\Users\zero6575\AppData\Local\Temp\ccYgedCd.s:20601  .debug_str:0000000000009688 .LASF815
C:\Users\zero6575\AppData\Local\Temp\ccYgedCd.s:21643  .debug_str:000000000000c7e2 .LASF816
C:\Users\zero6575\AppData\Local\Temp\ccYgedCd.s:19103  .debug_str:0000000000004db1 .LASF817
C:\Users\zero6575\AppData\Local\Temp\ccYgedCd.s:20269  .debug_str:0000000000008574 .LASF818
C:\Users\zero6575\AppData\Local\Temp\ccYgedCd.s:18193  .debug_str:0000000000001bf9 .LASF819
C:\Users\zero6575\AppData\Local\Temp\ccYgedCd.s:19331  .debug_str:0000000000005859 .LASF820
C:\Users\zero6575\AppData\Local\Temp\ccYgedCd.s:20577  .debug_str:000000000000954b .LASF821
C:\Users\zero6575\AppData\Local\Temp\ccYgedCd.s:21527  .debug_str:000000000000c21a .LASF822
C:\Users\zero6575\AppData\Local\Temp\ccYgedCd.s:21177  .debug_str:000000000000b114 .LASF823
C:\Users\zero6575\AppData\Local\Temp\ccYgedCd.s:19883  .debug_str:0000000000007306 .LASF824
C:\Users\zero6575\AppData\Local\Temp\ccYgedCd.s:20075  .debug_str:0000000000007b8a .LASF825
C:\Users\zero6575\AppData\Local\Temp\ccYgedCd.s:19847  .debug_str:0000000000007137 .LASF826
C:\Users\zero6575\AppData\Local\Temp\ccYgedCd.s:19035  .debug_str:0000000000004979 .LASF827
C:\Users\zero6575\AppData\Local\Temp\ccYgedCd.s:22071  .debug_str:000000000000de6d .LASF828
C:\Users\zero6575\AppData\Local\Temp\ccYgedCd.s:19269  .debug_str:00000000000055ba .LASF829
C:\Users\zero6575\AppData\Local\Temp\ccYgedCd.s:21189  .debug_str:000000000000b1b5 .LASF830
C:\Users\zero6575\AppData\Local\Temp\ccYgedCd.s:21659  .debug_str:000000000000c886 .LASF831
C:\Users\zero6575\AppData\Local\Temp\ccYgedCd.s:21707  .debug_str:000000000000cb46 .LASF832
C:\Users\zero6575\AppData\Local\Temp\ccYgedCd.s:19865  .debug_str:00000000000071d5 .LASF833
C:\Users\zero6575\AppData\Local\Temp\ccYgedCd.s:21355  .debug_str:000000000000ba62 .LASF834
C:\Users\zero6575\AppData\Local\Temp\ccYgedCd.s:17695  .debug_str:0000000000000475 .LASF835
C:\Users\zero6575\AppData\Local\Temp\ccYgedCd.s:21655  .debug_str:000000000000c858 .LASF836
C:\Users\zero6575\AppData\Local\Temp\ccYgedCd.s:19653  .debug_str:00000000000067b8 .LASF837
C:\Users\zero6575\AppData\Local\Temp\ccYgedCd.s:18599  .debug_str:0000000000003233 .LASF838
C:\Users\zero6575\AppData\Local\Temp\ccYgedCd.s:20995  .debug_str:000000000000a927 .LASF839
C:\Users\zero6575\AppData\Local\Temp\ccYgedCd.s:21689  .debug_str:000000000000cab3 .LASF840
C:\Users\zero6575\AppData\Local\Temp\ccYgedCd.s:18001  .debug_str:0000000000001292 .LASF841
C:\Users\zero6575\AppData\Local\Temp\ccYgedCd.s:21555  .debug_str:000000000000c35e .LASF842
C:\Users\zero6575\AppData\Local\Temp\ccYgedCd.s:21617  .debug_str:000000000000c6e2 .LASF843
C:\Users\zero6575\AppData\Local\Temp\ccYgedCd.s:20053  .debug_str:0000000000007ab9 .LASF844
C:\Users\zero6575\AppData\Local\Temp\ccYgedCd.s:18653  .debug_str:00000000000034c7 .LASF845
C:\Users\zero6575\AppData\Local\Temp\ccYgedCd.s:18461  .debug_str:0000000000002b99 .LASF846
C:\Users\zero6575\AppData\Local\Temp\ccYgedCd.s:19547  .debug_str:000000000000625a .LASF847
C:\Users\zero6575\AppData\Local\Temp\ccYgedCd.s:20763  .debug_str:0000000000009e31 .LASF848
C:\Users\zero6575\AppData\Local\Temp\ccYgedCd.s:17853  .debug_str:0000000000000b66 .LASF849
C:\Users\zero6575\AppData\Local\Temp\ccYgedCd.s:19795  .debug_str:0000000000006eac .LASF850
C:\Users\zero6575\AppData\Local\Temp\ccYgedCd.s:18127  .debug_str:0000000000001848 .LASF851
C:\Users\zero6575\AppData\Local\Temp\ccYgedCd.s:18893  .debug_str:000000000000407e .LASF852
C:\Users\zero6575\AppData\Local\Temp\ccYgedCd.s:21255  .debug_str:000000000000b4ae .LASF853
C:\Users\zero6575\AppData\Local\Temp\ccYgedCd.s:17601  .debug_str:0000000000000056 .LASF854
C:\Users\zero6575\AppData\Local\Temp\ccYgedCd.s:22043  .debug_str:000000000000dd0a .LASF855
C:\Users\zero6575\AppData\Local\Temp\ccYgedCd.s:20895  .debug_str:000000000000a4f8 .LASF856
C:\Users\zero6575\AppData\Local\Temp\ccYgedCd.s:20493  .debug_str:00000000000090e9 .LASF857
C:\Users\zero6575\AppData\Local\Temp\ccYgedCd.s:21717  .debug_str:000000000000cbb8 .LASF858
C:\Users\zero6575\AppData\Local\Temp\ccYgedCd.s:21855  .debug_str:000000000000d458 .LASF859
C:\Users\zero6575\AppData\Local\Temp\ccYgedCd.s:20779  .debug_str:0000000000009f1d .LASF860
C:\Users\zero6575\AppData\Local\Temp\ccYgedCd.s:21563  .debug_str:000000000000c3ab .LASF861
C:\Users\zero6575\AppData\Local\Temp\ccYgedCd.s:17887  .debug_str:0000000000000d3d .LASF862
C:\Users\zero6575\AppData\Local\Temp\ccYgedCd.s:20623  .debug_str:0000000000009786 .LASF863
C:\Users\zero6575\AppData\Local\Temp\ccYgedCd.s:20323  .debug_str:000000000000882d .LASF864
C:\Users\zero6575\AppData\Local\Temp\ccYgedCd.s:18439  .debug_str:0000000000002a9a .LASF865
C:\Users\zero6575\AppData\Local\Temp\ccYgedCd.s:19495  .debug_str:0000000000005f6a .LASF866
C:\Users\zero6575\AppData\Local\Temp\ccYgedCd.s:18635  .debug_str:00000000000033ef .LASF867
C:\Users\zero6575\AppData\Local\Temp\ccYgedCd.s:21181  .debug_str:000000000000b151 .LASF873
C:\Users\zero6575\AppData\Local\Temp\ccYgedCd.s:18757  .debug_str:00000000000039b2 .LASF874
C:\Users\zero6575\AppData\Local\Temp\ccYgedCd.s:22051  .debug_str:000000000000dd7d .LASF875
C:\Users\zero6575\AppData\Local\Temp\ccYgedCd.s:19907  .debug_str:0000000000007416 .LASF876
C:\Users\zero6575\AppData\Local\Temp\ccYgedCd.s:22127  .debug_str:000000000000e0f4 .LASF877
C:\Users\zero6575\AppData\Local\Temp\ccYgedCd.s:20267  .debug_str:0000000000008568 .LASF878
C:\Users\zero6575\AppData\Local\Temp\ccYgedCd.s:20223  .debug_str:00000000000082b3 .LASF879
C:\Users\zero6575\AppData\Local\Temp\ccYgedCd.s:20747  .debug_str:0000000000009d7e .LASF880
C:\Users\zero6575\AppData\Local\Temp\ccYgedCd.s:18351  .debug_str:000000000000264d .LASF881
C:\Users\zero6575\AppData\Local\Temp\ccYgedCd.s:19075  .debug_str:0000000000004c63 .LASF882
C:\Users\zero6575\AppData\Local\Temp\ccYgedCd.s:19189  .debug_str:000000000000516e .LASF883
C:\Users\zero6575\AppData\Local\Temp\ccYgedCd.s:20563  .debug_str:00000000000094a0 .LASF884
C:\Users\zero6575\AppData\Local\Temp\ccYgedCd.s:21749  .debug_str:000000000000cd6b .LASF885
C:\Users\zero6575\AppData\Local\Temp\ccYgedCd.s:20721  .debug_str:0000000000009c76 .LASF886
C:\Users\zero6575\AppData\Local\Temp\ccYgedCd.s:20017  .debug_str:000000000000792d .LASF887
C:\Users\zero6575\AppData\Local\Temp\ccYgedCd.s:19343  .debug_str:00000000000058db .LASF888
C:\Users\zero6575\AppData\Local\Temp\ccYgedCd.s:18465  .debug_str:0000000000002bc6 .LASF889
C:\Users\zero6575\AppData\Local\Temp\ccYgedCd.s:20397  .debug_str:0000000000008b59 .LASF890
C:\Users\zero6575\AppData\Local\Temp\ccYgedCd.s:19643  .debug_str:0000000000006711 .LASF891
C:\Users\zero6575\AppData\Local\Temp\ccYgedCd.s:19633  .debug_str:0000000000006696 .LASF892
C:\Users\zero6575\AppData\Local\Temp\ccYgedCd.s:18097  .debug_str:000000000000169b .LASF893
C:\Users\zero6575\AppData\Local\Temp\ccYgedCd.s:21161  .debug_str:000000000000b07e .LASF894
C:\Users\zero6575\AppData\Local\Temp\ccYgedCd.s:21779  .debug_str:000000000000cefd .LASF895
C:\Users\zero6575\AppData\Local\Temp\ccYgedCd.s:21847  .debug_str:000000000000d40e .LASF896
C:\Users\zero6575\AppData\Local\Temp\ccYgedCd.s:19955  .debug_str:0000000000007636 .LASF897
C:\Users\zero6575\AppData\Local\Temp\ccYgedCd.s:21363  .debug_str:000000000000baba .LASF898
C:\Users\zero6575\AppData\Local\Temp\ccYgedCd.s:21385  .debug_str:000000000000bbaf .LASF899
C:\Users\zero6575\AppData\Local\Temp\ccYgedCd.s:21109  .debug_str:000000000000ae16 .LASF900
C:\Users\zero6575\AppData\Local\Temp\ccYgedCd.s:19031  .debug_str:000000000000495b .LASF901
C:\Users\zero6575\AppData\Local\Temp\ccYgedCd.s:21173  .debug_str:000000000000b0e8 .LASF902
C:\Users\zero6575\AppData\Local\Temp\ccYgedCd.s:19841  .debug_str:000000000000710a .LASF903
C:\Users\zero6575\AppData\Local\Temp\ccYgedCd.s:18403  .debug_str:00000000000028e1 .LASF904
C:\Users\zero6575\AppData\Local\Temp\ccYgedCd.s:18225  .debug_str:0000000000002009 .LASF905
C:\Users\zero6575\AppData\Local\Temp\ccYgedCd.s:18973  .debug_str:00000000000046e7 .LASF906
C:\Users\zero6575\AppData\Local\Temp\ccYgedCd.s:20597  .debug_str:0000000000009651 .LASF907
C:\Users\zero6575\AppData\Local\Temp\ccYgedCd.s:20693  .debug_str:0000000000009b28 .LASF908
C:\Users\zero6575\AppData\Local\Temp\ccYgedCd.s:20297  .debug_str:000000000000871e .LASF909
C:\Users\zero6575\AppData\Local\Temp\ccYgedCd.s:17759  .debug_str:00000000000007a8 .LASF910
C:\Users\zero6575\AppData\Local\Temp\ccYgedCd.s:19881  .debug_str:00000000000072e8 .LASF911
C:\Users\zero6575\AppData\Local\Temp\ccYgedCd.s:21863  .debug_str:000000000000d4da .LASF912
C:\Users\zero6575\AppData\Local\Temp\ccYgedCd.s:21505  .debug_str:000000000000c0f4 .LASF913
C:\Users\zero6575\AppData\Local\Temp\ccYgedCd.s:19925  .debug_str:00000000000074c6 .LASF914
C:\Users\zero6575\AppData\Local\Temp\ccYgedCd.s:17633  .debug_str:00000000000001a3 .LASF915
C:\Users\zero6575\AppData\Local\Temp\ccYgedCd.s:20999  .debug_str:000000000000a957 .LASF916
C:\Users\zero6575\AppData\Local\Temp\ccYgedCd.s:20361  .debug_str:00000000000089c2 .LASF917
C:\Users\zero6575\AppData\Local\Temp\ccYgedCd.s:19747  .debug_str:0000000000006c09 .LASF918
C:\Users\zero6575\AppData\Local\Temp\ccYgedCd.s:21795  .debug_str:000000000000cfee .LASF919
C:\Users\zero6575\AppData\Local\Temp\ccYgedCd.s:20515  .debug_str:000000000000922c .LASF920
C:\Users\zero6575\AppData\Local\Temp\ccYgedCd.s:20019  .debug_str:000000000000793c .LASF922
C:\Users\zero6575\AppData\Local\Temp\ccYgedCd.s:18535  .debug_str:0000000000002f16 .LASF923
C:\Users\zero6575\AppData\Local\Temp\ccYgedCd.s:17805  .debug_str:00000000000009b8 .LASF925
C:\Users\zero6575\AppData\Local\Temp\ccYgedCd.s:20695  .debug_str:0000000000009b4a .LASF926
C:\Users\zero6575\AppData\Local\Temp\ccYgedCd.s:18647  .debug_str:0000000000003485 .LASF928
C:\Users\zero6575\AppData\Local\Temp\ccYgedCd.s:19275  .debug_str:00000000000055f4 .LASF929
C:\Users\zero6575\AppData\Local\Temp\ccYgedCd.s:21629  .debug_str:000000000000c74a .LASF931
C:\Users\zero6575\AppData\Local\Temp\ccYgedCd.s:18831  .debug_str:0000000000003d29 .LASF932
C:\Users\zero6575\AppData\Local\Temp\ccYgedCd.s:18065  .debug_str:0000000000001544 .LASF933
C:\Users\zero6575\AppData\Local\Temp\ccYgedCd.s:18905  .debug_str:00000000000041a0 .LASF934
C:\Users\zero6575\AppData\Local\Temp\ccYgedCd.s:18983  .debug_str:0000000000004746 .LASF935
C:\Users\zero6575\AppData\Local\Temp\ccYgedCd.s:18661  .debug_str:0000000000003523 .LASF936
C:\Users\zero6575\AppData\Local\Temp\ccYgedCd.s:21755  .debug_str:000000000000cda8 .LASF937
C:\Users\zero6575\AppData\Local\Temp\ccYgedCd.s:17917  .debug_str:0000000000000f18 .LASF938
C:\Users\zero6575\AppData\Local\Temp\ccYgedCd.s:18589  .debug_str:00000000000031b7 .LASF939
C:\Users\zero6575\AppData\Local\Temp\ccYgedCd.s:17907  .debug_str:0000000000000e62 .LASF940
C:\Users\zero6575\AppData\Local\Temp\ccYgedCd.s:18939  .debug_str:00000000000044ef .LASF941
C:\Users\zero6575\AppData\Local\Temp\ccYgedCd.s:21127  .debug_str:000000000000aed9 .LASF942
C:\Users\zero6575\AppData\Local\Temp\ccYgedCd.s:21063  .debug_str:000000000000ac3d .LASF943
C:\Users\zero6575\AppData\Local\Temp\ccYgedCd.s:18289  .debug_str:0000000000002330 .LASF944
C:\Users\zero6575\AppData\Local\Temp\ccYgedCd.s:21317  .debug_str:000000000000b85c .LASF945
C:\Users\zero6575\AppData\Local\Temp\ccYgedCd.s:19273  .debug_str:00000000000055da .LASF946
C:\Users\zero6575\AppData\Local\Temp\ccYgedCd.s:20389  .debug_str:0000000000008b16 .LASF947
C:\Users\zero6575\AppData\Local\Temp\ccYgedCd.s:20823  .debug_str:000000000000a102 .LASF950
C:\Users\zero6575\AppData\Local\Temp\ccYgedCd.s:22091  .debug_str:000000000000df4b .LASF951
C:\Users\zero6575\AppData\Local\Temp\ccYgedCd.s:19761  .debug_str:0000000000006cc6 .LASF952
C:\Users\zero6575\AppData\Local\Temp\ccYgedCd.s:18241  .debug_str:00000000000020c9 .LASF953
C:\Users\zero6575\AppData\Local\Temp\ccYgedCd.s:20509  .debug_str:00000000000091ef .LASF954
C:\Users\zero6575\AppData\Local\Temp\ccYgedCd.s:18809  .debug_str:0000000000003c12 .LASF955
C:\Users\zero6575\AppData\Local\Temp\ccYgedCd.s:21237  .debug_str:000000000000b3bf .LASF956
C:\Users\zero6575\AppData\Local\Temp\ccYgedCd.s:20155  .debug_str:0000000000007ee8 .LASF957
C:\Users\zero6575\AppData\Local\Temp\ccYgedCd.s:20229  .debug_str:00000000000082f7 .LASF958
C:\Users\zero6575\AppData\Local\Temp\ccYgedCd.s:19039  .debug_str:000000000000499b .LASF959
C:\Users\zero6575\AppData\Local\Temp\ccYgedCd.s:19385  .debug_str:0000000000005a90 .LASF962
C:\Users\zero6575\AppData\Local\Temp\ccYgedCd.s:21297  .debug_str:000000000000b725 .LASF963
C:\Users\zero6575\AppData\Local\Temp\ccYgedCd.s:18243  .debug_str:00000000000020db .LASF964
C:\Users\zero6575\AppData\Local\Temp\ccYgedCd.s:19845  .debug_str:0000000000007124 .LASF965
C:\Users\zero6575\AppData\Local\Temp\ccYgedCd.s:21337  .debug_str:000000000000b96e .LASF966
C:\Users\zero6575\AppData\Local\Temp\ccYgedCd.s:19753  .debug_str:0000000000006c5b .LASF967
C:\Users\zero6575\AppData\Local\Temp\ccYgedCd.s:18997  .debug_str:00000000000047dc .LASF968
C:\Users\zero6575\AppData\Local\Temp\ccYgedCd.s:18175  .debug_str:0000000000001b22 .LASF969
C:\Users\zero6575\AppData\Local\Temp\ccYgedCd.s:18743  .debug_str:00000000000038aa .LASF970
C:\Users\zero6575\AppData\Local\Temp\ccYgedCd.s:18267  .debug_str:00000000000021fd .LASF971
C:\Users\zero6575\AppData\Local\Temp\ccYgedCd.s:18931  .debug_str:0000000000004454 .LASF972
C:\Users\zero6575\AppData\Local\Temp\ccYgedCd.s:18953  .debug_str:00000000000045a0 .LASF973
C:\Users\zero6575\AppData\Local\Temp\ccYgedCd.s:17801  .debug_str:000000000000099d .LASF974
C:\Users\zero6575\AppData\Local\Temp\ccYgedCd.s:17815  .debug_str:0000000000000a0d .LASF975
C:\Users\zero6575\AppData\Local\Temp\ccYgedCd.s:19939  .debug_str:000000000000758d .LASF976
C:\Users\zero6575\AppData\Local\Temp\ccYgedCd.s:19187  .debug_str:0000000000005159 .LASF977
C:\Users\zero6575\AppData\Local\Temp\ccYgedCd.s:21865  .debug_str:000000000000d4fd .LASF978
C:\Users\zero6575\AppData\Local\Temp\ccYgedCd.s:21213  .debug_str:000000000000b2ab .LASF979
C:\Users\zero6575\AppData\Local\Temp\ccYgedCd.s:20715  .debug_str:0000000000009c39 .LASF980
C:\Users\zero6575\AppData\Local\Temp\ccYgedCd.s:18345  .debug_str:00000000000025e0 .LASF981
C:\Users\zero6575\AppData\Local\Temp\ccYgedCd.s:19041  .debug_str:0000000000004a6b .LASF982
C:\Users\zero6575\AppData\Local\Temp\ccYgedCd.s:21809  .debug_str:000000000000d0c9 .LASF983
C:\Users\zero6575\AppData\Local\Temp\ccYgedCd.s:17939  .debug_str:0000000000001000 .LASF984
C:\Users\zero6575\AppData\Local\Temp\ccYgedCd.s:20113  .debug_str:0000000000007d3a .LASF985
C:\Users\zero6575\AppData\Local\Temp\ccYgedCd.s:20727  .debug_str:0000000000009ca8 .LASF986
C:\Users\zero6575\AppData\Local\Temp\ccYgedCd.s:18275  .debug_str:000000000000228d .LASF987
C:\Users\zero6575\AppData\Local\Temp\ccYgedCd.s:20117  .debug_str:0000000000007d5b .LASF988
C:\Users\zero6575\AppData\Local\Temp\ccYgedCd.s:19115  .debug_str:0000000000004e2b .LASF989
C:\Users\zero6575\AppData\Local\Temp\ccYgedCd.s:18353  .debug_str:0000000000002659 .LASF990
C:\Users\zero6575\AppData\Local\Temp\ccYgedCd.s:19243  .debug_str:0000000000005497 .LASF991
C:\Users\zero6575\AppData\Local\Temp\ccYgedCd.s:21381  .debug_str:000000000000bb7e .LASF992
C:\Users\zero6575\AppData\Local\Temp\ccYgedCd.s:19823  .debug_str:0000000000006ff1 .LASF993
C:\Users\zero6575\AppData\Local\Temp\ccYgedCd.s:20193  .debug_str:0000000000008149 .LASF994
C:\Users\zero6575\AppData\Local\Temp\ccYgedCd.s:20851  .debug_str:000000000000a257 .LASF995
C:\Users\zero6575\AppData\Local\Temp\ccYgedCd.s:20821  .debug_str:000000000000a0f1 .LASF996
C:\Users\zero6575\AppData\Local\Temp\ccYgedCd.s:19225  .debug_str:00000000000053b7 .LASF997
C:\Users\zero6575\AppData\Local\Temp\ccYgedCd.s:18959  .debug_str:000000000000463f .LASF998
C:\Users\zero6575\AppData\Local\Temp\ccYgedCd.s:19917  .debug_str:0000000000007479 .LASF999
C:\Users\zero6575\AppData\Local\Temp\ccYgedCd.s:21389  .debug_str:000000000000bbce .LASF1000
C:\Users\zero6575\AppData\Local\Temp\ccYgedCd.s:22045  .debug_str:000000000000dd20 .LASF1001
C:\Users\zero6575\AppData\Local\Temp\ccYgedCd.s:19749  .debug_str:0000000000006c35 .LASF1002
C:\Users\zero6575\AppData\Local\Temp\ccYgedCd.s:21515  .debug_str:000000000000c184 .LASF1003
C:\Users\zero6575\AppData\Local\Temp\ccYgedCd.s:20807  .debug_str:000000000000a05a .LASF1004
C:\Users\zero6575\AppData\Local\Temp\ccYgedCd.s:18711  .debug_str:000000000000379f .LASF1005
C:\Users\zero6575\AppData\Local\Temp\ccYgedCd.s:20503  .debug_str:00000000000091bd .LASF1007
C:\Users\zero6575\AppData\Local\Temp\ccYgedCd.s:19571  .debug_str:000000000000636e .LASF1008
C:\Users\zero6575\AppData\Local\Temp\ccYgedCd.s:20377  .debug_str:0000000000008a6e .LASF1009
C:\Users\zero6575\AppData\Local\Temp\ccYgedCd.s:21669  .debug_str:000000000000c91a .LASF1010
C:\Users\zero6575\AppData\Local\Temp\ccYgedCd.s:18053  .debug_str:00000000000014d3 .LASF1011
C:\Users\zero6575\AppData\Local\Temp\ccYgedCd.s:19713  .debug_str:0000000000006a97 .LASF1012
C:\Users\zero6575\AppData\Local\Temp\ccYgedCd.s:18037  .debug_str:0000000000001432 .LASF1013
C:\Users\zero6575\AppData\Local\Temp\ccYgedCd.s:20605  .debug_str:00000000000096b5 .LASF1014
C:\Users\zero6575\AppData\Local\Temp\ccYgedCd.s:19709  .debug_str:0000000000006a6e .LASF1015
C:\Users\zero6575\AppData\Local\Temp\ccYgedCd.s:21429  .debug_str:000000000000bd83 .LASF1016
C:\Users\zero6575\AppData\Local\Temp\ccYgedCd.s:21417  .debug_str:000000000000bcea .LASF1017
C:\Users\zero6575\AppData\Local\Temp\ccYgedCd.s:22015  .debug_str:000000000000dba4 .LASF1018
C:\Users\zero6575\AppData\Local\Temp\ccYgedCd.s:20657  .debug_str:0000000000009952 .LASF1019
C:\Users\zero6575\AppData\Local\Temp\ccYgedCd.s:22161  .debug_str:000000000000e2a6 .LASF1022
C:\Users\zero6575\AppData\Local\Temp\ccYgedCd.s:21825  .debug_str:000000000000d1bd .LASF1023
C:\Users\zero6575\AppData\Local\Temp\ccYgedCd.s:22007  .debug_str:000000000000db10 .LASF1024
C:\Users\zero6575\AppData\Local\Temp\ccYgedCd.s:20001  .debug_str:0000000000007887 .LASF1025
C:\Users\zero6575\AppData\Local\Temp\ccYgedCd.s:19503  .debug_str:0000000000005fcf .LASF1026
C:\Users\zero6575\AppData\Local\Temp\ccYgedCd.s:18547  .debug_str:0000000000002f91 .LASF1027
C:\Users\zero6575\AppData\Local\Temp\ccYgedCd.s:19685  .debug_str:000000000000694b .LASF1028
C:\Users\zero6575\AppData\Local\Temp\ccYgedCd.s:19293  .debug_str:00000000000056ba .LASF1029
C:\Users\zero6575\AppData\Local\Temp\ccYgedCd.s:21119  .debug_str:000000000000ae8c .LASF1030
C:\Users\zero6575\AppData\Local\Temp\ccYgedCd.s:19961  .debug_str:0000000000007673 .LASF1031
C:\Users\zero6575\AppData\Local\Temp\ccYgedCd.s:21419  .debug_str:000000000000bd24 .LASF1032
C:\Users\zero6575\AppData\Local\Temp\ccYgedCd.s:20855  .debug_str:000000000000a284 .LASF1033
C:\Users\zero6575\AppData\Local\Temp\ccYgedCd.s:18379  .debug_str:000000000000275d .LASF1034
C:\Users\zero6575\AppData\Local\Temp\ccYgedCd.s:20681  .debug_str:0000000000009a62 .LASF1035
C:\Users\zero6575\AppData\Local\Temp\ccYgedCd.s:21591  .debug_str:000000000000c5a3 .LASF1036
C:\Users\zero6575\AppData\Local\Temp\ccYgedCd.s:17619  .debug_str:0000000000000115 .LASF1037
C:\Users\zero6575\AppData\Local\Temp\ccYgedCd.s:22025  .debug_str:000000000000dc2a .LASF1038
C:\Users\zero6575\AppData\Local\Temp\ccYgedCd.s:17935  .debug_str:0000000000000fdb .LASF1039
C:\Users\zero6575\AppData\Local\Temp\ccYgedCd.s:21885  .debug_str:000000000000d5d1 .LASF1040
C:\Users\zero6575\AppData\Local\Temp\ccYgedCd.s:19981  .debug_str:00000000000077d5 .LASF1041
C:\Users\zero6575\AppData\Local\Temp\ccYgedCd.s:19923  .debug_str:00000000000074bd .LASF1042
C:\Users\zero6575\AppData\Local\Temp\ccYgedCd.s:21817  .debug_str:000000000000d10f .LASF1043
C:\Users\zero6575\AppData\Local\Temp\ccYgedCd.s:19021  .debug_str:00000000000048fd .LASF1044
C:\Users\zero6575\AppData\Local\Temp\ccYgedCd.s:18009  .debug_str:00000000000012e4 .LASF1045
C:\Users\zero6575\AppData\Local\Temp\ccYgedCd.s:18857  .debug_str:0000000000003e90 .LASF1046
C:\Users\zero6575\AppData\Local\Temp\ccYgedCd.s:20883  .debug_str:000000000000a48e .LASF1047
C:\Users\zero6575\AppData\Local\Temp\ccYgedCd.s:22011  .debug_str:000000000000db74 .LASF1048
C:\Users\zero6575\AppData\Local\Temp\ccYgedCd.s:18287  .debug_str:000000000000231a .LASF1049
C:\Users\zero6575\AppData\Local\Temp\ccYgedCd.s:18455  .debug_str:0000000000002b3d .LASF1050
C:\Users\zero6575\AppData\Local\Temp\ccYgedCd.s:17947  .debug_str:0000000000001051 .LASF1051
C:\Users\zero6575\AppData\Local\Temp\ccYgedCd.s:21989  .debug_str:000000000000da6d .LASF1052
C:\Users\zero6575\AppData\Local\Temp\ccYgedCd.s:19799  .debug_str:0000000000006ee1 .LASF1053
C:\Users\zero6575\AppData\Local\Temp\ccYgedCd.s:18003  .debug_str:00000000000012ab .LASF1054
C:\Users\zero6575\AppData\Local\Temp\ccYgedCd.s:20339  .debug_str:00000000000088e7 .LASF1055
C:\Users\zero6575\AppData\Local\Temp\ccYgedCd.s:18229  .debug_str:0000000000002032 .LASF1056
C:\Users\zero6575\AppData\Local\Temp\ccYgedCd.s:18359  .debug_str:0000000000002696 .LASF1057
C:\Users\zero6575\AppData\Local\Temp\ccYgedCd.s:18217  .debug_str:0000000000001fa9 .LASF1058
C:\Users\zero6575\AppData\Local\Temp\ccYgedCd.s:21933  .debug_str:000000000000d7c2 .LASF1059
C:\Users\zero6575\AppData\Local\Temp\ccYgedCd.s:22153  .debug_str:000000000000e248 .LASF1060
C:\Users\zero6575\AppData\Local\Temp\ccYgedCd.s:18817  .debug_str:0000000000003c64 .LASF1061
C:\Users\zero6575\AppData\Local\Temp\ccYgedCd.s:21267  .debug_str:000000000000b573 .LASF1062
C:\Users\zero6575\AppData\Local\Temp\ccYgedCd.s:19867  .debug_str:00000000000071eb .LASF1063
C:\Users\zero6575\AppData\Local\Temp\ccYgedCd.s:19695  .debug_str:00000000000069ad .LASF1064
C:\Users\zero6575\AppData\Local\Temp\ccYgedCd.s:18495  .debug_str:0000000000002d0f .LASF1065
C:\Users\zero6575\AppData\Local\Temp\ccYgedCd.s:19629  .debug_str:000000000000665e .LASF1066
C:\Users\zero6575\AppData\Local\Temp\ccYgedCd.s:17665  .debug_str:00000000000002ec .LASF1067
C:\Users\zero6575\AppData\Local\Temp\ccYgedCd.s:18325  .debug_str:00000000000024e5 .LASF1068
C:\Users\zero6575\AppData\Local\Temp\ccYgedCd.s:21275  .debug_str:000000000000b5f6 .LASF1069
C:\Users\zero6575\AppData\Local\Temp\ccYgedCd.s:20463  .debug_str:0000000000008f74 .LASF1070
C:\Users\zero6575\AppData\Local\Temp\ccYgedCd.s:21823  .debug_str:000000000000d192 .LASF1071
C:\Users\zero6575\AppData\Local\Temp\ccYgedCd.s:19787  .debug_str:0000000000006ded .LASF1072
C:\Users\zero6575\AppData\Local\Temp\ccYgedCd.s:18485  .debug_str:0000000000002c9f .LASF1073
C:\Users\zero6575\AppData\Local\Temp\ccYgedCd.s:21583  .debug_str:000000000000c520 .LASF1076
C:\Users\zero6575\AppData\Local\Temp\ccYgedCd.s:21935  .debug_str:000000000000d7de .LASF1077
C:\Users\zero6575\AppData\Local\Temp\ccYgedCd.s:20087  .debug_str:0000000000007c24 .LASF1080
C:\Users\zero6575\AppData\Local\Temp\ccYgedCd.s:20529  .debug_str:00000000000092e8 .LASF1081
C:\Users\zero6575\AppData\Local\Temp\ccYgedCd.s:17799  .debug_str:0000000000000981 .LASF1082
C:\Users\zero6575\AppData\Local\Temp\ccYgedCd.s:20479  .debug_str:0000000000009058 .LASF1083
C:\Users\zero6575\AppData\Local\Temp\ccYgedCd.s:20465  .debug_str:0000000000008f9b .LASF1084
C:\Users\zero6575\AppData\Local\Temp\ccYgedCd.s:18323  .debug_str:00000000000024b0 .LASF1085
C:\Users\zero6575\AppData\Local\Temp\ccYgedCd.s:20399  .debug_str:0000000000008b68 .LASF1086
C:\Users\zero6575\AppData\Local\Temp\ccYgedCd.s:20013  .debug_str:0000000000007912 .LASF1092
C:\Users\zero6575\AppData\Local\Temp\ccYgedCd.s:20581  .debug_str:000000000000956b .LASF1093
C:\Users\zero6575\AppData\Local\Temp\ccYgedCd.s:21931  .debug_str:000000000000d7b1 .LASF1094
C:\Users\zero6575\AppData\Local\Temp\ccYgedCd.s:21787  .debug_str:000000000000cf99 .LASF1095
C:\Users\zero6575\AppData\Local\Temp\ccYgedCd.s:17925  .debug_str:0000000000000f6d .LASF1096
C:\Users\zero6575\AppData\Local\Temp\ccYgedCd.s:21019  .debug_str:000000000000aa5a .LASF1097
C:\Users\zero6575\AppData\Local\Temp\ccYgedCd.s:18457  .debug_str:0000000000002b4d .LASF1098
C:\Users\zero6575\AppData\Local\Temp\ccYgedCd.s:20455  .debug_str:0000000000008ecc .LASF1099
C:\Users\zero6575\AppData\Local\Temp\ccYgedCd.s:18423  .debug_str:00000000000029dd .LASF1100
C:\Users\zero6575\AppData\Local\Temp\ccYgedCd.s:18593  .debug_str:00000000000031d8 .LASF1101
C:\Users\zero6575\AppData\Local\Temp\ccYgedCd.s:19851  .debug_str:0000000000007168 .LASF1102
C:\Users\zero6575\AppData\Local\Temp\ccYgedCd.s:19411  .debug_str:0000000000005be4 .LASF1103
C:\Users\zero6575\AppData\Local\Temp\ccYgedCd.s:18463  .debug_str:0000000000002bb3 .LASF1104
C:\Users\zero6575\AppData\Local\Temp\ccYgedCd.s:18787  .debug_str:0000000000003b0a .LASF1105
C:\Users\zero6575\AppData\Local\Temp\ccYgedCd.s:20791  .debug_str:0000000000009fd4 .LASF1108
C:\Users\zero6575\AppData\Local\Temp\ccYgedCd.s:21713  .debug_str:000000000000cb83 .LASF1109
C:\Users\zero6575\AppData\Local\Temp\ccYgedCd.s:20137  .debug_str:0000000000007e2f .LASF1110
C:\Users\zero6575\AppData\Local\Temp\ccYgedCd.s:21565  .debug_str:000000000000c460 .LASF1119
C:\Users\zero6575\AppData\Local\Temp\ccYgedCd.s:18089  .debug_str:0000000000001639 .LASF1120
C:\Users\zero6575\AppData\Local\Temp\ccYgedCd.s:20443  .debug_str:0000000000008e45 .LASF1121
C:\Users\zero6575\AppData\Local\Temp\ccYgedCd.s:19247  .debug_str:00000000000054b9 .LASF1123
C:\Users\zero6575\AppData\Local\Temp\ccYgedCd.s:20697  .debug_str:0000000000009b5a .LASF1124
C:\Users\zero6575\AppData\Local\Temp\ccYgedCd.s:18273  .debug_str:0000000000002274 .LASF1125
C:\Users\zero6575\AppData\Local\Temp\ccYgedCd.s:19903  .debug_str:00000000000073e8 .LASF1126
C:\Users\zero6575\AppData\Local\Temp\ccYgedCd.s:17849  .debug_str:0000000000000b46 .LASF1127
C:\Users\zero6575\AppData\Local\Temp\ccYgedCd.s:19665  .debug_str:0000000000006872 .LASF1128
C:\Users\zero6575\AppData\Local\Temp\ccYgedCd.s:19989  .debug_str:000000000000781d .LASF1129
C:\Users\zero6575\AppData\Local\Temp\ccYgedCd.s:20291  .debug_str:00000000000086cd .LASF1130
C:\Users\zero6575\AppData\Local\Temp\ccYgedCd.s:19105  .debug_str:0000000000004dc2 .LASF1131
C:\Users\zero6575\AppData\Local\Temp\ccYgedCd.s:18879  .debug_str:0000000000003fb3 .LASF1132
C:\Users\zero6575\AppData\Local\Temp\ccYgedCd.s:20671  .debug_str:00000000000099f0 .LASF1133
C:\Users\zero6575\AppData\Local\Temp\ccYgedCd.s:21351  .debug_str:000000000000ba19 .LASF1134
C:\Users\zero6575\AppData\Local\Temp\ccYgedCd.s:21797  .debug_str:000000000000d012 .LASF1135
C:\Users\zero6575\AppData\Local\Temp\ccYgedCd.s:20039  .debug_str:0000000000007a2b .LASF1136
C:\Users\zero6575\AppData\Local\Temp\ccYgedCd.s:22031  .debug_str:000000000000dc69 .LASF1137
C:\Users\zero6575\AppData\Local\Temp\ccYgedCd.s:18281  .debug_str:00000000000022d4 .LASF1138
C:\Users\zero6575\AppData\Local\Temp\ccYgedCd.s:21377  .debug_str:000000000000bb35 .LASF1139
C:\Users\zero6575\AppData\Local\Temp\ccYgedCd.s:17923  .debug_str:0000000000000f42 .LASF1140
C:\Users\zero6575\AppData\Local\Temp\ccYgedCd.s:21631  .debug_str:000000000000c75e .LASF1144
C:\Users\zero6575\AppData\Local\Temp\ccYgedCd.s:20145  .debug_str:0000000000007e8e .LASF1145
C:\Users\zero6575\AppData\Local\Temp\ccYgedCd.s:18227  .debug_str:000000000000201e .LASF1146
C:\Users\zero6575\AppData\Local\Temp\ccYgedCd.s:20249  .debug_str:00000000000084d0 .LASF1147
C:\Users\zero6575\AppData\Local\Temp\ccYgedCd.s:21859  .debug_str:000000000000d4af .LASF1148
C:\Users\zero6575\AppData\Local\Temp\ccYgedCd.s:19877  .debug_str:00000000000072bf .LASF1149
C:\Users\zero6575\AppData\Local\Temp\ccYgedCd.s:21693  .debug_str:000000000000cad4 .LASF1150
C:\Users\zero6575\AppData\Local\Temp\ccYgedCd.s:17743  .debug_str:00000000000006e1 .LASF1151
C:\Users\zero6575\AppData\Local\Temp\ccYgedCd.s:18195  .debug_str:0000000000001c06 .LASF1152
C:\Users\zero6575\AppData\Local\Temp\ccYgedCd.s:18575  .debug_str:0000000000003102 .LASF1153
C:\Users\zero6575\AppData\Local\Temp\ccYgedCd.s:19863  .debug_str:00000000000071c6 .LASF1154
C:\Users\zero6575\AppData\Local\Temp\ccYgedCd.s:20943  .debug_str:000000000000a6f5 .LASF1155
C:\Users\zero6575\AppData\Local\Temp\ccYgedCd.s:21463  .debug_str:000000000000bf01 .LASF1156
C:\Users\zero6575\AppData\Local\Temp\ccYgedCd.s:18613  .debug_str:00000000000032f1 .LASF1157
                           .group:0000000000000000 wm4.0.29db371e8b94e604acd9f4c2cef2c360
                           .group:0000000000000000 wm4.stdbool.h.29.07dce69c3b78884144b7f7bd19483461
                           .group:0000000000000000 wm4._newlib_version.h.4.9ba035841e762c3308916a0ce96032e7
                           .group:0000000000000000 wm4.features.h.33.318b64d71e0957639cfb30f1db1f7ec8
                           .group:0000000000000000 wm4._default_types.h.15.61e9869194cab90bdfa4c7fc42203a0e
                           .group:0000000000000000 wm4._intsup.h.10.b28b45fc63caeb010c3f7ee592257700
                           .group:0000000000000000 wm4._stdint.h.10.c24fa3af3bc1706662bb5593a907e841
                           .group:0000000000000000 wm4.stdint.h.23.d53047a68f4a85177f80b422d52785ed
                           .group:0000000000000000 wm4.newlib.h.8.19af3a34a60c4846725bb1239b4fa5a2
                           .group:0000000000000000 wm4.ieeefp.h.195.a810689bf65b84f4ad2c33b483468c94
                           .group:0000000000000000 wm4.config.h.83.0359905d884ebfe41c79e1d7c780ef62
                           .group:0000000000000000 wm4._ansi.h.31.de524f58584151836e90d8620a16f8e8
                           .group:0000000000000000 wm4.stddef.h.39.a38874c8f8a57e66301090908ec2a69f
                           .group:0000000000000000 wm4._types.h.20.dd0d04dca3800a0d2a6129b87f3adbb2
                           .group:0000000000000000 wm4.stddef.h.161.5349cb105733e8777bfb0cf53c4e3f34
                           .group:0000000000000000 wm4._types.h.127.c5cfac939eadb83d223592dbacad7524
                           .group:0000000000000000 wm4.reent.h.17.487f8c1f76499d088b190f62530a0034
                           .group:0000000000000000 wm4.lock.h.2.c0958401bd0ce484d507ee19aacab817
                           .group:0000000000000000 wm4.reent.h.77.1187f1075ff88452c642b29ed9a9030d
                           .group:0000000000000000 wm4.cdefs.h.49.6260d97adb8d27534cbdc0f868b8ea87
                           .group:0000000000000000 wm4.string.h.15.dab3980bf35408a4c507182805e2de3a
                           .group:0000000000000000 wm4.stddef.h.161.19e15733342b50ead2919490b095303e
                           .group:0000000000000000 wm4.config.h.26.7d29d642a1ea34b87c56286f7235559f
                           .group:0000000000000000 wm4.bacdef.h.39.fcafd78d88dce17b2448edf8931b63fd
                           .group:0000000000000000 wm4.bits.h.25.f9e0c31c04958f93c399d58693ab7d13
                           .group:0000000000000000 wm4.bacdcode.h.417.fde53433a4e8c8179dfc8de0f5c0b6ae
                           .group:0000000000000000 wm4.stdio.h.27.3fc80220048df77954e38daec3bb9670
                           .group:0000000000000000 wm4.stdarg.h.34.3a23a216c0c293b3d2ea2e89281481e6
                           .group:0000000000000000 wm4.types.h.40.8b6acba56cefbb11746718204edc8f5e
                           .group:0000000000000000 wm4._endian.h.18.1bf9649e8e5bbc91042012680270b9ed
                           .group:0000000000000000 wm4.endian.h.9.49f3a4695c1b61e8a0808de3c4a106cb
                           .group:0000000000000000 wm4._timeval.h.30.0e8bfd94e85db17dda3286ee81496fe6
                           .group:0000000000000000 wm4.timespec.h.41.d855182eb0e690443ab8651bcedca6e1
                           .group:0000000000000000 wm4.select.h.19.97ca6fd0c752a0f3b6719fd314d361e6
                           .group:0000000000000000 wm4.types.h.51.5571ec98f267d17d3c670b7a3ba33afa
                           .group:0000000000000000 wm4.sched.h.22.c60982713a5c428609783c78f9c78d95
                           .group:0000000000000000 wm4._pthreadtypes.h.36.fcee9961c35163dde6267ef772ad1972
                           .group:0000000000000000 wm4.stdio.h.2.4aa87247282eca6c8f36f9de33d8df1a
                           .group:0000000000000000 wm4.stdio.h.81.60a2ded7dae310b81f9d6907fe5e3dbf
                           .group:0000000000000000 wm4.bacapp.h.236.6ce9e612c7ada80feb9f3b2b0c328626
                           .group:0000000000000000 wm4.version.h.25.02f7ae4a336508fa421ce2ed8b3a4b71
                           .group:0000000000000000 wm4.readrange.h.25.7abf91243fb39ecb991c7216a42716c0
                           .group:0000000000000000 wm4.device.h.170.a251ce7da15aed1e46d1ea618b9629ed
                           .group:0000000000000000 wm4.npdu.h.25.6a3a449fc578b15b3d0db2c6a4da7956
                           .group:0000000000000000 wm4.bip.h.35.ed002c5cfc52434a2e46d3f82d276677
                           .group:0000000000000000 wm4.time.h.8.db4619001f026d0b4874c029fef0e91f
                           .group:0000000000000000 wm4.time.h.2.2a9bb4e458da4ea34ffea78824e2e6f7
                           .group:0000000000000000 wm4.time.h.25.e44726f8f6b03ec08e4e0835a2fcc2b7
                           .group:0000000000000000 wm4.datalink.h.64.0e2e4918a8aa83441d278a8eca7199e7
                           .group:0000000000000000 wm4.trendlog.h.80.3cb41746df94772a6be2abffaadcaced

UNDEFINED SYMBOLS
__floatsisf
mktime
Device_Object_Instance_Number
datetime_set_values
sprintf
characterstring_init_ansi
encode_application_object_id
encode_application_character_string
encode_application_enumerated
encode_application_boolean
encode_application_unsigned
bitstring_init
bitstring_set_bit
encode_application_bitstring
encode_application_date
encode_application_time
bacapp_encode_device_obj_property_ref
bacapp_decode_application_data
WPValidateArgType
datetime_wildcard_present
bacapp_decode_device_obj_property_ref
memcmp
time
localtime
bacapp_encode_context_datetime
encode_opening_tag
bitstring_set_bits_used
bitstring_set_octet
encode_context_bitstring
encode_context_boolean
encode_context_real
encode_context_enumerated
encode_context_unsigned
encode_context_signed
encode_context_null
encode_closing_tag
Device_Read_Property
decode_tag_number_and_value
decode_boolean
decode_unsigned
decode_signed
decode_real_safe
decode_bitstring
bitstring_bits_used
bitstring_bytes_used
bitstring_octet
decode_enumerated
