   1              		.file	"s_rp.c"
   2              		.option nopic
   3              		.attribute arch, "rv64i2p0_m2p0_a2p0_c2p0"
   4              		.attribute unaligned_access, 0
   5              		.attribute stack_align, 16
   6              		.text
   7              	.Ltext0:
   8              		.cfi_sections	.debug_frame
   9              		.section	.text.Send_Read_Property_Request_Address,"ax",@progbits
  10              		.align	1
  11              		.globl	Send_Read_Property_Request_Address
  13              	Send_Read_Property_Request_Address:
  14              	.LFB4:
  15              		.file 1 "../src/middleware/bacnet/demo/handler/s_rp.c"
   1:../src/middleware/bacnet/demo/handler/s_rp.c **** /**************************************************************************
   2:../src/middleware/bacnet/demo/handler/s_rp.c **** *
   3:../src/middleware/bacnet/demo/handler/s_rp.c **** * Copyright (C) 2005 Steve Karg <skarg@users.sourceforge.net>
   4:../src/middleware/bacnet/demo/handler/s_rp.c **** *
   5:../src/middleware/bacnet/demo/handler/s_rp.c **** * Permission is hereby granted, free of charge, to any person obtaining
   6:../src/middleware/bacnet/demo/handler/s_rp.c **** * a copy of this software and associated documentation files (the
   7:../src/middleware/bacnet/demo/handler/s_rp.c **** * "Software"), to deal in the Software without restriction, including
   8:../src/middleware/bacnet/demo/handler/s_rp.c **** * without limitation the rights to use, copy, modify, merge, publish,
   9:../src/middleware/bacnet/demo/handler/s_rp.c **** * distribute, sublicense, and/or sell copies of the Software, and to
  10:../src/middleware/bacnet/demo/handler/s_rp.c **** * permit persons to whom the Software is furnished to do so, subject to
  11:../src/middleware/bacnet/demo/handler/s_rp.c **** * the following conditions:
  12:../src/middleware/bacnet/demo/handler/s_rp.c **** *
  13:../src/middleware/bacnet/demo/handler/s_rp.c **** * The above copyright notice and this permission notice shall be included
  14:../src/middleware/bacnet/demo/handler/s_rp.c **** * in all copies or substantial portions of the Software.
  15:../src/middleware/bacnet/demo/handler/s_rp.c **** *
  16:../src/middleware/bacnet/demo/handler/s_rp.c **** * THE SOFTWARE IS PROVIDED "AS IS", WITHOUT WARRANTY OF ANY KIND,
  17:../src/middleware/bacnet/demo/handler/s_rp.c **** * EXPRESS OR IMPLIED, INCLUDING BUT NOT LIMITED TO THE WARRANTIES OF
  18:../src/middleware/bacnet/demo/handler/s_rp.c **** * MERCHANTABILITY, FITNESS FOR A PARTICULAR PURPOSE AND NONINFRINGEMENT.
  19:../src/middleware/bacnet/demo/handler/s_rp.c **** * IN NO EVENT SHALL THE AUTHORS OR COPYRIGHT HOLDERS BE LIABLE FOR ANY
  20:../src/middleware/bacnet/demo/handler/s_rp.c **** * CLAIM, DAMAGES OR OTHER LIABILITY, WHETHER IN AN ACTION OF CONTRACT,
  21:../src/middleware/bacnet/demo/handler/s_rp.c **** * TORT OR OTHERWISE, ARISING FROM, OUT OF OR IN CONNECTION WITH THE
  22:../src/middleware/bacnet/demo/handler/s_rp.c **** * SOFTWARE OR THE USE OR OTHER DEALINGS IN THE SOFTWARE.
  23:../src/middleware/bacnet/demo/handler/s_rp.c **** *
  24:../src/middleware/bacnet/demo/handler/s_rp.c **** *********************************************************************/
  25:../src/middleware/bacnet/demo/handler/s_rp.c **** #include <stddef.h>
  26:../src/middleware/bacnet/demo/handler/s_rp.c **** #include <stdint.h>
  27:../src/middleware/bacnet/demo/handler/s_rp.c **** #include <errno.h>
  28:../src/middleware/bacnet/demo/handler/s_rp.c **** #include <string.h>
  29:../src/middleware/bacnet/demo/handler/s_rp.c **** #include "config.h"
  30:../src/middleware/bacnet/demo/handler/s_rp.c **** #include "txbuf.h"
  31:../src/middleware/bacnet/demo/handler/s_rp.c **** #include "bacdef.h"
  32:../src/middleware/bacnet/demo/handler/s_rp.c **** #include "bacdcode.h"
  33:../src/middleware/bacnet/demo/handler/s_rp.c **** #include "address.h"
  34:../src/middleware/bacnet/demo/handler/s_rp.c **** #include "tsm.h"
  35:../src/middleware/bacnet/demo/handler/s_rp.c **** #include "npdu.h"
  36:../src/middleware/bacnet/demo/handler/s_rp.c **** #include "apdu.h"
  37:../src/middleware/bacnet/demo/handler/s_rp.c **** #include "device.h"
  38:../src/middleware/bacnet/demo/handler/s_rp.c **** #include "datalink.h"
  39:../src/middleware/bacnet/demo/handler/s_rp.c **** #include "dcc.h"
  40:../src/middleware/bacnet/demo/handler/s_rp.c **** #include "rp.h"
  41:../src/middleware/bacnet/demo/handler/s_rp.c **** /* some demo stuff needed */
  42:../src/middleware/bacnet/demo/handler/s_rp.c **** #include "handlers.h"
  43:../src/middleware/bacnet/demo/handler/s_rp.c **** #include "txbuf.h"
  44:../src/middleware/bacnet/demo/handler/s_rp.c **** #include "client.h"
  45:../src/middleware/bacnet/demo/handler/s_rp.c **** 
  46:../src/middleware/bacnet/demo/handler/s_rp.c **** /** @file s_rp.c  Send Read Property request. */
  47:../src/middleware/bacnet/demo/handler/s_rp.c **** 
  48:../src/middleware/bacnet/demo/handler/s_rp.c **** /** Sends a Read Property request
  49:../src/middleware/bacnet/demo/handler/s_rp.c ****  * @ingroup DSRP
  50:../src/middleware/bacnet/demo/handler/s_rp.c ****  *
  51:../src/middleware/bacnet/demo/handler/s_rp.c ****  * @param dest [in] BACNET_ADDRESS of the destination device
  52:../src/middleware/bacnet/demo/handler/s_rp.c ****  * @param max_apdu [in]
  53:../src/middleware/bacnet/demo/handler/s_rp.c ****  * @param object_type [in]  Type of the object whose property is to be read.
  54:../src/middleware/bacnet/demo/handler/s_rp.c ****  * @param object_instance [in] Instance # of the object to be read.
  55:../src/middleware/bacnet/demo/handler/s_rp.c ****  * @param object_property [in] Property to be read, but not ALL, REQUIRED, or OPTIONAL.
  56:../src/middleware/bacnet/demo/handler/s_rp.c ****  * @param array_index [in] Optional: if the Property is an array,
  57:../src/middleware/bacnet/demo/handler/s_rp.c ****  *   - 0 for the array size
  58:../src/middleware/bacnet/demo/handler/s_rp.c ****  *   - 1 to n for individual array members
  59:../src/middleware/bacnet/demo/handler/s_rp.c ****  *   - BACNET_ARRAY_ALL (~0) for the full array to be read.
  60:../src/middleware/bacnet/demo/handler/s_rp.c ****  * @return invoke id of outgoing message, or 0 if device is not bound or no tsm available
  61:../src/middleware/bacnet/demo/handler/s_rp.c ****  */
  62:../src/middleware/bacnet/demo/handler/s_rp.c **** uint8_t Send_Read_Property_Request_Address(
  63:../src/middleware/bacnet/demo/handler/s_rp.c ****     BACNET_ADDRESS * dest,
  64:../src/middleware/bacnet/demo/handler/s_rp.c ****     uint16_t max_apdu,
  65:../src/middleware/bacnet/demo/handler/s_rp.c ****     BACNET_OBJECT_TYPE object_type,
  66:../src/middleware/bacnet/demo/handler/s_rp.c ****     uint32_t object_instance,
  67:../src/middleware/bacnet/demo/handler/s_rp.c ****     BACNET_PROPERTY_ID object_property,
  68:../src/middleware/bacnet/demo/handler/s_rp.c ****     uint32_t array_index)
  69:../src/middleware/bacnet/demo/handler/s_rp.c **** {
  16              		.loc 1 69 1
  17              		.cfi_startproc
  18 0000 7571     		addi	sp,sp,-144
  19              		.cfi_def_cfa_offset 144
  20 0002 06E5     		sd	ra,136(sp)
  21 0004 22E1     		sd	s0,128(sp)
  22              		.cfi_offset 1, -8
  23              		.cfi_offset 8, -16
  24 0006 0009     		addi	s0,sp,144
  25              		.cfi_def_cfa 8, 0
  26 0008 2334A4F8 		sd	a0,-120(s0)
  27 000c 2E85     		mv	a0,a1
  28 000e B285     		mv	a1,a2
  29 0010 3686     		mv	a2,a3
  30 0012 BA86     		mv	a3,a4
  31 0014 3E87     		mv	a4,a5
  32 0016 AA87     		mv	a5,a0
  33 0018 2313F4F8 		sh	a5,-122(s0)
  34 001c AE87     		mv	a5,a1
  35 001e 2320F4F8 		sw	a5,-128(s0)
  36 0022 B287     		mv	a5,a2
  37 0024 232EF4F6 		sw	a5,-132(s0)
  38 0028 B687     		mv	a5,a3
  39 002a 232CF4F6 		sw	a5,-136(s0)
  40 002e BA87     		mv	a5,a4
  41 0030 232AF4F6 		sw	a5,-140(s0)
  70:../src/middleware/bacnet/demo/handler/s_rp.c ****     BACNET_ADDRESS my_address;
  71:../src/middleware/bacnet/demo/handler/s_rp.c ****     uint8_t invoke_id = 0;
  42              		.loc 1 71 13
  43 0034 A30704FE 		sb	zero,-17(s0)
  72:../src/middleware/bacnet/demo/handler/s_rp.c ****     int len = 0;
  44              		.loc 1 72 9
  45 0038 232404FE 		sw	zero,-24(s0)
  73:../src/middleware/bacnet/demo/handler/s_rp.c ****     int pdu_len = 0;
  46              		.loc 1 73 9
  47 003c 232204FE 		sw	zero,-28(s0)
  74:../src/middleware/bacnet/demo/handler/s_rp.c ****     int bytes_sent = 0;
  48              		.loc 1 74 9
  49 0040 232004FE 		sw	zero,-32(s0)
  75:../src/middleware/bacnet/demo/handler/s_rp.c ****     BACNET_READ_PROPERTY_DATA data;
  76:../src/middleware/bacnet/demo/handler/s_rp.c ****     BACNET_NPDU_DATA npdu_data;
  77:../src/middleware/bacnet/demo/handler/s_rp.c **** 
  78:../src/middleware/bacnet/demo/handler/s_rp.c ****     if (!dcc_communication_enabled()) {
  50              		.loc 1 78 10
  51 0044 97000000 		call	dcc_communication_enabled
  51      E7800000 
  52 004c AA87     		mv	a5,a0
  53              		.loc 1 78 9
  54 004e 93C71700 		xori	a5,a5,1
  55 0052 93F7F70F 		andi	a5,a5,0xff
  56              		.loc 1 78 8
  57 0056 99C3     		beq	a5,zero,.L2
  79:../src/middleware/bacnet/demo/handler/s_rp.c ****         return 0;
  58              		.loc 1 79 16
  59 0058 8147     		li	a5,0
  60 005a 3DAA     		j	.L7
  61              	.L2:
  80:../src/middleware/bacnet/demo/handler/s_rp.c ****     }
  81:../src/middleware/bacnet/demo/handler/s_rp.c ****     if (!dest) {
  62              		.loc 1 81 8
  63 005c 833784F8 		ld	a5,-120(s0)
  64 0060 99E3     		bne	a5,zero,.L4
  82:../src/middleware/bacnet/demo/handler/s_rp.c ****         return 0;
  65              		.loc 1 82 16
  66 0062 8147     		li	a5,0
  67 0064 15AA     		j	.L7
  68              	.L4:
  83:../src/middleware/bacnet/demo/handler/s_rp.c ****     }
  84:../src/middleware/bacnet/demo/handler/s_rp.c ****     /* is there a tsm available? */
  85:../src/middleware/bacnet/demo/handler/s_rp.c ****     invoke_id = tsm_next_free_invokeID();
  69              		.loc 1 85 17
  70 0066 97000000 		call	tsm_next_free_invokeID
  70      E7800000 
  71 006e AA87     		mv	a5,a0
  72 0070 A307F4FE 		sb	a5,-17(s0)
  86:../src/middleware/bacnet/demo/handler/s_rp.c ****     if (invoke_id) {
  73              		.loc 1 86 8
  74 0074 8347F4FE 		lbu	a5,-17(s0)
  75 0078 93F7F70F 		andi	a5,a5,0xff
  76 007c 638C0710 		beq	a5,zero,.L5
  87:../src/middleware/bacnet/demo/handler/s_rp.c ****         /* encode the NPDU portion of the packet */
  88:../src/middleware/bacnet/demo/handler/s_rp.c ****         datalink_get_my_address(&my_address);
  77              		.loc 1 88 9
  78 0080 930784FC 		addi	a5,s0,-56
  79 0084 3E85     		mv	a0,a5
  80 0086 97000000 		call	bip_get_my_address
  80      E7800000 
  89:../src/middleware/bacnet/demo/handler/s_rp.c ****         npdu_encode_npdu_data(&npdu_data, true, MESSAGE_PRIORITY_NORMAL);
  81              		.loc 1 89 9
  82 008e 930704F9 		addi	a5,s0,-112
  83 0092 0146     		li	a2,0
  84 0094 8545     		li	a1,1
  85 0096 3E85     		mv	a0,a5
  86 0098 97000000 		call	npdu_encode_npdu_data
  86      E7800000 
  90:../src/middleware/bacnet/demo/handler/s_rp.c ****         pdu_len =
  91:../src/middleware/bacnet/demo/handler/s_rp.c ****             npdu_encode_pdu(&Handler_Transmit_Buffer[0], dest, &my_address,
  87              		.loc 1 91 13
  88 00a0 130704F9 		addi	a4,s0,-112
  89 00a4 930784FC 		addi	a5,s0,-56
  90 00a8 BA86     		mv	a3,a4
  91 00aa 3E86     		mv	a2,a5
  92 00ac 833584F8 		ld	a1,-120(s0)
  93 00b0 17050000 		lla	a0,Handler_Transmit_Buffer
  93      13050500 
  94 00b8 97000000 		call	npdu_encode_pdu
  94      E7800000 
  95 00c0 AA87     		mv	a5,a0
  96 00c2 2322F4FE 		sw	a5,-28(s0)
  92:../src/middleware/bacnet/demo/handler/s_rp.c ****             &npdu_data);
  93:../src/middleware/bacnet/demo/handler/s_rp.c ****         /* encode the APDU portion of the packet */
  94:../src/middleware/bacnet/demo/handler/s_rp.c ****         data.object_type = object_type;
  97              		.loc 1 94 26
  98 00c6 832704F8 		lw	a5,-128(s0)
  99 00ca 2320F4FA 		sw	a5,-96(s0)
  95:../src/middleware/bacnet/demo/handler/s_rp.c ****         data.object_instance = object_instance;
 100              		.loc 1 95 30
 101 00ce 8327C4F7 		lw	a5,-132(s0)
 102 00d2 2322F4FA 		sw	a5,-92(s0)
  96:../src/middleware/bacnet/demo/handler/s_rp.c ****         data.object_property = object_property;
 103              		.loc 1 96 30
 104 00d6 832784F7 		lw	a5,-136(s0)
 105 00da 2324F4FA 		sw	a5,-88(s0)
  97:../src/middleware/bacnet/demo/handler/s_rp.c ****         data.array_index = array_index;
 106              		.loc 1 97 26
 107 00de 832744F7 		lw	a5,-140(s0)
 108 00e2 2326F4FA 		sw	a5,-84(s0)
  98:../src/middleware/bacnet/demo/handler/s_rp.c ****         len =
  99:../src/middleware/bacnet/demo/handler/s_rp.c ****             rp_encode_apdu(&Handler_Transmit_Buffer[pdu_len], invoke_id,
 109              		.loc 1 99 13
 110 00e6 032744FE 		lw	a4,-28(s0)
 111 00ea 97070000 		lla	a5,Handler_Transmit_Buffer
 111      93870700 
 112 00f2 BA97     		add	a5,a4,a5
 113 00f4 930604FA 		addi	a3,s0,-96
 114 00f8 0347F4FE 		lbu	a4,-17(s0)
 115 00fc 3686     		mv	a2,a3
 116 00fe BA85     		mv	a1,a4
 117 0100 3E85     		mv	a0,a5
 118 0102 97000000 		call	rp_encode_apdu
 118      E7800000 
 119 010a AA87     		mv	a5,a0
 120 010c 2324F4FE 		sw	a5,-24(s0)
 100:../src/middleware/bacnet/demo/handler/s_rp.c ****             &data);
 101:../src/middleware/bacnet/demo/handler/s_rp.c ****         pdu_len += len;
 121              		.loc 1 101 17
 122 0110 032744FE 		lw	a4,-28(s0)
 123 0114 832784FE 		lw	a5,-24(s0)
 124 0118 B99F     		addw	a5,a4,a5
 125 011a 2322F4FE 		sw	a5,-28(s0)
 102:../src/middleware/bacnet/demo/handler/s_rp.c ****         /* will it fit in the sender?
 103:../src/middleware/bacnet/demo/handler/s_rp.c ****            note: if there is a bottleneck router in between
 104:../src/middleware/bacnet/demo/handler/s_rp.c ****            us and the destination, we won't know unless
 105:../src/middleware/bacnet/demo/handler/s_rp.c ****            we have a way to check for that and update the
 106:../src/middleware/bacnet/demo/handler/s_rp.c ****            max_apdu in the address binding table. */
 107:../src/middleware/bacnet/demo/handler/s_rp.c ****         if ((uint16_t) pdu_len < max_apdu) {
 126              		.loc 1 107 13
 127 011e 832744FE 		lw	a5,-28(s0)
 128 0122 C217     		slli	a5,a5,48
 129 0124 C193     		srli	a5,a5,48
 130              		.loc 1 107 12
 131 0126 035764F8 		lhu	a4,-122(s0)
 132 012a 0127     		sext.w	a4,a4
 133 012c 8127     		sext.w	a5,a5
 134 012e 63FAE704 		bleu	a4,a5,.L6
 108:../src/middleware/bacnet/demo/handler/s_rp.c ****             tsm_set_confirmed_unsegmented_transaction(invoke_id, dest,
 135              		.loc 1 108 13
 136 0132 832744FE 		lw	a5,-28(s0)
 137 0136 13970703 		slli	a4,a5,48
 138 013a 4193     		srli	a4,a4,48
 139 013c 130604F9 		addi	a2,s0,-112
 140 0140 8347F4FE 		lbu	a5,-17(s0)
 141 0144 97060000 		lla	a3,Handler_Transmit_Buffer
 141      93860600 
 142 014c 833584F8 		ld	a1,-120(s0)
 143 0150 3E85     		mv	a0,a5
 144 0152 97000000 		call	tsm_set_confirmed_unsegmented_transaction
 144      E7800000 
 109:../src/middleware/bacnet/demo/handler/s_rp.c ****                 &npdu_data, &Handler_Transmit_Buffer[0], (uint16_t) pdu_len);
 110:../src/middleware/bacnet/demo/handler/s_rp.c ****             bytes_sent =
 111:../src/middleware/bacnet/demo/handler/s_rp.c ****                 datalink_send_pdu(dest, &npdu_data,
 145              		.loc 1 111 17
 146 015a 032744FE 		lw	a4,-28(s0)
 147 015e 930704F9 		addi	a5,s0,-112
 148 0162 BA86     		mv	a3,a4
 149 0164 17060000 		lla	a2,Handler_Transmit_Buffer
 149      13060600 
 150 016c BE85     		mv	a1,a5
 151 016e 033584F8 		ld	a0,-120(s0)
 152 0172 97000000 		call	bip_send_pdu
 152      E7800000 
 153 017a AA87     		mv	a5,a0
 154 017c 2320F4FE 		sw	a5,-32(s0)
 155 0180 11A8     		j	.L5
 156              	.L6:
 112:../src/middleware/bacnet/demo/handler/s_rp.c ****                 &Handler_Transmit_Buffer[0], pdu_len);
 113:../src/middleware/bacnet/demo/handler/s_rp.c ****             if (bytes_sent <= 0) {
 114:../src/middleware/bacnet/demo/handler/s_rp.c **** #if PRINT_ENABLED
 115:../src/middleware/bacnet/demo/handler/s_rp.c ****                 fprintf(stderr, "Failed to Send ReadProperty Request (%s)!\n",
 116:../src/middleware/bacnet/demo/handler/s_rp.c ****                     strerror(errno));
 117:../src/middleware/bacnet/demo/handler/s_rp.c **** #endif
 118:../src/middleware/bacnet/demo/handler/s_rp.c ****             }
 119:../src/middleware/bacnet/demo/handler/s_rp.c ****         } else {
 120:../src/middleware/bacnet/demo/handler/s_rp.c ****             tsm_free_invoke_id(invoke_id);
 157              		.loc 1 120 13
 158 0182 8347F4FE 		lbu	a5,-17(s0)
 159 0186 3E85     		mv	a0,a5
 160 0188 97000000 		call	tsm_free_invoke_id
 160      E7800000 
 121:../src/middleware/bacnet/demo/handler/s_rp.c ****             invoke_id = 0;
 161              		.loc 1 121 23
 162 0190 A30704FE 		sb	zero,-17(s0)
 163              	.L5:
 122:../src/middleware/bacnet/demo/handler/s_rp.c **** #if PRINT_ENABLED
 123:../src/middleware/bacnet/demo/handler/s_rp.c ****             fprintf(stderr,
 124:../src/middleware/bacnet/demo/handler/s_rp.c ****                 "Failed to Send ReadProperty Request "
 125:../src/middleware/bacnet/demo/handler/s_rp.c ****                 "(exceeds destination maximum APDU)!\n");
 126:../src/middleware/bacnet/demo/handler/s_rp.c **** #endif
 127:../src/middleware/bacnet/demo/handler/s_rp.c ****         }
 128:../src/middleware/bacnet/demo/handler/s_rp.c ****     }
 129:../src/middleware/bacnet/demo/handler/s_rp.c **** 
 130:../src/middleware/bacnet/demo/handler/s_rp.c ****     return invoke_id;
 164              		.loc 1 130 12
 165 0194 8347F4FE 		lbu	a5,-17(s0)
 166              	.L7:
 131:../src/middleware/bacnet/demo/handler/s_rp.c **** }
 167              		.loc 1 131 1 discriminator 1
 168 0198 3E85     		mv	a0,a5
 169 019a AA60     		ld	ra,136(sp)
 170              		.cfi_restore 1
 171 019c 0A64     		ld	s0,128(sp)
 172              		.cfi_restore 8
 173              		.cfi_def_cfa 2, 144
 174 019e 4961     		addi	sp,sp,144
 175              		.cfi_def_cfa_offset 0
 176 01a0 8280     		jr	ra
 177              		.cfi_endproc
 178              	.LFE4:
 180              		.section	.text.Send_Read_Property_Request,"ax",@progbits
 181              		.align	1
 182              		.globl	Send_Read_Property_Request
 184              	Send_Read_Property_Request:
 185              	.LFB5:
 132:../src/middleware/bacnet/demo/handler/s_rp.c **** 
 133:../src/middleware/bacnet/demo/handler/s_rp.c **** /** Sends a Read Property request.
 134:../src/middleware/bacnet/demo/handler/s_rp.c ****  * @ingroup DSRP
 135:../src/middleware/bacnet/demo/handler/s_rp.c ****  *
 136:../src/middleware/bacnet/demo/handler/s_rp.c ****  * @param device_id [in] ID of the destination device
 137:../src/middleware/bacnet/demo/handler/s_rp.c ****  * @param object_type [in]  Type of the object whose property is to be read.
 138:../src/middleware/bacnet/demo/handler/s_rp.c ****  * @param object_instance [in] Instance # of the object to be read.
 139:../src/middleware/bacnet/demo/handler/s_rp.c ****  * @param object_property [in] Property to be read, but not ALL, REQUIRED, or OPTIONAL.
 140:../src/middleware/bacnet/demo/handler/s_rp.c ****  * @param array_index [in] Optional: if the Property is an array,
 141:../src/middleware/bacnet/demo/handler/s_rp.c ****  *   - 0 for the array size
 142:../src/middleware/bacnet/demo/handler/s_rp.c ****  *   - 1 to n for individual array members
 143:../src/middleware/bacnet/demo/handler/s_rp.c ****  *   - BACNET_ARRAY_ALL (~0) for the full array to be read.
 144:../src/middleware/bacnet/demo/handler/s_rp.c ****  * @return invoke id of outgoing message, or 0 if device is not bound or no tsm available
 145:../src/middleware/bacnet/demo/handler/s_rp.c ****  */
 146:../src/middleware/bacnet/demo/handler/s_rp.c **** uint8_t Send_Read_Property_Request(
 147:../src/middleware/bacnet/demo/handler/s_rp.c ****     uint32_t device_id, /* destination device */
 148:../src/middleware/bacnet/demo/handler/s_rp.c ****     BACNET_OBJECT_TYPE object_type,
 149:../src/middleware/bacnet/demo/handler/s_rp.c ****     uint32_t object_instance,
 150:../src/middleware/bacnet/demo/handler/s_rp.c ****     BACNET_PROPERTY_ID object_property,
 151:../src/middleware/bacnet/demo/handler/s_rp.c ****     uint32_t array_index)
 152:../src/middleware/bacnet/demo/handler/s_rp.c **** {
 186              		.loc 1 152 1
 187              		.cfi_startproc
 188 0000 5D71     		addi	sp,sp,-80
 189              		.cfi_def_cfa_offset 80
 190 0002 86E4     		sd	ra,72(sp)
 191 0004 A2E0     		sd	s0,64(sp)
 192              		.cfi_offset 1, -8
 193              		.cfi_offset 8, -16
 194 0006 8008     		addi	s0,sp,80
 195              		.cfi_def_cfa 8, 0
 196 0008 AA87     		mv	a5,a0
 197 000a 2326F4FC 		sw	a5,-52(s0)
 198 000e AE87     		mv	a5,a1
 199 0010 2324F4FC 		sw	a5,-56(s0)
 200 0014 B287     		mv	a5,a2
 201 0016 2322F4FC 		sw	a5,-60(s0)
 202 001a B687     		mv	a5,a3
 203 001c 2320F4FC 		sw	a5,-64(s0)
 204 0020 BA87     		mv	a5,a4
 205 0022 232EF4FA 		sw	a5,-68(s0)
 153:../src/middleware/bacnet/demo/handler/s_rp.c ****     BACNET_ADDRESS dest = { 0 };
 206              		.loc 1 153 20
 207 0026 233C04FC 		sd	zero,-40(s0)
 208 002a 233004FE 		sd	zero,-32(s0)
 209 002e 231404FE 		sh	zero,-24(s0)
 154:../src/middleware/bacnet/demo/handler/s_rp.c ****     unsigned max_apdu = 0;
 210              		.loc 1 154 14
 211 0032 232A04FC 		sw	zero,-44(s0)
 155:../src/middleware/bacnet/demo/handler/s_rp.c ****     uint8_t invoke_id = 0;
 212              		.loc 1 155 13
 213 0036 A30704FE 		sb	zero,-17(s0)
 156:../src/middleware/bacnet/demo/handler/s_rp.c ****     bool status = false;
 214              		.loc 1 156 10
 215 003a 230704FE 		sb	zero,-18(s0)
 157:../src/middleware/bacnet/demo/handler/s_rp.c **** 
 158:../src/middleware/bacnet/demo/handler/s_rp.c ****     /* is the device bound? */
 159:../src/middleware/bacnet/demo/handler/s_rp.c ****     status = address_get_by_device(device_id, &max_apdu, &dest);
 216              		.loc 1 159 14
 217 003e 930684FD 		addi	a3,s0,-40
 218 0042 130744FD 		addi	a4,s0,-44
 219 0046 8327C4FC 		lw	a5,-52(s0)
 220 004a 3686     		mv	a2,a3
 221 004c BA85     		mv	a1,a4
 222 004e 3E85     		mv	a0,a5
 223 0050 97000000 		call	address_get_by_device
 223      E7800000 
 224 0058 AA87     		mv	a5,a0
 225 005a 2307F4FE 		sb	a5,-18(s0)
 160:../src/middleware/bacnet/demo/handler/s_rp.c ****     if (status) {
 226              		.loc 1 160 8
 227 005e 8347E4FE 		lbu	a5,-18(s0)
 228 0062 93F7F70F 		andi	a5,a5,0xff
 229 0066 9DC7     		beq	a5,zero,.L9
 161:../src/middleware/bacnet/demo/handler/s_rp.c ****         invoke_id =
 162:../src/middleware/bacnet/demo/handler/s_rp.c ****             Send_Read_Property_Request_Address(&dest, max_apdu, object_type,
 230              		.loc 1 162 13
 231 0068 832744FD 		lw	a5,-44(s0)
 232 006c 93950703 		slli	a1,a5,48
 233 0070 C191     		srli	a1,a1,48
 234 0072 8327C4FB 		lw	a5,-68(s0)
 235 0076 032704FC 		lw	a4,-64(s0)
 236 007a 832644FC 		lw	a3,-60(s0)
 237 007e 032684FC 		lw	a2,-56(s0)
 238 0082 130584FD 		addi	a0,s0,-40
 239 0086 97000000 		call	Send_Read_Property_Request_Address
 239      E7800000 
 240 008e AA87     		mv	a5,a0
 241 0090 A307F4FE 		sb	a5,-17(s0)
 242              	.L9:
 163:../src/middleware/bacnet/demo/handler/s_rp.c ****             object_instance, object_property, array_index);
 164:../src/middleware/bacnet/demo/handler/s_rp.c ****     }
 165:../src/middleware/bacnet/demo/handler/s_rp.c **** 
 166:../src/middleware/bacnet/demo/handler/s_rp.c ****     return invoke_id;
 243              		.loc 1 166 12
 244 0094 8347F4FE 		lbu	a5,-17(s0)
 167:../src/middleware/bacnet/demo/handler/s_rp.c **** }
 245              		.loc 1 167 1
 246 0098 3E85     		mv	a0,a5
 247 009a A660     		ld	ra,72(sp)
 248              		.cfi_restore 1
 249 009c 0664     		ld	s0,64(sp)
 250              		.cfi_restore 8
 251              		.cfi_def_cfa 2, 80
 252 009e 6161     		addi	sp,sp,80
 253              		.cfi_def_cfa_offset 0
 254 00a0 8280     		jr	ra
 255              		.cfi_endproc
 256              	.LFE5:
 258              		.text
 259              	.Letext0:
 260              		.file 2 "c:\\microchip\\softconsole-v2022.2-risc-v-747\\riscv-unknown-elf-gcc\\riscv64-unknown-elf
 261              		.file 3 "c:\\microchip\\softconsole-v2022.2-risc-v-747\\riscv-unknown-elf-gcc\\riscv64-unknown-elf
 262              		.file 4 "c:\\microchip\\softconsole-v2022.2-risc-v-747\\riscv-unknown-elf-gcc\\lib\\gcc\\riscv64-u
 263              		.file 5 "c:\\microchip\\softconsole-v2022.2-risc-v-747\\riscv-unknown-elf-gcc\\riscv64-unknown-elf
 264              		.file 6 "c:\\microchip\\softconsole-v2022.2-risc-v-747\\riscv-unknown-elf-gcc\\riscv64-unknown-elf
 265              		.file 7 "c:\\microchip\\softconsole-v2022.2-risc-v-747\\riscv-unknown-elf-gcc\\riscv64-unknown-elf
 266              		.file 8 "c:\\microchip\\softconsole-v2022.2-risc-v-747\\riscv-unknown-elf-gcc\\riscv64-unknown-elf
 267              		.file 9 "C:\\Users\\zero6575\\Libero\\fpga_labor\\fpga_labor\\software\\mpfs-mac-mcc-stack\\src\\m
 268              		.file 10 "C:\\Users\\zero6575\\Libero\\fpga_labor\\fpga_labor\\software\\mpfs-mac-mcc-stack\\src\\
 269              		.file 11 "C:\\Users\\zero6575\\Libero\\fpga_labor\\fpga_labor\\software\\mpfs-mac-mcc-stack\\src\\
 270              		.file 12 "C:\\Users\\zero6575\\Libero\\fpga_labor\\fpga_labor\\software\\mpfs-mac-mcc-stack\\src\\
 271              		.file 13 "c:\\microchip\\softconsole-v2022.2-risc-v-747\\riscv-unknown-elf-gcc\\riscv64-unknown-el
 272              		.file 14 "C:\\Users\\zero6575\\Libero\\fpga_labor\\fpga_labor\\software\\mpfs-mac-mcc-stack\\src\\
 273              		.file 15 "C:\\Users\\zero6575\\Libero\\fpga_labor\\fpga_labor\\software\\mpfs-mac-mcc-stack\\src\\
DEFINED SYMBOLS
                            *ABS*:0000000000000000 s_rp.c
C:\Users\zero6575\AppData\Local\Temp\cc9KUamq.s:13     .text.Send_Read_Property_Request_Address:0000000000000000 Send_Read_Property_Request_Address
C:\Users\zero6575\AppData\Local\Temp\cc9KUamq.s:17     .text.Send_Read_Property_Request_Address:0000000000000000 .L0 
C:\Users\zero6575\AppData\Local\Temp\cc9KUamq.s:18     .text.Send_Read_Property_Request_Address:0000000000000000 .L0 
C:\Users\zero6575\AppData\Local\Temp\cc9KUamq.s:19     .text.Send_Read_Property_Request_Address:0000000000000002 .L0 
C:\Users\zero6575\AppData\Local\Temp\cc9KUamq.s:22     .text.Send_Read_Property_Request_Address:0000000000000006 .L0 
C:\Users\zero6575\AppData\Local\Temp\cc9KUamq.s:23     .text.Send_Read_Property_Request_Address:0000000000000006 .L0 
C:\Users\zero6575\AppData\Local\Temp\cc9KUamq.s:25     .text.Send_Read_Property_Request_Address:0000000000000008 .L0 
C:\Users\zero6575\AppData\Local\Temp\cc9KUamq.s:43     .text.Send_Read_Property_Request_Address:0000000000000034 .L0 
C:\Users\zero6575\AppData\Local\Temp\cc9KUamq.s:45     .text.Send_Read_Property_Request_Address:0000000000000038 .L0 
C:\Users\zero6575\AppData\Local\Temp\cc9KUamq.s:47     .text.Send_Read_Property_Request_Address:000000000000003c .L0 
C:\Users\zero6575\AppData\Local\Temp\cc9KUamq.s:49     .text.Send_Read_Property_Request_Address:0000000000000040 .L0 
C:\Users\zero6575\AppData\Local\Temp\cc9KUamq.s:51     .text.Send_Read_Property_Request_Address:0000000000000044 .L0 
C:\Users\zero6575\AppData\Local\Temp\cc9KUamq.s:54     .text.Send_Read_Property_Request_Address:000000000000004e .L0 
C:\Users\zero6575\AppData\Local\Temp\cc9KUamq.s:57     .text.Send_Read_Property_Request_Address:0000000000000056 .L0 
C:\Users\zero6575\AppData\Local\Temp\cc9KUamq.s:59     .text.Send_Read_Property_Request_Address:0000000000000058 .L0 
C:\Users\zero6575\AppData\Local\Temp\cc9KUamq.s:63     .text.Send_Read_Property_Request_Address:000000000000005c .L0 
C:\Users\zero6575\AppData\Local\Temp\cc9KUamq.s:66     .text.Send_Read_Property_Request_Address:0000000000000062 .L0 
C:\Users\zero6575\AppData\Local\Temp\cc9KUamq.s:70     .text.Send_Read_Property_Request_Address:0000000000000066 .L0 
C:\Users\zero6575\AppData\Local\Temp\cc9KUamq.s:74     .text.Send_Read_Property_Request_Address:0000000000000074 .L0 
C:\Users\zero6575\AppData\Local\Temp\cc9KUamq.s:78     .text.Send_Read_Property_Request_Address:0000000000000080 .L0 
C:\Users\zero6575\AppData\Local\Temp\cc9KUamq.s:82     .text.Send_Read_Property_Request_Address:000000000000008e .L0 
C:\Users\zero6575\AppData\Local\Temp\cc9KUamq.s:88     .text.Send_Read_Property_Request_Address:00000000000000a0 .L0 
C:\Users\zero6575\AppData\Local\Temp\cc9KUamq.s:98     .text.Send_Read_Property_Request_Address:00000000000000c6 .L0 
C:\Users\zero6575\AppData\Local\Temp\cc9KUamq.s:101    .text.Send_Read_Property_Request_Address:00000000000000ce .L0 
C:\Users\zero6575\AppData\Local\Temp\cc9KUamq.s:104    .text.Send_Read_Property_Request_Address:00000000000000d6 .L0 
C:\Users\zero6575\AppData\Local\Temp\cc9KUamq.s:107    .text.Send_Read_Property_Request_Address:00000000000000de .L0 
C:\Users\zero6575\AppData\Local\Temp\cc9KUamq.s:110    .text.Send_Read_Property_Request_Address:00000000000000e6 .L0 
C:\Users\zero6575\AppData\Local\Temp\cc9KUamq.s:122    .text.Send_Read_Property_Request_Address:0000000000000110 .L0 
C:\Users\zero6575\AppData\Local\Temp\cc9KUamq.s:127    .text.Send_Read_Property_Request_Address:000000000000011e .L0 
C:\Users\zero6575\AppData\Local\Temp\cc9KUamq.s:131    .text.Send_Read_Property_Request_Address:0000000000000126 .L0 
C:\Users\zero6575\AppData\Local\Temp\cc9KUamq.s:136    .text.Send_Read_Property_Request_Address:0000000000000132 .L0 
C:\Users\zero6575\AppData\Local\Temp\cc9KUamq.s:146    .text.Send_Read_Property_Request_Address:000000000000015a .L0 
C:\Users\zero6575\AppData\Local\Temp\cc9KUamq.s:158    .text.Send_Read_Property_Request_Address:0000000000000182 .L0 
C:\Users\zero6575\AppData\Local\Temp\cc9KUamq.s:162    .text.Send_Read_Property_Request_Address:0000000000000190 .L0 
C:\Users\zero6575\AppData\Local\Temp\cc9KUamq.s:165    .text.Send_Read_Property_Request_Address:0000000000000194 .L0 
C:\Users\zero6575\AppData\Local\Temp\cc9KUamq.s:168    .text.Send_Read_Property_Request_Address:0000000000000198 .L0 
C:\Users\zero6575\AppData\Local\Temp\cc9KUamq.s:170    .text.Send_Read_Property_Request_Address:000000000000019c .L0 
C:\Users\zero6575\AppData\Local\Temp\cc9KUamq.s:172    .text.Send_Read_Property_Request_Address:000000000000019e .L0 
C:\Users\zero6575\AppData\Local\Temp\cc9KUamq.s:173    .text.Send_Read_Property_Request_Address:000000000000019e .L0 
C:\Users\zero6575\AppData\Local\Temp\cc9KUamq.s:175    .text.Send_Read_Property_Request_Address:00000000000001a0 .L0 
C:\Users\zero6575\AppData\Local\Temp\cc9KUamq.s:177    .text.Send_Read_Property_Request_Address:00000000000001a2 .L0 
C:\Users\zero6575\AppData\Local\Temp\cc9KUamq.s:184    .text.Send_Read_Property_Request:0000000000000000 Send_Read_Property_Request
C:\Users\zero6575\AppData\Local\Temp\cc9KUamq.s:187    .text.Send_Read_Property_Request:0000000000000000 .L0 
C:\Users\zero6575\AppData\Local\Temp\cc9KUamq.s:188    .text.Send_Read_Property_Request:0000000000000000 .L0 
C:\Users\zero6575\AppData\Local\Temp\cc9KUamq.s:189    .text.Send_Read_Property_Request:0000000000000002 .L0 
C:\Users\zero6575\AppData\Local\Temp\cc9KUamq.s:192    .text.Send_Read_Property_Request:0000000000000006 .L0 
C:\Users\zero6575\AppData\Local\Temp\cc9KUamq.s:193    .text.Send_Read_Property_Request:0000000000000006 .L0 
C:\Users\zero6575\AppData\Local\Temp\cc9KUamq.s:195    .text.Send_Read_Property_Request:0000000000000008 .L0 
C:\Users\zero6575\AppData\Local\Temp\cc9KUamq.s:207    .text.Send_Read_Property_Request:0000000000000026 .L0 
C:\Users\zero6575\AppData\Local\Temp\cc9KUamq.s:211    .text.Send_Read_Property_Request:0000000000000032 .L0 
C:\Users\zero6575\AppData\Local\Temp\cc9KUamq.s:213    .text.Send_Read_Property_Request:0000000000000036 .L0 
C:\Users\zero6575\AppData\Local\Temp\cc9KUamq.s:215    .text.Send_Read_Property_Request:000000000000003a .L0 
C:\Users\zero6575\AppData\Local\Temp\cc9KUamq.s:217    .text.Send_Read_Property_Request:000000000000003e .L0 
C:\Users\zero6575\AppData\Local\Temp\cc9KUamq.s:227    .text.Send_Read_Property_Request:000000000000005e .L0 
C:\Users\zero6575\AppData\Local\Temp\cc9KUamq.s:231    .text.Send_Read_Property_Request:0000000000000068 .L0 
C:\Users\zero6575\AppData\Local\Temp\cc9KUamq.s:244    .text.Send_Read_Property_Request:0000000000000094 .L0 
C:\Users\zero6575\AppData\Local\Temp\cc9KUamq.s:246    .text.Send_Read_Property_Request:0000000000000098 .L0 
C:\Users\zero6575\AppData\Local\Temp\cc9KUamq.s:248    .text.Send_Read_Property_Request:000000000000009c .L0 
C:\Users\zero6575\AppData\Local\Temp\cc9KUamq.s:250    .text.Send_Read_Property_Request:000000000000009e .L0 
C:\Users\zero6575\AppData\Local\Temp\cc9KUamq.s:251    .text.Send_Read_Property_Request:000000000000009e .L0 
C:\Users\zero6575\AppData\Local\Temp\cc9KUamq.s:253    .text.Send_Read_Property_Request:00000000000000a0 .L0 
C:\Users\zero6575\AppData\Local\Temp\cc9KUamq.s:255    .text.Send_Read_Property_Request:00000000000000a2 .L0 
C:\Users\zero6575\AppData\Local\Temp\cc9KUamq.s:180    .text.Send_Read_Property_Request_Address:00000000000001a2 .L0 
C:\Users\zero6575\AppData\Local\Temp\cc9KUamq.s:258    .text.Send_Read_Property_Request:00000000000000a2 .L0 
                     .debug_frame:0000000000000000 .L0 
C:\Users\zero6575\AppData\Local\Temp\cc9KUamq.s:93     .text.Send_Read_Property_Request_Address:00000000000000b0 .L0 
C:\Users\zero6575\AppData\Local\Temp\cc9KUamq.s:111    .text.Send_Read_Property_Request_Address:00000000000000ea .L0 
C:\Users\zero6575\AppData\Local\Temp\cc9KUamq.s:141    .text.Send_Read_Property_Request_Address:0000000000000144 .L0 
C:\Users\zero6575\AppData\Local\Temp\cc9KUamq.s:149    .text.Send_Read_Property_Request_Address:0000000000000164 .L0 
C:\Users\zero6575\AppData\Local\Temp\cc9KUamq.s:61     .text.Send_Read_Property_Request_Address:000000000000005c .L2
C:\Users\zero6575\AppData\Local\Temp\cc9KUamq.s:166    .text.Send_Read_Property_Request_Address:0000000000000198 .L7
C:\Users\zero6575\AppData\Local\Temp\cc9KUamq.s:68     .text.Send_Read_Property_Request_Address:0000000000000066 .L4
C:\Users\zero6575\AppData\Local\Temp\cc9KUamq.s:163    .text.Send_Read_Property_Request_Address:0000000000000194 .L5
C:\Users\zero6575\AppData\Local\Temp\cc9KUamq.s:156    .text.Send_Read_Property_Request_Address:0000000000000182 .L6
C:\Users\zero6575\AppData\Local\Temp\cc9KUamq.s:242    .text.Send_Read_Property_Request:0000000000000094 .L9
C:\Users\zero6575\AppData\Local\Temp\cc9KUamq.s:4190   .debug_abbrev:0000000000000000 .Ldebug_abbrev0
C:\Users\zero6575\AppData\Local\Temp\cc9KUamq.s:10973  .debug_str:0000000000004d91 .LASF2111
C:\Users\zero6575\AppData\Local\Temp\cc9KUamq.s:12399  .debug_str:0000000000009793 .LASF2112
C:\Users\zero6575\AppData\Local\Temp\cc9KUamq.s:11871  .debug_str:0000000000007b55 .LASF2113
C:\Users\zero6575\AppData\Local\Temp\cc9KUamq.s:4769   .debug_ranges:0000000000000000 .Ldebug_ranges0
C:\Users\zero6575\AppData\Local\Temp\cc9KUamq.s:9455   .debug_line:0000000000000000 .Ldebug_line0
C:\Users\zero6575\AppData\Local\Temp\cc9KUamq.s:4777   .debug_macro:0000000000000000 .Ldebug_macro0
C:\Users\zero6575\AppData\Local\Temp\cc9KUamq.s:12027  .debug_str:00000000000083d3 .LASF1233
C:\Users\zero6575\AppData\Local\Temp\cc9KUamq.s:12233  .debug_str:0000000000008f61 .LASF1234
C:\Users\zero6575\AppData\Local\Temp\cc9KUamq.s:13263  .debug_str:000000000000c227 .LASF1235
C:\Users\zero6575\AppData\Local\Temp\cc9KUamq.s:12195  .debug_str:0000000000008d7e .LASF1236
C:\Users\zero6575\AppData\Local\Temp\cc9KUamq.s:11733  .debug_str:000000000000749a .LASF1237
C:\Users\zero6575\AppData\Local\Temp\cc9KUamq.s:9561   .debug_str:0000000000000498 .LASF1240
C:\Users\zero6575\AppData\Local\Temp\cc9KUamq.s:10487  .debug_str:00000000000033a8 .LASF1238
C:\Users\zero6575\AppData\Local\Temp\cc9KUamq.s:13595  .debug_str:000000000000d357 .LASF1239
C:\Users\zero6575\AppData\Local\Temp\cc9KUamq.s:10357  .debug_str:0000000000002d75 .LASF1241
C:\Users\zero6575\AppData\Local\Temp\cc9KUamq.s:11729  .debug_str:000000000000746a .LASF1242
C:\Users\zero6575\AppData\Local\Temp\cc9KUamq.s:12779  .debug_str:000000000000a9ac .LASF1243
C:\Users\zero6575\AppData\Local\Temp\cc9KUamq.s:13537  .debug_str:000000000000d029 .LASF1244
C:\Users\zero6575\AppData\Local\Temp\cc9KUamq.s:10993  .debug_str:0000000000004efc .LASF1245
C:\Users\zero6575\AppData\Local\Temp\cc9KUamq.s:9715   .debug_str:0000000000000b23 .LASF1246
C:\Users\zero6575\AppData\Local\Temp\cc9KUamq.s:12149  .debug_str:0000000000008b41 .LASF1247
C:\Users\zero6575\AppData\Local\Temp\cc9KUamq.s:11141  .debug_str:0000000000005626 .LASF1248
C:\Users\zero6575\AppData\Local\Temp\cc9KUamq.s:10957  .debug_str:0000000000004cb5 .LASF1249
C:\Users\zero6575\AppData\Local\Temp\cc9KUamq.s:12665  .debug_str:000000000000a4ce .LASF1250
C:\Users\zero6575\AppData\Local\Temp\cc9KUamq.s:11561  .debug_str:0000000000006ba1 .LASF1251
C:\Users\zero6575\AppData\Local\Temp\cc9KUamq.s:11955  .debug_str:000000000000803d .LASF1252
C:\Users\zero6575\AppData\Local\Temp\cc9KUamq.s:11119  .debug_str:0000000000005544 .LASF1253
C:\Users\zero6575\AppData\Local\Temp\cc9KUamq.s:10991  .debug_str:0000000000004ef4 .LASF1254
C:\Users\zero6575\AppData\Local\Temp\cc9KUamq.s:12801  .debug_str:000000000000aacb .LASF1255
C:\Users\zero6575\AppData\Local\Temp\cc9KUamq.s:12735  .debug_str:000000000000a799 .LASF1256
C:\Users\zero6575\AppData\Local\Temp\cc9KUamq.s:11583  .debug_str:0000000000006cc4 .LASF1257
C:\Users\zero6575\AppData\Local\Temp\cc9KUamq.s:12003  .debug_str:00000000000082bf .LASF1258
C:\Users\zero6575\AppData\Local\Temp\cc9KUamq.s:13191  .debug_str:000000000000be70 .LASF1259
C:\Users\zero6575\AppData\Local\Temp\cc9KUamq.s:12389  .debug_str:0000000000009724 .LASF1264
C:\Users\zero6575\AppData\Local\Temp\cc9KUamq.s:11285  .debug_str:0000000000005d8a .LASF1260
C:\Users\zero6575\AppData\Local\Temp\cc9KUamq.s:12165  .debug_str:0000000000008be0 .LASF1261
C:\Users\zero6575\AppData\Local\Temp\cc9KUamq.s:13463  .debug_str:000000000000cd06 .LASF1262
C:\Users\zero6575\AppData\Local\Temp\cc9KUamq.s:10523  .debug_str:0000000000003539 .LASF1263
C:\Users\zero6575\AppData\Local\Temp\cc9KUamq.s:10273  .debug_str:0000000000002974 .LASF1265
C:\Users\zero6575\AppData\Local\Temp\cc9KUamq.s:11425  .debug_str:00000000000064c2 .LASF1266
C:\Users\zero6575\AppData\Local\Temp\cc9KUamq.s:13473  .debug_str:000000000000cd5c .LASF1267
C:\Users\zero6575\AppData\Local\Temp\cc9KUamq.s:11129  .debug_str:0000000000005590 .LASF1268
C:\Users\zero6575\AppData\Local\Temp\cc9KUamq.s:11197  .debug_str:000000000000589f .LASF1269
C:\Users\zero6575\AppData\Local\Temp\cc9KUamq.s:9667   .debug_str:000000000000096f .LASF1270
C:\Users\zero6575\AppData\Local\Temp\cc9KUamq.s:10713  .debug_str:00000000000040b6 .LASF1271
C:\Users\zero6575\AppData\Local\Temp\cc9KUamq.s:10463  .debug_str:00000000000032a9 .LASF1272
C:\Users\zero6575\AppData\Local\Temp\cc9KUamq.s:10313  .debug_str:0000000000002b40 .LASF1273
C:\Users\zero6575\AppData\Local\Temp\cc9KUamq.s:10467  .debug_str:00000000000032cb .LASF1274
C:\Users\zero6575\AppData\Local\Temp\cc9KUamq.s:11435  .debug_str:000000000000656a .LASF1275
C:\Users\zero6575\AppData\Local\Temp\cc9KUamq.s:11223  .debug_str:00000000000059f9 .LASF1276
C:\Users\zero6575\AppData\Local\Temp\cc9KUamq.s:10443  .debug_str:000000000000317a .LASF1277
C:\Users\zero6575\AppData\Local\Temp\cc9KUamq.s:9671   .debug_str:0000000000000989 .LASF1278
C:\Users\zero6575\AppData\Local\Temp\cc9KUamq.s:12811  .debug_str:000000000000ab4e .LASF1279
C:\Users\zero6575\AppData\Local\Temp\cc9KUamq.s:9597   .debug_str:0000000000000668 .LASF1280
C:\Users\zero6575\AppData\Local\Temp\cc9KUamq.s:9689   .debug_str:0000000000000a1b .LASF1281
C:\Users\zero6575\AppData\Local\Temp\cc9KUamq.s:12709  .debug_str:000000000000a67a .LASF1282
C:\Users\zero6575\AppData\Local\Temp\cc9KUamq.s:9457   .debug_str:0000000000000000 .LASF1283
C:\Users\zero6575\AppData\Local\Temp\cc9KUamq.s:11883  .debug_str:0000000000007c19 .LASF1284
C:\Users\zero6575\AppData\Local\Temp\cc9KUamq.s:10209  .debug_str:0000000000002632 .LASF1285
C:\Users\zero6575\AppData\Local\Temp\cc9KUamq.s:10577  .debug_str:00000000000037a9 .LASF1286
C:\Users\zero6575\AppData\Local\Temp\cc9KUamq.s:9963   .debug_str:0000000000001739 .LASF1287
C:\Users\zero6575\AppData\Local\Temp\cc9KUamq.s:9745   .debug_str:0000000000000cb2 .LASF1288
C:\Users\zero6575\AppData\Local\Temp\cc9KUamq.s:12667  .debug_str:000000000000a4d6 .LASF1289
C:\Users\zero6575\AppData\Local\Temp\cc9KUamq.s:10035  .debug_str:0000000000001b4e .LASF1290
C:\Users\zero6575\AppData\Local\Temp\cc9KUamq.s:10099  .debug_str:00000000000020dc .LASF1291
C:\Users\zero6575\AppData\Local\Temp\cc9KUamq.s:10167  .debug_str:0000000000002418 .LASF1292
C:\Users\zero6575\AppData\Local\Temp\cc9KUamq.s:11181  .debug_str:0000000000005815 .LASF1293
C:\Users\zero6575\AppData\Local\Temp\cc9KUamq.s:10833  .debug_str:00000000000046b6 .LASF1294
C:\Users\zero6575\AppData\Local\Temp\cc9KUamq.s:10489  .debug_str:00000000000033b6 .LASF1295
C:\Users\zero6575\AppData\Local\Temp\cc9KUamq.s:10431  .debug_str:0000000000003104 .LASF1296
C:\Users\zero6575\AppData\Local\Temp\cc9KUamq.s:9687   .debug_str:0000000000000a16 .LASF1297
C:\Users\zero6575\AppData\Local\Temp\cc9KUamq.s:12103  .debug_str:0000000000008895 .LASF1298
C:\Users\zero6575\AppData\Local\Temp\cc9KUamq.s:13147  .debug_str:000000000000bc42 .LASF1299
C:\Users\zero6575\AppData\Local\Temp\cc9KUamq.s:13115  .debug_str:000000000000ba4c .LASF1300
C:\Users\zero6575\AppData\Local\Temp\cc9KUamq.s:13303  .debug_str:000000000000c41d .LASF1301
C:\Users\zero6575\AppData\Local\Temp\cc9KUamq.s:12619  .debug_str:000000000000a29e .LASF1302
C:\Users\zero6575\AppData\Local\Temp\cc9KUamq.s:13025  .debug_str:000000000000b61d .LASF1303
C:\Users\zero6575\AppData\Local\Temp\cc9KUamq.s:9781   .debug_str:0000000000000ef9 .LASF1304
C:\Users\zero6575\AppData\Local\Temp\cc9KUamq.s:11049  .debug_str:000000000000521d .LASF1305
C:\Users\zero6575\AppData\Local\Temp\cc9KUamq.s:13541  .debug_str:000000000000d04d .LASF1306
C:\Users\zero6575\AppData\Local\Temp\cc9KUamq.s:10979  .debug_str:0000000000004e80 .LASF1307
C:\Users\zero6575\AppData\Local\Temp\cc9KUamq.s:11949  .debug_str:0000000000008007 .LASF1308
C:\Users\zero6575\AppData\Local\Temp\cc9KUamq.s:9791   .debug_str:0000000000000f65 .LASF1309
C:\Users\zero6575\AppData\Local\Temp\cc9KUamq.s:12609  .debug_str:000000000000a268 .LASF1310
C:\Users\zero6575\AppData\Local\Temp\cc9KUamq.s:10195  .debug_str:0000000000002572 .LASF1311
C:\Users\zero6575\AppData\Local\Temp\cc9KUamq.s:10531  .debug_str:000000000000356a .LASF1312
C:\Users\zero6575\AppData\Local\Temp\cc9KUamq.s:11297  .debug_str:0000000000005e00 .LASF1313
C:\Users\zero6575\AppData\Local\Temp\cc9KUamq.s:12699  .debug_str:000000000000a632 .LASF1314
C:\Users\zero6575\AppData\Local\Temp\cc9KUamq.s:11311  .debug_str:0000000000005e93 .LASF1315
C:\Users\zero6575\AppData\Local\Temp\cc9KUamq.s:13619  .debug_str:000000000000d460 .LASF1316
C:\Users\zero6575\AppData\Local\Temp\cc9KUamq.s:10617  .debug_str:0000000000003a28 .LASF1317
C:\Users\zero6575\AppData\Local\Temp\cc9KUamq.s:11697  .debug_str:0000000000007330 .LASF1318
C:\Users\zero6575\AppData\Local\Temp\cc9KUamq.s:12305  .debug_str:0000000000009330 .LASF1319
C:\Users\zero6575\AppData\Local\Temp\cc9KUamq.s:12593  .debug_str:000000000000a1ac .LASF1320
C:\Users\zero6575\AppData\Local\Temp\cc9KUamq.s:9845   .debug_str:00000000000011e9 .LASF1321
C:\Users\zero6575\AppData\Local\Temp\cc9KUamq.s:12583  .debug_str:000000000000a14a .LASF1322
C:\Users\zero6575\AppData\Local\Temp\cc9KUamq.s:11847  .debug_str:00000000000079ad .LASF1323
C:\Users\zero6575\AppData\Local\Temp\cc9KUamq.s:9843   .debug_str:00000000000011e3 .LASF1324
C:\Users\zero6575\AppData\Local\Temp\cc9KUamq.s:9593   .debug_str:000000000000063e .LASF1325
C:\Users\zero6575\AppData\Local\Temp\cc9KUamq.s:13273  .debug_str:000000000000c2a6 .LASF1326
C:\Users\zero6575\AppData\Local\Temp\cc9KUamq.s:12313  .debug_str:000000000000938d .LASF439
C:\Users\zero6575\AppData\Local\Temp\cc9KUamq.s:13451  .debug_str:000000000000cc8d .LASF1327
C:\Users\zero6575\AppData\Local\Temp\cc9KUamq.s:12323  .debug_str:00000000000093e7 .LASF1328
C:\Users\zero6575\AppData\Local\Temp\cc9KUamq.s:11161  .debug_str:000000000000573c .LASF1329
C:\Users\zero6575\AppData\Local\Temp\cc9KUamq.s:12101  .debug_str:000000000000888f .LASF1330
C:\Users\zero6575\AppData\Local\Temp\cc9KUamq.s:13639  .debug_str:000000000000d515 .LASF1331
C:\Users\zero6575\AppData\Local\Temp\cc9KUamq.s:11695  .debug_str:000000000000732a .LASF1332
C:\Users\zero6575\AppData\Local\Temp\cc9KUamq.s:10751  .debug_str:0000000000004359 .LASF1333
C:\Users\zero6575\AppData\Local\Temp\cc9KUamq.s:9959   .debug_str:000000000000172a .LASF1334
C:\Users\zero6575\AppData\Local\Temp\cc9KUamq.s:12123  .debug_str:0000000000008946 .LASF1335
C:\Users\zero6575\AppData\Local\Temp\cc9KUamq.s:12989  .debug_str:000000000000b462 .LASF1336
C:\Users\zero6575\AppData\Local\Temp\cc9KUamq.s:12823  .debug_str:000000000000abb0 .LASF1337
C:\Users\zero6575\AppData\Local\Temp\cc9KUamq.s:10433  .debug_str:000000000000310c .LASF1338
C:\Users\zero6575\AppData\Local\Temp\cc9KUamq.s:10427  .debug_str:00000000000030d7 .LASF1339
C:\Users\zero6575\AppData\Local\Temp\cc9KUamq.s:12843  .debug_str:000000000000aca7 .LASF1340
C:\Users\zero6575\AppData\Local\Temp\cc9KUamq.s:11801  .debug_str:00000000000077bd .LASF1341
C:\Users\zero6575\AppData\Local\Temp\cc9KUamq.s:12397  .debug_str:0000000000009787 .LASF1342
C:\Users\zero6575\AppData\Local\Temp\cc9KUamq.s:11645  .debug_str:0000000000007082 .LASF1343
C:\Users\zero6575\AppData\Local\Temp\cc9KUamq.s:12607  .debug_str:000000000000a25b .LASF1344
C:\Users\zero6575\AppData\Local\Temp\cc9KUamq.s:12049  .debug_str:00000000000084ba .LASF1345
C:\Users\zero6575\AppData\Local\Temp\cc9KUamq.s:10223  .debug_str:0000000000002722 .LASF1346
C:\Users\zero6575\AppData\Local\Temp\cc9KUamq.s:11897  .debug_str:0000000000007cb8 .LASF1347
C:\Users\zero6575\AppData\Local\Temp\cc9KUamq.s:12475  .debug_str:0000000000009b67 .LASF1348
C:\Users\zero6575\AppData\Local\Temp\cc9KUamq.s:10781  .debug_str:0000000000004472 .LASF1349
C:\Users\zero6575\AppData\Local\Temp\cc9KUamq.s:11121  .debug_str:000000000000554b .LASF1350
C:\Users\zero6575\AppData\Local\Temp\cc9KUamq.s:10515  .debug_str:00000000000034ed .LASF1351
C:\Users\zero6575\AppData\Local\Temp\cc9KUamq.s:11489  .debug_str:00000000000067cd .LASF1352
C:\Users\zero6575\AppData\Local\Temp\cc9KUamq.s:11971  .debug_str:0000000000008122 .LASF1353
C:\Users\zero6575\AppData\Local\Temp\cc9KUamq.s:12611  .debug_str:000000000000a270 .LASF2114
C:\Users\zero6575\AppData\Local\Temp\cc9KUamq.s:10557  .debug_str:00000000000036b7 .LASF1354
C:\Users\zero6575\AppData\Local\Temp\cc9KUamq.s:13199  .debug_str:000000000000beb3 .LASF1355
C:\Users\zero6575\AppData\Local\Temp\cc9KUamq.s:13117  .debug_str:000000000000ba65 .LASF1356
C:\Users\zero6575\AppData\Local\Temp\cc9KUamq.s:12577  .debug_str:000000000000a10c .LASF1357
C:\Users\zero6575\AppData\Local\Temp\cc9KUamq.s:13105  .debug_str:000000000000b9c5 .LASF1358
C:\Users\zero6575\AppData\Local\Temp\cc9KUamq.s:9679   .debug_str:00000000000009c0 .LASF1359
C:\Users\zero6575\AppData\Local\Temp\cc9KUamq.s:9485   .debug_str:000000000000012d .LASF1360
C:\Users\zero6575\AppData\Local\Temp\cc9KUamq.s:13171  .debug_str:000000000000bd6c .LASF1361
C:\Users\zero6575\AppData\Local\Temp\cc9KUamq.s:12909  .debug_str:000000000000b07b .LASF1362
C:\Users\zero6575\AppData\Local\Temp\cc9KUamq.s:12721  .debug_str:000000000000a6f5 .LASF1363
C:\Users\zero6575\AppData\Local\Temp\cc9KUamq.s:12813  .debug_str:000000000000ab56 .LASF1364
C:\Users\zero6575\AppData\Local\Temp\cc9KUamq.s:11033  .debug_str:000000000000513a .LASF1365
C:\Users\zero6575\AppData\Local\Temp\cc9KUamq.s:12291  .debug_str:0000000000009278 .LASF1366
C:\Users\zero6575\AppData\Local\Temp\cc9KUamq.s:10777  .debug_str:0000000000004450 .LASF1367
C:\Users\zero6575\AppData\Local\Temp\cc9KUamq.s:10709  .debug_str:000000000000408d .LASF1368
C:\Users\zero6575\AppData\Local\Temp\cc9KUamq.s:12837  .debug_str:000000000000ac57 .LASF1369
C:\Users\zero6575\AppData\Local\Temp\cc9KUamq.s:11303  .debug_str:0000000000005e4a .LASF1370
C:\Users\zero6575\AppData\Local\Temp\cc9KUamq.s:11087  .debug_str:00000000000053d7 .LASF1371
C:\Users\zero6575\AppData\Local\Temp\cc9KUamq.s:13077  .debug_str:000000000000b886 .LASF1372
C:\Users\zero6575\AppData\Local\Temp\cc9KUamq.s:11795  .debug_str:000000000000777d .LASF1373
C:\Users\zero6575\AppData\Local\Temp\cc9KUamq.s:10555  .debug_str:0000000000003695 .LASF1374
C:\Users\zero6575\AppData\Local\Temp\cc9KUamq.s:13023  .debug_str:000000000000b610 .LASF1375
C:\Users\zero6575\AppData\Local\Temp\cc9KUamq.s:9651   .debug_str:00000000000008e1 .LASF1376
C:\Users\zero6575\AppData\Local\Temp\cc9KUamq.s:9921   .debug_str:000000000000155a .LASF1377
C:\Users\zero6575\AppData\Local\Temp\cc9KUamq.s:12401  .debug_str:00000000000097c0 .LASF1378
C:\Users\zero6575\AppData\Local\Temp\cc9KUamq.s:11643  .debug_str:000000000000706a .LASF1379
C:\Users\zero6575\AppData\Local\Temp\cc9KUamq.s:10797  .debug_str:0000000000004557 .LASF1380
C:\Users\zero6575\AppData\Local\Temp\cc9KUamq.s:11837  .debug_str:0000000000007940 .LASF1381
C:\Users\zero6575\AppData\Local\Temp\cc9KUamq.s:10765  .debug_str:00000000000043cd .LASF1382
C:\Users\zero6575\AppData\Local\Temp\cc9KUamq.s:12203  .debug_str:0000000000008de1 .LASF1383
C:\Users\zero6575\AppData\Local\Temp\cc9KUamq.s:11097  .debug_str:0000000000005450 .LASF1384
C:\Users\zero6575\AppData\Local\Temp\cc9KUamq.s:12601  .debug_str:000000000000a20d .LASF1385
C:\Users\zero6575\AppData\Local\Temp\cc9KUamq.s:10347  .debug_str:0000000000002d12 .LASF1386
C:\Users\zero6575\AppData\Local\Temp\cc9KUamq.s:9915   .debug_str:000000000000151e .LASF1387
C:\Users\zero6575\AppData\Local\Temp\cc9KUamq.s:10021  .debug_str:0000000000001a8e .LASF1388
C:\Users\zero6575\AppData\Local\Temp\cc9KUamq.s:10359  .debug_str:0000000000002d80 .LASF1389
C:\Users\zero6575\AppData\Local\Temp\cc9KUamq.s:10693  .debug_str:0000000000003e16 .LASF1390
C:\Users\zero6575\AppData\Local\Temp\cc9KUamq.s:11751  .debug_str:0000000000007571 .LASF1391
C:\Users\zero6575\AppData\Local\Temp\cc9KUamq.s:12941  .debug_str:000000000000b20e .LASF1392
C:\Users\zero6575\AppData\Local\Temp\cc9KUamq.s:9953   .debug_str:00000000000016e9 .LASF1393
C:\Users\zero6575\AppData\Local\Temp\cc9KUamq.s:13217  .debug_str:000000000000bf9a .LASF1394
C:\Users\zero6575\AppData\Local\Temp\cc9KUamq.s:11647  .debug_str:000000000000708f .LASF1395
C:\Users\zero6575\AppData\Local\Temp\cc9KUamq.s:10525  .debug_str:000000000000353e .LASF1396
C:\Users\zero6575\AppData\Local\Temp\cc9KUamq.s:10135  .debug_str:00000000000022a0 .LASF1397
C:\Users\zero6575\AppData\Local\Temp\cc9KUamq.s:11221  .debug_str:00000000000059e8 .LASF1398
C:\Users\zero6575\AppData\Local\Temp\cc9KUamq.s:9611   .debug_str:0000000000000706 .LASF1399
C:\Users\zero6575\AppData\Local\Temp\cc9KUamq.s:10481  .debug_str:0000000000003374 .LASF1400
C:\Users\zero6575\AppData\Local\Temp\cc9KUamq.s:13417  .debug_str:000000000000cb1b .LASF1401
C:\Users\zero6575\AppData\Local\Temp\cc9KUamq.s:13561  .debug_str:000000000000d172 .LASF1402
C:\Users\zero6575\AppData\Local\Temp\cc9KUamq.s:11225  .debug_str:0000000000005a01 .LASF1403
C:\Users\zero6575\AppData\Local\Temp\cc9KUamq.s:12449  .debug_str:0000000000009a63 .LASF1404
C:\Users\zero6575\AppData\Local\Temp\cc9KUamq.s:11907  .debug_str:0000000000007d1f .LASF1405
C:\Users\zero6575\AppData\Local\Temp\cc9KUamq.s:10717  .debug_str:00000000000040d0 .LASF1406
C:\Users\zero6575\AppData\Local\Temp\cc9KUamq.s:10665  .debug_str:0000000000003cb4 .LASF1407
C:\Users\zero6575\AppData\Local\Temp\cc9KUamq.s:12275  .debug_str:000000000000915e .LASF1408
C:\Users\zero6575\AppData\Local\Temp\cc9KUamq.s:10937  .debug_str:0000000000004be1 .LASF1409
C:\Users\zero6575\AppData\Local\Temp\cc9KUamq.s:11069  .debug_str:0000000000005303 .LASF1410
C:\Users\zero6575\AppData\Local\Temp\cc9KUamq.s:10309  .debug_str:0000000000002b02 .LASF1411
C:\Users\zero6575\AppData\Local\Temp\cc9KUamq.s:13487  .debug_str:000000000000cdd6 .LASF1412
C:\Users\zero6575\AppData\Local\Temp\cc9KUamq.s:11909  .debug_str:0000000000007d2e .LASF1413
C:\Users\zero6575\AppData\Local\Temp\cc9KUamq.s:12163  .debug_str:0000000000008bce .LASF1414
C:\Users\zero6575\AppData\Local\Temp\cc9KUamq.s:11389  .debug_str:00000000000062cc .LASF1415
C:\Users\zero6575\AppData\Local\Temp\cc9KUamq.s:11521  .debug_str:00000000000069a6 .LASF1416
C:\Users\zero6575\AppData\Local\Temp\cc9KUamq.s:11713  .debug_str:00000000000073c5 .LASF1417
C:\Users\zero6575\AppData\Local\Temp\cc9KUamq.s:10351  .debug_str:0000000000002d39 .LASF1418
C:\Users\zero6575\AppData\Local\Temp\cc9KUamq.s:11931  .debug_str:0000000000007f0d .LASF1419
C:\Users\zero6575\AppData\Local\Temp\cc9KUamq.s:12817  .debug_str:000000000000ab76 .LASF1420
C:\Users\zero6575\AppData\Local\Temp\cc9KUamq.s:11747  .debug_str:0000000000007556 .LASF1421
C:\Users\zero6575\AppData\Local\Temp\cc9KUamq.s:9613   .debug_str:0000000000000716 .LASF1422
C:\Users\zero6575\AppData\Local\Temp\cc9KUamq.s:13203  .debug_str:000000000000bed8 .LASF1423
C:\Users\zero6575\AppData\Local\Temp\cc9KUamq.s:13229  .debug_str:000000000000c03b .LASF1424
C:\Users\zero6575\AppData\Local\Temp\cc9KUamq.s:10641  .debug_str:0000000000003b6d .LASF1425
C:\Users\zero6575\AppData\Local\Temp\cc9KUamq.s:12915  .debug_str:000000000000b0bd .LASF1426
C:\Users\zero6575\AppData\Local\Temp\cc9KUamq.s:10369  .debug_str:0000000000002df5 .LASF1427
C:\Users\zero6575\AppData\Local\Temp\cc9KUamq.s:11829  .debug_str:00000000000078ec .LASF1428
C:\Users\zero6575\AppData\Local\Temp\cc9KUamq.s:13257  .debug_str:000000000000c1e5 .LASF1429
C:\Users\zero6575\AppData\Local\Temp\cc9KUamq.s:12115  .debug_str:0000000000008911 .LASF1430
C:\Users\zero6575\AppData\Local\Temp\cc9KUamq.s:9641   .debug_str:0000000000000883 .LASF1431
C:\Users\zero6575\AppData\Local\Temp\cc9KUamq.s:11183  .debug_str:000000000000581c .LASF1432
C:\Users\zero6575\AppData\Local\Temp\cc9KUamq.s:10105  .debug_str:0000000000002110 .LASF1433
C:\Users\zero6575\AppData\Local\Temp\cc9KUamq.s:12045  .debug_str:000000000000849c .LASF1434
C:\Users\zero6575\AppData\Local\Temp\cc9KUamq.s:9681   .debug_str:00000000000009cf .LASF1435
C:\Users\zero6575\AppData\Local\Temp\cc9KUamq.s:11651  .debug_str:00000000000070bd .LASF1436
C:\Users\zero6575\AppData\Local\Temp\cc9KUamq.s:9795   .debug_str:0000000000000f7d .LASF1437
C:\Users\zero6575\AppData\Local\Temp\cc9KUamq.s:10485  .debug_str:0000000000003397 .LASF1438
C:\Users\zero6575\AppData\Local\Temp\cc9KUamq.s:10875  .debug_str:0000000000004910 .LASF1439
C:\Users\zero6575\AppData\Local\Temp\cc9KUamq.s:10353  .debug_str:0000000000002d49 .LASF1440
C:\Users\zero6575\AppData\Local\Temp\cc9KUamq.s:11961  .debug_str:0000000000008071 .LASF1441
C:\Users\zero6575\AppData\Local\Temp\cc9KUamq.s:12849  .debug_str:000000000000acd6 .LASF1442
C:\Users\zero6575\AppData\Local\Temp\cc9KUamq.s:11457  .debug_str:0000000000006658 .LASF1443
C:\Users\zero6575\AppData\Local\Temp\cc9KUamq.s:11557  .debug_str:0000000000006b48 .LASF1444
C:\Users\zero6575\AppData\Local\Temp\cc9KUamq.s:10989  .debug_str:0000000000004ede .LASF1445
C:\Users\zero6575\AppData\Local\Temp\cc9KUamq.s:10279  .debug_str:00000000000029a4 .LASF1446
C:\Users\zero6575\AppData\Local\Temp\cc9KUamq.s:10397  .debug_str:0000000000002f6d .LASF1447
C:\Users\zero6575\AppData\Local\Temp\cc9KUamq.s:12757  .debug_str:000000000000a8bc .LASF1448
C:\Users\zero6575\AppData\Local\Temp\cc9KUamq.s:13337  .debug_str:000000000000c5e2 .LASF1449
C:\Users\zero6575\AppData\Local\Temp\cc9KUamq.s:11715  .debug_str:00000000000073df .LASF1450
C:\Users\zero6575\AppData\Local\Temp\cc9KUamq.s:10409  .debug_str:000000000000300e .LASF1451
C:\Users\zero6575\AppData\Local\Temp\cc9KUamq.s:11799  .debug_str:00000000000077a9 .LASF1452
C:\Users\zero6575\AppData\Local\Temp\cc9KUamq.s:13165  .debug_str:000000000000bd18 .LASF1453
C:\Users\zero6575\AppData\Local\Temp\cc9KUamq.s:10243  .debug_str:000000000000282d .LASF1454
C:\Users\zero6575\AppData\Local\Temp\cc9KUamq.s:9537   .debug_str:0000000000000382 .LASF1455
C:\Users\zero6575\AppData\Local\Temp\cc9KUamq.s:11379  .debug_str:000000000000621f .LASF1456
C:\Users\zero6575\AppData\Local\Temp\cc9KUamq.s:10627  .debug_str:0000000000003aab .LASF1457
C:\Users\zero6575\AppData\Local\Temp\cc9KUamq.s:10493  .debug_str:00000000000033d6 .LASF1458
C:\Users\zero6575\AppData\Local\Temp\cc9KUamq.s:10377  .debug_str:0000000000002e60 .LASF1459
C:\Users\zero6575\AppData\Local\Temp\cc9KUamq.s:12231  .debug_str:0000000000008f4b .LASF1460
C:\Users\zero6575\AppData\Local\Temp\cc9KUamq.s:10405  .debug_str:0000000000002fe1 .LASF1461
C:\Users\zero6575\AppData\Local\Temp\cc9KUamq.s:9945   .debug_str:000000000000168c .LASF1462
C:\Users\zero6575\AppData\Local\Temp\cc9KUamq.s:9521   .debug_str:0000000000000299 .LASF1463
C:\Users\zero6575\AppData\Local\Temp\cc9KUamq.s:10345  .debug_str:0000000000002cfe .LASF1464
C:\Users\zero6575\AppData\Local\Temp\cc9KUamq.s:13589  .debug_str:000000000000d322 .LASF1465
C:\Users\zero6575\AppData\Local\Temp\cc9KUamq.s:11609  .debug_str:0000000000006e3e .LASF1466
C:\Users\zero6575\AppData\Local\Temp\cc9KUamq.s:11359  .debug_str:0000000000006146 .LASF1467
C:\Users\zero6575\AppData\Local\Temp\cc9KUamq.s:10295  .debug_str:0000000000002a61 .LASF1468
C:\Users\zero6575\AppData\Local\Temp\cc9KUamq.s:9987   .debug_str:0000000000001870 .LASF1469
C:\Users\zero6575\AppData\Local\Temp\cc9KUamq.s:11463  .debug_str:000000000000669f .LASF1470
C:\Users\zero6575\AppData\Local\Temp\cc9KUamq.s:12407  .debug_str:00000000000097f3 .LASF1471
C:\Users\zero6575\AppData\Local\Temp\cc9KUamq.s:13187  .debug_str:000000000000be4c .LASF1472
C:\Users\zero6575\AppData\Local\Temp\cc9KUamq.s:13175  .debug_str:000000000000bda3 .LASF1473
C:\Users\zero6575\AppData\Local\Temp\cc9KUamq.s:11375  .debug_str:00000000000061f3 .LASF1474
C:\Users\zero6575\AppData\Local\Temp\cc9KUamq.s:10653  .debug_str:0000000000003c35 .LASF1475
C:\Users\zero6575\AppData\Local\Temp\cc9KUamq.s:10305  .debug_str:0000000000002acc .LASF1476
C:\Users\zero6575\AppData\Local\Temp\cc9KUamq.s:12739  .debug_str:000000000000a7c5 .LASF1477
C:\Users\zero6575\AppData\Local\Temp\cc9KUamq.s:13485  .debug_str:000000000000cdb1 .LASF1478
C:\Users\zero6575\AppData\Local\Temp\cc9KUamq.s:9731   .debug_str:0000000000000c05 .LASF1479
C:\Users\zero6575\AppData\Local\Temp\cc9KUamq.s:12239  .debug_str:0000000000008f93 .LASF1480
C:\Users\zero6575\AppData\Local\Temp\cc9KUamq.s:12247  .debug_str:0000000000009002 .LASF1481
C:\Users\zero6575\AppData\Local\Temp\cc9KUamq.s:10277  .debug_str:000000000000298d .LASF1482
C:\Users\zero6575\AppData\Local\Temp\cc9KUamq.s:11191  .debug_str:0000000000005869 .LASF1483
C:\Users\zero6575\AppData\Local\Temp\cc9KUamq.s:10977  .debug_str:0000000000004e66 .LASF1484
C:\Users\zero6575\AppData\Local\Temp\cc9KUamq.s:12145  .debug_str:0000000000008af4 .LASF1485
C:\Users\zero6575\AppData\Local\Temp\cc9KUamq.s:12847  .debug_str:000000000000acbf .LASF1486
C:\Users\zero6575\AppData\Local\Temp\cc9KUamq.s:13211  .debug_str:000000000000bf3b .LASF1487
C:\Users\zero6575\AppData\Local\Temp\cc9KUamq.s:10527  .debug_str:000000000000354f .LASF1488
C:\Users\zero6575\AppData\Local\Temp\cc9KUamq.s:13453  .debug_str:000000000000cc94 .LASF1489
C:\Users\zero6575\AppData\Local\Temp\cc9KUamq.s:11851  .debug_str:00000000000079c5 .LASF1490
C:\Users\zero6575\AppData\Local\Temp\cc9KUamq.s:10217  .debug_str:00000000000026aa .LASF1491
C:\Users\zero6575\AppData\Local\Temp\cc9KUamq.s:11189  .debug_str:0000000000005852 .LASF1492
C:\Users\zero6575\AppData\Local\Temp\cc9KUamq.s:11447  .debug_str:00000000000065d5 .LASF1493
C:\Users\zero6575\AppData\Local\Temp\cc9KUamq.s:11901  .debug_str:0000000000007cd2 .LASF1494
C:\Users\zero6575\AppData\Local\Temp\cc9KUamq.s:12529  .debug_str:0000000000009ecd .LASF1495
C:\Users\zero6575\AppData\Local\Temp\cc9KUamq.s:11607  .debug_str:0000000000006e2c .LASF1496
C:\Users\zero6575\AppData\Local\Temp\cc9KUamq.s:10893  .debug_str:00000000000049fe .LASF1497
C:\Users\zero6575\AppData\Local\Temp\cc9KUamq.s:13381  .debug_str:000000000000c96f .LASF1498
C:\Users\zero6575\AppData\Local\Temp\cc9KUamq.s:12197  .debug_str:0000000000008d8a .LASF1499
C:\Users\zero6575\AppData\Local\Temp\cc9KUamq.s:11689  .debug_str:00000000000072ee .LASF1500
C:\Users\zero6575\AppData\Local\Temp\cc9KUamq.s:12283  .debug_str:00000000000091c4 .LASF1501
C:\Users\zero6575\AppData\Local\Temp\cc9KUamq.s:12907  .debug_str:000000000000b05b .LASF1502
C:\Users\zero6575\AppData\Local\Temp\cc9KUamq.s:13413  .debug_str:000000000000caf7 .LASF1503
C:\Users\zero6575\AppData\Local\Temp\cc9KUamq.s:12109  .debug_str:00000000000088d0 .LASF1504
C:\Users\zero6575\AppData\Local\Temp\cc9KUamq.s:13395  .debug_str:000000000000ca1b .LASF1505
C:\Users\zero6575\AppData\Local\Temp\cc9KUamq.s:12463  .debug_str:0000000000009aec .LASF1506
C:\Users\zero6575\AppData\Local\Temp\cc9KUamq.s:12657  .debug_str:000000000000a454 .LASF1507
C:\Users\zero6575\AppData\Local\Temp\cc9KUamq.s:12387  .debug_str:0000000000009711 .LASF1508
C:\Users\zero6575\AppData\Local\Temp\cc9KUamq.s:9515   .debug_str:0000000000000261 .LASF1509
C:\Users\zero6575\AppData\Local\Temp\cc9KUamq.s:12287  .debug_str:00000000000091fa .LASF1510
C:\Users\zero6575\AppData\Local\Temp\cc9KUamq.s:13563  .debug_str:000000000000d186 .LASF1511
C:\Users\zero6575\AppData\Local\Temp\cc9KUamq.s:12315  .debug_str:0000000000009392 .LASF1512
C:\Users\zero6575\AppData\Local\Temp\cc9KUamq.s:12911  .debug_str:000000000000b092 .LASF1513
C:\Users\zero6575\AppData\Local\Temp\cc9KUamq.s:12925  .debug_str:000000000000b149 .LASF1514
C:\Users\zero6575\AppData\Local\Temp\cc9KUamq.s:13133  .debug_str:000000000000bb0c .LASF1515
C:\Users\zero6575\AppData\Local\Temp\cc9KUamq.s:12937  .debug_str:000000000000b1e7 .LASF1516
C:\Users\zero6575\AppData\Local\Temp\cc9KUamq.s:10897  .debug_str:0000000000004a29 .LASF1517
C:\Users\zero6575\AppData\Local\Temp\cc9KUamq.s:9645   .debug_str:00000000000008ab .LASF1518
C:\Users\zero6575\AppData\Local\Temp\cc9KUamq.s:11353  .debug_str:00000000000060f5 .LASF1519
C:\Users\zero6575\AppData\Local\Temp\cc9KUamq.s:13515  .debug_str:000000000000cf46 .LASF1520
C:\Users\zero6575\AppData\Local\Temp\cc9KUamq.s:12771  .debug_str:000000000000a940 .LASF1521
C:\Users\zero6575\AppData\Local\Temp\cc9KUamq.s:13603  .debug_str:000000000000d3b9 .LASF1522
C:\Users\zero6575\AppData\Local\Temp\cc9KUamq.s:13511  .debug_str:000000000000cf1f .LASF1523
C:\Users\zero6575\AppData\Local\Temp\cc9KUamq.s:13593  .debug_str:000000000000d34a .LASF1524
C:\Users\zero6575\AppData\Local\Temp\cc9KUamq.s:11449  .debug_str:00000000000065e5 .LASF1525
C:\Users\zero6575\AppData\Local\Temp\cc9KUamq.s:12643  .debug_str:000000000000a3b8 .LASF1526
C:\Users\zero6575\AppData\Local\Temp\cc9KUamq.s:13019  .debug_str:000000000000b5ef .LASF1527
C:\Users\zero6575\AppData\Local\Temp\cc9KUamq.s:12393  .debug_str:0000000000009741 .LASF1528
C:\Users\zero6575\AppData\Local\Temp\cc9KUamq.s:9759   .debug_str:0000000000000dab .LASF1529
C:\Users\zero6575\AppData\Local\Temp\cc9KUamq.s:13043  .debug_str:000000000000b6e0 .LASF1530
C:\Users\zero6575\AppData\Local\Temp\cc9KUamq.s:13197  .debug_str:000000000000be99 .LASF1531
C:\Users\zero6575\AppData\Local\Temp\cc9KUamq.s:12807  .debug_str:000000000000ab19 .LASF1532
C:\Users\zero6575\AppData\Local\Temp\cc9KUamq.s:11601  .debug_str:0000000000006dea .LASF1533
C:\Users\zero6575\AppData\Local\Temp\cc9KUamq.s:10895  .debug_str:0000000000004a11 .LASF1534
C:\Users\zero6575\AppData\Local\Temp\cc9KUamq.s:11877  .debug_str:0000000000007be2 .LASF1535
C:\Users\zero6575\AppData\Local\Temp\cc9KUamq.s:12635  .debug_str:000000000000a362 .LASF1536
C:\Users\zero6575\AppData\Local\Temp\cc9KUamq.s:11111  .debug_str:00000000000054e1 .LASF1537
C:\Users\zero6575\AppData\Local\Temp\cc9KUamq.s:12763  .debug_str:000000000000a8f0 .LASF1538
C:\Users\zero6575\AppData\Local\Temp\cc9KUamq.s:13575  .debug_str:000000000000d239 .LASF1539
C:\Users\zero6575\AppData\Local\Temp\cc9KUamq.s:13649  .debug_str:000000000000d563 .LASF1540
C:\Users\zero6575\AppData\Local\Temp\cc9KUamq.s:12633  .debug_str:000000000000a34b .LASF1541
C:\Users\zero6575\AppData\Local\Temp\cc9KUamq.s:10621  .debug_str:0000000000003a3d .LASF1542
C:\Users\zero6575\AppData\Local\Temp\cc9KUamq.s:9883   .debug_str:00000000000013b1 .LASF1543
C:\Users\zero6575\AppData\Local\Temp\cc9KUamq.s:11321  .debug_str:0000000000005eed .LASF1544
C:\Users\zero6575\AppData\Local\Temp\cc9KUamq.s:9707   .debug_str:0000000000000ad5 .LASF1545
C:\Users\zero6575\AppData\Local\Temp\cc9KUamq.s:10439  .debug_str:000000000000314b .LASF1546
C:\Users\zero6575\AppData\Local\Temp\cc9KUamq.s:13643  .debug_str:000000000000d537 .LASF1547
C:\Users\zero6575\AppData\Local\Temp\cc9KUamq.s:12975  .debug_str:000000000000b3c6 .LASF1548
C:\Users\zero6575\AppData\Local\Temp\cc9KUamq.s:10435  .debug_str:0000000000003114 .LASF1549
C:\Users\zero6575\AppData\Local\Temp\cc9KUamq.s:13039  .debug_str:000000000000b6b3 .LASF1550
C:\Users\zero6575\AppData\Local\Temp\cc9KUamq.s:10097  .debug_str:00000000000020cb .LASF1551
C:\Users\zero6575\AppData\Local\Temp\cc9KUamq.s:11075  .debug_str:000000000000533d .LASF1552
C:\Users\zero6575\AppData\Local\Temp\cc9KUamq.s:11039  .debug_str:00000000000051be .LASF1553
C:\Users\zero6575\AppData\Local\Temp\cc9KUamq.s:10643  .debug_str:0000000000003b82 .LASF1554
C:\Users\zero6575\AppData\Local\Temp\cc9KUamq.s:10753  .debug_str:000000000000435f .LASF1555
C:\Users\zero6575\AppData\Local\Temp\cc9KUamq.s:12391  .debug_str:000000000000972c .LASF1556
C:\Users\zero6575\AppData\Local\Temp\cc9KUamq.s:9969   .debug_str:000000000000179a .LASF1557
C:\Users\zero6575\AppData\Local\Temp\cc9KUamq.s:11679  .debug_str:0000000000007293 .LASF1558
C:\Users\zero6575\AppData\Local\Temp\cc9KUamq.s:11889  .debug_str:0000000000007c44 .LASF1559
C:\Users\zero6575\AppData\Local\Temp\cc9KUamq.s:10471  .debug_str:00000000000032f2 .LASF1560
C:\Users\zero6575\AppData\Local\Temp\cc9KUamq.s:12491  .debug_str:0000000000009c39 .LASF1561
C:\Users\zero6575\AppData\Local\Temp\cc9KUamq.s:11531  .debug_str:0000000000006a25 .LASF1562
C:\Users\zero6575\AppData\Local\Temp\cc9KUamq.s:12435  .debug_str:000000000000998d .LASF1563
C:\Users\zero6575\AppData\Local\Temp\cc9KUamq.s:13089  .debug_str:000000000000b916 .LASF1564
C:\Users\zero6575\AppData\Local\Temp\cc9KUamq.s:11443  .debug_str:00000000000065af .LASF1565
C:\Users\zero6575\AppData\Local\Temp\cc9KUamq.s:11173  .debug_str:00000000000057b7 .LASF1566
C:\Users\zero6575\AppData\Local\Temp\cc9KUamq.s:12793  .debug_str:000000000000aa56 .LASF1567
C:\Users\zero6575\AppData\Local\Temp\cc9KUamq.s:13519  .debug_str:000000000000cf78 .LASF1568
C:\Users\zero6575\AppData\Local\Temp\cc9KUamq.s:12377  .debug_str:0000000000009695 .LASF1569
C:\Users\zero6575\AppData\Local\Temp\cc9KUamq.s:12507  .debug_str:0000000000009d2f .LASF1570
C:\Users\zero6575\AppData\Local\Temp\cc9KUamq.s:12797  .debug_str:000000000000aa99 .LASF1571
C:\Users\zero6575\AppData\Local\Temp\cc9KUamq.s:13627  .debug_str:000000000000d4a6 .LASF1572
C:\Users\zero6575\AppData\Local\Temp\cc9KUamq.s:10611  .debug_str:000000000000399f .LASF1573
C:\Users\zero6575\AppData\Local\Temp\cc9KUamq.s:10061  .debug_str:0000000000001f18 .LASF1574
C:\Users\zero6575\AppData\Local\Temp\cc9KUamq.s:11723  .debug_str:0000000000007421 .LASF1575
C:\Users\zero6575\AppData\Local\Temp\cc9KUamq.s:13139  .debug_str:000000000000bb55 .LASF1576
C:\Users\zero6575\AppData\Local\Temp\cc9KUamq.s:10281  .debug_str:00000000000029b2 .LASF1577
C:\Users\zero6575\AppData\Local\Temp\cc9KUamq.s:9657   .debug_str:0000000000000916 .LASF1578
C:\Users\zero6575\AppData\Local\Temp\cc9KUamq.s:11199  .debug_str:00000000000058a9 .LASF1579
C:\Users\zero6575\AppData\Local\Temp\cc9KUamq.s:12691  .debug_str:000000000000a5dc .LASF1580
C:\Users\zero6575\AppData\Local\Temp\cc9KUamq.s:12851  .debug_str:000000000000ace4 .LASF1581
C:\Users\zero6575\AppData\Local\Temp\cc9KUamq.s:11067  .debug_str:00000000000052ee .LASF1582
C:\Users\zero6575\AppData\Local\Temp\cc9KUamq.s:11481  .debug_str:0000000000006759 .LASF1583
C:\Users\zero6575\AppData\Local\Temp\cc9KUamq.s:13433  .debug_str:000000000000cbba .LASF1584
C:\Users\zero6575\AppData\Local\Temp\cc9KUamq.s:10315  .debug_str:0000000000002b4a .LASF1585
C:\Users\zero6575\AppData\Local\Temp\cc9KUamq.s:13573  .debug_str:000000000000d220 .LASF1586
C:\Users\zero6575\AppData\Local\Temp\cc9KUamq.s:13085  .debug_str:000000000000b8de .LASF1587
C:\Users\zero6575\AppData\Local\Temp\cc9KUamq.s:10599  .debug_str:00000000000038ec .LASF1588
C:\Users\zero6575\AppData\Local\Temp\cc9KUamq.s:12891  .debug_str:000000000000af4c .LASF1589
C:\Users\zero6575\AppData\Local\Temp\cc9KUamq.s:10249  .debug_str:000000000000286b .LASF1590
C:\Users\zero6575\AppData\Local\Temp\cc9KUamq.s:12993  .debug_str:000000000000b48c .LASF1591
C:\Users\zero6575\AppData\Local\Temp\cc9KUamq.s:10701  .debug_str:0000000000003ef0 .LASF1592
C:\Users\zero6575\AppData\Local\Temp\cc9KUamq.s:9705   .debug_str:0000000000000ab8 .LASF1593
C:\Users\zero6575\AppData\Local\Temp\cc9KUamq.s:10337  .debug_str:0000000000002c6f .LASF1594
C:\Users\zero6575\AppData\Local\Temp\cc9KUamq.s:10783  .debug_str:0000000000004480 .LASF1595
C:\Users\zero6575\AppData\Local\Temp\cc9KUamq.s:11051  .debug_str:0000000000005225 .LASF1596
C:\Users\zero6575\AppData\Local\Temp\cc9KUamq.s:9827   .debug_str:0000000000001106 .LASF1597
C:\Users\zero6575\AppData\Local\Temp\cc9KUamq.s:12485  .debug_str:0000000000009be3 .LASF1598
C:\Users\zero6575\AppData\Local\Temp\cc9KUamq.s:11915  .debug_str:0000000000007d87 .LASF1599
C:\Users\zero6575\AppData\Local\Temp\cc9KUamq.s:13109  .debug_str:000000000000b9f3 .LASF1600
C:\Users\zero6575\AppData\Local\Temp\cc9KUamq.s:9523   .debug_str:00000000000002a8 .LASF1601
C:\Users\zero6575\AppData\Local\Temp\cc9KUamq.s:11999  .debug_str:000000000000828d .LASF1602
C:\Users\zero6575\AppData\Local\Temp\cc9KUamq.s:11245  .debug_str:0000000000005b02 .LASF1603
C:\Users\zero6575\AppData\Local\Temp\cc9KUamq.s:11683  .debug_str:00000000000072b2 .LASF1604
C:\Users\zero6575\AppData\Local\Temp\cc9KUamq.s:11271  .debug_str:0000000000005cde .LASF1605
C:\Users\zero6575\AppData\Local\Temp\cc9KUamq.s:13285  .debug_str:000000000000c339 .LASF1606
C:\Users\zero6575\AppData\Local\Temp\cc9KUamq.s:9989   .debug_str:000000000000188c .LASF1607
C:\Users\zero6575\AppData\Local\Temp\cc9KUamq.s:11337  .debug_str:0000000000005ffb .LASF1608
C:\Users\zero6575\AppData\Local\Temp\cc9KUamq.s:11395  .debug_str:0000000000006358 .LASF1609
C:\Users\zero6575\AppData\Local\Temp\cc9KUamq.s:12999  .debug_str:000000000000b4e1 .LASF1610
C:\Users\zero6575\AppData\Local\Temp\cc9KUamq.s:9711   .debug_str:0000000000000af8 .LASF1611
C:\Users\zero6575\AppData\Local\Temp\cc9KUamq.s:12649  .debug_str:000000000000a3ff .LASF1612
C:\Users\zero6575\AppData\Local\Temp\cc9KUamq.s:13135  .debug_str:000000000000bb28 .LASF1613
C:\Users\zero6575\AppData\Local\Temp\cc9KUamq.s:11319  .debug_str:0000000000005ed8 .LASF1614
C:\Users\zero6575\AppData\Local\Temp\cc9KUamq.s:9943   .debug_str:0000000000001672 .LASF1615
C:\Users\zero6575\AppData\Local\Temp\cc9KUamq.s:11555  .debug_str:0000000000006b2d .LASF1616
C:\Users\zero6575\AppData\Local\Temp\cc9KUamq.s:11433  .debug_str:0000000000006555 .LASF1617
C:\Users\zero6575\AppData\Local\Temp\cc9KUamq.s:11421  .debug_str:000000000000649e .LASF1618
C:\Users\zero6575\AppData\Local\Temp\cc9KUamq.s:11727  .debug_str:0000000000007453 .LASF1619
C:\Users\zero6575\AppData\Local\Temp\cc9KUamq.s:13667  .debug_str:000000000000d617 .LASF1620
C:\Users\zero6575\AppData\Local\Temp\cc9KUamq.s:11803  .debug_str:00000000000077c7 .LASF1621
C:\Users\zero6575\AppData\Local\Temp\cc9KUamq.s:13375  .debug_str:000000000000c83c .LASF1622
C:\Users\zero6575\AppData\Local\Temp\cc9KUamq.s:13439  .debug_str:000000000000cc0b .LASF1623
C:\Users\zero6575\AppData\Local\Temp\cc9KUamq.s:12549  .debug_str:0000000000009fb3 .LASF1624
C:\Users\zero6575\AppData\Local\Temp\cc9KUamq.s:12725  .debug_str:000000000000a72b .LASF1625
C:\Users\zero6575\AppData\Local\Temp\cc9KUamq.s:10517  .debug_str:00000000000034fe .LASF1626
C:\Users\zero6575\AppData\Local\Temp\cc9KUamq.s:10579  .debug_str:00000000000037af .LASF1627
C:\Users\zero6575\AppData\Local\Temp\cc9KUamq.s:12783  .debug_str:000000000000a9d7 .LASF1628
C:\Users\zero6575\AppData\Local\Temp\cc9KUamq.s:10077  .debug_str:0000000000001fb9 .LASF1629
C:\Users\zero6575\AppData\Local\Temp\cc9KUamq.s:9747   .debug_str:0000000000000cb9 .LASF1630
C:\Users\zero6575\AppData\Local\Temp\cc9KUamq.s:13415  .debug_str:000000000000cb09 .LASF1631
C:\Users\zero6575\AppData\Local\Temp\cc9KUamq.s:11281  .debug_str:0000000000005d5c .LASF1632
C:\Users\zero6575\AppData\Local\Temp\cc9KUamq.s:10015  .debug_str:0000000000001a1c .LASF1633
C:\Users\zero6575\AppData\Local\Temp\cc9KUamq.s:12959  .debug_str:000000000000b306 .LASF1634
C:\Users\zero6575\AppData\Local\Temp\cc9KUamq.s:13611  .debug_str:000000000000d40f .LASF1635
C:\Users\zero6575\AppData\Local\Temp\cc9KUamq.s:12113  .debug_str:00000000000088f5 .LASF1636
C:\Users\zero6575\AppData\Local\Temp\cc9KUamq.s:9733   .debug_str:0000000000000c10 .LASF1637
C:\Users\zero6575\AppData\Local\Temp\cc9KUamq.s:10145  .debug_str:00000000000022e2 .LASF1638
C:\Users\zero6575\AppData\Local\Temp\cc9KUamq.s:12723  .debug_str:000000000000a707 .LASF1639
C:\Users\zero6575\AppData\Local\Temp\cc9KUamq.s:11209  .debug_str:0000000000005917 .LASF1640
C:\Users\zero6575\AppData\Local\Temp\cc9KUamq.s:12017  .debug_str:000000000000835c .LASF1641
C:\Users\zero6575\AppData\Local\Temp\cc9KUamq.s:11565  .debug_str:0000000000006be1 .LASF1642
C:\Users\zero6575\AppData\Local\Temp\cc9KUamq.s:12917  .debug_str:000000000000b0cd .LASF1643
C:\Users\zero6575\AppData\Local\Temp\cc9KUamq.s:12753  .debug_str:000000000000a86e .LASF1644
C:\Users\zero6575\AppData\Local\Temp\cc9KUamq.s:13155  .debug_str:000000000000bc98 .LASF1645
C:\Users\zero6575\AppData\Local\Temp\cc9KUamq.s:10441  .debug_str:000000000000315f .LASF1646
C:\Users\zero6575\AppData\Local\Temp\cc9KUamq.s:12295  .debug_str:0000000000009299 .LASF1647
C:\Users\zero6575\AppData\Local\Temp\cc9KUamq.s:12445  .debug_str:0000000000009a28 .LASF1648
C:\Users\zero6575\AppData\Local\Temp\cc9KUamq.s:9463   .debug_str:0000000000000038 .LASF1649
C:\Users\zero6575\AppData\Local\Temp\cc9KUamq.s:11291  .debug_str:0000000000005dc6 .LASF1650
C:\Users\zero6575\AppData\Local\Temp\cc9KUamq.s:13329  .debug_str:000000000000c58f .LASF1651
C:\Users\zero6575\AppData\Local\Temp\cc9KUamq.s:11761  .debug_str:00000000000075f5 .LASF1652
C:\Users\zero6575\AppData\Local\Temp\cc9KUamq.s:12483  .debug_str:0000000000009bbf .LASF1653
C:\Users\zero6575\AppData\Local\Temp\cc9KUamq.s:11935  .debug_str:0000000000007f32 .LASF1654
C:\Users\zero6575\AppData\Local\Temp\cc9KUamq.s:12903  .debug_str:000000000000afcc .LASF1655
C:\Users\zero6575\AppData\Local\Temp\cc9KUamq.s:9833   .debug_str:0000000000001161 .LASF1656
C:\Users\zero6575\AppData\Local\Temp\cc9KUamq.s:10983  .debug_str:0000000000004ead .LASF1657
C:\Users\zero6575\AppData\Local\Temp\cc9KUamq.s:13151  .debug_str:000000000000bc6c .LASF1658
C:\Users\zero6575\AppData\Local\Temp\cc9KUamq.s:12557  .debug_str:000000000000a02a .LASF1659
C:\Users\zero6575\AppData\Local\Temp\cc9KUamq.s:12617  .debug_str:000000000000a291 .LASF1660
C:\Users\zero6575\AppData\Local\Temp\cc9KUamq.s:11709  .debug_str:000000000000739e .LASF1661
C:\Users\zero6575\AppData\Local\Temp\cc9KUamq.s:13143  .debug_str:000000000000bb76 .LASF1662
C:\Users\zero6575\AppData\Local\Temp\cc9KUamq.s:12919  .debug_str:000000000000b0e5 .LASF1663
C:\Users\zero6575\AppData\Local\Temp\cc9KUamq.s:13583  .debug_str:000000000000d296 .LASF1664
C:\Users\zero6575\AppData\Local\Temp\cc9KUamq.s:11305  .debug_str:0000000000005e53 .LASF1665
C:\Users\zero6575\AppData\Local\Temp\cc9KUamq.s:9655   .debug_str:0000000000000905 .LASF1666
C:\Users\zero6575\AppData\Local\Temp\cc9KUamq.s:11817  .debug_str:0000000000007871 .LASF1667
C:\Users\zero6575\AppData\Local\Temp\cc9KUamq.s:11287  .debug_str:0000000000005d90 .LASF1668
C:\Users\zero6575\AppData\Local\Temp\cc9KUamq.s:9491   .debug_str:0000000000000165 .LASF1669
C:\Users\zero6575\AppData\Local\Temp\cc9KUamq.s:11983  .debug_str:00000000000081d8 .LASF1670
C:\Users\zero6575\AppData\Local\Temp\cc9KUamq.s:10835  .debug_str:00000000000046bd .LASF1671
C:\Users\zero6575\AppData\Local\Temp\cc9KUamq.s:11195  .debug_str:0000000000005885 .LASF1672
C:\Users\zero6575\AppData\Local\Temp\cc9KUamq.s:13053  .debug_str:000000000000b769 .LASF1673
C:\Users\zero6575\AppData\Local\Temp\cc9KUamq.s:9539   .debug_str:000000000000039d .LASF1674
C:\Users\zero6575\AppData\Local\Temp\cc9KUamq.s:12513  .debug_str:0000000000009dfa .LASF1675
C:\Users\zero6575\AppData\Local\Temp\cc9KUamq.s:12967  .debug_str:000000000000b356 .LASF1676
C:\Users\zero6575\AppData\Local\Temp\cc9KUamq.s:10547  .debug_str:00000000000035f8 .LASF1677
C:\Users\zero6575\AppData\Local\Temp\cc9KUamq.s:10055  .debug_str:0000000000001ed5 .LASF1678
C:\Users\zero6575\AppData\Local\Temp\cc9KUamq.s:10075  .debug_str:0000000000001fab .LASF1679
C:\Users\zero6575\AppData\Local\Temp\cc9KUamq.s:13491  .debug_str:000000000000ce11 .LASF1680
C:\Users\zero6575\AppData\Local\Temp\cc9KUamq.s:9933   .debug_str:0000000000001601 .LASF1681
C:\Users\zero6575\AppData\Local\Temp\cc9KUamq.s:11625  .debug_str:0000000000006f81 .LASF1682
C:\Users\zero6575\AppData\Local\Temp\cc9KUamq.s:10711  .debug_str:000000000000409e .LASF1683
C:\Users\zero6575\AppData\Local\Temp\cc9KUamq.s:9579   .debug_str:000000000000058d .LASF1684
C:\Users\zero6575\AppData\Local\Temp\cc9KUamq.s:9683   .debug_str:00000000000009eb .LASF1685
C:\Users\zero6575\AppData\Local\Temp\cc9KUamq.s:9725   .debug_str:0000000000000b83 .LASF1686
C:\Users\zero6575\AppData\Local\Temp\cc9KUamq.s:13675  .debug_str:000000000000d666 .LASF1687
C:\Users\zero6575\AppData\Local\Temp\cc9KUamq.s:12677  .debug_str:000000000000a538 .LASF1688
C:\Users\zero6575\AppData\Local\Temp\cc9KUamq.s:12781  .debug_str:000000000000a9b7 .LASF1689
C:\Users\zero6575\AppData\Local\Temp\cc9KUamq.s:13137  .debug_str:000000000000bb39 .LASF1690
C:\Users\zero6575\AppData\Local\Temp\cc9KUamq.s:10873  .debug_str:00000000000048f3 .LASF1691
C:\Users\zero6575\AppData\Local\Temp\cc9KUamq.s:9475   .debug_str:00000000000000bd .LASF1692
C:\Users\zero6575\AppData\Local\Temp\cc9KUamq.s:10839  .debug_str:00000000000046eb .LASF1693
C:\Users\zero6575\AppData\Local\Temp\cc9KUamq.s:9819   .debug_str:000000000000108e .LASF1694
C:\Users\zero6575\AppData\Local\Temp\cc9KUamq.s:11615  .debug_str:0000000000006e9a .LASF1695
C:\Users\zero6575\AppData\Local\Temp\cc9KUamq.s:10825  .debug_str:000000000000466f .LASF1696
C:\Users\zero6575\AppData\Local\Temp\cc9KUamq.s:10843  .debug_str:0000000000004724 .LASF1697
C:\Users\zero6575\AppData\Local\Temp\cc9KUamq.s:10919  .debug_str:0000000000004b10 .LASF1698
C:\Users\zero6575\AppData\Local\Temp\cc9KUamq.s:11343  .debug_str:0000000000006038 .LASF1699
C:\Users\zero6575\AppData\Local\Temp\cc9KUamq.s:12063  .debug_str:000000000000863e .LASF1700
C:\Users\zero6575\AppData\Local\Temp\cc9KUamq.s:13299  .debug_str:000000000000c3e3 .LASF1701
C:\Users\zero6575\AppData\Local\Temp\cc9KUamq.s:12889  .debug_str:000000000000af2d .LASF1702
C:\Users\zero6575\AppData\Local\Temp\cc9KUamq.s:10849  .debug_str:0000000000004792 .LASF1703
C:\Users\zero6575\AppData\Local\Temp\cc9KUamq.s:9525   .debug_str:00000000000002c4 .LASF1704
C:\Users\zero6575\AppData\Local\Temp\cc9KUamq.s:9479   .debug_str:00000000000000ef .LASF1705
C:\Users\zero6575\AppData\Local\Temp\cc9KUamq.s:13557  .debug_str:000000000000d151 .LASF1706
C:\Users\zero6575\AppData\Local\Temp\cc9KUamq.s:13069  .debug_str:000000000000b842 .LASF1707
C:\Users\zero6575\AppData\Local\Temp\cc9KUamq.s:13461  .debug_str:000000000000ccf3 .LASF1708
C:\Users\zero6575\AppData\Local\Temp\cc9KUamq.s:13623  .debug_str:000000000000d47d .LASF1709
C:\Users\zero6575\AppData\Local\Temp\cc9KUamq.s:11821  .debug_str:0000000000007892 .LASF1710
C:\Users\zero6575\AppData\Local\Temp\cc9KUamq.s:10573  .debug_str:0000000000003780 .LASF1711
C:\Users\zero6575\AppData\Local\Temp\cc9KUamq.s:10221  .debug_str:000000000000270b .LASF1712
C:\Users\zero6575\AppData\Local\Temp\cc9KUamq.s:12629  .debug_str:000000000000a320 .LASF1713
C:\Users\zero6575\AppData\Local\Temp\cc9KUamq.s:12039  .debug_str:000000000000845d .LASF1714
C:\Users\zero6575\AppData\Local\Temp\cc9KUamq.s:9459   .debug_str:0000000000000012 .LASF1715
C:\Users\zero6575\AppData\Local\Temp\cc9KUamq.s:11177  .debug_str:00000000000057ec .LASF1716
C:\Users\zero6575\AppData\Local\Temp\cc9KUamq.s:13677  .debug_str:000000000000d67b .LASF1717
C:\Users\zero6575\AppData\Local\Temp\cc9KUamq.s:12717  .debug_str:000000000000a6b9 .LASF1718
C:\Users\zero6575\AppData\Local\Temp\cc9KUamq.s:11147  .debug_str:000000000000565c .LASF1719
C:\Users\zero6575\AppData\Local\Temp\cc9KUamq.s:12567  .debug_str:000000000000a079 .LASF1720
C:\Users\zero6575\AppData\Local\Temp\cc9KUamq.s:9853   .debug_str:0000000000001222 .LASF1721
C:\Users\zero6575\AppData\Local\Temp\cc9KUamq.s:12293  .debug_str:0000000000009289 .LASF1722
C:\Users\zero6575\AppData\Local\Temp\cc9KUamq.s:11029  .debug_str:00000000000050ee .LASF1723
C:\Users\zero6575\AppData\Local\Temp\cc9KUamq.s:10909  .debug_str:0000000000004aab .LASF1724
C:\Users\zero6575\AppData\Local\Temp\cc9KUamq.s:10383  .debug_str:0000000000002eaa .LASF1725
C:\Users\zero6575\AppData\Local\Temp\cc9KUamq.s:10303  .debug_str:0000000000002ab7 .LASF1726
C:\Users\zero6575\AppData\Local\Temp\cc9KUamq.s:13469  .debug_str:000000000000cd2c .LASF1727
C:\Users\zero6575\AppData\Local\Temp\cc9KUamq.s:10917  .debug_str:0000000000004afe .LASF1728
C:\Users\zero6575\AppData\Local\Temp\cc9KUamq.s:9935   .debug_str:000000000000160d .LASF1729
C:\Users\zero6575\AppData\Local\Temp\cc9KUamq.s:12523  .debug_str:0000000000009e91 .LASF1730
C:\Users\zero6575\AppData\Local\Temp\cc9KUamq.s:12589  .debug_str:000000000000a175 .LASF1731
C:\Users\zero6575\AppData\Local\Temp\cc9KUamq.s:11109  .debug_str:00000000000054ca .LASF1732
C:\Users\zero6575\AppData\Local\Temp\cc9KUamq.s:9877   .debug_str:000000000000136e .LASF1733
C:\Users\zero6575\AppData\Local\Temp\cc9KUamq.s:11989  .debug_str:0000000000008219 .LASF1734
C:\Users\zero6575\AppData\Local\Temp\cc9KUamq.s:9477   .debug_str:00000000000000de .LASF1735
C:\Users\zero6575\AppData\Local\Temp\cc9KUamq.s:13317  .debug_str:000000000000c4e0 .LASF1736
C:\Users\zero6575\AppData\Local\Temp\cc9KUamq.s:11659  .debug_str:0000000000007111 .LASF1737
C:\Users\zero6575\AppData\Local\Temp\cc9KUamq.s:12729  .debug_str:000000000000a758 .LASF1738
C:\Users\zero6575\AppData\Local\Temp\cc9KUamq.s:11869  .debug_str:0000000000007b41 .LASF1739
C:\Users\zero6575\AppData\Local\Temp\cc9KUamq.s:10333  .debug_str:0000000000002c47 .LASF1740
C:\Users\zero6575\AppData\Local\Temp\cc9KUamq.s:13447  .debug_str:000000000000cc64 .LASF1741
C:\Users\zero6575\AppData\Local\Temp\cc9KUamq.s:10845  .debug_str:000000000000473f .LASF1742
C:\Users\zero6575\AppData\Local\Temp\cc9KUamq.s:11001  .debug_str:0000000000004f5d .LASF1743
C:\Users\zero6575\AppData\Local\Temp\cc9KUamq.s:9925   .debug_str:0000000000001599 .LASF1744
C:\Users\zero6575\AppData\Local\Temp\cc9KUamq.s:11813  .debug_str:000000000000784a .LASF1745
C:\Users\zero6575\AppData\Local\Temp\cc9KUamq.s:9595   .debug_str:0000000000000647 .LASF1746
C:\Users\zero6575\AppData\Local\Temp\cc9KUamq.s:13237  .debug_str:000000000000c09b .LASF1747
C:\Users\zero6575\AppData\Local\Temp\cc9KUamq.s:11533  .debug_str:0000000000006a32 .LASF1748
C:\Users\zero6575\AppData\Local\Temp\cc9KUamq.s:10737  .debug_str:000000000000423c .LASF1749
C:\Users\zero6575\AppData\Local\Temp\cc9KUamq.s:10461  .debug_str:0000000000003287 .LASF1750
C:\Users\zero6575\AppData\Local\Temp\cc9KUamq.s:10103  .debug_str:00000000000020e9 .LASF1751
C:\Users\zero6575\AppData\Local\Temp\cc9KUamq.s:10011  .debug_str:00000000000019d5 .LASF1752
C:\Users\zero6575\AppData\Local\Temp\cc9KUamq.s:9461   .debug_str:0000000000000023 .LASF1753
C:\Users\zero6575\AppData\Local\Temp\cc9KUamq.s:13083  .debug_str:000000000000b8d1 .LASF1754
C:\Users\zero6575\AppData\Local\Temp\cc9KUamq.s:10473  .debug_str:000000000000330e .LASF1755
C:\Users\zero6575\AppData\Local\Temp\cc9KUamq.s:12623  .debug_str:000000000000a2ba .LASF1756
C:\Users\zero6575\AppData\Local\Temp\cc9KUamq.s:13527  .debug_str:000000000000cfcc .LASF1757
C:\Users\zero6575\AppData\Local\Temp\cc9KUamq.s:12525  .debug_str:0000000000009ea6 .LASF1758
C:\Users\zero6575\AppData\Local\Temp\cc9KUamq.s:13283  .debug_str:000000000000c31b .LASF1759
C:\Users\zero6575\AppData\Local\Temp\cc9KUamq.s:10675  .debug_str:0000000000003d1d .LASF1760
C:\Users\zero6575\AppData\Local\Temp\cc9KUamq.s:13179  .debug_str:000000000000bddc .LASF1761
C:\Users\zero6575\AppData\Local\Temp\cc9KUamq.s:11073  .debug_str:0000000000005329 .LASF1762
C:\Users\zero6575\AppData\Local\Temp\cc9KUamq.s:11453  .debug_str:00000000000065fd .LASF1763
C:\Users\zero6575\AppData\Local\Temp\cc9KUamq.s:12235  .debug_str:0000000000008f73 .LASF1764
C:\Users\zero6575\AppData\Local\Temp\cc9KUamq.s:12997  .debug_str:000000000000b4ce .LASF1765
C:\Users\zero6575\AppData\Local\Temp\cc9KUamq.s:11335  .debug_str:0000000000005fdc .LASF1766
C:\Users\zero6575\AppData\Local\Temp\cc9KUamq.s:11825  .debug_str:00000000000078bf .LASF1767
C:\Users\zero6575\AppData\Local\Temp\cc9KUamq.s:10819  .debug_str:0000000000004632 .LASF1768
C:\Users\zero6575\AppData\Local\Temp\cc9KUamq.s:12581  .debug_str:000000000000a133 .LASF1769
C:\Users\zero6575\AppData\Local\Temp\cc9KUamq.s:12217  .debug_str:0000000000008e97 .LASF1770
C:\Users\zero6575\AppData\Local\Temp\cc9KUamq.s:12329  .debug_str:0000000000009422 .LASF1771
C:\Users\zero6575\AppData\Local\Temp\cc9KUamq.s:9609   .debug_str:00000000000006f0 .LASF1772
C:\Users\zero6575\AppData\Local\Temp\cc9KUamq.s:12683  .debug_str:000000000000a585 .LASF1773
C:\Users\zero6575\AppData\Local\Temp\cc9KUamq.s:11351  .debug_str:00000000000060dd .LASF1774
C:\Users\zero6575\AppData\Local\Temp\cc9KUamq.s:9653   .debug_str:00000000000008eb .LASF1775
C:\Users\zero6575\AppData\Local\Temp\cc9KUamq.s:11797  .debug_str:000000000000778f .LASF1776
C:\Users\zero6575\AppData\Local\Temp\cc9KUamq.s:10339  .debug_str:0000000000002c86 .LASF1777
C:\Users\zero6575\AppData\Local\Temp\cc9KUamq.s:11399  .debug_str:000000000000638b .LASF1778
C:\Users\zero6575\AppData\Local\Temp\cc9KUamq.s:10739  .debug_str:0000000000004254 .LASF1779
C:\Users\zero6575\AppData\Local\Temp\cc9KUamq.s:9937   .debug_str:000000000000162d .LASF1780
C:\Users\zero6575\AppData\Local\Temp\cc9KUamq.s:10081  .debug_str:0000000000001fe3 .LASF1781
C:\Users\zero6575\AppData\Local\Temp\cc9KUamq.s:9799   .debug_str:0000000000000fa9 .LASF1782
C:\Users\zero6575\AppData\Local\Temp\cc9KUamq.s:12587  .debug_str:000000000000a160 .LASF1783
C:\Users\zero6575\AppData\Local\Temp\cc9KUamq.s:9807   .debug_str:0000000000000ff0 .LASF1784
C:\Users\zero6575\AppData\Local\Temp\cc9KUamq.s:11459  .debug_str:000000000000666c .LASF1785
C:\Users\zero6575\AppData\Local\Temp\cc9KUamq.s:10161  .debug_str:00000000000023a1 .LASF1786
C:\Users\zero6575\AppData\Local\Temp\cc9KUamq.s:12531  .debug_str:0000000000009ed9 .LASF1787
C:\Users\zero6575\AppData\Local\Temp\cc9KUamq.s:10879  .debug_str:0000000000004951 .LASF1788
C:\Users\zero6575\AppData\Local\Temp\cc9KUamq.s:11541  .debug_str:0000000000006a8b .LASF1789
C:\Users\zero6575\AppData\Local\Temp\cc9KUamq.s:11739  .debug_str:00000000000074ef .LASF1790
C:\Users\zero6575\AppData\Local\Temp\cc9KUamq.s:11967  .debug_str:000000000000809d .LASF1791
C:\Users\zero6575\AppData\Local\Temp\cc9KUamq.s:10275  .debug_str:0000000000002979 .LASF1792
C:\Users\zero6575\AppData\Local\Temp\cc9KUamq.s:10001  .debug_str:000000000000196c .LASF1793
C:\Users\zero6575\AppData\Local\Temp\cc9KUamq.s:9871   .debug_str:000000000000130f .LASF1794
C:\Users\zero6575\AppData\Local\Temp\cc9KUamq.s:11975  .debug_str:000000000000816c .LASF1795
C:\Users\zero6575\AppData\Local\Temp\cc9KUamq.s:12459  .debug_str:0000000000009abe .LASF1796
C:\Users\zero6575\AppData\Local\Temp\cc9KUamq.s:12335  .debug_str:0000000000009461 .LASF1797
C:\Users\zero6575\AppData\Local\Temp\cc9KUamq.s:13431  .debug_str:000000000000cba4 .LASF1798
C:\Users\zero6575\AppData\Local\Temp\cc9KUamq.s:11765  .debug_str:000000000000760e .LASF1799
C:\Users\zero6575\AppData\Local\Temp\cc9KUamq.s:10741  .debug_str:0000000000004275 .LASF1800
C:\Users\zero6575\AppData\Local\Temp\cc9KUamq.s:12161  .debug_str:0000000000008bbe .LASF1801
C:\Users\zero6575\AppData\Local\Temp\cc9KUamq.s:10589  .debug_str:000000000000385c .LASF1802
C:\Users\zero6575\AppData\Local\Temp\cc9KUamq.s:11179  .debug_str:0000000000005805 .LASF1803
C:\Users\zero6575\AppData\Local\Temp\cc9KUamq.s:9887   .debug_str:00000000000013ed .LASF1804
C:\Users\zero6575\AppData\Local\Temp\cc9KUamq.s:11163  .debug_str:0000000000005743 .LASF1805
C:\Users\zero6575\AppData\Local\Temp\cc9KUamq.s:13421  .debug_str:000000000000cb49 .LASF1806
C:\Users\zero6575\AppData\Local\Temp\cc9KUamq.s:10597  .debug_str:00000000000038d2 .LASF1807
C:\Users\zero6575\AppData\Local\Temp\cc9KUamq.s:12931  .debug_str:000000000000b19d .LASF1808
C:\Users\zero6575\AppData\Local\Temp\cc9KUamq.s:12473  .debug_str:0000000000009b57 .LASF1809
C:\Users\zero6575\AppData\Local\Temp\cc9KUamq.s:11365  .debug_str:0000000000006175 .LASF1810
C:\Users\zero6575\AppData\Local\Temp\cc9KUamq.s:9569   .debug_str:00000000000004ef .LASF1811
C:\Users\zero6575\AppData\Local\Temp\cc9KUamq.s:13033  .debug_str:000000000000b664 .LASF1812
C:\Users\zero6575\AppData\Local\Temp\cc9KUamq.s:12819  .debug_str:000000000000ab84 .LASF1813
C:\Users\zero6575\AppData\Local\Temp\cc9KUamq.s:9785   .debug_str:0000000000000f0f .LASF1814
C:\Users\zero6575\AppData\Local\Temp\cc9KUamq.s:12673  .debug_str:000000000000a503 .LASF1815
C:\Users\zero6575\AppData\Local\Temp\cc9KUamq.s:9851   .debug_str:0000000000001209 .LASF1816
C:\Users\zero6575\AppData\Local\Temp\cc9KUamq.s:9527   .debug_str:00000000000002d8 .LASF1817
C:\Users\zero6575\AppData\Local\Temp\cc9KUamq.s:12321  .debug_str:00000000000093d3 .LASF1818
C:\Users\zero6575\AppData\Local\Temp\cc9KUamq.s:9701   .debug_str:0000000000000a93 .LASF1819
C:\Users\zero6575\AppData\Local\Temp\cc9KUamq.s:12429  .debug_str:0000000000009945 .LASF1820
C:\Users\zero6575\AppData\Local\Temp\cc9KUamq.s:10137  .debug_str:00000000000022b2 .LASF1821
C:\Users\zero6575\AppData\Local\Temp\cc9KUamq.s:9675   .debug_str:00000000000009aa .LASF1822
C:\Users\zero6575\AppData\Local\Temp\cc9KUamq.s:10121  .debug_str:0000000000002201 .LASF1823
C:\Users\zero6575\AppData\Local\Temp\cc9KUamq.s:13029  .debug_str:000000000000b636 .LASF1824
C:\Users\zero6575\AppData\Local\Temp\cc9KUamq.s:11635  .debug_str:0000000000006ff6 .LASF1825
C:\Users\zero6575\AppData\Local\Temp\cc9KUamq.s:13701  .debug_str:000000000000d7bc .LASF1826
C:\Users\zero6575\AppData\Local\Temp\cc9KUamq.s:10583  .debug_str:0000000000003806 .LASF1827
C:\Users\zero6575\AppData\Local\Temp\cc9KUamq.s:11745  .debug_str:000000000000753f .LASF1828
C:\Users\zero6575\AppData\Local\Temp\cc9KUamq.s:13645  .debug_str:000000000000d545 .LASF1829
C:\Users\zero6575\AppData\Local\Temp\cc9KUamq.s:13401  .debug_str:000000000000ca49 .LASF1830
C:\Users\zero6575\AppData\Local\Temp\cc9KUamq.s:11827  .debug_str:00000000000078d7 .LASF1831
C:\Users\zero6575\AppData\Local\Temp\cc9KUamq.s:12559  .debug_str:000000000000a039 .LASF1832
C:\Users\zero6575\AppData\Local\Temp\cc9KUamq.s:10635  .debug_str:0000000000003b29 .LASF1833
C:\Users\zero6575\AppData\Local\Temp\cc9KUamq.s:11939  .debug_str:0000000000007f5b .LASF1834
C:\Users\zero6575\AppData\Local\Temp\cc9KUamq.s:12341  .debug_str:00000000000094aa .LASF1835
C:\Users\zero6575\AppData\Local\Temp\cc9KUamq.s:10735  .debug_str:000000000000422c .LASF1836
C:\Users\zero6575\AppData\Local\Temp\cc9KUamq.s:13695  .debug_str:000000000000d795 .LASF1837
C:\Users\zero6575\AppData\Local\Temp\cc9KUamq.s:10005  .debug_str:0000000000001983 .LASF1838
C:\Users\zero6575\AppData\Local\Temp\cc9KUamq.s:12225  .debug_str:0000000000008edf .LASF1839
C:\Users\zero6575\AppData\Local\Temp\cc9KUamq.s:12359  .debug_str:00000000000095d1 .LASF1840
C:\Users\zero6575\AppData\Local\Temp\cc9KUamq.s:9769   .debug_str:0000000000000e39 .LASF1841
C:\Users\zero6575\AppData\Local\Temp\cc9KUamq.s:10387  .debug_str:0000000000002ed3 .LASF1842
C:\Users\zero6575\AppData\Local\Temp\cc9KUamq.s:10757  .debug_str:0000000000004388 .LASF1843
C:\Users\zero6575\AppData\Local\Temp\cc9KUamq.s:9831   .debug_str:0000000000001147 .LASF1844
C:\Users\zero6575\AppData\Local\Temp\cc9KUamq.s:11943  .debug_str:0000000000007fad .LASF1845
C:\Users\zero6575\AppData\Local\Temp\cc9KUamq.s:12695  .debug_str:000000000000a61b .LASF1846
C:\Users\zero6575\AppData\Local\Temp\cc9KUamq.s:11899  .debug_str:0000000000007cc2 .LASF1847
C:\Users\zero6575\AppData\Local\Temp\cc9KUamq.s:13157  .debug_str:000000000000bcae .LASF1848
C:\Users\zero6575\AppData\Local\Temp\cc9KUamq.s:12455  .debug_str:0000000000009a92 .LASF1849
C:\Users\zero6575\AppData\Local\Temp\cc9KUamq.s:12987  .debug_str:000000000000b452 .LASF1850
C:\Users\zero6575\AppData\Local\Temp\cc9KUamq.s:11429  .debug_str:0000000000006524 .LASF1851
C:\Users\zero6575\AppData\Local\Temp\cc9KUamq.s:9533   .debug_str:000000000000034a .LASF1852
C:\Users\zero6575\AppData\Local\Temp\cc9KUamq.s:12223  .debug_str:0000000000008ecc .LASF1853
C:\Users\zero6575\AppData\Local\Temp\cc9KUamq.s:13227  .debug_str:000000000000c024 .LASF1854
C:\Users\zero6575\AppData\Local\Temp\cc9KUamq.s:10931  .debug_str:0000000000004b9c .LASF1855
C:\Users\zero6575\AppData\Local\Temp\cc9KUamq.s:11155  .debug_str:000000000000570a .LASF1856
C:\Users\zero6575\AppData\Local\Temp\cc9KUamq.s:12597  .debug_str:000000000000a1d6 .LASF1857
C:\Users\zero6575\AppData\Local\Temp\cc9KUamq.s:13615  .debug_str:000000000000d437 .LASF1858
C:\Users\zero6575\AppData\Local\Temp\cc9KUamq.s:12281  .debug_str:00000000000091ad .LASF1859
C:\Users\zero6575\AppData\Local\Temp\cc9KUamq.s:9719   .debug_str:0000000000000b4f .LASF1860
C:\Users\zero6575\AppData\Local\Temp\cc9KUamq.s:10975  .debug_str:0000000000004e59 .LASF1861
C:\Users\zero6575\AppData\Local\Temp\cc9KUamq.s:11171  .debug_str:000000000000579e .LASF1862
C:\Users\zero6575\AppData\Local\Temp\cc9KUamq.s:9751   .debug_str:0000000000000d19 .LASF1863
C:\Users\zero6575\AppData\Local\Temp\cc9KUamq.s:12413  .debug_str:0000000000009837 .LASF1864
C:\Users\zero6575\AppData\Local\Temp\cc9KUamq.s:11511  .debug_str:00000000000068c4 .LASF1865
C:\Users\zero6575\AppData\Local\Temp\cc9KUamq.s:12209  .debug_str:0000000000008e25 .LASF1866
C:\Users\zero6575\AppData\Local\Temp\cc9KUamq.s:10905  .debug_str:0000000000004a76 .LASF1867
C:\Users\zero6575\AppData\Local\Temp\cc9KUamq.s:12267  .debug_str:0000000000009100 .LASF1868
C:\Users\zero6575\AppData\Local\Temp\cc9KUamq.s:11523  .debug_str:00000000000069ce .LASF1869
C:\Users\zero6575\AppData\Local\Temp\cc9KUamq.s:12929  .debug_str:000000000000b180 .LASF1870
C:\Users\zero6575\AppData\Local\Temp\cc9KUamq.s:13641  .debug_str:000000000000d51d .LASF1871
C:\Users\zero6575\AppData\Local\Temp\cc9KUamq.s:11127  .debug_str:000000000000557e .LASF1872
C:\Users\zero6575\AppData\Local\Temp\cc9KUamq.s:12865  .debug_str:000000000000ad98 .LASF1873
C:\Users\zero6575\AppData\Local\Temp\cc9KUamq.s:13625  .debug_str:000000000000d490 .LASF1874
C:\Users\zero6575\AppData\Local\Temp\cc9KUamq.s:11071  .debug_str:0000000000005314 .LASF1875
C:\Users\zero6575\AppData\Local\Temp\cc9KUamq.s:13067  .debug_str:000000000000b828 .LASF1876
C:\Users\zero6575\AppData\Local\Temp\cc9KUamq.s:10923  .debug_str:0000000000004b44 .LASF1877
C:\Users\zero6575\AppData\Local\Temp\cc9KUamq.s:12645  .debug_str:000000000000a3cc .LASF1878
C:\Users\zero6575\AppData\Local\Temp\cc9KUamq.s:10809  .debug_str:00000000000045c5 .LASF1879
C:\Users\zero6575\AppData\Local\Temp\cc9KUamq.s:10575  .debug_str:0000000000003797 .LASF1880
C:\Users\zero6575\AppData\Local\Temp\cc9KUamq.s:12031  .debug_str:0000000000008401 .LASF1881
C:\Users\zero6575\AppData\Local\Temp\cc9KUamq.s:10607  .debug_str:0000000000003949 .LASF1882
C:\Users\zero6575\AppData\Local\Temp\cc9KUamq.s:9709   .debug_str:0000000000000ae9 .LASF1883
C:\Users\zero6575\AppData\Local\Temp\cc9KUamq.s:12787  .debug_str:000000000000aa02 .LASF1884
C:\Users\zero6575\AppData\Local\Temp\cc9KUamq.s:12871  .debug_str:000000000000adef .LASF1885
C:\Users\zero6575\AppData\Local\Temp\cc9KUamq.s:11885  .debug_str:0000000000007c20 .LASF1886
C:\Users\zero6575\AppData\Local\Temp\cc9KUamq.s:12715  .debug_str:000000000000a6a2 .LASF1887
C:\Users\zero6575\AppData\Local\Temp\cc9KUamq.s:12159  .debug_str:0000000000008ba7 .LASF1888
C:\Users\zero6575\AppData\Local\Temp\cc9KUamq.s:11603  .debug_str:0000000000006e05 .LASF1889
C:\Users\zero6575\AppData\Local\Temp\cc9KUamq.s:11633  .debug_str:0000000000006fe3 .LASF1890
C:\Users\zero6575\AppData\Local\Temp\cc9KUamq.s:11841  .debug_str:0000000000007971 .LASF1891
C:\Users\zero6575\AppData\Local\Temp\cc9KUamq.s:11217  .debug_str:00000000000059b8 .LASF1892
C:\Users\zero6575\AppData\Local\Temp\cc9KUamq.s:10699  .debug_str:0000000000003ecc .LASF1893
C:\Users\zero6575\AppData\Local\Temp\cc9KUamq.s:9955   .debug_str:00000000000016fa .LASF1894
C:\Users\zero6575\AppData\Local\Temp\cc9KUamq.s:12477  .debug_str:0000000000009b74 .LASF1895
C:\Users\zero6575\AppData\Local\Temp\cc9KUamq.s:10805  .debug_str:0000000000004586 .LASF1896
C:\Users\zero6575\AppData\Local\Temp\cc9KUamq.s:10311  .debug_str:0000000000002b19 .LASF1897
C:\Users\zero6575\AppData\Local\Temp\cc9KUamq.s:10181  .debug_str:00000000000024e4 .LASF1898
C:\Users\zero6575\AppData\Local\Temp\cc9KUamq.s:13017  .debug_str:000000000000b5c5 .LASF1899
C:\Users\zero6575\AppData\Local\Temp\cc9KUamq.s:9885   .debug_str:00000000000013c6 .LASF1900
C:\Users\zero6575\AppData\Local\Temp\cc9KUamq.s:13275  .debug_str:000000000000c2ae .LASF1901
C:\Users\zero6575\AppData\Local\Temp\cc9KUamq.s:10915  .debug_str:0000000000004ae0 .LASF1902
C:\Users\zero6575\AppData\Local\Temp\cc9KUamq.s:9929   .debug_str:00000000000015cf .LASF1903
C:\Users\zero6575\AppData\Local\Temp\cc9KUamq.s:12995  .debug_str:000000000000b49e .LASF1904
C:\Users\zero6575\AppData\Local\Temp\cc9KUamq.s:10447  .debug_str:00000000000031aa .LASF1905
C:\Users\zero6575\AppData\Local\Temp\cc9KUamq.s:13215  .debug_str:000000000000bf78 .LASF1906
C:\Users\zero6575\AppData\Local\Temp\cc9KUamq.s:12605  .debug_str:000000000000a23a .LASF1907
C:\Users\zero6575\AppData\Local\Temp\cc9KUamq.s:10247  .debug_str:0000000000002849 .LASF1908
C:\Users\zero6575\AppData\Local\Temp\cc9KUamq.s:12107  .debug_str:00000000000088ad .LASF1909
C:\Users\zero6575\AppData\Local\Temp\cc9KUamq.s:10587  .debug_str:000000000000383d .LASF1910
C:\Users\zero6575\AppData\Local\Temp\cc9KUamq.s:9903   .debug_str:0000000000001492 .LASF1911
C:\Users\zero6575\AppData\Local\Temp\cc9KUamq.s:11503  .debug_str:0000000000006859 .LASF1912
C:\Users\zero6575\AppData\Local\Temp\cc9KUamq.s:13391  .debug_str:000000000000c9f3 .LASF1913
C:\Users\zero6575\AppData\Local\Temp\cc9KUamq.s:12383  .debug_str:00000000000096d7 .LASF1914
C:\Users\zero6575\AppData\Local\Temp\cc9KUamq.s:10745  .debug_str:000000000000429e .LASF1915
C:\Users\zero6575\AppData\Local\Temp\cc9KUamq.s:10239  .debug_str:00000000000027fb .LASF1916
C:\Users\zero6575\AppData\Local\Temp\cc9KUamq.s:12443  .debug_str:0000000000009a0c .LASF1917
C:\Users\zero6575\AppData\Local\Temp\cc9KUamq.s:10813  .debug_str:00000000000045fb .LASF1918
C:\Users\zero6575\AppData\Local\Temp\cc9KUamq.s:12809  .debug_str:000000000000ab3b .LASF1919
C:\Users\zero6575\AppData\Local\Temp\cc9KUamq.s:10425  .debug_str:00000000000030c2 .LASF1920
C:\Users\zero6575\AppData\Local\Temp\cc9KUamq.s:12769  .debug_str:000000000000a92a .LASF1921
C:\Users\zero6575\AppData\Local\Temp\cc9KUamq.s:12221  .debug_str:0000000000008eb7 .LASF1922
C:\Users\zero6575\AppData\Local\Temp\cc9KUamq.s:12719  .debug_str:000000000000a6e0 .LASF1923
C:\Users\zero6575\AppData\Local\Temp\cc9KUamq.s:12451  .debug_str:0000000000009a72 .LASF1924
C:\Users\zero6575\AppData\Local\Temp\cc9KUamq.s:9695   .debug_str:0000000000000a46 .LASF1925
C:\Users\zero6575\AppData\Local\Temp\cc9KUamq.s:12277  .debug_str:0000000000009171 .LASF1926
C:\Users\zero6575\AppData\Local\Temp\cc9KUamq.s:13435  .debug_str:000000000000cbd6 .LASF1927
C:\Users\zero6575\AppData\Local\Temp\cc9KUamq.s:11101  .debug_str:000000000000547f .LASF1928
C:\Users\zero6575\AppData\Local\Temp\cc9KUamq.s:12839  .debug_str:000000000000ac69 .LASF1929
C:\Users\zero6575\AppData\Local\Temp\cc9KUamq.s:10379  .debug_str:0000000000002e81 .LASF1930
C:\Users\zero6575\AppData\Local\Temp\cc9KUamq.s:12565  .debug_str:000000000000a062 .LASF1931
C:\Users\zero6575\AppData\Local\Temp\cc9KUamq.s:9973   .debug_str:00000000000017c5 .LASF1932
C:\Users\zero6575\AppData\Local\Temp\cc9KUamq.s:9997   .debug_str:000000000000192b .LASF1933
C:\Users\zero6575\AppData\Local\Temp\cc9KUamq.s:12465  .debug_str:0000000000009b00 .LASF1934
C:\Users\zero6575\AppData\Local\Temp\cc9KUamq.s:13661  .debug_str:000000000000d5c5 .LASF1935
C:\Users\zero6575\AppData\Local\Temp\cc9KUamq.s:11259  .debug_str:0000000000005c27 .LASF1936
C:\Users\zero6575\AppData\Local\Temp\cc9KUamq.s:9511   .debug_str:000000000000022c .LASF1937
C:\Users\zero6575\AppData\Local\Temp\cc9KUamq.s:12249  .debug_str:0000000000009012 .LASF1938
C:\Users\zero6575\AppData\Local\Temp\cc9KUamq.s:10817  .debug_str:0000000000004618 .LASF1939
C:\Users\zero6575\AppData\Local\Temp\cc9KUamq.s:10429  .debug_str:00000000000030e1 .LASF1940
C:\Users\zero6575\AppData\Local\Temp\cc9KUamq.s:10585  .debug_str:0000000000003816 .LASF1941
C:\Users\zero6575\AppData\Local\Temp\cc9KUamq.s:10883  .debug_str:0000000000004977 .LASF1942
C:\Users\zero6575\AppData\Local\Temp\cc9KUamq.s:12857  .debug_str:000000000000ad14 .LASF1943
C:\Users\zero6575\AppData\Local\Temp\cc9KUamq.s:11065  .debug_str:00000000000052cf .LASF1944
C:\Users\zero6575\AppData\Local\Temp\cc9KUamq.s:13123  .debug_str:000000000000bab3 .LASF1945
C:\Users\zero6575\AppData\Local\Temp\cc9KUamq.s:11735  .debug_str:00000000000074a6 .LASF1946
C:\Users\zero6575\AppData\Local\Temp\cc9KUamq.s:10019  .debug_str:0000000000001a5e .LASF1947
C:\Users\zero6575\AppData\Local\Temp\cc9KUamq.s:11273  .debug_str:0000000000005cf6 .LASF1948
C:\Users\zero6575\AppData\Local\Temp\cc9KUamq.s:13007  .debug_str:000000000000b533 .LASF1949
C:\Users\zero6575\AppData\Local\Temp\cc9KUamq.s:11373  .debug_str:00000000000061d5 .LASF1950
C:\Users\zero6575\AppData\Local\Temp\cc9KUamq.s:10007  .debug_str:0000000000001991 .LASF1951
C:\Users\zero6575\AppData\Local\Temp\cc9KUamq.s:9469   .debug_str:000000000000007c .LASF1952
C:\Users\zero6575\AppData\Local\Temp\cc9KUamq.s:9567   .debug_str:00000000000004c7 .LASF1953
C:\Users\zero6575\AppData\Local\Temp\cc9KUamq.s:9557   .debug_str:000000000000044e .LASF1954
C:\Users\zero6575\AppData\Local\Temp\cc9KUamq.s:13533  .debug_str:000000000000cffd .LASF1955
C:\Users\zero6575\AppData\Local\Temp\cc9KUamq.s:11485  .debug_str:0000000000006789 .LASF1956
C:\Users\zero6575\AppData\Local\Temp\cc9KUamq.s:11019  .debug_str:000000000000507b .LASF1957
C:\Users\zero6575\AppData\Local\Temp\cc9KUamq.s:11957  .debug_str:0000000000008043 .LASF1958
C:\Users\zero6575\AppData\Local\Temp\cc9KUamq.s:12495  .debug_str:0000000000009c65 .LASF1959
C:\Users\zero6575\AppData\Local\Temp\cc9KUamq.s:10391  .debug_str:0000000000002efd .LASF1960
C:\Users\zero6575\AppData\Local\Temp\cc9KUamq.s:11549  .debug_str:0000000000006aff .LASF1961
C:\Users\zero6575\AppData\Local\Temp\cc9KUamq.s:12307  .debug_str:0000000000009337 .LASF1962
C:\Users\zero6575\AppData\Local\Temp\cc9KUamq.s:13333  .debug_str:000000000000c5ae .LASF1963
C:\Users\zero6575\AppData\Local\Temp\cc9KUamq.s:13459  .debug_str:000000000000ccd4 .LASF1964
C:\Users\zero6575\AppData\Local\Temp\cc9KUamq.s:11357  .debug_str:0000000000006128 .LASF1965
C:\Users\zero6575\AppData\Local\Temp\cc9KUamq.s:9487   .debug_str:000000000000013a .LASF1966
C:\Users\zero6575\AppData\Local\Temp\cc9KUamq.s:13279  .debug_str:000000000000c2eb .LASF1967
C:\Users\zero6575\AppData\Local\Temp\cc9KUamq.s:12795  .debug_str:000000000000aa73 .LASF1968
C:\Users\zero6575\AppData\Local\Temp\cc9KUamq.s:10657  .debug_str:0000000000003c56 .LASF1969
C:\Users\zero6575\AppData\Local\Temp\cc9KUamq.s:13607  .debug_str:000000000000d3d4 .LASF1970
C:\Users\zero6575\AppData\Local\Temp\cc9KUamq.s:12661  .debug_str:000000000000a48a .LASF1971
C:\Users\zero6575\AppData\Local\Temp\cc9KUamq.s:11891  .debug_str:0000000000007c69 .LASF1972
C:\Users\zero6575\AppData\Local\Temp\cc9KUamq.s:11301  .debug_str:0000000000005e28 .LASF1973
C:\Users\zero6575\AppData\Local\Temp\cc9KUamq.s:10393  .debug_str:0000000000002f1f .LASF1974
C:\Users\zero6575\AppData\Local\Temp\cc9KUamq.s:11299  .debug_str:0000000000005e0c .LASF1975
C:\Users\zero6575\AppData\Local\Temp\cc9KUamq.s:11255  .debug_str:0000000000005bf5 .LASF1976
C:\Users\zero6575\AppData\Local\Temp\cc9KUamq.s:13111  .debug_str:000000000000ba0f .LASF1977
C:\Users\zero6575\AppData\Local\Temp\cc9KUamq.s:11131  .debug_str:000000000000559a .LASF1978
C:\Users\zero6575\AppData\Local\Temp\cc9KUamq.s:11095  .debug_str:0000000000005426 .LASF1979
C:\Users\zero6575\AppData\Local\Temp\cc9KUamq.s:9761   .debug_str:0000000000000dc6 .LASF1980
C:\Users\zero6575\AppData\Local\Temp\cc9KUamq.s:13051  .debug_str:000000000000b748 .LASF1981
C:\Users\zero6575\AppData\Local\Temp\cc9KUamq.s:12543  .debug_str:0000000000009f35 .LASF1982
C:\Users\zero6575\AppData\Local\Temp\cc9KUamq.s:12923  .debug_str:000000000000b116 .LASF1983
C:\Users\zero6575\AppData\Local\Temp\cc9KUamq.s:13387  .debug_str:000000000000c9af .LASF1984
C:\Users\zero6575\AppData\Local\Temp\cc9KUamq.s:11235  .debug_str:0000000000005a83 .LASF1985
C:\Users\zero6575\AppData\Local\Temp\cc9KUamq.s:11233  .debug_str:0000000000005a6c .LASF1986
C:\Users\zero6575\AppData\Local\Temp\cc9KUamq.s:12913  .debug_str:000000000000b0a6 .LASF1987
C:\Users\zero6575\AppData\Local\Temp\cc9KUamq.s:13307  .debug_str:000000000000c448 .LASF1988
C:\Users\zero6575\AppData\Local\Temp\cc9KUamq.s:10681  .debug_str:0000000000003d5b .LASF1989
C:\Users\zero6575\AppData\Local\Temp\cc9KUamq.s:11505  .debug_str:000000000000687c .LASF1990
C:\Users\zero6575\AppData\Local\Temp\cc9KUamq.s:10421  .debug_str:0000000000003082 .LASF1991
C:\Users\zero6575\AppData\Local\Temp\cc9KUamq.s:12015  .debug_str:000000000000833e .LASF1992
C:\Users\zero6575\AppData\Local\Temp\cc9KUamq.s:11737  .debug_str:00000000000074c2 .LASF1993
C:\Users\zero6575\AppData\Local\Temp\cc9KUamq.s:11789  .debug_str:0000000000007721 .LASF1994
C:\Users\zero6575\AppData\Local\Temp\cc9KUamq.s:10227  .debug_str:0000000000002749 .LASF1995
C:\Users\zero6575\AppData\Local\Temp\cc9KUamq.s:12685  .debug_str:000000000000a597 .LASF1996
C:\Users\zero6575\AppData\Local\Temp\cc9KUamq.s:9787   .debug_str:0000000000000f24 .LASF1997
C:\Users\zero6575\AppData\Local\Temp\cc9KUamq.s:10389  .debug_str:0000000000002edf .LASF1998
C:\Users\zero6575\AppData\Local\Temp\cc9KUamq.s:13185  .debug_str:000000000000be34 .LASF1999
C:\Users\zero6575\AppData\Local\Temp\cc9KUamq.s:10633  .debug_str:0000000000003b0f .LASF2000
C:\Users\zero6575\AppData\Local\Temp\cc9KUamq.s:10171  .debug_str:0000000000002477 .LASF2001
C:\Users\zero6575\AppData\Local\Temp\cc9KUamq.s:11791  .debug_str:000000000000774a .LASF2002
C:\Users\zero6575\AppData\Local\Temp\cc9KUamq.s:13267  .debug_str:000000000000c24b .LASF2003
C:\Users\zero6575\AppData\Local\Temp\cc9KUamq.s:13149  .debug_str:000000000000bc4d .LASF2004
C:\Users\zero6575\AppData\Local\Temp\cc9KUamq.s:11117  .debug_str:0000000000005529 .LASF2005
C:\Users\zero6575\AppData\Local\Temp\cc9KUamq.s:9633   .debug_str:0000000000000836 .LASF2006
C:\Users\zero6575\AppData\Local\Temp\cc9KUamq.s:10157  .debug_str:0000000000002372 .LASF2007
C:\Users\zero6575\AppData\Local\Temp\cc9KUamq.s:10877  .debug_str:0000000000004921 .LASF2008
C:\Users\zero6575\AppData\Local\Temp\cc9KUamq.s:11007  .debug_str:0000000000004fa3 .LASF2009
C:\Users\zero6575\AppData\Local\Temp\cc9KUamq.s:11003  .debug_str:0000000000004f70 .LASF2010
C:\Users\zero6575\AppData\Local\Temp\cc9KUamq.s:10841  .debug_str:0000000000004702 .LASF2011
C:\Users\zero6575\AppData\Local\Temp\cc9KUamq.s:10715  .debug_str:00000000000040c0 .LASF2012
C:\Users\zero6575\AppData\Local\Temp\cc9KUamq.s:12157  .debug_str:0000000000008b85 .LASF2013
C:\Users\zero6575\AppData\Local\Temp\cc9KUamq.s:11925  .debug_str:0000000000007dfe .LASF2014
C:\Users\zero6575\AppData\Local\Temp\cc9KUamq.s:10037  .debug_str:0000000000001b57 .LASF2015
C:\Users\zero6575\AppData\Local\Temp\cc9KUamq.s:10669  .debug_str:0000000000003cd5 .LASF2016
C:\Users\zero6575\AppData\Local\Temp\cc9KUamq.s:10009  .debug_str:00000000000019b0 .LASF2017
C:\Users\zero6575\AppData\Local\Temp\cc9KUamq.s:11979  .debug_str:0000000000008188 .LASF2018
C:\Users\zero6575\AppData\Local\Temp\cc9KUamq.s:11905  .debug_str:0000000000007d01 .LASF2019
C:\Users\zero6575\AppData\Local\Temp\cc9KUamq.s:12655  .debug_str:000000000000a43b .LASF2020
C:\Users\zero6575\AppData\Local\Temp\cc9KUamq.s:10785  .debug_str:000000000000449f .LASF2021
C:\Users\zero6575\AppData\Local\Temp\cc9KUamq.s:12131  .debug_str:00000000000089eb .LASF2022
C:\Users\zero6575\AppData\Local\Temp\cc9KUamq.s:12979  .debug_str:000000000000b3e7 .LASF2023
C:\Users\zero6575\AppData\Local\Temp\cc9KUamq.s:12791  .debug_str:000000000000aa2c .LASF2024
C:\Users\zero6575\AppData\Local\Temp\cc9KUamq.s:11875  .debug_str:0000000000007bc5 .LASF2025
C:\Users\zero6575\AppData\Local\Temp\cc9KUamq.s:12675  .debug_str:000000000000a513 .LASF2026
C:\Users\zero6575\AppData\Local\Temp\cc9KUamq.s:9483   .debug_str:000000000000010e .LASF2027
C:\Users\zero6575\AppData\Local\Temp\cc9KUamq.s:11315  .debug_str:0000000000005eb2 .LASF2028
C:\Users\zero6575\AppData\Local\Temp\cc9KUamq.s:13507  .debug_str:000000000000cefb .LASF2029
C:\Users\zero6575\AppData\Local\Temp\cc9KUamq.s:13403  .debug_str:000000000000ca5d .LASF2030
C:\Users\zero6575\AppData\Local\Temp\cc9KUamq.s:13037  .debug_str:000000000000b696 .LASF2031
C:\Users\zero6575\AppData\Local\Temp\cc9KUamq.s:13239  .debug_str:000000000000c0b8 .LASF2032
C:\Users\zero6575\AppData\Local\Temp\cc9KUamq.s:10545  .debug_str:00000000000035d5 .LASF2033
C:\Users\zero6575\AppData\Local\Temp\cc9KUamq.s:11573  .debug_str:0000000000006c4a .LASF2034
C:\Users\zero6575\AppData\Local\Temp\cc9KUamq.s:12081  .debug_str:0000000000008745 .LASF2035
C:\Users\zero6575\AppData\Local\Temp\cc9KUamq.s:13581  .debug_str:000000000000d26f .LASF2036
C:\Users\zero6575\AppData\Local\Temp\cc9KUamq.s:11657  .debug_str:00000000000070fa .LASF2037
C:\Users\zero6575\AppData\Local\Temp\cc9KUamq.s:13569  .debug_str:000000000000d1df .LASF2038
C:\Users\zero6575\AppData\Local\Temp\cc9KUamq.s:11387  .debug_str:00000000000062aa .LASF2039
C:\Users\zero6575\AppData\Local\Temp\cc9KUamq.s:12751  .debug_str:000000000000a850 .LASF2040
C:\Users\zero6575\AppData\Local\Temp\cc9KUamq.s:10039  .debug_str:0000000000001b70 .LASF2041
C:\Users\zero6575\AppData\Local\Temp\cc9KUamq.s:9897   .debug_str:0000000000001458 .LASF2042
C:\Users\zero6575\AppData\Local\Temp\cc9KUamq.s:12555  .debug_str:000000000000a00e .LASF2043
C:\Users\zero6575\AppData\Local\Temp\cc9KUamq.s:11671  .debug_str:0000000000007194 .LASF2044
C:\Users\zero6575\AppData\Local\Temp\cc9KUamq.s:10943  .debug_str:0000000000004c1d .LASF2045
C:\Users\zero6575\AppData\Local\Temp\cc9KUamq.s:12381  .debug_str:00000000000096bb .LASF2046
C:\Users\zero6575\AppData\Local\Temp\cc9KUamq.s:12301  .debug_str:00000000000092ff .LASF2047
C:\Users\zero6575\AppData\Local\Temp\cc9KUamq.s:11995  .debug_str:0000000000008253 .LASF2048
C:\Users\zero6575\AppData\Local\Temp\cc9KUamq.s:12441  .debug_str:00000000000099f1 .LASF2049
C:\Users\zero6575\AppData\Local\Temp\cc9KUamq.s:13207  .debug_str:000000000000bf08 .LASF2050
C:\Users\zero6575\AppData\Local\Temp\cc9KUamq.s:11329  .debug_str:0000000000005f94 .LASF2051
C:\Users\zero6575\AppData\Local\Temp\cc9KUamq.s:9541   .debug_str:00000000000003b9 .LASF2052
C:\Users\zero6575\AppData\Local\Temp\cc9KUamq.s:10107  .debug_str:0000000000002127 .LASF2053
C:\Users\zero6575\AppData\Local\Temp\cc9KUamq.s:10725  .debug_str:0000000000004163 .LASF2054
C:\Users\zero6575\AppData\Local\Temp\cc9KUamq.s:11383  .debug_str:0000000000006253 .LASF2055
C:\Users\zero6575\AppData\Local\Temp\cc9KUamq.s:9917   .debug_str:000000000000152c .LASF2056
C:\Users\zero6575\AppData\Local\Temp\cc9KUamq.s:10203  .debug_str:00000000000025bd .LASF2057
C:\Users\zero6575\AppData\Local\Temp\cc9KUamq.s:9947   .debug_str:00000000000016a1 .LASF2058
C:\Users\zero6575\AppData\Local\Temp\cc9KUamq.s:11265  .debug_str:0000000000005c85 .LASF2059
C:\Users\zero6575\AppData\Local\Temp\cc9KUamq.s:12595  .debug_str:000000000000a1b2 .LASF2060
C:\Users\zero6575\AppData\Local\Temp\cc9KUamq.s:10933  .debug_str:0000000000004bad .LASF2061
C:\Users\zero6575\AppData\Local\Temp\cc9KUamq.s:11773  .debug_str:0000000000007652 .LASF2062
C:\Users\zero6575\AppData\Local\Temp\cc9KUamq.s:11143  .debug_str:000000000000562d .LASF2063
C:\Users\zero6575\AppData\Local\Temp\cc9KUamq.s:11567  .debug_str:0000000000006c05 .LASF2064
C:\Users\zero6575\AppData\Local\Temp\cc9KUamq.s:11865  .debug_str:0000000000007af5 .LASF2065
C:\Users\zero6575\AppData\Local\Temp\cc9KUamq.s:10459  .debug_str:0000000000003267 .LASF2066
C:\Users\zero6575\AppData\Local\Temp\cc9KUamq.s:12205  .debug_str:0000000000008e00 .LASF2067
C:\Users\zero6575\AppData\Local\Temp\cc9KUamq.s:11731  .debug_str:000000000000747d .LASF2068
C:\Users\zero6575\AppData\Local\Temp\cc9KUamq.s:13081  .debug_str:000000000000b8b5 .LASF2069
C:\Users\zero6575\AppData\Local\Temp\cc9KUamq.s:9551   .debug_str:000000000000041f .LASF2070
C:\Users\zero6575\AppData\Local\Temp\cc9KUamq.s:11145  .debug_str:0000000000005646 .LASF2071
C:\Users\zero6575\AppData\Local\Temp\cc9KUamq.s:9489   .debug_str:000000000000015d .LASF2072
C:\Users\zero6575\AppData\Local\Temp\cc9KUamq.s:11013  .debug_str:0000000000005028 .LASF2073
C:\Users\zero6575\AppData\Local\Temp\cc9KUamq.s:13161  .debug_str:000000000000bcda .LASF2074
C:\Users\zero6575\AppData\Local\Temp\cc9KUamq.s:11787  .debug_str:0000000000007710 .LASF2075
C:\Users\zero6575\AppData\Local\Temp\cc9KUamq.s:13617  .debug_str:000000000000d44b .LASF2076
C:\Users\zero6575\AppData\Local\Temp\cc9KUamq.s:13341  .debug_str:000000000000c61a .LASF2077
C:\Users\zero6575\AppData\Local\Temp\cc9KUamq.s:10003  .debug_str:000000000000197a .LASF2078
C:\Users\zero6575\AppData\Local\Temp\cc9KUamq.s:13671  .debug_str:000000000000d63a .LASF2079
C:\Users\zero6575\AppData\Local\Temp\cc9KUamq.s:12193  .debug_str:0000000000008d74 .LASF2080
C:\Users\zero6575\AppData\Local\Temp\cc9KUamq.s:13281  .debug_str:000000000000c311 .LASF2081
C:\Users\zero6575\AppData\Local\Temp\cc9KUamq.s:9577   .debug_str:0000000000000587 .LASF2082
C:\Users\zero6575\AppData\Local\Temp\cc9KUamq.s:13097  .debug_str:000000000000b983 .LASF2083
C:\Users\zero6575\AppData\Local\Temp\cc9KUamq.s:10529  .debug_str:0000000000003560 .LASF2084
C:\Users\zero6575\AppData\Local\Temp\cc9KUamq.s:10197  .debug_str:0000000000002577 .LASF2085
C:\Users\zero6575\AppData\Local\Temp\cc9KUamq.s:10143  .debug_str:00000000000022d8 .LASF2086
C:\Users\zero6575\AppData\Local\Temp\cc9KUamq.s:11471  .debug_str:00000000000066ee .LASF2087
C:\Users\zero6575\AppData\Local\Temp\cc9KUamq.s:9757   .debug_str:0000000000000d93 .LASF2088
C:\Users\zero6575\AppData\Local\Temp\cc9KUamq.s:10533  .debug_str:0000000000003570 .LASF2089
C:\Users\zero6575\AppData\Local\Temp\cc9KUamq.s:12707  .debug_str:000000000000a673 .LASF2090
C:\Users\zero6575\AppData\Local\Temp\cc9KUamq.s:10503  .debug_str:0000000000003468 .LASF2091
C:\Users\zero6575\AppData\Local\Temp\cc9KUamq.s:9755   .debug_str:0000000000000d87 .LASF2092
C:\Users\zero6575\AppData\Local\Temp\cc9KUamq.s:13249  .debug_str:000000000000c19c .LASF2093
C:\Users\zero6575\AppData\Local\Temp\cc9KUamq.s:13141  .debug_str:000000000000bb66 .LASF2094
C:\Users\zero6575\AppData\Local\Temp\cc9KUamq.s:12563  .debug_str:000000000000a056 .LASF2095
C:\Users\zero6575\AppData\Local\Temp\cc9KUamq.s:13631  .debug_str:000000000000d4cc .LASF2096
C:\Users\zero6575\AppData\Local\Temp\cc9KUamq.s:12703  .debug_str:000000000000a645 .LASF2097
C:\Users\zero6575\AppData\Local\Temp\cc9KUamq.s:12095  .debug_str:00000000000087fd .LASF2098
C:\Users\zero6575\AppData\Local\Temp\cc9KUamq.s:12971  .debug_str:000000000000b382 .LASF2099
C:\Users\zero6575\AppData\Local\Temp\cc9KUamq.s:12681  .debug_str:000000000000a56b .LASF2100
C:\Users\zero6575\AppData\Local\Temp\cc9KUamq.s:13107  .debug_str:000000000000b9d8 .LASF2115
C:\Users\zero6575\AppData\Local\Temp\cc9KUamq.s:185    .text.Send_Read_Property_Request:0000000000000000 .LFB5
C:\Users\zero6575\AppData\Local\Temp\cc9KUamq.s:256    .text.Send_Read_Property_Request:00000000000000a2 .LFE5
C:\Users\zero6575\AppData\Local\Temp\cc9KUamq.s:10125  .debug_str:000000000000223a .LASF2101
C:\Users\zero6575\AppData\Local\Temp\cc9KUamq.s:10173  .debug_str:0000000000002490 .LASF2102
C:\Users\zero6575\AppData\Local\Temp\cc9KUamq.s:12561  .debug_str:000000000000a04d .LASF2103
C:\Users\zero6575\AppData\Local\Temp\cc9KUamq.s:9547   .debug_str:00000000000003f9 .LASF2104
C:\Users\zero6575\AppData\Local\Temp\cc9KUamq.s:11781  .debug_str:00000000000076b3 .LASF2105
C:\Users\zero6575\AppData\Local\Temp\cc9KUamq.s:12097  .debug_str:0000000000008809 .LASF2116
C:\Users\zero6575\AppData\Local\Temp\cc9KUamq.s:14     .text.Send_Read_Property_Request_Address:0000000000000000 .LFB4
C:\Users\zero6575\AppData\Local\Temp\cc9KUamq.s:178    .text.Send_Read_Property_Request_Address:00000000000001a2 .LFE4
C:\Users\zero6575\AppData\Local\Temp\cc9KUamq.s:13253  .debug_str:000000000000c1c0 .LASF2106
C:\Users\zero6575\AppData\Local\Temp\cc9KUamq.s:12317  .debug_str:00000000000093af .LASF2107
C:\Users\zero6575\AppData\Local\Temp\cc9KUamq.s:11951  .debug_str:0000000000008014 .LASF2108
C:\Users\zero6575\AppData\Local\Temp\cc9KUamq.s:9905   .debug_str:00000000000014ba .LASF2109
C:\Users\zero6575\AppData\Local\Temp\cc9KUamq.s:12541  .debug_str:0000000000009f2b .LASF2110
C:\Users\zero6575\AppData\Local\Temp\cc9KUamq.s:275    .debug_info:0000000000000000 .Ldebug_info0
C:\Users\zero6575\AppData\Local\Temp\cc9KUamq.s:5583   .debug_macro:0000000000000000 .Ldebug_macro2
C:\Users\zero6575\AppData\Local\Temp\cc9KUamq.s:6614   .debug_macro:0000000000000000 .Ldebug_macro3
C:\Users\zero6575\AppData\Local\Temp\cc9KUamq.s:12701  .debug_str:000000000000a63a .LASF395
C:\Users\zero6575\AppData\Local\Temp\cc9KUamq.s:12481  .debug_str:0000000000009ba4 .LASF396
C:\Users\zero6575\AppData\Local\Temp\cc9KUamq.s:12803  .debug_str:000000000000aad3 .LASF397
C:\Users\zero6575\AppData\Local\Temp\cc9KUamq.s:6778   .debug_macro:0000000000000000 .Ldebug_macro4
C:\Users\zero6575\AppData\Local\Temp\cc9KUamq.s:6798   .debug_macro:0000000000000000 .Ldebug_macro5
C:\Users\zero6575\AppData\Local\Temp\cc9KUamq.s:6863   .debug_macro:0000000000000000 .Ldebug_macro6
C:\Users\zero6575\AppData\Local\Temp\cc9KUamq.s:6904   .debug_macro:0000000000000000 .Ldebug_macro7
C:\Users\zero6575\AppData\Local\Temp\cc9KUamq.s:7026   .debug_macro:0000000000000000 .Ldebug_macro8
C:\Users\zero6575\AppData\Local\Temp\cc9KUamq.s:7082   .debug_macro:0000000000000000 .Ldebug_macro9
C:\Users\zero6575\AppData\Local\Temp\cc9KUamq.s:11157  .debug_str:000000000000571e .LASF551
C:\Users\zero6575\AppData\Local\Temp\cc9KUamq.s:7294   .debug_macro:0000000000000000 .Ldebug_macro10
C:\Users\zero6575\AppData\Local\Temp\cc9KUamq.s:11903  .debug_str:0000000000007cf2 .LASF554
C:\Users\zero6575\AppData\Local\Temp\cc9KUamq.s:10501  .debug_str:0000000000003459 .LASF555
C:\Users\zero6575\AppData\Local\Temp\cc9KUamq.s:10065  .debug_str:0000000000001f40 .LASF556
C:\Users\zero6575\AppData\Local\Temp\cc9KUamq.s:7305   .debug_macro:0000000000000000 .Ldebug_macro11
C:\Users\zero6575\AppData\Local\Temp\cc9KUamq.s:12033  .debug_str:000000000000841f .LASF567
C:\Users\zero6575\AppData\Local\Temp\cc9KUamq.s:7340   .debug_macro:0000000000000000 .Ldebug_macro12
C:\Users\zero6575\AppData\Local\Temp\cc9KUamq.s:7354   .debug_macro:0000000000000000 .Ldebug_macro13
C:\Users\zero6575\AppData\Local\Temp\cc9KUamq.s:7383   .debug_macro:0000000000000000 .Ldebug_macro14
C:\Users\zero6575\AppData\Local\Temp\cc9KUamq.s:7412   .debug_macro:0000000000000000 .Ldebug_macro15
C:\Users\zero6575\AppData\Local\Temp\cc9KUamq.s:7426   .debug_macro:0000000000000000 .Ldebug_macro16
C:\Users\zero6575\AppData\Local\Temp\cc9KUamq.s:13599  .debug_str:000000000000d387 .LASF592
C:\Users\zero6575\AppData\Local\Temp\cc9KUamq.s:7458   .debug_macro:0000000000000000 .Ldebug_macro17
C:\Users\zero6575\AppData\Local\Temp\cc9KUamq.s:7484   .debug_macro:0000000000000000 .Ldebug_macro18
C:\Users\zero6575\AppData\Local\Temp\cc9KUamq.s:7495   .debug_macro:0000000000000000 .Ldebug_macro19
C:\Users\zero6575\AppData\Local\Temp\cc9KUamq.s:7539   .debug_macro:0000000000000000 .Ldebug_macro20
C:\Users\zero6575\AppData\Local\Temp\cc9KUamq.s:7718   .debug_macro:0000000000000000 .Ldebug_macro21
C:\Users\zero6575\AppData\Local\Temp\cc9KUamq.s:11807  .debug_str:0000000000007814 .LASF760
C:\Users\zero6575\AppData\Local\Temp\cc9KUamq.s:12511  .debug_str:0000000000009deb .LASF761
C:\Users\zero6575\AppData\Local\Temp\cc9KUamq.s:7987   .debug_macro:0000000000000000 .Ldebug_macro22
C:\Users\zero6575\AppData\Local\Temp\cc9KUamq.s:8355   .debug_macro:0000000000000000 .Ldebug_macro23
C:\Users\zero6575\AppData\Local\Temp\cc9KUamq.s:8366   .debug_macro:0000000000000000 .Ldebug_macro24
C:\Users\zero6575\AppData\Local\Temp\cc9KUamq.s:10999  .debug_str:0000000000004f4d .LASF884
C:\Users\zero6575\AppData\Local\Temp\cc9KUamq.s:10855  .debug_str:00000000000047cf .LASF885
C:\Users\zero6575\AppData\Local\Temp\cc9KUamq.s:10559  .debug_str:00000000000036c7 .LASF886
C:\Users\zero6575\AppData\Local\Temp\cc9KUamq.s:8392   .debug_macro:0000000000000000 .Ldebug_macro25
C:\Users\zero6575\AppData\Local\Temp\cc9KUamq.s:10245  .debug_str:0000000000002840 .LASF928
C:\Users\zero6575\AppData\Local\Temp\cc9KUamq.s:10133  .debug_str:0000000000002294 .LASF929
C:\Users\zero6575\AppData\Local\Temp\cc9KUamq.s:13699  .debug_str:000000000000d7b2 .LASF930
C:\Users\zero6575\AppData\Local\Temp\cc9KUamq.s:10483  .debug_str:000000000000338c .LASF931
C:\Users\zero6575\AppData\Local\Temp\cc9KUamq.s:8520   .debug_macro:0000000000000000 .Ldebug_macro26
C:\Users\zero6575\AppData\Local\Temp\cc9KUamq.s:10505  .debug_str:0000000000003482 .LASF956
C:\Users\zero6575\AppData\Local\Temp\cc9KUamq.s:8597   .debug_macro:0000000000000000 .Ldebug_macro27
C:\Users\zero6575\AppData\Local\Temp\cc9KUamq.s:8617   .debug_macro:0000000000000000 .Ldebug_macro28
C:\Users\zero6575\AppData\Local\Temp\cc9KUamq.s:8631   .debug_macro:0000000000000000 .Ldebug_macro29
C:\Users\zero6575\AppData\Local\Temp\cc9KUamq.s:9727   .debug_str:0000000000000b94 .LASF968
C:\Users\zero6575\AppData\Local\Temp\cc9KUamq.s:8645   .debug_macro:0000000000000000 .Ldebug_macro30
C:\Users\zero6575\AppData\Local\Temp\cc9KUamq.s:8659   .debug_macro:0000000000000000 .Ldebug_macro31
C:\Users\zero6575\AppData\Local\Temp\cc9KUamq.s:8670   .debug_macro:0000000000000000 .Ldebug_macro32
C:\Users\zero6575\AppData\Local\Temp\cc9KUamq.s:8681   .debug_macro:0000000000000000 .Ldebug_macro33
C:\Users\zero6575\AppData\Local\Temp\cc9KUamq.s:12303  .debug_str:000000000000931a .LASF976
C:\Users\zero6575\AppData\Local\Temp\cc9KUamq.s:8692   .debug_macro:0000000000000000 .Ldebug_macro34
C:\Users\zero6575\AppData\Local\Temp\cc9KUamq.s:8709   .debug_macro:0000000000000000 .Ldebug_macro35
C:\Users\zero6575\AppData\Local\Temp\cc9KUamq.s:13531  .debug_str:000000000000cfee .LASF994
C:\Users\zero6575\AppData\Local\Temp\cc9KUamq.s:13343  .debug_str:000000000000c630 .LASF995
C:\Users\zero6575\AppData\Local\Temp\cc9KUamq.s:8753   .debug_macro:0000000000000000 .Ldebug_macro36
C:\Users\zero6575\AppData\Local\Temp\cc9KUamq.s:11707  .debug_str:000000000000738c .LASF1006
C:\Users\zero6575\AppData\Local\Temp\cc9KUamq.s:11083  .debug_str:00000000000053b0 .LASF1007
C:\Users\zero6575\AppData\Local\Temp\cc9KUamq.s:8788   .debug_macro:0000000000000000 .Ldebug_macro37
C:\Users\zero6575\AppData\Local\Temp\cc9KUamq.s:8799   .debug_macro:0000000000000000 .Ldebug_macro38
C:\Users\zero6575\AppData\Local\Temp\cc9KUamq.s:8834   .debug_macro:0000000000000000 .Ldebug_macro39
C:\Users\zero6575\AppData\Local\Temp\cc9KUamq.s:9977   .debug_str:00000000000017f4 .LASF1052
C:\Users\zero6575\AppData\Local\Temp\cc9KUamq.s:8935   .debug_macro:0000000000000000 .Ldebug_macro40
C:\Users\zero6575\AppData\Local\Temp\cc9KUamq.s:8952   .debug_macro:0000000000000000 .Ldebug_macro41
C:\Users\zero6575\AppData\Local\Temp\cc9KUamq.s:12133  .debug_str:0000000000008a0f .LASF1066
C:\Users\zero6575\AppData\Local\Temp\cc9KUamq.s:8984   .debug_macro:0000000000000000 .Ldebug_macro42
C:\Users\zero6575\AppData\Local\Temp\cc9KUamq.s:9010   .debug_macro:0000000000000000 .Ldebug_macro43
C:\Users\zero6575\AppData\Local\Temp\cc9KUamq.s:13653  .debug_str:000000000000d58b .LASF1080
C:\Users\zero6575\AppData\Local\Temp\cc9KUamq.s:13313  .debug_str:000000000000c4bd .LASF1081
C:\Users\zero6575\AppData\Local\Temp\cc9KUamq.s:12213  .debug_str:0000000000008e40 .LASF1082
C:\Users\zero6575\AppData\Local\Temp\cc9KUamq.s:9961   .debug_str:000000000000172f .LASF1083
C:\Users\zero6575\AppData\Local\Temp\cc9KUamq.s:12713  .debug_str:000000000000a697 .LASF1084
C:\Users\zero6575\AppData\Local\Temp\cc9KUamq.s:9033   .debug_macro:0000000000000000 .Ldebug_macro44
C:\Users\zero6575\AppData\Local\Temp\cc9KUamq.s:9167   .debug_macro:0000000000000000 .Ldebug_macro45
C:\Users\zero6575\AppData\Local\Temp\cc9KUamq.s:13399  .debug_str:000000000000ca3e .LASF1133
C:\Users\zero6575\AppData\Local\Temp\cc9KUamq.s:9187   .debug_macro:0000000000000000 .Ldebug_macro46
C:\Users\zero6575\AppData\Local\Temp\cc9KUamq.s:13055  .debug_str:000000000000b78b .LASF1143
C:\Users\zero6575\AppData\Local\Temp\cc9KUamq.s:9879   .debug_str:0000000000001387 .LASF1144
C:\Users\zero6575\AppData\Local\Temp\cc9KUamq.s:13291  .debug_str:000000000000c398 .LASF1145
C:\Users\zero6575\AppData\Local\Temp\cc9KUamq.s:10569  .debug_str:0000000000003751 .LASF1146
C:\Users\zero6575\AppData\Local\Temp\cc9KUamq.s:9813   .debug_str:0000000000001044 .LASF1147
C:\Users\zero6575\AppData\Local\Temp\cc9KUamq.s:9219   .debug_macro:0000000000000000 .Ldebug_macro47
C:\Users\zero6575\AppData\Local\Temp\cc9KUamq.s:10761  .debug_str:00000000000043b3 .LASF1150
C:\Users\zero6575\AppData\Local\Temp\cc9KUamq.s:9236   .debug_macro:0000000000000000 .Ldebug_macro48
C:\Users\zero6575\AppData\Local\Temp\cc9KUamq.s:9247   .debug_macro:0000000000000000 .Ldebug_macro49
C:\Users\zero6575\AppData\Local\Temp\cc9KUamq.s:9258   .debug_macro:0000000000000000 .Ldebug_macro50
C:\Users\zero6575\AppData\Local\Temp\cc9KUamq.s:9272   .debug_macro:0000000000000000 .Ldebug_macro51
C:\Users\zero6575\AppData\Local\Temp\cc9KUamq.s:13373  .debug_str:000000000000c830 .LASF1207
C:\Users\zero6575\AppData\Local\Temp\cc9KUamq.s:12243  .debug_str:0000000000008fcf .LASF1208
C:\Users\zero6575\AppData\Local\Temp\cc9KUamq.s:9424   .debug_macro:0000000000000000 .Ldebug_macro52
C:\Users\zero6575\AppData\Local\Temp\cc9KUamq.s:13673  .debug_str:000000000000d64f .LASF1211
C:\Users\zero6575\AppData\Local\Temp\cc9KUamq.s:11849  .debug_str:00000000000079b5 .LASF1212
C:\Users\zero6575\AppData\Local\Temp\cc9KUamq.s:13449  .debug_str:000000000000cc86 .LASF1213
C:\Users\zero6575\AppData\Local\Temp\cc9KUamq.s:9823   .debug_str:00000000000010f0 .LASF1214
C:\Users\zero6575\AppData\Local\Temp\cc9KUamq.s:9435   .debug_macro:0000000000000000 .Ldebug_macro53
C:\Users\zero6575\AppData\Local\Temp\cc9KUamq.s:9735   .debug_str:0000000000000c29 .LASF1220
C:\Users\zero6575\AppData\Local\Temp\cc9KUamq.s:12539  .debug_str:0000000000009f1f .LASF1221
C:\Users\zero6575\AppData\Local\Temp\cc9KUamq.s:12641  .debug_str:000000000000a3a4 .LASF1222
C:\Users\zero6575\AppData\Local\Temp\cc9KUamq.s:11185  .debug_str:000000000000582c .LASF1223
C:\Users\zero6575\AppData\Local\Temp\cc9KUamq.s:12569  .debug_str:000000000000a08f .LASF1224
C:\Users\zero6575\AppData\Local\Temp\cc9KUamq.s:10655  .debug_str:0000000000003c45 .LASF1225
C:\Users\zero6575\AppData\Local\Temp\cc9KUamq.s:11107  .debug_str:00000000000054b5 .LASF1226
C:\Users\zero6575\AppData\Local\Temp\cc9KUamq.s:13131  .debug_str:000000000000baf3 .LASF1227
C:\Users\zero6575\AppData\Local\Temp\cc9KUamq.s:12219  .debug_str:0000000000008ea9 .LASF1228
C:\Users\zero6575\AppData\Local\Temp\cc9KUamq.s:11977  .debug_str:000000000000817e .LASF1229
C:\Users\zero6575\AppData\Local\Temp\cc9KUamq.s:10831  .debug_str:000000000000469d .LASF1230
C:\Users\zero6575\AppData\Local\Temp\cc9KUamq.s:9471   .debug_str:000000000000009b .LASF1231
C:\Users\zero6575\AppData\Local\Temp\cc9KUamq.s:13129  .debug_str:000000000000baec .LASF1232
C:\Users\zero6575\AppData\Local\Temp\cc9KUamq.s:9575   .debug_str:000000000000057c .LASF0
C:\Users\zero6575\AppData\Local\Temp\cc9KUamq.s:13183  .debug_str:000000000000be1b .LASF1
C:\Users\zero6575\AppData\Local\Temp\cc9KUamq.s:11241  .debug_str:0000000000005ad7 .LASF2
C:\Users\zero6575\AppData\Local\Temp\cc9KUamq.s:10029  .debug_str:0000000000001aea .LASF3
C:\Users\zero6575\AppData\Local\Temp\cc9KUamq.s:12007  .debug_str:00000000000082dc .LASF4
C:\Users\zero6575\AppData\Local\Temp\cc9KUamq.s:13647  .debug_str:000000000000d558 .LASF5
C:\Users\zero6575\AppData\Local\Temp\cc9KUamq.s:13605  .debug_str:000000000000d3c3 .LASF6
C:\Users\zero6575\AppData\Local\Temp\cc9KUamq.s:9869   .debug_str:00000000000012f9 .LASF7
C:\Users\zero6575\AppData\Local\Temp\cc9KUamq.s:12731  .debug_str:000000000000a770 .LASF8
C:\Users\zero6575\AppData\Local\Temp\cc9KUamq.s:11283  .debug_str:0000000000005d77 .LASF9
C:\Users\zero6575\AppData\Local\Temp\cc9KUamq.s:10155  .debug_str:000000000000235f .LASF10
C:\Users\zero6575\AppData\Local\Temp\cc9KUamq.s:11509  .debug_str:00000000000068b1 .LASF11
C:\Users\zero6575\AppData\Local\Temp\cc9KUamq.s:13259  .debug_str:000000000000c1fa .LASF12
C:\Users\zero6575\AppData\Local\Temp\cc9KUamq.s:12845  .debug_str:000000000000acac .LASF13
C:\Users\zero6575\AppData\Local\Temp\cc9KUamq.s:13063  .debug_str:000000000000b7f0 .LASF14
C:\Users\zero6575\AppData\Local\Temp\cc9KUamq.s:12575  .debug_str:000000000000a0f5 .LASF15
C:\Users\zero6575\AppData\Local\Temp\cc9KUamq.s:13509  .debug_str:000000000000cf17 .LASF16
C:\Users\zero6575\AppData\Local\Temp\cc9KUamq.s:10913  .debug_str:0000000000004ad5 .LASF17
C:\Users\zero6575\AppData\Local\Temp\cc9KUamq.s:9889   .debug_str:00000000000013fe .LASF18
C:\Users\zero6575\AppData\Local\Temp\cc9KUamq.s:9639   .debug_str:0000000000000871 .LASF19
C:\Users\zero6575\AppData\Local\Temp\cc9KUamq.s:10647  .debug_str:0000000000003bb0 .LASF20
C:\Users\zero6575\AppData\Local\Temp\cc9KUamq.s:12991  .debug_str:000000000000b479 .LASF21
C:\Users\zero6575\AppData\Local\Temp\cc9KUamq.s:13475  .debug_str:000000000000cd65 .LASF22
C:\Users\zero6575\AppData\Local\Temp\cc9KUamq.s:12745  .debug_str:000000000000a808 .LASF23
C:\Users\zero6575\AppData\Local\Temp\cc9KUamq.s:13427  .debug_str:000000000000cb7d .LASF24
C:\Users\zero6575\AppData\Local\Temp\cc9KUamq.s:11579  .debug_str:0000000000006caa .LASF25
C:\Users\zero6575\AppData\Local\Temp\cc9KUamq.s:11771  .debug_str:0000000000007643 .LASF26
C:\Users\zero6575\AppData\Local\Temp\cc9KUamq.s:9913   .debug_str:0000000000001505 .LASF27
C:\Users\zero6575\AppData\Local\Temp\cc9KUamq.s:10509  .debug_str:00000000000034a9 .LASF28
C:\Users\zero6575\AppData\Local\Temp\cc9KUamq.s:12461  .debug_str:0000000000009ad2 .LASF29
C:\Users\zero6575\AppData\Local\Temp\cc9KUamq.s:11187  .debug_str:0000000000005838 .LASF30
C:\Users\zero6575\AppData\Local\Temp\cc9KUamq.s:10201  .debug_str:0000000000002596 .LASF31
C:\Users\zero6575\AppData\Local\Temp\cc9KUamq.s:12693  .debug_str:000000000000a5ee .LASF32
C:\Users\zero6575\AppData\Local\Temp\cc9KUamq.s:12189  .debug_str:0000000000008d3e .LASF33
C:\Users\zero6575\AppData\Local\Temp\cc9KUamq.s:11401  .debug_str:00000000000063a0 .LASF34
C:\Users\zero6575\AppData\Local\Temp\cc9KUamq.s:13659  .debug_str:000000000000d5ab .LASF35
C:\Users\zero6575\AppData\Local\Temp\cc9KUamq.s:9565   .debug_str:00000000000004b4 .LASF36
C:\Users\zero6575\AppData\Local\Temp\cc9KUamq.s:10687  .debug_str:0000000000003dc3 .LASF37
C:\Users\zero6575\AppData\Local\Temp\cc9KUamq.s:10479  .debug_str:000000000000335b .LASF38
C:\Users\zero6575\AppData\Local\Temp\cc9KUamq.s:10863  .debug_str:000000000000486e .LASF39
C:\Users\zero6575\AppData\Local\Temp\cc9KUamq.s:13525  .debug_str:000000000000cfa9 .LASF40
C:\Users\zero6575\AppData\Local\Temp\cc9KUamq.s:12201  .debug_str:0000000000008dc4 .LASF41
C:\Users\zero6575\AppData\Local\Temp\cc9KUamq.s:9907   .debug_str:00000000000014bf .LASF42
C:\Users\zero6575\AppData\Local\Temp\cc9KUamq.s:12859  .debug_str:000000000000ad40 .LASF43
C:\Users\zero6575\AppData\Local\Temp\cc9KUamq.s:10947  .debug_str:0000000000004c42 .LASF44
C:\Users\zero6575\AppData\Local\Temp\cc9KUamq.s:11811  .debug_str:0000000000007837 .LASF45
C:\Users\zero6575\AppData\Local\Temp\cc9KUamq.s:12963  .debug_str:000000000000b32e .LASF46
C:\Users\zero6575\AppData\Local\Temp\cc9KUamq.s:12599  .debug_str:000000000000a1f0 .LASF47
C:\Users\zero6575\AppData\Local\Temp\cc9KUamq.s:10067  .debug_str:0000000000001f4e .LASF48
C:\Users\zero6575\AppData\Local\Temp\cc9KUamq.s:11653  .debug_str:00000000000070d3 .LASF49
C:\Users\zero6575\AppData\Local\Temp\cc9KUamq.s:10885  .debug_str:0000000000004999 .LASF50
C:\Users\zero6575\AppData\Local\Temp\cc9KUamq.s:11467  .debug_str:00000000000066c4 .LASF51
C:\Users\zero6575\AppData\Local\Temp\cc9KUamq.s:11167  .debug_str:000000000000576c .LASF52
C:\Users\zero6575\AppData\Local\Temp\cc9KUamq.s:13099  .debug_str:000000000000b994 .LASF53
C:\Users\zero6575\AppData\Local\Temp\cc9KUamq.s:9863   .debug_str:0000000000001283 .LASF54
C:\Users\zero6575\AppData\Local\Temp\cc9KUamq.s:13499  .debug_str:000000000000ce7c .LASF55
C:\Users\zero6575\AppData\Local\Temp\cc9KUamq.s:12337  .debug_str:0000000000009473 .LASF56
C:\Users\zero6575\AppData\Local\Temp\cc9KUamq.s:10967  .debug_str:0000000000004d4e .LASF57
C:\Users\zero6575\AppData\Local\Temp\cc9KUamq.s:12825  .debug_str:000000000000abb7 .LASF58
C:\Users\zero6575\AppData\Local\Temp\cc9KUamq.s:11985  .debug_str:00000000000081f1 .LASF59
C:\Users\zero6575\AppData\Local\Temp\cc9KUamq.s:11413  .debug_str:0000000000006446 .LASF60
C:\Users\zero6575\AppData\Local\Temp\cc9KUamq.s:12899  .debug_str:000000000000af93 .LASF61
C:\Users\zero6575\AppData\Local\Temp\cc9KUamq.s:12423  .debug_str:00000000000098eb .LASF62
C:\Users\zero6575\AppData\Local\Temp\cc9KUamq.s:10179  .debug_str:00000000000024c3 .LASF63
C:\Users\zero6575\AppData\Local\Temp\cc9KUamq.s:9881   .debug_str:000000000000138f .LASF64
C:\Users\zero6575\AppData\Local\Temp\cc9KUamq.s:12129  .debug_str:00000000000089c9 .LASF65
C:\Users\zero6575\AppData\Local\Temp\cc9KUamq.s:11495  .debug_str:0000000000006807 .LASF66
C:\Users\zero6575\AppData\Local\Temp\cc9KUamq.s:9835   .debug_str:0000000000001170 .LASF67
C:\Users\zero6575\AppData\Local\Temp\cc9KUamq.s:9991   .debug_str:00000000000018a4 .LASF68
C:\Users\zero6575\AppData\Local\Temp\cc9KUamq.s:11135  .debug_str:00000000000055de .LASF69
C:\Users\zero6575\AppData\Local\Temp\cc9KUamq.s:11805  .debug_str:00000000000077e2 .LASF70
C:\Users\zero6575\AppData\Local\Temp\cc9KUamq.s:11465  .debug_str:00000000000066ad .LASF71
C:\Users\zero6575\AppData\Local\Temp\cc9KUamq.s:9957   .debug_str:0000000000001717 .LASF72
C:\Users\zero6575\AppData\Local\Temp\cc9KUamq.s:9693   .debug_str:0000000000000a32 .LASF73
C:\Users\zero6575\AppData\Local\Temp\cc9KUamq.s:11461  .debug_str:0000000000006688 .LASF74
C:\Users\zero6575\AppData\Local\Temp\cc9KUamq.s:11665  .debug_str:000000000000714d .LASF75
C:\Users\zero6575\AppData\Local\Temp\cc9KUamq.s:12241  .debug_str:0000000000008fa8 .LASF76
C:\Users\zero6575\AppData\Local\Temp\cc9KUamq.s:12229  .debug_str:0000000000008f32 .LASF77
C:\Users\zero6575\AppData\Local\Temp\cc9KUamq.s:9717   .debug_str:0000000000000b2c .LASF78
C:\Users\zero6575\AppData\Local\Temp\cc9KUamq.s:10419  .debug_str:0000000000003069 .LASF79
C:\Users\zero6575\AppData\Local\Temp\cc9KUamq.s:11497  .debug_str:000000000000682e .LASF80
C:\Users\zero6575\AppData\Local\Temp\cc9KUamq.s:9559   .debug_str:0000000000000474 .LASF81
C:\Users\zero6575\AppData\Local\Temp\cc9KUamq.s:9999   .debug_str:000000000000194a .LASF82
C:\Users\zero6575\AppData\Local\Temp\cc9KUamq.s:9553   .debug_str:0000000000000431 .LASF83
C:\Users\zero6575\AppData\Local\Temp\cc9KUamq.s:9691   .debug_str:0000000000000a20 .LASF84
C:\Users\zero6575\AppData\Local\Temp\cc9KUamq.s:10651  .debug_str:0000000000003c24 .LASF85
C:\Users\zero6575\AppData\Local\Temp\cc9KUamq.s:10513  .debug_str:00000000000034db .LASF86
C:\Users\zero6575\AppData\Local\Temp\cc9KUamq.s:12299  .debug_str:00000000000092e8 .LASF87
C:\Users\zero6575\AppData\Local\Temp\cc9KUamq.s:12089  .debug_str:000000000000879f .LASF88
C:\Users\zero6575\AppData\Local\Temp\cc9KUamq.s:11227  .debug_str:0000000000005a19 .LASF89
C:\Users\zero6575\AppData\Local\Temp\cc9KUamq.s:10593  .debug_str:00000000000038a9 .LASF90
C:\Users\zero6575\AppData\Local\Temp\cc9KUamq.s:10759  .debug_str:00000000000043a1 .LASF91
C:\Users\zero6575\AppData\Local\Temp\cc9KUamq.s:13305  .debug_str:000000000000c425 .LASF92
C:\Users\zero6575\AppData\Local\Temp\cc9KUamq.s:10199  .debug_str:0000000000002581 .LASF93
C:\Users\zero6575\AppData\Local\Temp\cc9KUamq.s:12029  .debug_str:00000000000083dc .LASF94
C:\Users\zero6575\AppData\Local\Temp\cc9KUamq.s:10899  .debug_str:0000000000004a40 .LASF95
C:\Users\zero6575\AppData\Local\Temp\cc9KUamq.s:11257  .debug_str:0000000000005c13 .LASF96
C:\Users\zero6575\AppData\Local\Temp\cc9KUamq.s:10571  .debug_str:0000000000003762 .LASF97
C:\Users\zero6575\AppData\Local\Temp\cc9KUamq.s:12489  .debug_str:0000000000009c0c .LASF98
C:\Users\zero6575\AppData\Local\Temp\cc9KUamq.s:12411  .debug_str:000000000000981f .LASF99
C:\Users\zero6575\AppData\Local\Temp\cc9KUamq.s:11501  .debug_str:0000000000006847 .LASF100
C:\Users\zero6575\AppData\Local\Temp\cc9KUamq.s:10301  .debug_str:0000000000002aa2 .LASF101
C:\Users\zero6575\AppData\Local\Temp\cc9KUamq.s:9865   .debug_str:00000000000012a1 .LASF102
C:\Users\zero6575\AppData\Local\Temp\cc9KUamq.s:11397  .debug_str:0000000000006369 .LASF103
C:\Users\zero6575\AppData\Local\Temp\cc9KUamq.s:11153  .debug_str:00000000000056f7 .LASF104
C:\Users\zero6575\AppData\Local\Temp\cc9KUamq.s:13315  .debug_str:000000000000c4ca .LASF105
C:\Users\zero6575\AppData\Local\Temp\cc9KUamq.s:12043  .debug_str:0000000000008481 .LASF106
C:\Users\zero6575\AppData\Local\Temp\cc9KUamq.s:10111  .debug_str:000000000000218b .LASF107
C:\Users\zero6575\AppData\Local\Temp\cc9KUamq.s:10771  .debug_str:0000000000004410 .LASF108
C:\Users\zero6575\AppData\Local\Temp\cc9KUamq.s:10113  .debug_str:00000000000021af .LASF109
C:\Users\zero6575\AppData\Local\Temp\cc9KUamq.s:11407  .debug_str:000000000000641a .LASF110
C:\Users\zero6575\AppData\Local\Temp\cc9KUamq.s:10031  .debug_str:0000000000001afc .LASF111
C:\Users\zero6575\AppData\Local\Temp\cc9KUamq.s:12969  .debug_str:000000000000b373 .LASF112
C:\Users\zero6575\AppData\Local\Temp\cc9KUamq.s:9803   .debug_str:0000000000000fcc .LASF113
C:\Users\zero6575\AppData\Local\Temp\cc9KUamq.s:12021  .debug_str:000000000000838c .LASF114
C:\Users\zero6575\AppData\Local\Temp\cc9KUamq.s:10793  .debug_str:000000000000453e .LASF115
C:\Users\zero6575\AppData\Local\Temp\cc9KUamq.s:11419  .debug_str:0000000000006485 .LASF116
C:\Users\zero6575\AppData\Local\Temp\cc9KUamq.s:11263  .debug_str:0000000000005c5d .LASF117
C:\Users\zero6575\AppData\Local\Temp\cc9KUamq.s:13681  .debug_str:000000000000d6cf .LASF118
C:\Users\zero6575\AppData\Local\Temp\cc9KUamq.s:11269  .debug_str:0000000000005cc5 .LASF119
C:\Users\zero6575\AppData\Local\Temp\cc9KUamq.s:13663  .debug_str:000000000000d5ed .LASF120
C:\Users\zero6575\AppData\Local\Temp\cc9KUamq.s:10457  .debug_str:0000000000003258 .LASF121
C:\Users\zero6575\AppData\Local\Temp\cc9KUamq.s:13301  .debug_str:000000000000c401 .LASF122
C:\Users\zero6575\AppData\Local\Temp\cc9KUamq.s:9931   .debug_str:00000000000015f1 .LASF123
C:\Users\zero6575\AppData\Local\Temp\cc9KUamq.s:10265  .debug_str:0000000000002922 .LASF124
C:\Users\zero6575\AppData\Local\Temp\cc9KUamq.s:11919  .debug_str:0000000000007dc6 .LASF125
C:\Users\zero6575\AppData\Local\Temp\cc9KUamq.s:10451  .debug_str:00000000000031f3 .LASF126
C:\Users\zero6575\AppData\Local\Temp\cc9KUamq.s:13481  .debug_str:000000000000cd8f .LASF127
C:\Users\zero6575\AppData\Local\Temp\cc9KUamq.s:10299  .debug_str:0000000000002a85 .LASF128
C:\Users\zero6575\AppData\Local\Temp\cc9KUamq.s:10307  .debug_str:0000000000002aeb .LASF129
C:\Users\zero6575\AppData\Local\Temp\cc9KUamq.s:9503   .debug_str:00000000000001e0 .LASF130
C:\Users\zero6575\AppData\Local\Temp\cc9KUamq.s:9699   .debug_str:0000000000000a7b .LASF131
C:\Users\zero6575\AppData\Local\Temp\cc9KUamq.s:10367  .debug_str:0000000000002dd7 .LASF132
C:\Users\zero6575\AppData\Local\Temp\cc9KUamq.s:11201  .debug_str:00000000000058c7 .LASF133
C:\Users\zero6575\AppData\Local\Temp\cc9KUamq.s:10363  .debug_str:0000000000002da8 .LASF134
C:\Users\zero6575\AppData\Local\Temp\cc9KUamq.s:10231  .debug_str:0000000000002786 .LASF135
C:\Users\zero6575\AppData\Local\Temp\cc9KUamq.s:11589  .debug_str:0000000000006d3d .LASF136
C:\Users\zero6575\AppData\Local\Temp\cc9KUamq.s:11543  .debug_str:0000000000006a9e .LASF137
C:\Users\zero6575\AppData\Local\Temp\cc9KUamq.s:12747  .debug_str:000000000000a81c .LASF138
C:\Users\zero6575\AppData\Local\Temp\cc9KUamq.s:9817   .debug_str:0000000000001065 .LASF139
C:\Users\zero6575\AppData\Local\Temp\cc9KUamq.s:10403  .debug_str:0000000000002fbe .LASF140
C:\Users\zero6575\AppData\Local\Temp\cc9KUamq.s:12505  .debug_str:0000000000009d1b .LASF141
C:\Users\zero6575\AppData\Local\Temp\cc9KUamq.s:12279  .debug_str:0000000000009188 .LASF142
C:\Users\zero6575\AppData\Local\Temp\cc9KUamq.s:11331  .debug_str:0000000000005fbb .LASF143
C:\Users\zero6575\AppData\Local\Temp\cc9KUamq.s:10229  .debug_str:000000000000276e .LASF144
C:\Users\zero6575\AppData\Local\Temp\cc9KUamq.s:11493  .debug_str:00000000000067f1 .LASF145
C:\Users\zero6575\AppData\Local\Temp\cc9KUamq.s:12737  .debug_str:000000000000a7a4 .LASF146
C:\Users\zero6575\AppData\Local\Temp\cc9KUamq.s:13385  .debug_str:000000000000c999 .LASF147
C:\Users\zero6575\AppData\Local\Temp\cc9KUamq.s:10791  .debug_str:000000000000452e .LASF148
C:\Users\zero6575\AppData\Local\Temp\cc9KUamq.s:10719  .debug_str:00000000000040e7 .LASF149
C:\Users\zero6575\AppData\Local\Temp\cc9KUamq.s:9849   .debug_str:00000000000011fb .LASF150
C:\Users\zero6575\AppData\Local\Temp\cc9KUamq.s:10775  .debug_str:0000000000004439 .LASF151
C:\Users\zero6575\AppData\Local\Temp\cc9KUamq.s:12705  .debug_str:000000000000a65a .LASF152
C:\Users\zero6575\AppData\Local\Temp\cc9KUamq.s:10149  .debug_str:0000000000002313 .LASF153
C:\Users\zero6575\AppData\Local\Temp\cc9KUamq.s:9517   .debug_str:0000000000000276 .LASF154
C:\Users\zero6575\AppData\Local\Temp\cc9KUamq.s:12527  .debug_str:0000000000009eb7 .LASF155
C:\Users\zero6575\AppData\Local\Temp\cc9KUamq.s:12297  .debug_str:00000000000092b1 .LASF156
C:\Users\zero6575\AppData\Local\Temp\cc9KUamq.s:11563  .debug_str:0000000000006baa .LASF157
C:\Users\zero6575\AppData\Local\Temp\cc9KUamq.s:13371  .debug_str:000000000000c7f6 .LASF158
C:\Users\zero6575\AppData\Local\Temp\cc9KUamq.s:13365  .debug_str:000000000000c727 .LASF159
C:\Users\zero6575\AppData\Local\Temp\cc9KUamq.s:13445  .debug_str:000000000000cc4f .LASF160
C:\Users\zero6575\AppData\Local\Temp\cc9KUamq.s:12171  .debug_str:0000000000008c17 .LASF161
C:\Users\zero6575\AppData\Local\Temp\cc9KUamq.s:10491  .debug_str:00000000000033be .LASF162
C:\Users\zero6575\AppData\Local\Temp\cc9KUamq.s:13455  .debug_str:000000000000ccae .LASF163
C:\Users\zero6575\AppData\Local\Temp\cc9KUamq.s:10189  .debug_str:0000000000002540 .LASF164
C:\Users\zero6575\AppData\Local\Temp\cc9KUamq.s:13153  .debug_str:000000000000bc80 .LASF165
C:\Users\zero6575\AppData\Local\Temp\cc9KUamq.s:10331  .debug_str:0000000000002c2d .LASF166
C:\Users\zero6575\AppData\Local\Temp\cc9KUamq.s:10539  .debug_str:00000000000035a3 .LASF167
C:\Users\zero6575\AppData\Local\Temp\cc9KUamq.s:9605   .debug_str:00000000000006c3 .LASF168
C:\Users\zero6575\AppData\Local\Temp\cc9KUamq.s:10645  .debug_str:0000000000003b99 .LASF169
C:\Users\zero6575\AppData\Local\Temp\cc9KUamq.s:13325  .debug_str:000000000000c545 .LASF170
C:\Users\zero6575\AppData\Local\Temp\cc9KUamq.s:9625   .debug_str:00000000000007a2 .LASF171
C:\Users\zero6575\AppData\Local\Temp\cc9KUamq.s:9993   .debug_str:00000000000018c7 .LASF172
C:\Users\zero6575\AppData\Local\Temp\cc9KUamq.s:11325  .debug_str:0000000000005f3f .LASF173
C:\Users\zero6575\AppData\Local\Temp\cc9KUamq.s:12037  .debug_str:0000000000008448 .LASF174
C:\Users\zero6575\AppData\Local\Temp\cc9KUamq.s:9815   .debug_str:000000000000104e .LASF175
C:\Users\zero6575\AppData\Local\Temp\cc9KUamq.s:13349  .debug_str:000000000000c69a .LASF176
C:\Users\zero6575\AppData\Local\Temp\cc9KUamq.s:13495  .debug_str:000000000000ce4c .LASF177
C:\Users\zero6575\AppData\Local\Temp\cc9KUamq.s:9775   .debug_str:0000000000000ec8 .LASF178
C:\Users\zero6575\AppData\Local\Temp\cc9KUamq.s:11089  .debug_str:00000000000053f2 .LASF179
C:\Users\zero6575\AppData\Local\Temp\cc9KUamq.s:13503  .debug_str:000000000000ceb7 .LASF180
C:\Users\zero6575\AppData\Local\Temp\cc9KUamq.s:13591  .debug_str:000000000000d333 .LASF181
C:\Users\zero6575\AppData\Local\Temp\cc9KUamq.s:9601   .debug_str:000000000000069b .LASF182
C:\Users\zero6575\AppData\Local\Temp\cc9KUamq.s:10329  .debug_str:0000000000002c1a .LASF183
C:\Users\zero6575\AppData\Local\Temp\cc9KUamq.s:10119  .debug_str:00000000000021e9 .LASF184
C:\Users\zero6575\AppData\Local\Temp\cc9KUamq.s:12139  .debug_str:0000000000008a73 .LASF185
C:\Users\zero6575\AppData\Local\Temp\cc9KUamq.s:10613  .debug_str:00000000000039b9 .LASF186
C:\Users\zero6575\AppData\Local\Temp\cc9KUamq.s:13367  .debug_str:000000000000c765 .LASF187
C:\Users\zero6575\AppData\Local\Temp\cc9KUamq.s:12773  .debug_str:000000000000a94f .LASF188
C:\Users\zero6575\AppData\Local\Temp\cc9KUamq.s:11881  .debug_str:0000000000007c03 .LASF189
C:\Users\zero6575\AppData\Local\Temp\cc9KUamq.s:13389  .debug_str:000000000000c9db .LASF190
C:\Users\zero6575\AppData\Local\Temp\cc9KUamq.s:12345  .debug_str:00000000000094cd .LASF191
C:\Users\zero6575\AppData\Local\Temp\cc9KUamq.s:10177  .debug_str:00000000000024ad .LASF192
C:\Users\zero6575\AppData\Local\Temp\cc9KUamq.s:10091  .debug_str:0000000000002078 .LASF193
C:\Users\zero6575\AppData\Local\Temp\cc9KUamq.s:10321  .debug_str:0000000000002b92 .LASF194
C:\Users\zero6575\AppData\Local\Temp\cc9KUamq.s:10017  .debug_str:0000000000001a43 .LASF195
C:\Users\zero6575\AppData\Local\Temp\cc9KUamq.s:9589   .debug_str:000000000000060d .LASF196
C:\Users\zero6575\AppData\Local\Temp\cc9KUamq.s:11855  .debug_str:0000000000007a69 .LASF197
C:\Users\zero6575\AppData\Local\Temp\cc9KUamq.s:10661  .debug_str:0000000000003c89 .LASF198
C:\Users\zero6575\AppData\Local\Temp\cc9KUamq.s:10685  .debug_str:0000000000003d88 .LASF199
C:\Users\zero6575\AppData\Local\Temp\cc9KUamq.s:12755  .debug_str:000000000000a881 .LASF200
C:\Users\zero6575\AppData\Local\Temp\cc9KUamq.s:13061  .debug_str:000000000000b7b2 .LASF201
C:\Users\zero6575\AppData\Local\Temp\cc9KUamq.s:9839   .debug_str:0000000000001196 .LASF202
C:\Users\zero6575\AppData\Local\Temp\cc9KUamq.s:12125  .debug_str:0000000000008951 .LASF203
C:\Users\zero6575\AppData\Local\Temp\cc9KUamq.s:9531   .debug_str:0000000000000331 .LASF204
C:\Users\zero6575\AppData\Local\Temp\cc9KUamq.s:13255  .debug_str:000000000000c1cb .LASF205
C:\Users\zero6575\AppData\Local\Temp\cc9KUamq.s:10743  .debug_str:0000000000004288 .LASF206
C:\Users\zero6575\AppData\Local\Temp\cc9KUamq.s:12653  .debug_str:000000000000a42a .LASF207
C:\Users\zero6575\AppData\Local\Temp\cc9KUamq.s:12897  .debug_str:000000000000af79 .LASF208
C:\Users\zero6575\AppData\Local\Temp\cc9KUamq.s:9549   .debug_str:0000000000000403 .LASF209
C:\Users\zero6575\AppData\Local\Temp\cc9KUamq.s:11921  .debug_str:0000000000007ddb .LASF210
C:\Users\zero6575\AppData\Local\Temp\cc9KUamq.s:10851  .debug_str:00000000000047a6 .LASF211
C:\Users\zero6575\AppData\Local\Temp\cc9KUamq.s:13047  .debug_str:000000000000b708 .LASF212
C:\Users\zero6575\AppData\Local\Temp\cc9KUamq.s:13347  .debug_str:000000000000c65e .LASF213
C:\Users\zero6575\AppData\Local\Temp\cc9KUamq.s:12093  .debug_str:00000000000087c1 .LASF214
C:\Users\zero6575\AppData\Local\Temp\cc9KUamq.s:11857  .debug_str:0000000000007a81 .LASF215
C:\Users\zero6575\AppData\Local\Temp\cc9KUamq.s:12357  .debug_str:000000000000958e .LASF216
C:\Users\zero6575\AppData\Local\Temp\cc9KUamq.s:13437  .debug_str:000000000000cbf4 .LASF217
C:\Users\zero6575\AppData\Local\Temp\cc9KUamq.s:11175  .debug_str:00000000000057d3 .LASF218
C:\Users\zero6575\AppData\Local\Temp\cc9KUamq.s:10731  .debug_str:00000000000041ee .LASF219
C:\Users\zero6575\AppData\Local\Temp\cc9KUamq.s:13031  .debug_str:000000000000b64c .LASF220
C:\Users\zero6575\AppData\Local\Temp\cc9KUamq.s:10949  .debug_str:0000000000004c5b .LASF221
C:\Users\zero6575\AppData\Local\Temp\cc9KUamq.s:10025  .debug_str:0000000000001abc .LASF222
C:\Users\zero6575\AppData\Local\Temp\cc9KUamq.s:12199  .debug_str:0000000000008da6 .LASF223
C:\Users\zero6575\AppData\Local\Temp\cc9KUamq.s:12553  .debug_str:0000000000009ff5 .LASF224
C:\Users\zero6575\AppData\Local\Temp\cc9KUamq.s:10689  .debug_str:0000000000003dde .LASF225
C:\Users\zero6575\AppData\Local\Temp\cc9KUamq.s:13441  .debug_str:000000000000cc28 .LASF226
C:\Users\zero6575\AppData\Local\Temp\cc9KUamq.s:10847  .debug_str:0000000000004753 .LASF227
C:\Users\zero6575\AppData\Local\Temp\cc9KUamq.s:9867   .debug_str:00000000000012ba .LASF228
C:\Users\zero6575\AppData\Local\Temp\cc9KUamq.s:12419  .debug_str:00000000000098a0 .LASF229
C:\Users\zero6575\AppData\Local\Temp\cc9KUamq.s:12571  .debug_str:000000000000a09e .LASF230
C:\Users\zero6575\AppData\Local\Temp\cc9KUamq.s:11431  .debug_str:000000000000653d .LASF231
C:\Users\zero6575\AppData\Local\Temp\cc9KUamq.s:10327  .debug_str:0000000000002c00 .LASF232
C:\Users\zero6575\AppData\Local\Temp\cc9KUamq.s:13223  .debug_str:000000000000bfe1 .LASF233
C:\Users\zero6575\AppData\Local\Temp\cc9KUamq.s:10867  .debug_str:000000000000489d .LASF234
C:\Users\zero6575\AppData\Local\Temp\cc9KUamq.s:10803  .debug_str:0000000000004574 .LASF235
C:\Users\zero6575\AppData\Local\Temp\cc9KUamq.s:12935  .debug_str:000000000000b1cc .LASF236
C:\Users\zero6575\AppData\Local\Temp\cc9KUamq.s:13377  .debug_str:000000000000c85c .LASF237
C:\Users\zero6575\AppData\Local\Temp\cc9KUamq.s:10561  .debug_str:00000000000036d6 .LASF238
C:\Users\zero6575\AppData\Local\Temp\cc9KUamq.s:9895   .debug_str:000000000000143e .LASF239
C:\Users\zero6575\AppData\Local\Temp\cc9KUamq.s:10935  .debug_str:0000000000004bc7 .LASF240
C:\Users\zero6575\AppData\Local\Temp\cc9KUamq.s:12517  .debug_str:0000000000009e23 .LASF241
C:\Users\zero6575\AppData\Local\Temp\cc9KUamq.s:13679  .debug_str:000000000000d691 .LASF242
C:\Users\zero6575\AppData\Local\Temp\cc9KUamq.s:12073  .debug_str:00000000000086a0 .LASF243
C:\Users\zero6575\AppData\Local\Temp\cc9KUamq.s:10343  .debug_str:0000000000002cb9 .LASF244
C:\Users\zero6575\AppData\Local\Temp\cc9KUamq.s:12061  .debug_str:0000000000008626 .LASF245
C:\Users\zero6575\AppData\Local\Temp\cc9KUamq.s:9765   .debug_str:0000000000000e08 .LASF246
C:\Users\zero6575\AppData\Local\Temp\cc9KUamq.s:12579  .debug_str:000000000000a118 .LASF247
C:\Users\zero6575\AppData\Local\Temp\cc9KUamq.s:12375  .debug_str:000000000000967d .LASF248
C:\Users\zero6575\AppData\Local\Temp\cc9KUamq.s:11793  .debug_str:000000000000776b .LASF249
C:\Users\zero6575\AppData\Local\Temp\cc9KUamq.s:13419  .debug_str:000000000000cb2d .LASF250
C:\Users\zero6575\AppData\Local\Temp\cc9KUamq.s:12943  .debug_str:000000000000b22a .LASF251
C:\Users\zero6575\AppData\Local\Temp\cc9KUamq.s:12627  .debug_str:000000000000a307 .LASF252
C:\Users\zero6575\AppData\Local\Temp\cc9KUamq.s:12259  .debug_str:000000000000907b .LASF253
C:\Users\zero6575\AppData\Local\Temp\cc9KUamq.s:12727  .debug_str:000000000000a73e .LASF254
C:\Users\zero6575\AppData\Local\Temp\cc9KUamq.s:10591  .debug_str:000000000000386a .LASF255
C:\Users\zero6575\AppData\Local\Temp\cc9KUamq.s:11455  .debug_str:0000000000006619 .LASF256
C:\Users\zero6575\AppData\Local\Temp\cc9KUamq.s:12547  .debug_str:0000000000009f72 .LASF257
C:\Users\zero6575\AppData\Local\Temp\cc9KUamq.s:13683  .debug_str:000000000000d6e3 .LASF258
C:\Users\zero6575\AppData\Local\Temp\cc9KUamq.s:12479  .debug_str:0000000000009b8c .LASF259
C:\Users\zero6575\AppData\Local\Temp\cc9KUamq.s:10605  .debug_str:000000000000392f .LASF260
C:\Users\zero6575\AppData\Local\Temp\cc9KUamq.s:9473   .debug_str:00000000000000a2 .LASF261
C:\Users\zero6575\AppData\Local\Temp\cc9KUamq.s:13357  .debug_str:000000000000c6f1 .LASF262
C:\Users\zero6575\AppData\Local\Temp\cc9KUamq.s:11629  .debug_str:0000000000006fb9 .LASF263
C:\Users\zero6575\AppData\Local\Temp\cc9KUamq.s:11703  .debug_str:0000000000007369 .LASF264
C:\Users\zero6575\AppData\Local\Temp\cc9KUamq.s:13045  .debug_str:000000000000b6f2 .LASF265
C:\Users\zero6575\AppData\Local\Temp\cc9KUamq.s:13205  .debug_str:000000000000beec .LASF266
C:\Users\zero6575\AppData\Local\Temp\cc9KUamq.s:9573   .debug_str:0000000000000563 .LASF267
C:\Users\zero6575\AppData\Local\Temp\cc9KUamq.s:10859  .debug_str:00000000000047ef .LASF268
C:\Users\zero6575\AppData\Local\Temp\cc9KUamq.s:11151  .debug_str:00000000000056e1 .LASF269
C:\Users\zero6575\AppData\Local\Temp\cc9KUamq.s:9721   .debug_str:0000000000000b62 .LASF270
C:\Users\zero6575\AppData\Local\Temp\cc9KUamq.s:11863  .debug_str:0000000000007adf .LASF271
C:\Users\zero6575\AppData\Local\Temp\cc9KUamq.s:13539  .debug_str:000000000000d036 .LASF272
C:\Users\zero6575\AppData\Local\Temp\cc9KUamq.s:12663  .debug_str:000000000000a4a8 .LASF273
C:\Users\zero6575\AppData\Local\Temp\cc9KUamq.s:11693  .debug_str:0000000000007310 .LASF274
C:\Users\zero6575\AppData\Local\Temp\cc9KUamq.s:12011  .debug_str:00000000000082fc .LASF275
C:\Users\zero6575\AppData\Local\Temp\cc9KUamq.s:9893   .debug_str:0000000000001427 .LASF276
C:\Users\zero6575\AppData\Local\Temp\cc9KUamq.s:9591   .debug_str:0000000000000623 .LASF277
C:\Users\zero6575\AppData\Local\Temp\cc9KUamq.s:11009  .debug_str:0000000000004fc3 .LASF278
C:\Users\zero6575\AppData\Local\Temp\cc9KUamq.s:13035  .debug_str:000000000000b67d .LASF279
C:\Users\zero6575\AppData\Local\Temp\cc9KUamq.s:10581  .debug_str:00000000000037cc .LASF280
C:\Users\zero6575\AppData\Local\Temp\cc9KUamq.s:10721  .debug_str:00000000000040fb .LASF281
C:\Users\zero6575\AppData\Local\Temp\cc9KUamq.s:13289  .debug_str:000000000000c353 .LASF282
C:\Users\zero6575\AppData\Local\Temp\cc9KUamq.s:11933  .debug_str:0000000000007f1d .LASF283
C:\Users\zero6575\AppData\Local\Temp\cc9KUamq.s:10253  .debug_str:0000000000002887 .LASF284
C:\Users\zero6575\AppData\Local\Temp\cc9KUamq.s:12067  .debug_str:0000000000008661 .LASF285
C:\Users\zero6575\AppData\Local\Temp\cc9KUamq.s:13359  .debug_str:000000000000c706 .LASF286
C:\Users\zero6575\AppData\Local\Temp\cc9KUamq.s:12867  .debug_str:000000000000adb6 .LASF287
C:\Users\zero6575\AppData\Local\Temp\cc9KUamq.s:11867  .debug_str:0000000000007b1c .LASF288
C:\Users\zero6575\AppData\Local\Temp\cc9KUamq.s:12659  .debug_str:000000000000a46c .LASF289
C:\Users\zero6575\AppData\Local\Temp\cc9KUamq.s:13219  .debug_str:000000000000bfb0 .LASF290
C:\Users\zero6575\AppData\Local\Temp\cc9KUamq.s:12059  .debug_str:0000000000008604 .LASF291
C:\Users\zero6575\AppData\Local\Temp\cc9KUamq.s:10941  .debug_str:0000000000004bfb .LASF292
C:\Users\zero6575\AppData\Local\Temp\cc9KUamq.s:13093  .debug_str:000000000000b94f .LASF293
C:\Users\zero6575\AppData\Local\Temp\cc9KUamq.s:12169  .debug_str:0000000000008bf8 .LASF294
C:\Users\zero6575\AppData\Local\Temp\cc9KUamq.s:11917  .debug_str:0000000000007da9 .LASF295
C:\Users\zero6575\AppData\Local\Temp\cc9KUamq.s:10981  .debug_str:0000000000004e8f .LASF296
C:\Users\zero6575\AppData\Local\Temp\cc9KUamq.s:12285  .debug_str:00000000000091db .LASF297
C:\Users\zero6575\AppData\Local\Temp\cc9KUamq.s:10445  .debug_str:0000000000003186 .LASF298
C:\Users\zero6575\AppData\Local\Temp\cc9KUamq.s:11831  .debug_str:0000000000007902 .LASF299
C:\Users\zero6575\AppData\Local\Temp\cc9KUamq.s:11099  .debug_str:0000000000005463 .LASF300
C:\Users\zero6575\AppData\Local\Temp\cc9KUamq.s:13471  .debug_str:000000000000cd40 .LASF301
C:\Users\zero6575\AppData\Local\Temp\cc9KUamq.s:11725  .debug_str:000000000000743e .LASF302
C:\Users\zero6575\AppData\Local\Temp\cc9KUamq.s:11491  .debug_str:00000000000067dc .LASF303
C:\Users\zero6575\AppData\Local\Temp\cc9KUamq.s:11437  .debug_str:0000000000006578 .LASF304
C:\Users\zero6575\AppData\Local\Temp\cc9KUamq.s:11213  .debug_str:0000000000005956 .LASF305
C:\Users\zero6575\AppData\Local\Temp\cc9KUamq.s:12421  .debug_str:00000000000098e1 .LASF306
C:\Users\zero6575\AppData\Local\Temp\cc9KUamq.s:11081  .debug_str:000000000000539b .LASF307
C:\Users\zero6575\AppData\Local\Temp\cc9KUamq.s:12573  .debug_str:000000000000a0e4 .LASF308
C:\Users\zero6575\AppData\Local\Temp\cc9KUamq.s:12833  .debug_str:000000000000ac26 .LASF309
C:\Users\zero6575\AppData\Local\Temp\cc9KUamq.s:10159  .debug_str:0000000000002393 .LASF310
C:\Users\zero6575\AppData\Local\Temp\cc9KUamq.s:10079  .debug_str:0000000000001fd2 .LASF311
C:\Users\zero6575\AppData\Local\Temp\cc9KUamq.s:13521  .debug_str:000000000000cf8e .LASF312
C:\Users\zero6575\AppData\Local\Temp\cc9KUamq.s:11861  .debug_str:0000000000007ac6 .LASF313
C:\Users\zero6575\AppData\Local\Temp\cc9KUamq.s:10381  .debug_str:0000000000002e92 .LASF314
C:\Users\zero6575\AppData\Local\Temp\cc9KUamq.s:9627   .debug_str:00000000000007e4 .LASF315
C:\Users\zero6575\AppData\Local\Temp\cc9KUamq.s:10141  .debug_str:00000000000022d2 .LASF316
C:\Users\zero6575\AppData\Local\Temp\cc9KUamq.s:11139  .debug_str:0000000000005611 .LASF317
C:\Users\zero6575\AppData\Local\Temp\cc9KUamq.s:13015  .debug_str:000000000000b5af .LASF318
C:\Users\zero6575\AppData\Local\Temp\cc9KUamq.s:9607   .debug_str:00000000000006da .LASF319
C:\Users\zero6575\AppData\Local\Temp\cc9KUamq.s:10211  .debug_str:0000000000002638 .LASF320
C:\Users\zero6575\AppData\Local\Temp\cc9KUamq.s:12591  .debug_str:000000000000a18a .LASF321
C:\Users\zero6575\AppData\Local\Temp\cc9KUamq.s:9825   .debug_str:00000000000010fc .LASF322
C:\Users\zero6575\AppData\Local\Temp\cc9KUamq.s:9631   .debug_str:0000000000000823 .LASF323
C:\Users\zero6575\AppData\Local\Temp\cc9KUamq.s:12111  .debug_str:00000000000088e0 .LASF324
C:\Users\zero6575\AppData\Local\Temp\cc9KUamq.s:13173  .debug_str:000000000000bd76 .LASF325
C:\Users\zero6575\AppData\Local\Temp\cc9KUamq.s:11113  .debug_str:00000000000054f5 .LASF326
C:\Users\zero6575\AppData\Local\Temp\cc9KUamq.s:11823  .debug_str:00000000000078a9 .LASF327
C:\Users\zero6575\AppData\Local\Temp\cc9KUamq.s:10695  .debug_str:0000000000003e27 .LASF328
C:\Users\zero6575\AppData\Local\Temp\cc9KUamq.s:12741  .debug_str:000000000000a7e4 .LASF329
C:\Users\zero6575\AppData\Local\Temp\cc9KUamq.s:12487  .debug_str:0000000000009bf8 .LASF330
C:\Users\zero6575\AppData\Local\Temp\cc9KUamq.s:10537  .debug_str:0000000000003592 .LASF331
C:\Users\zero6575\AppData\Local\Temp\cc9KUamq.s:9927   .debug_str:00000000000015b7 .LASF332
C:\Users\zero6575\AppData\Local\Temp\cc9KUamq.s:9901   .debug_str:0000000000001485 .LASF333
C:\Users\zero6575\AppData\Local\Temp\cc9KUamq.s:9649   .debug_str:00000000000008d2 .LASF334
C:\Users\zero6575\AppData\Local\Temp\cc9KUamq.s:10335  .debug_str:0000000000002c5f .LASF335
C:\Users\zero6575\AppData\Local\Temp\cc9KUamq.s:12361  .debug_str:00000000000095dd .LASF336
C:\Users\zero6575\AppData\Local\Temp\cc9KUamq.s:9809   .debug_str:000000000000100c .LASF337
C:\Users\zero6575\AppData\Local\Temp\cc9KUamq.s:13041  .debug_str:000000000000b6c5 .LASF338
C:\Users\zero6575\AppData\Local\Temp\cc9KUamq.s:10567  .debug_str:000000000000373b .LASF339
C:\Users\zero6575\AppData\Local\Temp\cc9KUamq.s:9545   .debug_str:00000000000003ea .LASF340
C:\Users\zero6575\AppData\Local\Temp\cc9KUamq.s:10961  .debug_str:0000000000004cd8 .LASF341
C:\Users\zero6575\AppData\Local\Temp\cc9KUamq.s:11137  .debug_str:0000000000005606 .LASF342
C:\Users\zero6575\AppData\Local\Temp\cc9KUamq.s:12877  .debug_str:000000000000ae9b .LASF343
C:\Users\zero6575\AppData\Local\Temp\cc9KUamq.s:11887  .debug_str:0000000000007c34 .LASF344
C:\Users\zero6575\AppData\Local\Temp\cc9KUamq.s:11093  .debug_str:000000000000541a .LASF345
C:\Users\zero6575\AppData\Local\Temp\cc9KUamq.s:9773   .debug_str:0000000000000ebb .LASF346
C:\Users\zero6575\AppData\Local\Temp\cc9KUamq.s:12535  .debug_str:0000000000009f05 .LASF347
C:\Users\zero6575\AppData\Local\Temp\cc9KUamq.s:12105  .debug_str:00000000000088a0 .LASF348
C:\Users\zero6575\AppData\Local\Temp\cc9KUamq.s:12087  .debug_str:0000000000008792 .LASF349
C:\Users\zero6575\AppData\Local\Temp\cc9KUamq.s:12945  .debug_str:000000000000b248 .LASF350
C:\Users\zero6575\AppData\Local\Temp\cc9KUamq.s:12749  .debug_str:000000000000a83c .LASF351
C:\Users\zero6575\AppData\Local\Temp\cc9KUamq.s:10341  .debug_str:0000000000002ca9 .LASF352
C:\Users\zero6575\AppData\Local\Temp\cc9KUamq.s:10511  .debug_str:00000000000034c6 .LASF353
C:\Users\zero6575\AppData\Local\Temp\cc9KUamq.s:12013  .debug_str:000000000000832d .LASF354
C:\Users\zero6575\AppData\Local\Temp\cc9KUamq.s:11749  .debug_str:0000000000007565 .LASF355
C:\Users\zero6575\AppData\Local\Temp\cc9KUamq.s:13483  .debug_str:000000000000cda5 .LASF356
C:\Users\zero6575\AppData\Local\Temp\cc9KUamq.s:10903  .debug_str:0000000000004a6d .LASF357
C:\Users\zero6575\AppData\Local\Temp\cc9KUamq.s:11539  .debug_str:0000000000006a7c .LASF358
C:\Users\zero6575\AppData\Local\Temp\cc9KUamq.s:10349  .debug_str:0000000000002d2f .LASF359
C:\Users\zero6575\AppData\Local\Temp\cc9KUamq.s:13057  .debug_str:000000000000b792 .LASF360
C:\Users\zero6575\AppData\Local\Temp\cc9KUamq.s:12153  .debug_str:0000000000008b70 .LASF361
C:\Users\zero6575\AppData\Local\Temp\cc9KUamq.s:11105  .debug_str:00000000000054ab .LASF362
C:\Users\zero6575\AppData\Local\Temp\cc9KUamq.s:12023  .debug_str:00000000000083ab .LASF363
C:\Users\zero6575\AppData\Local\Temp\cc9KUamq.s:10971  .debug_str:0000000000004d7f .LASF364
C:\Users\zero6575\AppData\Local\Temp\cc9KUamq.s:11333  .debug_str:0000000000005fcb .LASF365
C:\Users\zero6575\AppData\Local\Temp\cc9KUamq.s:9911   .debug_str:00000000000014ef .LASF366
C:\Users\zero6575\AppData\Local\Temp\cc9KUamq.s:10257  .debug_str:00000000000028b4 .LASF367
C:\Users\zero6575\AppData\Local\Temp\cc9KUamq.s:10963  .debug_str:0000000000004cef .LASF368
C:\Users\zero6575\AppData\Local\Temp\cc9KUamq.s:12405  .debug_str:00000000000097e6 .LASF369
C:\Users\zero6575\AppData\Local\Temp\cc9KUamq.s:12855  .debug_str:000000000000ad0b .LASF370
C:\Users\zero6575\AppData\Local\Temp\cc9KUamq.s:10415  .debug_str:000000000000304b .LASF371
C:\Users\zero6575\AppData\Local\Temp\cc9KUamq.s:9967   .debug_str:000000000000178c .LASF372
C:\Users\zero6575\AppData\Local\Temp\cc9KUamq.s:9837   .debug_str:0000000000001189 .LASF373
C:\Users\zero6575\AppData\Local\Temp\cc9KUamq.s:9663   .debug_str:0000000000000950 .LASF374
C:\Users\zero6575\AppData\Local\Temp\cc9KUamq.s:11475  .debug_str:000000000000670e .LASF375
C:\Users\zero6575\AppData\Local\Temp\cc9KUamq.s:12253  .debug_str:0000000000009045 .LASF376
C:\Users\zero6575\AppData\Local\Temp\cc9KUamq.s:11469  .debug_str:00000000000066e4 .LASF377
C:\Users\zero6575\AppData\Local\Temp\cc9KUamq.s:12947  .debug_str:000000000000b259 .LASF378
C:\Users\zero6575\AppData\Local\Temp\cc9KUamq.s:11507  .debug_str:00000000000068a6 .LASF379
C:\Users\zero6575\AppData\Local\Temp\cc9KUamq.s:9585   .debug_str:00000000000005e1 .LASF380
C:\Users\zero6575\AppData\Local\Temp\cc9KUamq.s:10673  .debug_str:0000000000003d0a .LASF381
C:\Users\zero6575\AppData\Local\Temp\cc9KUamq.s:9493   .debug_str:000000000000018b .LASF382
C:\Users\zero6575\AppData\Local\Temp\cc9KUamq.s:10769  .debug_str:0000000000004404 .LASF383
C:\Users\zero6575\AppData\Local\Temp\cc9KUamq.s:9971   .debug_str:00000000000017b3 .LASF384
C:\Users\zero6575\AppData\Local\Temp\cc9KUamq.s:13277  .debug_str:000000000000c2da .LASF385
C:\Users\zero6575\AppData\Local\Temp\cc9KUamq.s:11053  .debug_str:0000000000005238 .LASF386
C:\Users\zero6575\AppData\Local\Temp\cc9KUamq.s:12177  .debug_str:0000000000008ca4 .LASF387
C:\Users\zero6575\AppData\Local\Temp\cc9KUamq.s:11091  .debug_str:000000000000540c .LASF388
C:\Users\zero6575\AppData\Local\Temp\cc9KUamq.s:10951  .debug_str:0000000000004c6d .LASF389
C:\Users\zero6575\AppData\Local\Temp\cc9KUamq.s:11347  .debug_str:00000000000060c8 .LASF390
C:\Users\zero6575\AppData\Local\Temp\cc9KUamq.s:12453  .debug_str:0000000000009a81 .LASF391
C:\Users\zero6575\AppData\Local\Temp\cc9KUamq.s:11611  .debug_str:0000000000006e56 .LASF392
C:\Users\zero6575\AppData\Local\Temp\cc9KUamq.s:11613  .debug_str:0000000000006e62 .LASF393
C:\Users\zero6575\AppData\Local\Temp\cc9KUamq.s:13457  .debug_str:000000000000ccc2 .LASF394
C:\Users\zero6575\AppData\Local\Temp\cc9KUamq.s:11275  .debug_str:0000000000005d1a .LASF398
C:\Users\zero6575\AppData\Local\Temp\cc9KUamq.s:11545  .debug_str:0000000000006abe .LASF399
C:\Users\zero6575\AppData\Local\Temp\cc9KUamq.s:11317  .debug_str:0000000000005ecb .LASF400
C:\Users\zero6575\AppData\Local\Temp\cc9KUamq.s:10663  .debug_str:0000000000003ca1 .LASF401
C:\Users\zero6575\AppData\Local\Temp\cc9KUamq.s:10869  .debug_str:00000000000048b4 .LASF402
C:\Users\zero6575\AppData\Local\Temp\cc9KUamq.s:12175  .debug_str:0000000000008c50 .LASF403
C:\Users\zero6575\AppData\Local\Temp\cc9KUamq.s:12885  .debug_str:000000000000aedd .LASF404
C:\Users\zero6575\AppData\Local\Temp\cc9KUamq.s:11035  .debug_str:000000000000514b .LASF405
C:\Users\zero6575\AppData\Local\Temp\cc9KUamq.s:10671  .debug_str:0000000000003cf8 .LASF406
C:\Users\zero6575\AppData\Local\Temp\cc9KUamq.s:10411  .debug_str:0000000000003026 .LASF407
C:\Users\zero6575\AppData\Local\Temp\cc9KUamq.s:12965  .debug_str:000000000000b346 .LASF408
C:\Users\zero6575\AppData\Local\Temp\cc9KUamq.s:12265  .debug_str:00000000000090f0 .LASF409
C:\Users\zero6575\AppData\Local\Temp\cc9KUamq.s:12367  .debug_str:0000000000009629 .LASF410
C:\Users\zero6575\AppData\Local\Temp\cc9KUamq.s:13651  .debug_str:000000000000d57c .LASF411
C:\Users\zero6575\AppData\Local\Temp\cc9KUamq.s:12879  .debug_str:000000000000aea7 .LASF412
C:\Users\zero6575\AppData\Local\Temp\cc9KUamq.s:12041  .debug_str:000000000000846e .LASF413
C:\Users\zero6575\AppData\Local\Temp\cc9KUamq.s:12427  .debug_str:0000000000009935 .LASF414
C:\Users\zero6575\AppData\Local\Temp\cc9KUamq.s:12759  .debug_str:000000000000a8ca .LASF415
C:\Users\zero6575\AppData\Local\Temp\cc9KUamq.s:10083  .debug_str:0000000000002007 .LASF416
C:\Users\zero6575\AppData\Local\Temp\cc9KUamq.s:12761  .debug_str:000000000000a8da .LASF417
C:\Users\zero6575\AppData\Local\Temp\cc9KUamq.s:9497   .debug_str:00000000000001a7 .LASF418
C:\Users\zero6575\AppData\Local\Temp\cc9KUamq.s:11313  .debug_str:0000000000005e9b .LASF419
C:\Users\zero6575\AppData\Local\Temp\cc9KUamq.s:11025  .debug_str:00000000000050cd .LASF420
C:\Users\zero6575\AppData\Local\Temp\cc9KUamq.s:12167  .debug_str:0000000000008be8 .LASF421
C:\Users\zero6575\AppData\Local\Temp\cc9KUamq.s:11993  .debug_str:000000000000823d .LASF422
C:\Users\zero6575\AppData\Local\Temp\cc9KUamq.s:13079  .debug_str:000000000000b8a0 .LASF423
C:\Users\zero6575\AppData\Local\Temp\cc9KUamq.s:13397  .debug_str:000000000000ca2a .LASF424
C:\Users\zero6575\AppData\Local\Temp\cc9KUamq.s:13075  .debug_str:000000000000b876 .LASF425
C:\Users\zero6575\AppData\Local\Temp\cc9KUamq.s:12409  .debug_str:000000000000980b .LASF426
C:\Users\zero6575\AppData\Local\Temp\cc9KUamq.s:10749  .debug_str:0000000000004344 .LASF427
C:\Users\zero6575\AppData\Local\Temp\cc9KUamq.s:13119  .debug_str:000000000000ba76 .LASF428
C:\Users\zero6575\AppData\Local\Temp\cc9KUamq.s:10921  .debug_str:0000000000004b2f .LASF429
C:\Users\zero6575\AppData\Local\Temp\cc9KUamq.s:9789   .debug_str:0000000000000f4b .LASF430
C:\Users\zero6575\AppData\Local\Temp\cc9KUamq.s:11527  .debug_str:00000000000069ff .LASF431
C:\Users\zero6575\AppData\Local\Temp\cc9KUamq.s:9697   .debug_str:0000000000000a60 .LASF432
C:\Users\zero6575\AppData\Local\Temp\cc9KUamq.s:11743  .debug_str:0000000000007524 .LASF433
C:\Users\zero6575\AppData\Local\Temp\cc9KUamq.s:11859  .debug_str:0000000000007ac0 .LASF434
C:\Users\zero6575\AppData\Local\Temp\cc9KUamq.s:11293  .debug_str:0000000000005ddc .LASF435
C:\Users\zero6575\AppData\Local\Temp\cc9KUamq.s:12637  .debug_str:000000000000a378 .LASF436
C:\Users\zero6575\AppData\Local\Temp\cc9KUamq.s:10101  .debug_str:00000000000020e2 .LASF437
C:\Users\zero6575\AppData\Local\Temp\cc9KUamq.s:11439  .debug_str:000000000000658c .LASF438
C:\Users\zero6575\AppData\Local\Temp\cc9KUamq.s:11581  .debug_str:0000000000006cbe .LASF440
C:\Users\zero6575\AppData\Local\Temp\cc9KUamq.s:12211  .debug_str:0000000000008e38 .LASF441
C:\Users\zero6575\AppData\Local\Temp\cc9KUamq.s:9899   .debug_str:000000000000147b .LASF442
C:\Users\zero6575\AppData\Local\Temp\cc9KUamq.s:12119  .debug_str:0000000000008933 .LASF443
C:\Users\zero6575\AppData\Local\Temp\cc9KUamq.s:11159  .debug_str:0000000000005732 .LASF444
C:\Users\zero6575\AppData\Local\Temp\cc9KUamq.s:12613  .debug_str:000000000000a27b .LASF445
C:\Users\zero6575\AppData\Local\Temp\cc9KUamq.s:13125  .debug_str:000000000000bad0 .LASF446
C:\Users\zero6575\AppData\Local\Temp\cc9KUamq.s:12085  .debug_str:0000000000008789 .LASF447
C:\Users\zero6575\AppData\Local\Temp\cc9KUamq.s:11411  .debug_str:000000000000643b .LASF448
C:\Users\zero6575\AppData\Local\Temp\cc9KUamq.s:11833  .debug_str:0000000000007923 .LASF449
C:\Users\zero6575\AppData\Local\Temp\cc9KUamq.s:10799  .debug_str:0000000000004564 .LASF450
C:\Users\zero6575\AppData\Local\Temp\cc9KUamq.s:12697  .debug_str:000000000000a62a .LASF451
C:\Users\zero6575\AppData\Local\Temp\cc9KUamq.s:10261  .debug_str:00000000000028e0 .LASF452
C:\Users\zero6575\AppData\Local\Temp\cc9KUamq.s:11059  .debug_str:0000000000005297 .LASF453
C:\Users\zero6575\AppData\Local\Temp\cc9KUamq.s:11769  .debug_str:0000000000007637 .LASF454
C:\Users\zero6575\AppData\Local\Temp\cc9KUamq.s:10945  .debug_str:0000000000004c39 .LASF455
C:\Users\zero6575\AppData\Local\Temp\cc9KUamq.s:13669  .debug_str:000000000000d62e .LASF456
C:\Users\zero6575\AppData\Local\Temp\cc9KUamq.s:11537  .debug_str:0000000000006a73 .LASF457
C:\Users\zero6575\AppData\Local\Temp\cc9KUamq.s:11237  .debug_str:0000000000005aa0 .LASF458
C:\Users\zero6575\AppData\Local\Temp\cc9KUamq.s:12853  .debug_str:000000000000ad01 .LASF459
C:\Users\zero6575\AppData\Local\Temp\cc9KUamq.s:9939   .debug_str:0000000000001647 .LASF460
C:\Users\zero6575\AppData\Local\Temp\cc9KUamq.s:12121  .debug_str:0000000000008938 .LASF461
C:\Users\zero6575\AppData\Local\Temp\cc9KUamq.s:9507   .debug_str:000000000000020a .LASF462
C:\Users\zero6575\AppData\Local\Temp\cc9KUamq.s:11937  .debug_str:0000000000007f50 .LASF463
C:\Users\zero6575\AppData\Local\Temp\cc9KUamq.s:10549  .debug_str:0000000000003615 .LASF464
C:\Users\zero6575\AppData\Local\Temp\cc9KUamq.s:11947  .debug_str:0000000000007ff7 .LASF465
C:\Users\zero6575\AppData\Local\Temp\cc9KUamq.s:11575  .debug_str:0000000000006c6e .LASF466
C:\Users\zero6575\AppData\Local\Temp\cc9KUamq.s:10385  .debug_str:0000000000002ec0 .LASF467
C:\Users\zero6575\AppData\Local\Temp\cc9KUamq.s:11685  .debug_str:00000000000072cd .LASF468
C:\Users\zero6575\AppData\Local\Temp\cc9KUamq.s:12671  .debug_str:000000000000a4f0 .LASF469
C:\Users\zero6575\AppData\Local\Temp\cc9KUamq.s:10755  .debug_str:0000000000004374 .LASF470
C:\Users\zero6575\AppData\Local\Temp\cc9KUamq.s:9643   .debug_str:0000000000000897 .LASF471
C:\Users\zero6575\AppData\Local\Temp\cc9KUamq.s:10881  .debug_str:0000000000004964 .LASF472
C:\Users\zero6575\AppData\Local\Temp\cc9KUamq.s:13127  .debug_str:000000000000bad8 .LASF473
C:\Users\zero6575\AppData\Local\Temp\cc9KUamq.s:13609  .debug_str:000000000000d3fb .LASF474
C:\Users\zero6575\AppData\Local\Temp\cc9KUamq.s:12829  .debug_str:000000000000abed .LASF475
C:\Users\zero6575\AppData\Local\Temp\cc9KUamq.s:10929  .debug_str:0000000000004b88 .LASF476
C:\Users\zero6575\AppData\Local\Temp\cc9KUamq.s:11165  .debug_str:0000000000005758 .LASF477
C:\Users\zero6575\AppData\Local\Temp\cc9KUamq.s:9543   .debug_str:00000000000003d6 .LASF478
C:\Users\zero6575\AppData\Local\Temp\cc9KUamq.s:10911  .debug_str:0000000000004ac0 .LASF479
C:\Users\zero6575\AppData\Local\Temp\cc9KUamq.s:12333  .debug_str:000000000000944d .LASF480
C:\Users\zero6575\AppData\Local\Temp\cc9KUamq.s:11363  .debug_str:0000000000006160 .LASF481
C:\Users\zero6575\AppData\Local\Temp\cc9KUamq.s:11699  .debug_str:0000000000007336 .LASF482
C:\Users\zero6575\AppData\Local\Temp\cc9KUamq.s:13261  .debug_str:000000000000c20d .LASF483
C:\Users\zero6575\AppData\Local\Temp\cc9KUamq.s:13689  .debug_str:000000000000d740 .LASF484
C:\Users\zero6575\AppData\Local\Temp\cc9KUamq.s:10259  .debug_str:00000000000028c6 .LASF485
C:\Users\zero6575\AppData\Local\Temp\cc9KUamq.s:10907  .debug_str:0000000000004a93 .LASF486
C:\Users\zero6575\AppData\Local\Temp\cc9KUamq.s:10953  .debug_str:0000000000004c7c .LASF487
C:\Users\zero6575\AppData\Local\Temp\cc9KUamq.s:10985  .debug_str:0000000000004ebc .LASF488
C:\Users\zero6575\AppData\Local\Temp\cc9KUamq.s:12927  .debug_str:000000000000b167 .LASF489
C:\Users\zero6575\AppData\Local\Temp\cc9KUamq.s:12901  .debug_str:000000000000afab .LASF490
C:\Users\zero6575\AppData\Local\Temp\cc9KUamq.s:12371  .debug_str:0000000000009650 .LASF491
C:\Users\zero6575\AppData\Local\Temp\cc9KUamq.s:11277  .debug_str:0000000000005d30 .LASF492
C:\Users\zero6575\AppData\Local\Temp\cc9KUamq.s:12245  .debug_str:0000000000008fe5 .LASF493
C:\Users\zero6575\AppData\Local\Temp\cc9KUamq.s:13013  .debug_str:000000000000b597 .LASF494
C:\Users\zero6575\AppData\Local\Temp\cc9KUamq.s:12025  .debug_str:00000000000083b9 .LASF495
C:\Users\zero6575\AppData\Local\Temp\cc9KUamq.s:12439  .debug_str:00000000000099c8 .LASF496
C:\Users\zero6575\AppData\Local\Temp\cc9KUamq.s:11641  .debug_str:0000000000007046 .LASF497
C:\Users\zero6575\AppData\Local\Temp\cc9KUamq.s:9985   .debug_str:000000000000184a .LASF498
C:\Users\zero6575\AppData\Local\Temp\cc9KUamq.s:13567  .debug_str:000000000000d1c0 .LASF499
C:\Users\zero6575\AppData\Local\Temp\cc9KUamq.s:11415  .debug_str:000000000000645e .LASF500
C:\Users\zero6575\AppData\Local\Temp\cc9KUamq.s:10207  .debug_str:0000000000002616 .LASF501
C:\Users\zero6575\AppData\Local\Temp\cc9KUamq.s:12083  .debug_str:000000000000875e .LASF502
C:\Users\zero6575\AppData\Local\Temp\cc9KUamq.s:13309  .debug_str:000000000000c460 .LASF503
C:\Users\zero6575\AppData\Local\Temp\cc9KUamq.s:12395  .debug_str:000000000000975f .LASF504
C:\Users\zero6575\AppData\Local\Temp\cc9KUamq.s:11133  .debug_str:00000000000055bf .LASF505
C:\Users\zero6575\AppData\Local\Temp\cc9KUamq.s:13335  .debug_str:000000000000c5c8 .LASF506
C:\Users\zero6575\AppData\Local\Temp\cc9KUamq.s:12499  .debug_str:0000000000009c88 .LASF507
C:\Users\zero6575\AppData\Local\Temp\cc9KUamq.s:9599   .debug_str:0000000000000670 .LASF508
C:\Users\zero6575\AppData\Local\Temp\cc9KUamq.s:11593  .debug_str:0000000000006d79 .LASF509
C:\Users\zero6575\AppData\Local\Temp\cc9KUamq.s:10013  .debug_str:00000000000019f4 .LASF510
C:\Users\zero6575\AppData\Local\Temp\cc9KUamq.s:9995   .debug_str:000000000000190c .LASF511
C:\Users\zero6575\AppData\Local\Temp\cc9KUamq.s:10233  .debug_str:000000000000279e .LASF512
C:\Users\zero6575\AppData\Local\Temp\cc9KUamq.s:10811  .debug_str:00000000000045df .LASF513
C:\Users\zero6575\AppData\Local\Temp\cc9KUamq.s:13167  .debug_str:000000000000bd2e .LASF514
C:\Users\zero6575\AppData\Local\Temp\cc9KUamq.s:13597  .debug_str:000000000000d361 .LASF515
C:\Users\zero6575\AppData\Local\Temp\cc9KUamq.s:9583   .debug_str:00000000000005b9 .LASF516
C:\Users\zero6575\AppData\Local\Temp\cc9KUamq.s:13091  .debug_str:000000000000b928 .LASF517
C:\Users\zero6575\AppData\Local\Temp\cc9KUamq.s:10887  .debug_str:00000000000049bb .LASF518
C:\Users\zero6575\AppData\Local\Temp\cc9KUamq.s:12077  .debug_str:0000000000008710 .LASF519
C:\Users\zero6575\AppData\Local\Temp\cc9KUamq.s:11547  .debug_str:0000000000006ad6 .LASF520
C:\Users\zero6575\AppData\Local\Temp\cc9KUamq.s:13635  .debug_str:000000000000d4e7 .LASF521
C:\Users\zero6575\AppData\Local\Temp\cc9KUamq.s:12151  .debug_str:0000000000008b4a .LASF522
C:\Users\zero6575\AppData\Local\Temp\cc9KUamq.s:9829   .debug_str:000000000000111e .LASF523
C:\Users\zero6575\AppData\Local\Temp\cc9KUamq.s:13411  .debug_str:000000000000cad3 .LASF524
C:\Users\zero6575\AppData\Local\Temp\cc9KUamq.s:12327  .debug_str:00000000000093fc .LASF525
C:\Users\zero6575\AppData\Local\Temp\cc9KUamq.s:9739   .debug_str:0000000000000c4a .LASF526
C:\Users\zero6575\AppData\Local\Temp\cc9KUamq.s:11055  .debug_str:0000000000005246 .LASF527
C:\Users\zero6575\AppData\Local\Temp\cc9KUamq.s:12831  .debug_str:000000000000ac00 .LASF528
C:\Users\zero6575\AppData\Local\Temp\cc9KUamq.s:13073  .debug_str:000000000000b85a .LASF529
C:\Users\zero6575\AppData\Local\Temp\cc9KUamq.s:10997  .debug_str:0000000000004f30 .LASF530
C:\Users\zero6575\AppData\Local\Temp\cc9KUamq.s:13489  .debug_str:000000000000cdf3 .LASF531
C:\Users\zero6575\AppData\Local\Temp\cc9KUamq.s:12711  .debug_str:000000000000a67f .LASF532
C:\Users\zero6575\AppData\Local\Temp\cc9KUamq.s:10437  .debug_str:000000000000311f .LASF533
C:\Users\zero6575\AppData\Local\Temp\cc9KUamq.s:13177  .debug_str:000000000000bdb5 .LASF534
C:\Users\zero6575\AppData\Local\Temp\cc9KUamq.s:12603  .debug_str:000000000000a21c .LASF535
C:\Users\zero6575\AppData\Local\Temp\cc9KUamq.s:10639  .debug_str:0000000000003b4e .LASF536
C:\Users\zero6575\AppData\Local\Temp\cc9KUamq.s:13555  .debug_str:000000000000d137 .LASF537
C:\Users\zero6575\AppData\Local\Temp\cc9KUamq.s:11251  .debug_str:0000000000005b3d .LASF538
C:\Users\zero6575\AppData\Local\Temp\cc9KUamq.s:11473  .debug_str:00000000000066f6 .LASF539
C:\Users\zero6575\AppData\Local\Temp\cc9KUamq.s:11895  .debug_str:0000000000007ca0 .LASF540
C:\Users\zero6575\AppData\Local\Temp\cc9KUamq.s:12185  .debug_str:0000000000008d16 .LASF541
C:\Users\zero6575\AppData\Local\Temp\cc9KUamq.s:11219  .debug_str:00000000000059d0 .LASF542
C:\Users\zero6575\AppData\Local\Temp\cc9KUamq.s:10631  .debug_str:0000000000003af7 .LASF543
C:\Users\zero6575\AppData\Local\Temp\cc9KUamq.s:11595  .debug_str:0000000000006d9f .LASF544
C:\Users\zero6575\AppData\Local\Temp\cc9KUamq.s:9617   .debug_str:0000000000000750 .LASF545
C:\Users\zero6575\AppData\Local\Temp\cc9KUamq.s:11517  .debug_str:0000000000006924 .LASF546
C:\Users\zero6575\AppData\Local\Temp\cc9KUamq.s:9659   .debug_str:000000000000092c .LASF547
C:\Users\zero6575\AppData\Local\Temp\cc9KUamq.s:12257  .debug_str:0000000000009061 .LASF548
C:\Users\zero6575\AppData\Local\Temp\cc9KUamq.s:12051  .debug_str:00000000000084c8 .LASF549
C:\Users\zero6575\AppData\Local\Temp\cc9KUamq.s:12347  .debug_str:00000000000094e6 .LASF550
C:\Users\zero6575\AppData\Local\Temp\cc9KUamq.s:13443  .debug_str:000000000000cc42 .LASF552
C:\Users\zero6575\AppData\Local\Temp\cc9KUamq.s:11873  .debug_str:0000000000007bb1 .LASF553
C:\Users\zero6575\AppData\Local\Temp\cc9KUamq.s:12325  .debug_str:00000000000093ed .LASF557
C:\Users\zero6575\AppData\Local\Temp\cc9KUamq.s:12365  .debug_str:0000000000009613 .LASF558
C:\Users\zero6575\AppData\Local\Temp\cc9KUamq.s:10837  .debug_str:00000000000046d7 .LASF559
C:\Users\zero6575\AppData\Local\Temp\cc9KUamq.s:9501   .debug_str:00000000000001d2 .LASF560
C:\Users\zero6575\AppData\Local\Temp\cc9KUamq.s:10603  .debug_str:0000000000003919 .LASF561
C:\Users\zero6575\AppData\Local\Temp\cc9KUamq.s:9509   .debug_str:0000000000000218 .LASF562
C:\Users\zero6575\AppData\Local\Temp\cc9KUamq.s:12263  .debug_str:00000000000090cd .LASF563
C:\Users\zero6575\AppData\Local\Temp\cc9KUamq.s:9635   .debug_str:0000000000000855 .LASF564
C:\Users\zero6575\AppData\Local\Temp\cc9KUamq.s:11753  .debug_str:000000000000758a .LASF565
C:\Users\zero6575\AppData\Local\Temp\cc9KUamq.s:13233  .debug_str:000000000000c07b .LASF566
C:\Users\zero6575\AppData\Local\Temp\cc9KUamq.s:10147  .debug_str:00000000000022fd .LASF568
C:\Users\zero6575\AppData\Local\Temp\cc9KUamq.s:10679  .debug_str:0000000000003d41 .LASF569
C:\Users\zero6575\AppData\Local\Temp\cc9KUamq.s:13245  .debug_str:000000000000c10c .LASF570
C:\Users\zero6575\AppData\Local\Temp\cc9KUamq.s:13571  .debug_str:000000000000d1ff .LASF571
C:\Users\zero6575\AppData\Local\Temp\cc9KUamq.s:11775  .debug_str:000000000000766c .LASF572
C:\Users\zero6575\AppData\Local\Temp\cc9KUamq.s:12881  .debug_str:000000000000aeb8 .LASF573
C:\Users\zero6575\AppData\Local\Temp\cc9KUamq.s:10807  .debug_str:00000000000045af .LASF574
C:\Users\zero6575\AppData\Local\Temp\cc9KUamq.s:11759  .debug_str:00000000000075eb .LASF575
C:\Users\zero6575\AppData\Local\Temp\cc9KUamq.s:13193  .debug_str:000000000000be79 .LASF576
C:\Users\zero6575\AppData\Local\Temp\cc9KUamq.s:9587   .debug_str:00000000000005f0 .LASF577
C:\Users\zero6575\AppData\Local\Temp\cc9KUamq.s:12537  .debug_str:0000000000009f11 .LASF578
C:\Users\zero6575\AppData\Local\Temp\cc9KUamq.s:11717  .debug_str:00000000000073f9 .LASF579
C:\Users\zero6575\AppData\Local\Temp\cc9KUamq.s:11361  .debug_str:0000000000006154 .LASF580
C:\Users\zero6575\AppData\Local\Temp\cc9KUamq.s:10251  .debug_str:000000000000287d .LASF581
C:\Users\zero6575\AppData\Local\Temp\cc9KUamq.s:13241  .debug_str:000000000000c0d2 .LASF582
C:\Users\zero6575\AppData\Local\Temp\cc9KUamq.s:13121  .debug_str:000000000000ba8b .LASF583
C:\Users\zero6575\AppData\Local\Temp\cc9KUamq.s:12887  .debug_str:000000000000af0a .LASF584
C:\Users\zero6575\AppData\Local\Temp\cc9KUamq.s:9873   .debug_str:0000000000001329 .LASF585
C:\Users\zero6575\AppData\Local\Temp\cc9KUamq.s:13231  .debug_str:000000000000c059 .LASF586
C:\Users\zero6575\AppData\Local\Temp\cc9KUamq.s:11205  .debug_str:00000000000058ed .LASF587
C:\Users\zero6575\AppData\Local\Temp\cc9KUamq.s:9603   .debug_str:00000000000006b4 .LASF588
C:\Users\zero6575\AppData\Local\Temp\cc9KUamq.s:9637   .debug_str:0000000000000862 .LASF589
C:\Users\zero6575\AppData\Local\Temp\cc9KUamq.s:12893  .debug_str:000000000000af65 .LASF590
C:\Users\zero6575\AppData\Local\Temp\cc9KUamq.s:11279  .debug_str:0000000000005d4e .LASF591
C:\Users\zero6575\AppData\Local\Temp\cc9KUamq.s:10801  .debug_str:000000000000456b .LASF593
C:\Users\zero6575\AppData\Local\Temp\cc9KUamq.s:10543  .debug_str:00000000000035c5 .LASF594
C:\Users\zero6575\AppData\Local\Temp\cc9KUamq.s:10521  .debug_str:0000000000003521 .LASF595
C:\Users\zero6575\AppData\Local\Temp\cc9KUamq.s:13629  .debug_str:000000000000d4be .LASF596
C:\Users\zero6575\AppData\Local\Temp\cc9KUamq.s:11911  .debug_str:0000000000007d51 .LASF597
C:\Users\zero6575\AppData\Local\Temp\cc9KUamq.s:11623  .debug_str:0000000000006f69 .LASF598
C:\Users\zero6575\AppData\Local\Temp\cc9KUamq.s:11369  .debug_str:00000000000061ba .LASF599
C:\Users\zero6575\AppData\Local\Temp\cc9KUamq.s:12515  .debug_str:0000000000009e18 .LASF600
C:\Users\zero6575\AppData\Local\Temp\cc9KUamq.s:11835  .debug_str:0000000000007930 .LASF601
C:\Users\zero6575\AppData\Local\Temp\cc9KUamq.s:11057  .debug_str:000000000000526a .LASF602
C:\Users\zero6575\AppData\Local\Temp\cc9KUamq.s:10033  .debug_str:0000000000001b17 .LASF603
C:\Users\zero6575\AppData\Local\Temp\cc9KUamq.s:12309  .debug_str:000000000000935a .LASF604
C:\Users\zero6575\AppData\Local\Temp\cc9KUamq.s:10871  .debug_str:00000000000048cc .LASF605
C:\Users\zero6575\AppData\Local\Temp\cc9KUamq.s:11953  .debug_str:000000000000801f .LASF606
C:\Users\zero6575\AppData\Local\Temp\cc9KUamq.s:10163  .debug_str:00000000000023b7 .LASF607
C:\Users\zero6575\AppData\Local\Temp\cc9KUamq.s:9951   .debug_str:00000000000016c9 .LASF608
C:\Users\zero6575\AppData\Local\Temp\cc9KUamq.s:12955  .debug_str:000000000000b2ca .LASF609
C:\Users\zero6575\AppData\Local\Temp\cc9KUamq.s:11675  .debug_str:00000000000071c7 .LASF610
C:\Users\zero6575\AppData\Local\Temp\cc9KUamq.s:12949  .debug_str:000000000000b264 .LASF611
C:\Users\zero6575\AppData\Local\Temp\cc9KUamq.s:10507  .debug_str:0000000000003489 .LASF612
C:\Users\zero6575\AppData\Local\Temp\cc9KUamq.s:13691  .debug_str:000000000000d75a .LASF613
C:\Users\zero6575\AppData\Local\Temp\cc9KUamq.s:10093  .debug_str:0000000000002088 .LASF614
C:\Users\zero6575\AppData\Local\Temp\cc9KUamq.s:11779  .debug_str:000000000000768b .LASF615
C:\Users\zero6575\AppData\Local\Temp\cc9KUamq.s:11295  .debug_str:0000000000005dec .LASF616
C:\Users\zero6575\AppData\Local\Temp\cc9KUamq.s:11393  .debug_str:00000000000062fa .LASF617
C:\Users\zero6575\AppData\Local\Temp\cc9KUamq.s:10495  .debug_str:00000000000033fb .LASF618
C:\Users\zero6575\AppData\Local\Temp\cc9KUamq.s:13501  .debug_str:000000000000ce9f .LASF619
C:\Users\zero6575\AppData\Local\Temp\cc9KUamq.s:11667  .debug_str:000000000000716e .LASF620
C:\Users\zero6575\AppData\Local\Temp\cc9KUamq.s:11571  .debug_str:0000000000006c32 .LASF621
C:\Users\zero6575\AppData\Local\Temp\cc9KUamq.s:11843  .debug_str:0000000000007989 .LASF622
C:\Users\zero6575\AppData\Local\Temp\cc9KUamq.s:13517  .debug_str:000000000000cf60 .LASF623
C:\Users\zero6575\AppData\Local\Temp\cc9KUamq.s:12765  .debug_str:000000000000a902 .LASF624
C:\Users\zero6575\AppData\Local\Temp\cc9KUamq.s:10225  .debug_str:0000000000002730 .LASF625
C:\Users\zero6575\AppData\Local\Temp\cc9KUamq.s:13383  .debug_str:000000000000c982 .LASF626
C:\Users\zero6575\AppData\Local\Temp\cc9KUamq.s:12933  .debug_str:000000000000b1b6 .LASF627
C:\Users\zero6575\AppData\Local\Temp\cc9KUamq.s:13379  .debug_str:000000000000c879 .LASF628
C:\Users\zero6575\AppData\Local\Temp\cc9KUamq.s:11677  .debug_str:00000000000071eb .LASF629
C:\Users\zero6575\AppData\Local\Temp\cc9KUamq.s:12363  .debug_str:00000000000095f7 .LASF630
C:\Users\zero6575\AppData\Local\Temp\cc9KUamq.s:12509  .debug_str:0000000000009d40 .LASF631
C:\Users\zero6575\AppData\Local\Temp\cc9KUamq.s:9729   .debug_str:0000000000000b9c .LASF632
C:\Users\zero6575\AppData\Local\Temp\cc9KUamq.s:10697  .debug_str:0000000000003e3c .LASF633
C:\Users\zero6575\AppData\Local\Temp\cc9KUamq.s:10705  .debug_str:0000000000003f33 .LASF634
C:\Users\zero6575\AppData\Local\Temp\cc9KUamq.s:11345  .debug_str:0000000000006053 .LASF635
C:\Users\zero6575\AppData\Local\Temp\cc9KUamq.s:11253  .debug_str:0000000000005b57 .LASF636
C:\Users\zero6575\AppData\Local\Temp\cc9KUamq.s:13247  .debug_str:000000000000c134 .LASF637
C:\Users\zero6575\AppData\Local\Temp\cc9KUamq.s:13551  .debug_str:000000000000d0d3 .LASF638
C:\Users\zero6575\AppData\Local\Temp\cc9KUamq.s:10043  .debug_str:0000000000001b97 .LASF639
C:\Users\zero6575\AppData\Local\Temp\cc9KUamq.s:9771   .debug_str:0000000000000e46 .LASF640
C:\Users\zero6575\AppData\Local\Temp\cc9KUamq.s:9753   .debug_str:0000000000000d2d .LASF641
C:\Users\zero6575\AppData\Local\Temp\cc9KUamq.s:10995  .debug_str:0000000000004f04 .LASF642
C:\Users\zero6575\AppData\Local\Temp\cc9KUamq.s:10401  .debug_str:0000000000002f8e .LASF643
C:\Users\zero6575\AppData\Local\Temp\cc9KUamq.s:11535  .debug_str:0000000000006a46 .LASF644
C:\Users\zero6575\AppData\Local\Temp\cc9KUamq.s:12425  .debug_str:0000000000009908 .LASF645
C:\Users\zero6575\AppData\Local\Temp\cc9KUamq.s:11783  .debug_str:00000000000076ba .LASF646
C:\Users\zero6575\AppData\Local\Temp\cc9KUamq.s:10629  .debug_str:0000000000003acb .LASF647
C:\Users\zero6575\AppData\Local\Temp\cc9KUamq.s:11945  .debug_str:0000000000007fc7 .LASF648
C:\Users\zero6575\AppData\Local\Temp\cc9KUamq.s:10325  .debug_str:0000000000002bda .LASF649
C:\Users\zero6575\AppData\Local\Temp\cc9KUamq.s:11513  .debug_str:00000000000068d7 .LASF650
C:\Users\zero6575\AppData\Local\Temp\cc9KUamq.s:10237  .debug_str:00000000000027cd .LASF651
C:\Users\zero6575\AppData\Local\Temp\cc9KUamq.s:13049  .debug_str:000000000000b721 .LASF652
C:\Users\zero6575\AppData\Local\Temp\cc9KUamq.s:11577  .debug_str:0000000000006c80 .LASF653
C:\Users\zero6575\AppData\Local\Temp\cc9KUamq.s:12415  .debug_str:000000000000984c .LASF654
C:\Users\zero6575\AppData\Local\Temp\cc9KUamq.s:12805  .debug_str:000000000000aae4 .LASF655
C:\Users\zero6575\AppData\Local\Temp\cc9KUamq.s:11981  .debug_str:00000000000081a1 .LASF656
C:\Users\zero6575\AppData\Local\Temp\cc9KUamq.s:13311  .debug_str:000000000000c486 .LASF657
C:\Users\zero6575\AppData\Local\Temp\cc9KUamq.s:12261  .debug_str:0000000000009096 .LASF658
C:\Users\zero6575\AppData\Local\Temp\cc9KUamq.s:11973  .debug_str:0000000000008133 .LASF659
C:\Users\zero6575\AppData\Local\Temp\cc9KUamq.s:10499  .debug_str:000000000000341c .LASF660
C:\Users\zero6575\AppData\Local\Temp\cc9KUamq.s:10375  .debug_str:0000000000002e27 .LASF661
C:\Users\zero6575\AppData\Local\Temp\cc9KUamq.s:10563  .debug_str:00000000000036ee .LASF662
C:\Users\zero6575\AppData\Local\Temp\cc9KUamq.s:10319  .debug_str:0000000000002b63 .LASF663
C:\Users\zero6575\AppData\Local\Temp\cc9KUamq.s:12501  .debug_str:0000000000009ca4 .LASF664
C:\Users\zero6575\AppData\Local\Temp\cc9KUamq.s:10395  .debug_str:0000000000002f41 .LASF665
C:\Users\zero6575\AppData\Local\Temp\cc9KUamq.s:10861  .debug_str:0000000000004816 .LASF666
C:\Users\zero6575\AppData\Local\Temp\cc9KUamq.s:11591  .debug_str:0000000000006d5c .LASF667
C:\Users\zero6575\AppData\Local\Temp\cc9KUamq.s:12679  .debug_str:000000000000a551 .LASF668
C:\Users\zero6575\AppData\Local\Temp\cc9KUamq.s:12331  .debug_str:000000000000943a .LASF669
C:\Users\zero6575\AppData\Local\Temp\cc9KUamq.s:10455  .debug_str:0000000000003237 .LASF670
C:\Users\zero6575\AppData\Local\Temp\cc9KUamq.s:10407  .debug_str:0000000000002ff0 .LASF671
C:\Users\zero6575\AppData\Local\Temp\cc9KUamq.s:10857  .debug_str:00000000000047dc .LASF672
C:\Users\zero6575\AppData\Local\Temp\cc9KUamq.s:10151  .debug_str:0000000000002327 .LASF673
C:\Users\zero6575\AppData\Local\Temp\cc9KUamq.s:11061  .debug_str:00000000000052a3 .LASF674
C:\Users\zero6575\AppData\Local\Temp\cc9KUamq.s:13393  .debug_str:000000000000ca12 .LASF675
C:\Users\zero6575\AppData\Local\Temp\cc9KUamq.s:10213  .debug_str:0000000000002651 .LASF676
C:\Users\zero6575\AppData\Local\Temp\cc9KUamq.s:13327  .debug_str:000000000000c587 .LASF677
C:\Users\zero6575\AppData\Local\Temp\cc9KUamq.s:13071  .debug_str:000000000000b854 .LASF678
C:\Users\zero6575\AppData\Local\Temp\cc9KUamq.s:13363  .debug_str:000000000000c71f .LASF679
C:\Users\zero6575\AppData\Local\Temp\cc9KUamq.s:9723   .debug_str:0000000000000b7b .LASF680
C:\Users\zero6575\AppData\Local\Temp\cc9KUamq.s:11423  .debug_str:00000000000064b8 .LASF681
C:\Users\zero6575\AppData\Local\Temp\cc9KUamq.s:10317  .debug_str:0000000000002b5b .LASF682
C:\Users\zero6575\AppData\Local\Temp\cc9KUamq.s:10823  .debug_str:0000000000004665 .LASF683
C:\Users\zero6575\AppData\Local\Temp\cc9KUamq.s:10779  .debug_str:0000000000004468 .LASF684
C:\Users\zero6575\AppData\Local\Temp\cc9KUamq.s:11409  .debug_str:0000000000006431 .LASF685
C:\Users\zero6575\AppData\Local\Temp\cc9KUamq.s:13687  .debug_str:000000000000d736 .LASF686
C:\Users\zero6575\AppData\Local\Temp\cc9KUamq.s:12615  .debug_str:000000000000a287 .LASF687
C:\Users\zero6575\AppData\Local\Temp\cc9KUamq.s:12493  .debug_str:0000000000009c5c .LASF688
C:\Users\zero6575\AppData\Local\Temp\cc9KUamq.s:9975   .debug_str:00000000000017ea .LASF689
C:\Users\zero6575\AppData\Local\Temp\cc9KUamq.s:9513   .debug_str:0000000000000258 .LASF690
C:\Users\zero6575\AppData\Local\Temp\cc9KUamq.s:12069  .debug_str:0000000000008678 .LASF691
C:\Users\zero6575\AppData\Local\Temp\cc9KUamq.s:11193  .debug_str:000000000000587a .LASF692
C:\Users\zero6575\AppData\Local\Temp\cc9KUamq.s:9481   .debug_str:0000000000000104 .LASF693
C:\Users\zero6575\AppData\Local\Temp\cc9KUamq.s:10139  .debug_str:00000000000022c8 .LASF694
C:\Users\zero6575\AppData\Local\Temp\cc9KUamq.s:9779   .debug_str:0000000000000eef .LASF695
C:\Users\zero6575\AppData\Local\Temp\cc9KUamq.s:13637  .debug_str:000000000000d50b .LASF696
C:\Users\zero6575\AppData\Local\Temp\cc9KUamq.s:13027  .debug_str:000000000000b62c .LASF697
C:\Users\zero6575\AppData\Local\Temp\cc9KUamq.s:9841   .debug_str:00000000000011d8 .LASF698
C:\Users\zero6575\AppData\Local\Temp\cc9KUamq.s:11499  .debug_str:000000000000683e .LASF699
C:\Users\zero6575\AppData\Local\Temp\cc9KUamq.s:11451  .debug_str:00000000000065f3 .LASF700
C:\Users\zero6575\AppData\Local\Temp\cc9KUamq.s:9495   .debug_str:000000000000019d .LASF701
C:\Users\zero6575\AppData\Local\Temp\cc9KUamq.s:12777  .debug_str:000000000000a9a3 .LASF702
C:\Users\zero6575\AppData\Local\Temp\cc9KUamq.s:13103  .debug_str:000000000000b9bb .LASF703
C:\Users\zero6575\AppData\Local\Temp\cc9KUamq.s:13479  .debug_str:000000000000cd86 .LASF704
C:\Users\zero6575\AppData\Local\Temp\cc9KUamq.s:11691  .debug_str:0000000000007308 .LASF705
C:\Users\zero6575\AppData\Local\Temp\cc9KUamq.s:13287  .debug_str:000000000000c349 .LASF706
C:\Users\zero6575\AppData\Local\Temp\cc9KUamq.s:13633  .debug_str:000000000000d4dd .LASF707
C:\Users\zero6575\AppData\Local\Temp\cc9KUamq.s:10269  .debug_str:000000000000295c .LASF708
C:\Users\zero6575\AppData\Local\Temp\cc9KUamq.s:10827  .debug_str:000000000000467f .LASF709
C:\Users\zero6575\AppData\Local\Temp\cc9KUamq.s:11553  .debug_str:0000000000006b23 .LASF710
C:\Users\zero6575\AppData\Local\Temp\cc9KUamq.s:9621   .debug_str:0000000000000778 .LASF711
C:\Users\zero6575\AppData\Local\Temp\cc9KUamq.s:13549  .debug_str:000000000000d0c8 .LASF712
C:\Users\zero6575\AppData\Local\Temp\cc9KUamq.s:10987  .debug_str:0000000000004ed5 .LASF713
C:\Users\zero6575\AppData\Local\Temp\cc9KUamq.s:11879  .debug_str:0000000000007bfa .LASF714
C:\Users\zero6575\AppData\Local\Temp\cc9KUamq.s:12895  .debug_str:000000000000af6e .LASF715
C:\Users\zero6575\AppData\Local\Temp\cc9KUamq.s:10795  .debug_str:000000000000454d .LASF716
C:\Users\zero6575\AppData\Local\Temp\cc9KUamq.s:12047  .debug_str:00000000000084ad .LASF717
C:\Users\zero6575\AppData\Local\Temp\cc9KUamq.s:13535  .debug_str:000000000000d01e .LASF718
C:\Users\zero6575\AppData\Local\Temp\cc9KUamq.s:10191  .debug_str:000000000000254f .LASF719
C:\Users\zero6575\AppData\Local\Temp\cc9KUamq.s:11655  .debug_str:00000000000070f0 .LASF720
C:\Users\zero6575\AppData\Local\Temp\cc9KUamq.s:10355  .debug_str:0000000000002d68 .LASF721
C:\Users\zero6575\AppData\Local\Temp\cc9KUamq.s:12689  .debug_str:000000000000a5cc .LASF722
C:\Users\zero6575\AppData\Local\Temp\cc9KUamq.s:10497  .debug_str:0000000000003413 .LASF723
C:\Users\zero6575\AppData\Local\Temp\cc9KUamq.s:12827  .debug_str:000000000000abdf .LASF724
C:\Users\zero6575\AppData\Local\Temp\cc9KUamq.s:11605  .debug_str:0000000000006e1c .LASF725
C:\Users\zero6575\AppData\Local\Temp\cc9KUamq.s:12343  .debug_str:00000000000094be .LASF726
C:\Users\zero6575\AppData\Local\Temp\cc9KUamq.s:9661   .debug_str:0000000000000944 .LASF727
C:\Users\zero6575\AppData\Local\Temp\cc9KUamq.s:12545  .debug_str:0000000000009f61 .LASF728
C:\Users\zero6575\AppData\Local\Temp\cc9KUamq.s:13467  .debug_str:000000000000cd1d .LASF729
C:\Users\zero6575\AppData\Local\Temp\cc9KUamq.s:9519   .debug_str:000000000000028c .LASF730
C:\Users\zero6575\AppData\Local\Temp\cc9KUamq.s:10041  .debug_str:0000000000001b87 .LASF731
C:\Users\zero6575\AppData\Local\Temp\cc9KUamq.s:11987  .debug_str:0000000000008208 .LASF732
C:\Users\zero6575\AppData\Local\Temp\cc9KUamq.s:13021  .debug_str:000000000000b601 .LASF733
C:\Users\zero6575\AppData\Local\Temp\cc9KUamq.s:11711  .debug_str:00000000000073b4 .LASF734
C:\Users\zero6575\AppData\Local\Temp\cc9KUamq.s:11027  .debug_str:00000000000050de .LASF735
C:\Users\zero6575\AppData\Local\Temp\cc9KUamq.s:10185  .debug_str:0000000000002523 .LASF736
C:\Users\zero6575\AppData\Local\Temp\cc9KUamq.s:11959  .debug_str:0000000000008063 .LASF737
C:\Users\zero6575\AppData\Local\Temp\cc9KUamq.s:11045  .debug_str:0000000000005201 .LASF738
C:\Users\zero6575\AppData\Local\Temp\cc9KUamq.s:13665  .debug_str:000000000000d606 .LASF739
C:\Users\zero6575\AppData\Local\Temp\cc9KUamq.s:11125  .debug_str:000000000000556e .LASF740
C:\Users\zero6575\AppData\Local\Temp\cc9KUamq.s:13685  .debug_str:000000000000d729 .LASF741
C:\Users\zero6575\AppData\Local\Temp\cc9KUamq.s:10667  .debug_str:0000000000003cc4 .LASF742
C:\Users\zero6575\AppData\Local\Temp\cc9KUamq.s:11261  .debug_str:0000000000005c50 .LASF743
C:\Users\zero6575\AppData\Local\Temp\cc9KUamq.s:12869  .debug_str:000000000000addb .LASF744
C:\Users\zero6575\AppData\Local\Temp\cc9KUamq.s:12065  .debug_str:000000000000864f .LASF745
C:\Users\zero6575\AppData\Local\Temp\cc9KUamq.s:10969  .debug_str:0000000000004d71 .LASF746
C:\Users\zero6575\AppData\Local\Temp\cc9KUamq.s:11845  .debug_str:00000000000079a1 .LASF747
C:\Users\zero6575\AppData\Local\Temp\cc9KUamq.s:11621  .debug_str:0000000000006f5c .LASF748
C:\Users\zero6575\AppData\Local\Temp\cc9KUamq.s:9703   .debug_str:0000000000000aa7 .LASF749
C:\Users\zero6575\AppData\Local\Temp\cc9KUamq.s:12431  .debug_str:0000000000009964 .LASF750
C:\Users\zero6575\AppData\Local\Temp\cc9KUamq.s:9555   .debug_str:0000000000000443 .LASF751
C:\Users\zero6575\AppData\Local\Temp\cc9KUamq.s:13613  .debug_str:000000000000d42b .LASF752
C:\Users\zero6575\AppData\Local\Temp\cc9KUamq.s:12155  .debug_str:0000000000008b7a .LASF753
C:\Users\zero6575\AppData\Local\Temp\cc9KUamq.s:10619  .debug_str:0000000000003a2f .LASF754
C:\Users\zero6575\AppData\Local\Temp\cc9KUamq.s:10399  .debug_str:0000000000002f80 .LASF755
C:\Users\zero6575\AppData\Local\Temp\cc9KUamq.s:13001  .debug_str:000000000000b4fa .LASF756
C:\Users\zero6575\AppData\Local\Temp\cc9KUamq.s:12631  .debug_str:000000000000a33c .LASF757
C:\Users\zero6575\AppData\Local\Temp\cc9KUamq.s:9647   .debug_str:00000000000008bf .LASF758
C:\Users\zero6575\AppData\Local\Temp\cc9KUamq.s:10027  .debug_str:0000000000001ad8 .LASF759
C:\Users\zero6575\AppData\Local\Temp\cc9KUamq.s:12079  .debug_str:0000000000008734 .LASF762
C:\Users\zero6575\AppData\Local\Temp\cc9KUamq.s:12183  .debug_str:0000000000008d09 .LASF763
C:\Users\zero6575\AppData\Local\Temp\cc9KUamq.s:13553  .debug_str:000000000000d12e .LASF764
C:\Users\zero6575\AppData\Local\Temp\cc9KUamq.s:11031  .debug_str:0000000000005101 .LASF765
C:\Users\zero6575\AppData\Local\Temp\cc9KUamq.s:10271  .debug_str:0000000000002965 .LASF766
C:\Users\zero6575\AppData\Local\Temp\cc9KUamq.s:9875   .debug_str:0000000000001352 .LASF767
C:\Users\zero6575\AppData\Local\Temp\cc9KUamq.s:10255  .debug_str:000000000000289e .LASF768
C:\Users\zero6575\AppData\Local\Temp\cc9KUamq.s:11123  .debug_str:000000000000555a .LASF769
C:\Users\zero6575\AppData\Local\Temp\cc9KUamq.s:12985  .debug_str:000000000000b42f .LASF770
C:\Users\zero6575\AppData\Local\Temp\cc9KUamq.s:13477  .debug_str:000000000000cd78 .LASF771
C:\Users\zero6575\AppData\Local\Temp\cc9KUamq.s:10683  .debug_str:0000000000003d7d .LASF772
C:\Users\zero6575\AppData\Local\Temp\cc9KUamq.s:9801   .debug_str:0000000000000fbf .LASF773
C:\Users\zero6575\AppData\Local\Temp\cc9KUamq.s:11247  .debug_str:0000000000005b23 .LASF774
C:\Users\zero6575\AppData\Local\Temp\cc9KUamq.s:13351  .debug_str:000000000000c6b2 .LASF775
C:\Users\zero6575\AppData\Local\Temp\cc9KUamq.s:10057  .debug_str:0000000000001ef3 .LASF776
C:\Users\zero6575\AppData\Local\Temp\cc9KUamq.s:11309  .debug_str:0000000000005e80 .LASF777
C:\Users\zero6575\AppData\Local\Temp\cc9KUamq.s:9979   .debug_str:000000000000180b .LASF778
C:\Users\zero6575\AppData\Local\Temp\cc9KUamq.s:11681  .debug_str:00000000000072a5 .LASF779
C:\Users\zero6575\AppData\Local\Temp\cc9KUamq.s:10371  .debug_str:0000000000002e09 .LASF780
C:\Users\zero6575\AppData\Local\Temp\cc9KUamq.s:12835  .debug_str:000000000000ac34 .LASF781
C:\Users\zero6575\AppData\Local\Temp\cc9KUamq.s:9615   .debug_str:000000000000073a .LASF782
C:\Users\zero6575\AppData\Local\Temp\cc9KUamq.s:10449  .debug_str:00000000000031db .LASF783
C:\Users\zero6575\AppData\Local\Temp\cc9KUamq.s:13005  .debug_str:000000000000b51c .LASF784
C:\Users\zero6575\AppData\Local\Temp\cc9KUamq.s:12861  .debug_str:000000000000ad5a .LASF785
C:\Users\zero6575\AppData\Local\Temp\cc9KUamq.s:9535   .debug_str:0000000000000362 .LASF786
C:\Users\zero6575\AppData\Local\Temp\cc9KUamq.s:11515  .debug_str:0000000000006907 .LASF787
C:\Users\zero6575\AppData\Local\Temp\cc9KUamq.s:10535  .debug_str:0000000000003576 .LASF788
C:\Users\zero6575\AppData\Local\Temp\cc9KUamq.s:9811   .debug_str:0000000000001027 .LASF789
C:\Users\zero6575\AppData\Local\Temp\cc9KUamq.s:13409  .debug_str:000000000000cab4 .LASF790
C:\Users\zero6575\AppData\Local\Temp\cc9KUamq.s:11017  .debug_str:0000000000005042 .LASF791
C:\Users\zero6575\AppData\Local\Temp\cc9KUamq.s:10927  .debug_str:0000000000004b6a .LASF792
C:\Users\zero6575\AppData\Local\Temp\cc9KUamq.s:12551  .debug_str:0000000000009fd5 .LASF793
C:\Users\zero6575\AppData\Local\Temp\cc9KUamq.s:10959  .debug_str:0000000000004cbc .LASF794
C:\Users\zero6575\AppData\Local\Temp\cc9KUamq.s:10625  .debug_str:0000000000003a94 .LASF795
C:\Users\zero6575\AppData\Local\Temp\cc9KUamq.s:10153  .debug_str:0000000000002346 .LASF796
C:\Users\zero6575\AppData\Local\Temp\cc9KUamq.s:11207  .debug_str:00000000000058fc .LASF797
C:\Users\zero6575\AppData\Local\Temp\cc9KUamq.s:12951  .debug_str:000000000000b292 .LASF798
C:\Users\zero6575\AppData\Local\Temp\cc9KUamq.s:10175  .debug_str:0000000000002495 .LASF799
C:\Users\zero6575\AppData\Local\Temp\cc9KUamq.s:11913  .debug_str:0000000000007d6b .LASF800
C:\Users\zero6575\AppData\Local\Temp\cc9KUamq.s:13181  .debug_str:000000000000bdf8 .LASF801
C:\Users\zero6575\AppData\Local\Temp\cc9KUamq.s:13423  .debug_str:000000000000cb5c .LASF802
C:\Users\zero6575\AppData\Local\Temp\cc9KUamq.s:12311  .debug_str:0000000000009377 .LASF803
C:\Users\zero6575\AppData\Local\Temp\cc9KUamq.s:13345  .debug_str:000000000000c641 .LASF804
C:\Users\zero6575\AppData\Local\Temp\cc9KUamq.s:13513  .debug_str:000000000000cf37 .LASF805
C:\Users\zero6575\AppData\Local\Temp\cc9KUamq.s:12651  .debug_str:000000000000a411 .LASF806
C:\Users\zero6575\AppData\Local\Temp\cc9KUamq.s:13003  .debug_str:000000000000b50e .LASF807
C:\Users\zero6575\AppData\Local\Temp\cc9KUamq.s:12639  .debug_str:000000000000a394 .LASF808
C:\Users\zero6575\AppData\Local\Temp\cc9KUamq.s:11085  .debug_str:00000000000053c3 .LASF809
C:\Users\zero6575\AppData\Local\Temp\cc9KUamq.s:10477  .debug_str:0000000000003333 .LASF810
C:\Users\zero6575\AppData\Local\Temp\cc9KUamq.s:11079  .debug_str:0000000000005375 .LASF811
C:\Users\zero6575\AppData\Local\Temp\cc9KUamq.s:12519  .debug_str:0000000000009e61 .LASF812
C:\Users\zero6575\AppData\Local\Temp\cc9KUamq.s:13065  .debug_str:000000000000b803 .LASF813
C:\Users\zero6575\AppData\Local\Temp\cc9KUamq.s:13243  .debug_str:000000000000c0eb .LASF814
C:\Users\zero6575\AppData\Local\Temp\cc9KUamq.s:11627  .debug_str:0000000000006f94 .LASF815
C:\Users\zero6575\AppData\Local\Temp\cc9KUamq.s:9763   .debug_str:0000000000000ddb .LASF816
C:\Users\zero6575\AppData\Local\Temp\cc9KUamq.s:11239  .debug_str:0000000000005aaa .LASF817
C:\Users\zero6575\AppData\Local\Temp\cc9KUamq.s:10095  .debug_str:0000000000002098 .LASF818
C:\Users\zero6575\AppData\Local\Temp\cc9KUamq.s:13587  .debug_str:000000000000d2e9 .LASF819
C:\Users\zero6575\AppData\Local\Temp\cc9KUamq.s:13323  .debug_str:000000000000c510 .LASF820
C:\Users\zero6575\AppData\Local\Temp\cc9KUamq.s:12503  .debug_str:0000000000009cde .LASF821
C:\Users\zero6575\AppData\Local\Temp\cc9KUamq.s:11661  .debug_str:0000000000007121 .LASF822
C:\Users\zero6575\AppData\Local\Temp\cc9KUamq.s:13213  .debug_str:000000000000bf4e .LASF823
C:\Users\zero6575\AppData\Local\Temp\cc9KUamq.s:12191  .debug_str:0000000000008d53 .LASF824
C:\Users\zero6575\AppData\Local\Temp\cc9KUamq.s:12137  .debug_str:0000000000008a35 .LASF825
C:\Users\zero6575\AppData\Local\Temp\cc9KUamq.s:11211  .debug_str:000000000000592c .LASF826
C:\Users\zero6575\AppData\Local\Temp\cc9KUamq.s:11231  .debug_str:0000000000005a40 .LASF827
C:\Users\zero6575\AppData\Local\Temp\cc9KUamq.s:12841  .debug_str:000000000000ac7c .LASF828
C:\Users\zero6575\AppData\Local\Temp\cc9KUamq.s:9859   .debug_str:0000000000001251 .LASF829
C:\Users\zero6575\AppData\Local\Temp\cc9KUamq.s:12227  .debug_str:0000000000008ef7 .LASF830
C:\Users\zero6575\AppData\Local\Temp\cc9KUamq.s:11323  .debug_str:0000000000005f0c .LASF831
C:\Users\zero6575\AppData\Local\Temp\cc9KUamq.s:13505  .debug_str:000000000000ced3 .LASF832
C:\Users\zero6575\AppData\Local\Temp\cc9KUamq.s:12815  .debug_str:000000000000ab62 .LASF833
C:\Users\zero6575\AppData\Local\Temp\cc9KUamq.s:9743   .debug_str:0000000000000c83 .LASF834
C:\Users\zero6575\AppData\Local\Temp\cc9KUamq.s:11757  .debug_str:00000000000075bb .LASF835
C:\Users\zero6575\AppData\Local\Temp\cc9KUamq.s:10553  .debug_str:0000000000003667 .LASF836
C:\Users\zero6575\AppData\Local\Temp\cc9KUamq.s:10089  .debug_str:0000000000002042 .LASF837
C:\Users\zero6575\AppData\Local\Temp\cc9KUamq.s:12873  .debug_str:000000000000ae0d .LASF838
C:\Users\zero6575\AppData\Local\Temp\cc9KUamq.s:13493  .debug_str:000000000000ce1f .LASF839
C:\Users\zero6575\AppData\Local\Temp\cc9KUamq.s:12349  .debug_str:0000000000009502 .LASF840
C:\Users\zero6575\AppData\Local\Temp\cc9KUamq.s:11619  .debug_str:0000000000006ed0 .LASF841
C:\Users\zero6575\AppData\Local\Temp\cc9KUamq.s:9571   .debug_str:0000000000000504 .LASF842
C:\Users\zero6575\AppData\Local\Temp\cc9KUamq.s:10649  .debug_str:0000000000003bc7 .LASF843
C:\Users\zero6575\AppData\Local\Temp\cc9KUamq.s:10609  .debug_str:0000000000003961 .LASF844
C:\Users\zero6575\AppData\Local\Temp\cc9KUamq.s:12127  .debug_str:0000000000008968 .LASF845
C:\Users\zero6575\AppData\Local\Temp\cc9KUamq.s:12099  .debug_str:000000000000882c .LASF846
C:\Users\zero6575\AppData\Local\Temp\cc9KUamq.s:10127  .debug_str:0000000000002244 .LASF847
C:\Users\zero6575\AppData\Local\Temp\cc9KUamq.s:11037  .debug_str:000000000000515b .LASF848
C:\Users\zero6575\AppData\Local\Temp\cc9KUamq.s:10169  .debug_str:000000000000241f .LASF849
C:\Users\zero6575\AppData\Local\Temp\cc9KUamq.s:11969  .debug_str:00000000000080ab .LASF850
C:\Users\zero6575\AppData\Local\Temp\cc9KUamq.s:11403  .debug_str:00000000000063c0 .LASF851
C:\Users\zero6575\AppData\Local\Temp\cc9KUamq.s:10965  .debug_str:0000000000004d00 .LASF852
C:\Users\zero6575\AppData\Local\Temp\cc9KUamq.s:13497  .debug_str:000000000000ce62 .LASF853
C:\Users\zero6575\AppData\Local\Temp\cc9KUamq.s:11673  .debug_str:00000000000071ae .LASF854
C:\Users\zero6575\AppData\Local\Temp\cc9KUamq.s:12271  .debug_str:0000000000009125 .LASF855
C:\Users\zero6575\AppData\Local\Temp\cc9KUamq.s:11041  .debug_str:00000000000051cd .LASF856
C:\Users\zero6575\AppData\Local\Temp\cc9KUamq.s:13271  .debug_str:000000000000c289 .LASF857
C:\Users\zero6575\AppData\Local\Temp\cc9KUamq.s:10287  .debug_str:00000000000029e8 .LASF858
C:\Users\zero6575\AppData\Local\Temp\cc9KUamq.s:12179  .debug_str:0000000000008cb7 .LASF859
C:\Users\zero6575\AppData\Local\Temp\cc9KUamq.s:10219  .debug_str:00000000000026c3 .LASF860
C:\Users\zero6575\AppData\Local\Temp\cc9KUamq.s:10939  .debug_str:0000000000004bf1 .LASF861
C:\Users\zero6575\AppData\Local\Temp\cc9KUamq.s:11341  .debug_str:000000000000602d .LASF862
C:\Users\zero6575\AppData\Local\Temp\cc9KUamq.s:9581   .debug_str:00000000000005a6 .LASF863
C:\Users\zero6575\AppData\Local\Temp\cc9KUamq.s:13159  .debug_str:000000000000bcbf .LASF864
C:\Users\zero6575\AppData\Local\Temp\cc9KUamq.s:11701  .debug_str:000000000000734f .LASF865
C:\Users\zero6575\AppData\Local\Temp\cc9KUamq.s:10205  .debug_str:00000000000025e7 .LASF866
C:\Users\zero6575\AppData\Local\Temp\cc9KUamq.s:11617  .debug_str:0000000000006eb0 .LASF867
C:\Users\zero6575\AppData\Local\Temp\cc9KUamq.s:10297  .debug_str:0000000000002a71 .LASF868
C:\Users\zero6575\AppData\Local\Temp\cc9KUamq.s:11927  .debug_str:0000000000007e11 .LASF869
C:\Users\zero6575\AppData\Local\Temp\cc9KUamq.s:11011  .debug_str:0000000000004fdb .LASF870
C:\Users\zero6575\AppData\Local\Temp\cc9KUamq.s:11559  .debug_str:0000000000006b5a .LASF871
C:\Users\zero6575\AppData\Local\Temp\cc9KUamq.s:10789  .debug_str:00000000000044db .LASF872
C:\Users\zero6575\AppData\Local\Temp\cc9KUamq.s:12215  .debug_str:0000000000008e4a .LASF873
C:\Users\zero6575\AppData\Local\Temp\cc9KUamq.s:11941  .debug_str:0000000000007f70 .LASF874
C:\Users\zero6575\AppData\Local\Temp\cc9KUamq.s:10723  .debug_str:0000000000004116 .LASF875
C:\Users\zero6575\AppData\Local\Temp\cc9KUamq.s:10623  .debug_str:0000000000003a4d .LASF876
C:\Users\zero6575\AppData\Local\Temp\cc9KUamq.s:10215  .debug_str:0000000000002659 .LASF877
C:\Users\zero6575\AppData\Local\Temp\cc9KUamq.s:11215  .debug_str:000000000000596d .LASF878
C:\Users\zero6575\AppData\Local\Temp\cc9KUamq.s:9965   .debug_str:0000000000001746 .LASF879
C:\Users\zero6575\AppData\Local\Temp\cc9KUamq.s:9821   .debug_str:00000000000010b2 .LASF880
C:\Users\zero6575\AppData\Local\Temp\cc9KUamq.s:12075  .debug_str:00000000000086e1 .LASF881
C:\Users\zero6575\AppData\Local\Temp\cc9KUamq.s:11385  .debug_str:0000000000006275 .LASF882
C:\Users\zero6575\AppData\Local\Temp\cc9KUamq.s:10925  .debug_str:0000000000004b5d .LASF883
C:\Users\zero6575\AppData\Local\Temp\cc9KUamq.s:10815  .debug_str:000000000000460e .LASF887
C:\Users\zero6575\AppData\Local\Temp\cc9KUamq.s:12005  .debug_str:00000000000082d1 .LASF888
C:\Users\zero6575\AppData\Local\Temp\cc9KUamq.s:12369  .debug_str:0000000000009641 .LASF889
C:\Users\zero6575\AppData\Local\Temp\cc9KUamq.s:10059  .debug_str:0000000000001f06 .LASF890
C:\Users\zero6575\AppData\Local\Temp\cc9KUamq.s:13355  .debug_str:000000000000c6e4 .LASF891
C:\Users\zero6575\AppData\Local\Temp\cc9KUamq.s:10063  .debug_str:0000000000001f2b .LASF892
C:\Users\zero6575\AppData\Local\Temp\cc9KUamq.s:10263  .debug_str:00000000000028f1 .LASF893
C:\Users\zero6575\AppData\Local\Temp\cc9KUamq.s:12117  .debug_str:0000000000008925 .LASF894
C:\Users\zero6575\AppData\Local\Temp\cc9KUamq.s:10601  .debug_str:0000000000003900 .LASF895
C:\Users\zero6575\AppData\Local\Temp\cc9KUamq.s:13195  .debug_str:000000000000be83 .LASF896
C:\Users\zero6575\AppData\Local\Temp\cc9KUamq.s:10853  .debug_str:00000000000047bf .LASF897
C:\Users\zero6575\AppData\Local\Temp\cc9KUamq.s:9847   .debug_str:00000000000011ef .LASF898
C:\Users\zero6575\AppData\Local\Temp\cc9KUamq.s:12269  .debug_str:0000000000009118 .LASF899
C:\Users\zero6575\AppData\Local\Temp\cc9KUamq.s:13209  .debug_str:000000000000bf2b .LASF900
C:\Users\zero6575\AppData\Local\Temp\cc9KUamq.s:10889  .debug_str:00000000000049dd .LASF901
C:\Users\zero6575\AppData\Local\Temp\cc9KUamq.s:11965  .debug_str:000000000000808e .LASF902
C:\Users\zero6575\AppData\Local\Temp\cc9KUamq.s:12687  .debug_str:000000000000a5bf .LASF903
C:\Users\zero6575\AppData\Local\Temp\cc9KUamq.s:11103  .debug_str:000000000000549c .LASF904
C:\Users\zero6575\AppData\Local\Temp\cc9KUamq.s:12251  .debug_str:0000000000009030 .LASF905
C:\Users\zero6575\AppData\Local\Temp\cc9KUamq.s:13113  .debug_str:000000000000ba33 .LASF906
C:\Users\zero6575\AppData\Local\Temp\cc9KUamq.s:12789  .debug_str:000000000000aa19 .LASF907
C:\Users\zero6575\AppData\Local\Temp\cc9KUamq.s:11599  .debug_str:0000000000006dd7 .LASF908
C:\Users\zero6575\AppData\Local\Temp\cc9KUamq.s:11777  .debug_str:000000000000767e .LASF909
C:\Users\zero6575\AppData\Local\Temp\cc9KUamq.s:12585  .debug_str:000000000000a153 .LASF910
C:\Users\zero6575\AppData\Local\Temp\cc9KUamq.s:12437  .debug_str:00000000000099b6 .LASF911
C:\Users\zero6575\AppData\Local\Temp\cc9KUamq.s:13601  .debug_str:000000000000d39a .LASF912
C:\Users\zero6575\AppData\Local\Temp\cc9KUamq.s:11377  .debug_str:0000000000006206 .LASF913
C:\Users\zero6575\AppData\Local\Temp\cc9KUamq.s:12799  .debug_str:000000000000aab2 .LASF914
C:\Users\zero6575\AppData\Local\Temp\cc9KUamq.s:13225  .debug_str:000000000000bffc .LASF915
C:\Users\zero6575\AppData\Local\Temp\cc9KUamq.s:9923   .debug_str:0000000000001575 .LASF916
C:\Users\zero6575\AppData\Local\Temp\cc9KUamq.s:11585  .debug_str:0000000000006ccc .LASF917
C:\Users\zero6575\AppData\Local\Temp\cc9KUamq.s:12957  .debug_str:000000000000b2f4 .LASF918
C:\Users\zero6575\AppData\Local\Temp\cc9KUamq.s:9563   .debug_str:00000000000004a2 .LASF919
C:\Users\zero6575\AppData\Local\Temp\cc9KUamq.s:13221  .debug_str:000000000000bfce .LASF920
C:\Users\zero6575\AppData\Local\Temp\cc9KUamq.s:11391  .debug_str:00000000000062e7 .LASF921
C:\Users\zero6575\AppData\Local\Temp\cc9KUamq.s:10423  .debug_str:00000000000030b0 .LASF922
C:\Users\zero6575\AppData\Local\Temp\cc9KUamq.s:12621  .debug_str:000000000000a2a8 .LASF923
C:\Users\zero6575\AppData\Local\Temp\cc9KUamq.s:13251  .debug_str:000000000000c1ac .LASF924
C:\Users\zero6575\AppData\Local\Temp\cc9KUamq.s:9855   .debug_str:000000000000122d .LASF925
C:\Users\zero6575\AppData\Local\Temp\cc9KUamq.s:12669  .debug_str:000000000000a4dc .LASF926
C:\Users\zero6575\AppData\Local\Temp\cc9KUamq.s:13189  .debug_str:000000000000be5c .LASF927
C:\Users\zero6575\AppData\Local\Temp\cc9KUamq.s:11755  .debug_str:00000000000075a1 .LASF932
C:\Users\zero6575\AppData\Local\Temp\cc9KUamq.s:10469  .debug_str:00000000000032d6 .LASF933
C:\Users\zero6575\AppData\Local\Temp\cc9KUamq.s:10289  .debug_str:0000000000002a25 .LASF934
C:\Users\zero6575\AppData\Local\Temp\cc9KUamq.s:11289  .debug_str:0000000000005da5 .LASF935
C:\Users\zero6575\AppData\Local\Temp\cc9KUamq.s:12417  .debug_str:0000000000009881 .LASF936
C:\Users\zero6575\AppData\Local\Temp\cc9KUamq.s:10767  .debug_str:00000000000043ec .LASF937
C:\Users\zero6575\AppData\Local\Temp\cc9KUamq.s:11525  .debug_str:00000000000069e5 .LASF938
C:\Users\zero6575\AppData\Local\Temp\cc9KUamq.s:9981   .debug_str:000000000000181a .LASF939
C:\Users\zero6575\AppData\Local\Temp\cc9KUamq.s:10691  .debug_str:0000000000003df9 .LASF940
C:\Users\zero6575\AppData\Local\Temp\cc9KUamq.s:12863  .debug_str:000000000000ad7d .LASF941
C:\Users\zero6575\AppData\Local\Temp\cc9KUamq.s:9467   .debug_str:0000000000000067 .LASF942
C:\Users\zero6575\AppData\Local\Temp\cc9KUamq.s:13577  .debug_str:000000000000d244 .LASF943
C:\Users\zero6575\AppData\Local\Temp\cc9KUamq.s:12533  .debug_str:0000000000009eee .LASF944
C:\Users\zero6575\AppData\Local\Temp\cc9KUamq.s:12173  .debug_str:0000000000008c2e .LASF945
C:\Users\zero6575\AppData\Local\Temp\cc9KUamq.s:11203  .debug_str:00000000000058df .LASF946
C:\Users\zero6575\AppData\Local\Temp\cc9KUamq.s:9629   .debug_str:00000000000007ee .LASF947
C:\Users\zero6575\AppData\Local\Temp\cc9KUamq.s:12433  .debug_str:000000000000996f .LASF948
C:\Users\zero6575\AppData\Local\Temp\cc9KUamq.s:13145  .debug_str:000000000000bb8d .LASF949
C:\Users\zero6575\AppData\Local\Temp\cc9KUamq.s:9749   .debug_str:0000000000000cc6 .LASF950
C:\Users\zero6575\AppData\Local\Temp\cc9KUamq.s:12289  .debug_str:000000000000920e .LASF951
C:\Users\zero6575\AppData\Local\Temp\cc9KUamq.s:12019  .debug_str:0000000000008377 .LASF952
C:\Users\zero6575\AppData\Local\Temp\cc9KUamq.s:10267  .debug_str:0000000000002943 .LASF953
C:\Users\zero6575\AppData\Local\Temp\cc9KUamq.s:11243  .debug_str:0000000000005ae9 .LASF954
C:\Users\zero6575\AppData\Local\Temp\cc9KUamq.s:10453  .debug_str:000000000000321d .LASF955
C:\Users\zero6575\AppData\Local\Temp\cc9KUamq.s:9685   .debug_str:0000000000000a0a .LASF957
C:\Users\zero6575\AppData\Local\Temp\cc9KUamq.s:11015  .debug_str:0000000000005037 .LASF958
C:\Users\zero6575\AppData\Local\Temp\cc9KUamq.s:12497  .debug_str:0000000000009c81 .LASF959
C:\Users\zero6575\AppData\Local\Temp\cc9KUamq.s:10365  .debug_str:0000000000002dcf .LASF960
C:\Users\zero6575\AppData\Local\Temp\cc9KUamq.s:10955  .debug_str:0000000000004c95 .LASF961
C:\Users\zero6575\AppData\Local\Temp\cc9KUamq.s:10763  .debug_str:00000000000043c5 .LASF962
C:\Users\zero6575\AppData\Local\Temp\cc9KUamq.s:13265  .debug_str:000000000000c235 .LASF963
C:\Users\zero6575\AppData\Local\Temp\cc9KUamq.s:10131  .debug_str:000000000000227d .LASF964
C:\Users\zero6575\AppData\Local\Temp\cc9KUamq.s:13059  .debug_str:000000000000b79b .LASF965
C:\Users\zero6575\AppData\Local\Temp\cc9KUamq.s:9941   .debug_str:0000000000001654 .LASF966
C:\Users\zero6575\AppData\Local\Temp\cc9KUamq.s:11339  .debug_str:0000000000006012 .LASF967
C:\Users\zero6575\AppData\Local\Temp\cc9KUamq.s:12469  .debug_str:0000000000009b3b .LASF969
C:\Users\zero6575\AppData\Local\Temp\cc9KUamq.s:12355  .debug_str:0000000000009580 .LASF970
C:\Users\zero6575\AppData\Local\Temp\cc9KUamq.s:10115  .debug_str:00000000000021bd .LASF971
C:\Users\zero6575\AppData\Local\Temp\cc9KUamq.s:11021  .debug_str:000000000000509c .LASF972
C:\Users\zero6575\AppData\Local\Temp\cc9KUamq.s:9713   .debug_str:0000000000000b0c .LASF973
C:\Users\zero6575\AppData\Local\Temp\cc9KUamq.s:10465  .debug_str:00000000000032b3 .LASF974
C:\Users\zero6575\AppData\Local\Temp\cc9KUamq.s:11047  .debug_str:000000000000520f .LASF975
C:\Users\zero6575\AppData\Local\Temp\cc9KUamq.s:13201  .debug_str:000000000000bec4 .LASF977
C:\Users\zero6575\AppData\Local\Temp\cc9KUamq.s:10637  .debug_str:0000000000003b3d .LASF978
C:\Users\zero6575\AppData\Local\Temp\cc9KUamq.s:9919   .debug_str:0000000000001549 .LASF979
C:\Users\zero6575\AppData\Local\Temp\cc9KUamq.s:10703  .debug_str:0000000000003f18 .LASF980
C:\Users\zero6575\AppData\Local\Temp\cc9KUamq.s:10773  .debug_str:0000000000004428 .LASF981
C:\Users\zero6575\AppData\Local\Temp\cc9KUamq.s:10475  .debug_str:0000000000003323 .LASF982
C:\Users\zero6575\AppData\Local\Temp\cc9KUamq.s:13297  .debug_str:000000000000c3c6 .LASF983
C:\Users\zero6575\AppData\Local\Temp\cc9KUamq.s:9777   .debug_str:0000000000000ed8 .LASF984
C:\Users\zero6575\AppData\Local\Temp\cc9KUamq.s:10413  .debug_str:0000000000003034 .LASF985
C:\Users\zero6575\AppData\Local\Temp\cc9KUamq.s:9767   .debug_str:0000000000000e22 .LASF986
C:\Users\zero6575\AppData\Local\Temp\cc9KUamq.s:10733  .debug_str:0000000000004208 .LASF987
C:\Users\zero6575\AppData\Local\Temp\cc9KUamq.s:11063  .debug_str:00000000000052ab .LASF988
C:\Users\zero6575\AppData\Local\Temp\cc9KUamq.s:13087  .debug_str:000000000000b8f2 .LASF989
C:\Users\zero6575\AppData\Local\Temp\cc9KUamq.s:9737   .debug_str:0000000000000c30 .LASF990
C:\Users\zero6575\AppData\Local\Temp\cc9KUamq.s:12921  .debug_str:000000000000b0fc .LASF991
C:\Users\zero6575\AppData\Local\Temp\cc9KUamq.s:11043  .debug_str:00000000000051e7 .LASF992
C:\Users\zero6575\AppData\Local\Temp\cc9KUamq.s:10241  .debug_str:0000000000002813 .LASF993
C:\Users\zero6575\AppData\Local\Temp\cc9KUamq.s:12471  .debug_str:0000000000009b45 .LASF996
C:\Users\zero6575\AppData\Local\Temp\cc9KUamq.s:13621  .debug_str:000000000000d466 .LASF997
C:\Users\zero6575\AppData\Local\Temp\cc9KUamq.s:13529  .debug_str:000000000000cfdc .LASF998
C:\Users\zero6575\AppData\Local\Temp\cc9KUamq.s:10085  .debug_str:000000000000201c .LASF999
C:\Users\zero6575\AppData\Local\Temp\cc9KUamq.s:12187  .debug_str:0000000000008d2c .LASF1000
C:\Users\zero6575\AppData\Local\Temp\cc9KUamq.s:10615  .debug_str:00000000000039f3 .LASF1001
C:\Users\zero6575\AppData\Local\Temp\cc9KUamq.s:13585  .debug_str:000000000000d2b7 .LASF1002
C:\Users\zero6575\AppData\Local\Temp\cc9KUamq.s:11853  .debug_str:00000000000079e6 .LASF1003
C:\Users\zero6575\AppData\Local\Temp\cc9KUamq.s:11929  .debug_str:0000000000007e36 .LASF1004
C:\Users\zero6575\AppData\Local\Temp\cc9KUamq.s:12057  .debug_str:0000000000008534 .LASF1005
C:\Users\zero6575\AppData\Local\Temp\cc9KUamq.s:11149  .debug_str:0000000000005672 .LASF1008
C:\Users\zero6575\AppData\Local\Temp\cc9KUamq.s:12905  .debug_str:000000000000afec .LASF1009
C:\Users\zero6575\AppData\Local\Temp\cc9KUamq.s:10087  .debug_str:000000000000202e .LASF1010
C:\Users\zero6575\AppData\Local\Temp\cc9KUamq.s:11569  .debug_str:0000000000006c1f .LASF1011
C:\Users\zero6575\AppData\Local\Temp\cc9KUamq.s:12939  .debug_str:000000000000b200 .LASF1012
C:\Users\zero6575\AppData\Local\Temp\cc9KUamq.s:11483  .debug_str:000000000000676a .LASF1013
C:\Users\zero6575\AppData\Local\Temp\cc9KUamq.s:10787  .debug_str:00000000000044b9 .LASF1014
C:\Users\zero6575\AppData\Local\Temp\cc9KUamq.s:10023  .debug_str:0000000000001aa7 .LASF1015
C:\Users\zero6575\AppData\Local\Temp\cc9KUamq.s:10551  .debug_str:0000000000003623 .LASF1016
C:\Users\zero6575\AppData\Local\Temp\cc9KUamq.s:10109  .debug_str:0000000000002146 .LASF1017
C:\Users\zero6575\AppData\Local\Temp\cc9KUamq.s:10727  .debug_str:0000000000004194 .LASF1018
C:\Users\zero6575\AppData\Local\Temp\cc9KUamq.s:10747  .debug_str:00000000000042c0 .LASF1019
C:\Users\zero6575\AppData\Local\Temp\cc9KUamq.s:9665   .debug_str:000000000000095d .LASF1020
C:\Users\zero6575\AppData\Local\Temp\cc9KUamq.s:9677   .debug_str:00000000000009b4 .LASF1021
C:\Users\zero6575\AppData\Local\Temp\cc9KUamq.s:11649  .debug_str:00000000000070a8 .LASF1022
C:\Users\zero6575\AppData\Local\Temp\cc9KUamq.s:11767  .debug_str:0000000000007622 .LASF1023
C:\Users\zero6575\AppData\Local\Temp\cc9KUamq.s:13407  .debug_str:000000000000caa2 .LASF1024
C:\Users\zero6575\AppData\Local\Temp\cc9KUamq.s:12821  .debug_str:000000000000ab9d .LASF1025
C:\Users\zero6575\AppData\Local\Temp\cc9KUamq.s:12373  .debug_str:000000000000966c .LASF1026
C:\Users\zero6575\AppData\Local\Temp\cc9KUamq.s:10183  .debug_str:0000000000002511 .LASF1027
C:\Users\zero6575\AppData\Local\Temp\cc9KUamq.s:10829  .debug_str:000000000000468a .LASF1028
C:\Users\zero6575\AppData\Local\Temp\cc9KUamq.s:13353  .debug_str:000000000000c6d0 .LASF1029
C:\Users\zero6575\AppData\Local\Temp\cc9KUamq.s:9797   .debug_str:0000000000000f94 .LASF1030
C:\Users\zero6575\AppData\Local\Temp\cc9KUamq.s:11815  .debug_str:000000000000785e .LASF1031
C:\Users\zero6575\AppData\Local\Temp\cc9KUamq.s:12385  .debug_str:00000000000096fe .LASF1032
C:\Users\zero6575\AppData\Local\Temp\cc9KUamq.s:10117  .debug_str:00000000000021d6 .LASF1033
C:\Users\zero6575\AppData\Local\Temp\cc9KUamq.s:11819  .debug_str:000000000000787f .LASF1034
C:\Users\zero6575\AppData\Local\Temp\cc9KUamq.s:10901  .debug_str:0000000000004a57 .LASF1035
C:\Users\zero6575\AppData\Local\Temp\cc9KUamq.s:10187  .debug_str:0000000000002530 .LASF1036
C:\Users\zero6575\AppData\Local\Temp\cc9KUamq.s:11023  .debug_str:00000000000050bc .LASF1037
C:\Users\zero6575\AppData\Local\Temp\cc9KUamq.s:12977  .debug_str:000000000000b3d6 .LASF1038
C:\Users\zero6575\AppData\Local\Temp\cc9KUamq.s:11551  .debug_str:0000000000006b12 .LASF1039
C:\Users\zero6575\AppData\Local\Temp\cc9KUamq.s:11893  .debug_str:0000000000007c8f .LASF1040
C:\Users\zero6575\AppData\Local\Temp\cc9KUamq.s:9465   .debug_str:0000000000000056 .LASF1041
C:\Users\zero6575\AppData\Local\Temp\cc9KUamq.s:12467  .debug_str:0000000000009b2a .LASF1042
C:\Users\zero6575\AppData\Local\Temp\cc9KUamq.s:11005  .debug_str:0000000000004f92 .LASF1043
C:\Users\zero6575\AppData\Local\Temp\cc9KUamq.s:12767  .debug_str:000000000000a917 .LASF1044
C:\Users\zero6575\AppData\Local\Temp\cc9KUamq.s:11631  .debug_str:0000000000006fd1 .LASF1045
C:\Users\zero6575\AppData\Local\Temp\cc9KUamq.s:12983  .debug_str:000000000000b41c .LASF1046
C:\Users\zero6575\AppData\Local\Temp\cc9KUamq.s:13579  .debug_str:000000000000d25a .LASF1047
C:\Users\zero6575\AppData\Local\Temp\cc9KUamq.s:11479  .debug_str:0000000000006744 .LASF1048
C:\Users\zero6575\AppData\Local\Temp\cc9KUamq.s:13095  .debug_str:000000000000b970 .LASF1049
C:\Users\zero6575\AppData\Local\Temp\cc9KUamq.s:12457  .debug_str:0000000000009aab .LASF1050
C:\Users\zero6575\AppData\Local\Temp\cc9KUamq.s:10519  .debug_str:000000000000350b .LASF1051
C:\Users\zero6575\AppData\Local\Temp\cc9KUamq.s:12181  .debug_str:0000000000008cfa .LASF1053
C:\Users\zero6575\AppData\Local\Temp\cc9KUamq.s:11307  .debug_str:0000000000005e72 .LASF1054
C:\Users\zero6575\AppData\Local\Temp\cc9KUamq.s:10541  .debug_str:00000000000035b8 .LASF1055
C:\Users\zero6575\AppData\Local\Temp\cc9KUamq.s:13235  .debug_str:000000000000c090 .LASF1056
C:\Users\zero6575\AppData\Local\Temp\cc9KUamq.s:9909   .debug_str:00000000000014d7 .LASF1057
C:\Users\zero6575\AppData\Local\Temp\cc9KUamq.s:11445  .debug_str:00000000000065be .LASF1058
C:\Users\zero6575\AppData\Local\Temp\cc9KUamq.s:9891   .debug_str:000000000000140f .LASF1059
C:\Users\zero6575\AppData\Local\Temp\cc9KUamq.s:12273  .debug_str:0000000000009145 .LASF1060
C:\Users\zero6575\AppData\Local\Temp\cc9KUamq.s:11441  .debug_str:0000000000006595 .LASF1061
C:\Users\zero6575\AppData\Local\Temp\cc9KUamq.s:9499   .debug_str:00000000000001b8 .LASF1062
C:\Users\zero6575\AppData\Local\Temp\cc9KUamq.s:13009  .debug_str:000000000000b54f .LASF1063
C:\Users\zero6575\AppData\Local\Temp\cc9KUamq.s:12147  .debug_str:0000000000008b09 .LASF1064
C:\Users\zero6575\AppData\Local\Temp\cc9KUamq.s:12319  .debug_str:00000000000093b7 .LASF1065
C:\Users\zero6575\AppData\Local\Temp\cc9KUamq.s:12207  .debug_str:0000000000008e16 .LASF1067
C:\Users\zero6575\AppData\Local\Temp\cc9KUamq.s:11997  .debug_str:000000000000827d .LASF1068
C:\Users\zero6575\AppData\Local\Temp\cc9KUamq.s:11991  .debug_str:000000000000822c .LASF1069
C:\Users\zero6575\AppData\Local\Temp\cc9KUamq.s:10891  .debug_str:00000000000049ee .LASF1070
C:\Users\zero6575\AppData\Local\Temp\cc9KUamq.s:10677  .debug_str:0000000000003d2e .LASF1071
C:\Users\zero6575\AppData\Local\Temp\cc9KUamq.s:9619   .debug_str:0000000000000768 .LASF1072
C:\Users\zero6575\AppData\Local\Temp\cc9KUamq.s:12953  .debug_str:000000000000b2ab .LASF1073
C:\Users\zero6575\AppData\Local\Temp\cc9KUamq.s:11809  .debug_str:0000000000007820 .LASF1074
C:\Users\zero6575\AppData\Local\Temp\cc9KUamq.s:11741  .debug_str:0000000000007505 .LASF1075
C:\Users\zero6575\AppData\Local\Temp\cc9KUamq.s:13565  .debug_str:000000000000d1a3 .LASF1076
C:\Users\zero6575\AppData\Local\Temp\cc9KUamq.s:10123  .debug_str:000000000000221d .LASF1077
C:\Users\zero6575\AppData\Local\Temp\cc9KUamq.s:12973  .debug_str:000000000000b38d .LASF1078
C:\Users\zero6575\AppData\Local\Temp\cc9KUamq.s:11785  .debug_str:00000000000076e5 .LASF1079
C:\Users\zero6575\AppData\Local\Temp\cc9KUamq.s:13655  .debug_str:000000000000d597 .LASF1085
C:\Users\zero6575\AppData\Local\Temp\cc9KUamq.s:10565  .debug_str:000000000000372b .LASF1086
C:\Users\zero6575\AppData\Local\Temp\cc9KUamq.s:11327  .debug_str:0000000000005f88 .LASF1087
C:\Users\zero6575\AppData\Local\Temp\cc9KUamq.s:9505   .debug_str:00000000000001fe .LASF1088
C:\Users\zero6575\AppData\Local\Temp\cc9KUamq.s:13657  .debug_str:000000000000d59f .LASF1089
C:\Users\zero6575\AppData\Local\Temp\cc9KUamq.s:11963  .debug_str:0000000000008082 .LASF1090
C:\Users\zero6575\AppData\Local\Temp\cc9KUamq.s:11923  .debug_str:0000000000007df2 .LASF1091
C:\Users\zero6575\AppData\Local\Temp\cc9KUamq.s:12403  .debug_str:00000000000097da .LASF1092
C:\Users\zero6575\AppData\Local\Temp\cc9KUamq.s:13319  .debug_str:000000000000c4f1 .LASF1093
C:\Users\zero6575\AppData\Local\Temp\cc9KUamq.s:10865  .debug_str:0000000000004891 .LASF1094
C:\Users\zero6575\AppData\Local\Temp\cc9KUamq.s:13697  .debug_str:000000000000d7a4 .LASF1095
C:\Users\zero6575\AppData\Local\Temp\cc9KUamq.s:12237  .debug_str:0000000000008f85 .LASF1096
C:\Users\zero6575\AppData\Local\Temp\cc9KUamq.s:13293  .debug_str:000000000000c3a2 .LASF1097
C:\Users\zero6575\AppData\Local\Temp\cc9KUamq.s:12379  .debug_str:00000000000096ac .LASF1098
C:\Users\zero6575\AppData\Local\Temp\cc9KUamq.s:11719  .debug_str:0000000000007407 .LASF1099
C:\Users\zero6575\AppData\Local\Temp\cc9KUamq.s:11115  .debug_str:000000000000551a .LASF1100
C:\Users\zero6575\AppData\Local\Temp\cc9KUamq.s:10293  .debug_str:0000000000002a52 .LASF1101
C:\Users\zero6575\AppData\Local\Temp\cc9KUamq.s:12091  .debug_str:00000000000087b2 .LASF1102
C:\Users\zero6575\AppData\Local\Temp\cc9KUamq.s:11381  .debug_str:0000000000006240 .LASF1103
C:\Users\zero6575\AppData\Local\Temp\cc9KUamq.s:11371  .debug_str:00000000000061c2 .LASF1104
C:\Users\zero6575\AppData\Local\Temp\cc9KUamq.s:9949   .debug_str:00000000000016b6 .LASF1105
C:\Users\zero6575\AppData\Local\Temp\cc9KUamq.s:12775  .debug_str:000000000000a990 .LASF1106
C:\Users\zero6575\AppData\Local\Temp\cc9KUamq.s:13321  .debug_str:000000000000c4fd .LASF1107
C:\Users\zero6575\AppData\Local\Temp\cc9KUamq.s:9983   .debug_str:0000000000001837 .LASF1108
C:\Users\zero6575\AppData\Local\Temp\cc9KUamq.s:11663  .debug_str:000000000000713a .LASF1109
C:\Users\zero6575\AppData\Local\Temp\cc9KUamq.s:12961  .debug_str:000000000000b31b .LASF1110
C:\Users\zero6575\AppData\Local\Temp\cc9KUamq.s:12981  .debug_str:000000000000b407 .LASF1111
C:\Users\zero6575\AppData\Local\Temp\cc9KUamq.s:12733  .debug_str:000000000000a784 .LASF1112
C:\Users\zero6575\AppData\Local\Temp\cc9KUamq.s:10821  .debug_str:0000000000004650 .LASF1113
C:\Users\zero6575\AppData\Local\Temp\cc9KUamq.s:12785  .debug_str:000000000000a9ed .LASF1114
C:\Users\zero6575\AppData\Local\Temp\cc9KUamq.s:11229  .debug_str:0000000000005a2b .LASF1115
C:\Users\zero6575\AppData\Local\Temp\cc9KUamq.s:10235  .debug_str:00000000000027b8 .LASF1116
C:\Users\zero6575\AppData\Local\Temp\cc9KUamq.s:13295  .debug_str:000000000000c3b1 .LASF1117
C:\Users\zero6575\AppData\Local\Temp\cc9KUamq.s:10729  .debug_str:00000000000041d9 .LASF1118
C:\Users\zero6575\AppData\Local\Temp\cc9KUamq.s:13269  .debug_str:000000000000c26a .LASF1119
C:\Users\zero6575\AppData\Local\Temp\cc9KUamq.s:12351  .debug_str:000000000000954e .LASF1120
C:\Users\zero6575\AppData\Local\Temp\cc9KUamq.s:12143  .debug_str:0000000000008ad4 .LASF1121
C:\Users\zero6575\AppData\Local\Temp\cc9KUamq.s:9623   .debug_str:0000000000000782 .LASF1122
C:\Users\zero6575\AppData\Local\Temp\cc9KUamq.s:11597  .debug_str:0000000000006db9 .LASF1123
C:\Users\zero6575\AppData\Local\Temp\cc9KUamq.s:13405  .debug_str:000000000000ca7f .LASF1124
C:\Users\zero6575\AppData\Local\Temp\cc9KUamq.s:11077  .debug_str:0000000000005356 .LASF1125
C:\Users\zero6575\AppData\Local\Temp\cc9KUamq.s:11639  .debug_str:000000000000701e .LASF1126
C:\Users\zero6575\AppData\Local\Temp\cc9KUamq.s:9741   .debug_str:0000000000000c73 .LASF1127
C:\Users\zero6575\AppData\Local\Temp\cc9KUamq.s:12625  .debug_str:000000000000a2d8 .LASF1128
C:\Users\zero6575\AppData\Local\Temp\cc9KUamq.s:12053  .debug_str:00000000000084e2 .LASF1129
C:\Users\zero6575\AppData\Local\Temp\cc9KUamq.s:11477  .debug_str:0000000000006718 .LASF1130
C:\Users\zero6575\AppData\Local\Temp\cc9KUamq.s:13339  .debug_str:000000000000c5f6 .LASF1131
C:\Users\zero6575\AppData\Local\Temp\cc9KUamq.s:12447  .debug_str:0000000000009a3f .LASF1132
C:\Users\zero6575\AppData\Local\Temp\cc9KUamq.s:13429  .debug_str:000000000000cb97 .LASF1134
C:\Users\zero6575\AppData\Local\Temp\cc9KUamq.s:12255  .debug_str:0000000000009050 .LASF1135
C:\Users\zero6575\AppData\Local\Temp\cc9KUamq.s:13465  .debug_str:000000000000cd0c .LASF1136
C:\Users\zero6575\AppData\Local\Temp\cc9KUamq.s:13331  .debug_str:000000000000c5a1 .LASF1137
C:\Users\zero6575\AppData\Local\Temp\cc9KUamq.s:9783   .debug_str:0000000000000f01 .LASF1138
C:\Users\zero6575\AppData\Local\Temp\cc9KUamq.s:12647  .debug_str:000000000000a3ea .LASF1139
C:\Users\zero6575\AppData\Local\Temp\cc9KUamq.s:10285  .debug_str:00000000000029d9 .LASF1140
C:\Users\zero6575\AppData\Local\Temp\cc9KUamq.s:12135  .debug_str:0000000000008a1f .LASF1141
C:\Users\zero6575\AppData\Local\Temp\cc9KUamq.s:10069  .debug_str:0000000000001f71 .LASF1142
C:\Users\zero6575\AppData\Local\Temp\cc9KUamq.s:11721  .debug_str:0000000000007416 .LASF1148
C:\Users\zero6575\AppData\Local\Temp\cc9KUamq.s:10361  .debug_str:0000000000002d9f .LASF1149
C:\Users\zero6575\AppData\Local\Temp\cc9KUamq.s:9669   .debug_str:0000000000000978 .LASF1151
C:\Users\zero6575\AppData\Local\Temp\cc9KUamq.s:12353  .debug_str:0000000000009570 .LASF1152
C:\Users\zero6575\AppData\Local\Temp\cc9KUamq.s:12001  .debug_str:00000000000082ad .LASF1153
C:\Users\zero6575\AppData\Local\Temp\cc9KUamq.s:11349  .debug_str:00000000000060cd .LASF1154
C:\Users\zero6575\AppData\Local\Temp\cc9KUamq.s:13693  .debug_str:000000000000d784 .LASF1155
C:\Users\zero6575\AppData\Local\Temp\cc9KUamq.s:13369  .debug_str:000000000000c7a1 .LASF1156
C:\Users\zero6575\AppData\Local\Temp\cc9KUamq.s:13543  .debug_str:000000000000d052 .LASF1157
C:\Users\zero6575\AppData\Local\Temp\cc9KUamq.s:11705  .debug_str:000000000000737e .LASF1158
C:\Users\zero6575\AppData\Local\Temp\cc9KUamq.s:11249  .debug_str:0000000000005b2f .LASF1159
C:\Users\zero6575\AppData\Local\Temp\cc9KUamq.s:10373  .debug_str:0000000000002e1a .LASF1160
C:\Users\zero6575\AppData\Local\Temp\cc9KUamq.s:11417  .debug_str:0000000000006478 .LASF1161
C:\Users\zero6575\AppData\Local\Temp\cc9KUamq.s:13547  .debug_str:000000000000d0bb .LASF1162
C:\Users\zero6575\AppData\Local\Temp\cc9KUamq.s:12743  .debug_str:000000000000a7fa .LASF1163
C:\Users\zero6575\AppData\Local\Temp\cc9KUamq.s:11669  .debug_str:0000000000007186 .LASF1164
C:\Users\zero6575\AppData\Local\Temp\cc9KUamq.s:13011  .debug_str:000000000000b589 .LASF1165
C:\Users\zero6575\AppData\Local\Temp\cc9KUamq.s:11405  .debug_str:000000000000640c .LASF1166
C:\Users\zero6575\AppData\Local\Temp\cc9KUamq.s:12009  .debug_str:00000000000082ee .LASF1167
C:\Users\zero6575\AppData\Local\Temp\cc9KUamq.s:12339  .debug_str:000000000000949c .LASF1168
C:\Users\zero6575\AppData\Local\Temp\cc9KUamq.s:13101  .debug_str:000000000000b9ad .LASF1169
C:\Users\zero6575\AppData\Local\Temp\cc9KUamq.s:11839  .debug_str:0000000000007963 .LASF1170
C:\Users\zero6575\AppData\Local\Temp\cc9KUamq.s:13559  .debug_str:000000000000d164 .LASF1171
C:\Users\zero6575\AppData\Local\Temp\cc9KUamq.s:9793   .debug_str:0000000000000f6f .LASF1172
C:\Users\zero6575\AppData\Local\Temp\cc9KUamq.s:13425  .debug_str:000000000000cb6f .LASF1173
C:\Users\zero6575\AppData\Local\Temp\cc9KUamq.s:11687  .debug_str:00000000000072e0 .LASF1174
C:\Users\zero6575\AppData\Local\Temp\cc9KUamq.s:11637  .debug_str:0000000000007015 .LASF1175
C:\Users\zero6575\AppData\Local\Temp\cc9KUamq.s:13361  .debug_str:000000000000c716 .LASF1176
C:\Users\zero6575\AppData\Local\Temp\cc9KUamq.s:11763  .debug_str:0000000000007605 .LASF1177
C:\Users\zero6575\AppData\Local\Temp\cc9KUamq.s:9861   .debug_str:000000000000127a .LASF1178
C:\Users\zero6575\AppData\Local\Temp\cc9KUamq.s:10659  .debug_str:0000000000003c7d .LASF1179
C:\Users\zero6575\AppData\Local\Temp\cc9KUamq.s:12521  .debug_str:0000000000009e84 .LASF1180
C:\Users\zero6575\AppData\Local\Temp\cc9KUamq.s:13545  .debug_str:000000000000d0a9 .LASF1181
C:\Users\zero6575\AppData\Local\Temp\cc9KUamq.s:10129  .debug_str:0000000000002267 .LASF1182
C:\Users\zero6575\AppData\Local\Temp\cc9KUamq.s:10283  .debug_str:00000000000029c9 .LASF1183
C:\Users\zero6575\AppData\Local\Temp\cc9KUamq.s:9805   .debug_str:0000000000000fe5 .LASF1184
C:\Users\zero6575\AppData\Local\Temp\cc9KUamq.s:13523  .debug_str:000000000000cf9e .LASF1185
C:\Users\zero6575\AppData\Local\Temp\cc9KUamq.s:11529  .debug_str:0000000000006a1a .LASF1186
C:\Users\zero6575\AppData\Local\Temp\cc9KUamq.s:9857   .debug_str:0000000000001246 .LASF1187
C:\Users\zero6575\AppData\Local\Temp\cc9KUamq.s:12035  .debug_str:0000000000008431 .LASF1188
C:\Users\zero6575\AppData\Local\Temp\cc9KUamq.s:10073  .debug_str:0000000000001f92 .LASF1189
C:\Users\zero6575\AppData\Local\Temp\cc9KUamq.s:10193  .debug_str:0000000000002559 .LASF1190
C:\Users\zero6575\AppData\Local\Temp\cc9KUamq.s:11267  .debug_str:0000000000005cab .LASF1191
C:\Users\zero6575\AppData\Local\Temp\cc9KUamq.s:11487  .debug_str:00000000000067b1 .LASF1192
C:\Users\zero6575\AppData\Local\Temp\cc9KUamq.s:11355  .debug_str:000000000000610c .LASF1193
C:\Users\zero6575\AppData\Local\Temp\cc9KUamq.s:9673   .debug_str:0000000000000992 .LASF1194
C:\Users\zero6575\AppData\Local\Temp\cc9KUamq.s:12875  .debug_str:000000000000ae40 .LASF1195
C:\Users\zero6575\AppData\Local\Temp\cc9KUamq.s:11587  .debug_str:0000000000006ce2 .LASF1196
C:\Users\zero6575\AppData\Local\Temp\cc9KUamq.s:11427  .debug_str:00000000000064cb .LASF1197
C:\Users\zero6575\AppData\Local\Temp\cc9KUamq.s:10323  .debug_str:0000000000002bab .LASF1198
C:\Users\zero6575\AppData\Local\Temp\cc9KUamq.s:11367  .debug_str:000000000000618a .LASF1199
C:\Users\zero6575\AppData\Local\Temp\cc9KUamq.s:9529   .debug_str:00000000000002ff .LASF1200
C:\Users\zero6575\AppData\Local\Temp\cc9KUamq.s:10165  .debug_str:00000000000023df .LASF1201
C:\Users\zero6575\AppData\Local\Temp\cc9KUamq.s:12883  .debug_str:000000000000aec3 .LASF1202
C:\Users\zero6575\AppData\Local\Temp\cc9KUamq.s:12141  .debug_str:0000000000008aad .LASF1203
C:\Users\zero6575\AppData\Local\Temp\cc9KUamq.s:12055  .debug_str:0000000000008509 .LASF1204
C:\Users\zero6575\AppData\Local\Temp\cc9KUamq.s:11519  .debug_str:000000000000693e .LASF1205
C:\Users\zero6575\AppData\Local\Temp\cc9KUamq.s:10071  .debug_str:0000000000001f85 .LASF1206
C:\Users\zero6575\AppData\Local\Temp\cc9KUamq.s:13163  .debug_str:000000000000bced .LASF1209
C:\Users\zero6575\AppData\Local\Temp\cc9KUamq.s:12071  .debug_str:0000000000008682 .LASF1210
C:\Users\zero6575\AppData\Local\Temp\cc9KUamq.s:10417  .debug_str:0000000000003055 .LASF1215
C:\Users\zero6575\AppData\Local\Temp\cc9KUamq.s:13169  .debug_str:000000000000bd59 .LASF1216
C:\Users\zero6575\AppData\Local\Temp\cc9KUamq.s:11169  .debug_str:000000000000578b .LASF1217
C:\Users\zero6575\AppData\Local\Temp\cc9KUamq.s:10291  .debug_str:0000000000002a3f .LASF1218
C:\Users\zero6575\AppData\Local\Temp\cc9KUamq.s:10595  .debug_str:00000000000038be .LASF1219
                           .group:0000000000000000 wm4.0.29db371e8b94e604acd9f4c2cef2c360
                           .group:0000000000000000 wm4.stddef.h.39.a38874c8f8a57e66301090908ec2a69f
                           .group:0000000000000000 wm4._newlib_version.h.4.9ba035841e762c3308916a0ce96032e7
                           .group:0000000000000000 wm4.features.h.33.318b64d71e0957639cfb30f1db1f7ec8
                           .group:0000000000000000 wm4._default_types.h.15.61e9869194cab90bdfa4c7fc42203a0e
                           .group:0000000000000000 wm4._intsup.h.10.b28b45fc63caeb010c3f7ee592257700
                           .group:0000000000000000 wm4._stdint.h.10.c24fa3af3bc1706662bb5593a907e841
                           .group:0000000000000000 wm4.stdint.h.23.d53047a68f4a85177f80b422d52785ed
                           .group:0000000000000000 wm4.errno.h.2.ba016d646105af6cad23be83630b6a3f
                           .group:0000000000000000 wm4.newlib.h.8.19af3a34a60c4846725bb1239b4fa5a2
                           .group:0000000000000000 wm4.ieeefp.h.195.a810689bf65b84f4ad2c33b483468c94
                           .group:0000000000000000 wm4.config.h.83.0359905d884ebfe41c79e1d7c780ef62
                           .group:0000000000000000 wm4._ansi.h.31.de524f58584151836e90d8620a16f8e8
                           .group:0000000000000000 wm4._types.h.20.dd0d04dca3800a0d2a6129b87f3adbb2
                           .group:0000000000000000 wm4.stddef.h.161.5349cb105733e8777bfb0cf53c4e3f34
                           .group:0000000000000000 wm4._types.h.127.c5cfac939eadb83d223592dbacad7524
                           .group:0000000000000000 wm4.reent.h.17.487f8c1f76499d088b190f62530a0034
                           .group:0000000000000000 wm4.lock.h.2.c0958401bd0ce484d507ee19aacab817
                           .group:0000000000000000 wm4.reent.h.77.1187f1075ff88452c642b29ed9a9030d
                           .group:0000000000000000 wm4.errno.h.14.6a5939d3ae7434a1e97991a97123b12d
                           .group:0000000000000000 wm4.cdefs.h.49.6260d97adb8d27534cbdc0f868b8ea87
                           .group:0000000000000000 wm4.string.h.15.dab3980bf35408a4c507182805e2de3a
                           .group:0000000000000000 wm4.stddef.h.161.19e15733342b50ead2919490b095303e
                           .group:0000000000000000 wm4.config.h.26.7d29d642a1ea34b87c56286f7235559f
                           .group:0000000000000000 wm4.bacdef.h.39.fcafd78d88dce17b2448edf8931b63fd
                           .group:0000000000000000 wm4.stdbool.h.29.07dce69c3b78884144b7f7bd19483461
                           .group:0000000000000000 wm4.npdu.h.25.6a3a449fc578b15b3d0db2c6a4da7956
                           .group:0000000000000000 wm4.bip.h.35.ed002c5cfc52434a2e46d3f82d276677
                           .group:0000000000000000 wm4.time.h.8.db4619001f026d0b4874c029fef0e91f
                           .group:0000000000000000 wm4.time.h.2.2a9bb4e458da4ea34ffea78824e2e6f7
                           .group:0000000000000000 wm4.time.h.25.0e6a0fdbc9955f5707ed54246ed2e089
                           .group:0000000000000000 wm4.types.h.40.8b6acba56cefbb11746718204edc8f5e
                           .group:0000000000000000 wm4._endian.h.18.1bf9649e8e5bbc91042012680270b9ed
                           .group:0000000000000000 wm4.endian.h.9.49f3a4695c1b61e8a0808de3c4a106cb
                           .group:0000000000000000 wm4._timeval.h.30.0e8bfd94e85db17dda3286ee81496fe6
                           .group:0000000000000000 wm4.timespec.h.41.d855182eb0e690443ab8651bcedca6e1
                           .group:0000000000000000 wm4.select.h.19.97ca6fd0c752a0f3b6719fd314d361e6
                           .group:0000000000000000 wm4.types.h.51.5571ec98f267d17d3c670b7a3ba33afa
                           .group:0000000000000000 wm4.sched.h.22.c60982713a5c428609783c78f9c78d95
                           .group:0000000000000000 wm4._pthreadtypes.h.36.fcee9961c35163dde6267ef772ad1972
                           .group:0000000000000000 wm4.time.h.162.85256a1e684b58f061361067da714e0e
                           .group:0000000000000000 wm4.datalink.h.64.0e2e4918a8aa83441d278a8eca7199e7
                           .group:0000000000000000 wm4.bits.h.25.f9e0c31c04958f93c399d58693ab7d13
                           .group:0000000000000000 wm4.bacdcode.h.417.fde53433a4e8c8179dfc8de0f5c0b6ae
                           .group:0000000000000000 wm4.readrange.h.25.7abf91243fb39ecb991c7216a42716c0
                           .group:0000000000000000 wm4.stdio.h.27.3fc80220048df77954e38daec3bb9670
                           .group:0000000000000000 wm4.stdarg.h.34.3a23a216c0c293b3d2ea2e89281481e6
                           .group:0000000000000000 wm4.stdio.h.47.1f5845210bb9053bbca9ed76fc4018da
                           .group:0000000000000000 wm4.stdio.h.2.4aa87247282eca6c8f36f9de33d8df1a
                           .group:0000000000000000 wm4.stdio.h.81.60a2ded7dae310b81f9d6907fe5e3dbf
                           .group:0000000000000000 wm4.bacapp.h.236.6ce9e612c7ada80feb9f3b2b0c328626
                           .group:0000000000000000 wm4.device.h.170.a251ce7da15aed1e46d1ea618b9629ed

UNDEFINED SYMBOLS
dcc_communication_enabled
tsm_next_free_invokeID
bip_get_my_address
npdu_encode_npdu_data
Handler_Transmit_Buffer
npdu_encode_pdu
rp_encode_apdu
tsm_set_confirmed_unsegmented_transaction
bip_send_pdu
tsm_free_invoke_id
address_get_by_device
