   1              		.file	"h_routed_npdu.c"
   2              		.option nopic
   3              		.attribute arch, "rv64i2p0_m2p0_a2p0_c2p0"
   4              		.attribute unaligned_access, 0
   5              		.attribute stack_align, 16
   6              		.text
   7              	.Ltext0:
   8              		.cfi_sections	.debug_frame
   9              		.section	.rodata
  10              		.align	3
  11              	.LC0:
  12 0000 25732066 		.string	"%s for Networks: "
  12      6F72204E 
  12      6574776F 
  12      726B733A 
  12      2000
  13 0012 00000000 		.align	3
  13      0000
  14              	.LC1:
  15 0018 25687500 		.string	"%hu"
  16 001c 00000000 		.align	3
  17              	.LC2:
  18 0020 2C2000   		.string	", "
  19 0023 00000000 		.align	3
  19      00
  20              	.LC3:
  21 0028 0A00     		.string	"\n"
  22 002a 00000000 		.align	3
  22      0000
  23              	.LC4:
  24 0030 52656365 		.string	"Received %s for Network: "
  24      69766564 
  24      20257320 
  24      666F7220 
  24      4E657477 
  25 004a 00000000 		.align	3
  25      0000
  26              	.LC5:
  27 0050 2568752C 		.string	"%hu,  Reason code: %d \n"
  27      20205265 
  27      61736F6E 
  27      20636F64 
  27      653A2025 
  28              		.section	.text.network_control_handler,"ax",@progbits
  29              		.align	1
  31              	network_control_handler:
  32              	.LFB4:
  33              		.file 1 "../src/middleware/bacnet/demo/handler/h_routed_npdu.c"
   1:../src/middleware/bacnet/demo/handler/h_routed_npdu.c **** /**************************************************************************
   2:../src/middleware/bacnet/demo/handler/h_routed_npdu.c **** *
   3:../src/middleware/bacnet/demo/handler/h_routed_npdu.c **** * Copyright (C) 2010 Steve Karg <skarg@users.sourceforge.net>
   4:../src/middleware/bacnet/demo/handler/h_routed_npdu.c **** *
   5:../src/middleware/bacnet/demo/handler/h_routed_npdu.c **** * Permission is hereby granted, free of charge, to any person obtaining
   6:../src/middleware/bacnet/demo/handler/h_routed_npdu.c **** * a copy of this software and associated documentation files (the
   7:../src/middleware/bacnet/demo/handler/h_routed_npdu.c **** * "Software"), to deal in the Software without restriction, including
   8:../src/middleware/bacnet/demo/handler/h_routed_npdu.c **** * without limitation the rights to use, copy, modify, merge, publish,
   9:../src/middleware/bacnet/demo/handler/h_routed_npdu.c **** * distribute, sublicense, and/or sell copies of the Software, and to
  10:../src/middleware/bacnet/demo/handler/h_routed_npdu.c **** * permit persons to whom the Software is furnished to do so, subject to
  11:../src/middleware/bacnet/demo/handler/h_routed_npdu.c **** * the following conditions:
  12:../src/middleware/bacnet/demo/handler/h_routed_npdu.c **** *
  13:../src/middleware/bacnet/demo/handler/h_routed_npdu.c **** * The above copyright notice and this permission notice shall be included
  14:../src/middleware/bacnet/demo/handler/h_routed_npdu.c **** * in all copies or substantial portions of the Software.
  15:../src/middleware/bacnet/demo/handler/h_routed_npdu.c **** *
  16:../src/middleware/bacnet/demo/handler/h_routed_npdu.c **** * THE SOFTWARE IS PROVIDED "AS IS", WITHOUT WARRANTY OF ANY KIND,
  17:../src/middleware/bacnet/demo/handler/h_routed_npdu.c **** * EXPRESS OR IMPLIED, INCLUDING BUT NOT LIMITED TO THE WARRANTIES OF
  18:../src/middleware/bacnet/demo/handler/h_routed_npdu.c **** * MERCHANTABILITY, FITNESS FOR A PARTICULAR PURPOSE AND NONINFRINGEMENT.
  19:../src/middleware/bacnet/demo/handler/h_routed_npdu.c **** * IN NO EVENT SHALL THE AUTHORS OR COPYRIGHT HOLDERS BE LIABLE FOR ANY
  20:../src/middleware/bacnet/demo/handler/h_routed_npdu.c **** * CLAIM, DAMAGES OR OTHER LIABILITY, WHETHER IN AN ACTION OF CONTRACT,
  21:../src/middleware/bacnet/demo/handler/h_routed_npdu.c **** * TORT OR OTHERWISE, ARISING FROM, OUT OF OR IN CONNECTION WITH THE
  22:../src/middleware/bacnet/demo/handler/h_routed_npdu.c **** * SOFTWARE OR THE USE OR OTHER DEALINGS IN THE SOFTWARE.
  23:../src/middleware/bacnet/demo/handler/h_routed_npdu.c **** *
  24:../src/middleware/bacnet/demo/handler/h_routed_npdu.c **** *********************************************************************/
  25:../src/middleware/bacnet/demo/handler/h_routed_npdu.c **** /* Acknowledging the contribution of code and ideas used here that
  26:../src/middleware/bacnet/demo/handler/h_routed_npdu.c ****  * came from Paul Chapman's vmac demo project. */
  27:../src/middleware/bacnet/demo/handler/h_routed_npdu.c **** 
  28:../src/middleware/bacnet/demo/handler/h_routed_npdu.c **** #include <stdbool.h>
  29:../src/middleware/bacnet/demo/handler/h_routed_npdu.c **** #include <stdint.h>
  30:../src/middleware/bacnet/demo/handler/h_routed_npdu.c **** #include "bacdef.h"
  31:../src/middleware/bacnet/demo/handler/h_routed_npdu.c **** #include "bacdcode.h"
  32:../src/middleware/bacnet/demo/handler/h_routed_npdu.c **** #include "bacint.h"
  33:../src/middleware/bacnet/demo/handler/h_routed_npdu.c **** #include "bacenum.h"
  34:../src/middleware/bacnet/demo/handler/h_routed_npdu.c **** #include "bits.h"
  35:../src/middleware/bacnet/demo/handler/h_routed_npdu.c **** #include "npdu.h"
  36:../src/middleware/bacnet/demo/handler/h_routed_npdu.c **** #include "apdu.h"
  37:../src/middleware/bacnet/demo/handler/h_routed_npdu.c **** #include "handlers.h"
  38:../src/middleware/bacnet/demo/handler/h_routed_npdu.c **** #include "device.h"
  39:../src/middleware/bacnet/demo/handler/h_routed_npdu.c **** #include "client.h"
  40:../src/middleware/bacnet/demo/handler/h_routed_npdu.c **** #include "bactext.h"
  41:../src/middleware/bacnet/demo/handler/h_routed_npdu.c **** #include "debug.h"
  42:../src/middleware/bacnet/demo/handler/h_routed_npdu.c **** 
  43:../src/middleware/bacnet/demo/handler/h_routed_npdu.c **** #if PRINT_ENABLED
  44:../src/middleware/bacnet/demo/handler/h_routed_npdu.c **** #include <stdio.h>
  45:../src/middleware/bacnet/demo/handler/h_routed_npdu.c **** #endif
  46:../src/middleware/bacnet/demo/handler/h_routed_npdu.c **** #if defined(BACDL_BIP)
  47:../src/middleware/bacnet/demo/handler/h_routed_npdu.c **** #include "bvlc.h"
  48:../src/middleware/bacnet/demo/handler/h_routed_npdu.c **** #endif
  49:../src/middleware/bacnet/demo/handler/h_routed_npdu.c **** 
  50:../src/middleware/bacnet/demo/handler/h_routed_npdu.c **** 
  51:../src/middleware/bacnet/demo/handler/h_routed_npdu.c **** /** @file h_routed_npdu.c  Handles messages at the NPDU level of the BACnet stack,
  52:../src/middleware/bacnet/demo/handler/h_routed_npdu.c ****  * including routing and network control messages. */
  53:../src/middleware/bacnet/demo/handler/h_routed_npdu.c **** 
  54:../src/middleware/bacnet/demo/handler/h_routed_npdu.c **** 
  55:../src/middleware/bacnet/demo/handler/h_routed_npdu.c **** /** Handler to manage the Network Layer Control Messages received in a packet.
  56:../src/middleware/bacnet/demo/handler/h_routed_npdu.c ****  *  This handler is called if the NCPI bit 7 indicates that this packet is a
  57:../src/middleware/bacnet/demo/handler/h_routed_npdu.c ****  *  network layer message and there is no further DNET to pass it to.
  58:../src/middleware/bacnet/demo/handler/h_routed_npdu.c ****  *  The NCPI has already been decoded into the npdu_data structure.
  59:../src/middleware/bacnet/demo/handler/h_routed_npdu.c ****  * @ingroup MISCHNDLR
  60:../src/middleware/bacnet/demo/handler/h_routed_npdu.c ****  *
  61:../src/middleware/bacnet/demo/handler/h_routed_npdu.c ****  * @param src  [in] The routing source information, if any.
  62:../src/middleware/bacnet/demo/handler/h_routed_npdu.c ****  *                   If src->net and src->len are 0, there is no
  63:../src/middleware/bacnet/demo/handler/h_routed_npdu.c ****  *                   routing source information.
  64:../src/middleware/bacnet/demo/handler/h_routed_npdu.c ****  * @param DNET_list [in] List of our reachable downstream BACnet Network numbers.
  65:../src/middleware/bacnet/demo/handler/h_routed_npdu.c ****  * 					 Normally just one valid entry; terminated with a -1 value.
  66:../src/middleware/bacnet/demo/handler/h_routed_npdu.c ****  * @param npdu_data [in] Contains a filled-out structure with information
  67:../src/middleware/bacnet/demo/handler/h_routed_npdu.c ****  * 					 decoded from the NCPI and other NPDU bytes.
  68:../src/middleware/bacnet/demo/handler/h_routed_npdu.c ****  *  @param npdu [in]  Buffer containing the rest of the NPDU, following the
  69:../src/middleware/bacnet/demo/handler/h_routed_npdu.c ****  *  				 bytes that have already been decoded.
  70:../src/middleware/bacnet/demo/handler/h_routed_npdu.c ****  *  @param npdu_len [in] The length of the remaining NPDU message in npdu[].
  71:../src/middleware/bacnet/demo/handler/h_routed_npdu.c ****  */
  72:../src/middleware/bacnet/demo/handler/h_routed_npdu.c **** static void network_control_handler(
  73:../src/middleware/bacnet/demo/handler/h_routed_npdu.c ****     BACNET_ADDRESS * src,
  74:../src/middleware/bacnet/demo/handler/h_routed_npdu.c ****     int *DNET_list,
  75:../src/middleware/bacnet/demo/handler/h_routed_npdu.c ****     BACNET_NPDU_DATA * npdu_data,
  76:../src/middleware/bacnet/demo/handler/h_routed_npdu.c ****     uint8_t * npdu,
  77:../src/middleware/bacnet/demo/handler/h_routed_npdu.c ****     uint16_t npdu_len)
  78:../src/middleware/bacnet/demo/handler/h_routed_npdu.c **** {
  34              		.loc 1 78 1
  35              		.cfi_startproc
  36 0000 5D71     		addi	sp,sp,-80
  37              		.cfi_def_cfa_offset 80
  38 0002 86E4     		sd	ra,72(sp)
  39 0004 A2E0     		sd	s0,64(sp)
  40              		.cfi_offset 1, -8
  41              		.cfi_offset 8, -16
  42 0006 8008     		addi	s0,sp,80
  43              		.cfi_def_cfa 8, 0
  44 0008 233CA4FC 		sd	a0,-40(s0)
  45 000c 2338B4FC 		sd	a1,-48(s0)
  46 0010 2334C4FC 		sd	a2,-56(s0)
  47 0014 2330D4FC 		sd	a3,-64(s0)
  48 0018 BA87     		mv	a5,a4
  49 001a 231FF4FA 		sh	a5,-66(s0)
  79:../src/middleware/bacnet/demo/handler/h_routed_npdu.c ****     uint16_t npdu_offset = 0;
  50              		.loc 1 79 14
  51 001e 231704FE 		sh	zero,-18(s0)
  80:../src/middleware/bacnet/demo/handler/h_routed_npdu.c ****     uint16_t dnet = 0;
  52              		.loc 1 80 14
  53 0022 231504FE 		sh	zero,-22(s0)
  81:../src/middleware/bacnet/demo/handler/h_routed_npdu.c ****     uint16_t len = 0;
  54              		.loc 1 81 14
  55 0026 231604FE 		sh	zero,-20(s0)
  82:../src/middleware/bacnet/demo/handler/h_routed_npdu.c **** 
  83:../src/middleware/bacnet/demo/handler/h_routed_npdu.c ****     switch (npdu_data->network_message_type) {
  56              		.loc 1 83 22
  57 002a 833784FC 		ld	a5,-56(s0)
  58 002e 9C47     		lw	a5,8(a5)
  59              		.loc 1 83 5
  60 0030 BE86     		mv	a3,a5
  61 0032 2547     		li	a4,9
  62 0034 6362D71E 		bgtu	a3,a4,.L2
  63 0038 13972700 		slli	a4,a5,2
  64 003c 97070000 		lla	a5,.L4
  64      93870700 
  65 0044 BA97     		add	a5,a4,a5
  66 0046 9C43     		lw	a5,0(a5)
  67 0048 1B870700 		sext.w	a4,a5
  68 004c 97070000 		lla	a5,.L4
  68      93870700 
  69 0054 BA97     		add	a5,a4,a5
  70 0056 8287     		jr	a5
  71              		.section	.rodata.network_control_handler,"a",@progbits
  72              		.align	2
  73              		.align	2
  74              	.L4:
  75 0000 00000000 		.word	.L11-.L4
  76 0004 00000000 		.word	.L10-.L4
  77 0008 00000000 		.word	.L21-.L4
  78 000c 00000000 		.word	.L8-.L4
  79 0010 00000000 		.word	.L21-.L4
  80 0014 00000000 		.word	.L21-.L4
  81 0018 00000000 		.word	.L6-.L4
  82 001c 00000000 		.word	.L21-.L4
  83 0020 00000000 		.word	.L21-.L4
  84 0024 00000000 		.word	.L21-.L4
  85              		.section	.text.network_control_handler
  86              	.L11:
  84:../src/middleware/bacnet/demo/handler/h_routed_npdu.c ****         case NETWORK_MESSAGE_WHO_IS_ROUTER_TO_NETWORK:
  85:../src/middleware/bacnet/demo/handler/h_routed_npdu.c ****             /* Send I-am-router-to-network with our one-network list if
  86:../src/middleware/bacnet/demo/handler/h_routed_npdu.c ****              * our specific network is requested, or no specific
  87:../src/middleware/bacnet/demo/handler/h_routed_npdu.c ****              * network is requested. Silently drop other DNET requests.
  88:../src/middleware/bacnet/demo/handler/h_routed_npdu.c ****              */
  89:../src/middleware/bacnet/demo/handler/h_routed_npdu.c ****             if (npdu_len >= 2) {
  87              		.loc 1 89 16
  88 0058 8357E4FB 		lhu	a5,-66(s0)
  89 005c 1B870700 		sext.w	a4,a5
  90 0060 8547     		li	a5,1
  91 0062 63F7E704 		bleu	a4,a5,.L12
  92              	.LBB2:
  90:../src/middleware/bacnet/demo/handler/h_routed_npdu.c ****                 uint16_t network;
  91:../src/middleware/bacnet/demo/handler/h_routed_npdu.c ****                 len += decode_unsigned16(&npdu[len], &network);
  93              		.loc 1 91 24
  94 0066 8357C4FE 		lhu	a5,-20(s0)
  95 006a 033704FC 		ld	a4,-64(s0)
  96 006e BA97     		add	a5,a4,a5
  97 0070 130784FE 		addi	a4,s0,-24
  98 0074 BA85     		mv	a1,a4
  99 0076 3E85     		mv	a0,a5
 100 0078 97000000 		call	decode_unsigned16
 100      E7800000 
 101 0080 AA87     		mv	a5,a0
 102              		.loc 1 91 21
 103 0082 C217     		slli	a5,a5,48
 104 0084 C193     		srli	a5,a5,48
 105 0086 0357C4FE 		lhu	a4,-20(s0)
 106 008a B99F     		addw	a5,a4,a5
 107 008c 2316F4FE 		sh	a5,-20(s0)
  92:../src/middleware/bacnet/demo/handler/h_routed_npdu.c ****                 if (network == DNET_list[0]) {
 108              		.loc 1 92 29
 109 0090 835784FE 		lhu	a5,-24(s0)
 110 0094 1B870700 		sext.w	a4,a5
 111              		.loc 1 92 41
 112 0098 833704FD 		ld	a5,-48(s0)
 113 009c 9C43     		lw	a5,0(a5)
 114              		.loc 1 92 20
 115 009e 631BF718 		bne	a4,a5,.L22
  93:../src/middleware/bacnet/demo/handler/h_routed_npdu.c ****                     Send_I_Am_Router_To_Network(DNET_list);
 116              		.loc 1 93 21
 117 00a2 033504FD 		ld	a0,-48(s0)
 118 00a6 97000000 		call	Send_I_Am_Router_To_Network
 118      E7800000 
 119              	.LBE2:
  94:../src/middleware/bacnet/demo/handler/h_routed_npdu.c ****                 }
  95:../src/middleware/bacnet/demo/handler/h_routed_npdu.c ****             } else {
  96:../src/middleware/bacnet/demo/handler/h_routed_npdu.c ****                 Send_I_Am_Router_To_Network(DNET_list);
  97:../src/middleware/bacnet/demo/handler/h_routed_npdu.c ****             }
  98:../src/middleware/bacnet/demo/handler/h_routed_npdu.c ****             break;
 120              		.loc 1 98 13
 121 00ae 59A2     		j	.L22
 122              	.L12:
  96:../src/middleware/bacnet/demo/handler/h_routed_npdu.c ****             }
 123              		.loc 1 96 17
 124 00b0 033504FD 		ld	a0,-48(s0)
 125 00b4 97000000 		call	Send_I_Am_Router_To_Network
 125      E7800000 
 126              		.loc 1 98 13
 127 00bc A5AA     		j	.L22
 128              	.L10:
  99:../src/middleware/bacnet/demo/handler/h_routed_npdu.c ****         case NETWORK_MESSAGE_I_AM_ROUTER_TO_NETWORK:
 100:../src/middleware/bacnet/demo/handler/h_routed_npdu.c ****             /* Per the standard, we are supposed to process this message and
 101:../src/middleware/bacnet/demo/handler/h_routed_npdu.c ****              * add its DNETs to our routing table.
 102:../src/middleware/bacnet/demo/handler/h_routed_npdu.c ****              * However, since we only have one upstream port that these
 103:../src/middleware/bacnet/demo/handler/h_routed_npdu.c ****              * messages can come from and replies go to, it doesn't seem
 104:../src/middleware/bacnet/demo/handler/h_routed_npdu.c ****              * to provide us any value to do this; when we need to send to
 105:../src/middleware/bacnet/demo/handler/h_routed_npdu.c ****              * some remote device, we will start by pushing it out the
 106:../src/middleware/bacnet/demo/handler/h_routed_npdu.c ****              * upstream port and let the attached router(s) take it from there.
 107:../src/middleware/bacnet/demo/handler/h_routed_npdu.c ****              * Consequently, we'll do nothing interesting here.
 108:../src/middleware/bacnet/demo/handler/h_routed_npdu.c ****              * -- Unless we act upon NETWORK_MESSAGE_ROUTER_BUSY_TO_NETWORK
 109:../src/middleware/bacnet/demo/handler/h_routed_npdu.c ****              * later for congestion control - then it could matter.
 110:../src/middleware/bacnet/demo/handler/h_routed_npdu.c ****              */
 111:../src/middleware/bacnet/demo/handler/h_routed_npdu.c ****             debug_printf("%s for Networks: ",
 129              		.loc 1 111 13
 130 00be 0545     		li	a0,1
 131 00c0 97000000 		call	bactext_network_layer_msg_name
 131      E7800000 
 132 00c8 AA87     		mv	a5,a0
 133 00ca BE85     		mv	a1,a5
 134 00cc 17050000 		lla	a0,.LC0
 134      13050500 
 135 00d4 97000000 		call	debug_printf
 135      E7800000 
 112:../src/middleware/bacnet/demo/handler/h_routed_npdu.c ****                 bactext_network_layer_msg_name
 113:../src/middleware/bacnet/demo/handler/h_routed_npdu.c ****                 (NETWORK_MESSAGE_I_AM_ROUTER_TO_NETWORK));
 114:../src/middleware/bacnet/demo/handler/h_routed_npdu.c ****             while (npdu_len >= 2) {
 136              		.loc 1 114 19
 137 00dc 9DA8     		j	.L16
 138              	.L17:
 115:../src/middleware/bacnet/demo/handler/h_routed_npdu.c ****                 len = decode_unsigned16(&npdu[npdu_offset], &dnet);
 139              		.loc 1 115 23
 140 00de 8357E4FE 		lhu	a5,-18(s0)
 141 00e2 033704FC 		ld	a4,-64(s0)
 142 00e6 BA97     		add	a5,a4,a5
 143 00e8 1307A4FE 		addi	a4,s0,-22
 144 00ec BA85     		mv	a1,a4
 145 00ee 3E85     		mv	a0,a5
 146 00f0 97000000 		call	decode_unsigned16
 146      E7800000 
 147 00f8 AA87     		mv	a5,a0
 148              		.loc 1 115 21
 149 00fa 2316F4FE 		sh	a5,-20(s0)
 116:../src/middleware/bacnet/demo/handler/h_routed_npdu.c ****                 debug_printf("%hu", dnet);
 150              		.loc 1 116 17
 151 00fe 8357A4FE 		lhu	a5,-22(s0)
 152 0102 8127     		sext.w	a5,a5
 153 0104 BE85     		mv	a1,a5
 154 0106 17050000 		lla	a0,.LC1
 154      13050500 
 155 010e 97000000 		call	debug_printf
 155      E7800000 
 117:../src/middleware/bacnet/demo/handler/h_routed_npdu.c ****                 npdu_len -= len;
 156              		.loc 1 117 26
 157 0116 0357E4FB 		lhu	a4,-66(s0)
 158 011a 8357C4FE 		lhu	a5,-20(s0)
 159 011e BB07F740 		subw	a5,a4,a5
 160 0122 231FF4FA 		sh	a5,-66(s0)
 118:../src/middleware/bacnet/demo/handler/h_routed_npdu.c ****                 npdu_offset += len;
 161              		.loc 1 118 29
 162 0126 0357E4FE 		lhu	a4,-18(s0)
 163 012a 8357C4FE 		lhu	a5,-20(s0)
 164 012e B99F     		addw	a5,a4,a5
 165 0130 2317F4FE 		sh	a5,-18(s0)
 119:../src/middleware/bacnet/demo/handler/h_routed_npdu.c ****                 if (npdu_len >= 2) {
 166              		.loc 1 119 20
 167 0134 8357E4FB 		lhu	a5,-66(s0)
 168 0138 1B870700 		sext.w	a4,a5
 169 013c 8547     		li	a5,1
 170 013e 63FAE700 		bleu	a4,a5,.L16
 120:../src/middleware/bacnet/demo/handler/h_routed_npdu.c ****                     debug_printf(", ");
 171              		.loc 1 120 21
 172 0142 17050000 		lla	a0,.LC2
 172      13050500 
 173 014a 97000000 		call	debug_printf
 173      E7800000 
 174              	.L16:
 114:../src/middleware/bacnet/demo/handler/h_routed_npdu.c ****                 len = decode_unsigned16(&npdu[npdu_offset], &dnet);
 175              		.loc 1 114 19
 176 0152 8357E4FB 		lhu	a5,-66(s0)
 177 0156 1B870700 		sext.w	a4,a5
 178 015a 8547     		li	a5,1
 179 015c E3E1E7F8 		bgtu	a4,a5,.L17
 121:../src/middleware/bacnet/demo/handler/h_routed_npdu.c ****                 }
 122:../src/middleware/bacnet/demo/handler/h_routed_npdu.c ****             }
 123:../src/middleware/bacnet/demo/handler/h_routed_npdu.c ****             debug_printf("\n");
 180              		.loc 1 123 13
 181 0160 17050000 		lla	a0,.LC3
 181      13050500 
 182 0168 97000000 		call	debug_printf
 182      E7800000 
 124:../src/middleware/bacnet/demo/handler/h_routed_npdu.c ****             break;
 183              		.loc 1 124 13
 184 0170 F9A0     		j	.L15
 185              	.L8:
 125:../src/middleware/bacnet/demo/handler/h_routed_npdu.c ****         case NETWORK_MESSAGE_I_COULD_BE_ROUTER_TO_NETWORK:
 126:../src/middleware/bacnet/demo/handler/h_routed_npdu.c ****             /* Do nothing, same as previous case. */
 127:../src/middleware/bacnet/demo/handler/h_routed_npdu.c ****             break;
 128:../src/middleware/bacnet/demo/handler/h_routed_npdu.c ****         case NETWORK_MESSAGE_REJECT_MESSAGE_TO_NETWORK:
 129:../src/middleware/bacnet/demo/handler/h_routed_npdu.c ****             if (npdu_len >= 3) {
 186              		.loc 1 129 16
 187 0172 8357E4FB 		lhu	a5,-66(s0)
 188 0176 1B870700 		sext.w	a4,a5
 189 017a 8947     		li	a5,2
 190 017c 63FEE70A 		bleu	a4,a5,.L23
 130:../src/middleware/bacnet/demo/handler/h_routed_npdu.c ****                 decode_unsigned16(&npdu[1], &dnet);
 191              		.loc 1 130 17
 192 0180 833704FC 		ld	a5,-64(s0)
 193 0184 8507     		addi	a5,a5,1
 194 0186 1307A4FE 		addi	a4,s0,-22
 195 018a BA85     		mv	a1,a4
 196 018c 3E85     		mv	a0,a5
 197 018e 97000000 		call	decode_unsigned16
 197      E7800000 
 131:../src/middleware/bacnet/demo/handler/h_routed_npdu.c ****                 debug_printf("Received %s for Network: ",
 198              		.loc 1 131 17
 199 0196 0945     		li	a0,2
 200 0198 97000000 		call	bactext_network_layer_msg_name
 200      E7800000 
 201 01a0 AA87     		mv	a5,a0
 202 01a2 BE85     		mv	a1,a5
 203 01a4 17050000 		lla	a0,.LC4
 203      13050500 
 204 01ac 97000000 		call	debug_printf
 204      E7800000 
 132:../src/middleware/bacnet/demo/handler/h_routed_npdu.c ****                     bactext_network_layer_msg_name
 133:../src/middleware/bacnet/demo/handler/h_routed_npdu.c ****                     (NETWORK_MESSAGE_I_COULD_BE_ROUTER_TO_NETWORK));
 134:../src/middleware/bacnet/demo/handler/h_routed_npdu.c ****                 debug_printf("%hu,  Reason code: %d \n", dnet, npdu[0]);
 205              		.loc 1 134 17
 206 01b4 8357A4FE 		lhu	a5,-22(s0)
 207 01b8 1B870700 		sext.w	a4,a5
 208              		.loc 1 134 68
 209 01bc 833704FC 		ld	a5,-64(s0)
 210 01c0 83C70700 		lbu	a5,0(a5)
 211              		.loc 1 134 17
 212 01c4 8127     		sext.w	a5,a5
 213 01c6 3E86     		mv	a2,a5
 214 01c8 BA85     		mv	a1,a4
 215 01ca 17050000 		lla	a0,.LC5
 215      13050500 
 216 01d2 97000000 		call	debug_printf
 216      E7800000 
 135:../src/middleware/bacnet/demo/handler/h_routed_npdu.c ****             }
 136:../src/middleware/bacnet/demo/handler/h_routed_npdu.c ****             break;
 217              		.loc 1 136 13
 218 01da B9A8     		j	.L23
 219              	.L6:
 137:../src/middleware/bacnet/demo/handler/h_routed_npdu.c ****         case NETWORK_MESSAGE_ROUTER_BUSY_TO_NETWORK:
 138:../src/middleware/bacnet/demo/handler/h_routed_npdu.c ****         case NETWORK_MESSAGE_ROUTER_AVAILABLE_TO_NETWORK:
 139:../src/middleware/bacnet/demo/handler/h_routed_npdu.c ****             /* Do nothing - don't support upstream traffic congestion control */
 140:../src/middleware/bacnet/demo/handler/h_routed_npdu.c ****             break;
 141:../src/middleware/bacnet/demo/handler/h_routed_npdu.c ****         case NETWORK_MESSAGE_INIT_RT_TABLE:
 142:../src/middleware/bacnet/demo/handler/h_routed_npdu.c ****             /* If sent with Number of Ports == 0, we respond with
 143:../src/middleware/bacnet/demo/handler/h_routed_npdu.c ****              * NETWORK_MESSAGE_INIT_RT_TABLE_ACK and a list of all our
 144:../src/middleware/bacnet/demo/handler/h_routed_npdu.c ****              * reachable networks.
 145:../src/middleware/bacnet/demo/handler/h_routed_npdu.c ****              */
 146:../src/middleware/bacnet/demo/handler/h_routed_npdu.c ****             if (npdu_len > 0) {
 220              		.loc 1 146 16
 221 01dc 8357E4FB 		lhu	a5,-66(s0)
 222 01e0 8127     		sext.w	a5,a5
 223 01e2 A9CF     		beq	a5,zero,.L24
 147:../src/middleware/bacnet/demo/handler/h_routed_npdu.c ****                 /* If Number of Ports is 0, broadcast our "full" table */
 148:../src/middleware/bacnet/demo/handler/h_routed_npdu.c ****                 if (npdu[0] == 0)
 224              		.loc 1 148 25
 225 01e4 833704FC 		ld	a5,-64(s0)
 226 01e8 83C70700 		lbu	a5,0(a5)
 227              		.loc 1 148 20
 228 01ec 89EB     		bne	a5,zero,.L19
 149:../src/middleware/bacnet/demo/handler/h_routed_npdu.c ****                     Send_Initialize_Routing_Table_Ack(NULL, DNET_list);
 229              		.loc 1 149 21
 230 01ee 833504FD 		ld	a1,-48(s0)
 231 01f2 0145     		li	a0,0
 232 01f4 97000000 		call	Send_Initialize_Routing_Table_Ack
 232      E7800000 
 150:../src/middleware/bacnet/demo/handler/h_routed_npdu.c ****                 else {
 151:../src/middleware/bacnet/demo/handler/h_routed_npdu.c ****                     /* If they sent us a list, just politely ACK it
 152:../src/middleware/bacnet/demo/handler/h_routed_npdu.c ****                      * with no routing list of our own.  But we don't DO
 153:../src/middleware/bacnet/demo/handler/h_routed_npdu.c ****                      * anything with the info, either.
 154:../src/middleware/bacnet/demo/handler/h_routed_npdu.c ****                      */
 155:../src/middleware/bacnet/demo/handler/h_routed_npdu.c ****                     int listTerminator = -1;
 156:../src/middleware/bacnet/demo/handler/h_routed_npdu.c ****                     Send_Initialize_Routing_Table_Ack(src, &listTerminator);
 157:../src/middleware/bacnet/demo/handler/h_routed_npdu.c ****                 }
 158:../src/middleware/bacnet/demo/handler/h_routed_npdu.c ****                 break;
 233              		.loc 1 158 17
 234 01fc 89A0     		j	.L15
 235              	.L19:
 236              	.LBB3:
 155:../src/middleware/bacnet/demo/handler/h_routed_npdu.c ****                     Send_Initialize_Routing_Table_Ack(src, &listTerminator);
 237              		.loc 1 155 25
 238 01fe FD57     		li	a5,-1
 239 0200 2322F4FE 		sw	a5,-28(s0)
 156:../src/middleware/bacnet/demo/handler/h_routed_npdu.c ****                 }
 240              		.loc 1 156 21
 241 0204 930744FE 		addi	a5,s0,-28
 242 0208 BE85     		mv	a1,a5
 243 020a 033584FD 		ld	a0,-40(s0)
 244 020e 97000000 		call	Send_Initialize_Routing_Table_Ack
 244      E7800000 
 245              	.LBE3:
 246              		.loc 1 158 17
 247 0216 25A0     		j	.L15
 248              	.L2:
 159:../src/middleware/bacnet/demo/handler/h_routed_npdu.c ****             }
 160:../src/middleware/bacnet/demo/handler/h_routed_npdu.c ****             /* Else, fall through to do nothing. */
 161:../src/middleware/bacnet/demo/handler/h_routed_npdu.c ****         case NETWORK_MESSAGE_INIT_RT_TABLE_ACK:
 162:../src/middleware/bacnet/demo/handler/h_routed_npdu.c ****             /* Do nothing with the routing table info, since don't support
 163:../src/middleware/bacnet/demo/handler/h_routed_npdu.c ****              * upstream traffic congestion control */
 164:../src/middleware/bacnet/demo/handler/h_routed_npdu.c ****             break;
 165:../src/middleware/bacnet/demo/handler/h_routed_npdu.c ****         case NETWORK_MESSAGE_ESTABLISH_CONNECTION_TO_NETWORK:
 166:../src/middleware/bacnet/demo/handler/h_routed_npdu.c ****         case NETWORK_MESSAGE_DISCONNECT_CONNECTION_TO_NETWORK:
 167:../src/middleware/bacnet/demo/handler/h_routed_npdu.c ****             /* Do nothing - don't support PTP half-router control */
 168:../src/middleware/bacnet/demo/handler/h_routed_npdu.c ****             break;
 169:../src/middleware/bacnet/demo/handler/h_routed_npdu.c ****         default:
 170:../src/middleware/bacnet/demo/handler/h_routed_npdu.c ****             /* An unrecognized message is bad; send an error response. */
 171:../src/middleware/bacnet/demo/handler/h_routed_npdu.c ****             Send_Reject_Message_To_Network(src,
 249              		.loc 1 171 13
 250 0218 833704FD 		ld	a5,-48(s0)
 251 021c 9C43     		lw	a5,0(a5)
 252 021e 3E86     		mv	a2,a5
 253 0220 8D45     		li	a1,3
 254 0222 033584FD 		ld	a0,-40(s0)
 255 0226 97000000 		call	Send_Reject_Message_To_Network
 255      E7800000 
 172:../src/middleware/bacnet/demo/handler/h_routed_npdu.c ****                 NETWORK_REJECT_UNKNOWN_MESSAGE_TYPE, DNET_list[0]);
 173:../src/middleware/bacnet/demo/handler/h_routed_npdu.c ****             /* Sending our DNET doesn't make a lot of sense, does it? */
 174:../src/middleware/bacnet/demo/handler/h_routed_npdu.c ****             break;
 256              		.loc 1 174 13
 257 022e 01A8     		j	.L15
 258              	.L21:
 168:../src/middleware/bacnet/demo/handler/h_routed_npdu.c ****         default:
 259              		.loc 1 168 13
 260 0230 0100     		nop
 261 0232 31A0     		j	.L15
 262              	.L22:
  98:../src/middleware/bacnet/demo/handler/h_routed_npdu.c ****         case NETWORK_MESSAGE_I_AM_ROUTER_TO_NETWORK:
 263              		.loc 1 98 13
 264 0234 0100     		nop
 265 0236 21A0     		j	.L15
 266              	.L23:
 136:../src/middleware/bacnet/demo/handler/h_routed_npdu.c ****         case NETWORK_MESSAGE_ROUTER_BUSY_TO_NETWORK:
 267              		.loc 1 136 13
 268 0238 0100     		nop
 269 023a 11A0     		j	.L15
 270              	.L24:
 164:../src/middleware/bacnet/demo/handler/h_routed_npdu.c ****         case NETWORK_MESSAGE_ESTABLISH_CONNECTION_TO_NETWORK:
 271              		.loc 1 164 13
 272 023c 0100     		nop
 273              	.L15:
 175:../src/middleware/bacnet/demo/handler/h_routed_npdu.c ****     }
 176:../src/middleware/bacnet/demo/handler/h_routed_npdu.c **** }
 274              		.loc 1 176 1 discriminator 5
 275 023e 0100     		nop
 276 0240 A660     		ld	ra,72(sp)
 277              		.cfi_restore 1
 278 0242 0664     		ld	s0,64(sp)
 279              		.cfi_restore 8
 280              		.cfi_def_cfa 2, 80
 281 0244 6161     		addi	sp,sp,80
 282              		.cfi_def_cfa_offset 0
 283 0246 8280     		jr	ra
 284              		.cfi_endproc
 285              	.LFE4:
 287              		.section	.text.routed_apdu_handler,"ax",@progbits
 288              		.align	1
 290              	routed_apdu_handler:
 291              	.LFB5:
 177:../src/middleware/bacnet/demo/handler/h_routed_npdu.c **** 
 178:../src/middleware/bacnet/demo/handler/h_routed_npdu.c **** /** An APDU pre-handler that makes sure that the subsequent APDU handler call
 179:../src/middleware/bacnet/demo/handler/h_routed_npdu.c ****  * operates on the right Device Object(s), as addressed by the destination
 180:../src/middleware/bacnet/demo/handler/h_routed_npdu.c ****  * (routing) information.
 181:../src/middleware/bacnet/demo/handler/h_routed_npdu.c ****  *
 182:../src/middleware/bacnet/demo/handler/h_routed_npdu.c ****  * @note Even when the destination is "routed" to our virtual BACnet network,
 183:../src/middleware/bacnet/demo/handler/h_routed_npdu.c ****  * the src information does not need to change to reflect that (as it normally
 184:../src/middleware/bacnet/demo/handler/h_routed_npdu.c ****  * would for a routed message) because the reply will be sent from the level
 185:../src/middleware/bacnet/demo/handler/h_routed_npdu.c ****  * of the gateway Device.
 186:../src/middleware/bacnet/demo/handler/h_routed_npdu.c ****  *
 187:../src/middleware/bacnet/demo/handler/h_routed_npdu.c ****  * @param src [in] The BACNET_ADDRESS of the message's source.
 188:../src/middleware/bacnet/demo/handler/h_routed_npdu.c ****  * @param dest [in] The BACNET_ADDRESS of the message's destination.
 189:../src/middleware/bacnet/demo/handler/h_routed_npdu.c ****  * @param DNET_list [in] List of our reachable downstream BACnet Network numbers.
 190:../src/middleware/bacnet/demo/handler/h_routed_npdu.c ****  * 					 Normally just one valid entry; terminated with a -1 value.
 191:../src/middleware/bacnet/demo/handler/h_routed_npdu.c ****  * @param apdu [in] The apdu portion of the request, to be processed.
 192:../src/middleware/bacnet/demo/handler/h_routed_npdu.c ****  * @param apdu_len [in] The total (remaining) length of the apdu.
 193:../src/middleware/bacnet/demo/handler/h_routed_npdu.c ****  */
 194:../src/middleware/bacnet/demo/handler/h_routed_npdu.c **** static void routed_apdu_handler(
 195:../src/middleware/bacnet/demo/handler/h_routed_npdu.c ****     BACNET_ADDRESS * src,
 196:../src/middleware/bacnet/demo/handler/h_routed_npdu.c ****     BACNET_ADDRESS * dest,
 197:../src/middleware/bacnet/demo/handler/h_routed_npdu.c ****     int *DNET_list,
 198:../src/middleware/bacnet/demo/handler/h_routed_npdu.c ****     uint8_t * apdu,
 199:../src/middleware/bacnet/demo/handler/h_routed_npdu.c ****     uint16_t apdu_len)
 200:../src/middleware/bacnet/demo/handler/h_routed_npdu.c **** {
 292              		.loc 1 200 1
 293              		.cfi_startproc
 294 0000 5D71     		addi	sp,sp,-80
 295              		.cfi_def_cfa_offset 80
 296 0002 86E4     		sd	ra,72(sp)
 297 0004 A2E0     		sd	s0,64(sp)
 298              		.cfi_offset 1, -8
 299              		.cfi_offset 8, -16
 300 0006 8008     		addi	s0,sp,80
 301              		.cfi_def_cfa 8, 0
 302 0008 233CA4FC 		sd	a0,-40(s0)
 303 000c 2338B4FC 		sd	a1,-48(s0)
 304 0010 2334C4FC 		sd	a2,-56(s0)
 305 0014 2330D4FC 		sd	a3,-64(s0)
 306 0018 BA87     		mv	a5,a4
 307 001a 231FF4FA 		sh	a5,-66(s0)
 201:../src/middleware/bacnet/demo/handler/h_routed_npdu.c ****     int cursor = 0;     /* Starting hint */
 308              		.loc 1 201 9
 309 001e 232404FE 		sw	zero,-24(s0)
 202:../src/middleware/bacnet/demo/handler/h_routed_npdu.c ****     bool bGotOne = false;
 310              		.loc 1 202 10
 311 0022 A30704FE 		sb	zero,-17(s0)
 203:../src/middleware/bacnet/demo/handler/h_routed_npdu.c **** 
 204:../src/middleware/bacnet/demo/handler/h_routed_npdu.c ****     if (!Routed_Device_Is_Valid_Network(dest->net, DNET_list)) {
 312              		.loc 1 204 10
 313 0026 833704FD 		ld	a5,-48(s0)
 314 002a 83D78700 		lhu	a5,8(a5)
 315 002e 833584FC 		ld	a1,-56(s0)
 316 0032 3E85     		mv	a0,a5
 317 0034 97000000 		call	Routed_Device_Is_Valid_Network
 317      E7800000 
 318 003c AA87     		mv	a5,a0
 319              		.loc 1 204 9
 320 003e 93C71700 		xori	a5,a5,1
 321 0042 93F7F70F 		andi	a5,a5,0xff
 322              		.loc 1 204 8
 323 0046 B9CF     		beq	a5,zero,.L30
 324              	.LBB4:
 205:../src/middleware/bacnet/demo/handler/h_routed_npdu.c ****         /* We don't know how to reach this one.
 206:../src/middleware/bacnet/demo/handler/h_routed_npdu.c ****          * The protocol doesn't specifically state this, but if this message
 207:../src/middleware/bacnet/demo/handler/h_routed_npdu.c ****          * was broadcast to us, we should assume "someone else" is handling
 208:../src/middleware/bacnet/demo/handler/h_routed_npdu.c ****          * it and not get involved (ie, send a Reject-Message).
 209:../src/middleware/bacnet/demo/handler/h_routed_npdu.c ****          * Since we can't reach other routers that src couldn't already reach,
 210:../src/middleware/bacnet/demo/handler/h_routed_npdu.c ****          * we don't try the standard path of asking Who-Is-Router-to-Network. */
 211:../src/middleware/bacnet/demo/handler/h_routed_npdu.c **** #if defined(BACDL_BIP)
 212:../src/middleware/bacnet/demo/handler/h_routed_npdu.c ****         /* If wasn't unicast to us, must have been one of the bcast types.
 213:../src/middleware/bacnet/demo/handler/h_routed_npdu.c ****          * Drop it. */
 214:../src/middleware/bacnet/demo/handler/h_routed_npdu.c ****         if (bvlc_get_function_code() != BVLC_ORIGINAL_UNICAST_NPDU)
 325              		.loc 1 214 13
 326 0048 97000000 		call	bvlc_get_function_code
 326      E7800000 
 327 0050 AA87     		mv	a5,a0
 328              		.loc 1 214 12
 329 0052 3E87     		mv	a4,a5
 330 0054 A947     		li	a5,10
 331 0056 6315F706 		bne	a4,a5,.L34
 332              	.LBE4:
 215:../src/middleware/bacnet/demo/handler/h_routed_npdu.c ****             return;
 216:../src/middleware/bacnet/demo/handler/h_routed_npdu.c **** #endif
 217:../src/middleware/bacnet/demo/handler/h_routed_npdu.c ****         /* Upper level handlers knew that this was sent as a bcast,
 218:../src/middleware/bacnet/demo/handler/h_routed_npdu.c ****          * but our only other way to guess at that here is if the dest->adr
 219:../src/middleware/bacnet/demo/handler/h_routed_npdu.c ****          * is absent, then we know this is some sort of bcast.
 220:../src/middleware/bacnet/demo/handler/h_routed_npdu.c ****          */
 221:../src/middleware/bacnet/demo/handler/h_routed_npdu.c ****         if (dest->len > 0) {
 333              		.loc 1 221 17
 334 005a 833704FD 		ld	a5,-48(s0)
 335 005e 83C7A700 		lbu	a5,10(a5)
 336              		.loc 1 221 12
 337 0062 ADC3     		beq	a5,zero,.L35
 222:../src/middleware/bacnet/demo/handler/h_routed_npdu.c ****             Send_Reject_Message_To_Network(src, NETWORK_REJECT_NO_ROUTE,
 223:../src/middleware/bacnet/demo/handler/h_routed_npdu.c ****                 dest->net);
 338              		.loc 1 223 21
 339 0064 833704FD 		ld	a5,-48(s0)
 340 0068 83D78700 		lhu	a5,8(a5)
 222:../src/middleware/bacnet/demo/handler/h_routed_npdu.c ****             Send_Reject_Message_To_Network(src, NETWORK_REJECT_NO_ROUTE,
 341              		.loc 1 222 13
 342 006c 8127     		sext.w	a5,a5
 343 006e 3E86     		mv	a2,a5
 344 0070 8545     		li	a1,1
 345 0072 033584FD 		ld	a0,-40(s0)
 346 0076 97000000 		call	Send_Reject_Message_To_Network
 346      E7800000 
 224:../src/middleware/bacnet/demo/handler/h_routed_npdu.c ****         }       /* else, silently drop it */
 225:../src/middleware/bacnet/demo/handler/h_routed_npdu.c ****         return;
 347              		.loc 1 225 9
 348 007e 99A0     		j	.L35
 349              	.L32:
 226:../src/middleware/bacnet/demo/handler/h_routed_npdu.c ****     }
 227:../src/middleware/bacnet/demo/handler/h_routed_npdu.c **** 
 228:../src/middleware/bacnet/demo/handler/h_routed_npdu.c ****     while (Routed_Device_GetNext(dest, DNET_list, &cursor)) {
 229:../src/middleware/bacnet/demo/handler/h_routed_npdu.c ****         apdu_handler(src, apdu, apdu_len);
 350              		.loc 1 229 9
 351 0080 8357E4FB 		lhu	a5,-66(s0)
 352 0084 3E86     		mv	a2,a5
 353 0086 833504FC 		ld	a1,-64(s0)
 354 008a 033584FD 		ld	a0,-40(s0)
 355 008e 97000000 		call	apdu_handler
 355      E7800000 
 230:../src/middleware/bacnet/demo/handler/h_routed_npdu.c ****         bGotOne = true;
 356              		.loc 1 230 17
 357 0096 8547     		li	a5,1
 358 0098 A307F4FE 		sb	a5,-17(s0)
 231:../src/middleware/bacnet/demo/handler/h_routed_npdu.c ****         if (cursor < 0) /* If no more matches, */
 359              		.loc 1 231 20
 360 009c 832784FE 		lw	a5,-24(s0)
 361              		.loc 1 231 12
 362 00a0 63C40702 		blt	a5,zero,.L36
 363              	.L30:
 228:../src/middleware/bacnet/demo/handler/h_routed_npdu.c ****         apdu_handler(src, apdu, apdu_len);
 364              		.loc 1 228 12
 365 00a4 930784FE 		addi	a5,s0,-24
 366 00a8 3E86     		mv	a2,a5
 367 00aa 833584FC 		ld	a1,-56(s0)
 368 00ae 033504FD 		ld	a0,-48(s0)
 369 00b2 97000000 		call	Routed_Device_GetNext
 369      E7800000 
 370 00ba AA87     		mv	a5,a0
 228:../src/middleware/bacnet/demo/handler/h_routed_npdu.c ****         apdu_handler(src, apdu, apdu_len);
 371              		.loc 1 228 11
 372 00bc F1F3     		bne	a5,zero,.L32
 373 00be 31A0     		j	.L25
 374              	.L34:
 375              	.LBB5:
 215:../src/middleware/bacnet/demo/handler/h_routed_npdu.c **** #endif
 376              		.loc 1 215 13
 377 00c0 0100     		nop
 378 00c2 21A0     		j	.L25
 379              	.L35:
 380              	.LBE5:
 225:../src/middleware/bacnet/demo/handler/h_routed_npdu.c ****     }
 381              		.loc 1 225 9
 382 00c4 0100     		nop
 383 00c6 11A0     		j	.L25
 384              	.L36:
 232:../src/middleware/bacnet/demo/handler/h_routed_npdu.c ****             break;      /* We don't need to keep looking */
 385              		.loc 1 232 13
 386 00c8 0100     		nop
 387              	.L25:
 233:../src/middleware/bacnet/demo/handler/h_routed_npdu.c ****     }
 234:../src/middleware/bacnet/demo/handler/h_routed_npdu.c ****     if (!bGotOne) {
 235:../src/middleware/bacnet/demo/handler/h_routed_npdu.c ****         /* Just silently drop this packet. */
 236:../src/middleware/bacnet/demo/handler/h_routed_npdu.c ****     }
 237:../src/middleware/bacnet/demo/handler/h_routed_npdu.c **** }
 388              		.loc 1 237 1
 389 00ca A660     		ld	ra,72(sp)
 390              		.cfi_restore 1
 391 00cc 0664     		ld	s0,64(sp)
 392              		.cfi_restore 8
 393              		.cfi_def_cfa 2, 80
 394 00ce 6161     		addi	sp,sp,80
 395              		.cfi_def_cfa_offset 0
 396 00d0 8280     		jr	ra
 397              		.cfi_endproc
 398              	.LFE5:
 400              		.section	.rodata
 401              		.align	3
 402              	.LC6:
 403 0068 4E504455 		.string	"NPDU: Decoding failed; Discarded!\n"
 403      3A204465 
 403      636F6469 
 403      6E672066 
 403      61696C65 
 404 008b 00000000 		.align	3
 404      00
 405              	.LC7:
 406 0090 4E504455 		.string	"NPDU: Unsupported BACnet Protocol Version=%u.  Discarded!\n"
 406      3A20556E 
 406      73757070 
 406      6F727465 
 406      64204241 
 407              		.section	.text.routing_npdu_handler,"ax",@progbits
 408              		.align	1
 409              		.globl	routing_npdu_handler
 411              	routing_npdu_handler:
 412              	.LFB6:
 238:../src/middleware/bacnet/demo/handler/h_routed_npdu.c **** 
 239:../src/middleware/bacnet/demo/handler/h_routed_npdu.c **** /** Handler for the NPDU portion of a received packet, which may have routing.
 240:../src/middleware/bacnet/demo/handler/h_routed_npdu.c ****  *  This is a fuller handler than the regular npdu_handler, as it manages
 241:../src/middleware/bacnet/demo/handler/h_routed_npdu.c ****  *  - Decoding of the NCPI byte
 242:../src/middleware/bacnet/demo/handler/h_routed_npdu.c ****  *  - Further processing by network_control_handler() if this is a  network
 243:../src/middleware/bacnet/demo/handler/h_routed_npdu.c ****  *    layer message.
 244:../src/middleware/bacnet/demo/handler/h_routed_npdu.c ****  *  - Further processing by routed_apdu_handler() if it contains an APDU
 245:../src/middleware/bacnet/demo/handler/h_routed_npdu.c ****  *    - Normally (no routing) by apdu_handler()
 246:../src/middleware/bacnet/demo/handler/h_routed_npdu.c ****  *    - With Routing (a further destination was indicated) by the decoded
 247:../src/middleware/bacnet/demo/handler/h_routed_npdu.c ****  *      destination.
 248:../src/middleware/bacnet/demo/handler/h_routed_npdu.c ****  *  - Errors in decoding.
 249:../src/middleware/bacnet/demo/handler/h_routed_npdu.c ****  * @note The npdu_data->data_expecting_reply status is discarded.
 250:../src/middleware/bacnet/demo/handler/h_routed_npdu.c ****  * @see npdu_handler
 251:../src/middleware/bacnet/demo/handler/h_routed_npdu.c ****  * @ingroup NMRC
 252:../src/middleware/bacnet/demo/handler/h_routed_npdu.c ****  *
 253:../src/middleware/bacnet/demo/handler/h_routed_npdu.c ****  * @param src  [out] Returned with routing source information if the NPDU
 254:../src/middleware/bacnet/demo/handler/h_routed_npdu.c ****  *                   has any and if this points to non-null storage for it.
 255:../src/middleware/bacnet/demo/handler/h_routed_npdu.c ****  *                   If src->net and src->len are 0 on return, there is no
 256:../src/middleware/bacnet/demo/handler/h_routed_npdu.c ****  *                   routing source information.
 257:../src/middleware/bacnet/demo/handler/h_routed_npdu.c ****  *                   This src describes the original source of the message when
 258:../src/middleware/bacnet/demo/handler/h_routed_npdu.c ****  *                   it had to be routed to reach this BACnet Device, and this
 259:../src/middleware/bacnet/demo/handler/h_routed_npdu.c ****  *                   is passed down into the apdu_handler; however, I don't
 260:../src/middleware/bacnet/demo/handler/h_routed_npdu.c ****  *                   think this project's code has any use for the src info
 261:../src/middleware/bacnet/demo/handler/h_routed_npdu.c ****  *                   on return from this handler, since the response has
 262:../src/middleware/bacnet/demo/handler/h_routed_npdu.c ****  *                   already been sent via the apdu_handler.
 263:../src/middleware/bacnet/demo/handler/h_routed_npdu.c ****  * @param DNET_list [in] List of our reachable downstream BACnet Network numbers.
 264:../src/middleware/bacnet/demo/handler/h_routed_npdu.c ****  * 					 Normally just one valid entry; terminated with a -1 value.
 265:../src/middleware/bacnet/demo/handler/h_routed_npdu.c ****  *  @param pdu [in]  Buffer containing the NPDU and APDU of the received packet.
 266:../src/middleware/bacnet/demo/handler/h_routed_npdu.c ****  *  @param pdu_len [in] The size of the received message in the pdu[] buffer.
 267:../src/middleware/bacnet/demo/handler/h_routed_npdu.c ****  */
 268:../src/middleware/bacnet/demo/handler/h_routed_npdu.c **** void routing_npdu_handler(
 269:../src/middleware/bacnet/demo/handler/h_routed_npdu.c ****     BACNET_ADDRESS * src,
 270:../src/middleware/bacnet/demo/handler/h_routed_npdu.c ****     int *DNET_list,
 271:../src/middleware/bacnet/demo/handler/h_routed_npdu.c ****     uint8_t * pdu,
 272:../src/middleware/bacnet/demo/handler/h_routed_npdu.c ****     uint16_t pdu_len)
 273:../src/middleware/bacnet/demo/handler/h_routed_npdu.c **** {
 413              		.loc 1 273 1
 414              		.cfi_startproc
 415 0000 1D71     		addi	sp,sp,-96
 416              		.cfi_def_cfa_offset 96
 417 0002 86EC     		sd	ra,88(sp)
 418 0004 A2E8     		sd	s0,80(sp)
 419              		.cfi_offset 1, -8
 420              		.cfi_offset 8, -16
 421 0006 8010     		addi	s0,sp,96
 422              		.cfi_def_cfa 8, 0
 423 0008 233CA4FA 		sd	a0,-72(s0)
 424 000c 2338B4FA 		sd	a1,-80(s0)
 425 0010 2334C4FA 		sd	a2,-88(s0)
 426 0014 B687     		mv	a5,a3
 427 0016 2313F4FA 		sh	a5,-90(s0)
 274:../src/middleware/bacnet/demo/handler/h_routed_npdu.c ****     int apdu_offset = 0;
 428              		.loc 1 274 9
 429 001a 232604FE 		sw	zero,-20(s0)
 275:../src/middleware/bacnet/demo/handler/h_routed_npdu.c ****     BACNET_ADDRESS dest = { 0 };
 430              		.loc 1 275 20
 431 001e 233C04FC 		sd	zero,-40(s0)
 432 0022 233004FE 		sd	zero,-32(s0)
 433 0026 231404FE 		sh	zero,-24(s0)
 276:../src/middleware/bacnet/demo/handler/h_routed_npdu.c ****     BACNET_NPDU_DATA npdu_data = { 0 };
 434              		.loc 1 276 22
 435 002a 233404FC 		sd	zero,-56(s0)
 436 002e 233804FC 		sd	zero,-48(s0)
 277:../src/middleware/bacnet/demo/handler/h_routed_npdu.c **** 
 278:../src/middleware/bacnet/demo/handler/h_routed_npdu.c ****     /* only handle the version that we know how to handle */
 279:../src/middleware/bacnet/demo/handler/h_routed_npdu.c ****     if (pdu[0] == BACNET_PROTOCOL_VERSION) {
 437              		.loc 1 279 12
 438 0032 833784FA 		ld	a5,-88(s0)
 439 0036 83C70700 		lbu	a5,0(a5)
 440              		.loc 1 279 8
 441 003a 3E87     		mv	a4,a5
 442 003c 8547     		li	a5,1
 443 003e 631BF70E 		bne	a4,a5,.L38
 280:../src/middleware/bacnet/demo/handler/h_routed_npdu.c ****         apdu_offset = npdu_decode(&pdu[0], &dest, src, &npdu_data);
 444              		.loc 1 280 23
 445 0042 130784FC 		addi	a4,s0,-56
 446 0046 930784FD 		addi	a5,s0,-40
 447 004a BA86     		mv	a3,a4
 448 004c 033684FB 		ld	a2,-72(s0)
 449 0050 BE85     		mv	a1,a5
 450 0052 033584FA 		ld	a0,-88(s0)
 451 0056 97000000 		call	npdu_decode
 451      E7800000 
 452 005e AA87     		mv	a5,a0
 453 0060 2326F4FE 		sw	a5,-20(s0)
 281:../src/middleware/bacnet/demo/handler/h_routed_npdu.c ****         if (apdu_offset <= 0) {
 454              		.loc 1 281 12
 455 0064 8327C4FE 		lw	a5,-20(s0)
 456 0068 8127     		sext.w	a5,a5
 457 006a 634BF000 		bgt	a5,zero,.L39
 282:../src/middleware/bacnet/demo/handler/h_routed_npdu.c ****             debug_printf("NPDU: Decoding failed; Discarded!\n");
 458              		.loc 1 282 13
 459 006e 17050000 		lla	a0,.LC6
 459      13050500 
 460 0076 97000000 		call	debug_printf
 460      E7800000 
 283:../src/middleware/bacnet/demo/handler/h_routed_npdu.c ****         } else if (npdu_data.network_layer_message) {
 284:../src/middleware/bacnet/demo/handler/h_routed_npdu.c ****             if ((dest.net == 0) || (dest.net == BACNET_BROADCAST_NETWORK)) {
 285:../src/middleware/bacnet/demo/handler/h_routed_npdu.c ****                 network_control_handler(src, DNET_list, &npdu_data,
 286:../src/middleware/bacnet/demo/handler/h_routed_npdu.c ****                     &pdu[apdu_offset], (uint16_t) (pdu_len - apdu_offset));
 287:../src/middleware/bacnet/demo/handler/h_routed_npdu.c ****             } else {
 288:../src/middleware/bacnet/demo/handler/h_routed_npdu.c ****                 /* The DNET is set, but we don't support downstream routers,
 289:../src/middleware/bacnet/demo/handler/h_routed_npdu.c ****                  * so we just silently drop this network layer message,
 290:../src/middleware/bacnet/demo/handler/h_routed_npdu.c ****                  * since only routers can handle it (even if for our DNET) */
 291:../src/middleware/bacnet/demo/handler/h_routed_npdu.c ****             }
 292:../src/middleware/bacnet/demo/handler/h_routed_npdu.c ****         } else if (apdu_offset <= pdu_len) {
 293:../src/middleware/bacnet/demo/handler/h_routed_npdu.c ****             if ((dest.net == 0) || (npdu_data.hop_count > 1))
 294:../src/middleware/bacnet/demo/handler/h_routed_npdu.c ****                 routed_apdu_handler(src, &dest, DNET_list, &pdu[apdu_offset],
 295:../src/middleware/bacnet/demo/handler/h_routed_npdu.c ****                     (uint16_t) (pdu_len - apdu_offset));
 296:../src/middleware/bacnet/demo/handler/h_routed_npdu.c ****             /* Else, hop_count bottomed out and we discard this one. */
 297:../src/middleware/bacnet/demo/handler/h_routed_npdu.c ****         }
 298:../src/middleware/bacnet/demo/handler/h_routed_npdu.c ****     } else {
 299:../src/middleware/bacnet/demo/handler/h_routed_npdu.c ****         /* Should we send NETWORK_MESSAGE_REJECT_MESSAGE_TO_NETWORK? */
 300:../src/middleware/bacnet/demo/handler/h_routed_npdu.c ****         debug_printf
 301:../src/middleware/bacnet/demo/handler/h_routed_npdu.c ****             ("NPDU: Unsupported BACnet Protocol Version=%u.  Discarded!\n",
 302:../src/middleware/bacnet/demo/handler/h_routed_npdu.c ****             (unsigned) pdu[0]);
 303:../src/middleware/bacnet/demo/handler/h_routed_npdu.c ****     }
 304:../src/middleware/bacnet/demo/handler/h_routed_npdu.c **** 
 305:../src/middleware/bacnet/demo/handler/h_routed_npdu.c ****     return;
 461              		.loc 1 305 5
 462 007e D1A8     		j	.L47
 463              	.L39:
 283:../src/middleware/bacnet/demo/handler/h_routed_npdu.c ****         } else if (npdu_data.network_layer_message) {
 464              		.loc 1 283 29
 465 0080 8347A4FC 		lbu	a5,-54(s0)
 283:../src/middleware/bacnet/demo/handler/h_routed_npdu.c ****         } else if (npdu_data.network_layer_message) {
 466              		.loc 1 283 19
 467 0084 A9CB     		beq	a5,zero,.L41
 284:../src/middleware/bacnet/demo/handler/h_routed_npdu.c ****                 network_control_handler(src, DNET_list, &npdu_data,
 468              		.loc 1 284 22
 469 0086 835704FE 		lhu	a5,-32(s0)
 284:../src/middleware/bacnet/demo/handler/h_routed_npdu.c ****                 network_control_handler(src, DNET_list, &npdu_data,
 470              		.loc 1 284 16
 471 008a 89CB     		beq	a5,zero,.L42
 284:../src/middleware/bacnet/demo/handler/h_routed_npdu.c ****                 network_control_handler(src, DNET_list, &npdu_data,
 472              		.loc 1 284 41 discriminator 1
 473 008c 835704FE 		lhu	a5,-32(s0)
 284:../src/middleware/bacnet/demo/handler/h_routed_npdu.c ****                 network_control_handler(src, DNET_list, &npdu_data,
 474              		.loc 1 284 33 discriminator 1
 475 0090 1B870700 		sext.w	a4,a5
 476 0094 C167     		li	a5,65536
 477 0096 FD17     		addi	a5,a5,-1
 478 0098 631DF70A 		bne	a4,a5,.L47
 479              	.L42:
 285:../src/middleware/bacnet/demo/handler/h_routed_npdu.c ****                     &pdu[apdu_offset], (uint16_t) (pdu_len - apdu_offset));
 480              		.loc 1 285 17
 481 009c 8327C4FE 		lw	a5,-20(s0)
 482 00a0 033784FA 		ld	a4,-88(s0)
 483 00a4 B306F700 		add	a3,a4,a5
 484 00a8 8327C4FE 		lw	a5,-20(s0)
 485 00ac C217     		slli	a5,a5,48
 486 00ae C193     		srli	a5,a5,48
 487 00b0 035764FA 		lhu	a4,-90(s0)
 488 00b4 BB07F740 		subw	a5,a4,a5
 489 00b8 13970703 		slli	a4,a5,48
 490 00bc 4193     		srli	a4,a4,48
 491 00be 930784FC 		addi	a5,s0,-56
 492 00c2 3E86     		mv	a2,a5
 493 00c4 833504FB 		ld	a1,-80(s0)
 494 00c8 033584FB 		ld	a0,-72(s0)
 495 00cc 97000000 		call	network_control_handler
 495      E7800000 
 496              		.loc 1 305 5
 497 00d4 BDA8     		j	.L47
 498              	.L41:
 292:../src/middleware/bacnet/demo/handler/h_routed_npdu.c ****             if ((dest.net == 0) || (npdu_data.hop_count > 1))
 499              		.loc 1 292 32
 500 00d6 835764FA 		lhu	a5,-90(s0)
 501 00da 1B870700 		sext.w	a4,a5
 292:../src/middleware/bacnet/demo/handler/h_routed_npdu.c ****             if ((dest.net == 0) || (npdu_data.hop_count > 1))
 502              		.loc 1 292 19
 503 00de 8327C4FE 		lw	a5,-20(s0)
 504 00e2 8127     		sext.w	a5,a5
 505 00e4 6347F706 		bgt	a5,a4,.L47
 293:../src/middleware/bacnet/demo/handler/h_routed_npdu.c ****                 routed_apdu_handler(src, &dest, DNET_list, &pdu[apdu_offset],
 506              		.loc 1 293 22
 507 00e8 835704FE 		lhu	a5,-32(s0)
 293:../src/middleware/bacnet/demo/handler/h_routed_npdu.c ****                 routed_apdu_handler(src, &dest, DNET_list, &pdu[apdu_offset],
 508              		.loc 1 293 16
 509 00ec 99C7     		beq	a5,zero,.L44
 293:../src/middleware/bacnet/demo/handler/h_routed_npdu.c ****                 routed_apdu_handler(src, &dest, DNET_list, &pdu[apdu_offset],
 510              		.loc 1 293 46 discriminator 1
 511 00ee 834764FD 		lbu	a5,-42(s0)
 293:../src/middleware/bacnet/demo/handler/h_routed_npdu.c ****                 routed_apdu_handler(src, &dest, DNET_list, &pdu[apdu_offset],
 512              		.loc 1 293 33 discriminator 1
 513 00f2 3E87     		mv	a4,a5
 514 00f4 8547     		li	a5,1
 515 00f6 63FEE704 		bleu	a4,a5,.L47
 516              	.L44:
 294:../src/middleware/bacnet/demo/handler/h_routed_npdu.c ****                     (uint16_t) (pdu_len - apdu_offset));
 517              		.loc 1 294 17
 518 00fa 8327C4FE 		lw	a5,-20(s0)
 519 00fe 033784FA 		ld	a4,-88(s0)
 520 0102 B306F700 		add	a3,a4,a5
 521 0106 8327C4FE 		lw	a5,-20(s0)
 522 010a C217     		slli	a5,a5,48
 523 010c C193     		srli	a5,a5,48
 524 010e 035764FA 		lhu	a4,-90(s0)
 525 0112 BB07F740 		subw	a5,a4,a5
 526 0116 13970703 		slli	a4,a5,48
 527 011a 4193     		srli	a4,a4,48
 528 011c 930784FD 		addi	a5,s0,-40
 529 0120 033604FB 		ld	a2,-80(s0)
 530 0124 BE85     		mv	a1,a5
 531 0126 033584FB 		ld	a0,-72(s0)
 532 012a 97000000 		call	routed_apdu_handler
 532      E7800000 
 533              		.loc 1 305 5
 534 0132 05A0     		j	.L47
 535              	.L38:
 302:../src/middleware/bacnet/demo/handler/h_routed_npdu.c ****     }
 536              		.loc 1 302 27
 537 0134 833784FA 		ld	a5,-88(s0)
 538 0138 83C70700 		lbu	a5,0(a5)
 300:../src/middleware/bacnet/demo/handler/h_routed_npdu.c ****             ("NPDU: Unsupported BACnet Protocol Version=%u.  Discarded!\n",
 539              		.loc 1 300 9
 540 013c 8127     		sext.w	a5,a5
 541 013e BE85     		mv	a1,a5
 542 0140 17050000 		lla	a0,.LC7
 542      13050500 
 543 0148 97000000 		call	debug_printf
 543      E7800000 
 544              		.loc 1 305 5
 545 0150 0100     		nop
 546              	.L47:
 547 0152 0100     		nop
 306:../src/middleware/bacnet/demo/handler/h_routed_npdu.c **** }
 548              		.loc 1 306 1
 549 0154 E660     		ld	ra,88(sp)
 550              		.cfi_restore 1
 551 0156 4664     		ld	s0,80(sp)
 552              		.cfi_restore 8
 553              		.cfi_def_cfa 2, 96
 554 0158 2561     		addi	sp,sp,96
 555              		.cfi_def_cfa_offset 0
 556 015a 8280     		jr	ra
 557              		.cfi_endproc
 558              	.LFE6:
 560              		.text
 561              	.Letext0:
 562              		.file 2 "c:\\microchip\\softconsole-v2022.2-risc-v-747\\riscv-unknown-elf-gcc\\riscv64-unknown-elf
 563              		.file 3 "c:\\microchip\\softconsole-v2022.2-risc-v-747\\riscv-unknown-elf-gcc\\riscv64-unknown-elf
 564              		.file 4 "C:\\Users\\zero6575\\Libero\\fpga_labor\\fpga_labor\\software\\mpfs-mac-mcc-stack\\src\\m
 565              		.file 5 "C:\\Users\\zero6575\\Libero\\fpga_labor\\fpga_labor\\software\\mpfs-mac-mcc-stack\\src\\m
 566              		.file 6 "C:\\Users\\zero6575\\Libero\\fpga_labor\\fpga_labor\\software\\mpfs-mac-mcc-stack\\src\\m
 567              		.file 7 "c:\\microchip\\softconsole-v2022.2-risc-v-747\\riscv-unknown-elf-gcc\\lib\\gcc\\riscv64-u
 568              		.file 8 "c:\\microchip\\softconsole-v2022.2-risc-v-747\\riscv-unknown-elf-gcc\\riscv64-unknown-elf
 569              		.file 9 "c:\\microchip\\softconsole-v2022.2-risc-v-747\\riscv-unknown-elf-gcc\\riscv64-unknown-elf
 570              		.file 10 "c:\\microchip\\softconsole-v2022.2-risc-v-747\\riscv-unknown-elf-gcc\\riscv64-unknown-el
 571              		.file 11 "c:\\microchip\\softconsole-v2022.2-risc-v-747\\riscv-unknown-elf-gcc\\riscv64-unknown-el
 572              		.file 12 "C:\\Users\\zero6575\\Libero\\fpga_labor\\fpga_labor\\software\\mpfs-mac-mcc-stack\\src\\
DEFINED SYMBOLS
                            *ABS*:0000000000000000 h_routed_npdu.c
C:\Users\zero6575\AppData\Local\Temp\ccix7ZOm.s:31     .text.network_control_handler:0000000000000000 network_control_handler
C:\Users\zero6575\AppData\Local\Temp\ccix7ZOm.s:35     .text.network_control_handler:0000000000000000 .L0 
C:\Users\zero6575\AppData\Local\Temp\ccix7ZOm.s:36     .text.network_control_handler:0000000000000000 .L0 
C:\Users\zero6575\AppData\Local\Temp\ccix7ZOm.s:37     .text.network_control_handler:0000000000000002 .L0 
C:\Users\zero6575\AppData\Local\Temp\ccix7ZOm.s:40     .text.network_control_handler:0000000000000006 .L0 
C:\Users\zero6575\AppData\Local\Temp\ccix7ZOm.s:41     .text.network_control_handler:0000000000000006 .L0 
C:\Users\zero6575\AppData\Local\Temp\ccix7ZOm.s:43     .text.network_control_handler:0000000000000008 .L0 
C:\Users\zero6575\AppData\Local\Temp\ccix7ZOm.s:51     .text.network_control_handler:000000000000001e .L0 
C:\Users\zero6575\AppData\Local\Temp\ccix7ZOm.s:53     .text.network_control_handler:0000000000000022 .L0 
C:\Users\zero6575\AppData\Local\Temp\ccix7ZOm.s:55     .text.network_control_handler:0000000000000026 .L0 
C:\Users\zero6575\AppData\Local\Temp\ccix7ZOm.s:57     .text.network_control_handler:000000000000002a .L0 
C:\Users\zero6575\AppData\Local\Temp\ccix7ZOm.s:60     .text.network_control_handler:0000000000000030 .L0 
C:\Users\zero6575\AppData\Local\Temp\ccix7ZOm.s:88     .text.network_control_handler:0000000000000058 .L0 
C:\Users\zero6575\AppData\Local\Temp\ccix7ZOm.s:94     .text.network_control_handler:0000000000000066 .L0 
C:\Users\zero6575\AppData\Local\Temp\ccix7ZOm.s:103    .text.network_control_handler:0000000000000082 .L0 
C:\Users\zero6575\AppData\Local\Temp\ccix7ZOm.s:109    .text.network_control_handler:0000000000000090 .L0 
C:\Users\zero6575\AppData\Local\Temp\ccix7ZOm.s:112    .text.network_control_handler:0000000000000098 .L0 
C:\Users\zero6575\AppData\Local\Temp\ccix7ZOm.s:115    .text.network_control_handler:000000000000009e .L0 
C:\Users\zero6575\AppData\Local\Temp\ccix7ZOm.s:117    .text.network_control_handler:00000000000000a2 .L0 
C:\Users\zero6575\AppData\Local\Temp\ccix7ZOm.s:121    .text.network_control_handler:00000000000000ae .L0 
C:\Users\zero6575\AppData\Local\Temp\ccix7ZOm.s:124    .text.network_control_handler:00000000000000b0 .L0 
C:\Users\zero6575\AppData\Local\Temp\ccix7ZOm.s:127    .text.network_control_handler:00000000000000bc .L0 
C:\Users\zero6575\AppData\Local\Temp\ccix7ZOm.s:130    .text.network_control_handler:00000000000000be .L0 
C:\Users\zero6575\AppData\Local\Temp\ccix7ZOm.s:137    .text.network_control_handler:00000000000000dc .L0 
C:\Users\zero6575\AppData\Local\Temp\ccix7ZOm.s:140    .text.network_control_handler:00000000000000de .L0 
C:\Users\zero6575\AppData\Local\Temp\ccix7ZOm.s:149    .text.network_control_handler:00000000000000fa .L0 
C:\Users\zero6575\AppData\Local\Temp\ccix7ZOm.s:151    .text.network_control_handler:00000000000000fe .L0 
C:\Users\zero6575\AppData\Local\Temp\ccix7ZOm.s:157    .text.network_control_handler:0000000000000116 .L0 
C:\Users\zero6575\AppData\Local\Temp\ccix7ZOm.s:162    .text.network_control_handler:0000000000000126 .L0 
C:\Users\zero6575\AppData\Local\Temp\ccix7ZOm.s:167    .text.network_control_handler:0000000000000134 .L0 
C:\Users\zero6575\AppData\Local\Temp\ccix7ZOm.s:172    .text.network_control_handler:0000000000000142 .L0 
C:\Users\zero6575\AppData\Local\Temp\ccix7ZOm.s:176    .text.network_control_handler:0000000000000152 .L0 
C:\Users\zero6575\AppData\Local\Temp\ccix7ZOm.s:181    .text.network_control_handler:0000000000000160 .L0 
C:\Users\zero6575\AppData\Local\Temp\ccix7ZOm.s:184    .text.network_control_handler:0000000000000170 .L0 
C:\Users\zero6575\AppData\Local\Temp\ccix7ZOm.s:187    .text.network_control_handler:0000000000000172 .L0 
C:\Users\zero6575\AppData\Local\Temp\ccix7ZOm.s:192    .text.network_control_handler:0000000000000180 .L0 
C:\Users\zero6575\AppData\Local\Temp\ccix7ZOm.s:199    .text.network_control_handler:0000000000000196 .L0 
C:\Users\zero6575\AppData\Local\Temp\ccix7ZOm.s:206    .text.network_control_handler:00000000000001b4 .L0 
C:\Users\zero6575\AppData\Local\Temp\ccix7ZOm.s:209    .text.network_control_handler:00000000000001bc .L0 
C:\Users\zero6575\AppData\Local\Temp\ccix7ZOm.s:212    .text.network_control_handler:00000000000001c4 .L0 
C:\Users\zero6575\AppData\Local\Temp\ccix7ZOm.s:218    .text.network_control_handler:00000000000001da .L0 
C:\Users\zero6575\AppData\Local\Temp\ccix7ZOm.s:221    .text.network_control_handler:00000000000001dc .L0 
C:\Users\zero6575\AppData\Local\Temp\ccix7ZOm.s:225    .text.network_control_handler:00000000000001e4 .L0 
C:\Users\zero6575\AppData\Local\Temp\ccix7ZOm.s:228    .text.network_control_handler:00000000000001ec .L0 
C:\Users\zero6575\AppData\Local\Temp\ccix7ZOm.s:230    .text.network_control_handler:00000000000001ee .L0 
C:\Users\zero6575\AppData\Local\Temp\ccix7ZOm.s:234    .text.network_control_handler:00000000000001fc .L0 
C:\Users\zero6575\AppData\Local\Temp\ccix7ZOm.s:238    .text.network_control_handler:00000000000001fe .L0 
C:\Users\zero6575\AppData\Local\Temp\ccix7ZOm.s:241    .text.network_control_handler:0000000000000204 .L0 
C:\Users\zero6575\AppData\Local\Temp\ccix7ZOm.s:247    .text.network_control_handler:0000000000000216 .L0 
C:\Users\zero6575\AppData\Local\Temp\ccix7ZOm.s:250    .text.network_control_handler:0000000000000218 .L0 
C:\Users\zero6575\AppData\Local\Temp\ccix7ZOm.s:257    .text.network_control_handler:000000000000022e .L0 
C:\Users\zero6575\AppData\Local\Temp\ccix7ZOm.s:260    .text.network_control_handler:0000000000000230 .L0 
C:\Users\zero6575\AppData\Local\Temp\ccix7ZOm.s:264    .text.network_control_handler:0000000000000234 .L0 
C:\Users\zero6575\AppData\Local\Temp\ccix7ZOm.s:268    .text.network_control_handler:0000000000000238 .L0 
C:\Users\zero6575\AppData\Local\Temp\ccix7ZOm.s:272    .text.network_control_handler:000000000000023c .L0 
C:\Users\zero6575\AppData\Local\Temp\ccix7ZOm.s:275    .text.network_control_handler:000000000000023e .L0 
C:\Users\zero6575\AppData\Local\Temp\ccix7ZOm.s:277    .text.network_control_handler:0000000000000242 .L0 
C:\Users\zero6575\AppData\Local\Temp\ccix7ZOm.s:279    .text.network_control_handler:0000000000000244 .L0 
C:\Users\zero6575\AppData\Local\Temp\ccix7ZOm.s:280    .text.network_control_handler:0000000000000244 .L0 
C:\Users\zero6575\AppData\Local\Temp\ccix7ZOm.s:282    .text.network_control_handler:0000000000000246 .L0 
C:\Users\zero6575\AppData\Local\Temp\ccix7ZOm.s:284    .text.network_control_handler:0000000000000248 .L0 
C:\Users\zero6575\AppData\Local\Temp\ccix7ZOm.s:290    .text.routed_apdu_handler:0000000000000000 routed_apdu_handler
C:\Users\zero6575\AppData\Local\Temp\ccix7ZOm.s:293    .text.routed_apdu_handler:0000000000000000 .L0 
C:\Users\zero6575\AppData\Local\Temp\ccix7ZOm.s:294    .text.routed_apdu_handler:0000000000000000 .L0 
C:\Users\zero6575\AppData\Local\Temp\ccix7ZOm.s:295    .text.routed_apdu_handler:0000000000000002 .L0 
C:\Users\zero6575\AppData\Local\Temp\ccix7ZOm.s:298    .text.routed_apdu_handler:0000000000000006 .L0 
C:\Users\zero6575\AppData\Local\Temp\ccix7ZOm.s:299    .text.routed_apdu_handler:0000000000000006 .L0 
C:\Users\zero6575\AppData\Local\Temp\ccix7ZOm.s:301    .text.routed_apdu_handler:0000000000000008 .L0 
C:\Users\zero6575\AppData\Local\Temp\ccix7ZOm.s:309    .text.routed_apdu_handler:000000000000001e .L0 
C:\Users\zero6575\AppData\Local\Temp\ccix7ZOm.s:311    .text.routed_apdu_handler:0000000000000022 .L0 
C:\Users\zero6575\AppData\Local\Temp\ccix7ZOm.s:313    .text.routed_apdu_handler:0000000000000026 .L0 
C:\Users\zero6575\AppData\Local\Temp\ccix7ZOm.s:320    .text.routed_apdu_handler:000000000000003e .L0 
C:\Users\zero6575\AppData\Local\Temp\ccix7ZOm.s:323    .text.routed_apdu_handler:0000000000000046 .L0 
C:\Users\zero6575\AppData\Local\Temp\ccix7ZOm.s:326    .text.routed_apdu_handler:0000000000000048 .L0 
C:\Users\zero6575\AppData\Local\Temp\ccix7ZOm.s:329    .text.routed_apdu_handler:0000000000000052 .L0 
C:\Users\zero6575\AppData\Local\Temp\ccix7ZOm.s:334    .text.routed_apdu_handler:000000000000005a .L0 
C:\Users\zero6575\AppData\Local\Temp\ccix7ZOm.s:337    .text.routed_apdu_handler:0000000000000062 .L0 
C:\Users\zero6575\AppData\Local\Temp\ccix7ZOm.s:339    .text.routed_apdu_handler:0000000000000064 .L0 
C:\Users\zero6575\AppData\Local\Temp\ccix7ZOm.s:342    .text.routed_apdu_handler:000000000000006c .L0 
C:\Users\zero6575\AppData\Local\Temp\ccix7ZOm.s:348    .text.routed_apdu_handler:000000000000007e .L0 
C:\Users\zero6575\AppData\Local\Temp\ccix7ZOm.s:351    .text.routed_apdu_handler:0000000000000080 .L0 
C:\Users\zero6575\AppData\Local\Temp\ccix7ZOm.s:357    .text.routed_apdu_handler:0000000000000096 .L0 
C:\Users\zero6575\AppData\Local\Temp\ccix7ZOm.s:360    .text.routed_apdu_handler:000000000000009c .L0 
C:\Users\zero6575\AppData\Local\Temp\ccix7ZOm.s:362    .text.routed_apdu_handler:00000000000000a0 .L0 
C:\Users\zero6575\AppData\Local\Temp\ccix7ZOm.s:365    .text.routed_apdu_handler:00000000000000a4 .L0 
C:\Users\zero6575\AppData\Local\Temp\ccix7ZOm.s:372    .text.routed_apdu_handler:00000000000000bc .L0 
C:\Users\zero6575\AppData\Local\Temp\ccix7ZOm.s:377    .text.routed_apdu_handler:00000000000000c0 .L0 
C:\Users\zero6575\AppData\Local\Temp\ccix7ZOm.s:382    .text.routed_apdu_handler:00000000000000c4 .L0 
C:\Users\zero6575\AppData\Local\Temp\ccix7ZOm.s:386    .text.routed_apdu_handler:00000000000000c8 .L0 
C:\Users\zero6575\AppData\Local\Temp\ccix7ZOm.s:389    .text.routed_apdu_handler:00000000000000ca .L0 
C:\Users\zero6575\AppData\Local\Temp\ccix7ZOm.s:390    .text.routed_apdu_handler:00000000000000cc .L0 
C:\Users\zero6575\AppData\Local\Temp\ccix7ZOm.s:392    .text.routed_apdu_handler:00000000000000ce .L0 
C:\Users\zero6575\AppData\Local\Temp\ccix7ZOm.s:393    .text.routed_apdu_handler:00000000000000ce .L0 
C:\Users\zero6575\AppData\Local\Temp\ccix7ZOm.s:395    .text.routed_apdu_handler:00000000000000d0 .L0 
C:\Users\zero6575\AppData\Local\Temp\ccix7ZOm.s:397    .text.routed_apdu_handler:00000000000000d2 .L0 
C:\Users\zero6575\AppData\Local\Temp\ccix7ZOm.s:411    .text.routing_npdu_handler:0000000000000000 routing_npdu_handler
C:\Users\zero6575\AppData\Local\Temp\ccix7ZOm.s:414    .text.routing_npdu_handler:0000000000000000 .L0 
C:\Users\zero6575\AppData\Local\Temp\ccix7ZOm.s:415    .text.routing_npdu_handler:0000000000000000 .L0 
C:\Users\zero6575\AppData\Local\Temp\ccix7ZOm.s:416    .text.routing_npdu_handler:0000000000000002 .L0 
C:\Users\zero6575\AppData\Local\Temp\ccix7ZOm.s:419    .text.routing_npdu_handler:0000000000000006 .L0 
C:\Users\zero6575\AppData\Local\Temp\ccix7ZOm.s:420    .text.routing_npdu_handler:0000000000000006 .L0 
C:\Users\zero6575\AppData\Local\Temp\ccix7ZOm.s:422    .text.routing_npdu_handler:0000000000000008 .L0 
C:\Users\zero6575\AppData\Local\Temp\ccix7ZOm.s:429    .text.routing_npdu_handler:000000000000001a .L0 
C:\Users\zero6575\AppData\Local\Temp\ccix7ZOm.s:431    .text.routing_npdu_handler:000000000000001e .L0 
C:\Users\zero6575\AppData\Local\Temp\ccix7ZOm.s:435    .text.routing_npdu_handler:000000000000002a .L0 
C:\Users\zero6575\AppData\Local\Temp\ccix7ZOm.s:438    .text.routing_npdu_handler:0000000000000032 .L0 
C:\Users\zero6575\AppData\Local\Temp\ccix7ZOm.s:441    .text.routing_npdu_handler:000000000000003a .L0 
C:\Users\zero6575\AppData\Local\Temp\ccix7ZOm.s:445    .text.routing_npdu_handler:0000000000000042 .L0 
C:\Users\zero6575\AppData\Local\Temp\ccix7ZOm.s:455    .text.routing_npdu_handler:0000000000000064 .L0 
C:\Users\zero6575\AppData\Local\Temp\ccix7ZOm.s:459    .text.routing_npdu_handler:000000000000006e .L0 
C:\Users\zero6575\AppData\Local\Temp\ccix7ZOm.s:462    .text.routing_npdu_handler:000000000000007e .L0 
C:\Users\zero6575\AppData\Local\Temp\ccix7ZOm.s:465    .text.routing_npdu_handler:0000000000000080 .L0 
C:\Users\zero6575\AppData\Local\Temp\ccix7ZOm.s:467    .text.routing_npdu_handler:0000000000000084 .L0 
C:\Users\zero6575\AppData\Local\Temp\ccix7ZOm.s:469    .text.routing_npdu_handler:0000000000000086 .L0 
C:\Users\zero6575\AppData\Local\Temp\ccix7ZOm.s:471    .text.routing_npdu_handler:000000000000008a .L0 
C:\Users\zero6575\AppData\Local\Temp\ccix7ZOm.s:473    .text.routing_npdu_handler:000000000000008c .L0 
C:\Users\zero6575\AppData\Local\Temp\ccix7ZOm.s:475    .text.routing_npdu_handler:0000000000000090 .L0 
C:\Users\zero6575\AppData\Local\Temp\ccix7ZOm.s:481    .text.routing_npdu_handler:000000000000009c .L0 
C:\Users\zero6575\AppData\Local\Temp\ccix7ZOm.s:497    .text.routing_npdu_handler:00000000000000d4 .L0 
C:\Users\zero6575\AppData\Local\Temp\ccix7ZOm.s:500    .text.routing_npdu_handler:00000000000000d6 .L0 
C:\Users\zero6575\AppData\Local\Temp\ccix7ZOm.s:503    .text.routing_npdu_handler:00000000000000de .L0 
C:\Users\zero6575\AppData\Local\Temp\ccix7ZOm.s:507    .text.routing_npdu_handler:00000000000000e8 .L0 
C:\Users\zero6575\AppData\Local\Temp\ccix7ZOm.s:509    .text.routing_npdu_handler:00000000000000ec .L0 
C:\Users\zero6575\AppData\Local\Temp\ccix7ZOm.s:511    .text.routing_npdu_handler:00000000000000ee .L0 
C:\Users\zero6575\AppData\Local\Temp\ccix7ZOm.s:513    .text.routing_npdu_handler:00000000000000f2 .L0 
C:\Users\zero6575\AppData\Local\Temp\ccix7ZOm.s:518    .text.routing_npdu_handler:00000000000000fa .L0 
C:\Users\zero6575\AppData\Local\Temp\ccix7ZOm.s:534    .text.routing_npdu_handler:0000000000000132 .L0 
C:\Users\zero6575\AppData\Local\Temp\ccix7ZOm.s:537    .text.routing_npdu_handler:0000000000000134 .L0 
C:\Users\zero6575\AppData\Local\Temp\ccix7ZOm.s:540    .text.routing_npdu_handler:000000000000013c .L0 
C:\Users\zero6575\AppData\Local\Temp\ccix7ZOm.s:545    .text.routing_npdu_handler:0000000000000150 .L0 
C:\Users\zero6575\AppData\Local\Temp\ccix7ZOm.s:549    .text.routing_npdu_handler:0000000000000154 .L0 
C:\Users\zero6575\AppData\Local\Temp\ccix7ZOm.s:550    .text.routing_npdu_handler:0000000000000156 .L0 
C:\Users\zero6575\AppData\Local\Temp\ccix7ZOm.s:552    .text.routing_npdu_handler:0000000000000158 .L0 
C:\Users\zero6575\AppData\Local\Temp\ccix7ZOm.s:553    .text.routing_npdu_handler:0000000000000158 .L0 
C:\Users\zero6575\AppData\Local\Temp\ccix7ZOm.s:555    .text.routing_npdu_handler:000000000000015a .L0 
C:\Users\zero6575\AppData\Local\Temp\ccix7ZOm.s:557    .text.routing_npdu_handler:000000000000015c .L0 
C:\Users\zero6575\AppData\Local\Temp\ccix7ZOm.s:287    .text.network_control_handler:0000000000000248 .L0 
C:\Users\zero6575\AppData\Local\Temp\ccix7ZOm.s:400    .text.routed_apdu_handler:00000000000000d2 .L0 
C:\Users\zero6575\AppData\Local\Temp\ccix7ZOm.s:560    .text.routing_npdu_handler:000000000000015c .L0 
                     .debug_frame:0000000000000000 .L0 
C:\Users\zero6575\AppData\Local\Temp\ccix7ZOm.s:74     .rodata.network_control_handler:0000000000000000 .L4
C:\Users\zero6575\AppData\Local\Temp\ccix7ZOm.s:64     .text.network_control_handler:000000000000003c .L0 
C:\Users\zero6575\AppData\Local\Temp\ccix7ZOm.s:68     .text.network_control_handler:000000000000004c .L0 
C:\Users\zero6575\AppData\Local\Temp\ccix7ZOm.s:11     .rodata:0000000000000000 .LC0
C:\Users\zero6575\AppData\Local\Temp\ccix7ZOm.s:134    .text.network_control_handler:00000000000000cc .L0 
C:\Users\zero6575\AppData\Local\Temp\ccix7ZOm.s:14     .rodata:0000000000000018 .LC1
C:\Users\zero6575\AppData\Local\Temp\ccix7ZOm.s:154    .text.network_control_handler:0000000000000106 .L0 
C:\Users\zero6575\AppData\Local\Temp\ccix7ZOm.s:17     .rodata:0000000000000020 .LC2
C:\Users\zero6575\AppData\Local\Temp\ccix7ZOm.s:172    .text.network_control_handler:0000000000000142 .L0 
C:\Users\zero6575\AppData\Local\Temp\ccix7ZOm.s:20     .rodata:0000000000000028 .LC3
C:\Users\zero6575\AppData\Local\Temp\ccix7ZOm.s:181    .text.network_control_handler:0000000000000160 .L0 
C:\Users\zero6575\AppData\Local\Temp\ccix7ZOm.s:23     .rodata:0000000000000030 .LC4
C:\Users\zero6575\AppData\Local\Temp\ccix7ZOm.s:203    .text.network_control_handler:00000000000001a4 .L0 
C:\Users\zero6575\AppData\Local\Temp\ccix7ZOm.s:26     .rodata:0000000000000050 .LC5
C:\Users\zero6575\AppData\Local\Temp\ccix7ZOm.s:215    .text.network_control_handler:00000000000001ca .L0 
C:\Users\zero6575\AppData\Local\Temp\ccix7ZOm.s:248    .text.network_control_handler:0000000000000218 .L2
C:\Users\zero6575\AppData\Local\Temp\ccix7ZOm.s:122    .text.network_control_handler:00000000000000b0 .L12
C:\Users\zero6575\AppData\Local\Temp\ccix7ZOm.s:262    .text.network_control_handler:0000000000000234 .L22
C:\Users\zero6575\AppData\Local\Temp\ccix7ZOm.s:174    .text.network_control_handler:0000000000000152 .L16
C:\Users\zero6575\AppData\Local\Temp\ccix7ZOm.s:138    .text.network_control_handler:00000000000000de .L17
C:\Users\zero6575\AppData\Local\Temp\ccix7ZOm.s:273    .text.network_control_handler:000000000000023e .L15
C:\Users\zero6575\AppData\Local\Temp\ccix7ZOm.s:266    .text.network_control_handler:0000000000000238 .L23
C:\Users\zero6575\AppData\Local\Temp\ccix7ZOm.s:270    .text.network_control_handler:000000000000023c .L24
C:\Users\zero6575\AppData\Local\Temp\ccix7ZOm.s:235    .text.network_control_handler:00000000000001fe .L19
C:\Users\zero6575\AppData\Local\Temp\ccix7ZOm.s:86     .text.network_control_handler:0000000000000058 .L11
C:\Users\zero6575\AppData\Local\Temp\ccix7ZOm.s:128    .text.network_control_handler:00000000000000be .L10
C:\Users\zero6575\AppData\Local\Temp\ccix7ZOm.s:258    .text.network_control_handler:0000000000000230 .L21
C:\Users\zero6575\AppData\Local\Temp\ccix7ZOm.s:185    .text.network_control_handler:0000000000000172 .L8
C:\Users\zero6575\AppData\Local\Temp\ccix7ZOm.s:219    .text.network_control_handler:00000000000001dc .L6
C:\Users\zero6575\AppData\Local\Temp\ccix7ZOm.s:363    .text.routed_apdu_handler:00000000000000a4 .L30
C:\Users\zero6575\AppData\Local\Temp\ccix7ZOm.s:374    .text.routed_apdu_handler:00000000000000c0 .L34
C:\Users\zero6575\AppData\Local\Temp\ccix7ZOm.s:379    .text.routed_apdu_handler:00000000000000c4 .L35
C:\Users\zero6575\AppData\Local\Temp\ccix7ZOm.s:384    .text.routed_apdu_handler:00000000000000c8 .L36
C:\Users\zero6575\AppData\Local\Temp\ccix7ZOm.s:349    .text.routed_apdu_handler:0000000000000080 .L32
C:\Users\zero6575\AppData\Local\Temp\ccix7ZOm.s:387    .text.routed_apdu_handler:00000000000000ca .L25
C:\Users\zero6575\AppData\Local\Temp\ccix7ZOm.s:402    .rodata:0000000000000068 .LC6
C:\Users\zero6575\AppData\Local\Temp\ccix7ZOm.s:459    .text.routing_npdu_handler:000000000000006e .L0 
C:\Users\zero6575\AppData\Local\Temp\ccix7ZOm.s:405    .rodata:0000000000000090 .LC7
C:\Users\zero6575\AppData\Local\Temp\ccix7ZOm.s:542    .text.routing_npdu_handler:0000000000000140 .L0 
C:\Users\zero6575\AppData\Local\Temp\ccix7ZOm.s:535    .text.routing_npdu_handler:0000000000000134 .L38
C:\Users\zero6575\AppData\Local\Temp\ccix7ZOm.s:463    .text.routing_npdu_handler:0000000000000080 .L39
C:\Users\zero6575\AppData\Local\Temp\ccix7ZOm.s:546    .text.routing_npdu_handler:0000000000000152 .L47
C:\Users\zero6575\AppData\Local\Temp\ccix7ZOm.s:498    .text.routing_npdu_handler:00000000000000d6 .L41
C:\Users\zero6575\AppData\Local\Temp\ccix7ZOm.s:479    .text.routing_npdu_handler:000000000000009c .L42
C:\Users\zero6575\AppData\Local\Temp\ccix7ZOm.s:516    .text.routing_npdu_handler:00000000000000fa .L44
C:\Users\zero6575\AppData\Local\Temp\ccix7ZOm.s:2417   .debug_abbrev:0000000000000000 .Ldebug_abbrev0
C:\Users\zero6575\AppData\Local\Temp\ccix7ZOm.s:8386   .debug_str:00000000000036ad .LASF1345
C:\Users\zero6575\AppData\Local\Temp\ccix7ZOm.s:8076   .debug_str:00000000000025a0 .LASF1346
C:\Users\zero6575\AppData\Local\Temp\ccix7ZOm.s:8062   .debug_str:0000000000002389 .LASF1347
C:\Users\zero6575\AppData\Local\Temp\ccix7ZOm.s:3071   .debug_ranges:0000000000000000 .Ldebug_ranges0
C:\Users\zero6575\AppData\Local\Temp\ccix7ZOm.s:7410   .debug_line:0000000000000000 .Ldebug_line0
C:\Users\zero6575\AppData\Local\Temp\ccix7ZOm.s:3087   .debug_macro:0000000000000000 .Ldebug_macro0
C:\Users\zero6575\AppData\Local\Temp\ccix7ZOm.s:8872   .debug_str:00000000000051e1 .LASF1135
C:\Users\zero6575\AppData\Local\Temp\ccix7ZOm.s:7464   .debug_str:00000000000002cf .LASF1138
C:\Users\zero6575\AppData\Local\Temp\ccix7ZOm.s:7734   .debug_str:00000000000010ba .LASF1136
C:\Users\zero6575\AppData\Local\Temp\ccix7ZOm.s:10062  .debug_str:000000000000901d .LASF1137
C:\Users\zero6575\AppData\Local\Temp\ccix7ZOm.s:7980   .debug_str:0000000000001f42 .LASF1139
C:\Users\zero6575\AppData\Local\Temp\ccix7ZOm.s:8868   .debug_str:00000000000051b8 .LASF1140
C:\Users\zero6575\AppData\Local\Temp\ccix7ZOm.s:10028  .debug_str:0000000000008e05 .LASF1141
C:\Users\zero6575\AppData\Local\Temp\ccix7ZOm.s:9064   .debug_str:0000000000005bec .LASF1142
C:\Users\zero6575\AppData\Local\Temp\ccix7ZOm.s:9192   .debug_str:000000000000632b .LASF1143
C:\Users\zero6575\AppData\Local\Temp\ccix7ZOm.s:8398   .debug_str:00000000000037d5 .LASF1144
C:\Users\zero6575\AppData\Local\Temp\ccix7ZOm.s:7556   .debug_str:0000000000000699 .LASF1145
C:\Users\zero6575\AppData\Local\Temp\ccix7ZOm.s:9858   .debug_str:0000000000008541 .LASF1146
C:\Users\zero6575\AppData\Local\Temp\ccix7ZOm.s:9166   .debug_str:00000000000061a3 .LASF1147
C:\Users\zero6575\AppData\Local\Temp\ccix7ZOm.s:9056   .debug_str:0000000000005b92 .LASF1148
C:\Users\zero6575\AppData\Local\Temp\ccix7ZOm.s:7894   .debug_str:0000000000001ace .LASF1149
C:\Users\zero6575\AppData\Local\Temp\ccix7ZOm.s:7502   .debug_str:000000000000049d .LASF1150
C:\Users\zero6575\AppData\Local\Temp\ccix7ZOm.s:8080   .debug_str:00000000000025f6 .LASF1151
C:\Users\zero6575\AppData\Local\Temp\ccix7ZOm.s:8560   .debug_str:0000000000004021 .LASF1152
C:\Users\zero6575\AppData\Local\Temp\ccix7ZOm.s:9774   .debug_str:00000000000080db .LASF1153
C:\Users\zero6575\AppData\Local\Temp\ccix7ZOm.s:8416   .debug_str:00000000000038e3 .LASF1154
C:\Users\zero6575\AppData\Local\Temp\ccix7ZOm.s:10010  .debug_str:0000000000008d09 .LASF1155
C:\Users\zero6575\AppData\Local\Temp\ccix7ZOm.s:9126   .debug_str:0000000000005fbe .LASF1156
C:\Users\zero6575\AppData\Local\Temp\ccix7ZOm.s:8384   .debug_str:0000000000003688 .LASF1157
C:\Users\zero6575\AppData\Local\Temp\ccix7ZOm.s:9384   .debug_str:0000000000006d3d .LASF1158
C:\Users\zero6575\AppData\Local\Temp\ccix7ZOm.s:9046   .debug_str:0000000000005b0f .LASF1159
C:\Users\zero6575\AppData\Local\Temp\ccix7ZOm.s:9910   .debug_str:00000000000087cb .LASF1160
C:\Users\zero6575\AppData\Local\Temp\ccix7ZOm.s:8482   .debug_str:0000000000003bf9 .LASF1161
C:\Users\zero6575\AppData\Local\Temp\ccix7ZOm.s:8934   .debug_str:000000000000548e .LASF1162
C:\Users\zero6575\AppData\Local\Temp\ccix7ZOm.s:8536   .debug_str:0000000000003e80 .LASF1163
C:\Users\zero6575\AppData\Local\Temp\ccix7ZOm.s:8204   .debug_str:0000000000002cb1 .LASF1164
C:\Users\zero6575\AppData\Local\Temp\ccix7ZOm.s:10086  .debug_str:00000000000090ef .LASF1165
C:\Users\zero6575\AppData\Local\Temp\ccix7ZOm.s:9364   .debug_str:0000000000006c1e .LASF1166
C:\Users\zero6575\AppData\Local\Temp\ccix7ZOm.s:8268   .debug_str:0000000000003035 .LASF1167
C:\Users\zero6575\AppData\Local\Temp\ccix7ZOm.s:7952   .debug_str:0000000000001dc8 .LASF1168
C:\Users\zero6575\AppData\Local\Temp\ccix7ZOm.s:7868   .debug_str:0000000000001978 .LASF1169
C:\Users\zero6575\AppData\Local\Temp\ccix7ZOm.s:9696   .debug_str:0000000000007cd7 .LASF1170
C:\Users\zero6575\AppData\Local\Temp\ccix7ZOm.s:7670   .debug_str:0000000000000d50 .LASF1171
C:\Users\zero6575\AppData\Local\Temp\ccix7ZOm.s:9870   .debug_str:00000000000085e3 .LASF1172
C:\Users\zero6575\AppData\Local\Temp\ccix7ZOm.s:9420   .debug_str:0000000000006f07 .LASF1173
C:\Users\zero6575\AppData\Local\Temp\ccix7ZOm.s:7696   .debug_str:0000000000000e81 .LASF1174
C:\Users\zero6575\AppData\Local\Temp\ccix7ZOm.s:9678   .debug_str:0000000000007bf1 .LASF1175
C:\Users\zero6575\AppData\Local\Temp\ccix7ZOm.s:8030   .debug_str:00000000000021e1 .LASF1176
C:\Users\zero6575\AppData\Local\Temp\ccix7ZOm.s:9826   .debug_str:000000000000833b .LASF1177
C:\Users\zero6575\AppData\Local\Temp\ccix7ZOm.s:9430   .debug_str:0000000000006f78 .LASF1178
C:\Users\zero6575\AppData\Local\Temp\ccix7ZOm.s:8452   .debug_str:0000000000003ad9 .LASF1179
C:\Users\zero6575\AppData\Local\Temp\ccix7ZOm.s:9124   .debug_str:0000000000005f9b .LASF1180
C:\Users\zero6575\AppData\Local\Temp\ccix7ZOm.s:8130   .debug_str:0000000000002865 .LASF1181
C:\Users\zero6575\AppData\Local\Temp\ccix7ZOm.s:8978   .debug_str:00000000000056bf .LASF1182
C:\Users\zero6575\AppData\Local\Temp\ccix7ZOm.s:8718   .debug_str:0000000000004837 .LASF1183
C:\Users\zero6575\AppData\Local\Temp\ccix7ZOm.s:9950   .debug_str:0000000000008a8a .LASF1184
C:\Users\zero6575\AppData\Local\Temp\ccix7ZOm.s:9296   .debug_str:00000000000068a8 .LASF1185
C:\Users\zero6575\AppData\Local\Temp\ccix7ZOm.s:8402   .debug_str:00000000000037ed .LASF1186
C:\Users\zero6575\AppData\Local\Temp\ccix7ZOm.s:8804   .debug_str:0000000000004db0 .LASF1187
C:\Users\zero6575\AppData\Local\Temp\ccix7ZOm.s:9342   .debug_str:0000000000006b3f .LASF1188
C:\Users\zero6575\AppData\Local\Temp\ccix7ZOm.s:9480   .debug_str:00000000000071ce .LASF1189
C:\Users\zero6575\AppData\Local\Temp\ccix7ZOm.s:8582   .debug_str:0000000000004120 .LASF1190
C:\Users\zero6575\AppData\Local\Temp\ccix7ZOm.s:7890   .debug_str:0000000000001a62 .LASF1191
C:\Users\zero6575\AppData\Local\Temp\ccix7ZOm.s:8802   .debug_str:0000000000004d8c .LASF1192
C:\Users\zero6575\AppData\Local\Temp\ccix7ZOm.s:7770   .debug_str:00000000000012c1 .LASF1193
C:\Users\zero6575\AppData\Local\Temp\ccix7ZOm.s:8316   .debug_str:0000000000003376 .LASF1194
C:\Users\zero6575\AppData\Local\Temp\ccix7ZOm.s:8376   .debug_str:0000000000003623 .LASF1195
C:\Users\zero6575\AppData\Local\Temp\ccix7ZOm.s:9558   .debug_str:0000000000007541 .LASF1196
C:\Users\zero6575\AppData\Local\Temp\ccix7ZOm.s:8406   .debug_str:0000000000003820 .LASF1199
C:\Users\zero6575\AppData\Local\Temp\ccix7ZOm.s:7426   .debug_str:00000000000000ab .LASF1197
C:\Users\zero6575\AppData\Local\Temp\ccix7ZOm.s:8412   .debug_str:000000000000389b .LASF1198
C:\Users\zero6575\AppData\Local\Temp\ccix7ZOm.s:9246   .debug_str:0000000000006644 .LASF391
C:\Users\zero6575\AppData\Local\Temp\ccix7ZOm.s:9788   .debug_str:0000000000008178 .LASF1200
C:\Users\zero6575\AppData\Local\Temp\ccix7ZOm.s:8904   .debug_str:0000000000005372 .LASF1201
C:\Users\zero6575\AppData\Local\Temp\ccix7ZOm.s:7998   .debug_str:0000000000002020 .LASF1202
C:\Users\zero6575\AppData\Local\Temp\ccix7ZOm.s:7758   .debug_str:000000000000122c .LASF1203
C:\Users\zero6575\AppData\Local\Temp\ccix7ZOm.s:7748   .debug_str:000000000000119d .LASF1204
C:\Users\zero6575\AppData\Local\Temp\ccix7ZOm.s:10102  .debug_str:0000000000009185 .LASF1205
C:\Users\zero6575\AppData\Local\Temp\ccix7ZOm.s:9164   .debug_str:0000000000006199 .LASF1206
C:\Users\zero6575\AppData\Local\Temp\ccix7ZOm.s:9876   .debug_str:0000000000008625 .LASF1207
C:\Users\zero6575\AppData\Local\Temp\ccix7ZOm.s:7474   .debug_str:0000000000000368 .LASF1208
C:\Users\zero6575\AppData\Local\Temp\ccix7ZOm.s:9746   .debug_str:0000000000007f62 .LASF1209
C:\Users\zero6575\AppData\Local\Temp\ccix7ZOm.s:8492   .debug_str:0000000000003c72 .LASF1210
C:\Users\zero6575\AppData\Local\Temp\ccix7ZOm.s:8368   .debug_str:00000000000035d8 .LASF1211
C:\Users\zero6575\AppData\Local\Temp\ccix7ZOm.s:9464   .debug_str:000000000000712d .LASF1212
C:\Users\zero6575\AppData\Local\Temp\ccix7ZOm.s:8758   .debug_str:0000000000004b09 .LASF1213
C:\Users\zero6575\AppData\Local\Temp\ccix7ZOm.s:9020   .debug_str:000000000000599a .LASF1214
C:\Users\zero6575\AppData\Local\Temp\ccix7ZOm.s:8474   .debug_str:0000000000003bc5 .LASF1215
C:\Users\zero6575\AppData\Local\Temp\ccix7ZOm.s:8396   .debug_str:00000000000037cd .LASF1216
C:\Users\zero6575\AppData\Local\Temp\ccix7ZOm.s:9542   .debug_str:00000000000074a9 .LASF1217
C:\Users\zero6575\AppData\Local\Temp\ccix7ZOm.s:9496   .debug_str:000000000000725d .LASF1218
C:\Users\zero6575\AppData\Local\Temp\ccix7ZOm.s:8770   .debug_str:0000000000004b5f .LASF1219
C:\Users\zero6575\AppData\Local\Temp\ccix7ZOm.s:9048   .debug_str:0000000000005b2c .LASF1220
C:\Users\zero6575\AppData\Local\Temp\ccix7ZOm.s:9808   .debug_str:00000000000082a6 .LASF1221
C:\Users\zero6575\AppData\Local\Temp\ccix7ZOm.s:9302   .debug_str:00000000000068f3 .LASF1222
C:\Users\zero6575\AppData\Local\Temp\ccix7ZOm.s:8578   .debug_str:00000000000040f9 .LASF1223
C:\Users\zero6575\AppData\Local\Temp\ccix7ZOm.s:9148   .debug_str:00000000000060f5 .LASF1224
C:\Users\zero6575\AppData\Local\Temp\ccix7ZOm.s:9988   .debug_str:0000000000008c14 .LASF1225
C:\Users\zero6575\AppData\Local\Temp\ccix7ZOm.s:8088   .debug_str:0000000000002655 .LASF1226
C:\Users\zero6575\AppData\Local\Temp\ccix7ZOm.s:7932   .debug_str:0000000000001ce4 .LASF1227
C:\Users\zero6575\AppData\Local\Temp\ccix7ZOm.s:8670   .debug_str:00000000000045ba .LASF1228
C:\Users\zero6575\AppData\Local\Temp\ccix7ZOm.s:9992   .debug_str:0000000000008c51 .LASF1229
C:\Users\zero6575\AppData\Local\Temp\ccix7ZOm.s:8480   .debug_str:0000000000003bef .LASF1230
C:\Users\zero6575\AppData\Local\Temp\ccix7ZOm.s:8524   .debug_str:0000000000003e03 .LASF1231
C:\Users\zero6575\AppData\Local\Temp\ccix7ZOm.s:7524   .debug_str:0000000000000599 .LASF1232
C:\Users\zero6575\AppData\Local\Temp\ccix7ZOm.s:8210   .debug_str:0000000000002da6 .LASF1233
C:\Users\zero6575\AppData\Local\Temp\ccix7ZOm.s:8050   .debug_str:0000000000002309 .LASF1234
C:\Users\zero6575\AppData\Local\Temp\ccix7ZOm.s:7954   .debug_str:0000000000001def .LASF1235
C:\Users\zero6575\AppData\Local\Temp\ccix7ZOm.s:8052   .debug_str:0000000000002313 .LASF1236
C:\Users\zero6575\AppData\Local\Temp\ccix7ZOm.s:8678   .debug_str:000000000000463e .LASF1237
C:\Users\zero6575\AppData\Local\Temp\ccix7ZOm.s:8540   .debug_str:0000000000003eb0 .LASF1238
C:\Users\zero6575\AppData\Local\Temp\ccix7ZOm.s:8034   .debug_str:0000000000002230 .LASF1239
C:\Users\zero6575\AppData\Local\Temp\ccix7ZOm.s:7528   .debug_str:00000000000005b3 .LASF1240
C:\Users\zero6575\AppData\Local\Temp\ccix7ZOm.s:9548   .debug_str:00000000000074f7 .LASF1241
C:\Users\zero6575\AppData\Local\Temp\ccix7ZOm.s:7492   .debug_str:000000000000043a .LASF1242
C:\Users\zero6575\AppData\Local\Temp\ccix7ZOm.s:7540   .debug_str:0000000000000600 .LASF1243
C:\Users\zero6575\AppData\Local\Temp\ccix7ZOm.s:9484   .debug_str:00000000000071f2 .LASF1244
C:\Users\zero6575\AppData\Local\Temp\ccix7ZOm.s:7412   .debug_str:0000000000000000 .LASF1245
C:\Users\zero6575\AppData\Local\Temp\ccix7ZOm.s:8966   .debug_str:000000000000566c .LASF1246
C:\Users\zero6575\AppData\Local\Temp\ccix7ZOm.s:7888   .debug_str:0000000000001a5c .LASF1247
C:\Users\zero6575\AppData\Local\Temp\ccix7ZOm.s:8124   .debug_str:0000000000002811 .LASF1248
C:\Users\zero6575\AppData\Local\Temp\ccix7ZOm.s:7718   .debug_str:0000000000000fd2 .LASF1249
C:\Users\zero6575\AppData\Local\Temp\ccix7ZOm.s:7574   .debug_str:00000000000007d4 .LASF1250
C:\Users\zero6575\AppData\Local\Temp\ccix7ZOm.s:9466   .debug_str:0000000000007135 .LASF1251
C:\Users\zero6575\AppData\Local\Temp\ccix7ZOm.s:7774   .debug_str:00000000000012ef .LASF1252
C:\Users\zero6575\AppData\Local\Temp\ccix7ZOm.s:7818   .debug_str:0000000000001775 .LASF1253
C:\Users\zero6575\AppData\Local\Temp\ccix7ZOm.s:7858   .debug_str:0000000000001936 .LASF1254
C:\Users\zero6575\AppData\Local\Temp\ccix7ZOm.s:8514   .debug_str:0000000000003db0 .LASF1255
C:\Users\zero6575\AppData\Local\Temp\ccix7ZOm.s:8284   .debug_str:00000000000031a9 .LASF1256
C:\Users\zero6575\AppData\Local\Temp\ccix7ZOm.s:8064   .debug_str:00000000000023eb .LASF1257
C:\Users\zero6575\AppData\Local\Temp\ccix7ZOm.s:8028   .debug_str:00000000000021d9 .LASF1258
C:\Users\zero6575\AppData\Local\Temp\ccix7ZOm.s:7538   .debug_str:00000000000005fb .LASF1259
C:\Users\zero6575\AppData\Local\Temp\ccix7ZOm.s:9118   .debug_str:0000000000005eff .LASF1260
C:\Users\zero6575\AppData\Local\Temp\ccix7ZOm.s:9780   .debug_str:000000000000811e .LASF1261
C:\Users\zero6575\AppData\Local\Temp\ccix7ZOm.s:9756   .debug_str:0000000000007fcf .LASF1262
C:\Users\zero6575\AppData\Local\Temp\ccix7ZOm.s:9892   .debug_str:00000000000086db .LASF1263
C:\Users\zero6575\AppData\Local\Temp\ccix7ZOm.s:9442   .debug_str:0000000000006ff7 .LASF1264
C:\Users\zero6575\AppData\Local\Temp\ccix7ZOm.s:9702   .debug_str:0000000000007d28 .LASF1265
C:\Users\zero6575\AppData\Local\Temp\ccix7ZOm.s:7596   .debug_str:0000000000000954 .LASF1266
C:\Users\zero6575\AppData\Local\Temp\ccix7ZOm.s:8428   .debug_str:00000000000039a8 .LASF1267
C:\Users\zero6575\AppData\Local\Temp\ccix7ZOm.s:10032  .debug_str:0000000000008e3c .LASF1268
C:\Users\zero6575\AppData\Local\Temp\ccix7ZOm.s:8390   .debug_str:0000000000003787 .LASF1269
C:\Users\zero6575\AppData\Local\Temp\ccix7ZOm.s:9014   .debug_str:0000000000005964 .LASF1270
C:\Users\zero6575\AppData\Local\Temp\ccix7ZOm.s:7604   .debug_str:000000000000098d .LASF1271
C:\Users\zero6575\AppData\Local\Temp\ccix7ZOm.s:9434   .debug_str:0000000000006fa6 .LASF1272
C:\Users\zero6575\AppData\Local\Temp\ccix7ZOm.s:7878   .debug_str:00000000000019e2 .LASF1273
C:\Users\zero6575\AppData\Local\Temp\ccix7ZOm.s:8092   .debug_str:0000000000002664 .LASF1274
C:\Users\zero6575\AppData\Local\Temp\ccix7ZOm.s:8586   .debug_str:0000000000004148 .LASF1275
C:\Users\zero6575\AppData\Local\Temp\ccix7ZOm.s:9478   .debug_str:00000000000071c6 .LASF1276
C:\Users\zero6575\AppData\Local\Temp\ccix7ZOm.s:8596   .debug_str:0000000000004199 .LASF1277
C:\Users\zero6575\AppData\Local\Temp\ccix7ZOm.s:10074  .debug_str:0000000000009090 .LASF1278
C:\Users\zero6575\AppData\Local\Temp\ccix7ZOm.s:8146   .debug_str:0000000000002981 .LASF1279
C:\Users\zero6575\AppData\Local\Temp\ccix7ZOm.s:8846   .debug_str:0000000000005011 .LASF1280
C:\Users\zero6575\AppData\Local\Temp\ccix7ZOm.s:9244   .debug_str:000000000000663d .LASF1281
C:\Users\zero6575\AppData\Local\Temp\ccix7ZOm.s:9426   .debug_str:0000000000006f54 .LASF1282
C:\Users\zero6575\AppData\Local\Temp\ccix7ZOm.s:7644   .debug_str:0000000000000bc0 .LASF1283
C:\Users\zero6575\AppData\Local\Temp\ccix7ZOm.s:8216   .debug_str:0000000000002ddf .LASF1284
C:\Users\zero6575\AppData\Local\Temp\ccix7ZOm.s:8938   .debug_str:00000000000054be .LASF1285
C:\Users\zero6575\AppData\Local\Temp\ccix7ZOm.s:7642   .debug_str:0000000000000bba .LASF1286
C:\Users\zero6575\AppData\Local\Temp\ccix7ZOm.s:7488   .debug_str:0000000000000423 .LASF1287
C:\Users\zero6575\AppData\Local\Temp\ccix7ZOm.s:9868   .debug_str:00000000000085db .LASF1288
C:\Users\zero6575\AppData\Local\Temp\ccix7ZOm.s:9980   .debug_str:0000000000008bdd .LASF1289
C:\Users\zero6575\AppData\Local\Temp\ccix7ZOm.s:9250   .debug_str:0000000000006651 .LASF1290
C:\Users\zero6575\AppData\Local\Temp\ccix7ZOm.s:8506   .debug_str:0000000000003d52 .LASF1291
C:\Users\zero6575\AppData\Local\Temp\ccix7ZOm.s:9116   .debug_str:0000000000005ef9 .LASF1292
C:\Users\zero6575\AppData\Local\Temp\ccix7ZOm.s:10084  .debug_str:00000000000090e7 .LASF1293
C:\Users\zero6575\AppData\Local\Temp\ccix7ZOm.s:8844   .debug_str:000000000000500b .LASF1294
C:\Users\zero6575\AppData\Local\Temp\ccix7ZOm.s:8230   .debug_str:0000000000002e93 .LASF1295
C:\Users\zero6575\AppData\Local\Temp\ccix7ZOm.s:7716   .debug_str:0000000000000fcd .LASF1296
C:\Users\zero6575\AppData\Local\Temp\ccix7ZOm.s:9134   .debug_str:000000000000600e .LASF1297
C:\Users\zero6575\AppData\Local\Temp\ccix7ZOm.s:9670   .debug_str:0000000000007b94 .LASF1298
C:\Users\zero6575\AppData\Local\Temp\ccix7ZOm.s:9556   .debug_str:000000000000753a .LASF1299
C:\Users\zero6575\AppData\Local\Temp\ccix7ZOm.s:7866   .debug_str:0000000000001970 .LASF1300
C:\Users\zero6575\AppData\Local\Temp\ccix7ZOm.s:8024   .debug_str:00000000000021be .LASF1301
C:\Users\zero6575\AppData\Local\Temp\ccix7ZOm.s:9568   .debug_str:00000000000075d1 .LASF1302
C:\Users\zero6575\AppData\Local\Temp\ccix7ZOm.s:8912   .debug_str:00000000000053b5 .LASF1303
C:\Users\zero6575\AppData\Local\Temp\ccix7ZOm.s:9308   .debug_str:000000000000694d .LASF1304
C:\Users\zero6575\AppData\Local\Temp\ccix7ZOm.s:8810   .debug_str:0000000000004df9 .LASF1305
C:\Users\zero6575\AppData\Local\Temp\ccix7ZOm.s:9432   .debug_str:0000000000006f99 .LASF1306
C:\Users\zero6575\AppData\Local\Temp\ccix7ZOm.s:9080   .debug_str:0000000000005c91 .LASF1307
C:\Users\zero6575\AppData\Local\Temp\ccix7ZOm.s:7898   .debug_str:0000000000001b09 .LASF1308
C:\Users\zero6575\AppData\Local\Temp\ccix7ZOm.s:8976   .debug_str:00000000000056b5 .LASF1309
C:\Users\zero6575\AppData\Local\Temp\ccix7ZOm.s:9362   .debug_str:0000000000006c11 .LASF1310
C:\Users\zero6575\AppData\Local\Temp\ccix7ZOm.s:8250   .debug_str:0000000000002f4a .LASF1311
C:\Users\zero6575\AppData\Local\Temp\ccix7ZOm.s:8476   .debug_str:0000000000003bcc .LASF1312
C:\Users\zero6575\AppData\Local\Temp\ccix7ZOm.s:8084   .debug_str:000000000000262e .LASF1313
C:\Users\zero6575\AppData\Local\Temp\ccix7ZOm.s:8706   .debug_str:00000000000047b4 .LASF1314
C:\Users\zero6575\AppData\Local\Temp\ccix7ZOm.s:9030   .debug_str:0000000000005a49 .LASF1315
C:\Users\zero6575\AppData\Local\Temp\ccix7ZOm.s:9436   .debug_str:0000000000006fae .LASF1348
C:\Users\zero6575\AppData\Local\Temp\ccix7ZOm.s:8110   .debug_str:0000000000002759 .LASF1316
C:\Users\zero6575\AppData\Local\Temp\ccix7ZOm.s:9816   .debug_str:00000000000082df .LASF1317
C:\Users\zero6575\AppData\Local\Temp\ccix7ZOm.s:9758   .debug_str:0000000000007fe8 .LASF1318
C:\Users\zero6575\AppData\Local\Temp\ccix7ZOm.s:9416   .debug_str:0000000000006eed .LASF1319
C:\Users\zero6575\AppData\Local\Temp\ccix7ZOm.s:9750   .debug_str:0000000000007f8c .LASF1320
C:\Users\zero6575\AppData\Local\Temp\ccix7ZOm.s:7534   .debug_str:00000000000005e0 .LASF1321
C:\Users\zero6575\AppData\Local\Temp\ccix7ZOm.s:8094   .debug_str:000000000000266a .LASF1322
C:\Users\zero6575\AppData\Local\Temp\ccix7ZOm.s:9482   .debug_str:00000000000071eb .LASF1323
C:\Users\zero6575\AppData\Local\Temp\ccix7ZOm.s:9660   .debug_str:0000000000007b27 .LASF1324
C:\Users\zero6575\AppData\Local\Temp\ccix7ZOm.s:7842   .debug_str:0000000000001875 .LASF1325
C:\Users\zero6575\AppData\Local\Temp\ccix7ZOm.s:8604   .debug_str:00000000000041cd .LASF1326
C:\Users\zero6575\AppData\Local\Temp\ccix7ZOm.s:8090   .debug_str:000000000000265a .LASF1327
C:\Users\zero6575\AppData\Local\Temp\ccix7ZOm.s:7928   .debug_str:0000000000001cb6 .LASF1349
C:\Users\zero6575\AppData\Local\Temp\ccix7ZOm.s:412    .text.routing_npdu_handler:0000000000000000 .LFB6
C:\Users\zero6575\AppData\Local\Temp\ccix7ZOm.s:558    .text.routing_npdu_handler:000000000000015c .LFE6
C:\Users\zero6575\AppData\Local\Temp\ccix7ZOm.s:9896   .debug_str:0000000000008706 .LASF1328
C:\Users\zero6575\AppData\Local\Temp\ccix7ZOm.s:9248   .debug_str:0000000000006649 .LASF1329
C:\Users\zero6575\AppData\Local\Temp\ccix7ZOm.s:7934   .debug_str:0000000000001ce9 .LASF1330
C:\Users\zero6575\AppData\Local\Temp\ccix7ZOm.s:7860   .debug_str:000000000000193d .LASF1331
C:\Users\zero6575\AppData\Local\Temp\ccix7ZOm.s:9402   .debug_str:0000000000006e03 .LASF1332
C:\Users\zero6575\AppData\Local\Temp\ccix7ZOm.s:7902   .debug_str:0000000000001b30 .LASF1337
C:\Users\zero6575\AppData\Local\Temp\ccix7ZOm.s:291    .text.routed_apdu_handler:0000000000000000 .LFB5
C:\Users\zero6575\AppData\Local\Temp\ccix7ZOm.s:398    .text.routed_apdu_handler:00000000000000d2 .LFE5
C:\Users\zero6575\AppData\Local\Temp\ccix7ZOm.s:8764   .debug_str:0000000000004b35 .LASF1333
C:\Users\zero6575\AppData\Local\Temp\ccix7ZOm.s:8616   .debug_str:000000000000428e .LASF1334
C:\Users\zero6575\AppData\Local\Temp\ccix7ZOm.s:9886   .debug_str:000000000000869b .LASF1335
C:\Users\zero6575\AppData\Local\Temp\ccix7ZOm.s:8312   .debug_str:000000000000335d .LASF1336
C:\Users\zero6575\AppData\Local\Temp\ccix7ZOm.s:7510   .debug_str:000000000000051b .LASF1350
C:\Users\zero6575\AppData\Local\Temp\ccix7ZOm.s:7910   .debug_str:0000000000001b8b .LASF1338
C:\Users\zero6575\AppData\Local\Temp\ccix7ZOm.s:32     .text.network_control_handler:0000000000000000 .LFB4
C:\Users\zero6575\AppData\Local\Temp\ccix7ZOm.s:285    .text.network_control_handler:0000000000000248 .LFE4
C:\Users\zero6575\AppData\Local\Temp\ccix7ZOm.s:9586   .debug_str:00000000000076b6 .LASF1339
C:\Users\zero6575\AppData\Local\Temp\ccix7ZOm.s:9070   .debug_str:0000000000005c2c .LASF1340
C:\Users\zero6575\AppData\Local\Temp\ccix7ZOm.s:8834   .debug_str:0000000000004fa9 .LASF1341
C:\Users\zero6575\AppData\Local\Temp\ccix7ZOm.s:9584   .debug_str:00000000000076b1 .LASF1342
C:\Users\zero6575\AppData\Local\Temp\ccix7ZOm.s:92     .text.network_control_handler:0000000000000066 .LBB2
C:\Users\zero6575\AppData\Local\Temp\ccix7ZOm.s:119    .text.network_control_handler:00000000000000ae .LBE2
C:\Users\zero6575\AppData\Local\Temp\ccix7ZOm.s:8602   .debug_str:00000000000041c5 .LASF1343
C:\Users\zero6575\AppData\Local\Temp\ccix7ZOm.s:236    .text.network_control_handler:00000000000001fe .LBB3
C:\Users\zero6575\AppData\Local\Temp\ccix7ZOm.s:245    .text.network_control_handler:0000000000000216 .LBE3
C:\Users\zero6575\AppData\Local\Temp\ccix7ZOm.s:9674   .debug_str:0000000000007bbe .LASF1344
C:\Users\zero6575\AppData\Local\Temp\ccix7ZOm.s:574    .debug_info:0000000000000000 .Ldebug_info0
C:\Users\zero6575\AppData\Local\Temp\ccix7ZOm.s:324    .text.routed_apdu_handler:0000000000000048 .LBB4
C:\Users\zero6575\AppData\Local\Temp\ccix7ZOm.s:332    .text.routed_apdu_handler:000000000000005a .LBE4
C:\Users\zero6575\AppData\Local\Temp\ccix7ZOm.s:375    .text.routed_apdu_handler:00000000000000c0 .LBB5
C:\Users\zero6575\AppData\Local\Temp\ccix7ZOm.s:380    .text.routed_apdu_handler:00000000000000c4 .LBE5
C:\Users\zero6575\AppData\Local\Temp\ccix7ZOm.s:3846   .debug_macro:0000000000000000 .Ldebug_macro2
C:\Users\zero6575\AppData\Local\Temp\ccix7ZOm.s:4877   .debug_macro:0000000000000000 .Ldebug_macro3
C:\Users\zero6575\AppData\Local\Temp\ccix7ZOm.s:7418   .debug_str:0000000000000051 .LASF347
C:\Users\zero6575\AppData\Local\Temp\ccix7ZOm.s:9368   .debug_str:0000000000006c4e .LASF348
C:\Users\zero6575\AppData\Local\Temp\ccix7ZOm.s:9544   .debug_str:00000000000074b1 .LASF349
C:\Users\zero6575\AppData\Local\Temp\ccix7ZOm.s:4897   .debug_macro:0000000000000000 .Ldebug_macro4
C:\Users\zero6575\AppData\Local\Temp\ccix7ZOm.s:4917   .debug_macro:0000000000000000 .Ldebug_macro5
C:\Users\zero6575\AppData\Local\Temp\ccix7ZOm.s:4982   .debug_macro:0000000000000000 .Ldebug_macro6
C:\Users\zero6575\AppData\Local\Temp\ccix7ZOm.s:5023   .debug_macro:0000000000000000 .Ldebug_macro7
C:\Users\zero6575\AppData\Local\Temp\ccix7ZOm.s:5145   .debug_macro:0000000000000000 .Ldebug_macro8
C:\Users\zero6575\AppData\Local\Temp\ccix7ZOm.s:5201   .debug_macro:0000000000000000 .Ldebug_macro9
C:\Users\zero6575\AppData\Local\Temp\ccix7ZOm.s:8502   .debug_str:0000000000003d34 .LASF503
C:\Users\zero6575\AppData\Local\Temp\ccix7ZOm.s:9142   .debug_str:00000000000060a7 .LASF504
C:\Users\zero6575\AppData\Local\Temp\ccix7ZOm.s:5413   .debug_macro:0000000000000000 .Ldebug_macro10
C:\Users\zero6575\AppData\Local\Temp\ccix7ZOm.s:9982   .debug_str:0000000000008be4 .LASF558
C:\Users\zero6575\AppData\Local\Temp\ccix7ZOm.s:5577   .debug_macro:0000000000000000 .Ldebug_macro11
C:\Users\zero6575\AppData\Local\Temp\ccix7ZOm.s:5705   .debug_macro:0000000000000000 .Ldebug_macro12
C:\Users\zero6575\AppData\Local\Temp\ccix7ZOm.s:10092  .debug_str:000000000000912e .LASF624
C:\Users\zero6575\AppData\Local\Temp\ccix7ZOm.s:9900   .debug_str:0000000000008747 .LASF625
C:\Users\zero6575\AppData\Local\Temp\ccix7ZOm.s:9178   .debug_str:0000000000006208 .LASF626
C:\Users\zero6575\AppData\Local\Temp\ccix7ZOm.s:8960   .debug_str:0000000000005639 .LASF627
C:\Users\zero6575\AppData\Local\Temp\ccix7ZOm.s:9488   .debug_str:000000000000720f .LASF628
C:\Users\zero6575\AppData\Local\Temp\ccix7ZOm.s:5782   .debug_macro:0000000000000000 .Ldebug_macro13
C:\Users\zero6575\AppData\Local\Temp\ccix7ZOm.s:5916   .debug_macro:0000000000000000 .Ldebug_macro14
C:\Users\zero6575\AppData\Local\Temp\ccix7ZOm.s:5936   .debug_macro:0000000000000000 .Ldebug_macro15
C:\Users\zero6575\AppData\Local\Temp\ccix7ZOm.s:7666   .debug_str:0000000000000d26 .LASF680
C:\Users\zero6575\AppData\Local\Temp\ccix7ZOm.s:9400   .debug_str:0000000000006df7 .LASF681
C:\Users\zero6575\AppData\Local\Temp\ccix7ZOm.s:8862   .debug_str:0000000000005157 .LASF682
C:\Users\zero6575\AppData\Local\Temp\ccix7ZOm.s:7794   .debug_str:000000000000166a .LASF683
C:\Users\zero6575\AppData\Local\Temp\ccix7ZOm.s:5950   .debug_macro:0000000000000000 .Ldebug_macro16
C:\Users\zero6575\AppData\Local\Temp\ccix7ZOm.s:9068   .debug_str:0000000000005c1a .LASF694
C:\Users\zero6575\AppData\Local\Temp\ccix7ZOm.s:5985   .debug_macro:0000000000000000 .Ldebug_macro17
C:\Users\zero6575\AppData\Local\Temp\ccix7ZOm.s:5999   .debug_macro:0000000000000000 .Ldebug_macro18
C:\Users\zero6575\AppData\Local\Temp\ccix7ZOm.s:6028   .debug_macro:0000000000000000 .Ldebug_macro19
C:\Users\zero6575\AppData\Local\Temp\ccix7ZOm.s:6057   .debug_macro:0000000000000000 .Ldebug_macro20
C:\Users\zero6575\AppData\Local\Temp\ccix7ZOm.s:9280   .debug_str:0000000000006801 .LASF717
C:\Users\zero6575\AppData\Local\Temp\ccix7ZOm.s:6071   .debug_macro:0000000000000000 .Ldebug_macro21
C:\Users\zero6575\AppData\Local\Temp\ccix7ZOm.s:6097   .debug_macro:0000000000000000 .Ldebug_macro22
C:\Users\zero6575\AppData\Local\Temp\ccix7ZOm.s:8236   .debug_str:0000000000002ebf .LASF839
C:\Users\zero6575\AppData\Local\Temp\ccix7ZOm.s:6465   .debug_macro:0000000000000000 .Ldebug_macro23
C:\Users\zero6575\AppData\Local\Temp\ccix7ZOm.s:8354   .debug_str:0000000000003546 .LASF842
C:\Users\zero6575\AppData\Local\Temp\ccix7ZOm.s:8072   .debug_str:000000000000258a .LASF843
C:\Users\zero6575\AppData\Local\Temp\ccix7ZOm.s:6476   .debug_macro:0000000000000000 .Ldebug_macro24
C:\Users\zero6575\AppData\Local\Temp\ccix7ZOm.s:6490   .debug_macro:0000000000000000 .Ldebug_macro25
C:\Users\zero6575\AppData\Local\Temp\ccix7ZOm.s:10064  .debug_str:0000000000009027 .LASF848
C:\Users\zero6575\AppData\Local\Temp\ccix7ZOm.s:6522   .debug_macro:0000000000000000 .Ldebug_macro26
C:\Users\zero6575\AppData\Local\Temp\ccix7ZOm.s:6548   .debug_macro:0000000000000000 .Ldebug_macro27
C:\Users\zero6575\AppData\Local\Temp\ccix7ZOm.s:6559   .debug_macro:0000000000000000 .Ldebug_macro28
C:\Users\zero6575\AppData\Local\Temp\ccix7ZOm.s:6603   .debug_macro:0000000000000000 .Ldebug_macro29
C:\Users\zero6575\AppData\Local\Temp\ccix7ZOm.s:6782   .debug_macro:0000000000000000 .Ldebug_macro30
C:\Users\zero6575\AppData\Local\Temp\ccix7ZOm.s:9242   .debug_str:0000000000006627 .LASF930
C:\Users\zero6575\AppData\Local\Temp\ccix7ZOm.s:6793   .debug_macro:0000000000000000 .Ldebug_macro31
C:\Users\zero6575\AppData\Local\Temp\ccix7ZOm.s:6810   .debug_macro:0000000000000000 .Ldebug_macro32
C:\Users\zero6575\AppData\Local\Temp\ccix7ZOm.s:9498   .debug_str:0000000000007268 .LASF948
C:\Users\zero6575\AppData\Local\Temp\ccix7ZOm.s:9916   .debug_str:000000000000880d .LASF949
C:\Users\zero6575\AppData\Local\Temp\ccix7ZOm.s:6854   .debug_macro:0000000000000000 .Ldebug_macro33
C:\Users\zero6575\AppData\Local\Temp\ccix7ZOm.s:8388   .debug_str:0000000000003775 .LASF960
C:\Users\zero6575\AppData\Local\Temp\ccix7ZOm.s:8448   .debug_str:0000000000003ab2 .LASF961
C:\Users\zero6575\AppData\Local\Temp\ccix7ZOm.s:6889   .debug_macro:0000000000000000 .Ldebug_macro34
C:\Users\zero6575\AppData\Local\Temp\ccix7ZOm.s:6900   .debug_macro:0000000000000000 .Ldebug_macro35
C:\Users\zero6575\AppData\Local\Temp\ccix7ZOm.s:6935   .debug_macro:0000000000000000 .Ldebug_macro36
C:\Users\zero6575\AppData\Local\Temp\ccix7ZOm.s:7730   .debug_str:0000000000001086 .LASF1006
C:\Users\zero6575\AppData\Local\Temp\ccix7ZOm.s:7036   .debug_macro:0000000000000000 .Ldebug_macro37
C:\Users\zero6575\AppData\Local\Temp\ccix7ZOm.s:7053   .debug_macro:0000000000000000 .Ldebug_macro38
C:\Users\zero6575\AppData\Local\Temp\ccix7ZOm.s:8164   .debug_str:0000000000002a92 .LASF1020
C:\Users\zero6575\AppData\Local\Temp\ccix7ZOm.s:8622   .debug_str:0000000000004311 .LASF1021
C:\Users\zero6575\AppData\Local\Temp\ccix7ZOm.s:7085   .debug_macro:0000000000000000 .Ldebug_macro39
C:\Users\zero6575\AppData\Local\Temp\ccix7ZOm.s:7099   .debug_macro:0000000000000000 .Ldebug_macro40
C:\Users\zero6575\AppData\Local\Temp\ccix7ZOm.s:8790   .debug_str:0000000000004c81 .LASF1074
C:\Users\zero6575\AppData\Local\Temp\ccix7ZOm.s:9938   .debug_str:0000000000008926 .LASF1075
C:\Users\zero6575\AppData\Local\Temp\ccix7ZOm.s:9198   .debug_str:0000000000006372 .LASF1076
C:\Users\zero6575\AppData\Local\Temp\ccix7ZOm.s:7251   .debug_macro:0000000000000000 .Ldebug_macro41
C:\Users\zero6575\AppData\Local\Temp\ccix7ZOm.s:9450   .debug_str:0000000000007081 .LASF1079
C:\Users\zero6575\AppData\Local\Temp\ccix7ZOm.s:7452   .debug_str:00000000000001b4 .LASF1080
C:\Users\zero6575\AppData\Local\Temp\ccix7ZOm.s:8940   .debug_str:00000000000054c6 .LASF1081
C:\Users\zero6575\AppData\Local\Temp\ccix7ZOm.s:9978   .debug_str:0000000000008bd6 .LASF1082
C:\Users\zero6575\AppData\Local\Temp\ccix7ZOm.s:7626   .debug_str:0000000000000ad8 .LASF1083
C:\Users\zero6575\AppData\Local\Temp\ccix7ZOm.s:8220   .debug_str:0000000000002e20 .LASF1084
C:\Users\zero6575\AppData\Local\Temp\ccix7ZOm.s:7262   .debug_macro:0000000000000000 .Ldebug_macro42
C:\Users\zero6575\AppData\Local\Temp\ccix7ZOm.s:8516   .debug_str:0000000000003db7 .LASF1094
C:\Users\zero6575\AppData\Local\Temp\ccix7ZOm.s:9410   .debug_str:0000000000006e81 .LASF1095
C:\Users\zero6575\AppData\Local\Temp\ccix7ZOm.s:8172   .debug_str:0000000000002b2d .LASF1096
C:\Users\zero6575\AppData\Local\Temp\ccix7ZOm.s:8468   .debug_str:0000000000003b7c .LASF1097
C:\Users\zero6575\AppData\Local\Temp\ccix7ZOm.s:9768   .debug_str:0000000000008052 .LASF1098
C:\Users\zero6575\AppData\Local\Temp\ccix7ZOm.s:9184   .debug_str:0000000000006275 .LASF1099
C:\Users\zero6575\AppData\Local\Temp\ccix7ZOm.s:9884   .debug_str:0000000000008691 .LASF1100
C:\Users\zero6575\AppData\Local\Temp\ccix7ZOm.s:7294   .debug_macro:0000000000000000 .Ldebug_macro43
C:\Users\zero6575\AppData\Local\Temp\ccix7ZOm.s:9034   .debug_str:0000000000005a93 .LASF1106
C:\Users\zero6575\AppData\Local\Temp\ccix7ZOm.s:9962   .debug_str:0000000000008b1f .LASF1107
C:\Users\zero6575\AppData\Local\Temp\ccix7ZOm.s:7420   .debug_str:000000000000005c .LASF1108
C:\Users\zero6575\AppData\Local\Temp\ccix7ZOm.s:7552   .debug_str:0000000000000674 .LASF1109
C:\Users\zero6575\AppData\Local\Temp\ccix7ZOm.s:9348   .debug_str:0000000000006b78 .LASF1110
C:\Users\zero6575\AppData\Local\Temp\ccix7ZOm.s:10002  .debug_str:0000000000008c9d .LASF1111
C:\Users\zero6575\AppData\Local\Temp\ccix7ZOm.s:7314   .debug_macro:0000000000000000 .Ldebug_macro44
C:\Users\zero6575\AppData\Local\Temp\ccix7ZOm.s:8400   .debug_str:00000000000037dd .LASF1113
C:\Users\zero6575\AppData\Local\Temp\ccix7ZOm.s:9854   .debug_str:000000000000851a .LASF1114
C:\Users\zero6575\AppData\Local\Temp\ccix7ZOm.s:8112   .debug_str:0000000000002769 .LASF1115
C:\Users\zero6575\AppData\Local\Temp\ccix7ZOm.s:7328   .debug_macro:0000000000000000 .Ldebug_macro45
C:\Users\zero6575\AppData\Local\Temp\ccix7ZOm.s:9922   .debug_str:0000000000008853 .LASF1118
C:\Users\zero6575\AppData\Local\Temp\ccix7ZOm.s:7339   .debug_macro:0000000000000000 .Ldebug_macro46
C:\Users\zero6575\AppData\Local\Temp\ccix7ZOm.s:7353   .debug_macro:0000000000000000 .Ldebug_macro47
C:\Users\zero6575\AppData\Local\Temp\ccix7ZOm.s:7364   .debug_macro:0000000000000000 .Ldebug_macro48
C:\Users\zero6575\AppData\Local\Temp\ccix7ZOm.s:8074   .debug_str:0000000000002599 .LASF1131
C:\Users\zero6575\AppData\Local\Temp\ccix7ZOm.s:7396   .debug_macro:0000000000000000 .Ldebug_macro49
C:\Users\zero6575\AppData\Local\Temp\ccix7ZOm.s:7472   .debug_str:000000000000035d .LASF0
C:\Users\zero6575\AppData\Local\Temp\ccix7ZOm.s:9804   .debug_str:0000000000008279 .LASF1
C:\Users\zero6575\AppData\Local\Temp\ccix7ZOm.s:10072  .debug_str:000000000000907e .LASF2
C:\Users\zero6575\AppData\Local\Temp\ccix7ZOm.s:7766   .debug_str:0000000000001294 .LASF3
C:\Users\zero6575\AppData\Local\Temp\ccix7ZOm.s:9050   .debug_str:0000000000005b3e .LASF4
C:\Users\zero6575\AppData\Local\Temp\ccix7ZOm.s:10088  .debug_str:000000000000910c .LASF5
C:\Users\zero6575\AppData\Local\Temp\ccix7ZOm.s:10068  .debug_str:0000000000009059 .LASF6
C:\Users\zero6575\AppData\Local\Temp\ccix7ZOm.s:10120  .debug_str:00000000000092ca .LASF7
C:\Users\zero6575\AppData\Local\Temp\ccix7ZOm.s:9494   .debug_str:0000000000007249 .LASF8
C:\Users\zero6575\AppData\Local\Temp\ccix7ZOm.s:8576   .debug_str:00000000000040e6 .LASF9
C:\Users\zero6575\AppData\Local\Temp\ccix7ZOm.s:7850   .debug_str:00000000000018b4 .LASF10
C:\Users\zero6575\AppData\Local\Temp\ccix7ZOm.s:8522   .debug_str:0000000000003df0 .LASF11
C:\Users\zero6575\AppData\Local\Temp\ccix7ZOm.s:8656   .debug_str:0000000000004515 .LASF12
C:\Users\zero6575\AppData\Local\Temp\ccix7ZOm.s:9570   .debug_str:00000000000075d6 .LASF13
C:\Users\zero6575\AppData\Local\Temp\ccix7ZOm.s:9724   .debug_str:0000000000007e46 .LASF14
C:\Users\zero6575\AppData\Local\Temp\ccix7ZOm.s:9414   .debug_str:0000000000006ed6 .LASF15
C:\Users\zero6575\AppData\Local\Temp\ccix7ZOm.s:10078  .debug_str:00000000000090ad .LASF16
C:\Users\zero6575\AppData\Local\Temp\ccix7ZOm.s:8332   .debug_str:0000000000003466 .LASF17
C:\Users\zero6575\AppData\Local\Temp\ccix7ZOm.s:7672   .debug_str:0000000000000d77 .LASF18
C:\Users\zero6575\AppData\Local\Temp\ccix7ZOm.s:7514   .debug_str:0000000000000541 .LASF19
C:\Users\zero6575\AppData\Local\Temp\ccix7ZOm.s:8168   .debug_str:0000000000002ab9 .LASF20
C:\Users\zero6575\AppData\Local\Temp\ccix7ZOm.s:9672   .debug_str:0000000000007bab .LASF21
C:\Users\zero6575\AppData\Local\Temp\ccix7ZOm.s:9994   .debug_str:0000000000008c5a .LASF22
C:\Users\zero6575\AppData\Local\Temp\ccix7ZOm.s:9504   .debug_str:000000000000729b .LASF23
C:\Users\zero6575\AppData\Local\Temp\ccix7ZOm.s:9966   .debug_str:0000000000008b46 .LASF24
C:\Users\zero6575\AppData\Local\Temp\ccix7ZOm.s:8126   .debug_str:0000000000002817 .LASF25
C:\Users\zero6575\AppData\Local\Temp\ccix7ZOm.s:8892   .debug_str:00000000000052e8 .LASF26
C:\Users\zero6575\AppData\Local\Temp\ccix7ZOm.s:7688   .debug_str:0000000000000e26 .LASF27
C:\Users\zero6575\AppData\Local\Temp\ccix7ZOm.s:8946   .debug_str:0000000000005571 .LASF28
C:\Users\zero6575\AppData\Local\Temp\ccix7ZOm.s:9360   .debug_str:0000000000006bf7 .LASF29
C:\Users\zero6575\AppData\Local\Temp\ccix7ZOm.s:8518   .debug_str:0000000000003dc3 .LASF30
C:\Users\zero6575\AppData\Local\Temp\ccix7ZOm.s:8252   .debug_str:0000000000002f58 .LASF31
C:\Users\zero6575\AppData\Local\Temp\ccix7ZOm.s:7424   .debug_str:000000000000007e .LASF32
C:\Users\zero6575\AppData\Local\Temp\ccix7ZOm.s:9160   .debug_str:0000000000006170 .LASF33
C:\Users\zero6575\AppData\Local\Temp\ccix7ZOm.s:10056  .debug_str:0000000000008fcf .LASF34
C:\Users\zero6575\AppData\Local\Temp\ccix7ZOm.s:10096  .debug_str:0000000000009146 .LASF35
C:\Users\zero6575\AppData\Local\Temp\ccix7ZOm.s:7468   .debug_str:00000000000002eb .LASF36
C:\Users\zero6575\AppData\Local\Temp\ccix7ZOm.s:8196   .debug_str:0000000000002c48 .LASF37
C:\Users\zero6575\AppData\Local\Temp\ccix7ZOm.s:8058   .debug_str:0000000000002362 .LASF38
C:\Users\zero6575\AppData\Local\Temp\ccix7ZOm.s:8296   .debug_str:0000000000003292 .LASF39
C:\Users\zero6575\AppData\Local\Temp\ccix7ZOm.s:10026  .debug_str:0000000000008de2 .LASF40
C:\Users\zero6575\AppData\Local\Temp\ccix7ZOm.s:9170   .debug_str:00000000000061c1 .LASF41
C:\Users\zero6575\AppData\Local\Temp\ccix7ZOm.s:7682   .debug_str:0000000000000dd1 .LASF42
C:\Users\zero6575\AppData\Local\Temp\ccix7ZOm.s:9580   .debug_str:0000000000007674 .LASF43
C:\Users\zero6575\AppData\Local\Temp\ccix7ZOm.s:8358   .debug_str:0000000000003561 .LASF44
C:\Users\zero6575\AppData\Local\Temp\ccix7ZOm.s:8918   .debug_str:00000000000053fd .LASF45
C:\Users\zero6575\AppData\Local\Temp\ccix7ZOm.s:9654   .debug_str:0000000000007ae9 .LASF46
C:\Users\zero6575\AppData\Local\Temp\ccix7ZOm.s:7752   .debug_str:00000000000011cc .LASF47
C:\Users\zero6575\AppData\Local\Temp\ccix7ZOm.s:7796   .debug_str:0000000000001678 .LASF48
C:\Users\zero6575\AppData\Local\Temp\ccix7ZOm.s:8814   .debug_str:0000000000004e1b .LASF49
C:\Users\zero6575\AppData\Local\Temp\ccix7ZOm.s:8310   .debug_str:000000000000333b .LASF50
C:\Users\zero6575\AppData\Local\Temp\ccix7ZOm.s:8692   .debug_str:00000000000046fe .LASF51
C:\Users\zero6575\AppData\Local\Temp\ccix7ZOm.s:9728   .debug_str:0000000000007e7e .LASF52
C:\Users\zero6575\AppData\Local\Temp\ccix7ZOm.s:9748   .debug_str:0000000000007f73 .LASF53
C:\Users\zero6575\AppData\Local\Temp\ccix7ZOm.s:7652   .debug_str:0000000000000c08 .LASF54
C:\Users\zero6575\AppData\Local\Temp\ccix7ZOm.s:10012  .debug_str:0000000000008d2c .LASF55
C:\Users\zero6575\AppData\Local\Temp\ccix7ZOm.s:9258   .debug_str:000000000000669c .LASF56
C:\Users\zero6575\AppData\Local\Temp\ccix7ZOm.s:8378   .debug_str:000000000000363e .LASF57
C:\Users\zero6575\AppData\Local\Temp\ccix7ZOm.s:8158   .debug_str:0000000000002a3a .LASF58
C:\Users\zero6575\AppData\Local\Temp\ccix7ZOm.s:9036   .debug_str:0000000000005a9d .LASF59
C:\Users\zero6575\AppData\Local\Temp\ccix7ZOm.s:8664   .debug_str:000000000000456f .LASF60
C:\Users\zero6575\AppData\Local\Temp\ccix7ZOm.s:9610   .debug_str:000000000000783f .LASF61
C:\Users\zero6575\AppData\Local\Temp\ccix7ZOm.s:9326   .debug_str:0000000000006a33 .LASF62
C:\Users\zero6575\AppData\Local\Temp\ccix7ZOm.s:10046  .debug_str:0000000000008f35 .LASF63
C:\Users\zero6575\AppData\Local\Temp\ccix7ZOm.s:7668   .debug_str:0000000000000d2e .LASF64
C:\Users\zero6575\AppData\Local\Temp\ccix7ZOm.s:9370   .debug_str:0000000000006c69 .LASF65
C:\Users\zero6575\AppData\Local\Temp\ccix7ZOm.s:8712   .debug_str:00000000000047ee .LASF66
C:\Users\zero6575\AppData\Local\Temp\ccix7ZOm.s:7636   .debug_str:0000000000000b42 .LASF67
C:\Users\zero6575\AppData\Local\Temp\ccix7ZOm.s:7738   .debug_str:00000000000010db .LASF68
C:\Users\zero6575\AppData\Local\Temp\ccix7ZOm.s:8486   .debug_str:0000000000003c2a .LASF69
C:\Users\zero6575\AppData\Local\Temp\ccix7ZOm.s:8914   .debug_str:00000000000053bf .LASF70
C:\Users\zero6575\AppData\Local\Temp\ccix7ZOm.s:8690   .debug_str:00000000000046e7 .LASF71
C:\Users\zero6575\AppData\Local\Temp\ccix7ZOm.s:8460   .debug_str:0000000000003b2f .LASF72
C:\Users\zero6575\AppData\Local\Temp\ccix7ZOm.s:7634   .debug_str:0000000000000b2e .LASF73
C:\Users\zero6575\AppData\Local\Temp\ccix7ZOm.s:8688   .debug_str:00000000000046d0 .LASF74
C:\Users\zero6575\AppData\Local\Temp\ccix7ZOm.s:8820   .debug_str:0000000000004e64 .LASF75
C:\Users\zero6575\AppData\Local\Temp\ccix7ZOm.s:9196   .debug_str:000000000000634b .LASF76
C:\Users\zero6575\AppData\Local\Temp\ccix7ZOm.s:9188   .debug_str:00000000000062be .LASF77
C:\Users\zero6575\AppData\Local\Temp\ccix7ZOm.s:7558   .debug_str:00000000000006a2 .LASF78
C:\Users\zero6575\AppData\Local\Temp\ccix7ZOm.s:8018   .debug_str:000000000000211d .LASF79
C:\Users\zero6575\AppData\Local\Temp\ccix7ZOm.s:8714   .debug_str:0000000000004815 .LASF80
C:\Users\zero6575\AppData\Local\Temp\ccix7ZOm.s:7462   .debug_str:00000000000002ab .LASF81
C:\Users\zero6575\AppData\Local\Temp\ccix7ZOm.s:7744   .debug_str:0000000000001162 .LASF82
C:\Users\zero6575\AppData\Local\Temp\ccix7ZOm.s:8512   .debug_str:0000000000003d9e .LASF83
C:\Users\zero6575\AppData\Local\Temp\ccix7ZOm.s:7542   .debug_str:0000000000000605 .LASF84
C:\Users\zero6575\AppData\Local\Temp\ccix7ZOm.s:8308   .debug_str:000000000000332a .LASF85
C:\Users\zero6575\AppData\Local\Temp\ccix7ZOm.s:9680   .debug_str:0000000000007c21 .LASF86
C:\Users\zero6575\AppData\Local\Temp\ccix7ZOm.s:9238   .debug_str:00000000000065ff .LASF87
C:\Users\zero6575\AppData\Local\Temp\ccix7ZOm.s:9106   .debug_str:0000000000005e28 .LASF88
C:\Users\zero6575\AppData\Local\Temp\ccix7ZOm.s:8958   .debug_str:0000000000005627 .LASF89
C:\Users\zero6575\AppData\Local\Temp\ccix7ZOm.s:8134   .debug_str:00000000000028c3 .LASF90
C:\Users\zero6575\AppData\Local\Temp\ccix7ZOm.s:8234   .debug_str:0000000000002ead .LASF91
C:\Users\zero6575\AppData\Local\Temp\ccix7ZOm.s:9894   .debug_str:00000000000086e3 .LASF92
C:\Users\zero6575\AppData\Local\Temp\ccix7ZOm.s:7882   .debug_str:00000000000019fc .LASF93
C:\Users\zero6575\AppData\Local\Temp\ccix7ZOm.s:9066   .debug_str:0000000000005bf5 .LASF94
C:\Users\zero6575\AppData\Local\Temp\ccix7ZOm.s:10090  .debug_str:0000000000009117 .LASF95
C:\Users\zero6575\AppData\Local\Temp\ccix7ZOm.s:8562   .debug_str:0000000000004035 .LASF96
C:\Users\zero6575\AppData\Local\Temp\ccix7ZOm.s:8122   .debug_str:00000000000027f3 .LASF97
C:\Users\zero6575\AppData\Local\Temp\ccix7ZOm.s:9374   .debug_str:0000000000006c9f .LASF98
C:\Users\zero6575\AppData\Local\Temp\ccix7ZOm.s:9316   .debug_str:0000000000006991 .LASF99
C:\Users\zero6575\AppData\Local\Temp\ccix7ZOm.s:8716   .debug_str:0000000000004825 .LASF100
C:\Users\zero6575\AppData\Local\Temp\ccix7ZOm.s:7948   .debug_str:0000000000001d9c .LASF101
C:\Users\zero6575\AppData\Local\Temp\ccix7ZOm.s:7654   .debug_str:0000000000000c26 .LASF102
C:\Users\zero6575\AppData\Local\Temp\ccix7ZOm.s:8658   .debug_str:0000000000004528 .LASF103
C:\Users\zero6575\AppData\Local\Temp\ccix7ZOm.s:9686   .debug_str:0000000000007c57 .LASF104
C:\Users\zero6575\AppData\Local\Temp\ccix7ZOm.s:9902   .debug_str:0000000000008754 .LASF105
C:\Users\zero6575\AppData\Local\Temp\ccix7ZOm.s:9076   .debug_str:0000000000005c5d .LASF106
C:\Users\zero6575\AppData\Local\Temp\ccix7ZOm.s:7822   .debug_str:0000000000001782 .LASF107
C:\Users\zero6575\AppData\Local\Temp\ccix7ZOm.s:8244   .debug_str:0000000000002f0a .LASF108
C:\Users\zero6575\AppData\Local\Temp\ccix7ZOm.s:7824   .debug_str:00000000000017a6 .LASF109
C:\Users\zero6575\AppData\Local\Temp\ccix7ZOm.s:8662   .debug_str:0000000000004558 .LASF110
C:\Users\zero6575\AppData\Local\Temp\ccix7ZOm.s:7768   .debug_str:00000000000012a6 .LASF111
C:\Users\zero6575\AppData\Local\Temp\ccix7ZOm.s:9658   .debug_str:0000000000007b18 .LASF112
C:\Users\zero6575\AppData\Local\Temp\ccix7ZOm.s:7612   .debug_str:0000000000000a01 .LASF113
C:\Users\zero6575\AppData\Local\Temp\ccix7ZOm.s:9060   .debug_str:0000000000005bb3 .LASF114
C:\Users\zero6575\AppData\Local\Temp\ccix7ZOm.s:8260   .debug_str:0000000000003004 .LASF115
C:\Users\zero6575\AppData\Local\Temp\ccix7ZOm.s:8668   .debug_str:00000000000045a1 .LASF116
C:\Users\zero6575\AppData\Local\Temp\ccix7ZOm.s:8564   .debug_str:0000000000004049 .LASF117
C:\Users\zero6575\AppData\Local\Temp\ccix7ZOm.s:10106  .debug_str:00000000000091d8 .LASF118
C:\Users\zero6575\AppData\Local\Temp\ccix7ZOm.s:8566   .debug_str:0000000000004071 .LASF119
C:\Users\zero6575\AppData\Local\Temp\ccix7ZOm.s:10098  .debug_str:0000000000009160 .LASF120
C:\Users\zero6575\AppData\Local\Temp\ccix7ZOm.s:8046   .debug_str:00000000000022e7 .LASF121
C:\Users\zero6575\AppData\Local\Temp\ccix7ZOm.s:9890   .debug_str:00000000000086bf .LASF122
C:\Users\zero6575\AppData\Local\Temp\ccix7ZOm.s:7698   .debug_str:0000000000000ea3 .LASF123
C:\Users\zero6575\AppData\Local\Temp\ccix7ZOm.s:7926   .debug_str:0000000000001c95 .LASF124
C:\Users\zero6575\AppData\Local\Temp\ccix7ZOm.s:8992   .debug_str:00000000000057ab .LASF125
C:\Users\zero6575\AppData\Local\Temp\ccix7ZOm.s:8042   .debug_str:00000000000022a3 .LASF126
C:\Users\zero6575\AppData\Local\Temp\ccix7ZOm.s:9998   .debug_str:0000000000008c7b .LASF127
C:\Users\zero6575\AppData\Local\Temp\ccix7ZOm.s:7946   .debug_str:0000000000001d7f .LASF128
C:\Users\zero6575\AppData\Local\Temp\ccix7ZOm.s:7950   .debug_str:0000000000001db1 .LASF129
C:\Users\zero6575\AppData\Local\Temp\ccix7ZOm.s:7434   .debug_str:00000000000000e4 .LASF130
C:\Users\zero6575\AppData\Local\Temp\ccix7ZOm.s:7548   .debug_str:0000000000000645 .LASF131
C:\Users\zero6575\AppData\Local\Temp\ccix7ZOm.s:8494   .debug_str:0000000000003c79 .LASF132
C:\Users\zero6575\AppData\Local\Temp\ccix7ZOm.s:8528   .debug_str:0000000000003e21 .LASF133
C:\Users\zero6575\AppData\Local\Temp\ccix7ZOm.s:7982   .debug_str:0000000000001f4d .LASF134
C:\Users\zero6575\AppData\Local\Temp\ccix7ZOm.s:8440   .debug_str:0000000000003a3f .LASF135
C:\Users\zero6575\AppData\Local\Temp\ccix7ZOm.s:8774   .debug_str:0000000000004b7d .LASF136
C:\Users\zero6575\AppData\Local\Temp\ccix7ZOm.s:8744   .debug_str:00000000000049f2 .LASF137
C:\Users\zero6575\AppData\Local\Temp\ccix7ZOm.s:9506   .debug_str:00000000000072af .LASF138
C:\Users\zero6575\AppData\Local\Temp\ccix7ZOm.s:7622   .debug_str:0000000000000a71 .LASF139
C:\Users\zero6575\AppData\Local\Temp\ccix7ZOm.s:8006   .debug_str:0000000000002099 .LASF140
C:\Users\zero6575\AppData\Local\Temp\ccix7ZOm.s:9356   .debug_str:0000000000006bd0 .LASF141
C:\Users\zero6575\AppData\Local\Temp\ccix7ZOm.s:9226   .debug_str:00000000000064f2 .LASF142
C:\Users\zero6575\AppData\Local\Temp\ccix7ZOm.s:8610   .debug_str:0000000000004251 .LASF143
C:\Users\zero6575\AppData\Local\Temp\ccix7ZOm.s:7904   .debug_str:0000000000001b44 .LASF144
C:\Users\zero6575\AppData\Local\Temp\ccix7ZOm.s:8710   .debug_str:00000000000047d8 .LASF145
C:\Users\zero6575\AppData\Local\Temp\ccix7ZOm.s:8276   .debug_str:0000000000003090 .LASF146
C:\Users\zero6575\AppData\Local\Temp\ccix7ZOm.s:9946   .debug_str:0000000000008a5c .LASF147
C:\Users\zero6575\AppData\Local\Temp\ccix7ZOm.s:8258   .debug_str:0000000000002ff4 .LASF148
C:\Users\zero6575\AppData\Local\Temp\ccix7ZOm.s:8212   .debug_str:0000000000002db0 .LASF149
C:\Users\zero6575\AppData\Local\Temp\ccix7ZOm.s:7646   .debug_str:0000000000000bc6 .LASF150
C:\Users\zero6575\AppData\Local\Temp\ccix7ZOm.s:8248   .debug_str:0000000000002f33 .LASF151
C:\Users\zero6575\AppData\Local\Temp\ccix7ZOm.s:7978   .debug_str:0000000000001f29 .LASF152
C:\Users\zero6575\AppData\Local\Temp\ccix7ZOm.s:7846   .debug_str:0000000000001887 .LASF153
C:\Users\zero6575\AppData\Local\Temp\ccix7ZOm.s:7442   .debug_str:0000000000000132 .LASF154
C:\Users\zero6575\AppData\Local\Temp\ccix7ZOm.s:9392   .debug_str:0000000000006db0 .LASF155
C:\Users\zero6575\AppData\Local\Temp\ccix7ZOm.s:9236   .debug_str:00000000000065c8 .LASF156
C:\Users\zero6575\AppData\Local\Temp\ccix7ZOm.s:10050  .debug_str:0000000000008f77 .LASF157
C:\Users\zero6575\AppData\Local\Temp\ccix7ZOm.s:8022   .debug_str:0000000000002184 .LASF158
C:\Users\zero6575\AppData\Local\Temp\ccix7ZOm.s:9932   .debug_str:0000000000008896 .LASF159
C:\Users\zero6575\AppData\Local\Temp\ccix7ZOm.s:9974   .debug_str:0000000000008b9e .LASF160
C:\Users\zero6575\AppData\Local\Temp\ccix7ZOm.s:7550   .debug_str:000000000000065d .LASF161
C:\Users\zero6575\AppData\Local\Temp\ccix7ZOm.s:8500   .debug_str:0000000000003d1c .LASF162
C:\Users\zero6575\AppData\Local\Temp\ccix7ZOm.s:7984   .debug_str:0000000000001f74 .LASF163
C:\Users\zero6575\AppData\Local\Temp\ccix7ZOm.s:7874   .debug_str:00000000000019c7 .LASF164
C:\Users\zero6575\AppData\Local\Temp\ccix7ZOm.s:9782   .debug_str:0000000000008129 .LASF165
C:\Users\zero6575\AppData\Local\Temp\ccix7ZOm.s:7966   .debug_str:0000000000001ea9 .LASF166
C:\Users\zero6575\AppData\Local\Temp\ccix7ZOm.s:8098   .debug_str:00000000000026a7 .LASF167
C:\Users\zero6575\AppData\Local\Temp\ccix7ZOm.s:7494   .debug_str:0000000000000442 .LASF168
C:\Users\zero6575\AppData\Local\Temp\ccix7ZOm.s:8166   .debug_str:0000000000002aa2 .LASF169
C:\Users\zero6575\AppData\Local\Temp\ccix7ZOm.s:9908   .debug_str:0000000000008789 .LASF170
C:\Users\zero6575\AppData\Local\Temp\ccix7ZOm.s:9474   .debug_str:000000000000717c .LASF171
C:\Users\zero6575\AppData\Local\Temp\ccix7ZOm.s:7740   .debug_str:00000000000010fe .LASF172
C:\Users\zero6575\AppData\Local\Temp\ccix7ZOm.s:8608   .debug_str:0000000000004208 .LASF173
C:\Users\zero6575\AppData\Local\Temp\ccix7ZOm.s:9072   .debug_str:0000000000005c35 .LASF174
C:\Users\zero6575\AppData\Local\Temp\ccix7ZOm.s:7620   .debug_str:0000000000000a5a .LASF175
C:\Users\zero6575\AppData\Local\Temp\ccix7ZOm.s:9920   .debug_str:000000000000883b .LASF176
C:\Users\zero6575\AppData\Local\Temp\ccix7ZOm.s:10008  .debug_str:0000000000008cf3 .LASF177
C:\Users\zero6575\AppData\Local\Temp\ccix7ZOm.s:7592   .debug_str:000000000000092d .LASF178
C:\Users\zero6575\AppData\Local\Temp\ccix7ZOm.s:8454   .debug_str:0000000000003afb .LASF179
C:\Users\zero6575\AppData\Local\Temp\ccix7ZOm.s:10016  .debug_str:0000000000008d67 .LASF180
C:\Users\zero6575\AppData\Local\Temp\ccix7ZOm.s:10058  .debug_str:0000000000008fef .LASF181
C:\Users\zero6575\AppData\Local\Temp\ccix7ZOm.s:8832   .debug_str:0000000000004f90 .LASF182
C:\Users\zero6575\AppData\Local\Temp\ccix7ZOm.s:7964   .debug_str:0000000000001e96 .LASF183
C:\Users\zero6575\AppData\Local\Temp\ccix7ZOm.s:7828   .debug_str:00000000000017cd .LASF184
C:\Users\zero6575\AppData\Local\Temp\ccix7ZOm.s:9144   .debug_str:00000000000060b1 .LASF185
C:\Users\zero6575\AppData\Local\Temp\ccix7ZOm.s:8442   .debug_str:0000000000003a57 .LASF186
C:\Users\zero6575\AppData\Local\Temp\ccix7ZOm.s:9934   .debug_str:00000000000088d4 .LASF187
C:\Users\zero6575\AppData\Local\Temp\ccix7ZOm.s:9526   .debug_str:000000000000739c .LASF188
C:\Users\zero6575\AppData\Local\Temp\ccix7ZOm.s:8964   .debug_str:0000000000005656 .LASF189
C:\Users\zero6575\AppData\Local\Temp\ccix7ZOm.s:9948   .debug_str:0000000000008a72 .LASF190
C:\Users\zero6575\AppData\Local\Temp\ccix7ZOm.s:9264   .debug_str:00000000000066f6 .LASF191
C:\Users\zero6575\AppData\Local\Temp\ccix7ZOm.s:7864   .debug_str:000000000000195a .LASF192
C:\Users\zero6575\AppData\Local\Temp\ccix7ZOm.s:7814   .debug_str:0000000000001755 .LASF193
C:\Users\zero6575\AppData\Local\Temp\ccix7ZOm.s:7958   .debug_str:0000000000001e28 .LASF194
C:\Users\zero6575\AppData\Local\Temp\ccix7ZOm.s:7756   .debug_str:0000000000001211 .LASF195
C:\Users\zero6575\AppData\Local\Temp\ccix7ZOm.s:7484   .debug_str:00000000000003f2 .LASF196
C:\Users\zero6575\AppData\Local\Temp\ccix7ZOm.s:8944   .debug_str:0000000000005559 .LASF197
C:\Users\zero6575\AppData\Local\Temp\ccix7ZOm.s:8178   .debug_str:0000000000002b65 .LASF198
C:\Users\zero6575\AppData\Local\Temp\ccix7ZOm.s:8194   .debug_str:0000000000002c0d .LASF199
C:\Users\zero6575\AppData\Local\Temp\ccix7ZOm.s:9512   .debug_str:00000000000072ec .LASF200
C:\Users\zero6575\AppData\Local\Temp\ccix7ZOm.s:9722   .debug_str:0000000000007e08 .LASF201
C:\Users\zero6575\AppData\Local\Temp\ccix7ZOm.s:7640   .debug_str:0000000000000b78 .LASF202
C:\Users\zero6575\AppData\Local\Temp\ccix7ZOm.s:9136   .debug_str:0000000000006019 .LASF203
C:\Users\zero6575\AppData\Local\Temp\ccix7ZOm.s:7448   .debug_str:0000000000000183 .LASF204
C:\Users\zero6575\AppData\Local\Temp\ccix7ZOm.s:9856   .debug_str:0000000000008527 .LASF205
C:\Users\zero6575\AppData\Local\Temp\ccix7ZOm.s:7440   .debug_str:000000000000011c .LASF206
C:\Users\zero6575\AppData\Local\Temp\ccix7ZOm.s:9456   .debug_str:00000000000070be .LASF207
C:\Users\zero6575\AppData\Local\Temp\ccix7ZOm.s:9608   .debug_str:0000000000007825 .LASF208
C:\Users\zero6575\AppData\Local\Temp\ccix7ZOm.s:7458   .debug_str:000000000000026f .LASF209
C:\Users\zero6575\AppData\Local\Temp\ccix7ZOm.s:8994   .debug_str:00000000000057c0 .LASF210
C:\Users\zero6575\AppData\Local\Temp\ccix7ZOm.s:9078   .debug_str:0000000000005c78 .LASF211
C:\Users\zero6575\AppData\Local\Temp\ccix7ZOm.s:9714   .debug_str:0000000000007da8 .LASF212
C:\Users\zero6575\AppData\Local\Temp\ccix7ZOm.s:8752   .debug_str:0000000000004a64 .LASF213
C:\Users\zero6575\AppData\Local\Temp\ccix7ZOm.s:9110   .debug_str:0000000000005e4a .LASF214
C:\Users\zero6575\AppData\Local\Temp\ccix7ZOm.s:8948   .debug_str:000000000000558e .LASF215
C:\Users\zero6575\AppData\Local\Temp\ccix7ZOm.s:9274   .debug_str:000000000000679b .LASF216
C:\Users\zero6575\AppData\Local\Temp\ccix7ZOm.s:9970   .debug_str:0000000000008b6d .LASF217
C:\Users\zero6575\AppData\Local\Temp\ccix7ZOm.s:8510   .debug_str:0000000000003d85 .LASF218
C:\Users\zero6575\AppData\Local\Temp\ccix7ZOm.s:8222   .debug_str:0000000000002e31 .LASF219
C:\Users\zero6575\AppData\Local\Temp\ccix7ZOm.s:9704   .debug_str:0000000000007d37 .LASF220
C:\Users\zero6575\AppData\Local\Temp\ccix7ZOm.s:8360   .debug_str:000000000000357a .LASF221
C:\Users\zero6575\AppData\Local\Temp\ccix7ZOm.s:7764   .debug_str:0000000000001278 .LASF222
C:\Users\zero6575\AppData\Local\Temp\ccix7ZOm.s:7554   .debug_str:000000000000067b .LASF223
C:\Users\zero6575\AppData\Local\Temp\ccix7ZOm.s:9406   .debug_str:0000000000006e4e .LASF224
C:\Users\zero6575\AppData\Local\Temp\ccix7ZOm.s:8198   .debug_str:0000000000002c63 .LASF225
C:\Users\zero6575\AppData\Local\Temp\ccix7ZOm.s:9972   .debug_str:0000000000008b84 .LASF226
C:\Users\zero6575\AppData\Local\Temp\ccix7ZOm.s:8288   .debug_str:00000000000031c4 .LASF227
C:\Users\zero6575\AppData\Local\Temp\ccix7ZOm.s:7656   .debug_str:0000000000000c3f .LASF228
C:\Users\zero6575\AppData\Local\Temp\ccix7ZOm.s:8864   .debug_str:0000000000005162 .LASF229
C:\Users\zero6575\AppData\Local\Temp\ccix7ZOm.s:9412   .debug_str:0000000000006e90 .LASF230
C:\Users\zero6575\AppData\Local\Temp\ccix7ZOm.s:8676   .debug_str:0000000000004626 .LASF231
C:\Users\zero6575\AppData\Local\Temp\ccix7ZOm.s:9668   .debug_str:0000000000007b7a .LASF232
C:\Users\zero6575\AppData\Local\Temp\ccix7ZOm.s:9830   .debug_str:0000000000008370 .LASF233
C:\Users\zero6575\AppData\Local\Temp\ccix7ZOm.s:8300   .debug_str:00000000000032c1 .LASF234
C:\Users\zero6575\AppData\Local\Temp\ccix7ZOm.s:8266   .debug_str:0000000000003023 .LASF235
C:\Users\zero6575\AppData\Local\Temp\ccix7ZOm.s:9634   .debug_str:00000000000079ef .LASF236
C:\Users\zero6575\AppData\Local\Temp\ccix7ZOm.s:9940   .debug_str:0000000000008932 .LASF237
C:\Users\zero6575\AppData\Local\Temp\ccix7ZOm.s:8114   .debug_str:0000000000002778 .LASF238
C:\Users\zero6575\AppData\Local\Temp\ccix7ZOm.s:7676   .debug_str:0000000000000da0 .LASF239
C:\Users\zero6575\AppData\Local\Temp\ccix7ZOm.s:8348   .debug_str:00000000000034f6 .LASF240
C:\Users\zero6575\AppData\Local\Temp\ccix7ZOm.s:9388   .debug_str:0000000000006d63 .LASF241
C:\Users\zero6575\AppData\Local\Temp\ccix7ZOm.s:10104  .debug_str:000000000000919a .LASF242
C:\Users\zero6575\AppData\Local\Temp\ccix7ZOm.s:9094   .debug_str:0000000000005d5c .LASF243
C:\Users\zero6575\AppData\Local\Temp\ccix7ZOm.s:9332   .debug_str:0000000000006a8d .LASF244
C:\Users\zero6575\AppData\Local\Temp\ccix7ZOm.s:9090   .debug_str:0000000000005d2d .LASF245
C:\Users\zero6575\AppData\Local\Temp\ccix7ZOm.s:7584   .debug_str:000000000000087a .LASF246
C:\Users\zero6575\AppData\Local\Temp\ccix7ZOm.s:9772   .debug_str:00000000000080c0 .LASF247
C:\Users\zero6575\AppData\Local\Temp\ccix7ZOm.s:9290   .debug_str:0000000000006864 .LASF248
C:\Users\zero6575\AppData\Local\Temp\ccix7ZOm.s:8908   .debug_str:0000000000005396 .LASF249
C:\Users\zero6575\AppData\Local\Temp\ccix7ZOm.s:9784   .debug_str:0000000000008141 .LASF250
C:\Users\zero6575\AppData\Local\Temp\ccix7ZOm.s:8032   .debug_str:0000000000002212 .LASF251
C:\Users\zero6575\AppData\Local\Temp\ccix7ZOm.s:9202   .debug_str:00000000000063a5 .LASF252
C:\Users\zero6575\AppData\Local\Temp\ccix7ZOm.s:8174   .debug_str:0000000000002b3e .LASF253
C:\Users\zero6575\AppData\Local\Temp\ccix7ZOm.s:9492   .debug_str:000000000000722f .LASF254
C:\Users\zero6575\AppData\Local\Temp\ccix7ZOm.s:8132   .debug_str:0000000000002884 .LASF255
C:\Users\zero6575\AppData\Local\Temp\ccix7ZOm.s:8686   .debug_str:0000000000004691 .LASF256
C:\Users\zero6575\AppData\Local\Temp\ccix7ZOm.s:9404   .debug_str:0000000000006e0d .LASF257
C:\Users\zero6575\AppData\Local\Temp\ccix7ZOm.s:10108  .debug_str:00000000000091ec .LASF258
C:\Users\zero6575\AppData\Local\Temp\ccix7ZOm.s:9366   .debug_str:0000000000006c36 .LASF259
C:\Users\zero6575\AppData\Local\Temp\ccix7ZOm.s:8890   .debug_str:00000000000052ce .LASF260
C:\Users\zero6575\AppData\Local\Temp\ccix7ZOm.s:7422   .debug_str:0000000000000063 .LASF261
C:\Users\zero6575\AppData\Local\Temp\ccix7ZOm.s:9926   .debug_str:0000000000008868 .LASF262
C:\Users\zero6575\AppData\Local\Temp\ccix7ZOm.s:8800   .debug_str:0000000000004d74 .LASF263
C:\Users\zero6575\AppData\Local\Temp\ccix7ZOm.s:8850   .debug_str:0000000000005030 .LASF264
C:\Users\zero6575\AppData\Local\Temp\ccix7ZOm.s:9712   .debug_str:0000000000007d92 .LASF265
C:\Users\zero6575\AppData\Local\Temp\ccix7ZOm.s:9820   .debug_str:0000000000008304 .LASF266
C:\Users\zero6575\AppData\Local\Temp\ccix7ZOm.s:8004   .debug_str:0000000000002080 .LASF267
C:\Users\zero6575\AppData\Local\Temp\ccix7ZOm.s:8292   .debug_str:0000000000003213 .LASF268
C:\Users\zero6575\AppData\Local\Temp\ccix7ZOm.s:8498   .debug_str:0000000000003d06 .LASF269
C:\Users\zero6575\AppData\Local\Temp\ccix7ZOm.s:7562   .debug_str:00000000000006d1 .LASF270
C:\Users\zero6575\AppData\Local\Temp\ccix7ZOm.s:8954   .debug_str:00000000000055ec .LASF271
C:\Users\zero6575\AppData\Local\Temp\ccix7ZOm.s:9656   .debug_str:0000000000007b01 .LASF272
C:\Users\zero6575\AppData\Local\Temp\ccix7ZOm.s:9462   .debug_str:0000000000007107 .LASF273
C:\Users\zero6575\AppData\Local\Temp\ccix7ZOm.s:8842   .debug_str:0000000000004ff1 .LASF274
C:\Users\zero6575\AppData\Local\Temp\ccix7ZOm.s:9052   .debug_str:0000000000005b50 .LASF275
C:\Users\zero6575\AppData\Local\Temp\ccix7ZOm.s:7630   .debug_str:0000000000000aee .LASF276
C:\Users\zero6575\AppData\Local\Temp\ccix7ZOm.s:7486   .debug_str:0000000000000408 .LASF277
C:\Users\zero6575\AppData\Local\Temp\ccix7ZOm.s:8408   .debug_str:0000000000003836 .LASF278
C:\Users\zero6575\AppData\Local\Temp\ccix7ZOm.s:9706   .debug_str:0000000000007d4f .LASF279
C:\Users\zero6575\AppData\Local\Temp\ccix7ZOm.s:8128   .debug_str:000000000000282b .LASF280
C:\Users\zero6575\AppData\Local\Temp\ccix7ZOm.s:8214   .debug_str:0000000000002dc4 .LASF281
C:\Users\zero6575\AppData\Local\Temp\ccix7ZOm.s:9878   .debug_str:000000000000862f .LASF282
C:\Users\zero6575\AppData\Local\Temp\ccix7ZOm.s:9004   .debug_str:00000000000058fd .LASF283
C:\Users\zero6575\AppData\Local\Temp\ccix7ZOm.s:7918   .debug_str:0000000000001c3c .LASF284
C:\Users\zero6575\AppData\Local\Temp\ccix7ZOm.s:9092   .debug_str:0000000000005d45 .LASF285
C:\Users\zero6575\AppData\Local\Temp\ccix7ZOm.s:9928   .debug_str:000000000000887d .LASF286
C:\Users\zero6575\AppData\Local\Temp\ccix7ZOm.s:7686   .debug_str:0000000000000e01 .LASF287
C:\Users\zero6575\AppData\Local\Temp\ccix7ZOm.s:8956   .debug_str:0000000000005602 .LASF288
C:\Users\zero6575\AppData\Local\Temp\ccix7ZOm.s:9460   .debug_str:00000000000070e9 .LASF289
C:\Users\zero6575\AppData\Local\Temp\ccix7ZOm.s:7664   .debug_str:0000000000000d08 .LASF290
C:\Users\zero6575\AppData\Local\Temp\ccix7ZOm.s:9088   .debug_str:0000000000005d0b .LASF291
C:\Users\zero6575\AppData\Local\Temp\ccix7ZOm.s:8352   .debug_str:0000000000003524 .LASF292
C:\Users\zero6575\AppData\Local\Temp\ccix7ZOm.s:9742   .debug_str:0000000000007f2e .LASF293
C:\Users\zero6575\AppData\Local\Temp\ccix7ZOm.s:9150   .debug_str:00000000000060fd .LASF294
C:\Users\zero6575\AppData\Local\Temp\ccix7ZOm.s:8990   .debug_str:000000000000578e .LASF295
C:\Users\zero6575\AppData\Local\Temp\ccix7ZOm.s:8392   .debug_str:0000000000003796 .LASF296
C:\Users\zero6575\AppData\Local\Temp\ccix7ZOm.s:9230   .debug_str:0000000000006530 .LASF297
C:\Users\zero6575\AppData\Local\Temp\ccix7ZOm.s:8036   .debug_str:000000000000223c .LASF298
C:\Users\zero6575\AppData\Local\Temp\ccix7ZOm.s:8928   .debug_str:0000000000005455 .LASF299
C:\Users\zero6575\AppData\Local\Temp\ccix7ZOm.s:8462   .debug_str:0000000000003b42 .LASF300
C:\Users\zero6575\AppData\Local\Temp\ccix7ZOm.s:7700   .debug_str:0000000000000eb3 .LASF301
C:\Users\zero6575\AppData\Local\Temp\ccix7ZOm.s:8866   .debug_str:00000000000051a3 .LASF302
C:\Users\zero6575\AppData\Local\Temp\ccix7ZOm.s:8708   .debug_str:00000000000047c3 .LASF303
C:\Users\zero6575\AppData\Local\Temp\ccix7ZOm.s:8680   .debug_str:000000000000464c .LASF304
C:\Users\zero6575\AppData\Local\Temp\ccix7ZOm.s:9752   .debug_str:0000000000007f9f .LASF305
C:\Users\zero6575\AppData\Local\Temp\ccix7ZOm.s:9324   .debug_str:0000000000006a29 .LASF306
C:\Users\zero6575\AppData\Local\Temp\ccix7ZOm.s:9490   .debug_str:000000000000721a .LASF307
C:\Users\zero6575\AppData\Local\Temp\ccix7ZOm.s:8346   .debug_str:00000000000034e5 .LASF308
C:\Users\zero6575\AppData\Local\Temp\ccix7ZOm.s:9564   .debug_str:0000000000007598 .LASF309
C:\Users\zero6575\AppData\Local\Temp\ccix7ZOm.s:7852   .debug_str:00000000000018c7 .LASF310
C:\Users\zero6575\AppData\Local\Temp\ccix7ZOm.s:7802   .debug_str:00000000000016c9 .LASF311
C:\Users\zero6575\AppData\Local\Temp\ccix7ZOm.s:10024  .debug_str:0000000000008dd2 .LASF312
C:\Users\zero6575\AppData\Local\Temp\ccix7ZOm.s:8952   .debug_str:00000000000055d3 .LASF313
C:\Users\zero6575\AppData\Local\Temp\ccix7ZOm.s:7616   .debug_str:0000000000000a25 .LASF314
C:\Users\zero6575\AppData\Local\Temp\ccix7ZOm.s:7506   .debug_str:00000000000004dc .LASF315
C:\Users\zero6575\AppData\Local\Temp\ccix7ZOm.s:7840   .debug_str:000000000000186f .LASF316
C:\Users\zero6575\AppData\Local\Temp\ccix7ZOm.s:8490   .debug_str:0000000000003c5d .LASF317
C:\Users\zero6575\AppData\Local\Temp\ccix7ZOm.s:9694   .debug_str:0000000000007cc1 .LASF318
C:\Users\zero6575\AppData\Local\Temp\ccix7ZOm.s:7496   .debug_str:0000000000000459 .LASF319
C:\Users\zero6575\AppData\Local\Temp\ccix7ZOm.s:7564   .debug_str:00000000000006ea .LASF320
C:\Users\zero6575\AppData\Local\Temp\ccix7ZOm.s:9424   .debug_str:0000000000006f32 .LASF321
C:\Users\zero6575\AppData\Local\Temp\ccix7ZOm.s:7628   .debug_str:0000000000000ae4 .LASF322
C:\Users\zero6575\AppData\Local\Temp\ccix7ZOm.s:9172   .debug_str:00000000000061de .LASF323
C:\Users\zero6575\AppData\Local\Temp\ccix7ZOm.s:9626   .debug_str:000000000000798f .LASF324
C:\Users\zero6575\AppData\Local\Temp\ccix7ZOm.s:9798   .debug_str:0000000000008202 .LASF325
C:\Users\zero6575\AppData\Local\Temp\ccix7ZOm.s:8470   .debug_str:0000000000003b91 .LASF326
C:\Users\zero6575\AppData\Local\Temp\ccix7ZOm.s:9936   .debug_str:0000000000008910 .LASF327
C:\Users\zero6575\AppData\Local\Temp\ccix7ZOm.s:8202   .debug_str:0000000000002c9c .LASF328
C:\Users\zero6575\AppData\Local\Temp\ccix7ZOm.s:9500   .debug_str:0000000000007277 .LASF329
C:\Users\zero6575\AppData\Local\Temp\ccix7ZOm.s:9372   .debug_str:0000000000006c8b .LASF330
C:\Users\zero6575\AppData\Local\Temp\ccix7ZOm.s:8542   .debug_str:0000000000003eb8 .LASF331
C:\Users\zero6575\AppData\Local\Temp\ccix7ZOm.s:7694   .debug_str:0000000000000e69 .LASF332
C:\Users\zero6575\AppData\Local\Temp\ccix7ZOm.s:7680   .debug_str:0000000000000dc4 .LASF333
C:\Users\zero6575\AppData\Local\Temp\ccix7ZOm.s:7516   .debug_str:0000000000000553 .LASF334
C:\Users\zero6575\AppData\Local\Temp\ccix7ZOm.s:7968   .debug_str:0000000000001ec3 .LASF335
C:\Users\zero6575\AppData\Local\Temp\ccix7ZOm.s:9278   .debug_str:00000000000067e7 .LASF336
C:\Users\zero6575\AppData\Local\Temp\ccix7ZOm.s:8874   .debug_str:00000000000051ed .LASF337
C:\Users\zero6575\AppData\Local\Temp\ccix7ZOm.s:9710   .debug_str:0000000000007d77 .LASF338
C:\Users\zero6575\AppData\Local\Temp\ccix7ZOm.s:8120   .debug_str:00000000000027dd .LASF339
C:\Users\zero6575\AppData\Local\Temp\ccix7ZOm.s:8634   .debug_str:00000000000043af .LASF340
C:\Users\zero6575\AppData\Local\Temp\ccix7ZOm.s:8372   .debug_str:00000000000035fb .LASF341
C:\Users\zero6575\AppData\Local\Temp\ccix7ZOm.s:7536   .debug_str:00000000000005ef .LASF342
C:\Users\zero6575\AppData\Local\Temp\ccix7ZOm.s:9824   .debug_str:0000000000008330 .LASF343
C:\Users\zero6575\AppData\Local\Temp\ccix7ZOm.s:9378   .debug_str:0000000000006cdd .LASF344
C:\Users\zero6575\AppData\Local\Temp\ccix7ZOm.s:7844   .debug_str:000000000000187f .LASF345
C:\Users\zero6575\AppData\Local\Temp\ccix7ZOm.s:8366   .debug_str:00000000000035b8 .LASF346
C:\Users\zero6575\AppData\Local\Temp\ccix7ZOm.s:8570   .debug_str:00000000000040a4 .LASF350
C:\Users\zero6575\AppData\Local\Temp\ccix7ZOm.s:8746   .debug_str:0000000000004a12 .LASF351
C:\Users\zero6575\AppData\Local\Temp\ccix7ZOm.s:8600   .debug_str:00000000000041b8 .LASF352
C:\Users\zero6575\AppData\Local\Temp\ccix7ZOm.s:8180   .debug_str:0000000000002b7d .LASF353
C:\Users\zero6575\AppData\Local\Temp\ccix7ZOm.s:8302   .debug_str:00000000000032d8 .LASF354
C:\Users\zero6575\AppData\Local\Temp\ccix7ZOm.s:9190   .debug_str:00000000000062d7 .LASF355
C:\Users\zero6575\AppData\Local\Temp\ccix7ZOm.s:9600   .debug_str:000000000000778b .LASF356
C:\Users\zero6575\AppData\Local\Temp\ccix7ZOm.s:8148   .debug_str:0000000000002988 .LASF357
C:\Users\zero6575\AppData\Local\Temp\ccix7ZOm.s:8184   .debug_str:0000000000002bb0 .LASF358
C:\Users\zero6575\AppData\Local\Temp\ccix7ZOm.s:8010   .debug_str:00000000000020da .LASF359
C:\Users\zero6575\AppData\Local\Temp\ccix7ZOm.s:9814   .debug_str:00000000000082cf .LASF360
C:\Users\zero6575\AppData\Local\Temp\ccix7ZOm.s:9216   .debug_str:000000000000644f .LASF361
C:\Users\zero6575\AppData\Local\Temp\ccix7ZOm.s:9282   .debug_str:0000000000006810 .LASF362
C:\Users\zero6575\AppData\Local\Temp\ccix7ZOm.s:9776   .debug_str:00000000000080f8 .LASF363
C:\Users\zero6575\AppData\Local\Temp\ccix7ZOm.s:9594   .debug_str:0000000000007755 .LASF364
C:\Users\zero6575\AppData\Local\Temp\ccix7ZOm.s:9074   .debug_str:0000000000005c4a .LASF365
C:\Users\zero6575\AppData\Local\Temp\ccix7ZOm.s:9330   .debug_str:0000000000006a7d .LASF366
C:\Users\zero6575\AppData\Local\Temp\ccix7ZOm.s:9516   .debug_str:0000000000007336 .LASF367
C:\Users\zero6575\AppData\Local\Temp\ccix7ZOm.s:7806   .debug_str:00000000000016e4 .LASF368
C:\Users\zero6575\AppData\Local\Temp\ccix7ZOm.s:9518   .debug_str:0000000000007346 .LASF369
C:\Users\zero6575\AppData\Local\Temp\ccix7ZOm.s:7430   .debug_str:00000000000000c5 .LASF370
C:\Users\zero6575\AppData\Local\Temp\ccix7ZOm.s:8598   .debug_str:00000000000041a1 .LASF371
C:\Users\zero6575\AppData\Local\Temp\ccix7ZOm.s:8418   .debug_str:0000000000003902 .LASF372
C:\Users\zero6575\AppData\Local\Temp\ccix7ZOm.s:9112   .debug_str:0000000000005e86 .LASF373
C:\Users\zero6575\AppData\Local\Temp\ccix7ZOm.s:9040   .debug_str:0000000000005ad0 .LASF374
C:\Users\zero6575\AppData\Local\Temp\ccix7ZOm.s:7880   .debug_str:00000000000019e7 .LASF375
C:\Users\zero6575\AppData\Local\Temp\ccix7ZOm.s:9952   .debug_str:0000000000008aa9 .LASF376
C:\Users\zero6575\AppData\Local\Temp\ccix7ZOm.s:9732   .debug_str:0000000000007eb9 .LASF377
C:\Users\zero6575\AppData\Local\Temp\ccix7ZOm.s:9314   .debug_str:000000000000697d .LASF378
C:\Users\zero6575\AppData\Local\Temp\ccix7ZOm.s:8228   .debug_str:0000000000002e7e .LASF379
C:\Users\zero6575\AppData\Local\Temp\ccix7ZOm.s:9760   .debug_str:0000000000007ff9 .LASF380
C:\Users\zero6575\AppData\Local\Temp\ccix7ZOm.s:8338   .debug_str:0000000000003491 .LASF381
C:\Users\zero6575\AppData\Local\Temp\ccix7ZOm.s:7602   .debug_str:0000000000000973 .LASF382
C:\Users\zero6575\AppData\Local\Temp\ccix7ZOm.s:8734   .debug_str:0000000000004987 .LASF383
C:\Users\zero6575\AppData\Local\Temp\ccix7ZOm.s:7546   .debug_str:000000000000062a .LASF384
C:\Users\zero6575\AppData\Local\Temp\ccix7ZOm.s:8840   .debug_str:0000000000004fd6 .LASF385
C:\Users\zero6575\AppData\Local\Temp\ccix7ZOm.s:8950   .debug_str:00000000000055cd .LASF386
C:\Users\zero6575\AppData\Local\Temp\ccix7ZOm.s:8584   .debug_str:0000000000004138 .LASF387
C:\Users\zero6575\AppData\Local\Temp\ccix7ZOm.s:9448   .debug_str:0000000000007065 .LASF388
C:\Users\zero6575\AppData\Local\Temp\ccix7ZOm.s:7820   .debug_str:000000000000177b .LASF389
C:\Users\zero6575\AppData\Local\Temp\ccix7ZOm.s:9044   .debug_str:0000000000005b06 .LASF390
C:\Users\zero6575\AppData\Local\Temp\ccix7ZOm.s:7690   .debug_str:0000000000000e3f .LASF392
C:\Users\zero6575\AppData\Local\Temp\ccix7ZOm.s:9176   .debug_str:0000000000006200 .LASF393
C:\Users\zero6575\AppData\Local\Temp\ccix7ZOm.s:7678   .debug_str:0000000000000dba .LASF394
C:\Users\zero6575\AppData\Local\Temp\ccix7ZOm.s:9874   .debug_str:0000000000008620 .LASF395
C:\Users\zero6575\AppData\Local\Temp\ccix7ZOm.s:8504   .debug_str:0000000000003d48 .LASF396
C:\Users\zero6575\AppData\Local\Temp\ccix7ZOm.s:7560   .debug_str:00000000000006c5 .LASF397
C:\Users\zero6575\AppData\Local\Temp\ccix7ZOm.s:9764   .debug_str:0000000000008036 .LASF398
C:\Users\zero6575\AppData\Local\Temp\ccix7ZOm.s:8970   .debug_str:0000000000005683 .LASF399
C:\Users\zero6575\AppData\Local\Temp\ccix7ZOm.s:7972   .debug_str:0000000000001ee8 .LASF400
C:\Users\zero6575\AppData\Local\Temp\ccix7ZOm.s:8910   .debug_str:00000000000053a8 .LASF401
C:\Users\zero6575\AppData\Local\Temp\ccix7ZOm.s:8262   .debug_str:0000000000003013 .LASF402
C:\Users\zero6575\AppData\Local\Temp\ccix7ZOm.s:9476   .debug_str:00000000000071be .LASF403
C:\Users\zero6575\AppData\Local\Temp\ccix7ZOm.s:8026   .debug_str:00000000000021c8 .LASF404
C:\Users\zero6575\AppData\Local\Temp\ccix7ZOm.s:8436   .debug_str:0000000000003a0f .LASF405
C:\Users\zero6575\AppData\Local\Temp\ccix7ZOm.s:9446   .debug_str:0000000000007059 .LASF406
C:\Users\zero6575\AppData\Local\Temp\ccix7ZOm.s:8356   .debug_str:0000000000003558 .LASF407
C:\Users\zero6575\AppData\Local\Temp\ccix7ZOm.s:10100  .debug_str:0000000000009179 .LASF408
C:\Users\zero6575\AppData\Local\Temp\ccix7ZOm.s:8740   .debug_str:00000000000049da .LASF409
C:\Users\zero6575\AppData\Local\Temp\ccix7ZOm.s:8334   .debug_str:0000000000003471 .LASF410
C:\Users\zero6575\AppData\Local\Temp\ccix7ZOm.s:8674   .debug_str:000000000000461c .LASF411
C:\Users\zero6575\AppData\Local\Temp\ccix7ZOm.s:7704   .debug_str:0000000000000f08 .LASF412
C:\Users\zero6575\AppData\Local\Temp\ccix7ZOm.s:9132   .debug_str:0000000000006000 .LASF413
C:\Users\zero6575\AppData\Local\Temp\ccix7ZOm.s:7438   .debug_str:000000000000010e .LASF414
C:\Users\zero6575\AppData\Local\Temp\ccix7ZOm.s:9006   .debug_str:0000000000005912 .LASF415
C:\Users\zero6575\AppData\Local\Temp\ccix7ZOm.s:8104   .debug_str:00000000000026d9 .LASF416
C:\Users\zero6575\AppData\Local\Temp\ccix7ZOm.s:9452   .debug_str:0000000000007095 .LASF417
C:\Users\zero6575\AppData\Local\Temp\ccix7ZOm.s:8766   .debug_str:0000000000004b3a .LASF418
C:\Users\zero6575\AppData\Local\Temp\ccix7ZOm.s:7996   .debug_str:000000000000200d .LASF419
C:\Users\zero6575\AppData\Local\Temp\ccix7ZOm.s:8836   .debug_str:0000000000004fb5 .LASF420
C:\Users\zero6575\AppData\Local\Temp\ccix7ZOm.s:9468   .debug_str:000000000000713b .LASF421
C:\Users\zero6575\AppData\Local\Temp\ccix7ZOm.s:8232   .debug_str:0000000000002e99 .LASF422
C:\Users\zero6575\AppData\Local\Temp\ccix7ZOm.s:8526   .debug_str:0000000000003e0d .LASF423
C:\Users\zero6575\AppData\Local\Temp\ccix7ZOm.s:8306   .debug_str:0000000000003317 .LASF424
C:\Users\zero6575\AppData\Local\Temp\ccix7ZOm.s:9766   .debug_str:000000000000803e .LASF425
C:\Users\zero6575\AppData\Local\Temp\ccix7ZOm.s:10070  .debug_str:000000000000906a .LASF426
C:\Users\zero6575\AppData\Local\Temp\ccix7ZOm.s:9560   .debug_str:000000000000755f .LASF427
C:\Users\zero6575\AppData\Local\Temp\ccix7ZOm.s:8344   .debug_str:00000000000034d1 .LASF428
C:\Users\zero6575\AppData\Local\Temp\ccix7ZOm.s:8626   .debug_str:000000000000433d .LASF429
C:\Users\zero6575\AppData\Local\Temp\ccix7ZOm.s:7456   .debug_str:000000000000025b .LASF430
C:\Users\zero6575\AppData\Local\Temp\ccix7ZOm.s:8330   .debug_str:0000000000003451 .LASF431
C:\Users\zero6575\AppData\Local\Temp\ccix7ZOm.s:9340   .debug_str:0000000000006b2b .LASF432
C:\Users\zero6575\AppData\Local\Temp\ccix7ZOm.s:8632   .debug_str:000000000000439a .LASF433
C:\Users\zero6575\AppData\Local\Temp\ccix7ZOm.s:8848   .debug_str:0000000000005017 .LASF434
C:\Users\zero6575\AppData\Local\Temp\ccix7ZOm.s:9578   .debug_str:000000000000765a .LASF435
C:\Users\zero6575\AppData\Local\Temp\ccix7ZOm.s:10116  .debug_str:000000000000929f .LASF436
C:\Users\zero6575\AppData\Local\Temp\ccix7ZOm.s:7924   .debug_str:0000000000001c7b .LASF437
C:\Users\zero6575\AppData\Local\Temp\ccix7ZOm.s:8326   .debug_str:0000000000003418 .LASF438
C:\Users\zero6575\AppData\Local\Temp\ccix7ZOm.s:8364   .debug_str:000000000000359f .LASF439
C:\Users\zero6575\AppData\Local\Temp\ccix7ZOm.s:8394   .debug_str:00000000000037b4 .LASF440
C:\Users\zero6575\AppData\Local\Temp\ccix7ZOm.s:9630   .debug_str:00000000000079c0 .LASF441
C:\Users\zero6575\AppData\Local\Temp\ccix7ZOm.s:9612   .debug_str:0000000000007857 .LASF442
C:\Users\zero6575\AppData\Local\Temp\ccix7ZOm.s:9286   .debug_str:0000000000006837 .LASF443
C:\Users\zero6575\AppData\Local\Temp\ccix7ZOm.s:8572   .debug_str:00000000000040ba .LASF444
C:\Users\zero6575\AppData\Local\Temp\ccix7ZOm.s:9200   .debug_str:0000000000006388 .LASF445
C:\Users\zero6575\AppData\Local\Temp\ccix7ZOm.s:9310   .debug_str:0000000000006959 .LASF446
C:\Users\zero6575\AppData\Local\Temp\ccix7ZOm.s:9062   .debug_str:0000000000005bd2 .LASF447
C:\Users\zero6575\AppData\Local\Temp\ccix7ZOm.s:9338   .debug_str:0000000000006b02 .LASF448
C:\Users\zero6575\AppData\Local\Temp\ccix7ZOm.s:8694   .debug_str:000000000000471e .LASF449
C:\Users\zero6575\AppData\Local\Temp\ccix7ZOm.s:8208   .debug_str:0000000000002d80 .LASF450
C:\Users\zero6575\AppData\Local\Temp\ccix7ZOm.s:8000   .debug_str:0000000000002035 .LASF451
C:\Users\zero6575\AppData\Local\Temp\ccix7ZOm.s:8666   .debug_str:0000000000004587 .LASF452
C:\Users\zero6575\AppData\Local\Temp\ccix7ZOm.s:7886   .debug_str:0000000000001a40 .LASF453
C:\Users\zero6575\AppData\Local\Temp\ccix7ZOm.s:8038   .debug_str:0000000000002260 .LASF454
C:\Users\zero6575\AppData\Local\Temp\ccix7ZOm.s:7414   .debug_str:0000000000000012 .LASF455
C:\Users\zero6575\AppData\Local\Temp\ccix7ZOm.s:9306   .debug_str:0000000000006925 .LASF456
C:\Users\zero6575\AppData\Local\Temp\ccix7ZOm.s:8484   .debug_str:0000000000003c0b .LASF457
C:\Users\zero6575\AppData\Local\Temp\ccix7ZOm.s:10124  .debug_str:00000000000092ee .LASF458
C:\Users\zero6575\AppData\Local\Temp\ccix7ZOm.s:9380   .debug_str:0000000000006ce4 .LASF459
C:\Users\zero6575\AppData\Local\Temp\ccix7ZOm.s:9438   .debug_str:0000000000006fb9 .LASF460
C:\Users\zero6575\AppData\Local\Temp\ccix7ZOm.s:8778   .debug_str:0000000000004bb9 .LASF461
C:\Users\zero6575\AppData\Local\Temp\ccix7ZOm.s:7754   .debug_str:00000000000011e9 .LASF462
C:\Users\zero6575\AppData\Local\Temp\ccix7ZOm.s:7742   .debug_str:0000000000001143 .LASF463
C:\Users\zero6575\AppData\Local\Temp\ccix7ZOm.s:7906   .debug_str:0000000000001b5c .LASF464
C:\Users\zero6575\AppData\Local\Temp\ccix7ZOm.s:8702   .debug_str:0000000000004779 .LASF465
C:\Users\zero6575\AppData\Local\Temp\ccix7ZOm.s:9792   .debug_str:00000000000081b6 .LASF466
C:\Users\zero6575\AppData\Local\Temp\ccix7ZOm.s:7976   .debug_str:0000000000001f03 .LASF467
C:\Users\zero6575\AppData\Local\Temp\ccix7ZOm.s:7480   .debug_str:00000000000003ad .LASF468
C:\Users\zero6575\AppData\Local\Temp\ccix7ZOm.s:9740   .debug_str:0000000000007f07 .LASF469
C:\Users\zero6575\AppData\Local\Temp\ccix7ZOm.s:8756   .debug_str:0000000000004ae7 .LASF470
C:\Users\zero6575\AppData\Local\Temp\ccix7ZOm.s:9098   .debug_str:0000000000005dcc .LASF471
C:\Users\zero6575\AppData\Local\Temp\ccix7ZOm.s:8748   .debug_str:0000000000004a2a .LASF472
C:\Users\zero6575\AppData\Local\Temp\ccix7ZOm.s:10082  .debug_str:00000000000090c3 .LASF473
C:\Users\zero6575\AppData\Local\Temp\ccix7ZOm.s:8784   .debug_str:0000000000004c17 .LASF474
C:\Users\zero6575\AppData\Local\Temp\ccix7ZOm.s:7632   .debug_str:0000000000000b05 .LASF475
C:\Users\zero6575\AppData\Local\Temp\ccix7ZOm.s:9960   .debug_str:0000000000008afb .LASF476
C:\Users\zero6575\AppData\Local\Temp\ccix7ZOm.s:9254   .debug_str:0000000000006666 .LASF477
C:\Users\zero6575\AppData\Local\Temp\ccix7ZOm.s:7568   .debug_str:000000000000076c .LASF478
C:\Users\zero6575\AppData\Local\Temp\ccix7ZOm.s:8432   .debug_str:00000000000039be .LASF479
C:\Users\zero6575\AppData\Local\Temp\ccix7ZOm.s:9562   .debug_str:0000000000007572 .LASF480
C:\Users\zero6575\AppData\Local\Temp\ccix7ZOm.s:9730   .debug_str:0000000000007e9d .LASF481
C:\Users\zero6575\AppData\Local\Temp\ccix7ZOm.s:7638   .debug_str:0000000000000b5b .LASF482
C:\Users\zero6575\AppData\Local\Temp\ccix7ZOm.s:10004  .debug_str:0000000000008ca8 .LASF483
C:\Users\zero6575\AppData\Local\Temp\ccix7ZOm.s:9486   .debug_str:00000000000071f7 .LASF484
C:\Users\zero6575\AppData\Local\Temp\ccix7ZOm.s:7476   .debug_str:000000000000036e .LASF485
C:\Users\zero6575\AppData\Local\Temp\ccix7ZOm.s:9800   .debug_str:000000000000822f .LASF486
C:\Users\zero6575\AppData\Local\Temp\ccix7ZOm.s:9428   .debug_str:0000000000006f5a .LASF487
C:\Users\zero6575\AppData\Local\Temp\ccix7ZOm.s:8162   .debug_str:0000000000002a73 .LASF488
C:\Users\zero6575\AppData\Local\Temp\ccix7ZOm.s:10044  .debug_str:0000000000008f1b .LASF489
C:\Users\zero6575\AppData\Local\Temp\ccix7ZOm.s:8556   .debug_str:0000000000003f69 .LASF490
C:\Users\zero6575\AppData\Local\Temp\ccix7ZOm.s:8696   .debug_str:0000000000004742 .LASF491
C:\Users\zero6575\AppData\Local\Temp\ccix7ZOm.s:8974   .debug_str:000000000000569d .LASF492
C:\Users\zero6575\AppData\Local\Temp\ccix7ZOm.s:9158   .debug_str:000000000000615a .LASF493
C:\Users\zero6575\AppData\Local\Temp\ccix7ZOm.s:8538   .debug_str:0000000000003e98 .LASF494
C:\Users\zero6575\AppData\Local\Temp\ccix7ZOm.s:8156   .debug_str:0000000000002a22 .LASF495
C:\Users\zero6575\AppData\Local\Temp\ccix7ZOm.s:8780   .debug_str:0000000000004bdf .LASF496
C:\Users\zero6575\AppData\Local\Temp\ccix7ZOm.s:7500   .debug_str:0000000000000485 .LASF497
C:\Users\zero6575\AppData\Local\Temp\ccix7ZOm.s:8726   .debug_str:00000000000048b2 .LASF498
C:\Users\zero6575\AppData\Local\Temp\ccix7ZOm.s:7518   .debug_str:0000000000000562 .LASF499
C:\Users\zero6575\AppData\Local\Temp\ccix7ZOm.s:9210   .debug_str:00000000000063ef .LASF500
C:\Users\zero6575\AppData\Local\Temp\ccix7ZOm.s:9082   .debug_str:0000000000005c9f .LASF501
C:\Users\zero6575\AppData\Local\Temp\ccix7ZOm.s:9038   .debug_str:0000000000005ab4 .LASF502
C:\Users\zero6575\AppData\Local\Temp\ccix7ZOm.s:8488   .debug_str:0000000000003c52 .LASF505
C:\Users\zero6575\AppData\Local\Temp\ccix7ZOm.s:9592   .debug_str:0000000000007749 .LASF506
C:\Users\zero6575\AppData\Local\Temp\ccix7ZOm.s:8968   .debug_str:0000000000005673 .LASF507
C:\Users\zero6575\AppData\Local\Temp\ccix7ZOm.s:8458   .debug_str:0000000000003b23 .LASF508
C:\Users\zero6575\AppData\Local\Temp\ccix7ZOm.s:7590   .debug_str:0000000000000920 .LASF509
C:\Users\zero6575\AppData\Local\Temp\ccix7ZOm.s:9396   .debug_str:0000000000006ddd .LASF510
C:\Users\zero6575\AppData\Local\Temp\ccix7ZOm.s:9120   .debug_str:0000000000005f0a .LASF511
C:\Users\zero6575\AppData\Local\Temp\ccix7ZOm.s:9104   .debug_str:0000000000005e1b .LASF512
C:\Users\zero6575\AppData\Local\Temp\ccix7ZOm.s:9638   .debug_str:0000000000007a18 .LASF513
C:\Users\zero6575\AppData\Local\Temp\ccix7ZOm.s:9508   .debug_str:00000000000072cf .LASF514
C:\Users\zero6575\AppData\Local\Temp\ccix7ZOm.s:7974   .debug_str:0000000000001ef3 .LASF515
C:\Users\zero6575\AppData\Local\Temp\ccix7ZOm.s:8082   .debug_str:0000000000002619 .LASF516
C:\Users\zero6575\AppData\Local\Temp\ccix7ZOm.s:9054   .debug_str:0000000000005b81 .LASF517
C:\Users\zero6575\AppData\Local\Temp\ccix7ZOm.s:8880   .debug_str:0000000000005257 .LASF518
C:\Users\zero6575\AppData\Local\Temp\ccix7ZOm.s:10000  .debug_str:0000000000008c91 .LASF519
C:\Users\zero6575\AppData\Local\Temp\ccix7ZOm.s:9276   .debug_str:00000000000067de .LASF520
C:\Users\zero6575\AppData\Local\Temp\ccix7ZOm.s:8742   .debug_str:00000000000049e3 .LASF521
C:\Users\zero6575\AppData\Local\Temp\ccix7ZOm.s:7804   .debug_str:00000000000016da .LASF522
C:\Users\zero6575\AppData\Local\Temp\ccix7ZOm.s:9718   .debug_str:0000000000007de8 .LASF523
C:\Users\zero6575\AppData\Local\Temp\ccix7ZOm.s:9146   .debug_str:00000000000060eb .LASF524
C:\Users\zero6575\AppData\Local\Temp\ccix7ZOm.s:8466   .debug_str:0000000000003b72 .LASF525
C:\Users\zero6575\AppData\Local\Temp\ccix7ZOm.s:8060   .debug_str:000000000000237b .LASF526
C:\Users\zero6575\AppData\Local\Temp\ccix7ZOm.s:8382   .debug_str:0000000000003676 .LASF527
C:\Users\zero6575\AppData\Local\Temp\ccix7ZOm.s:7580   .debug_str:000000000000083c .LASF528
C:\Users\zero6575\AppData\Local\Temp\ccix7ZOm.s:8926   .debug_str:000000000000543f .LASF529
C:\Users\zero6575\AppData\Local\Temp\ccix7ZOm.s:7922   .debug_str:0000000000001c69 .LASF530
C:\Users\zero6575\AppData\Local\Temp\ccix7ZOm.s:8374   .debug_str:0000000000003612 .LASF531
C:\Users\zero6575\AppData\Local\Temp\ccix7ZOm.s:9954   .debug_str:0000000000008abd .LASF532
C:\Users\zero6575\AppData\Local\Temp\ccix7ZOm.s:8924   .debug_str:0000000000005436 .LASF533
C:\Users\zero6575\AppData\Local\Temp\ccix7ZOm.s:8014   .debug_str:00000000000020ff .LASF534
C:\Users\zero6575\AppData\Local\Temp\ccix7ZOm.s:7722   .debug_str:0000000000001025 .LASF535
C:\Users\zero6575\AppData\Local\Temp\ccix7ZOm.s:8642   .debug_str:0000000000004409 .LASF536
C:\Users\zero6575\AppData\Local\Temp\ccix7ZOm.s:7520   .debug_str:000000000000057a .LASF537
C:\Users\zero6575\AppData\Local\Temp\ccix7ZOm.s:8698   .debug_str:000000000000475a .LASF538
C:\Users\zero6575\AppData\Local\Temp\ccix7ZOm.s:9206   .debug_str:00000000000063d3 .LASF539
C:\Users\zero6575\AppData\Local\Temp\ccix7ZOm.s:9576   .debug_str:0000000000007650 .LASF540
C:\Users\zero6575\AppData\Local\Temp\ccix7ZOm.s:9640   .debug_str:0000000000007a29 .LASF541
C:\Users\zero6575\AppData\Local\Temp\ccix7ZOm.s:8720   .debug_str:000000000000485a .LASF542
C:\Users\zero6575\AppData\Local\Temp\ccix7ZOm.s:9514   .debug_str:0000000000007327 .LASF543
C:\Users\zero6575\AppData\Local\Temp\ccix7ZOm.s:8186   .debug_str:0000000000002bc2 .LASF544
C:\Users\zero6575\AppData\Local\Temp\ccix7ZOm.s:7428   .debug_str:00000000000000b3 .LASF545
C:\Users\zero6575\AppData\Local\Temp\ccix7ZOm.s:8242   .debug_str:0000000000002efe .LASF546
C:\Users\zero6575\AppData\Local\Temp\ccix7ZOm.s:7726   .debug_str:0000000000001064 .LASF547
C:\Users\zero6575\AppData\Local\Temp\ccix7ZOm.s:9872   .debug_str:000000000000860f .LASF548
C:\Users\zero6575\AppData\Local\Temp\ccix7ZOm.s:8430   .debug_str:00000000000039b0 .LASF549
C:\Users\zero6575\AppData\Local\Temp\ccix7ZOm.s:8648   .debug_str:000000000000445e .LASF550
C:\Users\zero6575\AppData\Local\Temp\ccix7ZOm.s:8456   .debug_str:0000000000003b15 .LASF551
C:\Users\zero6575\AppData\Local\Temp\ccix7ZOm.s:9390   .debug_str:0000000000006da1 .LASF552
C:\Users\zero6575\AppData\Local\Temp\ccix7ZOm.s:8620   .debug_str:000000000000430c .LASF553
C:\Users\zero6575\AppData\Local\Temp\ccix7ZOm.s:9354   .debug_str:0000000000006bbf .LASF554
C:\Users\zero6575\AppData\Local\Temp\ccix7ZOm.s:8786   .debug_str:0000000000004c3d .LASF555
C:\Users\zero6575\AppData\Local\Temp\ccix7ZOm.s:8788   .debug_str:0000000000004c49 .LASF556
C:\Users\zero6575\AppData\Local\Temp\ccix7ZOm.s:9986   .debug_str:0000000000008c02 .LASF557
C:\Users\zero6575\AppData\Local\Temp\ccix7ZOm.s:8274   .debug_str:0000000000003086 .LASF559
C:\Users\zero6575\AppData\Local\Temp\ccix7ZOm.s:9016   .debug_str:0000000000005971 .LASF560
C:\Users\zero6575\AppData\Local\Temp\ccix7ZOm.s:9284   .debug_str:0000000000006828 .LASF561
C:\Users\zero6575\AppData\Local\Temp\ccix7ZOm.s:7790   .debug_str:0000000000001643 .LASF562
C:\Users\zero6575\AppData\Local\Temp\ccix7ZOm.s:9924   .debug_str:000000000000885b .LASF563
C:\Users\zero6575\AppData\Local\Temp\ccix7ZOm.s:7792   .debug_str:0000000000001655 .LASF564
C:\Users\zero6575\AppData\Local\Temp\ccix7ZOm.s:7724   .debug_str:0000000000001033 .LASF565
C:\Users\zero6575\AppData\Local\Temp\ccix7ZOm.s:9130   .debug_str:0000000000005ff2 .LASF566
C:\Users\zero6575\AppData\Local\Temp\ccix7ZOm.s:9228   .debug_str:0000000000006517 .LASF567
C:\Users\zero6575\AppData\Local\Temp\ccix7ZOm.s:9812   .debug_str:00000000000082b9 .LASF568
C:\Users\zero6575\AppData\Local\Temp\ccix7ZOm.s:8290   .debug_str:0000000000003203 .LASF569
C:\Users\zero6575\AppData\Local\Temp\ccix7ZOm.s:7876   .debug_str:00000000000019d6 .LASF570
C:\Users\zero6575\AppData\Local\Temp\ccix7ZOm.s:9218   .debug_str:000000000000645f .LASF571
C:\Users\zero6575\AppData\Local\Temp\ccix7ZOm.s:9822   .debug_str:0000000000008320 .LASF572
C:\Users\zero6575\AppData\Local\Temp\ccix7ZOm.s:8314   .debug_str:0000000000003365 .LASF573
C:\Users\zero6575\AppData\Local\Temp\ccix7ZOm.s:8532   .debug_str:0000000000003e47 .LASF574
C:\Users\zero6575\AppData\Local\Temp\ccix7ZOm.s:7776   .debug_str:00000000000012f8 .LASF575
C:\Users\zero6575\AppData\Local\Temp\ccix7ZOm.s:9234   .debug_str:00000000000065b9 .LASF576
C:\Users\zero6575\AppData\Local\Temp\ccix7ZOm.s:9204   .debug_str:00000000000063be .LASF577
C:\Users\zero6575\AppData\Local\Temp\ccix7ZOm.s:9754   .debug_str:0000000000007fb6 .LASF578
C:\Users\zero6575\AppData\Local\Temp\ccix7ZOm.s:9536   .debug_str:000000000000746d .LASF579
C:\Users\zero6575\AppData\Local\Temp\ccix7ZOm.s:8520   .debug_str:0000000000003ddd .LASF580
C:\Users\zero6575\AppData\Local\Temp\ccix7ZOm.s:8898   .debug_str:0000000000005312 .LASF581
C:\Users\zero6575\AppData\Local\Temp\ccix7ZOm.s:9422   .debug_str:0000000000006f25 .LASF582
C:\Users\zero6575\AppData\Local\Temp\ccix7ZOm.s:9336   .debug_str:0000000000006af0 .LASF583
C:\Users\zero6575\AppData\Local\Temp\ccix7ZOm.s:10066  .debug_str:000000000000903a .LASF584
C:\Users\zero6575\AppData\Local\Temp\ccix7ZOm.s:8982   .debug_str:00000000000056fc .LASF585
C:\Users\zero6575\AppData\Local\Temp\ccix7ZOm.s:9540   .debug_str:0000000000007490 .LASF586
C:\Users\zero6575\AppData\Local\Temp\ccix7ZOm.s:9832   .debug_str:000000000000838b .LASF587
C:\Users\zero6575\AppData\Local\Temp\ccix7ZOm.s:7692   .debug_str:0000000000000e45 .LASF588
C:\Users\zero6575\AppData\Local\Temp\ccix7ZOm.s:8772   .debug_str:0000000000004b67 .LASF589
C:\Users\zero6575\AppData\Local\Temp\ccix7ZOm.s:9650   .debug_str:0000000000007ac4 .LASF590
C:\Users\zero6575\AppData\Local\Temp\ccix7ZOm.s:7466   .debug_str:00000000000002d9 .LASF591
C:\Users\zero6575\AppData\Local\Temp\ccix7ZOm.s:9828   .debug_str:000000000000835d .LASF592
C:\Users\zero6575\AppData\Local\Temp\ccix7ZOm.s:8652   .debug_str:00000000000044a4 .LASF593
C:\Users\zero6575\AppData\Local\Temp\ccix7ZOm.s:8142   .debug_str:000000000000293a .LASF594
C:\Users\zero6575\AppData\Local\Temp\ccix7ZOm.s:8444   .debug_str:0000000000003a91 .LASF595
C:\Users\zero6575\AppData\Local\Temp\ccix7ZOm.s:9852   .debug_str:0000000000008506 .LASF596
C:\Users\zero6575\AppData\Local\Temp\ccix7ZOm.s:7746   .debug_str:0000000000001184 .LASF597
C:\Users\zero6575\AppData\Local\Temp\ccix7ZOm.s:9162   .debug_str:0000000000006185 .LASF598
C:\Users\zero6575\AppData\Local\Temp\ccix7ZOm.s:9806   .debug_str:0000000000008292 .LASF599
C:\Users\zero6575\AppData\Local\Temp\ccix7ZOm.s:8888   .debug_str:00000000000052b4 .LASF600
C:\Users\zero6575\AppData\Local\Temp\ccix7ZOm.s:8054   .debug_str:000000000000231e .LASF601
C:\Users\zero6575\AppData\Local\Temp\ccix7ZOm.s:7940   .debug_str:0000000000001d42 .LASF602
C:\Users\zero6575\AppData\Local\Temp\ccix7ZOm.s:8580   .debug_str:00000000000040ff .LASF603
C:\Users\zero6575\AppData\Local\Temp\ccix7ZOm.s:9320   .debug_str:00000000000069de .LASF604
C:\Users\zero6575\AppData\Local\Temp\ccix7ZOm.s:8240   .debug_str:0000000000002ee6 .LASF605
C:\Users\zero6575\AppData\Local\Temp\ccix7ZOm.s:8732   .debug_str:000000000000496d .LASF606
C:\Users\zero6575\AppData\Local\Temp\ccix7ZOm.s:7732   .debug_str:000000000000109d .LASF607
C:\Users\zero6575\AppData\Local\Temp\ccix7ZOm.s:9294   .debug_str:000000000000688b .LASF608
C:\Users\zero6575\AppData\Local\Temp\ccix7ZOm.s:9026   .debug_str:00000000000059b7 .LASF609
C:\Users\zero6575\AppData\Local\Temp\ccix7ZOm.s:8980   .debug_str:00000000000056e7 .LASF610
C:\Users\zero6575\AppData\Local\Temp\ccix7ZOm.s:8336   .debug_str:000000000000347b .LASF611
C:\Users\zero6575\AppData\Local\Temp\ccix7ZOm.s:9394   .debug_str:0000000000006dc6 .LASF612
C:\Users\zero6575\AppData\Local\Temp\ccix7ZOm.s:9152   .debug_str:000000000000611c .LASF613
C:\Users\zero6575\AppData\Local\Temp\ccix7ZOm.s:8530   .debug_str:0000000000003e39 .LASF614
C:\Users\zero6575\AppData\Local\Temp\ccix7ZOm.s:7508   .debug_str:00000000000004e6 .LASF615
C:\Users\zero6575\AppData\Local\Temp\ccix7ZOm.s:9334   .debug_str:0000000000006ad2 .LASF616
C:\Users\zero6575\AppData\Local\Temp\ccix7ZOm.s:8854   .debug_str:0000000000005053 .LASF617
C:\Users\zero6575\AppData\Local\Temp\ccix7ZOm.s:7578   .debug_str:00000000000007e9 .LASF618
C:\Users\zero6575\AppData\Local\Temp\ccix7ZOm.s:9232   .debug_str:000000000000654f .LASF619
C:\Users\zero6575\AppData\Local\Temp\ccix7ZOm.s:9058   .debug_str:0000000000005b9e .LASF620
C:\Users\zero6575\AppData\Local\Temp\ccix7ZOm.s:7930   .debug_str:0000000000001ccb .LASF621
C:\Users\zero6575\AppData\Local\Temp\ccix7ZOm.s:8552   .debug_str:0000000000003f44 .LASF622
C:\Users\zero6575\AppData\Local\Temp\ccix7ZOm.s:8044   .debug_str:00000000000022cd .LASF623
C:\Users\zero6575\AppData\Local\Temp\ccix7ZOm.s:9008   .debug_str:000000000000591d .LASF629
C:\Users\zero6575\AppData\Local\Temp\ccix7ZOm.s:8118   .debug_str:00000000000027cd .LASF630
C:\Users\zero6575\AppData\Local\Temp\ccix7ZOm.s:10054  .debug_str:0000000000008fc3 .LASF631
C:\Users\zero6575\AppData\Local\Temp\ccix7ZOm.s:7436   .debug_str:0000000000000102 .LASF632
C:\Users\zero6575\AppData\Local\Temp\ccix7ZOm.s:10094  .debug_str:000000000000913a .LASF633
C:\Users\zero6575\AppData\Local\Temp\ccix7ZOm.s:9024   .debug_str:00000000000059ab .LASF634
C:\Users\zero6575\AppData\Local\Temp\ccix7ZOm.s:8996   .debug_str:00000000000057d7 .LASF635
C:\Users\zero6575\AppData\Local\Temp\ccix7ZOm.s:9312   .debug_str:0000000000006971 .LASF636
C:\Users\zero6575\AppData\Local\Temp\ccix7ZOm.s:9904   .debug_str:000000000000876a .LASF637
C:\Users\zero6575\AppData\Local\Temp\ccix7ZOm.s:8298   .debug_str:00000000000032b5 .LASF638
C:\Users\zero6575\AppData\Local\Temp\ccix7ZOm.s:10122  .debug_str:00000000000092e0 .LASF639
C:\Users\zero6575\AppData\Local\Temp\ccix7ZOm.s:9194   .debug_str:000000000000633d .LASF640
C:\Users\zero6575\AppData\Local\Temp\ccix7ZOm.s:9010   .debug_str:0000000000005925 .LASF641
C:\Users\zero6575\AppData\Local\Temp\ccix7ZOm.s:9292   .debug_str:000000000000687c .LASF642
C:\Users\zero6575\AppData\Local\Temp\ccix7ZOm.s:8860   .debug_str:0000000000005148 .LASF643
C:\Users\zero6575\AppData\Local\Temp\ccix7ZOm.s:8472   .debug_str:0000000000003bb6 .LASF644
C:\Users\zero6575\AppData\Local\Temp\ccix7ZOm.s:7942   .debug_str:0000000000001d5c .LASF645
C:\Users\zero6575\AppData\Local\Temp\ccix7ZOm.s:9108   .debug_str:0000000000005e3b .LASF646
C:\Users\zero6575\AppData\Local\Temp\ccix7ZOm.s:8644   .debug_str:0000000000004416 .LASF647
C:\Users\zero6575\AppData\Local\Temp\ccix7ZOm.s:8640   .debug_str:00000000000043f6 .LASF648
C:\Users\zero6575\AppData\Local\Temp\ccix7ZOm.s:7710   .debug_str:0000000000000f4e .LASF649
C:\Users\zero6575\AppData\Local\Temp\ccix7ZOm.s:8768   .debug_str:0000000000004b4c .LASF650
C:\Users\zero6575\AppData\Local\Temp\ccix7ZOm.s:9906   .debug_str:0000000000008776 .LASF651
C:\Users\zero6575\AppData\Local\Temp\ccix7ZOm.s:7736   .debug_str:00000000000010c8 .LASF652
C:\Users\zero6575\AppData\Local\Temp\ccix7ZOm.s:8818   .debug_str:0000000000004e51 .LASF653
C:\Users\zero6575\AppData\Local\Temp\ccix7ZOm.s:9652   .debug_str:0000000000007ad6 .LASF654
C:\Users\zero6575\AppData\Local\Temp\ccix7ZOm.s:9664   .debug_str:0000000000007b42 .LASF655
C:\Users\zero6575\AppData\Local\Temp\ccix7ZOm.s:7970   .debug_str:0000000000001ed3 .LASF656
C:\Users\zero6575\AppData\Local\Temp\ccix7ZOm.s:8278   .debug_str:00000000000030b1 .LASF657
C:\Users\zero6575\AppData\Local\Temp\ccix7ZOm.s:9534   .debug_str:0000000000007458 .LASF658
C:\Users\zero6575\AppData\Local\Temp\ccix7ZOm.s:8546   .debug_str:0000000000003ed6 .LASF659
C:\Users\zero6575\AppData\Local\Temp\ccix7ZOm.s:7908   .debug_str:0000000000001b76 .LASF660
C:\Users\zero6575\AppData\Local\Temp\ccix7ZOm.s:7798   .debug_str:000000000000169b .LASF661
C:\Users\zero6575\AppData\Local\Temp\ccix7ZOm.s:8238   .debug_str:0000000000002ed1 .LASF662
C:\Users\zero6575\AppData\Local\Temp\ccix7ZOm.s:9864   .debug_str:000000000000859f .LASF663
C:\Users\zero6575\AppData\Local\Temp\ccix7ZOm.s:9268   .debug_str:000000000000675b .LASF664
C:\Users\zero6575\AppData\Local\Temp\ccix7ZOm.s:9042   .debug_str:0000000000005ae6 .LASF665
C:\Users\zero6575\AppData\Local\Temp\ccix7ZOm.s:7504   .debug_str:00000000000004bc .LASF666
C:\Users\zero6575\AppData\Local\Temp\ccix7ZOm.s:8782   .debug_str:0000000000004bf9 .LASF667
C:\Users\zero6575\AppData\Local\Temp\ccix7ZOm.s:9212   .debug_str:0000000000006409 .LASF668
C:\Users\zero6575\AppData\Local\Temp\ccix7ZOm.s:9738   .debug_str:0000000000007ee8 .LASF669
C:\Users\zero6575\AppData\Local\Temp\ccix7ZOm.s:8808   .debug_str:0000000000004dd1 .LASF670
C:\Users\zero6575\AppData\Local\Temp\ccix7ZOm.s:7570   .debug_str:0000000000000795 .LASF671
C:\Users\zero6575\AppData\Local\Temp\ccix7ZOm.s:7838   .debug_str:0000000000001840 .LASF672
C:\Users\zero6575\AppData\Local\Temp\ccix7ZOm.s:9084   .debug_str:0000000000005cb9 .LASF673
C:\Users\zero6575\AppData\Local\Temp\ccix7ZOm.s:8508   .debug_str:0000000000003d59 .LASF674
C:\Users\zero6575\AppData\Local\Temp\ccix7ZOm.s:9914   .debug_str:00000000000087e9 .LASF675
C:\Users\zero6575\AppData\Local\Temp\ccix7ZOm.s:9350   .debug_str:0000000000006b83 .LASF676
C:\Users\zero6575\AppData\Local\Temp\ccix7ZOm.s:9344   .debug_str:0000000000006b5b .LASF677
C:\Users\zero6575\AppData\Local\Temp\ccix7ZOm.s:9860   .debug_str:000000000000854f .LASF678
C:\Users\zero6575\AppData\Local\Temp\ccix7ZOm.s:7836   .debug_str:0000000000001829 .LASF679
C:\Users\zero6575\AppData\Local\Temp\ccix7ZOm.s:9252   .debug_str:0000000000006657 .LASF684
C:\Users\zero6575\AppData\Local\Temp\ccix7ZOm.s:8870   .debug_str:00000000000051cb .LASF685
C:\Users\zero6575\AppData\Local\Temp\ccix7ZOm.s:8286   .debug_str:00000000000031b0 .LASF686
C:\Users\zero6575\AppData\Local\Temp\ccix7ZOm.s:7432   .debug_str:00000000000000d6 .LASF687
C:\Users\zero6575\AppData\Local\Temp\ccix7ZOm.s:8136   .debug_str:00000000000028d8 .LASF688
C:\Users\zero6575\AppData\Local\Temp\ccix7ZOm.s:7994   .debug_str:0000000000001ff9 .LASF689
C:\Users\zero6575\AppData\Local\Temp\ccix7ZOm.s:9214   .debug_str:000000000000642c .LASF690
C:\Users\zero6575\AppData\Local\Temp\ccix7ZOm.s:9682   .debug_str:0000000000007c33 .LASF691
C:\Users\zero6575\AppData\Local\Temp\ccix7ZOm.s:8882   .debug_str:0000000000005263 .LASF692
C:\Users\zero6575\AppData\Local\Temp\ccix7ZOm.s:9840   .debug_str:0000000000008418 .LASF693
C:\Users\zero6575\AppData\Local\Temp\ccix7ZOm.s:8856   .debug_str:0000000000005108 .LASF695
C:\Users\zero6575\AppData\Local\Temp\ccix7ZOm.s:8190   .debug_str:0000000000002be8 .LASF696
C:\Users\zero6575\AppData\Local\Temp\ccix7ZOm.s:9848   .debug_str:0000000000008476 .LASF697
C:\Users\zero6575\AppData\Local\Temp\ccix7ZOm.s:10048  .debug_str:0000000000008f56 .LASF698
C:\Users\zero6575\AppData\Local\Temp\ccix7ZOm.s:8896   .debug_str:0000000000005300 .LASF699
C:\Users\zero6575\AppData\Local\Temp\ccix7ZOm.s:9596   .debug_str:0000000000007766 .LASF700
C:\Users\zero6575\AppData\Local\Temp\ccix7ZOm.s:8270   .debug_str:000000000000305e .LASF701
C:\Users\zero6575\AppData\Local\Temp\ccix7ZOm.s:8886   .debug_str:00000000000052aa .LASF702
C:\Users\zero6575\AppData\Local\Temp\ccix7ZOm.s:9810   .debug_str:00000000000082af .LASF703
C:\Users\zero6575\AppData\Local\Temp\ccix7ZOm.s:7482   .debug_str:00000000000003d5 .LASF704
C:\Users\zero6575\AppData\Local\Temp\ccix7ZOm.s:9398   .debug_str:0000000000006de9 .LASF705
C:\Users\zero6575\AppData\Local\Temp\ccix7ZOm.s:9734   .debug_str:0000000000007ec9 .LASF706
C:\Users\zero6575\AppData\Local\Temp\ccix7ZOm.s:8630   .debug_str:000000000000438e .LASF707
C:\Users\zero6575\AppData\Local\Temp\ccix7ZOm.s:9622   .debug_str:000000000000796a .LASF708
C:\Users\zero6575\AppData\Local\Temp\ccix7ZOm.s:9844   .debug_str:000000000000843c .LASF709
C:\Users\zero6575\AppData\Local\Temp\ccix7ZOm.s:9762   .debug_str:000000000000800e .LASF710
C:\Users\zero6575\AppData\Local\Temp\ccix7ZOm.s:9602   .debug_str:00000000000077b8 .LASF711
C:\Users\zero6575\AppData\Local\Temp\ccix7ZOm.s:7660   .debug_str:0000000000000cc3 .LASF712
C:\Users\zero6575\AppData\Local\Temp\ccix7ZOm.s:9838   .debug_str:00000000000083f6 .LASF713
C:\Users\zero6575\AppData\Local\Temp\ccix7ZOm.s:7600   .debug_str:000000000000096a .LASF714
C:\Users\zero6575\AppData\Local\Temp\ccix7ZOm.s:8446   .debug_str:0000000000003aa3 .LASF715
C:\Users\zero6575\AppData\Local\Temp\ccix7ZOm.s:8340   .debug_str:00000000000034a6 .LASF716
C:\Users\zero6575\AppData\Local\Temp\ccix7ZOm.s:9100   .debug_str:0000000000005df0 .LASF718
C:\Users\zero6575\AppData\Local\Temp\ccix7ZOm.s:9156   .debug_str:000000000000614d .LASF719
C:\Users\zero6575\AppData\Local\Temp\ccix7ZOm.s:10042  .debug_str:0000000000008f12 .LASF720
C:\Users\zero6575\AppData\Local\Temp\ccix7ZOm.s:8730   .debug_str:0000000000004934 .LASF721
C:\Users\zero6575\AppData\Local\Temp\ccix7ZOm.s:9842   .debug_str:000000000000842d .LASF722
C:\Users\zero6575\AppData\Local\Temp\ccix7ZOm.s:7662   .debug_str:0000000000000cec .LASF723
C:\Users\zero6575\AppData\Local\Temp\ccix7ZOm.s:7920   .debug_str:0000000000001c53 .LASF724
C:\Users\zero6575\AppData\Local\Temp\ccix7ZOm.s:8478   .debug_str:0000000000003bdb .LASF725
C:\Users\zero6575\AppData\Local\Temp\ccix7ZOm.s:9666   .debug_str:0000000000007b57 .LASF726
C:\Users\zero6575\AppData\Local\Temp\ccix7ZOm.s:9996   .debug_str:0000000000008c6d .LASF727
C:\Users\zero6575\AppData\Local\Temp\ccix7ZOm.s:8192   .debug_str:0000000000002c02 .LASF728
C:\Users\zero6575\AppData\Local\Temp\ccix7ZOm.s:7610   .debug_str:00000000000009f4 .LASF729
C:\Users\zero6575\AppData\Local\Temp\ccix7ZOm.s:8554   .debug_str:0000000000003f5d .LASF730
C:\Users\zero6575\AppData\Local\Temp\ccix7ZOm.s:9002   .debug_str:00000000000058df .LASF731
C:\Users\zero6575\AppData\Local\Temp\ccix7ZOm.s:7896   .debug_str:0000000000001af6 .LASF732
C:\Users\zero6575\AppData\Local\Temp\ccix7ZOm.s:8906   .debug_str:0000000000005383 .LASF733
C:\Users\zero6575\AppData\Local\Temp\ccix7ZOm.s:9708   .debug_str:0000000000007d68 .LASF734
C:\Users\zero6575\AppData\Local\Temp\ccix7ZOm.s:9880   .debug_str:0000000000008674 .LASF735
C:\Users\zero6575\AppData\Local\Temp\ccix7ZOm.s:7986   .debug_str:0000000000001f88 .LASF736
C:\Users\zero6575\AppData\Local\Temp\ccix7ZOm.s:9976   .debug_str:0000000000008bb3 .LASF737
C:\Users\zero6575\AppData\Local\Temp\ccix7ZOm.s:7498   .debug_str:000000000000046f .LASF738
C:\Users\zero6575\AppData\Local\Temp\ccix7ZOm.s:8040   .debug_str:000000000000228b .LASF739
C:\Users\zero6575\AppData\Local\Temp\ccix7ZOm.s:9684   .debug_str:0000000000007c40 .LASF740
C:\Users\zero6575\AppData\Local\Temp\ccix7ZOm.s:9582   .debug_str:000000000000768e .LASF741
C:\Users\zero6575\AppData\Local\Temp\ccix7ZOm.s:7460   .debug_str:000000000000028b .LASF742
C:\Users\zero6575\AppData\Local\Temp\ccix7ZOm.s:8724   .debug_str:0000000000004895 .LASF743
C:\Users\zero6575\AppData\Local\Temp\ccix7ZOm.s:8590   .debug_str:0000000000004166 .LASF744
C:\Users\zero6575\AppData\Local\Temp\ccix7ZOm.s:7618   .debug_str:0000000000000a3d .LASF745
C:\Users\zero6575\AppData\Local\Temp\ccix7ZOm.s:9958   .debug_str:0000000000008adc .LASF746
C:\Users\zero6575\AppData\Local\Temp\ccix7ZOm.s:8414   .debug_str:00000000000038aa .LASF747
C:\Users\zero6575\AppData\Local\Temp\ccix7ZOm.s:8342   .debug_str:00000000000034b3 .LASF748
C:\Users\zero6575\AppData\Local\Temp\ccix7ZOm.s:9532   .debug_str:0000000000007438 .LASF749
C:\Users\zero6575\AppData\Local\Temp\ccix7ZOm.s:8370   .debug_str:00000000000035df .LASF750
C:\Users\zero6575\AppData\Local\Temp\ccix7ZOm.s:8152   .debug_str:00000000000029df .LASF751
C:\Users\zero6575\AppData\Local\Temp\ccix7ZOm.s:7848   .debug_str:000000000000189b .LASF752
C:\Users\zero6575\AppData\Local\Temp\ccix7ZOm.s:9624   .debug_str:0000000000007974 .LASF753
C:\Users\zero6575\AppData\Local\Temp\ccix7ZOm.s:9644   .debug_str:0000000000007a62 .LASF754
C:\Users\zero6575\AppData\Local\Temp\ccix7ZOm.s:7862   .debug_str:0000000000001942 .LASF755
C:\Users\zero6575\AppData\Local\Temp\ccix7ZOm.s:8986   .debug_str:000000000000572f .LASF756
C:\Users\zero6575\AppData\Local\Temp\ccix7ZOm.s:9802   .debug_str:0000000000008256 .LASF757
C:\Users\zero6575\AppData\Local\Temp\ccix7ZOm.s:7544   .debug_str:0000000000000617 .LASF758
C:\Users\zero6575\AppData\Local\Temp\ccix7ZOm.s:9182   .debug_str:000000000000625f .LASF759
C:\Users\zero6575\AppData\Local\Temp\ccix7ZOm.s:9918   .debug_str:000000000000881e .LASF760
C:\Users\zero6575\AppData\Local\Temp\ccix7ZOm.s:10020  .debug_str:0000000000008dab .LASF761
C:\Users\zero6575\AppData\Local\Temp\ccix7ZOm.s:9454   .debug_str:00000000000070a5 .LASF762
C:\Users\zero6575\AppData\Local\Temp\ccix7ZOm.s:7772   .debug_str:00000000000012e1 .LASF763
C:\Users\zero6575\AppData\Local\Temp\ccix7ZOm.s:9538   .debug_str:0000000000007480 .LASF764
C:\Users\zero6575\AppData\Local\Temp\ccix7ZOm.s:8450   .debug_str:0000000000003ac5 .LASF765
C:\Users\zero6575\AppData\Local\Temp\ccix7ZOm.s:8056   .debug_str:000000000000233a .LASF766
C:\Users\zero6575\AppData\Local\Temp\ccix7ZOm.s:7750   .debug_str:00000000000011a6 .LASF767
C:\Users\zero6575\AppData\Local\Temp\ccix7ZOm.s:9262   .debug_str:00000000000066d3 .LASF768
C:\Users\zero6575\AppData\Local\Temp\ccix7ZOm.s:9726   .debug_str:0000000000007e59 .LASF769
C:\Users\zero6575\AppData\Local\Temp\ccix7ZOm.s:9846   .debug_str:0000000000008455 .LASF770
C:\Users\zero6575\AppData\Local\Temp\ccix7ZOm.s:8798   .debug_str:0000000000004d4f .LASF771
C:\Users\zero6575\AppData\Local\Temp\ccix7ZOm.s:7582   .debug_str:000000000000084d .LASF772
C:\Users\zero6575\AppData\Local\Temp\ccix7ZOm.s:8550   .debug_str:0000000000003f17 .LASF773
C:\Users\zero6575\AppData\Local\Temp\ccix7ZOm.s:8650   .debug_str:0000000000004471 .LASF774
C:\Users\zero6575\AppData\Local\Temp\ccix7ZOm.s:7702   .debug_str:0000000000000ecf .LASF775
C:\Users\zero6575\AppData\Local\Temp\ccix7ZOm.s:9574   .debug_str:000000000000761b .LASF776
C:\Users\zero6575\AppData\Local\Temp\ccix7ZOm.s:9382   .debug_str:0000000000006d00 .LASF777
C:\Users\zero6575\AppData\Local\Temp\ccix7ZOm.s:8816   .debug_str:0000000000004e38 .LASF778
C:\Users\zero6575\AppData\Local\Temp\ccix7ZOm.s:10030  .debug_str:0000000000008e12 .LASF779
C:\Users\zero6575\AppData\Local\Temp\ccix7ZOm.s:7762   .debug_str:0000000000001257 .LASF780
C:\Users\zero6575\AppData\Local\Temp\ccix7ZOm.s:8878   .debug_str:0000000000005219 .LASF781
C:\Users\zero6575\AppData\Local\Temp\ccix7ZOm.s:8534   .debug_str:0000000000003e56 .LASF782
C:\Users\zero6575\AppData\Local\Temp\ccix7ZOm.s:8548   .debug_str:0000000000003eeb .LASF783
C:\Users\zero6575\AppData\Local\Temp\ccix7ZOm.s:9566   .debug_str:00000000000075a6 .LASF784
C:\Users\zero6575\AppData\Local\Temp\ccix7ZOm.s:7650   .debug_str:0000000000000bdf .LASF785
C:\Users\zero6575\AppData\Local\Temp\ccix7ZOm.s:9186   .debug_str:0000000000006283 .LASF786
C:\Users\zero6575\AppData\Local\Temp\ccix7ZOm.s:8606   .debug_str:00000000000041d5 .LASF787
C:\Users\zero6575\AppData\Local\Temp\ccix7ZOm.s:10018  .debug_str:0000000000008d83 .LASF788
C:\Users\zero6575\AppData\Local\Temp\ccix7ZOm.s:9550   .debug_str:00000000000074ff .LASF789
C:\Users\zero6575\AppData\Local\Temp\ccix7ZOm.s:7572   .debug_str:00000000000007a5 .LASF790
C:\Users\zero6575\AppData\Local\Temp\ccix7ZOm.s:8884   .debug_str:000000000000527a .LASF791
C:\Users\zero6575\AppData\Local\Temp\ccix7ZOm.s:8108   .debug_str:000000000000272b .LASF792
C:\Users\zero6575\AppData\Local\Temp\ccix7ZOm.s:7812   .debug_str:000000000000171f .LASF793
C:\Users\zero6575\AppData\Local\Temp\ccix7ZOm.s:9588   .debug_str:00000000000076bb .LASF794
C:\Users\zero6575\AppData\Local\Temp\ccix7ZOm.s:10006  .debug_str:0000000000008cc6 .LASF795
C:\Users\zero6575\AppData\Local\Temp\ccix7ZOm.s:9266   .debug_str:000000000000670f .LASF796
C:\Users\zero6575\AppData\Local\Temp\ccix7ZOm.s:8794   .debug_str:0000000000004cab .LASF797
C:\Users\zero6575\AppData\Local\Temp\ccix7ZOm.s:7470   .debug_str:00000000000002fe .LASF798
C:\Users\zero6575\AppData\Local\Temp\ccix7ZOm.s:8170   .debug_str:0000000000002ad0 .LASF799
C:\Users\zero6575\AppData\Local\Temp\ccix7ZOm.s:8138   .debug_str:00000000000028ee .LASF800
C:\Users\zero6575\AppData\Local\Temp\ccix7ZOm.s:9138   .debug_str:0000000000006030 .LASF801
C:\Users\zero6575\AppData\Local\Temp\ccix7ZOm.s:9114   .debug_str:0000000000005e96 .LASF802
C:\Users\zero6575\AppData\Local\Temp\ccix7ZOm.s:7832   .debug_str:00000000000017f0 .LASF803
C:\Users\zero6575\AppData\Local\Temp\ccix7ZOm.s:8422   .debug_str:000000000000391d .LASF804
C:\Users\zero6575\AppData\Local\Temp\ccix7ZOm.s:9444   .debug_str:0000000000007001 .LASF805
C:\Users\zero6575\AppData\Local\Temp\ccix7ZOm.s:9028   .debug_str:00000000000059d2 .LASF806
C:\Users\zero6575\AppData\Local\Temp\ccix7ZOm.s:7714   .debug_str:0000000000000f81 .LASF807
C:\Users\zero6575\AppData\Local\Temp\ccix7ZOm.s:8020   .debug_str:0000000000002136 .LASF808
C:\Users\zero6575\AppData\Local\Temp\ccix7ZOm.s:7992   .debug_str:0000000000001fdf .LASF809
C:\Users\zero6575\AppData\Local\Temp\ccix7ZOm.s:8826   .debug_str:0000000000004eab .LASF810
C:\Users\zero6575\AppData\Local\Temp\ccix7ZOm.s:9220   .debug_str:000000000000646c .LASF811
C:\Users\zero6575\AppData\Local\Temp\ccix7ZOm.s:9458   .debug_str:00000000000070cf .LASF812
C:\Users\zero6575\AppData\Local\Temp\ccix7ZOm.s:9866   .debug_str:00000000000085be .LASF813
C:\Users\zero6575\AppData\Local\Temp\ccix7ZOm.s:7938   .debug_str:0000000000001d05 .LASF814
C:\Users\zero6575\AppData\Local\Temp\ccix7ZOm.s:8988   .debug_str:000000000000574b .LASF815
C:\Users\zero6575\AppData\Local\Temp\ccix7ZOm.s:7606   .debug_str:0000000000000997 .LASF816
C:\Users\zero6575\AppData\Local\Temp\ccix7ZOm.s:8930   .debug_str:0000000000005476 .LASF817
C:\Users\zero6575\AppData\Local\Temp\ccix7ZOm.s:9618   .debug_str:0000000000007904 .LASF818
C:\Users\zero6575\AppData\Local\Temp\ccix7ZOm.s:7478   .debug_str:000000000000039a .LASF819
C:\Users\zero6575\AppData\Local\Temp\ccix7ZOm.s:9786   .debug_str:000000000000815d .LASF820
C:\Users\zero6575\AppData\Local\Temp\ccix7ZOm.s:8568   .debug_str:000000000000408a .LASF821
C:\Users\zero6575\AppData\Local\Temp\ccix7ZOm.s:7884   .debug_str:0000000000001a11 .LASF822
C:\Users\zero6575\AppData\Local\Temp\ccix7ZOm.s:8182   .debug_str:0000000000002b90 .LASF823
C:\Users\zero6575\AppData\Local\Temp\ccix7ZOm.s:7944   .debug_str:0000000000001d6b .LASF824
C:\Users\zero6575\AppData\Local\Temp\ccix7ZOm.s:8998   .debug_str:00000000000057e3 .LASF825
C:\Users\zero6575\AppData\Local\Temp\ccix7ZOm.s:8410   .debug_str:000000000000384e .LASF826
C:\Users\zero6575\AppData\Local\Temp\ccix7ZOm.s:8754   .debug_str:0000000000004aa0 .LASF827
C:\Users\zero6575\AppData\Local\Temp\ccix7ZOm.s:8256   .debug_str:0000000000002fa1 .LASF828
C:\Users\zero6575\AppData\Local\Temp\ccix7ZOm.s:9180   .debug_str:0000000000006212 .LASF829
C:\Users\zero6575\AppData\Local\Temp\ccix7ZOm.s:8628   .debug_str:0000000000004351 .LASF830
C:\Users\zero6575\AppData\Local\Temp\ccix7ZOm.s:9224   .debug_str:00000000000064a5 .LASF831
C:\Users\zero6575\AppData\Local\Temp\ccix7ZOm.s:8150   .debug_str:0000000000002998 .LASF832
C:\Users\zero6575\AppData\Local\Temp\ccix7ZOm.s:7892   .debug_str:0000000000001a7d .LASF833
C:\Users\zero6575\AppData\Local\Temp\ccix7ZOm.s:9530   .debug_str:00000000000073ed .LASF834
C:\Users\zero6575\AppData\Local\Temp\ccix7ZOm.s:7720   .debug_str:0000000000000fdf .LASF835
C:\Users\zero6575\AppData\Local\Temp\ccix7ZOm.s:7624   .debug_str:0000000000000a9a .LASF836
C:\Users\zero6575\AppData\Local\Temp\ccix7ZOm.s:9096   .debug_str:0000000000005d9d .LASF837
C:\Users\zero6575\AppData\Local\Temp\ccix7ZOm.s:8646   .debug_str:0000000000004429 .LASF838
C:\Users\zero6575\AppData\Local\Temp\ccix7ZOm.s:7526   .debug_str:00000000000005a2 .LASF840
C:\Users\zero6575\AppData\Local\Temp\ccix7ZOm.s:9270   .debug_str:000000000000677d .LASF841
C:\Users\zero6575\AppData\Local\Temp\ccix7ZOm.s:8226   .debug_str:0000000000002e6f .LASF844
C:\Users\zero6575\AppData\Local\Temp\ccix7ZOm.s:7512   .debug_str:0000000000000532 .LASF845
C:\Users\zero6575\AppData\Local\Temp\ccix7ZOm.s:7444   .debug_str:0000000000000148 .LASF846
C:\Users\zero6575\AppData\Local\Temp\ccix7ZOm.s:8574   .debug_str:00000000000040d8 .LASF847
C:\Users\zero6575\AppData\Local\Temp\ccix7ZOm.s:8264   .debug_str:000000000000301a .LASF849
C:\Users\zero6575\AppData\Local\Temp\ccix7ZOm.s:8102   .debug_str:00000000000026c9 .LASF850
C:\Users\zero6575\AppData\Local\Temp\ccix7ZOm.s:7450   .debug_str:000000000000019c .LASF851
C:\Users\zero6575\AppData\Local\Temp\ccix7ZOm.s:10080  .debug_str:00000000000090b5 .LASF852
C:\Users\zero6575\AppData\Local\Temp\ccix7ZOm.s:8984   .debug_str:0000000000005715 .LASF853
C:\Users\zero6575\AppData\Local\Temp\ccix7ZOm.s:8796   .debug_str:0000000000004d37 .LASF854
C:\Users\zero6575\AppData\Local\Temp\ccix7ZOm.s:8638   .debug_str:00000000000043ee .LASF855
C:\Users\zero6575\AppData\Local\Temp\ccix7ZOm.s:9386   .debug_str:0000000000006d58 .LASF856
C:\Users\zero6575\AppData\Local\Temp\ccix7ZOm.s:7728   .debug_str:0000000000001076 .LASF857
C:\Users\zero6575\AppData\Local\Temp\ccix7ZOm.s:8434   .debug_str:00000000000039e2 .LASF858
C:\Users\zero6575\AppData\Local\Temp\ccix7ZOm.s:10114  .debug_str:0000000000009268 .LASF859
C:\Users\zero6575\AppData\Local\Temp\ccix7ZOm.s:9614   .debug_str:0000000000007878 .LASF860
C:\Users\zero6575\AppData\Local\Temp\ccix7ZOm.s:8304   .debug_str:00000000000032f0 .LASF861
C:\Users\zero6575\AppData\Local\Temp\ccix7ZOm.s:9018   .debug_str:000000000000597c .LASF862
C:\Users\zero6575\AppData\Local\Temp\ccix7ZOm.s:7854   .debug_str:00000000000018d5 .LASF863
C:\Users\zero6575\AppData\Local\Temp\ccix7ZOm.s:7712   .debug_str:0000000000000f61 .LASF864
C:\Users\zero6575\AppData\Local\Temp\ccix7ZOm.s:9648   .debug_str:0000000000007a9a .LASF865
C:\Users\zero6575\AppData\Local\Temp\ccix7ZOm.s:8828   .debug_str:0000000000004ec4 .LASF866
C:\Users\zero6575\AppData\Local\Temp\ccix7ZOm.s:9642   .debug_str:0000000000007a34 .LASF867
C:\Users\zero6575\AppData\Local\Temp\ccix7ZOm.s:8078   .debug_str:00000000000025d6 .LASF868
C:\Users\zero6575\AppData\Local\Temp\ccix7ZOm.s:8858   .debug_str:000000000000511e .LASF869
C:\Users\zero6575\AppData\Local\Temp\ccix7ZOm.s:7816   .debug_str:0000000000001765 .LASF870
C:\Users\zero6575\AppData\Local\Temp\ccix7ZOm.s:8900   .debug_str:000000000000531f .LASF871
C:\Users\zero6575\AppData\Local\Temp\ccix7ZOm.s:9470   .debug_str:000000000000714e .LASF872
C:\Users\zero6575\AppData\Local\Temp\ccix7ZOm.s:8654   .debug_str:00000000000044b7 .LASF873
C:\Users\zero6575\AppData\Local\Temp\ccix7ZOm.s:9524   .debug_str:0000000000007384 .LASF874
C:\Users\zero6575\AppData\Local\Temp\ccix7ZOm.s:10014  .debug_str:0000000000008d4f .LASF875
C:\Users\zero6575\AppData\Local\Temp\ccix7ZOm.s:8822   .debug_str:0000000000004e85 .LASF876
C:\Users\zero6575\AppData\Local\Temp\ccix7ZOm.s:9352   .debug_str:0000000000006ba7 .LASF877
C:\Users\zero6575\AppData\Local\Temp\ccix7ZOm.s:8936   .debug_str:00000000000054a6 .LASF878
C:\Users\zero6575\AppData\Local\Temp\ccix7ZOm.s:10022  .debug_str:0000000000008dba .LASF879
C:\Users\zero6575\AppData\Local\Temp\ccix7ZOm.s:9520   .debug_str:000000000000735c .LASF880
C:\Users\zero6575\AppData\Local\Temp\ccix7ZOm.s:7900   .debug_str:0000000000001b17 .LASF881
C:\Users\zero6575\AppData\Local\Temp\ccix7ZOm.s:9944   .debug_str:0000000000008a45 .LASF882
C:\Users\zero6575\AppData\Local\Temp\ccix7ZOm.s:9632   .debug_str:00000000000079d9 .LASF883
C:\Users\zero6575\AppData\Local\Temp\ccix7ZOm.s:9942   .debug_str:000000000000894f .LASF884
C:\Users\zero6575\AppData\Local\Temp\ccix7ZOm.s:8830   .debug_str:0000000000004ee8 .LASF885
C:\Users\zero6575\AppData\Local\Temp\ccix7ZOm.s:8624   .debug_str:0000000000004321 .LASF886
C:\Users\zero6575\AppData\Local\Temp\ccix7ZOm.s:8206   .debug_str:0000000000002cd5 .LASF887
C:\Users\zero6575\AppData\Local\Temp\ccix7ZOm.s:7566   .debug_str:0000000000000703 .LASF888
C:\Users\zero6575\AppData\Local\Temp\ccix7ZOm.s:7454   .debug_str:00000000000001cb .LASF889
C:\Users\zero6575\AppData\Local\Temp\ccix7ZOm.s:8066   .debug_str:00000000000023f3 .LASF890
C:\Users\zero6575\AppData\Local\Temp\ccix7ZOm.s:8618   .debug_str:0000000000004297 .LASF891
C:\Users\zero6575\AppData\Local\Temp\ccix7ZOm.s:8558   .debug_str:0000000000003f83 .LASF892
C:\Users\zero6575\AppData\Local\Temp\ccix7ZOm.s:9850   .debug_str:000000000000849e .LASF893
C:\Users\zero6575\AppData\Local\Temp\ccix7ZOm.s:10040  .debug_str:0000000000008eb7 .LASF894
C:\Users\zero6575\AppData\Local\Temp\ccix7ZOm.s:7778   .debug_str:0000000000001305 .LASF895
C:\Users\zero6575\AppData\Local\Temp\ccix7ZOm.s:7588   .debug_str:00000000000008ab .LASF896
C:\Users\zero6575\AppData\Local\Temp\ccix7ZOm.s:7914   .debug_str:0000000000001bd1 .LASF897
C:\Users\zero6575\AppData\Local\Temp\ccix7ZOm.s:9322   .debug_str:00000000000069fd .LASF898
C:\Users\zero6575\AppData\Local\Temp\ccix7ZOm.s:9606   .debug_str:00000000000077f5 .LASF899
C:\Users\zero6575\AppData\Local\Temp\ccix7ZOm.s:8738   .debug_str:00000000000049ad .LASF900
C:\Users\zero6575\AppData\Local\Temp\ccix7ZOm.s:9328   .debug_str:0000000000006a50 .LASF901
C:\Users\zero6575\AppData\Local\Temp\ccix7ZOm.s:8902   .debug_str:0000000000005347 .LASF902
C:\Users\zero6575\AppData\Local\Temp\ccix7ZOm.s:8154   .debug_str:00000000000029f6 .LASF903
C:\Users\zero6575\AppData\Local\Temp\ccix7ZOm.s:9012   .debug_str:0000000000005934 .LASF904
C:\Users\zero6575\AppData\Local\Temp\ccix7ZOm.s:7962   .debug_str:0000000000001e70 .LASF905
C:\Users\zero6575\AppData\Local\Temp\ccix7ZOm.s:8722   .debug_str:0000000000004865 .LASF906
C:\Users\zero6575\AppData\Local\Temp\ccix7ZOm.s:7912   .debug_str:0000000000001ba3 .LASF907
C:\Users\zero6575\AppData\Local\Temp\ccix7ZOm.s:9716   .debug_str:0000000000007dc1 .LASF908
C:\Users\zero6575\AppData\Local\Temp\ccix7ZOm.s:9304   .debug_str:00000000000068fb .LASF909
C:\Users\zero6575\AppData\Local\Temp\ccix7ZOm.s:9318   .debug_str:00000000000069a9 .LASF910
C:\Users\zero6575\AppData\Local\Temp\ccix7ZOm.s:9546   .debug_str:00000000000074c2 .LASF911
C:\Users\zero6575\AppData\Local\Temp\ccix7ZOm.s:8096   .debug_str:0000000000002670 .LASF912
C:\Users\zero6575\AppData\Local\Temp\ccix7ZOm.s:9898   .debug_str:0000000000008710 .LASF913
C:\Users\zero6575\AppData\Local\Temp\ccix7ZOm.s:9990   .debug_str:0000000000008c1a .LASF914
C:\Users\zero6575\AppData\Local\Temp\ccix7ZOm.s:9032   .debug_str:0000000000005a5a .LASF915
C:\Users\zero6575\AppData\Local\Temp\ccix7ZOm.s:8070   .debug_str:000000000000254d .LASF916
C:\Users\zero6575\AppData\Local\Temp\ccix7ZOm.s:7990   .debug_str:0000000000001fa6 .LASF917
C:\Users\zero6575\AppData\Local\Temp\ccix7ZOm.s:8116   .debug_str:0000000000002790 .LASF918
C:\Users\zero6575\AppData\Local\Temp\ccix7ZOm.s:7956   .debug_str:0000000000001df9 .LASF919
C:\Users\zero6575\AppData\Local\Temp\ccix7ZOm.s:9862   .debug_str:0000000000008565 .LASF920
C:\Users\zero6575\AppData\Local\Temp\ccix7ZOm.s:8002   .debug_str:0000000000002054 .LASF921
C:\Users\zero6575\AppData\Local\Temp\ccix7ZOm.s:8294   .debug_str:000000000000323a .LASF922
C:\Users\zero6575\AppData\Local\Temp\ccix7ZOm.s:8776   .debug_str:0000000000004b9c .LASF923
C:\Users\zero6575\AppData\Local\Temp\ccix7ZOm.s:9472   .debug_str:0000000000007162 .LASF924
C:\Users\zero6575\AppData\Local\Temp\ccix7ZOm.s:8048   .debug_str:00000000000022f6 .LASF925
C:\Users\zero6575\AppData\Local\Temp\ccix7ZOm.s:8328   .debug_str:0000000000003430 .LASF926
C:\Users\zero6575\AppData\Local\Temp\ccix7ZOm.s:8008   .debug_str:00000000000020bc .LASF927
C:\Users\zero6575\AppData\Local\Temp\ccix7ZOm.s:8324   .debug_str:0000000000003400 .LASF928
C:\Users\zero6575\AppData\Local\Temp\ccix7ZOm.s:8426   .debug_str:000000000000399a .LASF929
C:\Users\zero6575\AppData\Local\Temp\ccix7ZOm.s:9818   .debug_str:00000000000082f0 .LASF931
C:\Users\zero6575\AppData\Local\Temp\ccix7ZOm.s:8160   .debug_str:0000000000002a62 .LASF932
C:\Users\zero6575\AppData\Local\Temp\ccix7ZOm.s:8876   .debug_str:0000000000005208 .LASF933
C:\Users\zero6575\AppData\Local\Temp\ccix7ZOm.s:7708   .debug_str:0000000000000f33 .LASF934
C:\Users\zero6575\AppData\Local\Temp\ccix7ZOm.s:8246   .debug_str:0000000000002f22 .LASF935
C:\Users\zero6575\AppData\Local\Temp\ccix7ZOm.s:8762   .debug_str:0000000000004b25 .LASF936
C:\Users\zero6575\AppData\Local\Temp\ccix7ZOm.s:9888   .debug_str:00000000000086a2 .LASF937
C:\Users\zero6575\AppData\Local\Temp\ccix7ZOm.s:7594   .debug_str:000000000000093d .LASF938
C:\Users\zero6575\AppData\Local\Temp\ccix7ZOm.s:8012   .debug_str:00000000000020e8 .LASF939
C:\Users\zero6575\AppData\Local\Temp\ccix7ZOm.s:7586   .debug_str:0000000000000894 .LASF940
C:\Users\zero6575\AppData\Local\Temp\ccix7ZOm.s:8224   .debug_str:0000000000002e4b .LASF941
C:\Users\zero6575\AppData\Local\Temp\ccix7ZOm.s:8438   .debug_str:0000000000003a1b .LASF942
C:\Users\zero6575\AppData\Local\Temp\ccix7ZOm.s:9676   .debug_str:0000000000007bcd .LASF943
C:\Users\zero6575\AppData\Local\Temp\ccix7ZOm.s:9604   .debug_str:00000000000077db .LASF944
C:\Users\zero6575\AppData\Local\Temp\ccix7ZOm.s:9408   .debug_str:0000000000006e67 .LASF945
C:\Users\zero6575\AppData\Local\Temp\ccix7ZOm.s:8424   .debug_str:0000000000003980 .LASF946
C:\Users\zero6575\AppData\Local\Temp\ccix7ZOm.s:9102   .debug_str:0000000000005e01 .LASF947
C:\Users\zero6575\AppData\Local\Temp\ccix7ZOm.s:8588   .debug_str:0000000000004154 .LASF950
C:\Users\zero6575\AppData\Local\Temp\ccix7ZOm.s:10076  .debug_str:0000000000009096 .LASF951
C:\Users\zero6575\AppData\Local\Temp\ccix7ZOm.s:8612   .debug_str:0000000000004261 .LASF952
C:\Users\zero6575\AppData\Local\Temp\ccix7ZOm.s:7808   .debug_str:00000000000016f9 .LASF953
C:\Users\zero6575\AppData\Local\Temp\ccix7ZOm.s:8272   .debug_str:0000000000003074 .LASF954
C:\Users\zero6575\AppData\Local\Temp\ccix7ZOm.s:8144   .debug_str:000000000000294c .LASF955
C:\Users\zero6575\AppData\Local\Temp\ccix7ZOm.s:9572   .debug_str:00000000000075e9 .LASF956
C:\Users\zero6575\AppData\Local\Temp\ccix7ZOm.s:8942   .debug_str:00000000000054d6 .LASF957
C:\Users\zero6575\AppData\Local\Temp\ccix7ZOm.s:9000   .debug_str:0000000000005808 .LASF958
C:\Users\zero6575\AppData\Local\Temp\ccix7ZOm.s:8280   .debug_str:00000000000030c6 .LASF959
C:\Users\zero6575\AppData\Local\Temp\ccix7ZOm.s:8496   .debug_str:0000000000003c97 .LASF962
C:\Users\zero6575\AppData\Local\Temp\ccix7ZOm.s:9616   .debug_str:0000000000007895 .LASF963
C:\Users\zero6575\AppData\Local\Temp\ccix7ZOm.s:7810   .debug_str:000000000000170b .LASF964
C:\Users\zero6575\AppData\Local\Temp\ccix7ZOm.s:8760   .debug_str:0000000000004b12 .LASF965
C:\Users\zero6575\AppData\Local\Temp\ccix7ZOm.s:9636   .debug_str:0000000000007a0a .LASF966
C:\Users\zero6575\AppData\Local\Temp\ccix7ZOm.s:8704   .debug_str:0000000000004795 .LASF967
C:\Users\zero6575\AppData\Local\Temp\ccix7ZOm.s:8254   .debug_str:0000000000002f7f .LASF968
C:\Users\zero6575\AppData\Local\Temp\ccix7ZOm.s:7760   .debug_str:0000000000001242 .LASF969
C:\Users\zero6575\AppData\Local\Temp\ccix7ZOm.s:8106   .debug_str:00000000000026e7 .LASF970
C:\Users\zero6575\AppData\Local\Temp\ccix7ZOm.s:8320   .debug_str:00000000000033a5 .LASF971
C:\Users\zero6575\AppData\Local\Temp\ccix7ZOm.s:7658   .debug_str:0000000000000c7e .LASF972
C:\Users\zero6575\AppData\Local\Temp\ccix7ZOm.s:9122   .debug_str:0000000000005f17 .LASF973
C:\Users\zero6575\AppData\Local\Temp\ccix7ZOm.s:7522   .debug_str:0000000000000587 .LASF974
C:\Users\zero6575\AppData\Local\Temp\ccix7ZOm.s:7532   .debug_str:00000000000005d4 .LASF975
C:\Users\zero6575\AppData\Local\Temp\ccix7ZOm.s:8812   .debug_str:0000000000004e06 .LASF976
C:\Users\zero6575\AppData\Local\Temp\ccix7ZOm.s:8380   .debug_str:0000000000003661 .LASF977
C:\Users\zero6575\AppData\Local\Temp\ccix7ZOm.s:9956   .debug_str:0000000000008aca .LASF978
C:\Users\zero6575\AppData\Local\Temp\ccix7ZOm.s:9554   .debug_str:0000000000007527 .LASF979
C:\Users\zero6575\AppData\Local\Temp\ccix7ZOm.s:9288   .debug_str:0000000000006853 .LASF980
C:\Users\zero6575\AppData\Local\Temp\ccix7ZOm.s:7870   .debug_str:00000000000019a5 .LASF981
C:\Users\zero6575\AppData\Local\Temp\ccix7ZOm.s:8282   .debug_str:0000000000003196 .LASF982
C:\Users\zero6575\AppData\Local\Temp\ccix7ZOm.s:8350   .debug_str:0000000000003510 .LASF983
C:\Users\zero6575\AppData\Local\Temp\ccix7ZOm.s:7608   .debug_str:00000000000009df .LASF984
C:\Users\zero6575\AppData\Local\Temp\ccix7ZOm.s:8920   .debug_str:0000000000005410 .LASF985
C:\Users\zero6575\AppData\Local\Temp\ccix7ZOm.s:9298   .debug_str:00000000000068cf .LASF986
C:\Users\zero6575\AppData\Local\Temp\ccix7ZOm.s:9440   .debug_str:0000000000006fe4 .LASF987
C:\Users\zero6575\AppData\Local\Temp\ccix7ZOm.s:8922   .debug_str:0000000000005423 .LASF988
C:\Users\zero6575\AppData\Local\Temp\ccix7ZOm.s:8322   .debug_str:00000000000033ea .LASF989
C:\Users\zero6575\AppData\Local\Temp\ccix7ZOm.s:7872   .debug_str:00000000000019b7 .LASF990
C:\Users\zero6575\AppData\Local\Temp\ccix7ZOm.s:9736   .debug_str:0000000000007ed7 .LASF991
C:\Users\zero6575\AppData\Local\Temp\ccix7ZOm.s:9662   .debug_str:0000000000007b31 .LASF992
C:\Users\zero6575\AppData\Local\Temp\ccix7ZOm.s:8750   .debug_str:0000000000004a53 .LASF993
C:\Users\zero6575\AppData\Local\Temp\ccix7ZOm.s:8972   .debug_str:000000000000568c .LASF994
C:\Users\zero6575\AppData\Local\Temp\ccix7ZOm.s:9376   .debug_str:0000000000006ccc .LASF995
C:\Users\zero6575\AppData\Local\Temp\ccix7ZOm.s:9240   .debug_str:0000000000006616 .LASF996
C:\Users\zero6575\AppData\Local\Temp\ccix7ZOm.s:8404   .debug_str:000000000000380f .LASF997
C:\Users\zero6575\AppData\Local\Temp\ccix7ZOm.s:9522   .debug_str:0000000000007371 .LASF998
C:\Users\zero6575\AppData\Local\Temp\ccix7ZOm.s:9168   .debug_str:00000000000061af .LASF999
C:\Users\zero6575\AppData\Local\Temp\ccix7ZOm.s:8962   .debug_str:0000000000005643 .LASF1000
C:\Users\zero6575\AppData\Local\Temp\ccix7ZOm.s:10052  .debug_str:0000000000008fae .LASF1001
C:\Users\zero6575\AppData\Local\Temp\ccix7ZOm.s:8700   .debug_str:0000000000004764 .LASF1002
C:\Users\zero6575\AppData\Local\Temp\ccix7ZOm.s:9744   .debug_str:0000000000007f4f .LASF1003
C:\Users\zero6575\AppData\Local\Temp\ccix7ZOm.s:9358   .debug_str:0000000000006be4 .LASF1004
C:\Users\zero6575\AppData\Local\Temp\ccix7ZOm.s:8086   .debug_str:000000000000263f .LASF1005
C:\Users\zero6575\AppData\Local\Temp\ccix7ZOm.s:9154   .debug_str:000000000000613e .LASF1007
C:\Users\zero6575\AppData\Local\Temp\ccix7ZOm.s:8592   .debug_str:0000000000004182 .LASF1008
C:\Users\zero6575\AppData\Local\Temp\ccix7ZOm.s:8100   .debug_str:00000000000026bc .LASF1009
C:\Users\zero6575\AppData\Local\Temp\ccix7ZOm.s:7830   .debug_str:00000000000017e5 .LASF1010
C:\Users\zero6575\AppData\Local\Temp\ccix7ZOm.s:7684   .debug_str:0000000000000de9 .LASF1011
C:\Users\zero6575\AppData\Local\Temp\ccix7ZOm.s:8684   .debug_str:000000000000467a .LASF1012
C:\Users\zero6575\AppData\Local\Temp\ccix7ZOm.s:7674   .debug_str:0000000000000d88 .LASF1013
C:\Users\zero6575\AppData\Local\Temp\ccix7ZOm.s:9222   .debug_str:000000000000648c .LASF1014
C:\Users\zero6575\AppData\Local\Temp\ccix7ZOm.s:8682   .debug_str:0000000000004660 .LASF1015
C:\Users\zero6575\AppData\Local\Temp\ccix7ZOm.s:9700   .debug_str:0000000000007d0e .LASF1016
C:\Users\zero6575\AppData\Local\Temp\ccix7ZOm.s:9688   .debug_str:0000000000007c6a .LASF1017
C:\Users\zero6575\AppData\Local\Temp\ccix7ZOm.s:8218   .debug_str:0000000000002de8 .LASF1018
C:\Users\zero6575\AppData\Local\Temp\ccix7ZOm.s:9834   .debug_str:00000000000083b3 .LASF1019
C:\Users\zero6575\AppData\Local\Temp\ccix7ZOm.s:10118  .debug_str:00000000000092b9 .LASF1022
C:\Users\zero6575\AppData\Local\Temp\ccix7ZOm.s:9770   .debug_str:000000000000806b .LASF1023
C:\Users\zero6575\AppData\Local\Temp\ccix7ZOm.s:10034  .debug_str:0000000000008e41 .LASF1024
C:\Users\zero6575\AppData\Local\Temp\ccix7ZOm.s:8852   .debug_str:0000000000005045 .LASF1025
C:\Users\zero6575\AppData\Local\Temp\ccix7ZOm.s:7576   .debug_str:00000000000007db .LASF1026
C:\Users\zero6575\AppData\Local\Temp\ccix7ZOm.s:7988   .debug_str:0000000000001f99 .LASF1027
C:\Users\zero6575\AppData\Local\Temp\ccix7ZOm.s:8544   .debug_str:0000000000003ec9 .LASF1028
C:\Users\zero6575\AppData\Local\Temp\ccix7ZOm.s:10038  .debug_str:0000000000008eaa .LASF1029
C:\Users\zero6575\AppData\Local\Temp\ccix7ZOm.s:9502   .debug_str:000000000000728d .LASF1030
C:\Users\zero6575\AppData\Local\Temp\ccix7ZOm.s:8824   .debug_str:0000000000004e9d .LASF1031
C:\Users\zero6575\AppData\Local\Temp\ccix7ZOm.s:9690   .debug_str:0000000000007ca4 .LASF1032
C:\Users\zero6575\AppData\Local\Temp\ccix7ZOm.s:8660   .debug_str:000000000000454a .LASF1033
C:\Users\zero6575\AppData\Local\Temp\ccix7ZOm.s:9418   .debug_str:0000000000006ef9 .LASF1034
C:\Users\zero6575\AppData\Local\Temp\ccix7ZOm.s:9260   .debug_str:00000000000066c5 .LASF1035
C:\Users\zero6575\AppData\Local\Temp\ccix7ZOm.s:9796   .debug_str:00000000000081f4 .LASF1036
C:\Users\zero6575\AppData\Local\Temp\ccix7ZOm.s:8932   .debug_str:0000000000005480 .LASF1037
C:\Users\zero6575\AppData\Local\Temp\ccix7ZOm.s:7490   .debug_str:000000000000042c .LASF1038
C:\Users\zero6575\AppData\Local\Temp\ccix7ZOm.s:8140   .debug_str:000000000000292c .LASF1039
C:\Users\zero6575\AppData\Local\Temp\ccix7ZOm.s:9964   .debug_str:0000000000008b38 .LASF1040
C:\Users\zero6575\AppData\Local\Temp\ccix7ZOm.s:8838   .debug_str:0000000000004fc8 .LASF1041
C:\Users\zero6575\AppData\Local\Temp\ccix7ZOm.s:8806   .debug_str:0000000000004dc8 .LASF1042
C:\Users\zero6575\AppData\Local\Temp\ccix7ZOm.s:9930   .debug_str:000000000000888d .LASF1043
C:\Users\zero6575\AppData\Local\Temp\ccix7ZOm.s:8594   .debug_str:0000000000004190 .LASF1044
C:\Users\zero6575\AppData\Local\Temp\ccix7ZOm.s:8894   .debug_str:00000000000052f7 .LASF1045
C:\Users\zero6575\AppData\Local\Temp\ccix7ZOm.s:8176   .debug_str:0000000000002b59 .LASF1046
C:\Users\zero6575\AppData\Local\Temp\ccix7ZOm.s:9128   .debug_str:0000000000005fe5 .LASF1047
C:\Users\zero6575\AppData\Local\Temp\ccix7ZOm.s:10036  .debug_str:0000000000008e98 .LASF1048
C:\Users\zero6575\AppData\Local\Temp\ccix7ZOm.s:7834   .debug_str:0000000000001813 .LASF1049
C:\Users\zero6575\AppData\Local\Temp\ccix7ZOm.s:7936   .debug_str:0000000000001cf5 .LASF1050
C:\Users\zero6575\AppData\Local\Temp\ccix7ZOm.s:7614   .debug_str:0000000000000a1a .LASF1051
C:\Users\zero6575\AppData\Local\Temp\ccix7ZOm.s:9022   .debug_str:00000000000059a0 .LASF1052
C:\Users\zero6575\AppData\Local\Temp\ccix7ZOm.s:8736   .debug_str:00000000000049a2 .LASF1053
C:\Users\zero6575\AppData\Local\Temp\ccix7ZOm.s:7648   .debug_str:0000000000000bd4 .LASF1054
C:\Users\zero6575\AppData\Local\Temp\ccix7ZOm.s:10060  .debug_str:0000000000009006 .LASF1055
C:\Users\zero6575\AppData\Local\Temp\ccix7ZOm.s:7800   .debug_str:00000000000016b0 .LASF1056
C:\Users\zero6575\AppData\Local\Temp\ccix7ZOm.s:7416   .debug_str:0000000000000038 .LASF1057
C:\Users\zero6575\AppData\Local\Temp\ccix7ZOm.s:10110  .debug_str:0000000000009232 .LASF1058
C:\Users\zero6575\AppData\Local\Temp\ccix7ZOm.s:9628   .debug_str:00000000000079a4 .LASF1059
C:\Users\zero6575\AppData\Local\Temp\ccix7ZOm.s:10112  .debug_str:000000000000924c .LASF1060
C:\Users\zero6575\AppData\Local\Temp\ccix7ZOm.s:7530   .debug_str:00000000000005bc .LASF1061
C:\Users\zero6575\AppData\Local\Temp\ccix7ZOm.s:9590   .debug_str:00000000000076ee .LASF1062
C:\Users\zero6575\AppData\Local\Temp\ccix7ZOm.s:9620   .debug_str:000000000000790f .LASF1063
C:\Users\zero6575\AppData\Local\Temp\ccix7ZOm.s:8672   .debug_str:00000000000045c3 .LASF1064
C:\Users\zero6575\AppData\Local\Temp\ccix7ZOm.s:7960   .debug_str:0000000000001e41 .LASF1065
C:\Users\zero6575\AppData\Local\Temp\ccix7ZOm.s:8636   .debug_str:00000000000043be .LASF1066
C:\Users\zero6575\AppData\Local\Temp\ccix7ZOm.s:7446   .debug_str:0000000000000151 .LASF1067
C:\Users\zero6575\AppData\Local\Temp\ccix7ZOm.s:7856   .debug_str:00000000000018fd .LASF1068
C:\Users\zero6575\AppData\Local\Temp\ccix7ZOm.s:9598   .debug_str:0000000000007771 .LASF1069
C:\Users\zero6575\AppData\Local\Temp\ccix7ZOm.s:9836   .debug_str:00000000000083cf .LASF1070
C:\Users\zero6575\AppData\Local\Temp\ccix7ZOm.s:9086   .debug_str:0000000000005ce0 .LASF1071
C:\Users\zero6575\AppData\Local\Temp\ccix7ZOm.s:8728   .debug_str:00000000000048cc .LASF1072
C:\Users\zero6575\AppData\Local\Temp\ccix7ZOm.s:9698   .debug_str:0000000000007d01 .LASF1073
C:\Users\zero6575\AppData\Local\Temp\ccix7ZOm.s:9790   .debug_str:000000000000818b .LASF1077
C:\Users\zero6575\AppData\Local\Temp\ccix7ZOm.s:8200   .debug_str:0000000000002c7e .LASF1078
C:\Users\zero6575\AppData\Local\Temp\ccix7ZOm.s:9968   .debug_str:0000000000008b60 .LASF1085
C:\Users\zero6575\AppData\Local\Temp\ccix7ZOm.s:9208   .debug_str:00000000000063de .LASF1086
C:\Users\zero6575\AppData\Local\Temp\ccix7ZOm.s:7916   .debug_str:0000000000001c2b .LASF1087
C:\Users\zero6575\AppData\Local\Temp\ccix7ZOm.s:9912   .debug_str:00000000000087dc .LASF1088
C:\Users\zero6575\AppData\Local\Temp\ccix7ZOm.s:7598   .debug_str:000000000000095c .LASF1089
C:\Users\zero6575\AppData\Local\Temp\ccix7ZOm.s:9346   .debug_str:0000000000006b63 .LASF1090
C:\Users\zero6575\AppData\Local\Temp\ccix7ZOm.s:9692   .debug_str:0000000000007cb2 .LASF1091
C:\Users\zero6575\AppData\Local\Temp\ccix7ZOm.s:9140   .debug_str:0000000000006091 .LASF1092
C:\Users\zero6575\AppData\Local\Temp\ccix7ZOm.s:8464   .debug_str:0000000000003b5e .LASF1093
C:\Users\zero6575\AppData\Local\Temp\ccix7ZOm.s:8016   .debug_str:0000000000002109 .LASF1101
C:\Users\zero6575\AppData\Local\Temp\ccix7ZOm.s:9794   .debug_str:00000000000081e1 .LASF1102
C:\Users\zero6575\AppData\Local\Temp\ccix7ZOm.s:9984   .debug_str:0000000000008bef .LASF1103
C:\Users\zero6575\AppData\Local\Temp\ccix7ZOm.s:8362   .debug_str:000000000000358c .LASF1104
C:\Users\zero6575\AppData\Local\Temp\ccix7ZOm.s:9552   .debug_str:0000000000007513 .LASF1105
C:\Users\zero6575\AppData\Local\Temp\ccix7ZOm.s:8916   .debug_str:00000000000053f1 .LASF1112
C:\Users\zero6575\AppData\Local\Temp\ccix7ZOm.s:9510   .debug_str:00000000000072e3 .LASF1116
C:\Users\zero6575\AppData\Local\Temp\ccix7ZOm.s:9528   .debug_str:00000000000073dd .LASF1117
C:\Users\zero6575\AppData\Local\Temp\ccix7ZOm.s:8420   .debug_str:0000000000003913 .LASF1119
C:\Users\zero6575\AppData\Local\Temp\ccix7ZOm.s:9272   .debug_str:000000000000678d .LASF1120
C:\Users\zero6575\AppData\Local\Temp\ccix7ZOm.s:7826   .debug_str:00000000000017b4 .LASF1121
C:\Users\zero6575\AppData\Local\Temp\ccix7ZOm.s:8792   .debug_str:0000000000004c8b .LASF1122
C:\Users\zero6575\AppData\Local\Temp\ccix7ZOm.s:9778   .debug_str:0000000000008107 .LASF1123
C:\Users\zero6575\AppData\Local\Temp\ccix7ZOm.s:9174   .debug_str:00000000000061f1 .LASF1124
C:\Users\zero6575\AppData\Local\Temp\ccix7ZOm.s:9882   .debug_str:0000000000008681 .LASF1125
C:\Users\zero6575\AppData\Local\Temp\ccix7ZOm.s:9300   .debug_str:00000000000068e2 .LASF1126
C:\Users\zero6575\AppData\Local\Temp\ccix7ZOm.s:8318   .debug_str:0000000000003395 .LASF1127
C:\Users\zero6575\AppData\Local\Temp\ccix7ZOm.s:8188   .debug_str:0000000000002bd5 .LASF1128
C:\Users\zero6575\AppData\Local\Temp\ccix7ZOm.s:9256   .debug_str:000000000000668c .LASF1129
C:\Users\zero6575\AppData\Local\Temp\ccix7ZOm.s:9646   .debug_str:0000000000007a7b .LASF1130
C:\Users\zero6575\AppData\Local\Temp\ccix7ZOm.s:9720   .debug_str:0000000000007df1 .LASF1132
C:\Users\zero6575\AppData\Local\Temp\ccix7ZOm.s:7706   .debug_str:0000000000000f15 .LASF1133
C:\Users\zero6575\AppData\Local\Temp\ccix7ZOm.s:8614   .debug_str:0000000000004273 .LASF1134
                           .group:0000000000000000 wm4.0.29db371e8b94e604acd9f4c2cef2c360
                           .group:0000000000000000 wm4.stdbool.h.29.07dce69c3b78884144b7f7bd19483461
                           .group:0000000000000000 wm4._newlib_version.h.4.9ba035841e762c3308916a0ce96032e7
                           .group:0000000000000000 wm4.features.h.33.318b64d71e0957639cfb30f1db1f7ec8
                           .group:0000000000000000 wm4._default_types.h.15.61e9869194cab90bdfa4c7fc42203a0e
                           .group:0000000000000000 wm4._intsup.h.10.b28b45fc63caeb010c3f7ee592257700
                           .group:0000000000000000 wm4._stdint.h.10.c24fa3af3bc1706662bb5593a907e841
                           .group:0000000000000000 wm4.stdint.h.23.d53047a68f4a85177f80b422d52785ed
                           .group:0000000000000000 wm4.stddef.h.39.a38874c8f8a57e66301090908ec2a69f
                           .group:0000000000000000 wm4.config.h.26.7d29d642a1ea34b87c56286f7235559f
                           .group:0000000000000000 wm4.bacdef.h.39.fcafd78d88dce17b2448edf8931b63fd
                           .group:0000000000000000 wm4.bits.h.25.f9e0c31c04958f93c399d58693ab7d13
                           .group:0000000000000000 wm4.bacdcode.h.417.fde53433a4e8c8179dfc8de0f5c0b6ae
                           .group:0000000000000000 wm4.npdu.h.25.6a3a449fc578b15b3d0db2c6a4da7956
                           .group:0000000000000000 wm4.newlib.h.8.19af3a34a60c4846725bb1239b4fa5a2
                           .group:0000000000000000 wm4.ieeefp.h.195.a810689bf65b84f4ad2c33b483468c94
                           .group:0000000000000000 wm4.config.h.83.0359905d884ebfe41c79e1d7c780ef62
                           .group:0000000000000000 wm4._ansi.h.31.de524f58584151836e90d8620a16f8e8
                           .group:0000000000000000 wm4.stdio.h.31.7c0e28c411445f3f9c5b11accf882760
                           .group:0000000000000000 wm4.stddef.h.161.19e15733342b50ead2919490b095303e
                           .group:0000000000000000 wm4.cdefs.h.49.6260d97adb8d27534cbdc0f868b8ea87
                           .group:0000000000000000 wm4.stdarg.h.34.3a23a216c0c293b3d2ea2e89281481e6
                           .group:0000000000000000 wm4._types.h.20.dd0d04dca3800a0d2a6129b87f3adbb2
                           .group:0000000000000000 wm4.stddef.h.161.5349cb105733e8777bfb0cf53c4e3f34
                           .group:0000000000000000 wm4._types.h.127.c5cfac939eadb83d223592dbacad7524
                           .group:0000000000000000 wm4.reent.h.17.487f8c1f76499d088b190f62530a0034
                           .group:0000000000000000 wm4.lock.h.2.c0958401bd0ce484d507ee19aacab817
                           .group:0000000000000000 wm4.reent.h.77.1187f1075ff88452c642b29ed9a9030d
                           .group:0000000000000000 wm4.types.h.40.8b6acba56cefbb11746718204edc8f5e
                           .group:0000000000000000 wm4._endian.h.18.1bf9649e8e5bbc91042012680270b9ed
                           .group:0000000000000000 wm4.endian.h.9.49f3a4695c1b61e8a0808de3c4a106cb
                           .group:0000000000000000 wm4._timeval.h.30.0e8bfd94e85db17dda3286ee81496fe6
                           .group:0000000000000000 wm4.timespec.h.41.d855182eb0e690443ab8651bcedca6e1
                           .group:0000000000000000 wm4.select.h.19.97ca6fd0c752a0f3b6719fd314d361e6
                           .group:0000000000000000 wm4.types.h.51.5571ec98f267d17d3c670b7a3ba33afa
                           .group:0000000000000000 wm4.sched.h.22.c60982713a5c428609783c78f9c78d95
                           .group:0000000000000000 wm4._pthreadtypes.h.36.fcee9961c35163dde6267ef772ad1972
                           .group:0000000000000000 wm4.stdio.h.2.4aa87247282eca6c8f36f9de33d8df1a
                           .group:0000000000000000 wm4.stdio.h.81.60a2ded7dae310b81f9d6907fe5e3dbf
                           .group:0000000000000000 wm4.bacapp.h.236.6ce9e612c7ada80feb9f3b2b0c328626
                           .group:0000000000000000 wm4.readrange.h.25.7abf91243fb39ecb991c7216a42716c0
                           .group:0000000000000000 wm4.device.h.170.a251ce7da15aed1e46d1ea618b9629ed
                           .group:0000000000000000 wm4.string.h.8.c4b8571ce60dff2817f43fec8b86aecd
                           .group:0000000000000000 wm4.debug.h.25.b5e7ec628938479d901f0a26384b44eb
                           .group:0000000000000000 wm4.time.h.8.db4619001f026d0b4874c029fef0e91f
                           .group:0000000000000000 wm4.time.h.2.2a9bb4e458da4ea34ffea78824e2e6f7
                           .group:0000000000000000 wm4.time.h.25.e44726f8f6b03ec08e4e0835a2fcc2b7
                           .group:0000000000000000 wm4.bip.h.35.ed002c5cfc52434a2e46d3f82d276677

UNDEFINED SYMBOLS
decode_unsigned16
Send_I_Am_Router_To_Network
bactext_network_layer_msg_name
debug_printf
Send_Initialize_Routing_Table_Ack
Send_Reject_Message_To_Network
Routed_Device_Is_Valid_Network
bvlc_get_function_code
apdu_handler
Routed_Device_GetNext
npdu_decode
