   1              		.file	"h_rp.c"
   2              		.option nopic
   3              		.attribute arch, "rv64i2p0_m2p0_a2p0_c2p0"
   4              		.attribute unaligned_access, 0
   5              		.attribute stack_align, 16
   6              		.text
   7              	.Ltext0:
   8              		.cfi_sections	.debug_frame
   9              		.section	.text.handler_read_property,"ax",@progbits
  10              		.align	1
  11              		.globl	handler_read_property
  13              	handler_read_property:
  14              	.LFB4:
  15              		.file 1 "../src/middleware/bacnet/demo/handler/h_rp.c"
   1:../src/middleware/bacnet/demo/handler/h_rp.c **** /**************************************************************************
   2:../src/middleware/bacnet/demo/handler/h_rp.c **** *
   3:../src/middleware/bacnet/demo/handler/h_rp.c **** * Copyright (C) 2005 Steve Karg <skarg@users.sourceforge.net>
   4:../src/middleware/bacnet/demo/handler/h_rp.c **** *
   5:../src/middleware/bacnet/demo/handler/h_rp.c **** * Permission is hereby granted, free of charge, to any person obtaining
   6:../src/middleware/bacnet/demo/handler/h_rp.c **** * a copy of this software and associated documentation files (the
   7:../src/middleware/bacnet/demo/handler/h_rp.c **** * "Software"), to deal in the Software without restriction, including
   8:../src/middleware/bacnet/demo/handler/h_rp.c **** * without limitation the rights to use, copy, modify, merge, publish,
   9:../src/middleware/bacnet/demo/handler/h_rp.c **** * distribute, sublicense, and/or sell copies of the Software, and to
  10:../src/middleware/bacnet/demo/handler/h_rp.c **** * permit persons to whom the Software is furnished to do so, subject to
  11:../src/middleware/bacnet/demo/handler/h_rp.c **** * the following conditions:
  12:../src/middleware/bacnet/demo/handler/h_rp.c **** *
  13:../src/middleware/bacnet/demo/handler/h_rp.c **** * The above copyright notice and this permission notice shall be included
  14:../src/middleware/bacnet/demo/handler/h_rp.c **** * in all copies or substantial portions of the Software.
  15:../src/middleware/bacnet/demo/handler/h_rp.c **** *
  16:../src/middleware/bacnet/demo/handler/h_rp.c **** * THE SOFTWARE IS PROVIDED "AS IS", WITHOUT WARRANTY OF ANY KIND,
  17:../src/middleware/bacnet/demo/handler/h_rp.c **** * EXPRESS OR IMPLIED, INCLUDING BUT NOT LIMITED TO THE WARRANTIES OF
  18:../src/middleware/bacnet/demo/handler/h_rp.c **** * MERCHANTABILITY, FITNESS FOR A PARTICULAR PURPOSE AND NONINFRINGEMENT.
  19:../src/middleware/bacnet/demo/handler/h_rp.c **** * IN NO EVENT SHALL THE AUTHORS OR COPYRIGHT HOLDERS BE LIABLE FOR ANY
  20:../src/middleware/bacnet/demo/handler/h_rp.c **** * CLAIM, DAMAGES OR OTHER LIABILITY, WHETHER IN AN ACTION OF CONTRACT,
  21:../src/middleware/bacnet/demo/handler/h_rp.c **** * TORT OR OTHERWISE, ARISING FROM, OUT OF OR IN CONNECTION WITH THE
  22:../src/middleware/bacnet/demo/handler/h_rp.c **** * SOFTWARE OR THE USE OR OTHER DEALINGS IN THE SOFTWARE.
  23:../src/middleware/bacnet/demo/handler/h_rp.c **** *
  24:../src/middleware/bacnet/demo/handler/h_rp.c **** *********************************************************************/
  25:../src/middleware/bacnet/demo/handler/h_rp.c **** #include <stddef.h>
  26:../src/middleware/bacnet/demo/handler/h_rp.c **** #include <stdint.h>
  27:../src/middleware/bacnet/demo/handler/h_rp.c **** #include <stdio.h>
  28:../src/middleware/bacnet/demo/handler/h_rp.c **** #include <string.h>
  29:../src/middleware/bacnet/demo/handler/h_rp.c **** #include <errno.h>
  30:../src/middleware/bacnet/demo/handler/h_rp.c **** #include "config.h"
  31:../src/middleware/bacnet/demo/handler/h_rp.c **** #include "txbuf.h"
  32:../src/middleware/bacnet/demo/handler/h_rp.c **** #include "bacdef.h"
  33:../src/middleware/bacnet/demo/handler/h_rp.c **** #include "bacdcode.h"
  34:../src/middleware/bacnet/demo/handler/h_rp.c **** #include "bacerror.h"
  35:../src/middleware/bacnet/demo/handler/h_rp.c **** #include "bacdevobjpropref.h"
  36:../src/middleware/bacnet/demo/handler/h_rp.c **** #include "apdu.h"
  37:../src/middleware/bacnet/demo/handler/h_rp.c **** #include "npdu.h"
  38:../src/middleware/bacnet/demo/handler/h_rp.c **** #include "abort.h"
  39:../src/middleware/bacnet/demo/handler/h_rp.c **** #include "reject.h"
  40:../src/middleware/bacnet/demo/handler/h_rp.c **** #include "rp.h"
  41:../src/middleware/bacnet/demo/handler/h_rp.c **** /* device object has custom handler for all objects */
  42:../src/middleware/bacnet/demo/handler/h_rp.c **** #include "device.h"
  43:../src/middleware/bacnet/demo/handler/h_rp.c **** #include "handlers.h"
  44:../src/middleware/bacnet/demo/handler/h_rp.c **** 
  45:../src/middleware/bacnet/demo/handler/h_rp.c **** /** @file h_rp.c  Handles Read Property requests. */
  46:../src/middleware/bacnet/demo/handler/h_rp.c **** 
  47:../src/middleware/bacnet/demo/handler/h_rp.c **** 
  48:../src/middleware/bacnet/demo/handler/h_rp.c **** /** Handler for a ReadProperty Service request.
  49:../src/middleware/bacnet/demo/handler/h_rp.c ****  * @ingroup DSRP
  50:../src/middleware/bacnet/demo/handler/h_rp.c ****  * This handler will be invoked by apdu_handler() if it has been enabled
  51:../src/middleware/bacnet/demo/handler/h_rp.c ****  * by a call to apdu_set_confirmed_handler().
  52:../src/middleware/bacnet/demo/handler/h_rp.c ****  * This handler builds a response packet, which is
  53:../src/middleware/bacnet/demo/handler/h_rp.c ****  * - an Abort if
  54:../src/middleware/bacnet/demo/handler/h_rp.c ****  *   - the message is segmented
  55:../src/middleware/bacnet/demo/handler/h_rp.c ****  *   - if decoding fails
  56:../src/middleware/bacnet/demo/handler/h_rp.c ****  *   - if the response would be too large
  57:../src/middleware/bacnet/demo/handler/h_rp.c ****  * - the result from Device_Read_Property(), if it succeeds
  58:../src/middleware/bacnet/demo/handler/h_rp.c ****  * - an Error if Device_Read_Property() fails
  59:../src/middleware/bacnet/demo/handler/h_rp.c ****  *   or there isn't enough room in the APDU to fit the data.
  60:../src/middleware/bacnet/demo/handler/h_rp.c ****  *
  61:../src/middleware/bacnet/demo/handler/h_rp.c ****  * @param service_request [in] The contents of the service request.
  62:../src/middleware/bacnet/demo/handler/h_rp.c ****  * @param service_len [in] The length of the service_request.
  63:../src/middleware/bacnet/demo/handler/h_rp.c ****  * @param src [in] BACNET_ADDRESS of the source of the message
  64:../src/middleware/bacnet/demo/handler/h_rp.c ****  * @param service_data [in] The BACNET_CONFIRMED_SERVICE_DATA information
  65:../src/middleware/bacnet/demo/handler/h_rp.c ****  *                          decoded from the APDU header of this message.
  66:../src/middleware/bacnet/demo/handler/h_rp.c ****  */
  67:../src/middleware/bacnet/demo/handler/h_rp.c **** void handler_read_property(
  68:../src/middleware/bacnet/demo/handler/h_rp.c ****     uint8_t * service_request,
  69:../src/middleware/bacnet/demo/handler/h_rp.c ****     uint16_t service_len,
  70:../src/middleware/bacnet/demo/handler/h_rp.c ****     BACNET_ADDRESS * src,
  71:../src/middleware/bacnet/demo/handler/h_rp.c ****     BACNET_CONFIRMED_SERVICE_DATA * service_data)
  72:../src/middleware/bacnet/demo/handler/h_rp.c **** {
  16              		.loc 1 72 1
  17              		.cfi_startproc
  18 0000 7171     		addi	sp,sp,-176
  19              		.cfi_def_cfa_offset 176
  20 0002 06F5     		sd	ra,168(sp)
  21 0004 22F1     		sd	s0,160(sp)
  22 0006 26ED     		sd	s1,152(sp)
  23 0008 4AE9     		sd	s2,144(sp)
  24              		.cfi_offset 1, -8
  25              		.cfi_offset 8, -16
  26              		.cfi_offset 9, -24
  27              		.cfi_offset 18, -32
  28 000a 0019     		addi	s0,sp,176
  29              		.cfi_def_cfa 8, 0
  30 000c 2334A4F6 		sd	a0,-152(s0)
  31 0010 AE87     		mv	a5,a1
  32 0012 233CC4F4 		sd	a2,-168(s0)
  33 0016 2338D4F4 		sd	a3,-176(s0)
  34 001a 2313F4F6 		sh	a5,-154(s0)
  73:../src/middleware/bacnet/demo/handler/h_rp.c ****     BACNET_READ_PROPERTY_DATA rpdata;
  74:../src/middleware/bacnet/demo/handler/h_rp.c ****     int len = 0;
  35              		.loc 1 74 9
  36 001e 232E04FC 		sw	zero,-36(s0)
  75:../src/middleware/bacnet/demo/handler/h_rp.c ****     int pdu_len = 0;
  37              		.loc 1 75 9
  38 0022 232804FC 		sw	zero,-48(s0)
  76:../src/middleware/bacnet/demo/handler/h_rp.c ****     int apdu_len = -1;
  39              		.loc 1 76 9
  40 0026 FD57     		li	a5,-1
  41 0028 232CF4FC 		sw	a5,-40(s0)
  77:../src/middleware/bacnet/demo/handler/h_rp.c ****     int npdu_len = -1;
  42              		.loc 1 77 9
  43 002c FD57     		li	a5,-1
  44 002e 2326F4FC 		sw	a5,-52(s0)
  78:../src/middleware/bacnet/demo/handler/h_rp.c ****     BACNET_NPDU_DATA npdu_data;
  79:../src/middleware/bacnet/demo/handler/h_rp.c ****     bool error = true;  /* assume that there is an error */
  45              		.loc 1 79 10
  46 0032 8547     		li	a5,1
  47 0034 A30BF4FC 		sb	a5,-41(s0)
  80:../src/middleware/bacnet/demo/handler/h_rp.c ****     int bytes_sent = 0;
  48              		.loc 1 80 9
  49 0038 232404FC 		sw	zero,-56(s0)
  81:../src/middleware/bacnet/demo/handler/h_rp.c ****     BACNET_ADDRESS my_address;
  82:../src/middleware/bacnet/demo/handler/h_rp.c **** 
  83:../src/middleware/bacnet/demo/handler/h_rp.c ****     /* configure default error code as an abort since it is common */
  84:../src/middleware/bacnet/demo/handler/h_rp.c ****     rpdata.error_code = ERROR_CODE_ABORT_SEGMENTATION_NOT_SUPPORTED;
  50              		.loc 1 84 23
  51 003c 93076003 		li	a5,54
  52 0040 2320F4FC 		sw	a5,-64(s0)
  85:../src/middleware/bacnet/demo/handler/h_rp.c ****     /* encode the NPDU portion of the packet */
  86:../src/middleware/bacnet/demo/handler/h_rp.c ****     datalink_get_my_address(&my_address);
  53              		.loc 1 86 5
  54 0044 930784F7 		addi	a5,s0,-136
  55 0048 3E85     		mv	a0,a5
  56 004a 97000000 		call	bip_get_my_address
  56      E7800000 
  87:../src/middleware/bacnet/demo/handler/h_rp.c ****     npdu_encode_npdu_data(&npdu_data, false, MESSAGE_PRIORITY_NORMAL);
  57              		.loc 1 87 5
  58 0052 930704F9 		addi	a5,s0,-112
  59 0056 0146     		li	a2,0
  60 0058 8145     		li	a1,0
  61 005a 3E85     		mv	a0,a5
  62 005c 97000000 		call	npdu_encode_npdu_data
  62      E7800000 
  88:../src/middleware/bacnet/demo/handler/h_rp.c ****     npdu_len =
  89:../src/middleware/bacnet/demo/handler/h_rp.c ****         npdu_encode_pdu(&Handler_Transmit_Buffer[0], src, &my_address,
  63              		.loc 1 89 9
  64 0064 130704F9 		addi	a4,s0,-112
  65 0068 930784F7 		addi	a5,s0,-136
  66 006c BA86     		mv	a3,a4
  67 006e 3E86     		mv	a2,a5
  68 0070 833584F5 		ld	a1,-168(s0)
  69 0074 17050000 		lla	a0,Handler_Transmit_Buffer
  69      13050500 
  70 007c 97000000 		call	npdu_encode_pdu
  70      E7800000 
  71 0084 AA87     		mv	a5,a0
  72 0086 2326F4FC 		sw	a5,-52(s0)
  90:../src/middleware/bacnet/demo/handler/h_rp.c ****         &npdu_data);
  91:../src/middleware/bacnet/demo/handler/h_rp.c ****     if (service_data->segmented_message) {
  73              		.loc 1 91 21
  74 008a 833704F5 		ld	a5,-176(s0)
  75 008e 83C70700 		lbu	a5,0(a5)
  76              		.loc 1 91 8
  77 0092 89C7     		beq	a5,zero,.L2
  92:../src/middleware/bacnet/demo/handler/h_rp.c ****         /* we don't support segmentation - send an abort */
  93:../src/middleware/bacnet/demo/handler/h_rp.c ****         len = BACNET_STATUS_ABORT;
  78              		.loc 1 93 13
  79 0094 F957     		li	a5,-2
  80 0096 232EF4FC 		sw	a5,-36(s0)
  94:../src/middleware/bacnet/demo/handler/h_rp.c **** #if PRINT_ENABLED
  95:../src/middleware/bacnet/demo/handler/h_rp.c ****         fprintf(stderr, "RP: Segmented message.  Sending Abort!\n");
  96:../src/middleware/bacnet/demo/handler/h_rp.c **** #endif
  97:../src/middleware/bacnet/demo/handler/h_rp.c ****         goto RP_FAILURE;
  81              		.loc 1 97 9
  82 009a 89AA     		j	.L3
  83              	.L2:
  98:../src/middleware/bacnet/demo/handler/h_rp.c ****     }
  99:../src/middleware/bacnet/demo/handler/h_rp.c ****     len = rp_decode_service_request(service_request, service_len, &rpdata);
  84              		.loc 1 99 11
  85 009c 835764F6 		lhu	a5,-154(s0)
  86 00a0 8127     		sext.w	a5,a5
  87 00a2 130704FA 		addi	a4,s0,-96
  88 00a6 3A86     		mv	a2,a4
  89 00a8 BE85     		mv	a1,a5
  90 00aa 033584F6 		ld	a0,-152(s0)
  91 00ae 97000000 		call	rp_decode_service_request
  91      E7800000 
  92 00b6 AA87     		mv	a5,a0
  93 00b8 232EF4FC 		sw	a5,-36(s0)
 100:../src/middleware/bacnet/demo/handler/h_rp.c **** #if PRINT_ENABLED
 101:../src/middleware/bacnet/demo/handler/h_rp.c ****     if (len <= 0) {
 102:../src/middleware/bacnet/demo/handler/h_rp.c ****         fprintf(stderr, "RP: Unable to decode Request!\n");
 103:../src/middleware/bacnet/demo/handler/h_rp.c ****     }
 104:../src/middleware/bacnet/demo/handler/h_rp.c **** #endif
 105:../src/middleware/bacnet/demo/handler/h_rp.c ****     if (len < 0) {
  94              		.loc 1 105 8
  95 00bc 8327C4FD 		lw	a5,-36(s0)
  96 00c0 8127     		sext.w	a5,a5
  97 00c2 63D60700 		bge	a5,zero,.L4
 106:../src/middleware/bacnet/demo/handler/h_rp.c ****         /* bad decoding - skip to error/reject/abort handling */
 107:../src/middleware/bacnet/demo/handler/h_rp.c ****         error = true;
  98              		.loc 1 107 15
  99 00c6 8547     		li	a5,1
 100 00c8 A30BF4FC 		sb	a5,-41(s0)
 108:../src/middleware/bacnet/demo/handler/h_rp.c **** #if PRINT_ENABLED
 109:../src/middleware/bacnet/demo/handler/h_rp.c ****         fprintf(stderr, "RP: Bad Encoding.\n");
 110:../src/middleware/bacnet/demo/handler/h_rp.c **** #endif
 111:../src/middleware/bacnet/demo/handler/h_rp.c ****         goto RP_FAILURE;
 101              		.loc 1 111 9
 102 00cc 05A2     		j	.L3
 103              	.L4:
 112:../src/middleware/bacnet/demo/handler/h_rp.c ****     }
 113:../src/middleware/bacnet/demo/handler/h_rp.c ****     /* Test for case of indefinite Device object instance */
 114:../src/middleware/bacnet/demo/handler/h_rp.c ****     if ((rpdata.object_type == OBJECT_DEVICE) &&
 104              		.loc 1 114 16
 105 00ce 832704FA 		lw	a5,-96(s0)
 106              		.loc 1 114 8
 107 00d2 3E87     		mv	a4,a5
 108 00d4 A147     		li	a5,8
 109 00d6 6312F702 		bne	a4,a5,.L5
 115:../src/middleware/bacnet/demo/handler/h_rp.c ****         (rpdata.object_instance == BACNET_MAX_INSTANCE)) {
 110              		.loc 1 115 16 discriminator 1
 111 00da 832744FA 		lw	a5,-92(s0)
 114:../src/middleware/bacnet/demo/handler/h_rp.c ****         (rpdata.object_instance == BACNET_MAX_INSTANCE)) {
 112              		.loc 1 114 47 discriminator 1
 113 00de 3E87     		mv	a4,a5
 114 00e0 B7074000 		li	a5,4194304
 115 00e4 FD17     		addi	a5,a5,-1
 116 00e6 631AF700 		bne	a4,a5,.L5
 116:../src/middleware/bacnet/demo/handler/h_rp.c ****         rpdata.object_instance = Device_Object_Instance_Number();
 117              		.loc 1 116 34
 118 00ea 97000000 		call	Device_Object_Instance_Number
 118      E7800000 
 119 00f2 AA87     		mv	a5,a0
 120 00f4 8127     		sext.w	a5,a5
 121              		.loc 1 116 32
 122 00f6 2322F4FA 		sw	a5,-92(s0)
 123              	.L5:
 117:../src/middleware/bacnet/demo/handler/h_rp.c ****     }
 118:../src/middleware/bacnet/demo/handler/h_rp.c **** 
 119:../src/middleware/bacnet/demo/handler/h_rp.c ****     apdu_len =
 120:../src/middleware/bacnet/demo/handler/h_rp.c ****         rp_ack_encode_apdu_init(&Handler_Transmit_Buffer[npdu_len],
 124              		.loc 1 120 9
 125 00fa 0327C4FC 		lw	a4,-52(s0)
 126 00fe 97070000 		lla	a5,Handler_Transmit_Buffer
 126      93870700 
 127 0106 3E97     		add	a4,a4,a5
 128 0108 833704F5 		ld	a5,-176(s0)
 129 010c 83C7C700 		lbu	a5,12(a5)
 130 0110 930604FA 		addi	a3,s0,-96
 131 0114 3686     		mv	a2,a3
 132 0116 BE85     		mv	a1,a5
 133 0118 3A85     		mv	a0,a4
 134 011a 97000000 		call	rp_ack_encode_apdu_init
 134      E7800000 
 135 0122 AA87     		mv	a5,a0
 136 0124 232CF4FC 		sw	a5,-40(s0)
 121:../src/middleware/bacnet/demo/handler/h_rp.c ****         service_data->invoke_id, &rpdata);
 122:../src/middleware/bacnet/demo/handler/h_rp.c ****     /* configure our storage */
 123:../src/middleware/bacnet/demo/handler/h_rp.c ****     rpdata.application_data = &Handler_Transmit_Buffer[npdu_len + apdu_len];
 137              		.loc 1 123 65
 138 0128 0327C4FC 		lw	a4,-52(s0)
 139 012c 832784FD 		lw	a5,-40(s0)
 140 0130 B99F     		addw	a5,a4,a5
 141 0132 1B870700 		sext.w	a4,a5
 142              		.loc 1 123 31
 143 0136 97070000 		lla	a5,Handler_Transmit_Buffer
 143      93870700 
 144 013e BA97     		add	a5,a4,a5
 145              		.loc 1 123 29
 146 0140 2338F4FA 		sd	a5,-80(s0)
 124:../src/middleware/bacnet/demo/handler/h_rp.c ****     rpdata.application_data_len =
 125:../src/middleware/bacnet/demo/handler/h_rp.c ****         sizeof(Handler_Transmit_Buffer) - (npdu_len + apdu_len);
 147              		.loc 1 125 53
 148 0144 0327C4FC 		lw	a4,-52(s0)
 149 0148 832784FD 		lw	a5,-40(s0)
 150 014c B99F     		addw	a5,a4,a5
 151 014e 8127     		sext.w	a5,a5
 152 0150 8127     		sext.w	a5,a5
 153              		.loc 1 125 41
 154 0152 1307E05D 		li	a4,1502
 155 0156 BB07F740 		subw	a5,a4,a5
 156 015a 8127     		sext.w	a5,a5
 157 015c 8127     		sext.w	a5,a5
 124:../src/middleware/bacnet/demo/handler/h_rp.c ****     rpdata.application_data_len =
 158              		.loc 1 124 33
 159 015e 232CF4FA 		sw	a5,-72(s0)
 126:../src/middleware/bacnet/demo/handler/h_rp.c ****     len = Device_Read_Property(&rpdata);
 160              		.loc 1 126 11
 161 0162 930704FA 		addi	a5,s0,-96
 162 0166 3E85     		mv	a0,a5
 163 0168 97000000 		call	Device_Read_Property
 163      E7800000 
 164 0170 AA87     		mv	a5,a0
 165 0172 232EF4FC 		sw	a5,-36(s0)
 127:../src/middleware/bacnet/demo/handler/h_rp.c ****     if (len >= 0) {
 166              		.loc 1 127 8
 167 0176 8327C4FD 		lw	a5,-36(s0)
 168 017a 8127     		sext.w	a5,a5
 169 017c 63C70706 		blt	a5,zero,.L12
 128:../src/middleware/bacnet/demo/handler/h_rp.c ****         apdu_len += len;
 170              		.loc 1 128 18
 171 0180 032784FD 		lw	a4,-40(s0)
 172 0184 8327C4FD 		lw	a5,-36(s0)
 173 0188 B99F     		addw	a5,a4,a5
 174 018a 232CF4FC 		sw	a5,-40(s0)
 129:../src/middleware/bacnet/demo/handler/h_rp.c ****         len =
 130:../src/middleware/bacnet/demo/handler/h_rp.c ****             rp_ack_encode_apdu_object_property_end(&Handler_Transmit_Buffer
 131:../src/middleware/bacnet/demo/handler/h_rp.c ****             [npdu_len + apdu_len]);
 175              		.loc 1 131 23
 176 018e 0327C4FC 		lw	a4,-52(s0)
 177 0192 832784FD 		lw	a5,-40(s0)
 178 0196 B99F     		addw	a5,a4,a5
 179 0198 1B870700 		sext.w	a4,a5
 130:../src/middleware/bacnet/demo/handler/h_rp.c ****             [npdu_len + apdu_len]);
 180              		.loc 1 130 13
 181 019c 97070000 		lla	a5,Handler_Transmit_Buffer
 181      93870700 
 182 01a4 BA97     		add	a5,a4,a5
 183 01a6 3E85     		mv	a0,a5
 184 01a8 97000000 		call	rp_ack_encode_apdu_object_property_end
 184      E7800000 
 185 01b0 AA87     		mv	a5,a0
 186 01b2 232EF4FC 		sw	a5,-36(s0)
 132:../src/middleware/bacnet/demo/handler/h_rp.c ****         apdu_len += len;
 187              		.loc 1 132 18
 188 01b6 032784FD 		lw	a4,-40(s0)
 189 01ba 8327C4FD 		lw	a5,-36(s0)
 190 01be B99F     		addw	a5,a4,a5
 191 01c0 232CF4FC 		sw	a5,-40(s0)
 133:../src/middleware/bacnet/demo/handler/h_rp.c ****         if (apdu_len > service_data->max_resp) {
 192              		.loc 1 133 36
 193 01c4 833704F5 		ld	a5,-176(s0)
 194 01c8 9847     		lw	a4,8(a5)
 195              		.loc 1 133 12
 196 01ca 832784FD 		lw	a5,-40(s0)
 197 01ce 8127     		sext.w	a5,a5
 198 01d0 635AF700 		ble	a5,a4,.L6
 134:../src/middleware/bacnet/demo/handler/h_rp.c ****             /* too big for the sender - send an abort
 135:../src/middleware/bacnet/demo/handler/h_rp.c ****              * Setting of error code needed here as read property processing may
 136:../src/middleware/bacnet/demo/handler/h_rp.c ****              * have overriden the default set at start */
 137:../src/middleware/bacnet/demo/handler/h_rp.c ****             rpdata.error_code = ERROR_CODE_ABORT_SEGMENTATION_NOT_SUPPORTED;
 199              		.loc 1 137 31
 200 01d4 93076003 		li	a5,54
 201 01d8 2320F4FC 		sw	a5,-64(s0)
 138:../src/middleware/bacnet/demo/handler/h_rp.c ****             len = BACNET_STATUS_ABORT;
 202              		.loc 1 138 17
 203 01dc F957     		li	a5,-2
 204 01de 232EF4FC 		sw	a5,-36(s0)
 205 01e2 29A0     		j	.L3
 206              	.L6:
 139:../src/middleware/bacnet/demo/handler/h_rp.c **** #if PRINT_ENABLED
 140:../src/middleware/bacnet/demo/handler/h_rp.c ****             fprintf(stderr, "RP: Message too large.\n");
 141:../src/middleware/bacnet/demo/handler/h_rp.c **** #endif
 142:../src/middleware/bacnet/demo/handler/h_rp.c ****         } else {
 143:../src/middleware/bacnet/demo/handler/h_rp.c **** #if PRINT_ENABLED
 144:../src/middleware/bacnet/demo/handler/h_rp.c ****             fprintf(stderr, "RP: Sending Ack!\n");
 145:../src/middleware/bacnet/demo/handler/h_rp.c **** #endif
 146:../src/middleware/bacnet/demo/handler/h_rp.c ****             error = false;
 207              		.loc 1 146 19
 208 01e4 A30B04FC 		sb	zero,-41(s0)
 209 01e8 11A0     		j	.L3
 210              	.L12:
 147:../src/middleware/bacnet/demo/handler/h_rp.c ****         }
 148:../src/middleware/bacnet/demo/handler/h_rp.c ****     } else {
 149:../src/middleware/bacnet/demo/handler/h_rp.c **** #if PRINT_ENABLED
 150:../src/middleware/bacnet/demo/handler/h_rp.c ****         fprintf(stderr, "RP: Device_Read_Property: ");
 151:../src/middleware/bacnet/demo/handler/h_rp.c ****         if (len == BACNET_STATUS_ABORT) {
 152:../src/middleware/bacnet/demo/handler/h_rp.c ****             fprintf(stderr, "Abort!\n");
 153:../src/middleware/bacnet/demo/handler/h_rp.c ****         } else if (len == BACNET_STATUS_ERROR) {
 154:../src/middleware/bacnet/demo/handler/h_rp.c ****             fprintf(stderr, "Error!\n");
 155:../src/middleware/bacnet/demo/handler/h_rp.c ****         } else if (len == BACNET_STATUS_REJECT) {
 156:../src/middleware/bacnet/demo/handler/h_rp.c ****             fprintf(stderr, "Reject!\n");
 157:../src/middleware/bacnet/demo/handler/h_rp.c ****         } else {
 158:../src/middleware/bacnet/demo/handler/h_rp.c ****             fprintf(stderr, "Unknown Len=%d\n", len);
 159:../src/middleware/bacnet/demo/handler/h_rp.c ****         }
 160:../src/middleware/bacnet/demo/handler/h_rp.c **** #endif
 161:../src/middleware/bacnet/demo/handler/h_rp.c ****     }
 162:../src/middleware/bacnet/demo/handler/h_rp.c **** 
 163:../src/middleware/bacnet/demo/handler/h_rp.c ****   RP_FAILURE:
 211              		.loc 1 163 3
 212 01ea 0100     		nop
 213              	.L3:
 164:../src/middleware/bacnet/demo/handler/h_rp.c ****     if (error) {
 214              		.loc 1 164 8
 215 01ec 834774FD 		lbu	a5,-41(s0)
 216 01f0 93F7F70F 		andi	a5,a5,0xff
 217 01f4 E5C7     		beq	a5,zero,.L8
 165:../src/middleware/bacnet/demo/handler/h_rp.c ****         if (len == BACNET_STATUS_ABORT) {
 218              		.loc 1 165 12
 219 01f6 8327C4FD 		lw	a5,-36(s0)
 220 01fa 1B870700 		sext.w	a4,a5
 221 01fe F957     		li	a5,-2
 222 0200 6315F704 		bne	a4,a5,.L9
 166:../src/middleware/bacnet/demo/handler/h_rp.c ****             apdu_len =
 167:../src/middleware/bacnet/demo/handler/h_rp.c ****                 abort_encode_apdu(&Handler_Transmit_Buffer[npdu_len],
 223              		.loc 1 167 17
 224 0204 0327C4FC 		lw	a4,-52(s0)
 225 0208 97070000 		lla	a5,Handler_Transmit_Buffer
 225      93870700 
 226 0210 B304F700 		add	s1,a4,a5
 227 0214 833704F5 		ld	a5,-176(s0)
 228 0218 03C9C700 		lbu	s2,12(a5)
 168:../src/middleware/bacnet/demo/handler/h_rp.c ****                 service_data->invoke_id,
 169:../src/middleware/bacnet/demo/handler/h_rp.c ****                 abort_convert_error_code(rpdata.error_code), true);
 229              		.loc 1 169 17
 230 021c 832704FC 		lw	a5,-64(s0)
 231 0220 3E85     		mv	a0,a5
 232 0222 97000000 		call	abort_convert_error_code
 232      E7800000 
 233 022a AA87     		mv	a5,a0
 234 022c 8127     		sext.w	a5,a5
 167:../src/middleware/bacnet/demo/handler/h_rp.c ****                 service_data->invoke_id,
 235              		.loc 1 167 17
 236 022e 93F7F70F 		andi	a5,a5,0xff
 237 0232 8546     		li	a3,1
 238 0234 3E86     		mv	a2,a5
 239 0236 CA85     		mv	a1,s2
 240 0238 2685     		mv	a0,s1
 241 023a 97000000 		call	abort_encode_apdu
 241      E7800000 
 242 0242 AA87     		mv	a5,a0
 243 0244 232CF4FC 		sw	a5,-40(s0)
 244 0248 51A8     		j	.L8
 245              	.L9:
 170:../src/middleware/bacnet/demo/handler/h_rp.c **** #if PRINT_ENABLED
 171:../src/middleware/bacnet/demo/handler/h_rp.c ****             fprintf(stderr, "RP: Sending Abort!\n");
 172:../src/middleware/bacnet/demo/handler/h_rp.c **** #endif
 173:../src/middleware/bacnet/demo/handler/h_rp.c ****         } else if (len == BACNET_STATUS_ERROR) {
 246              		.loc 1 173 19
 247 024a 8327C4FD 		lw	a5,-36(s0)
 248 024e 1B870700 		sext.w	a4,a5
 249 0252 FD57     		li	a5,-1
 250 0254 631CF702 		bne	a4,a5,.L10
 174:../src/middleware/bacnet/demo/handler/h_rp.c ****             apdu_len =
 175:../src/middleware/bacnet/demo/handler/h_rp.c ****                 bacerror_encode_apdu(&Handler_Transmit_Buffer[npdu_len],
 251              		.loc 1 175 17
 252 0258 0327C4FC 		lw	a4,-52(s0)
 253 025c 97070000 		lla	a5,Handler_Transmit_Buffer
 253      93870700 
 254 0264 3305F700 		add	a0,a4,a5
 255 0268 833704F5 		ld	a5,-176(s0)
 256 026c 83C7C700 		lbu	a5,12(a5)
 257 0270 8326C4FB 		lw	a3,-68(s0)
 258 0274 032704FC 		lw	a4,-64(s0)
 259 0278 3146     		li	a2,12
 260 027a BE85     		mv	a1,a5
 261 027c 97000000 		call	bacerror_encode_apdu
 261      E7800000 
 262 0284 AA87     		mv	a5,a0
 263 0286 232CF4FC 		sw	a5,-40(s0)
 264 028a 89A8     		j	.L8
 265              	.L10:
 176:../src/middleware/bacnet/demo/handler/h_rp.c ****                 service_data->invoke_id, SERVICE_CONFIRMED_READ_PROPERTY,
 177:../src/middleware/bacnet/demo/handler/h_rp.c ****                 rpdata.error_class, rpdata.error_code);
 178:../src/middleware/bacnet/demo/handler/h_rp.c **** #if PRINT_ENABLED
 179:../src/middleware/bacnet/demo/handler/h_rp.c ****             fprintf(stderr, "RP: Sending Error!\n");
 180:../src/middleware/bacnet/demo/handler/h_rp.c **** #endif
 181:../src/middleware/bacnet/demo/handler/h_rp.c ****         } else if (len == BACNET_STATUS_REJECT) {
 266              		.loc 1 181 19
 267 028c 8327C4FD 		lw	a5,-36(s0)
 268 0290 1B870700 		sext.w	a4,a5
 269 0294 F557     		li	a5,-3
 270 0296 6313F704 		bne	a4,a5,.L8
 182:../src/middleware/bacnet/demo/handler/h_rp.c ****             apdu_len =
 183:../src/middleware/bacnet/demo/handler/h_rp.c ****                 reject_encode_apdu(&Handler_Transmit_Buffer[npdu_len],
 271              		.loc 1 183 17
 272 029a 0327C4FC 		lw	a4,-52(s0)
 273 029e 97070000 		lla	a5,Handler_Transmit_Buffer
 273      93870700 
 274 02a6 B304F700 		add	s1,a4,a5
 275 02aa 833704F5 		ld	a5,-176(s0)
 276 02ae 03C9C700 		lbu	s2,12(a5)
 184:../src/middleware/bacnet/demo/handler/h_rp.c ****                 service_data->invoke_id,
 185:../src/middleware/bacnet/demo/handler/h_rp.c ****                 reject_convert_error_code(rpdata.error_code));
 277              		.loc 1 185 17
 278 02b2 832704FC 		lw	a5,-64(s0)
 279 02b6 3E85     		mv	a0,a5
 280 02b8 97000000 		call	reject_convert_error_code
 280      E7800000 
 281 02c0 AA87     		mv	a5,a0
 282 02c2 8127     		sext.w	a5,a5
 183:../src/middleware/bacnet/demo/handler/h_rp.c ****                 service_data->invoke_id,
 283              		.loc 1 183 17
 284 02c4 93F7F70F 		andi	a5,a5,0xff
 285 02c8 3E86     		mv	a2,a5
 286 02ca CA85     		mv	a1,s2
 287 02cc 2685     		mv	a0,s1
 288 02ce 97000000 		call	reject_encode_apdu
 288      E7800000 
 289 02d6 AA87     		mv	a5,a0
 290 02d8 232CF4FC 		sw	a5,-40(s0)
 291              	.L8:
 186:../src/middleware/bacnet/demo/handler/h_rp.c **** #if PRINT_ENABLED
 187:../src/middleware/bacnet/demo/handler/h_rp.c ****             fprintf(stderr, "RP: Sending Reject!\n");
 188:../src/middleware/bacnet/demo/handler/h_rp.c **** #endif
 189:../src/middleware/bacnet/demo/handler/h_rp.c ****         }
 190:../src/middleware/bacnet/demo/handler/h_rp.c ****     }
 191:../src/middleware/bacnet/demo/handler/h_rp.c **** 
 192:../src/middleware/bacnet/demo/handler/h_rp.c ****     pdu_len = npdu_len + apdu_len;
 292              		.loc 1 192 13
 293 02dc 0327C4FC 		lw	a4,-52(s0)
 294 02e0 832784FD 		lw	a5,-40(s0)
 295 02e4 B99F     		addw	a5,a4,a5
 296 02e6 2328F4FC 		sw	a5,-48(s0)
 193:../src/middleware/bacnet/demo/handler/h_rp.c ****     bytes_sent =
 194:../src/middleware/bacnet/demo/handler/h_rp.c ****         datalink_send_pdu(src, &npdu_data, &Handler_Transmit_Buffer[0],
 297              		.loc 1 194 9
 298 02ea 032704FD 		lw	a4,-48(s0)
 299 02ee 930704F9 		addi	a5,s0,-112
 300 02f2 BA86     		mv	a3,a4
 301 02f4 17060000 		lla	a2,Handler_Transmit_Buffer
 301      13060600 
 302 02fc BE85     		mv	a1,a5
 303 02fe 033584F5 		ld	a0,-168(s0)
 304 0302 97000000 		call	bip_send_pdu
 304      E7800000 
 305 030a AA87     		mv	a5,a0
 306 030c 2324F4FC 		sw	a5,-56(s0)
 195:../src/middleware/bacnet/demo/handler/h_rp.c ****         pdu_len);
 196:../src/middleware/bacnet/demo/handler/h_rp.c ****     if (bytes_sent <= 0) {
 197:../src/middleware/bacnet/demo/handler/h_rp.c **** #if PRINT_ENABLED
 198:../src/middleware/bacnet/demo/handler/h_rp.c ****         fprintf(stderr, "Failed to send PDU (%s)!\n", strerror(errno));
 199:../src/middleware/bacnet/demo/handler/h_rp.c **** #endif
 200:../src/middleware/bacnet/demo/handler/h_rp.c ****     }
 201:../src/middleware/bacnet/demo/handler/h_rp.c **** 
 202:../src/middleware/bacnet/demo/handler/h_rp.c ****     return;
 307              		.loc 1 202 5
 308 0310 0100     		nop
 203:../src/middleware/bacnet/demo/handler/h_rp.c **** }
 309              		.loc 1 203 1
 310 0312 AA70     		ld	ra,168(sp)
 311              		.cfi_restore 1
 312 0314 0A74     		ld	s0,160(sp)
 313              		.cfi_restore 8
 314              		.cfi_def_cfa 2, 176
 315 0316 EA64     		ld	s1,152(sp)
 316              		.cfi_restore 9
 317 0318 4A69     		ld	s2,144(sp)
 318              		.cfi_restore 18
 319 031a 4D61     		addi	sp,sp,176
 320              		.cfi_def_cfa_offset 0
 321 031c 8280     		jr	ra
 322              		.cfi_endproc
 323              	.LFE4:
 325              		.text
 326              	.Letext0:
 327              		.file 2 "c:\\microchip\\softconsole-v2022.2-risc-v-747\\riscv-unknown-elf-gcc\\riscv64-unknown-elf
 328              		.file 3 "c:\\microchip\\softconsole-v2022.2-risc-v-747\\riscv-unknown-elf-gcc\\riscv64-unknown-elf
 329              		.file 4 "c:\\microchip\\softconsole-v2022.2-risc-v-747\\riscv-unknown-elf-gcc\\lib\\gcc\\riscv64-u
 330              		.file 5 "c:\\microchip\\softconsole-v2022.2-risc-v-747\\riscv-unknown-elf-gcc\\riscv64-unknown-elf
 331              		.file 6 "c:\\microchip\\softconsole-v2022.2-risc-v-747\\riscv-unknown-elf-gcc\\riscv64-unknown-elf
 332              		.file 7 "c:\\microchip\\softconsole-v2022.2-risc-v-747\\riscv-unknown-elf-gcc\\riscv64-unknown-elf
 333              		.file 8 "c:\\microchip\\softconsole-v2022.2-risc-v-747\\riscv-unknown-elf-gcc\\riscv64-unknown-elf
 334              		.file 9 "C:\\Users\\zero6575\\Libero\\fpga_labor\\fpga_labor\\software\\mpfs-mac-mcc-stack\\src\\m
 335              		.file 10 "C:\\Users\\zero6575\\Libero\\fpga_labor\\fpga_labor\\software\\mpfs-mac-mcc-stack\\src\\
 336              		.file 11 "C:\\Users\\zero6575\\Libero\\fpga_labor\\fpga_labor\\software\\mpfs-mac-mcc-stack\\src\\
 337              		.file 12 "C:\\Users\\zero6575\\Libero\\fpga_labor\\fpga_labor\\software\\mpfs-mac-mcc-stack\\src\\
 338              		.file 13 "c:\\microchip\\softconsole-v2022.2-risc-v-747\\riscv-unknown-elf-gcc\\riscv64-unknown-el
 339              		.file 14 "C:\\Users\\zero6575\\Libero\\fpga_labor\\fpga_labor\\software\\mpfs-mac-mcc-stack\\src\\
 340              		.file 15 "C:\\Users\\zero6575\\Libero\\fpga_labor\\fpga_labor\\software\\mpfs-mac-mcc-stack\\src\\
 341              		.file 16 "C:\\Users\\zero6575\\Libero\\fpga_labor\\fpga_labor\\software\\mpfs-mac-mcc-stack\\src\\
DEFINED SYMBOLS
                            *ABS*:0000000000000000 h_rp.c
C:\Users\zero6575\AppData\Local\Temp\ccC1ASpA.s:13     .text.handler_read_property:0000000000000000 handler_read_property
C:\Users\zero6575\AppData\Local\Temp\ccC1ASpA.s:17     .text.handler_read_property:0000000000000000 .L0 
C:\Users\zero6575\AppData\Local\Temp\ccC1ASpA.s:18     .text.handler_read_property:0000000000000000 .L0 
C:\Users\zero6575\AppData\Local\Temp\ccC1ASpA.s:19     .text.handler_read_property:0000000000000002 .L0 
C:\Users\zero6575\AppData\Local\Temp\ccC1ASpA.s:24     .text.handler_read_property:000000000000000a .L0 
C:\Users\zero6575\AppData\Local\Temp\ccC1ASpA.s:25     .text.handler_read_property:000000000000000a .L0 
C:\Users\zero6575\AppData\Local\Temp\ccC1ASpA.s:26     .text.handler_read_property:000000000000000a .L0 
C:\Users\zero6575\AppData\Local\Temp\ccC1ASpA.s:27     .text.handler_read_property:000000000000000a .L0 
C:\Users\zero6575\AppData\Local\Temp\ccC1ASpA.s:29     .text.handler_read_property:000000000000000c .L0 
C:\Users\zero6575\AppData\Local\Temp\ccC1ASpA.s:36     .text.handler_read_property:000000000000001e .L0 
C:\Users\zero6575\AppData\Local\Temp\ccC1ASpA.s:38     .text.handler_read_property:0000000000000022 .L0 
C:\Users\zero6575\AppData\Local\Temp\ccC1ASpA.s:40     .text.handler_read_property:0000000000000026 .L0 
C:\Users\zero6575\AppData\Local\Temp\ccC1ASpA.s:43     .text.handler_read_property:000000000000002c .L0 
C:\Users\zero6575\AppData\Local\Temp\ccC1ASpA.s:46     .text.handler_read_property:0000000000000032 .L0 
C:\Users\zero6575\AppData\Local\Temp\ccC1ASpA.s:49     .text.handler_read_property:0000000000000038 .L0 
C:\Users\zero6575\AppData\Local\Temp\ccC1ASpA.s:51     .text.handler_read_property:000000000000003c .L0 
C:\Users\zero6575\AppData\Local\Temp\ccC1ASpA.s:54     .text.handler_read_property:0000000000000044 .L0 
C:\Users\zero6575\AppData\Local\Temp\ccC1ASpA.s:58     .text.handler_read_property:0000000000000052 .L0 
C:\Users\zero6575\AppData\Local\Temp\ccC1ASpA.s:64     .text.handler_read_property:0000000000000064 .L0 
C:\Users\zero6575\AppData\Local\Temp\ccC1ASpA.s:74     .text.handler_read_property:000000000000008a .L0 
C:\Users\zero6575\AppData\Local\Temp\ccC1ASpA.s:77     .text.handler_read_property:0000000000000092 .L0 
C:\Users\zero6575\AppData\Local\Temp\ccC1ASpA.s:79     .text.handler_read_property:0000000000000094 .L0 
C:\Users\zero6575\AppData\Local\Temp\ccC1ASpA.s:82     .text.handler_read_property:000000000000009a .L0 
C:\Users\zero6575\AppData\Local\Temp\ccC1ASpA.s:85     .text.handler_read_property:000000000000009c .L0 
C:\Users\zero6575\AppData\Local\Temp\ccC1ASpA.s:95     .text.handler_read_property:00000000000000bc .L0 
C:\Users\zero6575\AppData\Local\Temp\ccC1ASpA.s:99     .text.handler_read_property:00000000000000c6 .L0 
C:\Users\zero6575\AppData\Local\Temp\ccC1ASpA.s:102    .text.handler_read_property:00000000000000cc .L0 
C:\Users\zero6575\AppData\Local\Temp\ccC1ASpA.s:105    .text.handler_read_property:00000000000000ce .L0 
C:\Users\zero6575\AppData\Local\Temp\ccC1ASpA.s:107    .text.handler_read_property:00000000000000d2 .L0 
C:\Users\zero6575\AppData\Local\Temp\ccC1ASpA.s:111    .text.handler_read_property:00000000000000da .L0 
C:\Users\zero6575\AppData\Local\Temp\ccC1ASpA.s:113    .text.handler_read_property:00000000000000de .L0 
C:\Users\zero6575\AppData\Local\Temp\ccC1ASpA.s:118    .text.handler_read_property:00000000000000ea .L0 
C:\Users\zero6575\AppData\Local\Temp\ccC1ASpA.s:122    .text.handler_read_property:00000000000000f6 .L0 
C:\Users\zero6575\AppData\Local\Temp\ccC1ASpA.s:125    .text.handler_read_property:00000000000000fa .L0 
C:\Users\zero6575\AppData\Local\Temp\ccC1ASpA.s:138    .text.handler_read_property:0000000000000128 .L0 
C:\Users\zero6575\AppData\Local\Temp\ccC1ASpA.s:143    .text.handler_read_property:0000000000000136 .L0 
C:\Users\zero6575\AppData\Local\Temp\ccC1ASpA.s:146    .text.handler_read_property:0000000000000140 .L0 
C:\Users\zero6575\AppData\Local\Temp\ccC1ASpA.s:148    .text.handler_read_property:0000000000000144 .L0 
C:\Users\zero6575\AppData\Local\Temp\ccC1ASpA.s:154    .text.handler_read_property:0000000000000152 .L0 
C:\Users\zero6575\AppData\Local\Temp\ccC1ASpA.s:159    .text.handler_read_property:000000000000015e .L0 
C:\Users\zero6575\AppData\Local\Temp\ccC1ASpA.s:161    .text.handler_read_property:0000000000000162 .L0 
C:\Users\zero6575\AppData\Local\Temp\ccC1ASpA.s:167    .text.handler_read_property:0000000000000176 .L0 
C:\Users\zero6575\AppData\Local\Temp\ccC1ASpA.s:171    .text.handler_read_property:0000000000000180 .L0 
C:\Users\zero6575\AppData\Local\Temp\ccC1ASpA.s:176    .text.handler_read_property:000000000000018e .L0 
C:\Users\zero6575\AppData\Local\Temp\ccC1ASpA.s:181    .text.handler_read_property:000000000000019c .L0 
C:\Users\zero6575\AppData\Local\Temp\ccC1ASpA.s:188    .text.handler_read_property:00000000000001b6 .L0 
C:\Users\zero6575\AppData\Local\Temp\ccC1ASpA.s:193    .text.handler_read_property:00000000000001c4 .L0 
C:\Users\zero6575\AppData\Local\Temp\ccC1ASpA.s:196    .text.handler_read_property:00000000000001ca .L0 
C:\Users\zero6575\AppData\Local\Temp\ccC1ASpA.s:200    .text.handler_read_property:00000000000001d4 .L0 
C:\Users\zero6575\AppData\Local\Temp\ccC1ASpA.s:203    .text.handler_read_property:00000000000001dc .L0 
C:\Users\zero6575\AppData\Local\Temp\ccC1ASpA.s:208    .text.handler_read_property:00000000000001e4 .L0 
C:\Users\zero6575\AppData\Local\Temp\ccC1ASpA.s:212    .text.handler_read_property:00000000000001ea .L0 
C:\Users\zero6575\AppData\Local\Temp\ccC1ASpA.s:215    .text.handler_read_property:00000000000001ec .L0 
C:\Users\zero6575\AppData\Local\Temp\ccC1ASpA.s:219    .text.handler_read_property:00000000000001f6 .L0 
C:\Users\zero6575\AppData\Local\Temp\ccC1ASpA.s:224    .text.handler_read_property:0000000000000204 .L0 
C:\Users\zero6575\AppData\Local\Temp\ccC1ASpA.s:230    .text.handler_read_property:000000000000021c .L0 
C:\Users\zero6575\AppData\Local\Temp\ccC1ASpA.s:236    .text.handler_read_property:000000000000022e .L0 
C:\Users\zero6575\AppData\Local\Temp\ccC1ASpA.s:247    .text.handler_read_property:000000000000024a .L0 
C:\Users\zero6575\AppData\Local\Temp\ccC1ASpA.s:252    .text.handler_read_property:0000000000000258 .L0 
C:\Users\zero6575\AppData\Local\Temp\ccC1ASpA.s:267    .text.handler_read_property:000000000000028c .L0 
C:\Users\zero6575\AppData\Local\Temp\ccC1ASpA.s:272    .text.handler_read_property:000000000000029a .L0 
C:\Users\zero6575\AppData\Local\Temp\ccC1ASpA.s:278    .text.handler_read_property:00000000000002b2 .L0 
C:\Users\zero6575\AppData\Local\Temp\ccC1ASpA.s:284    .text.handler_read_property:00000000000002c4 .L0 
C:\Users\zero6575\AppData\Local\Temp\ccC1ASpA.s:293    .text.handler_read_property:00000000000002dc .L0 
C:\Users\zero6575\AppData\Local\Temp\ccC1ASpA.s:298    .text.handler_read_property:00000000000002ea .L0 
C:\Users\zero6575\AppData\Local\Temp\ccC1ASpA.s:308    .text.handler_read_property:0000000000000310 .L0 
C:\Users\zero6575\AppData\Local\Temp\ccC1ASpA.s:310    .text.handler_read_property:0000000000000312 .L0 
C:\Users\zero6575\AppData\Local\Temp\ccC1ASpA.s:311    .text.handler_read_property:0000000000000314 .L0 
C:\Users\zero6575\AppData\Local\Temp\ccC1ASpA.s:313    .text.handler_read_property:0000000000000316 .L0 
C:\Users\zero6575\AppData\Local\Temp\ccC1ASpA.s:314    .text.handler_read_property:0000000000000316 .L0 
C:\Users\zero6575\AppData\Local\Temp\ccC1ASpA.s:316    .text.handler_read_property:0000000000000318 .L0 
C:\Users\zero6575\AppData\Local\Temp\ccC1ASpA.s:318    .text.handler_read_property:000000000000031a .L0 
C:\Users\zero6575\AppData\Local\Temp\ccC1ASpA.s:320    .text.handler_read_property:000000000000031c .L0 
C:\Users\zero6575\AppData\Local\Temp\ccC1ASpA.s:322    .text.handler_read_property:000000000000031e .L0 
C:\Users\zero6575\AppData\Local\Temp\ccC1ASpA.s:325    .text.handler_read_property:000000000000031e .L0 
                     .debug_frame:0000000000000000 .L0 
C:\Users\zero6575\AppData\Local\Temp\ccC1ASpA.s:69     .text.handler_read_property:0000000000000074 .L0 
C:\Users\zero6575\AppData\Local\Temp\ccC1ASpA.s:126    .text.handler_read_property:00000000000000fe .L0 
C:\Users\zero6575\AppData\Local\Temp\ccC1ASpA.s:143    .text.handler_read_property:0000000000000136 .L0 
C:\Users\zero6575\AppData\Local\Temp\ccC1ASpA.s:181    .text.handler_read_property:000000000000019c .L0 
C:\Users\zero6575\AppData\Local\Temp\ccC1ASpA.s:225    .text.handler_read_property:0000000000000208 .L0 
C:\Users\zero6575\AppData\Local\Temp\ccC1ASpA.s:253    .text.handler_read_property:000000000000025c .L0 
C:\Users\zero6575\AppData\Local\Temp\ccC1ASpA.s:273    .text.handler_read_property:000000000000029e .L0 
C:\Users\zero6575\AppData\Local\Temp\ccC1ASpA.s:301    .text.handler_read_property:00000000000002f4 .L0 
C:\Users\zero6575\AppData\Local\Temp\ccC1ASpA.s:83     .text.handler_read_property:000000000000009c .L2
C:\Users\zero6575\AppData\Local\Temp\ccC1ASpA.s:213    .text.handler_read_property:00000000000001ec .L3
C:\Users\zero6575\AppData\Local\Temp\ccC1ASpA.s:103    .text.handler_read_property:00000000000000ce .L4
C:\Users\zero6575\AppData\Local\Temp\ccC1ASpA.s:123    .text.handler_read_property:00000000000000fa .L5
C:\Users\zero6575\AppData\Local\Temp\ccC1ASpA.s:210    .text.handler_read_property:00000000000001ea .L12
C:\Users\zero6575\AppData\Local\Temp\ccC1ASpA.s:206    .text.handler_read_property:00000000000001e4 .L6
C:\Users\zero6575\AppData\Local\Temp\ccC1ASpA.s:291    .text.handler_read_property:00000000000002dc .L8
C:\Users\zero6575\AppData\Local\Temp\ccC1ASpA.s:245    .text.handler_read_property:000000000000024a .L9
C:\Users\zero6575\AppData\Local\Temp\ccC1ASpA.s:265    .text.handler_read_property:000000000000028c .L10
C:\Users\zero6575\AppData\Local\Temp\ccC1ASpA.s:4345   .debug_abbrev:0000000000000000 .Ldebug_abbrev0
C:\Users\zero6575\AppData\Local\Temp\ccC1ASpA.s:11087  .debug_str:0000000000005023 .LASF2148
C:\Users\zero6575\AppData\Local\Temp\ccC1ASpA.s:10019  .debug_str:0000000000001636 .LASF2149
C:\Users\zero6575\AppData\Local\Temp\ccC1ASpA.s:10591  .debug_str:000000000000347c .LASF2150
C:\Users\zero6575\AppData\Local\Temp\ccC1ASpA.s:4923   .debug_ranges:0000000000000000 .Ldebug_ranges0
C:\Users\zero6575\AppData\Local\Temp\ccC1ASpA.s:9545   .debug_line:0000000000000000 .Ldebug_line0
C:\Users\zero6575\AppData\Local\Temp\ccC1ASpA.s:4929   .debug_macro:0000000000000000 .Ldebug_macro0
C:\Users\zero6575\AppData\Local\Temp\ccC1ASpA.s:12157  .debug_str:000000000000870d .LASF1228
C:\Users\zero6575\AppData\Local\Temp\ccC1ASpA.s:12369  .debug_str:0000000000009204 .LASF1229
C:\Users\zero6575\AppData\Local\Temp\ccC1ASpA.s:13413  .debug_str:000000000000c567 .LASF1230
C:\Users\zero6575\AppData\Local\Temp\ccC1ASpA.s:12329  .debug_str:0000000000008ffe .LASF1231
C:\Users\zero6575\AppData\Local\Temp\ccC1ASpA.s:11867  .debug_str:0000000000007826 .LASF1232
C:\Users\zero6575\AppData\Local\Temp\ccC1ASpA.s:9649   .debug_str:00000000000004c6 .LASF1235
C:\Users\zero6575\AppData\Local\Temp\ccC1ASpA.s:10079  .debug_str:00000000000018f7 .LASF1233
C:\Users\zero6575\AppData\Local\Temp\ccC1ASpA.s:13753  .debug_str:000000000000d77a .LASF1234
C:\Users\zero6575\AppData\Local\Temp\ccC1ASpA.s:10453  .debug_str:0000000000002de8 .LASF1236
C:\Users\zero6575\AppData\Local\Temp\ccC1ASpA.s:11863  .debug_str:00000000000077f6 .LASF1237
C:\Users\zero6575\AppData\Local\Temp\ccC1ASpA.s:12919  .debug_str:000000000000aca5 .LASF1238
C:\Users\zero6575\AppData\Local\Temp\ccC1ASpA.s:13693  .debug_str:000000000000d409 .LASF1239
C:\Users\zero6575\AppData\Local\Temp\ccC1ASpA.s:11109  .debug_str:00000000000051b1 .LASF1240
C:\Users\zero6575\AppData\Local\Temp\ccC1ASpA.s:9807   .debug_str:0000000000000b83 .LASF1241
C:\Users\zero6575\AppData\Local\Temp\ccC1ASpA.s:12279  .debug_str:0000000000008d92 .LASF1242
C:\Users\zero6575\AppData\Local\Temp\ccC1ASpA.s:11265  .debug_str:000000000000594c .LASF1243
C:\Users\zero6575\AppData\Local\Temp\ccC1ASpA.s:11069  .debug_str:0000000000004f32 .LASF1244
C:\Users\zero6575\AppData\Local\Temp\ccC1ASpA.s:12803  .debug_str:000000000000a7c6 .LASF1245
C:\Users\zero6575\AppData\Local\Temp\ccC1ASpA.s:11689  .debug_str:0000000000006ef6 .LASF1246
C:\Users\zero6575\AppData\Local\Temp\ccC1ASpA.s:12087  .debug_str:0000000000008344 .LASF1247
C:\Users\zero6575\AppData\Local\Temp\ccC1ASpA.s:11243  .debug_str:000000000000586a .LASF1248
C:\Users\zero6575\AppData\Local\Temp\ccC1ASpA.s:11107  .debug_str:00000000000051a9 .LASF1249
C:\Users\zero6575\AppData\Local\Temp\ccC1ASpA.s:12943  .debug_str:000000000000addb .LASF1250
C:\Users\zero6575\AppData\Local\Temp\ccC1ASpA.s:12873  .debug_str:000000000000aa91 .LASF1251
C:\Users\zero6575\AppData\Local\Temp\ccC1ASpA.s:11713  .debug_str:000000000000702c .LASF1252
C:\Users\zero6575\AppData\Local\Temp\ccC1ASpA.s:12135  .debug_str:0000000000008607 .LASF1253
C:\Users\zero6575\AppData\Local\Temp\ccC1ASpA.s:13337  .debug_str:000000000000c1ab .LASF1254
C:\Users\zero6575\AppData\Local\Temp\ccC1ASpA.s:12525  .debug_str:00000000000099c0 .LASF1259
C:\Users\zero6575\AppData\Local\Temp\ccC1ASpA.s:11407  .debug_str:000000000000608f .LASF1255
C:\Users\zero6575\AppData\Local\Temp\ccC1ASpA.s:12297  .debug_str:0000000000008e4f .LASF1256
C:\Users\zero6575\AppData\Local\Temp\ccC1ASpA.s:13615  .debug_str:000000000000d083 .LASF1257
C:\Users\zero6575\AppData\Local\Temp\ccC1ASpA.s:10627  .debug_str:0000000000003661 .LASF1258
C:\Users\zero6575\AppData\Local\Temp\ccC1ASpA.s:10371  .debug_str:0000000000002a4c .LASF1260
C:\Users\zero6575\AppData\Local\Temp\ccC1ASpA.s:11551  .debug_str:00000000000067f7 .LASF1261
C:\Users\zero6575\AppData\Local\Temp\ccC1ASpA.s:13625  .debug_str:000000000000d0e6 .LASF1262
C:\Users\zero6575\AppData\Local\Temp\ccC1ASpA.s:11253  .debug_str:00000000000058b6 .LASF1263
C:\Users\zero6575\AppData\Local\Temp\ccC1ASpA.s:11323  .debug_str:0000000000005bce .LASF1264
C:\Users\zero6575\AppData\Local\Temp\ccC1ASpA.s:9757   .debug_str:00000000000009c3 .LASF1265
C:\Users\zero6575\AppData\Local\Temp\ccC1ASpA.s:10823  .debug_str:000000000000423f .LASF1266
C:\Users\zero6575\AppData\Local\Temp\ccC1ASpA.s:10567  .debug_str:000000000000337d .LASF1267
C:\Users\zero6575\AppData\Local\Temp\ccC1ASpA.s:10411  .debug_str:0000000000002c18 .LASF1268
C:\Users\zero6575\AppData\Local\Temp\ccC1ASpA.s:10571  .debug_str:000000000000339f .LASF1269
C:\Users\zero6575\AppData\Local\Temp\ccC1ASpA.s:11561  .debug_str:000000000000689f .LASF1270
C:\Users\zero6575\AppData\Local\Temp\ccC1ASpA.s:11347  .debug_str:0000000000005d11 .LASF1271
C:\Users\zero6575\AppData\Local\Temp\ccC1ASpA.s:10545  .debug_str:000000000000322f .LASF1272
C:\Users\zero6575\AppData\Local\Temp\ccC1ASpA.s:9761   .debug_str:00000000000009dd .LASF1273
C:\Users\zero6575\AppData\Local\Temp\ccC1ASpA.s:12953  .debug_str:000000000000ae5e .LASF1274
C:\Users\zero6575\AppData\Local\Temp\ccC1ASpA.s:9687   .debug_str:00000000000006bc .LASF1275
C:\Users\zero6575\AppData\Local\Temp\ccC1ASpA.s:9781   .debug_str:0000000000000a7b .LASF1276
C:\Users\zero6575\AppData\Local\Temp\ccC1ASpA.s:12847  .debug_str:000000000000a972 .LASF1277
C:\Users\zero6575\AppData\Local\Temp\ccC1ASpA.s:9547   .debug_str:0000000000000000 .LASF1278
C:\Users\zero6575\AppData\Local\Temp\ccC1ASpA.s:12017  .debug_str:0000000000007f61 .LASF1279
C:\Users\zero6575\AppData\Local\Temp\ccC1ASpA.s:10307  .debug_str:0000000000002721 .LASF1280
C:\Users\zero6575\AppData\Local\Temp\ccC1ASpA.s:10683  .debug_str:0000000000003902 .LASF1281
C:\Users\zero6575\AppData\Local\Temp\ccC1ASpA.s:10059  .debug_str:00000000000017f9 .LASF1282
C:\Users\zero6575\AppData\Local\Temp\ccC1ASpA.s:9833   .debug_str:0000000000000cf4 .LASF1283
C:\Users\zero6575\AppData\Local\Temp\ccC1ASpA.s:12805  .debug_str:000000000000a7ce .LASF1284
C:\Users\zero6575\AppData\Local\Temp\ccC1ASpA.s:10137  .debug_str:0000000000001c4d .LASF1285
C:\Users\zero6575\AppData\Local\Temp\ccC1ASpA.s:10201  .debug_str:00000000000021db .LASF1286
C:\Users\zero6575\AppData\Local\Temp\ccC1ASpA.s:10267  .debug_str:000000000000250d .LASF1287
C:\Users\zero6575\AppData\Local\Temp\ccC1ASpA.s:11307  .debug_str:0000000000005b44 .LASF1288
C:\Users\zero6575\AppData\Local\Temp\ccC1ASpA.s:10941  .debug_str:000000000000490e .LASF1289
C:\Users\zero6575\AppData\Local\Temp\ccC1ASpA.s:10593  .debug_str:00000000000034de .LASF1290
C:\Users\zero6575\AppData\Local\Temp\ccC1ASpA.s:10531  .debug_str:00000000000031ad .LASF1291
C:\Users\zero6575\AppData\Local\Temp\ccC1ASpA.s:9779   .debug_str:0000000000000a76 .LASF1292
C:\Users\zero6575\AppData\Local\Temp\ccC1ASpA.s:12233  .debug_str:0000000000008afe .LASF1293
C:\Users\zero6575\AppData\Local\Temp\ccC1ASpA.s:13293  .debug_str:000000000000bf86 .LASF1294
C:\Users\zero6575\AppData\Local\Temp\ccC1ASpA.s:13263  .debug_str:000000000000bd97 .LASF1295
C:\Users\zero6575\AppData\Local\Temp\ccC1ASpA.s:13453  .debug_str:000000000000c753 .LASF1296
C:\Users\zero6575\AppData\Local\Temp\ccC1ASpA.s:12755  .debug_str:000000000000a56e .LASF1297
C:\Users\zero6575\AppData\Local\Temp\ccC1ASpA.s:13175  .debug_str:000000000000b984 .LASF1298
C:\Users\zero6575\AppData\Local\Temp\ccC1ASpA.s:9869   .debug_str:0000000000000f4d .LASF1299
C:\Users\zero6575\AppData\Local\Temp\ccC1ASpA.s:11165  .debug_str:00000000000054e0 .LASF1300
C:\Users\zero6575\AppData\Local\Temp\ccC1ASpA.s:13697  .debug_str:000000000000d42d .LASF1301
C:\Users\zero6575\AppData\Local\Temp\ccC1ASpA.s:11093  .debug_str:0000000000005112 .LASF1302
C:\Users\zero6575\AppData\Local\Temp\ccC1ASpA.s:12081  .debug_str:000000000000830e .LASF1303
C:\Users\zero6575\AppData\Local\Temp\ccC1ASpA.s:9879   .debug_str:0000000000000fb9 .LASF1304
C:\Users\zero6575\AppData\Local\Temp\ccC1ASpA.s:12745  .debug_str:000000000000a538 .LASF1305
C:\Users\zero6575\AppData\Local\Temp\ccC1ASpA.s:10293  .debug_str:0000000000002661 .LASF1306
C:\Users\zero6575\AppData\Local\Temp\ccC1ASpA.s:10635  .debug_str:0000000000003692 .LASF1307
C:\Users\zero6575\AppData\Local\Temp\ccC1ASpA.s:11419  .debug_str:0000000000006105 .LASF1308
C:\Users\zero6575\AppData\Local\Temp\ccC1ASpA.s:12837  .debug_str:000000000000a92a .LASF1309
C:\Users\zero6575\AppData\Local\Temp\ccC1ASpA.s:11433  .debug_str:0000000000006198 .LASF1310
C:\Users\zero6575\AppData\Local\Temp\ccC1ASpA.s:13777  .debug_str:000000000000d883 .LASF1311
C:\Users\zero6575\AppData\Local\Temp\ccC1ASpA.s:10725  .debug_str:0000000000003b91 .LASF1312
C:\Users\zero6575\AppData\Local\Temp\ccC1ASpA.s:11831  .debug_str:00000000000076bc .LASF1313
C:\Users\zero6575\AppData\Local\Temp\ccC1ASpA.s:12441  .debug_str:00000000000095c5 .LASF1314
C:\Users\zero6575\AppData\Local\Temp\ccC1ASpA.s:12727  .debug_str:000000000000a46c .LASF1315
C:\Users\zero6575\AppData\Local\Temp\ccC1ASpA.s:9935   .debug_str:0000000000001257 .LASF1316
C:\Users\zero6575\AppData\Local\Temp\ccC1ASpA.s:12717  .debug_str:000000000000a40a .LASF1317
C:\Users\zero6575\AppData\Local\Temp\ccC1ASpA.s:11979  .debug_str:0000000000007d31 .LASF1318
C:\Users\zero6575\AppData\Local\Temp\ccC1ASpA.s:9933   .debug_str:0000000000001251 .LASF1319
C:\Users\zero6575\AppData\Local\Temp\ccC1ASpA.s:9683   .debug_str:0000000000000692 .LASF1320
C:\Users\zero6575\AppData\Local\Temp\ccC1ASpA.s:13423  .debug_str:000000000000c5dc .LASF1321
C:\Users\zero6575\AppData\Local\Temp\ccC1ASpA.s:12449  .debug_str:0000000000009622 .LASF439
C:\Users\zero6575\AppData\Local\Temp\ccC1ASpA.s:13597  .debug_str:000000000000cfb3 .LASF1322
C:\Users\zero6575\AppData\Local\Temp\ccC1ASpA.s:12459  .debug_str:000000000000967c .LASF1323
C:\Users\zero6575\AppData\Local\Temp\ccC1ASpA.s:11285  .debug_str:0000000000005a62 .LASF1324
C:\Users\zero6575\AppData\Local\Temp\ccC1ASpA.s:12231  .debug_str:0000000000008af8 .LASF1325
C:\Users\zero6575\AppData\Local\Temp\ccC1ASpA.s:13797  .debug_str:000000000000d938 .LASF1326
C:\Users\zero6575\AppData\Local\Temp\ccC1ASpA.s:11827  .debug_str:0000000000007699 .LASF1327
C:\Users\zero6575\AppData\Local\Temp\ccC1ASpA.s:10861  .debug_str:00000000000044e2 .LASF1328
C:\Users\zero6575\AppData\Local\Temp\ccC1ASpA.s:10055  .debug_str:00000000000017ea .LASF1329
C:\Users\zero6575\AppData\Local\Temp\ccC1ASpA.s:12253  .debug_str:0000000000008ba9 .LASF1330
C:\Users\zero6575\AppData\Local\Temp\ccC1ASpA.s:13141  .debug_str:000000000000b7cc .LASF1331
C:\Users\zero6575\AppData\Local\Temp\ccC1ASpA.s:12965  .debug_str:000000000000aec0 .LASF1332
C:\Users\zero6575\AppData\Local\Temp\ccC1ASpA.s:10533  .debug_str:00000000000031b5 .LASF1333
C:\Users\zero6575\AppData\Local\Temp\ccC1ASpA.s:10527  .debug_str:0000000000003180 .LASF1334
C:\Users\zero6575\AppData\Local\Temp\ccC1ASpA.s:12985  .debug_str:000000000000afb7 .LASF1335
C:\Users\zero6575\AppData\Local\Temp\ccC1ASpA.s:11933  .debug_str:0000000000007b3c .LASF1336
C:\Users\zero6575\AppData\Local\Temp\ccC1ASpA.s:12533  .debug_str:0000000000009a23 .LASF1337
C:\Users\zero6575\AppData\Local\Temp\ccC1ASpA.s:11775  .debug_str:00000000000073e8 .LASF1338
C:\Users\zero6575\AppData\Local\Temp\ccC1ASpA.s:12743  .debug_str:000000000000a52b .LASF1339
C:\Users\zero6575\AppData\Local\Temp\ccC1ASpA.s:12179  .debug_str:00000000000087e6 .LASF1340
C:\Users\zero6575\AppData\Local\Temp\ccC1ASpA.s:10321  .debug_str:0000000000002817 .LASF1341
C:\Users\zero6575\AppData\Local\Temp\ccC1ASpA.s:12029  .debug_str:0000000000007fef .LASF1342
C:\Users\zero6575\AppData\Local\Temp\ccC1ASpA.s:12613  .debug_str:0000000000009e39 .LASF1343
C:\Users\zero6575\AppData\Local\Temp\ccC1ASpA.s:10891  .debug_str:00000000000045fc .LASF1344
C:\Users\zero6575\AppData\Local\Temp\ccC1ASpA.s:11245  .debug_str:0000000000005871 .LASF1345
C:\Users\zero6575\AppData\Local\Temp\ccC1ASpA.s:10619  .debug_str:0000000000003615 .LASF1346
C:\Users\zero6575\AppData\Local\Temp\ccC1ASpA.s:11617  .debug_str:0000000000006b0d .LASF1347
C:\Users\zero6575\AppData\Local\Temp\ccC1ASpA.s:12103  .debug_str:000000000000842e .LASF1348
C:\Users\zero6575\AppData\Local\Temp\ccC1ASpA.s:12747  .debug_str:000000000000a540 .LASF2151
C:\Users\zero6575\AppData\Local\Temp\ccC1ASpA.s:10663  .debug_str:0000000000003810 .LASF1349
C:\Users\zero6575\AppData\Local\Temp\ccC1ASpA.s:13345  .debug_str:000000000000c1ee .LASF1350
C:\Users\zero6575\AppData\Local\Temp\ccC1ASpA.s:13265  .debug_str:000000000000bdb0 .LASF1351
C:\Users\zero6575\AppData\Local\Temp\ccC1ASpA.s:12711  .debug_str:000000000000a3cc .LASF1352
C:\Users\zero6575\AppData\Local\Temp\ccC1ASpA.s:13253  .debug_str:000000000000bd14 .LASF1353
C:\Users\zero6575\AppData\Local\Temp\ccC1ASpA.s:9769   .debug_str:0000000000000a14 .LASF1354
C:\Users\zero6575\AppData\Local\Temp\ccC1ASpA.s:9571   .debug_str:0000000000000119 .LASF1355
C:\Users\zero6575\AppData\Local\Temp\ccC1ASpA.s:13317  .debug_str:000000000000c0a7 .LASF1356
C:\Users\zero6575\AppData\Local\Temp\ccC1ASpA.s:13055  .debug_str:000000000000b39f .LASF1357
C:\Users\zero6575\AppData\Local\Temp\ccC1ASpA.s:12859  .debug_str:000000000000a9ed .LASF1358
C:\Users\zero6575\AppData\Local\Temp\ccC1ASpA.s:12955  .debug_str:000000000000ae66 .LASF1359
C:\Users\zero6575\AppData\Local\Temp\ccC1ASpA.s:11147  .debug_str:00000000000053e6 .LASF1360
C:\Users\zero6575\AppData\Local\Temp\ccC1ASpA.s:12427  .debug_str:000000000000951b .LASF1361
C:\Users\zero6575\AppData\Local\Temp\ccC1ASpA.s:10887  .debug_str:00000000000045d9 .LASF1362
C:\Users\zero6575\AppData\Local\Temp\ccC1ASpA.s:10819  .debug_str:0000000000004216 .LASF1363
C:\Users\zero6575\AppData\Local\Temp\ccC1ASpA.s:12979  .debug_str:000000000000af67 .LASF1364
C:\Users\zero6575\AppData\Local\Temp\ccC1ASpA.s:11425  .debug_str:000000000000614f .LASF1365
C:\Users\zero6575\AppData\Local\Temp\ccC1ASpA.s:11211  .debug_str:00000000000056fd .LASF1366
C:\Users\zero6575\AppData\Local\Temp\ccC1ASpA.s:13225  .debug_str:000000000000bbd5 .LASF1367
C:\Users\zero6575\AppData\Local\Temp\ccC1ASpA.s:11927  .debug_str:0000000000007afc .LASF1368
C:\Users\zero6575\AppData\Local\Temp\ccC1ASpA.s:10661  .debug_str:00000000000037ee .LASF1369
C:\Users\zero6575\AppData\Local\Temp\ccC1ASpA.s:13173  .debug_str:000000000000b977 .LASF1370
C:\Users\zero6575\AppData\Local\Temp\ccC1ASpA.s:9741   .debug_str:0000000000000935 .LASF1371
C:\Users\zero6575\AppData\Local\Temp\ccC1ASpA.s:10015  .debug_str:00000000000015f7 .LASF1372
C:\Users\zero6575\AppData\Local\Temp\ccC1ASpA.s:12535  .debug_str:0000000000009a2f .LASF1373
C:\Users\zero6575\AppData\Local\Temp\ccC1ASpA.s:11773  .debug_str:00000000000073d0 .LASF1374
C:\Users\zero6575\AppData\Local\Temp\ccC1ASpA.s:10907  .debug_str:00000000000046e1 .LASF1375
C:\Users\zero6575\AppData\Local\Temp\ccC1ASpA.s:11969  .debug_str:0000000000007cc4 .LASF1376
C:\Users\zero6575\AppData\Local\Temp\ccC1ASpA.s:10875  .debug_str:0000000000004556 .LASF1377
C:\Users\zero6575\AppData\Local\Temp\ccC1ASpA.s:12337  .debug_str:0000000000009061 .LASF1378
C:\Users\zero6575\AppData\Local\Temp\ccC1ASpA.s:11221  .debug_str:0000000000005776 .LASF1379
C:\Users\zero6575\AppData\Local\Temp\ccC1ASpA.s:12735  .debug_str:000000000000a4cd .LASF1380
C:\Users\zero6575\AppData\Local\Temp\ccC1ASpA.s:10443  .debug_str:0000000000002d85 .LASF1381
C:\Users\zero6575\AppData\Local\Temp\ccC1ASpA.s:10009  .debug_str:00000000000015bb .LASF1382
C:\Users\zero6575\AppData\Local\Temp\ccC1ASpA.s:10121  .debug_str:0000000000001b9b .LASF1383
C:\Users\zero6575\AppData\Local\Temp\ccC1ASpA.s:10455  .debug_str:0000000000002df3 .LASF1384
C:\Users\zero6575\AppData\Local\Temp\ccC1ASpA.s:10803  .debug_str:0000000000003f9f .LASF1385
C:\Users\zero6575\AppData\Local\Temp\ccC1ASpA.s:11885  .debug_str:00000000000078fd .LASF1386
C:\Users\zero6575\AppData\Local\Temp\ccC1ASpA.s:13091  .debug_str:000000000000b571 .LASF1387
C:\Users\zero6575\AppData\Local\Temp\ccC1ASpA.s:10049  .debug_str:00000000000017a9 .LASF1388
C:\Users\zero6575\AppData\Local\Temp\ccC1ASpA.s:13363  .debug_str:000000000000c2d5 .LASF1389
C:\Users\zero6575\AppData\Local\Temp\ccC1ASpA.s:11777  .debug_str:00000000000073f5 .LASF1390
C:\Users\zero6575\AppData\Local\Temp\ccC1ASpA.s:10629  .debug_str:0000000000003666 .LASF1391
C:\Users\zero6575\AppData\Local\Temp\ccC1ASpA.s:10235  .debug_str:0000000000002395 .LASF1392
C:\Users\zero6575\AppData\Local\Temp\ccC1ASpA.s:11345  .debug_str:0000000000005d00 .LASF1393
C:\Users\zero6575\AppData\Local\Temp\ccC1ASpA.s:9701   .debug_str:000000000000075a .LASF1394
C:\Users\zero6575\AppData\Local\Temp\ccC1ASpA.s:10585  .debug_str:0000000000003448 .LASF1395
C:\Users\zero6575\AppData\Local\Temp\ccC1ASpA.s:13563  .debug_str:000000000000ce41 .LASF1396
C:\Users\zero6575\AppData\Local\Temp\ccC1ASpA.s:13717  .debug_str:000000000000d57f .LASF1397
C:\Users\zero6575\AppData\Local\Temp\ccC1ASpA.s:11349  .debug_str:0000000000005d19 .LASF1398
C:\Users\zero6575\AppData\Local\Temp\ccC1ASpA.s:12587  .debug_str:0000000000009d35 .LASF1399
C:\Users\zero6575\AppData\Local\Temp\ccC1ASpA.s:12039  .debug_str:0000000000008056 .LASF1400
C:\Users\zero6575\AppData\Local\Temp\ccC1ASpA.s:10827  .debug_str:0000000000004259 .LASF1401
C:\Users\zero6575\AppData\Local\Temp\ccC1ASpA.s:10775  .debug_str:0000000000003e3d .LASF1402
C:\Users\zero6575\AppData\Local\Temp\ccC1ASpA.s:12411  .debug_str:0000000000009401 .LASF1403
C:\Users\zero6575\AppData\Local\Temp\ccC1ASpA.s:11049  .debug_str:0000000000004e5e .LASF1404
C:\Users\zero6575\AppData\Local\Temp\ccC1ASpA.s:11187  .debug_str:00000000000055d0 .LASF1405
C:\Users\zero6575\AppData\Local\Temp\ccC1ASpA.s:10407  .debug_str:0000000000002bda .LASF1406
C:\Users\zero6575\AppData\Local\Temp\ccC1ASpA.s:13639  .debug_str:000000000000d160 .LASF1407
C:\Users\zero6575\AppData\Local\Temp\ccC1ASpA.s:12041  .debug_str:0000000000008065 .LASF1408
C:\Users\zero6575\AppData\Local\Temp\ccC1ASpA.s:12295  .debug_str:0000000000008e3d .LASF1409
C:\Users\zero6575\AppData\Local\Temp\ccC1ASpA.s:11513  .debug_str:00000000000065d3 .LASF1410
C:\Users\zero6575\AppData\Local\Temp\ccC1ASpA.s:11649  .debug_str:0000000000006ce6 .LASF1411
C:\Users\zero6575\AppData\Local\Temp\ccC1ASpA.s:11847  .debug_str:0000000000007751 .LASF1412
C:\Users\zero6575\AppData\Local\Temp\ccC1ASpA.s:10447  .debug_str:0000000000002dac .LASF1413
C:\Users\zero6575\AppData\Local\Temp\ccC1ASpA.s:12063  .debug_str:0000000000008244 .LASF1414
C:\Users\zero6575\AppData\Local\Temp\ccC1ASpA.s:12959  .debug_str:000000000000ae86 .LASF1415
C:\Users\zero6575\AppData\Local\Temp\ccC1ASpA.s:11881  .debug_str:00000000000078e2 .LASF1416
C:\Users\zero6575\AppData\Local\Temp\ccC1ASpA.s:9703   .debug_str:000000000000076a .LASF1417
C:\Users\zero6575\AppData\Local\Temp\ccC1ASpA.s:13349  .debug_str:000000000000c213 .LASF1418
C:\Users\zero6575\AppData\Local\Temp\ccC1ASpA.s:13375  .debug_str:000000000000c35c .LASF1419
C:\Users\zero6575\AppData\Local\Temp\ccC1ASpA.s:10749  .debug_str:0000000000003cd6 .LASF1420
C:\Users\zero6575\AppData\Local\Temp\ccC1ASpA.s:13061  .debug_str:000000000000b3e1 .LASF1421
C:\Users\zero6575\AppData\Local\Temp\ccC1ASpA.s:10467  .debug_str:0000000000002e8d .LASF1422
C:\Users\zero6575\AppData\Local\Temp\ccC1ASpA.s:11961  .debug_str:0000000000007c6b .LASF1423
C:\Users\zero6575\AppData\Local\Temp\ccC1ASpA.s:13407  .debug_str:000000000000c525 .LASF1424
C:\Users\zero6575\AppData\Local\Temp\ccC1ASpA.s:12245  .debug_str:0000000000008b7a .LASF1425
C:\Users\zero6575\AppData\Local\Temp\ccC1ASpA.s:9731   .debug_str:00000000000008d7 .LASF1426
C:\Users\zero6575\AppData\Local\Temp\ccC1ASpA.s:11309  .debug_str:0000000000005b4b .LASF1427
C:\Users\zero6575\AppData\Local\Temp\ccC1ASpA.s:10207  .debug_str:000000000000220f .LASF1428
C:\Users\zero6575\AppData\Local\Temp\ccC1ASpA.s:12175  .debug_str:00000000000087c8 .LASF1429
C:\Users\zero6575\AppData\Local\Temp\ccC1ASpA.s:9771   .debug_str:0000000000000a23 .LASF1430
C:\Users\zero6575\AppData\Local\Temp\ccC1ASpA.s:11781  .debug_str:0000000000007423 .LASF1431
C:\Users\zero6575\AppData\Local\Temp\ccC1ASpA.s:9883   .debug_str:0000000000000fd1 .LASF1432
C:\Users\zero6575\AppData\Local\Temp\ccC1ASpA.s:10589  .debug_str:000000000000346b .LASF1433
C:\Users\zero6575\AppData\Local\Temp\ccC1ASpA.s:10983  .debug_str:0000000000004b68 .LASF1434
C:\Users\zero6575\AppData\Local\Temp\ccC1ASpA.s:10449  .debug_str:0000000000002dbc .LASF1435
C:\Users\zero6575\AppData\Local\Temp\ccC1ASpA.s:12093  .debug_str:0000000000008378 .LASF1436
C:\Users\zero6575\AppData\Local\Temp\ccC1ASpA.s:12991  .debug_str:000000000000afe6 .LASF1437
C:\Users\zero6575\AppData\Local\Temp\ccC1ASpA.s:11585  .debug_str:00000000000069a9 .LASF1438
C:\Users\zero6575\AppData\Local\Temp\ccC1ASpA.s:11685  .debug_str:0000000000006e9d .LASF1439
C:\Users\zero6575\AppData\Local\Temp\ccC1ASpA.s:11105  .debug_str:0000000000005193 .LASF1440
C:\Users\zero6575\AppData\Local\Temp\ccC1ASpA.s:10377  .debug_str:0000000000002a7c .LASF1441
C:\Users\zero6575\AppData\Local\Temp\ccC1ASpA.s:10495  .debug_str:0000000000003005 .LASF1442
C:\Users\zero6575\AppData\Local\Temp\ccC1ASpA.s:12895  .debug_str:000000000000abb4 .LASF1443
C:\Users\zero6575\AppData\Local\Temp\ccC1ASpA.s:13487  .debug_str:000000000000c918 .LASF1444
C:\Users\zero6575\AppData\Local\Temp\ccC1ASpA.s:11849  .debug_str:000000000000776b .LASF1445
C:\Users\zero6575\AppData\Local\Temp\ccC1ASpA.s:10507  .debug_str:00000000000030a6 .LASF1446
C:\Users\zero6575\AppData\Local\Temp\ccC1ASpA.s:11931  .debug_str:0000000000007b28 .LASF1447
C:\Users\zero6575\AppData\Local\Temp\ccC1ASpA.s:13311  .debug_str:000000000000c05c .LASF1448
C:\Users\zero6575\AppData\Local\Temp\ccC1ASpA.s:10341  .debug_str:000000000000292b .LASF1449
C:\Users\zero6575\AppData\Local\Temp\ccC1ASpA.s:9625   .debug_str:000000000000039b .LASF1450
C:\Users\zero6575\AppData\Local\Temp\ccC1ASpA.s:11501  .debug_str:0000000000006515 .LASF1451
C:\Users\zero6575\AppData\Local\Temp\ccC1ASpA.s:10735  .debug_str:0000000000003c14 .LASF1452
C:\Users\zero6575\AppData\Local\Temp\ccC1ASpA.s:10597  .debug_str:00000000000034fe .LASF1453
C:\Users\zero6575\AppData\Local\Temp\ccC1ASpA.s:10475  .debug_str:0000000000002ef8 .LASF1454
C:\Users\zero6575\AppData\Local\Temp\ccC1ASpA.s:12367  .debug_str:00000000000091ee .LASF1455
C:\Users\zero6575\AppData\Local\Temp\ccC1ASpA.s:10503  .debug_str:0000000000003079 .LASF1456
C:\Users\zero6575\AppData\Local\Temp\ccC1ASpA.s:10041  .debug_str:0000000000001756 .LASF1457
C:\Users\zero6575\AppData\Local\Temp\ccC1ASpA.s:9607   .debug_str:000000000000028e .LASF1458
C:\Users\zero6575\AppData\Local\Temp\ccC1ASpA.s:10441  .debug_str:0000000000002d71 .LASF1459
C:\Users\zero6575\AppData\Local\Temp\ccC1ASpA.s:13747  .debug_str:000000000000d745 .LASF1460
C:\Users\zero6575\AppData\Local\Temp\ccC1ASpA.s:11739  .debug_str:00000000000071a4 .LASF1461
C:\Users\zero6575\AppData\Local\Temp\ccC1ASpA.s:11481  .debug_str:000000000000643c .LASF1462
C:\Users\zero6575\AppData\Local\Temp\ccC1ASpA.s:10393  .debug_str:0000000000002b39 .LASF1463
C:\Users\zero6575\AppData\Local\Temp\ccC1ASpA.s:10085  .debug_str:000000000000193e .LASF1464
C:\Users\zero6575\AppData\Local\Temp\ccC1ASpA.s:11591  .debug_str:00000000000069f0 .LASF1465
C:\Users\zero6575\AppData\Local\Temp\ccC1ASpA.s:12541  .debug_str:0000000000009a62 .LASF1466
C:\Users\zero6575\AppData\Local\Temp\ccC1ASpA.s:13333  .debug_str:000000000000c187 .LASF1467
C:\Users\zero6575\AppData\Local\Temp\ccC1ASpA.s:13321  .debug_str:000000000000c0de .LASF1468
C:\Users\zero6575\AppData\Local\Temp\ccC1ASpA.s:11497  .debug_str:00000000000064e9 .LASF1469
C:\Users\zero6575\AppData\Local\Temp\ccC1ASpA.s:10761  .debug_str:0000000000003d9e .LASF1470
C:\Users\zero6575\AppData\Local\Temp\ccC1ASpA.s:10403  .debug_str:0000000000002ba4 .LASF1471
C:\Users\zero6575\AppData\Local\Temp\ccC1ASpA.s:12877  .debug_str:000000000000aabd .LASF1472
C:\Users\zero6575\AppData\Local\Temp\ccC1ASpA.s:13637  .debug_str:000000000000d13b .LASF1473
C:\Users\zero6575\AppData\Local\Temp\ccC1ASpA.s:9823   .debug_str:0000000000000c65 .LASF1474
C:\Users\zero6575\AppData\Local\Temp\ccC1ASpA.s:12375  .debug_str:0000000000009236 .LASF1475
C:\Users\zero6575\AppData\Local\Temp\ccC1ASpA.s:12383  .debug_str:00000000000092a5 .LASF1476
C:\Users\zero6575\AppData\Local\Temp\ccC1ASpA.s:10375  .debug_str:0000000000002a65 .LASF1477
C:\Users\zero6575\AppData\Local\Temp\ccC1ASpA.s:11317  .debug_str:0000000000005b98 .LASF1478
C:\Users\zero6575\AppData\Local\Temp\ccC1ASpA.s:11091  .debug_str:00000000000050f8 .LASF1479
C:\Users\zero6575\AppData\Local\Temp\ccC1ASpA.s:12277  .debug_str:0000000000008d7d .LASF1480
C:\Users\zero6575\AppData\Local\Temp\ccC1ASpA.s:12989  .debug_str:000000000000afcf .LASF1481
C:\Users\zero6575\AppData\Local\Temp\ccC1ASpA.s:13357  .debug_str:000000000000c276 .LASF1482
C:\Users\zero6575\AppData\Local\Temp\ccC1ASpA.s:10631  .debug_str:0000000000003677 .LASF1483
C:\Users\zero6575\AppData\Local\Temp\ccC1ASpA.s:13599  .debug_str:000000000000cfba .LASF1484
C:\Users\zero6575\AppData\Local\Temp\ccC1ASpA.s:11983  .debug_str:0000000000007d49 .LASF1485
C:\Users\zero6575\AppData\Local\Temp\ccC1ASpA.s:10315  .debug_str:000000000000279f .LASF1486
C:\Users\zero6575\AppData\Local\Temp\ccC1ASpA.s:11315  .debug_str:0000000000005b81 .LASF1487
C:\Users\zero6575\AppData\Local\Temp\ccC1ASpA.s:11573  .debug_str:000000000000690a .LASF1488
C:\Users\zero6575\AppData\Local\Temp\ccC1ASpA.s:12033  .debug_str:0000000000008009 .LASF1489
C:\Users\zero6575\AppData\Local\Temp\ccC1ASpA.s:12663  .debug_str:000000000000a17c .LASF1490
C:\Users\zero6575\AppData\Local\Temp\ccC1ASpA.s:11737  .debug_str:0000000000007192 .LASF1491
C:\Users\zero6575\AppData\Local\Temp\ccC1ASpA.s:11003  .debug_str:0000000000004c63 .LASF1492
C:\Users\zero6575\AppData\Local\Temp\ccC1ASpA.s:13529  .debug_str:000000000000cc98 .LASF1493
C:\Users\zero6575\AppData\Local\Temp\ccC1ASpA.s:12331  .debug_str:000000000000900a .LASF1494
C:\Users\zero6575\AppData\Local\Temp\ccC1ASpA.s:11821  .debug_str:000000000000765d .LASF1495
C:\Users\zero6575\AppData\Local\Temp\ccC1ASpA.s:12419  .debug_str:0000000000009467 .LASF1496
C:\Users\zero6575\AppData\Local\Temp\ccC1ASpA.s:13053  .debug_str:000000000000b37f .LASF1497
C:\Users\zero6575\AppData\Local\Temp\ccC1ASpA.s:13559  .debug_str:000000000000ce1d .LASF1498
C:\Users\zero6575\AppData\Local\Temp\ccC1ASpA.s:12239  .debug_str:0000000000008b39 .LASF1499
C:\Users\zero6575\AppData\Local\Temp\ccC1ASpA.s:13543  .debug_str:000000000000cd44 .LASF1500
C:\Users\zero6575\AppData\Local\Temp\ccC1ASpA.s:12601  .debug_str:0000000000009dbe .LASF1501
C:\Users\zero6575\AppData\Local\Temp\ccC1ASpA.s:12795  .debug_str:000000000000a74c .LASF1502
C:\Users\zero6575\AppData\Local\Temp\ccC1ASpA.s:12523  .debug_str:00000000000099ad .LASF1503
C:\Users\zero6575\AppData\Local\Temp\ccC1ASpA.s:9601   .debug_str:0000000000000256 .LASF1504
C:\Users\zero6575\AppData\Local\Temp\ccC1ASpA.s:12423  .debug_str:000000000000949d .LASF1505
C:\Users\zero6575\AppData\Local\Temp\ccC1ASpA.s:13719  .debug_str:000000000000d593 .LASF1506
C:\Users\zero6575\AppData\Local\Temp\ccC1ASpA.s:12451  .debug_str:0000000000009627 .LASF1507
C:\Users\zero6575\AppData\Local\Temp\ccC1ASpA.s:13057  .debug_str:000000000000b3b6 .LASF1508
C:\Users\zero6575\AppData\Local\Temp\ccC1ASpA.s:13071  .debug_str:000000000000b46d .LASF1509
C:\Users\zero6575\AppData\Local\Temp\ccC1ASpA.s:13279  .debug_str:000000000000be50 .LASF1510
C:\Users\zero6575\AppData\Local\Temp\ccC1ASpA.s:13087  .debug_str:000000000000b54a .LASF1511
C:\Users\zero6575\AppData\Local\Temp\ccC1ASpA.s:11007  .debug_str:0000000000004c8e .LASF1512
C:\Users\zero6575\AppData\Local\Temp\ccC1ASpA.s:9735   .debug_str:00000000000008ff .LASF1513
C:\Users\zero6575\AppData\Local\Temp\ccC1ASpA.s:11477  .debug_str:0000000000006407 .LASF1514
C:\Users\zero6575\AppData\Local\Temp\ccC1ASpA.s:13669  .debug_str:000000000000d2f8 .LASF1515
C:\Users\zero6575\AppData\Local\Temp\ccC1ASpA.s:12911  .debug_str:000000000000ac41 .LASF1516
C:\Users\zero6575\AppData\Local\Temp\ccC1ASpA.s:13761  .debug_str:000000000000d7dc .LASF1517
C:\Users\zero6575\AppData\Local\Temp\ccC1ASpA.s:13665  .debug_str:000000000000d2d1 .LASF1518
C:\Users\zero6575\AppData\Local\Temp\ccC1ASpA.s:13751  .debug_str:000000000000d76d .LASF1519
C:\Users\zero6575\AppData\Local\Temp\ccC1ASpA.s:11575  .debug_str:000000000000691a .LASF1520
C:\Users\zero6575\AppData\Local\Temp\ccC1ASpA.s:12781  .debug_str:000000000000a6b0 .LASF1521
C:\Users\zero6575\AppData\Local\Temp\ccC1ASpA.s:13169  .debug_str:000000000000b94b .LASF1522
C:\Users\zero6575\AppData\Local\Temp\ccC1ASpA.s:12529  .debug_str:00000000000099dd .LASF1523
C:\Users\zero6575\AppData\Local\Temp\ccC1ASpA.s:9847   .debug_str:0000000000000ded .LASF1524
C:\Users\zero6575\AppData\Local\Temp\ccC1ASpA.s:13193  .debug_str:000000000000ba47 .LASF1525
C:\Users\zero6575\AppData\Local\Temp\ccC1ASpA.s:13343  .debug_str:000000000000c1d4 .LASF1526
C:\Users\zero6575\AppData\Local\Temp\ccC1ASpA.s:12949  .debug_str:000000000000ae29 .LASF1527
C:\Users\zero6575\AppData\Local\Temp\ccC1ASpA.s:11731  .debug_str:0000000000007150 .LASF1528
C:\Users\zero6575\AppData\Local\Temp\ccC1ASpA.s:11005  .debug_str:0000000000004c76 .LASF1529
C:\Users\zero6575\AppData\Local\Temp\ccC1ASpA.s:12011  .debug_str:0000000000007f2a .LASF1530
C:\Users\zero6575\AppData\Local\Temp\ccC1ASpA.s:12771  .debug_str:000000000000a632 .LASF1531
C:\Users\zero6575\AppData\Local\Temp\ccC1ASpA.s:11235  .debug_str:0000000000005807 .LASF1532
C:\Users\zero6575\AppData\Local\Temp\ccC1ASpA.s:12901  .debug_str:000000000000abe8 .LASF1533
C:\Users\zero6575\AppData\Local\Temp\ccC1ASpA.s:13733  .debug_str:000000000000d65c .LASF1534
C:\Users\zero6575\AppData\Local\Temp\ccC1ASpA.s:13809  .debug_str:000000000000d991 .LASF1535
C:\Users\zero6575\AppData\Local\Temp\ccC1ASpA.s:12769  .debug_str:000000000000a61b .LASF1536
C:\Users\zero6575\AppData\Local\Temp\ccC1ASpA.s:10729  .debug_str:0000000000003ba6 .LASF1537
C:\Users\zero6575\AppData\Local\Temp\ccC1ASpA.s:9977   .debug_str:0000000000001446 .LASF1538
C:\Users\zero6575\AppData\Local\Temp\ccC1ASpA.s:11443  .debug_str:00000000000061f2 .LASF1539
C:\Users\zero6575\AppData\Local\Temp\ccC1ASpA.s:9799   .debug_str:0000000000000b35 .LASF1540
C:\Users\zero6575\AppData\Local\Temp\ccC1ASpA.s:10539  .debug_str:00000000000031f4 .LASF1541
C:\Users\zero6575\AppData\Local\Temp\ccC1ASpA.s:13801  .debug_str:000000000000d95a .LASF1542
C:\Users\zero6575\AppData\Local\Temp\ccC1ASpA.s:13127  .debug_str:000000000000b730 .LASF1543
C:\Users\zero6575\AppData\Local\Temp\ccC1ASpA.s:10535  .debug_str:00000000000031bd .LASF1544
C:\Users\zero6575\AppData\Local\Temp\ccC1ASpA.s:13189  .debug_str:000000000000ba1a .LASF1545
C:\Users\zero6575\AppData\Local\Temp\ccC1ASpA.s:10199  .debug_str:00000000000021ca .LASF1546
C:\Users\zero6575\AppData\Local\Temp\ccC1ASpA.s:11193  .debug_str:000000000000560a .LASF1547
C:\Users\zero6575\AppData\Local\Temp\ccC1ASpA.s:11153  .debug_str:000000000000546a .LASF1548
C:\Users\zero6575\AppData\Local\Temp\ccC1ASpA.s:10751  .debug_str:0000000000003ceb .LASF1549
C:\Users\zero6575\AppData\Local\Temp\ccC1ASpA.s:10863  .debug_str:00000000000044e8 .LASF1550
C:\Users\zero6575\AppData\Local\Temp\ccC1ASpA.s:12527  .debug_str:00000000000099c8 .LASF1551
C:\Users\zero6575\AppData\Local\Temp\ccC1ASpA.s:10065  .debug_str:000000000000185a .LASF1552
C:\Users\zero6575\AppData\Local\Temp\ccC1ASpA.s:11809  .debug_str:00000000000075f9 .LASF1553
C:\Users\zero6575\AppData\Local\Temp\ccC1ASpA.s:12023  .debug_str:0000000000007f8c .LASF1554
C:\Users\zero6575\AppData\Local\Temp\ccC1ASpA.s:10575  .debug_str:00000000000033c6 .LASF1555
C:\Users\zero6575\AppData\Local\Temp\ccC1ASpA.s:12629  .debug_str:0000000000009f0b .LASF1556
C:\Users\zero6575\AppData\Local\Temp\ccC1ASpA.s:11659  .debug_str:0000000000006d7a .LASF1557
C:\Users\zero6575\AppData\Local\Temp\ccC1ASpA.s:12571  .debug_str:0000000000009c1a .LASF1558
C:\Users\zero6575\AppData\Local\Temp\ccC1ASpA.s:13237  .debug_str:000000000000bc65 .LASF1559
C:\Users\zero6575\AppData\Local\Temp\ccC1ASpA.s:11569  .debug_str:00000000000068e4 .LASF1560
C:\Users\zero6575\AppData\Local\Temp\ccC1ASpA.s:11299  .debug_str:0000000000005ae6 .LASF1561
C:\Users\zero6575\AppData\Local\Temp\ccC1ASpA.s:12935  .debug_str:000000000000ad66 .LASF1562
C:\Users\zero6575\AppData\Local\Temp\ccC1ASpA.s:13673  .debug_str:000000000000d32f .LASF1563
C:\Users\zero6575\AppData\Local\Temp\ccC1ASpA.s:12513  .debug_str:0000000000009931 .LASF1564
C:\Users\zero6575\AppData\Local\Temp\ccC1ASpA.s:12645  .debug_str:000000000000a010 .LASF1565
C:\Users\zero6575\AppData\Local\Temp\ccC1ASpA.s:12939  .debug_str:000000000000ada9 .LASF1566
C:\Users\zero6575\AppData\Local\Temp\ccC1ASpA.s:13785  .debug_str:000000000000d8c9 .LASF1567
C:\Users\zero6575\AppData\Local\Temp\ccC1ASpA.s:10717  .debug_str:0000000000003af8 .LASF1568
C:\Users\zero6575\AppData\Local\Temp\ccC1ASpA.s:10163  .debug_str:0000000000002017 .LASF1569
C:\Users\zero6575\AppData\Local\Temp\ccC1ASpA.s:11857  .debug_str:00000000000077ad .LASF1570
C:\Users\zero6575\AppData\Local\Temp\ccC1ASpA.s:13285  .debug_str:000000000000be99 .LASF1571
C:\Users\zero6575\AppData\Local\Temp\ccC1ASpA.s:10379  .debug_str:0000000000002a8a .LASF1572
C:\Users\zero6575\AppData\Local\Temp\ccC1ASpA.s:9747   .debug_str:000000000000096a .LASF1573
C:\Users\zero6575\AppData\Local\Temp\ccC1ASpA.s:11325  .debug_str:0000000000005bd8 .LASF1574
C:\Users\zero6575\AppData\Local\Temp\ccC1ASpA.s:12829  .debug_str:000000000000a8d4 .LASF1575
C:\Users\zero6575\AppData\Local\Temp\ccC1ASpA.s:12993  .debug_str:000000000000aff4 .LASF1576
C:\Users\zero6575\AppData\Local\Temp\ccC1ASpA.s:11185  .debug_str:00000000000055bb .LASF1577
C:\Users\zero6575\AppData\Local\Temp\ccC1ASpA.s:11611  .debug_str:0000000000006ab5 .LASF1578
C:\Users\zero6575\AppData\Local\Temp\ccC1ASpA.s:13579  .debug_str:000000000000cee0 .LASF1579
C:\Users\zero6575\AppData\Local\Temp\ccC1ASpA.s:10413  .debug_str:0000000000002c22 .LASF1580
C:\Users\zero6575\AppData\Local\Temp\ccC1ASpA.s:13731  .debug_str:000000000000d643 .LASF1581
C:\Users\zero6575\AppData\Local\Temp\ccC1ASpA.s:13233  .debug_str:000000000000bc2d .LASF1582
C:\Users\zero6575\AppData\Local\Temp\ccC1ASpA.s:10705  .debug_str:0000000000003a45 .LASF1583
C:\Users\zero6575\AppData\Local\Temp\ccC1ASpA.s:13037  .debug_str:000000000000b270 .LASF1584
C:\Users\zero6575\AppData\Local\Temp\ccC1ASpA.s:10347  .debug_str:0000000000002969 .LASF1585
C:\Users\zero6575\AppData\Local\Temp\ccC1ASpA.s:13145  .debug_str:000000000000b7f6 .LASF1586
C:\Users\zero6575\AppData\Local\Temp\ccC1ASpA.s:10811  .debug_str:0000000000004079 .LASF1587
C:\Users\zero6575\AppData\Local\Temp\ccC1ASpA.s:9797   .debug_str:0000000000000b18 .LASF1588
C:\Users\zero6575\AppData\Local\Temp\ccC1ASpA.s:10435  .debug_str:0000000000002d27 .LASF1589
C:\Users\zero6575\AppData\Local\Temp\ccC1ASpA.s:10893  .debug_str:000000000000460a .LASF1590
C:\Users\zero6575\AppData\Local\Temp\ccC1ASpA.s:11169  .debug_str:00000000000054f2 .LASF1591
C:\Users\zero6575\AppData\Local\Temp\ccC1ASpA.s:9915   .debug_str:000000000000116a .LASF1592
C:\Users\zero6575\AppData\Local\Temp\ccC1ASpA.s:12623  .debug_str:0000000000009eb5 .LASF1593
C:\Users\zero6575\AppData\Local\Temp\ccC1ASpA.s:12047  .debug_str:00000000000080be .LASF1594
C:\Users\zero6575\AppData\Local\Temp\ccC1ASpA.s:13257  .debug_str:000000000000bd3e .LASF1595
C:\Users\zero6575\AppData\Local\Temp\ccC1ASpA.s:9609   .debug_str:000000000000029d .LASF1596
C:\Users\zero6575\AppData\Local\Temp\ccC1ASpA.s:12131  .debug_str:00000000000085d5 .LASF1597
C:\Users\zero6575\AppData\Local\Temp\ccC1ASpA.s:11369  .debug_str:0000000000005e1a .LASF1598
C:\Users\zero6575\AppData\Local\Temp\ccC1ASpA.s:11813  .debug_str:0000000000007618 .LASF1599
C:\Users\zero6575\AppData\Local\Temp\ccC1ASpA.s:11393  .debug_str:0000000000005fe3 .LASF1600
C:\Users\zero6575\AppData\Local\Temp\ccC1ASpA.s:13435  .debug_str:000000000000c66f .LASF1601
C:\Users\zero6575\AppData\Local\Temp\ccC1ASpA.s:10087  .debug_str:000000000000195a .LASF1602
C:\Users\zero6575\AppData\Local\Temp\ccC1ASpA.s:11461  .debug_str:000000000000630f .LASF1603
C:\Users\zero6575\AppData\Local\Temp\ccC1ASpA.s:11519  .debug_str:000000000000665f .LASF1604
C:\Users\zero6575\AppData\Local\Temp\ccC1ASpA.s:13151  .debug_str:000000000000b84b .LASF1605
C:\Users\zero6575\AppData\Local\Temp\ccC1ASpA.s:9803   .debug_str:0000000000000b58 .LASF1606
C:\Users\zero6575\AppData\Local\Temp\ccC1ASpA.s:12787  .debug_str:000000000000a6f7 .LASF1607
C:\Users\zero6575\AppData\Local\Temp\ccC1ASpA.s:13281  .debug_str:000000000000be6c .LASF1608
C:\Users\zero6575\AppData\Local\Temp\ccC1ASpA.s:11441  .debug_str:00000000000061dd .LASF1609
C:\Users\zero6575\AppData\Local\Temp\ccC1ASpA.s:10039  .debug_str:000000000000173c .LASF1610
C:\Users\zero6575\AppData\Local\Temp\ccC1ASpA.s:11683  .debug_str:0000000000006e82 .LASF1611
C:\Users\zero6575\AppData\Local\Temp\ccC1ASpA.s:11559  .debug_str:000000000000688a .LASF1612
C:\Users\zero6575\AppData\Local\Temp\ccC1ASpA.s:11547  .debug_str:00000000000067d3 .LASF1613
C:\Users\zero6575\AppData\Local\Temp\ccC1ASpA.s:11861  .debug_str:00000000000077df .LASF1614
C:\Users\zero6575\AppData\Local\Temp\ccC1ASpA.s:13831  .debug_str:000000000000da69 .LASF1615
C:\Users\zero6575\AppData\Local\Temp\ccC1ASpA.s:11935  .debug_str:0000000000007b46 .LASF1616
C:\Users\zero6575\AppData\Local\Temp\ccC1ASpA.s:13523  .debug_str:000000000000cb65 .LASF1617
C:\Users\zero6575\AppData\Local\Temp\ccC1ASpA.s:13585  .debug_str:000000000000cf31 .LASF1618
C:\Users\zero6575\AppData\Local\Temp\ccC1ASpA.s:12683  .debug_str:000000000000a262 .LASF1619
C:\Users\zero6575\AppData\Local\Temp\ccC1ASpA.s:12863  .debug_str:000000000000aa23 .LASF1620
C:\Users\zero6575\AppData\Local\Temp\ccC1ASpA.s:10621  .debug_str:0000000000003626 .LASF1621
C:\Users\zero6575\AppData\Local\Temp\ccC1ASpA.s:10685  .debug_str:0000000000003908 .LASF1622
C:\Users\zero6575\AppData\Local\Temp\ccC1ASpA.s:12925  .debug_str:000000000000ace7 .LASF1623
C:\Users\zero6575\AppData\Local\Temp\ccC1ASpA.s:10179  .debug_str:00000000000020b8 .LASF1624
C:\Users\zero6575\AppData\Local\Temp\ccC1ASpA.s:9835   .debug_str:0000000000000cfb .LASF1625
C:\Users\zero6575\AppData\Local\Temp\ccC1ASpA.s:13561  .debug_str:000000000000ce2f .LASF1626
C:\Users\zero6575\AppData\Local\Temp\ccC1ASpA.s:11403  .debug_str:0000000000006061 .LASF1627
C:\Users\zero6575\AppData\Local\Temp\ccC1ASpA.s:10115  .debug_str:0000000000001b29 .LASF1628
C:\Users\zero6575\AppData\Local\Temp\ccC1ASpA.s:13109  .debug_str:000000000000b669 .LASF1629
C:\Users\zero6575\AppData\Local\Temp\ccC1ASpA.s:13769  .debug_str:000000000000d832 .LASF1630
C:\Users\zero6575\AppData\Local\Temp\ccC1ASpA.s:12243  .debug_str:0000000000008b5e .LASF1631
C:\Users\zero6575\AppData\Local\Temp\ccC1ASpA.s:9825   .debug_str:0000000000000c70 .LASF1632
C:\Users\zero6575\AppData\Local\Temp\ccC1ASpA.s:10245  .debug_str:00000000000023d7 .LASF1633
C:\Users\zero6575\AppData\Local\Temp\ccC1ASpA.s:12861  .debug_str:000000000000a9ff .LASF1634
C:\Users\zero6575\AppData\Local\Temp\ccC1ASpA.s:11335  .debug_str:0000000000005c46 .LASF1635
C:\Users\zero6575\AppData\Local\Temp\ccC1ASpA.s:12147  .debug_str:0000000000008696 .LASF1636
C:\Users\zero6575\AppData\Local\Temp\ccC1ASpA.s:11693  .debug_str:0000000000006f36 .LASF1637
C:\Users\zero6575\AppData\Local\Temp\ccC1ASpA.s:13063  .debug_str:000000000000b3f1 .LASF1638
C:\Users\zero6575\AppData\Local\Temp\ccC1ASpA.s:12891  .debug_str:000000000000ab66 .LASF1639
C:\Users\zero6575\AppData\Local\Temp\ccC1ASpA.s:13301  .debug_str:000000000000bfdc .LASF1640
C:\Users\zero6575\AppData\Local\Temp\ccC1ASpA.s:10541  .debug_str:0000000000003208 .LASF1641
C:\Users\zero6575\AppData\Local\Temp\ccC1ASpA.s:12431  .debug_str:000000000000953c .LASF1642
C:\Users\zero6575\AppData\Local\Temp\ccC1ASpA.s:12583  .debug_str:0000000000009cfa .LASF1643
C:\Users\zero6575\AppData\Local\Temp\ccC1ASpA.s:9553   .debug_str:0000000000000038 .LASF1644
C:\Users\zero6575\AppData\Local\Temp\ccC1ASpA.s:11413  .debug_str:00000000000060cb .LASF1645
C:\Users\zero6575\AppData\Local\Temp\ccC1ASpA.s:13479  .debug_str:000000000000c8c5 .LASF1646
C:\Users\zero6575\AppData\Local\Temp\ccC1ASpA.s:11895  .debug_str:0000000000007981 .LASF1647
C:\Users\zero6575\AppData\Local\Temp\ccC1ASpA.s:12621  .debug_str:0000000000009e91 .LASF1648
C:\Users\zero6575\AppData\Local\Temp\ccC1ASpA.s:12067  .debug_str:0000000000008269 .LASF1649
C:\Users\zero6575\AppData\Local\Temp\ccC1ASpA.s:13049  .debug_str:000000000000b2f0 .LASF1650
C:\Users\zero6575\AppData\Local\Temp\ccC1ASpA.s:9921   .debug_str:00000000000011c5 .LASF1651
C:\Users\zero6575\AppData\Local\Temp\ccC1ASpA.s:11097  .debug_str:000000000000513f .LASF1652
C:\Users\zero6575\AppData\Local\Temp\ccC1ASpA.s:13297  .debug_str:000000000000bfb0 .LASF1653
C:\Users\zero6575\AppData\Local\Temp\ccC1ASpA.s:12691  .debug_str:000000000000a2d9 .LASF1654
C:\Users\zero6575\AppData\Local\Temp\ccC1ASpA.s:12753  .debug_str:000000000000a561 .LASF1655
C:\Users\zero6575\AppData\Local\Temp\ccC1ASpA.s:11843  .debug_str:000000000000772a .LASF1656
C:\Users\zero6575\AppData\Local\Temp\ccC1ASpA.s:13289  .debug_str:000000000000beba .LASF1657
C:\Users\zero6575\AppData\Local\Temp\ccC1ASpA.s:13065  .debug_str:000000000000b409 .LASF1658
C:\Users\zero6575\AppData\Local\Temp\ccC1ASpA.s:13741  .debug_str:000000000000d6b9 .LASF1659
C:\Users\zero6575\AppData\Local\Temp\ccC1ASpA.s:11427  .debug_str:0000000000006158 .LASF1660
C:\Users\zero6575\AppData\Local\Temp\ccC1ASpA.s:9745   .debug_str:0000000000000959 .LASF1661
C:\Users\zero6575\AppData\Local\Temp\ccC1ASpA.s:11949  .debug_str:0000000000007bf0 .LASF1662
C:\Users\zero6575\AppData\Local\Temp\ccC1ASpA.s:11409  .debug_str:0000000000006095 .LASF1663
C:\Users\zero6575\AppData\Local\Temp\ccC1ASpA.s:9577   .debug_str:000000000000014e .LASF1664
C:\Users\zero6575\AppData\Local\Temp\ccC1ASpA.s:12115  .debug_str:00000000000084f4 .LASF1665
C:\Users\zero6575\AppData\Local\Temp\ccC1ASpA.s:10943  .debug_str:0000000000004915 .LASF1666
C:\Users\zero6575\AppData\Local\Temp\ccC1ASpA.s:11321  .debug_str:0000000000005bb4 .LASF1667
C:\Users\zero6575\AppData\Local\Temp\ccC1ASpA.s:13203  .debug_str:000000000000bad0 .LASF1668
C:\Users\zero6575\AppData\Local\Temp\ccC1ASpA.s:9627   .debug_str:00000000000003b6 .LASF1669
C:\Users\zero6575\AppData\Local\Temp\ccC1ASpA.s:12649  .debug_str:000000000000a0cc .LASF1670
C:\Users\zero6575\AppData\Local\Temp\ccC1ASpA.s:13119  .debug_str:000000000000b6c0 .LASF1671
C:\Users\zero6575\AppData\Local\Temp\ccC1ASpA.s:10653  .debug_str:0000000000003751 .LASF1672
C:\Users\zero6575\AppData\Local\Temp\ccC1ASpA.s:10157  .debug_str:0000000000001fd4 .LASF1673
C:\Users\zero6575\AppData\Local\Temp\ccC1ASpA.s:10177  .debug_str:00000000000020aa .LASF1674
C:\Users\zero6575\AppData\Local\Temp\ccC1ASpA.s:13643  .debug_str:000000000000d19b .LASF1675
C:\Users\zero6575\AppData\Local\Temp\ccC1ASpA.s:10029  .debug_str:00000000000016cb .LASF1676
C:\Users\zero6575\AppData\Local\Temp\ccC1ASpA.s:11755  .debug_str:00000000000072e7 .LASF1677
C:\Users\zero6575\AppData\Local\Temp\ccC1ASpA.s:10821  .debug_str:0000000000004227 .LASF1678
C:\Users\zero6575\AppData\Local\Temp\ccC1ASpA.s:9667   .debug_str:00000000000005bb .LASF1679
C:\Users\zero6575\AppData\Local\Temp\ccC1ASpA.s:9775   .debug_str:0000000000000a4b .LASF1680
C:\Users\zero6575\AppData\Local\Temp\ccC1ASpA.s:9817   .debug_str:0000000000000be3 .LASF1681
C:\Users\zero6575\AppData\Local\Temp\ccC1ASpA.s:13837  .debug_str:000000000000daa1 .LASF1682
C:\Users\zero6575\AppData\Local\Temp\ccC1ASpA.s:12815  .debug_str:000000000000a830 .LASF1683
C:\Users\zero6575\AppData\Local\Temp\ccC1ASpA.s:12921  .debug_str:000000000000acb0 .LASF1684
C:\Users\zero6575\AppData\Local\Temp\ccC1ASpA.s:13283  .debug_str:000000000000be7d .LASF1685
C:\Users\zero6575\AppData\Local\Temp\ccC1ASpA.s:10981  .debug_str:0000000000004b4b .LASF1686
C:\Users\zero6575\AppData\Local\Temp\ccC1ASpA.s:9561   .debug_str:00000000000000a9 .LASF1687
C:\Users\zero6575\AppData\Local\Temp\ccC1ASpA.s:10947  .debug_str:0000000000004943 .LASF1688
C:\Users\zero6575\AppData\Local\Temp\ccC1ASpA.s:9907   .debug_str:00000000000010f2 .LASF1689
C:\Users\zero6575\AppData\Local\Temp\ccC1ASpA.s:11745  .debug_str:0000000000007200 .LASF1690
C:\Users\zero6575\AppData\Local\Temp\ccC1ASpA.s:10935  .debug_str:000000000000481b .LASF1691
C:\Users\zero6575\AppData\Local\Temp\ccC1ASpA.s:10951  .debug_str:000000000000497c .LASF1692
C:\Users\zero6575\AppData\Local\Temp\ccC1ASpA.s:11029  .debug_str:0000000000004d75 .LASF1693
C:\Users\zero6575\AppData\Local\Temp\ccC1ASpA.s:11467  .debug_str:000000000000634a .LASF1694
C:\Users\zero6575\AppData\Local\Temp\ccC1ASpA.s:12193  .debug_str:00000000000088bd .LASF1695
C:\Users\zero6575\AppData\Local\Temp\ccC1ASpA.s:13449  .debug_str:000000000000c719 .LASF1696
C:\Users\zero6575\AppData\Local\Temp\ccC1ASpA.s:13035  .debug_str:000000000000b251 .LASF1697
C:\Users\zero6575\AppData\Local\Temp\ccC1ASpA.s:10957  .debug_str:00000000000049ea .LASF1698
C:\Users\zero6575\AppData\Local\Temp\ccC1ASpA.s:9611   .debug_str:00000000000002b9 .LASF1699
C:\Users\zero6575\AppData\Local\Temp\ccC1ASpA.s:9565   .debug_str:00000000000000db .LASF1700
C:\Users\zero6575\AppData\Local\Temp\ccC1ASpA.s:13713  .debug_str:000000000000d55e .LASF1701
C:\Users\zero6575\AppData\Local\Temp\ccC1ASpA.s:13217  .debug_str:000000000000bb91 .LASF1702
C:\Users\zero6575\AppData\Local\Temp\ccC1ASpA.s:13611  .debug_str:000000000000d041 .LASF1703
C:\Users\zero6575\AppData\Local\Temp\ccC1ASpA.s:13781  .debug_str:000000000000d8a0 .LASF1704
C:\Users\zero6575\AppData\Local\Temp\ccC1ASpA.s:11953  .debug_str:0000000000007c11 .LASF1705
C:\Users\zero6575\AppData\Local\Temp\ccC1ASpA.s:10679  .debug_str:00000000000038d9 .LASF1706
C:\Users\zero6575\AppData\Local\Temp\ccC1ASpA.s:10319  .debug_str:0000000000002800 .LASF1707
C:\Users\zero6575\AppData\Local\Temp\ccC1ASpA.s:12765  .debug_str:000000000000a5f0 .LASF1708
C:\Users\zero6575\AppData\Local\Temp\ccC1ASpA.s:12169  .debug_str:0000000000008789 .LASF1709
C:\Users\zero6575\AppData\Local\Temp\ccC1ASpA.s:9549   .debug_str:0000000000000012 .LASF1710
C:\Users\zero6575\AppData\Local\Temp\ccC1ASpA.s:11303  .debug_str:0000000000005b1b .LASF1711
C:\Users\zero6575\AppData\Local\Temp\ccC1ASpA.s:13839  .debug_str:000000000000dab6 .LASF1712
C:\Users\zero6575\AppData\Local\Temp\ccC1ASpA.s:12855  .debug_str:000000000000a9b1 .LASF1713
C:\Users\zero6575\AppData\Local\Temp\ccC1ASpA.s:11271  .debug_str:0000000000005982 .LASF1714
C:\Users\zero6575\AppData\Local\Temp\ccC1ASpA.s:12701  .debug_str:000000000000a339 .LASF1715
C:\Users\zero6575\AppData\Local\Temp\ccC1ASpA.s:9945   .debug_str:00000000000012a9 .LASF1716
C:\Users\zero6575\AppData\Local\Temp\ccC1ASpA.s:12429  .debug_str:000000000000952c .LASF1717
C:\Users\zero6575\AppData\Local\Temp\ccC1ASpA.s:11143  .debug_str:000000000000539a .LASF1718
C:\Users\zero6575\AppData\Local\Temp\ccC1ASpA.s:11019  .debug_str:0000000000004d10 .LASF1719
C:\Users\zero6575\AppData\Local\Temp\ccC1ASpA.s:10481  .debug_str:0000000000002f42 .LASF1720
C:\Users\zero6575\AppData\Local\Temp\ccC1ASpA.s:10401  .debug_str:0000000000002b8f .LASF1721
C:\Users\zero6575\AppData\Local\Temp\ccC1ASpA.s:13621  .debug_str:000000000000d0b6 .LASF1722
C:\Users\zero6575\AppData\Local\Temp\ccC1ASpA.s:11027  .debug_str:0000000000004d63 .LASF1723
C:\Users\zero6575\AppData\Local\Temp\ccC1ASpA.s:10031  .debug_str:00000000000016d7 .LASF1724
C:\Users\zero6575\AppData\Local\Temp\ccC1ASpA.s:12657  .debug_str:000000000000a140 .LASF1725
C:\Users\zero6575\AppData\Local\Temp\ccC1ASpA.s:12723  .debug_str:000000000000a435 .LASF1726
C:\Users\zero6575\AppData\Local\Temp\ccC1ASpA.s:11233  .debug_str:00000000000057f0 .LASF1727
C:\Users\zero6575\AppData\Local\Temp\ccC1ASpA.s:9971   .debug_str:0000000000001403 .LASF1728
C:\Users\zero6575\AppData\Local\Temp\ccC1ASpA.s:12121  .debug_str:0000000000008535 .LASF1729
C:\Users\zero6575\AppData\Local\Temp\ccC1ASpA.s:9563   .debug_str:00000000000000ca .LASF1730
C:\Users\zero6575\AppData\Local\Temp\ccC1ASpA.s:13467  .debug_str:000000000000c816 .LASF1731
C:\Users\zero6575\AppData\Local\Temp\ccC1ASpA.s:11789  .debug_str:0000000000007477 .LASF1732
C:\Users\zero6575\AppData\Local\Temp\ccC1ASpA.s:12867  .debug_str:000000000000aa50 .LASF1733
C:\Users\zero6575\AppData\Local\Temp\ccC1ASpA.s:12005  .debug_str:0000000000007ee5 .LASF1734
C:\Users\zero6575\AppData\Local\Temp\ccC1ASpA.s:10431  .debug_str:0000000000002cff .LASF1735
C:\Users\zero6575\AppData\Local\Temp\ccC1ASpA.s:13593  .debug_str:000000000000cf8a .LASF1736
C:\Users\zero6575\AppData\Local\Temp\ccC1ASpA.s:10953  .debug_str:0000000000004997 .LASF1737
C:\Users\zero6575\AppData\Local\Temp\ccC1ASpA.s:11117  .debug_str:0000000000005212 .LASF1738
C:\Users\zero6575\AppData\Local\Temp\ccC1ASpA.s:10021  .debug_str:0000000000001663 .LASF1739
C:\Users\zero6575\AppData\Local\Temp\ccC1ASpA.s:11945  .debug_str:0000000000007bc9 .LASF1740
C:\Users\zero6575\AppData\Local\Temp\ccC1ASpA.s:9685   .debug_str:000000000000069b .LASF1741
C:\Users\zero6575\AppData\Local\Temp\ccC1ASpA.s:13383  .debug_str:000000000000c3bc .LASF1742
C:\Users\zero6575\AppData\Local\Temp\ccC1ASpA.s:11661  .debug_str:0000000000006d87 .LASF1743
C:\Users\zero6575\AppData\Local\Temp\ccC1ASpA.s:10847  .debug_str:00000000000043c5 .LASF1744
C:\Users\zero6575\AppData\Local\Temp\ccC1ASpA.s:10565  .debug_str:000000000000335b .LASF1745
C:\Users\zero6575\AppData\Local\Temp\ccC1ASpA.s:10205  .debug_str:00000000000021e8 .LASF1746
C:\Users\zero6575\AppData\Local\Temp\ccC1ASpA.s:10111  .debug_str:0000000000001ae2 .LASF1747
C:\Users\zero6575\AppData\Local\Temp\ccC1ASpA.s:9551   .debug_str:0000000000000023 .LASF1748
C:\Users\zero6575\AppData\Local\Temp\ccC1ASpA.s:13231  .debug_str:000000000000bc20 .LASF1749
C:\Users\zero6575\AppData\Local\Temp\ccC1ASpA.s:10577  .debug_str:00000000000033e2 .LASF1750
C:\Users\zero6575\AppData\Local\Temp\ccC1ASpA.s:12759  .debug_str:000000000000a58a .LASF1751
C:\Users\zero6575\AppData\Local\Temp\ccC1ASpA.s:13683  .debug_str:000000000000d3ac .LASF1752
C:\Users\zero6575\AppData\Local\Temp\ccC1ASpA.s:12659  .debug_str:000000000000a155 .LASF1753
C:\Users\zero6575\AppData\Local\Temp\ccC1ASpA.s:13433  .debug_str:000000000000c651 .LASF1754
C:\Users\zero6575\AppData\Local\Temp\ccC1ASpA.s:10785  .debug_str:0000000000003eb5 .LASF1755
C:\Users\zero6575\AppData\Local\Temp\ccC1ASpA.s:13325  .debug_str:000000000000c117 .LASF1756
C:\Users\zero6575\AppData\Local\Temp\ccC1ASpA.s:11191  .debug_str:00000000000055f6 .LASF1757
C:\Users\zero6575\AppData\Local\Temp\ccC1ASpA.s:11579  .debug_str:0000000000006932 .LASF1758
C:\Users\zero6575\AppData\Local\Temp\ccC1ASpA.s:12371  .debug_str:0000000000009216 .LASF1759
C:\Users\zero6575\AppData\Local\Temp\ccC1ASpA.s:13149  .debug_str:000000000000b838 .LASF1760
C:\Users\zero6575\AppData\Local\Temp\ccC1ASpA.s:11459  .debug_str:00000000000062f0 .LASF1761
C:\Users\zero6575\AppData\Local\Temp\ccC1ASpA.s:11957  .debug_str:0000000000007c3e .LASF1762
C:\Users\zero6575\AppData\Local\Temp\ccC1ASpA.s:10929  .debug_str:00000000000047de .LASF1763
C:\Users\zero6575\AppData\Local\Temp\ccC1ASpA.s:12715  .debug_str:000000000000a3f3 .LASF1764
C:\Users\zero6575\AppData\Local\Temp\ccC1ASpA.s:12351  .debug_str:0000000000009117 .LASF1765
C:\Users\zero6575\AppData\Local\Temp\ccC1ASpA.s:12465  .debug_str:00000000000096b7 .LASF1766
C:\Users\zero6575\AppData\Local\Temp\ccC1ASpA.s:9699   .debug_str:0000000000000744 .LASF1767
C:\Users\zero6575\AppData\Local\Temp\ccC1ASpA.s:12821  .debug_str:000000000000a87d .LASF1768
C:\Users\zero6575\AppData\Local\Temp\ccC1ASpA.s:11475  .debug_str:00000000000063ef .LASF1769
C:\Users\zero6575\AppData\Local\Temp\ccC1ASpA.s:9743   .debug_str:000000000000093f .LASF1770
C:\Users\zero6575\AppData\Local\Temp\ccC1ASpA.s:11929  .debug_str:0000000000007b0e .LASF1771
C:\Users\zero6575\AppData\Local\Temp\ccC1ASpA.s:10437  .debug_str:0000000000002d3e .LASF1772
C:\Users\zero6575\AppData\Local\Temp\ccC1ASpA.s:11523  .debug_str:0000000000006692 .LASF1773
C:\Users\zero6575\AppData\Local\Temp\ccC1ASpA.s:10849  .debug_str:00000000000043dd .LASF1774
C:\Users\zero6575\AppData\Local\Temp\ccC1ASpA.s:10033  .debug_str:00000000000016f7 .LASF1775
C:\Users\zero6575\AppData\Local\Temp\ccC1ASpA.s:10183  .debug_str:00000000000020e2 .LASF1776
C:\Users\zero6575\AppData\Local\Temp\ccC1ASpA.s:9887   .debug_str:0000000000000ffd .LASF1777
C:\Users\zero6575\AppData\Local\Temp\ccC1ASpA.s:12721  .debug_str:000000000000a420 .LASF1778
C:\Users\zero6575\AppData\Local\Temp\ccC1ASpA.s:9895   .debug_str:0000000000001044 .LASF1779
C:\Users\zero6575\AppData\Local\Temp\ccC1ASpA.s:11587  .debug_str:00000000000069bd .LASF1780
C:\Users\zero6575\AppData\Local\Temp\ccC1ASpA.s:10261  .debug_str:0000000000002496 .LASF1781
C:\Users\zero6575\AppData\Local\Temp\ccC1ASpA.s:12665  .debug_str:000000000000a188 .LASF1782
C:\Users\zero6575\AppData\Local\Temp\ccC1ASpA.s:10987  .debug_str:0000000000004ba9 .LASF1783
C:\Users\zero6575\AppData\Local\Temp\ccC1ASpA.s:11669  .debug_str:0000000000006de0 .LASF1784
C:\Users\zero6575\AppData\Local\Temp\ccC1ASpA.s:11873  .debug_str:000000000000787b .LASF1785
C:\Users\zero6575\AppData\Local\Temp\ccC1ASpA.s:12099  .debug_str:00000000000083a9 .LASF1786
C:\Users\zero6575\AppData\Local\Temp\ccC1ASpA.s:10373  .debug_str:0000000000002a51 .LASF1787
C:\Users\zero6575\AppData\Local\Temp\ccC1ASpA.s:10099  .debug_str:0000000000001a3a .LASF1788
C:\Users\zero6575\AppData\Local\Temp\ccC1ASpA.s:9963   .debug_str:0000000000001396 .LASF1789
C:\Users\zero6575\AppData\Local\Temp\ccC1ASpA.s:12107  .debug_str:0000000000008478 .LASF1790
C:\Users\zero6575\AppData\Local\Temp\ccC1ASpA.s:12597  .debug_str:0000000000009d90 .LASF1791
C:\Users\zero6575\AppData\Local\Temp\ccC1ASpA.s:12471  .debug_str:00000000000096f6 .LASF1792
C:\Users\zero6575\AppData\Local\Temp\ccC1ASpA.s:13577  .debug_str:000000000000ceca .LASF1793
C:\Users\zero6575\AppData\Local\Temp\ccC1ASpA.s:11899  .debug_str:000000000000799a .LASF1794
C:\Users\zero6575\AppData\Local\Temp\ccC1ASpA.s:10851  .debug_str:00000000000043fe .LASF1795
C:\Users\zero6575\AppData\Local\Temp\ccC1ASpA.s:12293  .debug_str:0000000000008e2d .LASF1796
C:\Users\zero6575\AppData\Local\Temp\ccC1ASpA.s:10695  .debug_str:00000000000039b5 .LASF1797
C:\Users\zero6575\AppData\Local\Temp\ccC1ASpA.s:11305  .debug_str:0000000000005b34 .LASF1798
C:\Users\zero6575\AppData\Local\Temp\ccC1ASpA.s:9981   .debug_str:0000000000001482 .LASF1799
C:\Users\zero6575\AppData\Local\Temp\ccC1ASpA.s:11287  .debug_str:0000000000005a69 .LASF1800
C:\Users\zero6575\AppData\Local\Temp\ccC1ASpA.s:13567  .debug_str:000000000000ce6f .LASF1801
C:\Users\zero6575\AppData\Local\Temp\ccC1ASpA.s:10703  .debug_str:0000000000003a2b .LASF1802
C:\Users\zero6575\AppData\Local\Temp\ccC1ASpA.s:13079  .debug_str:000000000000b4e9 .LASF1803
C:\Users\zero6575\AppData\Local\Temp\ccC1ASpA.s:12611  .debug_str:0000000000009e29 .LASF1804
C:\Users\zero6575\AppData\Local\Temp\ccC1ASpA.s:11487  .debug_str:000000000000646b .LASF1805
C:\Users\zero6575\AppData\Local\Temp\ccC1ASpA.s:9657   .debug_str:000000000000051d .LASF1806
C:\Users\zero6575\AppData\Local\Temp\ccC1ASpA.s:13183  .debug_str:000000000000b9cb .LASF1807
C:\Users\zero6575\AppData\Local\Temp\ccC1ASpA.s:12961  .debug_str:000000000000ae94 .LASF1808
C:\Users\zero6575\AppData\Local\Temp\ccC1ASpA.s:9873   .debug_str:0000000000000f63 .LASF1809
C:\Users\zero6575\AppData\Local\Temp\ccC1ASpA.s:12811  .debug_str:000000000000a7fb .LASF1810
C:\Users\zero6575\AppData\Local\Temp\ccC1ASpA.s:9943   .debug_str:0000000000001290 .LASF1811
C:\Users\zero6575\AppData\Local\Temp\ccC1ASpA.s:9613   .debug_str:00000000000002cd .LASF1812
C:\Users\zero6575\AppData\Local\Temp\ccC1ASpA.s:12457  .debug_str:0000000000009668 .LASF1813
C:\Users\zero6575\AppData\Local\Temp\ccC1ASpA.s:9793   .debug_str:0000000000000af3 .LASF1814
C:\Users\zero6575\AppData\Local\Temp\ccC1ASpA.s:12565  .debug_str:0000000000009bd2 .LASF1815
C:\Users\zero6575\AppData\Local\Temp\ccC1ASpA.s:10237  .debug_str:00000000000023a7 .LASF1816
C:\Users\zero6575\AppData\Local\Temp\ccC1ASpA.s:9765   .debug_str:00000000000009fe .LASF1817
C:\Users\zero6575\AppData\Local\Temp\ccC1ASpA.s:10223  .debug_str:0000000000002300 .LASF1818
C:\Users\zero6575\AppData\Local\Temp\ccC1ASpA.s:13179  .debug_str:000000000000b99d .LASF1819
C:\Users\zero6575\AppData\Local\Temp\ccC1ASpA.s:11765  .debug_str:000000000000735c .LASF1820
C:\Users\zero6575\AppData\Local\Temp\ccC1ASpA.s:13865  .debug_str:000000000000dc6e .LASF1821
C:\Users\zero6575\AppData\Local\Temp\ccC1ASpA.s:10689  .debug_str:000000000000395f .LASF1822
C:\Users\zero6575\AppData\Local\Temp\ccC1ASpA.s:11879  .debug_str:00000000000078cb .LASF1823
C:\Users\zero6575\AppData\Local\Temp\ccC1ASpA.s:13803  .debug_str:000000000000d968 .LASF1824
C:\Users\zero6575\AppData\Local\Temp\ccC1ASpA.s:13547  .debug_str:000000000000cd67 .LASF1825
C:\Users\zero6575\AppData\Local\Temp\ccC1ASpA.s:11959  .debug_str:0000000000007c56 .LASF1826
C:\Users\zero6575\AppData\Local\Temp\ccC1ASpA.s:12695  .debug_str:000000000000a302 .LASF1827
C:\Users\zero6575\AppData\Local\Temp\ccC1ASpA.s:10743  .debug_str:0000000000003c92 .LASF1828
C:\Users\zero6575\AppData\Local\Temp\ccC1ASpA.s:12071  .debug_str:0000000000008292 .LASF1829
C:\Users\zero6575\AppData\Local\Temp\ccC1ASpA.s:12477  .debug_str:000000000000973f .LASF1830
C:\Users\zero6575\AppData\Local\Temp\ccC1ASpA.s:10845  .debug_str:00000000000043b5 .LASF1831
C:\Users\zero6575\AppData\Local\Temp\ccC1ASpA.s:13859  .debug_str:000000000000dc26 .LASF1832
C:\Users\zero6575\AppData\Local\Temp\ccC1ASpA.s:10105  .debug_str:0000000000001a90 .LASF1833
C:\Users\zero6575\AppData\Local\Temp\ccC1ASpA.s:12359  .debug_str:000000000000915f .LASF1834
C:\Users\zero6575\AppData\Local\Temp\ccC1ASpA.s:12495  .debug_str:000000000000987a .LASF1835
C:\Users\zero6575\AppData\Local\Temp\ccC1ASpA.s:9857   .debug_str:0000000000000e7b .LASF1836
C:\Users\zero6575\AppData\Local\Temp\ccC1ASpA.s:10485  .debug_str:0000000000002f6b .LASF1837
C:\Users\zero6575\AppData\Local\Temp\ccC1ASpA.s:10867  .debug_str:0000000000004511 .LASF1838
C:\Users\zero6575\AppData\Local\Temp\ccC1ASpA.s:9919   .debug_str:00000000000011ab .LASF1839
C:\Users\zero6575\AppData\Local\Temp\ccC1ASpA.s:12075  .debug_str:00000000000082b4 .LASF1840
C:\Users\zero6575\AppData\Local\Temp\ccC1ASpA.s:12833  .debug_str:000000000000a913 .LASF1841
C:\Users\zero6575\AppData\Local\Temp\ccC1ASpA.s:12031  .debug_str:0000000000007ff9 .LASF1842
C:\Users\zero6575\AppData\Local\Temp\ccC1ASpA.s:13303  .debug_str:000000000000bff2 .LASF1843
C:\Users\zero6575\AppData\Local\Temp\ccC1ASpA.s:12593  .debug_str:0000000000009d64 .LASF1844
C:\Users\zero6575\AppData\Local\Temp\ccC1ASpA.s:13139  .debug_str:000000000000b7bc .LASF1845
C:\Users\zero6575\AppData\Local\Temp\ccC1ASpA.s:11555  .debug_str:0000000000006859 .LASF1846
C:\Users\zero6575\AppData\Local\Temp\ccC1ASpA.s:9621   .debug_str:000000000000036c .LASF1847
C:\Users\zero6575\AppData\Local\Temp\ccC1ASpA.s:12357  .debug_str:000000000000914c .LASF1848
C:\Users\zero6575\AppData\Local\Temp\ccC1ASpA.s:13373  .debug_str:000000000000c345 .LASF1849
C:\Users\zero6575\AppData\Local\Temp\ccC1ASpA.s:11043  .debug_str:0000000000004e19 .LASF1850
C:\Users\zero6575\AppData\Local\Temp\ccC1ASpA.s:11279  .debug_str:0000000000005a30 .LASF1851
C:\Users\zero6575\AppData\Local\Temp\ccC1ASpA.s:12731  .debug_str:000000000000a496 .LASF1852
C:\Users\zero6575\AppData\Local\Temp\ccC1ASpA.s:13773  .debug_str:000000000000d85a .LASF1853
C:\Users\zero6575\AppData\Local\Temp\ccC1ASpA.s:12417  .debug_str:0000000000009450 .LASF1854
C:\Users\zero6575\AppData\Local\Temp\ccC1ASpA.s:9811   .debug_str:0000000000000baf .LASF1855
C:\Users\zero6575\AppData\Local\Temp\ccC1ASpA.s:11089  .debug_str:00000000000050eb .LASF1856
C:\Users\zero6575\AppData\Local\Temp\ccC1ASpA.s:11297  .debug_str:0000000000005acd .LASF1857
C:\Users\zero6575\AppData\Local\Temp\ccC1ASpA.s:9839   .debug_str:0000000000000d5b .LASF1858
C:\Users\zero6575\AppData\Local\Temp\ccC1ASpA.s:12549  .debug_str:0000000000009ac4 .LASF1859
C:\Users\zero6575\AppData\Local\Temp\ccC1ASpA.s:11639  .debug_str:0000000000006c04 .LASF1860
C:\Users\zero6575\AppData\Local\Temp\ccC1ASpA.s:12343  .debug_str:00000000000090a5 .LASF1861
C:\Users\zero6575\AppData\Local\Temp\ccC1ASpA.s:11015  .debug_str:0000000000004cdb .LASF1862
C:\Users\zero6575\AppData\Local\Temp\ccC1ASpA.s:12403  .debug_str:00000000000093a3 .LASF1863
C:\Users\zero6575\AppData\Local\Temp\ccC1ASpA.s:11651  .debug_str:0000000000006d0e .LASF1864
C:\Users\zero6575\AppData\Local\Temp\ccC1ASpA.s:13077  .debug_str:000000000000b4cc .LASF1865
C:\Users\zero6575\AppData\Local\Temp\ccC1ASpA.s:13799  .debug_str:000000000000d940 .LASF1866
C:\Users\zero6575\AppData\Local\Temp\ccC1ASpA.s:11251  .debug_str:00000000000058a4 .LASF1867
C:\Users\zero6575\AppData\Local\Temp\ccC1ASpA.s:13007  .debug_str:000000000000b0a8 .LASF1868
C:\Users\zero6575\AppData\Local\Temp\ccC1ASpA.s:13783  .debug_str:000000000000d8b3 .LASF1869
C:\Users\zero6575\AppData\Local\Temp\ccC1ASpA.s:11189  .debug_str:00000000000055e1 .LASF1870
C:\Users\zero6575\AppData\Local\Temp\ccC1ASpA.s:13215  .debug_str:000000000000bb77 .LASF1871
C:\Users\zero6575\AppData\Local\Temp\ccC1ASpA.s:11033  .debug_str:0000000000004da9 .LASF1872
C:\Users\zero6575\AppData\Local\Temp\ccC1ASpA.s:12783  .debug_str:000000000000a6c4 .LASF1873
C:\Users\zero6575\AppData\Local\Temp\ccC1ASpA.s:10919  .debug_str:0000000000004771 .LASF1874
C:\Users\zero6575\AppData\Local\Temp\ccC1ASpA.s:10681  .debug_str:00000000000038f0 .LASF1875
C:\Users\zero6575\AppData\Local\Temp\ccC1ASpA.s:12161  .debug_str:000000000000873b .LASF1876
C:\Users\zero6575\AppData\Local\Temp\ccC1ASpA.s:10713  .debug_str:0000000000003aa2 .LASF1877
C:\Users\zero6575\AppData\Local\Temp\ccC1ASpA.s:9801   .debug_str:0000000000000b49 .LASF1878
C:\Users\zero6575\AppData\Local\Temp\ccC1ASpA.s:12929  .debug_str:000000000000ad12 .LASF1879
C:\Users\zero6575\AppData\Local\Temp\ccC1ASpA.s:13015  .debug_str:000000000000b109 .LASF1880
C:\Users\zero6575\AppData\Local\Temp\ccC1ASpA.s:12019  .debug_str:0000000000007f68 .LASF1881
C:\Users\zero6575\AppData\Local\Temp\ccC1ASpA.s:12853  .debug_str:000000000000a99a .LASF1882
C:\Users\zero6575\AppData\Local\Temp\ccC1ASpA.s:12289  .debug_str:0000000000008df8 .LASF1883
C:\Users\zero6575\AppData\Local\Temp\ccC1ASpA.s:11733  .debug_str:000000000000716b .LASF1884
C:\Users\zero6575\AppData\Local\Temp\ccC1ASpA.s:11763  .debug_str:0000000000007349 .LASF1885
C:\Users\zero6575\AppData\Local\Temp\ccC1ASpA.s:10101  .debug_str:0000000000001a48 .LASF1886
C:\Users\zero6575\AppData\Local\Temp\ccC1ASpA.s:9619   .debug_str:0000000000000349 .LASF1887
C:\Users\zero6575\AppData\Local\Temp\ccC1ASpA.s:10463  .debug_str:0000000000002e4a .LASF1888
C:\Users\zero6575\AppData\Local\Temp\ccC1ASpA.s:12191  .debug_str:0000000000008899 .LASF1889
C:\Users\zero6575\AppData\Local\Temp\ccC1ASpA.s:13679  .debug_str:000000000000d360 .LASF1890
C:\Users\zero6575\AppData\Local\Temp\ccC1ASpA.s:11121  .debug_str:0000000000005247 .LASF1891
C:\Users\zero6575\AppData\Local\Temp\ccC1ASpA.s:9573   .debug_str:0000000000000126 .LASF1892
C:\Users\zero6575\AppData\Local\Temp\ccC1ASpA.s:10909  .debug_str:00000000000046ee .LASF1893
C:\Users\zero6575\AppData\Local\Temp\ccC1ASpA.s:13661  .debug_str:000000000000d2a1 .LASF1894
C:\Users\zero6575\AppData\Local\Temp\ccC1ASpA.s:11099  .debug_str:000000000000514e .LASF1895
C:\Users\zero6575\AppData\Local\Temp\ccC1ASpA.s:10103  .debug_str:0000000000001a6c .LASF1896
C:\Users\zero6575\AppData\Local\Temp\ccC1ASpA.s:12365  .debug_str:00000000000091cb .LASF1897
C:\Users\zero6575\AppData\Local\Temp\ccC1ASpA.s:9599   .debug_str:0000000000000230 .LASF1898
C:\Users\zero6575\AppData\Local\Temp\ccC1ASpA.s:10771  .debug_str:0000000000003e0a .LASF1899
C:\Users\zero6575\AppData\Local\Temp\ccC1ASpA.s:11657  .debug_str:0000000000006d5a .LASF1900
C:\Users\zero6575\AppData\Local\Temp\ccC1ASpA.s:11203  .debug_str:0000000000005684 .LASF1901
C:\Users\zero6575\AppData\Local\Temp\ccC1ASpA.s:13075  .debug_str:000000000000b4a4 .LASF1902
C:\Users\zero6575\AppData\Local\Temp\ccC1ASpA.s:11207  .debug_str:00000000000056b7 .LASF1903
C:\Users\zero6575\AppData\Local\Temp\ccC1ASpA.s:11541  .debug_str:0000000000006790 .LASF1904
C:\Users\zero6575\AppData\Local\Temp\ccC1ASpA.s:11209  .debug_str:00000000000056dc .LASF1905
C:\Users\zero6575\AppData\Local\Temp\ccC1ASpA.s:9673   .debug_str:000000000000060f .LASF1906
C:\Users\zero6575\AppData\Local\Temp\ccC1ASpA.s:13613  .debug_str:000000000000d054 .LASF1907
C:\Users\zero6575\AppData\Local\Temp\ccC1ASpA.s:9617   .debug_str:0000000000000326 .LASF1908
C:\Users\zero6575\AppData\Local\Temp\ccC1ASpA.s:11535  .debug_str:000000000000673f .LASF1909
C:\Users\zero6575\AppData\Local\Temp\ccC1ASpA.s:12271  .debug_str:0000000000008d10 .LASF1910
C:\Users\zero6575\AppData\Local\Temp\ccC1ASpA.s:12109  .debug_str:000000000000848a .LASF1911
C:\Users\zero6575\AppData\Local\Temp\ccC1ASpA.s:10135  .debug_str:0000000000001c32 .LASF1912
C:\Users\zero6575\AppData\Local\Temp\ccC1ASpA.s:9901   .debug_str:0000000000001098 .LASF1913
C:\Users\zero6575\AppData\Local\Temp\ccC1ASpA.s:10563  .debug_str:000000000000333c .LASF1914
C:\Users\zero6575\AppData\Local\Temp\ccC1ASpA.s:9861   .debug_str:0000000000000efd .LASF1915
C:\Users\zero6575\AppData\Local\Temp\ccC1ASpA.s:13671  .debug_str:000000000000d312 .LASF1916
C:\Users\zero6575\AppData\Local\Temp\ccC1ASpA.s:11973  .debug_str:0000000000007cf5 .LASF1917
C:\Users\zero6575\AppData\Local\Temp\ccC1ASpA.s:11341  .debug_str:0000000000005cd0 .LASF1918
C:\Users\zero6575\AppData\Local\Temp\ccC1ASpA.s:10809  .debug_str:0000000000004055 .LASF1919
C:\Users\zero6575\AppData\Local\Temp\ccC1ASpA.s:10051  .debug_str:00000000000017ba .LASF1920
C:\Users\zero6575\AppData\Local\Temp\ccC1ASpA.s:12615  .debug_str:0000000000009e46 .LASF1921
C:\Users\zero6575\AppData\Local\Temp\ccC1ASpA.s:10915  .debug_str:0000000000004732 .LASF1922
C:\Users\zero6575\AppData\Local\Temp\ccC1ASpA.s:10409  .debug_str:0000000000002bf1 .LASF1923
C:\Users\zero6575\AppData\Local\Temp\ccC1ASpA.s:10279  .debug_str:00000000000025d4 .LASF1924
C:\Users\zero6575\AppData\Local\Temp\ccC1ASpA.s:13167  .debug_str:000000000000b921 .LASF1925
C:\Users\zero6575\AppData\Local\Temp\ccC1ASpA.s:9979   .debug_str:000000000000145b .LASF1926
C:\Users\zero6575\AppData\Local\Temp\ccC1ASpA.s:13425  .debug_str:000000000000c5e4 .LASF1927
C:\Users\zero6575\AppData\Local\Temp\ccC1ASpA.s:11025  .debug_str:0000000000004d45 .LASF1928
C:\Users\zero6575\AppData\Local\Temp\ccC1ASpA.s:10025  .debug_str:0000000000001699 .LASF1929
C:\Users\zero6575\AppData\Local\Temp\ccC1ASpA.s:13147  .debug_str:000000000000b808 .LASF1930
C:\Users\zero6575\AppData\Local\Temp\ccC1ASpA.s:10549  .debug_str:000000000000325f .LASF1931
C:\Users\zero6575\AppData\Local\Temp\ccC1ASpA.s:13361  .debug_str:000000000000c2b3 .LASF1932
C:\Users\zero6575\AppData\Local\Temp\ccC1ASpA.s:12741  .debug_str:000000000000a50a .LASF1933
C:\Users\zero6575\AppData\Local\Temp\ccC1ASpA.s:10345  .debug_str:0000000000002947 .LASF1934
C:\Users\zero6575\AppData\Local\Temp\ccC1ASpA.s:12237  .debug_str:0000000000008b16 .LASF1935
C:\Users\zero6575\AppData\Local\Temp\ccC1ASpA.s:10693  .debug_str:0000000000003996 .LASF1936
C:\Users\zero6575\AppData\Local\Temp\ccC1ASpA.s:9999   .debug_str:0000000000001534 .LASF1937
C:\Users\zero6575\AppData\Local\Temp\ccC1ASpA.s:11631  .debug_str:0000000000006b99 .LASF1938
C:\Users\zero6575\AppData\Local\Temp\ccC1ASpA.s:13539  .debug_str:000000000000cd1c .LASF1939
C:\Users\zero6575\AppData\Local\Temp\ccC1ASpA.s:12519  .debug_str:0000000000009973 .LASF1940
C:\Users\zero6575\AppData\Local\Temp\ccC1ASpA.s:10855  .debug_str:0000000000004427 .LASF1941
C:\Users\zero6575\AppData\Local\Temp\ccC1ASpA.s:10337  .debug_str:00000000000028f0 .LASF1942
C:\Users\zero6575\AppData\Local\Temp\ccC1ASpA.s:12579  .debug_str:0000000000009c99 .LASF1943
C:\Users\zero6575\AppData\Local\Temp\ccC1ASpA.s:10923  .debug_str:00000000000047a7 .LASF1944
C:\Users\zero6575\AppData\Local\Temp\ccC1ASpA.s:12951  .debug_str:000000000000ae4b .LASF1945
C:\Users\zero6575\AppData\Local\Temp\ccC1ASpA.s:10525  .debug_str:000000000000316b .LASF1946
C:\Users\zero6575\AppData\Local\Temp\ccC1ASpA.s:12909  .debug_str:000000000000ac2b .LASF1947
C:\Users\zero6575\AppData\Local\Temp\ccC1ASpA.s:12355  .debug_str:0000000000009137 .LASF1948
C:\Users\zero6575\AppData\Local\Temp\ccC1ASpA.s:12857  .debug_str:000000000000a9d8 .LASF1949
C:\Users\zero6575\AppData\Local\Temp\ccC1ASpA.s:12589  .debug_str:0000000000009d44 .LASF1950
C:\Users\zero6575\AppData\Local\Temp\ccC1ASpA.s:9787   .debug_str:0000000000000aa6 .LASF1951
C:\Users\zero6575\AppData\Local\Temp\ccC1ASpA.s:12413  .debug_str:0000000000009414 .LASF1952
C:\Users\zero6575\AppData\Local\Temp\ccC1ASpA.s:13581  .debug_str:000000000000cefc .LASF1953
C:\Users\zero6575\AppData\Local\Temp\ccC1ASpA.s:11225  .debug_str:00000000000057a5 .LASF1954
C:\Users\zero6575\AppData\Local\Temp\ccC1ASpA.s:12981  .debug_str:000000000000af79 .LASF1955
C:\Users\zero6575\AppData\Local\Temp\ccC1ASpA.s:10477  .debug_str:0000000000002f19 .LASF1956
C:\Users\zero6575\AppData\Local\Temp\ccC1ASpA.s:12699  .debug_str:000000000000a322 .LASF1957
C:\Users\zero6575\AppData\Local\Temp\ccC1ASpA.s:10069  .debug_str:0000000000001885 .LASF1958
C:\Users\zero6575\AppData\Local\Temp\ccC1ASpA.s:10095  .debug_str:00000000000019f9 .LASF1959
C:\Users\zero6575\AppData\Local\Temp\ccC1ASpA.s:12603  .debug_str:0000000000009dd2 .LASF1960
C:\Users\zero6575\AppData\Local\Temp\ccC1ASpA.s:13825  .debug_str:000000000000da17 .LASF1961
C:\Users\zero6575\AppData\Local\Temp\ccC1ASpA.s:11383  .debug_str:0000000000005f46 .LASF1962
C:\Users\zero6575\AppData\Local\Temp\ccC1ASpA.s:9595   .debug_str:00000000000001fb .LASF1963
C:\Users\zero6575\AppData\Local\Temp\ccC1ASpA.s:12385  .debug_str:00000000000092b5 .LASF1964
C:\Users\zero6575\AppData\Local\Temp\ccC1ASpA.s:10927  .debug_str:00000000000047c4 .LASF1965
C:\Users\zero6575\AppData\Local\Temp\ccC1ASpA.s:10529  .debug_str:000000000000318a .LASF1966
C:\Users\zero6575\AppData\Local\Temp\ccC1ASpA.s:10691  .debug_str:000000000000396f .LASF1967
C:\Users\zero6575\AppData\Local\Temp\ccC1ASpA.s:10991  .debug_str:0000000000004bcf .LASF1968
C:\Users\zero6575\AppData\Local\Temp\ccC1ASpA.s:12999  .debug_str:000000000000b024 .LASF1969
C:\Users\zero6575\AppData\Local\Temp\ccC1ASpA.s:11183  .debug_str:000000000000559c .LASF1970
C:\Users\zero6575\AppData\Local\Temp\ccC1ASpA.s:13271  .debug_str:000000000000bdfe .LASF1971
C:\Users\zero6575\AppData\Local\Temp\ccC1ASpA.s:11869  .debug_str:0000000000007832 .LASF1972
C:\Users\zero6575\AppData\Local\Temp\ccC1ASpA.s:10119  .debug_str:0000000000001b6b .LASF1973
C:\Users\zero6575\AppData\Local\Temp\ccC1ASpA.s:11395  .debug_str:0000000000005ffb .LASF1974
C:\Users\zero6575\AppData\Local\Temp\ccC1ASpA.s:13157  .debug_str:000000000000b88f .LASF1975
C:\Users\zero6575\AppData\Local\Temp\ccC1ASpA.s:11495  .debug_str:00000000000064cb .LASF1976
C:\Users\zero6575\AppData\Local\Temp\ccC1ASpA.s:10107  .debug_str:0000000000001a9e .LASF1977
C:\Users\zero6575\AppData\Local\Temp\ccC1ASpA.s:9557   .debug_str:000000000000006f .LASF1978
C:\Users\zero6575\AppData\Local\Temp\ccC1ASpA.s:9655   .debug_str:00000000000004f5 .LASF1979
C:\Users\zero6575\AppData\Local\Temp\ccC1ASpA.s:9645   .debug_str:000000000000047c .LASF1980
C:\Users\zero6575\AppData\Local\Temp\ccC1ASpA.s:13689  .debug_str:000000000000d3dd .LASF1981
C:\Users\zero6575\AppData\Local\Temp\ccC1ASpA.s:11615  .debug_str:0000000000006ae5 .LASF1982
C:\Users\zero6575\AppData\Local\Temp\ccC1ASpA.s:11135  .debug_str:0000000000005347 .LASF1983
C:\Users\zero6575\AppData\Local\Temp\ccC1ASpA.s:12089  .debug_str:000000000000834a .LASF1984
C:\Users\zero6575\AppData\Local\Temp\ccC1ASpA.s:12633  .debug_str:0000000000009f3f .LASF1985
C:\Users\zero6575\AppData\Local\Temp\ccC1ASpA.s:10489  .debug_str:0000000000002f95 .LASF1986
C:\Users\zero6575\AppData\Local\Temp\ccC1ASpA.s:11677  .debug_str:0000000000006e54 .LASF1987
C:\Users\zero6575\AppData\Local\Temp\ccC1ASpA.s:12443  .debug_str:00000000000095cc .LASF1988
C:\Users\zero6575\AppData\Local\Temp\ccC1ASpA.s:13483  .debug_str:000000000000c8e4 .LASF1989
C:\Users\zero6575\AppData\Local\Temp\ccC1ASpA.s:13609  .debug_str:000000000000d022 .LASF1990
C:\Users\zero6575\AppData\Local\Temp\ccC1ASpA.s:11479  .debug_str:000000000000641e .LASF1991
C:\Users\zero6575\AppData\Local\Temp\ccC1ASpA.s:10339  .debug_str:0000000000002908 .LASF1992
C:\Users\zero6575\AppData\Local\Temp\ccC1ASpA.s:13429  .debug_str:000000000000c621 .LASF1993
C:\Users\zero6575\AppData\Local\Temp\ccC1ASpA.s:12937  .debug_str:000000000000ad83 .LASF1994
C:\Users\zero6575\AppData\Local\Temp\ccC1ASpA.s:10765  .debug_str:0000000000003dbf .LASF1995
C:\Users\zero6575\AppData\Local\Temp\ccC1ASpA.s:13765  .debug_str:000000000000d7f7 .LASF1996
C:\Users\zero6575\AppData\Local\Temp\ccC1ASpA.s:12799  .debug_str:000000000000a782 .LASF1997
C:\Users\zero6575\AppData\Local\Temp\ccC1ASpA.s:12025  .debug_str:0000000000007fb1 .LASF1998
C:\Users\zero6575\AppData\Local\Temp\ccC1ASpA.s:11423  .debug_str:000000000000612d .LASF1999
C:\Users\zero6575\AppData\Local\Temp\ccC1ASpA.s:10491  .debug_str:0000000000002fb7 .LASF2000
C:\Users\zero6575\AppData\Local\Temp\ccC1ASpA.s:11421  .debug_str:0000000000006111 .LASF2001
C:\Users\zero6575\AppData\Local\Temp\ccC1ASpA.s:11377  .debug_str:0000000000005eff .LASF2002
C:\Users\zero6575\AppData\Local\Temp\ccC1ASpA.s:13259  .debug_str:000000000000bd5a .LASF2003
C:\Users\zero6575\AppData\Local\Temp\ccC1ASpA.s:11255  .debug_str:00000000000058c0 .LASF2004
C:\Users\zero6575\AppData\Local\Temp\ccC1ASpA.s:11219  .debug_str:000000000000574c .LASF2005
C:\Users\zero6575\AppData\Local\Temp\ccC1ASpA.s:9849   .debug_str:0000000000000e08 .LASF2006
C:\Users\zero6575\AppData\Local\Temp\ccC1ASpA.s:13201  .debug_str:000000000000baaf .LASF2007
C:\Users\zero6575\AppData\Local\Temp\ccC1ASpA.s:12677  .debug_str:000000000000a1e4 .LASF2008
C:\Users\zero6575\AppData\Local\Temp\ccC1ASpA.s:13069  .debug_str:000000000000b43a .LASF2009
C:\Users\zero6575\AppData\Local\Temp\ccC1ASpA.s:13535  .debug_str:000000000000ccd8 .LASF2010
C:\Users\zero6575\AppData\Local\Temp\ccC1ASpA.s:11359  .debug_str:0000000000005d9b .LASF2011
C:\Users\zero6575\AppData\Local\Temp\ccC1ASpA.s:11357  .debug_str:0000000000005d84 .LASF2012
C:\Users\zero6575\AppData\Local\Temp\ccC1ASpA.s:13059  .debug_str:000000000000b3ca .LASF2013
C:\Users\zero6575\AppData\Local\Temp\ccC1ASpA.s:13457  .debug_str:000000000000c77e .LASF2014
C:\Users\zero6575\AppData\Local\Temp\ccC1ASpA.s:10791  .debug_str:0000000000003ef3 .LASF2015
C:\Users\zero6575\AppData\Local\Temp\ccC1ASpA.s:11633  .debug_str:0000000000006bbc .LASF2016
C:\Users\zero6575\AppData\Local\Temp\ccC1ASpA.s:10521  .debug_str:000000000000312b .LASF2017
C:\Users\zero6575\AppData\Local\Temp\ccC1ASpA.s:12145  .debug_str:0000000000008678 .LASF2018
C:\Users\zero6575\AppData\Local\Temp\ccC1ASpA.s:11871  .debug_str:000000000000784e .LASF2019
C:\Users\zero6575\AppData\Local\Temp\ccC1ASpA.s:11921  .debug_str:0000000000007aa0 .LASF2020
C:\Users\zero6575\AppData\Local\Temp\ccC1ASpA.s:10325  .debug_str:000000000000283e .LASF2021
C:\Users\zero6575\AppData\Local\Temp\ccC1ASpA.s:12823  .debug_str:000000000000a88f .LASF2022
C:\Users\zero6575\AppData\Local\Temp\ccC1ASpA.s:9875   .debug_str:0000000000000f78 .LASF2023
C:\Users\zero6575\AppData\Local\Temp\ccC1ASpA.s:10487  .debug_str:0000000000002f77 .LASF2024
C:\Users\zero6575\AppData\Local\Temp\ccC1ASpA.s:13331  .debug_str:000000000000c16f .LASF2025
C:\Users\zero6575\AppData\Local\Temp\ccC1ASpA.s:10741  .debug_str:0000000000003c78 .LASF2026
C:\Users\zero6575\AppData\Local\Temp\ccC1ASpA.s:10271  .debug_str:000000000000256c .LASF2027
C:\Users\zero6575\AppData\Local\Temp\ccC1ASpA.s:11923  .debug_str:0000000000007ac9 .LASF2028
C:\Users\zero6575\AppData\Local\Temp\ccC1ASpA.s:13417  .debug_str:000000000000c581 .LASF2029
C:\Users\zero6575\AppData\Local\Temp\ccC1ASpA.s:13295  .debug_str:000000000000bf91 .LASF2030
C:\Users\zero6575\AppData\Local\Temp\ccC1ASpA.s:11241  .debug_str:000000000000584f .LASF2031
C:\Users\zero6575\AppData\Local\Temp\ccC1ASpA.s:9723   .debug_str:000000000000088a .LASF2032
C:\Users\zero6575\AppData\Local\Temp\ccC1ASpA.s:10257  .debug_str:0000000000002467 .LASF2033
C:\Users\zero6575\AppData\Local\Temp\ccC1ASpA.s:10985  .debug_str:0000000000004b79 .LASF2034
C:\Users\zero6575\AppData\Local\Temp\ccC1ASpA.s:11123  .debug_str:000000000000526f .LASF2035
C:\Users\zero6575\AppData\Local\Temp\ccC1ASpA.s:11119  .debug_str:0000000000005225 .LASF2036
C:\Users\zero6575\AppData\Local\Temp\ccC1ASpA.s:10949  .debug_str:000000000000495a .LASF2037
C:\Users\zero6575\AppData\Local\Temp\ccC1ASpA.s:10825  .debug_str:0000000000004249 .LASF2038
C:\Users\zero6575\AppData\Local\Temp\ccC1ASpA.s:12287  .debug_str:0000000000008dd6 .LASF2039
C:\Users\zero6575\AppData\Local\Temp\ccC1ASpA.s:12057  .debug_str:0000000000008135 .LASF2040
C:\Users\zero6575\AppData\Local\Temp\ccC1ASpA.s:10139  .debug_str:0000000000001c56 .LASF2041
C:\Users\zero6575\AppData\Local\Temp\ccC1ASpA.s:10779  .debug_str:0000000000003e6d .LASF2042
C:\Users\zero6575\AppData\Local\Temp\ccC1ASpA.s:10109  .debug_str:0000000000001abd .LASF2043
C:\Users\zero6575\AppData\Local\Temp\ccC1ASpA.s:12111  .debug_str:00000000000084a4 .LASF2044
C:\Users\zero6575\AppData\Local\Temp\ccC1ASpA.s:12037  .debug_str:0000000000008038 .LASF2045
C:\Users\zero6575\AppData\Local\Temp\ccC1ASpA.s:12793  .debug_str:000000000000a733 .LASF2046
C:\Users\zero6575\AppData\Local\Temp\ccC1ASpA.s:10895  .debug_str:0000000000004629 .LASF2047
C:\Users\zero6575\AppData\Local\Temp\ccC1ASpA.s:12261  .debug_str:0000000000008c4e .LASF2048
C:\Users\zero6575\AppData\Local\Temp\ccC1ASpA.s:13131  .debug_str:000000000000b751 .LASF2049
C:\Users\zero6575\AppData\Local\Temp\ccC1ASpA.s:12933  .debug_str:000000000000ad3c .LASF2050
C:\Users\zero6575\AppData\Local\Temp\ccC1ASpA.s:12009  .debug_str:0000000000007f0d .LASF2051
C:\Users\zero6575\AppData\Local\Temp\ccC1ASpA.s:12813  .debug_str:000000000000a80b .LASF2052
C:\Users\zero6575\AppData\Local\Temp\ccC1ASpA.s:9569   .debug_str:00000000000000fa .LASF2053
C:\Users\zero6575\AppData\Local\Temp\ccC1ASpA.s:11437  .debug_str:00000000000061b7 .LASF2054
C:\Users\zero6575\AppData\Local\Temp\ccC1ASpA.s:13659  .debug_str:000000000000d285 .LASF2055
C:\Users\zero6575\AppData\Local\Temp\ccC1ASpA.s:13549  .debug_str:000000000000cd7b .LASF2056
C:\Users\zero6575\AppData\Local\Temp\ccC1ASpA.s:13187  .debug_str:000000000000b9fd .LASF2057
C:\Users\zero6575\AppData\Local\Temp\ccC1ASpA.s:13385  .debug_str:000000000000c3d9 .LASF2058
C:\Users\zero6575\AppData\Local\Temp\ccC1ASpA.s:10651  .debug_str:000000000000372e .LASF2059
C:\Users\zero6575\AppData\Local\Temp\ccC1ASpA.s:11701  .debug_str:0000000000006f9f .LASF2060
C:\Users\zero6575\AppData\Local\Temp\ccC1ASpA.s:12211  .debug_str:00000000000089c4 .LASF2061
C:\Users\zero6575\AppData\Local\Temp\ccC1ASpA.s:13739  .debug_str:000000000000d692 .LASF2062
C:\Users\zero6575\AppData\Local\Temp\ccC1ASpA.s:11787  .debug_str:0000000000007460 .LASF2063
C:\Users\zero6575\AppData\Local\Temp\ccC1ASpA.s:13727  .debug_str:000000000000d602 .LASF2064
C:\Users\zero6575\AppData\Local\Temp\ccC1ASpA.s:11509  .debug_str:00000000000065a0 .LASF2065
C:\Users\zero6575\AppData\Local\Temp\ccC1ASpA.s:12889  .debug_str:000000000000ab48 .LASF2066
C:\Users\zero6575\AppData\Local\Temp\ccC1ASpA.s:10141  .debug_str:0000000000001c6f .LASF2067
C:\Users\zero6575\AppData\Local\Temp\ccC1ASpA.s:9991   .debug_str:00000000000014ed .LASF2068
C:\Users\zero6575\AppData\Local\Temp\ccC1ASpA.s:12689  .debug_str:000000000000a2bd .LASF2069
C:\Users\zero6575\AppData\Local\Temp\ccC1ASpA.s:11801  .debug_str:00000000000074fa .LASF2070
C:\Users\zero6575\AppData\Local\Temp\ccC1ASpA.s:11055  .debug_str:0000000000004e9a .LASF2071
C:\Users\zero6575\AppData\Local\Temp\ccC1ASpA.s:12517  .debug_str:0000000000009957 .LASF2072
C:\Users\zero6575\AppData\Local\Temp\ccC1ASpA.s:12437  .debug_str:0000000000009594 .LASF2073
C:\Users\zero6575\AppData\Local\Temp\ccC1ASpA.s:12127  .debug_str:000000000000859b .LASF2074
C:\Users\zero6575\AppData\Local\Temp\ccC1ASpA.s:12577  .debug_str:0000000000009c7e .LASF2075
C:\Users\zero6575\AppData\Local\Temp\ccC1ASpA.s:13353  .debug_str:000000000000c243 .LASF2076
C:\Users\zero6575\AppData\Local\Temp\ccC1ASpA.s:11453  .debug_str:00000000000062a8 .LASF2077
C:\Users\zero6575\AppData\Local\Temp\ccC1ASpA.s:9629   .debug_str:00000000000003d2 .LASF2078
C:\Users\zero6575\AppData\Local\Temp\ccC1ASpA.s:10209  .debug_str:0000000000002226 .LASF2079
C:\Users\zero6575\AppData\Local\Temp\ccC1ASpA.s:10835  .debug_str:00000000000042ec .LASF2080
C:\Users\zero6575\AppData\Local\Temp\ccC1ASpA.s:11505  .debug_str:0000000000006549 .LASF2081
C:\Users\zero6575\AppData\Local\Temp\ccC1ASpA.s:10011  .debug_str:00000000000015c9 .LASF2082
C:\Users\zero6575\AppData\Local\Temp\ccC1ASpA.s:10301  .debug_str:00000000000026ac .LASF2083
C:\Users\zero6575\AppData\Local\Temp\ccC1ASpA.s:10043  .debug_str:000000000000176b .LASF2084
C:\Users\zero6575\AppData\Local\Temp\ccC1ASpA.s:11389  .debug_str:0000000000005fa4 .LASF2085
C:\Users\zero6575\AppData\Local\Temp\ccC1ASpA.s:12729  .debug_str:000000000000a472 .LASF2086
C:\Users\zero6575\AppData\Local\Temp\ccC1ASpA.s:11045  .debug_str:0000000000004e2a .LASF2087
C:\Users\zero6575\AppData\Local\Temp\ccC1ASpA.s:11905  .debug_str:00000000000079c9 .LASF2088
C:\Users\zero6575\AppData\Local\Temp\ccC1ASpA.s:11267  .debug_str:0000000000005953 .LASF2089
C:\Users\zero6575\AppData\Local\Temp\ccC1ASpA.s:11695  .debug_str:0000000000006f5a .LASF2090
C:\Users\zero6575\AppData\Local\Temp\ccC1ASpA.s:12001  .debug_str:0000000000007e99 .LASF2091
C:\Users\zero6575\AppData\Local\Temp\ccC1ASpA.s:10561  .debug_str:000000000000331c .LASF2092
C:\Users\zero6575\AppData\Local\Temp\ccC1ASpA.s:12339  .debug_str:0000000000009080 .LASF2093
C:\Users\zero6575\AppData\Local\Temp\ccC1ASpA.s:11865  .debug_str:0000000000007809 .LASF2094
C:\Users\zero6575\AppData\Local\Temp\ccC1ASpA.s:13229  .debug_str:000000000000bc04 .LASF2095
C:\Users\zero6575\AppData\Local\Temp\ccC1ASpA.s:9639   .debug_str:0000000000000438 .LASF2096
C:\Users\zero6575\AppData\Local\Temp\ccC1ASpA.s:11269  .debug_str:000000000000596c .LASF2097
C:\Users\zero6575\AppData\Local\Temp\ccC1ASpA.s:9575   .debug_str:0000000000000146 .LASF2098
C:\Users\zero6575\AppData\Local\Temp\ccC1ASpA.s:11129  .debug_str:00000000000052f4 .LASF2099
C:\Users\zero6575\AppData\Local\Temp\ccC1ASpA.s:13307  .debug_str:000000000000c01e .LASF2100
C:\Users\zero6575\AppData\Local\Temp\ccC1ASpA.s:11919  .debug_str:0000000000007a8f .LASF2101
C:\Users\zero6575\AppData\Local\Temp\ccC1ASpA.s:13775  .debug_str:000000000000d86e .LASF2102
C:\Users\zero6575\AppData\Local\Temp\ccC1ASpA.s:13491  .debug_str:000000000000c950 .LASF2103
C:\Users\zero6575\AppData\Local\Temp\ccC1ASpA.s:12435  .debug_str:000000000000958b .LASF2104
C:\Users\zero6575\AppData\Local\Temp\ccC1ASpA.s:13835  .debug_str:000000000000da8c .LASF2105
C:\Users\zero6575\AppData\Local\Temp\ccC1ASpA.s:12325  .debug_str:0000000000008fe3 .LASF2106
C:\Users\zero6575\AppData\Local\Temp\ccC1ASpA.s:13431  .debug_str:000000000000c647 .LASF2107
C:\Users\zero6575\AppData\Local\Temp\ccC1ASpA.s:9665   .debug_str:00000000000005b5 .LASF2108
C:\Users\zero6575\AppData\Local\Temp\ccC1ASpA.s:13245  .debug_str:000000000000bcd2 .LASF2109
C:\Users\zero6575\AppData\Local\Temp\ccC1ASpA.s:10633  .debug_str:0000000000003688 .LASF2110
C:\Users\zero6575\AppData\Local\Temp\ccC1ASpA.s:10295  .debug_str:0000000000002666 .LASF2111
C:\Users\zero6575\AppData\Local\Temp\ccC1ASpA.s:10243  .debug_str:00000000000023cd .LASF2112
C:\Users\zero6575\AppData\Local\Temp\ccC1ASpA.s:11601  .debug_str:0000000000006a4a .LASF2113
C:\Users\zero6575\AppData\Local\Temp\ccC1ASpA.s:9845   .debug_str:0000000000000dd5 .LASF2114
C:\Users\zero6575\AppData\Local\Temp\ccC1ASpA.s:10285  .debug_str:0000000000002620 .LASF2115
C:\Users\zero6575\AppData\Local\Temp\ccC1ASpA.s:11965  .debug_str:0000000000007ca2 .LASF2116
C:\Users\zero6575\AppData\Local\Temp\ccC1ASpA.s:12219  .debug_str:0000000000008a1e .LASF2117
C:\Users\zero6575\AppData\Local\Temp\ccC1ASpA.s:11583  .debug_str:000000000000698d .LASF2118
C:\Users\zero6575\AppData\Local\Temp\ccC1ASpA.s:11291  .debug_str:0000000000005a92 .LASF2119
C:\Users\zero6575\AppData\Local\Temp\ccC1ASpA.s:10045  .debug_str:0000000000001780 .LASF2120
C:\Users\zero6575\AppData\Local\Temp\ccC1ASpA.s:9635   .debug_str:0000000000000412 .LASF2121
C:\Users\zero6575\AppData\Local\Temp\ccC1ASpA.s:12737  .debug_str:000000000000a4dc .LASF2122
C:\Users\zero6575\AppData\Local\Temp\ccC1ASpA.s:13081  .debug_str:000000000000b502 .LASF2123
C:\Users\zero6575\AppData\Local\Temp\ccC1ASpA.s:12543  .debug_str:0000000000009a7a .LASF2124
C:\Users\zero6575\AppData\Local\Temp\ccC1ASpA.s:10607  .debug_str:0000000000003590 .LASF2125
C:\Users\zero6575\AppData\Local\Temp\ccC1ASpA.s:9843   .debug_str:0000000000000dc9 .LASF2126
C:\Users\zero6575\AppData\Local\Temp\ccC1ASpA.s:13395  .debug_str:000000000000c4bd .LASF2127
C:\Users\zero6575\AppData\Local\Temp\ccC1ASpA.s:13287  .debug_str:000000000000beaa .LASF2128
C:\Users\zero6575\AppData\Local\Temp\ccC1ASpA.s:12697  .debug_str:000000000000a316 .LASF2129
C:\Users\zero6575\AppData\Local\Temp\ccC1ASpA.s:13789  .debug_str:000000000000d8ef .LASF2130
C:\Users\zero6575\AppData\Local\Temp\ccC1ASpA.s:12841  .debug_str:000000000000a93d .LASF2131
C:\Users\zero6575\AppData\Local\Temp\ccC1ASpA.s:12227  .debug_str:0000000000008a89 .LASF2132
C:\Users\zero6575\AppData\Local\Temp\ccC1ASpA.s:13123  .debug_str:000000000000b6ec .LASF2133
C:\Users\zero6575\AppData\Local\Temp\ccC1ASpA.s:12819  .debug_str:000000000000a863 .LASF2134
C:\Users\zero6575\AppData\Local\Temp\ccC1ASpA.s:10637  .debug_str:0000000000003698 .LASF2135
C:\Users\zero6575\AppData\Local\Temp\ccC1ASpA.s:12845  .debug_str:000000000000a96b .LASF2136
C:\Users\zero6575\AppData\Local\Temp\ccC1ASpA.s:13721  .debug_str:000000000000d5b0 .LASF2152
C:\Users\zero6575\AppData\Local\Temp\ccC1ASpA.s:14     .text.handler_read_property:0000000000000000 .LFB4
C:\Users\zero6575\AppData\Local\Temp\ccC1ASpA.s:323    .text.handler_read_property:000000000000031e .LFE4
C:\Users\zero6575\AppData\Local\Temp\ccC1ASpA.s:10719  .debug_str:0000000000003b12 .LASF2137
C:\Users\zero6575\AppData\Local\Temp\ccC1ASpA.s:13415  .debug_str:000000000000c575 .LASF2138
C:\Users\zero6575\AppData\Local\Temp\ccC1ASpA.s:10993  .debug_str:0000000000004bf1 .LASF2139
C:\Users\zero6575\AppData\Local\Temp\ccC1ASpA.s:13403  .debug_str:000000000000c504 .LASF2140
C:\Users\zero6575\AppData\Local\Temp\ccC1ASpA.s:12453  .debug_str:0000000000009644 .LASF2141
C:\Users\zero6575\AppData\Local\Temp\ccC1ASpA.s:11465  .debug_str:0000000000006341 .LASF2142
C:\Users\zero6575\AppData\Local\Temp\ccC1ASpA.s:12165  .debug_str:000000000000876b .LASF2143
C:\Users\zero6575\AppData\Local\Temp\ccC1ASpA.s:12675  .debug_str:000000000000a1da .LASF2144
C:\Users\zero6575\AppData\Local\Temp\ccC1ASpA.s:13207  .debug_str:000000000000bafb .LASF2145
C:\Users\zero6575\AppData\Local\Temp\ccC1ASpA.s:12083  .debug_str:000000000000831b .LASF2146
C:\Users\zero6575\AppData\Local\Temp\ccC1ASpA.s:13399  .debug_str:000000000000c4e1 .LASF2147
C:\Users\zero6575\AppData\Local\Temp\ccC1ASpA.s:13807  .debug_str:000000000000d986 .LASF2153
C:\Users\zero6575\AppData\Local\Temp\ccC1ASpA.s:343    .debug_info:0000000000000000 .Ldebug_info0
C:\Users\zero6575\AppData\Local\Temp\ccC1ASpA.s:5689   .debug_macro:0000000000000000 .Ldebug_macro2
C:\Users\zero6575\AppData\Local\Temp\ccC1ASpA.s:6720   .debug_macro:0000000000000000 .Ldebug_macro3
C:\Users\zero6575\AppData\Local\Temp\ccC1ASpA.s:12839  .debug_str:000000000000a932 .LASF395
C:\Users\zero6575\AppData\Local\Temp\ccC1ASpA.s:12619  .debug_str:0000000000009e76 .LASF396
C:\Users\zero6575\AppData\Local\Temp\ccC1ASpA.s:12945  .debug_str:000000000000ade3 .LASF397
C:\Users\zero6575\AppData\Local\Temp\ccC1ASpA.s:6884   .debug_macro:0000000000000000 .Ldebug_macro4
C:\Users\zero6575\AppData\Local\Temp\ccC1ASpA.s:6904   .debug_macro:0000000000000000 .Ldebug_macro5
C:\Users\zero6575\AppData\Local\Temp\ccC1ASpA.s:6969   .debug_macro:0000000000000000 .Ldebug_macro6
C:\Users\zero6575\AppData\Local\Temp\ccC1ASpA.s:7010   .debug_macro:0000000000000000 .Ldebug_macro7
C:\Users\zero6575\AppData\Local\Temp\ccC1ASpA.s:7132   .debug_macro:0000000000000000 .Ldebug_macro8
C:\Users\zero6575\AppData\Local\Temp\ccC1ASpA.s:7188   .debug_macro:0000000000000000 .Ldebug_macro9
C:\Users\zero6575\AppData\Local\Temp\ccC1ASpA.s:11281  .debug_str:0000000000005a44 .LASF551
C:\Users\zero6575\AppData\Local\Temp\ccC1ASpA.s:11855  .debug_str:00000000000077a2 .LASF552
C:\Users\zero6575\AppData\Local\Temp\ccC1ASpA.s:10167  .debug_str:000000000000203f .LASF553
C:\Users\zero6575\AppData\Local\Temp\ccC1ASpA.s:7400   .debug_macro:0000000000000000 .Ldebug_macro10
C:\Users\zero6575\AppData\Local\Temp\ccC1ASpA.s:12163  .debug_str:0000000000008759 .LASF564
C:\Users\zero6575\AppData\Local\Temp\ccC1ASpA.s:7435   .debug_macro:0000000000000000 .Ldebug_macro11
C:\Users\zero6575\AppData\Local\Temp\ccC1ASpA.s:7449   .debug_macro:0000000000000000 .Ldebug_macro12
C:\Users\zero6575\AppData\Local\Temp\ccC1ASpA.s:7478   .debug_macro:0000000000000000 .Ldebug_macro13
C:\Users\zero6575\AppData\Local\Temp\ccC1ASpA.s:7507   .debug_macro:0000000000000000 .Ldebug_macro14
C:\Users\zero6575\AppData\Local\Temp\ccC1ASpA.s:12499  .debug_str:00000000000098a0 .LASF587
C:\Users\zero6575\AppData\Local\Temp\ccC1ASpA.s:7521   .debug_macro:0000000000000000 .Ldebug_macro15
C:\Users\zero6575\AppData\Local\Temp\ccC1ASpA.s:7547   .debug_macro:0000000000000000 .Ldebug_macro16
C:\Users\zero6575\AppData\Local\Temp\ccC1ASpA.s:10871  .debug_str:000000000000453c .LASF709
C:\Users\zero6575\AppData\Local\Temp\ccC1ASpA.s:7915   .debug_macro:0000000000000000 .Ldebug_macro17
C:\Users\zero6575\AppData\Local\Temp\ccC1ASpA.s:12133  .debug_str:00000000000085f5 .LASF712
C:\Users\zero6575\AppData\Local\Temp\ccC1ASpA.s:10605  .debug_str:0000000000003581 .LASF713
C:\Users\zero6575\AppData\Local\Temp\ccC1ASpA.s:7926   .debug_macro:0000000000000000 .Ldebug_macro18
C:\Users\zero6575\AppData\Local\Temp\ccC1ASpA.s:7940   .debug_macro:0000000000000000 .Ldebug_macro19
C:\Users\zero6575\AppData\Local\Temp\ccC1ASpA.s:13757  .debug_str:000000000000d7aa .LASF718
C:\Users\zero6575\AppData\Local\Temp\ccC1ASpA.s:7972   .debug_macro:0000000000000000 .Ldebug_macro20
C:\Users\zero6575\AppData\Local\Temp\ccC1ASpA.s:7998   .debug_macro:0000000000000000 .Ldebug_macro21
C:\Users\zero6575\AppData\Local\Temp\ccC1ASpA.s:8009   .debug_macro:0000000000000000 .Ldebug_macro22
C:\Users\zero6575\AppData\Local\Temp\ccC1ASpA.s:8053   .debug_macro:0000000000000000 .Ldebug_macro23
C:\Users\zero6575\AppData\Local\Temp\ccC1ASpA.s:8232   .debug_macro:0000000000000000 .Ldebug_macro24
C:\Users\zero6575\AppData\Local\Temp\ccC1ASpA.s:12439  .debug_str:00000000000095af .LASF800
C:\Users\zero6575\AppData\Local\Temp\ccC1ASpA.s:8243   .debug_macro:0000000000000000 .Ldebug_macro25
C:\Users\zero6575\AppData\Local\Temp\ccC1ASpA.s:8260   .debug_macro:0000000000000000 .Ldebug_macro26
C:\Users\zero6575\AppData\Local\Temp\ccC1ASpA.s:13687  .debug_str:000000000000d3ce .LASF818
C:\Users\zero6575\AppData\Local\Temp\ccC1ASpA.s:13493  .debug_str:000000000000c966 .LASF819
C:\Users\zero6575\AppData\Local\Temp\ccC1ASpA.s:8304   .debug_macro:0000000000000000 .Ldebug_macro27
C:\Users\zero6575\AppData\Local\Temp\ccC1ASpA.s:11841  .debug_str:0000000000007718 .LASF830
C:\Users\zero6575\AppData\Local\Temp\ccC1ASpA.s:11205  .debug_str:00000000000056a4 .LASF831
C:\Users\zero6575\AppData\Local\Temp\ccC1ASpA.s:8339   .debug_macro:0000000000000000 .Ldebug_macro28
C:\Users\zero6575\AppData\Local\Temp\ccC1ASpA.s:8350   .debug_macro:0000000000000000 .Ldebug_macro29
C:\Users\zero6575\AppData\Local\Temp\ccC1ASpA.s:8385   .debug_macro:0000000000000000 .Ldebug_macro30
C:\Users\zero6575\AppData\Local\Temp\ccC1ASpA.s:10073  .debug_str:00000000000018b4 .LASF876
C:\Users\zero6575\AppData\Local\Temp\ccC1ASpA.s:8486   .debug_macro:0000000000000000 .Ldebug_macro31
C:\Users\zero6575\AppData\Local\Temp\ccC1ASpA.s:8503   .debug_macro:0000000000000000 .Ldebug_macro32
C:\Users\zero6575\AppData\Local\Temp\ccC1ASpA.s:12263  .debug_str:0000000000008c72 .LASF890
C:\Users\zero6575\AppData\Local\Temp\ccC1ASpA.s:11473  .debug_str:00000000000063df .LASF891
C:\Users\zero6575\AppData\Local\Temp\ccC1ASpA.s:8535   .debug_macro:0000000000000000 .Ldebug_macro33
C:\Users\zero6575\AppData\Local\Temp\ccC1ASpA.s:8549   .debug_macro:0000000000000000 .Ldebug_macro34
C:\Users\zero6575\AppData\Local\Temp\ccC1ASpA.s:8701   .debug_macro:0000000000000000 .Ldebug_macro35
C:\Users\zero6575\AppData\Local\Temp\ccC1ASpA.s:11115  .debug_str:0000000000005202 .LASF945
C:\Users\zero6575\AppData\Local\Temp\ccC1ASpA.s:10963  .debug_str:0000000000004a27 .LASF946
C:\Users\zero6575\AppData\Local\Temp\ccC1ASpA.s:10665  .debug_str:0000000000003820 .LASF947
C:\Users\zero6575\AppData\Local\Temp\ccC1ASpA.s:8715   .debug_macro:0000000000000000 .Ldebug_macro36
C:\Users\zero6575\AppData\Local\Temp\ccC1ASpA.s:8726   .debug_macro:0000000000000000 .Ldebug_macro37
C:\Users\zero6575\AppData\Local\Temp\ccC1ASpA.s:8998   .debug_macro:0000000000000000 .Ldebug_macro38
C:\Users\zero6575\AppData\Local\Temp\ccC1ASpA.s:10343  .debug_str:000000000000293e .LASF1079
C:\Users\zero6575\AppData\Local\Temp\ccC1ASpA.s:10233  .debug_str:0000000000002389 .LASF1080
C:\Users\zero6575\AppData\Local\Temp\ccC1ASpA.s:13863  .debug_str:000000000000dc64 .LASF1081
C:\Users\zero6575\AppData\Local\Temp\ccC1ASpA.s:10587  .debug_str:0000000000003460 .LASF1082
C:\Users\zero6575\AppData\Local\Temp\ccC1ASpA.s:9123   .debug_macro:0000000000000000 .Ldebug_macro39
C:\Users\zero6575\AppData\Local\Temp\ccC1ASpA.s:10609  .debug_str:00000000000035aa .LASF1107
C:\Users\zero6575\AppData\Local\Temp\ccC1ASpA.s:9200   .debug_macro:0000000000000000 .Ldebug_macro40
C:\Users\zero6575\AppData\Local\Temp\ccC1ASpA.s:9220   .debug_macro:0000000000000000 .Ldebug_macro41
C:\Users\zero6575\AppData\Local\Temp\ccC1ASpA.s:9234   .debug_macro:0000000000000000 .Ldebug_macro42
C:\Users\zero6575\AppData\Local\Temp\ccC1ASpA.s:9819   .debug_str:0000000000000bf4 .LASF1119
C:\Users\zero6575\AppData\Local\Temp\ccC1ASpA.s:9248   .debug_macro:0000000000000000 .Ldebug_macro43
C:\Users\zero6575\AppData\Local\Temp\ccC1ASpA.s:9262   .debug_macro:0000000000000000 .Ldebug_macro44
C:\Users\zero6575\AppData\Local\Temp\ccC1ASpA.s:9273   .debug_macro:0000000000000000 .Ldebug_macro45
C:\Users\zero6575\AppData\Local\Temp\ccC1ASpA.s:9305   .debug_macro:0000000000000000 .Ldebug_macro46
C:\Users\zero6575\AppData\Local\Temp\ccC1ASpA.s:13813  .debug_str:000000000000d9b9 .LASF1138
C:\Users\zero6575\AppData\Local\Temp\ccC1ASpA.s:13463  .debug_str:000000000000c7f3 .LASF1139
C:\Users\zero6575\AppData\Local\Temp\ccC1ASpA.s:12347  .debug_str:00000000000090c0 .LASF1140
C:\Users\zero6575\AppData\Local\Temp\ccC1ASpA.s:10057  .debug_str:00000000000017ef .LASF1141
C:\Users\zero6575\AppData\Local\Temp\ccC1ASpA.s:12851  .debug_str:000000000000a98f .LASF1142
C:\Users\zero6575\AppData\Local\Temp\ccC1ASpA.s:9328   .debug_macro:0000000000000000 .Ldebug_macro47
C:\Users\zero6575\AppData\Local\Temp\ccC1ASpA.s:9462   .debug_macro:0000000000000000 .Ldebug_macro48
C:\Users\zero6575\AppData\Local\Temp\ccC1ASpA.s:9773   .debug_str:0000000000000a3f .LASF1191
C:\Users\zero6575\AppData\Local\Temp\ccC1ASpA.s:12379  .debug_str:0000000000009272 .LASF1192
C:\Users\zero6575\AppData\Local\Temp\ccC1ASpA.s:9973   .debug_str:000000000000141c .LASF1193
C:\Users\zero6575\AppData\Local\Temp\ccC1ASpA.s:11817  .debug_str:0000000000007646 .LASF1194
C:\Users\zero6575\AppData\Local\Temp\ccC1ASpA.s:13025  .debug_str:000000000000b1d2 .LASF1195
C:\Users\zero6575\AppData\Local\Temp\ccC1ASpA.s:11981  .debug_str:0000000000007d39 .LASF1196
C:\Users\zero6575\AppData\Local\Temp\ccC1ASpA.s:13441  .debug_str:000000000000c6ce .LASF1197
C:\Users\zero6575\AppData\Local\Temp\ccC1ASpA.s:10675  .debug_str:00000000000038aa .LASF1198
C:\Users\zero6575\AppData\Local\Temp\ccC1ASpA.s:11167  .debug_str:00000000000054e8 .LASF1199
C:\Users\zero6575\AppData\Local\Temp\ccC1ASpA.s:13521  .debug_str:000000000000cb59 .LASF1200
C:\Users\zero6575\AppData\Local\Temp\ccC1ASpA.s:9482   .debug_macro:0000000000000000 .Ldebug_macro49
C:\Users\zero6575\AppData\Local\Temp\ccC1ASpA.s:9623   .debug_str:0000000000000384 .LASF1203
C:\Users\zero6575\AppData\Local\Temp\ccC1ASpA.s:13595  .debug_str:000000000000cfac .LASF1204
C:\Users\zero6575\AppData\Local\Temp\ccC1ASpA.s:9911   .debug_str:0000000000001154 .LASF1205
C:\Users\zero6575\AppData\Local\Temp\ccC1ASpA.s:9493   .debug_macro:0000000000000000 .Ldebug_macro50
C:\Users\zero6575\AppData\Local\Temp\ccC1ASpA.s:9525   .debug_macro:0000000000000000 .Ldebug_macro51
C:\Users\zero6575\AppData\Local\Temp\ccC1ASpA.s:12673  .debug_str:000000000000a1ce .LASF1220
C:\Users\zero6575\AppData\Local\Temp\ccC1ASpA.s:12779  .debug_str:000000000000a69c .LASF1221
C:\Users\zero6575\AppData\Local\Temp\ccC1ASpA.s:11311  .debug_str:0000000000005b5b .LASF1222
C:\Users\zero6575\AppData\Local\Temp\ccC1ASpA.s:12703  .debug_str:000000000000a34f .LASF1223
C:\Users\zero6575\AppData\Local\Temp\ccC1ASpA.s:10763  .debug_str:0000000000003dae .LASF1224
C:\Users\zero6575\AppData\Local\Temp\ccC1ASpA.s:11231  .debug_str:00000000000057db .LASF1225
C:\Users\zero6575\AppData\Local\Temp\ccC1ASpA.s:13277  .debug_str:000000000000be37 .LASF1226
C:\Users\zero6575\AppData\Local\Temp\ccC1ASpA.s:12353  .debug_str:0000000000009129 .LASF1227
C:\Users\zero6575\AppData\Local\Temp\ccC1ASpA.s:9663   .debug_str:00000000000005aa .LASF0
C:\Users\zero6575\AppData\Local\Temp\ccC1ASpA.s:13329  .debug_str:000000000000c156 .LASF1
C:\Users\zero6575\AppData\Local\Temp\ccC1ASpA.s:11365  .debug_str:0000000000005def .LASF2
C:\Users\zero6575\AppData\Local\Temp\ccC1ASpA.s:10129  .debug_str:0000000000001bf7 .LASF3
C:\Users\zero6575\AppData\Local\Temp\ccC1ASpA.s:12139  .debug_str:0000000000008624 .LASF4
C:\Users\zero6575\AppData\Local\Temp\ccC1ASpA.s:13805  .debug_str:000000000000d97b .LASF5
C:\Users\zero6575\AppData\Local\Temp\ccC1ASpA.s:13763  .debug_str:000000000000d7e6 .LASF6
C:\Users\zero6575\AppData\Local\Temp\ccC1ASpA.s:9961   .debug_str:0000000000001380 .LASF7
C:\Users\zero6575\AppData\Local\Temp\ccC1ASpA.s:12869  .debug_str:000000000000aa68 .LASF8
C:\Users\zero6575\AppData\Local\Temp\ccC1ASpA.s:11405  .debug_str:000000000000607c .LASF9
C:\Users\zero6575\AppData\Local\Temp\ccC1ASpA.s:10255  .debug_str:0000000000002454 .LASF10
C:\Users\zero6575\AppData\Local\Temp\ccC1ASpA.s:11637  .debug_str:0000000000006bf1 .LASF11
C:\Users\zero6575\AppData\Local\Temp\ccC1ASpA.s:13409  .debug_str:000000000000c53a .LASF12
C:\Users\zero6575\AppData\Local\Temp\ccC1ASpA.s:12987  .debug_str:000000000000afbc .LASF13
C:\Users\zero6575\AppData\Local\Temp\ccC1ASpA.s:13211  .debug_str:000000000000bb3f .LASF14
C:\Users\zero6575\AppData\Local\Temp\ccC1ASpA.s:12709  .debug_str:000000000000a3b5 .LASF15
C:\Users\zero6575\AppData\Local\Temp\ccC1ASpA.s:13663  .debug_str:000000000000d2c9 .LASF16
C:\Users\zero6575\AppData\Local\Temp\ccC1ASpA.s:11023  .debug_str:0000000000004d3a .LASF17
C:\Users\zero6575\AppData\Local\Temp\ccC1ASpA.s:9983   .debug_str:0000000000001493 .LASF18
C:\Users\zero6575\AppData\Local\Temp\ccC1ASpA.s:9729   .debug_str:00000000000008c5 .LASF19
C:\Users\zero6575\AppData\Local\Temp\ccC1ASpA.s:10755  .debug_str:0000000000003d19 .LASF20
C:\Users\zero6575\AppData\Local\Temp\ccC1ASpA.s:13143  .debug_str:000000000000b7e3 .LASF21
C:\Users\zero6575\AppData\Local\Temp\ccC1ASpA.s:13627  .debug_str:000000000000d0ef .LASF22
C:\Users\zero6575\AppData\Local\Temp\ccC1ASpA.s:12883  .debug_str:000000000000ab00 .LASF23
C:\Users\zero6575\AppData\Local\Temp\ccC1ASpA.s:13573  .debug_str:000000000000cea3 .LASF24
C:\Users\zero6575\AppData\Local\Temp\ccC1ASpA.s:11709  .debug_str:0000000000007012 .LASF25
C:\Users\zero6575\AppData\Local\Temp\ccC1ASpA.s:11903  .debug_str:00000000000079ba .LASF26
C:\Users\zero6575\AppData\Local\Temp\ccC1ASpA.s:10007  .debug_str:00000000000015a2 .LASF27
C:\Users\zero6575\AppData\Local\Temp\ccC1ASpA.s:10613  .debug_str:00000000000035d1 .LASF28
C:\Users\zero6575\AppData\Local\Temp\ccC1ASpA.s:12599  .debug_str:0000000000009da4 .LASF29
C:\Users\zero6575\AppData\Local\Temp\ccC1ASpA.s:11313  .debug_str:0000000000005b67 .LASF30
C:\Users\zero6575\AppData\Local\Temp\ccC1ASpA.s:10299  .debug_str:0000000000002685 .LASF31
C:\Users\zero6575\AppData\Local\Temp\ccC1ASpA.s:12831  .debug_str:000000000000a8e6 .LASF32
C:\Users\zero6575\AppData\Local\Temp\ccC1ASpA.s:12321  .debug_str:0000000000008fad .LASF33
C:\Users\zero6575\AppData\Local\Temp\ccC1ASpA.s:11525  .debug_str:00000000000066a7 .LASF34
C:\Users\zero6575\AppData\Local\Temp\ccC1ASpA.s:13823  .debug_str:000000000000d9fd .LASF35
C:\Users\zero6575\AppData\Local\Temp\ccC1ASpA.s:9653   .debug_str:00000000000004e2 .LASF36
C:\Users\zero6575\AppData\Local\Temp\ccC1ASpA.s:10797  .debug_str:0000000000003f5b .LASF37
C:\Users\zero6575\AppData\Local\Temp\ccC1ASpA.s:10583  .debug_str:000000000000342f .LASF38
C:\Users\zero6575\AppData\Local\Temp\ccC1ASpA.s:10971  .debug_str:0000000000004ac6 .LASF39
C:\Users\zero6575\AppData\Local\Temp\ccC1ASpA.s:13681  .debug_str:000000000000d389 .LASF40
C:\Users\zero6575\AppData\Local\Temp\ccC1ASpA.s:12335  .debug_str:0000000000009044 .LASF41
C:\Users\zero6575\AppData\Local\Temp\ccC1ASpA.s:10001  .debug_str:000000000000155c .LASF42
C:\Users\zero6575\AppData\Local\Temp\ccC1ASpA.s:13001  .debug_str:000000000000b050 .LASF43
C:\Users\zero6575\AppData\Local\Temp\ccC1ASpA.s:11059  .debug_str:0000000000004ebf .LASF44
C:\Users\zero6575\AppData\Local\Temp\ccC1ASpA.s:11943  .debug_str:0000000000007bb6 .LASF45
C:\Users\zero6575\AppData\Local\Temp\ccC1ASpA.s:13113  .debug_str:000000000000b691 .LASF46
C:\Users\zero6575\AppData\Local\Temp\ccC1ASpA.s:12733  .debug_str:000000000000a4b0 .LASF47
C:\Users\zero6575\AppData\Local\Temp\ccC1ASpA.s:10169  .debug_str:000000000000204d .LASF48
C:\Users\zero6575\AppData\Local\Temp\ccC1ASpA.s:11783  .debug_str:0000000000007439 .LASF49
C:\Users\zero6575\AppData\Local\Temp\ccC1ASpA.s:10995  .debug_str:0000000000004bfe .LASF50
C:\Users\zero6575\AppData\Local\Temp\ccC1ASpA.s:11595  .debug_str:0000000000006a15 .LASF51
C:\Users\zero6575\AppData\Local\Temp\ccC1ASpA.s:11293  .debug_str:0000000000005a9b .LASF52
C:\Users\zero6575\AppData\Local\Temp\ccC1ASpA.s:13247  .debug_str:000000000000bce3 .LASF53
C:\Users\zero6575\AppData\Local\Temp\ccC1ASpA.s:9955   .debug_str:000000000000130a .LASF54
C:\Users\zero6575\AppData\Local\Temp\ccC1ASpA.s:13651  .debug_str:000000000000d206 .LASF55
C:\Users\zero6575\AppData\Local\Temp\ccC1ASpA.s:12473  .debug_str:0000000000009708 .LASF56
C:\Users\zero6575\AppData\Local\Temp\ccC1ASpA.s:11079  .debug_str:0000000000004fcb .LASF57
C:\Users\zero6575\AppData\Local\Temp\ccC1ASpA.s:12967  .debug_str:000000000000aec7 .LASF58
C:\Users\zero6575\AppData\Local\Temp\ccC1ASpA.s:12117  .debug_str:000000000000850d .LASF59
C:\Users\zero6575\AppData\Local\Temp\ccC1ASpA.s:11537  .debug_str:000000000000675e .LASF60
C:\Users\zero6575\AppData\Local\Temp\ccC1ASpA.s:13045  .debug_str:000000000000b2b7 .LASF61
C:\Users\zero6575\AppData\Local\Temp\ccC1ASpA.s:12559  .debug_str:0000000000009b78 .LASF62
C:\Users\zero6575\AppData\Local\Temp\ccC1ASpA.s:10277  .debug_str:00000000000025b3 .LASF63
C:\Users\zero6575\AppData\Local\Temp\ccC1ASpA.s:9975   .debug_str:0000000000001424 .LASF64
C:\Users\zero6575\AppData\Local\Temp\ccC1ASpA.s:12259  .debug_str:0000000000008c2c .LASF65
C:\Users\zero6575\AppData\Local\Temp\ccC1ASpA.s:11623  .debug_str:0000000000006b47 .LASF66
C:\Users\zero6575\AppData\Local\Temp\ccC1ASpA.s:9923   .debug_str:00000000000011d4 .LASF67
C:\Users\zero6575\AppData\Local\Temp\ccC1ASpA.s:10089  .debug_str:0000000000001972 .LASF68
C:\Users\zero6575\AppData\Local\Temp\ccC1ASpA.s:11259  .debug_str:0000000000005904 .LASF69
C:\Users\zero6575\AppData\Local\Temp\ccC1ASpA.s:11937  .debug_str:0000000000007b61 .LASF70
C:\Users\zero6575\AppData\Local\Temp\ccC1ASpA.s:11593  .debug_str:00000000000069fe .LASF71
C:\Users\zero6575\AppData\Local\Temp\ccC1ASpA.s:10053  .debug_str:00000000000017d7 .LASF72
C:\Users\zero6575\AppData\Local\Temp\ccC1ASpA.s:9785   .debug_str:0000000000000a92 .LASF73
C:\Users\zero6575\AppData\Local\Temp\ccC1ASpA.s:11589  .debug_str:00000000000069d9 .LASF74
C:\Users\zero6575\AppData\Local\Temp\ccC1ASpA.s:11795  .debug_str:00000000000074b3 .LASF75
C:\Users\zero6575\AppData\Local\Temp\ccC1ASpA.s:12377  .debug_str:000000000000924b .LASF76
C:\Users\zero6575\AppData\Local\Temp\ccC1ASpA.s:12363  .debug_str:00000000000091b2 .LASF77
C:\Users\zero6575\AppData\Local\Temp\ccC1ASpA.s:9809   .debug_str:0000000000000b8c .LASF78
C:\Users\zero6575\AppData\Local\Temp\ccC1ASpA.s:10517  .debug_str:0000000000003101 .LASF79
C:\Users\zero6575\AppData\Local\Temp\ccC1ASpA.s:11625  .debug_str:0000000000006b6e .LASF80
C:\Users\zero6575\AppData\Local\Temp\ccC1ASpA.s:9647   .debug_str:00000000000004a2 .LASF81
C:\Users\zero6575\AppData\Local\Temp\ccC1ASpA.s:10097  .debug_str:0000000000001a18 .LASF82
C:\Users\zero6575\AppData\Local\Temp\ccC1ASpA.s:9641   .debug_str:000000000000044a .LASF83
C:\Users\zero6575\AppData\Local\Temp\ccC1ASpA.s:9783   .debug_str:0000000000000a80 .LASF84
C:\Users\zero6575\AppData\Local\Temp\ccC1ASpA.s:10759  .debug_str:0000000000003d8d .LASF85
C:\Users\zero6575\AppData\Local\Temp\ccC1ASpA.s:10617  .debug_str:0000000000003603 .LASF86
C:\Users\zero6575\AppData\Local\Temp\ccC1ASpA.s:12189  .debug_str:0000000000008882 .LASF87
C:\Users\zero6575\AppData\Local\Temp\ccC1ASpA.s:12221  .debug_str:0000000000008a2b .LASF88
C:\Users\zero6575\AppData\Local\Temp\ccC1ASpA.s:11351  .debug_str:0000000000005d31 .LASF89
C:\Users\zero6575\AppData\Local\Temp\ccC1ASpA.s:10699  .debug_str:0000000000003a02 .LASF90
C:\Users\zero6575\AppData\Local\Temp\ccC1ASpA.s:10869  .debug_str:000000000000452a .LASF91
C:\Users\zero6575\AppData\Local\Temp\ccC1ASpA.s:13455  .debug_str:000000000000c75b .LASF92
C:\Users\zero6575\AppData\Local\Temp\ccC1ASpA.s:10297  .debug_str:0000000000002670 .LASF93
C:\Users\zero6575\AppData\Local\Temp\ccC1ASpA.s:12159  .debug_str:0000000000008716 .LASF94
C:\Users\zero6575\AppData\Local\Temp\ccC1ASpA.s:11009  .debug_str:0000000000004ca5 .LASF95
C:\Users\zero6575\AppData\Local\Temp\ccC1ASpA.s:11379  .debug_str:0000000000005f1d .LASF96
C:\Users\zero6575\AppData\Local\Temp\ccC1ASpA.s:10677  .debug_str:00000000000038bb .LASF97
C:\Users\zero6575\AppData\Local\Temp\ccC1ASpA.s:12627  .debug_str:0000000000009ede .LASF98
C:\Users\zero6575\AppData\Local\Temp\ccC1ASpA.s:12547  .debug_str:0000000000009aac .LASF99
C:\Users\zero6575\AppData\Local\Temp\ccC1ASpA.s:11629  .debug_str:0000000000006b87 .LASF100
C:\Users\zero6575\AppData\Local\Temp\ccC1ASpA.s:10399  .debug_str:0000000000002b7a .LASF101
C:\Users\zero6575\AppData\Local\Temp\ccC1ASpA.s:9957   .debug_str:0000000000001328 .LASF102
C:\Users\zero6575\AppData\Local\Temp\ccC1ASpA.s:11521  .debug_str:0000000000006670 .LASF103
C:\Users\zero6575\AppData\Local\Temp\ccC1ASpA.s:11277  .debug_str:0000000000005a1d .LASF104
C:\Users\zero6575\AppData\Local\Temp\ccC1ASpA.s:13465  .debug_str:000000000000c800 .LASF105
C:\Users\zero6575\AppData\Local\Temp\ccC1ASpA.s:12173  .debug_str:00000000000087ad .LASF106
C:\Users\zero6575\AppData\Local\Temp\ccC1ASpA.s:10213  .debug_str:000000000000228a .LASF107
C:\Users\zero6575\AppData\Local\Temp\ccC1ASpA.s:10881  .debug_str:0000000000004599 .LASF108
C:\Users\zero6575\AppData\Local\Temp\ccC1ASpA.s:10215  .debug_str:00000000000022ae .LASF109
C:\Users\zero6575\AppData\Local\Temp\ccC1ASpA.s:11529  .debug_str:0000000000006713 .LASF110
C:\Users\zero6575\AppData\Local\Temp\ccC1ASpA.s:10131  .debug_str:0000000000001c09 .LASF111
C:\Users\zero6575\AppData\Local\Temp\ccC1ASpA.s:13121  .debug_str:000000000000b6dd .LASF112
C:\Users\zero6575\AppData\Local\Temp\ccC1ASpA.s:9891   .debug_str:0000000000001020 .LASF113
C:\Users\zero6575\AppData\Local\Temp\ccC1ASpA.s:12151  .debug_str:00000000000086c6 .LASF114
C:\Users\zero6575\AppData\Local\Temp\ccC1ASpA.s:10903  .debug_str:00000000000046c8 .LASF115
C:\Users\zero6575\AppData\Local\Temp\ccC1ASpA.s:11545  .debug_str:00000000000067ba .LASF116
C:\Users\zero6575\AppData\Local\Temp\ccC1ASpA.s:11387  .debug_str:0000000000005f7c .LASF117
C:\Users\zero6575\AppData\Local\Temp\ccC1ASpA.s:13843  .debug_str:000000000000db0a .LASF118
C:\Users\zero6575\AppData\Local\Temp\ccC1ASpA.s:11391  .debug_str:0000000000005fca .LASF119
C:\Users\zero6575\AppData\Local\Temp\ccC1ASpA.s:13827  .debug_str:000000000000da3f .LASF120
C:\Users\zero6575\AppData\Local\Temp\ccC1ASpA.s:10559  .debug_str:000000000000330d .LASF121
C:\Users\zero6575\AppData\Local\Temp\ccC1ASpA.s:13451  .debug_str:000000000000c737 .LASF122
C:\Users\zero6575\AppData\Local\Temp\ccC1ASpA.s:10027  .debug_str:00000000000016bb .LASF123
C:\Users\zero6575\AppData\Local\Temp\ccC1ASpA.s:10363  .debug_str:00000000000029fa .LASF124
C:\Users\zero6575\AppData\Local\Temp\ccC1ASpA.s:12051  .debug_str:00000000000080fd .LASF125
C:\Users\zero6575\AppData\Local\Temp\ccC1ASpA.s:10553  .debug_str:00000000000032a8 .LASF126
C:\Users\zero6575\AppData\Local\Temp\ccC1ASpA.s:13633  .debug_str:000000000000d119 .LASF127
C:\Users\zero6575\AppData\Local\Temp\ccC1ASpA.s:10397  .debug_str:0000000000002b5d .LASF128
C:\Users\zero6575\AppData\Local\Temp\ccC1ASpA.s:10405  .debug_str:0000000000002bc3 .LASF129
C:\Users\zero6575\AppData\Local\Temp\ccC1ASpA.s:9587   .debug_str:00000000000001af .LASF130
C:\Users\zero6575\AppData\Local\Temp\ccC1ASpA.s:9791   .debug_str:0000000000000adb .LASF131
C:\Users\zero6575\AppData\Local\Temp\ccC1ASpA.s:10465  .debug_str:0000000000002e6f .LASF132
C:\Users\zero6575\AppData\Local\Temp\ccC1ASpA.s:11327  .debug_str:0000000000005bf6 .LASF133
C:\Users\zero6575\AppData\Local\Temp\ccC1ASpA.s:10459  .debug_str:0000000000002e1b .LASF134
C:\Users\zero6575\AppData\Local\Temp\ccC1ASpA.s:10329  .debug_str:000000000000287b .LASF135
C:\Users\zero6575\AppData\Local\Temp\ccC1ASpA.s:11719  .debug_str:00000000000070a5 .LASF136
C:\Users\zero6575\AppData\Local\Temp\ccC1ASpA.s:11671  .debug_str:0000000000006df3 .LASF137
C:\Users\zero6575\AppData\Local\Temp\ccC1ASpA.s:12885  .debug_str:000000000000ab14 .LASF138
C:\Users\zero6575\AppData\Local\Temp\ccC1ASpA.s:9905   .debug_str:00000000000010c9 .LASF139
C:\Users\zero6575\AppData\Local\Temp\ccC1ASpA.s:10501  .debug_str:0000000000003056 .LASF140
C:\Users\zero6575\AppData\Local\Temp\ccC1ASpA.s:12643  .debug_str:0000000000009ffc .LASF141
C:\Users\zero6575\AppData\Local\Temp\ccC1ASpA.s:12415  .debug_str:000000000000942b .LASF142
C:\Users\zero6575\AppData\Local\Temp\ccC1ASpA.s:11455  .debug_str:00000000000062cf .LASF143
C:\Users\zero6575\AppData\Local\Temp\ccC1ASpA.s:10327  .debug_str:0000000000002863 .LASF144
C:\Users\zero6575\AppData\Local\Temp\ccC1ASpA.s:11621  .debug_str:0000000000006b31 .LASF145
C:\Users\zero6575\AppData\Local\Temp\ccC1ASpA.s:12875  .debug_str:000000000000aa9c .LASF146
C:\Users\zero6575\AppData\Local\Temp\ccC1ASpA.s:13533  .debug_str:000000000000ccc2 .LASF147
C:\Users\zero6575\AppData\Local\Temp\ccC1ASpA.s:10901  .debug_str:00000000000046b8 .LASF148
C:\Users\zero6575\AppData\Local\Temp\ccC1ASpA.s:10829  .debug_str:0000000000004270 .LASF149
C:\Users\zero6575\AppData\Local\Temp\ccC1ASpA.s:9939   .debug_str:0000000000001269 .LASF150
C:\Users\zero6575\AppData\Local\Temp\ccC1ASpA.s:10885  .debug_str:00000000000045c2 .LASF151
C:\Users\zero6575\AppData\Local\Temp\ccC1ASpA.s:12843  .debug_str:000000000000a952 .LASF152
C:\Users\zero6575\AppData\Local\Temp\ccC1ASpA.s:10249  .debug_str:0000000000002408 .LASF153
C:\Users\zero6575\AppData\Local\Temp\ccC1ASpA.s:9603   .debug_str:000000000000026b .LASF154
C:\Users\zero6575\AppData\Local\Temp\ccC1ASpA.s:12661  .debug_str:000000000000a166 .LASF155
C:\Users\zero6575\AppData\Local\Temp\ccC1ASpA.s:12433  .debug_str:0000000000009554 .LASF156
C:\Users\zero6575\AppData\Local\Temp\ccC1ASpA.s:11691  .debug_str:0000000000006eff .LASF157
C:\Users\zero6575\AppData\Local\Temp\ccC1ASpA.s:13519  .debug_str:000000000000cb1f .LASF158
C:\Users\zero6575\AppData\Local\Temp\ccC1ASpA.s:13513  .debug_str:000000000000ca50 .LASF159
C:\Users\zero6575\AppData\Local\Temp\ccC1ASpA.s:13591  .debug_str:000000000000cf75 .LASF160
C:\Users\zero6575\AppData\Local\Temp\ccC1ASpA.s:12303  .debug_str:0000000000008e86 .LASF161
C:\Users\zero6575\AppData\Local\Temp\ccC1ASpA.s:10595  .debug_str:00000000000034e6 .LASF162
C:\Users\zero6575\AppData\Local\Temp\ccC1ASpA.s:13601  .debug_str:000000000000cfd4 .LASF163
C:\Users\zero6575\AppData\Local\Temp\ccC1ASpA.s:10289  .debug_str:0000000000002648 .LASF164
C:\Users\zero6575\AppData\Local\Temp\ccC1ASpA.s:13299  .debug_str:000000000000bfc4 .LASF165
C:\Users\zero6575\AppData\Local\Temp\ccC1ASpA.s:10429  .debug_str:0000000000002ce5 .LASF166
C:\Users\zero6575\AppData\Local\Temp\ccC1ASpA.s:10643  .debug_str:00000000000036cb .LASF167
C:\Users\zero6575\AppData\Local\Temp\ccC1ASpA.s:9695   .debug_str:0000000000000717 .LASF168
C:\Users\zero6575\AppData\Local\Temp\ccC1ASpA.s:10753  .debug_str:0000000000003d02 .LASF169
C:\Users\zero6575\AppData\Local\Temp\ccC1ASpA.s:13475  .debug_str:000000000000c87b .LASF170
C:\Users\zero6575\AppData\Local\Temp\ccC1ASpA.s:9715   .debug_str:00000000000007f6 .LASF171
C:\Users\zero6575\AppData\Local\Temp\ccC1ASpA.s:10091  .debug_str:0000000000001995 .LASF172
C:\Users\zero6575\AppData\Local\Temp\ccC1ASpA.s:11447  .debug_str:0000000000006244 .LASF173
C:\Users\zero6575\AppData\Local\Temp\ccC1ASpA.s:12167  .debug_str:0000000000008774 .LASF174
C:\Users\zero6575\AppData\Local\Temp\ccC1ASpA.s:9903   .debug_str:00000000000010b2 .LASF175
C:\Users\zero6575\AppData\Local\Temp\ccC1ASpA.s:13499  .debug_str:000000000000c9d0 .LASF176
C:\Users\zero6575\AppData\Local\Temp\ccC1ASpA.s:13647  .debug_str:000000000000d1d6 .LASF177
C:\Users\zero6575\AppData\Local\Temp\ccC1ASpA.s:9863   .debug_str:0000000000000f1b .LASF178
C:\Users\zero6575\AppData\Local\Temp\ccC1ASpA.s:11213  .debug_str:0000000000005718 .LASF179
C:\Users\zero6575\AppData\Local\Temp\ccC1ASpA.s:13655  .debug_str:000000000000d241 .LASF180
C:\Users\zero6575\AppData\Local\Temp\ccC1ASpA.s:13749  .debug_str:000000000000d756 .LASF181
C:\Users\zero6575\AppData\Local\Temp\ccC1ASpA.s:9691   .debug_str:00000000000006ef .LASF182
C:\Users\zero6575\AppData\Local\Temp\ccC1ASpA.s:10427  .debug_str:0000000000002cd2 .LASF183
C:\Users\zero6575\AppData\Local\Temp\ccC1ASpA.s:10221  .debug_str:00000000000022e8 .LASF184
C:\Users\zero6575\AppData\Local\Temp\ccC1ASpA.s:12269  .debug_str:0000000000008cd6 .LASF185
C:\Users\zero6575\AppData\Local\Temp\ccC1ASpA.s:10721  .debug_str:0000000000003b22 .LASF186
C:\Users\zero6575\AppData\Local\Temp\ccC1ASpA.s:13515  .debug_str:000000000000ca8e .LASF187
C:\Users\zero6575\AppData\Local\Temp\ccC1ASpA.s:12913  .debug_str:000000000000ac50 .LASF188
C:\Users\zero6575\AppData\Local\Temp\ccC1ASpA.s:12015  .debug_str:0000000000007f4b .LASF189
C:\Users\zero6575\AppData\Local\Temp\ccC1ASpA.s:13537  .debug_str:000000000000cd04 .LASF190
C:\Users\zero6575\AppData\Local\Temp\ccC1ASpA.s:12481  .debug_str:0000000000009776 .LASF191
C:\Users\zero6575\AppData\Local\Temp\ccC1ASpA.s:10275  .debug_str:000000000000259d .LASF192
C:\Users\zero6575\AppData\Local\Temp\ccC1ASpA.s:10193  .debug_str:0000000000002177 .LASF193
C:\Users\zero6575\AppData\Local\Temp\ccC1ASpA.s:10421  .debug_str:0000000000002c79 .LASF194
C:\Users\zero6575\AppData\Local\Temp\ccC1ASpA.s:10117  .debug_str:0000000000001b50 .LASF195
C:\Users\zero6575\AppData\Local\Temp\ccC1ASpA.s:9679   .debug_str:0000000000000661 .LASF196
C:\Users\zero6575\AppData\Local\Temp\ccC1ASpA.s:11987  .debug_str:0000000000007ded .LASF197
C:\Users\zero6575\AppData\Local\Temp\ccC1ASpA.s:10769  .debug_str:0000000000003df2 .LASF198
C:\Users\zero6575\AppData\Local\Temp\ccC1ASpA.s:10795  .debug_str:0000000000003f20 .LASF199
C:\Users\zero6575\AppData\Local\Temp\ccC1ASpA.s:12893  .debug_str:000000000000ab79 .LASF200
C:\Users\zero6575\AppData\Local\Temp\ccC1ASpA.s:13209  .debug_str:000000000000bb01 .LASF201
C:\Users\zero6575\AppData\Local\Temp\ccC1ASpA.s:9927   .debug_str:00000000000011fa .LASF202
C:\Users\zero6575\AppData\Local\Temp\ccC1ASpA.s:12255  .debug_str:0000000000008bb4 .LASF203
C:\Users\zero6575\AppData\Local\Temp\ccC1ASpA.s:9941   .debug_str:0000000000001277 .LASF204
C:\Users\zero6575\AppData\Local\Temp\ccC1ASpA.s:13405  .debug_str:000000000000c50b .LASF205
C:\Users\zero6575\AppData\Local\Temp\ccC1ASpA.s:10853  .debug_str:0000000000004411 .LASF206
C:\Users\zero6575\AppData\Local\Temp\ccC1ASpA.s:12791  .debug_str:000000000000a722 .LASF207
C:\Users\zero6575\AppData\Local\Temp\ccC1ASpA.s:13043  .debug_str:000000000000b29d .LASF208
C:\Users\zero6575\AppData\Local\Temp\ccC1ASpA.s:9637   .debug_str:000000000000041c .LASF209
C:\Users\zero6575\AppData\Local\Temp\ccC1ASpA.s:12053  .debug_str:0000000000008112 .LASF210
C:\Users\zero6575\AppData\Local\Temp\ccC1ASpA.s:10959  .debug_str:00000000000049fe .LASF211
C:\Users\zero6575\AppData\Local\Temp\ccC1ASpA.s:13197  .debug_str:000000000000ba6f .LASF212
C:\Users\zero6575\AppData\Local\Temp\ccC1ASpA.s:13497  .debug_str:000000000000c994 .LASF213
C:\Users\zero6575\AppData\Local\Temp\ccC1ASpA.s:12225  .debug_str:0000000000008a4d .LASF214
C:\Users\zero6575\AppData\Local\Temp\ccC1ASpA.s:11993  .debug_str:0000000000007e25 .LASF215
C:\Users\zero6575\AppData\Local\Temp\ccC1ASpA.s:12493  .debug_str:0000000000009837 .LASF216
C:\Users\zero6575\AppData\Local\Temp\ccC1ASpA.s:13583  .debug_str:000000000000cf1a .LASF217
C:\Users\zero6575\AppData\Local\Temp\ccC1ASpA.s:11301  .debug_str:0000000000005b02 .LASF218
C:\Users\zero6575\AppData\Local\Temp\ccC1ASpA.s:10841  .debug_str:0000000000004377 .LASF219
C:\Users\zero6575\AppData\Local\Temp\ccC1ASpA.s:13181  .debug_str:000000000000b9b3 .LASF220
C:\Users\zero6575\AppData\Local\Temp\ccC1ASpA.s:11061  .debug_str:0000000000004ed8 .LASF221
C:\Users\zero6575\AppData\Local\Temp\ccC1ASpA.s:10125  .debug_str:0000000000001bc9 .LASF222
C:\Users\zero6575\AppData\Local\Temp\ccC1ASpA.s:12333  .debug_str:0000000000009026 .LASF223
C:\Users\zero6575\AppData\Local\Temp\ccC1ASpA.s:12687  .debug_str:000000000000a2a4 .LASF224
C:\Users\zero6575\AppData\Local\Temp\ccC1ASpA.s:10799  .debug_str:0000000000003f76 .LASF225
C:\Users\zero6575\AppData\Local\Temp\ccC1ASpA.s:13587  .debug_str:000000000000cf4e .LASF226
C:\Users\zero6575\AppData\Local\Temp\ccC1ASpA.s:10955  .debug_str:00000000000049ab .LASF227
C:\Users\zero6575\AppData\Local\Temp\ccC1ASpA.s:9959   .debug_str:0000000000001341 .LASF228
C:\Users\zero6575\AppData\Local\Temp\ccC1ASpA.s:12555  .debug_str:0000000000009b2d .LASF229
C:\Users\zero6575\AppData\Local\Temp\ccC1ASpA.s:12705  .debug_str:000000000000a35e .LASF230
C:\Users\zero6575\AppData\Local\Temp\ccC1ASpA.s:11557  .debug_str:0000000000006872 .LASF231
C:\Users\zero6575\AppData\Local\Temp\ccC1ASpA.s:10425  .debug_str:0000000000002cb8 .LASF232
C:\Users\zero6575\AppData\Local\Temp\ccC1ASpA.s:13369  .debug_str:000000000000c31c .LASF233
C:\Users\zero6575\AppData\Local\Temp\ccC1ASpA.s:10975  .debug_str:0000000000004af5 .LASF234
C:\Users\zero6575\AppData\Local\Temp\ccC1ASpA.s:10913  .debug_str:0000000000004720 .LASF235
C:\Users\zero6575\AppData\Local\Temp\ccC1ASpA.s:13085  .debug_str:000000000000b52f .LASF236
C:\Users\zero6575\AppData\Local\Temp\ccC1ASpA.s:13525  .debug_str:000000000000cb85 .LASF237
C:\Users\zero6575\AppData\Local\Temp\ccC1ASpA.s:10667  .debug_str:000000000000382f .LASF238
C:\Users\zero6575\AppData\Local\Temp\ccC1ASpA.s:9989   .debug_str:00000000000014d3 .LASF239
C:\Users\zero6575\AppData\Local\Temp\ccC1ASpA.s:11047  .debug_str:0000000000004e44 .LASF240
C:\Users\zero6575\AppData\Local\Temp\ccC1ASpA.s:12653  .debug_str:000000000000a0f5 .LASF241
C:\Users\zero6575\AppData\Local\Temp\ccC1ASpA.s:13841  .debug_str:000000000000dacc .LASF242
C:\Users\zero6575\AppData\Local\Temp\ccC1ASpA.s:12203  .debug_str:000000000000891f .LASF243
C:\Users\zero6575\AppData\Local\Temp\ccC1ASpA.s:12581  .debug_str:0000000000009cb5 .LASF244
C:\Users\zero6575\AppData\Local\Temp\ccC1ASpA.s:13401  .debug_str:000000000000c4ec .LASF245
C:\Users\zero6575\AppData\Local\Temp\ccC1ASpA.s:9853   .debug_str:0000000000000e4a .LASF246
C:\Users\zero6575\AppData\Local\Temp\ccC1ASpA.s:12713  .debug_str:000000000000a3d8 .LASF247
C:\Users\zero6575\AppData\Local\Temp\ccC1ASpA.s:12511  .debug_str:0000000000009919 .LASF248
C:\Users\zero6575\AppData\Local\Temp\ccC1ASpA.s:11925  .debug_str:0000000000007aea .LASF249
C:\Users\zero6575\AppData\Local\Temp\ccC1ASpA.s:13565  .debug_str:000000000000ce53 .LASF250
C:\Users\zero6575\AppData\Local\Temp\ccC1ASpA.s:13093  .debug_str:000000000000b58d .LASF251
C:\Users\zero6575\AppData\Local\Temp\ccC1ASpA.s:12763  .debug_str:000000000000a5d7 .LASF252
C:\Users\zero6575\AppData\Local\Temp\ccC1ASpA.s:12395  .debug_str:000000000000931e .LASF253
C:\Users\zero6575\AppData\Local\Temp\ccC1ASpA.s:12865  .debug_str:000000000000aa36 .LASF254
C:\Users\zero6575\AppData\Local\Temp\ccC1ASpA.s:10697  .debug_str:00000000000039c3 .LASF255
C:\Users\zero6575\AppData\Local\Temp\ccC1ASpA.s:11581  .debug_str:000000000000694e .LASF256
C:\Users\zero6575\AppData\Local\Temp\ccC1ASpA.s:12681  .debug_str:000000000000a221 .LASF257
C:\Users\zero6575\AppData\Local\Temp\ccC1ASpA.s:13845  .debug_str:000000000000db1e .LASF258
C:\Users\zero6575\AppData\Local\Temp\ccC1ASpA.s:12617  .debug_str:0000000000009e5e .LASF259
C:\Users\zero6575\AppData\Local\Temp\ccC1ASpA.s:10711  .debug_str:0000000000003a88 .LASF260
C:\Users\zero6575\AppData\Local\Temp\ccC1ASpA.s:9559   .debug_str:000000000000008e .LASF261
C:\Users\zero6575\AppData\Local\Temp\ccC1ASpA.s:13505  .debug_str:000000000000ca1a .LASF262
C:\Users\zero6575\AppData\Local\Temp\ccC1ASpA.s:11759  .debug_str:000000000000731f .LASF263
C:\Users\zero6575\AppData\Local\Temp\ccC1ASpA.s:11837  .debug_str:00000000000076f5 .LASF264
C:\Users\zero6575\AppData\Local\Temp\ccC1ASpA.s:13195  .debug_str:000000000000ba59 .LASF265
C:\Users\zero6575\AppData\Local\Temp\ccC1ASpA.s:13351  .debug_str:000000000000c227 .LASF266
C:\Users\zero6575\AppData\Local\Temp\ccC1ASpA.s:9661   .debug_str:0000000000000591 .LASF267
C:\Users\zero6575\AppData\Local\Temp\ccC1ASpA.s:10967  .debug_str:0000000000004a47 .LASF268
C:\Users\zero6575\AppData\Local\Temp\ccC1ASpA.s:11275  .debug_str:0000000000005a07 .LASF269
C:\Users\zero6575\AppData\Local\Temp\ccC1ASpA.s:9813   .debug_str:0000000000000bc2 .LASF270
C:\Users\zero6575\AppData\Local\Temp\ccC1ASpA.s:11999  .debug_str:0000000000007e83 .LASF271
C:\Users\zero6575\AppData\Local\Temp\ccC1ASpA.s:13695  .debug_str:000000000000d416 .LASF272
C:\Users\zero6575\AppData\Local\Temp\ccC1ASpA.s:12801  .debug_str:000000000000a7a0 .LASF273
C:\Users\zero6575\AppData\Local\Temp\ccC1ASpA.s:11825  .debug_str:000000000000767f .LASF274
C:\Users\zero6575\AppData\Local\Temp\ccC1ASpA.s:12141  .debug_str:0000000000008636 .LASF275
C:\Users\zero6575\AppData\Local\Temp\ccC1ASpA.s:9987   .debug_str:00000000000014bc .LASF276
C:\Users\zero6575\AppData\Local\Temp\ccC1ASpA.s:9681   .debug_str:0000000000000677 .LASF277
C:\Users\zero6575\AppData\Local\Temp\ccC1ASpA.s:11125  .debug_str:000000000000528f .LASF278
C:\Users\zero6575\AppData\Local\Temp\ccC1ASpA.s:13185  .debug_str:000000000000b9e4 .LASF279
C:\Users\zero6575\AppData\Local\Temp\ccC1ASpA.s:10687  .debug_str:0000000000003925 .LASF280
C:\Users\zero6575\AppData\Local\Temp\ccC1ASpA.s:10831  .debug_str:0000000000004284 .LASF281
C:\Users\zero6575\AppData\Local\Temp\ccC1ASpA.s:13439  .debug_str:000000000000c689 .LASF282
C:\Users\zero6575\AppData\Local\Temp\ccC1ASpA.s:12065  .debug_str:0000000000008254 .LASF283
C:\Users\zero6575\AppData\Local\Temp\ccC1ASpA.s:10351  .debug_str:0000000000002985 .LASF284
C:\Users\zero6575\AppData\Local\Temp\ccC1ASpA.s:12197  .debug_str:00000000000088e0 .LASF285
C:\Users\zero6575\AppData\Local\Temp\ccC1ASpA.s:13507  .debug_str:000000000000ca2f .LASF286
C:\Users\zero6575\AppData\Local\Temp\ccC1ASpA.s:13009  .debug_str:000000000000b0c6 .LASF287
C:\Users\zero6575\AppData\Local\Temp\ccC1ASpA.s:12003  .debug_str:0000000000007ec0 .LASF288
C:\Users\zero6575\AppData\Local\Temp\ccC1ASpA.s:12797  .debug_str:000000000000a764 .LASF289
C:\Users\zero6575\AppData\Local\Temp\ccC1ASpA.s:13365  .debug_str:000000000000c2eb .LASF290
C:\Users\zero6575\AppData\Local\Temp\ccC1ASpA.s:12187  .debug_str:0000000000008860 .LASF291
C:\Users\zero6575\AppData\Local\Temp\ccC1ASpA.s:11053  .debug_str:0000000000004e78 .LASF292
C:\Users\zero6575\AppData\Local\Temp\ccC1ASpA.s:13241  .debug_str:000000000000bc9e .LASF293
C:\Users\zero6575\AppData\Local\Temp\ccC1ASpA.s:12301  .debug_str:0000000000008e67 .LASF294
C:\Users\zero6575\AppData\Local\Temp\ccC1ASpA.s:12049  .debug_str:00000000000080e0 .LASF295
C:\Users\zero6575\AppData\Local\Temp\ccC1ASpA.s:11095  .debug_str:0000000000005121 .LASF296
C:\Users\zero6575\AppData\Local\Temp\ccC1ASpA.s:12421  .debug_str:000000000000947e .LASF297
C:\Users\zero6575\AppData\Local\Temp\ccC1ASpA.s:10547  .debug_str:000000000000323b .LASF298
C:\Users\zero6575\AppData\Local\Temp\ccC1ASpA.s:11963  .debug_str:0000000000007c81 .LASF299
C:\Users\zero6575\AppData\Local\Temp\ccC1ASpA.s:11223  .debug_str:0000000000005789 .LASF300
C:\Users\zero6575\AppData\Local\Temp\ccC1ASpA.s:13623  .debug_str:000000000000d0ca .LASF301
C:\Users\zero6575\AppData\Local\Temp\ccC1ASpA.s:11859  .debug_str:00000000000077ca .LASF302
C:\Users\zero6575\AppData\Local\Temp\ccC1ASpA.s:11619  .debug_str:0000000000006b1c .LASF303
C:\Users\zero6575\AppData\Local\Temp\ccC1ASpA.s:11563  .debug_str:00000000000068ad .LASF304
C:\Users\zero6575\AppData\Local\Temp\ccC1ASpA.s:13255  .debug_str:000000000000bd27 .LASF305
C:\Users\zero6575\AppData\Local\Temp\ccC1ASpA.s:12557  .debug_str:0000000000009b6e .LASF306
C:\Users\zero6575\AppData\Local\Temp\ccC1ASpA.s:11201  .debug_str:000000000000566f .LASF307
C:\Users\zero6575\AppData\Local\Temp\ccC1ASpA.s:12707  .debug_str:000000000000a3a4 .LASF308
C:\Users\zero6575\AppData\Local\Temp\ccC1ASpA.s:12975  .debug_str:000000000000af36 .LASF309
C:\Users\zero6575\AppData\Local\Temp\ccC1ASpA.s:10259  .debug_str:0000000000002488 .LASF310
C:\Users\zero6575\AppData\Local\Temp\ccC1ASpA.s:10181  .debug_str:00000000000020d1 .LASF311
C:\Users\zero6575\AppData\Local\Temp\ccC1ASpA.s:13675  .debug_str:000000000000d345 .LASF312
C:\Users\zero6575\AppData\Local\Temp\ccC1ASpA.s:11997  .debug_str:0000000000007e6a .LASF313
C:\Users\zero6575\AppData\Local\Temp\ccC1ASpA.s:10479  .debug_str:0000000000002f2a .LASF314
C:\Users\zero6575\AppData\Local\Temp\ccC1ASpA.s:9717   .debug_str:0000000000000838 .LASF315
C:\Users\zero6575\AppData\Local\Temp\ccC1ASpA.s:10241  .debug_str:00000000000023c7 .LASF316
C:\Users\zero6575\AppData\Local\Temp\ccC1ASpA.s:11263  .debug_str:0000000000005937 .LASF317
C:\Users\zero6575\AppData\Local\Temp\ccC1ASpA.s:13165  .debug_str:000000000000b90b .LASF318
C:\Users\zero6575\AppData\Local\Temp\ccC1ASpA.s:9697   .debug_str:000000000000072e .LASF319
C:\Users\zero6575\AppData\Local\Temp\ccC1ASpA.s:10309  .debug_str:0000000000002727 .LASF320
C:\Users\zero6575\AppData\Local\Temp\ccC1ASpA.s:12725  .debug_str:000000000000a44a .LASF321
C:\Users\zero6575\AppData\Local\Temp\ccC1ASpA.s:9913   .debug_str:0000000000001160 .LASF322
C:\Users\zero6575\AppData\Local\Temp\ccC1ASpA.s:9721   .debug_str:0000000000000877 .LASF323
C:\Users\zero6575\AppData\Local\Temp\ccC1ASpA.s:12241  .debug_str:0000000000008b49 .LASF324
C:\Users\zero6575\AppData\Local\Temp\ccC1ASpA.s:13319  .debug_str:000000000000c0b1 .LASF325
C:\Users\zero6575\AppData\Local\Temp\ccC1ASpA.s:11237  .debug_str:000000000000581b .LASF326
C:\Users\zero6575\AppData\Local\Temp\ccC1ASpA.s:11955  .debug_str:0000000000007c28 .LASF327
C:\Users\zero6575\AppData\Local\Temp\ccC1ASpA.s:10805  .debug_str:0000000000003fb0 .LASF328
C:\Users\zero6575\AppData\Local\Temp\ccC1ASpA.s:12879  .debug_str:000000000000aadc .LASF329
C:\Users\zero6575\AppData\Local\Temp\ccC1ASpA.s:12625  .debug_str:0000000000009eca .LASF330
C:\Users\zero6575\AppData\Local\Temp\ccC1ASpA.s:10641  .debug_str:00000000000036ba .LASF331
C:\Users\zero6575\AppData\Local\Temp\ccC1ASpA.s:10023  .debug_str:0000000000001681 .LASF332
C:\Users\zero6575\AppData\Local\Temp\ccC1ASpA.s:9997   .debug_str:0000000000001527 .LASF333
C:\Users\zero6575\AppData\Local\Temp\ccC1ASpA.s:9739   .debug_str:0000000000000926 .LASF334
C:\Users\zero6575\AppData\Local\Temp\ccC1ASpA.s:10433  .debug_str:0000000000002d17 .LASF335
C:\Users\zero6575\AppData\Local\Temp\ccC1ASpA.s:12497  .debug_str:0000000000009886 .LASF336
C:\Users\zero6575\AppData\Local\Temp\ccC1ASpA.s:9897   .debug_str:0000000000001060 .LASF337
C:\Users\zero6575\AppData\Local\Temp\ccC1ASpA.s:13191  .debug_str:000000000000ba2c .LASF338
C:\Users\zero6575\AppData\Local\Temp\ccC1ASpA.s:10673  .debug_str:0000000000003894 .LASF339
C:\Users\zero6575\AppData\Local\Temp\ccC1ASpA.s:9633   .debug_str:0000000000000403 .LASF340
C:\Users\zero6575\AppData\Local\Temp\ccC1ASpA.s:11073  .debug_str:0000000000004f55 .LASF341
C:\Users\zero6575\AppData\Local\Temp\ccC1ASpA.s:11261  .debug_str:000000000000592c .LASF342
C:\Users\zero6575\AppData\Local\Temp\ccC1ASpA.s:13021  .debug_str:000000000000b1b5 .LASF343
C:\Users\zero6575\AppData\Local\Temp\ccC1ASpA.s:12021  .debug_str:0000000000007f7c .LASF344
C:\Users\zero6575\AppData\Local\Temp\ccC1ASpA.s:11217  .debug_str:0000000000005740 .LASF345
C:\Users\zero6575\AppData\Local\Temp\ccC1ASpA.s:9993   .debug_str:0000000000001510 .LASF346
C:\Users\zero6575\AppData\Local\Temp\ccC1ASpA.s:12669  .debug_str:000000000000a1b4 .LASF347
C:\Users\zero6575\AppData\Local\Temp\ccC1ASpA.s:12235  .debug_str:0000000000008b09 .LASF348
C:\Users\zero6575\AppData\Local\Temp\ccC1ASpA.s:12217  .debug_str:0000000000008a11 .LASF349
C:\Users\zero6575\AppData\Local\Temp\ccC1ASpA.s:13095  .debug_str:000000000000b5ab .LASF350
C:\Users\zero6575\AppData\Local\Temp\ccC1ASpA.s:12887  .debug_str:000000000000ab34 .LASF351
C:\Users\zero6575\AppData\Local\Temp\ccC1ASpA.s:10439  .debug_str:0000000000002d61 .LASF352
C:\Users\zero6575\AppData\Local\Temp\ccC1ASpA.s:10615  .debug_str:00000000000035ee .LASF353
C:\Users\zero6575\AppData\Local\Temp\ccC1ASpA.s:12143  .debug_str:0000000000008667 .LASF354
C:\Users\zero6575\AppData\Local\Temp\ccC1ASpA.s:11883  .debug_str:00000000000078f1 .LASF355
C:\Users\zero6575\AppData\Local\Temp\ccC1ASpA.s:13635  .debug_str:000000000000d12f .LASF356
C:\Users\zero6575\AppData\Local\Temp\ccC1ASpA.s:11013  .debug_str:0000000000004cd2 .LASF357
C:\Users\zero6575\AppData\Local\Temp\ccC1ASpA.s:11667  .debug_str:0000000000006dd1 .LASF358
C:\Users\zero6575\AppData\Local\Temp\ccC1ASpA.s:10445  .debug_str:0000000000002da2 .LASF359
C:\Users\zero6575\AppData\Local\Temp\ccC1ASpA.s:13205  .debug_str:000000000000baf2 .LASF360
C:\Users\zero6575\AppData\Local\Temp\ccC1ASpA.s:12283  .debug_str:0000000000008dc1 .LASF361
C:\Users\zero6575\AppData\Local\Temp\ccC1ASpA.s:11229  .debug_str:00000000000057d1 .LASF362
C:\Users\zero6575\AppData\Local\Temp\ccC1ASpA.s:12153  .debug_str:00000000000086e5 .LASF363
C:\Users\zero6575\AppData\Local\Temp\ccC1ASpA.s:11085  .debug_str:0000000000005011 .LASF364
C:\Users\zero6575\AppData\Local\Temp\ccC1ASpA.s:11457  .debug_str:00000000000062df .LASF365
C:\Users\zero6575\AppData\Local\Temp\ccC1ASpA.s:10005  .debug_str:000000000000158c .LASF366
C:\Users\zero6575\AppData\Local\Temp\ccC1ASpA.s:10355  .debug_str:00000000000029b2 .LASF367
C:\Users\zero6575\AppData\Local\Temp\ccC1ASpA.s:11075  .debug_str:0000000000004f6c .LASF368
C:\Users\zero6575\AppData\Local\Temp\ccC1ASpA.s:12539  .debug_str:0000000000009a55 .LASF369
C:\Users\zero6575\AppData\Local\Temp\ccC1ASpA.s:12997  .debug_str:000000000000b01b .LASF370
C:\Users\zero6575\AppData\Local\Temp\ccC1ASpA.s:10513  .debug_str:00000000000030e3 .LASF371
C:\Users\zero6575\AppData\Local\Temp\ccC1ASpA.s:10063  .debug_str:000000000000184c .LASF372
C:\Users\zero6575\AppData\Local\Temp\ccC1ASpA.s:9925   .debug_str:00000000000011ed .LASF373
C:\Users\zero6575\AppData\Local\Temp\ccC1ASpA.s:9753   .debug_str:00000000000009a4 .LASF374
C:\Users\zero6575\AppData\Local\Temp\ccC1ASpA.s:11605  .debug_str:0000000000006a6a .LASF375
C:\Users\zero6575\AppData\Local\Temp\ccC1ASpA.s:12389  .debug_str:00000000000092e8 .LASF376
C:\Users\zero6575\AppData\Local\Temp\ccC1ASpA.s:11597  .debug_str:0000000000006a35 .LASF377
C:\Users\zero6575\AppData\Local\Temp\ccC1ASpA.s:13097  .debug_str:000000000000b5bc .LASF378
C:\Users\zero6575\AppData\Local\Temp\ccC1ASpA.s:11635  .debug_str:0000000000006be6 .LASF379
C:\Users\zero6575\AppData\Local\Temp\ccC1ASpA.s:9675   .debug_str:0000000000000635 .LASF380
C:\Users\zero6575\AppData\Local\Temp\ccC1ASpA.s:10783  .debug_str:0000000000003ea2 .LASF381
C:\Users\zero6575\AppData\Local\Temp\ccC1ASpA.s:9579   .debug_str:0000000000000174 .LASF382
C:\Users\zero6575\AppData\Local\Temp\ccC1ASpA.s:10879  .debug_str:000000000000458d .LASF383
C:\Users\zero6575\AppData\Local\Temp\ccC1ASpA.s:10067  .debug_str:0000000000001873 .LASF384
C:\Users\zero6575\AppData\Local\Temp\ccC1ASpA.s:13427  .debug_str:000000000000c610 .LASF385
C:\Users\zero6575\AppData\Local\Temp\ccC1ASpA.s:11171  .debug_str:0000000000005505 .LASF386
C:\Users\zero6575\AppData\Local\Temp\ccC1ASpA.s:12309  .debug_str:0000000000008f13 .LASF387
C:\Users\zero6575\AppData\Local\Temp\ccC1ASpA.s:11215  .debug_str:0000000000005732 .LASF388
C:\Users\zero6575\AppData\Local\Temp\ccC1ASpA.s:11063  .debug_str:0000000000004eea .LASF389
C:\Users\zero6575\AppData\Local\Temp\ccC1ASpA.s:11471  .debug_str:00000000000063da .LASF390
C:\Users\zero6575\AppData\Local\Temp\ccC1ASpA.s:12591  .debug_str:0000000000009d53 .LASF391
C:\Users\zero6575\AppData\Local\Temp\ccC1ASpA.s:11741  .debug_str:00000000000071bc .LASF392
C:\Users\zero6575\AppData\Local\Temp\ccC1ASpA.s:11743  .debug_str:00000000000071c8 .LASF393
C:\Users\zero6575\AppData\Local\Temp\ccC1ASpA.s:13605  .debug_str:000000000000cffe .LASF394
C:\Users\zero6575\AppData\Local\Temp\ccC1ASpA.s:11397  .debug_str:000000000000601f .LASF398
C:\Users\zero6575\AppData\Local\Temp\ccC1ASpA.s:11673  .debug_str:0000000000006e13 .LASF399
C:\Users\zero6575\AppData\Local\Temp\ccC1ASpA.s:11439  .debug_str:00000000000061d0 .LASF400
C:\Users\zero6575\AppData\Local\Temp\ccC1ASpA.s:10773  .debug_str:0000000000003e2a .LASF401
C:\Users\zero6575\AppData\Local\Temp\ccC1ASpA.s:10977  .debug_str:0000000000004b0c .LASF402
C:\Users\zero6575\AppData\Local\Temp\ccC1ASpA.s:12307  .debug_str:0000000000008ebf .LASF403
C:\Users\zero6575\AppData\Local\Temp\ccC1ASpA.s:13031  .debug_str:000000000000b201 .LASF404
C:\Users\zero6575\AppData\Local\Temp\ccC1ASpA.s:11149  .debug_str:00000000000053f7 .LASF405
C:\Users\zero6575\AppData\Local\Temp\ccC1ASpA.s:10781  .debug_str:0000000000003e90 .LASF406
C:\Users\zero6575\AppData\Local\Temp\ccC1ASpA.s:10509  .debug_str:00000000000030be .LASF407
C:\Users\zero6575\AppData\Local\Temp\ccC1ASpA.s:13117  .debug_str:000000000000b6b0 .LASF408
C:\Users\zero6575\AppData\Local\Temp\ccC1ASpA.s:12401  .debug_str:0000000000009393 .LASF409
C:\Users\zero6575\AppData\Local\Temp\ccC1ASpA.s:12503  .debug_str:00000000000098c5 .LASF410
C:\Users\zero6575\AppData\Local\Temp\ccC1ASpA.s:13811  .debug_str:000000000000d9aa .LASF411
C:\Users\zero6575\AppData\Local\Temp\ccC1ASpA.s:13023  .debug_str:000000000000b1c1 .LASF412
C:\Users\zero6575\AppData\Local\Temp\ccC1ASpA.s:12171  .debug_str:000000000000879a .LASF413
C:\Users\zero6575\AppData\Local\Temp\ccC1ASpA.s:12563  .debug_str:0000000000009bc2 .LASF414
C:\Users\zero6575\AppData\Local\Temp\ccC1ASpA.s:12897  .debug_str:000000000000abc2 .LASF415
C:\Users\zero6575\AppData\Local\Temp\ccC1ASpA.s:10185  .debug_str:0000000000002106 .LASF416
C:\Users\zero6575\AppData\Local\Temp\ccC1ASpA.s:12899  .debug_str:000000000000abd2 .LASF417
C:\Users\zero6575\AppData\Local\Temp\ccC1ASpA.s:9583   .debug_str:0000000000000190 .LASF418
C:\Users\zero6575\AppData\Local\Temp\ccC1ASpA.s:11435  .debug_str:00000000000061a0 .LASF419
C:\Users\zero6575\AppData\Local\Temp\ccC1ASpA.s:11139  .debug_str:0000000000005379 .LASF420
C:\Users\zero6575\AppData\Local\Temp\ccC1ASpA.s:12299  .debug_str:0000000000008e57 .LASF421
C:\Users\zero6575\AppData\Local\Temp\ccC1ASpA.s:12125  .debug_str:0000000000008585 .LASF422
C:\Users\zero6575\AppData\Local\Temp\ccC1ASpA.s:13227  .debug_str:000000000000bbef .LASF423
C:\Users\zero6575\AppData\Local\Temp\ccC1ASpA.s:13545  .debug_str:000000000000cd53 .LASF424
C:\Users\zero6575\AppData\Local\Temp\ccC1ASpA.s:13223  .debug_str:000000000000bbc5 .LASF425
C:\Users\zero6575\AppData\Local\Temp\ccC1ASpA.s:12545  .debug_str:0000000000009a98 .LASF426
C:\Users\zero6575\AppData\Local\Temp\ccC1ASpA.s:10859  .debug_str:00000000000044cd .LASF427
C:\Users\zero6575\AppData\Local\Temp\ccC1ASpA.s:13267  .debug_str:000000000000bdc1 .LASF428
C:\Users\zero6575\AppData\Local\Temp\ccC1ASpA.s:11031  .debug_str:0000000000004d94 .LASF429
C:\Users\zero6575\AppData\Local\Temp\ccC1ASpA.s:9877   .debug_str:0000000000000f9f .LASF430
C:\Users\zero6575\AppData\Local\Temp\ccC1ASpA.s:11655  .debug_str:0000000000006d3f .LASF431
C:\Users\zero6575\AppData\Local\Temp\ccC1ASpA.s:9789   .debug_str:0000000000000ac0 .LASF432
C:\Users\zero6575\AppData\Local\Temp\ccC1ASpA.s:11877  .debug_str:00000000000078b0 .LASF433
C:\Users\zero6575\AppData\Local\Temp\ccC1ASpA.s:11995  .debug_str:0000000000007e64 .LASF434
C:\Users\zero6575\AppData\Local\Temp\ccC1ASpA.s:11415  .debug_str:00000000000060e1 .LASF435
C:\Users\zero6575\AppData\Local\Temp\ccC1ASpA.s:12775  .debug_str:000000000000a670 .LASF436
C:\Users\zero6575\AppData\Local\Temp\ccC1ASpA.s:10203  .debug_str:00000000000021e1 .LASF437
C:\Users\zero6575\AppData\Local\Temp\ccC1ASpA.s:11565  .debug_str:00000000000068c1 .LASF438
C:\Users\zero6575\AppData\Local\Temp\ccC1ASpA.s:11711  .debug_str:0000000000007026 .LASF440
C:\Users\zero6575\AppData\Local\Temp\ccC1ASpA.s:12345  .debug_str:00000000000090b8 .LASF441
C:\Users\zero6575\AppData\Local\Temp\ccC1ASpA.s:9995   .debug_str:000000000000151d .LASF442
C:\Users\zero6575\AppData\Local\Temp\ccC1ASpA.s:12249  .debug_str:0000000000008b96 .LASF443
C:\Users\zero6575\AppData\Local\Temp\ccC1ASpA.s:11283  .debug_str:0000000000005a58 .LASF444
C:\Users\zero6575\AppData\Local\Temp\ccC1ASpA.s:12749  .debug_str:000000000000a54b .LASF445
C:\Users\zero6575\AppData\Local\Temp\ccC1ASpA.s:13273  .debug_str:000000000000be1b .LASF446
C:\Users\zero6575\AppData\Local\Temp\ccC1ASpA.s:12215  .debug_str:0000000000008a08 .LASF447
C:\Users\zero6575\AppData\Local\Temp\ccC1ASpA.s:11533  .debug_str:0000000000006734 .LASF448
C:\Users\zero6575\AppData\Local\Temp\ccC1ASpA.s:12073  .debug_str:00000000000082a7 .LASF449
C:\Users\zero6575\AppData\Local\Temp\ccC1ASpA.s:11195  .debug_str:0000000000005623 .LASF450
C:\Users\zero6575\AppData\Local\Temp\ccC1ASpA.s:12835  .debug_str:000000000000a922 .LASF451
C:\Users\zero6575\AppData\Local\Temp\ccC1ASpA.s:10359  .debug_str:00000000000029de .LASF452
C:\Users\zero6575\AppData\Local\Temp\ccC1ASpA.s:11177  .debug_str:0000000000005564 .LASF453
C:\Users\zero6575\AppData\Local\Temp\ccC1ASpA.s:11901  .debug_str:00000000000079ae .LASF454
C:\Users\zero6575\AppData\Local\Temp\ccC1ASpA.s:11057  .debug_str:0000000000004eb6 .LASF455
C:\Users\zero6575\AppData\Local\Temp\ccC1ASpA.s:13833  .debug_str:000000000000da80 .LASF456
C:\Users\zero6575\AppData\Local\Temp\ccC1ASpA.s:11665  .debug_str:0000000000006dc8 .LASF457
C:\Users\zero6575\AppData\Local\Temp\ccC1ASpA.s:11361  .debug_str:0000000000005db8 .LASF458
C:\Users\zero6575\AppData\Local\Temp\ccC1ASpA.s:12995  .debug_str:000000000000b011 .LASF459
C:\Users\zero6575\AppData\Local\Temp\ccC1ASpA.s:10035  .debug_str:0000000000001711 .LASF460
C:\Users\zero6575\AppData\Local\Temp\ccC1ASpA.s:12251  .debug_str:0000000000008b9b .LASF461
C:\Users\zero6575\AppData\Local\Temp\ccC1ASpA.s:9591   .debug_str:00000000000001d9 .LASF462
C:\Users\zero6575\AppData\Local\Temp\ccC1ASpA.s:12069  .debug_str:0000000000008287 .LASF463
C:\Users\zero6575\AppData\Local\Temp\ccC1ASpA.s:10655  .debug_str:000000000000376e .LASF464
C:\Users\zero6575\AppData\Local\Temp\ccC1ASpA.s:12079  .debug_str:00000000000082fe .LASF465
C:\Users\zero6575\AppData\Local\Temp\ccC1ASpA.s:11705  .debug_str:0000000000006fd6 .LASF466
C:\Users\zero6575\AppData\Local\Temp\ccC1ASpA.s:10483  .debug_str:0000000000002f58 .LASF467
C:\Users\zero6575\AppData\Local\Temp\ccC1ASpA.s:11815  .debug_str:0000000000007633 .LASF468
C:\Users\zero6575\AppData\Local\Temp\ccC1ASpA.s:12809  .debug_str:000000000000a7e8 .LASF469
C:\Users\zero6575\AppData\Local\Temp\ccC1ASpA.s:10865  .debug_str:00000000000044fd .LASF470
C:\Users\zero6575\AppData\Local\Temp\ccC1ASpA.s:9733   .debug_str:00000000000008eb .LASF471
C:\Users\zero6575\AppData\Local\Temp\ccC1ASpA.s:10989  .debug_str:0000000000004bbc .LASF472
C:\Users\zero6575\AppData\Local\Temp\ccC1ASpA.s:13275  .debug_str:000000000000be23 .LASF473
C:\Users\zero6575\AppData\Local\Temp\ccC1ASpA.s:13767  .debug_str:000000000000d81e .LASF474
C:\Users\zero6575\AppData\Local\Temp\ccC1ASpA.s:12971  .debug_str:000000000000aefd .LASF475
C:\Users\zero6575\AppData\Local\Temp\ccC1ASpA.s:11041  .debug_str:0000000000004e05 .LASF476
C:\Users\zero6575\AppData\Local\Temp\ccC1ASpA.s:11289  .debug_str:0000000000005a7e .LASF477
C:\Users\zero6575\AppData\Local\Temp\ccC1ASpA.s:9631   .debug_str:00000000000003ef .LASF478
C:\Users\zero6575\AppData\Local\Temp\ccC1ASpA.s:11021  .debug_str:0000000000004d25 .LASF479
C:\Users\zero6575\AppData\Local\Temp\ccC1ASpA.s:12469  .debug_str:00000000000096e2 .LASF480
C:\Users\zero6575\AppData\Local\Temp\ccC1ASpA.s:11485  .debug_str:0000000000006456 .LASF481
C:\Users\zero6575\AppData\Local\Temp\ccC1ASpA.s:11833  .debug_str:00000000000076c2 .LASF482
C:\Users\zero6575\AppData\Local\Temp\ccC1ASpA.s:13411  .debug_str:000000000000c54d .LASF483
C:\Users\zero6575\AppData\Local\Temp\ccC1ASpA.s:13853  .debug_str:000000000000dbd1 .LASF484
C:\Users\zero6575\AppData\Local\Temp\ccC1ASpA.s:10357  .debug_str:00000000000029c4 .LASF485
C:\Users\zero6575\AppData\Local\Temp\ccC1ASpA.s:11017  .debug_str:0000000000004cf8 .LASF486
C:\Users\zero6575\AppData\Local\Temp\ccC1ASpA.s:11065  .debug_str:0000000000004ef9 .LASF487
C:\Users\zero6575\AppData\Local\Temp\ccC1ASpA.s:11101  .debug_str:0000000000005171 .LASF488
C:\Users\zero6575\AppData\Local\Temp\ccC1ASpA.s:13073  .debug_str:000000000000b48b .LASF489
C:\Users\zero6575\AppData\Local\Temp\ccC1ASpA.s:13047  .debug_str:000000000000b2cf .LASF490
C:\Users\zero6575\AppData\Local\Temp\ccC1ASpA.s:12507  .debug_str:00000000000098ec .LASF491
C:\Users\zero6575\AppData\Local\Temp\ccC1ASpA.s:11399  .debug_str:0000000000006035 .LASF492
C:\Users\zero6575\AppData\Local\Temp\ccC1ASpA.s:12381  .debug_str:0000000000009288 .LASF493
C:\Users\zero6575\AppData\Local\Temp\ccC1ASpA.s:13163  .debug_str:000000000000b8f3 .LASF494
C:\Users\zero6575\AppData\Local\Temp\ccC1ASpA.s:12155  .debug_str:00000000000086f3 .LASF495
C:\Users\zero6575\AppData\Local\Temp\ccC1ASpA.s:12575  .debug_str:0000000000009c55 .LASF496
C:\Users\zero6575\AppData\Local\Temp\ccC1ASpA.s:11771  .debug_str:00000000000073ac .LASF497
C:\Users\zero6575\AppData\Local\Temp\ccC1ASpA.s:10083  .debug_str:0000000000001918 .LASF498
C:\Users\zero6575\AppData\Local\Temp\ccC1ASpA.s:13725  .debug_str:000000000000d5e3 .LASF499
C:\Users\zero6575\AppData\Local\Temp\ccC1ASpA.s:11539  .debug_str:0000000000006776 .LASF500
C:\Users\zero6575\AppData\Local\Temp\ccC1ASpA.s:10305  .debug_str:0000000000002705 .LASF501
C:\Users\zero6575\AppData\Local\Temp\ccC1ASpA.s:12213  .debug_str:00000000000089dd .LASF502
C:\Users\zero6575\AppData\Local\Temp\ccC1ASpA.s:13459  .debug_str:000000000000c796 .LASF503
C:\Users\zero6575\AppData\Local\Temp\ccC1ASpA.s:12531  .debug_str:00000000000099fb .LASF504
C:\Users\zero6575\AppData\Local\Temp\ccC1ASpA.s:11257  .debug_str:00000000000058e5 .LASF505
C:\Users\zero6575\AppData\Local\Temp\ccC1ASpA.s:13485  .debug_str:000000000000c8fe .LASF506
C:\Users\zero6575\AppData\Local\Temp\ccC1ASpA.s:12637  .debug_str:0000000000009f69 .LASF507
C:\Users\zero6575\AppData\Local\Temp\ccC1ASpA.s:9689   .debug_str:00000000000006c4 .LASF508
C:\Users\zero6575\AppData\Local\Temp\ccC1ASpA.s:11723  .debug_str:00000000000070e1 .LASF509
C:\Users\zero6575\AppData\Local\Temp\ccC1ASpA.s:10113  .debug_str:0000000000001b01 .LASF510
C:\Users\zero6575\AppData\Local\Temp\ccC1ASpA.s:10093  .debug_str:00000000000019da .LASF511
C:\Users\zero6575\AppData\Local\Temp\ccC1ASpA.s:10331  .debug_str:0000000000002893 .LASF512
C:\Users\zero6575\AppData\Local\Temp\ccC1ASpA.s:10921  .debug_str:000000000000478b .LASF513
C:\Users\zero6575\AppData\Local\Temp\ccC1ASpA.s:13313  .debug_str:000000000000c072 .LASF514
C:\Users\zero6575\AppData\Local\Temp\ccC1ASpA.s:13755  .debug_str:000000000000d784 .LASF515
C:\Users\zero6575\AppData\Local\Temp\ccC1ASpA.s:9671   .debug_str:00000000000005e7 .LASF516
C:\Users\zero6575\AppData\Local\Temp\ccC1ASpA.s:13239  .debug_str:000000000000bc77 .LASF517
C:\Users\zero6575\AppData\Local\Temp\ccC1ASpA.s:10997  .debug_str:0000000000004c20 .LASF518
C:\Users\zero6575\AppData\Local\Temp\ccC1ASpA.s:12207  .debug_str:000000000000898f .LASF519
C:\Users\zero6575\AppData\Local\Temp\ccC1ASpA.s:11675  .debug_str:0000000000006e2b .LASF520
C:\Users\zero6575\AppData\Local\Temp\ccC1ASpA.s:13793  .debug_str:000000000000d90a .LASF521
C:\Users\zero6575\AppData\Local\Temp\ccC1ASpA.s:12281  .debug_str:0000000000008d9b .LASF522
C:\Users\zero6575\AppData\Local\Temp\ccC1ASpA.s:9917   .debug_str:0000000000001182 .LASF523
C:\Users\zero6575\AppData\Local\Temp\ccC1ASpA.s:13557  .debug_str:000000000000cdf9 .LASF524
C:\Users\zero6575\AppData\Local\Temp\ccC1ASpA.s:12463  .debug_str:0000000000009691 .LASF525
C:\Users\zero6575\AppData\Local\Temp\ccC1ASpA.s:9827   .debug_str:0000000000000c89 .LASF526
C:\Users\zero6575\AppData\Local\Temp\ccC1ASpA.s:11173  .debug_str:0000000000005513 .LASF527
C:\Users\zero6575\AppData\Local\Temp\ccC1ASpA.s:12973  .debug_str:000000000000af10 .LASF528
C:\Users\zero6575\AppData\Local\Temp\ccC1ASpA.s:13221  .debug_str:000000000000bba9 .LASF529
C:\Users\zero6575\AppData\Local\Temp\ccC1ASpA.s:11113  .debug_str:00000000000051e5 .LASF530
C:\Users\zero6575\AppData\Local\Temp\ccC1ASpA.s:13641  .debug_str:000000000000d17d .LASF531
C:\Users\zero6575\AppData\Local\Temp\ccC1ASpA.s:12849  .debug_str:000000000000a977 .LASF532
C:\Users\zero6575\AppData\Local\Temp\ccC1ASpA.s:10537  .debug_str:00000000000031c8 .LASF533
C:\Users\zero6575\AppData\Local\Temp\ccC1ASpA.s:13323  .debug_str:000000000000c0f0 .LASF534
C:\Users\zero6575\AppData\Local\Temp\ccC1ASpA.s:12739  .debug_str:000000000000a4ec .LASF535
C:\Users\zero6575\AppData\Local\Temp\ccC1ASpA.s:10747  .debug_str:0000000000003cb7 .LASF536
C:\Users\zero6575\AppData\Local\Temp\ccC1ASpA.s:13711  .debug_str:000000000000d544 .LASF537
C:\Users\zero6575\AppData\Local\Temp\ccC1ASpA.s:11373  .debug_str:0000000000005e47 .LASF538
C:\Users\zero6575\AppData\Local\Temp\ccC1ASpA.s:11603  .debug_str:0000000000006a52 .LASF539
C:\Users\zero6575\AppData\Local\Temp\ccC1ASpA.s:12027  .debug_str:0000000000007fd7 .LASF540
C:\Users\zero6575\AppData\Local\Temp\ccC1ASpA.s:12317  .debug_str:0000000000008f85 .LASF541
C:\Users\zero6575\AppData\Local\Temp\ccC1ASpA.s:11343  .debug_str:0000000000005ce8 .LASF542
C:\Users\zero6575\AppData\Local\Temp\ccC1ASpA.s:10739  .debug_str:0000000000003c60 .LASF543
C:\Users\zero6575\AppData\Local\Temp\ccC1ASpA.s:11725  .debug_str:0000000000007107 .LASF544
C:\Users\zero6575\AppData\Local\Temp\ccC1ASpA.s:9707   .debug_str:00000000000007a4 .LASF545
C:\Users\zero6575\AppData\Local\Temp\ccC1ASpA.s:11645  .debug_str:0000000000006c64 .LASF546
C:\Users\zero6575\AppData\Local\Temp\ccC1ASpA.s:9749   .debug_str:0000000000000980 .LASF547
C:\Users\zero6575\AppData\Local\Temp\ccC1ASpA.s:12393  .debug_str:0000000000009304 .LASF548
C:\Users\zero6575\AppData\Local\Temp\ccC1ASpA.s:12181  .debug_str:00000000000087f4 .LASF549
C:\Users\zero6575\AppData\Local\Temp\ccC1ASpA.s:12483  .debug_str:000000000000978f .LASF550
C:\Users\zero6575\AppData\Local\Temp\ccC1ASpA.s:12461  .debug_str:0000000000009682 .LASF554
C:\Users\zero6575\AppData\Local\Temp\ccC1ASpA.s:12501  .debug_str:00000000000098af .LASF555
C:\Users\zero6575\AppData\Local\Temp\ccC1ASpA.s:10945  .debug_str:000000000000492f .LASF556
C:\Users\zero6575\AppData\Local\Temp\ccC1ASpA.s:9585   .debug_str:00000000000001a1 .LASF557
C:\Users\zero6575\AppData\Local\Temp\ccC1ASpA.s:10709  .debug_str:0000000000003a72 .LASF558
C:\Users\zero6575\AppData\Local\Temp\ccC1ASpA.s:9593   .debug_str:00000000000001e7 .LASF559
C:\Users\zero6575\AppData\Local\Temp\ccC1ASpA.s:12399  .debug_str:0000000000009370 .LASF560
C:\Users\zero6575\AppData\Local\Temp\ccC1ASpA.s:9725   .debug_str:00000000000008a9 .LASF561
C:\Users\zero6575\AppData\Local\Temp\ccC1ASpA.s:11887  .debug_str:0000000000007916 .LASF562
C:\Users\zero6575\AppData\Local\Temp\ccC1ASpA.s:13379  .debug_str:000000000000c39c .LASF563
C:\Users\zero6575\AppData\Local\Temp\ccC1ASpA.s:10247  .debug_str:00000000000023f2 .LASF565
C:\Users\zero6575\AppData\Local\Temp\ccC1ASpA.s:10789  .debug_str:0000000000003ed9 .LASF566
C:\Users\zero6575\AppData\Local\Temp\ccC1ASpA.s:13391  .debug_str:000000000000c42d .LASF567
C:\Users\zero6575\AppData\Local\Temp\ccC1ASpA.s:13729  .debug_str:000000000000d622 .LASF568
C:\Users\zero6575\AppData\Local\Temp\ccC1ASpA.s:11907  .debug_str:00000000000079e3 .LASF569
C:\Users\zero6575\AppData\Local\Temp\ccC1ASpA.s:13027  .debug_str:000000000000b1dc .LASF570
C:\Users\zero6575\AppData\Local\Temp\ccC1ASpA.s:10917  .debug_str:000000000000475b .LASF571
C:\Users\zero6575\AppData\Local\Temp\ccC1ASpA.s:11893  .debug_str:0000000000007977 .LASF572
C:\Users\zero6575\AppData\Local\Temp\ccC1ASpA.s:13339  .debug_str:000000000000c1b4 .LASF573
C:\Users\zero6575\AppData\Local\Temp\ccC1ASpA.s:9677   .debug_str:0000000000000644 .LASF574
C:\Users\zero6575\AppData\Local\Temp\ccC1ASpA.s:12671  .debug_str:000000000000a1c0 .LASF575
C:\Users\zero6575\AppData\Local\Temp\ccC1ASpA.s:11851  .debug_str:0000000000007785 .LASF576
C:\Users\zero6575\AppData\Local\Temp\ccC1ASpA.s:11483  .debug_str:000000000000644a .LASF577
C:\Users\zero6575\AppData\Local\Temp\ccC1ASpA.s:10349  .debug_str:000000000000297b .LASF578
C:\Users\zero6575\AppData\Local\Temp\ccC1ASpA.s:13387  .debug_str:000000000000c3f3 .LASF579
C:\Users\zero6575\AppData\Local\Temp\ccC1ASpA.s:13269  .debug_str:000000000000bdd6 .LASF580
C:\Users\zero6575\AppData\Local\Temp\ccC1ASpA.s:13033  .debug_str:000000000000b22e .LASF581
C:\Users\zero6575\AppData\Local\Temp\ccC1ASpA.s:9965   .debug_str:00000000000013b0 .LASF582
C:\Users\zero6575\AppData\Local\Temp\ccC1ASpA.s:13377  .debug_str:000000000000c37a .LASF583
C:\Users\zero6575\AppData\Local\Temp\ccC1ASpA.s:10457  .debug_str:0000000000002e12 .LASF584
C:\Users\zero6575\AppData\Local\Temp\ccC1ASpA.s:9693   .debug_str:0000000000000708 .LASF585
C:\Users\zero6575\AppData\Local\Temp\ccC1ASpA.s:11035  .debug_str:0000000000004dc2 .LASF586
C:\Users\zero6575\AppData\Local\Temp\ccC1ASpA.s:12209  .debug_str:00000000000089b3 .LASF588
C:\Users\zero6575\AppData\Local\Temp\ccC1ASpA.s:12315  .debug_str:0000000000008f78 .LASF589
C:\Users\zero6575\AppData\Local\Temp\ccC1ASpA.s:13709  .debug_str:000000000000d53b .LASF590
C:\Users\zero6575\AppData\Local\Temp\ccC1ASpA.s:11145  .debug_str:00000000000053ad .LASF591
C:\Users\zero6575\AppData\Local\Temp\ccC1ASpA.s:10369  .debug_str:0000000000002a3d .LASF592
C:\Users\zero6575\AppData\Local\Temp\ccC1ASpA.s:9969   .debug_str:00000000000013e7 .LASF593
C:\Users\zero6575\AppData\Local\Temp\ccC1ASpA.s:10353  .debug_str:000000000000299c .LASF594
C:\Users\zero6575\AppData\Local\Temp\ccC1ASpA.s:11247  .debug_str:0000000000005880 .LASF595
C:\Users\zero6575\AppData\Local\Temp\ccC1ASpA.s:13137  .debug_str:000000000000b799 .LASF596
C:\Users\zero6575\AppData\Local\Temp\ccC1ASpA.s:13629  .debug_str:000000000000d102 .LASF597
C:\Users\zero6575\AppData\Local\Temp\ccC1ASpA.s:10793  .debug_str:0000000000003f15 .LASF598
C:\Users\zero6575\AppData\Local\Temp\ccC1ASpA.s:9889   .debug_str:0000000000001013 .LASF599
C:\Users\zero6575\AppData\Local\Temp\ccC1ASpA.s:11371  .debug_str:0000000000005e3b .LASF600
C:\Users\zero6575\AppData\Local\Temp\ccC1ASpA.s:13501  .debug_str:000000000000c9e8 .LASF601
C:\Users\zero6575\AppData\Local\Temp\ccC1ASpA.s:10159  .debug_str:0000000000001ff2 .LASF602
C:\Users\zero6575\AppData\Local\Temp\ccC1ASpA.s:11431  .debug_str:0000000000006185 .LASF603
C:\Users\zero6575\AppData\Local\Temp\ccC1ASpA.s:10075  .debug_str:00000000000018cb .LASF604
C:\Users\zero6575\AppData\Local\Temp\ccC1ASpA.s:11811  .debug_str:000000000000760b .LASF605
C:\Users\zero6575\AppData\Local\Temp\ccC1ASpA.s:10469  .debug_str:0000000000002ea1 .LASF606
C:\Users\zero6575\AppData\Local\Temp\ccC1ASpA.s:12977  .debug_str:000000000000af44 .LASF607
C:\Users\zero6575\AppData\Local\Temp\ccC1ASpA.s:9705   .debug_str:000000000000078e .LASF608
C:\Users\zero6575\AppData\Local\Temp\ccC1ASpA.s:10551  .debug_str:0000000000003290 .LASF609
C:\Users\zero6575\AppData\Local\Temp\ccC1ASpA.s:13155  .debug_str:000000000000b878 .LASF610
C:\Users\zero6575\AppData\Local\Temp\ccC1ASpA.s:13003  .debug_str:000000000000b06a .LASF611
C:\Users\zero6575\AppData\Local\Temp\ccC1ASpA.s:9643   .debug_str:000000000000045c .LASF612
C:\Users\zero6575\AppData\Local\Temp\ccC1ASpA.s:11643  .debug_str:0000000000006c47 .LASF613
C:\Users\zero6575\AppData\Local\Temp\ccC1ASpA.s:10639  .debug_str:000000000000369e .LASF614
C:\Users\zero6575\AppData\Local\Temp\ccC1ASpA.s:9899   .debug_str:000000000000107b .LASF615
C:\Users\zero6575\AppData\Local\Temp\ccC1ASpA.s:13555  .debug_str:000000000000cdda .LASF616
C:\Users\zero6575\AppData\Local\Temp\ccC1ASpA.s:11133  .debug_str:000000000000530e .LASF617
C:\Users\zero6575\AppData\Local\Temp\ccC1ASpA.s:11037  .debug_str:0000000000004dcf .LASF618
C:\Users\zero6575\AppData\Local\Temp\ccC1ASpA.s:12685  .debug_str:000000000000a284 .LASF619
C:\Users\zero6575\AppData\Local\Temp\ccC1ASpA.s:11071  .debug_str:0000000000004f39 .LASF620
C:\Users\zero6575\AppData\Local\Temp\ccC1ASpA.s:10733  .debug_str:0000000000003bfd .LASF621
C:\Users\zero6575\AppData\Local\Temp\ccC1ASpA.s:10253  .debug_str:000000000000243b .LASF622
C:\Users\zero6575\AppData\Local\Temp\ccC1ASpA.s:11333  .debug_str:0000000000005c2b .LASF623
C:\Users\zero6575\AppData\Local\Temp\ccC1ASpA.s:13101  .debug_str:000000000000b5f5 .LASF624
C:\Users\zero6575\AppData\Local\Temp\ccC1ASpA.s:10273  .debug_str:0000000000002585 .LASF625
C:\Users\zero6575\AppData\Local\Temp\ccC1ASpA.s:12045  .debug_str:00000000000080a2 .LASF626
C:\Users\zero6575\AppData\Local\Temp\ccC1ASpA.s:13327  .debug_str:000000000000c133 .LASF627
C:\Users\zero6575\AppData\Local\Temp\ccC1ASpA.s:13569  .debug_str:000000000000ce82 .LASF628
C:\Users\zero6575\AppData\Local\Temp\ccC1ASpA.s:12447  .debug_str:000000000000960c .LASF629
C:\Users\zero6575\AppData\Local\Temp\ccC1ASpA.s:13495  .debug_str:000000000000c977 .LASF630
C:\Users\zero6575\AppData\Local\Temp\ccC1ASpA.s:13667  .debug_str:000000000000d2e9 .LASF631
C:\Users\zero6575\AppData\Local\Temp\ccC1ASpA.s:12789  .debug_str:000000000000a709 .LASF632
C:\Users\zero6575\AppData\Local\Temp\ccC1ASpA.s:10133  .debug_str:0000000000001c24 .LASF633
C:\Users\zero6575\AppData\Local\Temp\ccC1ASpA.s:12777  .debug_str:000000000000a68c .LASF634
C:\Users\zero6575\AppData\Local\Temp\ccC1ASpA.s:13817  .debug_str:000000000000d9cd .LASF635
C:\Users\zero6575\AppData\Local\Temp\ccC1ASpA.s:10581  .debug_str:0000000000003407 .LASF636
C:\Users\zero6575\AppData\Local\Temp\ccC1ASpA.s:11199  .debug_str:0000000000005649 .LASF637
C:\Users\zero6575\AppData\Local\Temp\ccC1ASpA.s:12479  .debug_str:0000000000009753 .LASF638
C:\Users\zero6575\AppData\Local\Temp\ccC1ASpA.s:13213  .debug_str:000000000000bb52 .LASF639
C:\Users\zero6575\AppData\Local\Temp\ccC1ASpA.s:13389  .debug_str:000000000000c40c .LASF640
C:\Users\zero6575\AppData\Local\Temp\ccC1ASpA.s:11757  .debug_str:00000000000072fa .LASF641
C:\Users\zero6575\AppData\Local\Temp\ccC1ASpA.s:9851   .debug_str:0000000000000e1d .LASF642
C:\Users\zero6575\AppData\Local\Temp\ccC1ASpA.s:11363  .debug_str:0000000000005dc2 .LASF643
C:\Users\zero6575\AppData\Local\Temp\ccC1ASpA.s:10197  .debug_str:0000000000002197 .LASF644
C:\Users\zero6575\AppData\Local\Temp\ccC1ASpA.s:13745  .debug_str:000000000000d70c .LASF645
C:\Users\zero6575\AppData\Local\Temp\ccC1ASpA.s:13473  .debug_str:000000000000c846 .LASF646
C:\Users\zero6575\AppData\Local\Temp\ccC1ASpA.s:12641  .debug_str:0000000000009fbf .LASF647
C:\Users\zero6575\AppData\Local\Temp\ccC1ASpA.s:11791  .debug_str:0000000000007487 .LASF648
C:\Users\zero6575\AppData\Local\Temp\ccC1ASpA.s:13359  .debug_str:000000000000c289 .LASF649
C:\Users\zero6575\AppData\Local\Temp\ccC1ASpA.s:12323  .debug_str:0000000000008fc2 .LASF650
C:\Users\zero6575\AppData\Local\Temp\ccC1ASpA.s:12267  .debug_str:0000000000008c98 .LASF651
C:\Users\zero6575\AppData\Local\Temp\ccC1ASpA.s:11337  .debug_str:0000000000005c5b .LASF652
C:\Users\zero6575\AppData\Local\Temp\ccC1ASpA.s:11355  .debug_str:0000000000005d58 .LASF653
C:\Users\zero6575\AppData\Local\Temp\ccC1ASpA.s:12983  .debug_str:000000000000af8c .LASF654
C:\Users\zero6575\AppData\Local\Temp\ccC1ASpA.s:9951   .debug_str:00000000000012d8 .LASF655
C:\Users\zero6575\AppData\Local\Temp\ccC1ASpA.s:12361  .debug_str:0000000000009177 .LASF656
C:\Users\zero6575\AppData\Local\Temp\ccC1ASpA.s:11445  .debug_str:0000000000006211 .LASF657
C:\Users\zero6575\AppData\Local\Temp\ccC1ASpA.s:13657  .debug_str:000000000000d25d .LASF658
C:\Users\zero6575\AppData\Local\Temp\ccC1ASpA.s:12957  .debug_str:000000000000ae72 .LASF659
C:\Users\zero6575\AppData\Local\Temp\ccC1ASpA.s:9831   .debug_str:0000000000000cc5 .LASF660
C:\Users\zero6575\AppData\Local\Temp\ccC1ASpA.s:11891  .debug_str:0000000000007947 .LASF661
C:\Users\zero6575\AppData\Local\Temp\ccC1ASpA.s:10659  .debug_str:00000000000037c0 .LASF662
C:\Users\zero6575\AppData\Local\Temp\ccC1ASpA.s:10191  .debug_str:0000000000002141 .LASF663
C:\Users\zero6575\AppData\Local\Temp\ccC1ASpA.s:13017  .debug_str:000000000000b127 .LASF664
C:\Users\zero6575\AppData\Local\Temp\ccC1ASpA.s:13645  .debug_str:000000000000d1a9 .LASF665
C:\Users\zero6575\AppData\Local\Temp\ccC1ASpA.s:12485  .debug_str:00000000000097ab .LASF666
C:\Users\zero6575\AppData\Local\Temp\ccC1ASpA.s:11749  .debug_str:0000000000007236 .LASF667
C:\Users\zero6575\AppData\Local\Temp\ccC1ASpA.s:9659   .debug_str:0000000000000532 .LASF668
C:\Users\zero6575\AppData\Local\Temp\ccC1ASpA.s:10757  .debug_str:0000000000003d30 .LASF669
C:\Users\zero6575\AppData\Local\Temp\ccC1ASpA.s:10715  .debug_str:0000000000003aba .LASF670
C:\Users\zero6575\AppData\Local\Temp\ccC1ASpA.s:12257  .debug_str:0000000000008bcb .LASF671
C:\Users\zero6575\AppData\Local\Temp\ccC1ASpA.s:12229  .debug_str:0000000000008a95 .LASF672
C:\Users\zero6575\AppData\Local\Temp\ccC1ASpA.s:10227  .debug_str:0000000000002339 .LASF673
C:\Users\zero6575\AppData\Local\Temp\ccC1ASpA.s:11151  .debug_str:0000000000005407 .LASF674
C:\Users\zero6575\AppData\Local\Temp\ccC1ASpA.s:10269  .debug_str:0000000000002514 .LASF675
C:\Users\zero6575\AppData\Local\Temp\ccC1ASpA.s:12101  .debug_str:00000000000083b7 .LASF676
C:\Users\zero6575\AppData\Local\Temp\ccC1ASpA.s:11527  .debug_str:00000000000066c7 .LASF677
C:\Users\zero6575\AppData\Local\Temp\ccC1ASpA.s:11077  .debug_str:0000000000004f7d .LASF678
C:\Users\zero6575\AppData\Local\Temp\ccC1ASpA.s:13649  .debug_str:000000000000d1ec .LASF679
C:\Users\zero6575\AppData\Local\Temp\ccC1ASpA.s:11803  .debug_str:0000000000007514 .LASF680
C:\Users\zero6575\AppData\Local\Temp\ccC1ASpA.s:12407  .debug_str:00000000000093c8 .LASF681
C:\Users\zero6575\AppData\Local\Temp\ccC1ASpA.s:11155  .debug_str:0000000000005479 .LASF682
C:\Users\zero6575\AppData\Local\Temp\ccC1ASpA.s:13421  .debug_str:000000000000c5bf .LASF683
C:\Users\zero6575\AppData\Local\Temp\ccC1ASpA.s:10385  .debug_str:0000000000002ac0 .LASF684
C:\Users\zero6575\AppData\Local\Temp\ccC1ASpA.s:12311  .debug_str:0000000000008f26 .LASF685
C:\Users\zero6575\AppData\Local\Temp\ccC1ASpA.s:10317  .debug_str:00000000000027b8 .LASF686
C:\Users\zero6575\AppData\Local\Temp\ccC1ASpA.s:11051  .debug_str:0000000000004e6e .LASF687
C:\Users\zero6575\AppData\Local\Temp\ccC1ASpA.s:9867   .debug_str:0000000000000f42 .LASF688
C:\Users\zero6575\AppData\Local\Temp\ccC1ASpA.s:9669   .debug_str:00000000000005d4 .LASF689
C:\Users\zero6575\AppData\Local\Temp\ccC1ASpA.s:13305  .debug_str:000000000000c003 .LASF690
C:\Users\zero6575\AppData\Local\Temp\ccC1ASpA.s:11835  .debug_str:00000000000076db .LASF691
C:\Users\zero6575\AppData\Local\Temp\ccC1ASpA.s:10303  .debug_str:00000000000026d6 .LASF692
C:\Users\zero6575\AppData\Local\Temp\ccC1ASpA.s:10777  .debug_str:0000000000003e4d .LASF693
C:\Users\zero6575\AppData\Local\Temp\ccC1ASpA.s:10395  .debug_str:0000000000002b49 .LASF694
C:\Users\zero6575\AppData\Local\Temp\ccC1ASpA.s:12059  .debug_str:0000000000008148 .LASF695
C:\Users\zero6575\AppData\Local\Temp\ccC1ASpA.s:11127  .debug_str:00000000000052a7 .LASF696
C:\Users\zero6575\AppData\Local\Temp\ccC1ASpA.s:11687  .debug_str:0000000000006eaf .LASF697
C:\Users\zero6575\AppData\Local\Temp\ccC1ASpA.s:10899  .debug_str:0000000000004665 .LASF698
C:\Users\zero6575\AppData\Local\Temp\ccC1ASpA.s:12349  .debug_str:00000000000090ca .LASF699
C:\Users\zero6575\AppData\Local\Temp\ccC1ASpA.s:12123  .debug_str:0000000000008548 .LASF700
C:\Users\zero6575\AppData\Local\Temp\ccC1ASpA.s:10833  .debug_str:000000000000429f .LASF701
C:\Users\zero6575\AppData\Local\Temp\ccC1ASpA.s:10731  .debug_str:0000000000003bb6 .LASF702
C:\Users\zero6575\AppData\Local\Temp\ccC1ASpA.s:10313  .debug_str:000000000000274e .LASF703
C:\Users\zero6575\AppData\Local\Temp\ccC1ASpA.s:11339  .debug_str:0000000000005c85 .LASF704
C:\Users\zero6575\AppData\Local\Temp\ccC1ASpA.s:10061  .debug_str:0000000000001806 .LASF705
C:\Users\zero6575\AppData\Local\Temp\ccC1ASpA.s:9909   .debug_str:0000000000001116 .LASF706
C:\Users\zero6575\AppData\Local\Temp\ccC1ASpA.s:12205  .debug_str:0000000000008960 .LASF707
C:\Users\zero6575\AppData\Local\Temp\ccC1ASpA.s:11507  .debug_str:000000000000656b .LASF708
C:\Users\zero6575\AppData\Local\Temp\ccC1ASpA.s:9759   .debug_str:00000000000009cc .LASF710
C:\Users\zero6575\AppData\Local\Temp\ccC1ASpA.s:12489  .debug_str:0000000000009819 .LASF711
C:\Users\zero6575\AppData\Local\Temp\ccC1ASpA.s:11331  .debug_str:0000000000005c1c .LASF714
C:\Users\zero6575\AppData\Local\Temp\ccC1ASpA.s:9727   .debug_str:00000000000008b6 .LASF715
C:\Users\zero6575\AppData\Local\Temp\ccC1ASpA.s:13039  .debug_str:000000000000b289 .LASF716
C:\Users\zero6575\AppData\Local\Temp\ccC1ASpA.s:11401  .debug_str:0000000000006053 .LASF717
C:\Users\zero6575\AppData\Local\Temp\ccC1ASpA.s:10911  .debug_str:0000000000004717 .LASF719
C:\Users\zero6575\AppData\Local\Temp\ccC1ASpA.s:10649  .debug_str:000000000000371e .LASF720
C:\Users\zero6575\AppData\Local\Temp\ccC1ASpA.s:10625  .debug_str:0000000000003649 .LASF721
C:\Users\zero6575\AppData\Local\Temp\ccC1ASpA.s:13787  .debug_str:000000000000d8e1 .LASF722
C:\Users\zero6575\AppData\Local\Temp\ccC1ASpA.s:12043  .debug_str:0000000000008088 .LASF723
C:\Users\zero6575\AppData\Local\Temp\ccC1ASpA.s:11753  .debug_str:00000000000072cf .LASF724
C:\Users\zero6575\AppData\Local\Temp\ccC1ASpA.s:11491  .debug_str:00000000000064b0 .LASF725
C:\Users\zero6575\AppData\Local\Temp\ccC1ASpA.s:12651  .debug_str:000000000000a0ea .LASF726
C:\Users\zero6575\AppData\Local\Temp\ccC1ASpA.s:11967  .debug_str:0000000000007cb4 .LASF727
C:\Users\zero6575\AppData\Local\Temp\ccC1ASpA.s:11175  .debug_str:0000000000005537 .LASF728
C:\Users\zero6575\AppData\Local\Temp\ccC1ASpA.s:13851  .debug_str:000000000000db9a .LASF729
C:\Users\zero6575\AppData\Local\Temp\ccC1ASpA.s:12445  .debug_str:00000000000095ef .LASF730
C:\Users\zero6575\AppData\Local\Temp\ccC1ASpA.s:10979  .debug_str:0000000000004b24 .LASF731
C:\Users\zero6575\AppData\Local\Temp\ccC1ASpA.s:12085  .debug_str:0000000000008326 .LASF732
C:\Users\zero6575\AppData\Local\Temp\ccC1ASpA.s:10263  .debug_str:00000000000024ac .LASF733
C:\Users\zero6575\AppData\Local\Temp\ccC1ASpA.s:10047  .debug_str:0000000000001789 .LASF734
C:\Users\zero6575\AppData\Local\Temp\ccC1ASpA.s:13105  .debug_str:000000000000b62d .LASF735
C:\Users\zero6575\AppData\Local\Temp\ccC1ASpA.s:11805  .debug_str:000000000000752d .LASF736
C:\Users\zero6575\AppData\Local\Temp\ccC1ASpA.s:13099  .debug_str:000000000000b5c7 .LASF737
C:\Users\zero6575\AppData\Local\Temp\ccC1ASpA.s:10611  .debug_str:00000000000035b1 .LASF738
C:\Users\zero6575\AppData\Local\Temp\ccC1ASpA.s:13855  .debug_str:000000000000dbeb .LASF739
C:\Users\zero6575\AppData\Local\Temp\ccC1ASpA.s:10195  .debug_str:0000000000002187 .LASF740
C:\Users\zero6575\AppData\Local\Temp\ccC1ASpA.s:11911  .debug_str:0000000000007a02 .LASF741
C:\Users\zero6575\AppData\Local\Temp\ccC1ASpA.s:11417  .debug_str:00000000000060f1 .LASF742
C:\Users\zero6575\AppData\Local\Temp\ccC1ASpA.s:11517  .debug_str:0000000000006601 .LASF743
C:\Users\zero6575\AppData\Local\Temp\ccC1ASpA.s:10599  .debug_str:0000000000003523 .LASF744
C:\Users\zero6575\AppData\Local\Temp\ccC1ASpA.s:13653  .debug_str:000000000000d229 .LASF745
C:\Users\zero6575\AppData\Local\Temp\ccC1ASpA.s:11797  .debug_str:00000000000074d4 .LASF746
C:\Users\zero6575\AppData\Local\Temp\ccC1ASpA.s:11699  .debug_str:0000000000006f87 .LASF747
C:\Users\zero6575\AppData\Local\Temp\ccC1ASpA.s:11975  .debug_str:0000000000007d0d .LASF748
C:\Users\zero6575\AppData\Local\Temp\ccC1ASpA.s:11039  .debug_str:0000000000004ded .LASF749
C:\Users\zero6575\AppData\Local\Temp\ccC1ASpA.s:12903  .debug_str:000000000000abfa .LASF750
C:\Users\zero6575\AppData\Local\Temp\ccC1ASpA.s:10323  .debug_str:0000000000002825 .LASF751
C:\Users\zero6575\AppData\Local\Temp\ccC1ASpA.s:13531  .debug_str:000000000000ccab .LASF752
C:\Users\zero6575\AppData\Local\Temp\ccC1ASpA.s:13083  .debug_str:000000000000b519 .LASF753
C:\Users\zero6575\AppData\Local\Temp\ccC1ASpA.s:13527  .debug_str:000000000000cba2 .LASF754
C:\Users\zero6575\AppData\Local\Temp\ccC1ASpA.s:11807  .debug_str:0000000000007551 .LASF755
C:\Users\zero6575\AppData\Local\Temp\ccC1ASpA.s:11727  .debug_str:0000000000007121 .LASF756
C:\Users\zero6575\AppData\Local\Temp\ccC1ASpA.s:12647  .debug_str:000000000000a021 .LASF757
C:\Users\zero6575\AppData\Local\Temp\ccC1ASpA.s:9821   .debug_str:0000000000000bfc .LASF758
C:\Users\zero6575\AppData\Local\Temp\ccC1ASpA.s:10807  .debug_str:0000000000003fc5 .LASF759
C:\Users\zero6575\AppData\Local\Temp\ccC1ASpA.s:10815  .debug_str:00000000000040bc .LASF760
C:\Users\zero6575\AppData\Local\Temp\ccC1ASpA.s:11469  .debug_str:0000000000006365 .LASF761
C:\Users\zero6575\AppData\Local\Temp\ccC1ASpA.s:11375  .debug_str:0000000000005e61 .LASF762
C:\Users\zero6575\AppData\Local\Temp\ccC1ASpA.s:13393  .debug_str:000000000000c455 .LASF763
C:\Users\zero6575\AppData\Local\Temp\ccC1ASpA.s:13707  .debug_str:000000000000d4e0 .LASF764
C:\Users\zero6575\AppData\Local\Temp\ccC1ASpA.s:10145  .debug_str:0000000000001c96 .LASF765
C:\Users\zero6575\AppData\Local\Temp\ccC1ASpA.s:9859   .debug_str:0000000000000e88 .LASF766
C:\Users\zero6575\AppData\Local\Temp\ccC1ASpA.s:9841   .debug_str:0000000000000d6f .LASF767
C:\Users\zero6575\AppData\Local\Temp\ccC1ASpA.s:11111  .debug_str:00000000000051b9 .LASF768
C:\Users\zero6575\AppData\Local\Temp\ccC1ASpA.s:10499  .debug_str:0000000000003026 .LASF769
C:\Users\zero6575\AppData\Local\Temp\ccC1ASpA.s:11663  .debug_str:0000000000006d9b .LASF770
C:\Users\zero6575\AppData\Local\Temp\ccC1ASpA.s:12561  .debug_str:0000000000009b95 .LASF771
C:\Users\zero6575\AppData\Local\Temp\ccC1ASpA.s:11915  .debug_str:0000000000007a39 .LASF772
C:\Users\zero6575\AppData\Local\Temp\ccC1ASpA.s:10737  .debug_str:0000000000003c34 .LASF773
C:\Users\zero6575\AppData\Local\Temp\ccC1ASpA.s:12077  .debug_str:00000000000082ce .LASF774
C:\Users\zero6575\AppData\Local\Temp\ccC1ASpA.s:10423  .debug_str:0000000000002c92 .LASF775
C:\Users\zero6575\AppData\Local\Temp\ccC1ASpA.s:11641  .debug_str:0000000000006c17 .LASF776
C:\Users\zero6575\AppData\Local\Temp\ccC1ASpA.s:10335  .debug_str:00000000000028c2 .LASF777
C:\Users\zero6575\AppData\Local\Temp\ccC1ASpA.s:13199  .debug_str:000000000000ba88 .LASF778
C:\Users\zero6575\AppData\Local\Temp\ccC1ASpA.s:11707  .debug_str:0000000000006fe8 .LASF779
C:\Users\zero6575\AppData\Local\Temp\ccC1ASpA.s:12551  .debug_str:0000000000009ad9 .LASF780
C:\Users\zero6575\AppData\Local\Temp\ccC1ASpA.s:12947  .debug_str:000000000000adf4 .LASF781
C:\Users\zero6575\AppData\Local\Temp\ccC1ASpA.s:12113  .debug_str:00000000000084bd .LASF782
C:\Users\zero6575\AppData\Local\Temp\ccC1ASpA.s:13461  .debug_str:000000000000c7bc .LASF783
C:\Users\zero6575\AppData\Local\Temp\ccC1ASpA.s:12397  .debug_str:0000000000009339 .LASF784
C:\Users\zero6575\AppData\Local\Temp\ccC1ASpA.s:12105  .debug_str:000000000000843f .LASF785
C:\Users\zero6575\AppData\Local\Temp\ccC1ASpA.s:10603  .debug_str:0000000000003544 .LASF786
C:\Users\zero6575\AppData\Local\Temp\ccC1ASpA.s:10473  .debug_str:0000000000002ebf .LASF787
C:\Users\zero6575\AppData\Local\Temp\ccC1ASpA.s:10669  .debug_str:0000000000003847 .LASF788
C:\Users\zero6575\AppData\Local\Temp\ccC1ASpA.s:10419  .debug_str:0000000000002c4a .LASF789
C:\Users\zero6575\AppData\Local\Temp\ccC1ASpA.s:12639  .debug_str:0000000000009f85 .LASF790
C:\Users\zero6575\AppData\Local\Temp\ccC1ASpA.s:10493  .debug_str:0000000000002fd9 .LASF791
C:\Users\zero6575\AppData\Local\Temp\ccC1ASpA.s:10969  .debug_str:0000000000004a6e .LASF792
C:\Users\zero6575\AppData\Local\Temp\ccC1ASpA.s:11721  .debug_str:00000000000070c4 .LASF793
C:\Users\zero6575\AppData\Local\Temp\ccC1ASpA.s:12817  .debug_str:000000000000a849 .LASF794
C:\Users\zero6575\AppData\Local\Temp\ccC1ASpA.s:12467  .debug_str:00000000000096cf .LASF795
C:\Users\zero6575\AppData\Local\Temp\ccC1ASpA.s:10557  .debug_str:00000000000032ec .LASF796
C:\Users\zero6575\AppData\Local\Temp\ccC1ASpA.s:10505  .debug_str:0000000000003088 .LASF797
C:\Users\zero6575\AppData\Local\Temp\ccC1ASpA.s:10569  .debug_str:0000000000003387 .LASF798
C:\Users\zero6575\AppData\Local\Temp\ccC1ASpA.s:11163  .debug_str:00000000000054d2 .LASF799
C:\Users\zero6575\AppData\Local\Temp\ccC1ASpA.s:13347  .debug_str:000000000000c1ff .LASF801
C:\Users\zero6575\AppData\Local\Temp\ccC1ASpA.s:10745  .debug_str:0000000000003ca6 .LASF802
C:\Users\zero6575\AppData\Local\Temp\ccC1ASpA.s:10013  .debug_str:00000000000015e6 .LASF803
C:\Users\zero6575\AppData\Local\Temp\ccC1ASpA.s:10813  .debug_str:00000000000040a1 .LASF804
C:\Users\zero6575\AppData\Local\Temp\ccC1ASpA.s:10883  .debug_str:00000000000045b1 .LASF805
C:\Users\zero6575\AppData\Local\Temp\ccC1ASpA.s:10579  .debug_str:00000000000033f7 .LASF806
C:\Users\zero6575\AppData\Local\Temp\ccC1ASpA.s:13447  .debug_str:000000000000c6fc .LASF807
C:\Users\zero6575\AppData\Local\Temp\ccC1ASpA.s:9865   .debug_str:0000000000000f2b .LASF808
C:\Users\zero6575\AppData\Local\Temp\ccC1ASpA.s:10511  .debug_str:00000000000030cc .LASF809
C:\Users\zero6575\AppData\Local\Temp\ccC1ASpA.s:9855   .debug_str:0000000000000e64 .LASF810
C:\Users\zero6575\AppData\Local\Temp\ccC1ASpA.s:10843  .debug_str:0000000000004391 .LASF811
C:\Users\zero6575\AppData\Local\Temp\ccC1ASpA.s:11181  .debug_str:0000000000005578 .LASF812
C:\Users\zero6575\AppData\Local\Temp\ccC1ASpA.s:13235  .debug_str:000000000000bc41 .LASF813
C:\Users\zero6575\AppData\Local\Temp\ccC1ASpA.s:10555  .debug_str:00000000000032d2 .LASF814
C:\Users\zero6575\AppData\Local\Temp\ccC1ASpA.s:13067  .debug_str:000000000000b420 .LASF815
C:\Users\zero6575\AppData\Local\Temp\ccC1ASpA.s:11159  .debug_str:00000000000054aa .LASF816
C:\Users\zero6575\AppData\Local\Temp\ccC1ASpA.s:12693  .debug_str:000000000000a2e8 .LASF817
C:\Users\zero6575\AppData\Local\Temp\ccC1ASpA.s:12609  .debug_str:0000000000009e17 .LASF820
C:\Users\zero6575\AppData\Local\Temp\ccC1ASpA.s:13779  .debug_str:000000000000d889 .LASF821
C:\Users\zero6575\AppData\Local\Temp\ccC1ASpA.s:13685  .debug_str:000000000000d3bc .LASF822
C:\Users\zero6575\AppData\Local\Temp\ccC1ASpA.s:10187  .debug_str:000000000000211b .LASF823
C:\Users\zero6575\AppData\Local\Temp\ccC1ASpA.s:12319  .debug_str:0000000000008f9b .LASF824
C:\Users\zero6575\AppData\Local\Temp\ccC1ASpA.s:10723  .debug_str:0000000000003b5c .LASF825
C:\Users\zero6575\AppData\Local\Temp\ccC1ASpA.s:13743  .debug_str:000000000000d6da .LASF826
C:\Users\zero6575\AppData\Local\Temp\ccC1ASpA.s:11985  .debug_str:0000000000007d6a .LASF827
C:\Users\zero6575\AppData\Local\Temp\ccC1ASpA.s:12061  .debug_str:000000000000816d .LASF828
C:\Users\zero6575\AppData\Local\Temp\ccC1ASpA.s:10937  .debug_str:000000000000482b .LASF829
C:\Users\zero6575\AppData\Local\Temp\ccC1ASpA.s:11273  .debug_str:0000000000005998 .LASF832
C:\Users\zero6575\AppData\Local\Temp\ccC1ASpA.s:13051  .debug_str:000000000000b310 .LASF833
C:\Users\zero6575\AppData\Local\Temp\ccC1ASpA.s:10189  .debug_str:000000000000212d .LASF834
C:\Users\zero6575\AppData\Local\Temp\ccC1ASpA.s:11697  .debug_str:0000000000006f74 .LASF835
C:\Users\zero6575\AppData\Local\Temp\ccC1ASpA.s:13089  .debug_str:000000000000b563 .LASF836
C:\Users\zero6575\AppData\Local\Temp\ccC1ASpA.s:11613  .debug_str:0000000000006ac6 .LASF837
C:\Users\zero6575\AppData\Local\Temp\ccC1ASpA.s:10897  .debug_str:0000000000004643 .LASF838
C:\Users\zero6575\AppData\Local\Temp\ccC1ASpA.s:10123  .debug_str:0000000000001bb4 .LASF839
C:\Users\zero6575\AppData\Local\Temp\ccC1ASpA.s:10657  .debug_str:000000000000377c .LASF840
C:\Users\zero6575\AppData\Local\Temp\ccC1ASpA.s:10211  .debug_str:0000000000002245 .LASF841
C:\Users\zero6575\AppData\Local\Temp\ccC1ASpA.s:10837  .debug_str:000000000000431d .LASF842
C:\Users\zero6575\AppData\Local\Temp\ccC1ASpA.s:10857  .debug_str:0000000000004449 .LASF843
C:\Users\zero6575\AppData\Local\Temp\ccC1ASpA.s:9755   .debug_str:00000000000009b1 .LASF844
C:\Users\zero6575\AppData\Local\Temp\ccC1ASpA.s:9767   .debug_str:0000000000000a08 .LASF845
C:\Users\zero6575\AppData\Local\Temp\ccC1ASpA.s:11779  .debug_str:000000000000740e .LASF846
C:\Users\zero6575\AppData\Local\Temp\ccC1ASpA.s:11081  .debug_str:0000000000004fee .LASF847
C:\Users\zero6575\AppData\Local\Temp\ccC1ASpA.s:13107  .debug_str:000000000000b657 .LASF848
C:\Users\zero6575\AppData\Local\Temp\ccC1ASpA.s:12963  .debug_str:000000000000aead .LASF849
C:\Users\zero6575\AppData\Local\Temp\ccC1ASpA.s:12509  .debug_str:0000000000009908 .LASF850
C:\Users\zero6575\AppData\Local\Temp\ccC1ASpA.s:10281  .debug_str:0000000000002601 .LASF851
C:\Users\zero6575\AppData\Local\Temp\ccC1ASpA.s:10939  .debug_str:00000000000048fb .LASF852
C:\Users\zero6575\AppData\Local\Temp\ccC1ASpA.s:13503  .debug_str:000000000000ca06 .LASF853
C:\Users\zero6575\AppData\Local\Temp\ccC1ASpA.s:9885   .debug_str:0000000000000fe8 .LASF854
C:\Users\zero6575\AppData\Local\Temp\ccC1ASpA.s:11947  .debug_str:0000000000007bdd .LASF855
C:\Users\zero6575\AppData\Local\Temp\ccC1ASpA.s:12521  .debug_str:000000000000999a .LASF856
C:\Users\zero6575\AppData\Local\Temp\ccC1ASpA.s:10219  .debug_str:00000000000022d5 .LASF857
C:\Users\zero6575\AppData\Local\Temp\ccC1ASpA.s:11951  .debug_str:0000000000007bfe .LASF858
C:\Users\zero6575\AppData\Local\Temp\ccC1ASpA.s:11011  .debug_str:0000000000004cbc .LASF859
C:\Users\zero6575\AppData\Local\Temp\ccC1ASpA.s:10287  .debug_str:0000000000002638 .LASF860
C:\Users\zero6575\AppData\Local\Temp\ccC1ASpA.s:11137  .debug_str:0000000000005368 .LASF861
C:\Users\zero6575\AppData\Local\Temp\ccC1ASpA.s:13129  .debug_str:000000000000b740 .LASF862
C:\Users\zero6575\AppData\Local\Temp\ccC1ASpA.s:11679  .debug_str:0000000000006e67 .LASF863
C:\Users\zero6575\AppData\Local\Temp\ccC1ASpA.s:10999  .debug_str:0000000000004c42 .LASF864
C:\Users\zero6575\AppData\Local\Temp\ccC1ASpA.s:12631  .debug_str:0000000000009f2e .LASF865
C:\Users\zero6575\AppData\Local\Temp\ccC1ASpA.s:12605  .debug_str:0000000000009dfc .LASF866
C:\Users\zero6575\AppData\Local\Temp\ccC1ASpA.s:12327  .debug_str:0000000000008fed .LASF867
C:\Users\zero6575\AppData\Local\Temp\ccC1ASpA.s:12907  .debug_str:000000000000ac18 .LASF868
C:\Users\zero6575\AppData\Local\Temp\ccC1ASpA.s:11761  .debug_str:0000000000007337 .LASF869
C:\Users\zero6575\AppData\Local\Temp\ccC1ASpA.s:13135  .debug_str:000000000000b786 .LASF870
C:\Users\zero6575\AppData\Local\Temp\ccC1ASpA.s:13737  .debug_str:000000000000d67d .LASF871
C:\Users\zero6575\AppData\Local\Temp\ccC1ASpA.s:11609  .debug_str:0000000000006aa0 .LASF872
C:\Users\zero6575\AppData\Local\Temp\ccC1ASpA.s:13243  .debug_str:000000000000bcbf .LASF873
C:\Users\zero6575\AppData\Local\Temp\ccC1ASpA.s:12595  .debug_str:0000000000009d7d .LASF874
C:\Users\zero6575\AppData\Local\Temp\ccC1ASpA.s:10623  .debug_str:0000000000003633 .LASF875
C:\Users\zero6575\AppData\Local\Temp\ccC1ASpA.s:12313  .debug_str:0000000000008f69 .LASF877
C:\Users\zero6575\AppData\Local\Temp\ccC1ASpA.s:11429  .debug_str:0000000000006177 .LASF878
C:\Users\zero6575\AppData\Local\Temp\ccC1ASpA.s:10647  .debug_str:0000000000003711 .LASF879
C:\Users\zero6575\AppData\Local\Temp\ccC1ASpA.s:13381  .debug_str:000000000000c3b1 .LASF880
C:\Users\zero6575\AppData\Local\Temp\ccC1ASpA.s:10003  .debug_str:0000000000001574 .LASF881
C:\Users\zero6575\AppData\Local\Temp\ccC1ASpA.s:11571  .debug_str:00000000000068f3 .LASF882
C:\Users\zero6575\AppData\Local\Temp\ccC1ASpA.s:9985   .debug_str:00000000000014a4 .LASF883
C:\Users\zero6575\AppData\Local\Temp\ccC1ASpA.s:12409  .debug_str:00000000000093e8 .LASF884
C:\Users\zero6575\AppData\Local\Temp\ccC1ASpA.s:11567  .debug_str:00000000000068ca .LASF885
C:\Users\zero6575\AppData\Local\Temp\ccC1ASpA.s:13171  .debug_str:000000000000b95d .LASF886
C:\Users\zero6575\AppData\Local\Temp\ccC1ASpA.s:13159  .debug_str:000000000000b8ab .LASF887
C:\Users\zero6575\AppData\Local\Temp\ccC1ASpA.s:13705  .debug_str:000000000000d4a8 .LASF888
C:\Users\zero6575\AppData\Local\Temp\ccC1ASpA.s:12455  .debug_str:000000000000964c .LASF889
C:\Users\zero6575\AppData\Local\Temp\ccC1ASpA.s:13857  .debug_str:000000000000dc15 .LASF892
C:\Users\zero6575\AppData\Local\Temp\ccC1ASpA.s:13517  .debug_str:000000000000caca .LASF893
C:\Users\zero6575\AppData\Local\Temp\ccC1ASpA.s:13699  .debug_str:000000000000d432 .LASF894
C:\Users\zero6575\AppData\Local\Temp\ccC1ASpA.s:11839  .debug_str:000000000000770a .LASF895
C:\Users\zero6575\AppData\Local\Temp\ccC1ASpA.s:13371  .debug_str:000000000000c337 .LASF896
C:\Users\zero6575\AppData\Local\Temp\ccC1ASpA.s:10471  .debug_str:0000000000002eb2 .LASF897
C:\Users\zero6575\AppData\Local\Temp\ccC1ASpA.s:11543  .debug_str:00000000000067ad .LASF898
C:\Users\zero6575\AppData\Local\Temp\ccC1ASpA.s:13703  .debug_str:000000000000d49b .LASF899
C:\Users\zero6575\AppData\Local\Temp\ccC1ASpA.s:12881  .debug_str:000000000000aaf2 .LASF900
C:\Users\zero6575\AppData\Local\Temp\ccC1ASpA.s:11799  .debug_str:00000000000074ec .LASF901
C:\Users\zero6575\AppData\Local\Temp\ccC1ASpA.s:13161  .debug_str:000000000000b8e5 .LASF902
C:\Users\zero6575\AppData\Local\Temp\ccC1ASpA.s:12635  .debug_str:0000000000009f5b .LASF903
C:\Users\zero6575\AppData\Local\Temp\ccC1ASpA.s:10311  .debug_str:0000000000002740 .LASF904
C:\Users\zero6575\AppData\Local\Temp\ccC1ASpA.s:12475  .debug_str:0000000000009731 .LASF905
C:\Users\zero6575\AppData\Local\Temp\ccC1ASpA.s:13249  .debug_str:000000000000bcfc .LASF906
C:\Users\zero6575\AppData\Local\Temp\ccC1ASpA.s:11971  .debug_str:0000000000007ce7 .LASF907
C:\Users\zero6575\AppData\Local\Temp\ccC1ASpA.s:13715  .debug_str:000000000000d571 .LASF908
C:\Users\zero6575\AppData\Local\Temp\ccC1ASpA.s:9881   .debug_str:0000000000000fc3 .LASF909
C:\Users\zero6575\AppData\Local\Temp\ccC1ASpA.s:13571  .debug_str:000000000000ce95 .LASF910
C:\Users\zero6575\AppData\Local\Temp\ccC1ASpA.s:11819  .debug_str:000000000000764f .LASF911
C:\Users\zero6575\AppData\Local\Temp\ccC1ASpA.s:11767  .debug_str:000000000000737b .LASF912
C:\Users\zero6575\AppData\Local\Temp\ccC1ASpA.s:13509  .debug_str:000000000000ca3f .LASF913
C:\Users\zero6575\AppData\Local\Temp\ccC1ASpA.s:11897  .debug_str:0000000000007991 .LASF914
C:\Users\zero6575\AppData\Local\Temp\ccC1ASpA.s:9953   .debug_str:0000000000001301 .LASF915
C:\Users\zero6575\AppData\Local\Temp\ccC1ASpA.s:10767  .debug_str:0000000000003de6 .LASF916
C:\Users\zero6575\AppData\Local\Temp\ccC1ASpA.s:12655  .debug_str:000000000000a133 .LASF917
C:\Users\zero6575\AppData\Local\Temp\ccC1ASpA.s:13701  .debug_str:000000000000d489 .LASF918
C:\Users\zero6575\AppData\Local\Temp\ccC1ASpA.s:10229  .debug_str:000000000000235c .LASF919
C:\Users\zero6575\AppData\Local\Temp\ccC1ASpA.s:10381  .debug_str:0000000000002aa1 .LASF920
C:\Users\zero6575\AppData\Local\Temp\ccC1ASpA.s:9893   .debug_str:0000000000001039 .LASF921
C:\Users\zero6575\AppData\Local\Temp\ccC1ASpA.s:13677  .debug_str:000000000000d355 .LASF922
C:\Users\zero6575\AppData\Local\Temp\ccC1ASpA.s:10889  .debug_str:00000000000045f1 .LASF923
C:\Users\zero6575\AppData\Local\Temp\ccC1ASpA.s:9949   .debug_str:00000000000012cd .LASF924
C:\Users\zero6575\AppData\Local\Temp\ccC1ASpA.s:12923  .debug_str:000000000000acd0 .LASF925
C:\Users\zero6575\AppData\Local\Temp\ccC1ASpA.s:10175  .debug_str:0000000000002091 .LASF926
C:\Users\zero6575\AppData\Local\Temp\ccC1ASpA.s:9555   .debug_str:0000000000000056 .LASF927
C:\Users\zero6575\AppData\Local\Temp\ccC1ASpA.s:13847  .debug_str:000000000000db64 .LASF928
C:\Users\zero6575\AppData\Local\Temp\ccC1ASpA.s:13619  .debug_str:000000000000d09a .LASF929
C:\Users\zero6575\AppData\Local\Temp\ccC1ASpA.s:13849  .debug_str:000000000000db7e .LASF930
C:\Users\zero6575\AppData\Local\Temp\ccC1ASpA.s:9763   .debug_str:00000000000009e6 .LASF931
C:\Users\zero6575\AppData\Local\Temp\ccC1ASpA.s:13019  .debug_str:000000000000b15a .LASF932
C:\Users\zero6575\AppData\Local\Temp\ccC1ASpA.s:11717  .debug_str:000000000000704a .LASF933
C:\Users\zero6575\AppData\Local\Temp\ccC1ASpA.s:11553  .debug_str:0000000000006800 .LASF934
C:\Users\zero6575\AppData\Local\Temp\ccC1ASpA.s:13861  .debug_str:000000000000dc35 .LASF935
C:\Users\zero6575\AppData\Local\Temp\ccC1ASpA.s:11489  .debug_str:0000000000006480 .LASF936
C:\Users\zero6575\AppData\Local\Temp\ccC1ASpA.s:9615   .debug_str:00000000000002f4 .LASF937
C:\Users\zero6575\AppData\Local\Temp\ccC1ASpA.s:10265  .debug_str:00000000000024d4 .LASF938
C:\Users\zero6575\AppData\Local\Temp\ccC1ASpA.s:13029  .debug_str:000000000000b1e7 .LASF939
C:\Users\zero6575\AppData\Local\Temp\ccC1ASpA.s:12273  .debug_str:0000000000008d36 .LASF940
C:\Users\zero6575\AppData\Local\Temp\ccC1ASpA.s:12185  .debug_str:0000000000008835 .LASF941
C:\Users\zero6575\AppData\Local\Temp\ccC1ASpA.s:11647  .debug_str:0000000000006c7e .LASF942
C:\Users\zero6575\AppData\Local\Temp\ccC1ASpA.s:10173  .debug_str:0000000000002084 .LASF943
C:\Users\zero6575\AppData\Local\Temp\ccC1ASpA.s:11939  .debug_str:0000000000007b93 .LASF944
C:\Users\zero6575\AppData\Local\Temp\ccC1ASpA.s:13589  .debug_str:000000000000cf68 .LASF948
C:\Users\zero6575\AppData\Local\Temp\ccC1ASpA.s:12007  .debug_str:0000000000007ef9 .LASF949
C:\Users\zero6575\AppData\Local\Temp\ccC1ASpA.s:12035  .debug_str:0000000000008029 .LASF950
C:\Users\zero6575\AppData\Local\Temp\ccC1ASpA.s:10965  .debug_str:0000000000004a34 .LASF951
C:\Users\zero6575\AppData\Local\Temp\ccC1ASpA.s:10251  .debug_str:000000000000241c .LASF952
C:\Users\zero6575\AppData\Local\Temp\ccC1ASpA.s:11179  .debug_str:0000000000005570 .LASF953
C:\Users\zero6575\AppData\Local\Temp\ccC1ASpA.s:13541  .debug_str:000000000000cd3b .LASF954
C:\Users\zero6575\AppData\Local\Temp\ccC1ASpA.s:12247  .debug_str:0000000000008b8e .LASF955
C:\Users\zero6575\AppData\Local\Temp\ccC1ASpA.s:13477  .debug_str:000000000000c8bd .LASF956
C:\Users\zero6575\AppData\Local\Temp\ccC1ASpA.s:13219  .debug_str:000000000000bba3 .LASF957
C:\Users\zero6575\AppData\Local\Temp\ccC1ASpA.s:13511  .debug_str:000000000000ca48 .LASF958
C:\Users\zero6575\AppData\Local\Temp\ccC1ASpA.s:9815   .debug_str:0000000000000bdb .LASF959
C:\Users\zero6575\AppData\Local\Temp\ccC1ASpA.s:11549  .debug_str:00000000000067ed .LASF960
C:\Users\zero6575\AppData\Local\Temp\ccC1ASpA.s:10415  .debug_str:0000000000002c33 .LASF961
C:\Users\zero6575\AppData\Local\Temp\ccC1ASpA.s:10933  .debug_str:0000000000004811 .LASF962
C:\Users\zero6575\AppData\Local\Temp\ccC1ASpA.s:9929   .debug_str:000000000000123c .LASF963
C:\Users\zero6575\AppData\Local\Temp\ccC1ASpA.s:11531  .debug_str:000000000000672a .LASF964
C:\Users\zero6575\AppData\Local\Temp\ccC1ASpA.s:13315  .debug_str:000000000000c09d .LASF965
C:\Users\zero6575\AppData\Local\Temp\ccC1ASpA.s:12751  .debug_str:000000000000a557 .LASF966
C:\Users\zero6575\AppData\Local\Temp\ccC1ASpA.s:12905  .debug_str:000000000000ac0f .LASF967
C:\Users\zero6575\AppData\Local\Temp\ccC1ASpA.s:10071  .debug_str:00000000000018aa .LASF968
C:\Users\zero6575\AppData\Local\Temp\ccC1ASpA.s:9597   .debug_str:0000000000000227 .LASF969
C:\Users\zero6575\AppData\Local\Temp\ccC1ASpA.s:12199  .debug_str:00000000000088f7 .LASF970
C:\Users\zero6575\AppData\Local\Temp\ccC1ASpA.s:11319  .debug_str:0000000000005ba9 .LASF971
C:\Users\zero6575\AppData\Local\Temp\ccC1ASpA.s:9567   .debug_str:00000000000000f0 .LASF972
C:\Users\zero6575\AppData\Local\Temp\ccC1ASpA.s:10239  .debug_str:00000000000023bd .LASF973
C:\Users\zero6575\AppData\Local\Temp\ccC1ASpA.s:13011  .debug_str:000000000000b0eb .LASF974
C:\Users\zero6575\AppData\Local\Temp\ccC1ASpA.s:13795  .debug_str:000000000000d92e .LASF975
C:\Users\zero6575\AppData\Local\Temp\ccC1ASpA.s:13177  .debug_str:000000000000b993 .LASF976
C:\Users\zero6575\AppData\Local\Temp\ccC1ASpA.s:9931   .debug_str:0000000000001246 .LASF977
C:\Users\zero6575\AppData\Local\Temp\ccC1ASpA.s:11627  .debug_str:0000000000006b7e .LASF978
C:\Users\zero6575\AppData\Local\Temp\ccC1ASpA.s:11577  .debug_str:0000000000006928 .LASF979
C:\Users\zero6575\AppData\Local\Temp\ccC1ASpA.s:9581   .debug_str:0000000000000186 .LASF980
C:\Users\zero6575\AppData\Local\Temp\ccC1ASpA.s:12917  .debug_str:000000000000ac9c .LASF981
C:\Users\zero6575\AppData\Local\Temp\ccC1ASpA.s:13251  .debug_str:000000000000bd0a .LASF982
C:\Users\zero6575\AppData\Local\Temp\ccC1ASpA.s:13631  .debug_str:000000000000d110 .LASF983
C:\Users\zero6575\AppData\Local\Temp\ccC1ASpA.s:11823  .debug_str:0000000000007677 .LASF984
C:\Users\zero6575\AppData\Local\Temp\ccC1ASpA.s:13437  .debug_str:000000000000c67f .LASF985
C:\Users\zero6575\AppData\Local\Temp\ccC1ASpA.s:13791  .debug_str:000000000000d900 .LASF986
C:\Users\zero6575\AppData\Local\Temp\ccC1ASpA.s:10367  .debug_str:0000000000002a34 .LASF987
C:\Users\zero6575\AppData\Local\Temp\ccC1ASpA.s:10361  .debug_str:00000000000029ef .LASF988
C:\Users\zero6575\AppData\Local\Temp\ccC1ASpA.s:11681  .debug_str:0000000000006e78 .LASF989
C:\Users\zero6575\AppData\Local\Temp\ccC1ASpA.s:9711   .debug_str:00000000000007cc .LASF990
C:\Users\zero6575\AppData\Local\Temp\ccC1ASpA.s:11599  .debug_str:0000000000006a3f .LASF991
C:\Users\zero6575\AppData\Local\Temp\ccC1ASpA.s:11103  .debug_str:000000000000518a .LASF992
C:\Users\zero6575\AppData\Local\Temp\ccC1ASpA.s:12013  .debug_str:0000000000007f42 .LASF993
C:\Users\zero6575\AppData\Local\Temp\ccC1ASpA.s:13041  .debug_str:000000000000b292 .LASF994
C:\Users\zero6575\AppData\Local\Temp\ccC1ASpA.s:10905  .debug_str:00000000000046d7 .LASF995
C:\Users\zero6575\AppData\Local\Temp\ccC1ASpA.s:12177  .debug_str:00000000000087d9 .LASF996
C:\Users\zero6575\AppData\Local\Temp\ccC1ASpA.s:13691  .debug_str:000000000000d3fe .LASF997
C:\Users\zero6575\AppData\Local\Temp\ccC1ASpA.s:10291  .debug_str:0000000000002657 .LASF998
C:\Users\zero6575\AppData\Local\Temp\ccC1ASpA.s:11785  .debug_str:0000000000007456 .LASF999
C:\Users\zero6575\AppData\Local\Temp\ccC1ASpA.s:10451  .debug_str:0000000000002ddb .LASF1000
C:\Users\zero6575\AppData\Local\Temp\ccC1ASpA.s:12827  .debug_str:000000000000a8c4 .LASF1001
C:\Users\zero6575\AppData\Local\Temp\ccC1ASpA.s:10601  .debug_str:000000000000353b .LASF1002
C:\Users\zero6575\AppData\Local\Temp\ccC1ASpA.s:12969  .debug_str:000000000000aeef .LASF1003
C:\Users\zero6575\AppData\Local\Temp\ccC1ASpA.s:11735  .debug_str:0000000000007182 .LASF1004
C:\Users\zero6575\AppData\Local\Temp\ccC1ASpA.s:11451  .debug_str:0000000000006299 .LASF1005
C:\Users\zero6575\AppData\Local\Temp\ccC1ASpA.s:9751   .debug_str:0000000000000998 .LASF1006
C:\Users\zero6575\AppData\Local\Temp\ccC1ASpA.s:12679  .debug_str:000000000000a210 .LASF1007
C:\Users\zero6575\AppData\Local\Temp\ccC1ASpA.s:11913  .debug_str:0000000000007a2a .LASF1008
C:\Users\zero6575\AppData\Local\Temp\ccC1ASpA.s:9605   .debug_str:0000000000000281 .LASF1009
C:\Users\zero6575\AppData\Local\Temp\ccC1ASpA.s:10143  .debug_str:0000000000001c86 .LASF1010
C:\Users\zero6575\AppData\Local\Temp\ccC1ASpA.s:12119  .debug_str:0000000000008524 .LASF1011
C:\Users\zero6575\AppData\Local\Temp\ccC1ASpA.s:10417  .debug_str:0000000000002c3b .LASF1012
C:\Users\zero6575\AppData\Local\Temp\ccC1ASpA.s:11845  .debug_str:0000000000007740 .LASF1013
C:\Users\zero6575\AppData\Local\Temp\ccC1ASpA.s:11141  .debug_str:000000000000538a .LASF1014
C:\Users\zero6575\AppData\Local\Temp\ccC1ASpA.s:10283  .debug_str:0000000000002613 .LASF1015
C:\Users\zero6575\AppData\Local\Temp\ccC1ASpA.s:12091  .debug_str:000000000000836a .LASF1016
C:\Users\zero6575\AppData\Local\Temp\ccC1ASpA.s:11161  .debug_str:00000000000054c4 .LASF1017
C:\Users\zero6575\AppData\Local\Temp\ccC1ASpA.s:13829  .debug_str:000000000000da58 .LASF1018
C:\Users\zero6575\AppData\Local\Temp\ccC1ASpA.s:11249  .debug_str:0000000000005894 .LASF1019
C:\Users\zero6575\AppData\Local\Temp\ccC1ASpA.s:11989  .debug_str:0000000000007e05 .LASF1020
C:\Users\zero6575\AppData\Local\Temp\ccC1ASpA.s:10519  .debug_str:000000000000311a .LASF1021
C:\Users\zero6575\AppData\Local\Temp\ccC1ASpA.s:11385  .debug_str:0000000000005f6f .LASF1022
C:\Users\zero6575\AppData\Local\Temp\ccC1ASpA.s:13013  .debug_str:000000000000b0f5 .LASF1023
C:\Users\zero6575\AppData\Local\Temp\ccC1ASpA.s:12195  .debug_str:00000000000088ce .LASF1024
C:\Users\zero6575\AppData\Local\Temp\ccC1ASpA.s:10801  .debug_str:0000000000003f91 .LASF1025
C:\Users\zero6575\AppData\Local\Temp\ccC1ASpA.s:11977  .debug_str:0000000000007d25 .LASF1026
C:\Users\zero6575\AppData\Local\Temp\ccC1ASpA.s:11751  .debug_str:00000000000072c2 .LASF1027
C:\Users\zero6575\AppData\Local\Temp\ccC1ASpA.s:9795   .debug_str:0000000000000b07 .LASF1028
C:\Users\zero6575\AppData\Local\Temp\ccC1ASpA.s:12567  .debug_str:0000000000009bf1 .LASF1029
C:\Users\zero6575\AppData\Local\Temp\ccC1ASpA.s:12915  .debug_str:000000000000ac91 .LASF1030
C:\Users\zero6575\AppData\Local\Temp\ccC1ASpA.s:13771  .debug_str:000000000000d84e .LASF1031
C:\Users\zero6575\AppData\Local\Temp\ccC1ASpA.s:12285  .debug_str:0000000000008dcb .LASF1032
C:\Users\zero6575\AppData\Local\Temp\ccC1ASpA.s:10727  .debug_str:0000000000003b98 .LASF1033
C:\Users\zero6575\AppData\Local\Temp\ccC1ASpA.s:10497  .debug_str:0000000000003018 .LASF1034
C:\Users\zero6575\AppData\Local\Temp\ccC1ASpA.s:13153  .debug_str:000000000000b864 .LASF1035
C:\Users\zero6575\AppData\Local\Temp\ccC1ASpA.s:12767  .debug_str:000000000000a60c .LASF1036
C:\Users\zero6575\AppData\Local\Temp\ccC1ASpA.s:9737   .debug_str:0000000000000913 .LASF1037
C:\Users\zero6575\AppData\Local\Temp\ccC1ASpA.s:10127  .debug_str:0000000000001be5 .LASF1038
C:\Users\zero6575\AppData\Local\Temp\ccC1ASpA.s:10925  .debug_str:00000000000047ba .LASF1039
C:\Users\zero6575\AppData\Local\Temp\ccC1ASpA.s:12137  .debug_str:0000000000008619 .LASF1040
C:\Users\zero6575\AppData\Local\Temp\ccC1ASpA.s:12505  .debug_str:00000000000098dd .LASF1041
C:\Users\zero6575\AppData\Local\Temp\ccC1ASpA.s:10161  .debug_str:0000000000002005 .LASF1042
C:\Users\zero6575\AppData\Local\Temp\ccC1ASpA.s:10165  .debug_str:000000000000202a .LASF1043
C:\Users\zero6575\AppData\Local\Temp\ccC1ASpA.s:10645  .debug_str:00000000000036e0 .LASF1044
C:\Users\zero6575\AppData\Local\Temp\ccC1ASpA.s:9967   .debug_str:00000000000013d9 .LASF1045
C:\Users\zero6575\AppData\Local\Temp\ccC1ASpA.s:10707  .debug_str:0000000000003a59 .LASF1046
C:\Users\zero6575\AppData\Local\Temp\ccC1ASpA.s:13341  .debug_str:000000000000c1be .LASF1047
C:\Users\zero6575\AppData\Local\Temp\ccC1ASpA.s:10961  .debug_str:0000000000004a17 .LASF1048
C:\Users\zero6575\AppData\Local\Temp\ccC1ASpA.s:9937   .debug_str:000000000000125d .LASF1049
C:\Users\zero6575\AppData\Local\Temp\ccC1ASpA.s:12405  .debug_str:00000000000093bb .LASF1050
C:\Users\zero6575\AppData\Local\Temp\ccC1ASpA.s:13355  .debug_str:000000000000c266 .LASF1051
C:\Users\zero6575\AppData\Local\Temp\ccC1ASpA.s:12095  .debug_str:0000000000008389 .LASF1052
C:\Users\zero6575\AppData\Local\Temp\ccC1ASpA.s:12097  .debug_str:000000000000839a .LASF1053
C:\Users\zero6575\AppData\Local\Temp\ccC1ASpA.s:12825  .debug_str:000000000000a8b7 .LASF1054
C:\Users\zero6575\AppData\Local\Temp\ccC1ASpA.s:11227  .debug_str:00000000000057c2 .LASF1055
C:\Users\zero6575\AppData\Local\Temp\ccC1ASpA.s:12387  .debug_str:00000000000092d3 .LASF1056
C:\Users\zero6575\AppData\Local\Temp\ccC1ASpA.s:13261  .debug_str:000000000000bd7e .LASF1057
C:\Users\zero6575\AppData\Local\Temp\ccC1ASpA.s:12931  .debug_str:000000000000ad29 .LASF1058
C:\Users\zero6575\AppData\Local\Temp\ccC1ASpA.s:11729  .debug_str:000000000000713d .LASF1059
C:\Users\zero6575\AppData\Local\Temp\ccC1ASpA.s:11909  .debug_str:00000000000079f5 .LASF1060
C:\Users\zero6575\AppData\Local\Temp\ccC1ASpA.s:12719  .debug_str:000000000000a413 .LASF1061
C:\Users\zero6575\AppData\Local\Temp\ccC1ASpA.s:12573  .debug_str:0000000000009c43 .LASF1062
C:\Users\zero6575\AppData\Local\Temp\ccC1ASpA.s:13759  .debug_str:000000000000d7bd .LASF1063
C:\Users\zero6575\AppData\Local\Temp\ccC1ASpA.s:11499  .debug_str:00000000000064fc .LASF1064
C:\Users\zero6575\AppData\Local\Temp\ccC1ASpA.s:12941  .debug_str:000000000000adc2 .LASF1065
C:\Users\zero6575\AppData\Local\Temp\ccC1ASpA.s:12773  .debug_str:000000000000a648 .LASF1066
C:\Users\zero6575\AppData\Local\Temp\ccC1ASpA.s:10017  .debug_str:0000000000001612 .LASF1067
C:\Users\zero6575\AppData\Local\Temp\ccC1ASpA.s:11715  .debug_str:0000000000007034 .LASF1068
C:\Users\zero6575\AppData\Local\Temp\ccC1ASpA.s:13607  .debug_str:000000000000d010 .LASF1069
C:\Users\zero6575\AppData\Local\Temp\ccC1ASpA.s:9651   .debug_str:00000000000004d0 .LASF1070
C:\Users\zero6575\AppData\Local\Temp\ccC1ASpA.s:13367  .debug_str:000000000000c309 .LASF1071
C:\Users\zero6575\AppData\Local\Temp\ccC1ASpA.s:11515  .debug_str:00000000000065ee .LASF1072
C:\Users\zero6575\AppData\Local\Temp\ccC1ASpA.s:10523  .debug_str:0000000000003159 .LASF1073
C:\Users\zero6575\AppData\Local\Temp\ccC1ASpA.s:12757  .debug_str:000000000000a578 .LASF1074
C:\Users\zero6575\AppData\Local\Temp\ccC1ASpA.s:13397  .debug_str:000000000000c4cd .LASF1075
C:\Users\zero6575\AppData\Local\Temp\ccC1ASpA.s:9947   .debug_str:00000000000012b4 .LASF1076
C:\Users\zero6575\AppData\Local\Temp\ccC1ASpA.s:12807  .debug_str:000000000000a7d4 .LASF1077
C:\Users\zero6575\AppData\Local\Temp\ccC1ASpA.s:13335  .debug_str:000000000000c197 .LASF1078
C:\Users\zero6575\AppData\Local\Temp\ccC1ASpA.s:11889  .debug_str:000000000000792d .LASF1083
C:\Users\zero6575\AppData\Local\Temp\ccC1ASpA.s:10573  .debug_str:00000000000033aa .LASF1084
C:\Users\zero6575\AppData\Local\Temp\ccC1ASpA.s:10387  .debug_str:0000000000002afd .LASF1085
C:\Users\zero6575\AppData\Local\Temp\ccC1ASpA.s:11411  .debug_str:00000000000060aa .LASF1086
C:\Users\zero6575\AppData\Local\Temp\ccC1ASpA.s:12553  .debug_str:0000000000009b0e .LASF1087
C:\Users\zero6575\AppData\Local\Temp\ccC1ASpA.s:10877  .debug_str:0000000000004575 .LASF1088
C:\Users\zero6575\AppData\Local\Temp\ccC1ASpA.s:11653  .debug_str:0000000000006d25 .LASF1089
C:\Users\zero6575\AppData\Local\Temp\ccC1ASpA.s:10077  .debug_str:00000000000018da .LASF1090
C:\Users\zero6575\AppData\Local\Temp\ccC1ASpA.s:11829  .debug_str:000000000000769f .LASF1091
C:\Users\zero6575\AppData\Local\Temp\ccC1ASpA.s:13005  .debug_str:000000000000b08d .LASF1092
C:\Users\zero6575\AppData\Local\Temp\ccC1ASpA.s:11381  .debug_str:0000000000005f31 .LASF1093
C:\Users\zero6575\AppData\Local\Temp\ccC1ASpA.s:13735  .debug_str:000000000000d667 .LASF1094
C:\Users\zero6575\AppData\Local\Temp\ccC1ASpA.s:12667  .debug_str:000000000000a19d .LASF1095
C:\Users\zero6575\AppData\Local\Temp\ccC1ASpA.s:12305  .debug_str:0000000000008e9d .LASF1096
C:\Users\zero6575\AppData\Local\Temp\ccC1ASpA.s:11329  .debug_str:0000000000005c0e .LASF1097
C:\Users\zero6575\AppData\Local\Temp\ccC1ASpA.s:9719   .debug_str:0000000000000842 .LASF1098
C:\Users\zero6575\AppData\Local\Temp\ccC1ASpA.s:12569  .debug_str:0000000000009bfc .LASF1099
C:\Users\zero6575\AppData\Local\Temp\ccC1ASpA.s:13291  .debug_str:000000000000bed1 .LASF1100
C:\Users\zero6575\AppData\Local\Temp\ccC1ASpA.s:9837   .debug_str:0000000000000d08 .LASF1101
C:\Users\zero6575\AppData\Local\Temp\ccC1ASpA.s:12425  .debug_str:00000000000094b1 .LASF1102
C:\Users\zero6575\AppData\Local\Temp\ccC1ASpA.s:12149  .debug_str:00000000000086b1 .LASF1103
C:\Users\zero6575\AppData\Local\Temp\ccC1ASpA.s:10365  .debug_str:0000000000002a1b .LASF1104
C:\Users\zero6575\AppData\Local\Temp\ccC1ASpA.s:11367  .debug_str:0000000000005e01 .LASF1105
C:\Users\zero6575\AppData\Local\Temp\ccC1ASpA.s:13551  .debug_str:000000000000cd9d .LASF1106
C:\Users\zero6575\AppData\Local\Temp\ccC1ASpA.s:9777   .debug_str:0000000000000a6a .LASF1108
C:\Users\zero6575\AppData\Local\Temp\ccC1ASpA.s:11131  .debug_str:0000000000005303 .LASF1109
C:\Users\zero6575\AppData\Local\Temp\ccC1ASpA.s:13115  .debug_str:000000000000b6a9 .LASF1110
C:\Users\zero6575\AppData\Local\Temp\ccC1ASpA.s:10461  .debug_str:0000000000002e42 .LASF1111
C:\Users\zero6575\AppData\Local\Temp\ccC1ASpA.s:11067  .debug_str:0000000000004f12 .LASF1112
C:\Users\zero6575\AppData\Local\Temp\ccC1ASpA.s:10873  .debug_str:000000000000454e .LASF1113
C:\Users\zero6575\AppData\Local\Temp\ccC1ASpA.s:13603  .debug_str:000000000000cfe8 .LASF1114
C:\Users\zero6575\AppData\Local\Temp\ccC1ASpA.s:10231  .debug_str:0000000000002372 .LASF1115
C:\Users\zero6575\AppData\Local\Temp\ccC1ASpA.s:11157  .debug_str:0000000000005493 .LASF1116
C:\Users\zero6575\AppData\Local\Temp\ccC1ASpA.s:10037  .debug_str:000000000000171e .LASF1117
C:\Users\zero6575\AppData\Local\Temp\ccC1ASpA.s:11463  .debug_str:0000000000006326 .LASF1118
C:\Users\zero6575\AppData\Local\Temp\ccC1ASpA.s:12607  .debug_str:0000000000009e0d .LASF1120
C:\Users\zero6575\AppData\Local\Temp\ccC1ASpA.s:12491  .debug_str:0000000000009829 .LASF1121
C:\Users\zero6575\AppData\Local\Temp\ccC1ASpA.s:10217  .debug_str:00000000000022bc .LASF1122
C:\Users\zero6575\AppData\Local\Temp\ccC1ASpA.s:11747  .debug_str:0000000000007216 .LASF1123
C:\Users\zero6575\AppData\Local\Temp\ccC1ASpA.s:9805   .debug_str:0000000000000b6c .LASF1124
C:\Users\zero6575\AppData\Local\Temp\ccC1ASpA.s:12341  .debug_str:0000000000009096 .LASF1125
C:\Users\zero6575\AppData\Local\Temp\ccC1ASpA.s:12129  .debug_str:00000000000085c5 .LASF1126
C:\Users\zero6575\AppData\Local\Temp\ccC1ASpA.s:11511  .debug_str:00000000000065c2 .LASF1127
C:\Users\zero6575\AppData\Local\Temp\ccC1ASpA.s:11001  .debug_str:0000000000004c53 .LASF1128
C:\Users\zero6575\AppData\Local\Temp\ccC1ASpA.s:10787  .debug_str:0000000000003ec6 .LASF1129
C:\Users\zero6575\AppData\Local\Temp\ccC1ASpA.s:9709   .debug_str:00000000000007bc .LASF1130
C:\Users\zero6575\AppData\Local\Temp\ccC1ASpA.s:13103  .debug_str:000000000000b60e .LASF1131
C:\Users\zero6575\AppData\Local\Temp\ccC1ASpA.s:11941  .debug_str:0000000000007b9f .LASF1132
C:\Users\zero6575\AppData\Local\Temp\ccC1ASpA.s:11875  .debug_str:0000000000007891 .LASF1133
C:\Users\zero6575\AppData\Local\Temp\ccC1ASpA.s:13723  .debug_str:000000000000d5c6 .LASF1134
C:\Users\zero6575\AppData\Local\Temp\ccC1ASpA.s:10225  .debug_str:000000000000231c .LASF1135
C:\Users\zero6575\AppData\Local\Temp\ccC1ASpA.s:13125  .debug_str:000000000000b6f7 .LASF1136
C:\Users\zero6575\AppData\Local\Temp\ccC1ASpA.s:11917  .debug_str:0000000000007a64 .LASF1137
C:\Users\zero6575\AppData\Local\Temp\ccC1ASpA.s:13815  .debug_str:000000000000d9c5 .LASF1143
C:\Users\zero6575\AppData\Local\Temp\ccC1ASpA.s:10671  .debug_str:0000000000003884 .LASF1144
C:\Users\zero6575\AppData\Local\Temp\ccC1ASpA.s:11449  .debug_str:000000000000628d .LASF1145
C:\Users\zero6575\AppData\Local\Temp\ccC1ASpA.s:9589   .debug_str:00000000000001cd .LASF1146
C:\Users\zero6575\AppData\Local\Temp\ccC1ASpA.s:13821  .debug_str:000000000000d9f1 .LASF1147
C:\Users\zero6575\AppData\Local\Temp\ccC1ASpA.s:10543  .debug_str:0000000000003223 .LASF1148
C:\Users\zero6575\AppData\Local\Temp\ccC1ASpA.s:12055  .debug_str:0000000000008129 .LASF1149
C:\Users\zero6575\AppData\Local\Temp\ccC1ASpA.s:12537  .debug_str:0000000000009a49 .LASF1150
C:\Users\zero6575\AppData\Local\Temp\ccC1ASpA.s:13469  .debug_str:000000000000c827 .LASF1151
C:\Users\zero6575\AppData\Local\Temp\ccC1ASpA.s:10973  .debug_str:0000000000004ae9 .LASF1152
C:\Users\zero6575\AppData\Local\Temp\ccC1ASpA.s:11083  .debug_str:0000000000005003 .LASF1153
C:\Users\zero6575\AppData\Local\Temp\ccC1ASpA.s:12373  .debug_str:0000000000009228 .LASF1154
C:\Users\zero6575\AppData\Local\Temp\ccC1ASpA.s:13443  .debug_str:000000000000c6d8 .LASF1155
C:\Users\zero6575\AppData\Local\Temp\ccC1ASpA.s:12515  .debug_str:0000000000009948 .LASF1156
C:\Users\zero6575\AppData\Local\Temp\ccC1ASpA.s:11853  .debug_str:0000000000007793 .LASF1157
C:\Users\zero6575\AppData\Local\Temp\ccC1ASpA.s:11239  .debug_str:0000000000005840 .LASF1158
C:\Users\zero6575\AppData\Local\Temp\ccC1ASpA.s:10391  .debug_str:0000000000002b2a .LASF1159
C:\Users\zero6575\AppData\Local\Temp\ccC1ASpA.s:12223  .debug_str:0000000000008a3e .LASF1160
C:\Users\zero6575\AppData\Local\Temp\ccC1ASpA.s:11503  .debug_str:0000000000006536 .LASF1161
C:\Users\zero6575\AppData\Local\Temp\ccC1ASpA.s:11493  .debug_str:00000000000064b8 .LASF1162
C:\Users\zero6575\AppData\Local\Temp\ccC1ASpA.s:11991  .debug_str:0000000000007e12 .LASF1163
C:\Users\zero6575\AppData\Local\Temp\ccC1ASpA.s:9829   .debug_str:0000000000000cb2 .LASF1164
C:\Users\zero6575\AppData\Local\Temp\ccC1ASpA.s:13471  .debug_str:000000000000c833 .LASF1165
C:\Users\zero6575\AppData\Local\Temp\ccC1ASpA.s:10081  .debug_str:0000000000001905 .LASF1166
C:\Users\zero6575\AppData\Local\Temp\ccC1ASpA.s:11793  .debug_str:00000000000074a0 .LASF1167
C:\Users\zero6575\AppData\Local\Temp\ccC1ASpA.s:13111  .debug_str:000000000000b67e .LASF1168
C:\Users\zero6575\AppData\Local\Temp\ccC1ASpA.s:13133  .debug_str:000000000000b771 .LASF1169
C:\Users\zero6575\AppData\Local\Temp\ccC1ASpA.s:12871  .debug_str:000000000000aa7c .LASF1170
C:\Users\zero6575\AppData\Local\Temp\ccC1ASpA.s:10931  .debug_str:00000000000047fc .LASF1171
C:\Users\zero6575\AppData\Local\Temp\ccC1ASpA.s:12927  .debug_str:000000000000acfd .LASF1172
C:\Users\zero6575\AppData\Local\Temp\ccC1ASpA.s:11353  .debug_str:0000000000005d43 .LASF1173
C:\Users\zero6575\AppData\Local\Temp\ccC1ASpA.s:10333  .debug_str:00000000000028ad .LASF1174
C:\Users\zero6575\AppData\Local\Temp\ccC1ASpA.s:13445  .debug_str:000000000000c6e7 .LASF1175
C:\Users\zero6575\AppData\Local\Temp\ccC1ASpA.s:10839  .debug_str:0000000000004362 .LASF1176
C:\Users\zero6575\AppData\Local\Temp\ccC1ASpA.s:13419  .debug_str:000000000000c5a0 .LASF1177
C:\Users\zero6575\AppData\Local\Temp\ccC1ASpA.s:12487  .debug_str:00000000000097f7 .LASF1178
C:\Users\zero6575\AppData\Local\Temp\ccC1ASpA.s:12275  .debug_str:0000000000008d5d .LASF1179
C:\Users\zero6575\AppData\Local\Temp\ccC1ASpA.s:9713   .debug_str:00000000000007d6 .LASF1180
C:\Users\zero6575\AppData\Local\Temp\ccC1ASpA.s:12291  .debug_str:0000000000008e0f .LASF1181
C:\Users\zero6575\AppData\Local\Temp\ccC1ASpA.s:13553  .debug_str:000000000000cdb7 .LASF1182
C:\Users\zero6575\AppData\Local\Temp\ccC1ASpA.s:11197  .debug_str:000000000000562a .LASF1183
C:\Users\zero6575\AppData\Local\Temp\ccC1ASpA.s:11769  .debug_str:0000000000007384 .LASF1184
C:\Users\zero6575\AppData\Local\Temp\ccC1ASpA.s:13819  .debug_str:000000000000d9e1 .LASF1185
C:\Users\zero6575\AppData\Local\Temp\ccC1ASpA.s:12761  .debug_str:000000000000a5a8 .LASF1186
C:\Users\zero6575\AppData\Local\Temp\ccC1ASpA.s:12183  .debug_str:000000000000880e .LASF1187
C:\Users\zero6575\AppData\Local\Temp\ccC1ASpA.s:11607  .debug_str:0000000000006a74 .LASF1188
C:\Users\zero6575\AppData\Local\Temp\ccC1ASpA.s:13489  .debug_str:000000000000c92c .LASF1189
C:\Users\zero6575\AppData\Local\Temp\ccC1ASpA.s:12585  .debug_str:0000000000009d11 .LASF1190
C:\Users\zero6575\AppData\Local\Temp\ccC1ASpA.s:13309  .debug_str:000000000000c031 .LASF1201
C:\Users\zero6575\AppData\Local\Temp\ccC1ASpA.s:12201  .debug_str:0000000000008901 .LASF1202
C:\Users\zero6575\AppData\Local\Temp\ccC1ASpA.s:13575  .debug_str:000000000000cebd .LASF1206
C:\Users\zero6575\AppData\Local\Temp\ccC1ASpA.s:12391  .debug_str:00000000000092f3 .LASF1207
C:\Users\zero6575\AppData\Local\Temp\ccC1ASpA.s:13617  .debug_str:000000000000d089 .LASF1208
C:\Users\zero6575\AppData\Local\Temp\ccC1ASpA.s:13481  .debug_str:000000000000c8d7 .LASF1209
C:\Users\zero6575\AppData\Local\Temp\ccC1ASpA.s:9871   .debug_str:0000000000000f55 .LASF1210
C:\Users\zero6575\AppData\Local\Temp\ccC1ASpA.s:12785  .debug_str:000000000000a6e2 .LASF1211
C:\Users\zero6575\AppData\Local\Temp\ccC1ASpA.s:10383  .debug_str:0000000000002ab1 .LASF1212
C:\Users\zero6575\AppData\Local\Temp\ccC1ASpA.s:12265  .debug_str:0000000000008c82 .LASF1213
C:\Users\zero6575\AppData\Local\Temp\ccC1ASpA.s:10171  .debug_str:0000000000002070 .LASF1214
C:\Users\zero6575\AppData\Local\Temp\ccC1ASpA.s:10515  .debug_str:00000000000030ed .LASF1215
C:\Users\zero6575\AppData\Local\Temp\ccC1ASpA.s:11703  .debug_str:0000000000006fc3 .LASF1216
C:\Users\zero6575\AppData\Local\Temp\ccC1ASpA.s:11295  .debug_str:0000000000005aba .LASF1217
C:\Users\zero6575\AppData\Local\Temp\ccC1ASpA.s:10389  .debug_str:0000000000002b17 .LASF1218
C:\Users\zero6575\AppData\Local\Temp\ccC1ASpA.s:10701  .debug_str:0000000000003a17 .LASF1219
                           .group:0000000000000000 wm4.0.29db371e8b94e604acd9f4c2cef2c360
                           .group:0000000000000000 wm4.stddef.h.39.a38874c8f8a57e66301090908ec2a69f
                           .group:0000000000000000 wm4._newlib_version.h.4.9ba035841e762c3308916a0ce96032e7
                           .group:0000000000000000 wm4.features.h.33.318b64d71e0957639cfb30f1db1f7ec8
                           .group:0000000000000000 wm4._default_types.h.15.61e9869194cab90bdfa4c7fc42203a0e
                           .group:0000000000000000 wm4._intsup.h.10.b28b45fc63caeb010c3f7ee592257700
                           .group:0000000000000000 wm4._stdint.h.10.c24fa3af3bc1706662bb5593a907e841
                           .group:0000000000000000 wm4.stdint.h.23.d53047a68f4a85177f80b422d52785ed
                           .group:0000000000000000 wm4.newlib.h.8.19af3a34a60c4846725bb1239b4fa5a2
                           .group:0000000000000000 wm4.ieeefp.h.195.a810689bf65b84f4ad2c33b483468c94
                           .group:0000000000000000 wm4.config.h.83.0359905d884ebfe41c79e1d7c780ef62
                           .group:0000000000000000 wm4._ansi.h.31.de524f58584151836e90d8620a16f8e8
                           .group:0000000000000000 wm4.stdio.h.31.7c0e28c411445f3f9c5b11accf882760
                           .group:0000000000000000 wm4.stddef.h.161.19e15733342b50ead2919490b095303e
                           .group:0000000000000000 wm4.cdefs.h.49.6260d97adb8d27534cbdc0f868b8ea87
                           .group:0000000000000000 wm4.stdarg.h.34.3a23a216c0c293b3d2ea2e89281481e6
                           .group:0000000000000000 wm4._types.h.20.dd0d04dca3800a0d2a6129b87f3adbb2
                           .group:0000000000000000 wm4.stddef.h.161.5349cb105733e8777bfb0cf53c4e3f34
                           .group:0000000000000000 wm4._types.h.127.c5cfac939eadb83d223592dbacad7524
                           .group:0000000000000000 wm4.reent.h.17.487f8c1f76499d088b190f62530a0034
                           .group:0000000000000000 wm4.lock.h.2.c0958401bd0ce484d507ee19aacab817
                           .group:0000000000000000 wm4.reent.h.77.1187f1075ff88452c642b29ed9a9030d
                           .group:0000000000000000 wm4.types.h.40.8b6acba56cefbb11746718204edc8f5e
                           .group:0000000000000000 wm4._endian.h.18.1bf9649e8e5bbc91042012680270b9ed
                           .group:0000000000000000 wm4.endian.h.9.49f3a4695c1b61e8a0808de3c4a106cb
                           .group:0000000000000000 wm4._timeval.h.30.0e8bfd94e85db17dda3286ee81496fe6
                           .group:0000000000000000 wm4.timespec.h.41.d855182eb0e690443ab8651bcedca6e1
                           .group:0000000000000000 wm4.select.h.19.97ca6fd0c752a0f3b6719fd314d361e6
                           .group:0000000000000000 wm4.types.h.51.5571ec98f267d17d3c670b7a3ba33afa
                           .group:0000000000000000 wm4.sched.h.22.c60982713a5c428609783c78f9c78d95
                           .group:0000000000000000 wm4._pthreadtypes.h.36.fcee9961c35163dde6267ef772ad1972
                           .group:0000000000000000 wm4.stdio.h.2.4aa87247282eca6c8f36f9de33d8df1a
                           .group:0000000000000000 wm4.stdio.h.81.60a2ded7dae310b81f9d6907fe5e3dbf
                           .group:0000000000000000 wm4.string.h.8.c4b8571ce60dff2817f43fec8b86aecd
                           .group:0000000000000000 wm4.errno.h.2.ba016d646105af6cad23be83630b6a3f
                           .group:0000000000000000 wm4.errno.h.9.1ecd7b1049497a0ab61da0f6cbd4b0c6
                           .group:0000000000000000 wm4.config.h.26.62fac92f1d336f656763fe074b4289b0
                           .group:0000000000000000 wm4.bacdef.h.39.fcafd78d88dce17b2448edf8931b63fd
                           .group:0000000000000000 wm4.stdbool.h.29.07dce69c3b78884144b7f7bd19483461
                           .group:0000000000000000 wm4.npdu.h.25.6a3a449fc578b15b3d0db2c6a4da7956
                           .group:0000000000000000 wm4.bip.h.35.ed002c5cfc52434a2e46d3f82d276677
                           .group:0000000000000000 wm4.time.h.8.db4619001f026d0b4874c029fef0e91f
                           .group:0000000000000000 wm4.time.h.2.2a9bb4e458da4ea34ffea78824e2e6f7
                           .group:0000000000000000 wm4.time.h.25.e44726f8f6b03ec08e4e0835a2fcc2b7
                           .group:0000000000000000 wm4.datalink.h.64.0e2e4918a8aa83441d278a8eca7199e7
                           .group:0000000000000000 wm4.bits.h.25.f9e0c31c04958f93c399d58693ab7d13
                           .group:0000000000000000 wm4.bacdcode.h.417.fde53433a4e8c8179dfc8de0f5c0b6ae
                           .group:0000000000000000 wm4.bacapp.h.236.6ce9e612c7ada80feb9f3b2b0c328626
                           .group:0000000000000000 wm4.readrange.h.25.7abf91243fb39ecb991c7216a42716c0
                           .group:0000000000000000 wm4.device.h.170.a251ce7da15aed1e46d1ea618b9629ed

UNDEFINED SYMBOLS
bip_get_my_address
npdu_encode_npdu_data
Handler_Transmit_Buffer
npdu_encode_pdu
rp_decode_service_request
Device_Object_Instance_Number
rp_ack_encode_apdu_init
Device_Read_Property
rp_ack_encode_apdu_object_property_end
abort_convert_error_code
abort_encode_apdu
bacerror_encode_apdu
reject_convert_error_code
reject_encode_apdu
bip_send_pdu
