   1              		.file	"s_dcc.c"
   2              		.option nopic
   3              		.attribute arch, "rv64i2p0_m2p0_a2p0_c2p0"
   4              		.attribute unaligned_access, 0
   5              		.attribute stack_align, 16
   6              		.text
   7              	.Ltext0:
   8              		.cfi_sections	.debug_frame
   9              		.section	.text.Send_Device_Communication_Control_Request,"ax",@progbits
  10              		.align	1
  11              		.globl	Send_Device_Communication_Control_Request
  13              	Send_Device_Communication_Control_Request:
  14              	.LFB4:
  15              		.file 1 "../src/middleware/bacnet/demo/handler/s_dcc.c"
   1:../src/middleware/bacnet/demo/handler/s_dcc.c **** /**************************************************************************
   2:../src/middleware/bacnet/demo/handler/s_dcc.c **** *
   3:../src/middleware/bacnet/demo/handler/s_dcc.c **** * Copyright (C) 2006 Steve Karg <skarg@users.sourceforge.net>
   4:../src/middleware/bacnet/demo/handler/s_dcc.c **** *
   5:../src/middleware/bacnet/demo/handler/s_dcc.c **** * Permission is hereby granted, free of charge, to any person obtaining
   6:../src/middleware/bacnet/demo/handler/s_dcc.c **** * a copy of this software and associated documentation files (the
   7:../src/middleware/bacnet/demo/handler/s_dcc.c **** * "Software"), to deal in the Software without restriction, including
   8:../src/middleware/bacnet/demo/handler/s_dcc.c **** * without limitation the rights to use, copy, modify, merge, publish,
   9:../src/middleware/bacnet/demo/handler/s_dcc.c **** * distribute, sublicense, and/or sell copies of the Software, and to
  10:../src/middleware/bacnet/demo/handler/s_dcc.c **** * permit persons to whom the Software is furnished to do so, subject to
  11:../src/middleware/bacnet/demo/handler/s_dcc.c **** * the following conditions:
  12:../src/middleware/bacnet/demo/handler/s_dcc.c **** *
  13:../src/middleware/bacnet/demo/handler/s_dcc.c **** * The above copyright notice and this permission notice shall be included
  14:../src/middleware/bacnet/demo/handler/s_dcc.c **** * in all copies or substantial portions of the Software.
  15:../src/middleware/bacnet/demo/handler/s_dcc.c **** *
  16:../src/middleware/bacnet/demo/handler/s_dcc.c **** * THE SOFTWARE IS PROVIDED "AS IS", WITHOUT WARRANTY OF ANY KIND,
  17:../src/middleware/bacnet/demo/handler/s_dcc.c **** * EXPRESS OR IMPLIED, INCLUDING BUT NOT LIMITED TO THE WARRANTIES OF
  18:../src/middleware/bacnet/demo/handler/s_dcc.c **** * MERCHANTABILITY, FITNESS FOR A PARTICULAR PURPOSE AND NONINFRINGEMENT.
  19:../src/middleware/bacnet/demo/handler/s_dcc.c **** * IN NO EVENT SHALL THE AUTHORS OR COPYRIGHT HOLDERS BE LIABLE FOR ANY
  20:../src/middleware/bacnet/demo/handler/s_dcc.c **** * CLAIM, DAMAGES OR OTHER LIABILITY, WHETHER IN AN ACTION OF CONTRACT,
  21:../src/middleware/bacnet/demo/handler/s_dcc.c **** * TORT OR OTHERWISE, ARISING FROM, OUT OF OR IN CONNECTION WITH THE
  22:../src/middleware/bacnet/demo/handler/s_dcc.c **** * SOFTWARE OR THE USE OR OTHER DEALINGS IN THE SOFTWARE.
  23:../src/middleware/bacnet/demo/handler/s_dcc.c **** *
  24:../src/middleware/bacnet/demo/handler/s_dcc.c **** *********************************************************************/
  25:../src/middleware/bacnet/demo/handler/s_dcc.c **** #include <stddef.h>
  26:../src/middleware/bacnet/demo/handler/s_dcc.c **** #include <stdint.h>
  27:../src/middleware/bacnet/demo/handler/s_dcc.c **** #include <errno.h>
  28:../src/middleware/bacnet/demo/handler/s_dcc.c **** #include <string.h>
  29:../src/middleware/bacnet/demo/handler/s_dcc.c **** #include "config.h"
  30:../src/middleware/bacnet/demo/handler/s_dcc.c **** #include "txbuf.h"
  31:../src/middleware/bacnet/demo/handler/s_dcc.c **** #include "bacdef.h"
  32:../src/middleware/bacnet/demo/handler/s_dcc.c **** #include "bacdcode.h"
  33:../src/middleware/bacnet/demo/handler/s_dcc.c **** #include "address.h"
  34:../src/middleware/bacnet/demo/handler/s_dcc.c **** #include "tsm.h"
  35:../src/middleware/bacnet/demo/handler/s_dcc.c **** #include "npdu.h"
  36:../src/middleware/bacnet/demo/handler/s_dcc.c **** #include "apdu.h"
  37:../src/middleware/bacnet/demo/handler/s_dcc.c **** #include "device.h"
  38:../src/middleware/bacnet/demo/handler/s_dcc.c **** #include "datalink.h"
  39:../src/middleware/bacnet/demo/handler/s_dcc.c **** #include "dcc.h"
  40:../src/middleware/bacnet/demo/handler/s_dcc.c **** /* some demo stuff needed */
  41:../src/middleware/bacnet/demo/handler/s_dcc.c **** #include "handlers.h"
  42:../src/middleware/bacnet/demo/handler/s_dcc.c **** #include "txbuf.h"
  43:../src/middleware/bacnet/demo/handler/s_dcc.c **** #include "client.h"
  44:../src/middleware/bacnet/demo/handler/s_dcc.c **** 
  45:../src/middleware/bacnet/demo/handler/s_dcc.c **** /** @file s_dcc.c  Send a Device Communication Control (DCC) request. */
  46:../src/middleware/bacnet/demo/handler/s_dcc.c **** 
  47:../src/middleware/bacnet/demo/handler/s_dcc.c **** /** Sends a Device Communication Control (DCC) request.
  48:../src/middleware/bacnet/demo/handler/s_dcc.c ****  * @ingroup DMDCC
  49:../src/middleware/bacnet/demo/handler/s_dcc.c ****  *
  50:../src/middleware/bacnet/demo/handler/s_dcc.c ****  * @param device_id [in] The index to the device address in our address cache.
  51:../src/middleware/bacnet/demo/handler/s_dcc.c ****  * @param timeDuration [in] If non-zero, the minutes that the remote device
  52:../src/middleware/bacnet/demo/handler/s_dcc.c ****  *            shall ignore all APDUs except DCC and, if supported, RD APDUs.
  53:../src/middleware/bacnet/demo/handler/s_dcc.c ****  * @param state [in] Choice to Enable or Disable communication.
  54:../src/middleware/bacnet/demo/handler/s_dcc.c ****  * @param password [in] Optional password, up to 20 chars.
  55:../src/middleware/bacnet/demo/handler/s_dcc.c ****  * @return The invokeID of the transmitted message, or 0 on failure.
  56:../src/middleware/bacnet/demo/handler/s_dcc.c ****  */
  57:../src/middleware/bacnet/demo/handler/s_dcc.c **** 
  58:../src/middleware/bacnet/demo/handler/s_dcc.c **** uint8_t Send_Device_Communication_Control_Request(
  59:../src/middleware/bacnet/demo/handler/s_dcc.c ****     uint32_t device_id,
  60:../src/middleware/bacnet/demo/handler/s_dcc.c ****     uint16_t timeDuration,      /* 0=optional */
  61:../src/middleware/bacnet/demo/handler/s_dcc.c ****     BACNET_COMMUNICATION_ENABLE_DISABLE state,
  62:../src/middleware/bacnet/demo/handler/s_dcc.c ****     char *password)
  63:../src/middleware/bacnet/demo/handler/s_dcc.c **** {       /* NULL=optional */
  16              		.loc 1 63 1
  17              		.cfi_startproc
  18 0000 1301019B 		addi	sp,sp,-1616
  19              		.cfi_def_cfa_offset 1616
  20 0004 23341164 		sd	ra,1608(sp)
  21 0008 23308164 		sd	s0,1600(sp)
  22              		.cfi_offset 1, -8
  23              		.cfi_offset 8, -16
  24 000c 13040165 		addi	s0,sp,1616
  25              		.cfi_def_cfa 8, 0
  26 0010 AA87     		mv	a5,a0
  27 0012 3287     		mv	a4,a2
  28 0014 233CD49A 		sd	a3,-1608(s0)
  29 0018 2326F49C 		sw	a5,-1588(s0)
  30 001c AE87     		mv	a5,a1
  31 001e 2315F49C 		sh	a5,-1590(s0)
  32 0022 BA87     		mv	a5,a4
  33 0024 2322F49C 		sw	a5,-1596(s0)
  64:../src/middleware/bacnet/demo/handler/s_dcc.c ****     BACNET_ADDRESS dest;
  65:../src/middleware/bacnet/demo/handler/s_dcc.c ****     BACNET_ADDRESS my_address;
  66:../src/middleware/bacnet/demo/handler/s_dcc.c ****     unsigned max_apdu = 0;
  34              		.loc 1 66 14
  35 0028 232604FA 		sw	zero,-84(s0)
  67:../src/middleware/bacnet/demo/handler/s_dcc.c ****     uint8_t invoke_id = 0;
  36              		.loc 1 67 13
  37 002c A30704FE 		sb	zero,-17(s0)
  68:../src/middleware/bacnet/demo/handler/s_dcc.c ****     bool status = false;
  38              		.loc 1 68 10
  39 0030 230704FE 		sb	zero,-18(s0)
  69:../src/middleware/bacnet/demo/handler/s_dcc.c ****     int len = 0;
  40              		.loc 1 69 9
  41 0034 232404FE 		sw	zero,-24(s0)
  70:../src/middleware/bacnet/demo/handler/s_dcc.c ****     int pdu_len = 0;
  42              		.loc 1 70 9
  43 0038 232204FE 		sw	zero,-28(s0)
  71:../src/middleware/bacnet/demo/handler/s_dcc.c ****     int bytes_sent = 0;
  44              		.loc 1 71 9
  45 003c 232004FE 		sw	zero,-32(s0)
  72:../src/middleware/bacnet/demo/handler/s_dcc.c ****     BACNET_CHARACTER_STRING password_string;
  73:../src/middleware/bacnet/demo/handler/s_dcc.c ****     BACNET_NPDU_DATA npdu_data;
  74:../src/middleware/bacnet/demo/handler/s_dcc.c **** 
  75:../src/middleware/bacnet/demo/handler/s_dcc.c ****     /* if we are forbidden to send, don't send! */
  76:../src/middleware/bacnet/demo/handler/s_dcc.c ****     if (!dcc_communication_enabled())
  46              		.loc 1 76 10
  47 0040 97000000 		call	dcc_communication_enabled
  47      E7800000 
  48 0048 AA87     		mv	a5,a0
  49              		.loc 1 76 9
  50 004a 93C71700 		xori	a5,a5,1
  51 004e 93F7F70F 		andi	a5,a5,0xff
  52              		.loc 1 76 8
  53 0052 99C3     		beq	a5,zero,.L2
  77:../src/middleware/bacnet/demo/handler/s_dcc.c ****         return 0;
  54              		.loc 1 77 16
  55 0054 8147     		li	a5,0
  56 0056 A1AA     		j	.L9
  57              	.L2:
  78:../src/middleware/bacnet/demo/handler/s_dcc.c **** 
  79:../src/middleware/bacnet/demo/handler/s_dcc.c ****     /* is the device bound? */
  80:../src/middleware/bacnet/demo/handler/s_dcc.c ****     status = address_get_by_device(device_id, &max_apdu, &dest);
  58              		.loc 1 80 14
  59 0058 930684FC 		addi	a3,s0,-56
  60 005c 1307C4FA 		addi	a4,s0,-84
  61 0060 8327C49C 		lw	a5,-1588(s0)
  62 0064 3686     		mv	a2,a3
  63 0066 BA85     		mv	a1,a4
  64 0068 3E85     		mv	a0,a5
  65 006a 97000000 		call	address_get_by_device
  65      E7800000 
  66 0072 AA87     		mv	a5,a0
  67 0074 2307F4FE 		sb	a5,-18(s0)
  81:../src/middleware/bacnet/demo/handler/s_dcc.c ****     /* is there a tsm available? */
  82:../src/middleware/bacnet/demo/handler/s_dcc.c ****     if (status)
  68              		.loc 1 82 8
  69 0078 8347E4FE 		lbu	a5,-18(s0)
  70 007c 93F7F70F 		andi	a5,a5,0xff
  71 0080 81CB     		beq	a5,zero,.L4
  83:../src/middleware/bacnet/demo/handler/s_dcc.c ****         invoke_id = tsm_next_free_invokeID();
  72              		.loc 1 83 21
  73 0082 97000000 		call	tsm_next_free_invokeID
  73      E7800000 
  74 008a AA87     		mv	a5,a0
  75 008c A307F4FE 		sb	a5,-17(s0)
  76              	.L4:
  84:../src/middleware/bacnet/demo/handler/s_dcc.c ****     if (invoke_id) {
  77              		.loc 1 84 8
  78 0090 8347F4FE 		lbu	a5,-17(s0)
  79 0094 93F7F70F 		andi	a5,a5,0xff
  80 0098 63890710 		beq	a5,zero,.L5
  85:../src/middleware/bacnet/demo/handler/s_dcc.c ****         /* encode the NPDU portion of the packet */
  86:../src/middleware/bacnet/demo/handler/s_dcc.c ****         datalink_get_my_address(&my_address);
  81              		.loc 1 86 9
  82 009c 930704FB 		addi	a5,s0,-80
  83 00a0 3E85     		mv	a0,a5
  84 00a2 97000000 		call	bip_get_my_address
  84      E7800000 
  87:../src/middleware/bacnet/demo/handler/s_dcc.c ****         npdu_encode_npdu_data(&npdu_data, true, MESSAGE_PRIORITY_NORMAL);
  85              		.loc 1 87 9
  86 00aa 9307049D 		addi	a5,s0,-1584
  87 00ae 0146     		li	a2,0
  88 00b0 8545     		li	a1,1
  89 00b2 3E85     		mv	a0,a5
  90 00b4 97000000 		call	npdu_encode_npdu_data
  90      E7800000 
  88:../src/middleware/bacnet/demo/handler/s_dcc.c ****         pdu_len =
  89:../src/middleware/bacnet/demo/handler/s_dcc.c ****             npdu_encode_pdu(&Handler_Transmit_Buffer[0], &dest, &my_address,
  91              		.loc 1 89 13
  92 00bc 9306049D 		addi	a3,s0,-1584
  93 00c0 130704FB 		addi	a4,s0,-80
  94 00c4 930784FC 		addi	a5,s0,-56
  95 00c8 3A86     		mv	a2,a4
  96 00ca BE85     		mv	a1,a5
  97 00cc 17050000 		lla	a0,Handler_Transmit_Buffer
  97      13050500 
  98 00d4 97000000 		call	npdu_encode_pdu
  98      E7800000 
  99 00dc AA87     		mv	a5,a0
 100 00de 2322F4FE 		sw	a5,-28(s0)
  90:../src/middleware/bacnet/demo/handler/s_dcc.c ****             &npdu_data);
  91:../src/middleware/bacnet/demo/handler/s_dcc.c ****         /* encode the APDU portion of the packet */
  92:../src/middleware/bacnet/demo/handler/s_dcc.c ****         characterstring_init_ansi(&password_string, password);
 101              		.loc 1 92 9
 102 00e2 9307049E 		addi	a5,s0,-1568
 103 00e6 8335849B 		ld	a1,-1608(s0)
 104 00ea 3E85     		mv	a0,a5
 105 00ec 97000000 		call	characterstring_init_ansi
 105      E7800000 
  93:../src/middleware/bacnet/demo/handler/s_dcc.c ****         len =
  94:../src/middleware/bacnet/demo/handler/s_dcc.c ****             dcc_encode_apdu(&Handler_Transmit_Buffer[pdu_len], invoke_id,
 106              		.loc 1 94 13
 107 00f4 032744FE 		lw	a4,-28(s0)
 108 00f8 97070000 		lla	a5,Handler_Transmit_Buffer
 108      93870700 
 109 0100 3305F700 		add	a0,a4,a5
 110 0104 8337849B 		ld	a5,-1608(s0)
 111 0108 81C7     		beq	a5,zero,.L6
 112              		.loc 1 94 13 is_stmt 0 discriminator 1
 113 010a 9307049E 		addi	a5,s0,-1568
 114 010e 11A0     		j	.L7
 115              	.L6:
 116              		.loc 1 94 13 discriminator 2
 117 0110 8147     		li	a5,0
 118              	.L7:
 119              		.loc 1 94 13 discriminator 4
 120 0112 8326449C 		lw	a3,-1596(s0)
 121 0116 0356A49C 		lhu	a2,-1590(s0)
 122 011a 8345F4FE 		lbu	a1,-17(s0)
 123 011e 3E87     		mv	a4,a5
 124 0120 97000000 		call	dcc_encode_apdu
 124      E7800000 
 125 0128 AA87     		mv	a5,a0
 126 012a 2324F4FE 		sw	a5,-24(s0)
  95:../src/middleware/bacnet/demo/handler/s_dcc.c ****             timeDuration, state, password ? &password_string : NULL);
  96:../src/middleware/bacnet/demo/handler/s_dcc.c ****         pdu_len += len;
 127              		.loc 1 96 17 is_stmt 1 discriminator 4
 128 012e 032744FE 		lw	a4,-28(s0)
 129 0132 832784FE 		lw	a5,-24(s0)
 130 0136 B99F     		addw	a5,a4,a5
 131 0138 2322F4FE 		sw	a5,-28(s0)
  97:../src/middleware/bacnet/demo/handler/s_dcc.c ****         /* will it fit in the sender?
  98:../src/middleware/bacnet/demo/handler/s_dcc.c ****            note: if there is a bottleneck router in between
  99:../src/middleware/bacnet/demo/handler/s_dcc.c ****            us and the destination, we won't know unless
 100:../src/middleware/bacnet/demo/handler/s_dcc.c ****            we have a way to check for that and update the
 101:../src/middleware/bacnet/demo/handler/s_dcc.c ****            max_apdu in the address binding table. */
 102:../src/middleware/bacnet/demo/handler/s_dcc.c ****         if ((unsigned) pdu_len < max_apdu) {
 132              		.loc 1 102 13 discriminator 4
 133 013c 032744FE 		lw	a4,-28(s0)
 134              		.loc 1 102 32 discriminator 4
 135 0140 8327C4FA 		lw	a5,-84(s0)
 136              		.loc 1 102 12 discriminator 4
 137 0144 637AF704 		bgeu	a4,a5,.L8
 103:../src/middleware/bacnet/demo/handler/s_dcc.c ****             tsm_set_confirmed_unsegmented_transaction(invoke_id, &dest,
 138              		.loc 1 103 13
 139 0148 832744FE 		lw	a5,-28(s0)
 140 014c 13970703 		slli	a4,a5,48
 141 0150 4193     		srli	a4,a4,48
 142 0152 1306049D 		addi	a2,s0,-1584
 143 0156 930584FC 		addi	a1,s0,-56
 144 015a 8347F4FE 		lbu	a5,-17(s0)
 145 015e 97060000 		lla	a3,Handler_Transmit_Buffer
 145      93860600 
 146 0166 3E85     		mv	a0,a5
 147 0168 97000000 		call	tsm_set_confirmed_unsegmented_transaction
 147      E7800000 
 104:../src/middleware/bacnet/demo/handler/s_dcc.c ****                 &npdu_data, &Handler_Transmit_Buffer[0], (uint16_t) pdu_len);
 105:../src/middleware/bacnet/demo/handler/s_dcc.c ****             bytes_sent =
 106:../src/middleware/bacnet/demo/handler/s_dcc.c ****                 datalink_send_pdu(&dest, &npdu_data,
 148              		.loc 1 106 17
 149 0170 832644FE 		lw	a3,-28(s0)
 150 0174 1307049D 		addi	a4,s0,-1584
 151 0178 930784FC 		addi	a5,s0,-56
 152 017c 17060000 		lla	a2,Handler_Transmit_Buffer
 152      13060600 
 153 0184 BA85     		mv	a1,a4
 154 0186 3E85     		mv	a0,a5
 155 0188 97000000 		call	bip_send_pdu
 155      E7800000 
 156 0190 AA87     		mv	a5,a0
 157 0192 2320F4FE 		sw	a5,-32(s0)
 158 0196 11A8     		j	.L5
 159              	.L8:
 107:../src/middleware/bacnet/demo/handler/s_dcc.c ****                 &Handler_Transmit_Buffer[0], pdu_len);
 108:../src/middleware/bacnet/demo/handler/s_dcc.c **** #if PRINT_ENABLED
 109:../src/middleware/bacnet/demo/handler/s_dcc.c ****             if (bytes_sent <= 0)
 110:../src/middleware/bacnet/demo/handler/s_dcc.c ****                 fprintf(stderr,
 111:../src/middleware/bacnet/demo/handler/s_dcc.c ****                     "Failed to Send DeviceCommunicationControl Request (%s)!\n",
 112:../src/middleware/bacnet/demo/handler/s_dcc.c ****                     strerror(errno));
 113:../src/middleware/bacnet/demo/handler/s_dcc.c **** #endif
 114:../src/middleware/bacnet/demo/handler/s_dcc.c ****         } else {
 115:../src/middleware/bacnet/demo/handler/s_dcc.c ****             tsm_free_invoke_id(invoke_id);
 160              		.loc 1 115 13
 161 0198 8347F4FE 		lbu	a5,-17(s0)
 162 019c 3E85     		mv	a0,a5
 163 019e 97000000 		call	tsm_free_invoke_id
 163      E7800000 
 116:../src/middleware/bacnet/demo/handler/s_dcc.c ****             invoke_id = 0;
 164              		.loc 1 116 23
 165 01a6 A30704FE 		sb	zero,-17(s0)
 166              	.L5:
 117:../src/middleware/bacnet/demo/handler/s_dcc.c **** #if PRINT_ENABLED
 118:../src/middleware/bacnet/demo/handler/s_dcc.c ****             fprintf(stderr,
 119:../src/middleware/bacnet/demo/handler/s_dcc.c ****                 "Failed to Send DeviceCommunicationControl Request "
 120:../src/middleware/bacnet/demo/handler/s_dcc.c ****                 "(exceeds destination maximum APDU)!\n");
 121:../src/middleware/bacnet/demo/handler/s_dcc.c **** #endif
 122:../src/middleware/bacnet/demo/handler/s_dcc.c ****         }
 123:../src/middleware/bacnet/demo/handler/s_dcc.c ****     }
 124:../src/middleware/bacnet/demo/handler/s_dcc.c **** 
 125:../src/middleware/bacnet/demo/handler/s_dcc.c ****     return invoke_id;
 167              		.loc 1 125 12
 168 01aa 8347F4FE 		lbu	a5,-17(s0)
 169              	.L9:
 126:../src/middleware/bacnet/demo/handler/s_dcc.c **** }
 170              		.loc 1 126 1 discriminator 1
 171 01ae 3E85     		mv	a0,a5
 172 01b0 83308164 		ld	ra,1608(sp)
 173              		.cfi_restore 1
 174 01b4 03340164 		ld	s0,1600(sp)
 175              		.cfi_restore 8
 176              		.cfi_def_cfa 2, 1616
 177 01b8 13010165 		addi	sp,sp,1616
 178              		.cfi_def_cfa_offset 0
 179 01bc 8280     		jr	ra
 180              		.cfi_endproc
 181              	.LFE4:
 183              		.text
 184              	.Letext0:
 185              		.file 2 "c:\\microchip\\softconsole-v2022.2-risc-v-747\\riscv-unknown-elf-gcc\\lib\\gcc\\riscv64-u
 186              		.file 3 "c:\\microchip\\softconsole-v2022.2-risc-v-747\\riscv-unknown-elf-gcc\\riscv64-unknown-elf
 187              		.file 4 "c:\\microchip\\softconsole-v2022.2-risc-v-747\\riscv-unknown-elf-gcc\\riscv64-unknown-elf
 188              		.file 5 "c:\\microchip\\softconsole-v2022.2-risc-v-747\\riscv-unknown-elf-gcc\\riscv64-unknown-elf
 189              		.file 6 "c:\\microchip\\softconsole-v2022.2-risc-v-747\\riscv-unknown-elf-gcc\\riscv64-unknown-elf
 190              		.file 7 "c:\\microchip\\softconsole-v2022.2-risc-v-747\\riscv-unknown-elf-gcc\\riscv64-unknown-elf
 191              		.file 8 "c:\\microchip\\softconsole-v2022.2-risc-v-747\\riscv-unknown-elf-gcc\\riscv64-unknown-elf
 192              		.file 9 "C:\\Users\\zero6575\\Libero\\fpga_labor\\fpga_labor\\software\\mpfs-mac-mcc-stack\\src\\m
 193              		.file 10 "C:\\Users\\zero6575\\Libero\\fpga_labor\\fpga_labor\\software\\mpfs-mac-mcc-stack\\src\\
 194              		.file 11 "C:\\Users\\zero6575\\Libero\\fpga_labor\\fpga_labor\\software\\mpfs-mac-mcc-stack\\src\\
 195              		.file 12 "C:\\Users\\zero6575\\Libero\\fpga_labor\\fpga_labor\\software\\mpfs-mac-mcc-stack\\src\\
 196              		.file 13 "c:\\microchip\\softconsole-v2022.2-risc-v-747\\riscv-unknown-elf-gcc\\riscv64-unknown-el
 197              		.file 14 "C:\\Users\\zero6575\\Libero\\fpga_labor\\fpga_labor\\software\\mpfs-mac-mcc-stack\\src\\
 198              		.file 15 "C:\\Users\\zero6575\\Libero\\fpga_labor\\fpga_labor\\software\\mpfs-mac-mcc-stack\\src\\
DEFINED SYMBOLS
                            *ABS*:0000000000000000 s_dcc.c
C:\Users\zero6575\AppData\Local\Temp\ccKPamo1.s:13     .text.Send_Device_Communication_Control_Request:0000000000000000 Send_Device_Communication_Control_Request
C:\Users\zero6575\AppData\Local\Temp\ccKPamo1.s:17     .text.Send_Device_Communication_Control_Request:0000000000000000 .L0 
C:\Users\zero6575\AppData\Local\Temp\ccKPamo1.s:18     .text.Send_Device_Communication_Control_Request:0000000000000000 .L0 
C:\Users\zero6575\AppData\Local\Temp\ccKPamo1.s:19     .text.Send_Device_Communication_Control_Request:0000000000000004 .L0 
C:\Users\zero6575\AppData\Local\Temp\ccKPamo1.s:22     .text.Send_Device_Communication_Control_Request:000000000000000c .L0 
C:\Users\zero6575\AppData\Local\Temp\ccKPamo1.s:23     .text.Send_Device_Communication_Control_Request:000000000000000c .L0 
C:\Users\zero6575\AppData\Local\Temp\ccKPamo1.s:25     .text.Send_Device_Communication_Control_Request:0000000000000010 .L0 
C:\Users\zero6575\AppData\Local\Temp\ccKPamo1.s:35     .text.Send_Device_Communication_Control_Request:0000000000000028 .L0 
C:\Users\zero6575\AppData\Local\Temp\ccKPamo1.s:37     .text.Send_Device_Communication_Control_Request:000000000000002c .L0 
C:\Users\zero6575\AppData\Local\Temp\ccKPamo1.s:39     .text.Send_Device_Communication_Control_Request:0000000000000030 .L0 
C:\Users\zero6575\AppData\Local\Temp\ccKPamo1.s:41     .text.Send_Device_Communication_Control_Request:0000000000000034 .L0 
C:\Users\zero6575\AppData\Local\Temp\ccKPamo1.s:43     .text.Send_Device_Communication_Control_Request:0000000000000038 .L0 
C:\Users\zero6575\AppData\Local\Temp\ccKPamo1.s:45     .text.Send_Device_Communication_Control_Request:000000000000003c .L0 
C:\Users\zero6575\AppData\Local\Temp\ccKPamo1.s:47     .text.Send_Device_Communication_Control_Request:0000000000000040 .L0 
C:\Users\zero6575\AppData\Local\Temp\ccKPamo1.s:50     .text.Send_Device_Communication_Control_Request:000000000000004a .L0 
C:\Users\zero6575\AppData\Local\Temp\ccKPamo1.s:53     .text.Send_Device_Communication_Control_Request:0000000000000052 .L0 
C:\Users\zero6575\AppData\Local\Temp\ccKPamo1.s:55     .text.Send_Device_Communication_Control_Request:0000000000000054 .L0 
C:\Users\zero6575\AppData\Local\Temp\ccKPamo1.s:59     .text.Send_Device_Communication_Control_Request:0000000000000058 .L0 
C:\Users\zero6575\AppData\Local\Temp\ccKPamo1.s:69     .text.Send_Device_Communication_Control_Request:0000000000000078 .L0 
C:\Users\zero6575\AppData\Local\Temp\ccKPamo1.s:73     .text.Send_Device_Communication_Control_Request:0000000000000082 .L0 
C:\Users\zero6575\AppData\Local\Temp\ccKPamo1.s:78     .text.Send_Device_Communication_Control_Request:0000000000000090 .L0 
C:\Users\zero6575\AppData\Local\Temp\ccKPamo1.s:82     .text.Send_Device_Communication_Control_Request:000000000000009c .L0 
C:\Users\zero6575\AppData\Local\Temp\ccKPamo1.s:86     .text.Send_Device_Communication_Control_Request:00000000000000aa .L0 
C:\Users\zero6575\AppData\Local\Temp\ccKPamo1.s:92     .text.Send_Device_Communication_Control_Request:00000000000000bc .L0 
C:\Users\zero6575\AppData\Local\Temp\ccKPamo1.s:102    .text.Send_Device_Communication_Control_Request:00000000000000e2 .L0 
C:\Users\zero6575\AppData\Local\Temp\ccKPamo1.s:107    .text.Send_Device_Communication_Control_Request:00000000000000f4 .L0 
C:\Users\zero6575\AppData\Local\Temp\ccKPamo1.s:113    .text.Send_Device_Communication_Control_Request:000000000000010a .L0 
C:\Users\zero6575\AppData\Local\Temp\ccKPamo1.s:117    .text.Send_Device_Communication_Control_Request:0000000000000110 .L0 
C:\Users\zero6575\AppData\Local\Temp\ccKPamo1.s:120    .text.Send_Device_Communication_Control_Request:0000000000000112 .L0 
C:\Users\zero6575\AppData\Local\Temp\ccKPamo1.s:128    .text.Send_Device_Communication_Control_Request:000000000000012e .L0 
C:\Users\zero6575\AppData\Local\Temp\ccKPamo1.s:133    .text.Send_Device_Communication_Control_Request:000000000000013c .L0 
C:\Users\zero6575\AppData\Local\Temp\ccKPamo1.s:135    .text.Send_Device_Communication_Control_Request:0000000000000140 .L0 
C:\Users\zero6575\AppData\Local\Temp\ccKPamo1.s:137    .text.Send_Device_Communication_Control_Request:0000000000000144 .L0 
C:\Users\zero6575\AppData\Local\Temp\ccKPamo1.s:139    .text.Send_Device_Communication_Control_Request:0000000000000148 .L0 
C:\Users\zero6575\AppData\Local\Temp\ccKPamo1.s:149    .text.Send_Device_Communication_Control_Request:0000000000000170 .L0 
C:\Users\zero6575\AppData\Local\Temp\ccKPamo1.s:161    .text.Send_Device_Communication_Control_Request:0000000000000198 .L0 
C:\Users\zero6575\AppData\Local\Temp\ccKPamo1.s:165    .text.Send_Device_Communication_Control_Request:00000000000001a6 .L0 
C:\Users\zero6575\AppData\Local\Temp\ccKPamo1.s:168    .text.Send_Device_Communication_Control_Request:00000000000001aa .L0 
C:\Users\zero6575\AppData\Local\Temp\ccKPamo1.s:171    .text.Send_Device_Communication_Control_Request:00000000000001ae .L0 
C:\Users\zero6575\AppData\Local\Temp\ccKPamo1.s:173    .text.Send_Device_Communication_Control_Request:00000000000001b4 .L0 
C:\Users\zero6575\AppData\Local\Temp\ccKPamo1.s:175    .text.Send_Device_Communication_Control_Request:00000000000001b8 .L0 
C:\Users\zero6575\AppData\Local\Temp\ccKPamo1.s:176    .text.Send_Device_Communication_Control_Request:00000000000001b8 .L0 
C:\Users\zero6575\AppData\Local\Temp\ccKPamo1.s:178    .text.Send_Device_Communication_Control_Request:00000000000001bc .L0 
C:\Users\zero6575\AppData\Local\Temp\ccKPamo1.s:180    .text.Send_Device_Communication_Control_Request:00000000000001be .L0 
C:\Users\zero6575\AppData\Local\Temp\ccKPamo1.s:183    .text.Send_Device_Communication_Control_Request:00000000000001be .L0 
                     .debug_frame:0000000000000000 .L0 
C:\Users\zero6575\AppData\Local\Temp\ccKPamo1.s:97     .text.Send_Device_Communication_Control_Request:00000000000000cc .L0 
C:\Users\zero6575\AppData\Local\Temp\ccKPamo1.s:108    .text.Send_Device_Communication_Control_Request:00000000000000f8 .L0 
C:\Users\zero6575\AppData\Local\Temp\ccKPamo1.s:145    .text.Send_Device_Communication_Control_Request:000000000000015e .L0 
C:\Users\zero6575\AppData\Local\Temp\ccKPamo1.s:152    .text.Send_Device_Communication_Control_Request:000000000000017c .L0 
C:\Users\zero6575\AppData\Local\Temp\ccKPamo1.s:57     .text.Send_Device_Communication_Control_Request:0000000000000058 .L2
C:\Users\zero6575\AppData\Local\Temp\ccKPamo1.s:169    .text.Send_Device_Communication_Control_Request:00000000000001ae .L9
C:\Users\zero6575\AppData\Local\Temp\ccKPamo1.s:76     .text.Send_Device_Communication_Control_Request:0000000000000090 .L4
C:\Users\zero6575\AppData\Local\Temp\ccKPamo1.s:166    .text.Send_Device_Communication_Control_Request:00000000000001aa .L5
C:\Users\zero6575\AppData\Local\Temp\ccKPamo1.s:115    .text.Send_Device_Communication_Control_Request:0000000000000110 .L6
C:\Users\zero6575\AppData\Local\Temp\ccKPamo1.s:118    .text.Send_Device_Communication_Control_Request:0000000000000112 .L7
C:\Users\zero6575\AppData\Local\Temp\ccKPamo1.s:159    .text.Send_Device_Communication_Control_Request:0000000000000198 .L8
C:\Users\zero6575\AppData\Local\Temp\ccKPamo1.s:1936   .debug_abbrev:0000000000000000 .Ldebug_abbrev0
C:\Users\zero6575\AppData\Local\Temp\ccKPamo1.s:8180   .debug_str:00000000000036f5 .LASF1433
C:\Users\zero6575\AppData\Local\Temp\ccKPamo1.s:9548   .debug_str:0000000000007eb4 .LASF1434
C:\Users\zero6575\AppData\Local\Temp\ccKPamo1.s:7844   .debug_str:0000000000002427 .LASF1435
C:\Users\zero6575\AppData\Local\Temp\ccKPamo1.s:2456   .debug_ranges:0000000000000000 .Ldebug_ranges0
C:\Users\zero6575\AppData\Local\Temp\ccKPamo1.s:7140   .debug_line:0000000000000000 .Ldebug_line0
C:\Users\zero6575\AppData\Local\Temp\ccKPamo1.s:2462   .debug_macro:0000000000000000 .Ldebug_macro0
C:\Users\zero6575\AppData\Local\Temp\ccKPamo1.s:8922   .debug_str:0000000000005f09 .LASF1233
C:\Users\zero6575\AppData\Local\Temp\ccKPamo1.s:8182   .debug_str:00000000000037bd .LASF1238
C:\Users\zero6575\AppData\Local\Temp\ccKPamo1.s:9056   .debug_str:0000000000006642 .LASF1234
C:\Users\zero6575\AppData\Local\Temp\ccKPamo1.s:9748   .debug_str:0000000000008911 .LASF1235
C:\Users\zero6575\AppData\Local\Temp\ccKPamo1.s:9028   .debug_str:0000000000006496 .LASF1236
C:\Users\zero6575\AppData\Local\Temp\ccKPamo1.s:8710   .debug_str:0000000000005426 .LASF1237
C:\Users\zero6575\AppData\Local\Temp\ccKPamo1.s:7204   .debug_str:00000000000002f1 .LASF1239
C:\Users\zero6575\AppData\Local\Temp\ccKPamo1.s:7500   .debug_str:000000000000112f .LASF1240
C:\Users\zero6575\AppData\Local\Temp\ccKPamo1.s:9958   .debug_str:0000000000009408 .LASF1241
C:\Users\zero6575\AppData\Local\Temp\ccKPamo1.s:7760   .debug_str:000000000000202d .LASF1242
C:\Users\zero6575\AppData\Local\Temp\ccKPamo1.s:8706   .debug_str:00000000000053fd .LASF1243
C:\Users\zero6575\AppData\Local\Temp\ccKPamo1.s:9400   .debug_str:0000000000007716 .LASF1244
C:\Users\zero6575\AppData\Local\Temp\ccKPamo1.s:9924   .debug_str:00000000000091ed .LASF1245
C:\Users\zero6575\AppData\Local\Temp\ccKPamo1.s:8196   .debug_str:0000000000003825 .LASF1246
C:\Users\zero6575\AppData\Local\Temp\ccKPamo1.s:7308   .debug_str:000000000000071e .LASF1247
C:\Users\zero6575\AppData\Local\Temp\ccKPamo1.s:9004   .debug_str:00000000000063bd .LASF1248
C:\Users\zero6575\AppData\Local\Temp\ccKPamo1.s:8300   .debug_str:0000000000003d22 .LASF1249
C:\Users\zero6575\AppData\Local\Temp\ccKPamo1.s:8164   .debug_str:0000000000003619 .LASF1250
C:\Users\zero6575\AppData\Local\Temp\ccKPamo1.s:9332   .debug_str:0000000000007481 .LASF1251
C:\Users\zero6575\AppData\Local\Temp\ccKPamo1.s:8584   .debug_str:0000000000004cda .LASF1252
C:\Users\zero6575\AppData\Local\Temp\ccKPamo1.s:8870   .debug_str:0000000000005c4e .LASF1253
C:\Users\zero6575\AppData\Local\Temp\ccKPamo1.s:8284   .debug_str:0000000000003c87 .LASF1254
C:\Users\zero6575\AppData\Local\Temp\ccKPamo1.s:8194   .debug_str:000000000000381d .LASF1255
C:\Users\zero6575\AppData\Local\Temp\ccKPamo1.s:9414   .debug_str:00000000000077a7 .LASF1256
C:\Users\zero6575\AppData\Local\Temp\ccKPamo1.s:9368   .debug_str:0000000000007596 .LASF1257
C:\Users\zero6575\AppData\Local\Temp\ccKPamo1.s:8596   .debug_str:0000000000004d5a .LASF1258
C:\Users\zero6575\AppData\Local\Temp\ccKPamo1.s:8906   .debug_str:0000000000005e04 .LASF1259
C:\Users\zero6575\AppData\Local\Temp\ccKPamo1.s:9694   .debug_str:000000000000860a .LASF1260
C:\Users\zero6575\AppData\Local\Temp\ccKPamo1.s:9162   .debug_str:0000000000006bc7 .LASF1265
C:\Users\zero6575\AppData\Local\Temp\ccKPamo1.s:8398   .debug_str:00000000000042f5 .LASF1261
C:\Users\zero6575\AppData\Local\Temp\ccKPamo1.s:9010   .debug_str:00000000000063db .LASF1262
C:\Users\zero6575\AppData\Local\Temp\ccKPamo1.s:9888   .debug_str:0000000000009061 .LASF1263
C:\Users\zero6575\AppData\Local\Temp\ccKPamo1.s:7870   .debug_str:00000000000026c0 .LASF1264
C:\Users\zero6575\AppData\Local\Temp\ccKPamo1.s:7708   .debug_str:0000000000001d81 .LASF1266
C:\Users\zero6575\AppData\Local\Temp\ccKPamo1.s:8492   .debug_str:0000000000004790 .LASF1267
C:\Users\zero6575\AppData\Local\Temp\ccKPamo1.s:9892   .debug_str:0000000000009076 .LASF1268
C:\Users\zero6575\AppData\Local\Temp\ccKPamo1.s:8290   .debug_str:0000000000003cb1 .LASF1269
C:\Users\zero6575\AppData\Local\Temp\ccKPamo1.s:8336   .debug_str:0000000000003ecb .LASF1270
C:\Users\zero6575\AppData\Local\Temp\ccKPamo1.s:7272   .debug_str:000000000000060d .LASF1271
C:\Users\zero6575\AppData\Local\Temp\ccKPamo1.s:7996   .debug_str:0000000000002d7d .LASF1272
C:\Users\zero6575\AppData\Local\Temp\ccKPamo1.s:7834   .debug_str:00000000000023b5 .LASF1273
C:\Users\zero6575\AppData\Local\Temp\ccKPamo1.s:7728   .debug_str:0000000000001e80 .LASF1274
C:\Users\zero6575\AppData\Local\Temp\ccKPamo1.s:7836   .debug_str:00000000000023bf .LASF1275
C:\Users\zero6575\AppData\Local\Temp\ccKPamo1.s:8500   .debug_str:0000000000004814 .LASF1276
C:\Users\zero6575\AppData\Local\Temp\ccKPamo1.s:8354   .debug_str:0000000000003fc3 .LASF1277
C:\Users\zero6575\AppData\Local\Temp\ccKPamo1.s:7818   .debug_str:00000000000022d6 .LASF1278
C:\Users\zero6575\AppData\Local\Temp\ccKPamo1.s:7276   .debug_str:0000000000000627 .LASF1279
C:\Users\zero6575\AppData\Local\Temp\ccKPamo1.s:9420   .debug_str:00000000000077f5 .LASF1280
C:\Users\zero6575\AppData\Local\Temp\ccKPamo1.s:7232   .debug_str:000000000000045c .LASF1281
C:\Users\zero6575\AppData\Local\Temp\ccKPamo1.s:7290   .debug_str:000000000000067e .LASF1282
C:\Users\zero6575\AppData\Local\Temp\ccKPamo1.s:9356   .debug_str:000000000000752b .LASF1283
C:\Users\zero6575\AppData\Local\Temp\ccKPamo1.s:7142   .debug_str:0000000000000000 .LASF1284
C:\Users\zero6575\AppData\Local\Temp\ccKPamo1.s:8814   .debug_str:00000000000058e0 .LASF1285
C:\Users\zero6575\AppData\Local\Temp\ccKPamo1.s:7666   .debug_str:0000000000001b4d .LASF1286
C:\Users\zero6575\AppData\Local\Temp\ccKPamo1.s:7910   .debug_str:00000000000028a0 .LASF1287
C:\Users\zero6575\AppData\Local\Temp\ccKPamo1.s:7482   .debug_str:000000000000103d .LASF1288
C:\Users\zero6575\AppData\Local\Temp\ccKPamo1.s:7328   .debug_str:000000000000084f .LASF1289
C:\Users\zero6575\AppData\Local\Temp\ccKPamo1.s:9334   .debug_str:0000000000007489 .LASF1290
C:\Users\zero6575\AppData\Local\Temp\ccKPamo1.s:7542   .debug_str:000000000000137f .LASF1291
C:\Users\zero6575\AppData\Local\Temp\ccKPamo1.s:7586   .debug_str:00000000000017fc .LASF1292
C:\Users\zero6575\AppData\Local\Temp\ccKPamo1.s:7634   .debug_str:0000000000001a03 .LASF1293
C:\Users\zero6575\AppData\Local\Temp\ccKPamo1.s:8322   .debug_str:0000000000003e60 .LASF1294
C:\Users\zero6575\AppData\Local\Temp\ccKPamo1.s:8076   .debug_str:0000000000003191 .LASF1295
C:\Users\zero6575\AppData\Local\Temp\ccKPamo1.s:7846   .debug_str:0000000000002489 .LASF1296
C:\Users\zero6575\AppData\Local\Temp\ccKPamo1.s:7812   .debug_str:00000000000022a8 .LASF1297
C:\Users\zero6575\AppData\Local\Temp\ccKPamo1.s:7288   .debug_str:0000000000000679 .LASF1298
C:\Users\zero6575\AppData\Local\Temp\ccKPamo1.s:8978   .debug_str:0000000000006228 .LASF1299
C:\Users\zero6575\AppData\Local\Temp\ccKPamo1.s:9664   .debug_str:000000000000847c .LASF1300
C:\Users\zero6575\AppData\Local\Temp\ccKPamo1.s:9640   .debug_str:000000000000830c .LASF1301
C:\Users\zero6575\AppData\Local\Temp\ccKPamo1.s:9778   .debug_str:0000000000008a8f .LASF1302
C:\Users\zero6575\AppData\Local\Temp\ccKPamo1.s:9306   .debug_str:000000000000730d .LASF1303
C:\Users\zero6575\AppData\Local\Temp\ccKPamo1.s:9578   .debug_str:0000000000008039 .LASF1304
C:\Users\zero6575\AppData\Local\Temp\ccKPamo1.s:7354   .debug_str:00000000000009e7 .LASF1305
C:\Users\zero6575\AppData\Local\Temp\ccKPamo1.s:8232   .debug_str:0000000000003a35 .LASF1306
C:\Users\zero6575\AppData\Local\Temp\ccKPamo1.s:9926   .debug_str:00000000000091fa .LASF1307
C:\Users\zero6575\AppData\Local\Temp\ccKPamo1.s:8184   .debug_str:00000000000037c4 .LASF1308
C:\Users\zero6575\AppData\Local\Temp\ccKPamo1.s:8864   .debug_str:0000000000005c18 .LASF1309
C:\Users\zero6575\AppData\Local\Temp\ccKPamo1.s:7362   .debug_str:0000000000000a20 .LASF1310
C:\Users\zero6575\AppData\Local\Temp\ccKPamo1.s:9296   .debug_str:00000000000072b2 .LASF1311
C:\Users\zero6575\AppData\Local\Temp\ccKPamo1.s:7656   .debug_str:0000000000001ad3 .LASF1312
C:\Users\zero6575\AppData\Local\Temp\ccKPamo1.s:7874   .debug_str:00000000000026cf .LASF1313
C:\Users\zero6575\AppData\Local\Temp\ccKPamo1.s:8406   .debug_str:0000000000004351 .LASF1314
C:\Users\zero6575\AppData\Local\Temp\ccKPamo1.s:9350   .debug_str:0000000000007511 .LASF1315
C:\Users\zero6575\AppData\Local\Temp\ccKPamo1.s:8416   .debug_str:0000000000004390 .LASF1316
C:\Users\zero6575\AppData\Local\Temp\ccKPamo1.s:9972   .debug_str:0000000000009487 .LASF1317
C:\Users\zero6575\AppData\Local\Temp\ccKPamo1.s:7932   .debug_str:0000000000002a15 .LASF1318
C:\Users\zero6575\AppData\Local\Temp\ccKPamo1.s:8682   .debug_str:0000000000005249 .LASF1319
C:\Users\zero6575\AppData\Local\Temp\ccKPamo1.s:9106   .debug_str:000000000000691b .LASF1320
C:\Users\zero6575\AppData\Local\Temp\ccKPamo1.s:9288   .debug_str:0000000000007260 .LASF1321
C:\Users\zero6575\AppData\Local\Temp\ccKPamo1.s:7404   .debug_str:0000000000000c14 .LASF1322
C:\Users\zero6575\AppData\Local\Temp\ccKPamo1.s:9282   .debug_str:0000000000007228 .LASF1323
C:\Users\zero6575\AppData\Local\Temp\ccKPamo1.s:8780   .debug_str:000000000000571c .LASF1324
C:\Users\zero6575\AppData\Local\Temp\ccKPamo1.s:7402   .debug_str:0000000000000c0e .LASF1325
C:\Users\zero6575\AppData\Local\Temp\ccKPamo1.s:7228   .debug_str:0000000000000445 .LASF1326
C:\Users\zero6575\AppData\Local\Temp\ccKPamo1.s:9758   .debug_str:00000000000089ab .LASF1327
C:\Users\zero6575\AppData\Local\Temp\ccKPamo1.s:9108   .debug_str:0000000000006922 .LASF439
C:\Users\zero6575\AppData\Local\Temp\ccKPamo1.s:9880   .debug_str:000000000000902a .LASF1328
C:\Users\zero6575\AppData\Local\Temp\ccKPamo1.s:9112   .debug_str:000000000000692f .LASF1329
C:\Users\zero6575\AppData\Local\Temp\ccKPamo1.s:8314   .debug_str:0000000000003e02 .LASF1330
C:\Users\zero6575\AppData\Local\Temp\ccKPamo1.s:8976   .debug_str:0000000000006222 .LASF1331
C:\Users\zero6575\AppData\Local\Temp\ccKPamo1.s:9984   .debug_str:00000000000094e8 .LASF1332
C:\Users\zero6575\AppData\Local\Temp\ccKPamo1.s:8680   .debug_str:0000000000005243 .LASF1333
C:\Users\zero6575\AppData\Local\Temp\ccKPamo1.s:8018   .debug_str:0000000000002f38 .LASF1334
C:\Users\zero6575\AppData\Local\Temp\ccKPamo1.s:7480   .debug_str:0000000000001038 .LASF1335
C:\Users\zero6575\AppData\Local\Temp\ccKPamo1.s:8990   .debug_str:000000000000628c .LASF1336
C:\Users\zero6575\AppData\Local\Temp\ccKPamo1.s:9550   .debug_str:0000000000007ee2 .LASF1337
C:\Users\zero6575\AppData\Local\Temp\ccKPamo1.s:9430   .debug_str:0000000000007848 .LASF1338
C:\Users\zero6575\AppData\Local\Temp\ccKPamo1.s:7814   .debug_str:00000000000022b0 .LASF1339
C:\Users\zero6575\AppData\Local\Temp\ccKPamo1.s:7808   .debug_str:000000000000228d .LASF1340
C:\Users\zero6575\AppData\Local\Temp\ccKPamo1.s:9442   .debug_str:00000000000078cf .LASF1341
C:\Users\zero6575\AppData\Local\Temp\ccKPamo1.s:8756   .debug_str:0000000000005623 .LASF1342
C:\Users\zero6575\AppData\Local\Temp\ccKPamo1.s:9166   .debug_str:0000000000006bf7 .LASF1343
C:\Users\zero6575\AppData\Local\Temp\ccKPamo1.s:8642   .debug_str:000000000000501e .LASF1344
C:\Users\zero6575\AppData\Local\Temp\ccKPamo1.s:9294   .debug_str:00000000000072a5 .LASF1345
C:\Users\zero6575\AppData\Local\Temp\ccKPamo1.s:8936   .debug_str:0000000000005f8d .LASF1346
C:\Users\zero6575\AppData\Local\Temp\ccKPamo1.s:7678   .debug_str:0000000000001bde .LASF1347
C:\Users\zero6575\AppData\Local\Temp\ccKPamo1.s:8824   .debug_str:0000000000005929 .LASF1348
C:\Users\zero6575\AppData\Local\Temp\ccKPamo1.s:9216   .debug_str:0000000000006e70 .LASF1349
C:\Users\zero6575\AppData\Local\Temp\ccKPamo1.s:8040   .debug_str:0000000000002fec .LASF1350
C:\Users\zero6575\AppData\Local\Temp\ccKPamo1.s:8286   .debug_str:0000000000003c8e .LASF1351
C:\Users\zero6575\AppData\Local\Temp\ccKPamo1.s:7866   .debug_str:0000000000002699 .LASF1352
C:\Users\zero6575\AppData\Local\Temp\ccKPamo1.s:8530   .debug_str:0000000000004994 .LASF1353
C:\Users\zero6575\AppData\Local\Temp\ccKPamo1.s:8884   .debug_str:0000000000005d1a .LASF1354
C:\Users\zero6575\AppData\Local\Temp\ccKPamo1.s:9298   .debug_str:00000000000072ba .LASF1436
C:\Users\zero6575\AppData\Local\Temp\ccKPamo1.s:7894   .debug_str:00000000000027e0 .LASF1355
C:\Users\zero6575\AppData\Local\Temp\ccKPamo1.s:9702   .debug_str:0000000000008643 .LASF1356
C:\Users\zero6575\AppData\Local\Temp\ccKPamo1.s:9642   .debug_str:0000000000008325 .LASF1357
C:\Users\zero6575\AppData\Local\Temp\ccKPamo1.s:9278   .debug_str:000000000000720e .LASF1358
C:\Users\zero6575\AppData\Local\Temp\ccKPamo1.s:9634   .debug_str:00000000000082c9 .LASF1359
C:\Users\zero6575\AppData\Local\Temp\ccKPamo1.s:7282   .debug_str:0000000000000654 .LASF1360
C:\Users\zero6575\AppData\Local\Temp\ccKPamo1.s:7154   .debug_str:000000000000008b .LASF1361
C:\Users\zero6575\AppData\Local\Temp\ccKPamo1.s:9682   .debug_str:000000000000855c .LASF1362
C:\Users\zero6575\AppData\Local\Temp\ccKPamo1.s:9486   .debug_str:0000000000007b2b .LASF1363
C:\Users\zero6575\AppData\Local\Temp\ccKPamo1.s:7524   .debug_str:0000000000001291 .LASF1364
C:\Users\zero6575\AppData\Local\Temp\ccKPamo1.s:9228   .debug_str:0000000000006efe .LASF1365
C:\Users\zero6575\AppData\Local\Temp\ccKPamo1.s:8640   .debug_str:0000000000004ff6 .LASF1366
C:\Users\zero6575\AppData\Local\Temp\ccKPamo1.s:9036   .debug_str:00000000000064e4 .LASF1367
C:\Users\zero6575\AppData\Local\Temp\ccKPamo1.s:8774   .debug_str:00000000000056e0 .LASF1368
C:\Users\zero6575\AppData\Local\Temp\ccKPamo1.s:8350   .debug_str:0000000000003f93 .LASF1369
C:\Users\zero6575\AppData\Local\Temp\ccKPamo1.s:7990   .debug_str:0000000000002d18 .LASF1370
C:\Users\zero6575\AppData\Local\Temp\ccKPamo1.s:9986   .debug_str:00000000000094f0 .LASF1371
C:\Users\zero6575\AppData\Local\Temp\ccKPamo1.s:9218   .debug_str:0000000000006e7d .LASF1372
C:\Users\zero6575\AppData\Local\Temp\ccKPamo1.s:8058   .debug_str:00000000000030d8 .LASF1373
C:\Users\zero6575\AppData\Local\Temp\ccKPamo1.s:7726   .debug_str:0000000000001e59 .LASF1374
C:\Users\zero6575\AppData\Local\Temp\ccKPamo1.s:7644   .debug_str:0000000000001a5e .LASF1375
C:\Users\zero6575\AppData\Local\Temp\ccKPamo1.s:9572   .debug_str:0000000000007ff3 .LASF1376
C:\Users\zero6575\AppData\Local\Temp\ccKPamo1.s:7434   .debug_str:0000000000000dbb .LASF1377
C:\Users\zero6575\AppData\Local\Temp\ccKPamo1.s:9760   .debug_str:00000000000089b3 .LASF1378
C:\Users\zero6575\AppData\Local\Temp\ccKPamo1.s:8128   .debug_str:0000000000003474 .LASF1379
C:\Users\zero6575\AppData\Local\Temp\ccKPamo1.s:7462   .debug_str:0000000000000f07 .LASF1380
C:\Users\zero6575\AppData\Local\Temp\ccKPamo1.s:9554   .debug_str:0000000000007f0c .LASF1381
C:\Users\zero6575\AppData\Local\Temp\ccKPamo1.s:7822   .debug_str:0000000000002306 .LASF1382
C:\Users\zero6575\AppData\Local\Temp\ccKPamo1.s:9714   .debug_str:00000000000086f3 .LASF1383
C:\Users\zero6575\AppData\Local\Temp\ccKPamo1.s:9292   .debug_str:0000000000007284 .LASF1384
C:\Users\zero6575\AppData\Local\Temp\ccKPamo1.s:8262   .debug_str:0000000000003b9b .LASF1385
C:\Users\zero6575\AppData\Local\Temp\ccKPamo1.s:8982   .debug_str:0000000000006240 .LASF1386
C:\Users\zero6575\AppData\Local\Temp\ccKPamo1.s:7916   .debug_str:00000000000028f4 .LASF1387
C:\Users\zero6575\AppData\Local\Temp\ccKPamo1.s:8826   .debug_str:0000000000005933 .LASF1388
C:\Users\zero6575\AppData\Local\Temp\ccKPamo1.s:8544   .debug_str:0000000000004a20 .LASF1389
C:\Users\zero6575\AppData\Local\Temp\ccKPamo1.s:9842   .debug_str:0000000000008e8d .LASF1390
C:\Users\zero6575\AppData\Local\Temp\ccKPamo1.s:9156   .debug_str:0000000000006b83 .LASF1391
C:\Users\zero6575\AppData\Local\Temp\ccKPamo1.s:8202   .debug_str:000000000000385a .LASF1392
C:\Users\zero6575\AppData\Local\Temp\ccKPamo1.s:8634   .debug_str:0000000000004fad .LASF1393
C:\Users\zero6575\AppData\Local\Temp\ccKPamo1.s:9202   .debug_str:0000000000006dc9 .LASF1394
C:\Users\zero6575\AppData\Local\Temp\ccKPamo1.s:8208   .debug_str:0000000000003898 .LASF1395
C:\Users\zero6575\AppData\Local\Temp\ccKPamo1.s:7156   .debug_str:0000000000000098 .LASF1396
C:\Users\zero6575\AppData\Local\Temp\ccKPamo1.s:8214   .debug_str:0000000000003913 .LASF1397
C:\Users\zero6575\AppData\Local\Temp\ccKPamo1.s:9672   .debug_str:00000000000084d6 .LASF1398
C:\Users\zero6575\AppData\Local\Temp\ccKPamo1.s:8748   .debug_str:00000000000055df .LASF1399
C:\Users\zero6575\AppData\Local\Temp\ccKPamo1.s:7782   .debug_str:000000000000212f .LASF1400
C:\Users\zero6575\AppData\Local\Temp\ccKPamo1.s:7528   .debug_str:00000000000012c2 .LASF1401
C:\Users\zero6575\AppData\Local\Temp\ccKPamo1.s:7516   .debug_str:000000000000121d .LASF1402
C:\Users\zero6575\AppData\Local\Temp\ccKPamo1.s:10006  .debug_str:00000000000095af .LASF1403
C:\Users\zero6575\AppData\Local\Temp\ccKPamo1.s:9026   .debug_str:000000000000648c .LASF1404
C:\Users\zero6575\AppData\Local\Temp\ccKPamo1.s:9766   .debug_str:00000000000089f5 .LASF1405
C:\Users\zero6575\AppData\Local\Temp\ccKPamo1.s:7214   .debug_str:000000000000038a .LASF1406
C:\Users\zero6575\AppData\Local\Temp\ccKPamo1.s:9628   .debug_str:0000000000008295 .LASF1407
C:\Users\zero6575\AppData\Local\Temp\ccKPamo1.s:7872   .debug_str:00000000000026c5 .LASF1408
C:\Users\zero6575\AppData\Local\Temp\ccKPamo1.s:9538   .debug_str:0000000000007e47 .LASF1409
C:\Users\zero6575\AppData\Local\Temp\ccKPamo1.s:7616   .debug_str:0000000000001915 .LASF1410
C:\Users\zero6575\AppData\Local\Temp\ccKPamo1.s:8422   .debug_str:00000000000043bc .LASF1411
C:\Users\zero6575\AppData\Local\Temp\ccKPamo1.s:7334   .debug_str:00000000000008b7 .LASF1412
C:\Users\zero6575\AppData\Local\Temp\ccKPamo1.s:9344   .debug_str:00000000000074e4 .LASF1413
C:\Users\zero6575\AppData\Local\Temp\ccKPamo1.s:7336   .debug_str:00000000000008cf .LASF1414
C:\Users\zero6575\AppData\Local\Temp\ccKPamo1.s:8618   .debug_str:0000000000004e8c .LASF1415
C:\Users\zero6575\AppData\Local\Temp\ccKPamo1.s:8386   .debug_str:0000000000004280 .LASF1416
C:\Users\zero6575\AppData\Local\Temp\ccKPamo1.s:9994   .debug_str:000000000000953b .LASF1417
C:\Users\zero6575\AppData\Local\Temp\ccKPamo1.s:7876   .debug_str:00000000000026d5 .LASF1418
C:\Users\zero6575\AppData\Local\Temp\ccKPamo1.s:9354   .debug_str:0000000000007524 .LASF1419
C:\Users\zero6575\AppData\Local\Temp\ccKPamo1.s:7436   .debug_str:0000000000000de2 .LASF1437
C:\Users\zero6575\AppData\Local\Temp\ccKPamo1.s:14     .text.Send_Device_Communication_Control_Request:0000000000000000 .LFB4
C:\Users\zero6575\AppData\Local\Temp\ccKPamo1.s:181    .text.Send_Device_Communication_Control_Request:00000000000001be .LFE4
C:\Users\zero6575\AppData\Local\Temp\ccKPamo1.s:7602   .debug_str:000000000000189f .LASF1420
C:\Users\zero6575\AppData\Local\Temp\ccKPamo1.s:10008  .debug_str:00000000000095c4 .LASF1421
C:\Users\zero6575\AppData\Local\Temp\ccKPamo1.s:8798   .debug_str:0000000000005853 .LASF1422
C:\Users\zero6575\AppData\Local\Temp\ccKPamo1.s:8430   .debug_str:000000000000444c .LASF1423
C:\Users\zero6575\AppData\Local\Temp\ccKPamo1.s:7636   .debug_str:0000000000001a0a .LASF1424
C:\Users\zero6575\AppData\Local\Temp\ccKPamo1.s:9742   .debug_str:00000000000088d2 .LASF1425
C:\Users\zero6575\AppData\Local\Temp\ccKPamo1.s:9270   .debug_str:0000000000007199 .LASF1426
C:\Users\zero6575\AppData\Local\Temp\ccKPamo1.s:7196   .debug_str:000000000000029c .LASF1427
C:\Users\zero6575\AppData\Local\Temp\ccKPamo1.s:8742   .debug_str:0000000000005582 .LASF1428
C:\Users\zero6575\AppData\Local\Temp\ccKPamo1.s:9110   .debug_str:0000000000006927 .LASF1429
C:\Users\zero6575\AppData\Local\Temp\ccKPamo1.s:8204   .debug_str:000000000000387c .LASF1430
C:\Users\zero6575\AppData\Local\Temp\ccKPamo1.s:8792   .debug_str:0000000000005814 .LASF1431
C:\Users\zero6575\AppData\Local\Temp\ccKPamo1.s:9260   .debug_str:000000000000711a .LASF1432
C:\Users\zero6575\AppData\Local\Temp\ccKPamo1.s:200    .debug_info:0000000000000000 .Ldebug_info0
C:\Users\zero6575\AppData\Local\Temp\ccKPamo1.s:3268   .debug_macro:0000000000000000 .Ldebug_macro2
C:\Users\zero6575\AppData\Local\Temp\ccKPamo1.s:4299   .debug_macro:0000000000000000 .Ldebug_macro3
C:\Users\zero6575\AppData\Local\Temp\ccKPamo1.s:9352   .debug_str:0000000000007519 .LASF395
C:\Users\zero6575\AppData\Local\Temp\ccKPamo1.s:9222   .debug_str:0000000000006ead .LASF396
C:\Users\zero6575\AppData\Local\Temp\ccKPamo1.s:9416   .debug_str:00000000000077af .LASF397
C:\Users\zero6575\AppData\Local\Temp\ccKPamo1.s:4463   .debug_macro:0000000000000000 .Ldebug_macro4
C:\Users\zero6575\AppData\Local\Temp\ccKPamo1.s:4483   .debug_macro:0000000000000000 .Ldebug_macro5
C:\Users\zero6575\AppData\Local\Temp\ccKPamo1.s:4548   .debug_macro:0000000000000000 .Ldebug_macro6
C:\Users\zero6575\AppData\Local\Temp\ccKPamo1.s:4589   .debug_macro:0000000000000000 .Ldebug_macro7
C:\Users\zero6575\AppData\Local\Temp\ccKPamo1.s:4711   .debug_macro:0000000000000000 .Ldebug_macro8
C:\Users\zero6575\AppData\Local\Temp\ccKPamo1.s:4767   .debug_macro:0000000000000000 .Ldebug_macro9
C:\Users\zero6575\AppData\Local\Temp\ccKPamo1.s:8310   .debug_str:0000000000003de4 .LASF551
C:\Users\zero6575\AppData\Local\Temp\ccKPamo1.s:4979   .debug_macro:0000000000000000 .Ldebug_macro10
C:\Users\zero6575\AppData\Local\Temp\ccKPamo1.s:8828   .debug_str:000000000000595b .LASF554
C:\Users\zero6575\AppData\Local\Temp\ccKPamo1.s:7856   .debug_str:0000000000002631 .LASF555
C:\Users\zero6575\AppData\Local\Temp\ccKPamo1.s:7562   .debug_str:00000000000016fd .LASF556
C:\Users\zero6575\AppData\Local\Temp\ccKPamo1.s:4990   .debug_macro:0000000000000000 .Ldebug_macro11
C:\Users\zero6575\AppData\Local\Temp\ccKPamo1.s:8924   .debug_str:0000000000005f12 .LASF567
C:\Users\zero6575\AppData\Local\Temp\ccKPamo1.s:5025   .debug_macro:0000000000000000 .Ldebug_macro12
C:\Users\zero6575\AppData\Local\Temp\ccKPamo1.s:5039   .debug_macro:0000000000000000 .Ldebug_macro13
C:\Users\zero6575\AppData\Local\Temp\ccKPamo1.s:5068   .debug_macro:0000000000000000 .Ldebug_macro14
C:\Users\zero6575\AppData\Local\Temp\ccKPamo1.s:5097   .debug_macro:0000000000000000 .Ldebug_macro15
C:\Users\zero6575\AppData\Local\Temp\ccKPamo1.s:5111   .debug_macro:0000000000000000 .Ldebug_macro16
C:\Users\zero6575\AppData\Local\Temp\ccKPamo1.s:9960   .debug_str:0000000000009412 .LASF592
C:\Users\zero6575\AppData\Local\Temp\ccKPamo1.s:5143   .debug_macro:0000000000000000 .Ldebug_macro17
C:\Users\zero6575\AppData\Local\Temp\ccKPamo1.s:5169   .debug_macro:0000000000000000 .Ldebug_macro18
C:\Users\zero6575\AppData\Local\Temp\ccKPamo1.s:5180   .debug_macro:0000000000000000 .Ldebug_macro19
C:\Users\zero6575\AppData\Local\Temp\ccKPamo1.s:5224   .debug_macro:0000000000000000 .Ldebug_macro20
C:\Users\zero6575\AppData\Local\Temp\ccKPamo1.s:5403   .debug_macro:0000000000000000 .Ldebug_macro21
C:\Users\zero6575\AppData\Local\Temp\ccKPamo1.s:8760   .debug_str:000000000000565f .LASF760
C:\Users\zero6575\AppData\Local\Temp\ccKPamo1.s:9242   .debug_str:0000000000007060 .LASF761
C:\Users\zero6575\AppData\Local\Temp\ccKPamo1.s:5672   .debug_macro:0000000000000000 .Ldebug_macro22
C:\Users\zero6575\AppData\Local\Temp\ccKPamo1.s:6040   .debug_macro:0000000000000000 .Ldebug_macro23
C:\Users\zero6575\AppData\Local\Temp\ccKPamo1.s:6051   .debug_macro:0000000000000000 .Ldebug_macro24
C:\Users\zero6575\AppData\Local\Temp\ccKPamo1.s:8200   .debug_str:000000000000384a .LASF884
C:\Users\zero6575\AppData\Local\Temp\ccKPamo1.s:8084   .debug_str:00000000000031fb .LASF885
C:\Users\zero6575\AppData\Local\Temp\ccKPamo1.s:7896   .debug_str:00000000000027f0 .LASF886
C:\Users\zero6575\AppData\Local\Temp\ccKPamo1.s:6077   .debug_macro:0000000000000000 .Ldebug_macro25
C:\Users\zero6575\AppData\Local\Temp\ccKPamo1.s:7690   .debug_str:0000000000001c7a .LASF928
C:\Users\zero6575\AppData\Local\Temp\ccKPamo1.s:7610   .debug_str:00000000000018f9 .LASF929
C:\Users\zero6575\AppData\Local\Temp\ccKPamo1.s:10026  .debug_str:0000000000009691 .LASF930
C:\Users\zero6575\AppData\Local\Temp\ccKPamo1.s:9882   .debug_str:0000000000009031 .LASF931
C:\Users\zero6575\AppData\Local\Temp\ccKPamo1.s:6205   .debug_macro:0000000000000000 .Ldebug_macro26
C:\Users\zero6575\AppData\Local\Temp\ccKPamo1.s:7858   .debug_str:0000000000002640 .LASF956
C:\Users\zero6575\AppData\Local\Temp\ccKPamo1.s:6282   .debug_macro:0000000000000000 .Ldebug_macro27
C:\Users\zero6575\AppData\Local\Temp\ccKPamo1.s:6302   .debug_macro:0000000000000000 .Ldebug_macro28
C:\Users\zero6575\AppData\Local\Temp\ccKPamo1.s:6316   .debug_macro:0000000000000000 .Ldebug_macro29
C:\Users\zero6575\AppData\Local\Temp\ccKPamo1.s:9812   .debug_str:0000000000008c3c .LASF968
C:\Users\zero6575\AppData\Local\Temp\ccKPamo1.s:6330   .debug_macro:0000000000000000 .Ldebug_macro30
C:\Users\zero6575\AppData\Local\Temp\ccKPamo1.s:6344   .debug_macro:0000000000000000 .Ldebug_macro31
C:\Users\zero6575\AppData\Local\Temp\ccKPamo1.s:6355   .debug_macro:0000000000000000 .Ldebug_macro32
C:\Users\zero6575\AppData\Local\Temp\ccKPamo1.s:6366   .debug_macro:0000000000000000 .Ldebug_macro33
C:\Users\zero6575\AppData\Local\Temp\ccKPamo1.s:9104   .debug_str:0000000000006905 .LASF976
C:\Users\zero6575\AppData\Local\Temp\ccKPamo1.s:6377   .debug_macro:0000000000000000 .Ldebug_macro34
C:\Users\zero6575\AppData\Local\Temp\ccKPamo1.s:6394   .debug_macro:0000000000000000 .Ldebug_macro35
C:\Users\zero6575\AppData\Local\Temp\ccKPamo1.s:9370   .debug_str:00000000000075a1 .LASF994
C:\Users\zero6575\AppData\Local\Temp\ccKPamo1.s:9806   .debug_str:0000000000008bf6 .LASF995
C:\Users\zero6575\AppData\Local\Temp\ccKPamo1.s:6438   .debug_macro:0000000000000000 .Ldebug_macro36
C:\Users\zero6575\AppData\Local\Temp\ccKPamo1.s:8690   .debug_str:000000000000528b .LASF1006
C:\Users\zero6575\AppData\Local\Temp\ccKPamo1.s:8258   .debug_str:0000000000003b74 .LASF1007
C:\Users\zero6575\AppData\Local\Temp\ccKPamo1.s:6473   .debug_macro:0000000000000000 .Ldebug_macro37
C:\Users\zero6575\AppData\Local\Temp\ccKPamo1.s:6484   .debug_macro:0000000000000000 .Ldebug_macro38
C:\Users\zero6575\AppData\Local\Temp\ccKPamo1.s:6519   .debug_macro:0000000000000000 .Ldebug_macro39
C:\Users\zero6575\AppData\Local\Temp\ccKPamo1.s:7496   .debug_str:00000000000010fb .LASF1052
C:\Users\zero6575\AppData\Local\Temp\ccKPamo1.s:6620   .debug_macro:0000000000000000 .Ldebug_macro40
C:\Users\zero6575\AppData\Local\Temp\ccKPamo1.s:6637   .debug_macro:0000000000000000 .Ldebug_macro41
C:\Users\zero6575\AppData\Local\Temp\ccKPamo1.s:7950   .debug_str:0000000000002b08 .LASF1066
C:\Users\zero6575\AppData\Local\Temp\ccKPamo1.s:6669   .debug_macro:0000000000000000 .Ldebug_macro42
C:\Users\zero6575\AppData\Local\Temp\ccKPamo1.s:6695   .debug_macro:0000000000000000 .Ldebug_macro43
C:\Users\zero6575\AppData\Local\Temp\ccKPamo1.s:9992   .debug_str:000000000000952f .LASF1080
C:\Users\zero6575\AppData\Local\Temp\ccKPamo1.s:9786   .debug_str:0000000000008b17 .LASF1081
C:\Users\zero6575\AppData\Local\Temp\ccKPamo1.s:9042   .debug_str:000000000000651f .LASF1082
C:\Users\zero6575\AppData\Local\Temp\ccKPamo1.s:8806   .debug_str:00000000000058a4 .LASF1083
C:\Users\zero6575\AppData\Local\Temp\ccKPamo1.s:9360   .debug_str:0000000000007548 .LASF1084
C:\Users\zero6575\AppData\Local\Temp\ccKPamo1.s:6718   .debug_macro:0000000000000000 .Ldebug_macro44
C:\Users\zero6575\AppData\Local\Temp\ccKPamo1.s:6852   .debug_macro:0000000000000000 .Ldebug_macro45
C:\Users\zero6575\AppData\Local\Temp\ccKPamo1.s:9848   .debug_str:0000000000008ec9 .LASF1133
C:\Users\zero6575\AppData\Local\Temp\ccKPamo1.s:6872   .debug_macro:0000000000000000 .Ldebug_macro46
C:\Users\zero6575\AppData\Local\Temp\ccKPamo1.s:9594   .debug_str:00000000000080f9 .LASF1143
C:\Users\zero6575\AppData\Local\Temp\ccKPamo1.s:7430   .debug_str:0000000000000d91 .LASF1144
C:\Users\zero6575\AppData\Local\Temp\ccKPamo1.s:9770   .debug_str:0000000000008a44 .LASF1145
C:\Users\zero6575\AppData\Local\Temp\ccKPamo1.s:8006   .debug_str:0000000000002e3b .LASF1146
C:\Users\zero6575\AppData\Local\Temp\ccKPamo1.s:8620   .debug_str:0000000000004e95 .LASF1147
C:\Users\zero6575\AppData\Local\Temp\ccKPamo1.s:6904   .debug_macro:0000000000000000 .Ldebug_macro47
C:\Users\zero6575\AppData\Local\Temp\ccKPamo1.s:8024   .debug_str:0000000000002f64 .LASF1150
C:\Users\zero6575\AppData\Local\Temp\ccKPamo1.s:6921   .debug_macro:0000000000000000 .Ldebug_macro48
C:\Users\zero6575\AppData\Local\Temp\ccKPamo1.s:6932   .debug_macro:0000000000000000 .Ldebug_macro49
C:\Users\zero6575\AppData\Local\Temp\ccKPamo1.s:6943   .debug_macro:0000000000000000 .Ldebug_macro50
C:\Users\zero6575\AppData\Local\Temp\ccKPamo1.s:6957   .debug_macro:0000000000000000 .Ldebug_macro51
C:\Users\zero6575\AppData\Local\Temp\ccKPamo1.s:9828   .debug_str:0000000000008d0f .LASF1207
C:\Users\zero6575\AppData\Local\Temp\ccKPamo1.s:9062   .debug_str:0000000000006689 .LASF1208
C:\Users\zero6575\AppData\Local\Temp\ccKPamo1.s:7109   .debug_macro:0000000000000000 .Ldebug_macro52
C:\Users\zero6575\AppData\Local\Temp\ccKPamo1.s:7188   .debug_str:00000000000001c1 .LASF1211
C:\Users\zero6575\AppData\Local\Temp\ccKPamo1.s:8782   .debug_str:0000000000005724 .LASF1212
C:\Users\zero6575\AppData\Local\Temp\ccKPamo1.s:9878   .debug_str:0000000000009023 .LASF1213
C:\Users\zero6575\AppData\Local\Temp\ccKPamo1.s:7384   .debug_str:0000000000000b31 .LASF1214
C:\Users\zero6575\AppData\Local\Temp\ccKPamo1.s:7120   .debug_macro:0000000000000000 .Ldebug_macro53
C:\Users\zero6575\AppData\Local\Temp\ccKPamo1.s:7320   .debug_str:00000000000007e0 .LASF1220
C:\Users\zero6575\AppData\Local\Temp\ccKPamo1.s:9258   .debug_str:000000000000710e .LASF1221
C:\Users\zero6575\AppData\Local\Temp\ccKPamo1.s:9318   .debug_str:00000000000073d5 .LASF1222
C:\Users\zero6575\AppData\Local\Temp\ccKPamo1.s:8324   .debug_str:0000000000003e67 .LASF1223
C:\Users\zero6575\AppData\Local\Temp\ccKPamo1.s:9272   .debug_str:00000000000071a2 .LASF1224
C:\Users\zero6575\AppData\Local\Temp\ccKPamo1.s:7958   .debug_str:0000000000002ba3 .LASF1225
C:\Users\zero6575\AppData\Local\Temp\ccKPamo1.s:8278   .debug_str:0000000000003c3e .LASF1226
C:\Users\zero6575\AppData\Local\Temp\ccKPamo1.s:9654   .debug_str:00000000000083cd .LASF1227
C:\Users\zero6575\AppData\Local\Temp\ccKPamo1.s:9048   .debug_str:000000000000658c .LASF1228
C:\Users\zero6575\AppData\Local\Temp\ccKPamo1.s:8888   .debug_str:0000000000005d64 .LASF1229
C:\Users\zero6575\AppData\Local\Temp\ccKPamo1.s:9860   .debug_str:0000000000008f59 .LASF1230
C:\Users\zero6575\AppData\Local\Temp\ccKPamo1.s:7148   .debug_str:000000000000003c .LASF1231
C:\Users\zero6575\AppData\Local\Temp\ccKPamo1.s:7304   .debug_str:00000000000006f9 .LASF1232
C:\Users\zero6575\AppData\Local\Temp\ccKPamo1.s:7212   .debug_str:000000000000037f .LASF0
C:\Users\zero6575\AppData\Local\Temp\ccKPamo1.s:9690   .debug_str:00000000000085dd .LASF1
C:\Users\zero6575\AppData\Local\Temp\ccKPamo1.s:9968   .debug_str:0000000000009469 .LASF2
C:\Users\zero6575\AppData\Local\Temp\ccKPamo1.s:7536   .debug_str:000000000000131b .LASF3
C:\Users\zero6575\AppData\Local\Temp\ccKPamo1.s:8908   .debug_str:0000000000005e16 .LASF4
C:\Users\zero6575\AppData\Local\Temp\ccKPamo1.s:9988   .debug_str:000000000000950d .LASF5
C:\Users\zero6575\AppData\Local\Temp\ccKPamo1.s:9964   .debug_str:0000000000009444 .LASF6
C:\Users\zero6575\AppData\Local\Temp\ccKPamo1.s:10022  .debug_str:000000000000966d .LASF7
C:\Users\zero6575\AppData\Local\Temp\ccKPamo1.s:9366   .debug_str:0000000000007582 .LASF8
C:\Users\zero6575\AppData\Local\Temp\ccKPamo1.s:8396   .debug_str:00000000000042e2 .LASF9
C:\Users\zero6575\AppData\Local\Temp\ccKPamo1.s:7626   .debug_str:0000000000001981 .LASF10
C:\Users\zero6575\AppData\Local\Temp\ccKPamo1.s:8330   .debug_str:0000000000003ea0 .LASF11
C:\Users\zero6575\AppData\Local\Temp\ccKPamo1.s:8474   .debug_str:00000000000046d7 .LASF12
C:\Users\zero6575\AppData\Local\Temp\ccKPamo1.s:9444   .debug_str:00000000000078d4 .LASF13
C:\Users\zero6575\AppData\Local\Temp\ccKPamo1.s:9602   .debug_str:000000000000815e .LASF14
C:\Users\zero6575\AppData\Local\Temp\ccKPamo1.s:9276   .debug_str:00000000000071f7 .LASF15
C:\Users\zero6575\AppData\Local\Temp\ccKPamo1.s:9976   .debug_str:00000000000094a4 .LASF16
C:\Users\zero6575\AppData\Local\Temp\ccKPamo1.s:8126   .debug_str:0000000000003469 .LASF17
C:\Users\zero6575\AppData\Local\Temp\ccKPamo1.s:7438   .debug_str:0000000000000e0c .LASF18
C:\Users\zero6575\AppData\Local\Temp\ccKPamo1.s:7258   .debug_str:0000000000000596 .LASF19
C:\Users\zero6575\AppData\Local\Temp\ccKPamo1.s:7954   .debug_str:0000000000002b2f .LASF20
C:\Users\zero6575\AppData\Local\Temp\ccKPamo1.s:9552   .debug_str:0000000000007ef9 .LASF21
C:\Users\zero6575\AppData\Local\Temp\ccKPamo1.s:9894   .debug_str:000000000000907f .LASF22
C:\Users\zero6575\AppData\Local\Temp\ccKPamo1.s:9376   .debug_str:00000000000075d4 .LASF23
C:\Users\zero6575\AppData\Local\Temp\ccKPamo1.s:9866   .debug_str:0000000000008f93 .LASF24
C:\Users\zero6575\AppData\Local\Temp\ccKPamo1.s:7912   .debug_str:00000000000028a6 .LASF25
C:\Users\zero6575\AppData\Local\Temp\ccKPamo1.s:8732   .debug_str:0000000000005523 .LASF26
C:\Users\zero6575\AppData\Local\Temp\ccKPamo1.s:7454   .debug_str:0000000000000eac .LASF27
C:\Users\zero6575\AppData\Local\Temp\ccKPamo1.s:7862   .debug_str:0000000000002667 .LASF28
C:\Users\zero6575\AppData\Local\Temp\ccKPamo1.s:9214   .debug_str:0000000000006e56 .LASF29
C:\Users\zero6575\AppData\Local\Temp\ccKPamo1.s:8326   .debug_str:0000000000003e73 .LASF30
C:\Users\zero6575\AppData\Local\Temp\ccKPamo1.s:8042   .debug_str:0000000000002ffa .LASF31
C:\Users\zero6575\AppData\Local\Temp\ccKPamo1.s:7152   .debug_str:000000000000005e .LASF32
C:\Users\zero6575\AppData\Local\Temp\ccKPamo1.s:9022   .debug_str:0000000000006456 .LASF33
C:\Users\zero6575\AppData\Local\Temp\ccKPamo1.s:9952   .debug_str:00000000000093ba .LASF34
C:\Users\zero6575\AppData\Local\Temp\ccKPamo1.s:9998   .debug_str:000000000000955f .LASF35
C:\Users\zero6575\AppData\Local\Temp\ccKPamo1.s:7208   .debug_str:000000000000030d .LASF36
C:\Users\zero6575\AppData\Local\Temp\ccKPamo1.s:7982   .debug_str:0000000000002caf .LASF37
C:\Users\zero6575\AppData\Local\Temp\ccKPamo1.s:7842   .debug_str:000000000000240e .LASF38
C:\Users\zero6575\AppData\Local\Temp\ccKPamo1.s:8092   .debug_str:000000000000329a .LASF39
C:\Users\zero6575\AppData\Local\Temp\ccKPamo1.s:9922   .debug_str:00000000000091ca .LASF40
C:\Users\zero6575\AppData\Local\Temp\ccKPamo1.s:9032   .debug_str:00000000000064b4 .LASF41
C:\Users\zero6575\AppData\Local\Temp\ccKPamo1.s:7448   .debug_str:0000000000000e66 .LASF42
C:\Users\zero6575\AppData\Local\Temp\ccKPamo1.s:9452   .debug_str:000000000000790e .LASF43
C:\Users\zero6575\AppData\Local\Temp\ccKPamo1.s:8154   .debug_str:00000000000035a2 .LASF44
C:\Users\zero6575\AppData\Local\Temp\ccKPamo1.s:8762   .debug_str:000000000000566b .LASF45
C:\Users\zero6575\AppData\Local\Temp\ccKPamo1.s:9530   .debug_str:0000000000007dd0 .LASF46
C:\Users\zero6575\AppData\Local\Temp\ccKPamo1.s:7520   .debug_str:000000000000124c .LASF47
C:\Users\zero6575\AppData\Local\Temp\ccKPamo1.s:7564   .debug_str:000000000000170b .LASF48
C:\Users\zero6575\AppData\Local\Temp\ccKPamo1.s:8646   .debug_str:0000000000005040 .LASF49
C:\Users\zero6575\AppData\Local\Temp\ccKPamo1.s:8106   .debug_str:0000000000003343 .LASF50
C:\Users\zero6575\AppData\Local\Temp\ccKPamo1.s:8516   .debug_str:00000000000048de .LASF51
C:\Users\zero6575\AppData\Local\Temp\ccKPamo1.s:9606   .debug_str:0000000000008196 .LASF52
C:\Users\zero6575\AppData\Local\Temp\ccKPamo1.s:9630   .debug_str:00000000000082a6 .LASF53
C:\Users\zero6575\AppData\Local\Temp\ccKPamo1.s:7416   .debug_str:0000000000000c73 .LASF54
C:\Users\zero6575\AppData\Local\Temp\ccKPamo1.s:9910   .debug_str:000000000000912c .LASF55
C:\Users\zero6575\AppData\Local\Temp\ccKPamo1.s:9118   .debug_str:000000000000696a .LASF56
C:\Users\zero6575\AppData\Local\Temp\ccKPamo1.s:8174   .debug_str:00000000000036b2 .LASF57
C:\Users\zero6575\AppData\Local\Temp\ccKPamo1.s:7944   .debug_str:0000000000002ab0 .LASF58
C:\Users\zero6575\AppData\Local\Temp\ccKPamo1.s:8890   .debug_str:0000000000005d6e .LASF59
C:\Users\zero6575\AppData\Local\Temp\ccKPamo1.s:8484   .debug_str:000000000000473b .LASF60
C:\Users\zero6575\AppData\Local\Temp\ccKPamo1.s:9484   .debug_str:0000000000007b13 .LASF61
C:\Users\zero6575\AppData\Local\Temp\ccKPamo1.s:9184   .debug_str:0000000000006cdd .LASF62
C:\Users\zero6575\AppData\Local\Temp\ccKPamo1.s:7642   .debug_str:0000000000001a3d .LASF63
C:\Users\zero6575\AppData\Local\Temp\ccKPamo1.s:7432   .debug_str:0000000000000d99 .LASF64
C:\Users\zero6575\AppData\Local\Temp\ccKPamo1.s:9224   .debug_str:0000000000006ec8 .LASF65
C:\Users\zero6575\AppData\Local\Temp\ccKPamo1.s:8536   .debug_str:00000000000049ce .LASF66
C:\Users\zero6575\AppData\Local\Temp\ccKPamo1.s:7394   .debug_str:0000000000000b9b .LASF67
C:\Users\zero6575\AppData\Local\Temp\ccKPamo1.s:7504   .debug_str:0000000000001150 .LASF68
C:\Users\zero6575\AppData\Local\Temp\ccKPamo1.s:8294   .debug_str:0000000000003cda .LASF69
C:\Users\zero6575\AppData\Local\Temp\ccKPamo1.s:8758   .debug_str:000000000000562d .LASF70
C:\Users\zero6575\AppData\Local\Temp\ccKPamo1.s:8514   .debug_str:00000000000048c7 .LASF71
C:\Users\zero6575\AppData\Local\Temp\ccKPamo1.s:8270   .debug_str:0000000000003bf1 .LASF72
C:\Users\zero6575\AppData\Local\Temp\ccKPamo1.s:7392   .debug_str:0000000000000b87 .LASF73
C:\Users\zero6575\AppData\Local\Temp\ccKPamo1.s:8512   .debug_str:00000000000048b0 .LASF74
C:\Users\zero6575\AppData\Local\Temp\ccKPamo1.s:8654   .debug_str:0000000000005093 .LASF75
C:\Users\zero6575\AppData\Local\Temp\ccKPamo1.s:9060   .debug_str:0000000000006662 .LASF76
C:\Users\zero6575\AppData\Local\Temp\ccKPamo1.s:9052   .debug_str:00000000000065d5 .LASF77
C:\Users\zero6575\AppData\Local\Temp\ccKPamo1.s:7310   .debug_str:0000000000000727 .LASF78
C:\Users\zero6575\AppData\Local\Temp\ccKPamo1.s:7804   .debug_str:000000000000223a .LASF79
C:\Users\zero6575\AppData\Local\Temp\ccKPamo1.s:8538   .debug_str:00000000000049f5 .LASF80
C:\Users\zero6575\AppData\Local\Temp\ccKPamo1.s:7202   .debug_str:00000000000002cd .LASF81
C:\Users\zero6575\AppData\Local\Temp\ccKPamo1.s:7512   .debug_str:00000000000011e2 .LASF82
C:\Users\zero6575\AppData\Local\Temp\ccKPamo1.s:8320   .debug_str:0000000000003e4e .LASF83
C:\Users\zero6575\AppData\Local\Temp\ccKPamo1.s:7292   .debug_str:0000000000000683 .LASF84
C:\Users\zero6575\AppData\Local\Temp\ccKPamo1.s:8104   .debug_str:0000000000003332 .LASF85
C:\Users\zero6575\AppData\Local\Temp\ccKPamo1.s:9556   .debug_str:0000000000007f3c .LASF86
C:\Users\zero6575\AppData\Local\Temp\ccKPamo1.s:9100   .debug_str:00000000000068dd .LASF87
C:\Users\zero6575\AppData\Local\Temp\ccKPamo1.s:8966   .debug_str:0000000000006151 .LASF88
C:\Users\zero6575\AppData\Local\Temp\ccKPamo1.s:8802   .debug_str:000000000000587e .LASF89
C:\Users\zero6575\AppData\Local\Temp\ccKPamo1.s:7920   .debug_str:0000000000002952 .LASF90
C:\Users\zero6575\AppData\Local\Temp\ccKPamo1.s:8022   .debug_str:0000000000002f52 .LASF91
C:\Users\zero6575\AppData\Local\Temp\ccKPamo1.s:9780   .debug_str:0000000000008a97 .LASF92
C:\Users\zero6575\AppData\Local\Temp\ccKPamo1.s:7660   .debug_str:0000000000001aed .LASF93
C:\Users\zero6575\AppData\Local\Temp\ccKPamo1.s:8402   .debug_str:000000000000431c .LASF94
C:\Users\zero6575\AppData\Local\Temp\ccKPamo1.s:9990   .debug_str:0000000000009518 .LASF95
C:\Users\zero6575\AppData\Local\Temp\ccKPamo1.s:8376   .debug_str:0000000000004204 .LASF96
C:\Users\zero6575\AppData\Local\Temp\ccKPamo1.s:7906   .debug_str:000000000000287a .LASF97
C:\Users\zero6575\AppData\Local\Temp\ccKPamo1.s:9230   .debug_str:0000000000006f1f .LASF98
C:\Users\zero6575\AppData\Local\Temp\ccKPamo1.s:9174   .debug_str:0000000000006c3b .LASF99
C:\Users\zero6575\AppData\Local\Temp\ccKPamo1.s:8542   .debug_str:0000000000004a0e .LASF100
C:\Users\zero6575\AppData\Local\Temp\ccKPamo1.s:7722   .debug_str:0000000000001e2d .LASF101
C:\Users\zero6575\AppData\Local\Temp\ccKPamo1.s:7418   .debug_str:0000000000000c91 .LASF102
C:\Users\zero6575\AppData\Local\Temp\ccKPamo1.s:8476   .debug_str:00000000000046ea .LASF103
C:\Users\zero6575\AppData\Local\Temp\ccKPamo1.s:9562   .debug_str:0000000000007f73 .LASF104
C:\Users\zero6575\AppData\Local\Temp\ccKPamo1.s:9788   .debug_str:0000000000008b24 .LASF105
C:\Users\zero6575\AppData\Local\Temp\ccKPamo1.s:8930   .debug_str:0000000000005f4c .LASF106
C:\Users\zero6575\AppData\Local\Temp\ccKPamo1.s:7590   .debug_str:0000000000001809 .LASF107
C:\Users\zero6575\AppData\Local\Temp\ccKPamo1.s:8032   .debug_str:0000000000002fa2 .LASF108
C:\Users\zero6575\AppData\Local\Temp\ccKPamo1.s:7592   .debug_str:000000000000182d .LASF109
C:\Users\zero6575\AppData\Local\Temp\ccKPamo1.s:8480   .debug_str:000000000000471a .LASF110
C:\Users\zero6575\AppData\Local\Temp\ccKPamo1.s:7538   .debug_str:000000000000132d .LASF111
C:\Users\zero6575\AppData\Local\Temp\ccKPamo1.s:9534   .debug_str:0000000000007dff .LASF112
C:\Users\zero6575\AppData\Local\Temp\ccKPamo1.s:7370   .debug_str:0000000000000a5a .LASF113
C:\Users\zero6575\AppData\Local\Temp\ccKPamo1.s:8918   .debug_str:0000000000005ed0 .LASF114
C:\Users\zero6575\AppData\Local\Temp\ccKPamo1.s:8050   .debug_str:00000000000030a6 .LASF115
C:\Users\zero6575\AppData\Local\Temp\ccKPamo1.s:8488   .debug_str:000000000000476d .LASF116
C:\Users\zero6575\AppData\Local\Temp\ccKPamo1.s:8380   .debug_str:0000000000004225 .LASF117
C:\Users\zero6575\AppData\Local\Temp\ccKPamo1.s:10010  .debug_str:00000000000095d1 .LASF118
C:\Users\zero6575\AppData\Local\Temp\ccKPamo1.s:8384   .debug_str:0000000000004267 .LASF119
C:\Users\zero6575\AppData\Local\Temp\ccKPamo1.s:10000  .debug_str:0000000000009579 .LASF120
C:\Users\zero6575\AppData\Local\Temp\ccKPamo1.s:7830   .debug_str:0000000000002393 .LASF121
C:\Users\zero6575\AppData\Local\Temp\ccKPamo1.s:7886   .debug_str:0000000000002744 .LASF122
C:\Users\zero6575\AppData\Local\Temp\ccKPamo1.s:7464   .debug_str:0000000000000f29 .LASF123
C:\Users\zero6575\AppData\Local\Temp\ccKPamo1.s:7704   .debug_str:0000000000001d47 .LASF124
C:\Users\zero6575\AppData\Local\Temp\ccKPamo1.s:8842   .debug_str:0000000000005a31 .LASF125
C:\Users\zero6575\AppData\Local\Temp\ccKPamo1.s:7826   .debug_str:000000000000234f .LASF126
C:\Users\zero6575\AppData\Local\Temp\ccKPamo1.s:9900   .debug_str:00000000000090a9 .LASF127
C:\Users\zero6575\AppData\Local\Temp\ccKPamo1.s:7720   .debug_str:0000000000001e10 .LASF128
C:\Users\zero6575\AppData\Local\Temp\ccKPamo1.s:7724   .debug_str:0000000000001e42 .LASF129
C:\Users\zero6575\AppData\Local\Temp\ccKPamo1.s:7166   .debug_str:00000000000000db .LASF130
C:\Users\zero6575\AppData\Local\Temp\ccKPamo1.s:7298   .debug_str:00000000000006b9 .LASF131
C:\Users\zero6575\AppData\Local\Temp\ccKPamo1.s:8302   .debug_str:0000000000003d29 .LASF132
C:\Users\zero6575\AppData\Local\Temp\ccKPamo1.s:8340   .debug_str:0000000000003ee9 .LASF133
C:\Users\zero6575\AppData\Local\Temp\ccKPamo1.s:7762   .debug_str:0000000000002038 .LASF134
C:\Users\zero6575\AppData\Local\Temp\ccKPamo1.s:8248   .debug_str:0000000000003ae2 .LASF135
C:\Users\zero6575\AppData\Local\Temp\ccKPamo1.s:8600   .debug_str:0000000000004d78 .LASF136
C:\Users\zero6575\AppData\Local\Temp\ccKPamo1.s:8570   .debug_str:0000000000004bdb .LASF137
C:\Users\zero6575\AppData\Local\Temp\ccKPamo1.s:9378   .debug_str:00000000000075e8 .LASF138
C:\Users\zero6575\AppData\Local\Temp\ccKPamo1.s:7380   .debug_str:0000000000000aca .LASF139
C:\Users\zero6575\AppData\Local\Temp\ccKPamo1.s:7792   .debug_str:00000000000021b6 .LASF140
C:\Users\zero6575\AppData\Local\Temp\ccKPamo1.s:9210   .debug_str:0000000000006e2f .LASF141
C:\Users\zero6575\AppData\Local\Temp\ccKPamo1.s:9088   .debug_str:00000000000067d0 .LASF142
C:\Users\zero6575\AppData\Local\Temp\ccKPamo1.s:8432   .debug_str:0000000000004455 .LASF143
C:\Users\zero6575\AppData\Local\Temp\ccKPamo1.s:7682   .debug_str:0000000000001c05 .LASF144
C:\Users\zero6575\AppData\Local\Temp\ccKPamo1.s:8534   .debug_str:00000000000049b8 .LASF145
C:\Users\zero6575\AppData\Local\Temp\ccKPamo1.s:8066   .debug_str:0000000000003133 .LASF146
C:\Users\zero6575\AppData\Local\Temp\ccKPamo1.s:9836   .debug_str:0000000000008e45 .LASF147
C:\Users\zero6575\AppData\Local\Temp\ccKPamo1.s:8048   .debug_str:0000000000003096 .LASF148
C:\Users\zero6575\AppData\Local\Temp\ccKPamo1.s:7998   .debug_str:0000000000002d87 .LASF149
C:\Users\zero6575\AppData\Local\Temp\ccKPamo1.s:7408   .debug_str:0000000000000c26 .LASF150
C:\Users\zero6575\AppData\Local\Temp\ccKPamo1.s:8036   .debug_str:0000000000002fcb .LASF151
C:\Users\zero6575\AppData\Local\Temp\ccKPamo1.s:7756   .debug_str:0000000000002007 .LASF152
C:\Users\zero6575\AppData\Local\Temp\ccKPamo1.s:7620   .debug_str:0000000000001935 .LASF153
C:\Users\zero6575\AppData\Local\Temp\ccKPamo1.s:7176   .debug_str:0000000000000132 .LASF154
C:\Users\zero6575\AppData\Local\Temp\ccKPamo1.s:9250   .debug_str:00000000000070c7 .LASF155
C:\Users\zero6575\AppData\Local\Temp\ccKPamo1.s:9098   .debug_str:00000000000068a6 .LASF156
C:\Users\zero6575\AppData\Local\Temp\ccKPamo1.s:9946   .debug_str:000000000000933c .LASF157
C:\Users\zero6575\AppData\Local\Temp\ccKPamo1.s:7806   .debug_str:0000000000002253 .LASF158
C:\Users\zero6575\AppData\Local\Temp\ccKPamo1.s:9822   .debug_str:0000000000008c7f .LASF159
C:\Users\zero6575\AppData\Local\Temp\ccKPamo1.s:9874   .debug_str:0000000000008feb .LASF160
C:\Users\zero6575\AppData\Local\Temp\ccKPamo1.s:7302   .debug_str:00000000000006e2 .LASF161
C:\Users\zero6575\AppData\Local\Temp\ccKPamo1.s:8308   .debug_str:0000000000003dcc .LASF162
C:\Users\zero6575\AppData\Local\Temp\ccKPamo1.s:7766   .debug_str:0000000000002067 .LASF163
C:\Users\zero6575\AppData\Local\Temp\ccKPamo1.s:7652   .debug_str:0000000000001aba .LASF164
C:\Users\zero6575\AppData\Local\Temp\ccKPamo1.s:9666   .debug_str:0000000000008487 .LASF165
C:\Users\zero6575\AppData\Local\Temp\ccKPamo1.s:7742   .debug_str:0000000000001f42 .LASF166
C:\Users\zero6575\AppData\Local\Temp\ccKPamo1.s:7880   .debug_str:0000000000002712 .LASF167
C:\Users\zero6575\AppData\Local\Temp\ccKPamo1.s:7234   .debug_str:0000000000000464 .LASF168
C:\Users\zero6575\AppData\Local\Temp\ccKPamo1.s:7952   .debug_str:0000000000002b18 .LASF169
C:\Users\zero6575\AppData\Local\Temp\ccKPamo1.s:9794   .debug_str:0000000000008b59 .LASF170
C:\Users\zero6575\AppData\Local\Temp\ccKPamo1.s:7248   .debug_str:00000000000004f9 .LASF171
C:\Users\zero6575\AppData\Local\Temp\ccKPamo1.s:7506   .debug_str:0000000000001173 .LASF172
C:\Users\zero6575\AppData\Local\Temp\ccKPamo1.s:8426   .debug_str:00000000000043f7 .LASF173
C:\Users\zero6575\AppData\Local\Temp\ccKPamo1.s:8926   .debug_str:0000000000005f24 .LASF174
C:\Users\zero6575\AppData\Local\Temp\ccKPamo1.s:7378   .debug_str:0000000000000ab3 .LASF175
C:\Users\zero6575\AppData\Local\Temp\ccKPamo1.s:9810   .debug_str:0000000000008c24 .LASF176
C:\Users\zero6575\AppData\Local\Temp\ccKPamo1.s:9908   .debug_str:0000000000009116 .LASF177
C:\Users\zero6575\AppData\Local\Temp\ccKPamo1.s:7348   .debug_str:00000000000009b6 .LASF178
C:\Users\zero6575\AppData\Local\Temp\ccKPamo1.s:8264   .debug_str:0000000000003bbd .LASF179
C:\Users\zero6575\AppData\Local\Temp\ccKPamo1.s:9914   .debug_str:0000000000009167 .LASF180
C:\Users\zero6575\AppData\Local\Temp\ccKPamo1.s:9954   .debug_str:00000000000093da .LASF181
C:\Users\zero6575\AppData\Local\Temp\ccKPamo1.s:8666   .debug_str:00000000000051bf .LASF182
C:\Users\zero6575\AppData\Local\Temp\ccKPamo1.s:7740   .debug_str:0000000000001f2f .LASF183
C:\Users\zero6575\AppData\Local\Temp\ccKPamo1.s:7596   .debug_str:0000000000001854 .LASF184
C:\Users\zero6575\AppData\Local\Temp\ccKPamo1.s:9000   .debug_str:0000000000006363 .LASF185
C:\Users\zero6575\AppData\Local\Temp\ccKPamo1.s:8250   .debug_str:0000000000003afa .LASF186
C:\Users\zero6575\AppData\Local\Temp\ccKPamo1.s:9824   .debug_str:0000000000008cbd .LASF187
C:\Users\zero6575\AppData\Local\Temp\ccKPamo1.s:9396   .debug_str:00000000000076cc .LASF188
C:\Users\zero6575\AppData\Local\Temp\ccKPamo1.s:8812   .debug_str:00000000000058ca .LASF189
C:\Users\zero6575\AppData\Local\Temp\ccKPamo1.s:9840   .debug_str:0000000000008e75 .LASF190
C:\Users\zero6575\AppData\Local\Temp\ccKPamo1.s:9124   .debug_str:00000000000069c4 .LASF191
C:\Users\zero6575\AppData\Local\Temp\ccKPamo1.s:7640   .debug_str:0000000000001a27 .LASF192
C:\Users\zero6575\AppData\Local\Temp\ccKPamo1.s:7582   .debug_str:00000000000017dc .LASF193
C:\Users\zero6575\AppData\Local\Temp\ccKPamo1.s:7734   .debug_str:0000000000001ec1 .LASF194
C:\Users\zero6575\AppData\Local\Temp\ccKPamo1.s:7526   .debug_str:00000000000012a7 .LASF195
C:\Users\zero6575\AppData\Local\Temp\ccKPamo1.s:7224   .debug_str:0000000000000414 .LASF196
C:\Users\zero6575\AppData\Local\Temp\ccKPamo1.s:8786   .debug_str:00000000000057b7 .LASF197
C:\Users\zero6575\AppData\Local\Temp\ccKPamo1.s:7964   .debug_str:0000000000002bdb .LASF198
C:\Users\zero6575\AppData\Local\Temp\ccKPamo1.s:7980   .debug_str:0000000000002c74 .LASF199
C:\Users\zero6575\AppData\Local\Temp\ccKPamo1.s:9382   .debug_str:000000000000761c .LASF200
C:\Users\zero6575\AppData\Local\Temp\ccKPamo1.s:9600   .debug_str:0000000000008120 .LASF201
C:\Users\zero6575\AppData\Local\Temp\ccKPamo1.s:7398   .debug_str:0000000000000bc1 .LASF202
C:\Users\zero6575\AppData\Local\Temp\ccKPamo1.s:8992   .debug_str:0000000000006297 .LASF203
C:\Users\zero6575\AppData\Local\Temp\ccKPamo1.s:7184   .debug_str:0000000000000190 .LASF204
C:\Users\zero6575\AppData\Local\Temp\ccKPamo1.s:9744   .debug_str:00000000000088dd .LASF205
C:\Users\zero6575\AppData\Local\Temp\ccKPamo1.s:7172   .debug_str:0000000000000113 .LASF206
C:\Users\zero6575\AppData\Local\Temp\ccKPamo1.s:9324   .debug_str:0000000000007412 .LASF207
C:\Users\zero6575\AppData\Local\Temp\ccKPamo1.s:9482   .debug_str:0000000000007af9 .LASF208
C:\Users\zero6575\AppData\Local\Temp\ccKPamo1.s:7198   .debug_str:00000000000002a6 .LASF209
C:\Users\zero6575\AppData\Local\Temp\ccKPamo1.s:8844   .debug_str:0000000000005a46 .LASF210
C:\Users\zero6575\AppData\Local\Temp\ccKPamo1.s:8932   .debug_str:0000000000005f67 .LASF211
C:\Users\zero6575\AppData\Local\Temp\ccKPamo1.s:9590   .debug_str:00000000000080b9 .LASF212
C:\Users\zero6575\AppData\Local\Temp\ccKPamo1.s:8580   .debug_str:0000000000004c57 .LASF213
C:\Users\zero6575\AppData\Local\Temp\ccKPamo1.s:8970   .debug_str:0000000000006173 .LASF214
C:\Users\zero6575\AppData\Local\Temp\ccKPamo1.s:8788   .debug_str:00000000000057cf .LASF215
C:\Users\zero6575\AppData\Local\Temp\ccKPamo1.s:9134   .debug_str:0000000000006a69 .LASF216
C:\Users\zero6575\AppData\Local\Temp\ccKPamo1.s:9870   .debug_str:0000000000008fba .LASF217
C:\Users\zero6575\AppData\Local\Temp\ccKPamo1.s:8318   .debug_str:0000000000003e35 .LASF218
C:\Users\zero6575\AppData\Local\Temp\ccKPamo1.s:8008   .debug_str:0000000000002e4c .LASF219
C:\Users\zero6575\AppData\Local\Temp\ccKPamo1.s:9580   .debug_str:0000000000008048 .LASF220
C:\Users\zero6575\AppData\Local\Temp\ccKPamo1.s:8156   .debug_str:00000000000035bb .LASF221
C:\Users\zero6575\AppData\Local\Temp\ccKPamo1.s:7532   .debug_str:00000000000012ed .LASF222
C:\Users\zero6575\AppData\Local\Temp\ccKPamo1.s:7306   .debug_str:0000000000000700 .LASF223
C:\Users\zero6575\AppData\Local\Temp\ccKPamo1.s:9266   .debug_str:0000000000007176 .LASF224
C:\Users\zero6575\AppData\Local\Temp\ccKPamo1.s:7984   .debug_str:0000000000002cca .LASF225
C:\Users\zero6575\AppData\Local\Temp\ccKPamo1.s:9872   .debug_str:0000000000008fd1 .LASF226
C:\Users\zero6575\AppData\Local\Temp\ccKPamo1.s:8080   .debug_str:00000000000031ac .LASF227
C:\Users\zero6575\AppData\Local\Temp\ccKPamo1.s:7420   .debug_str:0000000000000caa .LASF228
C:\Users\zero6575\AppData\Local\Temp\ccKPamo1.s:8702   .debug_str:00000000000053a7 .LASF229
C:\Users\zero6575\AppData\Local\Temp\ccKPamo1.s:9274   .debug_str:00000000000071b1 .LASF230
C:\Users\zero6575\AppData\Local\Temp\ccKPamo1.s:8498   .debug_str:00000000000047fc .LASF231
C:\Users\zero6575\AppData\Local\Temp\ccKPamo1.s:9546   .debug_str:0000000000007e9a .LASF232
C:\Users\zero6575\AppData\Local\Temp\ccKPamo1.s:9718   .debug_str:0000000000008728 .LASF233
C:\Users\zero6575\AppData\Local\Temp\ccKPamo1.s:8096   .debug_str:00000000000032c9 .LASF234
C:\Users\zero6575\AppData\Local\Temp\ccKPamo1.s:8056   .debug_str:00000000000030c6 .LASF235
C:\Users\zero6575\AppData\Local\Temp\ccKPamo1.s:9510   .debug_str:0000000000007cd6 .LASF236
C:\Users\zero6575\AppData\Local\Temp\ccKPamo1.s:9830   .debug_str:0000000000008d1b .LASF237
C:\Users\zero6575\AppData\Local\Temp\ccKPamo1.s:7898   .debug_str:00000000000027ff .LASF238
C:\Users\zero6575\AppData\Local\Temp\ccKPamo1.s:7442   .debug_str:0000000000000e35 .LASF239
C:\Users\zero6575\AppData\Local\Temp\ccKPamo1.s:8142   .debug_str:0000000000003523 .LASF240
C:\Users\zero6575\AppData\Local\Temp\ccKPamo1.s:9246   .debug_str:000000000000707a .LASF241
C:\Users\zero6575\AppData\Local\Temp\ccKPamo1.s:9648   .debug_str:0000000000008373 .LASF242
C:\Users\zero6575\AppData\Local\Temp\ccKPamo1.s:8954   .debug_str:0000000000006074 .LASF243
C:\Users\zero6575\AppData\Local\Temp\ccKPamo1.s:7752   .debug_str:0000000000001f9c .LASF244
C:\Users\zero6575\AppData\Local\Temp\ccKPamo1.s:8946   .debug_str:0000000000006029 .LASF245
C:\Users\zero6575\AppData\Local\Temp\ccKPamo1.s:7340   .debug_str:0000000000000903 .LASF246
C:\Users\zero6575\AppData\Local\Temp\ccKPamo1.s:9658   .debug_str:000000000000843b .LASF247
C:\Users\zero6575\AppData\Local\Temp\ccKPamo1.s:9150   .debug_str:0000000000006b3f .LASF248
C:\Users\zero6575\AppData\Local\Temp\ccKPamo1.s:8752   .debug_str:0000000000005603 .LASF249
C:\Users\zero6575\AppData\Local\Temp\ccKPamo1.s:9668   .debug_str:000000000000849f .LASF250
C:\Users\zero6575\AppData\Local\Temp\ccKPamo1.s:7816   .debug_str:00000000000022b8 .LASF251
C:\Users\zero6575\AppData\Local\Temp\ccKPamo1.s:9066   .debug_str:00000000000066bc .LASF252
C:\Users\zero6575\AppData\Local\Temp\ccKPamo1.s:7960   .debug_str:0000000000002bb4 .LASF253
C:\Users\zero6575\AppData\Local\Temp\ccKPamo1.s:9364   .debug_str:0000000000007568 .LASF254
C:\Users\zero6575\AppData\Local\Temp\ccKPamo1.s:7918   .debug_str:0000000000002913 .LASF255
C:\Users\zero6575\AppData\Local\Temp\ccKPamo1.s:8510   .debug_str:0000000000004871 .LASF256
C:\Users\zero6575\AppData\Local\Temp\ccKPamo1.s:9264   .debug_str:0000000000007135 .LASF257
C:\Users\zero6575\AppData\Local\Temp\ccKPamo1.s:10012  .debug_str:00000000000095e5 .LASF258
C:\Users\zero6575\AppData\Local\Temp\ccKPamo1.s:9220   .debug_str:0000000000006e95 .LASF259
C:\Users\zero6575\AppData\Local\Temp\ccKPamo1.s:8728   .debug_str:00000000000054f4 .LASF260
C:\Users\zero6575\AppData\Local\Temp\ccKPamo1.s:7150   .debug_str:0000000000000043 .LASF261
C:\Users\zero6575\AppData\Local\Temp\ccKPamo1.s:9816   .debug_str:0000000000008c51 .LASF262
C:\Users\zero6575\AppData\Local\Temp\ccKPamo1.s:8632   .debug_str:0000000000004f95 .LASF263
C:\Users\zero6575\AppData\Local\Temp\ccKPamo1.s:8686   .debug_str:0000000000005268 .LASF264
C:\Users\zero6575\AppData\Local\Temp\ccKPamo1.s:9588   .debug_str:00000000000080a3 .LASF265
C:\Users\zero6575\AppData\Local\Temp\ccKPamo1.s:9706   .debug_str:0000000000008668 .LASF266
C:\Users\zero6575\AppData\Local\Temp\ccKPamo1.s:7788   .debug_str:000000000000218f .LASF267
C:\Users\zero6575\AppData\Local\Temp\ccKPamo1.s:8088   .debug_str:000000000000321b .LASF268
C:\Users\zero6575\AppData\Local\Temp\ccKPamo1.s:8306   .debug_str:0000000000003db6 .LASF269
C:\Users\zero6575\AppData\Local\Temp\ccKPamo1.s:7314   .debug_str:0000000000000756 .LASF270
C:\Users\zero6575\AppData\Local\Temp\ccKPamo1.s:8796   .debug_str:000000000000583d .LASF271
C:\Users\zero6575\AppData\Local\Temp\ccKPamo1.s:9532   .debug_str:0000000000007de8 .LASF272
C:\Users\zero6575\AppData\Local\Temp\ccKPamo1.s:9330   .debug_str:000000000000745b .LASF273
C:\Users\zero6575\AppData\Local\Temp\ccKPamo1.s:8678   .debug_str:0000000000005229 .LASF274
C:\Users\zero6575\AppData\Local\Temp\ccKPamo1.s:8910   .debug_str:0000000000005e28 .LASF275
C:\Users\zero6575\AppData\Local\Temp\ccKPamo1.s:7388   .debug_str:0000000000000b47 .LASF276
C:\Users\zero6575\AppData\Local\Temp\ccKPamo1.s:7226   .debug_str:000000000000042a .LASF277
C:\Users\zero6575\AppData\Local\Temp\ccKPamo1.s:8210   .debug_str:00000000000038ae .LASF278
C:\Users\zero6575\AppData\Local\Temp\ccKPamo1.s:9582   .debug_str:0000000000008060 .LASF279
C:\Users\zero6575\AppData\Local\Temp\ccKPamo1.s:7914   .debug_str:00000000000028ba .LASF280
C:\Users\zero6575\AppData\Local\Temp\ccKPamo1.s:8000   .debug_str:0000000000002d9b .LASF281
C:\Users\zero6575\AppData\Local\Temp\ccKPamo1.s:9768   .debug_str:00000000000089ff .LASF282
C:\Users\zero6575\AppData\Local\Temp\ccKPamo1.s:8854   .debug_str:0000000000005b83 .LASF283
C:\Users\zero6575\AppData\Local\Temp\ccKPamo1.s:7696   .debug_str:0000000000001cee .LASF284
C:\Users\zero6575\AppData\Local\Temp\ccKPamo1.s:8950   .debug_str:0000000000006053 .LASF285
C:\Users\zero6575\AppData\Local\Temp\ccKPamo1.s:9818   .debug_str:0000000000008c66 .LASF286
C:\Users\zero6575\AppData\Local\Temp\ccKPamo1.s:9456   .debug_str:000000000000794b .LASF287
C:\Users\zero6575\AppData\Local\Temp\ccKPamo1.s:8800   .debug_str:0000000000005859 .LASF288
C:\Users\zero6575\AppData\Local\Temp\ccKPamo1.s:9328   .debug_str:000000000000743d .LASF289
C:\Users\zero6575\AppData\Local\Temp\ccKPamo1.s:7428   .debug_str:0000000000000d73 .LASF290
C:\Users\zero6575\AppData\Local\Temp\ccKPamo1.s:8944   .debug_str:0000000000006007 .LASF291
C:\Users\zero6575\AppData\Local\Temp\ccKPamo1.s:8148   .debug_str:000000000000355b .LASF292
C:\Users\zero6575\AppData\Local\Temp\ccKPamo1.s:9624   .debug_str:0000000000008261 .LASF293
C:\Users\zero6575\AppData\Local\Temp\ccKPamo1.s:9012   .debug_str:00000000000063e3 .LASF294
C:\Users\zero6575\AppData\Local\Temp\ccKPamo1.s:8840   .debug_str:0000000000005a14 .LASF295
C:\Users\zero6575\AppData\Local\Temp\ccKPamo1.s:8186   .debug_str:00000000000037d3 .LASF296
C:\Users\zero6575\AppData\Local\Temp\ccKPamo1.s:9092   .debug_str:000000000000680e .LASF297
C:\Users\zero6575\AppData\Local\Temp\ccKPamo1.s:7820   .debug_str:00000000000022e2 .LASF298
C:\Users\zero6575\AppData\Local\Temp\ccKPamo1.s:8768   .debug_str:00000000000056a4 .LASF299
C:\Users\zero6575\AppData\Local\Temp\ccKPamo1.s:8272   .debug_str:0000000000003c04 .LASF300
C:\Users\zero6575\AppData\Local\Temp\ccKPamo1.s:7466   .debug_str:0000000000000f39 .LASF301
C:\Users\zero6575\AppData\Local\Temp\ccKPamo1.s:8704   .debug_str:00000000000053e8 .LASF302
C:\Users\zero6575\AppData\Local\Temp\ccKPamo1.s:8532   .debug_str:00000000000049a3 .LASF303
C:\Users\zero6575\AppData\Local\Temp\ccKPamo1.s:8502   .debug_str:0000000000004822 .LASF304
C:\Users\zero6575\AppData\Local\Temp\ccKPamo1.s:9636   .debug_str:00000000000082dc .LASF305
C:\Users\zero6575\AppData\Local\Temp\ccKPamo1.s:9182   .debug_str:0000000000006cd3 .LASF306
C:\Users\zero6575\AppData\Local\Temp\ccKPamo1.s:9362   .debug_str:0000000000007553 .LASF307
C:\Users\zero6575\AppData\Local\Temp\ccKPamo1.s:8140   .debug_str:0000000000003512 .LASF308
C:\Users\zero6575\AppData\Local\Temp\ccKPamo1.s:9438   .debug_str:0000000000007896 .LASF309
C:\Users\zero6575\AppData\Local\Temp\ccKPamo1.s:7628   .debug_str:0000000000001994 .LASF310
C:\Users\zero6575\AppData\Local\Temp\ccKPamo1.s:7570   .debug_str:0000000000001750 .LASF311
C:\Users\zero6575\AppData\Local\Temp\ccKPamo1.s:9920   .debug_str:00000000000091ba .LASF312
C:\Users\zero6575\AppData\Local\Temp\ccKPamo1.s:8794   .debug_str:0000000000005824 .LASF313
C:\Users\zero6575\AppData\Local\Temp\ccKPamo1.s:7374   .debug_str:0000000000000a7e .LASF314
C:\Users\zero6575\AppData\Local\Temp\ccKPamo1.s:7250   .debug_str:000000000000053b .LASF315
C:\Users\zero6575\AppData\Local\Temp\ccKPamo1.s:7614   .debug_str:000000000000190f .LASF316
C:\Users\zero6575\AppData\Local\Temp\ccKPamo1.s:8298   .debug_str:0000000000003d0d .LASF317
C:\Users\zero6575\AppData\Local\Temp\ccKPamo1.s:9570   .debug_str:0000000000007fdd .LASF318
C:\Users\zero6575\AppData\Local\Temp\ccKPamo1.s:7236   .debug_str:000000000000047b .LASF319
C:\Users\zero6575\AppData\Local\Temp\ccKPamo1.s:7668   .debug_str:0000000000001b53 .LASF320
C:\Users\zero6575\AppData\Local\Temp\ccKPamo1.s:9286   .debug_str:000000000000723e .LASF321
C:\Users\zero6575\AppData\Local\Temp\ccKPamo1.s:7386   .debug_str:0000000000000b3d .LASF322
C:\Users\zero6575\AppData\Local\Temp\ccKPamo1.s:9034   .debug_str:00000000000064d1 .LASF323
C:\Users\zero6575\AppData\Local\Temp\ccKPamo1.s:9502   .debug_str:0000000000007c78 .LASF324
C:\Users\zero6575\AppData\Local\Temp\ccKPamo1.s:9684   .debug_str:0000000000008566 .LASF325
C:\Users\zero6575\AppData\Local\Temp\ccKPamo1.s:8280   .debug_str:0000000000003c53 .LASF326
C:\Users\zero6575\AppData\Local\Temp\ccKPamo1.s:9826   .debug_str:0000000000008cf9 .LASF327
C:\Users\zero6575\AppData\Local\Temp\ccKPamo1.s:7988   .debug_str:0000000000002d03 .LASF328
C:\Users\zero6575\AppData\Local\Temp\ccKPamo1.s:9372   .debug_str:00000000000075b0 .LASF329
C:\Users\zero6575\AppData\Local\Temp\ccKPamo1.s:9226   .debug_str:0000000000006eea .LASF330
C:\Users\zero6575\AppData\Local\Temp\ccKPamo1.s:8356   .debug_str:0000000000003fcb .LASF331
C:\Users\zero6575\AppData\Local\Temp\ccKPamo1.s:7460   .debug_str:0000000000000eef .LASF332
C:\Users\zero6575\AppData\Local\Temp\ccKPamo1.s:7446   .debug_str:0000000000000e59 .LASF333
C:\Users\zero6575\AppData\Local\Temp\ccKPamo1.s:7262   .debug_str:00000000000005bb .LASF334
C:\Users\zero6575\AppData\Local\Temp\ccKPamo1.s:7744   .debug_str:0000000000001f5c .LASF335
C:\Users\zero6575\AppData\Local\Temp\ccKPamo1.s:9138   .debug_str:0000000000006ab5 .LASF336
C:\Users\zero6575\AppData\Local\Temp\ccKPamo1.s:8712   .debug_str:0000000000005432 .LASF337
C:\Users\zero6575\AppData\Local\Temp\ccKPamo1.s:9586   .debug_str:0000000000008088 .LASF338
C:\Users\zero6575\AppData\Local\Temp\ccKPamo1.s:7904   .debug_str:0000000000002864 .LASF339
C:\Users\zero6575\AppData\Local\Temp\ccKPamo1.s:8454   .debug_str:000000000000457e .LASF340
C:\Users\zero6575\AppData\Local\Temp\ccKPamo1.s:8168   .debug_str:000000000000363c .LASF341
C:\Users\zero6575\AppData\Local\Temp\ccKPamo1.s:8296   .debug_str:0000000000003d02 .LASF342
C:\Users\zero6575\AppData\Local\Temp\ccKPamo1.s:9464   .debug_str:0000000000007a12 .LASF343
C:\Users\zero6575\AppData\Local\Temp\ccKPamo1.s:8816   .debug_str:00000000000058e7 .LASF344
C:\Users\zero6575\AppData\Local\Temp\ccKPamo1.s:8268   .debug_str:0000000000003be5 .LASF345
C:\Users\zero6575\AppData\Local\Temp\ccKPamo1.s:7346   .debug_str:00000000000009a9 .LASF346
C:\Users\zero6575\AppData\Local\Temp\ccKPamo1.s:9254   .debug_str:00000000000070f4 .LASF347
C:\Users\zero6575\AppData\Local\Temp\ccKPamo1.s:8980   .debug_str:0000000000006233 .LASF348
C:\Users\zero6575\AppData\Local\Temp\ccKPamo1.s:8964   .debug_str:0000000000006144 .LASF349
C:\Users\zero6575\AppData\Local\Temp\ccKPamo1.s:9514   .debug_str:0000000000007cff .LASF350
C:\Users\zero6575\AppData\Local\Temp\ccKPamo1.s:9380   .debug_str:0000000000007608 .LASF351
C:\Users\zero6575\AppData\Local\Temp\ccKPamo1.s:7750   .debug_str:0000000000001f8c .LASF352
C:\Users\zero6575\AppData\Local\Temp\ccKPamo1.s:7864   .debug_str:0000000000002684 .LASF353
C:\Users\zero6575\AppData\Local\Temp\ccKPamo1.s:8912   .debug_str:0000000000005e59 .LASF354
C:\Users\zero6575\AppData\Local\Temp\ccKPamo1.s:8718   .debug_str:000000000000547d .LASF355
C:\Users\zero6575\AppData\Local\Temp\ccKPamo1.s:9902   .debug_str:00000000000090bf .LASF356
C:\Users\zero6575\AppData\Local\Temp\ccKPamo1.s:9136   .debug_str:0000000000006aac .LASF357
C:\Users\zero6575\AppData\Local\Temp\ccKPamo1.s:8568   .debug_str:0000000000004bcc .LASF358
C:\Users\zero6575\AppData\Local\Temp\ccKPamo1.s:7572   .debug_str:0000000000001761 .LASF359
C:\Users\zero6575\AppData\Local\Temp\ccKPamo1.s:9596   .debug_str:0000000000008100 .LASF360
C:\Users\zero6575\AppData\Local\Temp\ccKPamo1.s:9006   .debug_str:00000000000063c6 .LASF361
C:\Users\zero6575\AppData\Local\Temp\ccKPamo1.s:8276   .debug_str:0000000000003c34 .LASF362
C:\Users\zero6575\AppData\Local\Temp\ccKPamo1.s:8754   .debug_str:0000000000005615 .LASF363
C:\Users\zero6575\AppData\Local\Temp\ccKPamo1.s:8178   .debug_str:00000000000036e3 .LASF364
C:\Users\zero6575\AppData\Local\Temp\ccKPamo1.s:8434   .debug_str:0000000000004465 .LASF365
C:\Users\zero6575\AppData\Local\Temp\ccKPamo1.s:7452   .debug_str:0000000000000e96 .LASF366
C:\Users\zero6575\AppData\Local\Temp\ccKPamo1.s:7700   .debug_str:0000000000001d1b .LASF367
C:\Users\zero6575\AppData\Local\Temp\ccKPamo1.s:8170   .debug_str:0000000000003653 .LASF368
C:\Users\zero6575\AppData\Local\Temp\ccKPamo1.s:9850   .debug_str:0000000000008ed4 .LASF369
C:\Users\zero6575\AppData\Local\Temp\ccKPamo1.s:9450   .debug_str:0000000000007905 .LASF370
C:\Users\zero6575\AppData\Local\Temp\ccKPamo1.s:7800   .debug_str:000000000000221c .LASF371
C:\Users\zero6575\AppData\Local\Temp\ccKPamo1.s:7486   .debug_str:0000000000001090 .LASF372
C:\Users\zero6575\AppData\Local\Temp\ccKPamo1.s:7396   .debug_str:0000000000000bb4 .LASF373
C:\Users\zero6575\AppData\Local\Temp\ccKPamo1.s:7268   .debug_str:00000000000005ee .LASF374
C:\Users\zero6575\AppData\Local\Temp\ccKPamo1.s:8522   .debug_str:000000000000493a .LASF375
C:\Users\zero6575\AppData\Local\Temp\ccKPamo1.s:9070   .debug_str:00000000000066ea .LASF376
C:\Users\zero6575\AppData\Local\Temp\ccKPamo1.s:9448   .debug_str:00000000000078fb .LASF377
C:\Users\zero6575\AppData\Local\Temp\ccKPamo1.s:9516   .debug_str:0000000000007d10 .LASF378
C:\Users\zero6575\AppData\Local\Temp\ccKPamo1.s:8546   .debug_str:0000000000004a43 .LASF379
C:\Users\zero6575\AppData\Local\Temp\ccKPamo1.s:9384   .debug_str:0000000000007657 .LASF380
C:\Users\zero6575\AppData\Local\Temp\ccKPamo1.s:7972   .debug_str:0000000000002c29 .LASF381
C:\Users\zero6575\AppData\Local\Temp\ccKPamo1.s:7158   .debug_str:00000000000000a0 .LASF382
C:\Users\zero6575\AppData\Local\Temp\ccKPamo1.s:8030   .debug_str:0000000000002f96 .LASF383
C:\Users\zero6575\AppData\Local\Temp\ccKPamo1.s:7490   .debug_str:00000000000010cf .LASF384
C:\Users\zero6575\AppData\Local\Temp\ccKPamo1.s:9762   .debug_str:00000000000089df .LASF385
C:\Users\zero6575\AppData\Local\Temp\ccKPamo1.s:8234   .debug_str:0000000000003a3d .LASF386
C:\Users\zero6575\AppData\Local\Temp\ccKPamo1.s:8466   .debug_str:0000000000004620 .LASF387
C:\Users\zero6575\AppData\Local\Temp\ccKPamo1.s:8266   .debug_str:0000000000003bd7 .LASF388
C:\Users\zero6575\AppData\Local\Temp\ccKPamo1.s:9248   .debug_str:00000000000070b8 .LASF389
C:\Users\zero6575\AppData\Local\Temp\ccKPamo1.s:8442   .debug_str:0000000000004518 .LASF390
C:\Users\zero6575\AppData\Local\Temp\ccKPamo1.s:9208   .debug_str:0000000000006e1e .LASF391
C:\Users\zero6575\AppData\Local\Temp\ccKPamo1.s:8614   .debug_str:0000000000004e48 .LASF392
C:\Users\zero6575\AppData\Local\Temp\ccKPamo1.s:8616   .debug_str:0000000000004e54 .LASF393
C:\Users\zero6575\AppData\Local\Temp\ccKPamo1.s:9886   .debug_str:000000000000904f .LASF394
C:\Users\zero6575\AppData\Local\Temp\ccKPamo1.s:8390   .debug_str:00000000000042a0 .LASF398
C:\Users\zero6575\AppData\Local\Temp\ccKPamo1.s:8572   .debug_str:0000000000004bfb .LASF399
C:\Users\zero6575\AppData\Local\Temp\ccKPamo1.s:8420   .debug_str:00000000000043af .LASF400
C:\Users\zero6575\AppData\Local\Temp\ccKPamo1.s:7966   .debug_str:0000000000002bf3 .LASF401
C:\Users\zero6575\AppData\Local\Temp\ccKPamo1.s:8098   .debug_str:00000000000032e0 .LASF402
C:\Users\zero6575\AppData\Local\Temp\ccKPamo1.s:9054   .debug_str:00000000000065ee .LASF403
C:\Users\zero6575\AppData\Local\Temp\ccKPamo1.s:9472   .debug_str:0000000000007a54 .LASF404
C:\Users\zero6575\AppData\Local\Temp\ccKPamo1.s:7936   .debug_str:0000000000002a2a .LASF405
C:\Users\zero6575\AppData\Local\Temp\ccKPamo1.s:7970   .debug_str:0000000000002c17 .LASF406
C:\Users\zero6575\AppData\Local\Temp\ccKPamo1.s:7796   .debug_str:00000000000021f7 .LASF407
C:\Users\zero6575\AppData\Local\Temp\ccKPamo1.s:9700   .debug_str:0000000000008633 .LASF408
C:\Users\zero6575\AppData\Local\Temp\ccKPamo1.s:9080   .debug_str:000000000000677a .LASF409
C:\Users\zero6575\AppData\Local\Temp\ccKPamo1.s:9142   .debug_str:0000000000006aeb .LASF410
C:\Users\zero6575\AppData\Local\Temp\ccKPamo1.s:9660   .debug_str:0000000000008456 .LASF411
C:\Users\zero6575\AppData\Local\Temp\ccKPamo1.s:9466   .debug_str:0000000000007a1e .LASF412
C:\Users\zero6575\AppData\Local\Temp\ccKPamo1.s:8928   .debug_str:0000000000005f39 .LASF413
C:\Users\zero6575\AppData\Local\Temp\ccKPamo1.s:9188   .debug_str:0000000000006d27 .LASF414
C:\Users\zero6575\AppData\Local\Temp\ccKPamo1.s:9386   .debug_str:0000000000007666 .LASF415
C:\Users\zero6575\AppData\Local\Temp\ccKPamo1.s:7574   .debug_str:000000000000176b .LASF416
C:\Users\zero6575\AppData\Local\Temp\ccKPamo1.s:9388   .debug_str:0000000000007676 .LASF417
C:\Users\zero6575\AppData\Local\Temp\ccKPamo1.s:7162   .debug_str:00000000000000bc .LASF418
C:\Users\zero6575\AppData\Local\Temp\ccKPamo1.s:8418   .debug_str:0000000000004398 .LASF419
C:\Users\zero6575\AppData\Local\Temp\ccKPamo1.s:8220   .debug_str:000000000000397b .LASF420
C:\Users\zero6575\AppData\Local\Temp\ccKPamo1.s:8972   .debug_str:00000000000061af .LASF421
C:\Users\zero6575\AppData\Local\Temp\ccKPamo1.s:8898   .debug_str:0000000000005dc3 .LASF422
C:\Users\zero6575\AppData\Local\Temp\ccKPamo1.s:7658   .debug_str:0000000000001ad8 .LASF423
C:\Users\zero6575\AppData\Local\Temp\ccKPamo1.s:9846   .debug_str:0000000000008eb5 .LASF424
C:\Users\zero6575\AppData\Local\Temp\ccKPamo1.s:9612   .debug_str:00000000000081d7 .LASF425
C:\Users\zero6575\AppData\Local\Temp\ccKPamo1.s:9172   .debug_str:0000000000006c27 .LASF426
C:\Users\zero6575\AppData\Local\Temp\ccKPamo1.s:8016   .debug_str:0000000000002f23 .LASF427
C:\Users\zero6575\AppData\Local\Temp\ccKPamo1.s:9644   .debug_str:0000000000008336 .LASF428
C:\Users\zero6575\AppData\Local\Temp\ccKPamo1.s:8132   .debug_str:00000000000034be .LASF429
C:\Users\zero6575\AppData\Local\Temp\ccKPamo1.s:7360   .debug_str:0000000000000a06 .LASF430
C:\Users\zero6575\AppData\Local\Temp\ccKPamo1.s:8560   .debug_str:0000000000004b70 .LASF431
C:\Users\zero6575\AppData\Local\Temp\ccKPamo1.s:7296   .debug_str:000000000000069e .LASF432
C:\Users\zero6575\AppData\Local\Temp\ccKPamo1.s:8674   .debug_str:0000000000005206 .LASF433
C:\Users\zero6575\AppData\Local\Temp\ccKPamo1.s:8790   .debug_str:000000000000580e .LASF434
C:\Users\zero6575\AppData\Local\Temp\ccKPamo1.s:8404   .debug_str:0000000000004341 .LASF435
C:\Users\zero6575\AppData\Local\Temp\ccKPamo1.s:9316   .debug_str:00000000000073b9 .LASF436
C:\Users\zero6575\AppData\Local\Temp\ccKPamo1.s:7588   .debug_str:0000000000001802 .LASF437
C:\Users\zero6575\AppData\Local\Temp\ccKPamo1.s:8902   .debug_str:0000000000005de9 .LASF438
C:\Users\zero6575\AppData\Local\Temp\ccKPamo1.s:7456   .debug_str:0000000000000ec5 .LASF440
C:\Users\zero6575\AppData\Local\Temp\ccKPamo1.s:9040   .debug_str:0000000000006517 .LASF441
C:\Users\zero6575\AppData\Local\Temp\ccKPamo1.s:7444   .debug_str:0000000000000e4f .LASF442
C:\Users\zero6575\AppData\Local\Temp\ccKPamo1.s:9764   .debug_str:00000000000089f0 .LASF443
C:\Users\zero6575\AppData\Local\Temp\ccKPamo1.s:8312   .debug_str:0000000000003df8 .LASF444
C:\Users\zero6575\AppData\Local\Temp\ccKPamo1.s:7312   .debug_str:000000000000074a .LASF445
C:\Users\zero6575\AppData\Local\Temp\ccKPamo1.s:9650   .debug_str:00000000000083b1 .LASF446
C:\Users\zero6575\AppData\Local\Temp\ccKPamo1.s:8818   .debug_str:00000000000058f7 .LASF447
C:\Users\zero6575\AppData\Local\Temp\ccKPamo1.s:7748   .debug_str:0000000000001f81 .LASF448
C:\Users\zero6575\AppData\Local\Temp\ccKPamo1.s:8770   .debug_str:00000000000056c5 .LASF449
C:\Users\zero6575\AppData\Local\Temp\ccKPamo1.s:8054   .debug_str:00000000000030bf .LASF450
C:\Users\zero6575\AppData\Local\Temp\ccKPamo1.s:9348   .debug_str:0000000000007509 .LASF451
C:\Users\zero6575\AppData\Local\Temp\ccKPamo1.s:7810   .debug_str:0000000000002297 .LASF452
C:\Users\zero6575\AppData\Local\Temp\ccKPamo1.s:8240   .debug_str:0000000000003a9c .LASF453
C:\Users\zero6575\AppData\Local\Temp\ccKPamo1.s:9314   .debug_str:00000000000073ad .LASF454
C:\Users\zero6575\AppData\Local\Temp\ccKPamo1.s:8152   .debug_str:0000000000003599 .LASF455
C:\Users\zero6575\AppData\Local\Temp\ccKPamo1.s:10004  .debug_str:00000000000095a3 .LASF456
C:\Users\zero6575\AppData\Local\Temp\ccKPamo1.s:8566   .debug_str:0000000000004bc3 .LASF457
C:\Users\zero6575\AppData\Local\Temp\ccKPamo1.s:9676   .debug_str:0000000000008514 .LASF458
C:\Users\zero6575\AppData\Local\Temp\ccKPamo1.s:8496   .debug_str:00000000000047f2 .LASF459
C:\Users\zero6575\AppData\Local\Temp\ccKPamo1.s:7470   .debug_str:0000000000000f8e .LASF460
C:\Users\zero6575\AppData\Local\Temp\ccKPamo1.s:8988   .debug_str:000000000000627e .LASF461
C:\Users\zero6575\AppData\Local\Temp\ccKPamo1.s:7170   .debug_str:0000000000000105 .LASF462
C:\Users\zero6575\AppData\Local\Temp\ccKPamo1.s:8856   .debug_str:0000000000005b98 .LASF463
C:\Users\zero6575\AppData\Local\Temp\ccKPamo1.s:7888   .debug_str:0000000000002760 .LASF464
C:\Users\zero6575\AppData\Local\Temp\ccKPamo1.s:9320   .debug_str:00000000000073e9 .LASF465
C:\Users\zero6575\AppData\Local\Temp\ccKPamo1.s:8592   .debug_str:0000000000004d1e .LASF466
C:\Users\zero6575\AppData\Local\Temp\ccKPamo1.s:7778   .debug_str:0000000000002100 .LASF467
C:\Users\zero6575\AppData\Local\Temp\ccKPamo1.s:8670   .debug_str:00000000000051e5 .LASF468
C:\Users\zero6575\AppData\Local\Temp\ccKPamo1.s:9338   .debug_str:00000000000074a3 .LASF469
C:\Users\zero6575\AppData\Local\Temp\ccKPamo1.s:8020   .debug_str:0000000000002f3e .LASF470
C:\Users\zero6575\AppData\Local\Temp\ccKPamo1.s:8338   .debug_str:0000000000003ed5 .LASF471
C:\Users\zero6575\AppData\Local\Temp\ccKPamo1.s:8102   .debug_str:000000000000331f .LASF472
C:\Users\zero6575\AppData\Local\Temp\ccKPamo1.s:9652   .debug_str:00000000000083b9 .LASF473
C:\Users\zero6575\AppData\Local\Temp\ccKPamo1.s:9966   .debug_str:0000000000009455 .LASF474
C:\Users\zero6575\AppData\Local\Temp\ccKPamo1.s:9434   .debug_str:000000000000785d .LASF475
C:\Users\zero6575\AppData\Local\Temp\ccKPamo1.s:8138   .debug_str:00000000000034fe .LASF476
C:\Users\zero6575\AppData\Local\Temp\ccKPamo1.s:8448   .debug_str:0000000000004549 .LASF477
C:\Users\zero6575\AppData\Local\Temp\ccKPamo1.s:7194   .debug_str:0000000000000288 .LASF478
C:\Users\zero6575\AppData\Local\Temp\ccKPamo1.s:8124   .debug_str:0000000000003454 .LASF479
C:\Users\zero6575\AppData\Local\Temp\ccKPamo1.s:9200   .debug_str:0000000000006db5 .LASF480
C:\Users\zero6575\AppData\Local\Temp\ccKPamo1.s:8452   .debug_str:0000000000004569 .LASF481
C:\Users\zero6575\AppData\Local\Temp\ccKPamo1.s:8684   .debug_str:000000000000524f .LASF482
C:\Users\zero6575\AppData\Local\Temp\ccKPamo1.s:9190   .debug_str:0000000000006d37 .LASF483
C:\Users\zero6575\AppData\Local\Temp\ccKPamo1.s:10018  .debug_str:0000000000009642 .LASF484
C:\Users\zero6575\AppData\Local\Temp\ccKPamo1.s:7702   .debug_str:0000000000001d2d .LASF485
C:\Users\zero6575\AppData\Local\Temp\ccKPamo1.s:8120   .debug_str:000000000000341b .LASF486
C:\Users\zero6575\AppData\Local\Temp\ccKPamo1.s:8160   .debug_str:00000000000035e0 .LASF487
C:\Users\zero6575\AppData\Local\Temp\ccKPamo1.s:8188   .debug_str:00000000000037f1 .LASF488
C:\Users\zero6575\AppData\Local\Temp\ccKPamo1.s:9506   .debug_str:0000000000007ca7 .LASF489
C:\Users\zero6575\AppData\Local\Temp\ccKPamo1.s:9488   .debug_str:0000000000007b40 .LASF490
C:\Users\zero6575\AppData\Local\Temp\ccKPamo1.s:9146   .debug_str:0000000000006b12 .LASF491
C:\Users\zero6575\AppData\Local\Temp\ccKPamo1.s:8392   .debug_str:00000000000042b6 .LASF492
C:\Users\zero6575\AppData\Local\Temp\ccKPamo1.s:9064   .debug_str:000000000000669f .LASF493
C:\Users\zero6575\AppData\Local\Temp\ccKPamo1.s:9168   .debug_str:0000000000006c03 .LASF494
C:\Users\zero6575\AppData\Local\Temp\ccKPamo1.s:8920   .debug_str:0000000000005eef .LASF495
C:\Users\zero6575\AppData\Local\Temp\ccKPamo1.s:9198   .debug_str:0000000000006d8c .LASF496
C:\Users\zero6575\AppData\Local\Temp\ccKPamo1.s:8518   .debug_str:00000000000048fe .LASF497
C:\Users\zero6575\AppData\Local\Temp\ccKPamo1.s:7994   .debug_str:0000000000002d57 .LASF498
C:\Users\zero6575\AppData\Local\Temp\ccKPamo1.s:7784   .debug_str:0000000000002144 .LASF499
C:\Users\zero6575\AppData\Local\Temp\ccKPamo1.s:8486   .debug_str:0000000000004753 .LASF500
C:\Users\zero6575\AppData\Local\Temp\ccKPamo1.s:7664   .debug_str:0000000000001b31 .LASF501
C:\Users\zero6575\AppData\Local\Temp\ccKPamo1.s:8962   .debug_str:0000000000006119 .LASF502
C:\Users\zero6575\AppData\Local\Temp\ccKPamo1.s:9782   .debug_str:0000000000008aba .LASF503
C:\Users\zero6575\AppData\Local\Temp\ccKPamo1.s:9164   .debug_str:0000000000006bcf .LASF504
C:\Users\zero6575\AppData\Local\Temp\ccKPamo1.s:8292   .debug_str:0000000000003cbb .LASF505
C:\Users\zero6575\AppData\Local\Temp\ccKPamo1.s:10028  .debug_str:000000000000969b .LASF506
C:\Users\zero6575\AppData\Local\Temp\ccKPamo1.s:9236   .debug_str:0000000000006f5c .LASF507
C:\Users\zero6575\AppData\Local\Temp\ccKPamo1.s:9300   .debug_str:00000000000072c5 .LASF508
C:\Users\zero6575\AppData\Local\Temp\ccKPamo1.s:8604   .debug_str:0000000000004db4 .LASF509
C:\Users\zero6575\AppData\Local\Temp\ccKPamo1.s:7522   .debug_str:0000000000001269 .LASF510
C:\Users\zero6575\AppData\Local\Temp\ccKPamo1.s:7508   .debug_str:00000000000011b8 .LASF511
C:\Users\zero6575\AppData\Local\Temp\ccKPamo1.s:7684   .debug_str:0000000000001c1d .LASF512
C:\Users\zero6575\AppData\Local\Temp\ccKPamo1.s:8526   .debug_str:0000000000004959 .LASF513
C:\Users\zero6575\AppData\Local\Temp\ccKPamo1.s:9678   .debug_str:000000000000851e .LASF514
C:\Users\zero6575\AppData\Local\Temp\ccKPamo1.s:7754   .debug_str:0000000000001fe1 .LASF515
C:\Users\zero6575\AppData\Local\Temp\ccKPamo1.s:7220   .debug_str:00000000000003cf .LASF516
C:\Users\zero6575\AppData\Local\Temp\ccKPamo1.s:9622   .debug_str:000000000000823a .LASF517
C:\Users\zero6575\AppData\Local\Temp\ccKPamo1.s:8108   .debug_str:0000000000003365 .LASF518
C:\Users\zero6575\AppData\Local\Temp\ccKPamo1.s:8958   .debug_str:00000000000060e4 .LASF519
C:\Users\zero6575\AppData\Local\Temp\ccKPamo1.s:8574   .debug_str:0000000000004c13 .LASF520
C:\Users\zero6575\AppData\Local\Temp\ccKPamo1.s:9982   .debug_str:00000000000094c4 .LASF521
C:\Users\zero6575\AppData\Local\Temp\ccKPamo1.s:8610   .debug_str:0000000000004e12 .LASF522
C:\Users\zero6575\AppData\Local\Temp\ccKPamo1.s:7390   .debug_str:0000000000000b5e .LASF523
C:\Users\zero6575\AppData\Local\Temp\ccKPamo1.s:9858   .debug_str:0000000000008f35 .LASF524
C:\Users\zero6575\AppData\Local\Temp\ccKPamo1.s:9116   .debug_str:0000000000006944 .LASF525
C:\Users\zero6575\AppData\Local\Temp\ccKPamo1.s:7322   .debug_str:00000000000007e7 .LASF526
C:\Users\zero6575\AppData\Local\Temp\ccKPamo1.s:8236   .debug_str:0000000000003a4b .LASF527
C:\Users\zero6575\AppData\Local\Temp\ccKPamo1.s:9436   .debug_str:0000000000007870 .LASF528
C:\Users\zero6575\AppData\Local\Temp\ccKPamo1.s:9610   .debug_str:00000000000081bb .LASF529
C:\Users\zero6575\AppData\Local\Temp\ccKPamo1.s:8198   .debug_str:000000000000382d .LASF530
C:\Users\zero6575\AppData\Local\Temp\ccKPamo1.s:9904   .debug_str:00000000000090cb .LASF531
C:\Users\zero6575\AppData\Local\Temp\ccKPamo1.s:9358   .debug_str:0000000000007530 .LASF532
C:\Users\zero6575\AppData\Local\Temp\ccKPamo1.s:7216   .debug_str:0000000000000390 .LASF533
C:\Users\zero6575\AppData\Local\Temp\ccKPamo1.s:9686   .debug_str:0000000000008593 .LASF534
C:\Users\zero6575\AppData\Local\Temp\ccKPamo1.s:9290   .debug_str:0000000000007266 .LASF535
C:\Users\zero6575\AppData\Local\Temp\ccKPamo1.s:7948   .debug_str:0000000000002ae9 .LASF536
C:\Users\zero6575\AppData\Local\Temp\ccKPamo1.s:9940   .debug_str:00000000000092e4 .LASF537
C:\Users\zero6575\AppData\Local\Temp\ccKPamo1.s:8372   .debug_str:000000000000414c .LASF538
C:\Users\zero6575\AppData\Local\Temp\ccKPamo1.s:8520   .debug_str:0000000000004922 .LASF539
C:\Users\zero6575\AppData\Local\Temp\ccKPamo1.s:8822   .debug_str:0000000000005911 .LASF540
C:\Users\zero6575\AppData\Local\Temp\ccKPamo1.s:9020   .debug_str:0000000000006440 .LASF541
C:\Users\zero6575\AppData\Local\Temp\ccKPamo1.s:8352   .debug_str:0000000000003fab .LASF542
C:\Users\zero6575\AppData\Local\Temp\ccKPamo1.s:7942   .debug_str:0000000000002a98 .LASF543
C:\Users\zero6575\AppData\Local\Temp\ccKPamo1.s:8606   .debug_str:0000000000004dda .LASF544
C:\Users\zero6575\AppData\Local\Temp\ccKPamo1.s:7242   .debug_str:00000000000004b1 .LASF545
C:\Users\zero6575\AppData\Local\Temp\ccKPamo1.s:8552   .debug_str:0000000000004a9b .LASF546
C:\Users\zero6575\AppData\Local\Temp\ccKPamo1.s:7264   .debug_str:00000000000005ca .LASF547
C:\Users\zero6575\AppData\Local\Temp\ccKPamo1.s:9074   .debug_str:0000000000006706 .LASF548
C:\Users\zero6575\AppData\Local\Temp\ccKPamo1.s:8938   .debug_str:0000000000005f9b .LASF549
C:\Users\zero6575\AppData\Local\Temp\ccKPamo1.s:8894   .debug_str:0000000000005d96 .LASF550
C:\Users\zero6575\AppData\Local\Temp\ccKPamo1.s:8334   .debug_str:0000000000003ebe .LASF552
C:\Users\zero6575\AppData\Local\Temp\ccKPamo1.s:8804   .debug_str:0000000000005890 .LASF553
C:\Users\zero6575\AppData\Local\Temp\ccKPamo1.s:9114   .debug_str:0000000000006935 .LASF557
C:\Users\zero6575\AppData\Local\Temp\ccKPamo1.s:8708   .debug_str:0000000000005410 .LASF558
C:\Users\zero6575\AppData\Local\Temp\ccKPamo1.s:8078   .debug_str:0000000000003198 .LASF559
C:\Users\zero6575\AppData\Local\Temp\ccKPamo1.s:7164   .debug_str:00000000000000cd .LASF560
C:\Users\zero6575\AppData\Local\Temp\ccKPamo1.s:7924   .debug_str:000000000000297a .LASF561
C:\Users\zero6575\AppData\Local\Temp\ccKPamo1.s:7776   .debug_str:00000000000020ec .LASF562
C:\Users\zero6575\AppData\Local\Temp\ccKPamo1.s:9078   .debug_str:0000000000006757 .LASF563
C:\Users\zero6575\AppData\Local\Temp\ccKPamo1.s:7254   .debug_str:000000000000057a .LASF564
C:\Users\zero6575\AppData\Local\Temp\ccKPamo1.s:8720   .debug_str:0000000000005489 .LASF565
C:\Users\zero6575\AppData\Local\Temp\ccKPamo1.s:9728   .debug_str:00000000000087d0 .LASF566
C:\Users\zero6575\AppData\Local\Temp\ccKPamo1.s:7618   .debug_str:000000000000191f .LASF568
C:\Users\zero6575\AppData\Local\Temp\ccKPamo1.s:7976   .debug_str:0000000000002c4f .LASF569
C:\Users\zero6575\AppData\Local\Temp\ccKPamo1.s:9736   .debug_str:000000000000882e .LASF570
C:\Users\zero6575\AppData\Local\Temp\ccKPamo1.s:9944   .debug_str:000000000000931b .LASF571
C:\Users\zero6575\AppData\Local\Temp\ccKPamo1.s:8736   .debug_str:000000000000553b .LASF572
C:\Users\zero6575\AppData\Local\Temp\ccKPamo1.s:9468   .debug_str:0000000000007a2f .LASF573
C:\Users\zero6575\AppData\Local\Temp\ccKPamo1.s:8060   .debug_str:0000000000003101 .LASF574
C:\Users\zero6575\AppData\Local\Temp\ccKPamo1.s:8724   .debug_str:00000000000054d0 .LASF575
C:\Users\zero6575\AppData\Local\Temp\ccKPamo1.s:9696   .debug_str:0000000000008613 .LASF576
C:\Users\zero6575\AppData\Local\Temp\ccKPamo1.s:7222   .debug_str:00000000000003f7 .LASF577
C:\Users\zero6575\AppData\Local\Temp\ccKPamo1.s:9256   .debug_str:0000000000007100 .LASF578
C:\Users\zero6575\AppData\Local\Temp\ccKPamo1.s:9614   .debug_str:00000000000081e7 .LASF579
C:\Users\zero6575\AppData\Local\Temp\ccKPamo1.s:8450   .debug_str:000000000000455d .LASF580
C:\Users\zero6575\AppData\Local\Temp\ccKPamo1.s:9498   .debug_str:0000000000007c53 .LASF581
C:\Users\zero6575\AppData\Local\Temp\ccKPamo1.s:9732   .debug_str:00000000000087f4 .LASF582
C:\Users\zero6575\AppData\Local\Temp\ccKPamo1.s:9646   .debug_str:000000000000834b .LASF583
C:\Users\zero6575\AppData\Local\Temp\ccKPamo1.s:9474   .debug_str:0000000000007a81 .LASF584
C:\Users\zero6575\AppData\Local\Temp\ccKPamo1.s:7424   .debug_str:0000000000000d2e .LASF585
C:\Users\zero6575\AppData\Local\Temp\ccKPamo1.s:9726   .debug_str:00000000000087ae .LASF586
C:\Users\zero6575\AppData\Local\Temp\ccKPamo1.s:8344   .debug_str:0000000000003f0f .LASF587
C:\Users\zero6575\AppData\Local\Temp\ccKPamo1.s:8256   .debug_str:0000000000003b65 .LASF588
C:\Users\zero6575\AppData\Local\Temp\ccKPamo1.s:7256   .debug_str:0000000000000587 .LASF589
C:\Users\zero6575\AppData\Local\Temp\ccKPamo1.s:7180   .debug_str:0000000000000155 .LASF590
C:\Users\zero6575\AppData\Local\Temp\ccKPamo1.s:8394   .debug_str:00000000000042d4 .LASF591
C:\Users\zero6575\AppData\Local\Temp\ccKPamo1.s:7294   .debug_str:0000000000000695 .LASF593
C:\Users\zero6575\AppData\Local\Temp\ccKPamo1.s:7884   .debug_str:0000000000002734 .LASF594
C:\Users\zero6575\AppData\Local\Temp\ccKPamo1.s:7186   .debug_str:00000000000001a9 .LASF595
C:\Users\zero6575\AppData\Local\Temp\ccKPamo1.s:9978   .debug_str:00000000000094ac .LASF596
C:\Users\zero6575\AppData\Local\Temp\ccKPamo1.s:8834   .debug_str:000000000000599b .LASF597
C:\Users\zero6575\AppData\Local\Temp\ccKPamo1.s:8628   .debug_str:0000000000004f58 .LASF598
C:\Users\zero6575\AppData\Local\Temp\ccKPamo1.s:8458   .debug_str:00000000000045bd .LASF599
C:\Users\zero6575\AppData\Local\Temp\ccKPamo1.s:9244   .debug_str:000000000000706f .LASF600
C:\Users\zero6575\AppData\Local\Temp\ccKPamo1.s:7492   .debug_str:00000000000010e1 .LASF601
C:\Users\zero6575\AppData\Local\Temp\ccKPamo1.s:8238   .debug_str:0000000000003a6f .LASF602
C:\Users\zero6575\AppData\Local\Temp\ccKPamo1.s:7540   .debug_str:0000000000001348 .LASF603
C:\Users\zero6575\AppData\Local\Temp\ccKPamo1.s:9490   .debug_str:0000000000007b61 .LASF604
C:\Users\zero6575\AppData\Local\Temp\ccKPamo1.s:8100   .debug_str:00000000000032f8 .LASF605
C:\Users\zero6575\AppData\Local\Temp\ccKPamo1.s:8868   .debug_str:0000000000005c30 .LASF606
C:\Users\zero6575\AppData\Local\Temp\ccKPamo1.s:7630   .debug_str:00000000000019a2 .LASF607
C:\Users\zero6575\AppData\Local\Temp\ccKPamo1.s:7476   .debug_str:0000000000000fcc .LASF608
C:\Users\zero6575\AppData\Local\Temp\ccKPamo1.s:9524   .debug_str:0000000000007d81 .LASF609
C:\Users\zero6575\AppData\Local\Temp\ccKPamo1.s:8662   .debug_str:00000000000050f3 .LASF610
C:\Users\zero6575\AppData\Local\Temp\ccKPamo1.s:9518   .debug_str:0000000000007d1b .LASF611
C:\Users\zero6575\AppData\Local\Temp\ccKPamo1.s:7860   .debug_str:0000000000002647 .LASF612
C:\Users\zero6575\AppData\Local\Temp\ccKPamo1.s:8696   .debug_str:0000000000005363 .LASF613
C:\Users\zero6575\AppData\Local\Temp\ccKPamo1.s:7584   .debug_str:00000000000017ec .LASF614
C:\Users\zero6575\AppData\Local\Temp\ccKPamo1.s:8740   .debug_str:000000000000555a .LASF615
C:\Users\zero6575\AppData\Local\Temp\ccKPamo1.s:9340   .debug_str:00000000000074b6 .LASF616
C:\Users\zero6575\AppData\Local\Temp\ccKPamo1.s:8472   .debug_str:0000000000004679 .LASF617
C:\Users\zero6575\AppData\Local\Temp\ccKPamo1.s:9394   .debug_str:00000000000076b4 .LASF618
C:\Users\zero6575\AppData\Local\Temp\ccKPamo1.s:9912   .debug_str:000000000000914f .LASF619
C:\Users\zero6575\AppData\Local\Temp\ccKPamo1.s:8656   .debug_str:00000000000050b4 .LASF620
C:\Users\zero6575\AppData\Local\Temp\ccKPamo1.s:8590   .debug_str:0000000000004d06 .LASF621
C:\Users\zero6575\AppData\Local\Temp\ccKPamo1.s:8776   .debug_str:00000000000056f8 .LASF622
C:\Users\zero6575\AppData\Local\Temp\ccKPamo1.s:8830   .debug_str:000000000000596a .LASF623
C:\Users\zero6575\AppData\Local\Temp\ccKPamo1.s:9390   .debug_str:000000000000768c .LASF624
C:\Users\zero6575\AppData\Local\Temp\ccKPamo1.s:7680   .debug_str:0000000000001bec .LASF625
C:\Users\zero6575\AppData\Local\Temp\ccKPamo1.s:9834   .debug_str:0000000000008e2e .LASF626
C:\Users\zero6575\AppData\Local\Temp\ccKPamo1.s:9508   .debug_str:0000000000007cc0 .LASF627
C:\Users\zero6575\AppData\Local\Temp\ccKPamo1.s:9832   .debug_str:0000000000008d38 .LASF628
C:\Users\zero6575\AppData\Local\Temp\ccKPamo1.s:8664   .debug_str:0000000000005117 .LASF629
C:\Users\zero6575\AppData\Local\Temp\ccKPamo1.s:9140   .debug_str:0000000000006acf .LASF630
C:\Users\zero6575\AppData\Local\Temp\ccKPamo1.s:9240   .debug_str:0000000000006fb5 .LASF631
C:\Users\zero6575\AppData\Local\Temp\ccKPamo1.s:7318   .debug_str:0000000000000777 .LASF632
C:\Users\zero6575\AppData\Local\Temp\ccKPamo1.s:7192   .debug_str:00000000000001f8 .LASF633
C:\Users\zero6575\AppData\Local\Temp\ccKPamo1.s:7848   .debug_str:0000000000002491 .LASF634
C:\Users\zero6575\AppData\Local\Temp\ccKPamo1.s:8440   .debug_str:00000000000044a3 .LASF635
C:\Users\zero6575\AppData\Local\Temp\ccKPamo1.s:8374   .debug_str:0000000000004166 .LASF636
C:\Users\zero6575\AppData\Local\Temp\ccKPamo1.s:9738   .debug_str:0000000000008856 .LASF637
C:\Users\zero6575\AppData\Local\Temp\ccKPamo1.s:9936   .debug_str:0000000000009280 .LASF638
C:\Users\zero6575\AppData\Local\Temp\ccKPamo1.s:7546   .debug_str:0000000000001398 .LASF639
C:\Users\zero6575\AppData\Local\Temp\ccKPamo1.s:7344   .debug_str:0000000000000934 .LASF640
C:\Users\zero6575\AppData\Local\Temp\ccKPamo1.s:7692   .debug_str:0000000000001c83 .LASF641
C:\Users\zero6575\AppData\Local\Temp\ccKPamo1.s:9180   .debug_str:0000000000006ca7 .LASF642
C:\Users\zero6575\AppData\Local\Temp\ccKPamo1.s:9478   .debug_str:0000000000007abe .LASF643
C:\Users\zero6575\AppData\Local\Temp\ccKPamo1.s:8564   .debug_str:0000000000004b96 .LASF644
C:\Users\zero6575\AppData\Local\Temp\ccKPamo1.s:9186   .debug_str:0000000000006cfa .LASF645
C:\Users\zero6575\AppData\Local\Temp\ccKPamo1.s:8744   .debug_str:0000000000005589 .LASF646
C:\Users\zero6575\AppData\Local\Temp\ccKPamo1.s:8130   .debug_str:0000000000003492 .LASF647
C:\Users\zero6575\AppData\Local\Temp\ccKPamo1.s:8862   .debug_str:0000000000005be8 .LASF648
C:\Users\zero6575\AppData\Local\Temp\ccKPamo1.s:7738   .debug_str:0000000000001f09 .LASF649
C:\Users\zero6575\AppData\Local\Temp\ccKPamo1.s:8548   .debug_str:0000000000004a4e .LASF650
C:\Users\zero6575\AppData\Local\Temp\ccKPamo1.s:7688   .debug_str:0000000000001c4c .LASF651
C:\Users\zero6575\AppData\Local\Temp\ccKPamo1.s:9592   .debug_str:00000000000080d2 .LASF652
C:\Users\zero6575\AppData\Local\Temp\ccKPamo1.s:8594   .debug_str:0000000000004d30 .LASF653
C:\Users\zero6575\AppData\Local\Temp\ccKPamo1.s:9176   .debug_str:0000000000006c53 .LASF654
C:\Users\zero6575\AppData\Local\Temp\ccKPamo1.s:9418   .debug_str:00000000000077c0 .LASF655
C:\Users\zero6575\AppData\Local\Temp\ccKPamo1.s:7878   .debug_str:00000000000026db .LASF656
C:\Users\zero6575\AppData\Local\Temp\ccKPamo1.s:9784   .debug_str:0000000000008ae0 .LASF657
C:\Users\zero6575\AppData\Local\Temp\ccKPamo1.s:9076   .debug_str:0000000000006720 .LASF658
C:\Users\zero6575\AppData\Local\Temp\ccKPamo1.s:8886   .debug_str:0000000000005d2b .LASF659
C:\Users\zero6575\AppData\Local\Temp\ccKPamo1.s:7854   .debug_str:00000000000025f4 .LASF660
C:\Users\zero6575\AppData\Local\Temp\ccKPamo1.s:7772   .debug_str:0000000000002099 .LASF661
C:\Users\zero6575\AppData\Local\Temp\ccKPamo1.s:7900   .debug_str:0000000000002817 .LASF662
C:\Users\zero6575\AppData\Local\Temp\ccKPamo1.s:7732   .debug_str:0000000000001e92 .LASF663
C:\Users\zero6575\AppData\Local\Temp\ccKPamo1.s:9752   .debug_str:0000000000008935 .LASF664
C:\Users\zero6575\AppData\Local\Temp\ccKPamo1.s:7786   .debug_str:0000000000002163 .LASF665
C:\Users\zero6575\AppData\Local\Temp\ccKPamo1.s:8090   .debug_str:0000000000003242 .LASF666
C:\Users\zero6575\AppData\Local\Temp\ccKPamo1.s:8602   .debug_str:0000000000004d97 .LASF667
C:\Users\zero6575\AppData\Local\Temp\ccKPamo1.s:9342   .debug_str:00000000000074ca .LASF668
C:\Users\zero6575\AppData\Local\Temp\ccKPamo1.s:7832   .debug_str:00000000000023a2 .LASF669
C:\Users\zero6575\AppData\Local\Temp\ccKPamo1.s:8122   .debug_str:0000000000003433 .LASF670
C:\Users\zero6575\AppData\Local\Temp\ccKPamo1.s:7794   .debug_str:00000000000021d9 .LASF671
C:\Users\zero6575\AppData\Local\Temp\ccKPamo1.s:8086   .debug_str:0000000000003208 .LASF672
C:\Users\zero6575\AppData\Local\Temp\ccKPamo1.s:7622   .debug_str:0000000000001949 .LASF673
C:\Users\zero6575\AppData\Local\Temp\ccKPamo1.s:8242   .debug_str:0000000000003aa8 .LASF674
C:\Users\zero6575\AppData\Local\Temp\ccKPamo1.s:9844   .debug_str:0000000000008eac .LASF675
C:\Users\zero6575\AppData\Local\Temp\ccKPamo1.s:7670   .debug_str:0000000000001b6c .LASF676
C:\Users\zero6575\AppData\Local\Temp\ccKPamo1.s:9796   .debug_str:0000000000008b9b .LASF677
C:\Users\zero6575\AppData\Local\Temp\ccKPamo1.s:9608   .debug_str:00000000000081b5 .LASF678
C:\Users\zero6575\AppData\Local\Temp\ccKPamo1.s:7908   .debug_str:0000000000002898 .LASF679
C:\Users\zero6575\AppData\Local\Temp\ccKPamo1.s:7316   .debug_str:000000000000076f .LASF680
C:\Users\zero6575\AppData\Local\Temp\ccKPamo1.s:8490   .debug_str:0000000000004786 .LASF681
C:\Users\zero6575\AppData\Local\Temp\ccKPamo1.s:7730   .debug_str:0000000000001e8a .LASF682
C:\Users\zero6575\AppData\Local\Temp\ccKPamo1.s:8070   .debug_str:0000000000003169 .LASF683
C:\Users\zero6575\AppData\Local\Temp\ccKPamo1.s:8038   .debug_str:0000000000002fe2 .LASF684
C:\Users\zero6575\AppData\Local\Temp\ccKPamo1.s:8482   .debug_str:0000000000004731 .LASF685
C:\Users\zero6575\AppData\Local\Temp\ccKPamo1.s:10016  .debug_str:0000000000009638 .LASF686
C:\Users\zero6575\AppData\Local\Temp\ccKPamo1.s:9302   .debug_str:00000000000072f0 .LASF687
C:\Users\zero6575\AppData\Local\Temp\ccKPamo1.s:9232   .debug_str:0000000000006f4c .LASF688
C:\Users\zero6575\AppData\Local\Temp\ccKPamo1.s:7494   .debug_str:00000000000010f1 .LASF689
C:\Users\zero6575\AppData\Local\Temp\ccKPamo1.s:7174   .debug_str:0000000000000129 .LASF690
C:\Users\zero6575\AppData\Local\Temp\ccKPamo1.s:8952   .debug_str:000000000000606a .LASF691
C:\Users\zero6575\AppData\Local\Temp\ccKPamo1.s:8332   .debug_str:0000000000003eb3 .LASF692
C:\Users\zero6575\AppData\Local\Temp\ccKPamo1.s:9160   .debug_str:0000000000006bbd .LASF693
C:\Users\zero6575\AppData\Local\Temp\ccKPamo1.s:7612   .debug_str:0000000000001905 .LASF694
C:\Users\zero6575\AppData\Local\Temp\ccKPamo1.s:7352   .debug_str:00000000000009dd .LASF695
C:\Users\zero6575\AppData\Local\Temp\ccKPamo1.s:7284   .debug_str:0000000000000663 .LASF696
C:\Users\zero6575\AppData\Local\Temp\ccKPamo1.s:9268   .debug_str:000000000000718f .LASF697
C:\Users\zero6575\AppData\Local\Temp\ccKPamo1.s:7400   .debug_str:0000000000000c03 .LASF698
C:\Users\zero6575\AppData\Local\Temp\ccKPamo1.s:8540   .debug_str:0000000000004a05 .LASF699
C:\Users\zero6575\AppData\Local\Temp\ccKPamo1.s:8508   .debug_str:0000000000004867 .LASF700
C:\Users\zero6575\AppData\Local\Temp\ccKPamo1.s:7160   .debug_str:00000000000000b2 .LASF701
C:\Users\zero6575\AppData\Local\Temp\ccKPamo1.s:9398   .debug_str:000000000000770d .LASF702
C:\Users\zero6575\AppData\Local\Temp\ccKPamo1.s:9632   .debug_str:00000000000082bf .LASF703
C:\Users\zero6575\AppData\Local\Temp\ccKPamo1.s:9898   .debug_str:00000000000090a0 .LASF704
C:\Users\zero6575\AppData\Local\Temp\ccKPamo1.s:8676   .debug_str:0000000000005221 .LASF705
C:\Users\zero6575\AppData\Local\Temp\ccKPamo1.s:8192   .debug_str:0000000000003813 .LASF706
C:\Users\zero6575\AppData\Local\Temp\ccKPamo1.s:9980   .debug_str:00000000000094ba .LASF707
C:\Users\zero6575\AppData\Local\Temp\ccKPamo1.s:7568   .debug_str:0000000000001747 .LASF708
C:\Users\zero6575\AppData\Local\Temp\ccKPamo1.s:8072   .debug_str:0000000000003173 .LASF709
C:\Users\zero6575\AppData\Local\Temp\ccKPamo1.s:8578   .debug_str:0000000000004c4d .LASF710
C:\Users\zero6575\AppData\Local\Temp\ccKPamo1.s:8410   .debug_str:000000000000436f .LASF711
C:\Users\zero6575\AppData\Local\Temp\ccKPamo1.s:9934   .debug_str:0000000000009275 .LASF712
C:\Users\zero6575\AppData\Local\Temp\ccKPamo1.s:8190   .debug_str:000000000000380a .LASF713
C:\Users\zero6575\AppData\Local\Temp\ccKPamo1.s:8810   .debug_str:00000000000058c1 .LASF714
C:\Users\zero6575\AppData\Local\Temp\ccKPamo1.s:9480   .debug_str:0000000000007aee .LASF715
C:\Users\zero6575\AppData\Local\Temp\ccKPamo1.s:8052   .debug_str:00000000000030b5 .LASF716
C:\Users\zero6575\AppData\Local\Temp\ccKPamo1.s:8934   .debug_str:0000000000005f80 .LASF717
C:\Users\zero6575\AppData\Local\Temp\ccKPamo1.s:9798   .debug_str:0000000000008ba3 .LASF718
C:\Users\zero6575\AppData\Local\Temp\ccKPamo1.s:7654   .debug_str:0000000000001ac9 .LASF719
C:\Users\zero6575\AppData\Local\Temp\ccKPamo1.s:8648   .debug_str:000000000000505d .LASF720
C:\Users\zero6575\AppData\Local\Temp\ccKPamo1.s:7758   .debug_str:0000000000002020 .LASF721
C:\Users\zero6575\AppData\Local\Temp\ccKPamo1.s:9426   .debug_str:0000000000007825 .LASF722
C:\Users\zero6575\AppData\Local\Temp\ccKPamo1.s:7852   .debug_str:00000000000025eb .LASF723
C:\Users\zero6575\AppData\Local\Temp\ccKPamo1.s:9432   .debug_str:000000000000784f .LASF724
C:\Users\zero6575\AppData\Local\Temp\ccKPamo1.s:8612   .debug_str:0000000000004e38 .LASF725
C:\Users\zero6575\AppData\Local\Temp\ccKPamo1.s:7672   .debug_str:0000000000001b74 .LASF726
C:\Users\zero6575\AppData\Local\Temp\ccKPamo1.s:7266   .debug_str:00000000000005e2 .LASF727
C:\Users\zero6575\AppData\Local\Temp\ccKPamo1.s:9262   .debug_str:0000000000007124 .LASF728
C:\Users\zero6575\AppData\Local\Temp\ccKPamo1.s:9890   .debug_str:0000000000009067 .LASF729
C:\Users\zero6575\AppData\Local\Temp\ccKPamo1.s:7178   .debug_str:0000000000000148 .LASF730
C:\Users\zero6575\AppData\Local\Temp\ccKPamo1.s:7544   .debug_str:0000000000001388 .LASF731
C:\Users\zero6575\AppData\Local\Temp\ccKPamo1.s:8892   .debug_str:0000000000005d85 .LASF732
C:\Users\zero6575\AppData\Local\Temp\ccKPamo1.s:9576   .debug_str:000000000000802a .LASF733
C:\Users\zero6575\AppData\Local\Temp\ccKPamo1.s:8694   .debug_str:0000000000005352 .LASF734
C:\Users\zero6575\AppData\Local\Temp\ccKPamo1.s:8222   .debug_str:000000000000398c .LASF735
C:\Users\zero6575\AppData\Local\Temp\ccKPamo1.s:7648   .debug_str:0000000000001a9d .LASF736
C:\Users\zero6575\AppData\Local\Temp\ccKPamo1.s:8874   .debug_str:0000000000005c5f .LASF737
C:\Users\zero6575\AppData\Local\Temp\ccKPamo1.s:8228   .debug_str:0000000000003a19 .LASF738
C:\Users\zero6575\AppData\Local\Temp\ccKPamo1.s:10002  .debug_str:0000000000009592 .LASF739
C:\Users\zero6575\AppData\Local\Temp\ccKPamo1.s:9616   .debug_str:00000000000081f5 .LASF740
C:\Users\zero6575\AppData\Local\Temp\ccKPamo1.s:10014  .debug_str:000000000000962b .LASF741
C:\Users\zero6575\AppData\Local\Temp\ccKPamo1.s:7968   .debug_str:0000000000002c06 .LASF742
C:\Users\zero6575\AppData\Local\Temp\ccKPamo1.s:8378   .debug_str:0000000000004218 .LASF743
C:\Users\zero6575\AppData\Local\Temp\ccKPamo1.s:9458   .debug_str:0000000000007970 .LASF744
C:\Users\zero6575\AppData\Local\Temp\ccKPamo1.s:8948   .debug_str:0000000000006041 .LASF745
C:\Users\zero6575\AppData\Local\Temp\ccKPamo1.s:8176   .debug_str:00000000000036d5 .LASF746
C:\Users\zero6575\AppData\Local\Temp\ccKPamo1.s:8778   .debug_str:0000000000005710 .LASF747
C:\Users\zero6575\AppData\Local\Temp\ccKPamo1.s:8626   .debug_str:0000000000004f4b .LASF748
C:\Users\zero6575\AppData\Local\Temp\ccKPamo1.s:7300   .debug_str:00000000000006d1 .LASF749
C:\Users\zero6575\AppData\Local\Temp\ccKPamo1.s:9192   .debug_str:0000000000006d51 .LASF750
C:\Users\zero6575\AppData\Local\Temp\ccKPamo1.s:7200   .debug_str:00000000000002c2 .LASF751
C:\Users\zero6575\AppData\Local\Temp\ccKPamo1.s:9970   .debug_str:000000000000947b .LASF752
C:\Users\zero6575\AppData\Local\Temp\ccKPamo1.s:9008   .debug_str:00000000000063d0 .LASF753
C:\Users\zero6575\AppData\Local\Temp\ccKPamo1.s:7934   .debug_str:0000000000002a1c .LASF754
C:\Users\zero6575\AppData\Local\Temp\ccKPamo1.s:7790   .debug_str:00000000000021a8 .LASF755
C:\Users\zero6575\AppData\Local\Temp\ccKPamo1.s:9446   .debug_str:00000000000078e7 .LASF756
C:\Users\zero6575\AppData\Local\Temp\ccKPamo1.s:9312   .debug_str:000000000000739e .LASF757
C:\Users\zero6575\AppData\Local\Temp\ccKPamo1.s:7260   .debug_str:00000000000005a8 .LASF758
C:\Users\zero6575\AppData\Local\Temp\ccKPamo1.s:7534   .debug_str:0000000000001309 .LASF759
C:\Users\zero6575\AppData\Local\Temp\ccKPamo1.s:8960   .debug_str:0000000000006108 .LASF762
C:\Users\zero6575\AppData\Local\Temp\ccKPamo1.s:9018   .debug_str:0000000000006433 .LASF763
C:\Users\zero6575\AppData\Local\Temp\ccKPamo1.s:9938   .debug_str:00000000000092db .LASF764
C:\Users\zero6575\AppData\Local\Temp\ccKPamo1.s:8556   .debug_str:0000000000004b1d .LASF765
C:\Users\zero6575\AppData\Local\Temp\ccKPamo1.s:9730   .debug_str:00000000000087e5 .LASF766
C:\Users\zero6575\AppData\Local\Temp\ccKPamo1.s:7426   .debug_str:0000000000000d57 .LASF767
C:\Users\zero6575\AppData\Local\Temp\ccKPamo1.s:7698   .debug_str:0000000000001d05 .LASF768
C:\Users\zero6575\AppData\Local\Temp\ccKPamo1.s:8288   .debug_str:0000000000003c9d .LASF769
C:\Users\zero6575\AppData\Local\Temp\ccKPamo1.s:9544   .debug_str:0000000000007e77 .LASF770
C:\Users\zero6575\AppData\Local\Temp\ccKPamo1.s:9896   .debug_str:0000000000009092 .LASF771
C:\Users\zero6575\AppData\Local\Temp\ccKPamo1.s:7978   .debug_str:0000000000002c69 .LASF772
C:\Users\zero6575\AppData\Local\Temp\ccKPamo1.s:7368   .debug_str:0000000000000a4d .LASF773
C:\Users\zero6575\AppData\Local\Temp\ccKPamo1.s:8370   .debug_str:0000000000004140 .LASF774
C:\Users\zero6575\AppData\Local\Temp\ccKPamo1.s:8852   .debug_str:0000000000005b65 .LASF775
C:\Users\zero6575\AppData\Local\Temp\ccKPamo1.s:7676   .debug_str:0000000000001bcb .LASF776
C:\Users\zero6575\AppData\Local\Temp\ccKPamo1.s:8750   .debug_str:00000000000055f0 .LASF777
C:\Users\zero6575\AppData\Local\Temp\ccKPamo1.s:9584   .debug_str:0000000000008079 .LASF778
C:\Users\zero6575\AppData\Local\Temp\ccKPamo1.s:8668   .debug_str:00000000000051d8 .LASF779
C:\Users\zero6575\AppData\Local\Temp\ccKPamo1.s:7768   .debug_str:000000000000207b .LASF780
C:\Users\zero6575\AppData\Local\Temp\ccKPamo1.s:9876   .debug_str:0000000000009000 .LASF781
C:\Users\zero6575\AppData\Local\Temp\ccKPamo1.s:7240   .debug_str:000000000000049b .LASF782
C:\Users\zero6575\AppData\Local\Temp\ccKPamo1.s:7824   .debug_str:0000000000002337 .LASF783
C:\Users\zero6575\AppData\Local\Temp\ccKPamo1.s:9560   .debug_str:0000000000007f5c .LASF784
C:\Users\zero6575\AppData\Local\Temp\ccKPamo1.s:9454   .debug_str:0000000000007928 .LASF785
C:\Users\zero6575\AppData\Local\Temp\ccKPamo1.s:7190   .debug_str:00000000000001d8 .LASF786
C:\Users\zero6575\AppData\Local\Temp\ccKPamo1.s:8550   .debug_str:0000000000004a7e .LASF787
C:\Users\zero6575\AppData\Local\Temp\ccKPamo1.s:8150   .debug_str:000000000000357d .LASF788
C:\Users\zero6575\AppData\Local\Temp\ccKPamo1.s:7376   .debug_str:0000000000000a96 .LASF789
C:\Users\zero6575\AppData\Local\Temp\ccKPamo1.s:9856   .debug_str:0000000000008f16 .LASF790
C:\Users\zero6575\AppData\Local\Temp\ccKPamo1.s:8216   .debug_str:0000000000003922 .LASF791
C:\Users\zero6575\AppData\Local\Temp\ccKPamo1.s:8136   .debug_str:00000000000034e0 .LASF792
C:\Users\zero6575\AppData\Local\Temp\ccKPamo1.s:9402   .debug_str:0000000000007721 .LASF793
C:\Users\zero6575\AppData\Local\Temp\ccKPamo1.s:8166   .debug_str:0000000000003620 .LASF794
C:\Users\zero6575\AppData\Local\Temp\ccKPamo1.s:7940   .debug_str:0000000000002a81 .LASF795
C:\Users\zero6575\AppData\Local\Temp\ccKPamo1.s:7624   .debug_str:0000000000001968 .LASF796
C:\Users\zero6575\AppData\Local\Temp\ccKPamo1.s:9500   .debug_str:0000000000007c5d .LASF797
C:\Users\zero6575\AppData\Local\Temp\ccKPamo1.s:9520   .debug_str:0000000000007d49 .LASF798
C:\Users\zero6575\AppData\Local\Temp\ccKPamo1.s:7638   .debug_str:0000000000001a0f .LASF799
C:\Users\zero6575\AppData\Local\Temp\ccKPamo1.s:8836   .debug_str:00000000000059b5 .LASF800
C:\Users\zero6575\AppData\Local\Temp\ccKPamo1.s:9688   .debug_str:00000000000085ba .LASF801
C:\Users\zero6575\AppData\Local\Temp\ccKPamo1.s:9862   .debug_str:0000000000008f72 .LASF802
C:\Users\zero6575\AppData\Local\Temp\ccKPamo1.s:9046   .debug_str:0000000000006576 .LASF803
C:\Users\zero6575\AppData\Local\Temp\ccKPamo1.s:9808   .debug_str:0000000000008c07 .LASF804
C:\Users\zero6575\AppData\Local\Temp\ccKPamo1.s:9918   .debug_str:00000000000091ab .LASF805
C:\Users\zero6575\AppData\Local\Temp\ccKPamo1.s:9322   .debug_str:00000000000073f9 .LASF806
C:\Users\zero6575\AppData\Local\Temp\ccKPamo1.s:9558   .debug_str:0000000000007f4e .LASF807
C:\Users\zero6575\AppData\Local\Temp\ccKPamo1.s:9410   .debug_str:000000000000777e .LASF808
C:\Users\zero6575\AppData\Local\Temp\ccKPamo1.s:8260   .debug_str:0000000000003b87 .LASF809
C:\Users\zero6575\AppData\Local\Temp\ccKPamo1.s:7840   .debug_str:00000000000023e6 .LASF810
C:\Users\zero6575\AppData\Local\Temp\ccKPamo1.s:7518   .debug_str:0000000000001226 .LASF811
C:\Users\zero6575\AppData\Local\Temp\ccKPamo1.s:9122   .debug_str:00000000000069a1 .LASF812
C:\Users\zero6575\AppData\Local\Temp\ccKPamo1.s:9604   .debug_str:0000000000008171 .LASF813
C:\Users\zero6575\AppData\Local\Temp\ccKPamo1.s:9734   .debug_str:000000000000880d .LASF814
C:\Users\zero6575\AppData\Local\Temp\ccKPamo1.s:8630   .debug_str:0000000000004f70 .LASF815
C:\Users\zero6575\AppData\Local\Temp\ccKPamo1.s:7338   .debug_str:00000000000008d6 .LASF816
C:\Users\zero6575\AppData\Local\Temp\ccKPamo1.s:8366   .debug_str:00000000000040fa .LASF817
C:\Users\zero6575\AppData\Local\Temp\ccKPamo1.s:8468   .debug_str:0000000000004633 .LASF818
C:\Users\zero6575\AppData\Local\Temp\ccKPamo1.s:7468   .debug_str:0000000000000f55 .LASF819
C:\Users\zero6575\AppData\Local\Temp\ccKPamo1.s:9710   .debug_str:0000000000008694 .LASF820
C:\Users\zero6575\AppData\Local\Temp\ccKPamo1.s:9238   .debug_str:0000000000006f78 .LASF821
C:\Users\zero6575\AppData\Local\Temp\ccKPamo1.s:8650   .debug_str:0000000000005067 .LASF822
C:\Users\zero6575\AppData\Local\Temp\ccKPamo1.s:9712   .debug_str:00000000000086c9 .LASF823
C:\Users\zero6575\AppData\Local\Temp\ccKPamo1.s:9024   .debug_str:000000000000646b .LASF824
C:\Users\zero6575\AppData\Local\Temp\ccKPamo1.s:8998   .debug_str:0000000000006325 .LASF825
C:\Users\zero6575\AppData\Local\Temp\ccKPamo1.s:8346   .debug_str:0000000000003f1e .LASF826
C:\Users\zero6575\AppData\Local\Temp\ccKPamo1.s:8362   .debug_str:0000000000003ffe .LASF827
C:\Users\zero6575\AppData\Local\Temp\ccKPamo1.s:9440   .debug_str:00000000000078a4 .LASF828
C:\Users\zero6575\AppData\Local\Temp\ccKPamo1.s:7414   .debug_str:0000000000000c4a .LASF829
C:\Users\zero6575\AppData\Local\Temp\ccKPamo1.s:9050   .debug_str:000000000000659a .LASF830
C:\Users\zero6575\AppData\Local\Temp\ccKPamo1.s:8424   .debug_str:00000000000043c4 .LASF831
C:\Users\zero6575\AppData\Local\Temp\ccKPamo1.s:9916   .debug_str:0000000000009183 .LASF832
C:\Users\zero6575\AppData\Local\Temp\ccKPamo1.s:9422   .debug_str:00000000000077fd .LASF833
C:\Users\zero6575\AppData\Local\Temp\ccKPamo1.s:7326   .debug_str:0000000000000820 .LASF834
C:\Users\zero6575\AppData\Local\Temp\ccKPamo1.s:8722   .debug_str:00000000000054a0 .LASF835
C:\Users\zero6575\AppData\Local\Temp\ccKPamo1.s:7892   .debug_str:00000000000027b2 .LASF836
C:\Users\zero6575\AppData\Local\Temp\ccKPamo1.s:7580   .debug_str:00000000000017a6 .LASF837
C:\Users\zero6575\AppData\Local\Temp\ccKPamo1.s:9460   .debug_str:0000000000007984 .LASF838
C:\Users\zero6575\AppData\Local\Temp\ccKPamo1.s:9906   .debug_str:00000000000090e9 .LASF839
C:\Users\zero6575\AppData\Local\Temp\ccKPamo1.s:9126   .debug_str:00000000000069dd .LASF840
C:\Users\zero6575\AppData\Local\Temp\ccKPamo1.s:8624   .debug_str:0000000000004ebf .LASF841
C:\Users\zero6575\AppData\Local\Temp\ccKPamo1.s:7210   .debug_str:0000000000000320 .LASF842
C:\Users\zero6575\AppData\Local\Temp\ccKPamo1.s:7956   .debug_str:0000000000002b46 .LASF843
C:\Users\zero6575\AppData\Local\Temp\ccKPamo1.s:7926   .debug_str:0000000000002990 .LASF844
C:\Users\zero6575\AppData\Local\Temp\ccKPamo1.s:8994   .debug_str:00000000000062ae .LASF845
C:\Users\zero6575\AppData\Local\Temp\ccKPamo1.s:8974   .debug_str:00000000000061bf .LASF846
C:\Users\zero6575\AppData\Local\Temp\ccKPamo1.s:7604   .debug_str:00000000000018a9 .LASF847
C:\Users\zero6575\AppData\Local\Temp\ccKPamo1.s:8224   .debug_str:000000000000399c .LASF848
C:\Users\zero6575\AppData\Local\Temp\ccKPamo1.s:9308   .debug_str:0000000000007317 .LASF849
C:\Users\zero6575\AppData\Local\Temp\ccKPamo1.s:8882   .debug_str:0000000000005ca3 .LASF850
C:\Users\zero6575\AppData\Local\Temp\ccKPamo1.s:7478   .debug_str:0000000000000fec .LASF851
C:\Users\zero6575\AppData\Local\Temp\ccKPamo1.s:8172   .debug_str:0000000000003664 .LASF852
C:\Users\zero6575\AppData\Local\Temp\ccKPamo1.s:7774   .debug_str:00000000000020d2 .LASF853
C:\Users\zero6575\AppData\Local\Temp\ccKPamo1.s:8660   .debug_str:00000000000050da .LASF854
C:\Users\zero6575\AppData\Local\Temp\ccKPamo1.s:9084   .debug_str:0000000000006797 .LASF855
C:\Users\zero6575\AppData\Local\Temp\ccKPamo1.s:9326   .debug_str:0000000000007423 .LASF856
C:\Users\zero6575\AppData\Local\Temp\ccKPamo1.s:9756   .debug_str:000000000000898e .LASF857
C:\Users\zero6575\AppData\Local\Temp\ccKPamo1.s:7712   .debug_str:0000000000001d96 .LASF858
C:\Users\zero6575\AppData\Local\Temp\ccKPamo1.s:8838   .debug_str:00000000000059d1 .LASF859
C:\Users\zero6575\AppData\Local\Temp\ccKPamo1.s:7674   .debug_str:0000000000001b83 .LASF860
C:\Users\zero6575\AppData\Local\Temp\ccKPamo1.s:8146   .debug_str:0000000000003551 .LASF861
C:\Users\zero6575\AppData\Local\Temp\ccKPamo1.s:9494   .debug_str:0000000000007bed .LASF862
C:\Users\zero6575\AppData\Local\Temp\ccKPamo1.s:7218   .debug_str:00000000000003bc .LASF863
C:\Users\zero6575\AppData\Local\Temp\ccKPamo1.s:9670   .debug_str:00000000000084bb .LASF864
C:\Users\zero6575\AppData\Local\Temp\ccKPamo1.s:8388   .debug_str:0000000000004286 .LASF865
C:\Users\zero6575\AppData\Local\Temp\ccKPamo1.s:7662   .debug_str:0000000000001b02 .LASF866
C:\Users\zero6575\AppData\Local\Temp\ccKPamo1.s:8622   .debug_str:0000000000004e9f .LASF867
C:\Users\zero6575\AppData\Local\Temp\ccKPamo1.s:7718   .debug_str:0000000000001dfc .LASF868
C:\Users\zero6575\AppData\Local\Temp\ccKPamo1.s:8848   .debug_str:0000000000005a69 .LASF869
C:\Users\zero6575\AppData\Local\Temp\ccKPamo1.s:8212   .debug_str:00000000000038c6 .LASF870
C:\Users\zero6575\AppData\Local\Temp\ccKPamo1.s:8582   .debug_str:0000000000004c93 .LASF871
C:\Users\zero6575\AppData\Local\Temp\ccKPamo1.s:8046   .debug_str:0000000000003043 .LASF872
C:\Users\zero6575\AppData\Local\Temp\ccKPamo1.s:9044   .debug_str:0000000000006529 .LASF873
C:\Users\zero6575\AppData\Local\Temp\ccKPamo1.s:8860   .debug_str:0000000000005bab .LASF874
C:\Users\zero6575\AppData\Local\Temp\ccKPamo1.s:8002   .debug_str:0000000000002db6 .LASF875
C:\Users\zero6575\AppData\Local\Temp\ccKPamo1.s:7938   .debug_str:0000000000002a3a .LASF876
C:\Users\zero6575\AppData\Local\Temp\ccKPamo1.s:8914   .debug_str:0000000000005e6a .LASF877
C:\Users\zero6575\AppData\Local\Temp\ccKPamo1.s:8348   .debug_str:0000000000003f48 .LASF878
C:\Users\zero6575\AppData\Local\Temp\ccKPamo1.s:7484   .debug_str:000000000000104a .LASF879
C:\Users\zero6575\AppData\Local\Temp\ccKPamo1.s:7382   .debug_str:0000000000000af3 .LASF880
C:\Users\zero6575\AppData\Local\Temp\ccKPamo1.s:8956   .debug_str:00000000000060b5 .LASF881
C:\Users\zero6575\AppData\Local\Temp\ccKPamo1.s:8464   .debug_str:00000000000045eb .LASF882
C:\Users\zero6575\AppData\Local\Temp\ccKPamo1.s:8134   .debug_str:00000000000034d3 .LASF883
C:\Users\zero6575\AppData\Local\Temp\ccKPamo1.s:8064   .debug_str:0000000000003129 .LASF887
C:\Users\zero6575\AppData\Local\Temp\ccKPamo1.s:8866   .debug_str:0000000000005c25 .LASF888
C:\Users\zero6575\AppData\Local\Temp\ccKPamo1.s:9144   .debug_str:0000000000006b03 .LASF889
C:\Users\zero6575\AppData\Local\Temp\ccKPamo1.s:7558   .debug_str:00000000000016d6 .LASF890
C:\Users\zero6575\AppData\Local\Temp\ccKPamo1.s:9814   .debug_str:0000000000008c44 .LASF891
C:\Users\zero6575\AppData\Local\Temp\ccKPamo1.s:7560   .debug_str:00000000000016e8 .LASF892
C:\Users\zero6575\AppData\Local\Temp\ccKPamo1.s:7488   .debug_str:000000000000109e .LASF893
C:\Users\zero6575\AppData\Local\Temp\ccKPamo1.s:8986   .debug_str:0000000000006270 .LASF894
C:\Users\zero6575\AppData\Local\Temp\ccKPamo1.s:9090   .debug_str:00000000000067f5 .LASF895
C:\Users\zero6575\AppData\Local\Temp\ccKPamo1.s:9698   .debug_str:000000000000861d .LASF896
C:\Users\zero6575\AppData\Local\Temp\ccKPamo1.s:8082   .debug_str:00000000000031eb .LASF897
C:\Users\zero6575\AppData\Local\Temp\ccKPamo1.s:7406   .debug_str:0000000000000c1a .LASF898
C:\Users\zero6575\AppData\Local\Temp\ccKPamo1.s:9082   .debug_str:000000000000678a .LASF899
C:\Users\zero6575\AppData\Local\Temp\ccKPamo1.s:9708   .debug_str:0000000000008684 .LASF900
C:\Users\zero6575\AppData\Local\Temp\ccKPamo1.s:8110   .debug_str:0000000000003387 .LASF901
C:\Users\zero6575\AppData\Local\Temp\ccKPamo1.s:8878   .debug_str:0000000000005c79 .LASF902
C:\Users\zero6575\AppData\Local\Temp\ccKPamo1.s:9346   .debug_str:00000000000074fc .LASF903
C:\Users\zero6575\AppData\Local\Temp\ccKPamo1.s:9096   .debug_str:0000000000006897 .LASF904
C:\Users\zero6575\AppData\Local\Temp\ccKPamo1.s:9068   .debug_str:00000000000066d5 .LASF905
C:\Users\zero6575\AppData\Local\Temp\ccKPamo1.s:9638   .debug_str:00000000000082f3 .LASF906
C:\Users\zero6575\AppData\Local\Temp\ccKPamo1.s:9406   .debug_str:0000000000007756 .LASF907
C:\Users\zero6575\AppData\Local\Temp\ccKPamo1.s:8328   .debug_str:0000000000003e8d .LASF908
C:\Users\zero6575\AppData\Local\Temp\ccKPamo1.s:8738   .debug_str:000000000000554d .LASF909
C:\Users\zero6575\AppData\Local\Temp\ccKPamo1.s:9284   .debug_str:0000000000007231 .LASF910
C:\Users\zero6575\AppData\Local\Temp\ccKPamo1.s:9196   .debug_str:0000000000006d7a .LASF911
C:\Users\zero6575\AppData\Local\Temp\ccKPamo1.s:9962   .debug_str:0000000000009425 .LASF912
C:\Users\zero6575\AppData\Local\Temp\ccKPamo1.s:8832   .debug_str:0000000000005982 .LASF913
C:\Users\zero6575\AppData\Local\Temp\ccKPamo1.s:9412   .debug_str:000000000000778e .LASF914
C:\Users\zero6575\AppData\Local\Temp\ccKPamo1.s:9720   .debug_str:0000000000008743 .LASF915
C:\Users\zero6575\AppData\Local\Temp\ccKPamo1.s:7458   .debug_str:0000000000000ecb .LASF916
C:\Users\zero6575\AppData\Local\Temp\ccKPamo1.s:8598   .debug_str:0000000000004d62 .LASF917
C:\Users\zero6575\AppData\Local\Temp\ccKPamo1.s:9526   .debug_str:0000000000007dab .LASF918
C:\Users\zero6575\AppData\Local\Temp\ccKPamo1.s:7206   .debug_str:00000000000002fb .LASF919
C:\Users\zero6575\AppData\Local\Temp\ccKPamo1.s:9716   .debug_str:0000000000008715 .LASF920
C:\Users\zero6575\AppData\Local\Temp\ccKPamo1.s:8470   .debug_str:0000000000004666 .LASF921
C:\Users\zero6575\AppData\Local\Temp\ccKPamo1.s:7928   .debug_str:00000000000029ce .LASF922
C:\Users\zero6575\AppData\Local\Temp\ccKPamo1.s:8252   .debug_str:0000000000003b34 .LASF923
C:\Users\zero6575\AppData\Local\Temp\ccKPamo1.s:9740   .debug_str:00000000000088be .LASF924
C:\Users\zero6575\AppData\Local\Temp\ccKPamo1.s:7514   .debug_str:0000000000001204 .LASF925
C:\Users\zero6575\AppData\Local\Temp\ccKPamo1.s:9336   .debug_str:000000000000748f .LASF926
C:\Users\zero6575\AppData\Local\Temp\ccKPamo1.s:9692   .debug_str:00000000000085f6 .LASF927
C:\Users\zero6575\AppData\Local\Temp\ccKPamo1.s:8726   .debug_str:00000000000054da .LASF932
C:\Users\zero6575\AppData\Local\Temp\ccKPamo1.s:7838   .debug_str:00000000000023ca .LASF933
C:\Users\zero6575\AppData\Local\Temp\ccKPamo1.s:7714   .debug_str:0000000000001dd3 .LASF934
C:\Users\zero6575\AppData\Local\Temp\ccKPamo1.s:8400   .debug_str:00000000000042fb .LASF935
C:\Users\zero6575\AppData\Local\Temp\ccKPamo1.s:9178   .debug_str:0000000000006c88 .LASF936
C:\Users\zero6575\AppData\Local\Temp\ccKPamo1.s:8028   .debug_str:0000000000002f7e .LASF937
C:\Users\zero6575\AppData\Local\Temp\ccKPamo1.s:8558   .debug_str:0000000000004b56 .LASF938
C:\Users\zero6575\AppData\Local\Temp\ccKPamo1.s:7498   .debug_str:0000000000001112 .LASF939
C:\Users\zero6575\AppData\Local\Temp\ccKPamo1.s:9154   .debug_str:0000000000006b66 .LASF940
C:\Users\zero6575\AppData\Local\Temp\ccKPamo1.s:8880   .debug_str:0000000000005c88 .LASF941
C:\Users\zero6575\AppData\Local\Temp\ccKPamo1.s:9408   .debug_str:0000000000007769 .LASF942
C:\Users\zero6575\AppData\Local\Temp\ccKPamo1.s:7598   .debug_str:000000000000186c .LASF943
C:\Users\zero6575\AppData\Local\Temp\ccKPamo1.s:9252   .debug_str:00000000000070dd .LASF944
C:\Users\zero6575\AppData\Local\Temp\ccKPamo1.s:9014   .debug_str:0000000000006402 .LASF945
C:\Users\zero6575\AppData\Local\Temp\ccKPamo1.s:8342   .debug_str:0000000000003f01 .LASF946
C:\Users\zero6575\AppData\Local\Temp\ccKPamo1.s:7252   .debug_str:0000000000000545 .LASF947
C:\Users\zero6575\AppData\Local\Temp\ccKPamo1.s:9194   .debug_str:0000000000006d5c .LASF948
C:\Users\zero6575\AppData\Local\Temp\ccKPamo1.s:8692   .debug_str:000000000000529d .LASF949
C:\Users\zero6575\AppData\Local\Temp\ccKPamo1.s:7332   .debug_str:0000000000000864 .LASF950
C:\Users\zero6575\AppData\Local\Temp\ccKPamo1.s:9094   .debug_str:000000000000682d .LASF951
C:\Users\zero6575\AppData\Local\Temp\ccKPamo1.s:8916   .debug_str:0000000000005ebb .LASF952
C:\Users\zero6575\AppData\Local\Temp\ccKPamo1.s:7706   .debug_str:0000000000001d68 .LASF953
C:\Users\zero6575\AppData\Local\Temp\ccKPamo1.s:8368   .debug_str:0000000000004127 .LASF954
C:\Users\zero6575\AppData\Local\Temp\ccKPamo1.s:7828   .debug_str:0000000000002379 .LASF955
C:\Users\zero6575\AppData\Local\Temp\ccKPamo1.s:7286   .debug_str:000000000000066d .LASF957
C:\Users\zero6575\AppData\Local\Temp\ccKPamo1.s:7510   .debug_str:00000000000011d7 .LASF958
C:\Users\zero6575\AppData\Local\Temp\ccKPamo1.s:9234   .debug_str:0000000000006f55 .LASF959
C:\Users\zero6575\AppData\Local\Temp\ccKPamo1.s:7764   .debug_str:000000000000205f .LASF960
C:\Users\zero6575\AppData\Local\Temp\ccKPamo1.s:8162   .debug_str:00000000000035f9 .LASF961
C:\Users\zero6575\AppData\Local\Temp\ccKPamo1.s:8026   .debug_str:0000000000002f76 .LASF962
C:\Users\zero6575\AppData\Local\Temp\ccKPamo1.s:9750   .debug_str:000000000000891f .LASF963
C:\Users\zero6575\AppData\Local\Temp\ccKPamo1.s:7608   .debug_str:00000000000018e2 .LASF964
C:\Users\zero6575\AppData\Local\Temp\ccKPamo1.s:9598   .debug_str:0000000000008109 .LASF965
C:\Users\zero6575\AppData\Local\Temp\ccKPamo1.s:7472   .debug_str:0000000000000f9b .LASF966
C:\Users\zero6575\AppData\Local\Temp\ccKPamo1.s:8438   .debug_str:0000000000004488 .LASF967
C:\Users\zero6575\AppData\Local\Temp\ccKPamo1.s:7238   .debug_str:0000000000000491 .LASF969
C:\Users\zero6575\AppData\Local\Temp\ccKPamo1.s:9132   .debug_str:0000000000006a5b .LASF970
C:\Users\zero6575\AppData\Local\Temp\ccKPamo1.s:7594   .debug_str:000000000000183b .LASF971
C:\Users\zero6575\AppData\Local\Temp\ccKPamo1.s:8218   .debug_str:000000000000395b .LASF972
C:\Users\zero6575\AppData\Local\Temp\ccKPamo1.s:9662   .debug_str:0000000000008465 .LASF973
C:\Users\zero6575\AppData\Local\Temp\ccKPamo1.s:8118   .debug_str:0000000000003403 .LASF974
C:\Users\zero6575\AppData\Local\Temp\ccKPamo1.s:8230   .debug_str:0000000000003a27 .LASF975
C:\Users\zero6575\AppData\Local\Temp\ccKPamo1.s:9704   .debug_str:0000000000008654 .LASF977
C:\Users\zero6575\AppData\Local\Temp\ccKPamo1.s:7946   .debug_str:0000000000002ad8 .LASF978
C:\Users\zero6575\AppData\Local\Temp\ccKPamo1.s:8714   .debug_str:000000000000544d .LASF979
C:\Users\zero6575\AppData\Local\Temp\ccKPamo1.s:7992   .debug_str:0000000000002d3c .LASF980
C:\Users\zero6575\AppData\Local\Temp\ccKPamo1.s:8034   .debug_str:0000000000002fba .LASF981
C:\Users\zero6575\AppData\Local\Temp\ccKPamo1.s:8588   .debug_str:0000000000004cf6 .LASF982
C:\Users\zero6575\AppData\Local\Temp\ccKPamo1.s:9776   .debug_str:0000000000008a72 .LASF983
C:\Users\zero6575\AppData\Local\Temp\ccKPamo1.s:7350   .debug_str:00000000000009c6 .LASF984
C:\Users\zero6575\AppData\Local\Temp\ccKPamo1.s:7798   .debug_str:0000000000002205 .LASF985
C:\Users\zero6575\AppData\Local\Temp\ccKPamo1.s:7342   .debug_str:000000000000091d .LASF986
C:\Users\zero6575\AppData\Local\Temp\ccKPamo1.s:8010   .debug_str:0000000000002e66 .LASF987
C:\Users\zero6575\AppData\Local\Temp\ccKPamo1.s:8244   .debug_str:0000000000003ab0 .LASF988
C:\Users\zero6575\AppData\Local\Temp\ccKPamo1.s:9620   .debug_str:0000000000008216 .LASF989
C:\Users\zero6575\AppData\Local\Temp\ccKPamo1.s:9476   .debug_str:0000000000007aa4 .LASF990
C:\Users\zero6575\AppData\Local\Temp\ccKPamo1.s:9504   .debug_str:0000000000007c8d .LASF991
C:\Users\zero6575\AppData\Local\Temp\ccKPamo1.s:8226   .debug_str:00000000000039ff .LASF992
C:\Users\zero6575\AppData\Local\Temp\ccKPamo1.s:9746   .debug_str:00000000000088f7 .LASF993
C:\Users\zero6575\AppData\Local\Temp\ccKPamo1.s:8408   .debug_str:000000000000435d .LASF996
C:\Users\zero6575\AppData\Local\Temp\ccKPamo1.s:9974   .debug_str:000000000000948d .LASF997
C:\Users\zero6575\AppData\Local\Temp\ccKPamo1.s:8436   .debug_str:0000000000004476 .LASF998
C:\Users\zero6575\AppData\Local\Temp\ccKPamo1.s:7576   .debug_str:0000000000001780 .LASF999
C:\Users\zero6575\AppData\Local\Temp\ccKPamo1.s:8062   .debug_str:0000000000003117 .LASF1000
C:\Users\zero6575\AppData\Local\Temp\ccKPamo1.s:7930   .debug_str:00000000000029e0 .LASF1001
C:\Users\zero6575\AppData\Local\Temp\ccKPamo1.s:9950   .debug_str:0000000000009388 .LASF1002
C:\Users\zero6575\AppData\Local\Temp\ccKPamo1.s:8784   .debug_str:0000000000005734 .LASF1003
C:\Users\zero6575\AppData\Local\Temp\ccKPamo1.s:8850   .debug_str:0000000000005a8e .LASF1004
C:\Users\zero6575\AppData\Local\Temp\ccKPamo1.s:8364   .debug_str:000000000000402a .LASF1005
C:\Users\zero6575\AppData\Local\Temp\ccKPamo1.s:8304   .debug_str:0000000000003d47 .LASF1008
C:\Users\zero6575\AppData\Local\Temp\ccKPamo1.s:9492   .debug_str:0000000000007b7e .LASF1009
C:\Users\zero6575\AppData\Local\Temp\ccKPamo1.s:7578   .debug_str:0000000000001792 .LASF1010
C:\Users\zero6575\AppData\Local\Temp\ccKPamo1.s:8586   .debug_str:0000000000004ce3 .LASF1011
C:\Users\zero6575\AppData\Local\Temp\ccKPamo1.s:9512   .debug_str:0000000000007cf1 .LASF1012
C:\Users\zero6575\AppData\Local\Temp\ccKPamo1.s:8528   .debug_str:0000000000004975 .LASF1013
C:\Users\zero6575\AppData\Local\Temp\ccKPamo1.s:8044   .debug_str:0000000000003021 .LASF1014
C:\Users\zero6575\AppData\Local\Temp\ccKPamo1.s:7530   .debug_str:00000000000012d8 .LASF1015
C:\Users\zero6575\AppData\Local\Temp\ccKPamo1.s:7890   .debug_str:000000000000276e .LASF1016
C:\Users\zero6575\AppData\Local\Temp\ccKPamo1.s:8114   .debug_str:00000000000033a8 .LASF1017
C:\Users\zero6575\AppData\Local\Temp\ccKPamo1.s:7422   .debug_str:0000000000000ce9 .LASF1018
C:\Users\zero6575\AppData\Local\Temp\ccKPamo1.s:8014   .debug_str:0000000000002e9f .LASF1019
C:\Users\zero6575\AppData\Local\Temp\ccKPamo1.s:7270   .debug_str:00000000000005fb .LASF1020
C:\Users\zero6575\AppData\Local\Temp\ccKPamo1.s:7280   .debug_str:0000000000000648 .LASF1021
C:\Users\zero6575\AppData\Local\Temp\ccKPamo1.s:8644   .debug_str:000000000000502b .LASF1022
C:\Users\zero6575\AppData\Local\Temp\ccKPamo1.s:8730   .debug_str:000000000000550e .LASF1023
C:\Users\zero6575\AppData\Local\Temp\ccKPamo1.s:9854   .debug_str:0000000000008f04 .LASF1024
C:\Users\zero6575\AppData\Local\Temp\ccKPamo1.s:9428   .debug_str:0000000000007835 .LASF1025
C:\Users\zero6575\AppData\Local\Temp\ccKPamo1.s:9148   .debug_str:0000000000006b2e .LASF1026
C:\Users\zero6575\AppData\Local\Temp\ccKPamo1.s:7646   .debug_str:0000000000001a8b .LASF1027
C:\Users\zero6575\AppData\Local\Temp\ccKPamo1.s:8074   .debug_str:000000000000317e .LASF1028
C:\Users\zero6575\AppData\Local\Temp\ccKPamo1.s:8144   .debug_str:000000000000353d .LASF1029
C:\Users\zero6575\AppData\Local\Temp\ccKPamo1.s:7366   .debug_str:0000000000000a38 .LASF1030
C:\Users\zero6575\AppData\Local\Temp\ccKPamo1.s:8764   .debug_str:000000000000567e .LASF1031
C:\Users\zero6575\AppData\Local\Temp\ccKPamo1.s:9158   .debug_str:0000000000006baa .LASF1032
C:\Users\zero6575\AppData\Local\Temp\ccKPamo1.s:9304   .debug_str:00000000000072fa .LASF1033
C:\Users\zero6575\AppData\Local\Temp\ccKPamo1.s:8766   .debug_str:0000000000005691 .LASF1034
C:\Users\zero6575\AppData\Local\Temp\ccKPamo1.s:8116   .debug_str:00000000000033ed .LASF1035
C:\Users\zero6575\AppData\Local\Temp\ccKPamo1.s:7650   .debug_str:0000000000001aaa .LASF1036
C:\Users\zero6575\AppData\Local\Temp\ccKPamo1.s:9618   .debug_str:0000000000008205 .LASF1037
C:\Users\zero6575\AppData\Local\Temp\ccKPamo1.s:9540   .debug_str:0000000000007e51 .LASF1038
C:\Users\zero6575\AppData\Local\Temp\ccKPamo1.s:8576   .debug_str:0000000000004c3c .LASF1039
C:\Users\zero6575\AppData\Local\Temp\ccKPamo1.s:8820   .debug_str:0000000000005900 .LASF1040
C:\Users\zero6575\AppData\Local\Temp\ccKPamo1.s:7144   .debug_str:0000000000000012 .LASF1041
C:\Users\zero6575\AppData\Local\Temp\ccKPamo1.s:9102   .debug_str:00000000000068f4 .LASF1042
C:\Users\zero6575\AppData\Local\Temp\ccKPamo1.s:8206   .debug_str:0000000000003887 .LASF1043
C:\Users\zero6575\AppData\Local\Temp\ccKPamo1.s:9392   .debug_str:00000000000076a1 .LASF1044
C:\Users\zero6575\AppData\Local\Temp\ccKPamo1.s:9030   .debug_str:00000000000064a2 .LASF1045
C:\Users\zero6575\AppData\Local\Temp\ccKPamo1.s:8808   .debug_str:00000000000058ae .LASF1046
C:\Users\zero6575\AppData\Local\Temp\ccKPamo1.s:9948   .debug_str:0000000000009373 .LASF1047
C:\Users\zero6575\AppData\Local\Temp\ccKPamo1.s:8524   .debug_str:0000000000004944 .LASF1048
C:\Users\zero6575\AppData\Local\Temp\ccKPamo1.s:9626   .debug_str:0000000000008282 .LASF1049
C:\Users\zero6575\AppData\Local\Temp\ccKPamo1.s:9212   .debug_str:0000000000006e43 .LASF1050
C:\Users\zero6575\AppData\Local\Temp\ccKPamo1.s:7868   .debug_str:00000000000026aa .LASF1051
C:\Users\zero6575\AppData\Local\Temp\ccKPamo1.s:9016   .debug_str:0000000000006424 .LASF1053
C:\Users\zero6575\AppData\Local\Temp\ccKPamo1.s:8412   .debug_str:0000000000004379 .LASF1054
C:\Users\zero6575\AppData\Local\Temp\ccKPamo1.s:7882   .debug_str:0000000000002727 .LASF1055
C:\Users\zero6575\AppData\Local\Temp\ccKPamo1.s:7410   .debug_str:0000000000000c34 .LASF1056
C:\Users\zero6575\AppData\Local\Temp\ccKPamo1.s:7450   .debug_str:0000000000000e7e .LASF1057
C:\Users\zero6575\AppData\Local\Temp\ccKPamo1.s:8506   .debug_str:0000000000004850 .LASF1058
C:\Users\zero6575\AppData\Local\Temp\ccKPamo1.s:7440   .debug_str:0000000000000e1d .LASF1059
C:\Users\zero6575\AppData\Local\Temp\ccKPamo1.s:9086   .debug_str:00000000000067b7 .LASF1060
C:\Users\zero6575\AppData\Local\Temp\ccKPamo1.s:8504   .debug_str:0000000000004836 .LASF1061
C:\Users\zero6575\AppData\Local\Temp\ccKPamo1.s:9838   .debug_str:0000000000008e5b .LASF1062
C:\Users\zero6575\AppData\Local\Temp\ccKPamo1.s:9564   .debug_str:0000000000007f86 .LASF1063
C:\Users\zero6575\AppData\Local\Temp\ccKPamo1.s:8004   .debug_str:0000000000002e03 .LASF1064
C:\Users\zero6575\AppData\Local\Temp\ccKPamo1.s:9722   .debug_str:000000000000876b .LASF1065
C:\Users\zero6575\AppData\Local\Temp\ccKPamo1.s:9038   .debug_str:0000000000006508 .LASF1067
C:\Users\zero6575\AppData\Local\Temp\ccKPamo1.s:8900   .debug_str:0000000000005dd9 .LASF1068
C:\Users\zero6575\AppData\Local\Temp\ccKPamo1.s:8896   .debug_str:0000000000005db2 .LASF1069
C:\Users\zero6575\AppData\Local\Temp\ccKPamo1.s:8112   .debug_str:0000000000003398 .LASF1070
C:\Users\zero6575\AppData\Local\Temp\ccKPamo1.s:7974   .debug_str:0000000000002c3c .LASF1071
C:\Users\zero6575\AppData\Local\Temp\ccKPamo1.s:7244   .debug_str:00000000000004c9 .LASF1072
C:\Users\zero6575\AppData\Local\Temp\ccKPamo1.s:9522   .debug_str:0000000000007d62 .LASF1073
C:\Users\zero6575\AppData\Local\Temp\ccKPamo1.s:9804   .debug_str:0000000000008bdf .LASF1074
C:\Users\zero6575\AppData\Local\Temp\ccKPamo1.s:8716   .debug_str:000000000000545e .LASF1075
C:\Users\zero6575\AppData\Local\Temp\ccKPamo1.s:9942   .debug_str:00000000000092fe .LASF1076
C:\Users\zero6575\AppData\Local\Temp\ccKPamo1.s:7600   .debug_str:0000000000001882 .LASF1077
C:\Users\zero6575\AppData\Local\Temp\ccKPamo1.s:9536   .debug_str:0000000000007e0e .LASF1078
C:\Users\zero6575\AppData\Local\Temp\ccKPamo1.s:8746   .debug_str:00000000000055b4 .LASF1079
C:\Users\zero6575\AppData\Local\Temp\ccKPamo1.s:8858   .debug_str:0000000000005ba3 .LASF1085
C:\Users\zero6575\AppData\Local\Temp\ccKPamo1.s:7902   .debug_str:0000000000002854 .LASF1086
C:\Users\zero6575\AppData\Local\Temp\ccKPamo1.s:8428   .debug_str:0000000000004440 .LASF1087
C:\Users\zero6575\AppData\Local\Temp\ccKPamo1.s:7168   .debug_str:00000000000000f9 .LASF1088
C:\Users\zero6575\AppData\Local\Temp\ccKPamo1.s:9996   .debug_str:0000000000009553 .LASF1089
C:\Users\zero6575\AppData\Local\Temp\ccKPamo1.s:8876   .debug_str:0000000000005c6d .LASF1090
C:\Users\zero6575\AppData\Local\Temp\ccKPamo1.s:8846   .debug_str:0000000000005a5d .LASF1091
C:\Users\zero6575\AppData\Local\Temp\ccKPamo1.s:9170   .debug_str:0000000000006c1b .LASF1092
C:\Users\zero6575\AppData\Local\Temp\ccKPamo1.s:9790   .debug_str:0000000000008b3a .LASF1093
C:\Users\zero6575\AppData\Local\Temp\ccKPamo1.s:8094   .debug_str:00000000000032bd .LASF1094
C:\Users\zero6575\AppData\Local\Temp\ccKPamo1.s:10024  .debug_str:0000000000009683 .LASF1095
C:\Users\zero6575\AppData\Local\Temp\ccKPamo1.s:9058   .debug_str:0000000000006654 .LASF1096
C:\Users\zero6575\AppData\Local\Temp\ccKPamo1.s:9772   .debug_str:0000000000008a4e .LASF1097
C:\Users\zero6575\AppData\Local\Temp\ccKPamo1.s:9152   .debug_str:0000000000006b57 .LASF1098
C:\Users\zero6575\AppData\Local\Temp\ccKPamo1.s:8698   .debug_str:000000000000538d .LASF1099
C:\Users\zero6575\AppData\Local\Temp\ccKPamo1.s:8282   .debug_str:0000000000003c78 .LASF1100
C:\Users\zero6575\AppData\Local\Temp\ccKPamo1.s:7716   .debug_str:0000000000001ded .LASF1101
C:\Users\zero6575\AppData\Local\Temp\ccKPamo1.s:8968   .debug_str:0000000000006164 .LASF1102
C:\Users\zero6575\AppData\Local\Temp\ccKPamo1.s:8462   .debug_str:00000000000045d8 .LASF1103
C:\Users\zero6575\AppData\Local\Temp\ccKPamo1.s:8460   .debug_str:00000000000045c5 .LASF1104
C:\Users\zero6575\AppData\Local\Temp\ccKPamo1.s:7474   .debug_str:0000000000000fb9 .LASF1105
C:\Users\zero6575\AppData\Local\Temp\ccKPamo1.s:7922   .debug_str:0000000000002967 .LASF1106
C:\Users\zero6575\AppData\Local\Temp\ccKPamo1.s:9792   .debug_str:0000000000008b46 .LASF1107
C:\Users\zero6575\AppData\Local\Temp\ccKPamo1.s:7502   .debug_str:000000000000113d .LASF1108
C:\Users\zero6575\AppData\Local\Temp\ccKPamo1.s:8652   .debug_str:0000000000005080 .LASF1109
C:\Users\zero6575\AppData\Local\Temp\ccKPamo1.s:9528   .debug_str:0000000000007dbd .LASF1110
C:\Users\zero6575\AppData\Local\Temp\ccKPamo1.s:9542   .debug_str:0000000000007e62 .LASF1111
C:\Users\zero6575\AppData\Local\Temp\ccKPamo1.s:7746   .debug_str:0000000000001f6c .LASF1112
C:\Users\zero6575\AppData\Local\Temp\ccKPamo1.s:8068   .debug_str:0000000000003154 .LASF1113
C:\Users\zero6575\AppData\Local\Temp\ccKPamo1.s:9404   .debug_str:0000000000007741 .LASF1114
C:\Users\zero6575\AppData\Local\Temp\ccKPamo1.s:8360   .debug_str:0000000000003fe9 .LASF1115
C:\Users\zero6575\AppData\Local\Temp\ccKPamo1.s:7686   .debug_str:0000000000001c37 .LASF1116
C:\Users\zero6575\AppData\Local\Temp\ccKPamo1.s:9774   .debug_str:0000000000008a5d .LASF1117
C:\Users\zero6575\AppData\Local\Temp\ccKPamo1.s:8012   .debug_str:0000000000002e8a .LASF1118
C:\Users\zero6575\AppData\Local\Temp\ccKPamo1.s:9754   .debug_str:000000000000896f .LASF1119
C:\Users\zero6575\AppData\Local\Temp\ccKPamo1.s:9128   .debug_str:0000000000006a29 .LASF1120
C:\Users\zero6575\AppData\Local\Temp\ccKPamo1.s:9002   .debug_str:000000000000639d .LASF1121
C:\Users\zero6575\AppData\Local\Temp\ccKPamo1.s:7246   .debug_str:00000000000004d9 .LASF1122
C:\Users\zero6575\AppData\Local\Temp\ccKPamo1.s:8608   .debug_str:0000000000004df4 .LASF1123
C:\Users\zero6575\AppData\Local\Temp\ccKPamo1.s:9852   .debug_str:0000000000008ee1 .LASF1124
C:\Users\zero6575\AppData\Local\Temp\ccKPamo1.s:8254   .debug_str:0000000000003b46 .LASF1125
C:\Users\zero6575\AppData\Local\Temp\ccKPamo1.s:8638   .debug_str:0000000000004fce .LASF1126
C:\Users\zero6575\AppData\Local\Temp\ccKPamo1.s:7324   .debug_str:0000000000000810 .LASF1127
C:\Users\zero6575\AppData\Local\Temp\ccKPamo1.s:9310   .debug_str:000000000000736f .LASF1128
C:\Users\zero6575\AppData\Local\Temp\ccKPamo1.s:8940   .debug_str:0000000000005fb5 .LASF1129
C:\Users\zero6575\AppData\Local\Temp\ccKPamo1.s:8316   .debug_str:0000000000003e09 .LASF1130
C:\Users\zero6575\AppData\Local\Temp\ccKPamo1.s:9802   .debug_str:0000000000008bbb .LASF1131
C:\Users\zero6575\AppData\Local\Temp\ccKPamo1.s:9206   .debug_str:0000000000006dfa .LASF1132
C:\Users\zero6575\AppData\Local\Temp\ccKPamo1.s:9868   .debug_str:0000000000008fad .LASF1134
C:\Users\zero6575\AppData\Local\Temp\ccKPamo1.s:9072   .debug_str:00000000000066f5 .LASF1135
C:\Users\zero6575\AppData\Local\Temp\ccKPamo1.s:7694   .debug_str:0000000000001cdd .LASF1136
C:\Users\zero6575\AppData\Local\Temp\ccKPamo1.s:9800   .debug_str:0000000000008bae .LASF1137
C:\Users\zero6575\AppData\Local\Temp\ccKPamo1.s:7356   .debug_str:00000000000009ef .LASF1138
C:\Users\zero6575\AppData\Local\Temp\ccKPamo1.s:9204   .debug_str:0000000000006de5 .LASF1139
C:\Users\zero6575\AppData\Local\Temp\ccKPamo1.s:9568   .debug_str:0000000000007fce .LASF1140
C:\Users\zero6575\AppData\Local\Temp\ccKPamo1.s:8996   .debug_str:000000000000630f .LASF1141
C:\Users\zero6575\AppData\Local\Temp\ccKPamo1.s:8274   .debug_str:0000000000003c20 .LASF1142
C:\Users\zero6575\AppData\Local\Temp\ccKPamo1.s:8700   .debug_str:000000000000539c .LASF1148
C:\Users\zero6575\AppData\Local\Temp\ccKPamo1.s:7358   .debug_str:00000000000009fd .LASF1149
C:\Users\zero6575\AppData\Local\Temp\ccKPamo1.s:7274   .debug_str:0000000000000616 .LASF1151
C:\Users\zero6575\AppData\Local\Temp\ccKPamo1.s:9130   .debug_str:0000000000006a4b .LASF1152
C:\Users\zero6575\AppData\Local\Temp\ccKPamo1.s:8904   .debug_str:0000000000005df2 .LASF1153
C:\Users\zero6575\AppData\Local\Temp\ccKPamo1.s:8444   .debug_str:000000000000451d .LASF1154
C:\Users\zero6575\AppData\Local\Temp\ccKPamo1.s:10020  .debug_str:000000000000965c .LASF1155
C:\Users\zero6575\AppData\Local\Temp\ccKPamo1.s:9656   .debug_str:00000000000083e6 .LASF1156
C:\Users\zero6575\AppData\Local\Temp\ccKPamo1.s:9928   .debug_str:00000000000091ff .LASF1157
C:\Users\zero6575\AppData\Local\Temp\ccKPamo1.s:8688   .debug_str:000000000000527d .LASF1158
C:\Users\zero6575\AppData\Local\Temp\ccKPamo1.s:7330   .debug_str:0000000000000856 .LASF1159
C:\Users\zero6575\AppData\Local\Temp\ccKPamo1.s:7770   .debug_str:000000000000208c .LASF1160
C:\Users\zero6575\AppData\Local\Temp\ccKPamo1.s:8358   .debug_str:0000000000003fdc .LASF1161
C:\Users\zero6575\AppData\Local\Temp\ccKPamo1.s:9932   .debug_str:0000000000009268 .LASF1162
C:\Users\zero6575\AppData\Local\Temp\ccKPamo1.s:9374   .debug_str:00000000000075c6 .LASF1163
C:\Users\zero6575\AppData\Local\Temp\ccKPamo1.s:8658   .debug_str:00000000000050cc .LASF1164
C:\Users\zero6575\AppData\Local\Temp\ccKPamo1.s:9566   .debug_str:0000000000007fc0 .LASF1165
C:\Users\zero6575\AppData\Local\Temp\ccKPamo1.s:8478   .debug_str:000000000000470c .LASF1166
C:\Users\zero6575\AppData\Local\Temp\ccKPamo1.s:9280   .debug_str:000000000000721a .LASF1167
C:\Users\zero6575\AppData\Local\Temp\ccKPamo1.s:9120   .debug_str:0000000000006993 .LASF1168
C:\Users\zero6575\AppData\Local\Temp\ccKPamo1.s:8246   .debug_str:0000000000003ad4 .LASF1169
C:\Users\zero6575\AppData\Local\Temp\ccKPamo1.s:8772   .debug_str:00000000000056d2 .LASF1170
C:\Users\zero6575\AppData\Local\Temp\ccKPamo1.s:7230   .debug_str:000000000000044e .LASF1171
C:\Users\zero6575\AppData\Local\Temp\ccKPamo1.s:7364   .debug_str:0000000000000a2a .LASF1172
C:\Users\zero6575\AppData\Local\Temp\ccKPamo1.s:9864   .debug_str:0000000000008f85 .LASF1173
C:\Users\zero6575\AppData\Local\Temp\ccKPamo1.s:8672   .debug_str:00000000000051f8 .LASF1174
C:\Users\zero6575\AppData\Local\Temp\ccKPamo1.s:8636   .debug_str:0000000000004fc5 .LASF1175
C:\Users\zero6575\AppData\Local\Temp\ccKPamo1.s:9820   .debug_str:0000000000008c76 .LASF1176
C:\Users\zero6575\AppData\Local\Temp\ccKPamo1.s:8414   .debug_str:0000000000004387 .LASF1177
C:\Users\zero6575\AppData\Local\Temp\ccKPamo1.s:8734   .debug_str:0000000000005532 .LASF1178
C:\Users\zero6575\AppData\Local\Temp\ccKPamo1.s:7962   .debug_str:0000000000002bcf .LASF1179
C:\Users\zero6575\AppData\Local\Temp\ccKPamo1.s:8984   .debug_str:0000000000006263 .LASF1180
C:\Users\zero6575\AppData\Local\Temp\ccKPamo1.s:9930   .debug_str:0000000000009256 .LASF1181
C:\Users\zero6575\AppData\Local\Temp\ccKPamo1.s:7606   .debug_str:00000000000018cc .LASF1182
C:\Users\zero6575\AppData\Local\Temp\ccKPamo1.s:7710   .debug_str:0000000000001d86 .LASF1183
C:\Users\zero6575\AppData\Local\Temp\ccKPamo1.s:7372   .debug_str:0000000000000a73 .LASF1184
C:\Users\zero6575\AppData\Local\Temp\ccKPamo1.s:8872   .debug_str:0000000000005c54 .LASF1185
C:\Users\zero6575\AppData\Local\Temp\ccKPamo1.s:8562   .debug_str:0000000000004b8b .LASF1186
C:\Users\zero6575\AppData\Local\Temp\ccKPamo1.s:7412   .debug_str:0000000000000c3f .LASF1187
C:\Users\zero6575\AppData\Local\Temp\ccKPamo1.s:9956   .debug_str:00000000000093f1 .LASF1188
C:\Users\zero6575\AppData\Local\Temp\ccKPamo1.s:7566   .debug_str:000000000000172e .LASF1189
C:\Users\zero6575\AppData\Local\Temp\ccKPamo1.s:7146   .debug_str:0000000000000023 .LASF1190
C:\Users\zero6575\AppData\Local\Temp\ccKPamo1.s:8382   .debug_str:000000000000424d .LASF1191
C:\Users\zero6575\AppData\Local\Temp\ccKPamo1.s:7780   .debug_str:0000000000002113 .LASF1192
C:\Users\zero6575\AppData\Local\Temp\ccKPamo1.s:8446   .debug_str:000000000000452d .LASF1193
C:\Users\zero6575\AppData\Local\Temp\ccKPamo1.s:7278   .debug_str:0000000000000630 .LASF1194
C:\Users\zero6575\AppData\Local\Temp\ccKPamo1.s:9462   .debug_str:00000000000079b7 .LASF1195
C:\Users\zero6575\AppData\Local\Temp\ccKPamo1.s:9496   .debug_str:0000000000007bf8 .LASF1196
C:\Users\zero6575\AppData\Local\Temp\ccKPamo1.s:8494   .debug_str:0000000000004799 .LASF1197
C:\Users\zero6575\AppData\Local\Temp\ccKPamo1.s:7736   .debug_str:0000000000001eda .LASF1198
C:\Users\zero6575\AppData\Local\Temp\ccKPamo1.s:8456   .debug_str:000000000000458d .LASF1199
C:\Users\zero6575\AppData\Local\Temp\ccKPamo1.s:7182   .debug_str:000000000000015e .LASF1200
C:\Users\zero6575\AppData\Local\Temp\ccKPamo1.s:7632   .debug_str:00000000000019ca .LASF1201
C:\Users\zero6575\AppData\Local\Temp\ccKPamo1.s:9470   .debug_str:0000000000007a3a .LASF1202
C:\Users\zero6575\AppData\Local\Temp\ccKPamo1.s:9724   .debug_str:0000000000008787 .LASF1203
C:\Users\zero6575\AppData\Local\Temp\ccKPamo1.s:8942   .debug_str:0000000000005fdc .LASF1204
C:\Users\zero6575\AppData\Local\Temp\ccKPamo1.s:8554   .debug_str:0000000000004ab5 .LASF1205
C:\Users\zero6575\AppData\Local\Temp\ccKPamo1.s:9574   .debug_str:000000000000801d .LASF1206
C:\Users\zero6575\AppData\Local\Temp\ccKPamo1.s:9674   .debug_str:00000000000084e9 .LASF1209
C:\Users\zero6575\AppData\Local\Temp\ccKPamo1.s:7986   .debug_str:0000000000002ce5 .LASF1210
C:\Users\zero6575\AppData\Local\Temp\ccKPamo1.s:7802   .debug_str:0000000000002226 .LASF1215
C:\Users\zero6575\AppData\Local\Temp\ccKPamo1.s:9680   .debug_str:0000000000008549 .LASF1216
C:\Users\zero6575\AppData\Local\Temp\ccKPamo1.s:9884   .debug_str:000000000000903c .LASF1217
C:\Users\zero6575\AppData\Local\Temp\ccKPamo1.s:8158   .debug_str:00000000000035cd .LASF1218
C:\Users\zero6575\AppData\Local\Temp\ccKPamo1.s:9424   .debug_str:0000000000007811 .LASF1219
                           .group:0000000000000000 wm4.0.29db371e8b94e604acd9f4c2cef2c360
                           .group:0000000000000000 wm4.stddef.h.39.a38874c8f8a57e66301090908ec2a69f
                           .group:0000000000000000 wm4._newlib_version.h.4.9ba035841e762c3308916a0ce96032e7
                           .group:0000000000000000 wm4.features.h.33.318b64d71e0957639cfb30f1db1f7ec8
                           .group:0000000000000000 wm4._default_types.h.15.61e9869194cab90bdfa4c7fc42203a0e
                           .group:0000000000000000 wm4._intsup.h.10.b28b45fc63caeb010c3f7ee592257700
                           .group:0000000000000000 wm4._stdint.h.10.c24fa3af3bc1706662bb5593a907e841
                           .group:0000000000000000 wm4.stdint.h.23.d53047a68f4a85177f80b422d52785ed
                           .group:0000000000000000 wm4.errno.h.2.ba016d646105af6cad23be83630b6a3f
                           .group:0000000000000000 wm4.newlib.h.8.19af3a34a60c4846725bb1239b4fa5a2
                           .group:0000000000000000 wm4.ieeefp.h.195.a810689bf65b84f4ad2c33b483468c94
                           .group:0000000000000000 wm4.config.h.83.0359905d884ebfe41c79e1d7c780ef62
                           .group:0000000000000000 wm4._ansi.h.31.de524f58584151836e90d8620a16f8e8
                           .group:0000000000000000 wm4._types.h.20.dd0d04dca3800a0d2a6129b87f3adbb2
                           .group:0000000000000000 wm4.stddef.h.161.5349cb105733e8777bfb0cf53c4e3f34
                           .group:0000000000000000 wm4._types.h.127.c5cfac939eadb83d223592dbacad7524
                           .group:0000000000000000 wm4.reent.h.17.487f8c1f76499d088b190f62530a0034
                           .group:0000000000000000 wm4.lock.h.2.c0958401bd0ce484d507ee19aacab817
                           .group:0000000000000000 wm4.reent.h.77.1187f1075ff88452c642b29ed9a9030d
                           .group:0000000000000000 wm4.errno.h.14.6a5939d3ae7434a1e97991a97123b12d
                           .group:0000000000000000 wm4.cdefs.h.49.6260d97adb8d27534cbdc0f868b8ea87
                           .group:0000000000000000 wm4.string.h.15.dab3980bf35408a4c507182805e2de3a
                           .group:0000000000000000 wm4.stddef.h.161.19e15733342b50ead2919490b095303e
                           .group:0000000000000000 wm4.config.h.26.7d29d642a1ea34b87c56286f7235559f
                           .group:0000000000000000 wm4.bacdef.h.39.fcafd78d88dce17b2448edf8931b63fd
                           .group:0000000000000000 wm4.stdbool.h.29.07dce69c3b78884144b7f7bd19483461
                           .group:0000000000000000 wm4.npdu.h.25.6a3a449fc578b15b3d0db2c6a4da7956
                           .group:0000000000000000 wm4.bip.h.35.ed002c5cfc52434a2e46d3f82d276677
                           .group:0000000000000000 wm4.time.h.8.db4619001f026d0b4874c029fef0e91f
                           .group:0000000000000000 wm4.time.h.2.2a9bb4e458da4ea34ffea78824e2e6f7
                           .group:0000000000000000 wm4.time.h.25.0e6a0fdbc9955f5707ed54246ed2e089
                           .group:0000000000000000 wm4.types.h.40.8b6acba56cefbb11746718204edc8f5e
                           .group:0000000000000000 wm4._endian.h.18.1bf9649e8e5bbc91042012680270b9ed
                           .group:0000000000000000 wm4.endian.h.9.49f3a4695c1b61e8a0808de3c4a106cb
                           .group:0000000000000000 wm4._timeval.h.30.0e8bfd94e85db17dda3286ee81496fe6
                           .group:0000000000000000 wm4.timespec.h.41.d855182eb0e690443ab8651bcedca6e1
                           .group:0000000000000000 wm4.select.h.19.97ca6fd0c752a0f3b6719fd314d361e6
                           .group:0000000000000000 wm4.types.h.51.5571ec98f267d17d3c670b7a3ba33afa
                           .group:0000000000000000 wm4.sched.h.22.c60982713a5c428609783c78f9c78d95
                           .group:0000000000000000 wm4._pthreadtypes.h.36.fcee9961c35163dde6267ef772ad1972
                           .group:0000000000000000 wm4.time.h.162.85256a1e684b58f061361067da714e0e
                           .group:0000000000000000 wm4.datalink.h.64.0e2e4918a8aa83441d278a8eca7199e7
                           .group:0000000000000000 wm4.bits.h.25.f9e0c31c04958f93c399d58693ab7d13
                           .group:0000000000000000 wm4.bacdcode.h.417.fde53433a4e8c8179dfc8de0f5c0b6ae
                           .group:0000000000000000 wm4.readrange.h.25.7abf91243fb39ecb991c7216a42716c0
                           .group:0000000000000000 wm4.stdio.h.27.3fc80220048df77954e38daec3bb9670
                           .group:0000000000000000 wm4.stdarg.h.34.3a23a216c0c293b3d2ea2e89281481e6
                           .group:0000000000000000 wm4.stdio.h.47.1f5845210bb9053bbca9ed76fc4018da
                           .group:0000000000000000 wm4.stdio.h.2.4aa87247282eca6c8f36f9de33d8df1a
                           .group:0000000000000000 wm4.stdio.h.81.60a2ded7dae310b81f9d6907fe5e3dbf
                           .group:0000000000000000 wm4.bacapp.h.236.6ce9e612c7ada80feb9f3b2b0c328626
                           .group:0000000000000000 wm4.device.h.170.a251ce7da15aed1e46d1ea618b9629ed

UNDEFINED SYMBOLS
dcc_communication_enabled
address_get_by_device
tsm_next_free_invokeID
bip_get_my_address
npdu_encode_npdu_data
Handler_Transmit_Buffer
npdu_encode_pdu
characterstring_init_ansi
dcc_encode_apdu
tsm_set_confirmed_unsegmented_transaction
bip_send_pdu
tsm_free_invoke_id
