   1              		.file	"s_get_alarm_sum.c"
   2              		.option nopic
   3              		.attribute arch, "rv64i2p0_m2p0_a2p0_c2p0"
   4              		.attribute unaligned_access, 0
   5              		.attribute stack_align, 16
   6              		.text
   7              	.Ltext0:
   8              		.cfi_sections	.debug_frame
   9              		.section	.text.Send_Get_Alarm_Summary_Address,"ax",@progbits
  10              		.align	1
  11              		.globl	Send_Get_Alarm_Summary_Address
  13              	Send_Get_Alarm_Summary_Address:
  14              	.LFB4:
  15              		.file 1 "../src/middleware/bacnet/demo/handler/s_get_alarm_sum.c"
   1:../src/middleware/bacnet/demo/handler/s_get_alarm_sum.c **** /**
   2:../src/middleware/bacnet/demo/handler/s_get_alarm_sum.c ****  * @file
   3:../src/middleware/bacnet/demo/handler/s_get_alarm_sum.c ****  * @author Daniel Blazevic <daniel.blazevic@gmail.com>
   4:../src/middleware/bacnet/demo/handler/s_get_alarm_sum.c ****  * @date 2014
   5:../src/middleware/bacnet/demo/handler/s_get_alarm_sum.c ****  * @brief Get Alarm Summary Request
   6:../src/middleware/bacnet/demo/handler/s_get_alarm_sum.c ****  *
   7:../src/middleware/bacnet/demo/handler/s_get_alarm_sum.c ****  * @section LICENSE
   8:../src/middleware/bacnet/demo/handler/s_get_alarm_sum.c ****  *
   9:../src/middleware/bacnet/demo/handler/s_get_alarm_sum.c ****  * Copyright (C) 2014 Daniel Blazevic <daniel.blazevic@gmail.com>
  10:../src/middleware/bacnet/demo/handler/s_get_alarm_sum.c ****  *
  11:../src/middleware/bacnet/demo/handler/s_get_alarm_sum.c ****  * Permission is hereby granted, free of charge, to any person obtaining
  12:../src/middleware/bacnet/demo/handler/s_get_alarm_sum.c ****  * a copy of this software and associated documentation files (the
  13:../src/middleware/bacnet/demo/handler/s_get_alarm_sum.c ****  * "Software"), to deal in the Software without restriction, including
  14:../src/middleware/bacnet/demo/handler/s_get_alarm_sum.c ****  * without limitation the rights to use, copy, modify, merge, publish,
  15:../src/middleware/bacnet/demo/handler/s_get_alarm_sum.c ****  * distribute, sublicense, and/or sell copies of the Software, and to
  16:../src/middleware/bacnet/demo/handler/s_get_alarm_sum.c ****  * permit persons to whom the Software is furnished to do so, subject to
  17:../src/middleware/bacnet/demo/handler/s_get_alarm_sum.c ****  * the following conditions:
  18:../src/middleware/bacnet/demo/handler/s_get_alarm_sum.c ****  *
  19:../src/middleware/bacnet/demo/handler/s_get_alarm_sum.c ****  * The above copyright notice and this permission notice shall be included
  20:../src/middleware/bacnet/demo/handler/s_get_alarm_sum.c ****  * in all copies or substantial portions of the Software.
  21:../src/middleware/bacnet/demo/handler/s_get_alarm_sum.c ****  *
  22:../src/middleware/bacnet/demo/handler/s_get_alarm_sum.c ****  * THE SOFTWARE IS PROVIDED "AS IS", WITHOUT WARRANTY OF ANY KIND,
  23:../src/middleware/bacnet/demo/handler/s_get_alarm_sum.c ****  * EXPRESS OR IMPLIED, INCLUDING BUT NOT LIMITED TO THE WARRANTIES OF
  24:../src/middleware/bacnet/demo/handler/s_get_alarm_sum.c ****  * MERCHANTABILITY, FITNESS FOR A PARTICULAR PURPOSE AND NONINFRINGEMENT.
  25:../src/middleware/bacnet/demo/handler/s_get_alarm_sum.c ****  * IN NO EVENT SHALL THE AUTHORS OR COPYRIGHT HOLDERS BE LIABLE FOR ANY
  26:../src/middleware/bacnet/demo/handler/s_get_alarm_sum.c ****  * CLAIM, DAMAGES OR OTHER LIABILITY, WHETHER IN AN ACTION OF CONTRACT,
  27:../src/middleware/bacnet/demo/handler/s_get_alarm_sum.c ****  * TORT OR OTHERWISE, ARISING FROM, OUT OF OR IN CONNECTION WITH THE
  28:../src/middleware/bacnet/demo/handler/s_get_alarm_sum.c ****  * SOFTWARE OR THE USE OR OTHER DEALINGS IN THE SOFTWARE.
  29:../src/middleware/bacnet/demo/handler/s_get_alarm_sum.c ****  *
  30:../src/middleware/bacnet/demo/handler/s_get_alarm_sum.c ****  * @section DESCRIPTION
  31:../src/middleware/bacnet/demo/handler/s_get_alarm_sum.c ****  *
  32:../src/middleware/bacnet/demo/handler/s_get_alarm_sum.c ****  * The Get Alarm Summary Request is used by a client BACnet-user to
  33:../src/middleware/bacnet/demo/handler/s_get_alarm_sum.c ****  * obtain a summary of "active alarms." The term "active alarm" refers to
  34:../src/middleware/bacnet/demo/handler/s_get_alarm_sum.c ****  * BACnet standard objects that have an Event_State property whose value is
  35:../src/middleware/bacnet/demo/handler/s_get_alarm_sum.c ****  * not equal to NORMAL and a Notify_Type property whose value is ALARM.
  36:../src/middleware/bacnet/demo/handler/s_get_alarm_sum.c ****  */
  37:../src/middleware/bacnet/demo/handler/s_get_alarm_sum.c **** #include <stddef.h>
  38:../src/middleware/bacnet/demo/handler/s_get_alarm_sum.c **** #include <stdint.h>
  39:../src/middleware/bacnet/demo/handler/s_get_alarm_sum.c **** #include <errno.h>
  40:../src/middleware/bacnet/demo/handler/s_get_alarm_sum.c **** #include <string.h>
  41:../src/middleware/bacnet/demo/handler/s_get_alarm_sum.c **** #include "config.h"
  42:../src/middleware/bacnet/demo/handler/s_get_alarm_sum.c **** #include "txbuf.h"
  43:../src/middleware/bacnet/demo/handler/s_get_alarm_sum.c **** #include "bacdef.h"
  44:../src/middleware/bacnet/demo/handler/s_get_alarm_sum.c **** #include "bacdcode.h"
  45:../src/middleware/bacnet/demo/handler/s_get_alarm_sum.c **** #include "address.h"
  46:../src/middleware/bacnet/demo/handler/s_get_alarm_sum.c **** #include "tsm.h"
  47:../src/middleware/bacnet/demo/handler/s_get_alarm_sum.c **** #include "npdu.h"
  48:../src/middleware/bacnet/demo/handler/s_get_alarm_sum.c **** #include "apdu.h"
  49:../src/middleware/bacnet/demo/handler/s_get_alarm_sum.c **** #include "device.h"
  50:../src/middleware/bacnet/demo/handler/s_get_alarm_sum.c **** #include "datalink.h"
  51:../src/middleware/bacnet/demo/handler/s_get_alarm_sum.c **** #include "handlers.h"
  52:../src/middleware/bacnet/demo/handler/s_get_alarm_sum.c **** #include "client.h"
  53:../src/middleware/bacnet/demo/handler/s_get_alarm_sum.c **** #include "get_alarm_sum.h"
  54:../src/middleware/bacnet/demo/handler/s_get_alarm_sum.c **** 
  55:../src/middleware/bacnet/demo/handler/s_get_alarm_sum.c **** uint8_t Send_Get_Alarm_Summary_Address(
  56:../src/middleware/bacnet/demo/handler/s_get_alarm_sum.c ****     BACNET_ADDRESS *dest,
  57:../src/middleware/bacnet/demo/handler/s_get_alarm_sum.c ****     uint16_t max_apdu)
  58:../src/middleware/bacnet/demo/handler/s_get_alarm_sum.c **** {
  16              		.loc 1 58 1
  17              		.cfi_startproc
  18 0000 1D71     		addi	sp,sp,-96
  19              		.cfi_def_cfa_offset 96
  20 0002 86EC     		sd	ra,88(sp)
  21 0004 A2E8     		sd	s0,80(sp)
  22              		.cfi_offset 1, -8
  23              		.cfi_offset 8, -16
  24 0006 8010     		addi	s0,sp,96
  25              		.cfi_def_cfa 8, 0
  26 0008 2334A4FA 		sd	a0,-88(s0)
  27 000c AE87     		mv	a5,a1
  28 000e 2313F4FA 		sh	a5,-90(s0)
  59:../src/middleware/bacnet/demo/handler/s_get_alarm_sum.c ****     int len = 0;
  29              		.loc 1 59 9
  30 0012 232404FE 		sw	zero,-24(s0)
  60:../src/middleware/bacnet/demo/handler/s_get_alarm_sum.c ****     int pdu_len = 0;
  31              		.loc 1 60 9
  32 0016 232204FE 		sw	zero,-28(s0)
  61:../src/middleware/bacnet/demo/handler/s_get_alarm_sum.c ****     uint8_t invoke_id = 0;
  33              		.loc 1 61 13
  34 001a A30704FE 		sb	zero,-17(s0)
  62:../src/middleware/bacnet/demo/handler/s_get_alarm_sum.c ****     BACNET_NPDU_DATA npdu_data;
  63:../src/middleware/bacnet/demo/handler/s_get_alarm_sum.c ****     BACNET_ADDRESS my_address;
  64:../src/middleware/bacnet/demo/handler/s_get_alarm_sum.c **** #if PRINT_ENABLED
  65:../src/middleware/bacnet/demo/handler/s_get_alarm_sum.c ****     int bytes_sent = 0;
  66:../src/middleware/bacnet/demo/handler/s_get_alarm_sum.c **** #endif
  67:../src/middleware/bacnet/demo/handler/s_get_alarm_sum.c **** 
  68:../src/middleware/bacnet/demo/handler/s_get_alarm_sum.c ****     /* is there a tsm available? */
  69:../src/middleware/bacnet/demo/handler/s_get_alarm_sum.c ****     invoke_id = tsm_next_free_invokeID();
  35              		.loc 1 69 17
  36 001e 97000000 		call	tsm_next_free_invokeID
  36      E7800000 
  37 0026 AA87     		mv	a5,a0
  38 0028 A307F4FE 		sb	a5,-17(s0)
  70:../src/middleware/bacnet/demo/handler/s_get_alarm_sum.c ****     if (invoke_id) {
  39              		.loc 1 70 8
  40 002c 8347F4FE 		lbu	a5,-17(s0)
  41 0030 93F7F70F 		andi	a5,a5,0xff
  42 0034 EDC7     		beq	a5,zero,.L2
  71:../src/middleware/bacnet/demo/handler/s_get_alarm_sum.c ****         datalink_get_my_address(&my_address);
  43              		.loc 1 71 9
  44 0036 930784FB 		addi	a5,s0,-72
  45 003a 3E85     		mv	a0,a5
  46 003c 97000000 		call	bip_get_my_address
  46      E7800000 
  72:../src/middleware/bacnet/demo/handler/s_get_alarm_sum.c ****         /* encode the NPDU portion of the packet */
  73:../src/middleware/bacnet/demo/handler/s_get_alarm_sum.c ****         npdu_encode_npdu_data(&npdu_data, true, MESSAGE_PRIORITY_NORMAL);
  47              		.loc 1 73 9
  48 0044 930704FD 		addi	a5,s0,-48
  49 0048 0146     		li	a2,0
  50 004a 8545     		li	a1,1
  51 004c 3E85     		mv	a0,a5
  52 004e 97000000 		call	npdu_encode_npdu_data
  52      E7800000 
  74:../src/middleware/bacnet/demo/handler/s_get_alarm_sum.c **** 
  75:../src/middleware/bacnet/demo/handler/s_get_alarm_sum.c ****         pdu_len =
  76:../src/middleware/bacnet/demo/handler/s_get_alarm_sum.c ****             npdu_encode_pdu(&Handler_Transmit_Buffer[0], dest,
  53              		.loc 1 76 13
  54 0056 130704FD 		addi	a4,s0,-48
  55 005a 930784FB 		addi	a5,s0,-72
  56 005e BA86     		mv	a3,a4
  57 0060 3E86     		mv	a2,a5
  58 0062 833584FA 		ld	a1,-88(s0)
  59 0066 17050000 		lla	a0,Handler_Transmit_Buffer
  59      13050500 
  60 006e 97000000 		call	npdu_encode_pdu
  60      E7800000 
  61 0076 AA87     		mv	a5,a0
  62 0078 2322F4FE 		sw	a5,-28(s0)
  77:../src/middleware/bacnet/demo/handler/s_get_alarm_sum.c ****             &my_address, &npdu_data);
  78:../src/middleware/bacnet/demo/handler/s_get_alarm_sum.c ****         /* encode the APDU portion of the packet */
  79:../src/middleware/bacnet/demo/handler/s_get_alarm_sum.c ****         len = get_alarm_summary_encode_apdu(&Handler_Transmit_Buffer[pdu_len],
  63              		.loc 1 79 15
  64 007c 032744FE 		lw	a4,-28(s0)
  65 0080 97070000 		lla	a5,Handler_Transmit_Buffer
  65      93870700 
  66 0088 BA97     		add	a5,a4,a5
  67 008a 0347F4FE 		lbu	a4,-17(s0)
  68 008e BA85     		mv	a1,a4
  69 0090 3E85     		mv	a0,a5
  70 0092 97000000 		call	get_alarm_summary_encode_apdu
  70      E7800000 
  71 009a AA87     		mv	a5,a0
  72 009c 2324F4FE 		sw	a5,-24(s0)
  80:../src/middleware/bacnet/demo/handler/s_get_alarm_sum.c ****             invoke_id);
  81:../src/middleware/bacnet/demo/handler/s_get_alarm_sum.c **** 
  82:../src/middleware/bacnet/demo/handler/s_get_alarm_sum.c ****         pdu_len += len;
  73              		.loc 1 82 17
  74 00a0 032744FE 		lw	a4,-28(s0)
  75 00a4 832784FE 		lw	a5,-24(s0)
  76 00a8 B99F     		addw	a5,a4,a5
  77 00aa 2322F4FE 		sw	a5,-28(s0)
  83:../src/middleware/bacnet/demo/handler/s_get_alarm_sum.c ****         if ((uint16_t) pdu_len < max_apdu) {
  78              		.loc 1 83 13
  79 00ae 832744FE 		lw	a5,-28(s0)
  80 00b2 C217     		slli	a5,a5,48
  81 00b4 C193     		srli	a5,a5,48
  82              		.loc 1 83 12
  83 00b6 035764FA 		lhu	a4,-90(s0)
  84 00ba 0127     		sext.w	a4,a4
  85 00bc 8127     		sext.w	a5,a5
  86 00be 63F7E704 		bleu	a4,a5,.L3
  84:../src/middleware/bacnet/demo/handler/s_get_alarm_sum.c ****             tsm_set_confirmed_unsegmented_transaction(invoke_id, dest,
  87              		.loc 1 84 13
  88 00c2 832744FE 		lw	a5,-28(s0)
  89 00c6 13970703 		slli	a4,a5,48
  90 00ca 4193     		srli	a4,a4,48
  91 00cc 130604FD 		addi	a2,s0,-48
  92 00d0 8347F4FE 		lbu	a5,-17(s0)
  93 00d4 97060000 		lla	a3,Handler_Transmit_Buffer
  93      93860600 
  94 00dc 833584FA 		ld	a1,-88(s0)
  95 00e0 3E85     		mv	a0,a5
  96 00e2 97000000 		call	tsm_set_confirmed_unsegmented_transaction
  96      E7800000 
  85:../src/middleware/bacnet/demo/handler/s_get_alarm_sum.c ****                 &npdu_data, &Handler_Transmit_Buffer[0],
  86:../src/middleware/bacnet/demo/handler/s_get_alarm_sum.c ****                 (uint16_t) pdu_len);
  87:../src/middleware/bacnet/demo/handler/s_get_alarm_sum.c **** #if PRINT_ENABLED
  88:../src/middleware/bacnet/demo/handler/s_get_alarm_sum.c ****             bytes_sent =
  89:../src/middleware/bacnet/demo/handler/s_get_alarm_sum.c **** #endif
  90:../src/middleware/bacnet/demo/handler/s_get_alarm_sum.c ****                 datalink_send_pdu(dest, &npdu_data,
  97              		.loc 1 90 17
  98 00ea 032744FE 		lw	a4,-28(s0)
  99 00ee 930704FD 		addi	a5,s0,-48
 100 00f2 BA86     		mv	a3,a4
 101 00f4 17060000 		lla	a2,Handler_Transmit_Buffer
 101      13060600 
 102 00fc BE85     		mv	a1,a5
 103 00fe 033584FA 		ld	a0,-88(s0)
 104 0102 97000000 		call	bip_send_pdu
 104      E7800000 
 105 010a 11A8     		j	.L2
 106              	.L3:
  91:../src/middleware/bacnet/demo/handler/s_get_alarm_sum.c ****                 &Handler_Transmit_Buffer[0], pdu_len);
  92:../src/middleware/bacnet/demo/handler/s_get_alarm_sum.c **** #if PRINT_ENABLED
  93:../src/middleware/bacnet/demo/handler/s_get_alarm_sum.c ****             if (bytes_sent <= 0)
  94:../src/middleware/bacnet/demo/handler/s_get_alarm_sum.c ****                 fprintf(stderr,
  95:../src/middleware/bacnet/demo/handler/s_get_alarm_sum.c ****                 "Failed to Send Get Alarm Summary Request (%s)!\n",
  96:../src/middleware/bacnet/demo/handler/s_get_alarm_sum.c ****                     strerror(errno));
  97:../src/middleware/bacnet/demo/handler/s_get_alarm_sum.c **** #endif
  98:../src/middleware/bacnet/demo/handler/s_get_alarm_sum.c ****         } else {
  99:../src/middleware/bacnet/demo/handler/s_get_alarm_sum.c ****             tsm_free_invoke_id(invoke_id);
 107              		.loc 1 99 13
 108 010c 8347F4FE 		lbu	a5,-17(s0)
 109 0110 3E85     		mv	a0,a5
 110 0112 97000000 		call	tsm_free_invoke_id
 110      E7800000 
 100:../src/middleware/bacnet/demo/handler/s_get_alarm_sum.c ****             invoke_id = 0;
 111              		.loc 1 100 23
 112 011a A30704FE 		sb	zero,-17(s0)
 113              	.L2:
 101:../src/middleware/bacnet/demo/handler/s_get_alarm_sum.c **** #if PRINT_ENABLED
 102:../src/middleware/bacnet/demo/handler/s_get_alarm_sum.c ****             fprintf(stderr,
 103:../src/middleware/bacnet/demo/handler/s_get_alarm_sum.c ****                 "Failed to Send Get Alarm Summary Request "
 104:../src/middleware/bacnet/demo/handler/s_get_alarm_sum.c ****                 "(exceeds destination maximum APDU)!\n");
 105:../src/middleware/bacnet/demo/handler/s_get_alarm_sum.c **** #endif
 106:../src/middleware/bacnet/demo/handler/s_get_alarm_sum.c ****         }
 107:../src/middleware/bacnet/demo/handler/s_get_alarm_sum.c ****     }
 108:../src/middleware/bacnet/demo/handler/s_get_alarm_sum.c **** 
 109:../src/middleware/bacnet/demo/handler/s_get_alarm_sum.c ****     return invoke_id;
 114              		.loc 1 109 12
 115 011e 8347F4FE 		lbu	a5,-17(s0)
 110:../src/middleware/bacnet/demo/handler/s_get_alarm_sum.c **** }
 116              		.loc 1 110 1
 117 0122 3E85     		mv	a0,a5
 118 0124 E660     		ld	ra,88(sp)
 119              		.cfi_restore 1
 120 0126 4664     		ld	s0,80(sp)
 121              		.cfi_restore 8
 122              		.cfi_def_cfa 2, 96
 123 0128 2561     		addi	sp,sp,96
 124              		.cfi_def_cfa_offset 0
 125 012a 8280     		jr	ra
 126              		.cfi_endproc
 127              	.LFE4:
 129              		.section	.text.Send_Get_Alarm_Summary,"ax",@progbits
 130              		.align	1
 131              		.globl	Send_Get_Alarm_Summary
 133              	Send_Get_Alarm_Summary:
 134              	.LFB5:
 111:../src/middleware/bacnet/demo/handler/s_get_alarm_sum.c **** 
 112:../src/middleware/bacnet/demo/handler/s_get_alarm_sum.c **** uint8_t Send_Get_Alarm_Summary(
 113:../src/middleware/bacnet/demo/handler/s_get_alarm_sum.c ****     uint32_t device_id)
 114:../src/middleware/bacnet/demo/handler/s_get_alarm_sum.c **** {
 135              		.loc 1 114 1
 136              		.cfi_startproc
 137 0000 3971     		addi	sp,sp,-64
 138              		.cfi_def_cfa_offset 64
 139 0002 06FC     		sd	ra,56(sp)
 140 0004 22F8     		sd	s0,48(sp)
 141              		.cfi_offset 1, -8
 142              		.cfi_offset 8, -16
 143 0006 8000     		addi	s0,sp,64
 144              		.cfi_def_cfa 8, 0
 145 0008 AA87     		mv	a5,a0
 146 000a 2326F4FC 		sw	a5,-52(s0)
 115:../src/middleware/bacnet/demo/handler/s_get_alarm_sum.c ****     BACNET_ADDRESS dest;
 116:../src/middleware/bacnet/demo/handler/s_get_alarm_sum.c ****     unsigned max_apdu = 0;
 147              		.loc 1 116 14
 148 000e 232A04FC 		sw	zero,-44(s0)
 117:../src/middleware/bacnet/demo/handler/s_get_alarm_sum.c ****     uint8_t invoke_id = 0;
 149              		.loc 1 117 13
 150 0012 A30704FE 		sb	zero,-17(s0)
 118:../src/middleware/bacnet/demo/handler/s_get_alarm_sum.c ****     bool status = false;
 151              		.loc 1 118 10
 152 0016 230704FE 		sb	zero,-18(s0)
 119:../src/middleware/bacnet/demo/handler/s_get_alarm_sum.c **** 
 120:../src/middleware/bacnet/demo/handler/s_get_alarm_sum.c ****     /* is the device bound? */
 121:../src/middleware/bacnet/demo/handler/s_get_alarm_sum.c ****     status = address_get_by_device(device_id, &max_apdu, &dest);
 153              		.loc 1 121 14
 154 001a 930684FD 		addi	a3,s0,-40
 155 001e 130744FD 		addi	a4,s0,-44
 156 0022 8327C4FC 		lw	a5,-52(s0)
 157 0026 3686     		mv	a2,a3
 158 0028 BA85     		mv	a1,a4
 159 002a 3E85     		mv	a0,a5
 160 002c 97000000 		call	address_get_by_device
 160      E7800000 
 161 0034 AA87     		mv	a5,a0
 162 0036 2307F4FE 		sb	a5,-18(s0)
 122:../src/middleware/bacnet/demo/handler/s_get_alarm_sum.c ****     if (status) {
 163              		.loc 1 122 8
 164 003a 8347E4FE 		lbu	a5,-18(s0)
 165 003e 93F7F70F 		andi	a5,a5,0xff
 166 0042 8DC3     		beq	a5,zero,.L6
 123:../src/middleware/bacnet/demo/handler/s_get_alarm_sum.c ****         invoke_id = Send_Get_Alarm_Summary_Address(
 167              		.loc 1 123 21
 168 0044 832744FD 		lw	a5,-44(s0)
 169 0048 13970703 		slli	a4,a5,48
 170 004c 4193     		srli	a4,a4,48
 171 004e 930784FD 		addi	a5,s0,-40
 172 0052 BA85     		mv	a1,a4
 173 0054 3E85     		mv	a0,a5
 174 0056 97000000 		call	Send_Get_Alarm_Summary_Address
 174      E7800000 
 175 005e AA87     		mv	a5,a0
 176 0060 A307F4FE 		sb	a5,-17(s0)
 177              	.L6:
 124:../src/middleware/bacnet/demo/handler/s_get_alarm_sum.c ****             &dest, max_apdu);
 125:../src/middleware/bacnet/demo/handler/s_get_alarm_sum.c ****     }
 126:../src/middleware/bacnet/demo/handler/s_get_alarm_sum.c **** 
 127:../src/middleware/bacnet/demo/handler/s_get_alarm_sum.c ****     return invoke_id;
 178              		.loc 1 127 12
 179 0064 8347F4FE 		lbu	a5,-17(s0)
 128:../src/middleware/bacnet/demo/handler/s_get_alarm_sum.c **** }
 180              		.loc 1 128 1
 181 0068 3E85     		mv	a0,a5
 182 006a E270     		ld	ra,56(sp)
 183              		.cfi_restore 1
 184 006c 4274     		ld	s0,48(sp)
 185              		.cfi_restore 8
 186              		.cfi_def_cfa 2, 64
 187 006e 2161     		addi	sp,sp,64
 188              		.cfi_def_cfa_offset 0
 189 0070 8280     		jr	ra
 190              		.cfi_endproc
 191              	.LFE5:
 193              		.text
 194              	.Letext0:
 195              		.file 2 "c:\\microchip\\softconsole-v2022.2-risc-v-747\\riscv-unknown-elf-gcc\\riscv64-unknown-elf
 196              		.file 3 "c:\\microchip\\softconsole-v2022.2-risc-v-747\\riscv-unknown-elf-gcc\\riscv64-unknown-elf
 197              		.file 4 "c:\\microchip\\softconsole-v2022.2-risc-v-747\\riscv-unknown-elf-gcc\\lib\\gcc\\riscv64-u
 198              		.file 5 "c:\\microchip\\softconsole-v2022.2-risc-v-747\\riscv-unknown-elf-gcc\\riscv64-unknown-elf
 199              		.file 6 "c:\\microchip\\softconsole-v2022.2-risc-v-747\\riscv-unknown-elf-gcc\\riscv64-unknown-elf
 200              		.file 7 "c:\\microchip\\softconsole-v2022.2-risc-v-747\\riscv-unknown-elf-gcc\\riscv64-unknown-elf
 201              		.file 8 "c:\\microchip\\softconsole-v2022.2-risc-v-747\\riscv-unknown-elf-gcc\\riscv64-unknown-elf
 202              		.file 9 "C:\\Users\\zero6575\\Libero\\fpga_labor\\fpga_labor\\software\\mpfs-mac-mcc-stack\\src\\m
 203              		.file 10 "C:\\Users\\zero6575\\Libero\\fpga_labor\\fpga_labor\\software\\mpfs-mac-mcc-stack\\src\\
 204              		.file 11 "C:\\Users\\zero6575\\Libero\\fpga_labor\\fpga_labor\\software\\mpfs-mac-mcc-stack\\src\\
 205              		.file 12 "C:\\Users\\zero6575\\Libero\\fpga_labor\\fpga_labor\\software\\mpfs-mac-mcc-stack\\src\\
 206              		.file 13 "c:\\microchip\\softconsole-v2022.2-risc-v-747\\riscv-unknown-elf-gcc\\riscv64-unknown-el
 207              		.file 14 "C:\\Users\\zero6575\\Libero\\fpga_labor\\fpga_labor\\software\\mpfs-mac-mcc-stack\\src\\
DEFINED SYMBOLS
                            *ABS*:0000000000000000 s_get_alarm_sum.c
C:\Users\zero6575\AppData\Local\Temp\ccR2I8ol.s:13     .text.Send_Get_Alarm_Summary_Address:0000000000000000 Send_Get_Alarm_Summary_Address
C:\Users\zero6575\AppData\Local\Temp\ccR2I8ol.s:17     .text.Send_Get_Alarm_Summary_Address:0000000000000000 .L0 
C:\Users\zero6575\AppData\Local\Temp\ccR2I8ol.s:18     .text.Send_Get_Alarm_Summary_Address:0000000000000000 .L0 
C:\Users\zero6575\AppData\Local\Temp\ccR2I8ol.s:19     .text.Send_Get_Alarm_Summary_Address:0000000000000002 .L0 
C:\Users\zero6575\AppData\Local\Temp\ccR2I8ol.s:22     .text.Send_Get_Alarm_Summary_Address:0000000000000006 .L0 
C:\Users\zero6575\AppData\Local\Temp\ccR2I8ol.s:23     .text.Send_Get_Alarm_Summary_Address:0000000000000006 .L0 
C:\Users\zero6575\AppData\Local\Temp\ccR2I8ol.s:25     .text.Send_Get_Alarm_Summary_Address:0000000000000008 .L0 
C:\Users\zero6575\AppData\Local\Temp\ccR2I8ol.s:30     .text.Send_Get_Alarm_Summary_Address:0000000000000012 .L0 
C:\Users\zero6575\AppData\Local\Temp\ccR2I8ol.s:32     .text.Send_Get_Alarm_Summary_Address:0000000000000016 .L0 
C:\Users\zero6575\AppData\Local\Temp\ccR2I8ol.s:34     .text.Send_Get_Alarm_Summary_Address:000000000000001a .L0 
C:\Users\zero6575\AppData\Local\Temp\ccR2I8ol.s:36     .text.Send_Get_Alarm_Summary_Address:000000000000001e .L0 
C:\Users\zero6575\AppData\Local\Temp\ccR2I8ol.s:40     .text.Send_Get_Alarm_Summary_Address:000000000000002c .L0 
C:\Users\zero6575\AppData\Local\Temp\ccR2I8ol.s:44     .text.Send_Get_Alarm_Summary_Address:0000000000000036 .L0 
C:\Users\zero6575\AppData\Local\Temp\ccR2I8ol.s:48     .text.Send_Get_Alarm_Summary_Address:0000000000000044 .L0 
C:\Users\zero6575\AppData\Local\Temp\ccR2I8ol.s:54     .text.Send_Get_Alarm_Summary_Address:0000000000000056 .L0 
C:\Users\zero6575\AppData\Local\Temp\ccR2I8ol.s:64     .text.Send_Get_Alarm_Summary_Address:000000000000007c .L0 
C:\Users\zero6575\AppData\Local\Temp\ccR2I8ol.s:74     .text.Send_Get_Alarm_Summary_Address:00000000000000a0 .L0 
C:\Users\zero6575\AppData\Local\Temp\ccR2I8ol.s:79     .text.Send_Get_Alarm_Summary_Address:00000000000000ae .L0 
C:\Users\zero6575\AppData\Local\Temp\ccR2I8ol.s:83     .text.Send_Get_Alarm_Summary_Address:00000000000000b6 .L0 
C:\Users\zero6575\AppData\Local\Temp\ccR2I8ol.s:88     .text.Send_Get_Alarm_Summary_Address:00000000000000c2 .L0 
C:\Users\zero6575\AppData\Local\Temp\ccR2I8ol.s:98     .text.Send_Get_Alarm_Summary_Address:00000000000000ea .L0 
C:\Users\zero6575\AppData\Local\Temp\ccR2I8ol.s:108    .text.Send_Get_Alarm_Summary_Address:000000000000010c .L0 
C:\Users\zero6575\AppData\Local\Temp\ccR2I8ol.s:112    .text.Send_Get_Alarm_Summary_Address:000000000000011a .L0 
C:\Users\zero6575\AppData\Local\Temp\ccR2I8ol.s:115    .text.Send_Get_Alarm_Summary_Address:000000000000011e .L0 
C:\Users\zero6575\AppData\Local\Temp\ccR2I8ol.s:117    .text.Send_Get_Alarm_Summary_Address:0000000000000122 .L0 
C:\Users\zero6575\AppData\Local\Temp\ccR2I8ol.s:119    .text.Send_Get_Alarm_Summary_Address:0000000000000126 .L0 
C:\Users\zero6575\AppData\Local\Temp\ccR2I8ol.s:121    .text.Send_Get_Alarm_Summary_Address:0000000000000128 .L0 
C:\Users\zero6575\AppData\Local\Temp\ccR2I8ol.s:122    .text.Send_Get_Alarm_Summary_Address:0000000000000128 .L0 
C:\Users\zero6575\AppData\Local\Temp\ccR2I8ol.s:124    .text.Send_Get_Alarm_Summary_Address:000000000000012a .L0 
C:\Users\zero6575\AppData\Local\Temp\ccR2I8ol.s:126    .text.Send_Get_Alarm_Summary_Address:000000000000012c .L0 
C:\Users\zero6575\AppData\Local\Temp\ccR2I8ol.s:133    .text.Send_Get_Alarm_Summary:0000000000000000 Send_Get_Alarm_Summary
C:\Users\zero6575\AppData\Local\Temp\ccR2I8ol.s:136    .text.Send_Get_Alarm_Summary:0000000000000000 .L0 
C:\Users\zero6575\AppData\Local\Temp\ccR2I8ol.s:137    .text.Send_Get_Alarm_Summary:0000000000000000 .L0 
C:\Users\zero6575\AppData\Local\Temp\ccR2I8ol.s:138    .text.Send_Get_Alarm_Summary:0000000000000002 .L0 
C:\Users\zero6575\AppData\Local\Temp\ccR2I8ol.s:141    .text.Send_Get_Alarm_Summary:0000000000000006 .L0 
C:\Users\zero6575\AppData\Local\Temp\ccR2I8ol.s:142    .text.Send_Get_Alarm_Summary:0000000000000006 .L0 
C:\Users\zero6575\AppData\Local\Temp\ccR2I8ol.s:144    .text.Send_Get_Alarm_Summary:0000000000000008 .L0 
C:\Users\zero6575\AppData\Local\Temp\ccR2I8ol.s:148    .text.Send_Get_Alarm_Summary:000000000000000e .L0 
C:\Users\zero6575\AppData\Local\Temp\ccR2I8ol.s:150    .text.Send_Get_Alarm_Summary:0000000000000012 .L0 
C:\Users\zero6575\AppData\Local\Temp\ccR2I8ol.s:152    .text.Send_Get_Alarm_Summary:0000000000000016 .L0 
C:\Users\zero6575\AppData\Local\Temp\ccR2I8ol.s:154    .text.Send_Get_Alarm_Summary:000000000000001a .L0 
C:\Users\zero6575\AppData\Local\Temp\ccR2I8ol.s:164    .text.Send_Get_Alarm_Summary:000000000000003a .L0 
C:\Users\zero6575\AppData\Local\Temp\ccR2I8ol.s:168    .text.Send_Get_Alarm_Summary:0000000000000044 .L0 
C:\Users\zero6575\AppData\Local\Temp\ccR2I8ol.s:179    .text.Send_Get_Alarm_Summary:0000000000000064 .L0 
C:\Users\zero6575\AppData\Local\Temp\ccR2I8ol.s:181    .text.Send_Get_Alarm_Summary:0000000000000068 .L0 
C:\Users\zero6575\AppData\Local\Temp\ccR2I8ol.s:183    .text.Send_Get_Alarm_Summary:000000000000006c .L0 
C:\Users\zero6575\AppData\Local\Temp\ccR2I8ol.s:185    .text.Send_Get_Alarm_Summary:000000000000006e .L0 
C:\Users\zero6575\AppData\Local\Temp\ccR2I8ol.s:186    .text.Send_Get_Alarm_Summary:000000000000006e .L0 
C:\Users\zero6575\AppData\Local\Temp\ccR2I8ol.s:188    .text.Send_Get_Alarm_Summary:0000000000000070 .L0 
C:\Users\zero6575\AppData\Local\Temp\ccR2I8ol.s:190    .text.Send_Get_Alarm_Summary:0000000000000072 .L0 
C:\Users\zero6575\AppData\Local\Temp\ccR2I8ol.s:129    .text.Send_Get_Alarm_Summary_Address:000000000000012c .L0 
C:\Users\zero6575\AppData\Local\Temp\ccR2I8ol.s:193    .text.Send_Get_Alarm_Summary:0000000000000072 .L0 
                     .debug_frame:0000000000000000 .L0 
C:\Users\zero6575\AppData\Local\Temp\ccR2I8ol.s:59     .text.Send_Get_Alarm_Summary_Address:0000000000000066 .L0 
C:\Users\zero6575\AppData\Local\Temp\ccR2I8ol.s:65     .text.Send_Get_Alarm_Summary_Address:0000000000000080 .L0 
C:\Users\zero6575\AppData\Local\Temp\ccR2I8ol.s:93     .text.Send_Get_Alarm_Summary_Address:00000000000000d4 .L0 
C:\Users\zero6575\AppData\Local\Temp\ccR2I8ol.s:101    .text.Send_Get_Alarm_Summary_Address:00000000000000f4 .L0 
C:\Users\zero6575\AppData\Local\Temp\ccR2I8ol.s:113    .text.Send_Get_Alarm_Summary_Address:000000000000011e .L2
C:\Users\zero6575\AppData\Local\Temp\ccR2I8ol.s:106    .text.Send_Get_Alarm_Summary_Address:000000000000010c .L3
C:\Users\zero6575\AppData\Local\Temp\ccR2I8ol.s:177    .text.Send_Get_Alarm_Summary:0000000000000064 .L6
C:\Users\zero6575\AppData\Local\Temp\ccR2I8ol.s:1867   .debug_abbrev:0000000000000000 .Ldebug_abbrev0
C:\Users\zero6575\AppData\Local\Temp\ccR2I8ol.s:8135   .debug_str:00000000000036ab .LASF1416
C:\Users\zero6575\AppData\Local\Temp\ccR2I8ol.s:7825   .debug_str:0000000000002643 .LASF1417
C:\Users\zero6575\AppData\Local\Temp\ccR2I8ol.s:7797   .debug_str:00000000000023a5 .LASF1418
C:\Users\zero6575\AppData\Local\Temp\ccR2I8ol.s:2418   .debug_ranges:0000000000000000 .Ldebug_ranges0
C:\Users\zero6575\AppData\Local\Temp\ccR2I8ol.s:7101   .debug_line:0000000000000000 .Ldebug_line0
C:\Users\zero6575\AppData\Local\Temp\ccR2I8ol.s:2426   .debug_macro:0000000000000000 .Ldebug_macro0
C:\Users\zero6575\AppData\Local\Temp\ccR2I8ol.s:8859   .debug_str:0000000000005e4f .LASF1232
C:\Users\zero6575\AppData\Local\Temp\ccR2I8ol.s:8991   .debug_str:0000000000006564 .LASF1233
C:\Users\zero6575\AppData\Local\Temp\ccR2I8ol.s:9677   .debug_str:00000000000087d1 .LASF1234
C:\Users\zero6575\AppData\Local\Temp\ccR2I8ol.s:8965   .debug_str:00000000000063dc .LASF1235
C:\Users\zero6575\AppData\Local\Temp\ccR2I8ol.s:8651   .debug_str:0000000000005382 .LASF1236
C:\Users\zero6575\AppData\Local\Temp\ccR2I8ol.s:7165   .debug_str:00000000000002f1 .LASF1239
C:\Users\zero6575\AppData\Local\Temp\ccR2I8ol.s:7455   .debug_str:00000000000010c3 .LASF1237
C:\Users\zero6575\AppData\Local\Temp\ccR2I8ol.s:9889   .debug_str:00000000000092e2 .LASF1238
C:\Users\zero6575\AppData\Local\Temp\ccR2I8ol.s:7713   .debug_str:0000000000001fab .LASF1240
C:\Users\zero6575\AppData\Local\Temp\ccR2I8ol.s:8647   .debug_str:0000000000005359 .LASF1241
C:\Users\zero6575\AppData\Local\Temp\ccR2I8ol.s:9333   .debug_str:0000000000007641 .LASF1242
C:\Users\zero6575\AppData\Local\Temp\ccR2I8ol.s:9855   .debug_str:00000000000090c7 .LASF1243
C:\Users\zero6575\AppData\Local\Temp\ccR2I8ol.s:8151   .debug_str:00000000000037e6 .LASF1244
C:\Users\zero6575\AppData\Local\Temp\ccR2I8ol.s:7267   .debug_str:00000000000006dc .LASF1245
C:\Users\zero6575\AppData\Local\Temp\ccR2I8ol.s:8941   .debug_str:0000000000006303 .LASF1246
C:\Users\zero6575\AppData\Local\Temp\ccR2I8ol.s:8253   .debug_str:0000000000003cd8 .LASF1247
C:\Users\zero6575\AppData\Local\Temp\ccR2I8ol.s:8119   .debug_str:00000000000035cf .LASF1248
C:\Users\zero6575\AppData\Local\Temp\ccR2I8ol.s:9265   .debug_str:0000000000007382 .LASF1249
C:\Users\zero6575\AppData\Local\Temp\ccR2I8ol.s:8531   .debug_str:0000000000004c79 .LASF1250
C:\Users\zero6575\AppData\Local\Temp\ccR2I8ol.s:8807   .debug_str:0000000000005b94 .LASF1251
C:\Users\zero6575\AppData\Local\Temp\ccR2I8ol.s:8237   .debug_str:0000000000003c3d .LASF1252
C:\Users\zero6575\AppData\Local\Temp\ccR2I8ol.s:8149   .debug_str:00000000000037de .LASF1253
C:\Users\zero6575\AppData\Local\Temp\ccR2I8ol.s:9347   .debug_str:00000000000076d2 .LASF1254
C:\Users\zero6575\AppData\Local\Temp\ccR2I8ol.s:9301   .debug_str:00000000000074c1 .LASF1255
C:\Users\zero6575\AppData\Local\Temp\ccR2I8ol.s:8543   .debug_str:0000000000004cf9 .LASF1256
C:\Users\zero6575\AppData\Local\Temp\ccR2I8ol.s:8843   .debug_str:0000000000005d4a .LASF1257
C:\Users\zero6575\AppData\Local\Temp\ccR2I8ol.s:9623   .debug_str:00000000000084ca .LASF1258
C:\Users\zero6575\AppData\Local\Temp\ccR2I8ol.s:9097   .debug_str:0000000000006ae9 .LASF1263
C:\Users\zero6575\AppData\Local\Temp\ccR2I8ol.s:8349   .debug_str:00000000000042ae .LASF1259
C:\Users\zero6575\AppData\Local\Temp\ccR2I8ol.s:8947   .debug_str:0000000000006321 .LASF1260
C:\Users\zero6575\AppData\Local\Temp\ccR2I8ol.s:9819   .debug_str:0000000000008f3b .LASF1261
C:\Users\zero6575\AppData\Local\Temp\ccR2I8ol.s:7823   .debug_str:000000000000263e .LASF1262
C:\Users\zero6575\AppData\Local\Temp\ccR2I8ol.s:7661   .debug_str:0000000000001cff .LASF1264
C:\Users\zero6575\AppData\Local\Temp\ccR2I8ol.s:8439   .debug_str:000000000000472f .LASF1265
C:\Users\zero6575\AppData\Local\Temp\ccR2I8ol.s:9823   .debug_str:0000000000008f50 .LASF1266
C:\Users\zero6575\AppData\Local\Temp\ccR2I8ol.s:8243   .debug_str:0000000000003c67 .LASF1267
C:\Users\zero6575\AppData\Local\Temp\ccR2I8ol.s:8289   .debug_str:0000000000003e81 .LASF1268
C:\Users\zero6575\AppData\Local\Temp\ccR2I8ol.s:7231   .debug_str:00000000000005cb .LASF1269
C:\Users\zero6575\AppData\Local\Temp\ccR2I8ol.s:7951   .debug_str:0000000000002d33 .LASF1270
C:\Users\zero6575\AppData\Local\Temp\ccR2I8ol.s:7787   .debug_str:0000000000002333 .LASF1271
C:\Users\zero6575\AppData\Local\Temp\ccR2I8ol.s:7681   .debug_str:0000000000001dfe .LASF1272
C:\Users\zero6575\AppData\Local\Temp\ccR2I8ol.s:7789   .debug_str:000000000000233d .LASF1273
C:\Users\zero6575\AppData\Local\Temp\ccR2I8ol.s:8447   .debug_str:00000000000047b3 .LASF1274
C:\Users\zero6575\AppData\Local\Temp\ccR2I8ol.s:8307   .debug_str:0000000000003f79 .LASF1275
C:\Users\zero6575\AppData\Local\Temp\ccR2I8ol.s:7771   .debug_str:0000000000002254 .LASF1276
C:\Users\zero6575\AppData\Local\Temp\ccR2I8ol.s:7235   .debug_str:00000000000005e5 .LASF1277
C:\Users\zero6575\AppData\Local\Temp\ccR2I8ol.s:9353   .debug_str:0000000000007720 .LASF1278
C:\Users\zero6575\AppData\Local\Temp\ccR2I8ol.s:7193   .debug_str:000000000000045c .LASF1279
C:\Users\zero6575\AppData\Local\Temp\ccR2I8ol.s:7249   .debug_str:000000000000063c .LASF1280
C:\Users\zero6575\AppData\Local\Temp\ccR2I8ol.s:9289   .debug_str:0000000000007456 .LASF1281
C:\Users\zero6575\AppData\Local\Temp\ccR2I8ol.s:7103   .debug_str:0000000000000000 .LASF1282
C:\Users\zero6575\AppData\Local\Temp\ccR2I8ol.s:8751   .debug_str:0000000000005826 .LASF1283
C:\Users\zero6575\AppData\Local\Temp\ccR2I8ol.s:7619   .debug_str:0000000000001acb .LASF1284
C:\Users\zero6575\AppData\Local\Temp\ccR2I8ol.s:7865   .debug_str:0000000000002856 .LASF1285
C:\Users\zero6575\AppData\Local\Temp\ccR2I8ol.s:7437   .debug_str:0000000000000fd1 .LASF1286
C:\Users\zero6575\AppData\Local\Temp\ccR2I8ol.s:7285   .debug_str:0000000000000806 .LASF1287
C:\Users\zero6575\AppData\Local\Temp\ccR2I8ol.s:9267   .debug_str:000000000000738a .LASF1288
C:\Users\zero6575\AppData\Local\Temp\ccR2I8ol.s:7495   .debug_str:00000000000012fd .LASF1289
C:\Users\zero6575\AppData\Local\Temp\ccR2I8ol.s:7539   .debug_str:000000000000177a .LASF1290
C:\Users\zero6575\AppData\Local\Temp\ccR2I8ol.s:7587   .debug_str:0000000000001981 .LASF1291
C:\Users\zero6575\AppData\Local\Temp\ccR2I8ol.s:8275   .debug_str:0000000000003e16 .LASF1292
C:\Users\zero6575\AppData\Local\Temp\ccR2I8ol.s:8031   .debug_str:0000000000003147 .LASF1293
C:\Users\zero6575\AppData\Local\Temp\ccR2I8ol.s:7799   .debug_str:0000000000002407 .LASF1294
C:\Users\zero6575\AppData\Local\Temp\ccR2I8ol.s:7765   .debug_str:0000000000002226 .LASF1295
C:\Users\zero6575\AppData\Local\Temp\ccR2I8ol.s:7247   .debug_str:0000000000000637 .LASF1296
C:\Users\zero6575\AppData\Local\Temp\ccR2I8ol.s:8915   .debug_str:000000000000616e .LASF1297
C:\Users\zero6575\AppData\Local\Temp\ccR2I8ol.s:9593   .debug_str:000000000000833c .LASF1298
C:\Users\zero6575\AppData\Local\Temp\ccR2I8ol.s:9571   .debug_str:000000000000820a .LASF1299
C:\Users\zero6575\AppData\Local\Temp\ccR2I8ol.s:9707   .debug_str:000000000000894f .LASF1300
C:\Users\zero6575\AppData\Local\Temp\ccR2I8ol.s:9239   .debug_str:000000000000720e .LASF1301
C:\Users\zero6575\AppData\Local\Temp\ccR2I8ol.s:9509   .debug_str:0000000000007f37 .LASF1302
C:\Users\zero6575\AppData\Local\Temp\ccR2I8ol.s:7311   .debug_str:00000000000009a5 .LASF1303
C:\Users\zero6575\AppData\Local\Temp\ccR2I8ol.s:8185   .debug_str:00000000000039eb .LASF1304
C:\Users\zero6575\AppData\Local\Temp\ccR2I8ol.s:9857   .debug_str:00000000000090d4 .LASF1305
C:\Users\zero6575\AppData\Local\Temp\ccR2I8ol.s:8139   .debug_str:0000000000003785 .LASF1306
C:\Users\zero6575\AppData\Local\Temp\ccR2I8ol.s:8801   .debug_str:0000000000005b5e .LASF1307
C:\Users\zero6575\AppData\Local\Temp\ccR2I8ol.s:7319   .debug_str:00000000000009de .LASF1308
C:\Users\zero6575\AppData\Local\Temp\ccR2I8ol.s:9229   .debug_str:00000000000071b3 .LASF1309
C:\Users\zero6575\AppData\Local\Temp\ccR2I8ol.s:7609   .debug_str:0000000000001a51 .LASF1310
C:\Users\zero6575\AppData\Local\Temp\ccR2I8ol.s:7829   .debug_str:0000000000002685 .LASF1311
C:\Users\zero6575\AppData\Local\Temp\ccR2I8ol.s:8357   .debug_str:000000000000430a .LASF1312
C:\Users\zero6575\AppData\Local\Temp\ccR2I8ol.s:9283   .debug_str:000000000000743c .LASF1313
C:\Users\zero6575\AppData\Local\Temp\ccR2I8ol.s:8367   .debug_str:0000000000004349 .LASF1314
C:\Users\zero6575\AppData\Local\Temp\ccR2I8ol.s:9903   .debug_str:0000000000009361 .LASF1315
C:\Users\zero6575\AppData\Local\Temp\ccR2I8ol.s:7887   .debug_str:00000000000029cb .LASF1316
C:\Users\zero6575\AppData\Local\Temp\ccR2I8ol.s:8625   .debug_str:00000000000051b7 .LASF1317
C:\Users\zero6575\AppData\Local\Temp\ccR2I8ol.s:9041   .debug_str:000000000000683d .LASF1318
C:\Users\zero6575\AppData\Local\Temp\ccR2I8ol.s:9221   .debug_str:0000000000007161 .LASF1319
C:\Users\zero6575\AppData\Local\Temp\ccR2I8ol.s:7361   .debug_str:0000000000000bd2 .LASF1320
C:\Users\zero6575\AppData\Local\Temp\ccR2I8ol.s:9215   .debug_str:0000000000007129 .LASF1321
C:\Users\zero6575\AppData\Local\Temp\ccR2I8ol.s:8721   .debug_str:0000000000005678 .LASF1322
C:\Users\zero6575\AppData\Local\Temp\ccR2I8ol.s:7359   .debug_str:0000000000000bcc .LASF1323
C:\Users\zero6575\AppData\Local\Temp\ccR2I8ol.s:7189   .debug_str:0000000000000445 .LASF1324
C:\Users\zero6575\AppData\Local\Temp\ccR2I8ol.s:9687   .debug_str:000000000000886b .LASF1325
C:\Users\zero6575\AppData\Local\Temp\ccR2I8ol.s:9043   .debug_str:0000000000006844 .LASF439
C:\Users\zero6575\AppData\Local\Temp\ccR2I8ol.s:9811   .debug_str:0000000000008f04 .LASF1326
C:\Users\zero6575\AppData\Local\Temp\ccR2I8ol.s:9047   .debug_str:0000000000006851 .LASF1327
C:\Users\zero6575\AppData\Local\Temp\ccR2I8ol.s:8267   .debug_str:0000000000003db8 .LASF1328
C:\Users\zero6575\AppData\Local\Temp\ccR2I8ol.s:8913   .debug_str:0000000000006168 .LASF1329
C:\Users\zero6575\AppData\Local\Temp\ccR2I8ol.s:9915   .debug_str:00000000000093c2 .LASF1330
C:\Users\zero6575\AppData\Local\Temp\ccR2I8ol.s:8623   .debug_str:00000000000051b1 .LASF1331
C:\Users\zero6575\AppData\Local\Temp\ccR2I8ol.s:7973   .debug_str:0000000000002eee .LASF1332
C:\Users\zero6575\AppData\Local\Temp\ccR2I8ol.s:7435   .debug_str:0000000000000fcc .LASF1333
C:\Users\zero6575\AppData\Local\Temp\ccR2I8ol.s:8927   .debug_str:00000000000061d2 .LASF1334
C:\Users\zero6575\AppData\Local\Temp\ccR2I8ol.s:9481   .debug_str:0000000000007de0 .LASF1335
C:\Users\zero6575\AppData\Local\Temp\ccR2I8ol.s:9363   .debug_str:0000000000007773 .LASF1336
C:\Users\zero6575\AppData\Local\Temp\ccR2I8ol.s:7767   .debug_str:000000000000222e .LASF1337
C:\Users\zero6575\AppData\Local\Temp\ccR2I8ol.s:7761   .debug_str:000000000000220b .LASF1338
C:\Users\zero6575\AppData\Local\Temp\ccR2I8ol.s:9375   .debug_str:00000000000077fa .LASF1339
C:\Users\zero6575\AppData\Local\Temp\ccR2I8ol.s:8697   .debug_str:000000000000557f .LASF1340
C:\Users\zero6575\AppData\Local\Temp\ccR2I8ol.s:9101   .debug_str:0000000000006b19 .LASF1341
C:\Users\zero6575\AppData\Local\Temp\ccR2I8ol.s:8585   .debug_str:0000000000004f8c .LASF1342
C:\Users\zero6575\AppData\Local\Temp\ccR2I8ol.s:9227   .debug_str:00000000000071a6 .LASF1343
C:\Users\zero6575\AppData\Local\Temp\ccR2I8ol.s:8873   .debug_str:0000000000005ed3 .LASF1344
C:\Users\zero6575\AppData\Local\Temp\ccR2I8ol.s:7631   .debug_str:0000000000001b5c .LASF1345
C:\Users\zero6575\AppData\Local\Temp\ccR2I8ol.s:8761   .debug_str:000000000000586f .LASF1346
C:\Users\zero6575\AppData\Local\Temp\ccR2I8ol.s:9151   .debug_str:0000000000006d92 .LASF1347
C:\Users\zero6575\AppData\Local\Temp\ccR2I8ol.s:7995   .debug_str:0000000000002fa2 .LASF1348
C:\Users\zero6575\AppData\Local\Temp\ccR2I8ol.s:8239   .debug_str:0000000000003c44 .LASF1349
C:\Users\zero6575\AppData\Local\Temp\ccR2I8ol.s:7819   .debug_str:0000000000002617 .LASF1350
C:\Users\zero6575\AppData\Local\Temp\ccR2I8ol.s:8477   .debug_str:0000000000004933 .LASF1351
C:\Users\zero6575\AppData\Local\Temp\ccR2I8ol.s:8821   .debug_str:0000000000005c60 .LASF1352
C:\Users\zero6575\AppData\Local\Temp\ccR2I8ol.s:9231   .debug_str:00000000000071bb .LASF1419
C:\Users\zero6575\AppData\Local\Temp\ccR2I8ol.s:7849   .debug_str:0000000000002796 .LASF1353
C:\Users\zero6575\AppData\Local\Temp\ccR2I8ol.s:9631   .debug_str:0000000000008503 .LASF1354
C:\Users\zero6575\AppData\Local\Temp\ccR2I8ol.s:9573   .debug_str:0000000000008223 .LASF1355
C:\Users\zero6575\AppData\Local\Temp\ccR2I8ol.s:9211   .debug_str:000000000000710f .LASF1356
C:\Users\zero6575\AppData\Local\Temp\ccR2I8ol.s:9565   .debug_str:00000000000081c7 .LASF1357
C:\Users\zero6575\AppData\Local\Temp\ccR2I8ol.s:7241   .debug_str:0000000000000612 .LASF1358
C:\Users\zero6575\AppData\Local\Temp\ccR2I8ol.s:7115   .debug_str:000000000000008b .LASF1359
C:\Users\zero6575\AppData\Local\Temp\ccR2I8ol.s:9611   .debug_str:000000000000841c .LASF1360
C:\Users\zero6575\AppData\Local\Temp\ccR2I8ol.s:8715   .debug_str:000000000000563c .LASF1361
C:\Users\zero6575\AppData\Local\Temp\ccR2I8ol.s:8303   .debug_str:0000000000003f49 .LASF1362
C:\Users\zero6575\AppData\Local\Temp\ccR2I8ol.s:7945   .debug_str:0000000000002cce .LASF1363
C:\Users\zero6575\AppData\Local\Temp\ccR2I8ol.s:9917   .debug_str:00000000000093ca .LASF1364
C:\Users\zero6575\AppData\Local\Temp\ccR2I8ol.s:9153   .debug_str:0000000000006d9f .LASF1365
C:\Users\zero6575\AppData\Local\Temp\ccR2I8ol.s:8013   .debug_str:000000000000308e .LASF1366
C:\Users\zero6575\AppData\Local\Temp\ccR2I8ol.s:7679   .debug_str:0000000000001dd7 .LASF1367
C:\Users\zero6575\AppData\Local\Temp\ccR2I8ol.s:7597   .debug_str:00000000000019dc .LASF1368
C:\Users\zero6575\AppData\Local\Temp\ccR2I8ol.s:9503   .debug_str:0000000000007ef1 .LASF1369
C:\Users\zero6575\AppData\Local\Temp\ccR2I8ol.s:7391   .debug_str:0000000000000d79 .LASF1370
C:\Users\zero6575\AppData\Local\Temp\ccR2I8ol.s:9689   .debug_str:0000000000008873 .LASF1371
C:\Users\zero6575\AppData\Local\Temp\ccR2I8ol.s:8083   .debug_str:000000000000342a .LASF1372
C:\Users\zero6575\AppData\Local\Temp\ccR2I8ol.s:7417   .debug_str:0000000000000e9b .LASF1373
C:\Users\zero6575\AppData\Local\Temp\ccR2I8ol.s:9485   .debug_str:0000000000007e0a .LASF1374
C:\Users\zero6575\AppData\Local\Temp\ccR2I8ol.s:7775   .debug_str:0000000000002284 .LASF1375
C:\Users\zero6575\AppData\Local\Temp\ccR2I8ol.s:9643   .debug_str:00000000000085b3 .LASF1376
C:\Users\zero6575\AppData\Local\Temp\ccR2I8ol.s:9225   .debug_str:0000000000007185 .LASF1377
C:\Users\zero6575\AppData\Local\Temp\ccR2I8ol.s:8215   .debug_str:0000000000003b51 .LASF1378
C:\Users\zero6575\AppData\Local\Temp\ccR2I8ol.s:8919   .debug_str:0000000000006186 .LASF1379
C:\Users\zero6575\AppData\Local\Temp\ccR2I8ol.s:7871   .debug_str:00000000000028aa .LASF1380
C:\Users\zero6575\AppData\Local\Temp\ccR2I8ol.s:8763   .debug_str:0000000000005879 .LASF1381
C:\Users\zero6575\AppData\Local\Temp\ccR2I8ol.s:8491   .debug_str:00000000000049bf .LASF1382
C:\Users\zero6575\AppData\Local\Temp\ccR2I8ol.s:9773   .debug_str:0000000000008d67 .LASF1383
C:\Users\zero6575\AppData\Local\Temp\ccR2I8ol.s:9091   .debug_str:0000000000006aa5 .LASF1384
C:\Users\zero6575\AppData\Local\Temp\ccR2I8ol.s:8157   .debug_str:000000000000381b .LASF1385
C:\Users\zero6575\AppData\Local\Temp\ccR2I8ol.s:8579   .debug_str:0000000000004f43 .LASF1386
C:\Users\zero6575\AppData\Local\Temp\ccR2I8ol.s:9137   .debug_str:0000000000006ceb .LASF1387
C:\Users\zero6575\AppData\Local\Temp\ccR2I8ol.s:8161   .debug_str:000000000000384e .LASF1388
C:\Users\zero6575\AppData\Local\Temp\ccR2I8ol.s:7117   .debug_str:0000000000000098 .LASF1389
C:\Users\zero6575\AppData\Local\Temp\ccR2I8ol.s:8167   .debug_str:00000000000038c9 .LASF1390
C:\Users\zero6575\AppData\Local\Temp\ccR2I8ol.s:9601   .debug_str:0000000000008396 .LASF1391
C:\Users\zero6575\AppData\Local\Temp\ccR2I8ol.s:8689   .debug_str:000000000000553b .LASF1392
C:\Users\zero6575\AppData\Local\Temp\ccR2I8ol.s:7735   .debug_str:00000000000020ad .LASF1393
C:\Users\zero6575\AppData\Local\Temp\ccR2I8ol.s:7481   .debug_str:0000000000001240 .LASF1394
C:\Users\zero6575\AppData\Local\Temp\ccR2I8ol.s:7471   .debug_str:00000000000011b1 .LASF1395
C:\Users\zero6575\AppData\Local\Temp\ccR2I8ol.s:9935   .debug_str:0000000000009471 .LASF1396
C:\Users\zero6575\AppData\Local\Temp\ccR2I8ol.s:8963   .debug_str:00000000000063d2 .LASF1397
C:\Users\zero6575\AppData\Local\Temp\ccR2I8ol.s:9695   .debug_str:00000000000088b5 .LASF1398
C:\Users\zero6575\AppData\Local\Temp\ccR2I8ol.s:7175   .debug_str:000000000000038a .LASF1399
C:\Users\zero6575\AppData\Local\Temp\ccR2I8ol.s:9559   .debug_str:0000000000008193 .LASF1400
C:\Users\zero6575\AppData\Local\Temp\ccR2I8ol.s:7827   .debug_str:000000000000267b .LASF1401
C:\Users\zero6575\AppData\Local\Temp\ccR2I8ol.s:9471   .debug_str:0000000000007d73 .LASF1402
C:\Users\zero6575\AppData\Local\Temp\ccR2I8ol.s:7569   .debug_str:0000000000001893 .LASF1403
C:\Users\zero6575\AppData\Local\Temp\ccR2I8ol.s:8373   .debug_str:0000000000004375 .LASF1404
C:\Users\zero6575\AppData\Local\Temp\ccR2I8ol.s:7291   .debug_str:000000000000086e .LASF1405
C:\Users\zero6575\AppData\Local\Temp\ccR2I8ol.s:7831   .debug_str:000000000000268b .LASF1406
C:\Users\zero6575\AppData\Local\Temp\ccR2I8ol.s:9287   .debug_str:000000000000744f .LASF1407
C:\Users\zero6575\AppData\Local\Temp\ccR2I8ol.s:7297   .debug_str:00000000000008c4 .LASF1420
C:\Users\zero6575\AppData\Local\Temp\ccR2I8ol.s:134    .text.Send_Get_Alarm_Summary:0000000000000000 .LFB5
C:\Users\zero6575\AppData\Local\Temp\ccR2I8ol.s:191    .text.Send_Get_Alarm_Summary:0000000000000072 .LFE5
C:\Users\zero6575\AppData\Local\Temp\ccR2I8ol.s:7555   .debug_str:000000000000181d .LASF1412
C:\Users\zero6575\AppData\Local\Temp\ccR2I8ol.s:7589   .debug_str:0000000000001988 .LASF1408
C:\Users\zero6575\AppData\Local\Temp\ccR2I8ol.s:9203   .debug_str:000000000000709a .LASF1409
C:\Users\zero6575\AppData\Local\Temp\ccR2I8ol.s:7157   .debug_str:000000000000029c .LASF1410
C:\Users\zero6575\AppData\Local\Temp\ccR2I8ol.s:8683   .debug_str:00000000000054de .LASF1411
C:\Users\zero6575\AppData\Local\Temp\ccR2I8ol.s:8341   .debug_str:0000000000004250 .LASF1421
C:\Users\zero6575\AppData\Local\Temp\ccR2I8ol.s:14     .text.Send_Get_Alarm_Summary_Address:0000000000000000 .LFB4
C:\Users\zero6575\AppData\Local\Temp\ccR2I8ol.s:127    .text.Send_Get_Alarm_Summary_Address:000000000000012c .LFE4
C:\Users\zero6575\AppData\Local\Temp\ccR2I8ol.s:9045   .debug_str:0000000000006849 .LASF1413
C:\Users\zero6575\AppData\Local\Temp\ccR2I8ol.s:9193   .debug_str:000000000000701b .LASF1414
C:\Users\zero6575\AppData\Local\Temp\ccR2I8ol.s:9671   .debug_str:0000000000008792 .LASF1415
C:\Users\zero6575\AppData\Local\Temp\ccR2I8ol.s:209    .debug_info:0000000000000000 .Ldebug_info0
C:\Users\zero6575\AppData\Local\Temp\ccR2I8ol.s:3229   .debug_macro:0000000000000000 .Ldebug_macro2
C:\Users\zero6575\AppData\Local\Temp\ccR2I8ol.s:4260   .debug_macro:0000000000000000 .Ldebug_macro3
C:\Users\zero6575\AppData\Local\Temp\ccR2I8ol.s:9285   .debug_str:0000000000007444 .LASF395
C:\Users\zero6575\AppData\Local\Temp\ccR2I8ol.s:9157   .debug_str:0000000000006dcf .LASF396
C:\Users\zero6575\AppData\Local\Temp\ccR2I8ol.s:9349   .debug_str:00000000000076da .LASF397
C:\Users\zero6575\AppData\Local\Temp\ccR2I8ol.s:4424   .debug_macro:0000000000000000 .Ldebug_macro4
C:\Users\zero6575\AppData\Local\Temp\ccR2I8ol.s:4444   .debug_macro:0000000000000000 .Ldebug_macro5
C:\Users\zero6575\AppData\Local\Temp\ccR2I8ol.s:4509   .debug_macro:0000000000000000 .Ldebug_macro6
C:\Users\zero6575\AppData\Local\Temp\ccR2I8ol.s:4550   .debug_macro:0000000000000000 .Ldebug_macro7
C:\Users\zero6575\AppData\Local\Temp\ccR2I8ol.s:4672   .debug_macro:0000000000000000 .Ldebug_macro8
C:\Users\zero6575\AppData\Local\Temp\ccR2I8ol.s:4728   .debug_macro:0000000000000000 .Ldebug_macro9
C:\Users\zero6575\AppData\Local\Temp\ccR2I8ol.s:8263   .debug_str:0000000000003d9a .LASF551
C:\Users\zero6575\AppData\Local\Temp\ccR2I8ol.s:4940   .debug_macro:0000000000000000 .Ldebug_macro10
C:\Users\zero6575\AppData\Local\Temp\ccR2I8ol.s:8765   .debug_str:00000000000058a1 .LASF554
C:\Users\zero6575\AppData\Local\Temp\ccR2I8ol.s:7809   .debug_str:00000000000025af .LASF555
C:\Users\zero6575\AppData\Local\Temp\ccR2I8ol.s:7515   .debug_str:000000000000167b .LASF556
C:\Users\zero6575\AppData\Local\Temp\ccR2I8ol.s:4951   .debug_macro:0000000000000000 .Ldebug_macro11
C:\Users\zero6575\AppData\Local\Temp\ccR2I8ol.s:8861   .debug_str:0000000000005e58 .LASF567
C:\Users\zero6575\AppData\Local\Temp\ccR2I8ol.s:4986   .debug_macro:0000000000000000 .Ldebug_macro12
C:\Users\zero6575\AppData\Local\Temp\ccR2I8ol.s:5000   .debug_macro:0000000000000000 .Ldebug_macro13
C:\Users\zero6575\AppData\Local\Temp\ccR2I8ol.s:5029   .debug_macro:0000000000000000 .Ldebug_macro14
C:\Users\zero6575\AppData\Local\Temp\ccR2I8ol.s:5058   .debug_macro:0000000000000000 .Ldebug_macro15
C:\Users\zero6575\AppData\Local\Temp\ccR2I8ol.s:5072   .debug_macro:0000000000000000 .Ldebug_macro16
C:\Users\zero6575\AppData\Local\Temp\ccR2I8ol.s:9891   .debug_str:00000000000092ec .LASF592
C:\Users\zero6575\AppData\Local\Temp\ccR2I8ol.s:5104   .debug_macro:0000000000000000 .Ldebug_macro17
C:\Users\zero6575\AppData\Local\Temp\ccR2I8ol.s:5130   .debug_macro:0000000000000000 .Ldebug_macro18
C:\Users\zero6575\AppData\Local\Temp\ccR2I8ol.s:5141   .debug_macro:0000000000000000 .Ldebug_macro19
C:\Users\zero6575\AppData\Local\Temp\ccR2I8ol.s:5185   .debug_macro:0000000000000000 .Ldebug_macro20
C:\Users\zero6575\AppData\Local\Temp\ccR2I8ol.s:5364   .debug_macro:0000000000000000 .Ldebug_macro21
C:\Users\zero6575\AppData\Local\Temp\ccR2I8ol.s:8701   .debug_str:00000000000055bb .LASF760
C:\Users\zero6575\AppData\Local\Temp\ccR2I8ol.s:9175   .debug_str:0000000000006f61 .LASF761
C:\Users\zero6575\AppData\Local\Temp\ccR2I8ol.s:5633   .debug_macro:0000000000000000 .Ldebug_macro22
C:\Users\zero6575\AppData\Local\Temp\ccR2I8ol.s:6001   .debug_macro:0000000000000000 .Ldebug_macro23
C:\Users\zero6575\AppData\Local\Temp\ccR2I8ol.s:6012   .debug_macro:0000000000000000 .Ldebug_macro24
C:\Users\zero6575\AppData\Local\Temp\ccR2I8ol.s:8155   .debug_str:000000000000380b .LASF884
C:\Users\zero6575\AppData\Local\Temp\ccR2I8ol.s:8039   .debug_str:00000000000031b1 .LASF885
C:\Users\zero6575\AppData\Local\Temp\ccR2I8ol.s:7851   .debug_str:00000000000027a6 .LASF886
C:\Users\zero6575\AppData\Local\Temp\ccR2I8ol.s:6038   .debug_macro:0000000000000000 .Ldebug_macro25
C:\Users\zero6575\AppData\Local\Temp\ccR2I8ol.s:7643   .debug_str:0000000000001bf8 .LASF928
C:\Users\zero6575\AppData\Local\Temp\ccR2I8ol.s:7563   .debug_str:0000000000001877 .LASF929
C:\Users\zero6575\AppData\Local\Temp\ccR2I8ol.s:9955   .debug_str:0000000000009584 .LASF930
C:\Users\zero6575\AppData\Local\Temp\ccR2I8ol.s:9813   .debug_str:0000000000008f0b .LASF931
C:\Users\zero6575\AppData\Local\Temp\ccR2I8ol.s:6166   .debug_macro:0000000000000000 .Ldebug_macro26
C:\Users\zero6575\AppData\Local\Temp\ccR2I8ol.s:7811   .debug_str:00000000000025be .LASF956
C:\Users\zero6575\AppData\Local\Temp\ccR2I8ol.s:6243   .debug_macro:0000000000000000 .Ldebug_macro27
C:\Users\zero6575\AppData\Local\Temp\ccR2I8ol.s:6263   .debug_macro:0000000000000000 .Ldebug_macro28
C:\Users\zero6575\AppData\Local\Temp\ccR2I8ol.s:6277   .debug_macro:0000000000000000 .Ldebug_macro29
C:\Users\zero6575\AppData\Local\Temp\ccR2I8ol.s:9743   .debug_str:0000000000008b16 .LASF968
C:\Users\zero6575\AppData\Local\Temp\ccR2I8ol.s:6291   .debug_macro:0000000000000000 .Ldebug_macro30
C:\Users\zero6575\AppData\Local\Temp\ccR2I8ol.s:6305   .debug_macro:0000000000000000 .Ldebug_macro31
C:\Users\zero6575\AppData\Local\Temp\ccR2I8ol.s:6316   .debug_macro:0000000000000000 .Ldebug_macro32
C:\Users\zero6575\AppData\Local\Temp\ccR2I8ol.s:6327   .debug_macro:0000000000000000 .Ldebug_macro33
C:\Users\zero6575\AppData\Local\Temp\ccR2I8ol.s:9039   .debug_str:0000000000006827 .LASF976
C:\Users\zero6575\AppData\Local\Temp\ccR2I8ol.s:6338   .debug_macro:0000000000000000 .Ldebug_macro34
C:\Users\zero6575\AppData\Local\Temp\ccR2I8ol.s:6355   .debug_macro:0000000000000000 .Ldebug_macro35
C:\Users\zero6575\AppData\Local\Temp\ccR2I8ol.s:9303   .debug_str:00000000000074cc .LASF994
C:\Users\zero6575\AppData\Local\Temp\ccR2I8ol.s:9737   .debug_str:0000000000008ad0 .LASF995
C:\Users\zero6575\AppData\Local\Temp\ccR2I8ol.s:6399   .debug_macro:0000000000000000 .Ldebug_macro36
C:\Users\zero6575\AppData\Local\Temp\ccR2I8ol.s:8137   .debug_str:0000000000003773 .LASF1006
C:\Users\zero6575\AppData\Local\Temp\ccR2I8ol.s:8211   .debug_str:0000000000003b2a .LASF1007
C:\Users\zero6575\AppData\Local\Temp\ccR2I8ol.s:6434   .debug_macro:0000000000000000 .Ldebug_macro37
C:\Users\zero6575\AppData\Local\Temp\ccR2I8ol.s:6445   .debug_macro:0000000000000000 .Ldebug_macro38
C:\Users\zero6575\AppData\Local\Temp\ccR2I8ol.s:6480   .debug_macro:0000000000000000 .Ldebug_macro39
C:\Users\zero6575\AppData\Local\Temp\ccR2I8ol.s:7451   .debug_str:000000000000108f .LASF1052
C:\Users\zero6575\AppData\Local\Temp\ccR2I8ol.s:6581   .debug_macro:0000000000000000 .Ldebug_macro40
C:\Users\zero6575\AppData\Local\Temp\ccR2I8ol.s:6598   .debug_macro:0000000000000000 .Ldebug_macro41
C:\Users\zero6575\AppData\Local\Temp\ccR2I8ol.s:7905   .debug_str:0000000000002abe .LASF1066
C:\Users\zero6575\AppData\Local\Temp\ccR2I8ol.s:6630   .debug_macro:0000000000000000 .Ldebug_macro42
C:\Users\zero6575\AppData\Local\Temp\ccR2I8ol.s:6656   .debug_macro:0000000000000000 .Ldebug_macro43
C:\Users\zero6575\AppData\Local\Temp\ccR2I8ol.s:9923   .debug_str:0000000000009409 .LASF1080
C:\Users\zero6575\AppData\Local\Temp\ccR2I8ol.s:9717   .debug_str:00000000000089f1 .LASF1081
C:\Users\zero6575\AppData\Local\Temp\ccR2I8ol.s:8977   .debug_str:0000000000006441 .LASF1082
C:\Users\zero6575\AppData\Local\Temp\ccR2I8ol.s:8743   .debug_str:00000000000057ea .LASF1083
C:\Users\zero6575\AppData\Local\Temp\ccR2I8ol.s:9293   .debug_str:0000000000007473 .LASF1084
C:\Users\zero6575\AppData\Local\Temp\ccR2I8ol.s:6679   .debug_macro:0000000000000000 .Ldebug_macro44
C:\Users\zero6575\AppData\Local\Temp\ccR2I8ol.s:6813   .debug_macro:0000000000000000 .Ldebug_macro45
C:\Users\zero6575\AppData\Local\Temp\ccR2I8ol.s:9779   .debug_str:0000000000008da3 .LASF1133
C:\Users\zero6575\AppData\Local\Temp\ccR2I8ol.s:6833   .debug_macro:0000000000000000 .Ldebug_macro46
C:\Users\zero6575\AppData\Local\Temp\ccR2I8ol.s:9525   .debug_str:0000000000007ff7 .LASF1143
C:\Users\zero6575\AppData\Local\Temp\ccR2I8ol.s:7387   .debug_str:0000000000000d4f .LASF1144
C:\Users\zero6575\AppData\Local\Temp\ccR2I8ol.s:9699   .debug_str:0000000000008904 .LASF1145
C:\Users\zero6575\AppData\Local\Temp\ccR2I8ol.s:7961   .debug_str:0000000000002df1 .LASF1146
C:\Users\zero6575\AppData\Local\Temp\ccR2I8ol.s:8565   .debug_str:0000000000004e2b .LASF1147
C:\Users\zero6575\AppData\Local\Temp\ccR2I8ol.s:6865   .debug_macro:0000000000000000 .Ldebug_macro47
C:\Users\zero6575\AppData\Local\Temp\ccR2I8ol.s:7979   .debug_str:0000000000002f1a .LASF1150
C:\Users\zero6575\AppData\Local\Temp\ccR2I8ol.s:6882   .debug_macro:0000000000000000 .Ldebug_macro48
C:\Users\zero6575\AppData\Local\Temp\ccR2I8ol.s:6893   .debug_macro:0000000000000000 .Ldebug_macro49
C:\Users\zero6575\AppData\Local\Temp\ccR2I8ol.s:6904   .debug_macro:0000000000000000 .Ldebug_macro50
C:\Users\zero6575\AppData\Local\Temp\ccR2I8ol.s:6918   .debug_macro:0000000000000000 .Ldebug_macro51
C:\Users\zero6575\AppData\Local\Temp\ccR2I8ol.s:9759   .debug_str:0000000000008be9 .LASF1207
C:\Users\zero6575\AppData\Local\Temp\ccR2I8ol.s:8997   .debug_str:00000000000065ab .LASF1208
C:\Users\zero6575\AppData\Local\Temp\ccR2I8ol.s:7070   .debug_macro:0000000000000000 .Ldebug_macro52
C:\Users\zero6575\AppData\Local\Temp\ccR2I8ol.s:7149   .debug_str:00000000000001c1 .LASF1211
C:\Users\zero6575\AppData\Local\Temp\ccR2I8ol.s:8723   .debug_str:0000000000005680 .LASF1212
C:\Users\zero6575\AppData\Local\Temp\ccR2I8ol.s:9809   .debug_str:0000000000008efd .LASF1213
C:\Users\zero6575\AppData\Local\Temp\ccR2I8ol.s:7341   .debug_str:0000000000000aef .LASF1214
C:\Users\zero6575\AppData\Local\Temp\ccR2I8ol.s:7081   .debug_macro:0000000000000000 .Ldebug_macro53
C:\Users\zero6575\AppData\Local\Temp\ccR2I8ol.s:9191   .debug_str:000000000000700f .LASF1220
C:\Users\zero6575\AppData\Local\Temp\ccR2I8ol.s:9251   .debug_str:00000000000072d6 .LASF1221
C:\Users\zero6575\AppData\Local\Temp\ccR2I8ol.s:8277   .debug_str:0000000000003e1d .LASF1222
C:\Users\zero6575\AppData\Local\Temp\ccR2I8ol.s:9205   .debug_str:00000000000070a3 .LASF1223
C:\Users\zero6575\AppData\Local\Temp\ccR2I8ol.s:7913   .debug_str:0000000000002b59 .LASF1224
C:\Users\zero6575\AppData\Local\Temp\ccR2I8ol.s:8231   .debug_str:0000000000003bf4 .LASF1225
C:\Users\zero6575\AppData\Local\Temp\ccR2I8ol.s:9583   .debug_str:000000000000828d .LASF1226
C:\Users\zero6575\AppData\Local\Temp\ccR2I8ol.s:8983   .debug_str:00000000000064ae .LASF1227
C:\Users\zero6575\AppData\Local\Temp\ccR2I8ol.s:8825   .debug_str:0000000000005caa .LASF1228
C:\Users\zero6575\AppData\Local\Temp\ccR2I8ol.s:9791   .debug_str:0000000000008e33 .LASF1229
C:\Users\zero6575\AppData\Local\Temp\ccR2I8ol.s:7109   .debug_str:000000000000003c .LASF1230
C:\Users\zero6575\AppData\Local\Temp\ccR2I8ol.s:7263   .debug_str:00000000000006b7 .LASF1231
C:\Users\zero6575\AppData\Local\Temp\ccR2I8ol.s:7173   .debug_str:000000000000037f .LASF0
C:\Users\zero6575\AppData\Local\Temp\ccR2I8ol.s:9619   .debug_str:000000000000849d .LASF1
C:\Users\zero6575\AppData\Local\Temp\ccR2I8ol.s:9899   .debug_str:0000000000009343 .LASF2
C:\Users\zero6575\AppData\Local\Temp\ccR2I8ol.s:7489   .debug_str:0000000000001299 .LASF3
C:\Users\zero6575\AppData\Local\Temp\ccR2I8ol.s:8845   .debug_str:0000000000005d5c .LASF4
C:\Users\zero6575\AppData\Local\Temp\ccR2I8ol.s:9919   .debug_str:00000000000093e7 .LASF5
C:\Users\zero6575\AppData\Local\Temp\ccR2I8ol.s:9895   .debug_str:000000000000931e .LASF6
C:\Users\zero6575\AppData\Local\Temp\ccR2I8ol.s:9951   .debug_str:0000000000009560 .LASF7
C:\Users\zero6575\AppData\Local\Temp\ccR2I8ol.s:9299   .debug_str:00000000000074ad .LASF8
C:\Users\zero6575\AppData\Local\Temp\ccR2I8ol.s:8347   .debug_str:000000000000429b .LASF9
C:\Users\zero6575\AppData\Local\Temp\ccR2I8ol.s:7579   .debug_str:00000000000018ff .LASF10
C:\Users\zero6575\AppData\Local\Temp\ccR2I8ol.s:8283   .debug_str:0000000000003e56 .LASF11
C:\Users\zero6575\AppData\Local\Temp\ccR2I8ol.s:8421   .debug_str:0000000000004676 .LASF12
C:\Users\zero6575\AppData\Local\Temp\ccR2I8ol.s:9377   .debug_str:00000000000077ff .LASF13
C:\Users\zero6575\AppData\Local\Temp\ccR2I8ol.s:9533   .debug_str:000000000000805c .LASF14
C:\Users\zero6575\AppData\Local\Temp\ccR2I8ol.s:9209   .debug_str:00000000000070f8 .LASF15
C:\Users\zero6575\AppData\Local\Temp\ccR2I8ol.s:9907   .debug_str:000000000000937e .LASF16
C:\Users\zero6575\AppData\Local\Temp\ccR2I8ol.s:8081   .debug_str:000000000000341f .LASF17
C:\Users\zero6575\AppData\Local\Temp\ccR2I8ol.s:7393   .debug_str:0000000000000da0 .LASF18
C:\Users\zero6575\AppData\Local\Temp\ccR2I8ol.s:7217   .debug_str:0000000000000554 .LASF19
C:\Users\zero6575\AppData\Local\Temp\ccR2I8ol.s:7909   .debug_str:0000000000002ae5 .LASF20
C:\Users\zero6575\AppData\Local\Temp\ccR2I8ol.s:9483   .debug_str:0000000000007df7 .LASF21
C:\Users\zero6575\AppData\Local\Temp\ccR2I8ol.s:9825   .debug_str:0000000000008f59 .LASF22
C:\Users\zero6575\AppData\Local\Temp\ccR2I8ol.s:9309   .debug_str:00000000000074ff .LASF23
C:\Users\zero6575\AppData\Local\Temp\ccR2I8ol.s:9797   .debug_str:0000000000008e6d .LASF24
C:\Users\zero6575\AppData\Local\Temp\ccR2I8ol.s:7867   .debug_str:000000000000285c .LASF25
C:\Users\zero6575\AppData\Local\Temp\ccR2I8ol.s:8673   .debug_str:000000000000547f .LASF26
C:\Users\zero6575\AppData\Local\Temp\ccR2I8ol.s:7409   .debug_str:0000000000000e40 .LASF27
C:\Users\zero6575\AppData\Local\Temp\ccR2I8ol.s:7815   .debug_str:00000000000025e5 .LASF28
C:\Users\zero6575\AppData\Local\Temp\ccR2I8ol.s:9149   .debug_str:0000000000006d78 .LASF29
C:\Users\zero6575\AppData\Local\Temp\ccR2I8ol.s:8279   .debug_str:0000000000003e29 .LASF30
C:\Users\zero6575\AppData\Local\Temp\ccR2I8ol.s:7997   .debug_str:0000000000002fb0 .LASF31
C:\Users\zero6575\AppData\Local\Temp\ccR2I8ol.s:7113   .debug_str:000000000000005e .LASF32
C:\Users\zero6575\AppData\Local\Temp\ccR2I8ol.s:8959   .debug_str:000000000000639c .LASF33
C:\Users\zero6575\AppData\Local\Temp\ccR2I8ol.s:9883   .debug_str:0000000000009294 .LASF34
C:\Users\zero6575\AppData\Local\Temp\ccR2I8ol.s:9927   .debug_str:0000000000009421 .LASF35
C:\Users\zero6575\AppData\Local\Temp\ccR2I8ol.s:7169   .debug_str:000000000000030d .LASF36
C:\Users\zero6575\AppData\Local\Temp\ccR2I8ol.s:7937   .debug_str:0000000000002c65 .LASF37
C:\Users\zero6575\AppData\Local\Temp\ccR2I8ol.s:7795   .debug_str:000000000000238c .LASF38
C:\Users\zero6575\AppData\Local\Temp\ccR2I8ol.s:8047   .debug_str:0000000000003250 .LASF39
C:\Users\zero6575\AppData\Local\Temp\ccR2I8ol.s:9853   .debug_str:00000000000090a4 .LASF40
C:\Users\zero6575\AppData\Local\Temp\ccR2I8ol.s:8969   .debug_str:00000000000063fa .LASF41
C:\Users\zero6575\AppData\Local\Temp\ccR2I8ol.s:7403   .debug_str:0000000000000dfa .LASF42
C:\Users\zero6575\AppData\Local\Temp\ccR2I8ol.s:9385   .debug_str:0000000000007839 .LASF43
C:\Users\zero6575\AppData\Local\Temp\ccR2I8ol.s:8109   .debug_str:0000000000003558 .LASF44
C:\Users\zero6575\AppData\Local\Temp\ccR2I8ol.s:8703   .debug_str:00000000000055c7 .LASF45
C:\Users\zero6575\AppData\Local\Temp\ccR2I8ol.s:9463   .debug_str:0000000000007cfc .LASF46
C:\Users\zero6575\AppData\Local\Temp\ccR2I8ol.s:7475   .debug_str:00000000000011e0 .LASF47
C:\Users\zero6575\AppData\Local\Temp\ccR2I8ol.s:7517   .debug_str:0000000000001689 .LASF48
C:\Users\zero6575\AppData\Local\Temp\ccR2I8ol.s:8589   .debug_str:0000000000004fae .LASF49
C:\Users\zero6575\AppData\Local\Temp\ccR2I8ol.s:8061   .debug_str:00000000000032f9 .LASF50
C:\Users\zero6575\AppData\Local\Temp\ccR2I8ol.s:8463   .debug_str:000000000000487d .LASF51
C:\Users\zero6575\AppData\Local\Temp\ccR2I8ol.s:9537   .debug_str:0000000000008094 .LASF52
C:\Users\zero6575\AppData\Local\Temp\ccR2I8ol.s:9561   .debug_str:00000000000081a4 .LASF53
C:\Users\zero6575\AppData\Local\Temp\ccR2I8ol.s:7373   .debug_str:0000000000000c31 .LASF54
C:\Users\zero6575\AppData\Local\Temp\ccR2I8ol.s:9841   .debug_str:0000000000009006 .LASF55
C:\Users\zero6575\AppData\Local\Temp\ccR2I8ol.s:9053   .debug_str:000000000000688c .LASF56
C:\Users\zero6575\AppData\Local\Temp\ccR2I8ol.s:8129   .debug_str:0000000000003668 .LASF57
C:\Users\zero6575\AppData\Local\Temp\ccR2I8ol.s:7899   .debug_str:0000000000002a66 .LASF58
C:\Users\zero6575\AppData\Local\Temp\ccR2I8ol.s:8827   .debug_str:0000000000005cb4 .LASF59
C:\Users\zero6575\AppData\Local\Temp\ccR2I8ol.s:8431   .debug_str:00000000000046da .LASF60
C:\Users\zero6575\AppData\Local\Temp\ccR2I8ol.s:9417   .debug_str:0000000000007a3e .LASF61
C:\Users\zero6575\AppData\Local\Temp\ccR2I8ol.s:9119   .debug_str:0000000000006bff .LASF62
C:\Users\zero6575\AppData\Local\Temp\ccR2I8ol.s:7595   .debug_str:00000000000019bb .LASF63
C:\Users\zero6575\AppData\Local\Temp\ccR2I8ol.s:7389   .debug_str:0000000000000d57 .LASF64
C:\Users\zero6575\AppData\Local\Temp\ccR2I8ol.s:9159   .debug_str:0000000000006dea .LASF65
C:\Users\zero6575\AppData\Local\Temp\ccR2I8ol.s:8483   .debug_str:000000000000496d .LASF66
C:\Users\zero6575\AppData\Local\Temp\ccR2I8ol.s:7351   .debug_str:0000000000000b59 .LASF67
C:\Users\zero6575\AppData\Local\Temp\ccR2I8ol.s:7459   .debug_str:00000000000010e4 .LASF68
C:\Users\zero6575\AppData\Local\Temp\ccR2I8ol.s:8247   .debug_str:0000000000003c90 .LASF69
C:\Users\zero6575\AppData\Local\Temp\ccR2I8ol.s:8699   .debug_str:0000000000005589 .LASF70
C:\Users\zero6575\AppData\Local\Temp\ccR2I8ol.s:8461   .debug_str:0000000000004866 .LASF71
C:\Users\zero6575\AppData\Local\Temp\ccR2I8ol.s:8223   .debug_str:0000000000003ba7 .LASF72
C:\Users\zero6575\AppData\Local\Temp\ccR2I8ol.s:7349   .debug_str:0000000000000b45 .LASF73
C:\Users\zero6575\AppData\Local\Temp\ccR2I8ol.s:8459   .debug_str:000000000000484f .LASF74
C:\Users\zero6575\AppData\Local\Temp\ccR2I8ol.s:8597   .debug_str:0000000000005001 .LASF75
C:\Users\zero6575\AppData\Local\Temp\ccR2I8ol.s:8995   .debug_str:0000000000006584 .LASF76
C:\Users\zero6575\AppData\Local\Temp\ccR2I8ol.s:8987   .debug_str:00000000000064f7 .LASF77
C:\Users\zero6575\AppData\Local\Temp\ccR2I8ol.s:7269   .debug_str:00000000000006e5 .LASF78
C:\Users\zero6575\AppData\Local\Temp\ccR2I8ol.s:7757   .debug_str:00000000000021b8 .LASF79
C:\Users\zero6575\AppData\Local\Temp\ccR2I8ol.s:8485   .debug_str:0000000000004994 .LASF80
C:\Users\zero6575\AppData\Local\Temp\ccR2I8ol.s:7163   .debug_str:00000000000002cd .LASF81
C:\Users\zero6575\AppData\Local\Temp\ccR2I8ol.s:7467   .debug_str:0000000000001176 .LASF82
C:\Users\zero6575\AppData\Local\Temp\ccR2I8ol.s:8273   .debug_str:0000000000003e04 .LASF83
C:\Users\zero6575\AppData\Local\Temp\ccR2I8ol.s:7251   .debug_str:0000000000000641 .LASF84
C:\Users\zero6575\AppData\Local\Temp\ccR2I8ol.s:8059   .debug_str:00000000000032e8 .LASF85
C:\Users\zero6575\AppData\Local\Temp\ccR2I8ol.s:9487   .debug_str:0000000000007e3a .LASF86
C:\Users\zero6575\AppData\Local\Temp\ccR2I8ol.s:9035   .debug_str:00000000000067ff .LASF87
C:\Users\zero6575\AppData\Local\Temp\ccR2I8ol.s:8903   .debug_str:0000000000006097 .LASF88
C:\Users\zero6575\AppData\Local\Temp\ccR2I8ol.s:8739   .debug_str:00000000000057c4 .LASF89
C:\Users\zero6575\AppData\Local\Temp\ccR2I8ol.s:7875   .debug_str:0000000000002908 .LASF90
C:\Users\zero6575\AppData\Local\Temp\ccR2I8ol.s:7977   .debug_str:0000000000002f08 .LASF91
C:\Users\zero6575\AppData\Local\Temp\ccR2I8ol.s:9709   .debug_str:0000000000008957 .LASF92
C:\Users\zero6575\AppData\Local\Temp\ccR2I8ol.s:7613   .debug_str:0000000000001a6b .LASF93
C:\Users\zero6575\AppData\Local\Temp\ccR2I8ol.s:8353   .debug_str:00000000000042d5 .LASF94
C:\Users\zero6575\AppData\Local\Temp\ccR2I8ol.s:9921   .debug_str:00000000000093f2 .LASF95
C:\Users\zero6575\AppData\Local\Temp\ccR2I8ol.s:8329   .debug_str:00000000000041ba .LASF96
C:\Users\zero6575\AppData\Local\Temp\ccR2I8ol.s:7861   .debug_str:0000000000002830 .LASF97
C:\Users\zero6575\AppData\Local\Temp\ccR2I8ol.s:9163   .debug_str:0000000000006e20 .LASF98
C:\Users\zero6575\AppData\Local\Temp\ccR2I8ol.s:9109   .debug_str:0000000000006b5d .LASF99
C:\Users\zero6575\AppData\Local\Temp\ccR2I8ol.s:8489   .debug_str:00000000000049ad .LASF100
C:\Users\zero6575\AppData\Local\Temp\ccR2I8ol.s:7675   .debug_str:0000000000001dab .LASF101
C:\Users\zero6575\AppData\Local\Temp\ccR2I8ol.s:7375   .debug_str:0000000000000c4f .LASF102
C:\Users\zero6575\AppData\Local\Temp\ccR2I8ol.s:8423   .debug_str:0000000000004689 .LASF103
C:\Users\zero6575\AppData\Local\Temp\ccR2I8ol.s:9493   .debug_str:0000000000007e71 .LASF104
C:\Users\zero6575\AppData\Local\Temp\ccR2I8ol.s:9719   .debug_str:00000000000089fe .LASF105
C:\Users\zero6575\AppData\Local\Temp\ccR2I8ol.s:8867   .debug_str:0000000000005e92 .LASF106
C:\Users\zero6575\AppData\Local\Temp\ccR2I8ol.s:7543   .debug_str:0000000000001787 .LASF107
C:\Users\zero6575\AppData\Local\Temp\ccR2I8ol.s:7987   .debug_str:0000000000002f58 .LASF108
C:\Users\zero6575\AppData\Local\Temp\ccR2I8ol.s:7545   .debug_str:00000000000017ab .LASF109
C:\Users\zero6575\AppData\Local\Temp\ccR2I8ol.s:8427   .debug_str:00000000000046b9 .LASF110
C:\Users\zero6575\AppData\Local\Temp\ccR2I8ol.s:7491   .debug_str:00000000000012ab .LASF111
C:\Users\zero6575\AppData\Local\Temp\ccR2I8ol.s:9467   .debug_str:0000000000007d2b .LASF112
C:\Users\zero6575\AppData\Local\Temp\ccR2I8ol.s:7327   .debug_str:0000000000000a18 .LASF113
C:\Users\zero6575\AppData\Local\Temp\ccR2I8ol.s:8855   .debug_str:0000000000005e16 .LASF114
C:\Users\zero6575\AppData\Local\Temp\ccR2I8ol.s:8005   .debug_str:000000000000305c .LASF115
C:\Users\zero6575\AppData\Local\Temp\ccR2I8ol.s:8435   .debug_str:000000000000470c .LASF116
C:\Users\zero6575\AppData\Local\Temp\ccR2I8ol.s:8333   .debug_str:00000000000041db .LASF117
C:\Users\zero6575\AppData\Local\Temp\ccR2I8ol.s:9939   .debug_str:00000000000094c4 .LASF118
C:\Users\zero6575\AppData\Local\Temp\ccR2I8ol.s:8337   .debug_str:000000000000421d .LASF119
C:\Users\zero6575\AppData\Local\Temp\ccR2I8ol.s:9929   .debug_str:000000000000943b .LASF120
C:\Users\zero6575\AppData\Local\Temp\ccR2I8ol.s:7783   .debug_str:0000000000002311 .LASF121
C:\Users\zero6575\AppData\Local\Temp\ccR2I8ol.s:7841   .debug_str:00000000000026fa .LASF122
C:\Users\zero6575\AppData\Local\Temp\ccR2I8ol.s:7419   .debug_str:0000000000000ebd .LASF123
C:\Users\zero6575\AppData\Local\Temp\ccR2I8ol.s:7657   .debug_str:0000000000001cc5 .LASF124
C:\Users\zero6575\AppData\Local\Temp\ccR2I8ol.s:8779   .debug_str:0000000000005977 .LASF125
C:\Users\zero6575\AppData\Local\Temp\ccR2I8ol.s:7779   .debug_str:00000000000022cd .LASF126
C:\Users\zero6575\AppData\Local\Temp\ccR2I8ol.s:9831   .debug_str:0000000000008f83 .LASF127
C:\Users\zero6575\AppData\Local\Temp\ccR2I8ol.s:7673   .debug_str:0000000000001d8e .LASF128
C:\Users\zero6575\AppData\Local\Temp\ccR2I8ol.s:7677   .debug_str:0000000000001dc0 .LASF129
C:\Users\zero6575\AppData\Local\Temp\ccR2I8ol.s:7127   .debug_str:00000000000000db .LASF130
C:\Users\zero6575\AppData\Local\Temp\ccR2I8ol.s:7257   .debug_str:0000000000000677 .LASF131
C:\Users\zero6575\AppData\Local\Temp\ccR2I8ol.s:8255   .debug_str:0000000000003cdf .LASF132
C:\Users\zero6575\AppData\Local\Temp\ccR2I8ol.s:8293   .debug_str:0000000000003e9f .LASF133
C:\Users\zero6575\AppData\Local\Temp\ccR2I8ol.s:7715   .debug_str:0000000000001fb6 .LASF134
C:\Users\zero6575\AppData\Local\Temp\ccR2I8ol.s:8201   .debug_str:0000000000003a98 .LASF135
C:\Users\zero6575\AppData\Local\Temp\ccR2I8ol.s:8547   .debug_str:0000000000004d17 .LASF136
C:\Users\zero6575\AppData\Local\Temp\ccR2I8ol.s:8517   .debug_str:0000000000004b7a .LASF137
C:\Users\zero6575\AppData\Local\Temp\ccR2I8ol.s:9311   .debug_str:0000000000007513 .LASF138
C:\Users\zero6575\AppData\Local\Temp\ccR2I8ol.s:7337   .debug_str:0000000000000a88 .LASF139
C:\Users\zero6575\AppData\Local\Temp\ccR2I8ol.s:7745   .debug_str:0000000000002134 .LASF140
C:\Users\zero6575\AppData\Local\Temp\ccR2I8ol.s:9145   .debug_str:0000000000006d51 .LASF141
C:\Users\zero6575\AppData\Local\Temp\ccR2I8ol.s:9023   .debug_str:00000000000066f2 .LASF142
C:\Users\zero6575\AppData\Local\Temp\ccR2I8ol.s:8381   .debug_str:0000000000004405 .LASF143
C:\Users\zero6575\AppData\Local\Temp\ccR2I8ol.s:7635   .debug_str:0000000000001b83 .LASF144
C:\Users\zero6575\AppData\Local\Temp\ccR2I8ol.s:8481   .debug_str:0000000000004957 .LASF145
C:\Users\zero6575\AppData\Local\Temp\ccR2I8ol.s:8021   .debug_str:00000000000030e9 .LASF146
C:\Users\zero6575\AppData\Local\Temp\ccR2I8ol.s:9767   .debug_str:0000000000008d1f .LASF147
C:\Users\zero6575\AppData\Local\Temp\ccR2I8ol.s:8003   .debug_str:000000000000304c .LASF148
C:\Users\zero6575\AppData\Local\Temp\ccR2I8ol.s:7953   .debug_str:0000000000002d3d .LASF149
C:\Users\zero6575\AppData\Local\Temp\ccR2I8ol.s:7365   .debug_str:0000000000000be4 .LASF150
C:\Users\zero6575\AppData\Local\Temp\ccR2I8ol.s:7991   .debug_str:0000000000002f81 .LASF151
C:\Users\zero6575\AppData\Local\Temp\ccR2I8ol.s:7709   .debug_str:0000000000001f85 .LASF152
C:\Users\zero6575\AppData\Local\Temp\ccR2I8ol.s:7573   .debug_str:00000000000018b3 .LASF153
C:\Users\zero6575\AppData\Local\Temp\ccR2I8ol.s:7137   .debug_str:0000000000000132 .LASF154
C:\Users\zero6575\AppData\Local\Temp\ccR2I8ol.s:9183   .debug_str:0000000000006fc8 .LASF155
C:\Users\zero6575\AppData\Local\Temp\ccR2I8ol.s:9033   .debug_str:00000000000067c8 .LASF156
C:\Users\zero6575\AppData\Local\Temp\ccR2I8ol.s:9877   .debug_str:0000000000009216 .LASF157
C:\Users\zero6575\AppData\Local\Temp\ccR2I8ol.s:7759   .debug_str:00000000000021d1 .LASF158
C:\Users\zero6575\AppData\Local\Temp\ccR2I8ol.s:9753   .debug_str:0000000000008b59 .LASF159
C:\Users\zero6575\AppData\Local\Temp\ccR2I8ol.s:9805   .debug_str:0000000000008ec5 .LASF160
C:\Users\zero6575\AppData\Local\Temp\ccR2I8ol.s:7261   .debug_str:00000000000006a0 .LASF161
C:\Users\zero6575\AppData\Local\Temp\ccR2I8ol.s:8261   .debug_str:0000000000003d82 .LASF162
C:\Users\zero6575\AppData\Local\Temp\ccR2I8ol.s:7719   .debug_str:0000000000001fe5 .LASF163
C:\Users\zero6575\AppData\Local\Temp\ccR2I8ol.s:7605   .debug_str:0000000000001a38 .LASF164
C:\Users\zero6575\AppData\Local\Temp\ccR2I8ol.s:9595   .debug_str:0000000000008347 .LASF165
C:\Users\zero6575\AppData\Local\Temp\ccR2I8ol.s:7695   .debug_str:0000000000001ec0 .LASF166
C:\Users\zero6575\AppData\Local\Temp\ccR2I8ol.s:7835   .debug_str:00000000000026c8 .LASF167
C:\Users\zero6575\AppData\Local\Temp\ccR2I8ol.s:7195   .debug_str:0000000000000464 .LASF168
C:\Users\zero6575\AppData\Local\Temp\ccR2I8ol.s:7907   .debug_str:0000000000002ace .LASF169
C:\Users\zero6575\AppData\Local\Temp\ccR2I8ol.s:9725   .debug_str:0000000000008a33 .LASF170
C:\Users\zero6575\AppData\Local\Temp\ccR2I8ol.s:9277   .debug_str:00000000000073e5 .LASF171
C:\Users\zero6575\AppData\Local\Temp\ccR2I8ol.s:7461   .debug_str:0000000000001107 .LASF172
C:\Users\zero6575\AppData\Local\Temp\ccR2I8ol.s:8377   .debug_str:00000000000043b0 .LASF173
C:\Users\zero6575\AppData\Local\Temp\ccR2I8ol.s:8863   .debug_str:0000000000005e6a .LASF174
C:\Users\zero6575\AppData\Local\Temp\ccR2I8ol.s:7335   .debug_str:0000000000000a71 .LASF175
C:\Users\zero6575\AppData\Local\Temp\ccR2I8ol.s:9741   .debug_str:0000000000008afe .LASF176
C:\Users\zero6575\AppData\Local\Temp\ccR2I8ol.s:9839   .debug_str:0000000000008ff0 .LASF177
C:\Users\zero6575\AppData\Local\Temp\ccR2I8ol.s:7305   .debug_str:0000000000000974 .LASF178
C:\Users\zero6575\AppData\Local\Temp\ccR2I8ol.s:8217   .debug_str:0000000000003b73 .LASF179
C:\Users\zero6575\AppData\Local\Temp\ccR2I8ol.s:9845   .debug_str:0000000000009041 .LASF180
C:\Users\zero6575\AppData\Local\Temp\ccR2I8ol.s:9885   .debug_str:00000000000092b4 .LASF181
C:\Users\zero6575\AppData\Local\Temp\ccR2I8ol.s:8609   .debug_str:000000000000512d .LASF182
C:\Users\zero6575\AppData\Local\Temp\ccR2I8ol.s:7693   .debug_str:0000000000001ead .LASF183
C:\Users\zero6575\AppData\Local\Temp\ccR2I8ol.s:7549   .debug_str:00000000000017d2 .LASF184
C:\Users\zero6575\AppData\Local\Temp\ccR2I8ol.s:8937   .debug_str:00000000000062a9 .LASF185
C:\Users\zero6575\AppData\Local\Temp\ccR2I8ol.s:8203   .debug_str:0000000000003ab0 .LASF186
C:\Users\zero6575\AppData\Local\Temp\ccR2I8ol.s:9755   .debug_str:0000000000008b97 .LASF187
C:\Users\zero6575\AppData\Local\Temp\ccR2I8ol.s:9329   .debug_str:00000000000075f7 .LASF188
C:\Users\zero6575\AppData\Local\Temp\ccR2I8ol.s:8749   .debug_str:0000000000005810 .LASF189
C:\Users\zero6575\AppData\Local\Temp\ccR2I8ol.s:9771   .debug_str:0000000000008d4f .LASF190
C:\Users\zero6575\AppData\Local\Temp\ccR2I8ol.s:9059   .debug_str:00000000000068e6 .LASF191
C:\Users\zero6575\AppData\Local\Temp\ccR2I8ol.s:7593   .debug_str:00000000000019a5 .LASF192
C:\Users\zero6575\AppData\Local\Temp\ccR2I8ol.s:7535   .debug_str:000000000000175a .LASF193
C:\Users\zero6575\AppData\Local\Temp\ccR2I8ol.s:7687   .debug_str:0000000000001e3f .LASF194
C:\Users\zero6575\AppData\Local\Temp\ccR2I8ol.s:7479   .debug_str:0000000000001225 .LASF195
C:\Users\zero6575\AppData\Local\Temp\ccR2I8ol.s:7185   .debug_str:0000000000000414 .LASF196
C:\Users\zero6575\AppData\Local\Temp\ccR2I8ol.s:8727   .debug_str:0000000000005713 .LASF197
C:\Users\zero6575\AppData\Local\Temp\ccR2I8ol.s:7919   .debug_str:0000000000002b91 .LASF198
C:\Users\zero6575\AppData\Local\Temp\ccR2I8ol.s:7935   .debug_str:0000000000002c2a .LASF199
C:\Users\zero6575\AppData\Local\Temp\ccR2I8ol.s:9315   .debug_str:0000000000007547 .LASF200
C:\Users\zero6575\AppData\Local\Temp\ccR2I8ol.s:9531   .debug_str:000000000000801e .LASF201
C:\Users\zero6575\AppData\Local\Temp\ccR2I8ol.s:7355   .debug_str:0000000000000b7f .LASF202
C:\Users\zero6575\AppData\Local\Temp\ccR2I8ol.s:8929   .debug_str:00000000000061dd .LASF203
C:\Users\zero6575\AppData\Local\Temp\ccR2I8ol.s:7145   .debug_str:0000000000000190 .LASF204
C:\Users\zero6575\AppData\Local\Temp\ccR2I8ol.s:9673   .debug_str:000000000000879d .LASF205
C:\Users\zero6575\AppData\Local\Temp\ccR2I8ol.s:7133   .debug_str:0000000000000113 .LASF206
C:\Users\zero6575\AppData\Local\Temp\ccR2I8ol.s:9257   .debug_str:0000000000007313 .LASF207
C:\Users\zero6575\AppData\Local\Temp\ccR2I8ol.s:9415   .debug_str:0000000000007a24 .LASF208
C:\Users\zero6575\AppData\Local\Temp\ccR2I8ol.s:7159   .debug_str:00000000000002a6 .LASF209
C:\Users\zero6575\AppData\Local\Temp\ccR2I8ol.s:8781   .debug_str:000000000000598c .LASF210
C:\Users\zero6575\AppData\Local\Temp\ccR2I8ol.s:8869   .debug_str:0000000000005ead .LASF211
C:\Users\zero6575\AppData\Local\Temp\ccR2I8ol.s:9521   .debug_str:0000000000007fb7 .LASF212
C:\Users\zero6575\AppData\Local\Temp\ccR2I8ol.s:8527   .debug_str:0000000000004bf6 .LASF213
C:\Users\zero6575\AppData\Local\Temp\ccR2I8ol.s:8907   .debug_str:00000000000060b9 .LASF214
C:\Users\zero6575\AppData\Local\Temp\ccR2I8ol.s:8729   .debug_str:000000000000572b .LASF215
C:\Users\zero6575\AppData\Local\Temp\ccR2I8ol.s:9069   .debug_str:000000000000698b .LASF216
C:\Users\zero6575\AppData\Local\Temp\ccR2I8ol.s:9801   .debug_str:0000000000008e94 .LASF217
C:\Users\zero6575\AppData\Local\Temp\ccR2I8ol.s:8271   .debug_str:0000000000003deb .LASF218
C:\Users\zero6575\AppData\Local\Temp\ccR2I8ol.s:7963   .debug_str:0000000000002e02 .LASF219
C:\Users\zero6575\AppData\Local\Temp\ccR2I8ol.s:9511   .debug_str:0000000000007f46 .LASF220
C:\Users\zero6575\AppData\Local\Temp\ccR2I8ol.s:8111   .debug_str:0000000000003571 .LASF221
C:\Users\zero6575\AppData\Local\Temp\ccR2I8ol.s:7485   .debug_str:000000000000126b .LASF222
C:\Users\zero6575\AppData\Local\Temp\ccR2I8ol.s:7265   .debug_str:00000000000006be .LASF223
C:\Users\zero6575\AppData\Local\Temp\ccR2I8ol.s:9199   .debug_str:0000000000007077 .LASF224
C:\Users\zero6575\AppData\Local\Temp\ccR2I8ol.s:7939   .debug_str:0000000000002c80 .LASF225
C:\Users\zero6575\AppData\Local\Temp\ccR2I8ol.s:9803   .debug_str:0000000000008eab .LASF226
C:\Users\zero6575\AppData\Local\Temp\ccR2I8ol.s:8035   .debug_str:0000000000003162 .LASF227
C:\Users\zero6575\AppData\Local\Temp\ccR2I8ol.s:7377   .debug_str:0000000000000c68 .LASF228
C:\Users\zero6575\AppData\Local\Temp\ccR2I8ol.s:8643   .debug_str:0000000000005303 .LASF229
C:\Users\zero6575\AppData\Local\Temp\ccR2I8ol.s:9207   .debug_str:00000000000070b2 .LASF230
C:\Users\zero6575\AppData\Local\Temp\ccR2I8ol.s:8445   .debug_str:000000000000479b .LASF231
C:\Users\zero6575\AppData\Local\Temp\ccR2I8ol.s:9479   .debug_str:0000000000007dc6 .LASF232
C:\Users\zero6575\AppData\Local\Temp\ccR2I8ol.s:9647   .debug_str:00000000000085e8 .LASF233
C:\Users\zero6575\AppData\Local\Temp\ccR2I8ol.s:8051   .debug_str:000000000000327f .LASF234
C:\Users\zero6575\AppData\Local\Temp\ccR2I8ol.s:8011   .debug_str:000000000000307c .LASF235
C:\Users\zero6575\AppData\Local\Temp\ccR2I8ol.s:9443   .debug_str:0000000000007c02 .LASF236
C:\Users\zero6575\AppData\Local\Temp\ccR2I8ol.s:9761   .debug_str:0000000000008bf5 .LASF237
C:\Users\zero6575\AppData\Local\Temp\ccR2I8ol.s:7853   .debug_str:00000000000027b5 .LASF238
C:\Users\zero6575\AppData\Local\Temp\ccR2I8ol.s:7397   .debug_str:0000000000000dc9 .LASF239
C:\Users\zero6575\AppData\Local\Temp\ccR2I8ol.s:8097   .debug_str:00000000000034d9 .LASF240
C:\Users\zero6575\AppData\Local\Temp\ccR2I8ol.s:9179   .debug_str:0000000000006f7b .LASF241
C:\Users\zero6575\AppData\Local\Temp\ccR2I8ol.s:9937   .debug_str:0000000000009486 .LASF242
C:\Users\zero6575\AppData\Local\Temp\ccR2I8ol.s:8891   .debug_str:0000000000005fba .LASF243
C:\Users\zero6575\AppData\Local\Temp\ccR2I8ol.s:7705   .debug_str:0000000000001f1a .LASF244
C:\Users\zero6575\AppData\Local\Temp\ccR2I8ol.s:8883   .debug_str:0000000000005f6f .LASF245
C:\Users\zero6575\AppData\Local\Temp\ccR2I8ol.s:9715   .debug_str:00000000000089d7 .LASF246
C:\Users\zero6575\AppData\Local\Temp\ccR2I8ol.s:9587   .debug_str:00000000000082fb .LASF247
C:\Users\zero6575\AppData\Local\Temp\ccR2I8ol.s:9085   .debug_str:0000000000006a61 .LASF248
C:\Users\zero6575\AppData\Local\Temp\ccR2I8ol.s:8693   .debug_str:000000000000555f .LASF249
C:\Users\zero6575\AppData\Local\Temp\ccR2I8ol.s:9597   .debug_str:000000000000835f .LASF250
C:\Users\zero6575\AppData\Local\Temp\ccR2I8ol.s:7769   .debug_str:0000000000002236 .LASF251
C:\Users\zero6575\AppData\Local\Temp\ccR2I8ol.s:9001   .debug_str:00000000000065de .LASF252
C:\Users\zero6575\AppData\Local\Temp\ccR2I8ol.s:7915   .debug_str:0000000000002b6a .LASF253
C:\Users\zero6575\AppData\Local\Temp\ccR2I8ol.s:9297   .debug_str:0000000000007493 .LASF254
C:\Users\zero6575\AppData\Local\Temp\ccR2I8ol.s:7873   .debug_str:00000000000028c9 .LASF255
C:\Users\zero6575\AppData\Local\Temp\ccR2I8ol.s:8457   .debug_str:0000000000004810 .LASF256
C:\Users\zero6575\AppData\Local\Temp\ccR2I8ol.s:9197   .debug_str:0000000000007036 .LASF257
C:\Users\zero6575\AppData\Local\Temp\ccR2I8ol.s:9941   .debug_str:00000000000094d8 .LASF258
C:\Users\zero6575\AppData\Local\Temp\ccR2I8ol.s:9155   .debug_str:0000000000006db7 .LASF259
C:\Users\zero6575\AppData\Local\Temp\ccR2I8ol.s:8669   .debug_str:0000000000005450 .LASF260
C:\Users\zero6575\AppData\Local\Temp\ccR2I8ol.s:7111   .debug_str:0000000000000043 .LASF261
C:\Users\zero6575\AppData\Local\Temp\ccR2I8ol.s:9747   .debug_str:0000000000008b2b .LASF262
C:\Users\zero6575\AppData\Local\Temp\ccR2I8ol.s:8577   .debug_str:0000000000004f2b .LASF263
C:\Users\zero6575\AppData\Local\Temp\ccR2I8ol.s:8629   .debug_str:00000000000051d6 .LASF264
C:\Users\zero6575\AppData\Local\Temp\ccR2I8ol.s:9519   .debug_str:0000000000007fa1 .LASF265
C:\Users\zero6575\AppData\Local\Temp\ccR2I8ol.s:9635   .debug_str:0000000000008528 .LASF266
C:\Users\zero6575\AppData\Local\Temp\ccR2I8ol.s:7741   .debug_str:000000000000210d .LASF267
C:\Users\zero6575\AppData\Local\Temp\ccR2I8ol.s:8043   .debug_str:00000000000031d1 .LASF268
C:\Users\zero6575\AppData\Local\Temp\ccR2I8ol.s:8259   .debug_str:0000000000003d6c .LASF269
C:\Users\zero6575\AppData\Local\Temp\ccR2I8ol.s:7273   .debug_str:0000000000000714 .LASF270
C:\Users\zero6575\AppData\Local\Temp\ccR2I8ol.s:8735   .debug_str:0000000000005789 .LASF271
C:\Users\zero6575\AppData\Local\Temp\ccR2I8ol.s:9465   .debug_str:0000000000007d14 .LASF272
C:\Users\zero6575\AppData\Local\Temp\ccR2I8ol.s:9263   .debug_str:000000000000735c .LASF273
C:\Users\zero6575\AppData\Local\Temp\ccR2I8ol.s:8621   .debug_str:0000000000005197 .LASF274
C:\Users\zero6575\AppData\Local\Temp\ccR2I8ol.s:8847   .debug_str:0000000000005d6e .LASF275
C:\Users\zero6575\AppData\Local\Temp\ccR2I8ol.s:7345   .debug_str:0000000000000b05 .LASF276
C:\Users\zero6575\AppData\Local\Temp\ccR2I8ol.s:7187   .debug_str:000000000000042a .LASF277
C:\Users\zero6575\AppData\Local\Temp\ccR2I8ol.s:8163   .debug_str:0000000000003864 .LASF278
C:\Users\zero6575\AppData\Local\Temp\ccR2I8ol.s:9513   .debug_str:0000000000007f5e .LASF279
C:\Users\zero6575\AppData\Local\Temp\ccR2I8ol.s:7869   .debug_str:0000000000002870 .LASF280
C:\Users\zero6575\AppData\Local\Temp\ccR2I8ol.s:7955   .debug_str:0000000000002d51 .LASF281
C:\Users\zero6575\AppData\Local\Temp\ccR2I8ol.s:9697   .debug_str:00000000000088bf .LASF282
C:\Users\zero6575\AppData\Local\Temp\ccR2I8ol.s:8791   .debug_str:0000000000005ac9 .LASF283
C:\Users\zero6575\AppData\Local\Temp\ccR2I8ol.s:7649   .debug_str:0000000000001c6c .LASF284
C:\Users\zero6575\AppData\Local\Temp\ccR2I8ol.s:8887   .debug_str:0000000000005f99 .LASF285
C:\Users\zero6575\AppData\Local\Temp\ccR2I8ol.s:9749   .debug_str:0000000000008b40 .LASF286
C:\Users\zero6575\AppData\Local\Temp\ccR2I8ol.s:9389   .debug_str:0000000000007876 .LASF287
C:\Users\zero6575\AppData\Local\Temp\ccR2I8ol.s:8737   .debug_str:000000000000579f .LASF288
C:\Users\zero6575\AppData\Local\Temp\ccR2I8ol.s:9261   .debug_str:000000000000733e .LASF289
C:\Users\zero6575\AppData\Local\Temp\ccR2I8ol.s:7385   .debug_str:0000000000000d31 .LASF290
C:\Users\zero6575\AppData\Local\Temp\ccR2I8ol.s:8881   .debug_str:0000000000005f4d .LASF291
C:\Users\zero6575\AppData\Local\Temp\ccR2I8ol.s:8103   .debug_str:0000000000003511 .LASF292
C:\Users\zero6575\AppData\Local\Temp\ccR2I8ol.s:9555   .debug_str:000000000000815f .LASF293
C:\Users\zero6575\AppData\Local\Temp\ccR2I8ol.s:8949   .debug_str:0000000000006329 .LASF294
C:\Users\zero6575\AppData\Local\Temp\ccR2I8ol.s:8777   .debug_str:000000000000595a .LASF295
C:\Users\zero6575\AppData\Local\Temp\ccR2I8ol.s:8141   .debug_str:0000000000003794 .LASF296
C:\Users\zero6575\AppData\Local\Temp\ccR2I8ol.s:9027   .debug_str:0000000000006730 .LASF297
C:\Users\zero6575\AppData\Local\Temp\ccR2I8ol.s:7773   .debug_str:0000000000002260 .LASF298
C:\Users\zero6575\AppData\Local\Temp\ccR2I8ol.s:8709   .debug_str:0000000000005600 .LASF299
C:\Users\zero6575\AppData\Local\Temp\ccR2I8ol.s:8225   .debug_str:0000000000003bba .LASF300
C:\Users\zero6575\AppData\Local\Temp\ccR2I8ol.s:7421   .debug_str:0000000000000ecd .LASF301
C:\Users\zero6575\AppData\Local\Temp\ccR2I8ol.s:8645   .debug_str:0000000000005344 .LASF302
C:\Users\zero6575\AppData\Local\Temp\ccR2I8ol.s:8479   .debug_str:0000000000004942 .LASF303
C:\Users\zero6575\AppData\Local\Temp\ccR2I8ol.s:8449   .debug_str:00000000000047c1 .LASF304
C:\Users\zero6575\AppData\Local\Temp\ccR2I8ol.s:9567   .debug_str:00000000000081da .LASF305
C:\Users\zero6575\AppData\Local\Temp\ccR2I8ol.s:9117   .debug_str:0000000000006bf5 .LASF306
C:\Users\zero6575\AppData\Local\Temp\ccR2I8ol.s:9295   .debug_str:000000000000747e .LASF307
C:\Users\zero6575\AppData\Local\Temp\ccR2I8ol.s:8095   .debug_str:00000000000034c8 .LASF308
C:\Users\zero6575\AppData\Local\Temp\ccR2I8ol.s:9371   .debug_str:00000000000077c1 .LASF309
C:\Users\zero6575\AppData\Local\Temp\ccR2I8ol.s:7581   .debug_str:0000000000001912 .LASF310
C:\Users\zero6575\AppData\Local\Temp\ccR2I8ol.s:7523   .debug_str:00000000000016ce .LASF311
C:\Users\zero6575\AppData\Local\Temp\ccR2I8ol.s:9851   .debug_str:0000000000009094 .LASF312
C:\Users\zero6575\AppData\Local\Temp\ccR2I8ol.s:8733   .debug_str:0000000000005770 .LASF313
C:\Users\zero6575\AppData\Local\Temp\ccR2I8ol.s:7331   .debug_str:0000000000000a3c .LASF314
C:\Users\zero6575\AppData\Local\Temp\ccR2I8ol.s:7209   .debug_str:00000000000004f9 .LASF315
C:\Users\zero6575\AppData\Local\Temp\ccR2I8ol.s:7567   .debug_str:000000000000188d .LASF316
C:\Users\zero6575\AppData\Local\Temp\ccR2I8ol.s:8251   .debug_str:0000000000003cc3 .LASF317
C:\Users\zero6575\AppData\Local\Temp\ccR2I8ol.s:9501   .debug_str:0000000000007edb .LASF318
C:\Users\zero6575\AppData\Local\Temp\ccR2I8ol.s:7197   .debug_str:000000000000047b .LASF319
C:\Users\zero6575\AppData\Local\Temp\ccR2I8ol.s:7621   .debug_str:0000000000001ad1 .LASF320
C:\Users\zero6575\AppData\Local\Temp\ccR2I8ol.s:9219   .debug_str:000000000000713f .LASF321
C:\Users\zero6575\AppData\Local\Temp\ccR2I8ol.s:7343   .debug_str:0000000000000afb .LASF322
C:\Users\zero6575\AppData\Local\Temp\ccR2I8ol.s:8971   .debug_str:0000000000006417 .LASF323
C:\Users\zero6575\AppData\Local\Temp\ccR2I8ol.s:9433   .debug_str:0000000000007b8e .LASF324
C:\Users\zero6575\AppData\Local\Temp\ccR2I8ol.s:9613   .debug_str:0000000000008426 .LASF325
C:\Users\zero6575\AppData\Local\Temp\ccR2I8ol.s:8233   .debug_str:0000000000003c09 .LASF326
C:\Users\zero6575\AppData\Local\Temp\ccR2I8ol.s:9757   .debug_str:0000000000008bd3 .LASF327
C:\Users\zero6575\AppData\Local\Temp\ccR2I8ol.s:7943   .debug_str:0000000000002cb9 .LASF328
C:\Users\zero6575\AppData\Local\Temp\ccR2I8ol.s:9305   .debug_str:00000000000074db .LASF329
C:\Users\zero6575\AppData\Local\Temp\ccR2I8ol.s:9161   .debug_str:0000000000006e0c .LASF330
C:\Users\zero6575\AppData\Local\Temp\ccR2I8ol.s:8309   .debug_str:0000000000003f81 .LASF331
C:\Users\zero6575\AppData\Local\Temp\ccR2I8ol.s:7415   .debug_str:0000000000000e83 .LASF332
C:\Users\zero6575\AppData\Local\Temp\ccR2I8ol.s:7401   .debug_str:0000000000000ded .LASF333
C:\Users\zero6575\AppData\Local\Temp\ccR2I8ol.s:7221   .debug_str:0000000000000579 .LASF334
C:\Users\zero6575\AppData\Local\Temp\ccR2I8ol.s:7697   .debug_str:0000000000001eda .LASF335
C:\Users\zero6575\AppData\Local\Temp\ccR2I8ol.s:9073   .debug_str:00000000000069d7 .LASF336
C:\Users\zero6575\AppData\Local\Temp\ccR2I8ol.s:8653   .debug_str:000000000000538e .LASF337
C:\Users\zero6575\AppData\Local\Temp\ccR2I8ol.s:9517   .debug_str:0000000000007f86 .LASF338
C:\Users\zero6575\AppData\Local\Temp\ccR2I8ol.s:7859   .debug_str:000000000000281a .LASF339
C:\Users\zero6575\AppData\Local\Temp\ccR2I8ol.s:8401   .debug_str:000000000000451d .LASF340
C:\Users\zero6575\AppData\Local\Temp\ccR2I8ol.s:8123   .debug_str:00000000000035f2 .LASF341
C:\Users\zero6575\AppData\Local\Temp\ccR2I8ol.s:8249   .debug_str:0000000000003cb8 .LASF342
C:\Users\zero6575\AppData\Local\Temp\ccR2I8ol.s:9397   .debug_str:000000000000793d .LASF343
C:\Users\zero6575\AppData\Local\Temp\ccR2I8ol.s:8753   .debug_str:000000000000582d .LASF344
C:\Users\zero6575\AppData\Local\Temp\ccR2I8ol.s:8221   .debug_str:0000000000003b9b .LASF345
C:\Users\zero6575\AppData\Local\Temp\ccR2I8ol.s:7303   .debug_str:0000000000000967 .LASF346
C:\Users\zero6575\AppData\Local\Temp\ccR2I8ol.s:9187   .debug_str:0000000000006ff5 .LASF347
C:\Users\zero6575\AppData\Local\Temp\ccR2I8ol.s:8917   .debug_str:0000000000006179 .LASF348
C:\Users\zero6575\AppData\Local\Temp\ccR2I8ol.s:8901   .debug_str:000000000000608a .LASF349
C:\Users\zero6575\AppData\Local\Temp\ccR2I8ol.s:9447   .debug_str:0000000000007c2b .LASF350
C:\Users\zero6575\AppData\Local\Temp\ccR2I8ol.s:9313   .debug_str:0000000000007533 .LASF351
C:\Users\zero6575\AppData\Local\Temp\ccR2I8ol.s:7703   .debug_str:0000000000001f0a .LASF352
C:\Users\zero6575\AppData\Local\Temp\ccR2I8ol.s:7817   .debug_str:0000000000002602 .LASF353
C:\Users\zero6575\AppData\Local\Temp\ccR2I8ol.s:8849   .debug_str:0000000000005d9f .LASF354
C:\Users\zero6575\AppData\Local\Temp\ccR2I8ol.s:8659   .debug_str:00000000000053d9 .LASF355
C:\Users\zero6575\AppData\Local\Temp\ccR2I8ol.s:9833   .debug_str:0000000000008f99 .LASF356
C:\Users\zero6575\AppData\Local\Temp\ccR2I8ol.s:9071   .debug_str:00000000000069ce .LASF357
C:\Users\zero6575\AppData\Local\Temp\ccR2I8ol.s:8515   .debug_str:0000000000004b6b .LASF358
C:\Users\zero6575\AppData\Local\Temp\ccR2I8ol.s:7525   .debug_str:00000000000016df .LASF359
C:\Users\zero6575\AppData\Local\Temp\ccR2I8ol.s:9527   .debug_str:0000000000007ffe .LASF360
C:\Users\zero6575\AppData\Local\Temp\ccR2I8ol.s:8943   .debug_str:000000000000630c .LASF361
C:\Users\zero6575\AppData\Local\Temp\ccR2I8ol.s:8229   .debug_str:0000000000003bea .LASF362
C:\Users\zero6575\AppData\Local\Temp\ccR2I8ol.s:8695   .debug_str:0000000000005571 .LASF363
C:\Users\zero6575\AppData\Local\Temp\ccR2I8ol.s:8133   .debug_str:0000000000003699 .LASF364
C:\Users\zero6575\AppData\Local\Temp\ccR2I8ol.s:7293   .debug_str:0000000000000886 .LASF365
C:\Users\zero6575\AppData\Local\Temp\ccR2I8ol.s:7407   .debug_str:0000000000000e2a .LASF366
C:\Users\zero6575\AppData\Local\Temp\ccR2I8ol.s:7653   .debug_str:0000000000001c99 .LASF367
C:\Users\zero6575\AppData\Local\Temp\ccR2I8ol.s:8125   .debug_str:0000000000003609 .LASF368
C:\Users\zero6575\AppData\Local\Temp\ccR2I8ol.s:9781   .debug_str:0000000000008dae .LASF369
C:\Users\zero6575\AppData\Local\Temp\ccR2I8ol.s:9383   .debug_str:0000000000007830 .LASF370
C:\Users\zero6575\AppData\Local\Temp\ccR2I8ol.s:7753   .debug_str:000000000000219a .LASF371
C:\Users\zero6575\AppData\Local\Temp\ccR2I8ol.s:7441   .debug_str:0000000000001024 .LASF372
C:\Users\zero6575\AppData\Local\Temp\ccR2I8ol.s:7353   .debug_str:0000000000000b72 .LASF373
C:\Users\zero6575\AppData\Local\Temp\ccR2I8ol.s:7227   .debug_str:00000000000005ac .LASF374
C:\Users\zero6575\AppData\Local\Temp\ccR2I8ol.s:8469   .debug_str:00000000000048d9 .LASF375
C:\Users\zero6575\AppData\Local\Temp\ccR2I8ol.s:9005   .debug_str:000000000000660c .LASF376
C:\Users\zero6575\AppData\Local\Temp\ccR2I8ol.s:9381   .debug_str:0000000000007826 .LASF377
C:\Users\zero6575\AppData\Local\Temp\ccR2I8ol.s:9449   .debug_str:0000000000007c3c .LASF378
C:\Users\zero6575\AppData\Local\Temp\ccR2I8ol.s:8493   .debug_str:00000000000049e2 .LASF379
C:\Users\zero6575\AppData\Local\Temp\ccR2I8ol.s:9317   .debug_str:0000000000007582 .LASF380
C:\Users\zero6575\AppData\Local\Temp\ccR2I8ol.s:7927   .debug_str:0000000000002bdf .LASF381
C:\Users\zero6575\AppData\Local\Temp\ccR2I8ol.s:7119   .debug_str:00000000000000a0 .LASF382
C:\Users\zero6575\AppData\Local\Temp\ccR2I8ol.s:7985   .debug_str:0000000000002f4c .LASF383
C:\Users\zero6575\AppData\Local\Temp\ccR2I8ol.s:7445   .debug_str:0000000000001063 .LASF384
C:\Users\zero6575\AppData\Local\Temp\ccR2I8ol.s:9691   .debug_str:000000000000889f .LASF385
C:\Users\zero6575\AppData\Local\Temp\ccR2I8ol.s:8187   .debug_str:00000000000039f3 .LASF386
C:\Users\zero6575\AppData\Local\Temp\ccR2I8ol.s:8413   .debug_str:00000000000045bf .LASF387
C:\Users\zero6575\AppData\Local\Temp\ccR2I8ol.s:8219   .debug_str:0000000000003b8d .LASF388
C:\Users\zero6575\AppData\Local\Temp\ccR2I8ol.s:9181   .debug_str:0000000000006fb9 .LASF389
C:\Users\zero6575\AppData\Local\Temp\ccR2I8ol.s:8389   .debug_str:00000000000044b7 .LASF390
C:\Users\zero6575\AppData\Local\Temp\ccR2I8ol.s:9143   .debug_str:0000000000006d40 .LASF391
C:\Users\zero6575\AppData\Local\Temp\ccR2I8ol.s:8561   .debug_str:0000000000004de7 .LASF392
C:\Users\zero6575\AppData\Local\Temp\ccR2I8ol.s:8563   .debug_str:0000000000004df3 .LASF393
C:\Users\zero6575\AppData\Local\Temp\ccR2I8ol.s:9817   .debug_str:0000000000008f29 .LASF394
C:\Users\zero6575\AppData\Local\Temp\ccR2I8ol.s:9439   .debug_str:0000000000007bd6 .LASF398
C:\Users\zero6575\AppData\Local\Temp\ccR2I8ol.s:8519   .debug_str:0000000000004b9a .LASF399
C:\Users\zero6575\AppData\Local\Temp\ccR2I8ol.s:8371   .debug_str:0000000000004368 .LASF400
C:\Users\zero6575\AppData\Local\Temp\ccR2I8ol.s:7921   .debug_str:0000000000002ba9 .LASF401
C:\Users\zero6575\AppData\Local\Temp\ccR2I8ol.s:8053   .debug_str:0000000000003296 .LASF402
C:\Users\zero6575\AppData\Local\Temp\ccR2I8ol.s:8989   .debug_str:0000000000006510 .LASF403
C:\Users\zero6575\AppData\Local\Temp\ccR2I8ol.s:9405   .debug_str:000000000000797f .LASF404
C:\Users\zero6575\AppData\Local\Temp\ccR2I8ol.s:7891   .debug_str:00000000000029e0 .LASF405
C:\Users\zero6575\AppData\Local\Temp\ccR2I8ol.s:7925   .debug_str:0000000000002bcd .LASF406
C:\Users\zero6575\AppData\Local\Temp\ccR2I8ol.s:7749   .debug_str:0000000000002175 .LASF407
C:\Users\zero6575\AppData\Local\Temp\ccR2I8ol.s:9629   .debug_str:00000000000084f3 .LASF408
C:\Users\zero6575\AppData\Local\Temp\ccR2I8ol.s:9015   .debug_str:000000000000669c .LASF409
C:\Users\zero6575\AppData\Local\Temp\ccR2I8ol.s:9077   .debug_str:0000000000006a0d .LASF410
C:\Users\zero6575\AppData\Local\Temp\ccR2I8ol.s:9589   .debug_str:0000000000008316 .LASF411
C:\Users\zero6575\AppData\Local\Temp\ccR2I8ol.s:9399   .debug_str:0000000000007949 .LASF412
C:\Users\zero6575\AppData\Local\Temp\ccR2I8ol.s:8865   .debug_str:0000000000005e7f .LASF413
C:\Users\zero6575\AppData\Local\Temp\ccR2I8ol.s:9123   .debug_str:0000000000006c49 .LASF414
C:\Users\zero6575\AppData\Local\Temp\ccR2I8ol.s:9319   .debug_str:0000000000007591 .LASF415
C:\Users\zero6575\AppData\Local\Temp\ccR2I8ol.s:7527   .debug_str:00000000000016e9 .LASF416
C:\Users\zero6575\AppData\Local\Temp\ccR2I8ol.s:9321   .debug_str:00000000000075a1 .LASF417
C:\Users\zero6575\AppData\Local\Temp\ccR2I8ol.s:7123   .debug_str:00000000000000bc .LASF418
C:\Users\zero6575\AppData\Local\Temp\ccR2I8ol.s:8369   .debug_str:0000000000004351 .LASF419
C:\Users\zero6575\AppData\Local\Temp\ccR2I8ol.s:8173   .debug_str:0000000000003931 .LASF420
C:\Users\zero6575\AppData\Local\Temp\ccR2I8ol.s:8909   .debug_str:00000000000060f5 .LASF421
C:\Users\zero6575\AppData\Local\Temp\ccR2I8ol.s:8835   .debug_str:0000000000005d09 .LASF422
C:\Users\zero6575\AppData\Local\Temp\ccR2I8ol.s:7611   .debug_str:0000000000001a56 .LASF423
C:\Users\zero6575\AppData\Local\Temp\ccR2I8ol.s:9777   .debug_str:0000000000008d8f .LASF424
C:\Users\zero6575\AppData\Local\Temp\ccR2I8ol.s:9543   .debug_str:00000000000080d5 .LASF425
C:\Users\zero6575\AppData\Local\Temp\ccR2I8ol.s:9107   .debug_str:0000000000006b49 .LASF426
C:\Users\zero6575\AppData\Local\Temp\ccR2I8ol.s:7971   .debug_str:0000000000002ed9 .LASF427
C:\Users\zero6575\AppData\Local\Temp\ccR2I8ol.s:9575   .debug_str:0000000000008234 .LASF428
C:\Users\zero6575\AppData\Local\Temp\ccR2I8ol.s:8087   .debug_str:0000000000003474 .LASF429
C:\Users\zero6575\AppData\Local\Temp\ccR2I8ol.s:7317   .debug_str:00000000000009c4 .LASF430
C:\Users\zero6575\AppData\Local\Temp\ccR2I8ol.s:8507   .debug_str:0000000000004b0f .LASF431
C:\Users\zero6575\AppData\Local\Temp\ccR2I8ol.s:7255   .debug_str:000000000000065c .LASF432
C:\Users\zero6575\AppData\Local\Temp\ccR2I8ol.s:8617   .debug_str:0000000000005174 .LASF433
C:\Users\zero6575\AppData\Local\Temp\ccR2I8ol.s:8731   .debug_str:000000000000576a .LASF434
C:\Users\zero6575\AppData\Local\Temp\ccR2I8ol.s:8355   .debug_str:00000000000042fa .LASF435
C:\Users\zero6575\AppData\Local\Temp\ccR2I8ol.s:9249   .debug_str:00000000000072ba .LASF436
C:\Users\zero6575\AppData\Local\Temp\ccR2I8ol.s:7541   .debug_str:0000000000001780 .LASF437
C:\Users\zero6575\AppData\Local\Temp\ccR2I8ol.s:8839   .debug_str:0000000000005d2f .LASF438
C:\Users\zero6575\AppData\Local\Temp\ccR2I8ol.s:7411   .debug_str:0000000000000e59 .LASF440
C:\Users\zero6575\AppData\Local\Temp\ccR2I8ol.s:8975   .debug_str:0000000000006439 .LASF441
C:\Users\zero6575\AppData\Local\Temp\ccR2I8ol.s:7399   .debug_str:0000000000000de3 .LASF442
C:\Users\zero6575\AppData\Local\Temp\ccR2I8ol.s:9693   .debug_str:00000000000088b0 .LASF443
C:\Users\zero6575\AppData\Local\Temp\ccR2I8ol.s:8265   .debug_str:0000000000003dae .LASF444
C:\Users\zero6575\AppData\Local\Temp\ccR2I8ol.s:7271   .debug_str:0000000000000708 .LASF445
C:\Users\zero6575\AppData\Local\Temp\ccR2I8ol.s:9579   .debug_str:0000000000008271 .LASF446
C:\Users\zero6575\AppData\Local\Temp\ccR2I8ol.s:8755   .debug_str:000000000000583d .LASF447
C:\Users\zero6575\AppData\Local\Temp\ccR2I8ol.s:7701   .debug_str:0000000000001eff .LASF448
C:\Users\zero6575\AppData\Local\Temp\ccR2I8ol.s:8711   .debug_str:0000000000005621 .LASF449
C:\Users\zero6575\AppData\Local\Temp\ccR2I8ol.s:8009   .debug_str:0000000000003075 .LASF450
C:\Users\zero6575\AppData\Local\Temp\ccR2I8ol.s:9281   .debug_str:0000000000007434 .LASF451
C:\Users\zero6575\AppData\Local\Temp\ccR2I8ol.s:7763   .debug_str:0000000000002215 .LASF452
C:\Users\zero6575\AppData\Local\Temp\ccR2I8ol.s:8193   .debug_str:0000000000003a52 .LASF453
C:\Users\zero6575\AppData\Local\Temp\ccR2I8ol.s:9247   .debug_str:00000000000072ae .LASF454
C:\Users\zero6575\AppData\Local\Temp\ccR2I8ol.s:8107   .debug_str:000000000000354f .LASF455
C:\Users\zero6575\AppData\Local\Temp\ccR2I8ol.s:9933   .debug_str:0000000000009465 .LASF456
C:\Users\zero6575\AppData\Local\Temp\ccR2I8ol.s:8513   .debug_str:0000000000004b62 .LASF457
C:\Users\zero6575\AppData\Local\Temp\ccR2I8ol.s:9605   .debug_str:00000000000083d4 .LASF458
C:\Users\zero6575\AppData\Local\Temp\ccR2I8ol.s:8443   .debug_str:0000000000004791 .LASF459
C:\Users\zero6575\AppData\Local\Temp\ccR2I8ol.s:7425   .debug_str:0000000000000f22 .LASF460
C:\Users\zero6575\AppData\Local\Temp\ccR2I8ol.s:8925   .debug_str:00000000000061c4 .LASF461
C:\Users\zero6575\AppData\Local\Temp\ccR2I8ol.s:7131   .debug_str:0000000000000105 .LASF462
C:\Users\zero6575\AppData\Local\Temp\ccR2I8ol.s:8793   .debug_str:0000000000005ade .LASF463
C:\Users\zero6575\AppData\Local\Temp\ccR2I8ol.s:7843   .debug_str:0000000000002716 .LASF464
C:\Users\zero6575\AppData\Local\Temp\ccR2I8ol.s:9253   .debug_str:00000000000072ea .LASF465
C:\Users\zero6575\AppData\Local\Temp\ccR2I8ol.s:8539   .debug_str:0000000000004cbd .LASF466
C:\Users\zero6575\AppData\Local\Temp\ccR2I8ol.s:7731   .debug_str:000000000000207e .LASF467
C:\Users\zero6575\AppData\Local\Temp\ccR2I8ol.s:8613   .debug_str:0000000000005153 .LASF468
C:\Users\zero6575\AppData\Local\Temp\ccR2I8ol.s:9271   .debug_str:00000000000073a4 .LASF469
C:\Users\zero6575\AppData\Local\Temp\ccR2I8ol.s:7975   .debug_str:0000000000002ef4 .LASF470
C:\Users\zero6575\AppData\Local\Temp\ccR2I8ol.s:8291   .debug_str:0000000000003e8b .LASF471
C:\Users\zero6575\AppData\Local\Temp\ccR2I8ol.s:8057   .debug_str:00000000000032d5 .LASF472
C:\Users\zero6575\AppData\Local\Temp\ccR2I8ol.s:9581   .debug_str:0000000000008279 .LASF473
C:\Users\zero6575\AppData\Local\Temp\ccR2I8ol.s:9897   .debug_str:000000000000932f .LASF474
C:\Users\zero6575\AppData\Local\Temp\ccR2I8ol.s:9367   .debug_str:0000000000007788 .LASF475
C:\Users\zero6575\AppData\Local\Temp\ccR2I8ol.s:8093   .debug_str:00000000000034b4 .LASF476
C:\Users\zero6575\AppData\Local\Temp\ccR2I8ol.s:8395   .debug_str:00000000000044e8 .LASF477
C:\Users\zero6575\AppData\Local\Temp\ccR2I8ol.s:7155   .debug_str:0000000000000288 .LASF478
C:\Users\zero6575\AppData\Local\Temp\ccR2I8ol.s:8079   .debug_str:000000000000340a .LASF479
C:\Users\zero6575\AppData\Local\Temp\ccR2I8ol.s:9135   .debug_str:0000000000006cd7 .LASF480
C:\Users\zero6575\AppData\Local\Temp\ccR2I8ol.s:8399   .debug_str:0000000000004508 .LASF481
C:\Users\zero6575\AppData\Local\Temp\ccR2I8ol.s:8627   .debug_str:00000000000051bd .LASF482
C:\Users\zero6575\AppData\Local\Temp\ccR2I8ol.s:9125   .debug_str:0000000000006c59 .LASF483
C:\Users\zero6575\AppData\Local\Temp\ccR2I8ol.s:9947   .debug_str:0000000000009535 .LASF484
C:\Users\zero6575\AppData\Local\Temp\ccR2I8ol.s:7655   .debug_str:0000000000001cab .LASF485
C:\Users\zero6575\AppData\Local\Temp\ccR2I8ol.s:8075   .debug_str:00000000000033d1 .LASF486
C:\Users\zero6575\AppData\Local\Temp\ccR2I8ol.s:8115   .debug_str:0000000000003596 .LASF487
C:\Users\zero6575\AppData\Local\Temp\ccR2I8ol.s:8143   .debug_str:00000000000037b2 .LASF488
C:\Users\zero6575\AppData\Local\Temp\ccR2I8ol.s:9437   .debug_str:0000000000007bbd .LASF489
C:\Users\zero6575\AppData\Local\Temp\ccR2I8ol.s:9419   .debug_str:0000000000007a56 .LASF490
C:\Users\zero6575\AppData\Local\Temp\ccR2I8ol.s:9081   .debug_str:0000000000006a34 .LASF491
C:\Users\zero6575\AppData\Local\Temp\ccR2I8ol.s:8343   .debug_str:000000000000426f .LASF492
C:\Users\zero6575\AppData\Local\Temp\ccR2I8ol.s:8999   .debug_str:00000000000065c1 .LASF493
C:\Users\zero6575\AppData\Local\Temp\ccR2I8ol.s:9103   .debug_str:0000000000006b25 .LASF494
C:\Users\zero6575\AppData\Local\Temp\ccR2I8ol.s:8857   .debug_str:0000000000005e35 .LASF495
C:\Users\zero6575\AppData\Local\Temp\ccR2I8ol.s:9133   .debug_str:0000000000006cae .LASF496
C:\Users\zero6575\AppData\Local\Temp\ccR2I8ol.s:8465   .debug_str:000000000000489d .LASF497
C:\Users\zero6575\AppData\Local\Temp\ccR2I8ol.s:7949   .debug_str:0000000000002d0d .LASF498
C:\Users\zero6575\AppData\Local\Temp\ccR2I8ol.s:7737   .debug_str:00000000000020c2 .LASF499
C:\Users\zero6575\AppData\Local\Temp\ccR2I8ol.s:8433   .debug_str:00000000000046f2 .LASF500
C:\Users\zero6575\AppData\Local\Temp\ccR2I8ol.s:7617   .debug_str:0000000000001aaf .LASF501
C:\Users\zero6575\AppData\Local\Temp\ccR2I8ol.s:8899   .debug_str:000000000000605f .LASF502
C:\Users\zero6575\AppData\Local\Temp\ccR2I8ol.s:9711   .debug_str:000000000000897a .LASF503
C:\Users\zero6575\AppData\Local\Temp\ccR2I8ol.s:9099   .debug_str:0000000000006af1 .LASF504
C:\Users\zero6575\AppData\Local\Temp\ccR2I8ol.s:8245   .debug_str:0000000000003c71 .LASF505
C:\Users\zero6575\AppData\Local\Temp\ccR2I8ol.s:9957   .debug_str:000000000000958e .LASF506
C:\Users\zero6575\AppData\Local\Temp\ccR2I8ol.s:9169   .debug_str:0000000000006e5d .LASF507
C:\Users\zero6575\AppData\Local\Temp\ccR2I8ol.s:9233   .debug_str:00000000000071c6 .LASF508
C:\Users\zero6575\AppData\Local\Temp\ccR2I8ol.s:8551   .debug_str:0000000000004d53 .LASF509
C:\Users\zero6575\AppData\Local\Temp\ccR2I8ol.s:7477   .debug_str:00000000000011fd .LASF510
C:\Users\zero6575\AppData\Local\Temp\ccR2I8ol.s:7463   .debug_str:000000000000114c .LASF511
C:\Users\zero6575\AppData\Local\Temp\ccR2I8ol.s:7637   .debug_str:0000000000001b9b .LASF512
C:\Users\zero6575\AppData\Local\Temp\ccR2I8ol.s:8473   .debug_str:00000000000048f8 .LASF513
C:\Users\zero6575\AppData\Local\Temp\ccR2I8ol.s:9607   .debug_str:00000000000083de .LASF514
C:\Users\zero6575\AppData\Local\Temp\ccR2I8ol.s:7707   .debug_str:0000000000001f5f .LASF515
C:\Users\zero6575\AppData\Local\Temp\ccR2I8ol.s:7181   .debug_str:00000000000003cf .LASF516
C:\Users\zero6575\AppData\Local\Temp\ccR2I8ol.s:9553   .debug_str:0000000000008138 .LASF517
C:\Users\zero6575\AppData\Local\Temp\ccR2I8ol.s:8063   .debug_str:000000000000331b .LASF518
C:\Users\zero6575\AppData\Local\Temp\ccR2I8ol.s:8895   .debug_str:000000000000602a .LASF519
C:\Users\zero6575\AppData\Local\Temp\ccR2I8ol.s:8521   .debug_str:0000000000004bb2 .LASF520
C:\Users\zero6575\AppData\Local\Temp\ccR2I8ol.s:9913   .debug_str:000000000000939e .LASF521
C:\Users\zero6575\AppData\Local\Temp\ccR2I8ol.s:8557   .debug_str:0000000000004db1 .LASF522
C:\Users\zero6575\AppData\Local\Temp\ccR2I8ol.s:7347   .debug_str:0000000000000b1c .LASF523
C:\Users\zero6575\AppData\Local\Temp\ccR2I8ol.s:9789   .debug_str:0000000000008e0f .LASF524
C:\Users\zero6575\AppData\Local\Temp\ccR2I8ol.s:9051   .debug_str:0000000000006866 .LASF525
C:\Users\zero6575\AppData\Local\Temp\ccR2I8ol.s:7279   .debug_str:000000000000079e .LASF526
C:\Users\zero6575\AppData\Local\Temp\ccR2I8ol.s:8189   .debug_str:0000000000003a01 .LASF527
C:\Users\zero6575\AppData\Local\Temp\ccR2I8ol.s:9369   .debug_str:000000000000779b .LASF528
C:\Users\zero6575\AppData\Local\Temp\ccR2I8ol.s:9541   .debug_str:00000000000080b9 .LASF529
C:\Users\zero6575\AppData\Local\Temp\ccR2I8ol.s:8153   .debug_str:00000000000037ee .LASF530
C:\Users\zero6575\AppData\Local\Temp\ccR2I8ol.s:9835   .debug_str:0000000000008fa5 .LASF531
C:\Users\zero6575\AppData\Local\Temp\ccR2I8ol.s:9291   .debug_str:000000000000745b .LASF532
C:\Users\zero6575\AppData\Local\Temp\ccR2I8ol.s:7177   .debug_str:0000000000000390 .LASF533
C:\Users\zero6575\AppData\Local\Temp\ccR2I8ol.s:9615   .debug_str:0000000000008453 .LASF534
C:\Users\zero6575\AppData\Local\Temp\ccR2I8ol.s:9223   .debug_str:0000000000007167 .LASF535
C:\Users\zero6575\AppData\Local\Temp\ccR2I8ol.s:7903   .debug_str:0000000000002a9f .LASF536
C:\Users\zero6575\AppData\Local\Temp\ccR2I8ol.s:9871   .debug_str:00000000000091be .LASF537
C:\Users\zero6575\AppData\Local\Temp\ccR2I8ol.s:8325   .debug_str:0000000000004102 .LASF538
C:\Users\zero6575\AppData\Local\Temp\ccR2I8ol.s:8467   .debug_str:00000000000048c1 .LASF539
C:\Users\zero6575\AppData\Local\Temp\ccR2I8ol.s:8759   .debug_str:0000000000005857 .LASF540
C:\Users\zero6575\AppData\Local\Temp\ccR2I8ol.s:8957   .debug_str:0000000000006386 .LASF541
C:\Users\zero6575\AppData\Local\Temp\ccR2I8ol.s:8305   .debug_str:0000000000003f61 .LASF542
C:\Users\zero6575\AppData\Local\Temp\ccR2I8ol.s:7897   .debug_str:0000000000002a4e .LASF543
C:\Users\zero6575\AppData\Local\Temp\ccR2I8ol.s:8553   .debug_str:0000000000004d79 .LASF544
C:\Users\zero6575\AppData\Local\Temp\ccR2I8ol.s:7203   .debug_str:00000000000004b1 .LASF545
C:\Users\zero6575\AppData\Local\Temp\ccR2I8ol.s:8499   .debug_str:0000000000004a3a .LASF546
C:\Users\zero6575\AppData\Local\Temp\ccR2I8ol.s:7223   .debug_str:0000000000000588 .LASF547
C:\Users\zero6575\AppData\Local\Temp\ccR2I8ol.s:9009   .debug_str:0000000000006628 .LASF548
C:\Users\zero6575\AppData\Local\Temp\ccR2I8ol.s:8875   .debug_str:0000000000005ee1 .LASF549
C:\Users\zero6575\AppData\Local\Temp\ccR2I8ol.s:8831   .debug_str:0000000000005cdc .LASF550
C:\Users\zero6575\AppData\Local\Temp\ccR2I8ol.s:8287   .debug_str:0000000000003e74 .LASF552
C:\Users\zero6575\AppData\Local\Temp\ccR2I8ol.s:8741   .debug_str:00000000000057d6 .LASF553
C:\Users\zero6575\AppData\Local\Temp\ccR2I8ol.s:9049   .debug_str:0000000000006857 .LASF557
C:\Users\zero6575\AppData\Local\Temp\ccR2I8ol.s:8649   .debug_str:000000000000536c .LASF558
C:\Users\zero6575\AppData\Local\Temp\ccR2I8ol.s:8033   .debug_str:000000000000314e .LASF559
C:\Users\zero6575\AppData\Local\Temp\ccR2I8ol.s:7125   .debug_str:00000000000000cd .LASF560
C:\Users\zero6575\AppData\Local\Temp\ccR2I8ol.s:7879   .debug_str:0000000000002930 .LASF561
C:\Users\zero6575\AppData\Local\Temp\ccR2I8ol.s:7729   .debug_str:000000000000206a .LASF562
C:\Users\zero6575\AppData\Local\Temp\ccR2I8ol.s:9013   .debug_str:0000000000006679 .LASF563
C:\Users\zero6575\AppData\Local\Temp\ccR2I8ol.s:7213   .debug_str:0000000000000538 .LASF564
C:\Users\zero6575\AppData\Local\Temp\ccR2I8ol.s:8661   .debug_str:00000000000053e5 .LASF565
C:\Users\zero6575\AppData\Local\Temp\ccR2I8ol.s:9657   .debug_str:0000000000008690 .LASF566
C:\Users\zero6575\AppData\Local\Temp\ccR2I8ol.s:7571   .debug_str:000000000000189d .LASF568
C:\Users\zero6575\AppData\Local\Temp\ccR2I8ol.s:7931   .debug_str:0000000000002c05 .LASF569
C:\Users\zero6575\AppData\Local\Temp\ccR2I8ol.s:9665   .debug_str:00000000000086ee .LASF570
C:\Users\zero6575\AppData\Local\Temp\ccR2I8ol.s:9875   .debug_str:00000000000091f5 .LASF571
C:\Users\zero6575\AppData\Local\Temp\ccR2I8ol.s:8677   .debug_str:0000000000005497 .LASF572
C:\Users\zero6575\AppData\Local\Temp\ccR2I8ol.s:9401   .debug_str:000000000000795a .LASF573
C:\Users\zero6575\AppData\Local\Temp\ccR2I8ol.s:8015   .debug_str:00000000000030b7 .LASF574
C:\Users\zero6575\AppData\Local\Temp\ccR2I8ol.s:8665   .debug_str:000000000000542c .LASF575
C:\Users\zero6575\AppData\Local\Temp\ccR2I8ol.s:9625   .debug_str:00000000000084d3 .LASF576
C:\Users\zero6575\AppData\Local\Temp\ccR2I8ol.s:7183   .debug_str:00000000000003f7 .LASF577
C:\Users\zero6575\AppData\Local\Temp\ccR2I8ol.s:9189   .debug_str:0000000000007001 .LASF578
C:\Users\zero6575\AppData\Local\Temp\ccR2I8ol.s:9545   .debug_str:00000000000080e5 .LASF579
C:\Users\zero6575\AppData\Local\Temp\ccR2I8ol.s:8397   .debug_str:00000000000044fc .LASF580
C:\Users\zero6575\AppData\Local\Temp\ccR2I8ol.s:9429   .debug_str:0000000000007b69 .LASF581
C:\Users\zero6575\AppData\Local\Temp\ccR2I8ol.s:9661   .debug_str:00000000000086b4 .LASF582
C:\Users\zero6575\AppData\Local\Temp\ccR2I8ol.s:9577   .debug_str:0000000000008249 .LASF583
C:\Users\zero6575\AppData\Local\Temp\ccR2I8ol.s:9407   .debug_str:00000000000079ac .LASF584
C:\Users\zero6575\AppData\Local\Temp\ccR2I8ol.s:7381   .debug_str:0000000000000cec .LASF585
C:\Users\zero6575\AppData\Local\Temp\ccR2I8ol.s:9655   .debug_str:000000000000866e .LASF586
C:\Users\zero6575\AppData\Local\Temp\ccR2I8ol.s:8297   .debug_str:0000000000003ec5 .LASF587
C:\Users\zero6575\AppData\Local\Temp\ccR2I8ol.s:8209   .debug_str:0000000000003b1b .LASF588
C:\Users\zero6575\AppData\Local\Temp\ccR2I8ol.s:7215   .debug_str:0000000000000545 .LASF589
C:\Users\zero6575\AppData\Local\Temp\ccR2I8ol.s:7141   .debug_str:0000000000000155 .LASF590
C:\Users\zero6575\AppData\Local\Temp\ccR2I8ol.s:8345   .debug_str:000000000000428d .LASF591
C:\Users\zero6575\AppData\Local\Temp\ccR2I8ol.s:7253   .debug_str:0000000000000653 .LASF593
C:\Users\zero6575\AppData\Local\Temp\ccR2I8ol.s:7839   .debug_str:00000000000026ea .LASF594
C:\Users\zero6575\AppData\Local\Temp\ccR2I8ol.s:7147   .debug_str:00000000000001a9 .LASF595
C:\Users\zero6575\AppData\Local\Temp\ccR2I8ol.s:9909   .debug_str:0000000000009386 .LASF596
C:\Users\zero6575\AppData\Local\Temp\ccR2I8ol.s:8771   .debug_str:00000000000058e1 .LASF597
C:\Users\zero6575\AppData\Local\Temp\ccR2I8ol.s:8573   .debug_str:0000000000004eee .LASF598
C:\Users\zero6575\AppData\Local\Temp\ccR2I8ol.s:8405   .debug_str:000000000000455c .LASF599
C:\Users\zero6575\AppData\Local\Temp\ccR2I8ol.s:9177   .debug_str:0000000000006f70 .LASF600
C:\Users\zero6575\AppData\Local\Temp\ccR2I8ol.s:7447   .debug_str:0000000000001075 .LASF601
C:\Users\zero6575\AppData\Local\Temp\ccR2I8ol.s:8191   .debug_str:0000000000003a25 .LASF602
C:\Users\zero6575\AppData\Local\Temp\ccR2I8ol.s:7493   .debug_str:00000000000012c6 .LASF603
C:\Users\zero6575\AppData\Local\Temp\ccR2I8ol.s:9421   .debug_str:0000000000007a77 .LASF604
C:\Users\zero6575\AppData\Local\Temp\ccR2I8ol.s:8055   .debug_str:00000000000032ae .LASF605
C:\Users\zero6575\AppData\Local\Temp\ccR2I8ol.s:8805   .debug_str:0000000000005b76 .LASF606
C:\Users\zero6575\AppData\Local\Temp\ccR2I8ol.s:7583   .debug_str:0000000000001920 .LASF607
C:\Users\zero6575\AppData\Local\Temp\ccR2I8ol.s:7431   .debug_str:0000000000000f60 .LASF608
C:\Users\zero6575\AppData\Local\Temp\ccR2I8ol.s:9457   .debug_str:0000000000007cad .LASF609
C:\Users\zero6575\AppData\Local\Temp\ccR2I8ol.s:8605   .debug_str:0000000000005061 .LASF610
C:\Users\zero6575\AppData\Local\Temp\ccR2I8ol.s:9451   .debug_str:0000000000007c47 .LASF611
C:\Users\zero6575\AppData\Local\Temp\ccR2I8ol.s:7813   .debug_str:00000000000025c5 .LASF612
C:\Users\zero6575\AppData\Local\Temp\ccR2I8ol.s:8637   .debug_str:00000000000052bf .LASF613
C:\Users\zero6575\AppData\Local\Temp\ccR2I8ol.s:7537   .debug_str:000000000000176a .LASF614
C:\Users\zero6575\AppData\Local\Temp\ccR2I8ol.s:8681   .debug_str:00000000000054b6 .LASF615
C:\Users\zero6575\AppData\Local\Temp\ccR2I8ol.s:9273   .debug_str:00000000000073b7 .LASF616
C:\Users\zero6575\AppData\Local\Temp\ccR2I8ol.s:8419   .debug_str:0000000000004618 .LASF617
C:\Users\zero6575\AppData\Local\Temp\ccR2I8ol.s:9327   .debug_str:00000000000075df .LASF618
C:\Users\zero6575\AppData\Local\Temp\ccR2I8ol.s:9843   .debug_str:0000000000009029 .LASF619
C:\Users\zero6575\AppData\Local\Temp\ccR2I8ol.s:8599   .debug_str:0000000000005022 .LASF620
C:\Users\zero6575\AppData\Local\Temp\ccR2I8ol.s:8537   .debug_str:0000000000004ca5 .LASF621
C:\Users\zero6575\AppData\Local\Temp\ccR2I8ol.s:8717   .debug_str:0000000000005654 .LASF622
C:\Users\zero6575\AppData\Local\Temp\ccR2I8ol.s:8767   .debug_str:00000000000058b0 .LASF623
C:\Users\zero6575\AppData\Local\Temp\ccR2I8ol.s:9323   .debug_str:00000000000075b7 .LASF624
C:\Users\zero6575\AppData\Local\Temp\ccR2I8ol.s:7633   .debug_str:0000000000001b6a .LASF625
C:\Users\zero6575\AppData\Local\Temp\ccR2I8ol.s:9765   .debug_str:0000000000008d08 .LASF626
C:\Users\zero6575\AppData\Local\Temp\ccR2I8ol.s:9441   .debug_str:0000000000007bec .LASF627
C:\Users\zero6575\AppData\Local\Temp\ccR2I8ol.s:9763   .debug_str:0000000000008c12 .LASF628
C:\Users\zero6575\AppData\Local\Temp\ccR2I8ol.s:8607   .debug_str:0000000000005085 .LASF629
C:\Users\zero6575\AppData\Local\Temp\ccR2I8ol.s:9075   .debug_str:00000000000069f1 .LASF630
C:\Users\zero6575\AppData\Local\Temp\ccR2I8ol.s:9173   .debug_str:0000000000006eb6 .LASF631
C:\Users\zero6575\AppData\Local\Temp\ccR2I8ol.s:7277   .debug_str:0000000000000735 .LASF632
C:\Users\zero6575\AppData\Local\Temp\ccR2I8ol.s:7153   .debug_str:00000000000001f8 .LASF633
C:\Users\zero6575\AppData\Local\Temp\ccR2I8ol.s:7801   .debug_str:000000000000240f .LASF634
C:\Users\zero6575\AppData\Local\Temp\ccR2I8ol.s:8387   .debug_str:0000000000004442 .LASF635
C:\Users\zero6575\AppData\Local\Temp\ccR2I8ol.s:8327   .debug_str:000000000000411c .LASF636
C:\Users\zero6575\AppData\Local\Temp\ccR2I8ol.s:9667   .debug_str:0000000000008716 .LASF637
C:\Users\zero6575\AppData\Local\Temp\ccR2I8ol.s:9867   .debug_str:000000000000915a .LASF638
C:\Users\zero6575\AppData\Local\Temp\ccR2I8ol.s:7499   .debug_str:0000000000001316 .LASF639
C:\Users\zero6575\AppData\Local\Temp\ccR2I8ol.s:7301   .debug_str:00000000000008f2 .LASF640
C:\Users\zero6575\AppData\Local\Temp\ccR2I8ol.s:7645   .debug_str:0000000000001c01 .LASF641
C:\Users\zero6575\AppData\Local\Temp\ccR2I8ol.s:9115   .debug_str:0000000000006bc9 .LASF642
C:\Users\zero6575\AppData\Local\Temp\ccR2I8ol.s:9411   .debug_str:00000000000079e9 .LASF643
C:\Users\zero6575\AppData\Local\Temp\ccR2I8ol.s:8511   .debug_str:0000000000004b35 .LASF644
C:\Users\zero6575\AppData\Local\Temp\ccR2I8ol.s:9121   .debug_str:0000000000006c1c .LASF645
C:\Users\zero6575\AppData\Local\Temp\ccR2I8ol.s:8685   .debug_str:00000000000054e5 .LASF646
C:\Users\zero6575\AppData\Local\Temp\ccR2I8ol.s:8085   .debug_str:0000000000003448 .LASF647
C:\Users\zero6575\AppData\Local\Temp\ccR2I8ol.s:8799   .debug_str:0000000000005b2e .LASF648
C:\Users\zero6575\AppData\Local\Temp\ccR2I8ol.s:7691   .debug_str:0000000000001e87 .LASF649
C:\Users\zero6575\AppData\Local\Temp\ccR2I8ol.s:8495   .debug_str:00000000000049ed .LASF650
C:\Users\zero6575\AppData\Local\Temp\ccR2I8ol.s:7641   .debug_str:0000000000001bca .LASF651
C:\Users\zero6575\AppData\Local\Temp\ccR2I8ol.s:9523   .debug_str:0000000000007fd0 .LASF652
C:\Users\zero6575\AppData\Local\Temp\ccR2I8ol.s:8541   .debug_str:0000000000004ccf .LASF653
C:\Users\zero6575\AppData\Local\Temp\ccR2I8ol.s:9111   .debug_str:0000000000006b75 .LASF654
C:\Users\zero6575\AppData\Local\Temp\ccR2I8ol.s:9351   .debug_str:00000000000076eb .LASF655
C:\Users\zero6575\AppData\Local\Temp\ccR2I8ol.s:7833   .debug_str:0000000000002691 .LASF656
C:\Users\zero6575\AppData\Local\Temp\ccR2I8ol.s:9713   .debug_str:00000000000089a0 .LASF657
C:\Users\zero6575\AppData\Local\Temp\ccR2I8ol.s:9011   .debug_str:0000000000006642 .LASF658
C:\Users\zero6575\AppData\Local\Temp\ccR2I8ol.s:8823   .debug_str:0000000000005c71 .LASF659
C:\Users\zero6575\AppData\Local\Temp\ccR2I8ol.s:7807   .debug_str:0000000000002572 .LASF660
C:\Users\zero6575\AppData\Local\Temp\ccR2I8ol.s:7725   .debug_str:0000000000002017 .LASF661
C:\Users\zero6575\AppData\Local\Temp\ccR2I8ol.s:7855   .debug_str:00000000000027cd .LASF662
C:\Users\zero6575\AppData\Local\Temp\ccR2I8ol.s:7685   .debug_str:0000000000001e10 .LASF663
C:\Users\zero6575\AppData\Local\Temp\ccR2I8ol.s:9681   .debug_str:00000000000087f5 .LASF664
C:\Users\zero6575\AppData\Local\Temp\ccR2I8ol.s:7739   .debug_str:00000000000020e1 .LASF665
C:\Users\zero6575\AppData\Local\Temp\ccR2I8ol.s:8045   .debug_str:00000000000031f8 .LASF666
C:\Users\zero6575\AppData\Local\Temp\ccR2I8ol.s:8549   .debug_str:0000000000004d36 .LASF667
C:\Users\zero6575\AppData\Local\Temp\ccR2I8ol.s:9275   .debug_str:00000000000073cb .LASF668
C:\Users\zero6575\AppData\Local\Temp\ccR2I8ol.s:7785   .debug_str:0000000000002320 .LASF669
C:\Users\zero6575\AppData\Local\Temp\ccR2I8ol.s:8077   .debug_str:00000000000033e9 .LASF670
C:\Users\zero6575\AppData\Local\Temp\ccR2I8ol.s:7747   .debug_str:0000000000002157 .LASF671
C:\Users\zero6575\AppData\Local\Temp\ccR2I8ol.s:8041   .debug_str:00000000000031be .LASF672
C:\Users\zero6575\AppData\Local\Temp\ccR2I8ol.s:7575   .debug_str:00000000000018c7 .LASF673
C:\Users\zero6575\AppData\Local\Temp\ccR2I8ol.s:8195   .debug_str:0000000000003a5e .LASF674
C:\Users\zero6575\AppData\Local\Temp\ccR2I8ol.s:9775   .debug_str:0000000000008d86 .LASF675
C:\Users\zero6575\AppData\Local\Temp\ccR2I8ol.s:7623   .debug_str:0000000000001aea .LASF676
C:\Users\zero6575\AppData\Local\Temp\ccR2I8ol.s:9727   .debug_str:0000000000008a75 .LASF677
C:\Users\zero6575\AppData\Local\Temp\ccR2I8ol.s:9539   .debug_str:00000000000080b3 .LASF678
C:\Users\zero6575\AppData\Local\Temp\ccR2I8ol.s:7863   .debug_str:000000000000284e .LASF679
C:\Users\zero6575\AppData\Local\Temp\ccR2I8ol.s:7275   .debug_str:000000000000072d .LASF680
C:\Users\zero6575\AppData\Local\Temp\ccR2I8ol.s:8437   .debug_str:0000000000004725 .LASF681
C:\Users\zero6575\AppData\Local\Temp\ccR2I8ol.s:7683   .debug_str:0000000000001e08 .LASF682
C:\Users\zero6575\AppData\Local\Temp\ccR2I8ol.s:8025   .debug_str:000000000000311f .LASF683
C:\Users\zero6575\AppData\Local\Temp\ccR2I8ol.s:7993   .debug_str:0000000000002f98 .LASF684
C:\Users\zero6575\AppData\Local\Temp\ccR2I8ol.s:8429   .debug_str:00000000000046d0 .LASF685
C:\Users\zero6575\AppData\Local\Temp\ccR2I8ol.s:9945   .debug_str:000000000000952b .LASF686
C:\Users\zero6575\AppData\Local\Temp\ccR2I8ol.s:9235   .debug_str:00000000000071f1 .LASF687
C:\Users\zero6575\AppData\Local\Temp\ccR2I8ol.s:9165   .debug_str:0000000000006e4d .LASF688
C:\Users\zero6575\AppData\Local\Temp\ccR2I8ol.s:7449   .debug_str:0000000000001085 .LASF689
C:\Users\zero6575\AppData\Local\Temp\ccR2I8ol.s:7135   .debug_str:0000000000000129 .LASF690
C:\Users\zero6575\AppData\Local\Temp\ccR2I8ol.s:8889   .debug_str:0000000000005fb0 .LASF691
C:\Users\zero6575\AppData\Local\Temp\ccR2I8ol.s:8285   .debug_str:0000000000003e69 .LASF692
C:\Users\zero6575\AppData\Local\Temp\ccR2I8ol.s:9095   .debug_str:0000000000006adf .LASF693
C:\Users\zero6575\AppData\Local\Temp\ccR2I8ol.s:7565   .debug_str:0000000000001883 .LASF694
C:\Users\zero6575\AppData\Local\Temp\ccR2I8ol.s:7309   .debug_str:000000000000099b .LASF695
C:\Users\zero6575\AppData\Local\Temp\ccR2I8ol.s:7243   .debug_str:0000000000000621 .LASF696
C:\Users\zero6575\AppData\Local\Temp\ccR2I8ol.s:9201   .debug_str:0000000000007090 .LASF697
C:\Users\zero6575\AppData\Local\Temp\ccR2I8ol.s:7357   .debug_str:0000000000000bc1 .LASF698
C:\Users\zero6575\AppData\Local\Temp\ccR2I8ol.s:8487   .debug_str:00000000000049a4 .LASF699
C:\Users\zero6575\AppData\Local\Temp\ccR2I8ol.s:8455   .debug_str:0000000000004806 .LASF700
C:\Users\zero6575\AppData\Local\Temp\ccR2I8ol.s:7121   .debug_str:00000000000000b2 .LASF701
C:\Users\zero6575\AppData\Local\Temp\ccR2I8ol.s:9331   .debug_str:0000000000007638 .LASF702
C:\Users\zero6575\AppData\Local\Temp\ccR2I8ol.s:9563   .debug_str:00000000000081bd .LASF703
C:\Users\zero6575\AppData\Local\Temp\ccR2I8ol.s:9829   .debug_str:0000000000008f7a .LASF704
C:\Users\zero6575\AppData\Local\Temp\ccR2I8ol.s:8619   .debug_str:000000000000518f .LASF705
C:\Users\zero6575\AppData\Local\Temp\ccR2I8ol.s:8147   .debug_str:00000000000037d4 .LASF706
C:\Users\zero6575\AppData\Local\Temp\ccR2I8ol.s:9911   .debug_str:0000000000009394 .LASF707
C:\Users\zero6575\AppData\Local\Temp\ccR2I8ol.s:7521   .debug_str:00000000000016c5 .LASF708
C:\Users\zero6575\AppData\Local\Temp\ccR2I8ol.s:8027   .debug_str:0000000000003129 .LASF709
C:\Users\zero6575\AppData\Local\Temp\ccR2I8ol.s:8525   .debug_str:0000000000004bec .LASF710
C:\Users\zero6575\AppData\Local\Temp\ccR2I8ol.s:8361   .debug_str:0000000000004328 .LASF711
C:\Users\zero6575\AppData\Local\Temp\ccR2I8ol.s:9865   .debug_str:000000000000914f .LASF712
C:\Users\zero6575\AppData\Local\Temp\ccR2I8ol.s:8145   .debug_str:00000000000037cb .LASF713
C:\Users\zero6575\AppData\Local\Temp\ccR2I8ol.s:8747   .debug_str:0000000000005807 .LASF714
C:\Users\zero6575\AppData\Local\Temp\ccR2I8ol.s:9413   .debug_str:0000000000007a19 .LASF715
C:\Users\zero6575\AppData\Local\Temp\ccR2I8ol.s:8007   .debug_str:000000000000306b .LASF716
C:\Users\zero6575\AppData\Local\Temp\ccR2I8ol.s:8871   .debug_str:0000000000005ec6 .LASF717
C:\Users\zero6575\AppData\Local\Temp\ccR2I8ol.s:9729   .debug_str:0000000000008a7d .LASF718
C:\Users\zero6575\AppData\Local\Temp\ccR2I8ol.s:7607   .debug_str:0000000000001a47 .LASF719
C:\Users\zero6575\AppData\Local\Temp\ccR2I8ol.s:8591   .debug_str:0000000000004fcb .LASF720
C:\Users\zero6575\AppData\Local\Temp\ccR2I8ol.s:7711   .debug_str:0000000000001f9e .LASF721
C:\Users\zero6575\AppData\Local\Temp\ccR2I8ol.s:9359   .debug_str:0000000000007750 .LASF722
C:\Users\zero6575\AppData\Local\Temp\ccR2I8ol.s:7805   .debug_str:0000000000002569 .LASF723
C:\Users\zero6575\AppData\Local\Temp\ccR2I8ol.s:9365   .debug_str:000000000000777a .LASF724
C:\Users\zero6575\AppData\Local\Temp\ccR2I8ol.s:8559   .debug_str:0000000000004dd7 .LASF725
C:\Users\zero6575\AppData\Local\Temp\ccR2I8ol.s:7625   .debug_str:0000000000001af2 .LASF726
C:\Users\zero6575\AppData\Local\Temp\ccR2I8ol.s:7225   .debug_str:00000000000005a0 .LASF727
C:\Users\zero6575\AppData\Local\Temp\ccR2I8ol.s:9195   .debug_str:0000000000007025 .LASF728
C:\Users\zero6575\AppData\Local\Temp\ccR2I8ol.s:9821   .debug_str:0000000000008f41 .LASF729
C:\Users\zero6575\AppData\Local\Temp\ccR2I8ol.s:7139   .debug_str:0000000000000148 .LASF730
C:\Users\zero6575\AppData\Local\Temp\ccR2I8ol.s:7497   .debug_str:0000000000001306 .LASF731
C:\Users\zero6575\AppData\Local\Temp\ccR2I8ol.s:8829   .debug_str:0000000000005ccb .LASF732
C:\Users\zero6575\AppData\Local\Temp\ccR2I8ol.s:9507   .debug_str:0000000000007f28 .LASF733
C:\Users\zero6575\AppData\Local\Temp\ccR2I8ol.s:8635   .debug_str:00000000000052ae .LASF734
C:\Users\zero6575\AppData\Local\Temp\ccR2I8ol.s:8175   .debug_str:0000000000003942 .LASF735
C:\Users\zero6575\AppData\Local\Temp\ccR2I8ol.s:7601   .debug_str:0000000000001a1b .LASF736
C:\Users\zero6575\AppData\Local\Temp\ccR2I8ol.s:8811   .debug_str:0000000000005ba5 .LASF737
C:\Users\zero6575\AppData\Local\Temp\ccR2I8ol.s:8181   .debug_str:00000000000039cf .LASF738
C:\Users\zero6575\AppData\Local\Temp\ccR2I8ol.s:9931   .debug_str:0000000000009454 .LASF739
C:\Users\zero6575\AppData\Local\Temp\ccR2I8ol.s:9547   .debug_str:00000000000080f3 .LASF740
C:\Users\zero6575\AppData\Local\Temp\ccR2I8ol.s:9943   .debug_str:000000000000951e .LASF741
C:\Users\zero6575\AppData\Local\Temp\ccR2I8ol.s:7923   .debug_str:0000000000002bbc .LASF742
C:\Users\zero6575\AppData\Local\Temp\ccR2I8ol.s:8331   .debug_str:00000000000041ce .LASF743
C:\Users\zero6575\AppData\Local\Temp\ccR2I8ol.s:9391   .debug_str:000000000000789b .LASF744
C:\Users\zero6575\AppData\Local\Temp\ccR2I8ol.s:8885   .debug_str:0000000000005f87 .LASF745
C:\Users\zero6575\AppData\Local\Temp\ccR2I8ol.s:8131   .debug_str:000000000000368b .LASF746
C:\Users\zero6575\AppData\Local\Temp\ccR2I8ol.s:8719   .debug_str:000000000000566c .LASF747
C:\Users\zero6575\AppData\Local\Temp\ccR2I8ol.s:8571   .debug_str:0000000000004ee1 .LASF748
C:\Users\zero6575\AppData\Local\Temp\ccR2I8ol.s:7259   .debug_str:000000000000068f .LASF749
C:\Users\zero6575\AppData\Local\Temp\ccR2I8ol.s:9127   .debug_str:0000000000006c73 .LASF750
C:\Users\zero6575\AppData\Local\Temp\ccR2I8ol.s:7161   .debug_str:00000000000002c2 .LASF751
C:\Users\zero6575\AppData\Local\Temp\ccR2I8ol.s:9901   .debug_str:0000000000009355 .LASF752
C:\Users\zero6575\AppData\Local\Temp\ccR2I8ol.s:8945   .debug_str:0000000000006316 .LASF753
C:\Users\zero6575\AppData\Local\Temp\ccR2I8ol.s:7889   .debug_str:00000000000029d2 .LASF754
C:\Users\zero6575\AppData\Local\Temp\ccR2I8ol.s:7743   .debug_str:0000000000002126 .LASF755
C:\Users\zero6575\AppData\Local\Temp\ccR2I8ol.s:9379   .debug_str:0000000000007812 .LASF756
C:\Users\zero6575\AppData\Local\Temp\ccR2I8ol.s:9245   .debug_str:000000000000729f .LASF757
C:\Users\zero6575\AppData\Local\Temp\ccR2I8ol.s:7219   .debug_str:0000000000000566 .LASF758
C:\Users\zero6575\AppData\Local\Temp\ccR2I8ol.s:7487   .debug_str:0000000000001287 .LASF759
C:\Users\zero6575\AppData\Local\Temp\ccR2I8ol.s:8897   .debug_str:000000000000604e .LASF762
C:\Users\zero6575\AppData\Local\Temp\ccR2I8ol.s:8955   .debug_str:0000000000006379 .LASF763
C:\Users\zero6575\AppData\Local\Temp\ccR2I8ol.s:9869   .debug_str:00000000000091b5 .LASF764
C:\Users\zero6575\AppData\Local\Temp\ccR2I8ol.s:8503   .debug_str:0000000000004abc .LASF765
C:\Users\zero6575\AppData\Local\Temp\ccR2I8ol.s:9659   .debug_str:00000000000086a5 .LASF766
C:\Users\zero6575\AppData\Local\Temp\ccR2I8ol.s:7383   .debug_str:0000000000000d15 .LASF767
C:\Users\zero6575\AppData\Local\Temp\ccR2I8ol.s:7651   .debug_str:0000000000001c83 .LASF768
C:\Users\zero6575\AppData\Local\Temp\ccR2I8ol.s:8241   .debug_str:0000000000003c53 .LASF769
C:\Users\zero6575\AppData\Local\Temp\ccR2I8ol.s:9477   .debug_str:0000000000007da3 .LASF770
C:\Users\zero6575\AppData\Local\Temp\ccR2I8ol.s:9827   .debug_str:0000000000008f6c .LASF771
C:\Users\zero6575\AppData\Local\Temp\ccR2I8ol.s:7933   .debug_str:0000000000002c1f .LASF772
C:\Users\zero6575\AppData\Local\Temp\ccR2I8ol.s:7325   .debug_str:0000000000000a0b .LASF773
C:\Users\zero6575\AppData\Local\Temp\ccR2I8ol.s:8323   .debug_str:00000000000040f6 .LASF774
C:\Users\zero6575\AppData\Local\Temp\ccR2I8ol.s:8789   .debug_str:0000000000005aab .LASF775
C:\Users\zero6575\AppData\Local\Temp\ccR2I8ol.s:7629   .debug_str:0000000000001b49 .LASF776
C:\Users\zero6575\AppData\Local\Temp\ccR2I8ol.s:8691   .debug_str:000000000000554c .LASF777
C:\Users\zero6575\AppData\Local\Temp\ccR2I8ol.s:9515   .debug_str:0000000000007f77 .LASF778
C:\Users\zero6575\AppData\Local\Temp\ccR2I8ol.s:8611   .debug_str:0000000000005146 .LASF779
C:\Users\zero6575\AppData\Local\Temp\ccR2I8ol.s:7721   .debug_str:0000000000001ff9 .LASF780
C:\Users\zero6575\AppData\Local\Temp\ccR2I8ol.s:9807   .debug_str:0000000000008eda .LASF781
C:\Users\zero6575\AppData\Local\Temp\ccR2I8ol.s:7201   .debug_str:000000000000049b .LASF782
C:\Users\zero6575\AppData\Local\Temp\ccR2I8ol.s:7777   .debug_str:00000000000022b5 .LASF783
C:\Users\zero6575\AppData\Local\Temp\ccR2I8ol.s:9491   .debug_str:0000000000007e5a .LASF784
C:\Users\zero6575\AppData\Local\Temp\ccR2I8ol.s:9387   .debug_str:0000000000007853 .LASF785
C:\Users\zero6575\AppData\Local\Temp\ccR2I8ol.s:7151   .debug_str:00000000000001d8 .LASF786
C:\Users\zero6575\AppData\Local\Temp\ccR2I8ol.s:8497   .debug_str:0000000000004a1d .LASF787
C:\Users\zero6575\AppData\Local\Temp\ccR2I8ol.s:8105   .debug_str:0000000000003533 .LASF788
C:\Users\zero6575\AppData\Local\Temp\ccR2I8ol.s:7333   .debug_str:0000000000000a54 .LASF789
C:\Users\zero6575\AppData\Local\Temp\ccR2I8ol.s:9787   .debug_str:0000000000008df0 .LASF790
C:\Users\zero6575\AppData\Local\Temp\ccR2I8ol.s:8169   .debug_str:00000000000038d8 .LASF791
C:\Users\zero6575\AppData\Local\Temp\ccR2I8ol.s:8091   .debug_str:0000000000003496 .LASF792
C:\Users\zero6575\AppData\Local\Temp\ccR2I8ol.s:9335   .debug_str:000000000000764c .LASF793
C:\Users\zero6575\AppData\Local\Temp\ccR2I8ol.s:8121   .debug_str:00000000000035d6 .LASF794
C:\Users\zero6575\AppData\Local\Temp\ccR2I8ol.s:7895   .debug_str:0000000000002a37 .LASF795
C:\Users\zero6575\AppData\Local\Temp\ccR2I8ol.s:7577   .debug_str:00000000000018e6 .LASF796
C:\Users\zero6575\AppData\Local\Temp\ccR2I8ol.s:9431   .debug_str:0000000000007b73 .LASF797
C:\Users\zero6575\AppData\Local\Temp\ccR2I8ol.s:9453   .debug_str:0000000000007c75 .LASF798
C:\Users\zero6575\AppData\Local\Temp\ccR2I8ol.s:7591   .debug_str:000000000000198d .LASF799
C:\Users\zero6575\AppData\Local\Temp\ccR2I8ol.s:8773   .debug_str:00000000000058fb .LASF800
C:\Users\zero6575\AppData\Local\Temp\ccR2I8ol.s:9617   .debug_str:000000000000847a .LASF801
C:\Users\zero6575\AppData\Local\Temp\ccR2I8ol.s:9793   .debug_str:0000000000008e4c .LASF802
C:\Users\zero6575\AppData\Local\Temp\ccR2I8ol.s:8981   .debug_str:0000000000006498 .LASF803
C:\Users\zero6575\AppData\Local\Temp\ccR2I8ol.s:9739   .debug_str:0000000000008ae1 .LASF804
C:\Users\zero6575\AppData\Local\Temp\ccR2I8ol.s:9849   .debug_str:0000000000009085 .LASF805
C:\Users\zero6575\AppData\Local\Temp\ccR2I8ol.s:9255   .debug_str:00000000000072fa .LASF806
C:\Users\zero6575\AppData\Local\Temp\ccR2I8ol.s:9489   .debug_str:0000000000007e4c .LASF807
C:\Users\zero6575\AppData\Local\Temp\ccR2I8ol.s:9343   .debug_str:00000000000076a9 .LASF808
C:\Users\zero6575\AppData\Local\Temp\ccR2I8ol.s:8213   .debug_str:0000000000003b3d .LASF809
C:\Users\zero6575\AppData\Local\Temp\ccR2I8ol.s:7793   .debug_str:0000000000002364 .LASF810
C:\Users\zero6575\AppData\Local\Temp\ccR2I8ol.s:7473   .debug_str:00000000000011ba .LASF811
C:\Users\zero6575\AppData\Local\Temp\ccR2I8ol.s:9057   .debug_str:00000000000068c3 .LASF812
C:\Users\zero6575\AppData\Local\Temp\ccR2I8ol.s:9535   .debug_str:000000000000806f .LASF813
C:\Users\zero6575\AppData\Local\Temp\ccR2I8ol.s:9663   .debug_str:00000000000086cd .LASF814
C:\Users\zero6575\AppData\Local\Temp\ccR2I8ol.s:8575   .debug_str:0000000000004f06 .LASF815
C:\Users\zero6575\AppData\Local\Temp\ccR2I8ol.s:7295   .debug_str:0000000000000897 .LASF816
C:\Users\zero6575\AppData\Local\Temp\ccR2I8ol.s:8319   .debug_str:00000000000040b0 .LASF817
C:\Users\zero6575\AppData\Local\Temp\ccR2I8ol.s:8415   .debug_str:00000000000045d2 .LASF818
C:\Users\zero6575\AppData\Local\Temp\ccR2I8ol.s:7423   .debug_str:0000000000000ee9 .LASF819
C:\Users\zero6575\AppData\Local\Temp\ccR2I8ol.s:9639   .debug_str:0000000000008554 .LASF820
C:\Users\zero6575\AppData\Local\Temp\ccR2I8ol.s:9171   .debug_str:0000000000006e79 .LASF821
C:\Users\zero6575\AppData\Local\Temp\ccR2I8ol.s:8593   .debug_str:0000000000004fd5 .LASF822
C:\Users\zero6575\AppData\Local\Temp\ccR2I8ol.s:9641   .debug_str:0000000000008589 .LASF823
C:\Users\zero6575\AppData\Local\Temp\ccR2I8ol.s:8961   .debug_str:00000000000063b1 .LASF824
C:\Users\zero6575\AppData\Local\Temp\ccR2I8ol.s:8935   .debug_str:000000000000626b .LASF825
C:\Users\zero6575\AppData\Local\Temp\ccR2I8ol.s:8299   .debug_str:0000000000003ed4 .LASF826
C:\Users\zero6575\AppData\Local\Temp\ccR2I8ol.s:8315   .debug_str:0000000000003fb4 .LASF827
C:\Users\zero6575\AppData\Local\Temp\ccR2I8ol.s:9373   .debug_str:00000000000077cf .LASF828
C:\Users\zero6575\AppData\Local\Temp\ccR2I8ol.s:7371   .debug_str:0000000000000c08 .LASF829
C:\Users\zero6575\AppData\Local\Temp\ccR2I8ol.s:8985   .debug_str:00000000000064bc .LASF830
C:\Users\zero6575\AppData\Local\Temp\ccR2I8ol.s:8375   .debug_str:000000000000437d .LASF831
C:\Users\zero6575\AppData\Local\Temp\ccR2I8ol.s:9847   .debug_str:000000000000905d .LASF832
C:\Users\zero6575\AppData\Local\Temp\ccR2I8ol.s:9355   .debug_str:0000000000007728 .LASF833
C:\Users\zero6575\AppData\Local\Temp\ccR2I8ol.s:7283   .debug_str:00000000000007d7 .LASF834
C:\Users\zero6575\AppData\Local\Temp\ccR2I8ol.s:8663   .debug_str:00000000000053fc .LASF835
C:\Users\zero6575\AppData\Local\Temp\ccR2I8ol.s:7847   .debug_str:0000000000002768 .LASF836
C:\Users\zero6575\AppData\Local\Temp\ccR2I8ol.s:7533   .debug_str:0000000000001724 .LASF837
C:\Users\zero6575\AppData\Local\Temp\ccR2I8ol.s:9393   .debug_str:00000000000078af .LASF838
C:\Users\zero6575\AppData\Local\Temp\ccR2I8ol.s:9837   .debug_str:0000000000008fc3 .LASF839
C:\Users\zero6575\AppData\Local\Temp\ccR2I8ol.s:9061   .debug_str:00000000000068ff .LASF840
C:\Users\zero6575\AppData\Local\Temp\ccR2I8ol.s:8569   .debug_str:0000000000004e55 .LASF841
C:\Users\zero6575\AppData\Local\Temp\ccR2I8ol.s:7171   .debug_str:0000000000000320 .LASF842
C:\Users\zero6575\AppData\Local\Temp\ccR2I8ol.s:7911   .debug_str:0000000000002afc .LASF843
C:\Users\zero6575\AppData\Local\Temp\ccR2I8ol.s:7881   .debug_str:0000000000002946 .LASF844
C:\Users\zero6575\AppData\Local\Temp\ccR2I8ol.s:8931   .debug_str:00000000000061f4 .LASF845
C:\Users\zero6575\AppData\Local\Temp\ccR2I8ol.s:8911   .debug_str:0000000000006105 .LASF846
C:\Users\zero6575\AppData\Local\Temp\ccR2I8ol.s:7557   .debug_str:0000000000001827 .LASF847
C:\Users\zero6575\AppData\Local\Temp\ccR2I8ol.s:8177   .debug_str:0000000000003952 .LASF848
C:\Users\zero6575\AppData\Local\Temp\ccR2I8ol.s:9241   .debug_str:0000000000007218 .LASF849
C:\Users\zero6575\AppData\Local\Temp\ccR2I8ol.s:8819   .debug_str:0000000000005be9 .LASF850
C:\Users\zero6575\AppData\Local\Temp\ccR2I8ol.s:7433   .debug_str:0000000000000f80 .LASF851
C:\Users\zero6575\AppData\Local\Temp\ccR2I8ol.s:8127   .debug_str:000000000000361a .LASF852
C:\Users\zero6575\AppData\Local\Temp\ccR2I8ol.s:7727   .debug_str:0000000000002050 .LASF853
C:\Users\zero6575\AppData\Local\Temp\ccR2I8ol.s:8603   .debug_str:0000000000005048 .LASF854
C:\Users\zero6575\AppData\Local\Temp\ccR2I8ol.s:9019   .debug_str:00000000000066b9 .LASF855
C:\Users\zero6575\AppData\Local\Temp\ccR2I8ol.s:9259   .debug_str:0000000000007324 .LASF856
C:\Users\zero6575\AppData\Local\Temp\ccR2I8ol.s:9685   .debug_str:000000000000884e .LASF857
C:\Users\zero6575\AppData\Local\Temp\ccR2I8ol.s:7665   .debug_str:0000000000001d14 .LASF858
C:\Users\zero6575\AppData\Local\Temp\ccR2I8ol.s:8775   .debug_str:0000000000005917 .LASF859
C:\Users\zero6575\AppData\Local\Temp\ccR2I8ol.s:7627   .debug_str:0000000000001b01 .LASF860
C:\Users\zero6575\AppData\Local\Temp\ccR2I8ol.s:8101   .debug_str:0000000000003507 .LASF861
C:\Users\zero6575\AppData\Local\Temp\ccR2I8ol.s:9425   .debug_str:0000000000007b03 .LASF862
C:\Users\zero6575\AppData\Local\Temp\ccR2I8ol.s:7179   .debug_str:00000000000003bc .LASF863
C:\Users\zero6575\AppData\Local\Temp\ccR2I8ol.s:9599   .debug_str:000000000000837b .LASF864
C:\Users\zero6575\AppData\Local\Temp\ccR2I8ol.s:8339   .debug_str:0000000000004236 .LASF865
C:\Users\zero6575\AppData\Local\Temp\ccR2I8ol.s:7615   .debug_str:0000000000001a80 .LASF866
C:\Users\zero6575\AppData\Local\Temp\ccR2I8ol.s:8567   .debug_str:0000000000004e35 .LASF867
C:\Users\zero6575\AppData\Local\Temp\ccR2I8ol.s:7671   .debug_str:0000000000001d7a .LASF868
C:\Users\zero6575\AppData\Local\Temp\ccR2I8ol.s:8785   .debug_str:00000000000059af .LASF869
C:\Users\zero6575\AppData\Local\Temp\ccR2I8ol.s:8165   .debug_str:000000000000387c .LASF870
C:\Users\zero6575\AppData\Local\Temp\ccR2I8ol.s:8529   .debug_str:0000000000004c32 .LASF871
C:\Users\zero6575\AppData\Local\Temp\ccR2I8ol.s:8001   .debug_str:0000000000002ff9 .LASF872
C:\Users\zero6575\AppData\Local\Temp\ccR2I8ol.s:8979   .debug_str:000000000000644b .LASF873
C:\Users\zero6575\AppData\Local\Temp\ccR2I8ol.s:8797   .debug_str:0000000000005af1 .LASF874
C:\Users\zero6575\AppData\Local\Temp\ccR2I8ol.s:7957   .debug_str:0000000000002d6c .LASF875
C:\Users\zero6575\AppData\Local\Temp\ccR2I8ol.s:7893   .debug_str:00000000000029f0 .LASF876
C:\Users\zero6575\AppData\Local\Temp\ccR2I8ol.s:8851   .debug_str:0000000000005db0 .LASF877
C:\Users\zero6575\AppData\Local\Temp\ccR2I8ol.s:8301   .debug_str:0000000000003efe .LASF878
C:\Users\zero6575\AppData\Local\Temp\ccR2I8ol.s:7439   .debug_str:0000000000000fde .LASF879
C:\Users\zero6575\AppData\Local\Temp\ccR2I8ol.s:7339   .debug_str:0000000000000ab1 .LASF880
C:\Users\zero6575\AppData\Local\Temp\ccR2I8ol.s:8893   .debug_str:0000000000005ffb .LASF881
C:\Users\zero6575\AppData\Local\Temp\ccR2I8ol.s:8411   .debug_str:000000000000458a .LASF882
C:\Users\zero6575\AppData\Local\Temp\ccR2I8ol.s:8089   .debug_str:0000000000003489 .LASF883
C:\Users\zero6575\AppData\Local\Temp\ccR2I8ol.s:8019   .debug_str:00000000000030df .LASF887
C:\Users\zero6575\AppData\Local\Temp\ccR2I8ol.s:8803   .debug_str:0000000000005b6b .LASF888
C:\Users\zero6575\AppData\Local\Temp\ccR2I8ol.s:9079   .debug_str:0000000000006a25 .LASF889
C:\Users\zero6575\AppData\Local\Temp\ccR2I8ol.s:7511   .debug_str:0000000000001654 .LASF890
C:\Users\zero6575\AppData\Local\Temp\ccR2I8ol.s:9745   .debug_str:0000000000008b1e .LASF891
C:\Users\zero6575\AppData\Local\Temp\ccR2I8ol.s:7513   .debug_str:0000000000001666 .LASF892
C:\Users\zero6575\AppData\Local\Temp\ccR2I8ol.s:7443   .debug_str:0000000000001032 .LASF893
C:\Users\zero6575\AppData\Local\Temp\ccR2I8ol.s:8923   .debug_str:00000000000061b6 .LASF894
C:\Users\zero6575\AppData\Local\Temp\ccR2I8ol.s:9025   .debug_str:0000000000006717 .LASF895
C:\Users\zero6575\AppData\Local\Temp\ccR2I8ol.s:9627   .debug_str:00000000000084dd .LASF896
C:\Users\zero6575\AppData\Local\Temp\ccR2I8ol.s:8037   .debug_str:00000000000031a1 .LASF897
C:\Users\zero6575\AppData\Local\Temp\ccR2I8ol.s:7363   .debug_str:0000000000000bd8 .LASF898
C:\Users\zero6575\AppData\Local\Temp\ccR2I8ol.s:9017   .debug_str:00000000000066ac .LASF899
C:\Users\zero6575\AppData\Local\Temp\ccR2I8ol.s:9637   .debug_str:0000000000008544 .LASF900
C:\Users\zero6575\AppData\Local\Temp\ccR2I8ol.s:8065   .debug_str:000000000000333d .LASF901
C:\Users\zero6575\AppData\Local\Temp\ccR2I8ol.s:8815   .debug_str:0000000000005bbf .LASF902
C:\Users\zero6575\AppData\Local\Temp\ccR2I8ol.s:9279   .debug_str:0000000000007427 .LASF903
C:\Users\zero6575\AppData\Local\Temp\ccR2I8ol.s:9031   .debug_str:00000000000067b9 .LASF904
C:\Users\zero6575\AppData\Local\Temp\ccR2I8ol.s:9003   .debug_str:00000000000065f7 .LASF905
C:\Users\zero6575\AppData\Local\Temp\ccR2I8ol.s:9569   .debug_str:00000000000081f1 .LASF906
C:\Users\zero6575\AppData\Local\Temp\ccR2I8ol.s:9339   .debug_str:0000000000007681 .LASF907
C:\Users\zero6575\AppData\Local\Temp\ccR2I8ol.s:8281   .debug_str:0000000000003e43 .LASF908
C:\Users\zero6575\AppData\Local\Temp\ccR2I8ol.s:8679   .debug_str:00000000000054a9 .LASF909
C:\Users\zero6575\AppData\Local\Temp\ccR2I8ol.s:9217   .debug_str:0000000000007132 .LASF910
C:\Users\zero6575\AppData\Local\Temp\ccR2I8ol.s:9131   .debug_str:0000000000006c9c .LASF911
C:\Users\zero6575\AppData\Local\Temp\ccR2I8ol.s:9893   .debug_str:00000000000092ff .LASF912
C:\Users\zero6575\AppData\Local\Temp\ccR2I8ol.s:8769   .debug_str:00000000000058c8 .LASF913
C:\Users\zero6575\AppData\Local\Temp\ccR2I8ol.s:9345   .debug_str:00000000000076b9 .LASF914
C:\Users\zero6575\AppData\Local\Temp\ccR2I8ol.s:9649   .debug_str:0000000000008603 .LASF915
C:\Users\zero6575\AppData\Local\Temp\ccR2I8ol.s:7413   .debug_str:0000000000000e5f .LASF916
C:\Users\zero6575\AppData\Local\Temp\ccR2I8ol.s:8545   .debug_str:0000000000004d01 .LASF917
C:\Users\zero6575\AppData\Local\Temp\ccR2I8ol.s:9459   .debug_str:0000000000007cd7 .LASF918
C:\Users\zero6575\AppData\Local\Temp\ccR2I8ol.s:7167   .debug_str:00000000000002fb .LASF919
C:\Users\zero6575\AppData\Local\Temp\ccR2I8ol.s:9645   .debug_str:00000000000085d5 .LASF920
C:\Users\zero6575\AppData\Local\Temp\ccR2I8ol.s:8417   .debug_str:0000000000004605 .LASF921
C:\Users\zero6575\AppData\Local\Temp\ccR2I8ol.s:7883   .debug_str:0000000000002984 .LASF922
C:\Users\zero6575\AppData\Local\Temp\ccR2I8ol.s:8205   .debug_str:0000000000003aea .LASF923
C:\Users\zero6575\AppData\Local\Temp\ccR2I8ol.s:9669   .debug_str:000000000000877e .LASF924
C:\Users\zero6575\AppData\Local\Temp\ccR2I8ol.s:7469   .debug_str:0000000000001198 .LASF925
C:\Users\zero6575\AppData\Local\Temp\ccR2I8ol.s:9269   .debug_str:0000000000007390 .LASF926
C:\Users\zero6575\AppData\Local\Temp\ccR2I8ol.s:9621   .debug_str:00000000000084b6 .LASF927
C:\Users\zero6575\AppData\Local\Temp\ccR2I8ol.s:8667   .debug_str:0000000000005436 .LASF932
C:\Users\zero6575\AppData\Local\Temp\ccR2I8ol.s:7791   .debug_str:0000000000002348 .LASF933
C:\Users\zero6575\AppData\Local\Temp\ccR2I8ol.s:7667   .debug_str:0000000000001d51 .LASF934
C:\Users\zero6575\AppData\Local\Temp\ccR2I8ol.s:8351   .debug_str:00000000000042b4 .LASF935
C:\Users\zero6575\AppData\Local\Temp\ccR2I8ol.s:9113   .debug_str:0000000000006baa .LASF936
C:\Users\zero6575\AppData\Local\Temp\ccR2I8ol.s:7983   .debug_str:0000000000002f34 .LASF937
C:\Users\zero6575\AppData\Local\Temp\ccR2I8ol.s:8505   .debug_str:0000000000004af5 .LASF938
C:\Users\zero6575\AppData\Local\Temp\ccR2I8ol.s:7453   .debug_str:00000000000010a6 .LASF939
C:\Users\zero6575\AppData\Local\Temp\ccR2I8ol.s:9089   .debug_str:0000000000006a88 .LASF940
C:\Users\zero6575\AppData\Local\Temp\ccR2I8ol.s:8817   .debug_str:0000000000005bce .LASF941
C:\Users\zero6575\AppData\Local\Temp\ccR2I8ol.s:9341   .debug_str:0000000000007694 .LASF942
C:\Users\zero6575\AppData\Local\Temp\ccR2I8ol.s:7551   .debug_str:00000000000017ea .LASF943
C:\Users\zero6575\AppData\Local\Temp\ccR2I8ol.s:9185   .debug_str:0000000000006fde .LASF944
C:\Users\zero6575\AppData\Local\Temp\ccR2I8ol.s:8951   .debug_str:0000000000006348 .LASF945
C:\Users\zero6575\AppData\Local\Temp\ccR2I8ol.s:8295   .debug_str:0000000000003eb7 .LASF946
C:\Users\zero6575\AppData\Local\Temp\ccR2I8ol.s:7211   .debug_str:0000000000000503 .LASF947
C:\Users\zero6575\AppData\Local\Temp\ccR2I8ol.s:9129   .debug_str:0000000000006c7e .LASF948
C:\Users\zero6575\AppData\Local\Temp\ccR2I8ol.s:8633   .debug_str:00000000000051f9 .LASF949
C:\Users\zero6575\AppData\Local\Temp\ccR2I8ol.s:7289   .debug_str:000000000000081b .LASF950
C:\Users\zero6575\AppData\Local\Temp\ccR2I8ol.s:9029   .debug_str:000000000000674f .LASF951
C:\Users\zero6575\AppData\Local\Temp\ccR2I8ol.s:8853   .debug_str:0000000000005e01 .LASF952
C:\Users\zero6575\AppData\Local\Temp\ccR2I8ol.s:7659   .debug_str:0000000000001ce6 .LASF953
C:\Users\zero6575\AppData\Local\Temp\ccR2I8ol.s:8321   .debug_str:00000000000040dd .LASF954
C:\Users\zero6575\AppData\Local\Temp\ccR2I8ol.s:7781   .debug_str:00000000000022f7 .LASF955
C:\Users\zero6575\AppData\Local\Temp\ccR2I8ol.s:7245   .debug_str:000000000000062b .LASF957
C:\Users\zero6575\AppData\Local\Temp\ccR2I8ol.s:7465   .debug_str:000000000000116b .LASF958
C:\Users\zero6575\AppData\Local\Temp\ccR2I8ol.s:9167   .debug_str:0000000000006e56 .LASF959
C:\Users\zero6575\AppData\Local\Temp\ccR2I8ol.s:7717   .debug_str:0000000000001fdd .LASF960
C:\Users\zero6575\AppData\Local\Temp\ccR2I8ol.s:8117   .debug_str:00000000000035af .LASF961
C:\Users\zero6575\AppData\Local\Temp\ccR2I8ol.s:7981   .debug_str:0000000000002f2c .LASF962
C:\Users\zero6575\AppData\Local\Temp\ccR2I8ol.s:9679   .debug_str:00000000000087df .LASF963
C:\Users\zero6575\AppData\Local\Temp\ccR2I8ol.s:7561   .debug_str:0000000000001860 .LASF964
C:\Users\zero6575\AppData\Local\Temp\ccR2I8ol.s:9529   .debug_str:0000000000008007 .LASF965
C:\Users\zero6575\AppData\Local\Temp\ccR2I8ol.s:7427   .debug_str:0000000000000f2f .LASF966
C:\Users\zero6575\AppData\Local\Temp\ccR2I8ol.s:8385   .debug_str:0000000000004427 .LASF967
C:\Users\zero6575\AppData\Local\Temp\ccR2I8ol.s:7199   .debug_str:0000000000000491 .LASF969
C:\Users\zero6575\AppData\Local\Temp\ccR2I8ol.s:9067   .debug_str:000000000000697d .LASF970
C:\Users\zero6575\AppData\Local\Temp\ccR2I8ol.s:7547   .debug_str:00000000000017b9 .LASF971
C:\Users\zero6575\AppData\Local\Temp\ccR2I8ol.s:8171   .debug_str:0000000000003911 .LASF972
C:\Users\zero6575\AppData\Local\Temp\ccR2I8ol.s:9591   .debug_str:0000000000008325 .LASF973
C:\Users\zero6575\AppData\Local\Temp\ccR2I8ol.s:8073   .debug_str:00000000000033b9 .LASF974
C:\Users\zero6575\AppData\Local\Temp\ccR2I8ol.s:8183   .debug_str:00000000000039dd .LASF975
C:\Users\zero6575\AppData\Local\Temp\ccR2I8ol.s:9633   .debug_str:0000000000008514 .LASF977
C:\Users\zero6575\AppData\Local\Temp\ccR2I8ol.s:7901   .debug_str:0000000000002a8e .LASF978
C:\Users\zero6575\AppData\Local\Temp\ccR2I8ol.s:8655   .debug_str:00000000000053a9 .LASF979
C:\Users\zero6575\AppData\Local\Temp\ccR2I8ol.s:7947   .debug_str:0000000000002cf2 .LASF980
C:\Users\zero6575\AppData\Local\Temp\ccR2I8ol.s:7989   .debug_str:0000000000002f70 .LASF981
C:\Users\zero6575\AppData\Local\Temp\ccR2I8ol.s:8535   .debug_str:0000000000004c95 .LASF982
C:\Users\zero6575\AppData\Local\Temp\ccR2I8ol.s:9705   .debug_str:0000000000008932 .LASF983
C:\Users\zero6575\AppData\Local\Temp\ccR2I8ol.s:7307   .debug_str:0000000000000984 .LASF984
C:\Users\zero6575\AppData\Local\Temp\ccR2I8ol.s:7751   .debug_str:0000000000002183 .LASF985
C:\Users\zero6575\AppData\Local\Temp\ccR2I8ol.s:7299   .debug_str:00000000000008db .LASF986
C:\Users\zero6575\AppData\Local\Temp\ccR2I8ol.s:7965   .debug_str:0000000000002e1c .LASF987
C:\Users\zero6575\AppData\Local\Temp\ccR2I8ol.s:8197   .debug_str:0000000000003a66 .LASF988
C:\Users\zero6575\AppData\Local\Temp\ccR2I8ol.s:9551   .debug_str:0000000000008114 .LASF989
C:\Users\zero6575\AppData\Local\Temp\ccR2I8ol.s:9409   .debug_str:00000000000079cf .LASF990
C:\Users\zero6575\AppData\Local\Temp\ccR2I8ol.s:9435   .debug_str:0000000000007ba3 .LASF991
C:\Users\zero6575\AppData\Local\Temp\ccR2I8ol.s:8179   .debug_str:00000000000039b5 .LASF992
C:\Users\zero6575\AppData\Local\Temp\ccR2I8ol.s:9675   .debug_str:00000000000087b7 .LASF993
C:\Users\zero6575\AppData\Local\Temp\ccR2I8ol.s:8359   .debug_str:0000000000004316 .LASF996
C:\Users\zero6575\AppData\Local\Temp\ccR2I8ol.s:9905   .debug_str:0000000000009367 .LASF997
C:\Users\zero6575\AppData\Local\Temp\ccR2I8ol.s:8383   .debug_str:0000000000004415 .LASF998
C:\Users\zero6575\AppData\Local\Temp\ccR2I8ol.s:7529   .debug_str:00000000000016fe .LASF999
C:\Users\zero6575\AppData\Local\Temp\ccR2I8ol.s:8017   .debug_str:00000000000030cd .LASF1000
C:\Users\zero6575\AppData\Local\Temp\ccR2I8ol.s:7885   .debug_str:0000000000002996 .LASF1001
C:\Users\zero6575\AppData\Local\Temp\ccR2I8ol.s:9881   .debug_str:0000000000009262 .LASF1002
C:\Users\zero6575\AppData\Local\Temp\ccR2I8ol.s:8725   .debug_str:0000000000005690 .LASF1003
C:\Users\zero6575\AppData\Local\Temp\ccR2I8ol.s:8787   .debug_str:00000000000059d4 .LASF1004
C:\Users\zero6575\AppData\Local\Temp\ccR2I8ol.s:8317   .debug_str:0000000000003fe0 .LASF1005
C:\Users\zero6575\AppData\Local\Temp\ccR2I8ol.s:8257   .debug_str:0000000000003cfd .LASF1008
C:\Users\zero6575\AppData\Local\Temp\ccR2I8ol.s:9423   .debug_str:0000000000007a94 .LASF1009
C:\Users\zero6575\AppData\Local\Temp\ccR2I8ol.s:7531   .debug_str:0000000000001710 .LASF1010
C:\Users\zero6575\AppData\Local\Temp\ccR2I8ol.s:8533   .debug_str:0000000000004c82 .LASF1011
C:\Users\zero6575\AppData\Local\Temp\ccR2I8ol.s:9445   .debug_str:0000000000007c1d .LASF1012
C:\Users\zero6575\AppData\Local\Temp\ccR2I8ol.s:8475   .debug_str:0000000000004914 .LASF1013
C:\Users\zero6575\AppData\Local\Temp\ccR2I8ol.s:7999   .debug_str:0000000000002fd7 .LASF1014
C:\Users\zero6575\AppData\Local\Temp\ccR2I8ol.s:7483   .debug_str:0000000000001256 .LASF1015
C:\Users\zero6575\AppData\Local\Temp\ccR2I8ol.s:7845   .debug_str:0000000000002724 .LASF1016
C:\Users\zero6575\AppData\Local\Temp\ccR2I8ol.s:8069   .debug_str:000000000000335e .LASF1017
C:\Users\zero6575\AppData\Local\Temp\ccR2I8ol.s:7379   .debug_str:0000000000000ca7 .LASF1018
C:\Users\zero6575\AppData\Local\Temp\ccR2I8ol.s:7969   .debug_str:0000000000002e55 .LASF1019
C:\Users\zero6575\AppData\Local\Temp\ccR2I8ol.s:7229   .debug_str:00000000000005b9 .LASF1020
C:\Users\zero6575\AppData\Local\Temp\ccR2I8ol.s:7239   .debug_str:0000000000000606 .LASF1021
C:\Users\zero6575\AppData\Local\Temp\ccR2I8ol.s:8587   .debug_str:0000000000004f99 .LASF1022
C:\Users\zero6575\AppData\Local\Temp\ccR2I8ol.s:8671   .debug_str:000000000000546a .LASF1023
C:\Users\zero6575\AppData\Local\Temp\ccR2I8ol.s:9785   .debug_str:0000000000008dde .LASF1024
C:\Users\zero6575\AppData\Local\Temp\ccR2I8ol.s:9361   .debug_str:0000000000007760 .LASF1025
C:\Users\zero6575\AppData\Local\Temp\ccR2I8ol.s:9083   .debug_str:0000000000006a50 .LASF1026
C:\Users\zero6575\AppData\Local\Temp\ccR2I8ol.s:7599   .debug_str:0000000000001a09 .LASF1027
C:\Users\zero6575\AppData\Local\Temp\ccR2I8ol.s:8029   .debug_str:0000000000003134 .LASF1028
C:\Users\zero6575\AppData\Local\Temp\ccR2I8ol.s:8099   .debug_str:00000000000034f3 .LASF1029
C:\Users\zero6575\AppData\Local\Temp\ccR2I8ol.s:7323   .debug_str:00000000000009f6 .LASF1030
C:\Users\zero6575\AppData\Local\Temp\ccR2I8ol.s:8705   .debug_str:00000000000055da .LASF1031
C:\Users\zero6575\AppData\Local\Temp\ccR2I8ol.s:9093   .debug_str:0000000000006acc .LASF1032
C:\Users\zero6575\AppData\Local\Temp\ccR2I8ol.s:9237   .debug_str:00000000000071fb .LASF1033
C:\Users\zero6575\AppData\Local\Temp\ccR2I8ol.s:8707   .debug_str:00000000000055ed .LASF1034
C:\Users\zero6575\AppData\Local\Temp\ccR2I8ol.s:8071   .debug_str:00000000000033a3 .LASF1035
C:\Users\zero6575\AppData\Local\Temp\ccR2I8ol.s:7603   .debug_str:0000000000001a28 .LASF1036
C:\Users\zero6575\AppData\Local\Temp\ccR2I8ol.s:9549   .debug_str:0000000000008103 .LASF1037
C:\Users\zero6575\AppData\Local\Temp\ccR2I8ol.s:9473   .debug_str:0000000000007d7d .LASF1038
C:\Users\zero6575\AppData\Local\Temp\ccR2I8ol.s:8523   .debug_str:0000000000004bdb .LASF1039
C:\Users\zero6575\AppData\Local\Temp\ccR2I8ol.s:8757   .debug_str:0000000000005846 .LASF1040
C:\Users\zero6575\AppData\Local\Temp\ccR2I8ol.s:7105   .debug_str:0000000000000012 .LASF1041
C:\Users\zero6575\AppData\Local\Temp\ccR2I8ol.s:9037   .debug_str:0000000000006816 .LASF1042
C:\Users\zero6575\AppData\Local\Temp\ccR2I8ol.s:8159   .debug_str:000000000000383d .LASF1043
C:\Users\zero6575\AppData\Local\Temp\ccR2I8ol.s:9325   .debug_str:00000000000075cc .LASF1044
C:\Users\zero6575\AppData\Local\Temp\ccR2I8ol.s:8967   .debug_str:00000000000063e8 .LASF1045
C:\Users\zero6575\AppData\Local\Temp\ccR2I8ol.s:8745   .debug_str:00000000000057f4 .LASF1046
C:\Users\zero6575\AppData\Local\Temp\ccR2I8ol.s:9879   .debug_str:000000000000924d .LASF1047
C:\Users\zero6575\AppData\Local\Temp\ccR2I8ol.s:8471   .debug_str:00000000000048e3 .LASF1048
C:\Users\zero6575\AppData\Local\Temp\ccR2I8ol.s:9557   .debug_str:0000000000008180 .LASF1049
C:\Users\zero6575\AppData\Local\Temp\ccR2I8ol.s:9147   .debug_str:0000000000006d65 .LASF1050
C:\Users\zero6575\AppData\Local\Temp\ccR2I8ol.s:7821   .debug_str:0000000000002628 .LASF1051
C:\Users\zero6575\AppData\Local\Temp\ccR2I8ol.s:8953   .debug_str:000000000000636a .LASF1053
C:\Users\zero6575\AppData\Local\Temp\ccR2I8ol.s:8363   .debug_str:0000000000004332 .LASF1054
C:\Users\zero6575\AppData\Local\Temp\ccR2I8ol.s:7837   .debug_str:00000000000026dd .LASF1055
C:\Users\zero6575\AppData\Local\Temp\ccR2I8ol.s:7367   .debug_str:0000000000000bf2 .LASF1056
C:\Users\zero6575\AppData\Local\Temp\ccR2I8ol.s:7405   .debug_str:0000000000000e12 .LASF1057
C:\Users\zero6575\AppData\Local\Temp\ccR2I8ol.s:8453   .debug_str:00000000000047ef .LASF1058
C:\Users\zero6575\AppData\Local\Temp\ccR2I8ol.s:7395   .debug_str:0000000000000db1 .LASF1059
C:\Users\zero6575\AppData\Local\Temp\ccR2I8ol.s:9021   .debug_str:00000000000066d9 .LASF1060
C:\Users\zero6575\AppData\Local\Temp\ccR2I8ol.s:8451   .debug_str:00000000000047d5 .LASF1061
C:\Users\zero6575\AppData\Local\Temp\ccR2I8ol.s:9769   .debug_str:0000000000008d35 .LASF1062
C:\Users\zero6575\AppData\Local\Temp\ccR2I8ol.s:9495   .debug_str:0000000000007e84 .LASF1063
C:\Users\zero6575\AppData\Local\Temp\ccR2I8ol.s:7959   .debug_str:0000000000002db9 .LASF1064
C:\Users\zero6575\AppData\Local\Temp\ccR2I8ol.s:9651   .debug_str:000000000000862b .LASF1065
C:\Users\zero6575\AppData\Local\Temp\ccR2I8ol.s:8973   .debug_str:000000000000642a .LASF1067
C:\Users\zero6575\AppData\Local\Temp\ccR2I8ol.s:8837   .debug_str:0000000000005d1f .LASF1068
C:\Users\zero6575\AppData\Local\Temp\ccR2I8ol.s:8833   .debug_str:0000000000005cf8 .LASF1069
C:\Users\zero6575\AppData\Local\Temp\ccR2I8ol.s:8067   .debug_str:000000000000334e .LASF1070
C:\Users\zero6575\AppData\Local\Temp\ccR2I8ol.s:7929   .debug_str:0000000000002bf2 .LASF1071
C:\Users\zero6575\AppData\Local\Temp\ccR2I8ol.s:7205   .debug_str:00000000000004c9 .LASF1072
C:\Users\zero6575\AppData\Local\Temp\ccR2I8ol.s:9455   .debug_str:0000000000007c8e .LASF1073
C:\Users\zero6575\AppData\Local\Temp\ccR2I8ol.s:9735   .debug_str:0000000000008ab9 .LASF1074
C:\Users\zero6575\AppData\Local\Temp\ccR2I8ol.s:8657   .debug_str:00000000000053ba .LASF1075
C:\Users\zero6575\AppData\Local\Temp\ccR2I8ol.s:9873   .debug_str:00000000000091d8 .LASF1076
C:\Users\zero6575\AppData\Local\Temp\ccR2I8ol.s:7553   .debug_str:0000000000001800 .LASF1077
C:\Users\zero6575\AppData\Local\Temp\ccR2I8ol.s:9469   .debug_str:0000000000007d3a .LASF1078
C:\Users\zero6575\AppData\Local\Temp\ccR2I8ol.s:8687   .debug_str:0000000000005510 .LASF1079
C:\Users\zero6575\AppData\Local\Temp\ccR2I8ol.s:8795   .debug_str:0000000000005ae9 .LASF1085
C:\Users\zero6575\AppData\Local\Temp\ccR2I8ol.s:7857   .debug_str:000000000000280a .LASF1086
C:\Users\zero6575\AppData\Local\Temp\ccR2I8ol.s:8379   .debug_str:00000000000043f9 .LASF1087
C:\Users\zero6575\AppData\Local\Temp\ccR2I8ol.s:7129   .debug_str:00000000000000f9 .LASF1088
C:\Users\zero6575\AppData\Local\Temp\ccR2I8ol.s:9925   .debug_str:0000000000009415 .LASF1089
C:\Users\zero6575\AppData\Local\Temp\ccR2I8ol.s:8813   .debug_str:0000000000005bb3 .LASF1090
C:\Users\zero6575\AppData\Local\Temp\ccR2I8ol.s:8783   .debug_str:00000000000059a3 .LASF1091
C:\Users\zero6575\AppData\Local\Temp\ccR2I8ol.s:9105   .debug_str:0000000000006b3d .LASF1092
C:\Users\zero6575\AppData\Local\Temp\ccR2I8ol.s:9721   .debug_str:0000000000008a14 .LASF1093
C:\Users\zero6575\AppData\Local\Temp\ccR2I8ol.s:8049   .debug_str:0000000000003273 .LASF1094
C:\Users\zero6575\AppData\Local\Temp\ccR2I8ol.s:9953   .debug_str:0000000000009576 .LASF1095
C:\Users\zero6575\AppData\Local\Temp\ccR2I8ol.s:8993   .debug_str:0000000000006576 .LASF1096
C:\Users\zero6575\AppData\Local\Temp\ccR2I8ol.s:9701   .debug_str:000000000000890e .LASF1097
C:\Users\zero6575\AppData\Local\Temp\ccR2I8ol.s:9087   .debug_str:0000000000006a79 .LASF1098
C:\Users\zero6575\AppData\Local\Temp\ccR2I8ol.s:8639   .debug_str:00000000000052e9 .LASF1099
C:\Users\zero6575\AppData\Local\Temp\ccR2I8ol.s:8235   .debug_str:0000000000003c2e .LASF1100
C:\Users\zero6575\AppData\Local\Temp\ccR2I8ol.s:7669   .debug_str:0000000000001d6b .LASF1101
C:\Users\zero6575\AppData\Local\Temp\ccR2I8ol.s:8905   .debug_str:00000000000060aa .LASF1102
C:\Users\zero6575\AppData\Local\Temp\ccR2I8ol.s:8409   .debug_str:0000000000004577 .LASF1103
C:\Users\zero6575\AppData\Local\Temp\ccR2I8ol.s:8407   .debug_str:0000000000004564 .LASF1104
C:\Users\zero6575\AppData\Local\Temp\ccR2I8ol.s:7429   .debug_str:0000000000000f4d .LASF1105
C:\Users\zero6575\AppData\Local\Temp\ccR2I8ol.s:7877   .debug_str:000000000000291d .LASF1106
C:\Users\zero6575\AppData\Local\Temp\ccR2I8ol.s:9723   .debug_str:0000000000008a20 .LASF1107
C:\Users\zero6575\AppData\Local\Temp\ccR2I8ol.s:7457   .debug_str:00000000000010d1 .LASF1108
C:\Users\zero6575\AppData\Local\Temp\ccR2I8ol.s:8595   .debug_str:0000000000004fee .LASF1109
C:\Users\zero6575\AppData\Local\Temp\ccR2I8ol.s:9461   .debug_str:0000000000007ce9 .LASF1110
C:\Users\zero6575\AppData\Local\Temp\ccR2I8ol.s:9475   .debug_str:0000000000007d8e .LASF1111
C:\Users\zero6575\AppData\Local\Temp\ccR2I8ol.s:7699   .debug_str:0000000000001eea .LASF1112
C:\Users\zero6575\AppData\Local\Temp\ccR2I8ol.s:8023   .debug_str:000000000000310a .LASF1113
C:\Users\zero6575\AppData\Local\Temp\ccR2I8ol.s:9337   .debug_str:000000000000766c .LASF1114
C:\Users\zero6575\AppData\Local\Temp\ccR2I8ol.s:8313   .debug_str:0000000000003f9f .LASF1115
C:\Users\zero6575\AppData\Local\Temp\ccR2I8ol.s:7639   .debug_str:0000000000001bb5 .LASF1116
C:\Users\zero6575\AppData\Local\Temp\ccR2I8ol.s:9703   .debug_str:000000000000891d .LASF1117
C:\Users\zero6575\AppData\Local\Temp\ccR2I8ol.s:7967   .debug_str:0000000000002e40 .LASF1118
C:\Users\zero6575\AppData\Local\Temp\ccR2I8ol.s:9683   .debug_str:000000000000882f .LASF1119
C:\Users\zero6575\AppData\Local\Temp\ccR2I8ol.s:9063   .debug_str:000000000000694b .LASF1120
C:\Users\zero6575\AppData\Local\Temp\ccR2I8ol.s:8939   .debug_str:00000000000062e3 .LASF1121
C:\Users\zero6575\AppData\Local\Temp\ccR2I8ol.s:7207   .debug_str:00000000000004d9 .LASF1122
C:\Users\zero6575\AppData\Local\Temp\ccR2I8ol.s:8555   .debug_str:0000000000004d93 .LASF1123
C:\Users\zero6575\AppData\Local\Temp\ccR2I8ol.s:9783   .debug_str:0000000000008dbb .LASF1124
C:\Users\zero6575\AppData\Local\Temp\ccR2I8ol.s:8207   .debug_str:0000000000003afc .LASF1125
C:\Users\zero6575\AppData\Local\Temp\ccR2I8ol.s:8583   .debug_str:0000000000004f64 .LASF1126
C:\Users\zero6575\AppData\Local\Temp\ccR2I8ol.s:7281   .debug_str:00000000000007c7 .LASF1127
C:\Users\zero6575\AppData\Local\Temp\ccR2I8ol.s:9243   .debug_str:0000000000007270 .LASF1128
C:\Users\zero6575\AppData\Local\Temp\ccR2I8ol.s:8877   .debug_str:0000000000005efb .LASF1129
C:\Users\zero6575\AppData\Local\Temp\ccR2I8ol.s:8269   .debug_str:0000000000003dbf .LASF1130
C:\Users\zero6575\AppData\Local\Temp\ccR2I8ol.s:9733   .debug_str:0000000000008a95 .LASF1131
C:\Users\zero6575\AppData\Local\Temp\ccR2I8ol.s:9141   .debug_str:0000000000006d1c .LASF1132
C:\Users\zero6575\AppData\Local\Temp\ccR2I8ol.s:9799   .debug_str:0000000000008e87 .LASF1134
C:\Users\zero6575\AppData\Local\Temp\ccR2I8ol.s:9007   .debug_str:0000000000006617 .LASF1135
C:\Users\zero6575\AppData\Local\Temp\ccR2I8ol.s:7647   .debug_str:0000000000001c5b .LASF1136
C:\Users\zero6575\AppData\Local\Temp\ccR2I8ol.s:9731   .debug_str:0000000000008a88 .LASF1137
C:\Users\zero6575\AppData\Local\Temp\ccR2I8ol.s:7313   .debug_str:00000000000009ad .LASF1138
C:\Users\zero6575\AppData\Local\Temp\ccR2I8ol.s:9139   .debug_str:0000000000006d07 .LASF1139
C:\Users\zero6575\AppData\Local\Temp\ccR2I8ol.s:9499   .debug_str:0000000000007ecc .LASF1140
C:\Users\zero6575\AppData\Local\Temp\ccR2I8ol.s:8933   .debug_str:0000000000006255 .LASF1141
C:\Users\zero6575\AppData\Local\Temp\ccR2I8ol.s:8227   .debug_str:0000000000003bd6 .LASF1142
C:\Users\zero6575\AppData\Local\Temp\ccR2I8ol.s:8641   .debug_str:00000000000052f8 .LASF1148
C:\Users\zero6575\AppData\Local\Temp\ccR2I8ol.s:7315   .debug_str:00000000000009bb .LASF1149
C:\Users\zero6575\AppData\Local\Temp\ccR2I8ol.s:7233   .debug_str:00000000000005d4 .LASF1151
C:\Users\zero6575\AppData\Local\Temp\ccR2I8ol.s:9065   .debug_str:000000000000696d .LASF1152
C:\Users\zero6575\AppData\Local\Temp\ccR2I8ol.s:8841   .debug_str:0000000000005d38 .LASF1153
C:\Users\zero6575\AppData\Local\Temp\ccR2I8ol.s:8391   .debug_str:00000000000044bc .LASF1154
C:\Users\zero6575\AppData\Local\Temp\ccR2I8ol.s:9949   .debug_str:000000000000954f .LASF1155
C:\Users\zero6575\AppData\Local\Temp\ccR2I8ol.s:9585   .debug_str:00000000000082a6 .LASF1156
C:\Users\zero6575\AppData\Local\Temp\ccR2I8ol.s:9859   .debug_str:00000000000090d9 .LASF1157
C:\Users\zero6575\AppData\Local\Temp\ccR2I8ol.s:8631   .debug_str:00000000000051eb .LASF1158
C:\Users\zero6575\AppData\Local\Temp\ccR2I8ol.s:7287   .debug_str:000000000000080d .LASF1159
C:\Users\zero6575\AppData\Local\Temp\ccR2I8ol.s:7723   .debug_str:000000000000200a .LASF1160
C:\Users\zero6575\AppData\Local\Temp\ccR2I8ol.s:8311   .debug_str:0000000000003f92 .LASF1161
C:\Users\zero6575\AppData\Local\Temp\ccR2I8ol.s:9863   .debug_str:0000000000009142 .LASF1162
C:\Users\zero6575\AppData\Local\Temp\ccR2I8ol.s:9307   .debug_str:00000000000074f1 .LASF1163
C:\Users\zero6575\AppData\Local\Temp\ccR2I8ol.s:8601   .debug_str:000000000000503a .LASF1164
C:\Users\zero6575\AppData\Local\Temp\ccR2I8ol.s:9497   .debug_str:0000000000007ebe .LASF1165
C:\Users\zero6575\AppData\Local\Temp\ccR2I8ol.s:8425   .debug_str:00000000000046ab .LASF1166
C:\Users\zero6575\AppData\Local\Temp\ccR2I8ol.s:9213   .debug_str:000000000000711b .LASF1167
C:\Users\zero6575\AppData\Local\Temp\ccR2I8ol.s:9055   .debug_str:00000000000068b5 .LASF1168
C:\Users\zero6575\AppData\Local\Temp\ccR2I8ol.s:8199   .debug_str:0000000000003a8a .LASF1169
C:\Users\zero6575\AppData\Local\Temp\ccR2I8ol.s:8713   .debug_str:000000000000562e .LASF1170
C:\Users\zero6575\AppData\Local\Temp\ccR2I8ol.s:7191   .debug_str:000000000000044e .LASF1171
C:\Users\zero6575\AppData\Local\Temp\ccR2I8ol.s:7321   .debug_str:00000000000009e8 .LASF1172
C:\Users\zero6575\AppData\Local\Temp\ccR2I8ol.s:9795   .debug_str:0000000000008e5f .LASF1173
C:\Users\zero6575\AppData\Local\Temp\ccR2I8ol.s:8615   .debug_str:0000000000005166 .LASF1174
C:\Users\zero6575\AppData\Local\Temp\ccR2I8ol.s:8581   .debug_str:0000000000004f5b .LASF1175
C:\Users\zero6575\AppData\Local\Temp\ccR2I8ol.s:9751   .debug_str:0000000000008b50 .LASF1176
C:\Users\zero6575\AppData\Local\Temp\ccR2I8ol.s:8365   .debug_str:0000000000004340 .LASF1177
C:\Users\zero6575\AppData\Local\Temp\ccR2I8ol.s:8675   .debug_str:000000000000548e .LASF1178
C:\Users\zero6575\AppData\Local\Temp\ccR2I8ol.s:7917   .debug_str:0000000000002b85 .LASF1179
C:\Users\zero6575\AppData\Local\Temp\ccR2I8ol.s:8921   .debug_str:00000000000061a9 .LASF1180
C:\Users\zero6575\AppData\Local\Temp\ccR2I8ol.s:9861   .debug_str:0000000000009130 .LASF1181
C:\Users\zero6575\AppData\Local\Temp\ccR2I8ol.s:7559   .debug_str:000000000000184a .LASF1182
C:\Users\zero6575\AppData\Local\Temp\ccR2I8ol.s:7663   .debug_str:0000000000001d04 .LASF1183
C:\Users\zero6575\AppData\Local\Temp\ccR2I8ol.s:7329   .debug_str:0000000000000a31 .LASF1184
C:\Users\zero6575\AppData\Local\Temp\ccR2I8ol.s:8809   .debug_str:0000000000005b9a .LASF1185
C:\Users\zero6575\AppData\Local\Temp\ccR2I8ol.s:8509   .debug_str:0000000000004b2a .LASF1186
C:\Users\zero6575\AppData\Local\Temp\ccR2I8ol.s:7369   .debug_str:0000000000000bfd .LASF1187
C:\Users\zero6575\AppData\Local\Temp\ccR2I8ol.s:9887   .debug_str:00000000000092cb .LASF1188
C:\Users\zero6575\AppData\Local\Temp\ccR2I8ol.s:7519   .debug_str:00000000000016ac .LASF1189
C:\Users\zero6575\AppData\Local\Temp\ccR2I8ol.s:7107   .debug_str:0000000000000023 .LASF1190
C:\Users\zero6575\AppData\Local\Temp\ccR2I8ol.s:8335   .debug_str:0000000000004203 .LASF1191
C:\Users\zero6575\AppData\Local\Temp\ccR2I8ol.s:7733   .debug_str:0000000000002091 .LASF1192
C:\Users\zero6575\AppData\Local\Temp\ccR2I8ol.s:8393   .debug_str:00000000000044cc .LASF1193
C:\Users\zero6575\AppData\Local\Temp\ccR2I8ol.s:7237   .debug_str:00000000000005ee .LASF1194
C:\Users\zero6575\AppData\Local\Temp\ccR2I8ol.s:9395   .debug_str:00000000000078e2 .LASF1195
C:\Users\zero6575\AppData\Local\Temp\ccR2I8ol.s:9427   .debug_str:0000000000007b0e .LASF1196
C:\Users\zero6575\AppData\Local\Temp\ccR2I8ol.s:8441   .debug_str:0000000000004738 .LASF1197
C:\Users\zero6575\AppData\Local\Temp\ccR2I8ol.s:7689   .debug_str:0000000000001e58 .LASF1198
C:\Users\zero6575\AppData\Local\Temp\ccR2I8ol.s:8403   .debug_str:000000000000452c .LASF1199
C:\Users\zero6575\AppData\Local\Temp\ccR2I8ol.s:7143   .debug_str:000000000000015e .LASF1200
C:\Users\zero6575\AppData\Local\Temp\ccR2I8ol.s:7585   .debug_str:0000000000001948 .LASF1201
C:\Users\zero6575\AppData\Local\Temp\ccR2I8ol.s:9403   .debug_str:0000000000007965 .LASF1202
C:\Users\zero6575\AppData\Local\Temp\ccR2I8ol.s:9653   .debug_str:0000000000008647 .LASF1203
C:\Users\zero6575\AppData\Local\Temp\ccR2I8ol.s:8879   .debug_str:0000000000005f22 .LASF1204
C:\Users\zero6575\AppData\Local\Temp\ccR2I8ol.s:8501   .debug_str:0000000000004a54 .LASF1205
C:\Users\zero6575\AppData\Local\Temp\ccR2I8ol.s:9505   .debug_str:0000000000007f1b .LASF1206
C:\Users\zero6575\AppData\Local\Temp\ccR2I8ol.s:9603   .debug_str:00000000000083a9 .LASF1209
C:\Users\zero6575\AppData\Local\Temp\ccR2I8ol.s:7941   .debug_str:0000000000002c9b .LASF1210
C:\Users\zero6575\AppData\Local\Temp\ccR2I8ol.s:7755   .debug_str:00000000000021a4 .LASF1215
C:\Users\zero6575\AppData\Local\Temp\ccR2I8ol.s:9609   .debug_str:0000000000008409 .LASF1216
C:\Users\zero6575\AppData\Local\Temp\ccR2I8ol.s:9815   .debug_str:0000000000008f16 .LASF1217
C:\Users\zero6575\AppData\Local\Temp\ccR2I8ol.s:8113   .debug_str:0000000000003583 .LASF1218
C:\Users\zero6575\AppData\Local\Temp\ccR2I8ol.s:9357   .debug_str:000000000000773c .LASF1219
                           .group:0000000000000000 wm4.0.29db371e8b94e604acd9f4c2cef2c360
                           .group:0000000000000000 wm4.stddef.h.39.a38874c8f8a57e66301090908ec2a69f
                           .group:0000000000000000 wm4._newlib_version.h.4.9ba035841e762c3308916a0ce96032e7
                           .group:0000000000000000 wm4.features.h.33.318b64d71e0957639cfb30f1db1f7ec8
                           .group:0000000000000000 wm4._default_types.h.15.61e9869194cab90bdfa4c7fc42203a0e
                           .group:0000000000000000 wm4._intsup.h.10.b28b45fc63caeb010c3f7ee592257700
                           .group:0000000000000000 wm4._stdint.h.10.c24fa3af3bc1706662bb5593a907e841
                           .group:0000000000000000 wm4.stdint.h.23.d53047a68f4a85177f80b422d52785ed
                           .group:0000000000000000 wm4.errno.h.2.ba016d646105af6cad23be83630b6a3f
                           .group:0000000000000000 wm4.newlib.h.8.19af3a34a60c4846725bb1239b4fa5a2
                           .group:0000000000000000 wm4.ieeefp.h.195.a810689bf65b84f4ad2c33b483468c94
                           .group:0000000000000000 wm4.config.h.83.0359905d884ebfe41c79e1d7c780ef62
                           .group:0000000000000000 wm4._ansi.h.31.de524f58584151836e90d8620a16f8e8
                           .group:0000000000000000 wm4._types.h.20.dd0d04dca3800a0d2a6129b87f3adbb2
                           .group:0000000000000000 wm4.stddef.h.161.5349cb105733e8777bfb0cf53c4e3f34
                           .group:0000000000000000 wm4._types.h.127.c5cfac939eadb83d223592dbacad7524
                           .group:0000000000000000 wm4.reent.h.17.487f8c1f76499d088b190f62530a0034
                           .group:0000000000000000 wm4.lock.h.2.c0958401bd0ce484d507ee19aacab817
                           .group:0000000000000000 wm4.reent.h.77.1187f1075ff88452c642b29ed9a9030d
                           .group:0000000000000000 wm4.errno.h.14.6a5939d3ae7434a1e97991a97123b12d
                           .group:0000000000000000 wm4.cdefs.h.49.6260d97adb8d27534cbdc0f868b8ea87
                           .group:0000000000000000 wm4.string.h.15.dab3980bf35408a4c507182805e2de3a
                           .group:0000000000000000 wm4.stddef.h.161.19e15733342b50ead2919490b095303e
                           .group:0000000000000000 wm4.config.h.26.7d29d642a1ea34b87c56286f7235559f
                           .group:0000000000000000 wm4.bacdef.h.39.fcafd78d88dce17b2448edf8931b63fd
                           .group:0000000000000000 wm4.stdbool.h.29.07dce69c3b78884144b7f7bd19483461
                           .group:0000000000000000 wm4.npdu.h.25.6a3a449fc578b15b3d0db2c6a4da7956
                           .group:0000000000000000 wm4.bip.h.35.ed002c5cfc52434a2e46d3f82d276677
                           .group:0000000000000000 wm4.time.h.8.db4619001f026d0b4874c029fef0e91f
                           .group:0000000000000000 wm4.time.h.2.2a9bb4e458da4ea34ffea78824e2e6f7
                           .group:0000000000000000 wm4.time.h.25.0e6a0fdbc9955f5707ed54246ed2e089
                           .group:0000000000000000 wm4.types.h.40.8b6acba56cefbb11746718204edc8f5e
                           .group:0000000000000000 wm4._endian.h.18.1bf9649e8e5bbc91042012680270b9ed
                           .group:0000000000000000 wm4.endian.h.9.49f3a4695c1b61e8a0808de3c4a106cb
                           .group:0000000000000000 wm4._timeval.h.30.0e8bfd94e85db17dda3286ee81496fe6
                           .group:0000000000000000 wm4.timespec.h.41.d855182eb0e690443ab8651bcedca6e1
                           .group:0000000000000000 wm4.select.h.19.97ca6fd0c752a0f3b6719fd314d361e6
                           .group:0000000000000000 wm4.types.h.51.5571ec98f267d17d3c670b7a3ba33afa
                           .group:0000000000000000 wm4.sched.h.22.c60982713a5c428609783c78f9c78d95
                           .group:0000000000000000 wm4._pthreadtypes.h.36.fcee9961c35163dde6267ef772ad1972
                           .group:0000000000000000 wm4.time.h.162.85256a1e684b58f061361067da714e0e
                           .group:0000000000000000 wm4.datalink.h.64.0e2e4918a8aa83441d278a8eca7199e7
                           .group:0000000000000000 wm4.bits.h.25.f9e0c31c04958f93c399d58693ab7d13
                           .group:0000000000000000 wm4.bacdcode.h.417.fde53433a4e8c8179dfc8de0f5c0b6ae
                           .group:0000000000000000 wm4.readrange.h.25.7abf91243fb39ecb991c7216a42716c0
                           .group:0000000000000000 wm4.stdio.h.27.3fc80220048df77954e38daec3bb9670
                           .group:0000000000000000 wm4.stdarg.h.34.3a23a216c0c293b3d2ea2e89281481e6
                           .group:0000000000000000 wm4.stdio.h.47.1f5845210bb9053bbca9ed76fc4018da
                           .group:0000000000000000 wm4.stdio.h.2.4aa87247282eca6c8f36f9de33d8df1a
                           .group:0000000000000000 wm4.stdio.h.81.60a2ded7dae310b81f9d6907fe5e3dbf
                           .group:0000000000000000 wm4.bacapp.h.236.6ce9e612c7ada80feb9f3b2b0c328626
                           .group:0000000000000000 wm4.device.h.170.a251ce7da15aed1e46d1ea618b9629ed

UNDEFINED SYMBOLS
tsm_next_free_invokeID
bip_get_my_address
npdu_encode_npdu_data
Handler_Transmit_Buffer
npdu_encode_pdu
get_alarm_summary_encode_apdu
tsm_set_confirmed_unsegmented_transaction
bip_send_pdu
tsm_free_invoke_id
address_get_by_device
