   1              		.file	"s_lso.c"
   2              		.option nopic
   3              		.attribute arch, "rv64i2p0_m2p0_a2p0_c2p0"
   4              		.attribute unaligned_access, 0
   5              		.attribute stack_align, 16
   6              		.text
   7              	.Ltext0:
   8              		.cfi_sections	.debug_frame
   9              		.section	.text.Send_Life_Safety_Operation_Data,"ax",@progbits
  10              		.align	1
  11              		.globl	Send_Life_Safety_Operation_Data
  13              	Send_Life_Safety_Operation_Data:
  14              	.LFB4:
  15              		.file 1 "../src/middleware/bacnet/demo/handler/s_lso.c"
   1:../src/middleware/bacnet/demo/handler/s_lso.c **** /**************************************************************************
   2:../src/middleware/bacnet/demo/handler/s_lso.c **** *
   3:../src/middleware/bacnet/demo/handler/s_lso.c **** * Copyright (C) 2009 John Minack <minack@users.sourceforge.net>
   4:../src/middleware/bacnet/demo/handler/s_lso.c **** *
   5:../src/middleware/bacnet/demo/handler/s_lso.c **** * Permission is hereby granted, free of charge, to any person obtaining
   6:../src/middleware/bacnet/demo/handler/s_lso.c **** * a copy of this software and associated documentation files (the
   7:../src/middleware/bacnet/demo/handler/s_lso.c **** * "Software"), to deal in the Software without restriction, including
   8:../src/middleware/bacnet/demo/handler/s_lso.c **** * without limitation the rights to use, copy, modify, merge, publish,
   9:../src/middleware/bacnet/demo/handler/s_lso.c **** * distribute, sublicense, and/or sell copies of the Software, and to
  10:../src/middleware/bacnet/demo/handler/s_lso.c **** * permit persons to whom the Software is furnished to do so, subject to
  11:../src/middleware/bacnet/demo/handler/s_lso.c **** * the following conditions:
  12:../src/middleware/bacnet/demo/handler/s_lso.c **** *
  13:../src/middleware/bacnet/demo/handler/s_lso.c **** * The above copyright notice and this permission notice shall be included
  14:../src/middleware/bacnet/demo/handler/s_lso.c **** * in all copies or substantial portions of the Software.
  15:../src/middleware/bacnet/demo/handler/s_lso.c **** *
  16:../src/middleware/bacnet/demo/handler/s_lso.c **** * THE SOFTWARE IS PROVIDED "AS IS", WITHOUT WARRANTY OF ANY KIND,
  17:../src/middleware/bacnet/demo/handler/s_lso.c **** * EXPRESS OR IMPLIED, INCLUDING BUT NOT LIMITED TO THE WARRANTIES OF
  18:../src/middleware/bacnet/demo/handler/s_lso.c **** * MERCHANTABILITY, FITNESS FOR A PARTICULAR PURPOSE AND NONINFRINGEMENT.
  19:../src/middleware/bacnet/demo/handler/s_lso.c **** * IN NO EVENT SHALL THE AUTHORS OR COPYRIGHT HOLDERS BE LIABLE FOR ANY
  20:../src/middleware/bacnet/demo/handler/s_lso.c **** * CLAIM, DAMAGES OR OTHER LIABILITY, WHETHER IN AN ACTION OF CONTRACT,
  21:../src/middleware/bacnet/demo/handler/s_lso.c **** * TORT OR OTHERWISE, ARISING FROM, OUT OF OR IN CONNECTION WITH THE
  22:../src/middleware/bacnet/demo/handler/s_lso.c **** * SOFTWARE OR THE USE OR OTHER DEALINGS IN THE SOFTWARE.
  23:../src/middleware/bacnet/demo/handler/s_lso.c **** *
  24:../src/middleware/bacnet/demo/handler/s_lso.c **** *********************************************************************/
  25:../src/middleware/bacnet/demo/handler/s_lso.c **** #include <stddef.h>
  26:../src/middleware/bacnet/demo/handler/s_lso.c **** #include <stdint.h>
  27:../src/middleware/bacnet/demo/handler/s_lso.c **** #include <errno.h>
  28:../src/middleware/bacnet/demo/handler/s_lso.c **** #include <string.h>
  29:../src/middleware/bacnet/demo/handler/s_lso.c **** #include "config.h"
  30:../src/middleware/bacnet/demo/handler/s_lso.c **** #include "txbuf.h"
  31:../src/middleware/bacnet/demo/handler/s_lso.c **** #include "bacdef.h"
  32:../src/middleware/bacnet/demo/handler/s_lso.c **** #include "bacdcode.h"
  33:../src/middleware/bacnet/demo/handler/s_lso.c **** #include "address.h"
  34:../src/middleware/bacnet/demo/handler/s_lso.c **** #include "tsm.h"
  35:../src/middleware/bacnet/demo/handler/s_lso.c **** #include "npdu.h"
  36:../src/middleware/bacnet/demo/handler/s_lso.c **** #include "apdu.h"
  37:../src/middleware/bacnet/demo/handler/s_lso.c **** #include "device.h"
  38:../src/middleware/bacnet/demo/handler/s_lso.c **** #include "datalink.h"
  39:../src/middleware/bacnet/demo/handler/s_lso.c **** #include "dcc.h"
  40:../src/middleware/bacnet/demo/handler/s_lso.c **** #include "whois.h"
  41:../src/middleware/bacnet/demo/handler/s_lso.c **** /* some demo stuff needed */
  42:../src/middleware/bacnet/demo/handler/s_lso.c **** #include "handlers.h"
  43:../src/middleware/bacnet/demo/handler/s_lso.c **** #include "txbuf.h"
  44:../src/middleware/bacnet/demo/handler/s_lso.c **** #include "lso.h"
  45:../src/middleware/bacnet/demo/handler/s_lso.c **** #include "client.h"
  46:../src/middleware/bacnet/demo/handler/s_lso.c **** 
  47:../src/middleware/bacnet/demo/handler/s_lso.c **** /** @file s_lso.c  Send BACnet Life Safety Operation message. */
  48:../src/middleware/bacnet/demo/handler/s_lso.c **** 
  49:../src/middleware/bacnet/demo/handler/s_lso.c **** /* returns the invoke ID for confirmed request, or zero on failure */
  50:../src/middleware/bacnet/demo/handler/s_lso.c **** 
  51:../src/middleware/bacnet/demo/handler/s_lso.c **** 
  52:../src/middleware/bacnet/demo/handler/s_lso.c **** uint8_t Send_Life_Safety_Operation_Data(
  53:../src/middleware/bacnet/demo/handler/s_lso.c ****     uint32_t device_id,
  54:../src/middleware/bacnet/demo/handler/s_lso.c ****     BACNET_LSO_DATA * data)
  55:../src/middleware/bacnet/demo/handler/s_lso.c **** {
  16              		.loc 1 55 1
  17              		.cfi_startproc
  18 0000 1971     		addi	sp,sp,-128
  19              		.cfi_def_cfa_offset 128
  20 0002 86FC     		sd	ra,120(sp)
  21 0004 A2F8     		sd	s0,112(sp)
  22              		.cfi_offset 1, -8
  23              		.cfi_offset 8, -16
  24 0006 0001     		addi	s0,sp,128
  25              		.cfi_def_cfa 8, 0
  26 0008 AA87     		mv	a5,a0
  27 000a 2330B4F8 		sd	a1,-128(s0)
  28 000e 2326F4F8 		sw	a5,-116(s0)
  56:../src/middleware/bacnet/demo/handler/s_lso.c ****     BACNET_ADDRESS dest;
  57:../src/middleware/bacnet/demo/handler/s_lso.c ****     BACNET_ADDRESS my_address;
  58:../src/middleware/bacnet/demo/handler/s_lso.c ****     unsigned max_apdu = 0;
  29              		.loc 1 58 14
  30 0012 232604FA 		sw	zero,-84(s0)
  59:../src/middleware/bacnet/demo/handler/s_lso.c ****     uint8_t invoke_id = 0;
  31              		.loc 1 59 13
  32 0016 A30704FE 		sb	zero,-17(s0)
  60:../src/middleware/bacnet/demo/handler/s_lso.c ****     bool status = false;
  33              		.loc 1 60 10
  34 001a 230704FE 		sb	zero,-18(s0)
  61:../src/middleware/bacnet/demo/handler/s_lso.c ****     int len = 0;
  35              		.loc 1 61 9
  36 001e 232404FE 		sw	zero,-24(s0)
  62:../src/middleware/bacnet/demo/handler/s_lso.c ****     int pdu_len = 0;
  37              		.loc 1 62 9
  38 0022 232204FE 		sw	zero,-28(s0)
  63:../src/middleware/bacnet/demo/handler/s_lso.c ****     int bytes_sent = 0;
  39              		.loc 1 63 9
  40 0026 232004FE 		sw	zero,-32(s0)
  64:../src/middleware/bacnet/demo/handler/s_lso.c ****     BACNET_NPDU_DATA npdu_data;
  65:../src/middleware/bacnet/demo/handler/s_lso.c **** 
  66:../src/middleware/bacnet/demo/handler/s_lso.c ****     if (!dcc_communication_enabled())
  41              		.loc 1 66 10
  42 002a 97000000 		call	dcc_communication_enabled
  42      E7800000 
  43 0032 AA87     		mv	a5,a0
  44              		.loc 1 66 9
  45 0034 93C71700 		xori	a5,a5,1
  46 0038 93F7F70F 		andi	a5,a5,0xff
  47              		.loc 1 66 8
  48 003c 99C3     		beq	a5,zero,.L2
  67:../src/middleware/bacnet/demo/handler/s_lso.c ****         return 0;
  49              		.loc 1 67 16
  50 003e 8147     		li	a5,0
  51 0040 0DAA     		j	.L7
  52              	.L2:
  68:../src/middleware/bacnet/demo/handler/s_lso.c **** 
  69:../src/middleware/bacnet/demo/handler/s_lso.c ****     /* is the device bound? */
  70:../src/middleware/bacnet/demo/handler/s_lso.c ****     status = address_get_by_device(device_id, &max_apdu, &dest);
  53              		.loc 1 70 14
  54 0042 930684FC 		addi	a3,s0,-56
  55 0046 1307C4FA 		addi	a4,s0,-84
  56 004a 8327C4F8 		lw	a5,-116(s0)
  57 004e 3686     		mv	a2,a3
  58 0050 BA85     		mv	a1,a4
  59 0052 3E85     		mv	a0,a5
  60 0054 97000000 		call	address_get_by_device
  60      E7800000 
  61 005c AA87     		mv	a5,a0
  62 005e 2307F4FE 		sb	a5,-18(s0)
  71:../src/middleware/bacnet/demo/handler/s_lso.c ****     /* is there a tsm available? */
  72:../src/middleware/bacnet/demo/handler/s_lso.c ****     if (status)
  63              		.loc 1 72 8
  64 0062 8347E4FE 		lbu	a5,-18(s0)
  65 0066 93F7F70F 		andi	a5,a5,0xff
  66 006a 81CB     		beq	a5,zero,.L4
  73:../src/middleware/bacnet/demo/handler/s_lso.c ****         invoke_id = tsm_next_free_invokeID();
  67              		.loc 1 73 21
  68 006c 97000000 		call	tsm_next_free_invokeID
  68      E7800000 
  69 0074 AA87     		mv	a5,a0
  70 0076 A307F4FE 		sb	a5,-17(s0)
  71              	.L4:
  74:../src/middleware/bacnet/demo/handler/s_lso.c ****     if (invoke_id) {
  72              		.loc 1 74 8
  73 007a 8347F4FE 		lbu	a5,-17(s0)
  74 007e 93F7F70F 		andi	a5,a5,0xff
  75 0082 F5C7     		beq	a5,zero,.L5
  75:../src/middleware/bacnet/demo/handler/s_lso.c ****         /* encode the NPDU portion of the packet */
  76:../src/middleware/bacnet/demo/handler/s_lso.c ****         datalink_get_my_address(&my_address);
  76              		.loc 1 76 9
  77 0084 930704FB 		addi	a5,s0,-80
  78 0088 3E85     		mv	a0,a5
  79 008a 97000000 		call	bip_get_my_address
  79      E7800000 
  77:../src/middleware/bacnet/demo/handler/s_lso.c ****         npdu_encode_npdu_data(&npdu_data, true, MESSAGE_PRIORITY_NORMAL);
  80              		.loc 1 77 9
  81 0092 930784F9 		addi	a5,s0,-104
  82 0096 0146     		li	a2,0
  83 0098 8545     		li	a1,1
  84 009a 3E85     		mv	a0,a5
  85 009c 97000000 		call	npdu_encode_npdu_data
  85      E7800000 
  78:../src/middleware/bacnet/demo/handler/s_lso.c ****         pdu_len =
  79:../src/middleware/bacnet/demo/handler/s_lso.c ****             npdu_encode_pdu(&Handler_Transmit_Buffer[0], &dest, &my_address,
  86              		.loc 1 79 13
  87 00a4 930684F9 		addi	a3,s0,-104
  88 00a8 130704FB 		addi	a4,s0,-80
  89 00ac 930784FC 		addi	a5,s0,-56
  90 00b0 3A86     		mv	a2,a4
  91 00b2 BE85     		mv	a1,a5
  92 00b4 17050000 		lla	a0,Handler_Transmit_Buffer
  92      13050500 
  93 00bc 97000000 		call	npdu_encode_pdu
  93      E7800000 
  94 00c4 AA87     		mv	a5,a0
  95 00c6 2322F4FE 		sw	a5,-28(s0)
  80:../src/middleware/bacnet/demo/handler/s_lso.c ****             &npdu_data);
  81:../src/middleware/bacnet/demo/handler/s_lso.c ****         len =
  82:../src/middleware/bacnet/demo/handler/s_lso.c ****             lso_encode_apdu(&Handler_Transmit_Buffer[pdu_len], invoke_id,
  96              		.loc 1 82 13
  97 00ca 032744FE 		lw	a4,-28(s0)
  98 00ce 97070000 		lla	a5,Handler_Transmit_Buffer
  98      93870700 
  99 00d6 BA97     		add	a5,a4,a5
 100 00d8 0347F4FE 		lbu	a4,-17(s0)
 101 00dc 033604F8 		ld	a2,-128(s0)
 102 00e0 BA85     		mv	a1,a4
 103 00e2 3E85     		mv	a0,a5
 104 00e4 97000000 		call	lso_encode_apdu
 104      E7800000 
 105 00ec AA87     		mv	a5,a0
 106 00ee 2324F4FE 		sw	a5,-24(s0)
  83:../src/middleware/bacnet/demo/handler/s_lso.c ****             data);
  84:../src/middleware/bacnet/demo/handler/s_lso.c ****         pdu_len += len;
 107              		.loc 1 84 17
 108 00f2 032744FE 		lw	a4,-28(s0)
 109 00f6 832784FE 		lw	a5,-24(s0)
 110 00fa B99F     		addw	a5,a4,a5
 111 00fc 2322F4FE 		sw	a5,-28(s0)
  85:../src/middleware/bacnet/demo/handler/s_lso.c ****         /* will it fit in the sender?
  86:../src/middleware/bacnet/demo/handler/s_lso.c ****            note: if there is a bottleneck router in between
  87:../src/middleware/bacnet/demo/handler/s_lso.c ****            us and the destination, we won't know unless
  88:../src/middleware/bacnet/demo/handler/s_lso.c ****            we have a way to check for that and update the
  89:../src/middleware/bacnet/demo/handler/s_lso.c ****            max_apdu in the address binding table. */
  90:../src/middleware/bacnet/demo/handler/s_lso.c ****         if ((unsigned) pdu_len < max_apdu) {
 112              		.loc 1 90 13
 113 0100 032744FE 		lw	a4,-28(s0)
 114              		.loc 1 90 32
 115 0104 8327C4FA 		lw	a5,-84(s0)
 116              		.loc 1 90 12
 117 0108 637AF704 		bgeu	a4,a5,.L6
  91:../src/middleware/bacnet/demo/handler/s_lso.c ****             tsm_set_confirmed_unsegmented_transaction(invoke_id, &dest,
 118              		.loc 1 91 13
 119 010c 832744FE 		lw	a5,-28(s0)
 120 0110 13970703 		slli	a4,a5,48
 121 0114 4193     		srli	a4,a4,48
 122 0116 130684F9 		addi	a2,s0,-104
 123 011a 930584FC 		addi	a1,s0,-56
 124 011e 8347F4FE 		lbu	a5,-17(s0)
 125 0122 97060000 		lla	a3,Handler_Transmit_Buffer
 125      93860600 
 126 012a 3E85     		mv	a0,a5
 127 012c 97000000 		call	tsm_set_confirmed_unsegmented_transaction
 127      E7800000 
  92:../src/middleware/bacnet/demo/handler/s_lso.c ****                 &npdu_data, &Handler_Transmit_Buffer[0], (uint16_t) pdu_len);
  93:../src/middleware/bacnet/demo/handler/s_lso.c ****             bytes_sent =
  94:../src/middleware/bacnet/demo/handler/s_lso.c ****                 datalink_send_pdu(&dest, &npdu_data,
 128              		.loc 1 94 17
 129 0134 832644FE 		lw	a3,-28(s0)
 130 0138 130784F9 		addi	a4,s0,-104
 131 013c 930784FC 		addi	a5,s0,-56
 132 0140 17060000 		lla	a2,Handler_Transmit_Buffer
 132      13060600 
 133 0148 BA85     		mv	a1,a4
 134 014a 3E85     		mv	a0,a5
 135 014c 97000000 		call	bip_send_pdu
 135      E7800000 
 136 0154 AA87     		mv	a5,a0
 137 0156 2320F4FE 		sw	a5,-32(s0)
 138 015a 11A8     		j	.L5
 139              	.L6:
  95:../src/middleware/bacnet/demo/handler/s_lso.c ****                 &Handler_Transmit_Buffer[0], pdu_len);
  96:../src/middleware/bacnet/demo/handler/s_lso.c **** #if PRINT_ENABLED
  97:../src/middleware/bacnet/demo/handler/s_lso.c ****             if (bytes_sent <= 0)
  98:../src/middleware/bacnet/demo/handler/s_lso.c ****                 fprintf(stderr, "Failed to Send Life Safe Op Request (%s)!\n",
  99:../src/middleware/bacnet/demo/handler/s_lso.c ****                     strerror(errno));
 100:../src/middleware/bacnet/demo/handler/s_lso.c **** #endif
 101:../src/middleware/bacnet/demo/handler/s_lso.c ****         } else {
 102:../src/middleware/bacnet/demo/handler/s_lso.c ****             tsm_free_invoke_id(invoke_id);
 140              		.loc 1 102 13
 141 015c 8347F4FE 		lbu	a5,-17(s0)
 142 0160 3E85     		mv	a0,a5
 143 0162 97000000 		call	tsm_free_invoke_id
 143      E7800000 
 103:../src/middleware/bacnet/demo/handler/s_lso.c ****             invoke_id = 0;
 144              		.loc 1 103 23
 145 016a A30704FE 		sb	zero,-17(s0)
 146              	.L5:
 104:../src/middleware/bacnet/demo/handler/s_lso.c **** #if PRINT_ENABLED
 105:../src/middleware/bacnet/demo/handler/s_lso.c ****             fprintf(stderr,
 106:../src/middleware/bacnet/demo/handler/s_lso.c ****                 "Failed to Send Life Safe Op Request "
 107:../src/middleware/bacnet/demo/handler/s_lso.c ****                 "(exceeds destination maximum APDU)!\n");
 108:../src/middleware/bacnet/demo/handler/s_lso.c **** #endif
 109:../src/middleware/bacnet/demo/handler/s_lso.c ****         }
 110:../src/middleware/bacnet/demo/handler/s_lso.c ****     }
 111:../src/middleware/bacnet/demo/handler/s_lso.c **** 
 112:../src/middleware/bacnet/demo/handler/s_lso.c ****     return invoke_id;
 147              		.loc 1 112 12
 148 016e 8347F4FE 		lbu	a5,-17(s0)
 149              	.L7:
 113:../src/middleware/bacnet/demo/handler/s_lso.c **** }
 150              		.loc 1 113 1 discriminator 1
 151 0172 3E85     		mv	a0,a5
 152 0174 E670     		ld	ra,120(sp)
 153              		.cfi_restore 1
 154 0176 4674     		ld	s0,112(sp)
 155              		.cfi_restore 8
 156              		.cfi_def_cfa 2, 128
 157 0178 0961     		addi	sp,sp,128
 158              		.cfi_def_cfa_offset 0
 159 017a 8280     		jr	ra
 160              		.cfi_endproc
 161              	.LFE4:
 163              		.text
 164              	.Letext0:
 165              		.file 2 "c:\\microchip\\softconsole-v2022.2-risc-v-747\\riscv-unknown-elf-gcc\\lib\\gcc\\riscv64-u
 166              		.file 3 "c:\\microchip\\softconsole-v2022.2-risc-v-747\\riscv-unknown-elf-gcc\\riscv64-unknown-elf
 167              		.file 4 "c:\\microchip\\softconsole-v2022.2-risc-v-747\\riscv-unknown-elf-gcc\\riscv64-unknown-elf
 168              		.file 5 "c:\\microchip\\softconsole-v2022.2-risc-v-747\\riscv-unknown-elf-gcc\\riscv64-unknown-elf
 169              		.file 6 "c:\\microchip\\softconsole-v2022.2-risc-v-747\\riscv-unknown-elf-gcc\\riscv64-unknown-elf
 170              		.file 7 "c:\\microchip\\softconsole-v2022.2-risc-v-747\\riscv-unknown-elf-gcc\\riscv64-unknown-elf
 171              		.file 8 "c:\\microchip\\softconsole-v2022.2-risc-v-747\\riscv-unknown-elf-gcc\\riscv64-unknown-elf
 172              		.file 9 "C:\\Users\\zero6575\\Libero\\fpga_labor\\fpga_labor\\software\\mpfs-mac-mcc-stack\\src\\m
 173              		.file 10 "C:\\Users\\zero6575\\Libero\\fpga_labor\\fpga_labor\\software\\mpfs-mac-mcc-stack\\src\\
 174              		.file 11 "C:\\Users\\zero6575\\Libero\\fpga_labor\\fpga_labor\\software\\mpfs-mac-mcc-stack\\src\\
 175              		.file 12 "C:\\Users\\zero6575\\Libero\\fpga_labor\\fpga_labor\\software\\mpfs-mac-mcc-stack\\src\\
 176              		.file 13 "c:\\microchip\\softconsole-v2022.2-risc-v-747\\riscv-unknown-elf-gcc\\riscv64-unknown-el
 177              		.file 14 "C:\\Users\\zero6575\\Libero\\fpga_labor\\fpga_labor\\software\\mpfs-mac-mcc-stack\\src\\
 178              		.file 15 "C:\\Users\\zero6575\\Libero\\fpga_labor\\fpga_labor\\software\\mpfs-mac-mcc-stack\\src\\
 179              		.file 16 "C:\\Users\\zero6575\\Libero\\fpga_labor\\fpga_labor\\software\\mpfs-mac-mcc-stack\\src\\
DEFINED SYMBOLS
                            *ABS*:0000000000000000 s_lso.c
C:\Users\zero6575\AppData\Local\Temp\cceIeFKk.s:13     .text.Send_Life_Safety_Operation_Data:0000000000000000 Send_Life_Safety_Operation_Data
C:\Users\zero6575\AppData\Local\Temp\cceIeFKk.s:17     .text.Send_Life_Safety_Operation_Data:0000000000000000 .L0 
C:\Users\zero6575\AppData\Local\Temp\cceIeFKk.s:18     .text.Send_Life_Safety_Operation_Data:0000000000000000 .L0 
C:\Users\zero6575\AppData\Local\Temp\cceIeFKk.s:19     .text.Send_Life_Safety_Operation_Data:0000000000000002 .L0 
C:\Users\zero6575\AppData\Local\Temp\cceIeFKk.s:22     .text.Send_Life_Safety_Operation_Data:0000000000000006 .L0 
C:\Users\zero6575\AppData\Local\Temp\cceIeFKk.s:23     .text.Send_Life_Safety_Operation_Data:0000000000000006 .L0 
C:\Users\zero6575\AppData\Local\Temp\cceIeFKk.s:25     .text.Send_Life_Safety_Operation_Data:0000000000000008 .L0 
C:\Users\zero6575\AppData\Local\Temp\cceIeFKk.s:30     .text.Send_Life_Safety_Operation_Data:0000000000000012 .L0 
C:\Users\zero6575\AppData\Local\Temp\cceIeFKk.s:32     .text.Send_Life_Safety_Operation_Data:0000000000000016 .L0 
C:\Users\zero6575\AppData\Local\Temp\cceIeFKk.s:34     .text.Send_Life_Safety_Operation_Data:000000000000001a .L0 
C:\Users\zero6575\AppData\Local\Temp\cceIeFKk.s:36     .text.Send_Life_Safety_Operation_Data:000000000000001e .L0 
C:\Users\zero6575\AppData\Local\Temp\cceIeFKk.s:38     .text.Send_Life_Safety_Operation_Data:0000000000000022 .L0 
C:\Users\zero6575\AppData\Local\Temp\cceIeFKk.s:40     .text.Send_Life_Safety_Operation_Data:0000000000000026 .L0 
C:\Users\zero6575\AppData\Local\Temp\cceIeFKk.s:42     .text.Send_Life_Safety_Operation_Data:000000000000002a .L0 
C:\Users\zero6575\AppData\Local\Temp\cceIeFKk.s:45     .text.Send_Life_Safety_Operation_Data:0000000000000034 .L0 
C:\Users\zero6575\AppData\Local\Temp\cceIeFKk.s:48     .text.Send_Life_Safety_Operation_Data:000000000000003c .L0 
C:\Users\zero6575\AppData\Local\Temp\cceIeFKk.s:50     .text.Send_Life_Safety_Operation_Data:000000000000003e .L0 
C:\Users\zero6575\AppData\Local\Temp\cceIeFKk.s:54     .text.Send_Life_Safety_Operation_Data:0000000000000042 .L0 
C:\Users\zero6575\AppData\Local\Temp\cceIeFKk.s:64     .text.Send_Life_Safety_Operation_Data:0000000000000062 .L0 
C:\Users\zero6575\AppData\Local\Temp\cceIeFKk.s:68     .text.Send_Life_Safety_Operation_Data:000000000000006c .L0 
C:\Users\zero6575\AppData\Local\Temp\cceIeFKk.s:73     .text.Send_Life_Safety_Operation_Data:000000000000007a .L0 
C:\Users\zero6575\AppData\Local\Temp\cceIeFKk.s:77     .text.Send_Life_Safety_Operation_Data:0000000000000084 .L0 
C:\Users\zero6575\AppData\Local\Temp\cceIeFKk.s:81     .text.Send_Life_Safety_Operation_Data:0000000000000092 .L0 
C:\Users\zero6575\AppData\Local\Temp\cceIeFKk.s:87     .text.Send_Life_Safety_Operation_Data:00000000000000a4 .L0 
C:\Users\zero6575\AppData\Local\Temp\cceIeFKk.s:97     .text.Send_Life_Safety_Operation_Data:00000000000000ca .L0 
C:\Users\zero6575\AppData\Local\Temp\cceIeFKk.s:108    .text.Send_Life_Safety_Operation_Data:00000000000000f2 .L0 
C:\Users\zero6575\AppData\Local\Temp\cceIeFKk.s:113    .text.Send_Life_Safety_Operation_Data:0000000000000100 .L0 
C:\Users\zero6575\AppData\Local\Temp\cceIeFKk.s:115    .text.Send_Life_Safety_Operation_Data:0000000000000104 .L0 
C:\Users\zero6575\AppData\Local\Temp\cceIeFKk.s:117    .text.Send_Life_Safety_Operation_Data:0000000000000108 .L0 
C:\Users\zero6575\AppData\Local\Temp\cceIeFKk.s:119    .text.Send_Life_Safety_Operation_Data:000000000000010c .L0 
C:\Users\zero6575\AppData\Local\Temp\cceIeFKk.s:129    .text.Send_Life_Safety_Operation_Data:0000000000000134 .L0 
C:\Users\zero6575\AppData\Local\Temp\cceIeFKk.s:141    .text.Send_Life_Safety_Operation_Data:000000000000015c .L0 
C:\Users\zero6575\AppData\Local\Temp\cceIeFKk.s:145    .text.Send_Life_Safety_Operation_Data:000000000000016a .L0 
C:\Users\zero6575\AppData\Local\Temp\cceIeFKk.s:148    .text.Send_Life_Safety_Operation_Data:000000000000016e .L0 
C:\Users\zero6575\AppData\Local\Temp\cceIeFKk.s:151    .text.Send_Life_Safety_Operation_Data:0000000000000172 .L0 
C:\Users\zero6575\AppData\Local\Temp\cceIeFKk.s:153    .text.Send_Life_Safety_Operation_Data:0000000000000176 .L0 
C:\Users\zero6575\AppData\Local\Temp\cceIeFKk.s:155    .text.Send_Life_Safety_Operation_Data:0000000000000178 .L0 
C:\Users\zero6575\AppData\Local\Temp\cceIeFKk.s:156    .text.Send_Life_Safety_Operation_Data:0000000000000178 .L0 
C:\Users\zero6575\AppData\Local\Temp\cceIeFKk.s:158    .text.Send_Life_Safety_Operation_Data:000000000000017a .L0 
C:\Users\zero6575\AppData\Local\Temp\cceIeFKk.s:160    .text.Send_Life_Safety_Operation_Data:000000000000017c .L0 
C:\Users\zero6575\AppData\Local\Temp\cceIeFKk.s:163    .text.Send_Life_Safety_Operation_Data:000000000000017c .L0 
                     .debug_frame:0000000000000000 .L0 
C:\Users\zero6575\AppData\Local\Temp\cceIeFKk.s:92     .text.Send_Life_Safety_Operation_Data:00000000000000b4 .L0 
C:\Users\zero6575\AppData\Local\Temp\cceIeFKk.s:98     .text.Send_Life_Safety_Operation_Data:00000000000000ce .L0 
C:\Users\zero6575\AppData\Local\Temp\cceIeFKk.s:125    .text.Send_Life_Safety_Operation_Data:0000000000000122 .L0 
C:\Users\zero6575\AppData\Local\Temp\cceIeFKk.s:132    .text.Send_Life_Safety_Operation_Data:0000000000000140 .L0 
C:\Users\zero6575\AppData\Local\Temp\cceIeFKk.s:52     .text.Send_Life_Safety_Operation_Data:0000000000000042 .L2
C:\Users\zero6575\AppData\Local\Temp\cceIeFKk.s:149    .text.Send_Life_Safety_Operation_Data:0000000000000172 .L7
C:\Users\zero6575\AppData\Local\Temp\cceIeFKk.s:71     .text.Send_Life_Safety_Operation_Data:000000000000007a .L4
C:\Users\zero6575\AppData\Local\Temp\cceIeFKk.s:146    .text.Send_Life_Safety_Operation_Data:000000000000016e .L5
C:\Users\zero6575\AppData\Local\Temp\cceIeFKk.s:139    .text.Send_Life_Safety_Operation_Data:000000000000015c .L6
C:\Users\zero6575\AppData\Local\Temp\cceIeFKk.s:1987   .debug_abbrev:0000000000000000 .Ldebug_abbrev0
C:\Users\zero6575\AppData\Local\Temp\cceIeFKk.s:8273   .debug_str:00000000000037ba .LASF1448
C:\Users\zero6575\AppData\Local\Temp\cceIeFKk.s:7883   .debug_str:0000000000002280 .LASF1449
C:\Users\zero6575\AppData\Local\Temp\cceIeFKk.s:7933   .debug_str:00000000000024de .LASF1450
C:\Users\zero6575\AppData\Local\Temp\cceIeFKk.s:2524   .debug_ranges:0000000000000000 .Ldebug_ranges0
C:\Users\zero6575\AppData\Local\Temp\cceIeFKk.s:7219   .debug_line:0000000000000000 .Ldebug_line0
C:\Users\zero6575\AppData\Local\Temp\cceIeFKk.s:2530   .debug_macro:0000000000000000 .Ldebug_macro0
C:\Users\zero6575\AppData\Local\Temp\cceIeFKk.s:9015   .debug_str:0000000000005fbf .LASF1234
C:\Users\zero6575\AppData\Local\Temp\cceIeFKk.s:8275   .debug_str:0000000000003882 .LASF1239
C:\Users\zero6575\AppData\Local\Temp\cceIeFKk.s:9147   .debug_str:00000000000066d4 .LASF1235
C:\Users\zero6575\AppData\Local\Temp\cceIeFKk.s:9847   .debug_str:0000000000008986 .LASF1236
C:\Users\zero6575\AppData\Local\Temp\cceIeFKk.s:9121   .debug_str:000000000000654c .LASF1237
C:\Users\zero6575\AppData\Local\Temp\cceIeFKk.s:8805   .debug_str:00000000000054e8 .LASF1238
C:\Users\zero6575\AppData\Local\Temp\cceIeFKk.s:7283   .debug_str:00000000000002f1 .LASF1240
C:\Users\zero6575\AppData\Local\Temp\cceIeFKk.s:7583   .debug_str:000000000000115d .LASF1241
C:\Users\zero6575\AppData\Local\Temp\cceIeFKk.s:10063  .debug_str:00000000000094b6 .LASF1242
C:\Users\zero6575\AppData\Local\Temp\cceIeFKk.s:7847   .debug_str:00000000000020b6 .LASF1243
C:\Users\zero6575\AppData\Local\Temp\cceIeFKk.s:8801   .debug_str:00000000000054bf .LASF1244
C:\Users\zero6575\AppData\Local\Temp\cceIeFKk.s:9495   .debug_str:0000000000007787 .LASF1245
C:\Users\zero6575\AppData\Local\Temp\cceIeFKk.s:10029  .debug_str:000000000000929b .LASF1246
C:\Users\zero6575\AppData\Local\Temp\cceIeFKk.s:8289   .debug_str:00000000000038d6 .LASF1247
C:\Users\zero6575\AppData\Local\Temp\cceIeFKk.s:7389   .debug_str:000000000000073f .LASF1248
C:\Users\zero6575\AppData\Local\Temp\cceIeFKk.s:9097   .debug_str:0000000000006473 .LASF1249
C:\Users\zero6575\AppData\Local\Temp\cceIeFKk.s:8393   .debug_str:0000000000003dd3 .LASF1250
C:\Users\zero6575\AppData\Local\Temp\cceIeFKk.s:8257   .debug_str:00000000000036e4 .LASF1251
C:\Users\zero6575\AppData\Local\Temp\cceIeFKk.s:9425   .debug_str:00000000000074d9 .LASF1252
C:\Users\zero6575\AppData\Local\Temp\cceIeFKk.s:8681   .debug_str:0000000000004dc4 .LASF1253
C:\Users\zero6575\AppData\Local\Temp\cceIeFKk.s:8963   .debug_str:0000000000005d04 .LASF1254
C:\Users\zero6575\AppData\Local\Temp\cceIeFKk.s:8377   .debug_str:0000000000003d38 .LASF1255
C:\Users\zero6575\AppData\Local\Temp\cceIeFKk.s:8287   .debug_str:00000000000038ce .LASF1256
C:\Users\zero6575\AppData\Local\Temp\cceIeFKk.s:9511   .debug_str:000000000000781d .LASF1257
C:\Users\zero6575\AppData\Local\Temp\cceIeFKk.s:9463   .debug_str:0000000000007607 .LASF1258
C:\Users\zero6575\AppData\Local\Temp\cceIeFKk.s:8693   .debug_str:0000000000004e44 .LASF1259
C:\Users\zero6575\AppData\Local\Temp\cceIeFKk.s:8999   .debug_str:0000000000005eba .LASF1260
C:\Users\zero6575\AppData\Local\Temp\cceIeFKk.s:9789   .debug_str:000000000000865c .LASF1261
C:\Users\zero6575\AppData\Local\Temp\cceIeFKk.s:9253   .debug_str:0000000000006c59 .LASF1266
C:\Users\zero6575\AppData\Local\Temp\cceIeFKk.s:8493   .debug_str:00000000000043af .LASF1262
C:\Users\zero6575\AppData\Local\Temp\cceIeFKk.s:9103   .debug_str:0000000000006491 .LASF1263
C:\Users\zero6575\AppData\Local\Temp\cceIeFKk.s:9993   .debug_str:000000000000910f .LASF1264
C:\Users\zero6575\AppData\Local\Temp\cceIeFKk.s:7959   .debug_str:0000000000002777 .LASF1265
C:\Users\zero6575\AppData\Local\Temp\cceIeFKk.s:7793   .debug_str:0000000000001e05 .LASF1267
C:\Users\zero6575\AppData\Local\Temp\cceIeFKk.s:8589   .debug_str:000000000000487a .LASF1268
C:\Users\zero6575\AppData\Local\Temp\cceIeFKk.s:9997   .debug_str:0000000000009124 .LASF1269
C:\Users\zero6575\AppData\Local\Temp\cceIeFKk.s:8383   .debug_str:0000000000003d62 .LASF1270
C:\Users\zero6575\AppData\Local\Temp\cceIeFKk.s:8429   .debug_str:0000000000003f7c .LASF1271
C:\Users\zero6575\AppData\Local\Temp\cceIeFKk.s:7353   .debug_str:000000000000062e .LASF1272
C:\Users\zero6575\AppData\Local\Temp\cceIeFKk.s:8085   .debug_str:0000000000002e34 .LASF1273
C:\Users\zero6575\AppData\Local\Temp\cceIeFKk.s:7923   .debug_str:000000000000246c .LASF1274
C:\Users\zero6575\AppData\Local\Temp\cceIeFKk.s:7813   .debug_str:0000000000001f04 .LASF1275
C:\Users\zero6575\AppData\Local\Temp\cceIeFKk.s:7925   .debug_str:0000000000002476 .LASF1276
C:\Users\zero6575\AppData\Local\Temp\cceIeFKk.s:8597   .debug_str:00000000000048fe .LASF1277
C:\Users\zero6575\AppData\Local\Temp\cceIeFKk.s:8447   .debug_str:0000000000004074 .LASF1278
C:\Users\zero6575\AppData\Local\Temp\cceIeFKk.s:7907   .debug_str:000000000000238d .LASF1279
C:\Users\zero6575\AppData\Local\Temp\cceIeFKk.s:7357   .debug_str:0000000000000648 .LASF1280
C:\Users\zero6575\AppData\Local\Temp\cceIeFKk.s:9517   .debug_str:000000000000786b .LASF1281
C:\Users\zero6575\AppData\Local\Temp\cceIeFKk.s:7311   .debug_str:000000000000045c .LASF1282
C:\Users\zero6575\AppData\Local\Temp\cceIeFKk.s:7371   .debug_str:000000000000069f .LASF1283
C:\Users\zero6575\AppData\Local\Temp\cceIeFKk.s:9451   .debug_str:000000000000759c .LASF1284
C:\Users\zero6575\AppData\Local\Temp\cceIeFKk.s:7221   .debug_str:0000000000000000 .LASF1285
C:\Users\zero6575\AppData\Local\Temp\cceIeFKk.s:8905   .debug_str:000000000000598c .LASF1286
C:\Users\zero6575\AppData\Local\Temp\cceIeFKk.s:7749   .debug_str:0000000000001bbd .LASF1287
C:\Users\zero6575\AppData\Local\Temp\cceIeFKk.s:7999   .debug_str:0000000000002957 .LASF1288
C:\Users\zero6575\AppData\Local\Temp\cceIeFKk.s:7565   .debug_str:000000000000106b .LASF1289
C:\Users\zero6575\AppData\Local\Temp\cceIeFKk.s:7409   .debug_str:0000000000000870 .LASF1290
C:\Users\zero6575\AppData\Local\Temp\cceIeFKk.s:9427   .debug_str:00000000000074e1 .LASF1291
C:\Users\zero6575\AppData\Local\Temp\cceIeFKk.s:7623   .debug_str:0000000000001397 .LASF1292
C:\Users\zero6575\AppData\Local\Temp\cceIeFKk.s:7667   .debug_str:0000000000001814 .LASF1293
C:\Users\zero6575\AppData\Local\Temp\cceIeFKk.s:7715   .debug_str:0000000000001a1b .LASF1294
C:\Users\zero6575\AppData\Local\Temp\cceIeFKk.s:8415   .debug_str:0000000000003f11 .LASF1295
C:\Users\zero6575\AppData\Local\Temp\cceIeFKk.s:8167   .debug_str:0000000000003251 .LASF1296
C:\Users\zero6575\AppData\Local\Temp\cceIeFKk.s:7935   .debug_str:0000000000002540 .LASF1297
C:\Users\zero6575\AppData\Local\Temp\cceIeFKk.s:7901   .debug_str:000000000000235f .LASF1298
C:\Users\zero6575\AppData\Local\Temp\cceIeFKk.s:7369   .debug_str:000000000000069a .LASF1299
C:\Users\zero6575\AppData\Local\Temp\cceIeFKk.s:9071   .debug_str:00000000000062de .LASF1300
C:\Users\zero6575\AppData\Local\Temp\cceIeFKk.s:9759   .debug_str:00000000000084ce .LASF1301
C:\Users\zero6575\AppData\Local\Temp\cceIeFKk.s:9735   .debug_str:000000000000835e .LASF1302
C:\Users\zero6575\AppData\Local\Temp\cceIeFKk.s:9877   .debug_str:0000000000008b04 .LASF1303
C:\Users\zero6575\AppData\Local\Temp\cceIeFKk.s:9399   .debug_str:000000000000739d .LASF1304
C:\Users\zero6575\AppData\Local\Temp\cceIeFKk.s:9671   .debug_str:000000000000806c .LASF1305
C:\Users\zero6575\AppData\Local\Temp\cceIeFKk.s:7435   .debug_str:0000000000000a08 .LASF1306
C:\Users\zero6575\AppData\Local\Temp\cceIeFKk.s:8325   .debug_str:0000000000003ae6 .LASF1307
C:\Users\zero6575\AppData\Local\Temp\cceIeFKk.s:10031  .debug_str:00000000000092a8 .LASF1308
C:\Users\zero6575\AppData\Local\Temp\cceIeFKk.s:8277   .debug_str:0000000000003889 .LASF1309
C:\Users\zero6575\AppData\Local\Temp\cceIeFKk.s:8955   .debug_str:0000000000005cc4 .LASF1310
C:\Users\zero6575\AppData\Local\Temp\cceIeFKk.s:7443   .debug_str:0000000000000a41 .LASF1311
C:\Users\zero6575\AppData\Local\Temp\cceIeFKk.s:9389   .debug_str:0000000000007342 .LASF1312
C:\Users\zero6575\AppData\Local\Temp\cceIeFKk.s:7739   .debug_str:0000000000001b43 .LASF1313
C:\Users\zero6575\AppData\Local\Temp\cceIeFKk.s:7963   .debug_str:0000000000002786 .LASF1314
C:\Users\zero6575\AppData\Local\Temp\cceIeFKk.s:8501   .debug_str:000000000000440b .LASF1315
C:\Users\zero6575\AppData\Local\Temp\cceIeFKk.s:9445   .debug_str:0000000000007582 .LASF1316
C:\Users\zero6575\AppData\Local\Temp\cceIeFKk.s:8511   .debug_str:000000000000444a .LASF1317
C:\Users\zero6575\AppData\Local\Temp\cceIeFKk.s:10077  .debug_str:000000000000953f .LASF1318
C:\Users\zero6575\AppData\Local\Temp\cceIeFKk.s:8021   .debug_str:0000000000002acc .LASF1319
C:\Users\zero6575\AppData\Local\Temp\cceIeFKk.s:8777   .debug_str:000000000000530b .LASF1320
C:\Users\zero6575\AppData\Local\Temp\cceIeFKk.s:9197   .debug_str:00000000000069ad .LASF1321
C:\Users\zero6575\AppData\Local\Temp\cceIeFKk.s:9381   .debug_str:00000000000072f0 .LASF1322
C:\Users\zero6575\AppData\Local\Temp\cceIeFKk.s:7485   .debug_str:0000000000000c35 .LASF1323
C:\Users\zero6575\AppData\Local\Temp\cceIeFKk.s:9375   .debug_str:00000000000072b8 .LASF1324
C:\Users\zero6575\AppData\Local\Temp\cceIeFKk.s:8875   .debug_str:00000000000057de .LASF1325
C:\Users\zero6575\AppData\Local\Temp\cceIeFKk.s:7483   .debug_str:0000000000000c2f .LASF1326
C:\Users\zero6575\AppData\Local\Temp\cceIeFKk.s:7307   .debug_str:0000000000000445 .LASF1327
C:\Users\zero6575\AppData\Local\Temp\cceIeFKk.s:9857   .debug_str:0000000000008a20 .LASF1328
C:\Users\zero6575\AppData\Local\Temp\cceIeFKk.s:9199   .debug_str:00000000000069b4 .LASF439
C:\Users\zero6575\AppData\Local\Temp\cceIeFKk.s:9983   .debug_str:00000000000090c3 .LASF1329
C:\Users\zero6575\AppData\Local\Temp\cceIeFKk.s:9203   .debug_str:00000000000069c1 .LASF1330
C:\Users\zero6575\AppData\Local\Temp\cceIeFKk.s:8407   .debug_str:0000000000003eb3 .LASF1331
C:\Users\zero6575\AppData\Local\Temp\cceIeFKk.s:9069   .debug_str:00000000000062d8 .LASF1332
C:\Users\zero6575\AppData\Local\Temp\cceIeFKk.s:10091  .debug_str:00000000000095d5 .LASF1333
C:\Users\zero6575\AppData\Local\Temp\cceIeFKk.s:8775   .debug_str:0000000000005305 .LASF1334
C:\Users\zero6575\AppData\Local\Temp\cceIeFKk.s:8107   .debug_str:0000000000002fef .LASF1335
C:\Users\zero6575\AppData\Local\Temp\cceIeFKk.s:7563   .debug_str:0000000000001066 .LASF1336
C:\Users\zero6575\AppData\Local\Temp\cceIeFKk.s:9083   .debug_str:0000000000006342 .LASF1337
C:\Users\zero6575\AppData\Local\Temp\cceIeFKk.s:9643   .debug_str:0000000000007f15 .LASF1338
C:\Users\zero6575\AppData\Local\Temp\cceIeFKk.s:9527   .debug_str:00000000000078be .LASF1339
C:\Users\zero6575\AppData\Local\Temp\cceIeFKk.s:7903   .debug_str:0000000000002367 .LASF1340
C:\Users\zero6575\AppData\Local\Temp\cceIeFKk.s:7897   .debug_str:0000000000002344 .LASF1341
C:\Users\zero6575\AppData\Local\Temp\cceIeFKk.s:9539   .debug_str:0000000000007945 .LASF1342
C:\Users\zero6575\AppData\Local\Temp\cceIeFKk.s:8851   .debug_str:00000000000056e5 .LASF1343
C:\Users\zero6575\AppData\Local\Temp\cceIeFKk.s:9257   .debug_str:0000000000006c89 .LASF1344
C:\Users\zero6575\AppData\Local\Temp\cceIeFKk.s:8737   .debug_str:00000000000050e0 .LASF1345
C:\Users\zero6575\AppData\Local\Temp\cceIeFKk.s:9387   .debug_str:0000000000007335 .LASF1346
C:\Users\zero6575\AppData\Local\Temp\cceIeFKk.s:9029   .debug_str:0000000000006043 .LASF1347
C:\Users\zero6575\AppData\Local\Temp\cceIeFKk.s:7761   .debug_str:0000000000001c4e .LASF1348
C:\Users\zero6575\AppData\Local\Temp\cceIeFKk.s:8915   .debug_str:00000000000059d5 .LASF1349
C:\Users\zero6575\AppData\Local\Temp\cceIeFKk.s:9311   .debug_str:0000000000006f21 .LASF1350
C:\Users\zero6575\AppData\Local\Temp\cceIeFKk.s:8129   .debug_str:00000000000030a3 .LASF1351
C:\Users\zero6575\AppData\Local\Temp\cceIeFKk.s:8379   .debug_str:0000000000003d3f .LASF1352
C:\Users\zero6575\AppData\Local\Temp\cceIeFKk.s:7955   .debug_str:0000000000002750 .LASF1353
C:\Users\zero6575\AppData\Local\Temp\cceIeFKk.s:8627   .debug_str:0000000000004a7e .LASF1354
C:\Users\zero6575\AppData\Local\Temp\cceIeFKk.s:8977   .debug_str:0000000000005dd0 .LASF1355
C:\Users\zero6575\AppData\Local\Temp\cceIeFKk.s:9391   .debug_str:000000000000734a .LASF1451
C:\Users\zero6575\AppData\Local\Temp\cceIeFKk.s:7983   .debug_str:0000000000002897 .LASF1356
C:\Users\zero6575\AppData\Local\Temp\cceIeFKk.s:9797   .debug_str:0000000000008695 .LASF1357
C:\Users\zero6575\AppData\Local\Temp\cceIeFKk.s:9737   .debug_str:0000000000008377 .LASF1358
C:\Users\zero6575\AppData\Local\Temp\cceIeFKk.s:9371   .debug_str:000000000000729e .LASF1359
C:\Users\zero6575\AppData\Local\Temp\cceIeFKk.s:9729   .debug_str:000000000000831b .LASF1360
C:\Users\zero6575\AppData\Local\Temp\cceIeFKk.s:7363   .debug_str:0000000000000675 .LASF1361
C:\Users\zero6575\AppData\Local\Temp\cceIeFKk.s:7233   .debug_str:000000000000008b .LASF1362
C:\Users\zero6575\AppData\Local\Temp\cceIeFKk.s:9777   .debug_str:00000000000085ae .LASF1363
C:\Users\zero6575\AppData\Local\Temp\cceIeFKk.s:7783   .debug_str:0000000000001d8b .LASF1364
C:\Users\zero6575\AppData\Local\Temp\cceIeFKk.s:9981   .debug_str:00000000000090ac .LASF1365
C:\Users\zero6575\AppData\Local\Temp\cceIeFKk.s:9269   .debug_str:0000000000006cfc .LASF1366
C:\Users\zero6575\AppData\Local\Temp\cceIeFKk.s:8559   .debug_str:00000000000046b7 .LASF1367
C:\Users\zero6575\AppData\Local\Temp\cceIeFKk.s:9991   .debug_str:00000000000090fa .LASF1368
C:\Users\zero6575\AppData\Local\Temp\cceIeFKk.s:8229   .debug_str:00000000000035ae .LASF1369
C:\Users\zero6575\AppData\Local\Temp\cceIeFKk.s:8517   .debug_str:0000000000004476 .LASF1370
C:\Users\zero6575\AppData\Local\Temp\cceIeFKk.s:9441   .debug_str:0000000000007561 .LASF1371
C:\Users\zero6575\AppData\Local\Temp\cceIeFKk.s:7333   .debug_str:000000000000057a .LASF1372
C:\Users\zero6575\AppData\Local\Temp\cceIeFKk.s:7527   .debug_str:0000000000000e5d .LASF1373
C:\Users\zero6575\AppData\Local\Temp\cceIeFKk.s:10107  .debug_str:0000000000009666 .LASF1374
C:\Users\zero6575\AppData\Local\Temp\cceIeFKk.s:9715   .debug_str:000000000000826d .LASF1375
C:\Users\zero6575\AppData\Local\Temp\cceIeFKk.s:10065  .debug_str:00000000000094c0 .LASF1376
C:\Users\zero6575\AppData\Local\Temp\cceIeFKk.s:8869   .debug_str:00000000000057a2 .LASF1377
C:\Users\zero6575\AppData\Local\Temp\cceIeFKk.s:8443   .debug_str:0000000000004044 .LASF1378
C:\Users\zero6575\AppData\Local\Temp\cceIeFKk.s:8079   .debug_str:0000000000002dcf .LASF1379
C:\Users\zero6575\AppData\Local\Temp\cceIeFKk.s:10093  .debug_str:00000000000095dd .LASF1380
C:\Users\zero6575\AppData\Local\Temp\cceIeFKk.s:9313   .debug_str:0000000000006f2e .LASF1381
C:\Users\zero6575\AppData\Local\Temp\cceIeFKk.s:8149   .debug_str:0000000000003198 .LASF1382
C:\Users\zero6575\AppData\Local\Temp\cceIeFKk.s:7811   .debug_str:0000000000001edd .LASF1383
C:\Users\zero6575\AppData\Local\Temp\cceIeFKk.s:7727   .debug_str:0000000000001ace .LASF1384
C:\Users\zero6575\AppData\Local\Temp\cceIeFKk.s:9665   .debug_str:0000000000008026 .LASF1385
C:\Users\zero6575\AppData\Local\Temp\cceIeFKk.s:7515   .debug_str:0000000000000ddc .LASF1386
C:\Users\zero6575\AppData\Local\Temp\cceIeFKk.s:9859   .debug_str:0000000000008a28 .LASF1387
C:\Users\zero6575\AppData\Local\Temp\cceIeFKk.s:8221   .debug_str:0000000000003542 .LASF1388
C:\Users\zero6575\AppData\Local\Temp\cceIeFKk.s:7543   .debug_str:0000000000000f17 .LASF1389
C:\Users\zero6575\AppData\Local\Temp\cceIeFKk.s:9647   .debug_str:0000000000007f3f .LASF1390
C:\Users\zero6575\AppData\Local\Temp\cceIeFKk.s:7911   .debug_str:00000000000023bd .LASF1391
C:\Users\zero6575\AppData\Local\Temp\cceIeFKk.s:9811   .debug_str:0000000000008755 .LASF1392
C:\Users\zero6575\AppData\Local\Temp\cceIeFKk.s:9385   .debug_str:0000000000007314 .LASF1393
C:\Users\zero6575\AppData\Local\Temp\cceIeFKk.s:8355   .debug_str:0000000000003c4c .LASF1394
C:\Users\zero6575\AppData\Local\Temp\cceIeFKk.s:9075   .debug_str:00000000000062f6 .LASF1395
C:\Users\zero6575\AppData\Local\Temp\cceIeFKk.s:8005   .debug_str:00000000000029ab .LASF1396
C:\Users\zero6575\AppData\Local\Temp\cceIeFKk.s:8917   .debug_str:00000000000059df .LASF1397
C:\Users\zero6575\AppData\Local\Temp\cceIeFKk.s:8641   .debug_str:0000000000004b0a .LASF1398
C:\Users\zero6575\AppData\Local\Temp\cceIeFKk.s:9941   .debug_str:0000000000008f02 .LASF1399
C:\Users\zero6575\AppData\Local\Temp\cceIeFKk.s:9247   .debug_str:0000000000006c15 .LASF1400
C:\Users\zero6575\AppData\Local\Temp\cceIeFKk.s:8295   .debug_str:000000000000390b .LASF1401
C:\Users\zero6575\AppData\Local\Temp\cceIeFKk.s:8731   .debug_str:0000000000005097 .LASF1402
C:\Users\zero6575\AppData\Local\Temp\cceIeFKk.s:9295   .debug_str:0000000000006e5c .LASF1403
C:\Users\zero6575\AppData\Local\Temp\cceIeFKk.s:8301   .debug_str:0000000000003949 .LASF1404
C:\Users\zero6575\AppData\Local\Temp\cceIeFKk.s:7235   .debug_str:0000000000000098 .LASF1405
C:\Users\zero6575\AppData\Local\Temp\cceIeFKk.s:8307   .debug_str:00000000000039c4 .LASF1406
C:\Users\zero6575\AppData\Local\Temp\cceIeFKk.s:8261   .debug_str:0000000000003707 .LASF1407
C:\Users\zero6575\AppData\Local\Temp\cceIeFKk.s:7825   .debug_str:0000000000001fb3 .LASF1408
C:\Users\zero6575\AppData\Local\Temp\cceIeFKk.s:8449   .debug_str:000000000000407c .LASF1409
C:\Users\zero6575\AppData\Local\Temp\cceIeFKk.s:7539   .debug_str:0000000000000eee .LASF1410
C:\Users\zero6575\AppData\Local\Temp\cceIeFKk.s:9767   .debug_str:0000000000008528 .LASF1411
C:\Users\zero6575\AppData\Local\Temp\cceIeFKk.s:8843   .debug_str:00000000000056a1 .LASF1412
C:\Users\zero6575\AppData\Local\Temp\cceIeFKk.s:7869   .debug_str:00000000000021b8 .LASF1413
C:\Users\zero6575\AppData\Local\Temp\cceIeFKk.s:7609   .debug_str:00000000000012da .LASF1414
C:\Users\zero6575\AppData\Local\Temp\cceIeFKk.s:7599   .debug_str:000000000000124b .LASF1415
C:\Users\zero6575\AppData\Local\Temp\cceIeFKk.s:10115  .debug_str:00000000000096bb .LASF1416
C:\Users\zero6575\AppData\Local\Temp\cceIeFKk.s:9119   .debug_str:0000000000006542 .LASF1417
C:\Users\zero6575\AppData\Local\Temp\cceIeFKk.s:9865   .debug_str:0000000000008a6a .LASF1418
C:\Users\zero6575\AppData\Local\Temp\cceIeFKk.s:7293   .debug_str:000000000000038a .LASF1419
C:\Users\zero6575\AppData\Local\Temp\cceIeFKk.s:9723   .debug_str:00000000000082e7 .LASF1420
C:\Users\zero6575\AppData\Local\Temp\cceIeFKk.s:7961   .debug_str:000000000000277c .LASF1421
C:\Users\zero6575\AppData\Local\Temp\cceIeFKk.s:9633   .debug_str:0000000000007ea8 .LASF1422
C:\Users\zero6575\AppData\Local\Temp\cceIeFKk.s:7697   .debug_str:000000000000192d .LASF1423
C:\Users\zero6575\AppData\Local\Temp\cceIeFKk.s:8519   .debug_str:0000000000004491 .LASF1424
C:\Users\zero6575\AppData\Local\Temp\cceIeFKk.s:7415   .debug_str:00000000000008d8 .LASF1425
C:\Users\zero6575\AppData\Local\Temp\cceIeFKk.s:9437   .debug_str:000000000000753c .LASF1426
C:\Users\zero6575\AppData\Local\Temp\cceIeFKk.s:7417   .debug_str:00000000000008f0 .LASF1427
C:\Users\zero6575\AppData\Local\Temp\cceIeFKk.s:8715   .debug_str:0000000000004f76 .LASF1428
C:\Users\zero6575\AppData\Local\Temp\cceIeFKk.s:8481   .debug_str:000000000000433a .LASF1429
C:\Users\zero6575\AppData\Local\Temp\cceIeFKk.s:10101  .debug_str:0000000000009628 .LASF1430
C:\Users\zero6575\AppData\Local\Temp\cceIeFKk.s:7965   .debug_str:000000000000278c .LASF1431
C:\Users\zero6575\AppData\Local\Temp\cceIeFKk.s:9449   .debug_str:0000000000007595 .LASF1432
C:\Users\zero6575\AppData\Local\Temp\cceIeFKk.s:8279   .debug_str:0000000000003898 .LASF1433
C:\Users\zero6575\AppData\Local\Temp\cceIeFKk.s:8183   .debug_str:000000000000335a .LASF1434
C:\Users\zero6575\AppData\Local\Temp\cceIeFKk.s:8959   .debug_str:0000000000005cdc .LASF1435
C:\Users\zero6575\AppData\Local\Temp\cceIeFKk.s:9961   .debug_str:0000000000008fe7 .LASF1436
C:\Users\zero6575\AppData\Local\Temp\cceIeFKk.s:9801   .debug_str:00000000000086ba .LASF1437
C:\Users\zero6575\AppData\Local\Temp\cceIeFKk.s:9401   .debug_str:00000000000073a7 .LASF1452
C:\Users\zero6575\AppData\Local\Temp\cceIeFKk.s:14     .text.Send_Life_Safety_Operation_Data:0000000000000000 .LFB4
C:\Users\zero6575\AppData\Local\Temp\cceIeFKk.s:161    .text.Send_Life_Safety_Operation_Data:000000000000017c .LFE4
C:\Users\zero6575\AppData\Local\Temp\cceIeFKk.s:7683   .debug_str:00000000000018b7 .LASF1438
C:\Users\zero6575\AppData\Local\Temp\cceIeFKk.s:9503   .debug_str:00000000000077da .LASF1439
C:\Users\zero6575\AppData\Local\Temp\cceIeFKk.s:7719   .debug_str:0000000000001a7a .LASF1440
C:\Users\zero6575\AppData\Local\Temp\cceIeFKk.s:9841   .debug_str:0000000000008947 .LASF1441
C:\Users\zero6575\AppData\Local\Temp\cceIeFKk.s:9363   .debug_str:0000000000007229 .LASF1442
C:\Users\zero6575\AppData\Local\Temp\cceIeFKk.s:7275   .debug_str:000000000000029c .LASF1443
C:\Users\zero6575\AppData\Local\Temp\cceIeFKk.s:8837   .debug_str:0000000000005644 .LASF1444
C:\Users\zero6575\AppData\Local\Temp\cceIeFKk.s:9201   .debug_str:00000000000069b9 .LASF1445
C:\Users\zero6575\AppData\Local\Temp\cceIeFKk.s:8297   .debug_str:000000000000392d .LASF1446
C:\Users\zero6575\AppData\Local\Temp\cceIeFKk.s:9353   .debug_str:00000000000071aa .LASF1447
C:\Users\zero6575\AppData\Local\Temp\cceIeFKk.s:181    .debug_info:0000000000000000 .Ldebug_info0
C:\Users\zero6575\AppData\Local\Temp\cceIeFKk.s:3347   .debug_macro:0000000000000000 .Ldebug_macro2
C:\Users\zero6575\AppData\Local\Temp\cceIeFKk.s:4378   .debug_macro:0000000000000000 .Ldebug_macro3
C:\Users\zero6575\AppData\Local\Temp\cceIeFKk.s:9447   .debug_str:000000000000758a .LASF395
C:\Users\zero6575\AppData\Local\Temp\cceIeFKk.s:9317   .debug_str:0000000000006f5e .LASF396
C:\Users\zero6575\AppData\Local\Temp\cceIeFKk.s:9513   .debug_str:0000000000007825 .LASF397
C:\Users\zero6575\AppData\Local\Temp\cceIeFKk.s:4542   .debug_macro:0000000000000000 .Ldebug_macro4
C:\Users\zero6575\AppData\Local\Temp\cceIeFKk.s:4562   .debug_macro:0000000000000000 .Ldebug_macro5
C:\Users\zero6575\AppData\Local\Temp\cceIeFKk.s:4627   .debug_macro:0000000000000000 .Ldebug_macro6
C:\Users\zero6575\AppData\Local\Temp\cceIeFKk.s:4668   .debug_macro:0000000000000000 .Ldebug_macro7
C:\Users\zero6575\AppData\Local\Temp\cceIeFKk.s:4790   .debug_macro:0000000000000000 .Ldebug_macro8
C:\Users\zero6575\AppData\Local\Temp\cceIeFKk.s:4846   .debug_macro:0000000000000000 .Ldebug_macro9
C:\Users\zero6575\AppData\Local\Temp\cceIeFKk.s:8403   .debug_str:0000000000003e95 .LASF551
C:\Users\zero6575\AppData\Local\Temp\cceIeFKk.s:5058   .debug_macro:0000000000000000 .Ldebug_macro10
C:\Users\zero6575\AppData\Local\Temp\cceIeFKk.s:8919   .debug_str:0000000000005a07 .LASF554
C:\Users\zero6575\AppData\Local\Temp\cceIeFKk.s:7945   .debug_str:00000000000026e8 .LASF555
C:\Users\zero6575\AppData\Local\Temp\cceIeFKk.s:7643   .debug_str:0000000000001715 .LASF556
C:\Users\zero6575\AppData\Local\Temp\cceIeFKk.s:5069   .debug_macro:0000000000000000 .Ldebug_macro11
C:\Users\zero6575\AppData\Local\Temp\cceIeFKk.s:9017   .debug_str:0000000000005fc8 .LASF567
C:\Users\zero6575\AppData\Local\Temp\cceIeFKk.s:5104   .debug_macro:0000000000000000 .Ldebug_macro12
C:\Users\zero6575\AppData\Local\Temp\cceIeFKk.s:5118   .debug_macro:0000000000000000 .Ldebug_macro13
C:\Users\zero6575\AppData\Local\Temp\cceIeFKk.s:5147   .debug_macro:0000000000000000 .Ldebug_macro14
C:\Users\zero6575\AppData\Local\Temp\cceIeFKk.s:5176   .debug_macro:0000000000000000 .Ldebug_macro15
C:\Users\zero6575\AppData\Local\Temp\cceIeFKk.s:5190   .debug_macro:0000000000000000 .Ldebug_macro16
C:\Users\zero6575\AppData\Local\Temp\cceIeFKk.s:9837   .debug_str:0000000000008920 .LASF592
C:\Users\zero6575\AppData\Local\Temp\cceIeFKk.s:5222   .debug_macro:0000000000000000 .Ldebug_macro17
C:\Users\zero6575\AppData\Local\Temp\cceIeFKk.s:5248   .debug_macro:0000000000000000 .Ldebug_macro18
C:\Users\zero6575\AppData\Local\Temp\cceIeFKk.s:5259   .debug_macro:0000000000000000 .Ldebug_macro19
C:\Users\zero6575\AppData\Local\Temp\cceIeFKk.s:5303   .debug_macro:0000000000000000 .Ldebug_macro20
C:\Users\zero6575\AppData\Local\Temp\cceIeFKk.s:5482   .debug_macro:0000000000000000 .Ldebug_macro21
C:\Users\zero6575\AppData\Local\Temp\cceIeFKk.s:8855   .debug_str:0000000000005721 .LASF760
C:\Users\zero6575\AppData\Local\Temp\cceIeFKk.s:9335   .debug_str:00000000000070f0 .LASF761
C:\Users\zero6575\AppData\Local\Temp\cceIeFKk.s:5751   .debug_macro:0000000000000000 .Ldebug_macro22
C:\Users\zero6575\AppData\Local\Temp\cceIeFKk.s:6119   .debug_macro:0000000000000000 .Ldebug_macro23
C:\Users\zero6575\AppData\Local\Temp\cceIeFKk.s:6130   .debug_macro:0000000000000000 .Ldebug_macro24
C:\Users\zero6575\AppData\Local\Temp\cceIeFKk.s:8293   .debug_str:00000000000038fb .LASF884
C:\Users\zero6575\AppData\Local\Temp\cceIeFKk.s:8175   .debug_str:00000000000032bb .LASF885
C:\Users\zero6575\AppData\Local\Temp\cceIeFKk.s:7985   .debug_str:00000000000028a7 .LASF886
C:\Users\zero6575\AppData\Local\Temp\cceIeFKk.s:6156   .debug_macro:0000000000000000 .Ldebug_macro25
C:\Users\zero6575\AppData\Local\Temp\cceIeFKk.s:7773   .debug_str:0000000000001cea .LASF928
C:\Users\zero6575\AppData\Local\Temp\cceIeFKk.s:7691   .debug_str:0000000000001911 .LASF929
C:\Users\zero6575\AppData\Local\Temp\cceIeFKk.s:10135  .debug_str:00000000000097a8 .LASF930
C:\Users\zero6575\AppData\Local\Temp\cceIeFKk.s:9985   .debug_str:00000000000090ca .LASF931
C:\Users\zero6575\AppData\Local\Temp\cceIeFKk.s:6284   .debug_macro:0000000000000000 .Ldebug_macro26
C:\Users\zero6575\AppData\Local\Temp\cceIeFKk.s:7947   .debug_str:00000000000026f7 .LASF956
C:\Users\zero6575\AppData\Local\Temp\cceIeFKk.s:6361   .debug_macro:0000000000000000 .Ldebug_macro27
C:\Users\zero6575\AppData\Local\Temp\cceIeFKk.s:6381   .debug_macro:0000000000000000 .Ldebug_macro28
C:\Users\zero6575\AppData\Local\Temp\cceIeFKk.s:6395   .debug_macro:0000000000000000 .Ldebug_macro29
C:\Users\zero6575\AppData\Local\Temp\cceIeFKk.s:9911   .debug_str:0000000000008cb1 .LASF968
C:\Users\zero6575\AppData\Local\Temp\cceIeFKk.s:6409   .debug_macro:0000000000000000 .Ldebug_macro30
C:\Users\zero6575\AppData\Local\Temp\cceIeFKk.s:6423   .debug_macro:0000000000000000 .Ldebug_macro31
C:\Users\zero6575\AppData\Local\Temp\cceIeFKk.s:6434   .debug_macro:0000000000000000 .Ldebug_macro32
C:\Users\zero6575\AppData\Local\Temp\cceIeFKk.s:6445   .debug_macro:0000000000000000 .Ldebug_macro33
C:\Users\zero6575\AppData\Local\Temp\cceIeFKk.s:9195   .debug_str:0000000000006997 .LASF976
C:\Users\zero6575\AppData\Local\Temp\cceIeFKk.s:6456   .debug_macro:0000000000000000 .Ldebug_macro34
C:\Users\zero6575\AppData\Local\Temp\cceIeFKk.s:6473   .debug_macro:0000000000000000 .Ldebug_macro35
C:\Users\zero6575\AppData\Local\Temp\cceIeFKk.s:9465   .debug_str:0000000000007612 .LASF994
C:\Users\zero6575\AppData\Local\Temp\cceIeFKk.s:9905   .debug_str:0000000000008c6b .LASF995
C:\Users\zero6575\AppData\Local\Temp\cceIeFKk.s:6517   .debug_macro:0000000000000000 .Ldebug_macro36
C:\Users\zero6575\AppData\Local\Temp\cceIeFKk.s:8785   .debug_str:000000000000534d .LASF1006
C:\Users\zero6575\AppData\Local\Temp\cceIeFKk.s:8351   .debug_str:0000000000003c25 .LASF1007
C:\Users\zero6575\AppData\Local\Temp\cceIeFKk.s:6552   .debug_macro:0000000000000000 .Ldebug_macro37
C:\Users\zero6575\AppData\Local\Temp\cceIeFKk.s:6563   .debug_macro:0000000000000000 .Ldebug_macro38
C:\Users\zero6575\AppData\Local\Temp\cceIeFKk.s:6598   .debug_macro:0000000000000000 .Ldebug_macro39
C:\Users\zero6575\AppData\Local\Temp\cceIeFKk.s:7579   .debug_str:0000000000001129 .LASF1052
C:\Users\zero6575\AppData\Local\Temp\cceIeFKk.s:6699   .debug_macro:0000000000000000 .Ldebug_macro40
C:\Users\zero6575\AppData\Local\Temp\cceIeFKk.s:6716   .debug_macro:0000000000000000 .Ldebug_macro41
C:\Users\zero6575\AppData\Local\Temp\cceIeFKk.s:8039   .debug_str:0000000000002bbf .LASF1066
C:\Users\zero6575\AppData\Local\Temp\cceIeFKk.s:6748   .debug_macro:0000000000000000 .Ldebug_macro42
C:\Users\zero6575\AppData\Local\Temp\cceIeFKk.s:6774   .debug_macro:0000000000000000 .Ldebug_macro43
C:\Users\zero6575\AppData\Local\Temp\cceIeFKk.s:10099  .debug_str:000000000000961c .LASF1080
C:\Users\zero6575\AppData\Local\Temp\cceIeFKk.s:9885   .debug_str:0000000000008b8c .LASF1081
C:\Users\zero6575\AppData\Local\Temp\cceIeFKk.s:9133   .debug_str:00000000000065b1 .LASF1082
C:\Users\zero6575\AppData\Local\Temp\cceIeFKk.s:8897   .debug_str:0000000000005950 .LASF1083
C:\Users\zero6575\AppData\Local\Temp\cceIeFKk.s:9455   .debug_str:00000000000075b9 .LASF1084
C:\Users\zero6575\AppData\Local\Temp\cceIeFKk.s:6797   .debug_macro:0000000000000000 .Ldebug_macro44
C:\Users\zero6575\AppData\Local\Temp\cceIeFKk.s:6931   .debug_macro:0000000000000000 .Ldebug_macro45
C:\Users\zero6575\AppData\Local\Temp\cceIeFKk.s:9947   .debug_str:0000000000008f3e .LASF1133
C:\Users\zero6575\AppData\Local\Temp\cceIeFKk.s:6951   .debug_macro:0000000000000000 .Ldebug_macro46
C:\Users\zero6575\AppData\Local\Temp\cceIeFKk.s:9687   .debug_str:000000000000812c .LASF1143
C:\Users\zero6575\AppData\Local\Temp\cceIeFKk.s:7511   .debug_str:0000000000000db2 .LASF1144
C:\Users\zero6575\AppData\Local\Temp\cceIeFKk.s:9869   .debug_str:0000000000008ab9 .LASF1145
C:\Users\zero6575\AppData\Local\Temp\cceIeFKk.s:8095   .debug_str:0000000000002ef2 .LASF1146
C:\Users\zero6575\AppData\Local\Temp\cceIeFKk.s:8717   .debug_str:0000000000004f7f .LASF1147
C:\Users\zero6575\AppData\Local\Temp\cceIeFKk.s:6983   .debug_macro:0000000000000000 .Ldebug_macro47
C:\Users\zero6575\AppData\Local\Temp\cceIeFKk.s:8113   .debug_str:000000000000301b .LASF1150
C:\Users\zero6575\AppData\Local\Temp\cceIeFKk.s:7000   .debug_macro:0000000000000000 .Ldebug_macro48
C:\Users\zero6575\AppData\Local\Temp\cceIeFKk.s:7011   .debug_macro:0000000000000000 .Ldebug_macro49
C:\Users\zero6575\AppData\Local\Temp\cceIeFKk.s:7022   .debug_macro:0000000000000000 .Ldebug_macro50
C:\Users\zero6575\AppData\Local\Temp\cceIeFKk.s:7036   .debug_macro:0000000000000000 .Ldebug_macro51
C:\Users\zero6575\AppData\Local\Temp\cceIeFKk.s:9927   .debug_str:0000000000008d84 .LASF1207
C:\Users\zero6575\AppData\Local\Temp\cceIeFKk.s:9153   .debug_str:000000000000671b .LASF1208
C:\Users\zero6575\AppData\Local\Temp\cceIeFKk.s:7188   .debug_macro:0000000000000000 .Ldebug_macro52
C:\Users\zero6575\AppData\Local\Temp\cceIeFKk.s:7267   .debug_str:00000000000001c1 .LASF1211
C:\Users\zero6575\AppData\Local\Temp\cceIeFKk.s:8877   .debug_str:00000000000057e6 .LASF1212
C:\Users\zero6575\AppData\Local\Temp\cceIeFKk.s:9979   .debug_str:00000000000090a5 .LASF1213
C:\Users\zero6575\AppData\Local\Temp\cceIeFKk.s:7465   .debug_str:0000000000000b52 .LASF1214
C:\Users\zero6575\AppData\Local\Temp\cceIeFKk.s:7199   .debug_macro:0000000000000000 .Ldebug_macro53
C:\Users\zero6575\AppData\Local\Temp\cceIeFKk.s:7401   .debug_str:0000000000000801 .LASF1220
C:\Users\zero6575\AppData\Local\Temp\cceIeFKk.s:8133   .debug_str:00000000000030d8 .LASF1221
C:\Users\zero6575\AppData\Local\Temp\cceIeFKk.s:9351   .debug_str:000000000000719e .LASF1222
C:\Users\zero6575\AppData\Local\Temp\cceIeFKk.s:9411   .debug_str:000000000000742d .LASF1223
C:\Users\zero6575\AppData\Local\Temp\cceIeFKk.s:8417   .debug_str:0000000000003f18 .LASF1224
C:\Users\zero6575\AppData\Local\Temp\cceIeFKk.s:9365   .debug_str:0000000000007232 .LASF1225
C:\Users\zero6575\AppData\Local\Temp\cceIeFKk.s:8047   .debug_str:0000000000002c5a .LASF1226
C:\Users\zero6575\AppData\Local\Temp\cceIeFKk.s:8371   .debug_str:0000000000003cef .LASF1227
C:\Users\zero6575\AppData\Local\Temp\cceIeFKk.s:9749   .debug_str:000000000000841f .LASF1228
C:\Users\zero6575\AppData\Local\Temp\cceIeFKk.s:9139   .debug_str:000000000000661e .LASF1229
C:\Users\zero6575\AppData\Local\Temp\cceIeFKk.s:7385   .debug_str:000000000000071a .LASF1230
C:\Users\zero6575\AppData\Local\Temp\cceIeFKk.s:8981   .debug_str:0000000000005e1a .LASF1231
C:\Users\zero6575\AppData\Local\Temp\cceIeFKk.s:9959   .debug_str:0000000000008fce .LASF1232
C:\Users\zero6575\AppData\Local\Temp\cceIeFKk.s:7227   .debug_str:000000000000003c .LASF1233
C:\Users\zero6575\AppData\Local\Temp\cceIeFKk.s:7291   .debug_str:000000000000037f .LASF0
C:\Users\zero6575\AppData\Local\Temp\cceIeFKk.s:9785   .debug_str:000000000000862f .LASF1
C:\Users\zero6575\AppData\Local\Temp\cceIeFKk.s:10073  .debug_str:0000000000009521 .LASF2
C:\Users\zero6575\AppData\Local\Temp\cceIeFKk.s:7617   .debug_str:0000000000001333 .LASF3
C:\Users\zero6575\AppData\Local\Temp\cceIeFKk.s:9001   .debug_str:0000000000005ecc .LASF4
C:\Users\zero6575\AppData\Local\Temp\cceIeFKk.s:10095  .debug_str:00000000000095fa .LASF5
C:\Users\zero6575\AppData\Local\Temp\cceIeFKk.s:10069  .debug_str:00000000000094fc .LASF6
C:\Users\zero6575\AppData\Local\Temp\cceIeFKk.s:10131  .debug_str:0000000000009784 .LASF7
C:\Users\zero6575\AppData\Local\Temp\cceIeFKk.s:9461   .debug_str:00000000000075f3 .LASF8
C:\Users\zero6575\AppData\Local\Temp\cceIeFKk.s:8491   .debug_str:000000000000439c .LASF9
C:\Users\zero6575\AppData\Local\Temp\cceIeFKk.s:7707   .debug_str:0000000000001999 .LASF10
C:\Users\zero6575\AppData\Local\Temp\cceIeFKk.s:8423   .debug_str:0000000000003f51 .LASF11
C:\Users\zero6575\AppData\Local\Temp\cceIeFKk.s:8571   .debug_str:00000000000047c1 .LASF12
C:\Users\zero6575\AppData\Local\Temp\cceIeFKk.s:9541   .debug_str:000000000000794a .LASF13
C:\Users\zero6575\AppData\Local\Temp\cceIeFKk.s:9695   .debug_str:0000000000008191 .LASF14
C:\Users\zero6575\AppData\Local\Temp\cceIeFKk.s:9369   .debug_str:0000000000007287 .LASF15
C:\Users\zero6575\AppData\Local\Temp\cceIeFKk.s:10081  .debug_str:000000000000955c .LASF16
C:\Users\zero6575\AppData\Local\Temp\cceIeFKk.s:8219   .debug_str:0000000000003537 .LASF17
C:\Users\zero6575\AppData\Local\Temp\cceIeFKk.s:7517   .debug_str:0000000000000e03 .LASF18
C:\Users\zero6575\AppData\Local\Temp\cceIeFKk.s:7339   .debug_str:00000000000005b7 .LASF19
C:\Users\zero6575\AppData\Local\Temp\cceIeFKk.s:8043   .debug_str:0000000000002be6 .LASF20
C:\Users\zero6575\AppData\Local\Temp\cceIeFKk.s:9645   .debug_str:0000000000007f2c .LASF21
C:\Users\zero6575\AppData\Local\Temp\cceIeFKk.s:9999   .debug_str:000000000000912d .LASF22
C:\Users\zero6575\AppData\Local\Temp\cceIeFKk.s:9471   .debug_str:0000000000007645 .LASF23
C:\Users\zero6575\AppData\Local\Temp\cceIeFKk.s:9967   .debug_str:0000000000009015 .LASF24
C:\Users\zero6575\AppData\Local\Temp\cceIeFKk.s:8001   .debug_str:000000000000295d .LASF25
C:\Users\zero6575\AppData\Local\Temp\cceIeFKk.s:8827   .debug_str:00000000000055e5 .LASF26
C:\Users\zero6575\AppData\Local\Temp\cceIeFKk.s:7533   .debug_str:0000000000000eab .LASF27
C:\Users\zero6575\AppData\Local\Temp\cceIeFKk.s:7951   .debug_str:000000000000271e .LASF28
C:\Users\zero6575\AppData\Local\Temp\cceIeFKk.s:9309   .debug_str:0000000000006f07 .LASF29
C:\Users\zero6575\AppData\Local\Temp\cceIeFKk.s:8419   .debug_str:0000000000003f24 .LASF30
C:\Users\zero6575\AppData\Local\Temp\cceIeFKk.s:8131   .debug_str:00000000000030b1 .LASF31
C:\Users\zero6575\AppData\Local\Temp\cceIeFKk.s:7231   .debug_str:000000000000005e .LASF32
C:\Users\zero6575\AppData\Local\Temp\cceIeFKk.s:9115   .debug_str:000000000000650c .LASF33
C:\Users\zero6575\AppData\Local\Temp\cceIeFKk.s:10057  .debug_str:0000000000009468 .LASF34
C:\Users\zero6575\AppData\Local\Temp\cceIeFKk.s:10105  .debug_str:000000000000964c .LASF35
C:\Users\zero6575\AppData\Local\Temp\cceIeFKk.s:7287   .debug_str:000000000000030d .LASF36
C:\Users\zero6575\AppData\Local\Temp\cceIeFKk.s:8071   .debug_str:0000000000002d66 .LASF37
C:\Users\zero6575\AppData\Local\Temp\cceIeFKk.s:7931   .debug_str:00000000000024c5 .LASF38
C:\Users\zero6575\AppData\Local\Temp\cceIeFKk.s:8185   .debug_str:0000000000003368 .LASF39
C:\Users\zero6575\AppData\Local\Temp\cceIeFKk.s:10027  .debug_str:0000000000009278 .LASF40
C:\Users\zero6575\AppData\Local\Temp\cceIeFKk.s:9125   .debug_str:000000000000656a .LASF41
C:\Users\zero6575\AppData\Local\Temp\cceIeFKk.s:10117  .debug_str:00000000000096d0 .LASF42
C:\Users\zero6575\AppData\Local\Temp\cceIeFKk.s:9549   .debug_str:0000000000007984 .LASF43
C:\Users\zero6575\AppData\Local\Temp\cceIeFKk.s:8247   .debug_str:000000000000366d .LASF44
C:\Users\zero6575\AppData\Local\Temp\cceIeFKk.s:8857   .debug_str:000000000000572d .LASF45
C:\Users\zero6575\AppData\Local\Temp\cceIeFKk.s:9625   .debug_str:0000000000007e31 .LASF46
C:\Users\zero6575\AppData\Local\Temp\cceIeFKk.s:7603   .debug_str:000000000000127a .LASF47
C:\Users\zero6575\AppData\Local\Temp\cceIeFKk.s:7645   .debug_str:0000000000001723 .LASF48
C:\Users\zero6575\AppData\Local\Temp\cceIeFKk.s:8741   .debug_str:0000000000005102 .LASF49
C:\Users\zero6575\AppData\Local\Temp\cceIeFKk.s:8199   .debug_str:0000000000003411 .LASF50
C:\Users\zero6575\AppData\Local\Temp\cceIeFKk.s:8613   .debug_str:00000000000049c8 .LASF51
C:\Users\zero6575\AppData\Local\Temp\cceIeFKk.s:9699   .debug_str:00000000000081c9 .LASF52
C:\Users\zero6575\AppData\Local\Temp\cceIeFKk.s:9725   .debug_str:00000000000082f8 .LASF53
C:\Users\zero6575\AppData\Local\Temp\cceIeFKk.s:7497   .debug_str:0000000000000c94 .LASF54
C:\Users\zero6575\AppData\Local\Temp\cceIeFKk.s:10015  .debug_str:00000000000091da .LASF55
C:\Users\zero6575\AppData\Local\Temp\cceIeFKk.s:9209   .debug_str:00000000000069fc .LASF56
C:\Users\zero6575\AppData\Local\Temp\cceIeFKk.s:8267   .debug_str:0000000000003777 .LASF57
C:\Users\zero6575\AppData\Local\Temp\cceIeFKk.s:8033   .debug_str:0000000000002b67 .LASF58
C:\Users\zero6575\AppData\Local\Temp\cceIeFKk.s:8983   .debug_str:0000000000005e24 .LASF59
C:\Users\zero6575\AppData\Local\Temp\cceIeFKk.s:8581   .debug_str:0000000000004825 .LASF60
C:\Users\zero6575\AppData\Local\Temp\cceIeFKk.s:9581   .debug_str:0000000000007b89 .LASF61
C:\Users\zero6575\AppData\Local\Temp\cceIeFKk.s:9277   .debug_str:0000000000006d70 .LASF62
C:\Users\zero6575\AppData\Local\Temp\cceIeFKk.s:7725   .debug_str:0000000000001aad .LASF63
C:\Users\zero6575\AppData\Local\Temp\cceIeFKk.s:7513   .debug_str:0000000000000dba .LASF64
C:\Users\zero6575\AppData\Local\Temp\cceIeFKk.s:9319   .debug_str:0000000000006f79 .LASF65
C:\Users\zero6575\AppData\Local\Temp\cceIeFKk.s:8633   .debug_str:0000000000004ab8 .LASF66
C:\Users\zero6575\AppData\Local\Temp\cceIeFKk.s:7475   .debug_str:0000000000000bbc .LASF67
C:\Users\zero6575\AppData\Local\Temp\cceIeFKk.s:7587   .debug_str:000000000000117e .LASF68
C:\Users\zero6575\AppData\Local\Temp\cceIeFKk.s:8387   .debug_str:0000000000003d8b .LASF69
C:\Users\zero6575\AppData\Local\Temp\cceIeFKk.s:8853   .debug_str:00000000000056ef .LASF70
C:\Users\zero6575\AppData\Local\Temp\cceIeFKk.s:8611   .debug_str:00000000000049b1 .LASF71
C:\Users\zero6575\AppData\Local\Temp\cceIeFKk.s:8363   .debug_str:0000000000003ca2 .LASF72
C:\Users\zero6575\AppData\Local\Temp\cceIeFKk.s:7473   .debug_str:0000000000000ba8 .LASF73
C:\Users\zero6575\AppData\Local\Temp\cceIeFKk.s:8609   .debug_str:000000000000499a .LASF74
C:\Users\zero6575\AppData\Local\Temp\cceIeFKk.s:8749   .debug_str:0000000000005155 .LASF75
C:\Users\zero6575\AppData\Local\Temp\cceIeFKk.s:9151   .debug_str:00000000000066f4 .LASF76
C:\Users\zero6575\AppData\Local\Temp\cceIeFKk.s:9143   .debug_str:0000000000006667 .LASF77
C:\Users\zero6575\AppData\Local\Temp\cceIeFKk.s:7391   .debug_str:0000000000000748 .LASF78
C:\Users\zero6575\AppData\Local\Temp\cceIeFKk.s:7893   .debug_str:00000000000022f1 .LASF79
C:\Users\zero6575\AppData\Local\Temp\cceIeFKk.s:8635   .debug_str:0000000000004adf .LASF80
C:\Users\zero6575\AppData\Local\Temp\cceIeFKk.s:7281   .debug_str:00000000000002cd .LASF81
C:\Users\zero6575\AppData\Local\Temp\cceIeFKk.s:7595   .debug_str:0000000000001210 .LASF82
C:\Users\zero6575\AppData\Local\Temp\cceIeFKk.s:8413   .debug_str:0000000000003eff .LASF83
C:\Users\zero6575\AppData\Local\Temp\cceIeFKk.s:7373   .debug_str:00000000000006a4 .LASF84
C:\Users\zero6575\AppData\Local\Temp\cceIeFKk.s:8197   .debug_str:0000000000003400 .LASF85
C:\Users\zero6575\AppData\Local\Temp\cceIeFKk.s:9649   .debug_str:0000000000007f6f .LASF86
C:\Users\zero6575\AppData\Local\Temp\cceIeFKk.s:9191   .debug_str:000000000000696f .LASF87
C:\Users\zero6575\AppData\Local\Temp\cceIeFKk.s:9059   .debug_str:0000000000006207 .LASF88
C:\Users\zero6575\AppData\Local\Temp\cceIeFKk.s:8893   .debug_str:000000000000592a .LASF89
C:\Users\zero6575\AppData\Local\Temp\cceIeFKk.s:8009   .debug_str:0000000000002a09 .LASF90
C:\Users\zero6575\AppData\Local\Temp\cceIeFKk.s:8111   .debug_str:0000000000003009 .LASF91
C:\Users\zero6575\AppData\Local\Temp\cceIeFKk.s:9879   .debug_str:0000000000008b0c .LASF92
C:\Users\zero6575\AppData\Local\Temp\cceIeFKk.s:7743   .debug_str:0000000000001b5d .LASF93
C:\Users\zero6575\AppData\Local\Temp\cceIeFKk.s:8497   .debug_str:00000000000043d6 .LASF94
C:\Users\zero6575\AppData\Local\Temp\cceIeFKk.s:10097  .debug_str:0000000000009605 .LASF95
C:\Users\zero6575\AppData\Local\Temp\cceIeFKk.s:8471   .debug_str:00000000000042be .LASF96
C:\Users\zero6575\AppData\Local\Temp\cceIeFKk.s:7995   .debug_str:0000000000002931 .LASF97
C:\Users\zero6575\AppData\Local\Temp\cceIeFKk.s:9323   .debug_str:0000000000006faf .LASF98
C:\Users\zero6575\AppData\Local\Temp\cceIeFKk.s:9265   .debug_str:0000000000006ccd .LASF99
C:\Users\zero6575\AppData\Local\Temp\cceIeFKk.s:8639   .debug_str:0000000000004af8 .LASF100
C:\Users\zero6575\AppData\Local\Temp\cceIeFKk.s:7807   .debug_str:0000000000001eb1 .LASF101
C:\Users\zero6575\AppData\Local\Temp\cceIeFKk.s:7499   .debug_str:0000000000000cb2 .LASF102
C:\Users\zero6575\AppData\Local\Temp\cceIeFKk.s:8573   .debug_str:00000000000047d4 .LASF103
C:\Users\zero6575\AppData\Local\Temp\cceIeFKk.s:9655   .debug_str:0000000000007fa6 .LASF104
C:\Users\zero6575\AppData\Local\Temp\cceIeFKk.s:9887   .debug_str:0000000000008b99 .LASF105
C:\Users\zero6575\AppData\Local\Temp\cceIeFKk.s:9023   .debug_str:0000000000006002 .LASF106
C:\Users\zero6575\AppData\Local\Temp\cceIeFKk.s:7671   .debug_str:0000000000001821 .LASF107
C:\Users\zero6575\AppData\Local\Temp\cceIeFKk.s:8121   .debug_str:0000000000003059 .LASF108
C:\Users\zero6575\AppData\Local\Temp\cceIeFKk.s:7673   .debug_str:0000000000001845 .LASF109
C:\Users\zero6575\AppData\Local\Temp\cceIeFKk.s:8577   .debug_str:0000000000004804 .LASF110
C:\Users\zero6575\AppData\Local\Temp\cceIeFKk.s:7619   .debug_str:0000000000001345 .LASF111
C:\Users\zero6575\AppData\Local\Temp\cceIeFKk.s:9629   .debug_str:0000000000007e60 .LASF112
C:\Users\zero6575\AppData\Local\Temp\cceIeFKk.s:7451   .debug_str:0000000000000a7b .LASF113
C:\Users\zero6575\AppData\Local\Temp\cceIeFKk.s:9011   .debug_str:0000000000005f86 .LASF114
C:\Users\zero6575\AppData\Local\Temp\cceIeFKk.s:8141   .debug_str:0000000000003166 .LASF115
C:\Users\zero6575\AppData\Local\Temp\cceIeFKk.s:8585   .debug_str:0000000000004857 .LASF116
C:\Users\zero6575\AppData\Local\Temp\cceIeFKk.s:8475   .debug_str:00000000000042df .LASF117
C:\Users\zero6575\AppData\Local\Temp\cceIeFKk.s:10119  .debug_str:00000000000096e8 .LASF118
C:\Users\zero6575\AppData\Local\Temp\cceIeFKk.s:8479   .debug_str:0000000000004321 .LASF119
C:\Users\zero6575\AppData\Local\Temp\cceIeFKk.s:10109  .debug_str:0000000000009685 .LASF120
C:\Users\zero6575\AppData\Local\Temp\cceIeFKk.s:7919   .debug_str:000000000000244a .LASF121
C:\Users\zero6575\AppData\Local\Temp\cceIeFKk.s:7975   .debug_str:00000000000027fb .LASF122
C:\Users\zero6575\AppData\Local\Temp\cceIeFKk.s:7547   .debug_str:0000000000000f57 .LASF123
C:\Users\zero6575\AppData\Local\Temp\cceIeFKk.s:7789   .debug_str:0000000000001dcb .LASF124
C:\Users\zero6575\AppData\Local\Temp\cceIeFKk.s:8933   .debug_str:0000000000005add .LASF125
C:\Users\zero6575\AppData\Local\Temp\cceIeFKk.s:7915   .debug_str:0000000000002406 .LASF126
C:\Users\zero6575\AppData\Local\Temp\cceIeFKk.s:10005  .debug_str:0000000000009157 .LASF127
C:\Users\zero6575\AppData\Local\Temp\cceIeFKk.s:7805   .debug_str:0000000000001e94 .LASF128
C:\Users\zero6575\AppData\Local\Temp\cceIeFKk.s:7809   .debug_str:0000000000001ec6 .LASF129
C:\Users\zero6575\AppData\Local\Temp\cceIeFKk.s:7245   .debug_str:00000000000000db .LASF130
C:\Users\zero6575\AppData\Local\Temp\cceIeFKk.s:7379   .debug_str:00000000000006da .LASF131
C:\Users\zero6575\AppData\Local\Temp\cceIeFKk.s:8395   .debug_str:0000000000003dda .LASF132
C:\Users\zero6575\AppData\Local\Temp\cceIeFKk.s:8433   .debug_str:0000000000003f9a .LASF133
C:\Users\zero6575\AppData\Local\Temp\cceIeFKk.s:7849   .debug_str:00000000000020c1 .LASF134
C:\Users\zero6575\AppData\Local\Temp\cceIeFKk.s:8341   .debug_str:0000000000003b93 .LASF135
C:\Users\zero6575\AppData\Local\Temp\cceIeFKk.s:8697   .debug_str:0000000000004e62 .LASF136
C:\Users\zero6575\AppData\Local\Temp\cceIeFKk.s:8667   .debug_str:0000000000004cc5 .LASF137
C:\Users\zero6575\AppData\Local\Temp\cceIeFKk.s:9473   .debug_str:0000000000007659 .LASF138
C:\Users\zero6575\AppData\Local\Temp\cceIeFKk.s:7461   .debug_str:0000000000000aeb .LASF139
C:\Users\zero6575\AppData\Local\Temp\cceIeFKk.s:7879   .debug_str:000000000000223f .LASF140
C:\Users\zero6575\AppData\Local\Temp\cceIeFKk.s:9305   .debug_str:0000000000006ee0 .LASF141
C:\Users\zero6575\AppData\Local\Temp\cceIeFKk.s:9179   .debug_str:0000000000006862 .LASF142
C:\Users\zero6575\AppData\Local\Temp\cceIeFKk.s:8527   .debug_str:0000000000004521 .LASF143
C:\Users\zero6575\AppData\Local\Temp\cceIeFKk.s:7765   .debug_str:0000000000001c75 .LASF144
C:\Users\zero6575\AppData\Local\Temp\cceIeFKk.s:8631   .debug_str:0000000000004aa2 .LASF145
C:\Users\zero6575\AppData\Local\Temp\cceIeFKk.s:8157   .debug_str:00000000000031f3 .LASF146
C:\Users\zero6575\AppData\Local\Temp\cceIeFKk.s:9935   .debug_str:0000000000008eba .LASF147
C:\Users\zero6575\AppData\Local\Temp\cceIeFKk.s:8139   .debug_str:0000000000003156 .LASF148
C:\Users\zero6575\AppData\Local\Temp\cceIeFKk.s:8087   .debug_str:0000000000002e3e .LASF149
C:\Users\zero6575\AppData\Local\Temp\cceIeFKk.s:7489   .debug_str:0000000000000c47 .LASF150
C:\Users\zero6575\AppData\Local\Temp\cceIeFKk.s:8125   .debug_str:0000000000003082 .LASF151
C:\Users\zero6575\AppData\Local\Temp\cceIeFKk.s:7843   .debug_str:0000000000002090 .LASF152
C:\Users\zero6575\AppData\Local\Temp\cceIeFKk.s:7701   .debug_str:000000000000194d .LASF153
C:\Users\zero6575\AppData\Local\Temp\cceIeFKk.s:7255   .debug_str:0000000000000132 .LASF154
C:\Users\zero6575\AppData\Local\Temp\cceIeFKk.s:9343   .debug_str:0000000000007157 .LASF155
C:\Users\zero6575\AppData\Local\Temp\cceIeFKk.s:9189   .debug_str:0000000000006938 .LASF156
C:\Users\zero6575\AppData\Local\Temp\cceIeFKk.s:10051  .debug_str:00000000000093ea .LASF157
C:\Users\zero6575\AppData\Local\Temp\cceIeFKk.s:7895   .debug_str:000000000000230a .LASF158
C:\Users\zero6575\AppData\Local\Temp\cceIeFKk.s:9921   .debug_str:0000000000008cf4 .LASF159
C:\Users\zero6575\AppData\Local\Temp\cceIeFKk.s:9975   .debug_str:000000000000906d .LASF160
C:\Users\zero6575\AppData\Local\Temp\cceIeFKk.s:7383   .debug_str:0000000000000703 .LASF161
C:\Users\zero6575\AppData\Local\Temp\cceIeFKk.s:8401   .debug_str:0000000000003e7d .LASF162
C:\Users\zero6575\AppData\Local\Temp\cceIeFKk.s:7853   .debug_str:00000000000020f0 .LASF163
C:\Users\zero6575\AppData\Local\Temp\cceIeFKk.s:7735   .debug_str:0000000000001b2a .LASF164
C:\Users\zero6575\AppData\Local\Temp\cceIeFKk.s:9761   .debug_str:00000000000084d9 .LASF165
C:\Users\zero6575\AppData\Local\Temp\cceIeFKk.s:7829   .debug_str:0000000000001fcb .LASF166
C:\Users\zero6575\AppData\Local\Temp\cceIeFKk.s:7969   .debug_str:00000000000027c9 .LASF167
C:\Users\zero6575\AppData\Local\Temp\cceIeFKk.s:7313   .debug_str:0000000000000464 .LASF168
C:\Users\zero6575\AppData\Local\Temp\cceIeFKk.s:8041   .debug_str:0000000000002bcf .LASF169
C:\Users\zero6575\AppData\Local\Temp\cceIeFKk.s:9893   .debug_str:0000000000008bce .LASF170
C:\Users\zero6575\AppData\Local\Temp\cceIeFKk.s:7327   .debug_str:00000000000004f9 .LASF171
C:\Users\zero6575\AppData\Local\Temp\cceIeFKk.s:7589   .debug_str:00000000000011a1 .LASF172
C:\Users\zero6575\AppData\Local\Temp\cceIeFKk.s:8523   .debug_str:00000000000044cc .LASF173
C:\Users\zero6575\AppData\Local\Temp\cceIeFKk.s:9019   .debug_str:0000000000005fda .LASF174
C:\Users\zero6575\AppData\Local\Temp\cceIeFKk.s:7459   .debug_str:0000000000000ad4 .LASF175
C:\Users\zero6575\AppData\Local\Temp\cceIeFKk.s:9909   .debug_str:0000000000008c99 .LASF176
C:\Users\zero6575\AppData\Local\Temp\cceIeFKk.s:10013  .debug_str:00000000000091c4 .LASF177
C:\Users\zero6575\AppData\Local\Temp\cceIeFKk.s:7429   .debug_str:00000000000009d7 .LASF178
C:\Users\zero6575\AppData\Local\Temp\cceIeFKk.s:8357   .debug_str:0000000000003c6e .LASF179
C:\Users\zero6575\AppData\Local\Temp\cceIeFKk.s:10019  .debug_str:0000000000009215 .LASF180
C:\Users\zero6575\AppData\Local\Temp\cceIeFKk.s:10059  .debug_str:0000000000009488 .LASF181
C:\Users\zero6575\AppData\Local\Temp\cceIeFKk.s:8761   .debug_str:0000000000005281 .LASF182
C:\Users\zero6575\AppData\Local\Temp\cceIeFKk.s:7827   .debug_str:0000000000001fb8 .LASF183
C:\Users\zero6575\AppData\Local\Temp\cceIeFKk.s:7677   .debug_str:000000000000186c .LASF184
C:\Users\zero6575\AppData\Local\Temp\cceIeFKk.s:9093   .debug_str:0000000000006419 .LASF185
C:\Users\zero6575\AppData\Local\Temp\cceIeFKk.s:8343   .debug_str:0000000000003bab .LASF186
C:\Users\zero6575\AppData\Local\Temp\cceIeFKk.s:9923   .debug_str:0000000000008d32 .LASF187
C:\Users\zero6575\AppData\Local\Temp\cceIeFKk.s:9491   .debug_str:000000000000773d .LASF188
C:\Users\zero6575\AppData\Local\Temp\cceIeFKk.s:8903   .debug_str:0000000000005976 .LASF189
C:\Users\zero6575\AppData\Local\Temp\cceIeFKk.s:9939   .debug_str:0000000000008eea .LASF190
C:\Users\zero6575\AppData\Local\Temp\cceIeFKk.s:9215   .debug_str:0000000000006a56 .LASF191
C:\Users\zero6575\AppData\Local\Temp\cceIeFKk.s:7723   .debug_str:0000000000001a97 .LASF192
C:\Users\zero6575\AppData\Local\Temp\cceIeFKk.s:7663   .debug_str:00000000000017f4 .LASF193
C:\Users\zero6575\AppData\Local\Temp\cceIeFKk.s:7819   .debug_str:0000000000001f45 .LASF194
C:\Users\zero6575\AppData\Local\Temp\cceIeFKk.s:7607   .debug_str:00000000000012bf .LASF195
C:\Users\zero6575\AppData\Local\Temp\cceIeFKk.s:7303   .debug_str:0000000000000414 .LASF196
C:\Users\zero6575\AppData\Local\Temp\cceIeFKk.s:8881   .debug_str:0000000000005879 .LASF197
C:\Users\zero6575\AppData\Local\Temp\cceIeFKk.s:8053   .debug_str:0000000000002c92 .LASF198
C:\Users\zero6575\AppData\Local\Temp\cceIeFKk.s:8069   .debug_str:0000000000002d2b .LASF199
C:\Users\zero6575\AppData\Local\Temp\cceIeFKk.s:9477   .debug_str:000000000000768d .LASF200
C:\Users\zero6575\AppData\Local\Temp\cceIeFKk.s:9693   .debug_str:0000000000008153 .LASF201
C:\Users\zero6575\AppData\Local\Temp\cceIeFKk.s:7479   .debug_str:0000000000000be2 .LASF202
C:\Users\zero6575\AppData\Local\Temp\cceIeFKk.s:9085   .debug_str:000000000000634d .LASF203
C:\Users\zero6575\AppData\Local\Temp\cceIeFKk.s:7263   .debug_str:0000000000000190 .LASF204
C:\Users\zero6575\AppData\Local\Temp\cceIeFKk.s:9843   .debug_str:0000000000008952 .LASF205
C:\Users\zero6575\AppData\Local\Temp\cceIeFKk.s:7251   .debug_str:0000000000000113 .LASF206
C:\Users\zero6575\AppData\Local\Temp\cceIeFKk.s:9417   .debug_str:000000000000746a .LASF207
C:\Users\zero6575\AppData\Local\Temp\cceIeFKk.s:9579   .debug_str:0000000000007b6f .LASF208
C:\Users\zero6575\AppData\Local\Temp\cceIeFKk.s:7277   .debug_str:00000000000002a6 .LASF209
C:\Users\zero6575\AppData\Local\Temp\cceIeFKk.s:8935   .debug_str:0000000000005af2 .LASF210
C:\Users\zero6575\AppData\Local\Temp\cceIeFKk.s:9025   .debug_str:000000000000601d .LASF211
C:\Users\zero6575\AppData\Local\Temp\cceIeFKk.s:9683   .debug_str:00000000000080ec .LASF212
C:\Users\zero6575\AppData\Local\Temp\cceIeFKk.s:8677   .debug_str:0000000000004d41 .LASF213
C:\Users\zero6575\AppData\Local\Temp\cceIeFKk.s:9063   .debug_str:0000000000006229 .LASF214
C:\Users\zero6575\AppData\Local\Temp\cceIeFKk.s:8883   .debug_str:0000000000005891 .LASF215
C:\Users\zero6575\AppData\Local\Temp\cceIeFKk.s:9225   .debug_str:0000000000006afb .LASF216
C:\Users\zero6575\AppData\Local\Temp\cceIeFKk.s:9971   .debug_str:000000000000903c .LASF217
C:\Users\zero6575\AppData\Local\Temp\cceIeFKk.s:8411   .debug_str:0000000000003ee6 .LASF218
C:\Users\zero6575\AppData\Local\Temp\cceIeFKk.s:8097   .debug_str:0000000000002f03 .LASF219
C:\Users\zero6575\AppData\Local\Temp\cceIeFKk.s:9673   .debug_str:000000000000807b .LASF220
C:\Users\zero6575\AppData\Local\Temp\cceIeFKk.s:8249   .debug_str:0000000000003686 .LASF221
C:\Users\zero6575\AppData\Local\Temp\cceIeFKk.s:7613   .debug_str:0000000000001305 .LASF222
C:\Users\zero6575\AppData\Local\Temp\cceIeFKk.s:7387   .debug_str:0000000000000721 .LASF223
C:\Users\zero6575\AppData\Local\Temp\cceIeFKk.s:9359   .debug_str:0000000000007206 .LASF224
C:\Users\zero6575\AppData\Local\Temp\cceIeFKk.s:8073   .debug_str:0000000000002d81 .LASF225
C:\Users\zero6575\AppData\Local\Temp\cceIeFKk.s:9973   .debug_str:0000000000009053 .LASF226
C:\Users\zero6575\AppData\Local\Temp\cceIeFKk.s:8171   .debug_str:000000000000326c .LASF227
C:\Users\zero6575\AppData\Local\Temp\cceIeFKk.s:7501   .debug_str:0000000000000ccb .LASF228
C:\Users\zero6575\AppData\Local\Temp\cceIeFKk.s:8797   .debug_str:0000000000005469 .LASF229
C:\Users\zero6575\AppData\Local\Temp\cceIeFKk.s:9367   .debug_str:0000000000007241 .LASF230
C:\Users\zero6575\AppData\Local\Temp\cceIeFKk.s:8595   .debug_str:00000000000048e6 .LASF231
C:\Users\zero6575\AppData\Local\Temp\cceIeFKk.s:9641   .debug_str:0000000000007efb .LASF232
C:\Users\zero6575\AppData\Local\Temp\cceIeFKk.s:9815   .debug_str:000000000000878a .LASF233
C:\Users\zero6575\AppData\Local\Temp\cceIeFKk.s:8189   .debug_str:0000000000003397 .LASF234
C:\Users\zero6575\AppData\Local\Temp\cceIeFKk.s:8147   .debug_str:0000000000003186 .LASF235
C:\Users\zero6575\AppData\Local\Temp\cceIeFKk.s:9605   .debug_str:0000000000007d37 .LASF236
C:\Users\zero6575\AppData\Local\Temp\cceIeFKk.s:9929   .debug_str:0000000000008d90 .LASF237
C:\Users\zero6575\AppData\Local\Temp\cceIeFKk.s:7987   .debug_str:00000000000028b6 .LASF238
C:\Users\zero6575\AppData\Local\Temp\cceIeFKk.s:7521   .debug_str:0000000000000e2c .LASF239
C:\Users\zero6575\AppData\Local\Temp\cceIeFKk.s:8235   .debug_str:00000000000035ee .LASF240
C:\Users\zero6575\AppData\Local\Temp\cceIeFKk.s:9339   .debug_str:000000000000710a .LASF241
C:\Users\zero6575\AppData\Local\Temp\cceIeFKk.s:9743   .debug_str:00000000000083c5 .LASF242
C:\Users\zero6575\AppData\Local\Temp\cceIeFKk.s:9047   .debug_str:000000000000612a .LASF243
C:\Users\zero6575\AppData\Local\Temp\cceIeFKk.s:7839   .debug_str:0000000000002025 .LASF244
C:\Users\zero6575\AppData\Local\Temp\cceIeFKk.s:9039   .debug_str:00000000000060df .LASF245
C:\Users\zero6575\AppData\Local\Temp\cceIeFKk.s:7421   .debug_str:0000000000000924 .LASF246
C:\Users\zero6575\AppData\Local\Temp\cceIeFKk.s:9753   .debug_str:000000000000848d .LASF247
C:\Users\zero6575\AppData\Local\Temp\cceIeFKk.s:9241   .debug_str:0000000000006bd1 .LASF248
C:\Users\zero6575\AppData\Local\Temp\cceIeFKk.s:8847   .debug_str:00000000000056c5 .LASF249
C:\Users\zero6575\AppData\Local\Temp\cceIeFKk.s:9763   .debug_str:00000000000084f1 .LASF250
C:\Users\zero6575\AppData\Local\Temp\cceIeFKk.s:7905   .debug_str:000000000000236f .LASF251
C:\Users\zero6575\AppData\Local\Temp\cceIeFKk.s:9157   .debug_str:000000000000674e .LASF252
C:\Users\zero6575\AppData\Local\Temp\cceIeFKk.s:8049   .debug_str:0000000000002c6b .LASF253
C:\Users\zero6575\AppData\Local\Temp\cceIeFKk.s:9459   .debug_str:00000000000075d9 .LASF254
C:\Users\zero6575\AppData\Local\Temp\cceIeFKk.s:8007   .debug_str:00000000000029ca .LASF255
C:\Users\zero6575\AppData\Local\Temp\cceIeFKk.s:8607   .debug_str:000000000000495b .LASF256
C:\Users\zero6575\AppData\Local\Temp\cceIeFKk.s:9357   .debug_str:00000000000071c5 .LASF257
C:\Users\zero6575\AppData\Local\Temp\cceIeFKk.s:10121  .debug_str:00000000000096fc .LASF258
C:\Users\zero6575\AppData\Local\Temp\cceIeFKk.s:9315   .debug_str:0000000000006f46 .LASF259
C:\Users\zero6575\AppData\Local\Temp\cceIeFKk.s:8823   .debug_str:00000000000055b6 .LASF260
C:\Users\zero6575\AppData\Local\Temp\cceIeFKk.s:7229   .debug_str:0000000000000043 .LASF261
C:\Users\zero6575\AppData\Local\Temp\cceIeFKk.s:9915   .debug_str:0000000000008cc6 .LASF262
C:\Users\zero6575\AppData\Local\Temp\cceIeFKk.s:8729   .debug_str:000000000000507f .LASF263
C:\Users\zero6575\AppData\Local\Temp\cceIeFKk.s:8781   .debug_str:000000000000532a .LASF264
C:\Users\zero6575\AppData\Local\Temp\cceIeFKk.s:9681   .debug_str:00000000000080d6 .LASF265
C:\Users\zero6575\AppData\Local\Temp\cceIeFKk.s:9803   .debug_str:00000000000086ca .LASF266
C:\Users\zero6575\AppData\Local\Temp\cceIeFKk.s:7875   .debug_str:0000000000002218 .LASF267
C:\Users\zero6575\AppData\Local\Temp\cceIeFKk.s:8179   .debug_str:00000000000032db .LASF268
C:\Users\zero6575\AppData\Local\Temp\cceIeFKk.s:8399   .debug_str:0000000000003e67 .LASF269
C:\Users\zero6575\AppData\Local\Temp\cceIeFKk.s:7395   .debug_str:0000000000000777 .LASF270
C:\Users\zero6575\AppData\Local\Temp\cceIeFKk.s:8889   .debug_str:00000000000058ef .LASF271
C:\Users\zero6575\AppData\Local\Temp\cceIeFKk.s:9627   .debug_str:0000000000007e49 .LASF272
C:\Users\zero6575\AppData\Local\Temp\cceIeFKk.s:9423   .debug_str:00000000000074b3 .LASF273
C:\Users\zero6575\AppData\Local\Temp\cceIeFKk.s:8773   .debug_str:00000000000052eb .LASF274
C:\Users\zero6575\AppData\Local\Temp\cceIeFKk.s:9003   .debug_str:0000000000005ede .LASF275
C:\Users\zero6575\AppData\Local\Temp\cceIeFKk.s:7469   .debug_str:0000000000000b68 .LASF276
C:\Users\zero6575\AppData\Local\Temp\cceIeFKk.s:7305   .debug_str:000000000000042a .LASF277
C:\Users\zero6575\AppData\Local\Temp\cceIeFKk.s:8303   .debug_str:000000000000395f .LASF278
C:\Users\zero6575\AppData\Local\Temp\cceIeFKk.s:9675   .debug_str:0000000000008093 .LASF279
C:\Users\zero6575\AppData\Local\Temp\cceIeFKk.s:8003   .debug_str:0000000000002971 .LASF280
C:\Users\zero6575\AppData\Local\Temp\cceIeFKk.s:8089   .debug_str:0000000000002e52 .LASF281
C:\Users\zero6575\AppData\Local\Temp\cceIeFKk.s:9867   .debug_str:0000000000008a74 .LASF282
C:\Users\zero6575\AppData\Local\Temp\cceIeFKk.s:8945   .debug_str:0000000000005c2f .LASF283
C:\Users\zero6575\AppData\Local\Temp\cceIeFKk.s:7779   .debug_str:0000000000001d5e .LASF284
C:\Users\zero6575\AppData\Local\Temp\cceIeFKk.s:9043   .debug_str:0000000000006109 .LASF285
C:\Users\zero6575\AppData\Local\Temp\cceIeFKk.s:9917   .debug_str:0000000000008cdb .LASF286
C:\Users\zero6575\AppData\Local\Temp\cceIeFKk.s:9553   .debug_str:00000000000079c1 .LASF287
C:\Users\zero6575\AppData\Local\Temp\cceIeFKk.s:8891   .debug_str:0000000000005905 .LASF288
C:\Users\zero6575\AppData\Local\Temp\cceIeFKk.s:9421   .debug_str:0000000000007495 .LASF289
C:\Users\zero6575\AppData\Local\Temp\cceIeFKk.s:7509   .debug_str:0000000000000d94 .LASF290
C:\Users\zero6575\AppData\Local\Temp\cceIeFKk.s:9037   .debug_str:00000000000060bd .LASF291
C:\Users\zero6575\AppData\Local\Temp\cceIeFKk.s:8241   .debug_str:0000000000003626 .LASF292
C:\Users\zero6575\AppData\Local\Temp\cceIeFKk.s:9719   .debug_str:00000000000082b3 .LASF293
C:\Users\zero6575\AppData\Local\Temp\cceIeFKk.s:9105   .debug_str:0000000000006499 .LASF294
C:\Users\zero6575\AppData\Local\Temp\cceIeFKk.s:8931   .debug_str:0000000000005ac0 .LASF295
C:\Users\zero6575\AppData\Local\Temp\cceIeFKk.s:7545   .debug_str:0000000000000f39 .LASF296
C:\Users\zero6575\AppData\Local\Temp\cceIeFKk.s:9183   .debug_str:00000000000068a0 .LASF297
C:\Users\zero6575\AppData\Local\Temp\cceIeFKk.s:7909   .debug_str:0000000000002399 .LASF298
C:\Users\zero6575\AppData\Local\Temp\cceIeFKk.s:8863   .debug_str:0000000000005766 .LASF299
C:\Users\zero6575\AppData\Local\Temp\cceIeFKk.s:8365   .debug_str:0000000000003cb5 .LASF300
C:\Users\zero6575\AppData\Local\Temp\cceIeFKk.s:7549   .debug_str:0000000000000f67 .LASF301
C:\Users\zero6575\AppData\Local\Temp\cceIeFKk.s:8799   .debug_str:00000000000054aa .LASF302
C:\Users\zero6575\AppData\Local\Temp\cceIeFKk.s:8629   .debug_str:0000000000004a8d .LASF303
C:\Users\zero6575\AppData\Local\Temp\cceIeFKk.s:8599   .debug_str:000000000000490c .LASF304
C:\Users\zero6575\AppData\Local\Temp\cceIeFKk.s:9731   .debug_str:000000000000832e .LASF305
C:\Users\zero6575\AppData\Local\Temp\cceIeFKk.s:9275   .debug_str:0000000000006d66 .LASF306
C:\Users\zero6575\AppData\Local\Temp\cceIeFKk.s:9457   .debug_str:00000000000075c4 .LASF307
C:\Users\zero6575\AppData\Local\Temp\cceIeFKk.s:8233   .debug_str:00000000000035dd .LASF308
C:\Users\zero6575\AppData\Local\Temp\cceIeFKk.s:9535   .debug_str:000000000000790c .LASF309
C:\Users\zero6575\AppData\Local\Temp\cceIeFKk.s:7709   .debug_str:00000000000019ac .LASF310
C:\Users\zero6575\AppData\Local\Temp\cceIeFKk.s:7651   .debug_str:0000000000001768 .LASF311
C:\Users\zero6575\AppData\Local\Temp\cceIeFKk.s:10025  .debug_str:0000000000009268 .LASF312
C:\Users\zero6575\AppData\Local\Temp\cceIeFKk.s:8887   .debug_str:00000000000058d6 .LASF313
C:\Users\zero6575\AppData\Local\Temp\cceIeFKk.s:7455   .debug_str:0000000000000a9f .LASF314
C:\Users\zero6575\AppData\Local\Temp\cceIeFKk.s:7329   .debug_str:000000000000053b .LASF315
C:\Users\zero6575\AppData\Local\Temp\cceIeFKk.s:7695   .debug_str:0000000000001927 .LASF316
C:\Users\zero6575\AppData\Local\Temp\cceIeFKk.s:8391   .debug_str:0000000000003dbe .LASF317
C:\Users\zero6575\AppData\Local\Temp\cceIeFKk.s:9663   .debug_str:0000000000008010 .LASF318
C:\Users\zero6575\AppData\Local\Temp\cceIeFKk.s:7315   .debug_str:000000000000047b .LASF319
C:\Users\zero6575\AppData\Local\Temp\cceIeFKk.s:7751   .debug_str:0000000000001bc3 .LASF320
C:\Users\zero6575\AppData\Local\Temp\cceIeFKk.s:9379   .debug_str:00000000000072ce .LASF321
C:\Users\zero6575\AppData\Local\Temp\cceIeFKk.s:7467   .debug_str:0000000000000b5e .LASF322
C:\Users\zero6575\AppData\Local\Temp\cceIeFKk.s:9127   .debug_str:0000000000006587 .LASF323
C:\Users\zero6575\AppData\Local\Temp\cceIeFKk.s:9597   .debug_str:0000000000007cd9 .LASF324
C:\Users\zero6575\AppData\Local\Temp\cceIeFKk.s:9779   .debug_str:00000000000085b8 .LASF325
C:\Users\zero6575\AppData\Local\Temp\cceIeFKk.s:8373   .debug_str:0000000000003d04 .LASF326
C:\Users\zero6575\AppData\Local\Temp\cceIeFKk.s:9925   .debug_str:0000000000008d6e .LASF327
C:\Users\zero6575\AppData\Local\Temp\cceIeFKk.s:8077   .debug_str:0000000000002dba .LASF328
C:\Users\zero6575\AppData\Local\Temp\cceIeFKk.s:9467   .debug_str:0000000000007621 .LASF329
C:\Users\zero6575\AppData\Local\Temp\cceIeFKk.s:9321   .debug_str:0000000000006f9b .LASF330
C:\Users\zero6575\AppData\Local\Temp\cceIeFKk.s:8451   .debug_str:0000000000004085 .LASF331
C:\Users\zero6575\AppData\Local\Temp\cceIeFKk.s:7541   .debug_str:0000000000000eff .LASF332
C:\Users\zero6575\AppData\Local\Temp\cceIeFKk.s:7525   .debug_str:0000000000000e50 .LASF333
C:\Users\zero6575\AppData\Local\Temp\cceIeFKk.s:7343   .debug_str:00000000000005dc .LASF334
C:\Users\zero6575\AppData\Local\Temp\cceIeFKk.s:7831   .debug_str:0000000000001fe5 .LASF335
C:\Users\zero6575\AppData\Local\Temp\cceIeFKk.s:9229   .debug_str:0000000000006b47 .LASF336
C:\Users\zero6575\AppData\Local\Temp\cceIeFKk.s:8807   .debug_str:00000000000054f4 .LASF337
C:\Users\zero6575\AppData\Local\Temp\cceIeFKk.s:9679   .debug_str:00000000000080bb .LASF338
C:\Users\zero6575\AppData\Local\Temp\cceIeFKk.s:7993   .debug_str:000000000000291b .LASF339
C:\Users\zero6575\AppData\Local\Temp\cceIeFKk.s:8549   .debug_str:000000000000464a .LASF340
C:\Users\zero6575\AppData\Local\Temp\cceIeFKk.s:9267   .debug_str:0000000000006ce5 .LASF341
C:\Users\zero6575\AppData\Local\Temp\cceIeFKk.s:8389   .debug_str:0000000000003db3 .LASF342
C:\Users\zero6575\AppData\Local\Temp\cceIeFKk.s:9561   .debug_str:0000000000007a88 .LASF343
C:\Users\zero6575\AppData\Local\Temp\cceIeFKk.s:8907   .debug_str:0000000000005993 .LASF344
C:\Users\zero6575\AppData\Local\Temp\cceIeFKk.s:8361   .debug_str:0000000000003c96 .LASF345
C:\Users\zero6575\AppData\Local\Temp\cceIeFKk.s:7427   .debug_str:00000000000009ca .LASF346
C:\Users\zero6575\AppData\Local\Temp\cceIeFKk.s:9347   .debug_str:0000000000007184 .LASF347
C:\Users\zero6575\AppData\Local\Temp\cceIeFKk.s:9073   .debug_str:00000000000062e9 .LASF348
C:\Users\zero6575\AppData\Local\Temp\cceIeFKk.s:9057   .debug_str:00000000000061fa .LASF349
C:\Users\zero6575\AppData\Local\Temp\cceIeFKk.s:9609   .debug_str:0000000000007d60 .LASF350
C:\Users\zero6575\AppData\Local\Temp\cceIeFKk.s:9475   .debug_str:0000000000007679 .LASF351
C:\Users\zero6575\AppData\Local\Temp\cceIeFKk.s:7837   .debug_str:0000000000002015 .LASF352
C:\Users\zero6575\AppData\Local\Temp\cceIeFKk.s:7953   .debug_str:000000000000273b .LASF353
C:\Users\zero6575\AppData\Local\Temp\cceIeFKk.s:9005   .debug_str:0000000000005f0f .LASF354
C:\Users\zero6575\AppData\Local\Temp\cceIeFKk.s:8813   .debug_str:000000000000553f .LASF355
C:\Users\zero6575\AppData\Local\Temp\cceIeFKk.s:10007  .debug_str:000000000000916d .LASF356
C:\Users\zero6575\AppData\Local\Temp\cceIeFKk.s:9227   .debug_str:0000000000006b3e .LASF357
C:\Users\zero6575\AppData\Local\Temp\cceIeFKk.s:8665   .debug_str:0000000000004cb6 .LASF358
C:\Users\zero6575\AppData\Local\Temp\cceIeFKk.s:7653   .debug_str:0000000000001779 .LASF359
C:\Users\zero6575\AppData\Local\Temp\cceIeFKk.s:9689   .debug_str:0000000000008133 .LASF360
C:\Users\zero6575\AppData\Local\Temp\cceIeFKk.s:9099   .debug_str:000000000000647c .LASF361
C:\Users\zero6575\AppData\Local\Temp\cceIeFKk.s:8369   .debug_str:0000000000003ce5 .LASF362
C:\Users\zero6575\AppData\Local\Temp\cceIeFKk.s:8849   .debug_str:00000000000056d7 .LASF363
C:\Users\zero6575\AppData\Local\Temp\cceIeFKk.s:8271   .debug_str:00000000000037a8 .LASF364
C:\Users\zero6575\AppData\Local\Temp\cceIeFKk.s:8529   .debug_str:0000000000004531 .LASF365
C:\Users\zero6575\AppData\Local\Temp\cceIeFKk.s:7531   .debug_str:0000000000000e95 .LASF366
C:\Users\zero6575\AppData\Local\Temp\cceIeFKk.s:7785   .debug_str:0000000000001d9f .LASF367
C:\Users\zero6575\AppData\Local\Temp\cceIeFKk.s:8263   .debug_str:0000000000003718 .LASF368
C:\Users\zero6575\AppData\Local\Temp\cceIeFKk.s:9949   .debug_str:0000000000008f49 .LASF369
C:\Users\zero6575\AppData\Local\Temp\cceIeFKk.s:9547   .debug_str:000000000000797b .LASF370
C:\Users\zero6575\AppData\Local\Temp\cceIeFKk.s:7889   .debug_str:00000000000022d3 .LASF371
C:\Users\zero6575\AppData\Local\Temp\cceIeFKk.s:7569   .debug_str:00000000000010be .LASF372
C:\Users\zero6575\AppData\Local\Temp\cceIeFKk.s:7477   .debug_str:0000000000000bd5 .LASF373
C:\Users\zero6575\AppData\Local\Temp\cceIeFKk.s:7349   .debug_str:000000000000060f .LASF374
C:\Users\zero6575\AppData\Local\Temp\cceIeFKk.s:8619   .debug_str:0000000000004a24 .LASF375
C:\Users\zero6575\AppData\Local\Temp\cceIeFKk.s:9161   .debug_str:000000000000677c .LASF376
C:\Users\zero6575\AppData\Local\Temp\cceIeFKk.s:9545   .debug_str:0000000000007971 .LASF377
C:\Users\zero6575\AppData\Local\Temp\cceIeFKk.s:9611   .debug_str:0000000000007d71 .LASF378
C:\Users\zero6575\AppData\Local\Temp\cceIeFKk.s:8643   .debug_str:0000000000004b2d .LASF379
C:\Users\zero6575\AppData\Local\Temp\cceIeFKk.s:9479   .debug_str:00000000000076c8 .LASF380
C:\Users\zero6575\AppData\Local\Temp\cceIeFKk.s:8061   .debug_str:0000000000002ce0 .LASF381
C:\Users\zero6575\AppData\Local\Temp\cceIeFKk.s:7237   .debug_str:00000000000000a0 .LASF382
C:\Users\zero6575\AppData\Local\Temp\cceIeFKk.s:8119   .debug_str:000000000000304d .LASF383
C:\Users\zero6575\AppData\Local\Temp\cceIeFKk.s:7573   .debug_str:00000000000010fd .LASF384
C:\Users\zero6575\AppData\Local\Temp\cceIeFKk.s:9861   .debug_str:0000000000008a54 .LASF385
C:\Users\zero6575\AppData\Local\Temp\cceIeFKk.s:8327   .debug_str:0000000000003aee .LASF386
C:\Users\zero6575\AppData\Local\Temp\cceIeFKk.s:8563   .debug_str:000000000000470a .LASF387
C:\Users\zero6575\AppData\Local\Temp\cceIeFKk.s:8359   .debug_str:0000000000003c88 .LASF388
C:\Users\zero6575\AppData\Local\Temp\cceIeFKk.s:9341   .debug_str:0000000000007148 .LASF389
C:\Users\zero6575\AppData\Local\Temp\cceIeFKk.s:8537   .debug_str:00000000000045e4 .LASF390
C:\Users\zero6575\AppData\Local\Temp\cceIeFKk.s:9303   .debug_str:0000000000006ecf .LASF391
C:\Users\zero6575\AppData\Local\Temp\cceIeFKk.s:8711   .debug_str:0000000000004f32 .LASF392
C:\Users\zero6575\AppData\Local\Temp\cceIeFKk.s:8713   .debug_str:0000000000004f3e .LASF393
C:\Users\zero6575\AppData\Local\Temp\cceIeFKk.s:9989   .debug_str:00000000000090e8 .LASF394
C:\Users\zero6575\AppData\Local\Temp\cceIeFKk.s:8485   .debug_str:000000000000435a .LASF398
C:\Users\zero6575\AppData\Local\Temp\cceIeFKk.s:8669   .debug_str:0000000000004ce5 .LASF399
C:\Users\zero6575\AppData\Local\Temp\cceIeFKk.s:8515   .debug_str:0000000000004469 .LASF400
C:\Users\zero6575\AppData\Local\Temp\cceIeFKk.s:8055   .debug_str:0000000000002caa .LASF401
C:\Users\zero6575\AppData\Local\Temp\cceIeFKk.s:8191   .debug_str:00000000000033ae .LASF402
C:\Users\zero6575\AppData\Local\Temp\cceIeFKk.s:9145   .debug_str:0000000000006680 .LASF403
C:\Users\zero6575\AppData\Local\Temp\cceIeFKk.s:9569   .debug_str:0000000000007aca .LASF404
C:\Users\zero6575\AppData\Local\Temp\cceIeFKk.s:8025   .debug_str:0000000000002ae1 .LASF405
C:\Users\zero6575\AppData\Local\Temp\cceIeFKk.s:8059   .debug_str:0000000000002cce .LASF406
C:\Users\zero6575\AppData\Local\Temp\cceIeFKk.s:7885   .debug_str:00000000000022ae .LASF407
C:\Users\zero6575\AppData\Local\Temp\cceIeFKk.s:9795   .debug_str:0000000000008685 .LASF408
C:\Users\zero6575\AppData\Local\Temp\cceIeFKk.s:9171   .debug_str:000000000000680c .LASF409
C:\Users\zero6575\AppData\Local\Temp\cceIeFKk.s:9233   .debug_str:0000000000006b7d .LASF410
C:\Users\zero6575\AppData\Local\Temp\cceIeFKk.s:9755   .debug_str:00000000000084a8 .LASF411
C:\Users\zero6575\AppData\Local\Temp\cceIeFKk.s:9563   .debug_str:0000000000007a94 .LASF412
C:\Users\zero6575\AppData\Local\Temp\cceIeFKk.s:9021   .debug_str:0000000000005fef .LASF413
C:\Users\zero6575\AppData\Local\Temp\cceIeFKk.s:9281   .debug_str:0000000000006dba .LASF414
C:\Users\zero6575\AppData\Local\Temp\cceIeFKk.s:9481   .debug_str:00000000000076d7 .LASF415
C:\Users\zero6575\AppData\Local\Temp\cceIeFKk.s:7655   .debug_str:0000000000001783 .LASF416
C:\Users\zero6575\AppData\Local\Temp\cceIeFKk.s:9483   .debug_str:00000000000076e7 .LASF417
C:\Users\zero6575\AppData\Local\Temp\cceIeFKk.s:7241   .debug_str:00000000000000bc .LASF418
C:\Users\zero6575\AppData\Local\Temp\cceIeFKk.s:8513   .debug_str:0000000000004452 .LASF419
C:\Users\zero6575\AppData\Local\Temp\cceIeFKk.s:8313   .debug_str:0000000000003a2c .LASF420
C:\Users\zero6575\AppData\Local\Temp\cceIeFKk.s:9065   .debug_str:0000000000006265 .LASF421
C:\Users\zero6575\AppData\Local\Temp\cceIeFKk.s:8991   .debug_str:0000000000005e79 .LASF422
C:\Users\zero6575\AppData\Local\Temp\cceIeFKk.s:7741   .debug_str:0000000000001b48 .LASF423
C:\Users\zero6575\AppData\Local\Temp\cceIeFKk.s:9945   .debug_str:0000000000008f2a .LASF424
C:\Users\zero6575\AppData\Local\Temp\cceIeFKk.s:9705   .debug_str:000000000000820a .LASF425
C:\Users\zero6575\AppData\Local\Temp\cceIeFKk.s:9263   .debug_str:0000000000006cb9 .LASF426
C:\Users\zero6575\AppData\Local\Temp\cceIeFKk.s:8105   .debug_str:0000000000002fda .LASF427
C:\Users\zero6575\AppData\Local\Temp\cceIeFKk.s:9739   .debug_str:0000000000008388 .LASF428
C:\Users\zero6575\AppData\Local\Temp\cceIeFKk.s:8225   .debug_str:000000000000358c .LASF429
C:\Users\zero6575\AppData\Local\Temp\cceIeFKk.s:7441   .debug_str:0000000000000a27 .LASF430
C:\Users\zero6575\AppData\Local\Temp\cceIeFKk.s:8657   .debug_str:0000000000004c5a .LASF431
C:\Users\zero6575\AppData\Local\Temp\cceIeFKk.s:7377   .debug_str:00000000000006bf .LASF432
C:\Users\zero6575\AppData\Local\Temp\cceIeFKk.s:8769   .debug_str:00000000000052c8 .LASF433
C:\Users\zero6575\AppData\Local\Temp\cceIeFKk.s:8885   .debug_str:00000000000058d0 .LASF434
C:\Users\zero6575\AppData\Local\Temp\cceIeFKk.s:8499   .debug_str:00000000000043fb .LASF435
C:\Users\zero6575\AppData\Local\Temp\cceIeFKk.s:9409   .debug_str:0000000000007411 .LASF436
C:\Users\zero6575\AppData\Local\Temp\cceIeFKk.s:7669   .debug_str:000000000000181a .LASF437
C:\Users\zero6575\AppData\Local\Temp\cceIeFKk.s:8995   .debug_str:0000000000005e9f .LASF438
C:\Users\zero6575\AppData\Local\Temp\cceIeFKk.s:7535   .debug_str:0000000000000ec4 .LASF440
C:\Users\zero6575\AppData\Local\Temp\cceIeFKk.s:9131   .debug_str:00000000000065a9 .LASF441
C:\Users\zero6575\AppData\Local\Temp\cceIeFKk.s:7523   .debug_str:0000000000000e46 .LASF442
C:\Users\zero6575\AppData\Local\Temp\cceIeFKk.s:9863   .debug_str:0000000000008a65 .LASF443
C:\Users\zero6575\AppData\Local\Temp\cceIeFKk.s:8405   .debug_str:0000000000003ea9 .LASF444
C:\Users\zero6575\AppData\Local\Temp\cceIeFKk.s:7393   .debug_str:000000000000076b .LASF445
C:\Users\zero6575\AppData\Local\Temp\cceIeFKk.s:9745   .debug_str:0000000000008403 .LASF446
C:\Users\zero6575\AppData\Local\Temp\cceIeFKk.s:8909   .debug_str:00000000000059a3 .LASF447
C:\Users\zero6575\AppData\Local\Temp\cceIeFKk.s:7835   .debug_str:000000000000200a .LASF448
C:\Users\zero6575\AppData\Local\Temp\cceIeFKk.s:8865   .debug_str:0000000000005787 .LASF449
C:\Users\zero6575\AppData\Local\Temp\cceIeFKk.s:8145   .debug_str:000000000000317f .LASF450
C:\Users\zero6575\AppData\Local\Temp\cceIeFKk.s:9443   .debug_str:000000000000757a .LASF451
C:\Users\zero6575\AppData\Local\Temp\cceIeFKk.s:7899   .debug_str:000000000000234e .LASF452
C:\Users\zero6575\AppData\Local\Temp\cceIeFKk.s:8333   .debug_str:0000000000003b4d .LASF453
C:\Users\zero6575\AppData\Local\Temp\cceIeFKk.s:9407   .debug_str:0000000000007405 .LASF454
C:\Users\zero6575\AppData\Local\Temp\cceIeFKk.s:8245   .debug_str:0000000000003664 .LASF455
C:\Users\zero6575\AppData\Local\Temp\cceIeFKk.s:10113  .debug_str:00000000000096af .LASF456
C:\Users\zero6575\AppData\Local\Temp\cceIeFKk.s:8663   .debug_str:0000000000004cad .LASF457
C:\Users\zero6575\AppData\Local\Temp\cceIeFKk.s:9771   .debug_str:0000000000008566 .LASF458
C:\Users\zero6575\AppData\Local\Temp\cceIeFKk.s:8593   .debug_str:00000000000048dc .LASF459
C:\Users\zero6575\AppData\Local\Temp\cceIeFKk.s:7553   .debug_str:0000000000000fbc .LASF460
C:\Users\zero6575\AppData\Local\Temp\cceIeFKk.s:9081   .debug_str:0000000000006334 .LASF461
C:\Users\zero6575\AppData\Local\Temp\cceIeFKk.s:7249   .debug_str:0000000000000105 .LASF462
C:\Users\zero6575\AppData\Local\Temp\cceIeFKk.s:8947   .debug_str:0000000000005c44 .LASF463
C:\Users\zero6575\AppData\Local\Temp\cceIeFKk.s:7977   .debug_str:0000000000002817 .LASF464
C:\Users\zero6575\AppData\Local\Temp\cceIeFKk.s:9413   .debug_str:0000000000007441 .LASF465
C:\Users\zero6575\AppData\Local\Temp\cceIeFKk.s:8689   .debug_str:0000000000004e08 .LASF466
C:\Users\zero6575\AppData\Local\Temp\cceIeFKk.s:7865   .debug_str:0000000000002189 .LASF467
C:\Users\zero6575\AppData\Local\Temp\cceIeFKk.s:8765   .debug_str:00000000000052a7 .LASF468
C:\Users\zero6575\AppData\Local\Temp\cceIeFKk.s:9431   .debug_str:00000000000074fb .LASF469
C:\Users\zero6575\AppData\Local\Temp\cceIeFKk.s:8109   .debug_str:0000000000002ff5 .LASF470
C:\Users\zero6575\AppData\Local\Temp\cceIeFKk.s:8431   .debug_str:0000000000003f86 .LASF471
C:\Users\zero6575\AppData\Local\Temp\cceIeFKk.s:8195   .debug_str:00000000000033ed .LASF472
C:\Users\zero6575\AppData\Local\Temp\cceIeFKk.s:9747   .debug_str:000000000000840b .LASF473
C:\Users\zero6575\AppData\Local\Temp\cceIeFKk.s:10071  .debug_str:000000000000950d .LASF474
C:\Users\zero6575\AppData\Local\Temp\cceIeFKk.s:9531   .debug_str:00000000000078d3 .LASF475
C:\Users\zero6575\AppData\Local\Temp\cceIeFKk.s:8231   .debug_str:00000000000035c9 .LASF476
C:\Users\zero6575\AppData\Local\Temp\cceIeFKk.s:8543   .debug_str:0000000000004615 .LASF477
C:\Users\zero6575\AppData\Local\Temp\cceIeFKk.s:7273   .debug_str:0000000000000288 .LASF478
C:\Users\zero6575\AppData\Local\Temp\cceIeFKk.s:8217   .debug_str:0000000000003522 .LASF479
C:\Users\zero6575\AppData\Local\Temp\cceIeFKk.s:9293   .debug_str:0000000000006e48 .LASF480
C:\Users\zero6575\AppData\Local\Temp\cceIeFKk.s:8547   .debug_str:0000000000004635 .LASF481
C:\Users\zero6575\AppData\Local\Temp\cceIeFKk.s:8779   .debug_str:0000000000005311 .LASF482
C:\Users\zero6575\AppData\Local\Temp\cceIeFKk.s:9283   .debug_str:0000000000006dca .LASF483
C:\Users\zero6575\AppData\Local\Temp\cceIeFKk.s:10127  .debug_str:0000000000009759 .LASF484
C:\Users\zero6575\AppData\Local\Temp\cceIeFKk.s:7787   .debug_str:0000000000001db1 .LASF485
C:\Users\zero6575\AppData\Local\Temp\cceIeFKk.s:8213   .debug_str:00000000000034e9 .LASF486
C:\Users\zero6575\AppData\Local\Temp\cceIeFKk.s:8253   .debug_str:00000000000036ab .LASF487
C:\Users\zero6575\AppData\Local\Temp\cceIeFKk.s:8281   .debug_str:00000000000038a2 .LASF488
C:\Users\zero6575\AppData\Local\Temp\cceIeFKk.s:9601   .debug_str:0000000000007d08 .LASF489
C:\Users\zero6575\AppData\Local\Temp\cceIeFKk.s:9583   .debug_str:0000000000007ba1 .LASF490
C:\Users\zero6575\AppData\Local\Temp\cceIeFKk.s:9237   .debug_str:0000000000006ba4 .LASF491
C:\Users\zero6575\AppData\Local\Temp\cceIeFKk.s:8487   .debug_str:0000000000004370 .LASF492
C:\Users\zero6575\AppData\Local\Temp\cceIeFKk.s:9155   .debug_str:0000000000006731 .LASF493
C:\Users\zero6575\AppData\Local\Temp\cceIeFKk.s:9259   .debug_str:0000000000006c95 .LASF494
C:\Users\zero6575\AppData\Local\Temp\cceIeFKk.s:9013   .debug_str:0000000000005fa5 .LASF495
C:\Users\zero6575\AppData\Local\Temp\cceIeFKk.s:9291   .debug_str:0000000000006e1f .LASF496
C:\Users\zero6575\AppData\Local\Temp\cceIeFKk.s:8615   .debug_str:00000000000049e8 .LASF497
C:\Users\zero6575\AppData\Local\Temp\cceIeFKk.s:8083   .debug_str:0000000000002e0e .LASF498
C:\Users\zero6575\AppData\Local\Temp\cceIeFKk.s:7871   .debug_str:00000000000021cd .LASF499
C:\Users\zero6575\AppData\Local\Temp\cceIeFKk.s:8583   .debug_str:000000000000483d .LASF500
C:\Users\zero6575\AppData\Local\Temp\cceIeFKk.s:7747   .debug_str:0000000000001ba1 .LASF501
C:\Users\zero6575\AppData\Local\Temp\cceIeFKk.s:9055   .debug_str:00000000000061cf .LASF502
C:\Users\zero6575\AppData\Local\Temp\cceIeFKk.s:9881   .debug_str:0000000000008b2f .LASF503
C:\Users\zero6575\AppData\Local\Temp\cceIeFKk.s:9255   .debug_str:0000000000006c61 .LASF504
C:\Users\zero6575\AppData\Local\Temp\cceIeFKk.s:8385   .debug_str:0000000000003d6c .LASF505
C:\Users\zero6575\AppData\Local\Temp\cceIeFKk.s:10137  .debug_str:00000000000097b2 .LASF506
C:\Users\zero6575\AppData\Local\Temp\cceIeFKk.s:9329   .debug_str:0000000000006fec .LASF507
C:\Users\zero6575\AppData\Local\Temp\cceIeFKk.s:9393   .debug_str:0000000000007355 .LASF508
C:\Users\zero6575\AppData\Local\Temp\cceIeFKk.s:8701   .debug_str:0000000000004e9e .LASF509
C:\Users\zero6575\AppData\Local\Temp\cceIeFKk.s:7605   .debug_str:0000000000001297 .LASF510
C:\Users\zero6575\AppData\Local\Temp\cceIeFKk.s:7591   .debug_str:00000000000011e6 .LASF511
C:\Users\zero6575\AppData\Local\Temp\cceIeFKk.s:7767   .debug_str:0000000000001c8d .LASF512
C:\Users\zero6575\AppData\Local\Temp\cceIeFKk.s:8623   .debug_str:0000000000004a43 .LASF513
C:\Users\zero6575\AppData\Local\Temp\cceIeFKk.s:9773   .debug_str:0000000000008570 .LASF514
C:\Users\zero6575\AppData\Local\Temp\cceIeFKk.s:7841   .debug_str:000000000000206a .LASF515
C:\Users\zero6575\AppData\Local\Temp\cceIeFKk.s:7299   .debug_str:00000000000003cf .LASF516
C:\Users\zero6575\AppData\Local\Temp\cceIeFKk.s:9717   .debug_str:000000000000828c .LASF517
C:\Users\zero6575\AppData\Local\Temp\cceIeFKk.s:8201   .debug_str:0000000000003433 .LASF518
C:\Users\zero6575\AppData\Local\Temp\cceIeFKk.s:9051   .debug_str:000000000000619a .LASF519
C:\Users\zero6575\AppData\Local\Temp\cceIeFKk.s:8671   .debug_str:0000000000004cfd .LASF520
C:\Users\zero6575\AppData\Local\Temp\cceIeFKk.s:10089  .debug_str:00000000000095b1 .LASF521
C:\Users\zero6575\AppData\Local\Temp\cceIeFKk.s:8707   .debug_str:0000000000004efc .LASF522
C:\Users\zero6575\AppData\Local\Temp\cceIeFKk.s:7471   .debug_str:0000000000000b7f .LASF523
C:\Users\zero6575\AppData\Local\Temp\cceIeFKk.s:9957   .debug_str:0000000000008faa .LASF524
C:\Users\zero6575\AppData\Local\Temp\cceIeFKk.s:9207   .debug_str:00000000000069d6 .LASF525
C:\Users\zero6575\AppData\Local\Temp\cceIeFKk.s:7403   .debug_str:0000000000000808 .LASF526
C:\Users\zero6575\AppData\Local\Temp\cceIeFKk.s:8329   .debug_str:0000000000003afc .LASF527
C:\Users\zero6575\AppData\Local\Temp\cceIeFKk.s:9533   .debug_str:00000000000078e6 .LASF528
C:\Users\zero6575\AppData\Local\Temp\cceIeFKk.s:9703   .debug_str:00000000000081ee .LASF529
C:\Users\zero6575\AppData\Local\Temp\cceIeFKk.s:8291   .debug_str:00000000000038de .LASF530
C:\Users\zero6575\AppData\Local\Temp\cceIeFKk.s:10009  .debug_str:0000000000009179 .LASF531
C:\Users\zero6575\AppData\Local\Temp\cceIeFKk.s:9453   .debug_str:00000000000075a1 .LASF532
C:\Users\zero6575\AppData\Local\Temp\cceIeFKk.s:7295   .debug_str:0000000000000390 .LASF533
C:\Users\zero6575\AppData\Local\Temp\cceIeFKk.s:9781   .debug_str:00000000000085e5 .LASF534
C:\Users\zero6575\AppData\Local\Temp\cceIeFKk.s:9383   .debug_str:00000000000072f6 .LASF535
C:\Users\zero6575\AppData\Local\Temp\cceIeFKk.s:8037   .debug_str:0000000000002ba0 .LASF536
C:\Users\zero6575\AppData\Local\Temp\cceIeFKk.s:10045  .debug_str:0000000000009392 .LASF537
C:\Users\zero6575\AppData\Local\Temp\cceIeFKk.s:8467   .debug_str:0000000000004206 .LASF538
C:\Users\zero6575\AppData\Local\Temp\cceIeFKk.s:8617   .debug_str:0000000000004a0c .LASF539
C:\Users\zero6575\AppData\Local\Temp\cceIeFKk.s:8913   .debug_str:00000000000059bd .LASF540
C:\Users\zero6575\AppData\Local\Temp\cceIeFKk.s:9113   .debug_str:00000000000064f6 .LASF541
C:\Users\zero6575\AppData\Local\Temp\cceIeFKk.s:8445   .debug_str:000000000000405c .LASF542
C:\Users\zero6575\AppData\Local\Temp\cceIeFKk.s:8031   .debug_str:0000000000002b4f .LASF543
C:\Users\zero6575\AppData\Local\Temp\cceIeFKk.s:8703   .debug_str:0000000000004ec4 .LASF544
C:\Users\zero6575\AppData\Local\Temp\cceIeFKk.s:7321   .debug_str:00000000000004b1 .LASF545
C:\Users\zero6575\AppData\Local\Temp\cceIeFKk.s:8649   .debug_str:0000000000004b85 .LASF546
C:\Users\zero6575\AppData\Local\Temp\cceIeFKk.s:7345   .debug_str:00000000000005eb .LASF547
C:\Users\zero6575\AppData\Local\Temp\cceIeFKk.s:9165   .debug_str:0000000000006798 .LASF548
C:\Users\zero6575\AppData\Local\Temp\cceIeFKk.s:9031   .debug_str:0000000000006051 .LASF549
C:\Users\zero6575\AppData\Local\Temp\cceIeFKk.s:8987   .debug_str:0000000000005e4c .LASF550
C:\Users\zero6575\AppData\Local\Temp\cceIeFKk.s:8427   .debug_str:0000000000003f6f .LASF552
C:\Users\zero6575\AppData\Local\Temp\cceIeFKk.s:8895   .debug_str:000000000000593c .LASF553
C:\Users\zero6575\AppData\Local\Temp\cceIeFKk.s:9205   .debug_str:00000000000069c7 .LASF557
C:\Users\zero6575\AppData\Local\Temp\cceIeFKk.s:8803   .debug_str:00000000000054d2 .LASF558
C:\Users\zero6575\AppData\Local\Temp\cceIeFKk.s:8169   .debug_str:0000000000003258 .LASF559
C:\Users\zero6575\AppData\Local\Temp\cceIeFKk.s:7243   .debug_str:00000000000000cd .LASF560
C:\Users\zero6575\AppData\Local\Temp\cceIeFKk.s:8013   .debug_str:0000000000002a31 .LASF561
C:\Users\zero6575\AppData\Local\Temp\cceIeFKk.s:7863   .debug_str:0000000000002175 .LASF562
C:\Users\zero6575\AppData\Local\Temp\cceIeFKk.s:9169   .debug_str:00000000000067e9 .LASF563
C:\Users\zero6575\AppData\Local\Temp\cceIeFKk.s:7335   .debug_str:000000000000059b .LASF564
C:\Users\zero6575\AppData\Local\Temp\cceIeFKk.s:8815   .debug_str:000000000000554b .LASF565
C:\Users\zero6575\AppData\Local\Temp\cceIeFKk.s:9825   .debug_str:0000000000008832 .LASF566
C:\Users\zero6575\AppData\Local\Temp\cceIeFKk.s:7699   .debug_str:0000000000001937 .LASF568
C:\Users\zero6575\AppData\Local\Temp\cceIeFKk.s:8065   .debug_str:0000000000002d06 .LASF569
C:\Users\zero6575\AppData\Local\Temp\cceIeFKk.s:9833   .debug_str:0000000000008890 .LASF570
C:\Users\zero6575\AppData\Local\Temp\cceIeFKk.s:10049  .debug_str:00000000000093c9 .LASF571
C:\Users\zero6575\AppData\Local\Temp\cceIeFKk.s:8831   .debug_str:00000000000055fd .LASF572
C:\Users\zero6575\AppData\Local\Temp\cceIeFKk.s:9565   .debug_str:0000000000007aa5 .LASF573
C:\Users\zero6575\AppData\Local\Temp\cceIeFKk.s:8151   .debug_str:00000000000031c1 .LASF574
C:\Users\zero6575\AppData\Local\Temp\cceIeFKk.s:8819   .debug_str:0000000000005592 .LASF575
C:\Users\zero6575\AppData\Local\Temp\cceIeFKk.s:9791   .debug_str:0000000000008665 .LASF576
C:\Users\zero6575\AppData\Local\Temp\cceIeFKk.s:7301   .debug_str:00000000000003f7 .LASF577
C:\Users\zero6575\AppData\Local\Temp\cceIeFKk.s:9349   .debug_str:0000000000007190 .LASF578
C:\Users\zero6575\AppData\Local\Temp\cceIeFKk.s:9707   .debug_str:000000000000821a .LASF579
C:\Users\zero6575\AppData\Local\Temp\cceIeFKk.s:8545   .debug_str:0000000000004629 .LASF580
C:\Users\zero6575\AppData\Local\Temp\cceIeFKk.s:9593   .debug_str:0000000000007cb4 .LASF581
C:\Users\zero6575\AppData\Local\Temp\cceIeFKk.s:9829   .debug_str:0000000000008856 .LASF582
C:\Users\zero6575\AppData\Local\Temp\cceIeFKk.s:9741   .debug_str:000000000000839d .LASF583
C:\Users\zero6575\AppData\Local\Temp\cceIeFKk.s:9571   .debug_str:0000000000007af7 .LASF584
C:\Users\zero6575\AppData\Local\Temp\cceIeFKk.s:7505   .debug_str:0000000000000d4f .LASF585
C:\Users\zero6575\AppData\Local\Temp\cceIeFKk.s:9823   .debug_str:0000000000008810 .LASF586
C:\Users\zero6575\AppData\Local\Temp\cceIeFKk.s:8437   .debug_str:0000000000003fc0 .LASF587
C:\Users\zero6575\AppData\Local\Temp\cceIeFKk.s:8349   .debug_str:0000000000003c16 .LASF588
C:\Users\zero6575\AppData\Local\Temp\cceIeFKk.s:7337   .debug_str:00000000000005a8 .LASF589
C:\Users\zero6575\AppData\Local\Temp\cceIeFKk.s:7259   .debug_str:0000000000000155 .LASF590
C:\Users\zero6575\AppData\Local\Temp\cceIeFKk.s:8489   .debug_str:000000000000438e .LASF591
C:\Users\zero6575\AppData\Local\Temp\cceIeFKk.s:7375   .debug_str:00000000000006b6 .LASF593
C:\Users\zero6575\AppData\Local\Temp\cceIeFKk.s:7973   .debug_str:00000000000027eb .LASF594
C:\Users\zero6575\AppData\Local\Temp\cceIeFKk.s:7265   .debug_str:00000000000001a9 .LASF595
C:\Users\zero6575\AppData\Local\Temp\cceIeFKk.s:10085  .debug_str:0000000000009599 .LASF596
C:\Users\zero6575\AppData\Local\Temp\cceIeFKk.s:8925   .debug_str:0000000000005a47 .LASF597
C:\Users\zero6575\AppData\Local\Temp\cceIeFKk.s:8725   .debug_str:0000000000005042 .LASF598
C:\Users\zero6575\AppData\Local\Temp\cceIeFKk.s:8553   .debug_str:0000000000004689 .LASF599
C:\Users\zero6575\AppData\Local\Temp\cceIeFKk.s:9337   .debug_str:00000000000070ff .LASF600
C:\Users\zero6575\AppData\Local\Temp\cceIeFKk.s:7575   .debug_str:000000000000110f .LASF601
C:\Users\zero6575\AppData\Local\Temp\cceIeFKk.s:8331   .debug_str:0000000000003b20 .LASF602
C:\Users\zero6575\AppData\Local\Temp\cceIeFKk.s:7621   .debug_str:0000000000001360 .LASF603
C:\Users\zero6575\AppData\Local\Temp\cceIeFKk.s:9585   .debug_str:0000000000007bc2 .LASF604
C:\Users\zero6575\AppData\Local\Temp\cceIeFKk.s:8193   .debug_str:00000000000033c6 .LASF605
C:\Users\zero6575\AppData\Local\Temp\cceIeFKk.s:8961   .debug_str:0000000000005ce6 .LASF606
C:\Users\zero6575\AppData\Local\Temp\cceIeFKk.s:7711   .debug_str:00000000000019ba .LASF607
C:\Users\zero6575\AppData\Local\Temp\cceIeFKk.s:7559   .debug_str:0000000000000ffa .LASF608
C:\Users\zero6575\AppData\Local\Temp\cceIeFKk.s:9619   .debug_str:0000000000007de2 .LASF609
C:\Users\zero6575\AppData\Local\Temp\cceIeFKk.s:8757   .debug_str:00000000000051b5 .LASF610
C:\Users\zero6575\AppData\Local\Temp\cceIeFKk.s:9613   .debug_str:0000000000007d7c .LASF611
C:\Users\zero6575\AppData\Local\Temp\cceIeFKk.s:7949   .debug_str:00000000000026fe .LASF612
C:\Users\zero6575\AppData\Local\Temp\cceIeFKk.s:8791   .debug_str:0000000000005425 .LASF613
C:\Users\zero6575\AppData\Local\Temp\cceIeFKk.s:7665   .debug_str:0000000000001804 .LASF614
C:\Users\zero6575\AppData\Local\Temp\cceIeFKk.s:8835   .debug_str:000000000000561c .LASF615
C:\Users\zero6575\AppData\Local\Temp\cceIeFKk.s:9433   .debug_str:000000000000750e .LASF616
C:\Users\zero6575\AppData\Local\Temp\cceIeFKk.s:8569   .debug_str:0000000000004763 .LASF617
C:\Users\zero6575\AppData\Local\Temp\cceIeFKk.s:9489   .debug_str:0000000000007725 .LASF618
C:\Users\zero6575\AppData\Local\Temp\cceIeFKk.s:10017  .debug_str:00000000000091fd .LASF619
C:\Users\zero6575\AppData\Local\Temp\cceIeFKk.s:8751   .debug_str:0000000000005176 .LASF620
C:\Users\zero6575\AppData\Local\Temp\cceIeFKk.s:8687   .debug_str:0000000000004df0 .LASF621
C:\Users\zero6575\AppData\Local\Temp\cceIeFKk.s:8871   .debug_str:00000000000057ba .LASF622
C:\Users\zero6575\AppData\Local\Temp\cceIeFKk.s:8921   .debug_str:0000000000005a16 .LASF623
C:\Users\zero6575\AppData\Local\Temp\cceIeFKk.s:9485   .debug_str:00000000000076fd .LASF624
C:\Users\zero6575\AppData\Local\Temp\cceIeFKk.s:7763   .debug_str:0000000000001c5c .LASF625
C:\Users\zero6575\AppData\Local\Temp\cceIeFKk.s:9933   .debug_str:0000000000008ea3 .LASF626
C:\Users\zero6575\AppData\Local\Temp\cceIeFKk.s:9603   .debug_str:0000000000007d21 .LASF627
C:\Users\zero6575\AppData\Local\Temp\cceIeFKk.s:9931   .debug_str:0000000000008dad .LASF628
C:\Users\zero6575\AppData\Local\Temp\cceIeFKk.s:8759   .debug_str:00000000000051d9 .LASF629
C:\Users\zero6575\AppData\Local\Temp\cceIeFKk.s:9231   .debug_str:0000000000006b61 .LASF630
C:\Users\zero6575\AppData\Local\Temp\cceIeFKk.s:9333   .debug_str:0000000000007045 .LASF631
C:\Users\zero6575\AppData\Local\Temp\cceIeFKk.s:7399   .debug_str:0000000000000798 .LASF632
C:\Users\zero6575\AppData\Local\Temp\cceIeFKk.s:7271   .debug_str:00000000000001f8 .LASF633
C:\Users\zero6575\AppData\Local\Temp\cceIeFKk.s:7937   .debug_str:0000000000002548 .LASF634
C:\Users\zero6575\AppData\Local\Temp\cceIeFKk.s:8535   .debug_str:000000000000456f .LASF635
C:\Users\zero6575\AppData\Local\Temp\cceIeFKk.s:8469   .debug_str:0000000000004220 .LASF636
C:\Users\zero6575\AppData\Local\Temp\cceIeFKk.s:9835   .debug_str:00000000000088b8 .LASF637
C:\Users\zero6575\AppData\Local\Temp\cceIeFKk.s:10041  .debug_str:000000000000932e .LASF638
C:\Users\zero6575\AppData\Local\Temp\cceIeFKk.s:7627   .debug_str:00000000000013b0 .LASF639
C:\Users\zero6575\AppData\Local\Temp\cceIeFKk.s:7425   .debug_str:0000000000000955 .LASF640
C:\Users\zero6575\AppData\Local\Temp\cceIeFKk.s:7775   .debug_str:0000000000001cf3 .LASF641
C:\Users\zero6575\AppData\Local\Temp\cceIeFKk.s:9273   .debug_str:0000000000006d3a .LASF642
C:\Users\zero6575\AppData\Local\Temp\cceIeFKk.s:9575   .debug_str:0000000000007b34 .LASF643
C:\Users\zero6575\AppData\Local\Temp\cceIeFKk.s:8661   .debug_str:0000000000004c80 .LASF644
C:\Users\zero6575\AppData\Local\Temp\cceIeFKk.s:9279   .debug_str:0000000000006d8d .LASF645
C:\Users\zero6575\AppData\Local\Temp\cceIeFKk.s:8839   .debug_str:000000000000564b .LASF646
C:\Users\zero6575\AppData\Local\Temp\cceIeFKk.s:8223   .debug_str:0000000000003560 .LASF647
C:\Users\zero6575\AppData\Local\Temp\cceIeFKk.s:8953   .debug_str:0000000000005c94 .LASF648
C:\Users\zero6575\AppData\Local\Temp\cceIeFKk.s:7823   .debug_str:0000000000001f8d .LASF649
C:\Users\zero6575\AppData\Local\Temp\cceIeFKk.s:8645   .debug_str:0000000000004b38 .LASF650
C:\Users\zero6575\AppData\Local\Temp\cceIeFKk.s:7771   .debug_str:0000000000001cbc .LASF651
C:\Users\zero6575\AppData\Local\Temp\cceIeFKk.s:9685   .debug_str:0000000000008105 .LASF652
C:\Users\zero6575\AppData\Local\Temp\cceIeFKk.s:8691   .debug_str:0000000000004e1a .LASF653
C:\Users\zero6575\AppData\Local\Temp\cceIeFKk.s:10083  .debug_str:0000000000009564 .LASF654
C:\Users\zero6575\AppData\Local\Temp\cceIeFKk.s:9515   .debug_str:0000000000007836 .LASF655
C:\Users\zero6575\AppData\Local\Temp\cceIeFKk.s:7967   .debug_str:0000000000002792 .LASF656
C:\Users\zero6575\AppData\Local\Temp\cceIeFKk.s:9883   .debug_str:0000000000008b55 .LASF657
C:\Users\zero6575\AppData\Local\Temp\cceIeFKk.s:9167   .debug_str:00000000000067b2 .LASF658
C:\Users\zero6575\AppData\Local\Temp\cceIeFKk.s:8979   .debug_str:0000000000005de1 .LASF659
C:\Users\zero6575\AppData\Local\Temp\cceIeFKk.s:7943   .debug_str:00000000000026ab .LASF660
C:\Users\zero6575\AppData\Local\Temp\cceIeFKk.s:7859   .debug_str:0000000000002122 .LASF661
C:\Users\zero6575\AppData\Local\Temp\cceIeFKk.s:7989   .debug_str:00000000000028ce .LASF662
C:\Users\zero6575\AppData\Local\Temp\cceIeFKk.s:7817   .debug_str:0000000000001f16 .LASF663
C:\Users\zero6575\AppData\Local\Temp\cceIeFKk.s:9851   .debug_str:00000000000089aa .LASF664
C:\Users\zero6575\AppData\Local\Temp\cceIeFKk.s:7873   .debug_str:00000000000021ec .LASF665
C:\Users\zero6575\AppData\Local\Temp\cceIeFKk.s:8181   .debug_str:0000000000003302 .LASF666
C:\Users\zero6575\AppData\Local\Temp\cceIeFKk.s:8699   .debug_str:0000000000004e81 .LASF667
C:\Users\zero6575\AppData\Local\Temp\cceIeFKk.s:9435   .debug_str:0000000000007522 .LASF668
C:\Users\zero6575\AppData\Local\Temp\cceIeFKk.s:7921   .debug_str:0000000000002459 .LASF669
C:\Users\zero6575\AppData\Local\Temp\cceIeFKk.s:8215   .debug_str:0000000000003501 .LASF670
C:\Users\zero6575\AppData\Local\Temp\cceIeFKk.s:7881   .debug_str:0000000000002262 .LASF671
C:\Users\zero6575\AppData\Local\Temp\cceIeFKk.s:8177   .debug_str:00000000000032c8 .LASF672
C:\Users\zero6575\AppData\Local\Temp\cceIeFKk.s:7703   .debug_str:0000000000001961 .LASF673
C:\Users\zero6575\AppData\Local\Temp\cceIeFKk.s:8335   .debug_str:0000000000003b59 .LASF674
C:\Users\zero6575\AppData\Local\Temp\cceIeFKk.s:9943   .debug_str:0000000000008f21 .LASF675
C:\Users\zero6575\AppData\Local\Temp\cceIeFKk.s:7753   .debug_str:0000000000001bdc .LASF676
C:\Users\zero6575\AppData\Local\Temp\cceIeFKk.s:9895   .debug_str:0000000000008c10 .LASF677
C:\Users\zero6575\AppData\Local\Temp\cceIeFKk.s:9701   .debug_str:00000000000081e8 .LASF678
C:\Users\zero6575\AppData\Local\Temp\cceIeFKk.s:7997   .debug_str:000000000000294f .LASF679
C:\Users\zero6575\AppData\Local\Temp\cceIeFKk.s:7397   .debug_str:0000000000000790 .LASF680
C:\Users\zero6575\AppData\Local\Temp\cceIeFKk.s:8587   .debug_str:0000000000004870 .LASF681
C:\Users\zero6575\AppData\Local\Temp\cceIeFKk.s:7815   .debug_str:0000000000001f0e .LASF682
C:\Users\zero6575\AppData\Local\Temp\cceIeFKk.s:8161   .debug_str:0000000000003229 .LASF683
C:\Users\zero6575\AppData\Local\Temp\cceIeFKk.s:8127   .debug_str:0000000000003099 .LASF684
C:\Users\zero6575\AppData\Local\Temp\cceIeFKk.s:8579   .debug_str:000000000000481b .LASF685
C:\Users\zero6575\AppData\Local\Temp\cceIeFKk.s:10125  .debug_str:000000000000974f .LASF686
C:\Users\zero6575\AppData\Local\Temp\cceIeFKk.s:9395   .debug_str:0000000000007380 .LASF687
C:\Users\zero6575\AppData\Local\Temp\cceIeFKk.s:9325   .debug_str:0000000000006fdc .LASF688
C:\Users\zero6575\AppData\Local\Temp\cceIeFKk.s:7577   .debug_str:000000000000111f .LASF689
C:\Users\zero6575\AppData\Local\Temp\cceIeFKk.s:7253   .debug_str:0000000000000129 .LASF690
C:\Users\zero6575\AppData\Local\Temp\cceIeFKk.s:9045   .debug_str:0000000000006120 .LASF691
C:\Users\zero6575\AppData\Local\Temp\cceIeFKk.s:8425   .debug_str:0000000000003f64 .LASF692
C:\Users\zero6575\AppData\Local\Temp\cceIeFKk.s:9251   .debug_str:0000000000006c4f .LASF693
C:\Users\zero6575\AppData\Local\Temp\cceIeFKk.s:7693   .debug_str:000000000000191d .LASF694
C:\Users\zero6575\AppData\Local\Temp\cceIeFKk.s:7433   .debug_str:00000000000009fe .LASF695
C:\Users\zero6575\AppData\Local\Temp\cceIeFKk.s:7365   .debug_str:0000000000000684 .LASF696
C:\Users\zero6575\AppData\Local\Temp\cceIeFKk.s:9361   .debug_str:000000000000721f .LASF697
C:\Users\zero6575\AppData\Local\Temp\cceIeFKk.s:7481   .debug_str:0000000000000c24 .LASF698
C:\Users\zero6575\AppData\Local\Temp\cceIeFKk.s:8637   .debug_str:0000000000004aef .LASF699
C:\Users\zero6575\AppData\Local\Temp\cceIeFKk.s:8605   .debug_str:0000000000004951 .LASF700
C:\Users\zero6575\AppData\Local\Temp\cceIeFKk.s:7239   .debug_str:00000000000000b2 .LASF701
C:\Users\zero6575\AppData\Local\Temp\cceIeFKk.s:9493   .debug_str:000000000000777e .LASF702
C:\Users\zero6575\AppData\Local\Temp\cceIeFKk.s:9727   .debug_str:0000000000008311 .LASF703
C:\Users\zero6575\AppData\Local\Temp\cceIeFKk.s:10003  .debug_str:000000000000914e .LASF704
C:\Users\zero6575\AppData\Local\Temp\cceIeFKk.s:8771   .debug_str:00000000000052e3 .LASF705
C:\Users\zero6575\AppData\Local\Temp\cceIeFKk.s:8285   .debug_str:00000000000038c4 .LASF706
C:\Users\zero6575\AppData\Local\Temp\cceIeFKk.s:10087  .debug_str:00000000000095a7 .LASF707
C:\Users\zero6575\AppData\Local\Temp\cceIeFKk.s:7649   .debug_str:000000000000175f .LASF708
C:\Users\zero6575\AppData\Local\Temp\cceIeFKk.s:8163   .debug_str:0000000000003233 .LASF709
C:\Users\zero6575\AppData\Local\Temp\cceIeFKk.s:8675   .debug_str:0000000000004d37 .LASF710
C:\Users\zero6575\AppData\Local\Temp\cceIeFKk.s:8505   .debug_str:0000000000004429 .LASF711
C:\Users\zero6575\AppData\Local\Temp\cceIeFKk.s:10039  .debug_str:0000000000009323 .LASF712
C:\Users\zero6575\AppData\Local\Temp\cceIeFKk.s:8283   .debug_str:00000000000038bb .LASF713
C:\Users\zero6575\AppData\Local\Temp\cceIeFKk.s:8901   .debug_str:000000000000596d .LASF714
C:\Users\zero6575\AppData\Local\Temp\cceIeFKk.s:9577   .debug_str:0000000000007b64 .LASF715
C:\Users\zero6575\AppData\Local\Temp\cceIeFKk.s:8143   .debug_str:0000000000003175 .LASF716
C:\Users\zero6575\AppData\Local\Temp\cceIeFKk.s:9027   .debug_str:0000000000006036 .LASF717
C:\Users\zero6575\AppData\Local\Temp\cceIeFKk.s:9897   .debug_str:0000000000008c18 .LASF718
C:\Users\zero6575\AppData\Local\Temp\cceIeFKk.s:7737   .debug_str:0000000000001b39 .LASF719
C:\Users\zero6575\AppData\Local\Temp\cceIeFKk.s:8743   .debug_str:000000000000511f .LASF720
C:\Users\zero6575\AppData\Local\Temp\cceIeFKk.s:7845   .debug_str:00000000000020a9 .LASF721
C:\Users\zero6575\AppData\Local\Temp\cceIeFKk.s:9523   .debug_str:000000000000789b .LASF722
C:\Users\zero6575\AppData\Local\Temp\cceIeFKk.s:7941   .debug_str:00000000000026a2 .LASF723
C:\Users\zero6575\AppData\Local\Temp\cceIeFKk.s:9529   .debug_str:00000000000078c5 .LASF724
C:\Users\zero6575\AppData\Local\Temp\cceIeFKk.s:8709   .debug_str:0000000000004f22 .LASF725
C:\Users\zero6575\AppData\Local\Temp\cceIeFKk.s:7755   .debug_str:0000000000001be4 .LASF726
C:\Users\zero6575\AppData\Local\Temp\cceIeFKk.s:7347   .debug_str:0000000000000603 .LASF727
C:\Users\zero6575\AppData\Local\Temp\cceIeFKk.s:9355   .debug_str:00000000000071b4 .LASF728
C:\Users\zero6575\AppData\Local\Temp\cceIeFKk.s:9995   .debug_str:0000000000009115 .LASF729
C:\Users\zero6575\AppData\Local\Temp\cceIeFKk.s:7257   .debug_str:0000000000000148 .LASF730
C:\Users\zero6575\AppData\Local\Temp\cceIeFKk.s:7625   .debug_str:00000000000013a0 .LASF731
C:\Users\zero6575\AppData\Local\Temp\cceIeFKk.s:8985   .debug_str:0000000000005e3b .LASF732
C:\Users\zero6575\AppData\Local\Temp\cceIeFKk.s:9669   .debug_str:000000000000805d .LASF733
C:\Users\zero6575\AppData\Local\Temp\cceIeFKk.s:8789   .debug_str:0000000000005414 .LASF734
C:\Users\zero6575\AppData\Local\Temp\cceIeFKk.s:8315   .debug_str:0000000000003a3d .LASF735
C:\Users\zero6575\AppData\Local\Temp\cceIeFKk.s:7731   .debug_str:0000000000001b0d .LASF736
C:\Users\zero6575\AppData\Local\Temp\cceIeFKk.s:8967   .debug_str:0000000000005d15 .LASF737
C:\Users\zero6575\AppData\Local\Temp\cceIeFKk.s:8321   .debug_str:0000000000003aca .LASF738
C:\Users\zero6575\AppData\Local\Temp\cceIeFKk.s:10111  .debug_str:000000000000969e .LASF739
C:\Users\zero6575\AppData\Local\Temp\cceIeFKk.s:9709   .debug_str:0000000000008228 .LASF740
C:\Users\zero6575\AppData\Local\Temp\cceIeFKk.s:10123  .debug_str:0000000000009742 .LASF741
C:\Users\zero6575\AppData\Local\Temp\cceIeFKk.s:8057   .debug_str:0000000000002cbd .LASF742
C:\Users\zero6575\AppData\Local\Temp\cceIeFKk.s:8473   .debug_str:00000000000042d2 .LASF743
C:\Users\zero6575\AppData\Local\Temp\cceIeFKk.s:9555   .debug_str:00000000000079e6 .LASF744
C:\Users\zero6575\AppData\Local\Temp\cceIeFKk.s:9041   .debug_str:00000000000060f7 .LASF745
C:\Users\zero6575\AppData\Local\Temp\cceIeFKk.s:8269   .debug_str:000000000000379a .LASF746
C:\Users\zero6575\AppData\Local\Temp\cceIeFKk.s:8873   .debug_str:00000000000057d2 .LASF747
C:\Users\zero6575\AppData\Local\Temp\cceIeFKk.s:8723   .debug_str:0000000000005035 .LASF748
C:\Users\zero6575\AppData\Local\Temp\cceIeFKk.s:7381   .debug_str:00000000000006f2 .LASF749
C:\Users\zero6575\AppData\Local\Temp\cceIeFKk.s:9285   .debug_str:0000000000006de4 .LASF750
C:\Users\zero6575\AppData\Local\Temp\cceIeFKk.s:7279   .debug_str:00000000000002c2 .LASF751
C:\Users\zero6575\AppData\Local\Temp\cceIeFKk.s:10075  .debug_str:0000000000009533 .LASF752
C:\Users\zero6575\AppData\Local\Temp\cceIeFKk.s:9101   .debug_str:0000000000006486 .LASF753
C:\Users\zero6575\AppData\Local\Temp\cceIeFKk.s:8023   .debug_str:0000000000002ad3 .LASF754
C:\Users\zero6575\AppData\Local\Temp\cceIeFKk.s:7877   .debug_str:0000000000002231 .LASF755
C:\Users\zero6575\AppData\Local\Temp\cceIeFKk.s:9543   .debug_str:000000000000795d .LASF756
C:\Users\zero6575\AppData\Local\Temp\cceIeFKk.s:9405   .debug_str:00000000000073f6 .LASF757
C:\Users\zero6575\AppData\Local\Temp\cceIeFKk.s:7341   .debug_str:00000000000005c9 .LASF758
C:\Users\zero6575\AppData\Local\Temp\cceIeFKk.s:7615   .debug_str:0000000000001321 .LASF759
C:\Users\zero6575\AppData\Local\Temp\cceIeFKk.s:9053   .debug_str:00000000000061be .LASF762
C:\Users\zero6575\AppData\Local\Temp\cceIeFKk.s:9111   .debug_str:00000000000064e9 .LASF763
C:\Users\zero6575\AppData\Local\Temp\cceIeFKk.s:10043  .debug_str:0000000000009389 .LASF764
C:\Users\zero6575\AppData\Local\Temp\cceIeFKk.s:8653   .debug_str:0000000000004c07 .LASF765
C:\Users\zero6575\AppData\Local\Temp\cceIeFKk.s:9827   .debug_str:0000000000008847 .LASF766
C:\Users\zero6575\AppData\Local\Temp\cceIeFKk.s:7507   .debug_str:0000000000000d78 .LASF767
C:\Users\zero6575\AppData\Local\Temp\cceIeFKk.s:7781   .debug_str:0000000000001d75 .LASF768
C:\Users\zero6575\AppData\Local\Temp\cceIeFKk.s:8381   .debug_str:0000000000003d4e .LASF769
C:\Users\zero6575\AppData\Local\Temp\cceIeFKk.s:9639   .debug_str:0000000000007ed8 .LASF770
C:\Users\zero6575\AppData\Local\Temp\cceIeFKk.s:10001  .debug_str:0000000000009140 .LASF771
C:\Users\zero6575\AppData\Local\Temp\cceIeFKk.s:8067   .debug_str:0000000000002d20 .LASF772
C:\Users\zero6575\AppData\Local\Temp\cceIeFKk.s:7449   .debug_str:0000000000000a6e .LASF773
C:\Users\zero6575\AppData\Local\Temp\cceIeFKk.s:8465   .debug_str:00000000000041fa .LASF774
C:\Users\zero6575\AppData\Local\Temp\cceIeFKk.s:8943   .debug_str:0000000000005c11 .LASF775
C:\Users\zero6575\AppData\Local\Temp\cceIeFKk.s:7759   .debug_str:0000000000001c3b .LASF776
C:\Users\zero6575\AppData\Local\Temp\cceIeFKk.s:8845   .debug_str:00000000000056b2 .LASF777
C:\Users\zero6575\AppData\Local\Temp\cceIeFKk.s:9677   .debug_str:00000000000080ac .LASF778
C:\Users\zero6575\AppData\Local\Temp\cceIeFKk.s:8763   .debug_str:000000000000529a .LASF779
C:\Users\zero6575\AppData\Local\Temp\cceIeFKk.s:7855   .debug_str:0000000000002104 .LASF780
C:\Users\zero6575\AppData\Local\Temp\cceIeFKk.s:9977   .debug_str:0000000000009082 .LASF781
C:\Users\zero6575\AppData\Local\Temp\cceIeFKk.s:7319   .debug_str:000000000000049b .LASF782
C:\Users\zero6575\AppData\Local\Temp\cceIeFKk.s:7913   .debug_str:00000000000023ee .LASF783
C:\Users\zero6575\AppData\Local\Temp\cceIeFKk.s:9653   .debug_str:0000000000007f8f .LASF784
C:\Users\zero6575\AppData\Local\Temp\cceIeFKk.s:9551   .debug_str:000000000000799e .LASF785
C:\Users\zero6575\AppData\Local\Temp\cceIeFKk.s:7269   .debug_str:00000000000001d8 .LASF786
C:\Users\zero6575\AppData\Local\Temp\cceIeFKk.s:8647   .debug_str:0000000000004b68 .LASF787
C:\Users\zero6575\AppData\Local\Temp\cceIeFKk.s:8243   .debug_str:0000000000003648 .LASF788
C:\Users\zero6575\AppData\Local\Temp\cceIeFKk.s:7457   .debug_str:0000000000000ab7 .LASF789
C:\Users\zero6575\AppData\Local\Temp\cceIeFKk.s:9955   .debug_str:0000000000008f8b .LASF790
C:\Users\zero6575\AppData\Local\Temp\cceIeFKk.s:8309   .debug_str:00000000000039d3 .LASF791
C:\Users\zero6575\AppData\Local\Temp\cceIeFKk.s:9297   .debug_str:0000000000006e78 .LASF792
C:\Users\zero6575\AppData\Local\Temp\cceIeFKk.s:9497   .debug_str:0000000000007792 .LASF793
C:\Users\zero6575\AppData\Local\Temp\cceIeFKk.s:8259   .debug_str:00000000000036eb .LASF794
C:\Users\zero6575\AppData\Local\Temp\cceIeFKk.s:8029   .debug_str:0000000000002b38 .LASF795
C:\Users\zero6575\AppData\Local\Temp\cceIeFKk.s:7705   .debug_str:0000000000001980 .LASF796
C:\Users\zero6575\AppData\Local\Temp\cceIeFKk.s:9595   .debug_str:0000000000007cbe .LASF797
C:\Users\zero6575\AppData\Local\Temp\cceIeFKk.s:9615   .debug_str:0000000000007daa .LASF798
C:\Users\zero6575\AppData\Local\Temp\cceIeFKk.s:7721   .debug_str:0000000000001a7f .LASF799
C:\Users\zero6575\AppData\Local\Temp\cceIeFKk.s:8927   .debug_str:0000000000005a61 .LASF800
C:\Users\zero6575\AppData\Local\Temp\cceIeFKk.s:9783   .debug_str:000000000000860c .LASF801
C:\Users\zero6575\AppData\Local\Temp\cceIeFKk.s:9963   .debug_str:0000000000008ff4 .LASF802
C:\Users\zero6575\AppData\Local\Temp\cceIeFKk.s:9137   .debug_str:0000000000006608 .LASF803
C:\Users\zero6575\AppData\Local\Temp\cceIeFKk.s:9907   .debug_str:0000000000008c7c .LASF804
C:\Users\zero6575\AppData\Local\Temp\cceIeFKk.s:10023  .debug_str:0000000000009259 .LASF805
C:\Users\zero6575\AppData\Local\Temp\cceIeFKk.s:9415   .debug_str:0000000000007451 .LASF806
C:\Users\zero6575\AppData\Local\Temp\cceIeFKk.s:9651   .debug_str:0000000000007f81 .LASF807
C:\Users\zero6575\AppData\Local\Temp\cceIeFKk.s:9507   .debug_str:00000000000077f4 .LASF808
C:\Users\zero6575\AppData\Local\Temp\cceIeFKk.s:8353   .debug_str:0000000000003c38 .LASF809
C:\Users\zero6575\AppData\Local\Temp\cceIeFKk.s:7929   .debug_str:000000000000249d .LASF810
C:\Users\zero6575\AppData\Local\Temp\cceIeFKk.s:7601   .debug_str:0000000000001254 .LASF811
C:\Users\zero6575\AppData\Local\Temp\cceIeFKk.s:9213   .debug_str:0000000000006a33 .LASF812
C:\Users\zero6575\AppData\Local\Temp\cceIeFKk.s:9697   .debug_str:00000000000081a4 .LASF813
C:\Users\zero6575\AppData\Local\Temp\cceIeFKk.s:9831   .debug_str:000000000000886f .LASF814
C:\Users\zero6575\AppData\Local\Temp\cceIeFKk.s:8727   .debug_str:000000000000505a .LASF815
C:\Users\zero6575\AppData\Local\Temp\cceIeFKk.s:7419   .debug_str:00000000000008f7 .LASF816
C:\Users\zero6575\AppData\Local\Temp\cceIeFKk.s:8461   .debug_str:00000000000041b4 .LASF817
C:\Users\zero6575\AppData\Local\Temp\cceIeFKk.s:8565   .debug_str:000000000000471d .LASF818
C:\Users\zero6575\AppData\Local\Temp\cceIeFKk.s:7551   .debug_str:0000000000000f83 .LASF819
C:\Users\zero6575\AppData\Local\Temp\cceIeFKk.s:9807   .debug_str:00000000000086f6 .LASF820
C:\Users\zero6575\AppData\Local\Temp\cceIeFKk.s:9331   .debug_str:0000000000007008 .LASF821
C:\Users\zero6575\AppData\Local\Temp\cceIeFKk.s:8745   .debug_str:0000000000005129 .LASF822
C:\Users\zero6575\AppData\Local\Temp\cceIeFKk.s:9809   .debug_str:000000000000872b .LASF823
C:\Users\zero6575\AppData\Local\Temp\cceIeFKk.s:9117   .debug_str:0000000000006521 .LASF824
C:\Users\zero6575\AppData\Local\Temp\cceIeFKk.s:9091   .debug_str:00000000000063db .LASF825
C:\Users\zero6575\AppData\Local\Temp\cceIeFKk.s:8439   .debug_str:0000000000003fcf .LASF826
C:\Users\zero6575\AppData\Local\Temp\cceIeFKk.s:8457   .debug_str:00000000000040b8 .LASF827
C:\Users\zero6575\AppData\Local\Temp\cceIeFKk.s:9537   .debug_str:000000000000791a .LASF828
C:\Users\zero6575\AppData\Local\Temp\cceIeFKk.s:7495   .debug_str:0000000000000c6b .LASF829
C:\Users\zero6575\AppData\Local\Temp\cceIeFKk.s:9141   .debug_str:000000000000662c .LASF830
C:\Users\zero6575\AppData\Local\Temp\cceIeFKk.s:8521   .debug_str:0000000000004499 .LASF831
C:\Users\zero6575\AppData\Local\Temp\cceIeFKk.s:10021  .debug_str:0000000000009231 .LASF832
C:\Users\zero6575\AppData\Local\Temp\cceIeFKk.s:9519   .debug_str:0000000000007873 .LASF833
C:\Users\zero6575\AppData\Local\Temp\cceIeFKk.s:7407   .debug_str:0000000000000841 .LASF834
C:\Users\zero6575\AppData\Local\Temp\cceIeFKk.s:8817   .debug_str:0000000000005562 .LASF835
C:\Users\zero6575\AppData\Local\Temp\cceIeFKk.s:7981   .debug_str:0000000000002869 .LASF836
C:\Users\zero6575\AppData\Local\Temp\cceIeFKk.s:7661   .debug_str:00000000000017be .LASF837
C:\Users\zero6575\AppData\Local\Temp\cceIeFKk.s:9557   .debug_str:00000000000079fa .LASF838
C:\Users\zero6575\AppData\Local\Temp\cceIeFKk.s:10011  .debug_str:0000000000009197 .LASF839
C:\Users\zero6575\AppData\Local\Temp\cceIeFKk.s:9217   .debug_str:0000000000006a6f .LASF840
C:\Users\zero6575\AppData\Local\Temp\cceIeFKk.s:8721   .debug_str:0000000000004fa9 .LASF841
C:\Users\zero6575\AppData\Local\Temp\cceIeFKk.s:7289   .debug_str:0000000000000320 .LASF842
C:\Users\zero6575\AppData\Local\Temp\cceIeFKk.s:8045   .debug_str:0000000000002bfd .LASF843
C:\Users\zero6575\AppData\Local\Temp\cceIeFKk.s:8015   .debug_str:0000000000002a47 .LASF844
C:\Users\zero6575\AppData\Local\Temp\cceIeFKk.s:9087   .debug_str:0000000000006364 .LASF845
C:\Users\zero6575\AppData\Local\Temp\cceIeFKk.s:9067   .debug_str:0000000000006275 .LASF846
C:\Users\zero6575\AppData\Local\Temp\cceIeFKk.s:7685   .debug_str:00000000000018c1 .LASF847
C:\Users\zero6575\AppData\Local\Temp\cceIeFKk.s:8317   .debug_str:0000000000003a4d .LASF848
C:\Users\zero6575\AppData\Local\Temp\cceIeFKk.s:7717   .debug_str:0000000000001a22 .LASF849
C:\Users\zero6575\AppData\Local\Temp\cceIeFKk.s:8975   .debug_str:0000000000005d59 .LASF850
C:\Users\zero6575\AppData\Local\Temp\cceIeFKk.s:7561   .debug_str:000000000000101a .LASF851
C:\Users\zero6575\AppData\Local\Temp\cceIeFKk.s:8265   .debug_str:0000000000003729 .LASF852
C:\Users\zero6575\AppData\Local\Temp\cceIeFKk.s:7861   .debug_str:000000000000215b .LASF853
C:\Users\zero6575\AppData\Local\Temp\cceIeFKk.s:8755   .debug_str:000000000000519c .LASF854
C:\Users\zero6575\AppData\Local\Temp\cceIeFKk.s:9175   .debug_str:0000000000006829 .LASF855
C:\Users\zero6575\AppData\Local\Temp\cceIeFKk.s:9419   .debug_str:000000000000747b .LASF856
C:\Users\zero6575\AppData\Local\Temp\cceIeFKk.s:9855   .debug_str:0000000000008a03 .LASF857
C:\Users\zero6575\AppData\Local\Temp\cceIeFKk.s:7797   .debug_str:0000000000001e1a .LASF858
C:\Users\zero6575\AppData\Local\Temp\cceIeFKk.s:8929   .debug_str:0000000000005a7d .LASF859
C:\Users\zero6575\AppData\Local\Temp\cceIeFKk.s:7757   .debug_str:0000000000001bf3 .LASF860
C:\Users\zero6575\AppData\Local\Temp\cceIeFKk.s:8239   .debug_str:000000000000361c .LASF861
C:\Users\zero6575\AppData\Local\Temp\cceIeFKk.s:9589   .debug_str:0000000000007c4e .LASF862
C:\Users\zero6575\AppData\Local\Temp\cceIeFKk.s:7297   .debug_str:00000000000003bc .LASF863
C:\Users\zero6575\AppData\Local\Temp\cceIeFKk.s:9765   .debug_str:000000000000850d .LASF864
C:\Users\zero6575\AppData\Local\Temp\cceIeFKk.s:8483   .debug_str:0000000000004340 .LASF865
C:\Users\zero6575\AppData\Local\Temp\cceIeFKk.s:7745   .debug_str:0000000000001b72 .LASF866
C:\Users\zero6575\AppData\Local\Temp\cceIeFKk.s:8719   .debug_str:0000000000004f89 .LASF867
C:\Users\zero6575\AppData\Local\Temp\cceIeFKk.s:7803   .debug_str:0000000000001e80 .LASF868
C:\Users\zero6575\AppData\Local\Temp\cceIeFKk.s:8939   .debug_str:0000000000005b15 .LASF869
C:\Users\zero6575\AppData\Local\Temp\cceIeFKk.s:8305   .debug_str:0000000000003977 .LASF870
C:\Users\zero6575\AppData\Local\Temp\cceIeFKk.s:8679   .debug_str:0000000000004d7d .LASF871
C:\Users\zero6575\AppData\Local\Temp\cceIeFKk.s:8137   .debug_str:0000000000003103 .LASF872
C:\Users\zero6575\AppData\Local\Temp\cceIeFKk.s:9135   .debug_str:00000000000065bb .LASF873
C:\Users\zero6575\AppData\Local\Temp\cceIeFKk.s:8951   .debug_str:0000000000005c57 .LASF874
C:\Users\zero6575\AppData\Local\Temp\cceIeFKk.s:8091   .debug_str:0000000000002e6d .LASF875
C:\Users\zero6575\AppData\Local\Temp\cceIeFKk.s:8027   .debug_str:0000000000002af1 .LASF876
C:\Users\zero6575\AppData\Local\Temp\cceIeFKk.s:9007   .debug_str:0000000000005f20 .LASF877
C:\Users\zero6575\AppData\Local\Temp\cceIeFKk.s:8441   .debug_str:0000000000003ff9 .LASF878
C:\Users\zero6575\AppData\Local\Temp\cceIeFKk.s:7567   .debug_str:0000000000001078 .LASF879
C:\Users\zero6575\AppData\Local\Temp\cceIeFKk.s:7463   .debug_str:0000000000000b14 .LASF880
C:\Users\zero6575\AppData\Local\Temp\cceIeFKk.s:9049   .debug_str:000000000000616b .LASF881
C:\Users\zero6575\AppData\Local\Temp\cceIeFKk.s:8561   .debug_str:00000000000046d5 .LASF882
C:\Users\zero6575\AppData\Local\Temp\cceIeFKk.s:8227   .debug_str:00000000000035a1 .LASF883
C:\Users\zero6575\AppData\Local\Temp\cceIeFKk.s:8155   .debug_str:00000000000031e9 .LASF887
C:\Users\zero6575\AppData\Local\Temp\cceIeFKk.s:8957   .debug_str:0000000000005cd1 .LASF888
C:\Users\zero6575\AppData\Local\Temp\cceIeFKk.s:9235   .debug_str:0000000000006b95 .LASF889
C:\Users\zero6575\AppData\Local\Temp\cceIeFKk.s:7639   .debug_str:00000000000016ee .LASF890
C:\Users\zero6575\AppData\Local\Temp\cceIeFKk.s:9913   .debug_str:0000000000008cb9 .LASF891
C:\Users\zero6575\AppData\Local\Temp\cceIeFKk.s:7641   .debug_str:0000000000001700 .LASF892
C:\Users\zero6575\AppData\Local\Temp\cceIeFKk.s:7571   .debug_str:00000000000010cc .LASF893
C:\Users\zero6575\AppData\Local\Temp\cceIeFKk.s:9079   .debug_str:0000000000006326 .LASF894
C:\Users\zero6575\AppData\Local\Temp\cceIeFKk.s:9181   .debug_str:0000000000006887 .LASF895
C:\Users\zero6575\AppData\Local\Temp\cceIeFKk.s:9793   .debug_str:000000000000866f .LASF896
C:\Users\zero6575\AppData\Local\Temp\cceIeFKk.s:8173   .debug_str:00000000000032ab .LASF897
C:\Users\zero6575\AppData\Local\Temp\cceIeFKk.s:7487   .debug_str:0000000000000c3b .LASF898
C:\Users\zero6575\AppData\Local\Temp\cceIeFKk.s:9173   .debug_str:000000000000681c .LASF899
C:\Users\zero6575\AppData\Local\Temp\cceIeFKk.s:9805   .debug_str:00000000000086e6 .LASF900
C:\Users\zero6575\AppData\Local\Temp\cceIeFKk.s:8203   .debug_str:0000000000003455 .LASF901
C:\Users\zero6575\AppData\Local\Temp\cceIeFKk.s:8971   .debug_str:0000000000005d2f .LASF902
C:\Users\zero6575\AppData\Local\Temp\cceIeFKk.s:9439   .debug_str:0000000000007554 .LASF903
C:\Users\zero6575\AppData\Local\Temp\cceIeFKk.s:9187   .debug_str:0000000000006929 .LASF904
C:\Users\zero6575\AppData\Local\Temp\cceIeFKk.s:9159   .debug_str:0000000000006767 .LASF905
C:\Users\zero6575\AppData\Local\Temp\cceIeFKk.s:9733   .debug_str:0000000000008345 .LASF906
C:\Users\zero6575\AppData\Local\Temp\cceIeFKk.s:9501   .debug_str:00000000000077c7 .LASF907
C:\Users\zero6575\AppData\Local\Temp\cceIeFKk.s:8421   .debug_str:0000000000003f3e .LASF908
C:\Users\zero6575\AppData\Local\Temp\cceIeFKk.s:8833   .debug_str:000000000000560f .LASF909
C:\Users\zero6575\AppData\Local\Temp\cceIeFKk.s:9377   .debug_str:00000000000072c1 .LASF910
C:\Users\zero6575\AppData\Local\Temp\cceIeFKk.s:9289   .debug_str:0000000000006e0d .LASF911
C:\Users\zero6575\AppData\Local\Temp\cceIeFKk.s:10067  .debug_str:00000000000094dd .LASF912
C:\Users\zero6575\AppData\Local\Temp\cceIeFKk.s:8923   .debug_str:0000000000005a2e .LASF913
C:\Users\zero6575\AppData\Local\Temp\cceIeFKk.s:9509   .debug_str:0000000000007804 .LASF914
C:\Users\zero6575\AppData\Local\Temp\cceIeFKk.s:9817   .debug_str:00000000000087a5 .LASF915
C:\Users\zero6575\AppData\Local\Temp\cceIeFKk.s:7537   .debug_str:0000000000000eca .LASF916
C:\Users\zero6575\AppData\Local\Temp\cceIeFKk.s:8695   .debug_str:0000000000004e4c .LASF917
C:\Users\zero6575\AppData\Local\Temp\cceIeFKk.s:9621   .debug_str:0000000000007e0c .LASF918
C:\Users\zero6575\AppData\Local\Temp\cceIeFKk.s:7285   .debug_str:00000000000002fb .LASF919
C:\Users\zero6575\AppData\Local\Temp\cceIeFKk.s:9813   .debug_str:0000000000008777 .LASF920
C:\Users\zero6575\AppData\Local\Temp\cceIeFKk.s:8567   .debug_str:0000000000004750 .LASF921
C:\Users\zero6575\AppData\Local\Temp\cceIeFKk.s:8017   .debug_str:0000000000002a85 .LASF922
C:\Users\zero6575\AppData\Local\Temp\cceIeFKk.s:8345   .debug_str:0000000000003be5 .LASF923
C:\Users\zero6575\AppData\Local\Temp\cceIeFKk.s:9839   .debug_str:0000000000008933 .LASF924
C:\Users\zero6575\AppData\Local\Temp\cceIeFKk.s:7597   .debug_str:0000000000001232 .LASF925
C:\Users\zero6575\AppData\Local\Temp\cceIeFKk.s:9429   .debug_str:00000000000074e7 .LASF926
C:\Users\zero6575\AppData\Local\Temp\cceIeFKk.s:9787   .debug_str:0000000000008648 .LASF927
C:\Users\zero6575\AppData\Local\Temp\cceIeFKk.s:8821   .debug_str:000000000000559c .LASF932
C:\Users\zero6575\AppData\Local\Temp\cceIeFKk.s:7927   .debug_str:0000000000002481 .LASF933
C:\Users\zero6575\AppData\Local\Temp\cceIeFKk.s:7799   .debug_str:0000000000001e57 .LASF934
C:\Users\zero6575\AppData\Local\Temp\cceIeFKk.s:8495   .debug_str:00000000000043b5 .LASF935
C:\Users\zero6575\AppData\Local\Temp\cceIeFKk.s:9271   .debug_str:0000000000006d1b .LASF936
C:\Users\zero6575\AppData\Local\Temp\cceIeFKk.s:8117   .debug_str:0000000000003035 .LASF937
C:\Users\zero6575\AppData\Local\Temp\cceIeFKk.s:8655   .debug_str:0000000000004c40 .LASF938
C:\Users\zero6575\AppData\Local\Temp\cceIeFKk.s:7581   .debug_str:0000000000001140 .LASF939
C:\Users\zero6575\AppData\Local\Temp\cceIeFKk.s:9245   .debug_str:0000000000006bf8 .LASF940
C:\Users\zero6575\AppData\Local\Temp\cceIeFKk.s:8973   .debug_str:0000000000005d3e .LASF941
C:\Users\zero6575\AppData\Local\Temp\cceIeFKk.s:9505   .debug_str:00000000000077df .LASF942
C:\Users\zero6575\AppData\Local\Temp\cceIeFKk.s:7679   .debug_str:0000000000001884 .LASF943
C:\Users\zero6575\AppData\Local\Temp\cceIeFKk.s:9345   .debug_str:000000000000716d .LASF944
C:\Users\zero6575\AppData\Local\Temp\cceIeFKk.s:9107   .debug_str:00000000000064b8 .LASF945
C:\Users\zero6575\AppData\Local\Temp\cceIeFKk.s:8435   .debug_str:0000000000003fb2 .LASF946
C:\Users\zero6575\AppData\Local\Temp\cceIeFKk.s:7331   .debug_str:0000000000000545 .LASF947
C:\Users\zero6575\AppData\Local\Temp\cceIeFKk.s:9287   .debug_str:0000000000006def .LASF948
C:\Users\zero6575\AppData\Local\Temp\cceIeFKk.s:8787   .debug_str:000000000000535f .LASF949
C:\Users\zero6575\AppData\Local\Temp\cceIeFKk.s:7413   .debug_str:0000000000000885 .LASF950
C:\Users\zero6575\AppData\Local\Temp\cceIeFKk.s:9185   .debug_str:00000000000068bf .LASF951
C:\Users\zero6575\AppData\Local\Temp\cceIeFKk.s:9009   .debug_str:0000000000005f71 .LASF952
C:\Users\zero6575\AppData\Local\Temp\cceIeFKk.s:7791   .debug_str:0000000000001dec .LASF953
C:\Users\zero6575\AppData\Local\Temp\cceIeFKk.s:8463   .debug_str:00000000000041e1 .LASF954
C:\Users\zero6575\AppData\Local\Temp\cceIeFKk.s:7917   .debug_str:0000000000002430 .LASF955
C:\Users\zero6575\AppData\Local\Temp\cceIeFKk.s:7367   .debug_str:000000000000068e .LASF957
C:\Users\zero6575\AppData\Local\Temp\cceIeFKk.s:7593   .debug_str:0000000000001205 .LASF958
C:\Users\zero6575\AppData\Local\Temp\cceIeFKk.s:9327   .debug_str:0000000000006fe5 .LASF959
C:\Users\zero6575\AppData\Local\Temp\cceIeFKk.s:7851   .debug_str:00000000000020e8 .LASF960
C:\Users\zero6575\AppData\Local\Temp\cceIeFKk.s:8255   .debug_str:00000000000036c4 .LASF961
C:\Users\zero6575\AppData\Local\Temp\cceIeFKk.s:8115   .debug_str:000000000000302d .LASF962
C:\Users\zero6575\AppData\Local\Temp\cceIeFKk.s:9849   .debug_str:0000000000008994 .LASF963
C:\Users\zero6575\AppData\Local\Temp\cceIeFKk.s:7689   .debug_str:00000000000018fa .LASF964
C:\Users\zero6575\AppData\Local\Temp\cceIeFKk.s:9691   .debug_str:000000000000813c .LASF965
C:\Users\zero6575\AppData\Local\Temp\cceIeFKk.s:7555   .debug_str:0000000000000fc9 .LASF966
C:\Users\zero6575\AppData\Local\Temp\cceIeFKk.s:8533   .debug_str:0000000000004554 .LASF967
C:\Users\zero6575\AppData\Local\Temp\cceIeFKk.s:7317   .debug_str:0000000000000491 .LASF969
C:\Users\zero6575\AppData\Local\Temp\cceIeFKk.s:9223   .debug_str:0000000000006aed .LASF970
C:\Users\zero6575\AppData\Local\Temp\cceIeFKk.s:7675   .debug_str:0000000000001853 .LASF971
C:\Users\zero6575\AppData\Local\Temp\cceIeFKk.s:8311   .debug_str:0000000000003a0c .LASF972
C:\Users\zero6575\AppData\Local\Temp\cceIeFKk.s:9757   .debug_str:00000000000084b7 .LASF973
C:\Users\zero6575\AppData\Local\Temp\cceIeFKk.s:8211   .debug_str:00000000000034d1 .LASF974
C:\Users\zero6575\AppData\Local\Temp\cceIeFKk.s:8323   .debug_str:0000000000003ad8 .LASF975
C:\Users\zero6575\AppData\Local\Temp\cceIeFKk.s:9799   .debug_str:00000000000086a6 .LASF977
C:\Users\zero6575\AppData\Local\Temp\cceIeFKk.s:8035   .debug_str:0000000000002b8f .LASF978
C:\Users\zero6575\AppData\Local\Temp\cceIeFKk.s:8809   .debug_str:000000000000550f .LASF979
C:\Users\zero6575\AppData\Local\Temp\cceIeFKk.s:8081   .debug_str:0000000000002df3 .LASF980
C:\Users\zero6575\AppData\Local\Temp\cceIeFKk.s:8123   .debug_str:0000000000003071 .LASF981
C:\Users\zero6575\AppData\Local\Temp\cceIeFKk.s:8685   .debug_str:0000000000004de0 .LASF982
C:\Users\zero6575\AppData\Local\Temp\cceIeFKk.s:9875   .debug_str:0000000000008ae7 .LASF983
C:\Users\zero6575\AppData\Local\Temp\cceIeFKk.s:7431   .debug_str:00000000000009e7 .LASF984
C:\Users\zero6575\AppData\Local\Temp\cceIeFKk.s:7887   .debug_str:00000000000022bc .LASF985
C:\Users\zero6575\AppData\Local\Temp\cceIeFKk.s:7423   .debug_str:000000000000093e .LASF986
C:\Users\zero6575\AppData\Local\Temp\cceIeFKk.s:8099   .debug_str:0000000000002f1d .LASF987
C:\Users\zero6575\AppData\Local\Temp\cceIeFKk.s:8337   .debug_str:0000000000003b61 .LASF988
C:\Users\zero6575\AppData\Local\Temp\cceIeFKk.s:9713   .debug_str:0000000000008249 .LASF989
C:\Users\zero6575\AppData\Local\Temp\cceIeFKk.s:9573   .debug_str:0000000000007b1a .LASF990
C:\Users\zero6575\AppData\Local\Temp\cceIeFKk.s:9599   .debug_str:0000000000007cee .LASF991
C:\Users\zero6575\AppData\Local\Temp\cceIeFKk.s:8319   .debug_str:0000000000003ab0 .LASF992
C:\Users\zero6575\AppData\Local\Temp\cceIeFKk.s:9845   .debug_str:000000000000896c .LASF993
C:\Users\zero6575\AppData\Local\Temp\cceIeFKk.s:8503   .debug_str:0000000000004417 .LASF996
C:\Users\zero6575\AppData\Local\Temp\cceIeFKk.s:10079  .debug_str:0000000000009545 .LASF997
C:\Users\zero6575\AppData\Local\Temp\cceIeFKk.s:8531   .debug_str:0000000000004542 .LASF998
C:\Users\zero6575\AppData\Local\Temp\cceIeFKk.s:7657   .debug_str:0000000000001798 .LASF999
C:\Users\zero6575\AppData\Local\Temp\cceIeFKk.s:8153   .debug_str:00000000000031d7 .LASF1000
C:\Users\zero6575\AppData\Local\Temp\cceIeFKk.s:8019   .debug_str:0000000000002a97 .LASF1001
C:\Users\zero6575\AppData\Local\Temp\cceIeFKk.s:10055  .debug_str:0000000000009436 .LASF1002
C:\Users\zero6575\AppData\Local\Temp\cceIeFKk.s:8879   .debug_str:00000000000057f6 .LASF1003
C:\Users\zero6575\AppData\Local\Temp\cceIeFKk.s:8941   .debug_str:0000000000005b3a .LASF1004
C:\Users\zero6575\AppData\Local\Temp\cceIeFKk.s:8459   .debug_str:00000000000040e4 .LASF1005
C:\Users\zero6575\AppData\Local\Temp\cceIeFKk.s:8397   .debug_str:0000000000003df8 .LASF1008
C:\Users\zero6575\AppData\Local\Temp\cceIeFKk.s:9587   .debug_str:0000000000007bdf .LASF1009
C:\Users\zero6575\AppData\Local\Temp\cceIeFKk.s:7659   .debug_str:00000000000017aa .LASF1010
C:\Users\zero6575\AppData\Local\Temp\cceIeFKk.s:8683   .debug_str:0000000000004dcd .LASF1011
C:\Users\zero6575\AppData\Local\Temp\cceIeFKk.s:9607   .debug_str:0000000000007d52 .LASF1012
C:\Users\zero6575\AppData\Local\Temp\cceIeFKk.s:8625   .debug_str:0000000000004a5f .LASF1013
C:\Users\zero6575\AppData\Local\Temp\cceIeFKk.s:8135   .debug_str:00000000000030e1 .LASF1014
C:\Users\zero6575\AppData\Local\Temp\cceIeFKk.s:7611   .debug_str:00000000000012f0 .LASF1015
C:\Users\zero6575\AppData\Local\Temp\cceIeFKk.s:7979   .debug_str:0000000000002825 .LASF1016
C:\Users\zero6575\AppData\Local\Temp\cceIeFKk.s:8207   .debug_str:0000000000003476 .LASF1017
C:\Users\zero6575\AppData\Local\Temp\cceIeFKk.s:7503   .debug_str:0000000000000d0a .LASF1018
C:\Users\zero6575\AppData\Local\Temp\cceIeFKk.s:8103   .debug_str:0000000000002f56 .LASF1019
C:\Users\zero6575\AppData\Local\Temp\cceIeFKk.s:7351   .debug_str:000000000000061c .LASF1020
C:\Users\zero6575\AppData\Local\Temp\cceIeFKk.s:7361   .debug_str:0000000000000669 .LASF1021
C:\Users\zero6575\AppData\Local\Temp\cceIeFKk.s:8739   .debug_str:00000000000050ed .LASF1022
C:\Users\zero6575\AppData\Local\Temp\cceIeFKk.s:8825   .debug_str:00000000000055d0 .LASF1023
C:\Users\zero6575\AppData\Local\Temp\cceIeFKk.s:9953   .debug_str:0000000000008f79 .LASF1024
C:\Users\zero6575\AppData\Local\Temp\cceIeFKk.s:9525   .debug_str:00000000000078ab .LASF1025
C:\Users\zero6575\AppData\Local\Temp\cceIeFKk.s:9239   .debug_str:0000000000006bc0 .LASF1026
C:\Users\zero6575\AppData\Local\Temp\cceIeFKk.s:7729   .debug_str:0000000000001afb .LASF1027
C:\Users\zero6575\AppData\Local\Temp\cceIeFKk.s:8165   .debug_str:000000000000323e .LASF1028
C:\Users\zero6575\AppData\Local\Temp\cceIeFKk.s:8237   .debug_str:0000000000003608 .LASF1029
C:\Users\zero6575\AppData\Local\Temp\cceIeFKk.s:7447   .debug_str:0000000000000a59 .LASF1030
C:\Users\zero6575\AppData\Local\Temp\cceIeFKk.s:8859   .debug_str:0000000000005740 .LASF1031
C:\Users\zero6575\AppData\Local\Temp\cceIeFKk.s:9249   .debug_str:0000000000006c3c .LASF1032
C:\Users\zero6575\AppData\Local\Temp\cceIeFKk.s:9397   .debug_str:000000000000738a .LASF1033
C:\Users\zero6575\AppData\Local\Temp\cceIeFKk.s:8861   .debug_str:0000000000005753 .LASF1034
C:\Users\zero6575\AppData\Local\Temp\cceIeFKk.s:8209   .debug_str:00000000000034bb .LASF1035
C:\Users\zero6575\AppData\Local\Temp\cceIeFKk.s:7733   .debug_str:0000000000001b1a .LASF1036
C:\Users\zero6575\AppData\Local\Temp\cceIeFKk.s:9711   .debug_str:0000000000008238 .LASF1037
C:\Users\zero6575\AppData\Local\Temp\cceIeFKk.s:9635   .debug_str:0000000000007eb2 .LASF1038
C:\Users\zero6575\AppData\Local\Temp\cceIeFKk.s:8673   .debug_str:0000000000004d26 .LASF1039
C:\Users\zero6575\AppData\Local\Temp\cceIeFKk.s:8911   .debug_str:00000000000059ac .LASF1040
C:\Users\zero6575\AppData\Local\Temp\cceIeFKk.s:7223   .debug_str:0000000000000012 .LASF1041
C:\Users\zero6575\AppData\Local\Temp\cceIeFKk.s:9193   .debug_str:0000000000006986 .LASF1042
C:\Users\zero6575\AppData\Local\Temp\cceIeFKk.s:8299   .debug_str:0000000000003938 .LASF1043
C:\Users\zero6575\AppData\Local\Temp\cceIeFKk.s:9487   .debug_str:0000000000007712 .LASF1044
C:\Users\zero6575\AppData\Local\Temp\cceIeFKk.s:9123   .debug_str:0000000000006558 .LASF1045
C:\Users\zero6575\AppData\Local\Temp\cceIeFKk.s:8899   .debug_str:000000000000595a .LASF1046
C:\Users\zero6575\AppData\Local\Temp\cceIeFKk.s:10053  .debug_str:0000000000009421 .LASF1047
C:\Users\zero6575\AppData\Local\Temp\cceIeFKk.s:8621   .debug_str:0000000000004a2e .LASF1048
C:\Users\zero6575\AppData\Local\Temp\cceIeFKk.s:9721   .debug_str:00000000000082d4 .LASF1049
C:\Users\zero6575\AppData\Local\Temp\cceIeFKk.s:9307   .debug_str:0000000000006ef4 .LASF1050
C:\Users\zero6575\AppData\Local\Temp\cceIeFKk.s:7957   .debug_str:0000000000002761 .LASF1051
C:\Users\zero6575\AppData\Local\Temp\cceIeFKk.s:9109   .debug_str:00000000000064da .LASF1053
C:\Users\zero6575\AppData\Local\Temp\cceIeFKk.s:8507   .debug_str:0000000000004433 .LASF1054
C:\Users\zero6575\AppData\Local\Temp\cceIeFKk.s:7971   .debug_str:00000000000027de .LASF1055
C:\Users\zero6575\AppData\Local\Temp\cceIeFKk.s:7491   .debug_str:0000000000000c55 .LASF1056
C:\Users\zero6575\AppData\Local\Temp\cceIeFKk.s:7529   .debug_str:0000000000000e7d .LASF1057
C:\Users\zero6575\AppData\Local\Temp\cceIeFKk.s:8603   .debug_str:000000000000493a .LASF1058
C:\Users\zero6575\AppData\Local\Temp\cceIeFKk.s:7519   .debug_str:0000000000000e14 .LASF1059
C:\Users\zero6575\AppData\Local\Temp\cceIeFKk.s:9177   .debug_str:0000000000006849 .LASF1060
C:\Users\zero6575\AppData\Local\Temp\cceIeFKk.s:8601   .debug_str:0000000000004920 .LASF1061
C:\Users\zero6575\AppData\Local\Temp\cceIeFKk.s:9937   .debug_str:0000000000008ed0 .LASF1062
C:\Users\zero6575\AppData\Local\Temp\cceIeFKk.s:9657   .debug_str:0000000000007fb9 .LASF1063
C:\Users\zero6575\AppData\Local\Temp\cceIeFKk.s:8093   .debug_str:0000000000002eba .LASF1064
C:\Users\zero6575\AppData\Local\Temp\cceIeFKk.s:9819   .debug_str:00000000000087cd .LASF1065
C:\Users\zero6575\AppData\Local\Temp\cceIeFKk.s:9129   .debug_str:000000000000659a .LASF1067
C:\Users\zero6575\AppData\Local\Temp\cceIeFKk.s:8993   .debug_str:0000000000005e8f .LASF1068
C:\Users\zero6575\AppData\Local\Temp\cceIeFKk.s:8989   .debug_str:0000000000005e68 .LASF1069
C:\Users\zero6575\AppData\Local\Temp\cceIeFKk.s:8205   .debug_str:0000000000003466 .LASF1070
C:\Users\zero6575\AppData\Local\Temp\cceIeFKk.s:8063   .debug_str:0000000000002cf3 .LASF1071
C:\Users\zero6575\AppData\Local\Temp\cceIeFKk.s:7323   .debug_str:00000000000004c9 .LASF1072
C:\Users\zero6575\AppData\Local\Temp\cceIeFKk.s:9617   .debug_str:0000000000007dc3 .LASF1073
C:\Users\zero6575\AppData\Local\Temp\cceIeFKk.s:9903   .debug_str:0000000000008c54 .LASF1074
C:\Users\zero6575\AppData\Local\Temp\cceIeFKk.s:8811   .debug_str:0000000000005520 .LASF1075
C:\Users\zero6575\AppData\Local\Temp\cceIeFKk.s:10047  .debug_str:00000000000093ac .LASF1076
C:\Users\zero6575\AppData\Local\Temp\cceIeFKk.s:7681   .debug_str:000000000000189a .LASF1077
C:\Users\zero6575\AppData\Local\Temp\cceIeFKk.s:9631   .debug_str:0000000000007e6f .LASF1078
C:\Users\zero6575\AppData\Local\Temp\cceIeFKk.s:8841   .debug_str:0000000000005676 .LASF1079
C:\Users\zero6575\AppData\Local\Temp\cceIeFKk.s:8949   .debug_str:0000000000005c4f .LASF1085
C:\Users\zero6575\AppData\Local\Temp\cceIeFKk.s:7991   .debug_str:000000000000290b .LASF1086
C:\Users\zero6575\AppData\Local\Temp\cceIeFKk.s:8525   .debug_str:0000000000004515 .LASF1087
C:\Users\zero6575\AppData\Local\Temp\cceIeFKk.s:7247   .debug_str:00000000000000f9 .LASF1088
C:\Users\zero6575\AppData\Local\Temp\cceIeFKk.s:10103  .debug_str:0000000000009640 .LASF1089
C:\Users\zero6575\AppData\Local\Temp\cceIeFKk.s:8969   .debug_str:0000000000005d23 .LASF1090
C:\Users\zero6575\AppData\Local\Temp\cceIeFKk.s:8937   .debug_str:0000000000005b09 .LASF1091
C:\Users\zero6575\AppData\Local\Temp\cceIeFKk.s:9261   .debug_str:0000000000006cad .LASF1092
C:\Users\zero6575\AppData\Local\Temp\cceIeFKk.s:9889   .debug_str:0000000000008baf .LASF1093
C:\Users\zero6575\AppData\Local\Temp\cceIeFKk.s:8187   .debug_str:000000000000338b .LASF1094
C:\Users\zero6575\AppData\Local\Temp\cceIeFKk.s:10133  .debug_str:000000000000979a .LASF1095
C:\Users\zero6575\AppData\Local\Temp\cceIeFKk.s:9149   .debug_str:00000000000066e6 .LASF1096
C:\Users\zero6575\AppData\Local\Temp\cceIeFKk.s:9871   .debug_str:0000000000008ac3 .LASF1097
C:\Users\zero6575\AppData\Local\Temp\cceIeFKk.s:9243   .debug_str:0000000000006be9 .LASF1098
C:\Users\zero6575\AppData\Local\Temp\cceIeFKk.s:8793   .debug_str:000000000000544f .LASF1099
C:\Users\zero6575\AppData\Local\Temp\cceIeFKk.s:8375   .debug_str:0000000000003d29 .LASF1100
C:\Users\zero6575\AppData\Local\Temp\cceIeFKk.s:7801   .debug_str:0000000000001e71 .LASF1101
C:\Users\zero6575\AppData\Local\Temp\cceIeFKk.s:9061   .debug_str:000000000000621a .LASF1102
C:\Users\zero6575\AppData\Local\Temp\cceIeFKk.s:8557   .debug_str:00000000000046a4 .LASF1103
C:\Users\zero6575\AppData\Local\Temp\cceIeFKk.s:8555   .debug_str:0000000000004691 .LASF1104
C:\Users\zero6575\AppData\Local\Temp\cceIeFKk.s:7557   .debug_str:0000000000000fe7 .LASF1105
C:\Users\zero6575\AppData\Local\Temp\cceIeFKk.s:8011   .debug_str:0000000000002a1e .LASF1106
C:\Users\zero6575\AppData\Local\Temp\cceIeFKk.s:9891   .debug_str:0000000000008bbb .LASF1107
C:\Users\zero6575\AppData\Local\Temp\cceIeFKk.s:7585   .debug_str:000000000000116b .LASF1108
C:\Users\zero6575\AppData\Local\Temp\cceIeFKk.s:8747   .debug_str:0000000000005142 .LASF1109
C:\Users\zero6575\AppData\Local\Temp\cceIeFKk.s:9623   .debug_str:0000000000007e1e .LASF1110
C:\Users\zero6575\AppData\Local\Temp\cceIeFKk.s:9637   .debug_str:0000000000007ec3 .LASF1111
C:\Users\zero6575\AppData\Local\Temp\cceIeFKk.s:7833   .debug_str:0000000000001ff5 .LASF1112
C:\Users\zero6575\AppData\Local\Temp\cceIeFKk.s:8159   .debug_str:0000000000003214 .LASF1113
C:\Users\zero6575\AppData\Local\Temp\cceIeFKk.s:9499   .debug_str:00000000000077b2 .LASF1114
C:\Users\zero6575\AppData\Local\Temp\cceIeFKk.s:8455   .debug_str:00000000000040a3 .LASF1115
C:\Users\zero6575\AppData\Local\Temp\cceIeFKk.s:7769   .debug_str:0000000000001ca7 .LASF1116
C:\Users\zero6575\AppData\Local\Temp\cceIeFKk.s:9873   .debug_str:0000000000008ad2 .LASF1117
C:\Users\zero6575\AppData\Local\Temp\cceIeFKk.s:8101   .debug_str:0000000000002f41 .LASF1118
C:\Users\zero6575\AppData\Local\Temp\cceIeFKk.s:9853   .debug_str:00000000000089e4 .LASF1119
C:\Users\zero6575\AppData\Local\Temp\cceIeFKk.s:9219   .debug_str:0000000000006abb .LASF1120
C:\Users\zero6575\AppData\Local\Temp\cceIeFKk.s:9095   .debug_str:0000000000006453 .LASF1121
C:\Users\zero6575\AppData\Local\Temp\cceIeFKk.s:7325   .debug_str:00000000000004d9 .LASF1122
C:\Users\zero6575\AppData\Local\Temp\cceIeFKk.s:8705   .debug_str:0000000000004ede .LASF1123
C:\Users\zero6575\AppData\Local\Temp\cceIeFKk.s:9951   .debug_str:0000000000008f56 .LASF1124
C:\Users\zero6575\AppData\Local\Temp\cceIeFKk.s:8347   .debug_str:0000000000003bf7 .LASF1125
C:\Users\zero6575\AppData\Local\Temp\cceIeFKk.s:8735   .debug_str:00000000000050b8 .LASF1126
C:\Users\zero6575\AppData\Local\Temp\cceIeFKk.s:7405   .debug_str:0000000000000831 .LASF1127
C:\Users\zero6575\AppData\Local\Temp\cceIeFKk.s:9403   .debug_str:00000000000073c7 .LASF1128
C:\Users\zero6575\AppData\Local\Temp\cceIeFKk.s:9033   .debug_str:000000000000606b .LASF1129
C:\Users\zero6575\AppData\Local\Temp\cceIeFKk.s:8409   .debug_str:0000000000003eba .LASF1130
C:\Users\zero6575\AppData\Local\Temp\cceIeFKk.s:9901   .debug_str:0000000000008c30 .LASF1131
C:\Users\zero6575\AppData\Local\Temp\cceIeFKk.s:9301   .debug_str:0000000000006eab .LASF1132
C:\Users\zero6575\AppData\Local\Temp\cceIeFKk.s:9969   .debug_str:000000000000902f .LASF1134
C:\Users\zero6575\AppData\Local\Temp\cceIeFKk.s:9163   .debug_str:0000000000006787 .LASF1135
C:\Users\zero6575\AppData\Local\Temp\cceIeFKk.s:7777   .debug_str:0000000000001d4d .LASF1136
C:\Users\zero6575\AppData\Local\Temp\cceIeFKk.s:9899   .debug_str:0000000000008c23 .LASF1137
C:\Users\zero6575\AppData\Local\Temp\cceIeFKk.s:7437   .debug_str:0000000000000a10 .LASF1138
C:\Users\zero6575\AppData\Local\Temp\cceIeFKk.s:9299   .debug_str:0000000000006e96 .LASF1139
C:\Users\zero6575\AppData\Local\Temp\cceIeFKk.s:9661   .debug_str:0000000000008001 .LASF1140
C:\Users\zero6575\AppData\Local\Temp\cceIeFKk.s:9089   .debug_str:00000000000063c5 .LASF1141
C:\Users\zero6575\AppData\Local\Temp\cceIeFKk.s:8367   .debug_str:0000000000003cd1 .LASF1142
C:\Users\zero6575\AppData\Local\Temp\cceIeFKk.s:8795   .debug_str:000000000000545e .LASF1148
C:\Users\zero6575\AppData\Local\Temp\cceIeFKk.s:7439   .debug_str:0000000000000a1e .LASF1149
C:\Users\zero6575\AppData\Local\Temp\cceIeFKk.s:7355   .debug_str:0000000000000637 .LASF1151
C:\Users\zero6575\AppData\Local\Temp\cceIeFKk.s:9221   .debug_str:0000000000006add .LASF1152
C:\Users\zero6575\AppData\Local\Temp\cceIeFKk.s:8997   .debug_str:0000000000005ea8 .LASF1153
C:\Users\zero6575\AppData\Local\Temp\cceIeFKk.s:8539   .debug_str:00000000000045e9 .LASF1154
C:\Users\zero6575\AppData\Local\Temp\cceIeFKk.s:10129  .debug_str:0000000000009773 .LASF1155
C:\Users\zero6575\AppData\Local\Temp\cceIeFKk.s:9751   .debug_str:0000000000008438 .LASF1156
C:\Users\zero6575\AppData\Local\Temp\cceIeFKk.s:10033  .debug_str:00000000000092ad .LASF1157
C:\Users\zero6575\AppData\Local\Temp\cceIeFKk.s:8783   .debug_str:000000000000533f .LASF1158
C:\Users\zero6575\AppData\Local\Temp\cceIeFKk.s:7411   .debug_str:0000000000000877 .LASF1159
C:\Users\zero6575\AppData\Local\Temp\cceIeFKk.s:7857   .debug_str:0000000000002115 .LASF1160
C:\Users\zero6575\AppData\Local\Temp\cceIeFKk.s:8453   .debug_str:0000000000004096 .LASF1161
C:\Users\zero6575\AppData\Local\Temp\cceIeFKk.s:10037  .debug_str:0000000000009316 .LASF1162
C:\Users\zero6575\AppData\Local\Temp\cceIeFKk.s:9469   .debug_str:0000000000007637 .LASF1163
C:\Users\zero6575\AppData\Local\Temp\cceIeFKk.s:8753   .debug_str:000000000000518e .LASF1164
C:\Users\zero6575\AppData\Local\Temp\cceIeFKk.s:9659   .debug_str:0000000000007ff3 .LASF1165
C:\Users\zero6575\AppData\Local\Temp\cceIeFKk.s:8575   .debug_str:00000000000047f6 .LASF1166
C:\Users\zero6575\AppData\Local\Temp\cceIeFKk.s:9373   .debug_str:00000000000072aa .LASF1167
C:\Users\zero6575\AppData\Local\Temp\cceIeFKk.s:9211   .debug_str:0000000000006a25 .LASF1168
C:\Users\zero6575\AppData\Local\Temp\cceIeFKk.s:8339   .debug_str:0000000000003b85 .LASF1169
C:\Users\zero6575\AppData\Local\Temp\cceIeFKk.s:8867   .debug_str:0000000000005794 .LASF1170
C:\Users\zero6575\AppData\Local\Temp\cceIeFKk.s:7309   .debug_str:000000000000044e .LASF1171
C:\Users\zero6575\AppData\Local\Temp\cceIeFKk.s:7445   .debug_str:0000000000000a4b .LASF1172
C:\Users\zero6575\AppData\Local\Temp\cceIeFKk.s:9965   .debug_str:0000000000009007 .LASF1173
C:\Users\zero6575\AppData\Local\Temp\cceIeFKk.s:8767   .debug_str:00000000000052ba .LASF1174
C:\Users\zero6575\AppData\Local\Temp\cceIeFKk.s:8733   .debug_str:00000000000050af .LASF1175
C:\Users\zero6575\AppData\Local\Temp\cceIeFKk.s:9919   .debug_str:0000000000008ceb .LASF1176
C:\Users\zero6575\AppData\Local\Temp\cceIeFKk.s:8509   .debug_str:0000000000004441 .LASF1177
C:\Users\zero6575\AppData\Local\Temp\cceIeFKk.s:8829   .debug_str:00000000000055f4 .LASF1178
C:\Users\zero6575\AppData\Local\Temp\cceIeFKk.s:8051   .debug_str:0000000000002c86 .LASF1179
C:\Users\zero6575\AppData\Local\Temp\cceIeFKk.s:9077   .debug_str:0000000000006319 .LASF1180
C:\Users\zero6575\AppData\Local\Temp\cceIeFKk.s:10035  .debug_str:0000000000009304 .LASF1181
C:\Users\zero6575\AppData\Local\Temp\cceIeFKk.s:7687   .debug_str:00000000000018e4 .LASF1182
C:\Users\zero6575\AppData\Local\Temp\cceIeFKk.s:7795   .debug_str:0000000000001e0a .LASF1183
C:\Users\zero6575\AppData\Local\Temp\cceIeFKk.s:7453   .debug_str:0000000000000a94 .LASF1184
C:\Users\zero6575\AppData\Local\Temp\cceIeFKk.s:8965   .debug_str:0000000000005d0a .LASF1185
C:\Users\zero6575\AppData\Local\Temp\cceIeFKk.s:8659   .debug_str:0000000000004c75 .LASF1186
C:\Users\zero6575\AppData\Local\Temp\cceIeFKk.s:7493   .debug_str:0000000000000c60 .LASF1187
C:\Users\zero6575\AppData\Local\Temp\cceIeFKk.s:10061  .debug_str:000000000000949f .LASF1188
C:\Users\zero6575\AppData\Local\Temp\cceIeFKk.s:7647   .debug_str:0000000000001746 .LASF1189
C:\Users\zero6575\AppData\Local\Temp\cceIeFKk.s:7225   .debug_str:0000000000000023 .LASF1190
C:\Users\zero6575\AppData\Local\Temp\cceIeFKk.s:8477   .debug_str:0000000000004307 .LASF1191
C:\Users\zero6575\AppData\Local\Temp\cceIeFKk.s:7867   .debug_str:000000000000219c .LASF1192
C:\Users\zero6575\AppData\Local\Temp\cceIeFKk.s:8541   .debug_str:00000000000045f9 .LASF1193
C:\Users\zero6575\AppData\Local\Temp\cceIeFKk.s:7359   .debug_str:0000000000000651 .LASF1194
C:\Users\zero6575\AppData\Local\Temp\cceIeFKk.s:9559   .debug_str:0000000000007a2d .LASF1195
C:\Users\zero6575\AppData\Local\Temp\cceIeFKk.s:9591   .debug_str:0000000000007c59 .LASF1196
C:\Users\zero6575\AppData\Local\Temp\cceIeFKk.s:8591   .debug_str:0000000000004883 .LASF1197
C:\Users\zero6575\AppData\Local\Temp\cceIeFKk.s:7821   .debug_str:0000000000001f5e .LASF1198
C:\Users\zero6575\AppData\Local\Temp\cceIeFKk.s:8551   .debug_str:0000000000004659 .LASF1199
C:\Users\zero6575\AppData\Local\Temp\cceIeFKk.s:7261   .debug_str:000000000000015e .LASF1200
C:\Users\zero6575\AppData\Local\Temp\cceIeFKk.s:7713   .debug_str:00000000000019e2 .LASF1201
C:\Users\zero6575\AppData\Local\Temp\cceIeFKk.s:9567   .debug_str:0000000000007ab0 .LASF1202
C:\Users\zero6575\AppData\Local\Temp\cceIeFKk.s:9821   .debug_str:00000000000087e9 .LASF1203
C:\Users\zero6575\AppData\Local\Temp\cceIeFKk.s:9035   .debug_str:0000000000006092 .LASF1204
C:\Users\zero6575\AppData\Local\Temp\cceIeFKk.s:8651   .debug_str:0000000000004b9f .LASF1205
C:\Users\zero6575\AppData\Local\Temp\cceIeFKk.s:9667   .debug_str:0000000000008050 .LASF1206
C:\Users\zero6575\AppData\Local\Temp\cceIeFKk.s:9769   .debug_str:000000000000853b .LASF1209
C:\Users\zero6575\AppData\Local\Temp\cceIeFKk.s:8075   .debug_str:0000000000002d9c .LASF1210
C:\Users\zero6575\AppData\Local\Temp\cceIeFKk.s:7891   .debug_str:00000000000022dd .LASF1215
C:\Users\zero6575\AppData\Local\Temp\cceIeFKk.s:9775   .debug_str:000000000000859b .LASF1216
C:\Users\zero6575\AppData\Local\Temp\cceIeFKk.s:9987   .debug_str:00000000000090d5 .LASF1217
C:\Users\zero6575\AppData\Local\Temp\cceIeFKk.s:8251   .debug_str:0000000000003698 .LASF1218
C:\Users\zero6575\AppData\Local\Temp\cceIeFKk.s:9521   .debug_str:0000000000007887 .LASF1219
                           .group:0000000000000000 wm4.0.29db371e8b94e604acd9f4c2cef2c360
                           .group:0000000000000000 wm4.stddef.h.39.a38874c8f8a57e66301090908ec2a69f
                           .group:0000000000000000 wm4._newlib_version.h.4.9ba035841e762c3308916a0ce96032e7
                           .group:0000000000000000 wm4.features.h.33.318b64d71e0957639cfb30f1db1f7ec8
                           .group:0000000000000000 wm4._default_types.h.15.61e9869194cab90bdfa4c7fc42203a0e
                           .group:0000000000000000 wm4._intsup.h.10.b28b45fc63caeb010c3f7ee592257700
                           .group:0000000000000000 wm4._stdint.h.10.c24fa3af3bc1706662bb5593a907e841
                           .group:0000000000000000 wm4.stdint.h.23.d53047a68f4a85177f80b422d52785ed
                           .group:0000000000000000 wm4.errno.h.2.ba016d646105af6cad23be83630b6a3f
                           .group:0000000000000000 wm4.newlib.h.8.19af3a34a60c4846725bb1239b4fa5a2
                           .group:0000000000000000 wm4.ieeefp.h.195.a810689bf65b84f4ad2c33b483468c94
                           .group:0000000000000000 wm4.config.h.83.0359905d884ebfe41c79e1d7c780ef62
                           .group:0000000000000000 wm4._ansi.h.31.de524f58584151836e90d8620a16f8e8
                           .group:0000000000000000 wm4._types.h.20.dd0d04dca3800a0d2a6129b87f3adbb2
                           .group:0000000000000000 wm4.stddef.h.161.5349cb105733e8777bfb0cf53c4e3f34
                           .group:0000000000000000 wm4._types.h.127.c5cfac939eadb83d223592dbacad7524
                           .group:0000000000000000 wm4.reent.h.17.487f8c1f76499d088b190f62530a0034
                           .group:0000000000000000 wm4.lock.h.2.c0958401bd0ce484d507ee19aacab817
                           .group:0000000000000000 wm4.reent.h.77.1187f1075ff88452c642b29ed9a9030d
                           .group:0000000000000000 wm4.errno.h.14.6a5939d3ae7434a1e97991a97123b12d
                           .group:0000000000000000 wm4.cdefs.h.49.6260d97adb8d27534cbdc0f868b8ea87
                           .group:0000000000000000 wm4.string.h.15.dab3980bf35408a4c507182805e2de3a
                           .group:0000000000000000 wm4.stddef.h.161.19e15733342b50ead2919490b095303e
                           .group:0000000000000000 wm4.config.h.26.7d29d642a1ea34b87c56286f7235559f
                           .group:0000000000000000 wm4.bacdef.h.39.fcafd78d88dce17b2448edf8931b63fd
                           .group:0000000000000000 wm4.stdbool.h.29.07dce69c3b78884144b7f7bd19483461
                           .group:0000000000000000 wm4.npdu.h.25.6a3a449fc578b15b3d0db2c6a4da7956
                           .group:0000000000000000 wm4.bip.h.35.ed002c5cfc52434a2e46d3f82d276677
                           .group:0000000000000000 wm4.time.h.8.db4619001f026d0b4874c029fef0e91f
                           .group:0000000000000000 wm4.time.h.2.2a9bb4e458da4ea34ffea78824e2e6f7
                           .group:0000000000000000 wm4.time.h.25.0e6a0fdbc9955f5707ed54246ed2e089
                           .group:0000000000000000 wm4.types.h.40.8b6acba56cefbb11746718204edc8f5e
                           .group:0000000000000000 wm4._endian.h.18.1bf9649e8e5bbc91042012680270b9ed
                           .group:0000000000000000 wm4.endian.h.9.49f3a4695c1b61e8a0808de3c4a106cb
                           .group:0000000000000000 wm4._timeval.h.30.0e8bfd94e85db17dda3286ee81496fe6
                           .group:0000000000000000 wm4.timespec.h.41.d855182eb0e690443ab8651bcedca6e1
                           .group:0000000000000000 wm4.select.h.19.97ca6fd0c752a0f3b6719fd314d361e6
                           .group:0000000000000000 wm4.types.h.51.5571ec98f267d17d3c670b7a3ba33afa
                           .group:0000000000000000 wm4.sched.h.22.c60982713a5c428609783c78f9c78d95
                           .group:0000000000000000 wm4._pthreadtypes.h.36.fcee9961c35163dde6267ef772ad1972
                           .group:0000000000000000 wm4.time.h.162.85256a1e684b58f061361067da714e0e
                           .group:0000000000000000 wm4.datalink.h.64.0e2e4918a8aa83441d278a8eca7199e7
                           .group:0000000000000000 wm4.bits.h.25.f9e0c31c04958f93c399d58693ab7d13
                           .group:0000000000000000 wm4.bacdcode.h.417.fde53433a4e8c8179dfc8de0f5c0b6ae
                           .group:0000000000000000 wm4.readrange.h.25.7abf91243fb39ecb991c7216a42716c0
                           .group:0000000000000000 wm4.stdio.h.27.3fc80220048df77954e38daec3bb9670
                           .group:0000000000000000 wm4.stdarg.h.34.3a23a216c0c293b3d2ea2e89281481e6
                           .group:0000000000000000 wm4.stdio.h.47.1f5845210bb9053bbca9ed76fc4018da
                           .group:0000000000000000 wm4.stdio.h.2.4aa87247282eca6c8f36f9de33d8df1a
                           .group:0000000000000000 wm4.stdio.h.81.60a2ded7dae310b81f9d6907fe5e3dbf
                           .group:0000000000000000 wm4.bacapp.h.236.6ce9e612c7ada80feb9f3b2b0c328626
                           .group:0000000000000000 wm4.device.h.170.a251ce7da15aed1e46d1ea618b9629ed

UNDEFINED SYMBOLS
dcc_communication_enabled
address_get_by_device
tsm_next_free_invokeID
bip_get_my_address
npdu_encode_npdu_data
Handler_Transmit_Buffer
npdu_encode_pdu
lso_encode_apdu
tsm_set_confirmed_unsegmented_transaction
bip_send_pdu
tsm_free_invoke_id
