:020000040800F2
:10000000EF008051170700001307072B73105730BC
:10001000F3275030E31EF7FE1306800073300630DE
:100020007310403073104034732540F163060500AF
:1000300073503030735020307310003473102034FC
:10004000731010347310003A7310203A93000000BC
:10005000130100009301000013020000930200004E
:100060001303000093030000130400009304000036
:10007000130500009305000013060000930600001E
:100080001307000093070000130800009308000006
:100090001309000093090000130A0000930A0000EE
:1000A000130B0000930B0000130C0000930C0000D6
:1000B000130D0000930D0000130E0000930E0000BE
:1000C000130F0000930F0000B7E2010073A002308D
:1000D000732540F163020500F322103063C402006F
:1000E0006FF09FFF97A103009381C15C732540F1DE
:1000F000930500006302B502930510006308B50282
:1001000093052000630EB502930530006304B50427
:1001100093054000630AB50417171800130787EE0C
:1001200017311800130101EE6F0000051737180092
:10013000130747ED175118001301C1EC6F00C003FE
:1001400017571800130707EC17711800130181EBFC
:100150006F008002177718001307C7EA179118007D
:10016000130141EA6F00400117971800130787E950
:1001700017B11800130101E99307010023300700AC
:1001800013078700E34CF7FE130101FC1302010083
:10019000732540F193050000631AB508130610009B
:1001A0006306C000EF00802EEF00802C13051000C6
:1001B000EF00402FEF100014EF10A012EF00802A84
:1001C00017E717001307071F970718009387871E65
:1001D0002330070013078700E34CF7FE3707700151
:1001E0001B07070223000700371770011B070702D0
:1001F00023000700372770011B07070223000700B1
:10020000373770011B0707022300070037477001CB
:100210001B07070223000700130502006F00206B75
:1002200013000000130000006FF09FFF1306800012
:100230007330063073104030731040341306800062
:1002400073104630B74634129B8616329735180025
:10025000938545D703E60500E39EC6FEB7553412E5
:100260009B8585672320B2000F100000730050109B
:100270007326403413768600E30A06FE13068000D8
:10028000733006307310403073104034B7250200CD
:100290009B8555D99395E500938515322320B200AF
:1002A000130502006F00F0081300000013000000A7
:1002B0006FF09FFF130101F0233821002338A104C0
:1002C000233CB10423341100233C3100233041028C
:1002D0002334510223386102233C7102233081040C
:1002E000233491042330C1062334D1062338E10698
:1002F000233CF10623300109233411092338210955
:10030000233C31092330410B2334510B2338610B3B
:10031000233C710B2330810D2334910D2338A10D23
:10032000233CB10D2330C10F2334D10F2338E10F0B
:10033000233CF10F13050100F325303473261034EC
:10034000EF001067833081008331810103320102A5
:1003500083328102033301038333810303340104B5
:100360008334810403350105833581050336010695
:100370008336810603370107833781070338010875
:10038000833881080339010983398109033A010A55
:10039000833A810A033B010B833B810B033C010C35
:1003A000833C810C033D010D833D810D033E010E15
:1003B000833E810E033F010F833F810F0331010113
:1003C00013010110730020301306800073104630B3
:1003D00013068000732006300F10000067800000B5
:1003E0006358B50023300500130585006FF05FFFEB
:1003F00067800000630AB5002330C500130585003F
:10040000130686006FF01FFF67800000638EA50053
:10041000638CC5008336050023B0D5001305850025
:10042000938585006FF0DFFE67800000971700F965
:100430009387477D17A703001307C7A06382E702CE
:10044000972600F99386C682638CD700032607009F
:1004500023A0C7009387470013074700E3E8D7FEB0
:10046000678000003707000A930705006F008002CD
:1004700017060000130606B9370700083376E600B2
:1004800063100602B70720086F00C000370700019D
:10049000B72700012330070013078700E34CF7FE5E
:1004A0006780000013151501B707000A3305F50032
:1004B0006302F50283B6070093870704E39CA7FE57
:1004C000B707000AB706010223B0F6209387070496
:1004D000E39CA7FE67800000B70701029B87871691
:1004E0001307050083A3070023207700B707010245
:1004F0009B8787141387050083A3070023207700B9
:10050000B70701029B8787101307060083A3070024
:10051000232077006780000093870000130000000D
:10052000EF00400213000000130000001300000061
:100530001300000013000000130000009380070068
:10054000678000001300000013000000130000008B
:10055000130000001300000013000000678000007B
:100560002A83B682054323A06200014323A26200CE
:10057000328323B462002A8323B862002E8323BC13
:1005800062001B03F00F1313830123A262000D43CB
:1005900023A062000F00F00F8280AA8203A3020052
:1005A00013732300E31C03FE23A0020082802A832E
:1005B000AE8311C6230073007D16050365FE82809D
:1005C0002A8309CA83830500230073007D1605036F
:1005D00085056DFA82802A8309CA8393050023105A
:1005E00073007916090389056DFA82802A8309CA86
:1005F00083A30500232073007116110391056DFA82
:1006000082802A8309CA83B30500233073006116F0
:100610002103A1056DFA82802A83AE832A8E2330BE
:100620000300833E030013030304E34A73FE37030E
:1006300001022330C321130E0E04E34C7EFE8280A0
:100640000000011122EC00102334A4FE3707000241
:10065000833784FE8A07BA97054798C30F00F00FC7
:100660000100626405618280011122EC0010F32711
:1006700040F12334F4FE833784FE2330F4FE370741
:10068000000C97560300938666E7833704FE8E07B7
:10069000B6979C6393870720B207BA97DC438127FC
:1006A0003E85626405618280797122F40018AA8710
:1006B000232EF4FCF32740F12334F4FE833784FE29
:1006C0002330F4FE8327C4FD1B8707009307A00B8C
:1006D00063F3E70002903707000C975603009386F8
:1006E000E6E1833704FE8E07B6979C639387072065
:1006F000B207BA970327C4FDD8C30100227445612D
:100700008280011106EC22E80010EFF0FFF5AA87C5
:1007100081272326F4FE25A88327C4FE81273E8552
:10072000EFF09FF8BD472324F4FE01A8832784FE41
:100730008127FD3781272324F4FE832784FE812728
:10074000F5F7EFF07FF2AA8781272326F4FE8327AF
:10075000C4FE8127F1F30100E260426405618280FA
:10076000011106EC22E80010232604FE31A8370709
:10077000000C8367C4FE8A07BA9723A20700832769
:10078000C4FE85272326F4FE8327C4FE1B870700AB
:100790009307A00BE3FDE7FC232604FE05A0370723
:1007A000000C8367C4FE93870720B207BA971D47E2
:1007B00098C38327C4FE85272326F4FE8327C4FE1F
:1007C0001B870700A147E3FCE7FC232604FED5A016
:1007D0003707000C8366C4FE856793870780B6974A
:1007E0008A07BA9723A007003707000C8366C4FE68
:1007F000856793870782B6978A07BA9723A0070071
:100800003707000C8366C4FE856793870784B69715
:100810008A07BA9723A007003707000C8366C4FE37
:10082000856793870786B6978A07BA9723A007003C
:100830003707000C8366C4FE856793870788B697E1
:100840008A07BA9723A007003707000C8366C4FE07
:1008500085679387078AB6978A07BA9723A0070008
:100860003707000C8366C4FE85679387078CB697AD
:100870008A07BA9723A007003707000C8366C4FED7
:1008800085679387078EB6978A07BA9723A00700D4
:100890003707000C8366C4FE856793870790B69779
:1008A0008A07BA9723A007008327C4FE852723263B
:1008B000F4FE8327C4FE1B8707009547E3FAE7F0A1
:1008C000EFF03FE40100E2604264056182805D7107
:1008D00086E4A2E08008233CA4FAF32740F1233801
:1008E000F4FC833704FD2334F4FC833784FC6392E7
:1008F0000724EF00E03EEF00A03BEFB0B019EF009F
:1009000000470145EF0020480145EFC0B07D01459B
:10091000EFA0502DEFA0F032EFA0903EEFF05FE49B
:10092000972718009387076E2330F4FE833704FE61
:10093000938707FC233CF4FA833784FB3747341250
:100940001307173298C3833784FB23A20700232E93
:1009500004FC8547A307F4FEADA2232204FC8327F1
:10096000C4FD1B87070089476300F70C8327C4FD7C
:100970001B8707008D47630BF70C8327C4FD1B877C
:10098000070085476303F7088347F4FE8127BE8687
:100990000947638BE602BE8609476347D7003E8757
:1009A0008547630CF700B1A0BE860D476385E6025C
:1009B0003E8791476308F7022DA897471800938751
:1009C00067642330F4FE35A0976718009387876328
:1009D0002330F4FE39A8978718009387A762233045
:1009E000F4FE01A897A718009387C7612330F4FE8F
:1009F0000100833704FE938707FC233CF4FA854704
:100A0000232EF4FC232204FC6DA8833784FB9C4333
:100A100081273E87B7573412938787676313F70A96
:100A20008947232EF4FC71A88347F4FE1B87070037
:100A3000833784FBD8C38347F4FE3E85EFF07FC045
:100A40008D47232EF4FC232204FCA5A8833784FBC6
:100A50009C4381273E87B747658793871732631C7E
:100A6000F700232E04FC8347F4FE8527A307F4FE3A
:100A7000232204FCB1A0832744FC85272322F4FC15
:100A8000832744FC1B870700C14763FBE7028337CA
:100A900084FB9C4381273E87B7573412938787672F
:100AA0006310F7028347F4FE1B870700833784FB3C
:100AB000D8C38347F4FE3E85EFF0BFB8232204FC81
:100AC00001008347F4FE13F7F70F9147E3F7E7E8D8
:100AD00097271800938707532330F4FE833704FECB
:100AE000938707FC233CF4FA833784FB375755552B
:100AF0001307575598C30146814513050002EFC0FF
:100B000070500146814513051002EFC0B04F0146F9
:100B1000814513052002EFC0F04E014681451305C3
:100B20003002EFC0304EEFC03059033584FBEF0088
:100B300040001D7186ECA2E880102334A4FA9727A8
:100B400018009387274C938707FC2334F4FE9747BC
:100B500018009387274B938707FC2330F4FE976791
:100B600018009387274A938707FC233CF4FC978758
:100B7000180093872749938707FC2338F4FC97A72D
:100B8000180093872748938707FC2334F4FC97A722
:100B90001800938727472330F4FC033704FC83377E
:100BA00084FA98EB833784FA37A7A2A11307473A50
:100BB00098C7833784FA23A60700833784FADC4377
:100BC0008127BE861147636BD708139727009707C5
:100BD00000009387A70ABA979C431B8707009707D3
:100BE00000009387A709BA978287833784FE330171
:100BF000F000233CF4FAEFE0022695A00545EF0053
:100C00008018833704FE3301F000233CF4FAEFD060
:100C1000D20EB1A00945EF000017833784FD3301E0
:100C2000F000233CF4FAEFD0827215A80D45EF00D6
:100C30008015833704FD3301F000233CF4FAEFD034
:100C4000425631A81145EF000014833784FC33016C
:100C5000F000233CF4FAEFD0023A11A0010097B75C
:100C600003009387A7839C631387170097B703003C
:100C70009387C78298E3E5B772FFFFFF84FFFFFF0A
:100C80009CFFFFFFB4FFFFFFCCFFFFFF0000000051
:100C90001305000073104534730050106FF05FFFB0
:100CA0006FF01FFF6FF0DFFE6FF09FFE6FF05FFED3
:100CB000011106EC22E80010B737002093870712D5
:100CC0002334F4FE1146970500009385A5FC0335F7
:100CD00084FEEFF0FF8E0100E260426405618280D5
:100CE000411106E422E0000817960300130686155A
:100CF0009715000093850587171500001305858655
:100D0000EFF0CFF01386018A979503009385851A3B
:100D1000179503001305051AEFF04FEF17A6030010
:100D200013064677979503009385C5221795030010
:100D300013054522EFF08FED97B503009385859855
:100D400017A5030013050575EFF08FE997D5170078
:100D50009385456617B503001305C596EFF04FE878
:100D6000EFC050600100A260026441018280411125
:100D700006E422E00008EFC0300B81473E85A26008
:100D8000026441018280011106EC22E80010AA876A
:100D9000A307F4FE8347F4FE3E85EFC0B0368147DB
:100DA0003E85E260426405618280397122FC8000E8
:100DB000AA872326F4FCF32740F12334F4FE83377B
:100DC00084FE2330F4FE033704FE914763E1E726F7
:100DD000833704FE139727009707000093870726A1
:100DE000BA979C431B870700970700009387072546
:100DF000BA9782873707000C8327C4FC9BD757001C
:100E00008127939607028192856793870780B6971B
:100E10008A07BA979C43232EF4FC8327C4FCFD8BDE
:100E200081273E878547BB97E700812793C7F7FF58
:100E30001B8707008327C4FDF98F232EF4FC370797
:100E4000000C8327C4FC9BD7570081279396070289
:100E50008192856793870780B6978A07BA97032799
:100E6000C4FD98C3F1A23707000C8327C4FC9BD7AD
:100E7000570081279396070281928567938707829F
:100E8000B6978A07BA979C43232EF4FC8327C4FCA9
:100E9000FD8B81273E878547BB97E700812793C756
:100EA000F7FF1B8707008327C4FDF98F232EF4FC6F
:100EB0003707000C8327C4FC9BD7570081279396E4
:100EC00007028192856793870782B6978A07BA9748
:100ED0000327C4FD98C3A9AA3707000C8327C4FCC5
:100EE0009BD7570081279396070281928567938746
:100EF0000786B6978A07BA979C43232EF4FC83276C
:100F0000C4FCFD8B81273E878547BB97E70081277F
:100F100093C7F7FF1B8707008327C4FDF98F232E94
:100F2000F4FC3707000C8327C4FC9BD757008127AC
:100F3000939607028192856793870786B6978A07FB
:100F4000BA970327C4FD98C3E5A03707000C832791
:100F5000C4FC9BD75700812793960702819285672F
:100F60009387078AB6978A07BA979C43232EF4FC87
:100F70008327C4FCFD8B81273E878547BB97E7000D
:100F8000812793C7F7FF1B8707008327C4FDF98FCD
:100F9000232EF4FC3707000C8327C4FC9BD7570093
:100FA000812793960702819285679387078AB69770
:100FB0008A07BA970327C4FD98C39DA83707000C7A
:100FC0008327C4FC9BD75700812793960702819201
:100FD00085679387078EB6978A07BA979C43232E17
:100FE000F4FC8327C4FCFD8B81273E878547BB9794
:100FF000E700812793C7F7FF1B8707008327C4FDFE
:10100000F98F232EF4FC3707000C8327C4FC9BD7F1
:101010005700812793960702819285679387078EF1
:10102000B6978A07BA970327C4FD98C311A0010099
:101030000100627421618280BCFDFFFF2EFEFFFF74
:10104000A0FEFFFF12FFFFFF84FFFFFF011122EC54
:101050000010F32740F12334F4FE833784FE23305D
:10106000F4FE3707000C9746030093862649833722
:1010700004FE8E07B6979C6393870720B207BA9742
:10108000DC4381273E85626405618280797122F4A8
:101090000018AA87232EF4FCF32740F12334F4FE32
:1010A000833784FE2330F4FE8327C4FD1B870700AB
:1010B0009307A00B63F3E70002903707000C9746F5
:1010C00003009386A643833704FE8E07B6979C637E
:1010D00093870720B207BA970327C4FDD8C301003E
:1010E000227445618280011106EC22E80010EFF0C5
:1010F000FFF5AA8781272324F4FE832784FE812716
:10110000B9C7A30704FE832784FE8127179703002E
:101110001307C7F2821781938E07BA979C63829751
:10112000AA87A307F4FE832784FE81273E85EFF07C
:10113000FFF58347F4FE13F7F70F8547631AF700AF
:10114000832784FE81273E85EFF03FC611A0010072
:10115000E260426405618280397106FC22F88000F9
:10116000AA87A307F4FCF32740F12334F4FE833766
:1011700084FE2330F4FE8347F4FCC137A30FF4FC54
:1011800017A70300130707C1833704FE8E07BA971A
:101190009C632338F4FC8347F4FD8E07033704FD7A
:1011A000BA979C6382970100E27042742161828049
:1011B0005D7186E4A2E080082334A4FC2330B4FCF3
:1011C000233CC4FAF32720342330F4FE833704FE93
:1011D000233CF4FC033784FDFD57FE177D8FFD573C
:1011E000FE176317F702033784FD85578583F98F50
:1011F00085C3033784FD930710F88583F98F89EB46
:10120000833784FD93F7F70F3E85EFF0FFF4E9A0F5
:10121000033784FDFD57FE177D8FFD57FE17631DB5
:10122000F700033784FDFD5785837D8FAD47631538
:10123000F700EFF05FEB4DA0033784FDFD57FE177D
:101240007D8FFD57FE17631DF700033784FDFD57A3
:1012500085837D8F8D476315F700EFB02031ADA8F2
:10126000033784FDFD57FE177D8FFD57FE17631D65
:10127000F700033784FDFD5785837D8F9D476315F8
:10128000F700EFB0402189A8033784FDFD57FE1712
:101290007D8FFD57FE17631EF700033784FDFD5752
:1012A00085837D8F930700086315F700EFB0E00B8F
:1012B00025A0232604FE8327C4FE85272326F4FECB
:1012C0008327C4FE1B8707008567E316F7FE833775
:1012D00084FD2326F4FEC5B70100A66006646161A3
:1012E0008280411122E40008B707000A3E8522648B
:1012F00041018280011106EC22E8001017F71D0061
:10130000130747D097F7FFFF9387C7CF1D8FB70706
:101310001E0063F3E7000290B7070102A1072FB098
:101320000708B727002023AA0716EF00C0192326B5
:1013300004FE8327C4FE858B812791C302908327F7
:10134000C4FE858B812791C302908327C4FE858BC1
:10135000812791C302908327C4FE858B812791C387
:1013600002908327C4FE858B812791C30290832737
:10137000C4FE858B812791C302908327C4FE858B91
:10138000812791C302908327C4FE858B812791C357
:1013900002908327C4FE858B812791C30290832707
:1013A000C4FE858B812791C302908327C4FE858B61
:1013B000812791C302908327C4FE858B812791C327
:1013C00002908327C4FE858B812791C302908327D7
:1013D000C4FE858B812791C302908327C4FE858B31
:1013E000812791C30290B7170102938707800547B1
:1013F0002FB0E708B71701029387878005472FB002
:10140000E708B71701029387078105472FB0E70860
:10141000B71701029387878105472FB0E708B717F1
:1014200001029387078205472FB0E708B71701022B
:101430009387078305472FB0E708B7170102938703
:10144000878305472FB0E708B71701029387078402
:1014500005472FB0E708B717010293878784054730
:101460002FB0E708B71701029387078505472FB00C
:10147000E708B71701029387878505472FB0E7086C
:10148000B71701029387078605472FB0E708B717FC
:1014900001029387878605472FB0E708B717010237
:1014A0009387078705472FB0E708B717010293878F
:1014B000878205472FB0E7080F00F00F0100E260B8
:1014C000426405618280797122F4001897F7FF0168
:1014D000938747B32330F4FE97F7FF01938787B2D2
:1014E000233CF4FC033784FDB707000A6373F7005D
:1014F0000290033704FEB707000C6363F700029005
:10150000033704FE833784FD6373F70002900337CB
:1015100004FE833784FDB307F740C583A307F4FEB9
:10152000033704FE833784FD1D8FB7070200FD17C4
:10153000F98F2338F4FC833704FD91C78347F4FE09
:101540008527A307F4FE8347F4FE93F7F70F91C3B3
:1015500002900100227445618280000000000000BA
:10156000797122F40018AA87232EF4FC17F71700CC
:10157000130747E497D717009387C7E363E3E700B0
:10158000029097A703009387E7F09C6391EB97A7DE
:101590000300938727F017D717001307A7E198E3F5
:1015A00097A70300938707EF9C632334F4FE97A764
:1015B0000300938727EE98638327C4FD3E9797A780
:1015C0000300938727ED98E397A70300938787ECA1
:1015D000986397F717009387E7DD63F3E7000290BE
:1015E000833784FE3E85227445618280397122FCF6
:1015F0008000AA872326F4FCF32700C02334F4FEDE
:10160000033784FE8367C4FCBA97233CF4FC0100D3
:10161000F32700C02330F4FE033704FE833784FD34
:10162000E368F7FE0100627421618280011106EC1B
:1016300022E80010AA872326F4FE8327C4FE812710
:1016400099E797A70300938767E623A0070097A76A
:1016500003009387A7E59843BA868547638DF60212
:101660008947630FF70097A70300938727E409478B
:1016700098C397A703009387A7E323A0070029A88F
:10168000EF00C002AA871B87070097A70300938774
:1016900027E298C311A0010097A70300938747E1B1
:1016A0009C433E85E260426405618280697106F672
:1016B00022F226EE001A232604FC89472326F4F69C
:1016C00097A70300938707DF9C43BE861307C003D9
:1016D0006374D7006F2010651397270097270300C6
:1016E0009387871EBA979C431B87070097270300A1
:1016F0009387871DBA978287F32700C02330F4F6BB
:10170000033704F697A70300938747DB98E397A76F
:101710000300938727DB37E7CF070D0798C397A709
:101720000300938767DA37E704001307375698C337
:1017300097A70300938787D923A0070097A70300E3
:10174000938747D6094798C397A70300938747D83D
:1017500015472380E70097A703009387E7D423A0CA
:10176000070097A703009387E7D623A00700130677
:101770000008814517050F0013054538EFE03FE3EA
:101780004146814517050F0013054536EFE03FE25E
:1017900097A70300938747D423A0070097070F005C
:1017A0009387C73D9863B7E7CF0713863700971530
:1017B0000300938525783A85EF80606597A703003D
:1017C000938747CF114798C36F20F05797070F00B3
:1017D0009387C73A986397A70300938727D09C43C2
:1017E0003E8697150300938565773A85EF802062E2
:1017F00097A70300938707CC054798C36F20B05481
:1018000097070F0093878737986397A703009387FD
:10181000E7CC9C433E8697150300938525753A8552
:10182000EF80E05E97A703009387C7C8054798C37A
:101830006F20705197070F0093874734986397A7DD
:1018400003009387A7C99C433E86971503009385A1
:10185000E5723A85EF80A05B97A70300938787C561
:10186000054798C36F20304E97070F0093870731C5
:10187000986397A70300938767C69C433E86971596
:1018800003009385A5703A85EF80605897A7030001
:10189000938747C2054798C36F20F04A97070F0008
:1018A0009387C72D986397A70300938727C39C430B
:1018B0003E86971503009385656E3A85EF80205527
:1018C00097A70300938707BF054798C36F20B047CA
:1018D00097070F009387872A986397A7030093873A
:1018E000E7BF9C433E86971503009385256C3A8598
:1018F000EF80E05197A703009387C7BB054798C3C4
:101900006F20704497070F0093874727986397A726
:1019100003009387A7BC9C433E86971503009385DD
:10192000E5693A85EF80A04E97A70300938787B8B3
:10193000054798C36F20304197070F00938707240E
:10194000986397A70300938767B99C433E869715D2
:101950000300938525683A85EF80604B97A70300C5
:10196000938747B5054798C36F20F03D97070F0051
:101970009387C720986397A70300938727B69C4354
:101980003E8697150300938565663A85EF8020486B
:1019900097A70300938707B2054798C36F20B03A13
:1019A00097070F009387871D986397A70300938776
:1019B000E7B29C433E86971503009385A5643A855C
:1019C000EF80E04497A703009387C7AE054798C30D
:1019D0006F20703797070F009387471A986397A770
:1019E00003009387A7AF9C433E869715030093851A
:1019F000E5623A85EF80A04197A70300938787AB04
:101A0000054798C36F20303497070F009387071757
:101A1000986397A70300938767AC9C433E8697150E
:101A20000300938525613A85EF80603E97A7030008
:101A3000938747A8054798C36F20F03097070F009A
:101A40009387C713986397A70300938727A99C439D
:101A50003E86971503009385655F3A85EF80203BAE
:101A600097A70300938707A5054798C36F20B02D5C
:101A700097070F0093878710986397A703009387B2
:101A8000E7A59C433E86971503009385A55D3A859F
:101A9000EF80E03797A703009387C7A1054798C356
:101AA0006F20702A97070F009387470D9C633E8530
:101AB000EF80F04297070F009387470C9C63014625
:101AC000971503009385055C3E85EF80403497872A
:101AD00003009387272F98639167BA97054798D398
:101AE000978703009387072E98639167BA970547F6
:101AF000D8CF8567138587BBEFF05FAF978703006B
:101B00009387472C98639167BA970547D8CBB75707
:101B10001200138507F8EFF07FAD97A703009387B6
:101B2000A79B9C4385271B87070097A703009387E4
:101B3000A79A98C397A703009387079A9843970794
:101B40000F009387A7FA98C797070F00938707039B
:101B5000986397A703009387E7959C433E86971564
:101B600003009385A5553A85EF80602A97070F00FB
:101B70009387C700986397A703009387E7959C43D3
:101B80003E8697150300938565553A85EF8020289A
:101B900097A703009387479123A0070097A7030007
:101BA0009387479323A00700130600088145170574
:101BB0000F001305A5F4EFE09F9F9787030093871D
:101BC00067209863C167BA9723A807049787030023
:101BD0009387471F98639167BA9723AC070297874B
:101BE00003009387A71D98638567BA9723A807808A
:101BF00097A703009387078C114798C36F20B014F1
:101C00008327C4F61B8707009D47631EF700EF205C
:101C1000703E8327C4FC93E717002326F4FC832738
:101C2000C4FC6F20901297A703009387278A23A0F4
:101C3000070097A703009387E787154798C36F208E
:101C4000901097070F00938767F3986397A7030097
:101C5000938787879C433E86971503009385854924
:101C60003A85EF80C01A97A703009387E7859C43C6
:101C70003E85EF20D00F8327C4F61B8707009147CE
:101C8000631DF70297A70300938707849C4393F78C
:101C9000F7C01B87070097870300938727129C6371
:101CA00013670705012723A2E71897870300938787
:101CB000E7109C6323A607381DA88327C4F6812755
:101CC00081CB8327C4F61B87070085476311F70282
:101CD000979703009387477F9843978703009387DD
:101CE000E70D9C6313670702012723A2E718979764
:101CF00003009387277C194798C36F20D0049787E8
:101D000003009387A70B9C63054723A0E7309787C1
:101D100003009387A70A9C63054723A0E7389787AA
:101D200003009387A7099C63054723A0E740979783
:101D30000300938727781D4798C36F20D00083271F
:101D4000C4F63E85EF205007979703009387877668
:101D5000214798C36F20207FB707023E054798C3ED
:101D60009797030093870775254798C36F20A07D39
:101D7000EFA0802F97070F00938747E0986397871E
:101D800003009387A7039C6383A7C720812793F74A
:101D9000F70781273E86971503009385A5363A8578
:101DA000EF80E00697070F00938747DD98639787DA
:101DB00003009387A7009C6383A7C72081279BD735
:101DC0007700812793F7F70781273E869715030051
:101DD000938545343A85EF80800397070F009387FA
:101DE000E7D99863979703009387476F9C433E8694
:101DF00097150300938505333A85EF8040019707D7
:101E00000F009387A7D79863979703009387476D31
:101E10009C433E8697150300938545323A85EF70C3
:101E2000107F97070F00938767D5986397970300F4
:101E30009387476B9C433E86971503009385053235
:101E40003A85EF70D07C97070F00938727D398636C
:101E500097970300938747699C433E869715030035
:101E6000938545313A85EF70907A97070F009387F5
:101E7000E7D0986397970300938747679C433E8614
:101E800097150300938585303A85EF7050789797C2
:101E9000030093872762294798C36F20C06A0145D2
:101EA000EF90B017979703009387876441677D177A
:101EB00098C3979703009387E75F314798C36F20D4
:101EC0008068EF90D029AA8789EB979703009387C2
:101ED000675E2D4798C36F2020659797030093870F
:101EE00027619C43FD371B87070097970300938763
:101EF000276098C3979703009387875F9C4399C394
:101F00006F208062979703009387C75A1307B00327
:101F100098C36F2060610145EF50802FB7270020E4
:101F200083A747081B870700B7270020BA86370713
:101F30008000558F012723A2E708B727002083A739
:101F400087081B870700B7270020BA86370780005D
:101F5000558F012723A4E708B727002083A7870808
:101F60001B870700B7270020BA86370780FF7D1739
:101F7000758F012723A4E70897970300938787535A
:101F8000354798C36F20205CEF30406A9797030075
:101F900093874752394798C36F20E05A97870300C9
:101FA0009387C7E198638567BA97094723ACE780B1
:101FB0008327C4F61B8707009147631BF7009787A9
:101FC0000300938727E098639167BA97054798CBFA
:101FD00097870300938707DF98639167BA9723A0D9
:101FE0000700978703009387E7DD98639167BA97A7
:101FF000054798C3979703009387C74B3D4798C3FE
:102000006F20605497870300938747DB9863856749
:10201000BA97114723A2E78A97870300938707DAC5
:1020200098638567BA97094723ACE78697870300CB
:102030009387C7D898638567BA971307C00723A209
:10204000E78A97870300938767D798638567BA976E
:102050001307800723A2E78A97870300938707D691
:1020600098638567BA971307800723A2E78A978743
:1020700003009387A7D498638567BA971307C007AF
:1020800023A2E78A97870300938747D398638567DE
:10209000BA97114723A2E78A97870300938707D24D
:1020A00098638567BA971307400623A2E78A978744
:1020B00003009387A7D098638567BA9713076006D4
:1020C00023A2E78A232404FC25A89787030093878B
:1020D000E7CE98638567BA971307700623A2E78A4D
:1020E00097870300938787CD98638567BA9713070F
:1020F000600623A2E78A832784FC85272324F4FC37
:10210000832784FC1B8707008547E3F0E7FC97875C
:1021100003009387A7CA98638567BA971307400699
:1021200023A2E78A97870300938747C99863856747
:10213000BA97114723A2E78A97870300938707C8B6
:1021400098638567BA977D4723AEE7889787030032
:102150009387C7C698638567BA977D5723A8E78892
:1021600097870300938787C598638567BA9723A8E5
:10217000078897870300938767C498638567BA9732
:1021800023AE078897870300938747C398638567C3
:10219000BA977D5723A8E78897870300938707C2DC
:1021A00098638567BA9723A8078897870300938762
:1021B000E7C098638567BA971307F00323A0E78AFF
:1021C00097870300938787BF98638567BA9723A093
:1021D000078A97870300938767BE98638567BA97D6
:1021E000194723A6E78C97870300938727BD986339
:1021F0008567BA977D5723A6E7889787030093875B
:10220000E7BB98638567BA973D4723A8E788978718
:1022100003009387A7BA98638567BA9723A60788B0
:1022200097870300938787B998638567BA9723A830
:10223000078897870300938767B898638567BA977D
:10224000114723A6E78C97870300938727B79863E6
:102250008567BA977D5723A6E788978703009387FA
:10226000E7B598638567BA973D4723A8E7889787BE
:1022700003009387A7B498638567BA9723A6078856
:1022800097870300938787B398638567BA9723A8D6
:10229000078897870300938767B298638567BA9723
:1022A00023A6078C97870300938747B198638567B8
:1022B000BA971307F00323A0E78A97870300938751
:1022C000E7AF98638567BA9723A0078A97870300CB
:1022D0009387C7AE98638567BA9723AC07869797AD
:1022E00003009387271D414798C36F20C025970798
:1022F0000F009387A7889863979703009387871C9D
:102300009C433E86971503009385C5E93A85EF7097
:10231000103097870300938767AA94639797030009
:102320009387471A98438567B69723A8E78C9797B2
:1023300003009387E71B41677D1798C38327C4F683
:102340003E85EF40907FAA873E878547631AF70056
:102350009797030093870716454798C36F20A01EE1
:102360008327C4F6812795C38327C4F61B870700FC
:102370008547630CF70097870300938727A498632A
:102380008567BA9723AC078011A8978703009387C6
:1023900067A398639167BA97054798C39797030017
:1023A000938747114D4798C36F20E0199797030013
:1023B0009387471423A007008D472322F4FC232E84
:1023C00004F4232C04EC232E04EC232004EE23221B
:1023D00004EE232404EE232604EE232804EE232A0D
:1023E00004EE232C04F4232004FC8DAA832704FC90
:1023F0009B978700812793F7077081272322F4F0AA
:10240000832704FC892781279B97B70081273E8774
:10241000916793870780F98F81272320F4F00327A2
:1024200044F0832704F0D98F1B87070097870300A8
:102430009387479A9C63BA8611670D07558F0127CA
:1024400098D3032744F0832704F0D98F1B87070014
:1024500097870300938707989C63136737000127CA
:1024600098D3032744F0832704F0D98F1B870700F4
:1024700097870300938707969C63BA8611670D07B9
:10248000558F012798D397870300938727939863E5
:102490008567BA9783A7C78A81279BD7C7008127FB
:1024A0008D8B232EF4F4832744FC93C7F7FF1B87FF
:1024B00007008327C4F5F98F81278DCB832704FC80
:1024C0009D8B232CF4F4836784F58A07130704FE9D
:1024D000BA9783A787EF85271B870700836784F553
:1024E0008A07930604FEB69723ACE7EE8327C4F56C
:1024F0002322F4FC232804FC232E04FCA1A08367E0
:10250000C4FD8A07130704FEBA9703A787EF832742
:1025100004FD812763F3E70297970300938787FD04
:102520000327C4FD98C38367C4FD8A07130704FE0D
:10253000BA9783A787EF2328F4FC8327C4FD852758
:10254000232EF4FC8327C4FD1B8707009D47E3F877
:10255000E7FA832704FC85272320F4FC832704FC67
:102560001B8707009307F031E3F2E7E89797030032
:10257000938747F4494798C36F10F07C8327C4F6CC
:102580003E85EF401063AA871B87070097970300DB
:10259000938747F69C43B99F81279B9787008127A4
:1025A00093F7077081272322F4F08327C4F63E8532
:1025B000EF403060AA871B87070097970300938737
:1025C00067F39C43B99F8127892781279B97B70091
:1025D00081273E87916793870780F98F8127232082
:1025E000F4F0032744F0832704F0D98F1B870700FA
:1025F000977703009387077E9C63BA8611670D0760
:10260000558F012798D3032744F0832704F0D98FEF
:102610001B870700977703009387C77B9C6313672B
:102620003700012798D3032744F0832704F0D98F7C
:102630001B870700977703009387C7799C63BA8647
:1026400011670D07558F012798D397F70E009387D1
:10265000E7529C63032744F03A869715030093855D
:10266000E5B53E85EF70A07A97F70E009387075186
:1026700084638327C4F63E85EF40B053AA87812741
:102680003E8697150300938565B42685EF70207804
:1026900097770300938787729C6383A74730232A29
:1026A000F4F497770300938767719C6383A74718B7
:1026B00081279BD7C700812793F7F7032328F4F4DA
:1026C00093071008232EF4FA977703009387076F78
:1026D00098638567BA97054723ACE786232C04FAED
:1026E00001A3977703009387676D9C63032784FB9F
:1026F00023A2E764977703009387476C9C630327C3
:1027000084FB23A6E7648547232AF4FA232804FAE6
:1027100093070008232AF4FC95472326F4FA4DA1D9
:10272000232404FA930700082322F4FA232604F44E
:102730008327C4FB1B8707009307000863F6E700A5
:1027400093070008232EF4FAB707023E23A00700E0
:102750001305C012EFE09FE99777030093870766A0
:102760009C6383A7471881273E87B717FCFFFD1797
:10277000F98F1B8707008327C4FA9B97C70081271F
:10278000D98F81273E87B7070400D98F232CF4FC0B
:1027900097770300938787629C63032784FD23A2B6
:1027A000E7181305C012EFE07FE4B707023E0547C4
:1027B00098C31305C012EFE07FE393070008232CB2
:1027C000F4F8232A04F809AC977703009387075F8E
:1027D00098638567BA9723A4078897770300938740
:1027E000E75D98638567BA9723A807889777030002
:1027F0009387C75C98638567BA973707180023A843
:10280000E788977703009387675B98638567BA9734
:1028100023A80788977703009387475A98638567AB
:10282000BA973707180023A4E788977703009387A0
:10283000E75898638567BA9723A8078897770300B6
:102840009387C75798638567BA973707180023A8F7
:10285000E788977703009387675698638567BA97E9
:1028600023A80788BD472320F4FA232E04F89307F2
:102870000008232CF4F81305C012EFE03FD72328FB
:1028800004F8DDA89777030093874753986385671B
:10289000BA9723A0078897770300938727529863F6
:1028A0008567BA973707180023A0E7889777030052
:1028B0009387C75098638567BA9723A00788130545
:1028C000C012EFE0BFD2977703009387274F98633A
:1028D0008567BA9783A7C78A81279BD787008127F7
:1028E0008D8B2324F4F48327C4F9812781CF032718
:1028F00004F98327C4F9BB07F74081273E87A14726
:1029000063EAE7088327C4F9812795E7832704FA58
:1029100093C7F7FF1B870700832784F4F98F81276C
:1029200091C7832704F9232EF4F891A0832784F418
:102930002320F4FA2DA8032704F98327C4F9BB0741
:10294000F74081273E8791476313F702832704FAF4
:1029500093C7F7FF1B870700832784F4F98F81272C
:1029600099E7232E04F8832784F42320F4FA83279D
:1029700004F985272328F4F813070008832784FB2C
:10298000BB07F7401B870700832704F98127E3EB88
:10299000E7EE11A001008327C4F981278DCB03271F
:1029A000C4F9832784FA0127812763F6E700832788
:1029B000C4F92324F4FA0327C4F9832744FA01272E
:1029C00081276376F7008327C4F92322F4FA83274B
:1029D00044F98527232AF4F8832744F91B87070045
:1029E000CD47E3F3E7DE032784FA832744FABB07E6
:1029F000F7402326F4F4832744FA1B870700A547F2
:102A000063E4E700232A04FA8327C4F41B87070042
:102A1000954763ECE704032744FA8327C4FB0127A7
:102A2000812763FBE700032744FA8327C4FBBB0726
:102A3000F740232CF4F809A80327C4FB832744FAA2
:102A4000BB07F740232CF4F8832784F91B87070082
:102A5000954763E2E702832704FB9B9717008127D2
:102A600093E717002328F4FA39A0832704FB9B97E8
:102A700017002328F4FA97F70E00938727109C631A
:102A8000032784FB3A8697050300938525763E85C8
:102A9000EF70E03797F70E009387470E9C6303278C
:102AA000C4FA3A8697050300938545753E85EF7015
:102AB000003697F70E009387670C9C63032784FA10
:102AC0003A86970503009385E5733E85EF702034C1
:102AD00097F70E009387870A9C63032744FA3A8688
:102AE00097050300938505733E85EF70403297F795
:102AF0000E009387A7089C630327C4FB3A869705BB
:102B00000300938525723E85EF70603097F70E00C5
:102B10009387C7069C630327C4F43A86970503008E
:102B20009385C5713E85EF70802E97F70E009387D1
:102B3000E7049C63032784F93A869705030093858D
:102B4000E5703E85EF70A02C97F70E009387070382
:102B50009C63032704FB3A86970503009385057061
:102B60003E85EF70C02A97F70E00938727019C637C
:102B7000032744FD3A86970503009385256F3E851C
:102B8000EF70E028832744FD1B87070093070008A8
:102B9000631FF700832704FB8D8B81273E878D47BA
:102BA0006317F7008327C4FA232AF4FC0DA08327B8
:102BB00044FA232EF4FA8327C4FA85272326F4FA4D
:102BC0008327C4FA1B870700F547E3FBE7B4832795
:102BD00044FB812791EF832784FB9527232CF4FA6C
:102BE000832784FB1B870700F547E3FCE7AE11A0B2
:102BF0000100832744FD1B87070093070008630239
:102C0000F70297F70E00938767F79C63032744FD4D
:102C10003A8697050300938565663E85EF70201F11
:102C200005A097F70E00938767F59C63032744FD83
:102C30003A86970503009385E5653E85EF70201D74
:102C4000B707023E23A007001305C012EFE01F9A4A
:102C5000832744FD1B870700930700086312F704CE
:102C6000C147232AF4FC97770300938727159C63B9
:102C700083A7471881273E87B717FCFFFD17F98FF9
:102C80001B870700832744FD9B97C7008127D98FA7
:102C900081273E87B7070400D98F232CF4FC2DA889
:102CA00097770300938787119C6383A74718812731
:102CB0003E87B717FCFFFD17F98F1B870700832797
:102CC00044FD9B97C7008127D98F81273E87B7078F
:102CD0000400D98F232CF4FC977703009387070E09
:102CE0009C63032784FD23A2E7181305C012EFE0BD
:102CF000FF8FB707023E054798C3B79704001385B7
:102D0000073EEFE0BF8E8327C4F6812781CB832760
:102D1000C4F61B8707008547631AF70297870300ED
:102D20009387877B90439307C4EF130704F09306C0
:102D300044F00325C4F617880300130868799775D3
:102D4000030093852517EF60204429A28327C4F64A
:102D50001B8707009147630AF70297870300938751
:102D6000A77790439307C4EF130704F0930644F04A
:102D70000325C4F6178803001308887597750300A8
:102D800093854513EF604040F1A0F147232EF4EE08
:102D900097770300938707049C639C53812793F7DD
:102DA000077081272322F4F0977703009387870227
:102DB0009C639C5381273E87916793870780F98F97
:102DC00081272320F4F0032744F0832704F0D98FD0
:102DD0001B8707008327C4EFD98F1B8707009777CE
:102DE0000300938727FF9C63BA8611670D07558FF1
:102DF000012798D3032744F0832704F0D98F1B873A
:102E000007008327C4EFD98F1B870700977703003C
:102E1000938747FC9C6313673700012798D30327E8
:102E200044F0832704F0D98F1B8707008327C4EF62
:102E3000D98F1B870700977703009387A7F99C63B7
:102E4000BA8611670D07558F012798D31305C01255
:102E5000EFE0CFF997F70E00938747D29C630146C6
:102E600097050300938505453E85EF60507AB707C7
:102E7000023E23A007001305C012EFE02FF797775B
:102E800003009387A7F39C6383A7471881273E8796
:102E9000B717FCFFFD17F98F1B870700832704F581
:102EA0009B97C7008127D98F1B870700977703005F
:102EB0009387C7F09C63BA8637070400558F0127B4
:102EC00023A2E7181305C012EFE04FF2B707023E46
:102ED000054798C31305C012EFE04FF19777030041
:102EE0009387C7ED9C63032744F523A2E7309787B8
:102EF00003009387275C4D4798C397870300938708
:102F0000275F9C43FD371B87070097870300938744
:102F1000275E98C3978703009387875D9C4399C377
:102F20006F10C060978703009387C758130760032B
:102F300098C36F10A05F97770300938727E8986383
:102F40008567BA97094723A6E7808327C4F68127B8
:102F50008DCF8327C4F61B87070085476307F702D9
:102F60008327C4F61B8707008D476300F70283277A
:102F7000C4F61B87070091476309F7008327C4F64F
:102F80001B87070089476319F7009777030093872A
:102F9000E7E29C6323A0076A97770300938707E221
:102FA00098638567BA9723AC078097770300938768
:102FB00067E19863C167BA9723A80704977703006E
:102FC000938747E09863C167BA970547B8CB97776F
:102FD0000300938727DF98639167BA9723AC0702B2
:102FE00097770300938707DE98639167BA97054741
:102FF00098DF978703009387A74F41677D1798C392
:10300000978703009387074B514798C397F70E00A4
:103010009387C7B69863978703009387674B83C7E7
:10302000070081273E86970503009385A52C3A85E6
:10303000EF60F05D6F10205197770300938787D87A
:103040009863C167BA97DC5B8127858B81273E87B0
:1030500085476311F70A8327C4F61B87070091474A
:103060006315F702978703009387074798438327E1
:10307000C4F6978603009386A6453A8697750300A3
:10308000938545E33E85EF40207297F70E009387C6
:10309000E7AE9863977703009387C7D39C63DC4BB5
:1030A00081273E8697050300938545263A85EF6084
:1030B000105697F70E00938767AC986397770300D5
:1030C000938747D19C639C4B81273E8697050300DD
:1030D0009385C5233A85EF609053978703009387C4
:1030E000673D554798C397870300938767404167BB
:1030F0007D1798C3978703009387873F9C43FD37CD
:103100001B870700978703009387873E98C397879D
:1031100003009387E73D9C4399C36F1060419787F5
:103120000300938727391307A00398C36F1040400B
:1031300097770300938787C898638567BA9783A7B3
:1031400047818127858B812791CF978703009387BC
:10315000273A41677D1798C3978703009387873580
:10316000594798C397870300938787389C43FD3757
:103170001B870700978703009387873798C3978734
:1031800003009387E7369C4399C36F10A03A978753
:103190000300938727321307500398C36F108039B9
:1031A000978703009387C734370710007D1798C3AC
:1031B00097870300938707305D4798C3978703007D
:1031C000938707339C43FD371B87070097870300CE
:1031D0009387073298C397870300938767319C438F
:1031E00099C36F106035978703009387A72C130747
:1031F000400398C36F10403497770300938707BC50
:1032000098638567BA9783A747818127918B812728
:1032100099CF978703009387A72D370710007D1755
:1032200098C3978703009387E728614798C39787D8
:1032300003009387E72B9C43FD371B870700978785
:1032400003009387E72A98C3978703009387472A49
:103250009C4399C36F10802E97870300938787251F
:103260001307300398C36F10602D9777030093877F
:10327000E7B49C631787030013070725184323A2AD
:10328000E71897770300938767B39C63094723A6E2
:10329000E73897770300938767B298638567BA9793
:1032A00083A747818127A18B812791CF978703002F
:1032B0009387072441677D1798C3978703009387F7
:1032C000671F654798C397870300938767229C43CE
:1032D000FD371B870700978703009387672198C3F3
:1032E000978703009387C7209C4399C36F1040259D
:1032F000978703009387071C1307200398C36F1059
:10330000202497770300938767AB98638567BA9704
:1033100083A747818127C18B812791CF978703009E
:103320009387071D41677D1798C39787030093878D
:103330006718694798C3978703009387671B9C4367
:10334000FD371B870700978703009387671A98C389
:10335000978703009387C7199C4399C36F10801EFA
:1033600097870300938707151307100398C36F10FF
:10337000601D977703009387E7A49863C167BA97A6
:103380009C5F8127858B81273E8785476317F74A96
:10339000232404F8232604F8ADA12945EFE00FA566
:1033A00097770300938787A198638567BA97032768
:1033B000C4F823A4E7802945EFE04FA397770300E3
:1033C0009387C79F98638567BA9783A747868127A6
:1033D00093F7F70F8127232CF4EC9777030093875B
:1033E000E79D98638567BA9783A7478681279BD710
:1033F0008700812793F7F70F8127232EF4EC977727
:1034000003009387A79B98638567BA9783A747862E
:1034100081279BD70701812793F7F70F8127232067
:10342000F4EE977703009387679998638567BA9757
:1034300083A7478681279BD78701812793F7F70FBB
:1034400081272322F4EE97770300938727979863C9
:103450008567BA9783A78786812793F7F70F812718
:103460002324F4EE97770300938747959863856745
:10347000BA9783A7878681279BD78700812793F7F1
:10348000F70F81272326F4EE97770300938707939E
:1034900098638567BA9783A7878681279BD707019B
:1034A000812793F7F70F81272328F4EE97770300FE
:1034B0009387C79098638567BA9783A78786812784
:1034C0009BD78701812793F7F70F8127232AF4EEF3
:1034D000232204F8232004F8232E04F6232C04F6D8
:1034E0009DA0836784F78A07130704FEBA9783A712
:1034F00087EF3E87914763E7E700832744F88527F6
:103500002322F4F8836784F78A07130704FEBA9727
:1035100003A787EF832704F8812763E7E700832762
:10352000C4F78527232EF4F6836784F78A071307E9
:1035300004FEBA9783A787EF2320F4F8832784F744
:103540008527232CF4F6832784F71B8707009D47E4
:10355000E3F9E7F8032784ED832744EF63E7E70007
:103560008327C4F78527232EF4F6977703009387E4
:10357000E78498638567BA9783A7C7811B8707008D
:10358000832784F8D98F2324F4F82945EFE00F86A8
:10359000977703009387878298638567BA9783A795
:1035A000478381273E87A147630FF702832784F86B
:1035B00093E717002324F4F897E70E009387075C3E
:1035C0009463976703009387677F98638567BA97CB
:1035D00083A7478381273E8697050300938585D57A
:1035E0003685EF60D002976703009387277D986345
:1035F0008567BA9783A7078581273E87914763EF41
:10360000E702832784F893E717002324F4F897E769
:103610000E009387A7569463976703009387077AF2
:1036200098638567BA9783A7078581273E869705A4
:1036300003009385A5D23685EF60607D232A04F6CA
:10364000976703009387877798638567BA9783A7FF
:10365000078281278D8B2322F4F4976703009387D9
:10366000E77598638567BA9783A74782812793F7A1
:10367000F70F81279DEF832744F78527232AF4F648
:10368000832744F4812795E7832784F893E717007D
:103690002324F4F897E70E009387474E9C63032793
:1036A00044F43A86970503009385C5CE3E85EF60C6
:1036B0000076976703009387677098638567BA976A
:1036C00083A7478281279BD78700812793F7F70F2E
:1036D0008127B1E3832744F78527232AF4F683273C
:1036E00044F41B87070085476317F702832784F894
:1036F00093E717002324F4F897E70E009387074811
:103700009C63032744F43A8697050300938585C894
:103710003E85EF60C06F976703009387276A9863C1
:103720008567BA9783A7478281279BD7070181279F
:1037300093F7F70F8127B1E3832744F78527232ADF
:10374000F4F6832744F41B87070089476317F702C1
:10375000832784F893E717002324F4F897E70E00F3
:103760009387C7419C63032744F43A869705030077
:10377000938545C23E85EF60806997670300938714
:10378000E76398638567BA9783A7478281279BD7AA
:103790008701812793F7F70F8127B1E3832744F748
:1037A0008527232AF4F6832744F41B8707008D47D7
:1037B0006317F702832784F893E717002324F4F8AC
:1037C00097E70E009387873B9C63032744F43A8670
:1037D00097050300938505BC3E85EF604063832712
:1037E00044F71B870700854763F8E700832784F8C1
:1037F00093E717002324F4F88327C4F885272326AA
:10380000F4F88327C4F81B8707008547E3F7E7B878
:10381000832784F8812789EB97870300938787C9DB
:103820006D4798C36F00305297870300938787C80E
:103830001307000398C36F00105197870300938705
:1038400067C71307F00298C36F00F04F9767030034
:103850009387C7569C63096713072710D8C397E758
:103860000E009387A7319863896713862710970501
:1038700003009385A5B43A85EF60605997E70E0081
:103880009387C72F9C633E85EF60706597E70E00B6
:103890009387C72E9C63014697F502009385857E2A
:1038A0003E85EF60C056978703009387A7C0714796
:1038B00098C36F005049EF00104AAA87A301F4F49F
:1038C000976703009387874F98638567BA97214767
:1038D00023ACE786978703009387C7BF9C43C5EF58
:1038E0008327C4F61B87070091476316F7068327D3
:1038F000C4F61B87070091476311F704976703001D
:103900009387C74B9C63314723A8E776A30904F646
:1039100019A8834734F73E85EF00D078834734F702
:103920008527A309F4F6034734F7834734F4137764
:10393000F70F93F7F70FE36EF7FC834734F43E85F8
:10394000EF10401AAA871B87070097870300938709
:1039500067B898C331A8834734F43E85EF108018C8
:10396000AA871B870700978703009387A7B698C38A
:1039700097870300938707B69C4391CF97870300EF
:10398000938787B29C4385271B870700978703008F
:10399000938787B198C3978703009387A7B39C4306
:1039A0009DEB97E70E009387671D986397E70E00DE
:1039B0009387C7149C4F3E8697050300938585A186
:1039C0003A85EF60C044978703009387A7AE794795
:1039D00098C36F005037978703009387A7AF9C4326
:1039E0003E8789476311F70297870300938787AE65
:1039F00023A00700978703009387C7AB1307C00373
:103A000098C36F005034978703009387A7AC23A017
:103A10000700978703009387E7A9754798C36F004E
:103A2000903213060008814517E50E001305050DB9
:103A3000EFC0FFB7976703009387C7389863C167E4
:103A4000BA979C471B87070097870300938707A8AF
:103A500098C397870300938767A79C4385271B8795
:103A6000070097870300938767A698C3978703008B
:103A70009387C7A59C433E878D4763F1E7029787ED
:103A800003009387A7A423A00700978703009387C9
:103A900067A21307900398C36F00F02A976703008B
:103AA00093874732946397870300938727A29843AD
:103AB000C167B69798C797E70E009387270C98635E
:103AC00097870300938787A09C433E869705030052
:103AD0009385C5913A85EF6080339787030093877C
:103AE000679D714798C36F001026978703009387DF
:103AF000679C7D4798C36F00102597E70E0093875A
:103B0000E7079863978703009387C79C9C433E868B
:103B1000970503009385058F3A85EF60402F9787BF
:103B200003009387279B9C4391EB97870300938720
:103B300067981307000298C36F00F020978703006F
:103B4000938747971307C00398C36F00D01F233C88
:103B500004F2D147232AF4F2EF00F01FAA873E8730
:103B60008D4763E6E7008D472309F4F621A0BD47A2
:103B70002309F4F6032644F3034524F7978703004B
:103B80009387479501478146833584F3EF100034CE
:103B9000AA871B870700978703009387A79398C37B
:103BA000978703009387079323A00700032644F316
:103BB000034524F7978703009387C79101478946F8
:103BC000833584F3EF108030AA871B87070097871F
:103BD0000300938727909C43D98F1B870700978703
:103BE00003009387278F98C3032644F3034524F7E4
:103BF000978703009387078E01478146833584F3B7
:103C0000EF10C02CAA871B870700978703009387B4
:103C1000678C9C43D98F1B87070097870300938786
:103C2000678B98C3032644F3034524F79787030063
:103C30009387478A01478546833584F3EF1000292F
:103C4000AA871B870700978703009387A7889C4351
:103C5000D98F1B870700978703009387A78798C38F
:103C6000032644F3034524F7978703009387878649
:103C700001478946833584F3EF104025AA871B87C7
:103C80000700978703009387E7849C43D98F1B879E
:103C90000700978703009387E78398C3032644F3BD
:103CA000034524F7978703009387C78201478D4612
:103CB000833584F3EF108021AA871B87070097873D
:103CC0000300938727819C43D98F1B870700978721
:103CD00003009387278098C3032644F3034524F702
:103CE000977703009387077F01479146833584F3D5
:103CF000EF10C01DAA871B870700977703009387E3
:103D0000677D9C43D98F1B870700977703009387B4
:103D1000677C98C3032644F3034524F79777030091
:103D20009387477B01479546833584F3EF10001A4C
:103D3000AA871B870700977703009387A7799C437F
:103D4000D98F1B870700977703009387A77898C3BD
:103D5000032644F3034524F7977703009387877777
:103D600001479D46833584F3EF104016AA871B87D1
:103D70000700977703009387E7759C43D98F1B87CC
:103D80000700977703009387E77498C3032644F3EB
:103D9000034524F7977703009387C7730147A1462C
:103DA000833584F3EF108012AA871B87070097776B
:103DB0000300938727729C43D98F1B87070097774F
:103DC00003009387277198C3032644F3034524F720
:103DD000977703009387077005478146833584F3FF
:103DE000EF10C00EAA871B87070097770300938701
:103DF000676E9C43D98F1B870700977703009387D3
:103E0000676D98C3032644F3034524F797770300AF
:103E10009387476C05478546833584F3EF10000B85
:103E2000AA871B870700977703009387A76A9C439D
:103E3000D98F1B870700977703009387A76998C3DB
:103E4000032644F3034524F7977703009387876895
:103E500005478946833584F3EF104007AA871B87FF
:103E60000700977703009387E7669C43D98F1B87EA
:103E70000700977703009387E76598C3032644F309
:103E8000034524F7977703009387C76405478D465A
:103E9000833584F3EF108003AA871B870700977789
:103EA0000300938727639C43D98F1B87070097776D
:103EB00003009387276298C3032644F3034524F73E
:103EC000977703009387076105479146833584F30D
:103ED000EF00D07FAA871B8707009777030093879F
:103EE000675F9C43D98F1B870700977703009387F1
:103EF000675E98C3032644F3034524F797770300CE
:103F00009387475D05479546833584F3EF00107C22
:103F1000AA871B870700977703009387A75B9C43BB
:103F2000D98F1B870700977703009387A75A98C3F9
:103F3000032644F3034524F79777030093878759B3
:103F400005479D46833584F3EF005078AA871B8789
:103F50000700977703009387E7579C43D98F1B8708
:103F60000700977703009387E75698C3032644F327
:103F7000034524F7977703009387C7550547A14664
:103F8000833584F3EF009074AA871B870700977727
:103F90000300938727549C43D98F1B87070097778B
:103FA00003009387275398C397770300938787521B
:103FB0009C439DEB97E70E00938747BC98639777E8
:103FC0000300938727519C433E8697F50200938513
:103FD00065453A85EF50B063977703009387874D27
:103FE0001307100298C385A397E70E00938707B9BC
:103FF0009863977703009387E74D9C433E8697F538
:104000000200938525443A85EF507060977703004E
:104010009387474A054798C33DA31306F003B705A6
:1040200002008D471395E701EF608057AA871B8731
:104030000700977703009387E74998C397770300B2
:10404000938747499C4389EB97770300938787467B
:104050001307200298C3C5A9977703009387874564
:104060001307700398C3C5A197770300938787460A
:104070009C4389EB977703009387C743130730026C
:1040800098C3D1A1977703009387C7421307800392
:1040900098C355A98547FE072334F4F0B7070002FB
:1040A0002338F4F0232C04F0B147230EF4F08547B5
:1040B000230FF4F0A30E04F0977703009387873F54
:1040C0001307400298C341A1930784F03E85EF6037
:1040D000F045977703009387E73F9C4389EB9777F9
:1040E00003009387273D1307500298C3A9A9977728
:1040F00003009387273C054798C3B1A1930784F039
:10410000BE850545EF60106BAA871B870700977770
:1041100003009387273C98C3930784F0BE85054529
:10412000EF605069AA871B87070097770300938782
:10413000673A9C43D98F1B870700977703009387C3
:10414000673998C3930784F0BE850545EF60906694
:10415000AA871B870700977703009387A7379C439D
:10416000D98F1B870700977703009387A73698C3DB
:1041700097770300938707369C43B9EB8347D4F1C5
:1041800093F7F70F852793F7F70FA30EF4F0034784
:10419000E4F19376F70F3E87B6876373F7028347A0
:1041A000C4F193F7F70F852793F7F70F230EF4F079
:1041B00097770300938707301307400298C361A6DF
:1041C000977703009387072F1307600298C3A5AE64
:1041D00097E70E009387879A9863977703009387F2
:1041E000672C9C433E8697F502009385A5273A8568
:1041F000EF50F041977703009387073083C707009C
:104200003E87854763EEE704977703009387C72EC1
:1042100083C70700852713F7F70F97770300938766
:10422000A72D2380E700977703009387A7279C4358
:1042300085271B870700977703009387A72698C3D6
:1042400097770300938707269C433E87914763FB3C
:10425000E702977703009387E724094798C31DA0D7
:1042600097770300938747292380070097770300F8
:1042700093874723094798C397770300938787233A
:10428000054798C397670300938747B39C631777E5
:10429000030013072721184323ACE768976703003F
:1042A0009387C7B198638567BA97054723ACE786BC
:1042B00097670300938787B098638567BA9713075A
:1042C000E00323A0E78A97670300938727AF9863EB
:1042D0008567BA9723A0078A97670300938707AE7D
:1042E00098638567BA97214723ACE7869D67138556
:1042F0000753EFD0AFAF81AC97E70E0093870788E5
:104300009463976703009387E7AB9863C167BA9795
:104310009C4781273E8697F502009385250D3685BB
:10432000EF50F02E97E70E009387478598639777B5
:104330000300938727179C433E8697F502009385D9
:1043400065123A85EF50B02C977703009387871852
:104350009C4389EB977703009387C7151307700277
:1043600098C3D5A2977703009387C714054798C3CE
:10437000D9AA977703009387E7159C4389EB977732
:104380000300938727131307800298C36DAA9777BA
:10439000030093872712054798C375A297770300F8
:1043A000938747139C4389EB977703009387871084
:1043B0001307900298C341AA977703009387870F4A
:1043C000054798C349A2977703009387A7109C439A
:1043D00089EB977703009387E70D1307A00298C333
:1043E0009DA2977703009387E70C054798C3A1AA7E
:1043F000977703009387070C1307B00298C3A1A215
:10440000977703009387070B1307D00298C325AA59
:10441000B70700402334F4F297D70E00938707764E
:104420009C63033684F297F502009385A5053E85CB
:10443000EF505025977703009387C7071307C002F3
:1044400098C311A2F32700C02330F4F2033704F21B
:1044500097770300938787069C631D8FB727090012
:104460009387077C3357F70297D70E009387076827
:1044700098E397D70E0093876770986397D70E00DD
:104480009387C7669C6381273E8697F502009385D4
:1044900065013A85EF50B01797D70E009387076EE6
:1044A000986397D70E00938767649C473E8697F57D
:1044B0000200938525013A85EF50701597D70E00BD
:1044C0009387C76B9C633E85EF60602197D70E0092
:1044D0009387C76A9C6397F50200938525003E8504
:1044E000EF50102697770300938707FC9C4381CBFE
:1044F0008327C4FC93E727002326F4FC31A005455D
:10450000EF201051EF20F05E8327C4FC93E71700E3
:104510002326F4FC977703009387C7F91307E0027B
:1045200098C315A0010005A0010031A8010021A831
:10453000010011A8010001A8010031A0010021A083
:10454000010011A001008327C4FC3E85B2701274E3
:10455000F26455618280011122EC00108947A307A3
:10456000F4FE8347F4FE3E856264056182807971C2
:1045700006F422F00018AA87232EF4FC894723268C
:10458000F4FE97670300938767839C6309671307AB
:104590002710D8C313054006EFD04F859767030057
:1045A0009387C7819C630327C4FD23A2E7180100FA
:1045B000A270027445618280011106EC22E80010AD
:1045C000AA872326F4FE8327C4FE1B870700914792
:1045D00063E4E7028367C4FE1397270097F702009E
:1045E0009387C73DBA979C431B87070097F7020044
:1045F0009387C73CBA978287975703009387077CB6
:104600009C6323A60700CDA0975703009387077BE1
:104610009C63114723A4E758975703009387077AB1
:104620009C6323A60700C9A09757030093870779C7
:104630009C63094723A4E73A9757030093870778B9
:104640009C63094723A6E73A9757030093870777A8
:104650009C63114723A4E758975703009387077675
:104660009C6323A6070049A097570300938707750B
:104670009C63094723A4E73A97570300938707747D
:104680009C63094723A6E73A97570300938707736C
:104690009C63114723A4E758975703009387077239
:1046A0009C6323A6070089A097570300938707718F
:1046B0009C63114723A4E75897570300938707701B
:1046C0009C63514723A4E778975703009387076FAC
:1046D0009C632967D8C7975703009387276E9C630D
:1046E000296723A8E7280100975703009387076DE0
:1046F0009C63054723A8E76697D70E009387074872
:104700009863975703009387676B9C6383A707673A
:1047100081273E8697F50200938545DE3A85EF5066
:10472000006F97D70E0093876745986397570300EC
:104730009387C7689C6383A7072981273E8697F5DF
:1047400002009385A5DE3A85EF50606C9757030011
:104750009387C7669C63094723A6E74697570300DC
:104760009387C7659C6323A60772975703009387B7
:10477000E7649C63094723A2E738975703009387B0
:10478000E7639C63094723A4E7389757030093879F
:10479000E7629C63094723A6E7389757030093878E
:1047A000E7619C63094723A8E7389757030093877D
:1047B000E7609C63054723A6E74497570300938768
:1047C000E75F9C6323A80744975703009387075F1D
:1047D0009C63177703001307E7CC184323ACE76803
:1047E0008327C4FE3E85EF20B0440100E2604264AE
:1047F00005618280411106E422E00008975703001A
:104800009387C75B9C6323A2070097570300938796
:10481000E75A9C6323A20718975703009387075A08
:104820009C63054723A0E7309757030093870759F8
:104830009C63054723A0E7389757030093870758E1
:104840009C63054723A0E7409757030093870757CA
:104850009C631D4723AEE75697570300938707567F
:104860009C631D4723A0E75897570300938707557C
:104870009C631D4723A2E75897570300938707546B
:104880009C631D4723A4E75897570300938707535A
:104890009C6323A60700EF7000100100A260026471
:1048A00041018280011122EC0010AA87A307F4FEC7
:1048B0008347F4FE13F7F70F8D4763ECE700975734
:1048C00003009387A74F98638567BA9723AE07863F
:1048D0000DA8975703009387674E98638567BA972B
:1048E00083A707881B870700975703009387074D07
:1048F0009463BA87C19B1B8707008567B69723A07F
:10490000E788975703009387674B98638567BA9743
:104910001D4723A6E78C975703009387274A986380
:104920008567BA971307100223ACE7868347F4FE26
:1049300013F7F70F8D4763E9E7028347F4FE8127FA
:104940009B9737001B8707009757030093870747FC
:1049500094639307F00FBB97E7001B8707008567F9
:10496000B69723A6E78815A89757030093870745AE
:1049700098638567BA9783A707891B8707009757AE
:1049800003009387A7439463BA8793E7F7001B87D5
:1049900007008567B69723A8E78897570300938792
:1049A000E74198638567BA9723A607888347F4FE93
:1049B00013F7F70F8D4763ECE700975703009387D2
:1049C000E73F98638567BA9723A607880DA897578E
:1049D00003009387A73E98638567BA9783A70789E3
:1049E0001B870700975703009387473D9463BA8757
:1049F000C19B1B8707008567B69723A8E788975751
:104A000003009387A73B98638567BA97214723AC38
:104A1000E7860100626405618280797122F40018E2
:104A2000AA87A30FF4FC232404FE230704FE97D7D0
:104A30000E009387A70C23AC0700A30704FEA9A8C8
:104A40008347F4FE812717D70E001307270B8A0729
:104A5000BA97DC432324F4FE97D70E009387070A06
:104A6000984F8347E4FE8127BE86832784FEBB9749
:104A7000D7008127D98F1B87070097D70E00938710
:104A8000E70798CF8347E4FE91272307F4FE834787
:104A9000F4FE8527A307F4FE0347F4FE8347F4FDE5
:104AA0001377F70F93F7F70FE36CF7F897570300B7
:104AB0009387C73098638567BA97214723ACE78609
:104AC000975703009387872F946397D70E00938798
:104AD000E702984F8567B69723AEE78A01002274F4
:104AE000456182805D7186E4A2E08008AA87A30FF9
:104AF000F4FA232604FC233C04FCD147232AF4FCCB
:104B000097D70E00938787FF23A0070097570300CE
:104B10009387C72A98638567BA97214723ACE786AE
:104B2000232404FE85AE97D70E009387270598634C
:104B3000832784FEBD8B81273E8697F502009385EF
:104B400065A03A85EF50A02C97570300938707275D
:104B500098638567BA97032784FE23AEE78AA30785
:104B600004FE21A68347F4FE81273E878547BB9735
:104B7000E7008127A309F4FC9307C4FC032644FD46
:104B8000034534FD01478146833584FDEF00003441
:104B9000AA8781272326F4FC8327C4FC639F07167A
:104BA0009307C4FC032644FD034534FD01478946B1
:104BB000833584FDEF008031AA871B870700832798
:104BC000C4FCD98F81272326F4FC9307C4FC032659
:104BD00044FD034534FD01478146833584FDEF00E4
:104BE000E02EAA871B8707008327C4FCD98F812763
:104BF0002326F4FC9307C4FC032644FD034534FD3F
:104C000001478546833584FDEF00402CAA871B872A
:104C100007008327C4FCD98F81272326F4FC930740
:104C2000C4FC032644FD034534FD01478946833512
:104C300084FDEF00A029AA871B8707008327C4FCF7
:104C4000D98F81272326F4FC9307C4FC032644FD57
:104C5000034534FD01478D46833584FDEF00002771
:104C6000AA871B8707008327C4FCD98F81272326A7
:104C7000F4FC9307C4FC032644FD034534FD0147BF
:104C80009146833584FDEF006024AA871B870700C7
:104C90008327C4FCD98F81272326F4FC9307C4FC07
:104CA000032644FD034534FD01479546833584FDC5
:104CB000EF00C021AA871B8707008327C4FCD98F78
:104CC00081272326F4FC9307C4FC032644FD0345F7
:104CD00034FD01479D46833584FDEF00201FAA87E0
:104CE0001B8707008327C4FCD98F81272326F4FC68
:104CF0009307C4FC032644FD034534FD0147A14648
:104D0000833584FDEF00801CAA871B87070083275B
:104D1000C4FCD98F81272326F4FC8327C4FC639F1E
:104D2000070E97D70E00938767DD98438347F4FEFD
:104D30008127BE868547BB97D7008127F98F8127BA
:104D4000A1E78347F4FE8127032784FE3D8B0127DB
:104D500097D60E00938686DA8A07B697D8C397D778
:104D60000E009387A7D998438347F4FE8127BE8618
:104D70008547BB97D7008127D98F1B87070097D717
:104D80000E009387A7D798C397D70E00938707DFA6
:104D90009C630347F4FE01273A8697E5020093855A
:104DA000657C3E85EF50A00697D70E00938707DD00
:104DB000986397D70E00938767D49C433E8697E508
:104DC00002009385257B3A85EF506004232204FE80
:104DD0000DA897D70E00938767D29443832744FE8C
:104DE0000547BB17F70081273687F98F812789E7A9
:104DF00085472326F4FC39A8832744FE85272322F0
:104E0000F4FE8347F4FB1B870700832744FE8127BA
:104E1000E3E1E7FC8327C4FCA1E795A097D70E0048
:104E20009387C7D59C630347F4FE01273A8697E52D
:104E300002009385A5753E85EF40707D97D70E00E3
:104E40009387C7D3986397D70E00938727CB9C434C
:104E50003E8697E502009385E5713A85EF40307B09
:104E60008347F4FE8527A307F4FE0347F4FE834738
:104E7000F4FB1377F70F93F7F70FE365F7CE83276C
:104E8000C4FC9DC3032784FEC5679B871711B99F88
:104E90002324F4FE832784FE1B870700B707100036
:104EA000F917E3F2E7C811A001008327C4FC91E7DA
:104EB0008347F4FB3E85EFF05FB68327C4FC93F78E
:104EC000F70F3E85A660066461618280397106FC39
:104ED00022F880002338B4FC2330F4FCAA87A30F07
:104EE000F4FCB287232CF4FCB6872326F4FCBA87A3
:104EF0002324F4FC833704FC9C43898B812799C7C6
:104F0000833704FC9C4393F7F70F21AF97570300B7
:104F1000938747EB98639167BA9723A40740975705
:104F20000300938727EA98639167BA9723A2074003
:104F300097570300938707E998639167BA97032708
:104F4000C4FC23AAE740832784FC1B87070085470E
:104F5000631DF700975703009387C7E6986391672F
:104F6000BA97054723ACE74011A8975703009387EA
:104F700067E598639167BA9723AC0740832784FC61
:104F80001B8707008547630EF70297570300938737
:104F900067E39463833704FD1B8707009167B69727
:104FA00023AAE74A833704FD13D707029757030064
:104FB000938747E1946301279167B69723ACE74A4B
:104FC0001DA0975703009387E7DF98639167BA970F
:104FD00023AA074A975703009387C7DE9863916710
:104FE000BA9723AC074A975703009387A7DD9863C6
:104FF0009167BA97032784FD23A0E74297570300E0
:10500000938747DC98639167BA977D5723AEE74A49
:1050100097570300938707DB98639167BA977D578B
:1050200023A0E74C975703009387C7D998639167EC
:10503000BA977D5723A2E74C97570300938787D8E9
:1050400098639167BA977D5723A4E74C975703005D
:10505000938747D798639167BA977D5723A6E74C04
:105060008347F4FD8127858B8127FDCB975703006C
:10507000938747D598639167BA9783A7C74B1B87D8
:105080000700975703009387E7D39463BA8793F792
:1050900007F01B8707009167B69723AEE74A97573B
:1050A0000300938727D298639167BA9783A7074C29
:1050B0001B870700975703009387C7D09463FD773A
:1050C000BD07F98F1B8707009167B69723A0E74CB0
:1050D00097570300938707CF98639167BA9783A781
:1050E000474C1B870700975703009387A7CD94630E
:1050F000C1779387F70FF98F1B8707009167B697E2
:1051000023A2E74C975703009387C7CB9863916717
:10511000BA9783A7874C1B8707009757030093878D
:1051200067CA9463B717F0FFFD17F98F1B87070055
:105130009167B69723A4E74C97570300938787C8D6
:105140009863975703009387E7C794639167BA976B
:1051500083A7C74C1B8707009167B69723A6E74C28
:105160008347F4FD8127898B8127EDCF9757030073
:10517000938747C598639167BA9783A7C74B1B87E7
:105180000700975703009387E7C39463C17793871A
:10519000F70FF98F1B8707009167B69723AEE74A91
:1051A00097570300938707C298639167BA9783A7BD
:1051B000074C1B870700975703009387A7C094638A
:1051C000B717F0FFFD17F98F1B8707009167B69798
:1051D00023A0E74C975703009387C7BE9863916756
:1051E000BA9783A7474C1B870700975703009387FD
:1051F00067BD9463B70701FFFD17F98F1B87070091
:105200009167B69723A2E74C97570300938787BB14
:1052100098639167BA9783A7874C1B8707009757B6
:105220000300938727BA9463B70710F0FD17F98F2F
:105230001B8707009167B69723A4E74C9757030095
:10524000938747B89863975703009387A7B79463EA
:105250009167BA9783A7C74C1B8707009167B697DA
:1052600023A6E74C8347F4FD8127918B8127638236
:105270000710975703009387E7B498639167BA972D
:1052800083A7C74B1B87070097570300938787B3F4
:105290009463B70701FFFD17F98F1B87070091671C
:1052A000B69723AEE74A975703009387A7B1986351
:1052B0009167BA9783A7074C1B870700975703008E
:1052C000938747B09463B70710F0FD17F98F1B87DA
:1052D00007009167B69723A0E74C97570300938781
:1052E00067AE98639167BA9783A7474C1B870700FF
:1052F00097570300938707AD9463B7070001FD1725
:10530000F98F1B8707009167B69723A2E74C975741
:105310000300938727AB98639167BA9783A7874C5D
:105320001B870700975703009387C7A99463B707A4
:105330000010FD17F98F1B8707009167B69723A40C
:10534000E74C975703009387E7A798639167BA974D
:1053500083A7C74C1B87070097570300938787A62F
:105360009463BA87C19B1B8707009167B69723A6F2
:10537000E74C8347F4FD8127A18B812763800710C9
:1053800097570300938707A498639167BA9783A7F9
:10539000C74B1B870700975703009387A7A2946307
:1053A000B7070001FD17F98F1B8707009167B697B4
:1053B00023AEE74A975703009387C7A09863916786
:1053C000BA9783A7074C1B8707009757030093875B
:1053D000679F9463B7070010FD17F98F1B870700BD
:1053E0009167B69723A0E74C975703009387879D53
:1053F00098639167BA9783A7474C1B870700975715
:1054000003009387279C9463BA87C19B1B8707007F
:105410009167B69723A2E74C975703009387879A23
:1054200098639167BA9783A7874C1B8707009757A4
:105430000300938727999463BA8793F707F01B8734
:1054400007009167B69723A4E74C9757030093870B
:10545000679798639167BA9783A7C74C1B87070024
:1054600097570300938707969463FD77BD07F98FDD
:105470001B8707009167B69723A6E74C8347F4FD87
:105480008127C18B8127EDCB9757030093878793A3
:105490009863975703009387E79294639167BA974D
:1054A00083A7C74B1B8707009167B69723AEE74AD0
:1054B000975703009387079198639167BA9783A7DB
:1054C000074C1B870700975703009387A78F9463A8
:1054D000BA87C19B1B8707009167B69723A0E74C4B
:1054E000975703009387078E98639167BA9783A7AE
:1054F000474C1B870700975703009387A78C94633B
:10550000BA8793F7F7F01B8707009167B69723A236
:10551000E74C975703009387E78A98639167BA9798
:1055200083A7874C1B8707009757030093878789BA
:105530009463FD779387F70FF98F1B8707009167B7
:10554000B69723A4E74C975703009387A7879863E0
:105550009167BA9783A7C74C1B870700975703002B
:10556000938747869463C577FD17F98F1B870700DC
:105570009167B69723A6E74C9757030093878784D4
:1055800098639167BA9723A00740975703009387C2
:10559000678398639167BA9723A2074097570300E0
:1055A0009387478298639167BA97054723A2E7409C
:1055B000233404FE1DA8833784FE85072334F4FEBC
:1055C000033784FEB70700016361F70297C70E0037
:1055D0009387C75A9C63094697E50200938505FCAB
:1055E0003E85EF40D00289472DA897470300938757
:1055F000677D98639167BA9783A787428127858BD8
:105600008127D5DB974703009387C77B9863916712
:10561000BA9783A74742812793F7F70F858B93F7B4
:10562000F70F3E85E270427421618280411122E4CD
:105630000008974703009387E77898638967BA97CC
:1056400023A00740974703009387C777986389672C
:10565000BA9723A20740974703009387A7769863DA
:105660008967BA9723A407409747030093878775F4
:1056700098638967BA97114723A6E74097470300C5
:105680009387477498638967BA97294723A8E740A7
:10569000974703009387077398638967BA9723AA8C
:1056A0000740974703009387E77198638967BA9724
:1056B00023AC0740974703009387C77098638967B7
:1056C000BA9723AE0740974703009387A76F986365
:1056D0008967BA9723A00742974703009387876E8D
:1056E00098638967BA9723A2074297470300938775
:1056F000676D98638967BA9723A4074297470300A9
:105700009387476C98638967BA9723A607429747A0
:1057100003009387276B98638967BA9723A807428A
:10572000974703009387076A98638967BA9723AA04
:105730000742974703009387E76898638D67BA9796
:105740001307001423A0E780974703009387876718
:1057500098638D67BA971307000A23A2E7809747DB
:1057600003009387276698638D67BA9723A4078001
:10577000974703009387076598638D67BA9723A6B9
:105780000780974703009387E76398638D67BA970D
:1057900023A80780974703009387C76298638D67A4
:1057A000BA9723AA0780974703009387A761986356
:1057B0008D67BA9723AC078097470300938787606C
:1057C00098638D67BA9723AE078097470300938746
:1057D000675F98638D67BA9723A007829747030096
:1057E0009387475E98638D67BA97054723A2E78240
:1057F000974703009387075D98638D67BA97314792
:1058000023A4E782974703009387C75B98638D675C
:10581000BA97314723A6E782974703009387875AB1
:1058200098638D67BA9723A80782974703009387E9
:10583000675998639167BA9723A007C097470300F9
:105840009387475898639167BA9723A207C09747F1
:1058500003009387275798639167BA9723A407C0DB
:10586000974703009387075698639167BA9723A6D3
:1058700007C0974703009387E75498639167BA97E7
:1058800023A807C0974703009387C753986391677E
:10589000BA9723AA07C0974703009387A752986334
:1058A0009167BA9723AC07C0974703009387875146
:1058B00098639167BA9723AE07C097470300938711
:1058C000675098639167BA97054723A0E7C2974747
:1058D00003009387274F98639167BA9723A207C263
:1058E000974703009387074E98639167BA9723A45D
:1058F00007C2974703009387E74C98639167BA976D
:1059000023A607C2974703009387C74B9863916705
:10591000BA9723A807C2974703009387A74A9863BB
:105920009167BA9723AA07C29747030093878749CD
:1059300098639167BA9723AC07C297470300938790
:10594000674898639167BA9723AE07C297470300E9
:105950009387474798639167BA9723A007C49747EF
:1059600003009387274698639167BA9723A207C4D9
:10597000974703009387074598639167BA97054750
:1059800023A4E7C4974703009387C74398639167AD
:10599000BA9723A607C4974703009387A742986343
:1059A0009167BA9723A807C4974703009387874155
:1059B00098639167BA97054723AAE7C497470300FE
:1059C0009387474098639167BA9723AC07C497477A
:1059D00003009387273F98639167BA9723AE07C464
:1059E000974703009387073E98639167BA9723A070
:1059F00007C6974703009387E73C98639167BA9778
:105A0000114723A2E7C6974703009387A73B9863F4
:105A10009167BA97154723A4E7C697470300938772
:105A2000673A98639167BA9723A607C6974703001A
:105A30009387473998639167BA97054723A8E7C6C4
:105A4000974703009387073898639167BA97794718
:105A500023AAE7C6974703009387C73698639167E1
:105A6000BA97114723ACE7C697470300938787355A
:105A700098639167BA97154723AEE7C69747030027
:105A80009387473498639167BA97094723A0E7C87B
:105A9000974703009387073398639167BA9719472D
:105AA00023A2E7C8974703009387C731986391679C
:105AB000BA971D4723A4E7C8974703009387873009
:105AC00098639167BA972D4723A6E7C897470300C5
:105AD0009387472F98639167BA97454723A8E7C8EC
:105AE000974703009387072E98639167BA97130728
:105AF000801123AAE7C8974703009387A72C9863D0
:105B00009167BA9723AC07C8974703009387872B01
:105B100098639167BA9723AE07C8974703009387A6
:105B2000672A98639167BA9723A207CC9747030027
:105B30009387472998639167BA9737278881130716
:105B4000178823A0E7CE974703009387A72798637A
:105B50009167BA9725671307878123A2E7CE9747F6
:105B600003009387272698639167BA9737972AA9E6
:105B70001307972A23A4E7CE974703009387872428
:105B800098639167BA970D67130727A923A6E7CEF5
:105B9000974703009387072398639167BA9737372E
:105BA0008CC21307278C23A8E7CE9747030093875F
:105BB000672198639167BA972567130787C223AA5D
:105BC000E7CE974703009387E71F98639167BA97DB
:105BD00037A72EEA1307A72E23ACE7CE974703007B
:105BE0009387471E98639167BA970D67130727EA53
:105BF00023AEE7CE974703009387C71C986391674E
:105C0000BA97374790031307379023A0E7D09747F9
:105C100003009387271B98639167BA97256713073B
:105C2000970323A2E7D0974703009387A7199863A8
:105C30009167BA9737B7322B1307B73223A4E7D04F
:105C4000974703009387071898639167BA970D6782
:105C50001307372B23A6E7D09747030093878716B0
:105C600098639167BA97375794441307479423A8CA
:105C7000E7D0974703009387E71498639167BA9733
:105C800025671307974423AAE7D097470300938714
:105C9000671398639167BA9737C7366C1307C7368F
:105CA00023ACE7D0974703009387C71198639167A8
:105CB000BA970D671307376C23AEE7D097470300F9
:105CC0009387471098639167BA973767988513074A
:105CD000579823A0E7D2974703009387A70E9863AE
:105CE0009167BA9729671307978523A2E7D2974749
:105CF00003009387270D98639167BA9737D73AAD1A
:105D00001307D73A23A4E7D2974703009387870B5B
:105D100098639167BA971167130737AD23A6E7D247
:105D2000974703009387070A98639167BA97377775
:105D30009CC61307679C23A8E7D297470300938765
:105D4000670898639167BA972967130797C623AACC
:105D5000E7D2974703009387E70698639167BA975E
:105D600037E73EEE1307E73E23ACE7D29747030041
:105D70009387470598639167BA971167130737EEC2
:105D800023AEE7D2974703009387C70398639167D1
:105D9000BA973787A007130777A023A0E7D49747C0
:105DA00003009387270298639167BA9729671307BF
:105DB000A70723A2E7D4974703009387A700986318
:105DC0009167BA9737F7422F1307F74223A4E7D416
:105DD00097470300938707FF98639167BA97116706
:105DE0001307472F23A6E7D497470300938787FD20
:105DF00098639167BA973797A448130787A423A895
:105E0000E7D4974703009387E7FB98639167BA97B6
:105E100029671307A74823AAE7D497470300938766
:105E200067FA98639167BA97370747701307074770
:105E300023ACE7D4974703009387C7F8986391672B
:105E4000BA9711671307477023AEE7D4974703004B
:105E5000938747F798639167BA9723A007D6974728
:105E60000300938727F698639167BA9723A207D612
:105E700097470300938707F598639167BA9723A420
:105E800007D6974703009387E7F398639167BA971C
:105E900023A607D6974703009387C7F298639167B5
:105EA000BA9723A807D6974703009387A7F198636B
:105EB0009167BA9723AA07D697470300938787F07D
:105EC00098639167BA9723AC07D8974703009387E5
:105ED00067EF98639167BA97054798C397470300A0
:105EE000938747EE98639167BA9723A40700974773
:105EF0000300938727ED98639167BA9723A607005D
:105F000097470300938707EC98639167BA9723A894
:105F10000700974703009387E7EA98639167BA976A
:105F200023AA0700974703009387C7E998639167FF
:105F3000BA9723AC0700974703009387A7E89863B5
:105F40009167BA9723AE070097470300938787E7C7
:105F500098639167BA9723A0070297470300938736
:105F600067E698639167BA9723A2070297470300F1
:105F7000938747E598639167BA9723A407029747E9
:105F80000300938727E498639167BA9723A60702D3
:105F900097470300938707E398639167BA9723AA0B
:105FA0000702974703009387E7E198639167BA97E1
:105FB00023AC0702974703009387C7E09863916774
:105FC000BA970547B8C3974703009387A7DF98633D
:105FD0009167BA977147F8C397470300938787DEA5
:105FE00098639167BA972D47B8C79747030093877F
:105FF00067DD98639167BA971D47F8C79747030015
:10600000938747DC98639167BA972D47B8CB97473A
:106010000300938727DB98639167BA971307700291
:10602000F8CB974703009387E7D998639167BA97AE
:106030004147B8CF974703009387C7D898639167C4
:10604000BA9713076007F8CF97470300938787D75E
:1060500098639167BA971947B8D397470300938716
:1060600067D698639167BA973147F8D3974703008B
:10607000938747D598639167BA972147B8D79747D1
:106080000300938727D498639167BA9723A80706DC
:1060900097470300938707D398639167BA970D4793
:1060A000F8DB974703009387E7D198639167BA9726
:1060B00013074002B8DF974703009387A7D0986380
:1060C0009167BA97314723A0E70897470300938762
:1060D00067CF98639167BA973D4723A4E70897472E
:1060E0000300938727CE98639167BA97094723A641
:1060F000E708974703009387E7CC98639167BA97BF
:10610000094723A8E708974703009387A7CB98631D
:106110009167BA97054723AAE70897470300938733
:1061200067CA98639167BA973D4723ACE7089747DA
:106130000300938727C998639167BA97094723AEED
:10614000E708974703009387E7C798639167BA9773
:10615000094723A0E70A974703009387A7C69863D8
:106160009167BA97054723A2E70A974703009387E9
:1061700067C598639167BA971D4723A4E70A9747B5
:106180000300938727C498639167BA97414723A672
:10619000E70A974703009387E7C298639167BA9726
:1061A00023A8070A974703009387C7C1986391679D
:1061B000BA9723AA070A974703009387A7C0986353
:1061C0009167BA9723AC070A97470300938787BF65
:1061D00098639167BA970D4723A2E70C974703008E
:1061E000938747BE98639167BA9723A4070C974794
:1061F0000300938727BD98639167BA9709671307D0
:10620000078623A6E70C974703009387A7BB9863ED
:106210009167BA97377702001307071023A8E70C96
:1062200097470300938707BA98639167BA972947FE
:1062300023AAE70C974703009387C7B89863916731
:10624000BA97414723ACE70C97470300938787B77A
:1062500098639167BA970D4723AEE70C9747030001
:10626000938747B698639167BA9723A0070E97471D
:106270000300938727B598639167BA9723A2070E07
:1062800097470300938707B498639167BA9723A44D
:10629000070E974703009387E7B298639167BA9711
:1062A00023A6070E974703009387C7B198639167AA
:1062B000BA9723A8070E974703009387A7B0986360
:1062C0009167BA9723AA070E97470300938787AF72
:1062D00098639167BA9723AC070E9747030093879B
:1062E00067AE98639167BA9723AE070E974703008E
:1062F000938747AD98639167BA9723A00712974792
:106300000300938727AC98639167BA9723A207127B
:1063100097470300938707AB98639167BA9723A4C5
:106320000712974703009387E7A998639167BA9785
:1063300023A60712974703009387C7A8986391671E
:10634000BA9723A80712974703009387A7A79863D4
:106350009167BA9723AA071297470300938787A6E6
:1063600098639167BA9723AC071297470300938706
:1063700067A598639167BA9723AE07129747030002
:10638000938747A498639167BA9723A00716974706
:106390000300938727A398639167BA9723A20716F0
:1063A00097470300938707A298639167BA9723A43E
:1063B0000716974703009387E7A098639167BA97FA
:1063C00023A60716974703009387C79F9863916793
:1063D000BA9723AC0716974703009387A79E986345
:1063E0009167BA9723AE0716974703009387879D57
:1063F00098639167BA97054723A0E718974703006A
:106400009387479C98639167BA9723A20718974789
:1064100003009387279B98639167BA97614723A4EA
:10642000E718974703009387E79998639167BA97AE
:106430001307001223A6E71897470300938787984E
:1064400098639167BA971307002023A8E718974726
:1064500003009387279798639167BA9713070012F1
:1064600023AAE718974703009387C7959863916716
:10647000BA9723AC0718974703009387A7949863AC
:106480009167BA972D4723AEE71897470300938784
:10649000679398639167BA9723A0071A97470300F9
:1064A0009387479298639167BA9723A2071A9747F1
:1064B00003009387279198639167BA9723A4071ADB
:1064C000974703009387079098639167BA970D47A2
:1064D00023A6E71A974703009387C78E98639167AF
:1064E000BA9723A8071A974703009387A78D986345
:1064F0009167BA9723AA071A974703009387878C57
:1065000098639167BA9723AC071A9747030093875C
:10651000678B98639167BA9723AE071A9747030072
:106520009387478A98639167BA9737770200130772
:10653000071023A0E71C974703009387A788986359
:106540009167BA97054723A2E71C974703009387F3
:10655000678798639167BA971307000823A4E71C1D
:10656000974703009387078698639167BA9723A696
:10657000071C974703009387E78498639167BA974E
:10658000054723A8E71C974703009387A7839863D1
:106590009167BA9723AA071C9747030093878782BE
:1065A00098639167BA9723AE071C974703009387B8
:1065B000678198639167BA9723A0071E97470300E6
:1065C0009387478098639167BA9723A2071E9737EE
:1065D00003009387277F98639167BA9723A4071EC8
:1065E000973703009387077E98639167BA9723A62E
:1065F000071E973703009387E77C98639167BA97E4
:1066000023A8071E973703009387C77B986391677A
:10661000BA9723AA071E973703009387A77A986330
:106620009167BA9723AC071E973703009387877942
:1066300098639167BA9723AE071E97370300938735
:10664000677898639167BA9723A00720973703006C
:106650009387477798639167BA970D671307079BEE
:1066600023A2E720973703009387C7759863916744
:10667000BA971307004023A4E720973703009387B6
:10668000677498639167BA971307002023A6E720E1
:10669000973703009387077398639167BA97130737
:1066A000000823A8E720973703009387A771986312
:1066B0009167BA972D4723AAE7209737030093875E
:1066C000677098639167BA97094723ACE7209737BB
:1066D00003009387276F98639167BA97414723AE6A
:1066E000E720973703009387E76D98639167BA9720
:1066F00023A00722973703009387C76C986391679D
:10670000BA97254723A2E722973703009387876B21
:1067100098639167BA97314723A4E722973703001C
:106720009387476A98639167BA9723A6072297379A
:1067300003009387276998639167BA97054723A851
:10674000E722973703009387E76798639167BA97C3
:1067500023AA0722973703009387C7669863916738
:10676000BA9723AE0722973703009387A7659863EC
:106770009167BA9723A2072497370300938787640A
:1067800098639167BA9723A40724973703009387E8
:10679000676398639167BA9723A607249737030026
:1067A0009387476298639167BA9723AC072497371A
:1067B00003009387276198639167BA9723AE0724F4
:1067C000973703009387076098639167BA970547E7
:1067D00023A0E726973703009387C75E98639167E6
:1067E000BA9723A20726973703009387A75D98637C
:1067F0009167BA9723A40726973703009387875C8E
:1068000098639167BA9723A6072697370300938763
:10681000675B98639167BA9723A8072697370300A9
:106820009387475A98639167BA9723AA07269737A1
:1068300003009387275998639167BA9723AC07267B
:10684000973703009387075898639167BA9723AEE9
:106850000726973703009387E75698639167BA979F
:106860001307000323A0E728973703009387875572
:1068700098639167BA9723A20728973703009387F5
:10688000675498639167BA9723A407289737030042
:106890009387475398639167BA9723A6072897373A
:1068A00003009387275298639167BA9723A0072A1A
:1068B000973703009387075198639167BA9723A28C
:1068C000072A973703009387E74F98639167BA9732
:1068D00023A4072A973703009387C74E98639167CD
:1068E000BA9723A6072A973703009387A74D986383
:1068F0009167BA9723A8072A973703009387874C95
:1069000098639167BA9723AA072A9737030093875A
:10691000674B98639167BA9723AE072A97370300AE
:106920009387474A98639167BA9723A0072C9737B4
:1069300003009387274998639167BA9723A2072C8E
:10694000973703009387074898639167BA9723A402
:10695000072C973703009387E74698639167BA97A8
:1069600023A6072C973703009387C7459863916741
:10697000BA9723A8072C973703009387A7449863F7
:106980009167BA9723AA072C973703009387874309
:1069900098639167BA9723AC072C973703009387C6
:1069A000674298639167BA9723AE072C9737030025
:1069B0009387474198639167BA9723A0072E97372B
:1069C00003009387274098639167BA9723A2072E05
:1069D000973703009387073F98639167BA9723A47B
:1069E000072E973703009387E73D98639167BA971F
:1069F00023A6072E973703009387C73C98639167B8
:106A0000BA971307006423A8E72E973703009387EC
:106A1000673B98639167BA9723AA072E97370300BD
:106A20009387473A98639167BA9723AC072E9737B5
:106A300003009387273998639167BA9723AE072E8F
:106A4000973703009387073898639167BA9723A015
:106A50000730973703009387E73698639167BA97B3
:106A600023A20730973703009387C7359863916750
:106A7000BA9723A40730973703009387A734986306
:106A80009167BA9723A60730973703009387873318
:106A900098639167BA9723A80730973703009387C5
:106AA000673298639167BA97214723AAE7309737EF
:106AB00003009387273198639167BA972D4723ACDA
:106AC000E730973703009387E72F98639167BA976A
:106AD00023AE0730973703009387C72E98639167DB
:106AE000BA9723A00732973703009387A72D98639F
:106AF0009167BA9723A20732973703009387872CB1
:106B000098639167BA9723A4073297370300938756
:106B1000672B98639167BA9723A6073297370300CC
:106B20009387472A98639167BA9723A807329737C4
:106B300003009387272998639167BA97054723A293
:106B4000E738973703009387E72798639167BA97E9
:106B500023AE073E973703009387C7269863956750
:106B6000BA9723A007C0973703009387A725986398
:106B70009567BA9723A207C09737030093878724A6
:106B800098639567BA9723A407C097370300938744
:106B9000672398639567BA9723A607C097370300C2
:106BA0009387472298639567BA9723A807C09737BA
:106BB00003009387272198639567BA9723AA07C094
:106BC000973703009387072098639567BA9723AC9C
:106BD00007C0973703009387E71E98639567BA97B6
:106BE00023AE07C0973703009387C71D9863956747
:106BF000BA97054798C3973703009387A71C9863F4
:106C00009567BA970547D8C3973703009387871BC3
:106C100098639567BA9723A4070097370300938773
:106C2000671A98639567BA970547D8C797370300DF
:106C30009387471998639567BA971307F00F98CB16
:106C4000973703009387071898639567BA9723AC23
:106C50000700973703009387E71698639567BA97FD
:106C600023AE0700973703009387C715986395678E
:106C7000BA9723A00702973703009387A714986356
:106C80009567BA97054723A0E74097370300938796
:106C9000671398639567BA97054723A2E74097372C
:106CA00003009387271298639967BA9723A00780F8
:106CB000973703009387071198639967BA9723A0C2
:106CC0000784973703009387E70F98639967BA970C
:106CD00023A20784973703009387C70E98639967A9
:106CE000BA9723A40784973703009387A70D986367
:106CF0009967BA9723AE0784973703009387870C69
:106D000098639967BA9723A007C0973703009387C2
:106D1000670B98639967BA9723A0074097370300DA
:106D20009387470A98639967BA9723A207409737D2
:106D300003009387270998639967BA9723A40740AC
:106D4000973703009387070898639967BA9723A634
:106D50000740973703009387E70698639967BA97C8
:106D600023A80740973703009387C705986399675F
:106D7000BA9723AA0740973703009387A70498631D
:106D80009967BA9723AC0740973703009387870327
:106D900098639967BA9723A80742973703009387A8
:106DA000670298639967BA9723AA07429737030047
:106DB0009387470198639967BA9723AC074297373F
:106DC00003009387270098639967BA9723AE074219
:106DD00097370300938707FF98639967BA9723A0B3
:106DE0000744973703009387E7FD98639967BA973D
:106DF00023A20744973703009387C7FC98639967DA
:106E0000BA9723A40744973703009387A7FB986397
:106E10009967BA9723A6074497370300938787FAA1
:106E200098639967BA9723A8074497370300938715
:106E300067F998639967BA9723AA074497370300BD
:106E4000938747F898639967BA9723A607529737AD
:106E50000300938727F798639967BA9723A8075485
:106E600097370300938707F69863A167BA9705479A
:106E700023A0E7C0973703009387C7F49863A167FF
:106E8000BA9723A207C0973703009387A7F39863A5
:106E9000A167BA9723A6070097370300938787F265
:106EA0009863A167BA9723A80700973703009387D1
:106EB00067F19863C167BA97514798C39737030042
:106EC000938747F09863C167BA971947D8C3973734
:106ED0000300938727EF9863C167BA97054798C760
:106EE00097370300938707EE9863C167BA97054702
:106EF000D8C7973703009387E7EC9863C167BA97C1
:106F000023A80700973703009387C7EB9863C167EF
:106F1000BA9723AA0700973703009387A7EA9863D5
:106F2000C167BA9723AE070097370300938787E9B5
:106F30009863C167BA9723A0070297370300938726
:106F400067E89863C167BA9723A8070297370300D9
:106F5000938747E79863C167BA9723AE07029737CD
:106F60000300938727E69863C167BA9723A00704B5
:106F700097370300938707E59863C167BA9723A201
:106F80000704973703009387E7E39863C167BA97CD
:106F900023A80704973703009387C7E29863CD6758
:106FA000BA9723AC07C0973703009387A7E198638C
:106FB000CD67BA9723AE07C097370300938787E062
:106FC0009863CD67BA9723A007C2973703009387CA
:106FD00067DF9863CD67BA9723A207C2973703008C
:106FE000938747DE9863CD67BA97370700407D17D0
:106FF00023ACE7F0973703009387C7DC9863CD672E
:10700000BA9723AE07F0973703009387A7DB9863FF
:10701000CD67BA97370700407D1723A0E7F297376F
:107020000300938727DA9863CD67BA9723A207F204
:1070300097370300938707D99863CD67BA9723AC36
:107040000720973703009387E7D79863CD67BA97F0
:1070500023AE0720973703009387C7D69863CD6781
:10706000BA9723A00722973703009387A7D5986381
:10707000CD67BA9723A2072297370300938787D457
:107080009863CD67BA9723AA075097370300938771
:1070900067D39863CD67BA9723AC0750973703003F
:1070A000938747D29863CD67BA9723A80768973725
:1070B0000300938727D19863B7C70300BA97216766
:1070C000050798C3973703009387C7CF9863B7C75F
:1070D0000300BA97054798C397370300938787CE75
:1070E0009863B7C70300BA970547D8C3973703001B
:1070F000938747CD9863B7C70300BA97054798C7EA
:1071000097370300938707CC9863B7C70300BA97F4
:1071100023A60700973703009387C7CA9863B7C7AA
:107120000300BA9723AA070097370300938787C9FC
:107130009863B7C70300BA9723AE070097370300D9
:10714000938747C89863B7C70300BA971307F0023D
:1071500098D3973703009387E7C69863B7C70300B0
:10716000BA971307F003D8D397370300938787C5DF
:107170009863B7C70300BA9723A4070297370300A1
:10718000938747C49863B7C70300BA9723A607023B
:1071900097370300938707C39863B7C70300BA976D
:1071A00023A80702973703009387C7C19863B7C71F
:1071B0000300BA976147D8DB97370300938787C0EE
:1071C0009863B7C70300BA9723AC07029737030049
:1071D000938747BF9863B7C70300BA970547D8DFBF
:1071E00097370300938707BE9863B7C70300BA9722
:1071F00023A00704973703009387C7BC9863B7C7DA
:107200000300BA9723A2070401002264410182808F
:10721000011122EC0010AA872326F4FE8327C4FE66
:107220008127A5E3B7670020938707D0216713075D
:1072300007F898C3B7670020938707D01D67D8C3A6
:10724000B7670020938707E02167130707F498C703
:10725000B7670020938707E01D67130707C0D8C7EB
:10726000B7670020938707E02167130707F398CBE0
:10727000B7670020938707E01D6713070780D8CB07
:10728000B9A8B7670020938707D02167130707F8CD
:1072900098C3B7670020938707D01D67D8C3B76727
:1072A0000020938707E02167130707F498C7B767A3
:1072B0000020938707E01D67130707C0D8C7B7678B
:1072C0000020938707E02167130707F398CBB76780
:1072D0000020938707E01D6713070780D8CBB767A7
:1072E0000020938707D00547D8CF0100626405616D
:1072F0008280797106F422F000188547FE07233C4E
:10730000F4FCB70780002330F4FE85472324F4FE05
:10731000230604FE930784FD3E85EF30302193075A
:1073200010409395570185471395F701EF90CFAE25
:107330000100A270027445618280797122F4001804
:10734000AA87232EF4FCA30704FE8327C4FD1B8712
:107350000700914763E8E7048367C4FD139727009C
:1073600097C702009387C766BA979C431B8707009D
:1073700097C702009387C765BA9782878547A30797
:10738000F4FE15A08547A307F4FE31A88547A3079F
:10739000F4FE11A88547A307F4FE31A08547A30793
:1073A000F4FE11A001008347F4FE3E85227445617E
:1073B0008280797122F40018AA87232EF4FCA30797
:1073C00004FE8327C4FD1B870700914763E4E7029F
:1073D0008367C4FD1397270097C7020093878760D0
:1073E000BA979C431B87070097C702009387875F64
:1073F000BA9782879547A307F4FE2DA09947A30764
:10740000F4FE0DA09947A307F4FE29A89947A30706
:10741000F4FE09A89D47A307F4FE29A09547A307FA
:10742000F4FE01008347F4FE3E85227445618280AC
:10743000011122EC0010AA872326F4FE8327C4FE44
:107440001B87070091476314F7189737030093874A
:10745000E7969C6323A2074297370300938707961A
:107460009C630D4723A4E742973703009387079552
:107470009C630567130747DC23A6E74297370300A1
:107480009387C7939C6323A807429737030093878A
:10749000E7929C6323AA07429737030093870792DA
:1074A0009C631307F07F23ACE74297370300938771
:1074B000E7909C631307F07F23AEE7429737030002
:1074C0009387C78F9C631307F00723A0E744973780
:1074D00003009387A78E9C6323A6077A9737030040
:1074E0009387C78D9C6323A8077A973703009387F8
:1074F000E78C9C6323AA077A973703009387078C4E
:107500009C6323AC077A973703009387278B9C6390
:1075100023AE077A973703009387478A9C6323A09B
:10752000077C97370300938767899C6323A2077CB6
:1075300097370300938787889C6323A4077C97373A
:1075400003009387A7879C6305677D1723A6E77CC5
:1075500097370300938787869C6305677D1723A869
:10756000E77C97370300938767859C6305677D17E2
:1075700023AAE77C97370300938747849C6313070C
:10758000F07F23ACE77C97370300938727839C63C6
:107590001307F07F23AEE77C9737030093870782BA
:1075A0009C631307F07F23A0E77E97370300938740
:1075B000E7809C631307F07F23A2E77E97270300F1
:1075C0009387C77F9C631307F00723A4E77E01001E
:1075D000626405618280797122F40018AA872338D9
:1075E000B4FC232EF4FC8327C4FDA307F4FE8327F9
:1075F000C4FD1B870700854763FAE7008327C4FDA6
:107600001B870700914763E5E70021A0010011A057
:107610000100833704FD03C607008347F4FE1B8780
:10762000070097C602009386663DBA878A07BA9715
:10763000B69783C7070032876366F700833704FD78
:10764000238007008347F4FE1B870700833704FD70
:1076500083C7070081278527812717C602001306E5
:10766000E639939607028192BA878A07BA97B2974A
:10767000B69783C707002307F4FE833704FD83C74B
:107680000700852713F7F70F833704FD2380E700F2
:107690008347E4FE3E85227445618280011106EC39
:1076A00022E80010AA872326F4FE97270300938779
:1076B000677198639167BA97054798D39727030036
:1076C0009387477098639167BA97370710007D17C3
:1076D00023AEE71E972703009387C76E98639167D1
:1076E000BA970327C4FE23AAE71E972703009387B0
:1076F000676D98639167BA9723AC071E97270300BD
:107700009387476C98639167BA97054723A8E71E4C
:10771000972703009387076B98639167BA9723A80D
:10772000071E8567138587BBEF905FEC97270300E3
:107730009387476998639167BA979C5B812799C340
:10774000814711A085473E85E260426405618280E1
:10775000797106F422F00018AA87232EF4FC232462
:1077600004FE232604FE1DA08327C4FD3E85EFF002
:10777000FFF2AA8781273E87832784FED98F23249F
:10778000F4FE8327C4FE85272326F4FE8327C4FE48
:107790001B870700A547E3F9E7FC832784FE3E85A6
:1077A000A270027445618280297106FE22FA26F6D3
:1077B0008002AA872338B4EC32872334D4EC232EFA
:1077C000F4ECBA87232CF4EC972703009387875FA8
:1077D00098639167BA97054798D3972703009387D3
:1077E000675E98639167BA970547D8CF8567138519
:1077F00087BBEF90BFDF972703009387A75C986351
:107800009167BA970547D8CB972703009387875B83
:1078100098639167BA97054798C3B75702001385D5
:10782000079FEF90BFDC972703009387A7599863C2
:107830009167BA9723AA0700B7571200138507F874
:10784000EF90DFDA972703009387C7579863916714
:10785000BA9723AE0700D967138507F9EF901FD9B0
:10786000972703009387075698639167BA97054750
:1078700098D3972703009387E75498639167BA9743
:1078800023A2071C8567138587BBEF903FD68567CA
:10789000138587BBEF909FD5972703009387875366
:1078A0009C639C4B81273E879167938707F0F98FF4
:1078B000232EF4F4972703009387C7519C639C4BB6
:1078C00081273E87B707003FF98F232CF4F49727D1
:1078D0000300938727509C63DC4B81273E87916789
:1078E000938707F0F98F232AF4F4972703009387EF
:1078F000674E9C63DC4B81273E87B707003FF98FBB
:107900002328F4F4972703009387C74B9863916764
:10791000BA970547D8CF9D6713850753EF901FCDC2
:1079200089472326F4F40327C4F5832784F5D98FE8
:107930001B870700972703009387C7499C6383260B
:10794000C4F43B87E602012798CB032744F583273D
:1079500004F5D98F1B870700972703009387874774
:107960009C638326C4F43B87E6020127D8CB010041
:1079700097270300938787449C6383A747089B86C8
:10798000070097270300938767439863B7070002B0
:10799000F58F812781272322F708F9DB9D6713855F
:1079A0000753EF90BFC497270300938727419C6339
:1079B00083A747081B870700972703009387074083
:1079C0009C63137737FC012723A2E708972703005E
:1079D0009387C73E9C6383A747081B8707009727A9
:1079E00003009387A73D9C631367C703012723A266
:1079F000E708972703009387673C98638567BA97E2
:107A0000254723ACE786972703009387273B986396
:107A10008567BA971307F00323A0E78A9727030027
:107A20009387C73998638567BA9723A0078A9727F2
:107A300003009387A73898638567BA97214723ACDB
:107A4000E7869D6713850753EF905FBA972703007A
:107A50009387473798639167BA9723AE0700B79724
:107A600004001385073EEF907FB897A70E00938719
:107A7000E7109863972703009387C7359C63DC4B17
:107A800081273E8697C502009385C5B23A85EF20CF
:107A9000003897A70E009387670E98639727030017
:107AA000938747339C639C4B81273E8697C5020092
:107AB000938545B23A85EF20803597270300938759
:107AC000673098639167BA97054798D39727030063
:107AD0009387472F98639167BA970547D8CF8567F3
:107AE000138587BBEF909FB0972703009387872D5F
:107AF00098639167BA970547D8CB97270300938778
:107B0000672C98639167BA97054798C3B7570200E7
:107B10001385079FEF909FAD972703009387872AD0
:107B200098639167BA9723AA0700B7571200138585
:107B300007F8EF90BFAB972703009387A7289863B8
:107B40009167BA9723AE0700D967138507F9EF90BD
:107B5000FFA997A70E009387670284630545EFF09E
:107B60003FBFAA8781273E8697C50200938585A8D7
:107B70002685EF20C02997A70E00938727008463EE
:107B80000945EFF0FFBCAA8781273E8697C5020012
:107B9000938545A72685EF20802797A70E0093871A
:107BA000E7FD84630D45EFF0BFBAAA8781273E86C3
:107BB00097C50200938505A62685EF20402597A747
:107BC0000E009387A7FB84631145EFF07FB8AA8767
:107BD00081273E8697C502009385C5A42685EF20A0
:107BE000002397A70E00938767F984632D45EFF074
:107BF0003FB6AA8781273E8697C50200938585A355
:107C00002685EF20C02097A70E00938727F784636F
:107C10004145EFF0FFB3AA8781273E8697C5020052
:107C20009385C5A22685EF20801E97A70E00938717
:107C3000E7F484634545EFF0BFB1AA8781273E860C
:107C400097C50200938505A22685EF20401C97A7C3
:107C50000E009387A7F284635945EFF07FAFAA87A0
:107C600081273E8697C50200938545A12685EF2092
:107C7000001A97A70E00938767F084633545EFF0ED
:107C80003FADAA8781273E8697C50200938585A0D0
:107C90002685EF20C017972703009387A7129863C4
:107CA0009167BA970547D8CF9D6713850753EF9023
:107CB000FF93972703009387E7119C638326C4F5FE
:107CC000032784F5558F012798CB972703009387C7
:107CD00067109C63832644F5032704F5558F01271D
:107CE000D8CB0100972703009387470D9C6383A798
:107CF00047089B860700972703009387270C986304
:107D0000B7070002F58F812781272322F708F9DBC7
:107D10009D6713850753EF907F8D97270300938707
:107D2000E7099C6383A747081B8707009727030081
:107D30009387C7089C63137737FC012723A2E708C2
:107D400097270300938787079C6383A747081B87B0
:107D5000070097270300938767069C631367C70391
:107D6000012723A2E7089727030093872705986335
:107D70008567BA97254723ACE78697270300938743
:107D8000E70398638567BA971307F00323A0E78A90
:107D9000972703009387870298638567BA9723A084
:107DA000078A972703009387670198638567BA97C7
:107DB000214723ACE7869D6713850753EF901F8308
:107DC000972703009387070098639167BA97054741
:107DD000D8CFB79704001385073EEF903F819307F4
:107DE0001008232AF4FC97270300938727FD986344
:107DF0008567BA971307100223ACE786972703001D
:107E00009387C7FB98638567BA9723A6078C2328B7
:107E100004FC01A397270300938747FA9C63032779
:107E200004FD23A2E76497270300938727F99C6347
:107E3000032704FD23A6E76485472326F4FC2324B7
:107E400004FC93070008232CF4FC95472322F4FC40
:107E50004DA1232004FC93070008232EF4FA2324C9
:107E600004F4832744FD1B8707009307000863F68B
:107E7000E70093070008232AF4FCB707023E23A07B
:107E800007001305C012EF906FF697270300938742
:107E9000E7F29C6383A7471881273E87B717FCFF4B
:107EA000FD17F98F1B870700832744FC9B97C700AA
:107EB0008127D98F81273E87B7070400D98F232ECA
:107EC000F4FC97270300938767EF9C630327C4FDA7
:107ED00023A2E7181305C012EF904FF1B707023E37
:107EE000054798C31305C012EF904FF093070008A1
:107EF0002328F4FA232604FA09AC97270300938772
:107F0000E7EB98638567BA9723A407889727030050
:107F10009387C7EA98638567BA9723A80788972746
:107F200003009387A7E998638567BA973707180016
:107F300023A8E78897270300938747E89863856716
:107F4000BA9723A8078897270300938727E79863A2
:107F50008567BA973707180023A4E7889727030097
:107F60009387C7E598638567BA9723A807889727FB
:107F700003009387A7E498638567BA9737071800CB
:107F800023A8E78897270300938747E398638567CB
:107F9000BA9723A80788BD47232CF4FA232A04FAAA
:107FA000930700082328F4FA1305C012EF900FE49A
:107FB000232404FADDA897270300938727E098631A
:107FC0008567BA9723A0078897270300938707DF61
:107FD00098638567BA973707180023A0E788972723
:107FE00003009387A7DD98638567BA9723A0078866
:107FF0001305C012EF908FDF97270300938707DCEC
:1080000098638567BA9783A7C78A81279BD787001C
:1080100081278D8B2322F4F4832744FB812781CF92
:10802000032784FA832744FBBB07F74081273E8759
:10803000A14763EAE708832744FB812795E7832765
:1080400084FB93C7F7FF1B870700832744F4F98F4E
:10805000812791C7832784FA232AF4FA91A08327E2
:1080600044F4232CF4FA2DA8032784FA832744FB35
:10807000BB07F74081273E8791476313F7028327A9
:1080800084FB93C7F7FF1B870700832744F4F98F0E
:10809000812799E7232A04FA832744F4232CF4FA4E
:1080A000832784FA85272324F4FA130700088327FB
:1080B00004FDBB07F7401B870700832784FA81274D
:1080C000E3EBE7EE11A00100832744FB81278DCB72
:1080D000032744FB832704FC0127812763F6E7007D
:1080E000832744FB2320F4FC032744FB8327C4FBA2
:1080F000012781276376F700832744FB232EF4FAB8
:108100008327C4FA85272326F4FA8327C4FA1B871A
:108110000700CD47E3F3E7DE032704FC8327C4FB16
:10812000BB07F7402324F4F48327C4FB1B87070015
:10813000A54763E4E700232604FC832784F41B8718
:108140000700954763ECE7040327C4FB832744FD3E
:108150000127812763FBE7000327C4FB832744FD36
:10816000BB07F7402328F4FA09A8032744FD832717
:10817000C4FBBB07F7402328F4FA832704FB1B87C3
:108180000700954763E2E702832784FC9B9717006B
:10819000812793E717002324F4FC39A0832784FC6C
:1081A0009B9717002324F4FC97A70E009387079D45
:1081B0009C63032704FD3A8697B502009385050367
:1081C0003E85EF10D04497A70E009387279B9C63B2
:1081D000032744FC3A8697B50200938525023E8525
:1081E000EF10F04297A70E00938747999C630327EF
:1081F00004FC3A8697B502009385C5003E85EF10D2
:10820000104197A70E00938767979C630327C4FBD1
:108210003A8697B502009385E5FF3E85EF10303F23
:1082200097A70E00938787959C63032744FD3A86A2
:1082300097B50200938505FF3E85EF10503D97A747
:108240000E009387A7939C63032784F43A8697B51F
:1082500002009385A5FE3E85EF10703B97A70E00A8
:108260009387C7919C63032704FB3A8697B5020066
:108270009385C5FD3E85EF10903997A70E00938733
:10828000E78F9C63032784FC3A8697B502009385A9
:10829000E5FC3E85EF10B03797A70E009387078E59
:1082A0009C63032784FD3A8697B50200938505FCFD
:1082B0003E85EF10D035832784FD1B870700930789
:1082C0000008631FF700832784FC8D8B81273E877E
:1082D0008D476317F700832744FC232CF4FC0DA083
:1082E0008327C4FB232AF4FC832744FC852723220D
:1082F000F4FC832744FC1B870700F547E3FBE7B446
:108300008327C4FC812791EF832704FD9527232829
:10831000F4FC832704FD1B870700F547E3FCE7AE69
:1083200011A00100832784FD1B8707009307000825
:108330006302F70297A70E00938747849C63032785
:1083400084FD3A8697B50200938545F33E85EF108C
:10835000102C05A097A70E00938747829C630327E4
:1083600084FD3A8697B502009385C5F23E85EF10ED
:10837000102AB707023E23A007001305C012EF9092
:10838000EFA6832784FD1B8707009307000863126D
:10839000F704C147232CF4FC97270300938707A217
:1083A0009C6383A7471881273E87B717FCFFFD17FB
:1083B000F98F1B870700832784FD9B97C7008127C0
:1083C000D98F81273E87B7070400D98F232EF4FC6D
:1083D0002DA8972703009387679E9C6383A7471860
:1083E00081273E87B717FCFFFD17F98F1B87070012
:1083F000832784FD9B97C7008127D98F81273E87DC
:10840000B7070400D98F232EF4FC97270300938726
:10841000E79A9C630327C4FD23A2E7181305C01243
:10842000EF90CF9CB707023E054798C3B79704006B
:108430001385073EEF908F9BA1472322F4FA8547CF
:108440002320F4F4232E04F29727030093878798C0
:108450009C639C53812793F70770232CF4F2972792
:108460000300938727979C639C5381273E879167DE
:1084700093870780F98F232AF4F217270300130745
:1084800067AD8367C4ED8A07BA979C43032784EDE1
:10849000BB77F702812791EF8327C4ED833504ED85
:1084A0003E85EFF04F93AA873E87833784EC238085
:1084B000E70085472320F4FA6F007024232004FA94
:1084C000972703009387878F9C63832644FA0327AB
:1084D00004F4359F012723A6E764972703009387B9
:1084E000E78D9C63832644FA0327C4F3359F012755
:1084F00023A2E764972703009387478C98638567D7
:10850000BA971307300223ACE786233004EE2334F6
:1085100004EE233804EE233C04EE233004F023342D
:1085200004F0233804F0233C04F0232004F823242F
:1085300004F8BDA997270300938747889863856748
:10854000BA9723A407889727030093872787986300
:108550008567BA9723A8078897270300938707861C
:1085600098638567BA973707180023A8E788972785
:1085700003009387A78498638567BA9723A8078821
:10858000972703009387878398638567BA97370790
:10859000180023A4E788972703009387278298630E
:1085A0008567BA9723A807889727030093870781D1
:1085B00098638567BA973707180023A8E788971745
:1085C00003009387A77F98638567BA9723A80788D6
:1085D000832784F89B9727008127F18B2328F4F2C7
:1085E000032784F3832744F3D98F1B87070083274E
:1085F00004F3D98F1B870700971703009387877DA4
:108600009C63BA8611670D07558F012798D30327FE
:1086100084F3832744F3D98F1B870700832704F350
:10862000D98F1B870700971703009387A77A9C634E
:1086300013673700012798D3032784F3832744F374
:10864000D98F1B870700832704F3D98F1B87070067
:1086500097170300938707789C63BA8611670D0705
:10866000558F012798D3BD47232EF4F89547232C27
:10867000F4F8232A04F8232804F813054006EF80B1
:10868000FFF6232204F8232604F84DA497170300CD
:108690009387C77298638567BA9723A0078897174F
:1086A00003009387A77198638567BA973707180007
:1086B00023A0E7889717030093874770986385671F
:1086C000BA9723A007881305C012EF803FF29717CF
:1086D00003009387A76E98638567BA9783A7C78AB5
:1086E00081279BD7870081278D8B2326F4F297174C
:1086F00003009387A76C98638567BA9783A7C78A97
:108700008127BD8B2324F4F2832744F9812795CF59
:10871000832704F9812795CB0327C4F8832744F9DD
:10872000BB07F74081273E87A14763F0E702032795
:10873000C4F8832704F9BB07F74081273E87A14788
:1087400063F5E70085472322F4F8832704F981279E
:1087500085EB832784F91B8707009547630DF70096
:10876000832784F21B87070095476316F70083274A
:10877000C4F82328F4F8832784F2232CF4F815A8EE
:108780000327C4F8832704F9BB07F74081273E87F6
:1087900091476310F702032784F2832784F90127A6
:1087A00081276308F700232804F8832784F2232C09
:1087B000F4F8832744F9812795E78327C4F993C701
:1087C000F7FF1B8707008327C4F2F98F812791C722
:1087D0008327C4F8232AF4F891A08327C4F2232E18
:1087E000F4F82DA80327C4F8832744F9BB07F74002
:1087F00081273E8791476313F7028327C4F993C704
:10880000F7FF1B8707008327C4F2F98F812799E7B9
:10881000232A04F88327C4F2232EF4F8832744F98B
:10882000812763800710832704F98127638B070E54
:108830000327C4F8832744F901278127630AF70037
:108840000327C4F8832704F901278127631BF70C4A
:1088500097970E00938787329C630327C4F23A866A
:1088600097B50200938585E43E85EF10405A9797AF
:108870000E009387A7309C63032784F23A8697B54E
:1088800002009385A5E33E85EF10605897970E0090
:108890009387C72E9C63032784F93A8697B5020015
:1088A0009385C5E23E85EF10805697970E0093871B
:1088B000E72C9C63032744F93A8697B50200938519
:1088C000E5E13E85EF10A05497970E009387072BA4
:1088D0009C63032704F93A8697B50200938585E1E6
:1088E0003E85EF10C05297970E00938727299C630F
:1088F0000327C4F83A8697B50200938525E13E85A3
:10890000EF10E05097970E00938747279C6303274B
:1089100084F83A8697B50200938545E03E85EF10CE
:10892000004F8327C4F885272326F4F8832744F8CB
:10893000812793B7170013F7F70F8327C4F89B8697
:1089400007009307F007B3B7D70093C7170093F753
:10895000F70FF98F93F7F70FE39A07D2032744F93C
:10896000832704F80127812763F6E700832744F96A
:108970002320F4F8832744F9812795C7832704F936
:10898000812795C3832784F81B8707009D4763ECE5
:10899000E700836784F88A07130704FEBA97032762
:1089A00004F923A0E7F2832784F885272324F4F829
:1089B000832784F81B870700BD47E3FDE7B69307CD
:1089C000F00F232EF4F69307F00F232CF4F6930701
:1089D000F00F232AF4F6A1472328F4F6A147232613
:1089E000F4F6A1472322F4F21717030013070758E0
:1089F0008367C4ED8A07BA979843832704F88127D1
:108A000063F8E700832704FA93E717002320F4FABA
:108A1000232404F6A5A0836784F68A07130704FEBF
:108A2000BA9703A707F2832704F8812763E9E702CF
:108A3000836784F68A07130704FEBA9783A707F2B1
:108A4000032704F8BB07F7401B870700836784F6FA
:108A50008A07930604FEB69723A0E7F019A8836758
:108A600084F68A07130704FEBA971307F00F23A0B2
:108A7000E7F0832784F685272324F4F6832784F6FA
:108A80001B8707009D47E3F8E7F8232204F6F9A0C7
:108A9000836744F68A07130704FEBA9703A707F013
:108AA0008327C4F781276372F706832744F62328B8
:108AB000F4F6832744F6852781279D8B2326F4F639
:108AC000832744F6892781279D8B2322F4F283672D
:108AD00004F78A07130704FEBA9783A707F0232E2B
:108AE000F4F68367C4F68A07130704FEBA9783A7D0
:108AF00007F0232CF4F6836744F28A07130704FE79
:108B0000BA9783A707F0232AF4F697970E00938766
:108B1000E7069863836744F68A07930604FEB697D0
:108B200083A707F03E8697B502009385A5C03A85D6
:108B3000EF10E02D97970E00938747049C6303275F
:108B400044F63A8697B50200938545C03E85EF10FE
:108B5000002C832744F685272322F4F6832744F646
:108B60001B8707009D47E3F5E7F28327C4F71B87C0
:108B700007009307F00F6318F700832704FA93E7C1
:108B800017002320F4FA832704F71B870700A14767
:108B90006318F700832704FA93E747002320F4FAC9
:108BA000032784ED8D47BB77F7029B8607001737B5
:108BB0000300130727B18367C4ED8A07BA979C4364
:108BC0003687631BF7028327C4F7232CF4F6832729
:108BD00004F7FD3781279D8B2328F4F697970E0025
:108BE0009387C7F99C63014697B50200938585B7C3
:108BF0003E85EF10C02151A8032784ED8D47BB7738
:108C0000F7029B860700171703001307A737836730
:108C1000C4ED8A07BA979C4336876310F70297978B
:108C20000E009387A7F59C63014697B502009385D4
:108C300065B53E85EF10A01D89A8032784ED8D47FB
:108C4000BB77F7029B86070017170300130707354A
:108C50008367C4ED8A07BA979C4336876317F70288
:108C6000832744F7232CF4F68327C4F62328F4F64D
:108C700097970E00938787F09C63014697B5020093
:108C8000938545B23E85EF108018832704FA81272B
:108C900063910724833784EC83C707008127032768
:108CA00004F7B99F81279B9727008127F18B232801
:108CB000F4F2032784F3832744F3D98F1B8707003B
:108CC000832704F3D98F1B87070097170300938727
:108CD00067109C63BA8611670D07558F012798D3DB
:108CE000032784F3832744F3D98F1B870700832747
:108CF00004F3D98F1B870700971703009387870D0D
:108D00009C6313673700012798D3032784F38327D5
:108D100044F3D98F1B870700832704F3D98F1B8760
:108D20000700971703009387E70A9C63BA861167C9
:108D30000D07558F012798D39717030093870708CE
:108D400098638567BA9723A40788971703009387CA
:108D5000E70698638567BA9723A8078897170300E3
:108D60009387C70598638567BA973707180023A8C4
:108D7000E788971703009387670498638567BA9716
:108D800023A807889717030093874703986385678D
:108D9000BA973707180023A4E7889717030093872B
:108DA000E70198638567BA9723A807889717030098
:108DB0009387C70098638567BA973707180023A879
:108DC000E78897170300938767FF98638567BA97CB
:108DD00023A80788232004F699A0971703009387F8
:108DE000E7FD98638567BA9723A007889717030064
:108DF0009387C7FC98638567BA973707180023A045
:108E0000E78897170300938767FB98638567BA978E
:108E100023A00788832704F685272320F4F6032759
:108E200004F6832784F701278127E368F7FA971769
:108E300003009387A7F898638567BA9723A40788E8
:108E400097170300938787F798638567BA9723ACD2
:108E5000078697970E00938767D29C63032704F7D2
:108E60003A8697B502009385E5953E85EF00307A06
:108E700097970E00938787D09C63032704F83A8660
:108E800097B50200938505983E85EF005078979737
:108E90000E009387A7CE9C63032784F73A8697B585
:108EA00002009385A5983E85EF00707697970E0097
:108EB0009387C7CC9863833784EC83C707008127E7
:108EC0003E8697B50200938565983A85EF00307429
:108ED0003DA0832704FA858B812795C3832744FA15
:108EE0001B8707009307E00F63E1E702032744FABB
:108EF000832704F8B99F812795272322F4FA832733
:108F000004FA8127639C07DA11A001009717030078
:108F10009387C7EA98638567BA97214723ACE786AA
:108F200097170300938787E998638567BA9723A605
:108F3000078C97170300938767E898638567BA974C
:108F4000254723ACE78697170300938727E79863A5
:108F50008567BA971307F00323A0E78A97170300E2
:108F60009387C7E598638567BA9723A0078A971701
:108F700003009387A7E498638567BA97214723ACDA
:108F8000E7861305C012EF806FE6971703009387FB
:108F900067E398639167BA9723AE0700B797040019
:108FA0001385073EEF808FE497970E00938707BDE8
:108FB00084630545EFE0CFF9AA8781273E8697A510
:108FC0000200938525632685EF00706497970E0055
:108FD0009387C7BA84630945EFE08FF7AA87812793
:108FE0003E8697A502009385E5612685EF003062F5
:108FF00097970E00938787B884630D45EFE04FF590
:10900000AA8781273E8697A502009385A5602685BD
:10901000EF00F05F97970E00938747B68463114582
:10902000EFE00FF3AA8781273E8697A5020093857C
:10903000655F2685EF00B05D97970E00938707B4B4
:1090400084632D45EFE0CFF0AA8781273E8697A560
:1090500002009385255E2685EF00705B97970E00D2
:109060009387C7B184634145EFE08FEEAA878127DC
:109070003E8697A502009385655D2685EF003059F1
:1090800097970E00938787AF84634545EFE04FECD9
:10909000AA8781273E8697A502009385A55C268531
:1090A000EF00F05697970E00938747AD84635945BC
:1090B000EFE00FEAAA8781273E8697A502009385F5
:1090C000E55B2685EF00B05497970E00938707ABBA
:1090D00084633545EFE0CFE7AA8781273E8697A5D1
:1090E00002009385255B2685EF0070522945EF80AD
:1090F000EFCF971703009387E7CC98639167BA97F0
:10910000054723A8E72A971703009387A7CB9863FF
:109110009167BA9723A80700232004F219A82945CC
:10912000EF80CFCC832704F2812785278127232056
:10913000F4F2971703009387E7C898639167BA978B
:109140009C5B812789EB832704F281273E87930765
:10915000E00FE3F6E7FC971703009387A7C6986331
:109160009167BA9723A8072A97170300938787C5A3
:1091700098639167BA97054723A2E71C0100F27034
:109180005274B27431618280117186FDA2F9A6F524
:1091900000022330B4F2233CD4F02338E4F023342B
:1091A000F4F0233004F1AA872326F4F2B2872324B3
:1091B000F4F2A147232EF4FC89472328F4F8232650
:1091C00004F8171703001307E7D88367C4F28A0768
:1091D000BA979C43032784F2BB77F702812791EF6C
:1091E0008327C4F2833504F23E85EFE0CFBEAA8721
:1091F0003E87833704F02380E7008547232CF4FC67
:1092000097970E00938787979863833704F083C7F7
:10921000070081273E8697A50200938525653A853C
:10922000EF00F03E97970E0093874795846383275E
:10923000C4F23E85EFE0EF97AA8781273E8697A587
:1092400002009385A5652685EF00703C6F00D0294C
:10925000232C04FC97170300938747B69C6383264F
:10926000C4FD032704F9359F012723A6E764971758
:1092700003009387A7B49C638326C4FD0327C4F827
:10928000359F012723A2E76497170300938707B34D
:1092900098638567BA970D4723ACE786233C04F2B1
:1092A000233004F4233404F4233804F4233C04F47A
:1092B000233004F6233404F6233804F6232C04FA6E
:1092C000232004FC59A997170300938727AF9863BD
:1092D0008567BA9723A4078897170300938707AE7B
:1092E00098638567BA9723A8078897170300938721
:1092F000E7AC98638567BA973707180023A8E78813
:1093000097170300938787AB98638567BA9723A85D
:10931000078897170300938767AA98638567BA97AA
:109320003707180023A4E78897170300938707A936
:1093300098638567BA9723A80788971703009387D0
:10934000E7A798638567BA973707180023A8E788C7
:1093500097170300938787A698638567BA9723A812
:109360000788832704FC9B9727008127F18B1B87A5
:109370000700833784F098C3833784F19843833799
:1093800004F19C43D98F1B870700833784F09C43EB
:10939000D98F1B870700971703009387A7A39C63A8
:1093A000BA8611670D07558F012798D3833784F14B
:1093B0009843833704F19C43D98F1B870700833779
:1093C00084F09C43D98F1B8707009717030093876E
:1093D00067A09C6313673700012798D3833784F114
:1093E0009843833704F19C43D98F1B870700833749
:1093F00084F09C43D98F1B8707009717030093873E
:10940000679D9C63BA8611670D07558F012798D316
:10941000BD47232AF4FC95472328F4FC232604FCAB
:10942000232404FC13054006EF804F9C232E04FAEE
:10943000232204FC4DA49717030093872798986371
:109440008567BA9723A00788971703009387079724
:1094500098638567BA973707180023A0E78897179E
:1094600003009387A79598638567BA9723A0078819
:109470001305C012EF808F97971703009387079407
:1094800098638567BA9783A7C78A81279BD7870088
:1094900081278D8B2324F4F8971703009387079275
:1094A00098638567BA9783A7C78A8127BD8B2322D4
:1094B000F4F88327C4FC812795CF832784FC812778
:1094C00095CB032744FC8327C4FCBB07F7408127C7
:1094D0003E87A14763F0E702032744FC832784FC0F
:1094E000BB07F74081273E87A14763F5E700854723
:1094F000232EF4FA832784FC812785EB832704FD40
:109500001B8707009547630DF700832744F81B87E7
:10951000070095476316F700832744FC2324F4FCD7
:10952000832744F82328F4FC15A8032744FC832749
:1095300084FCBB07F74081273E8791476310F70201
:10954000032744F8832704FD012781276308F700D8
:10955000232404FC832744F82328F4FC8327C4FC39
:10956000812795E7832744FD93C7F7FF1B870700F3
:10957000832784F8F98F812791C7832744FC23260A
:10958000F4FC91A0832784F8232AF4FC2DA8032758
:1095900044FC8327C4FCBB07F74081273E879147E3
:1095A0006313F702832744FD93C7F7FF1B87070068
:1095B000832784F8F98F812799E7232604FC8327E2
:1095C00084F8232AF4FC8327C4FC812763800710D6
:1095D000832784FC8127638B070E032744FC8327A2
:1095E000C4FC01278127630AF700032744FC832773
:1095F00084FC01278127631BF70C97870E00938754
:10960000E7579C63032784F83A8697A50200938561
:10961000E5093E85EF00A07F97870E0093870756E8
:109620009C63032744F83A8697A5020093850509B1
:109630003E85EF00C07D97870E00938727549C637B
:10964000032704FD3A8697A50200938525083E85E9
:10965000EF00E07B97870E00938747529C630327B8
:10966000C4FC3A8697A50200938545073E85EF0026
:10967000007A97870E00938767509C63032784FCCA
:109680003A8697A502009385E5063E85EF0020788F
:1096900097870E009387874E9C63032744FC3A8686
:1096A00097A50200938585063E85EF004076978753
:1096B0000E009387A74C9C63032704FC3A8697A56A
:1096C00002009385A5053E85EF006074832744FC66
:1096D00085272322F4FC8327C4FB812793B7170037
:1096E00013F7F70F832744FC9B8607009307F007C7
:1096F000B3B7D70093C7170093F7F70FF98F93F716
:10970000F70FE39A07D20327C4FC832784FB0127C2
:10971000812763F6E7008327C4FC232CF4FA832710
:10972000C4FC812795C7832784FC812795C38327A1
:1097300004FC1B8707009D4763ECE700836704FC7C
:109740008A07130704FEBA97032784FC23ACE7F6C5
:10975000832704FC85272320F4FC832704FC1B8734
:109760000700BD47E3F1E7B69307F00F232AF4FAA9
:10977000A1472328F4FA9307F00F2326F4FAA14710
:109780002324F4FA9307F00F2322F4FAA1472320AD
:10979000F4FA170703001307677D8367C4F28A078B
:1097A000BA979843832784FB812763F8E7008327D0
:1097B00084FD93E71700232CF4FC232E04F89DA8C6
:1097C0001D478327C4F9BB07F7402320F4F88367BC
:1097D00004F88A07130704FEBA9703A787F78327BD
:1097E00084FB812763E9E702836704F88A0713078C
:1097F00004FEBA9783A787F7032784FBBB07F740CC
:109800001B870700836704F88A07930604FEB69750
:1098100023ACE7F419A8836704F88A07130704FE4A
:10982000BA971307F00F23ACE7F48327C4F9852711
:10983000232EF4F88327C4F91B8707009D47E3F123
:10984000E7F8232C04F8F1A81D47832784F9BB0708
:10985000F740232EF4F68367C4F78A07130704FE44
:10986000BA9703A787F5832744FB81276372F7061E
:109870008327C4F7852781279D8B2324F4FA8367E8
:1098800084FA8A07130704FEBA9783A787F523266D
:10989000F4FA8327C4F7892781279D8B2320F4FAC4
:1098A000836704FA8A07130704FEBA9783A787F52C
:1098B0002322F4FA8327C4F72328F4FA836704FBEE
:1098C0008A07130704FEBA9783A787F5232AF4FAB9
:1098D00097870E009387872A98638367C4F78A0760
:1098E000930604FEB69783A787F53E8697A50200E8
:1098F000938545E43A85EF00805197870E00938762
:10990000E7279C630327C4F73A8697A5020093854F
:10991000E5E33E85EF00A04F832784F98527232CBC
:10992000F4F8832784F91B8707009D47E3FEE7F0DF
:10993000032784F28D47BB77F7029B860700170742
:109940000300130727648367C4F28A07BA979C430E
:1099500036876311F7048327C4FA232AF4FA83278E
:1099600084FA2328F4FA97870E00938727219463BB
:1099700017070300130707618367C4F28A07BA97C2
:109980009C433E8697A502009385C5DF3685EF0090
:10999000004865A8032784F28D47BB77F7029B86B2
:1099A0000700170703001307675F8367C4F28A077E
:1099B000BA979C4336876311F704832744FA232A16
:1099C000F4FA832704FA2328F4FA97870E00938782
:1099D000E71A9463170703001307475C8367C4F211
:1099E0008A07BA979C433E8697A50200938585DB3C
:1099F0003685EF00C04191A8032784F28D47BB77DD
:109A0000F7029B860700172703001307A7CB83677E
:109A1000C4F28A07BA979C4336876318F702978780
:109A20000E009387A715946317270300130787C9B0
:109A30008367C4F28A07BA979C433E8697A50200C3
:109A4000938545D23685EF00803C832744FB1B87F6
:109A500007009307F00F6318F700832784FD93E74F
:109A60001700232CF4FC832704FB1B870700A14766
:109A70006318F700832784FD93E74700232CF4FC49
:109A8000832784FD8127639B0722833704F083C7E4
:109A900007008127032704FBB99F81279B97270095
:109AA0008127F18B1B870700833784F098C38337A6
:109AB00084F19843833704F19C43D98F1B870700B7
:109AC000833784F09C43D98F1B87070097070300D7
:109AD000938747309C63BA8611670D07558F01271E
:109AE00098D3833784F19843833704F19C43D98F0B
:109AF0001B870700833784F09C43D98F1B8707009F
:109B0000970703009387072D9C631367370001278E
:109B100098D3833784F19843833704F19C43D98FDA
:109B20001B870700833784F09C43D98F1B8707006E
:109B3000970703009387072A9C63BA8611670D076E
:109B4000558F012798D3970703009387272798639A
:109B50008567BA9723A4078897070300938707268A
:109B600098638567BA9723A80788970703009387A8
:109B7000E72498638567BA973707180023A8E78812
:109B8000970703009387872398638567BA9723A86D
:109B90000788970703009387672298638567BA97BA
:109BA0003707180023A4E788970703009387072146
:109BB00098638567BA9723A8078897070300938758
:109BC000E71F98638567BA973707180023A8E788C7
:109BD000970703009387871E98638567BA9723A822
:109BE0000788232A04F899A0970703009387071D85
:109BF00098638567BA9723A0078897070300938720
:109C0000E71B98638567BA973707180023A0E78892
:109C1000970703009387871A98638567BA9723A0ED
:109C20000788832744F98527232AF4F8032744F972
:109C3000832744FB01278127E368F7FA970703008E
:109C40009387C71798638567BA9723A407889707F0
:109C500003009387A71698638567BA9723AC078696
:109C600097870E00938787F19C63032704FB3A864E
:109C700097A50200938505B53E85EF0040199787AB
:109C80000E009387A7EF9C63032784FB3A8697A572
:109C90000200938525B73E85EF00601797870E0079
:109CA0009387C7ED9C63032744FB3A8697A5020080
:109CB0009385C5B73E85EF0080153DA0832784FDC1
:109CC000858B812795C38327C4FD1B8707009307D6
:109CD000E00F63E1E7020327C4FD832784FBB99FFC
:109CE00081279527232EF4FC832784FD8127639108
:109CF00007D611A001000100EE704E74AE74116120
:109D00008280397122FC8000AA872326F4FCF32785
:109D100000C02334F4FE033784FE8367C4FCBA9783
:109D2000233CF4FC0100F32700C02330F4FE03378A
:109D300004FE833784FDE368F7FE0100627421614D
:109D40008280011106EC22E800102334A4FEB7271C
:109D5000002083A747081B870700B7270020136749
:109D60000702012723A2E708B727002083A7870857
:109D70001B870700B72700201377F7FD012723A4CF
:109D8000E7080D46F16793850720033584FEEF4011
:109D9000205381473E85E26042640561828079718B
:109DA00006F422F00018233CA4FCAE87A30BF4FCBD
:109DB00097A70200938787C998632330E4FE9C67C6
:109DC0002334F4FE834774FD9BD7470093F7F70FC6
:109DD0008127130704FEBA970546BE85033584FD27
:109DE000EF400058834774FD8127BD8B81271307FF
:109DF00004FE82178193BA970546BE85033584FD1C
:109E0000EF4000560100A2700274456182803971F2
:109E100006FC22F88000233CA4FC2338B4FCB28763
:109E20002326F4FC833504FD033584FDEF40806276
:109E3000232604FE25A80327C4FE8147999F9B97EC
:109E400037008127E12781273E878327C4FCBBD7C2
:109E5000E700812793F7F70FBE85033584FDEFF008
:109E60001FF48327C4FE85272326F4FE8327C4FE20
:109E70001B8707008D47E3F0E7FC0100E2704274A6
:109E800021618280397106FC22F88000233CA4FC09
:109E90002338B4FC2334C4FC833504FD033584FD2E
:109EA000EF40405B91472326F4FE1DA80327C4FE24
:109EB0008147999F9B9737008127E12781273E871C
:109EC000833784FCB3D7E70093F7F70FBE850335DC
:109ED00084FDEFF0DFEC8327C4FE85272326F4FE04
:109EE0008327C4FE1B8707009D47E3F1E7FC23247B
:109EF00004FE1DA8032784FE8147999F9B97370086
:109F00008127E12781273E87833784FCB3D7E70089
:109F100093F7F70FBE85033584FDEFF05FE88327E5
:109F200084FE85272324F4FE832784FE1B870700F5
:109F30008D47E3F1E7FC0100E27042742161828009
:109F4000011106EC22E800102334A4FE2330B4FEF5
:109F5000833504FE033584FEEF40C04F0100E2600C
:109F60004264056182801D7186ECA2E88010233C6A
:109F7000A4FAAE873687232AF4FAB287A309F4FA43
:109F8000BA872326F4FA232204FC833784FB233C7C
:109F9000F4FC833784FB2338F4FC833784FB2334BD
:109FA000F4FC834734FB8127BE8613070004636CEF
:109FB000D7061397270097A702009387A7E6BA97BB
:109FC0009C431B87070097A702009387A7E5BA97D2
:109FD0008287233004FE99A885472330F4FEB9A078
:109FE00085472330F4FE833704FE93C7F7FF233001
:109FF000F4FE2DA8EF80B208AA872330F4FE3DA01E
:10A0000097A70200938707E19C632330F4FE39A8E9
:10A0100097A70200938787E09C632330F4FE39A062
:10A02000233004FE21A0233004FE0100232604FE79
:10A030005DAA8327C4FA1B87070085476302F704DC
:10A040008327C4FA812789CB8327C4FA1B8707009B
:10A050008947630DF704BDA8833704FE93F7F70F14
:10A060002330F4FE833704FE13F7F70F833784FCA5
:10A070002380E700833784FC85072334F4FCB5A0F4
:10A08000033704FEC167FD17F98F2330F4FE8337D1
:10A0900004FE139707034193833704FD2390E700E1
:10A0A000833704FD89072338F4FC81A0033704FEBD
:10A0B000FD578193F98F2330F4FE833704FE1B870D
:10A0C0000700833784FD98C3833784FD9107233CC1
:10A0D000F4FC21A8833784FB033704FE98E383371D
:10A0E00084FBA107233CF4FA01000327C4FEB70751
:10A0F0000001FD17F98F812791EF97870E00938755
:10A10000E7A79C63054697A50200938525973E85A2
:10A11000EF400025834734FB8127BE8613070004E8
:10A12000636DD70A1397270097A702009387C7DFAD
:10A13000BA979C431B87070097A702009387C7DE47
:10A14000BA978287833704FE85072330F4FE79A00F
:10A15000033704FE8547FE076316F7008547233063
:10A16000F4FEADA8833704FE86072330F4FEBDA0BD
:10A17000833704FE93C7F7FF2330F4FE033704FE52
:10A180008547FE076316F70085472330F4FE31A0AC
:10A19000833704FE86072330F4FE833704FE93C71B
:10A1A000F7FF2330F4FE1DA8EF80626DAA872330ED
:10A1B000F4FE2DA097A702009387C7C59C632330A8
:10A1C000F4FE29A897A70200938747C59C63233014
:10A1D000F4FE29A0233004FE11A001008327C4FE51
:10A1E00085272326F4FE0327C4FE832744FB01278B
:10A1F0008127E360F7E4832744FC3E85E6604664FC
:10A2000025618280197186FCA2F80001233CA4F824
:10A21000AE873687232AF4F8B287A309F4F8BA8701
:10A220002326F4F8232E04FC833784F9233CF4FA24
:10A23000833784F92338F4FC833784F92334F4FC1E
:10A24000833784F92330F4FC834734F98127BE86B1
:10A25000130700046369D70A1397270097A7020022
:10A260009387C7DCBA979C431B87070097A7020018
:10A270009387C7DBBA978287233004FE41A88547BE
:10A280002330F4FE61A085472330F4FE833704FEBB
:10A2900093C7F7FF2330F4FE95A8EF80425EAA87AC
:10A2A0002330F4FE833784F9033704FE98E38337C1
:10A2B00004FE13F7F70F833704FD2380E70083378D
:10A2C00004FE139707034193833784FC2390E70030
:10A2D000833704FE1B870700833704FC98C33DA027
:10A2E00097A70200938707B39C632330F4FE39A835
:10A2F00097A70200938787B29C632330F4FE39A0AE
:10A30000233004FE21A0233004FE0100834734F9EA
:10A3100013F7F70F930740036316F7001305C012F6
:10A32000EFF03F9E232604FEA9AC8327C4F81B87C9
:10A3300007008547630BF7028327C4F8812789CB81
:10A340008327C4F81B8707008947630EF70299A883
:10A35000833704FE93F7F70F2330F4FE833704FDB1
:10A3600083C707002330F4FA81A8033704FEC167CE
:10A37000FD17F98F2330F4FE833784FC83D7070061
:10A380002330F4FA15A8033704FEFD578193F98FA3
:10A390002330F4FE833704FC9C43821781932330DF
:10A3A000F4FA19A8833784F92338F4FA833704FBC5
:10A3B0009C632330F4FA01000327C4FEB7070001B1
:10A3C000FD17F98F812791EF97770E009387077B11
:10A3D0009C630546979502009385C56A3E85EF30DC
:10A3E0003078833704FA033704FE6307F7008327C6
:10A3F000C4FD8527232EF4FC833784F9A107233C71
:10A40000F4F8833704FD85072338F4FC833784FC94
:10A4100089072334F4FC833704FC91072330F4FCD0
:10A42000834734F98127BE86130700046365D71478
:10A430001397270097A70200938787CFBA979C436B
:10A440001B87070097A70200938787CEBA9782875A
:10A45000833704FE85072330F4FE39AA033704FE50
:10A460008547FE076316F70085472330F4FE29A2CF
:10A47000833704FE86072330F4FEFDA8833704FEED
:10A4800093C7F7FF2330F4FE033704FE8547FE072A
:10A490006316F70085472330F4FE31A0833704FEAE
:10A4A00086072330F4FE833704FE93C7F7FF23307B
:10A4B000F4FED9A0EF80A23CAA872330F4FEEF80FF
:10A4C000023CAA8781273E87B7071000F117F98F52
:10A4D0002326F4FA8367C4FA8E07033784FBBA97FE
:10A4E000233CF4F88367C4FA8E07033784FBBA97DA
:10A4F0002338F4FC8367C4FA8E07033784FBBA97CA
:10A500002334F4FC8367C4FA8E07033784FBBA97BD
:10A510002330F4FC833784F9033704FE98E3833750
:10A5200004FE13F7F70F833704FD2380E70083371A
:10A5300004FE139707034193833784FC2390E700BD
:10A54000833704FE1B870700833704FC98C32DA0C4
:10A5500097A702009387078C9C632330F4FE29A8F9
:10A5600097A702009387878B9C632330F4FE29A072
:10A57000233004FE11A001008327C4FE8527232673
:10A58000F4FE0327C4FE832744F901278127E36EE5
:10A59000F7D88327C4FD3E85E67046740961828042
:10A5A000797106F422F00018233CA4FCAE873287B0
:10A5B000232AF4FCBA872328F4FC232604FE232450
:10A5C00004FE11A2232204FEF1A8832744FE0547BE
:10A5D000BB17F7008127A301F4FE834734FE1B87D6
:10A5E0000700832704FDF98F8127C5CB97770E00DD
:10A5F0009387C7589C63032744FE3A8697950200C9
:10A600009385C5483E85EFF09F80034734FE83273E
:10A6100044FD8D463A86BE85033584FDEFF0BF9438
:10A62000AA8781270327C4FEB99F2326F4FE034788
:10A6300034FE832744FD8D463A86BE85033584FD6E
:10A64000EFF05FBCAA8781270327C4FEB99F2326AA
:10A65000F4FE034734FE832744FD89463A86BE85CF
:10A66000033584FDEFF03F90AA8781270327C4FEBE
:10A67000B99F2326F4FE034734FE832744FD894611
:10A680003A86BE85033584FDEFF0DFB7AA878127C0
:10A690000327C4FEB99F2326F4FE832744FE8527A3
:10A6A0002322F4FE832744FE1B8707009947E3FE1D
:10A6B000E7F0833784FDA107233CF4FC832784FE65
:10A6C00085272324F4FE832784FE8127E38C07EE6D
:10A6D0008327C4FE3E85A2700274456182805D714D
:10A6E00086E4A2E08008233CA4FA232604FE23206B
:10A6F00004FE232E04FC232C04FC232A04FC232820
:10A7000004FC232604FC97F702009387276B9863C9
:10A710008567BA9783A7478181273E869795020070
:10A720009385C53A033584FBEFF06FEE97F702008F
:10A730009387C7689C6383A7C720812793F7F70790
:10A7400081273E86979502009385C539033584FBA2
:10A75000EFF0EFEB97F70200938747669C6383A7C0
:10A76000C72081279BD77700812793F7F707812799
:10A770003E86979502009385E537033584FBEFF01D
:10A780000FE997F702009387676398638567BA9725
:10A7900083A7C78B81273E869795020093858531D5
:10A7A000033584FBEFF0AFE697F70200938707616C
:10A7B0009C6383A78721812793F7F70381273E8630
:10A7C0009795020093850534033584FBEFF02FE461
:10A7D00097F702009387875E9C6383A78721812771
:10A7E0009BD7670081273E878567FD17F98F8127F3
:10A7F0003E869795020093856532033584FBEFF022
:10A800000FE197F702009387675B9C6383A787211B
:10A8100081279BD72701812793F7F70381273E865E
:10A820009795020093850531033584FBEFF02FDE09
:10A8300097F70200938787589C6383A78721812716
:10A840009BD78701812793F7F70381273E8697954A
:10A8500002009385A52F033584FBEFF04FDB232205
:10A8600004FE4DA997F702009387475598638567C3
:10A87000BA97032744FE23A2E780832744FE3E863F
:10A88000979502009385052E033584FBEFF02FD8B2
:10A89000979502009385852E033584FBEF30903B1E
:10A8A000232404FE7DA497F7020093872751986321
:10A8B0008567BA97032784FE23A4E78097F70200F1
:10A8C0009387C74F98638567BA9783A78780812747
:10A8D0003E86979502009385E532033584FBEFF0C1
:10A8E0000FD39D6713850753EFF0AFC197F70200B1
:10A8F0009387C74C98638567BA9783A7C78123243A
:10A90000F4FC832784FC3E869795020093850530EE
:10A91000033584FBEFF0AFCF0327C4FE832784FC0D
:10A92000D98F2326F4FE97F702009387274998636F
:10A930008567BA9783A747822324F4FC832784FC86
:10A940003E86979502009385652C033584FBEFF0D6
:10A950000FCC832784FC93F7F70F812781E7854786
:10A960002326F4FE032784FCC167938707F0F98F41
:10A97000812781E785472326F4FE032784FCB70758
:10A98000FF00F98F812781E785472326F4FE0327FF
:10A9900084FCB70700FFF98F812781E785472326CD
:10A9A000F4FE97F702009387674198638567BA972B
:10A9B00083A7878281273E86979502009385052588
:10A9C000033584FBEFF0AFC497F702009387073F8E
:10A9D00098638567BA9783A7C78281273E86979534
:10A9E00002009385A522033584FBEFF04FC297F751
:10A9F00002009387A73C98638567BA9783A707836C
:10AA000081273E869795020093854520033584FB78
:10AA1000EFF0EFBF97F702009387473A9863856797
:10AA2000BA9783A7478381273E869795020093852F
:10AA3000E51D033584FBEFF08FBD832784FC1B8766
:10AA40000700A147B307F740B337F00093F7F70FBC
:10AA50001B8707008327C4FED98F2326F4FE97F7B0
:10AA600002009387A73598638567BA9783A7C78342
:10AA700081273E86979502009385C519033584FB8F
:10AA8000EFF0EFB897F70200938747339863856735
:10AA9000BA9783A7078481273E86979502009385FE
:10AAA000E516033584FBEFF08FB6832784FC93F71C
:10AAB000F70F2320F4FE832784FC9BD78700812790
:10AAC00093F7F70F232EF4FC832784FC9BD7070111
:10AAD000812793F7F70F232CF4FC832784FC9BD763
:10AAE0008701232AF4FC97F702009387272D9863A8
:10AAF0008567BA9783A7478481273E86979502008A
:10AB00009385C510033584FBEFF06FB0832784FC79
:10AB100093F7F70F2328F4FC832784FC9BD7870047
:10AB2000812793F7F70F2326F4FC832784FC9BD718
:10AB30000701812793F7F70F232CF4FC832784FC6C
:10AB40009BD78701232AF4FC832784FE85272324AF
:10AB5000F4FE832784FE1B8707008547E3F5E7D4CF
:10AB6000979502009385850B033584FBEF30900E9B
:10AB7000232404FE61A297F7020093872724986399
:10AB80008567BA97032784FE23A4E78097F702001E
:10AB90009387C72298638567BA9783A787808127A1
:10ABA0003E86979502009385E505033584FBEFF01B
:10ABB0000FA69D6713850753EFF0AF94832704FE1C
:10ABC0001B870700D14763F5E70085472326F4FE7E
:10ABD0008327C4FD1B870700D14763F5E70085473E
:10ABE0002326F4FE832784FD1B870700D14763F5E6
:10ABF000E70085472326F4FE832744FD1B870700D3
:10AC0000D14763F5E70085472326F4FE832704FD3B
:10AC10001B870700D14763F5E70085472326F4FE2D
:10AC20008327C4FC1B870700D14763F5E7008547EE
:10AC30002326F4FE97F702009387471898638567E9
:10AC4000BA9783A7078581273E869795020093854B
:10AC5000E5FB033584FBEFF08F9B97F702009387AA
:10AC6000E71598638567BA9783A7478681273E864D
:10AC700097950200938585F9033584FBEFF02F99B2
:10AC800097F702009387871398638567BA9783A71E
:10AC9000878681273E8697950200938525F70335A1
:10ACA00084FBEFF0CF9697F7020093872711986304
:10ACB0008567BA9783A7C78681273E869795020046
:10ACC0009385C5F4033584FBEFF06F9497F702008A
:10ACD0009387C70E98638567BA9783A7C784812730
:10ACE0003E8697950200938565F2033584FBEFF06D
:10ACF0000F92832784FE85272324F4FE832784FE76
:10AD00001B8707008547E3F8E7E6832744FE85278E
:10AD10002322F4FE832744FE8127E38507B483279B
:10AD2000C4FE3E85A6600664616182805D7186E432
:10AD3000A2E08008233CA4FA232604FE833784FB88
:10AD40009C632338F4FC833784FB9C4B812789EF79
:10AD500097970200938707502330F4FE8567938707
:10AD600007C0232EF4FC19A897A702009387870E2B
:10AD70002330F4FE93070010232EF4FC833784FB6A
:10AD800083C7470193F7F70F81270327C4FDBB074C
:10AD9000F7402326F4FC97770E00938727DE9C6309
:10ADA00097950200938505EE3E85EFF06F999777B2
:10ADB0000E009387A7DC9863833784FB9C673E86ED
:10ADC00097950200938505EE3A85EFF0AF8B977764
:10ADD0000E009387A7DA9863833784FB83C7470104
:10ADE00093F7F70F81273E8697950200938505ED2F
:10ADF0003A85EFF0CF81EDA8833704FD9D8B1D4789
:10AE00006366F70A13972700979702009387874294
:10AE1000BA979C431B870700979702009387874147
:10AE2000BA97828737050003EF502FF7833704FD69
:10AE3000033704FE0366C4FCB7060003BA853E85EB
:10AE4000EF500FF2A5A037150003EF500FF5833731
:10AE500004FD033704FE0366C4FCB7160003BA857D
:10AE60003E85EF50EFEF99A037250003EF50EFF24A
:10AE7000833704FD033704FE0366C4FCB7260003D2
:10AE8000BA853E85EF50CFED15A037350003EF5062
:10AE9000CFF0833704FD033704FE0366C4FCB736E6
:10AEA0000003BA853E85EF50AFEB01008367C4FC19
:10AEB000033704FDBA972338F4FC8327C4FE8527A3
:10AEC0002326F4FE8327C4FE1B8707009307803EDA
:10AED00063D0E702232604FE97770E00938707CA04
:10AEE0009C63979502009385E5DE3E85EFF04F85E4
:10AEF0000367C4FC833704FD3E97833784FB946368
:10AF0000833784FB9C67B697E368F7EE97770E006C
:10AF10009387C7C69C6397950200938525DC3E8581
:10AF2000EFF00F8237050003EF502FE737150003CE
:10AF3000EF50AFE637250003EF502FE6373500031B
:10AF4000EF50AFE50100A66006646161828079710F
:10AF500006F422F000182334A4FE2330B4FE233C70
:10AF6000C4FC9707030093876777033784FEB7060F
:10AF70000003033684FDBA853E85EF506FDE9717D8
:10AF8000030093872735033704FEB7160003033603
:10AF900084FDBA853E85EF50AFDC37050003EF50E6
:10AFA000CFDF37150003EF504FDF0100A2700274AE
:10AFB000456182805D7186E4A2E08008AA8723381B
:10AFC000B4FA232EF4FA8567938747BF2326F4FC4F
:10AFD0008547FE072334F4FE95478A172330F4FE95
:10AFE000232C04FC232A04FC232804FC232404FC33
:10AFF00097770E00938787B89C6397950200938597
:10B0000065D03E85EFE0DFF3D5A4232204FC8367FF
:10B01000C4FC3E86833504FE033584FEEFF03FF327
:10B020008367C4FC3E86971503009385A52A170500
:10B0300003001305A56AEF708224AA872322F4FC7B
:10B04000832744FC812763860716232E04FC89A2EC
:10B0500017070300130787688367C4FD8A07BA9739
:10B060009443171703001307E7268367C4FD8A0775
:10B07000BA979C4336876308F71097770E0093873B
:10B08000E7AF9C63033784FE3A8697950200938569
:10B09000E5C83E85EFE01FDF97770E00938707AE88
:10B0A0009C630327C4FD3A8697950200938505C8E3
:10B0B0003E85EFE0DFD597770E00938727AC94634A
:10B0C0008367C4FD8A07033784FEBA973E86979547
:10B0D00002009385A5C63685EFE0DFDA97770E008C
:10B0E0009387C7A99463171703001307A71E8367E5
:10B0F000C4FD8A07BA979C433E86979502009385C4
:10B10000E5C43685EFE0BFD097770E00938707A799
:10B110009463170703001307675C8367C4FD8A07FE
:10B12000BA979C433E8697950200938525C4368541
:10B13000EFE0FFCD97770E00938747A49463836772
:10B14000C4FD8A07033784FEBA979C433E869795D1
:10B150000200938525C33685EFE07FCB97770E00FD
:10B160009387C7A194638367C4FD8A07033704FEEE
:10B17000BA979C433E86979502009385A5C2368573
:10B18000EFE0FFC80DA08327C4FD8527232EF4FC24
:10B190008327C4FC9BD727001B8707008327C4FD98
:10B1A0008127E3E7E7EA85472324F4FC832784FC2F
:10B1B00081AA8327C4FC9B97170081271397070256
:10B1C0000193833784FE3E97833704FB946785475A
:10B1D000FE07B697637DF7028327C4FC9BD7270041
:10B1E0008127821781938A07033784FEBA97233415
:10B1F000F4FE8327C4FC9BD7270081278217819305
:10B200008A07033704FEBA972330F4FE2DA885473A
:10B21000FE072334F4FE95478A172330F4FE832774
:10B2200004FD85272328F4FC97770E009387079564
:10B230009C63032704FD3A8697950200938585B8A1
:10B240003E85EFE0DFBC832784FD8527232CF4FCBB
:10B25000832784FD1B87070089679387077163F73E
:10B26000E708232C04FC97770E00938727919C63B3
:10B2700097950200938505B63E85EFE07FCC9777E2
:10B280000E009387A78F946317F70200130787D2E6
:10B29000836744FD8E07BA979C63BE853685EFE0D1
:10B2A0003FCA832744FD8527232AF4FC832744FDD6
:10B2B0001B870700894763F4E700232A04FC97777C
:10B2C0000E009387278C986389476311F70297775D
:10B2D0000E009387A78A9C6397950200938505B01B
:10B2E0003E85EFE0FFC5832784FC19A8032704FDF2
:10B2F0008327C4FB01278127E369F7D0832784FCD8
:10B300003E85A660066461618280011106EC22E838
:10B310000010A30704FEEF00E001AA87A307F4FED4
:10B320000145EF0000078347F4FE3E85E26042647A
:10B3300005618280411106E422E00008714697F51C
:10B3400002009385A5C8B727002013850720EF507A
:10B35000EFA9714697F50200938545C9B7270020EC
:10B3600013854723EF508FA81306000397F50200BB
:10B370009385C5C9B727002013854725EF500FA730
:10B380000145EF00000181473E85A2600264410152
:10B390008280011122EC0010AA872326F4FE832765
:10B3A000C4FE1B87070085476309F70297F7020071
:10B3B0009387C7A19C63371708001307779023A2D0
:10B3C000E71C97F70200938767A09C633717040078
:10B3D0001307D7A023A4E71C11A001000100626499
:10B3E00005618280011122EC0010AA872326F4FE59
:10B3F000B72700200327C4FEF8CB01006264056173
:10B400008280397122FC8000AA872326F4FCF3276E
:10B4100000C02334F4FE033784FE8367C4FCBA976C
:10B42000233CF4FC0100F32700C02330F4FE033773
:10B4300004FE833784FDE368F7FE01006274216136
:10B440008280011106EC22E80010A30704FEEF0041
:10B45000801CB707083737A708001307070898C7E5
:10B46000B7270020054723ACE708B7770020372728
:10B470003F00130707F098C7377700208567BA9712
:10B480001307F04723AEE7C0EFF03FE8AA873E87F7
:10B490008347F4FED98FA307F4FEB7370020056772
:10B4A000130707F023AEE71A1305C012EFF07FF57C
:10B4B000B737002005671307078023AEE71A130587
:10B4C000C012EFF01FF4B737002009671307078099
:10B4D00023AEE71A1305C012EFF0BFF2B737002012
:10B4E00011671307078023AEE71AEF006058EF00DB
:10B4F00060228347F4FE3E85E260426405618280FB
:10B50000797106F422F00018A30704FE97670E0075
:10B510009387C7669C6391EB97670E0093870766D6
:10B5200017770E001307878498E397670E009387B9
:10B53000E7649C633E85EFE0DF800145EF600F8F9D
:10B54000AA87232EF4FCF32700C02338F4FC03372A
:10B5500004FDB787930393870770BA972330F4FEEF
:10B5600031A80545EF608F8CAA87232EF4FC833524
:10B5700004FE0145EF0060032330A4FE8327C4FDD1
:10B58000858B8127F9DF8327C4FD898B812799C7A4
:10B590008347F4FE93E74700A307F4FE8347F4FED6
:10B5A0003E85A270027445618280797106F422F0B2
:10B5B0000018AA872338B4FC232EF4FCF32700C01C
:10B5C0002334F4FE033784FE833704FD6367F702F8
:10B5D0008327C4FD812781E7EF00000311A001004C
:10B5E000F32700C02330F4FE033704FEB78793032C
:10B5F00093870770BA972338F4FC833704FD3E85A0
:10B60000A270027445618280411122E400080100A9
:10B61000226441018280411122E40008B727002002
:10B62000DC471B870700B7270020BA8641777D17C4
:10B63000758F0127D8C7B72700201307D007D8C7B1
:10B64000B7270020DC471B870700B7270020BA86F2
:10B650004167558F0127D8C70100226441018280CC
:10B66000011122EC0010B727003E1307501598C7B0
:10B67000B707203E0D67130707C398CBB727003ED7
:10B6800013078020D8C3B727003E23AA0700B72797
:10B69000003E23AC0700B727003E23AE0700232659
:10B6A00004FE01A88327C4FE81278527812723263E
:10B6B000F4FE8327C4FE81273E879307700CE3F3D3
:10B6C000E7FE0100626405618280011122EC001036
:10B6D000AA87A307F4FE8347F4FE81273E878547A8
:10B6E0006301F702B707203E154798C7B707203E0A
:10B6F0000D67130707C398CBB707203E1547D8C37C
:10B7000031A0B707203E054798C3010001006264DD
:10B7100005618280011106EC22E80010EF401FD184
:10B72000B707013E0D4798C3B717003E0D4798C3B2
:10B73000B717003E370700015907D8C3B717003EB7
:10B740001307005098C7B717003E370700011307CB
:10B75000071098CBB717003E3707000113070730D3
:10B76000D8CBB717003E05671307070298CFB71766
:10B77000003E23A60700B717003E23A20702B71713
:10B78000003E23A40702B717003E13070006D8D7D0
:10B79000B717003E054798DBB717003E11670D0746
:10B7A00098D3EFF0FFEBB717003E370700015D07B6
:10B7B000D8C3B7070001FD172326F4FE25A0832771
:10B7C000C4FE812789CB8327C4FE8127FD378127CB
:10B7D0002326F4FE01A8B7070001FD172326F4FE77
:10B7E000EF00A002B717003EDC4381273E87B70772
:10B7F0000002F98F8127E1D79760FFF8E78080404A
:10B800000100E260426405618280411122E4000887
:10B8100002900100226441018280011122EC00109B
:10B82000AA872326F4FE8327C4FE1B8707008547CB
:10B830006308F708B707013E0D4798C3B707013EF5
:10B84000370700011307E703D8C3B707013E130703
:10B85000005098C7B707013E3707000213070710CB
:10B8600098CBB707013E3707000113070710D8CB65
:10B87000B707013E05671307070298CFB707013ED8
:10B8800023A60700B707013E23A20702B707013E20
:10B8900023A40702B707013E13070008D8D7B7074C
:10B8A000013E054798DBB707013E11670D0798D3A6
:10B8B000B707013E370700011307F703D8C361A894
:10B8C00097E702009387874F9C63370700011307B0
:10B8D000F70323A2E70897E702009387274E9C63AC
:10B8E0001307005023A4E70897E702009387074D4A
:10B8F0009C63370700021307071023A8E70897E7A0
:10B9000002009387A74B9C633707000113070710BA
:10B9100023AAE70897E702009387474A9C630567D5
:10B920001307070223ACE70897E70200938707494C
:10B930009C6315670D0723A0E70A97E7020093872A
:10B94000E7479C631307000823A6E70AB707013EF1
:10B950000D4798C3010001006264056182800111F6
:10B9600022EC00108547A307F4FEB707013EDC4335
:10B9700081273E87B7070002F98F81273E87B707E7
:10B9800000026314F700A30704FE8347F4FE3E851C
:10B99000626405618280411122E40008B707013E1C
:10B9A000DC431B870700B707013E799B0127D8C3FB
:10B9B0000100226441018280011122EC0010AA875B
:10B9C000A307F4FE8347F4FE81273E87854763087B
:10B9D000F708B707083E0D4798C3B707083E370773
:10B9E00000011307E703D8C3B707083E1307001089
:10B9F00098C7B707083E370700011307071098CB11
:10BA0000B707083E3707000113070710D8CBB70761
:10BA1000083E05671307070298CFB707083E23A61D
:10BA20000700B707083E23A20702B707083E23A472
:10BA30000702B707083E5147D8D7B707083E054762
:10BA400098DBB707083E1D671307374498D3B7073D
:10BA5000083E370700011307F703D8C331A0B70723
:10BA6000083E054798C301000100626405618280B9
:10BA7000411106E422E000080100EF006001AA87FE
:10BA80008127E5FF81473E85A260026441018280F3
:10BA9000411106E422E0000897070300938787A678
:10BAA0009C43BE8639476369D74E13972700979703
:10BAB00002009387274ABA979C431B8707009797F2
:10BAC000020093872749BA97828797E702009387F6
:10BAD000A73E054798C397E702009387272E9863F0
:10BAE0008567BA971307101023A0E7C097E70200F5
:10BAF0009387C72C98638567BA97054723A0E7C04B
:10BB0000EF00C04AB707403E054798C397070300B8
:10BB10009387479F054798C341A1970703009387E1
:10BB2000A79E9C4385271B870700970703009387E1
:10BB3000A79D98C397E70200938747289863856776
:10BB4000BA9783A707C2812793F707048127638ADF
:10BB50000742970703009387279B23A007009707B7
:10BB600003009387279A094798C321A997070300E1
:10BB7000938787999C4385271B87070097070300B6
:10BB80009387879898C3970703009387E7979C4309
:10BB90003E87B94763F9E73E970703009387C79647
:10BBA00023A00700970703009387C7950D4798C305
:10BBB000D9AE97E70200938767219C6323A0071003
:10BBC000B707103E054798C3B7075036054798C3D7
:10BBD000B7075136054798C397E702009387071EBA
:10BBE00098638567BA971307F04723AEE7C097E7D6
:10BBF00002009387A71C98638567BA971307F0071D
:10BC000023AEE7C097E702009387471D9C63054773
:10BC100098C397E702009387671C9C6323A00700E3
:10BC2000970703009387078E114798C3B5A697E738
:10BC300002009387A71898638567BA9783A707C2FE
:10BC400081273E879167F98F81273E879167631E21
:10BC5000F732970703009387E78A154798C335A6FD
:10BC600097E702009387871598638567BA9783A73C
:10BC700007C21B87070097E7020093872714946386
:10BC8000B7070040D98F1B8707008567B69723A0A9
:10BC9000E7C297E70200938767149C63DC431B8726
:10BCA000070097E70200938767139C63BA861167C2
:10BCB000558F0127D8C3970703009387A784194797
:10BCC00098C3D9AC0545EFF05FA00545EFF0DFCE96
:10BCD000970703009387478323A007009707030074
:10BCE000938747821D4798C345AC97E70200938727
:10BCF000E70C98638567BA9783A787C0812793F776
:10BD0000070881276385072897F702009387877FB5
:10BD1000214798C3ADAC97E702009387270A986341
:10BD20008567BA9783A747C181273E87B7078000F9
:10BD3000F98F8127638F072497F702009387877C09
:10BD4000254798C3B9A4014681454145EF10902B82
:10BD5000014681454145EF10F02AB70711209107B0
:10BD6000DC431B870700B70711209107BA860567D8
:10BD7000130707C0558F0127D8C3B7271120910794
:10BD8000DC431B870700B72711209107BA86056798
:10BD9000130707C0558F0127D8C397F70200938771
:10BDA0006776294798C3CDAA97E7020093870701D2
:10BDB00098638567BA9783A747C181279BD70701F7
:10BDC000812793F7F7071B87070097F702009387F0
:10BDD000277398C397E70200938747FE98638567A8
:10BDE000BA9783A787C28127812763DD070097F76A
:10BDF00002009387A770054798C39D451945EF003A
:10BE0000A03D3DA897F702009387876F9C433E872C
:10BE1000B14763EDE70097F702009387276E094764
:10BE200098C395451945EF00203B19A897F70200E4
:10BE30009387C76C0D4798C399451D45EF00C039DE
:10BE400097F702009387076C2D4798C3B1A297E735
:10BE500002009387A7F698638567BA971967130757
:10BE6000F70723AEE7C097E70200938727F59863AB
:10BE70008567BA971307F00723AEE7C097F702006C
:10BE80009387C7679C433E878547631FF70097F7F3
:10BE900002009387676723A0070097F70200938744
:10BEA0006766314798C3CDA897F7020093878765E7
:10BEB000394798C3D5A097F702009387E7649C435E
:10BEC00085271B87070097F702009387E76398C3CE
:10BED00097F70200938747639C433E878567F9176E
:10BEE00063FBE70A97F702009387076223A0070026
:10BEF00097F7020093870761354798C369A897E7CA
:10BF000002009387A7EB98638567BA9783A787C2D8
:10BF100081278217819313F7F7039307000463F9CE
:10BF2000E70097F702009387E75D394798C3ADA014
:10BF300099451D45EF00402A97E70200938707E8DF
:10BF400098638567BA9719671307F70723AEE7C0A9
:10BF500097E70200938787E698638567BA97130788
:10BF6000F00723AEE7C097F702009387A759394738
:10BF700098C31DA097E70200938707F423A007004A
:10BF800021A8010011A8010001A8010031A00100B1
:10BF900021A0010011A0010097E702009387C7F1DB
:10BFA0009C433E85A260026441018280411122E4EB
:10BFB000000897E70200938767E098638567BA9760
:10BFC00037F780081307F72323A2E7C097E702009B
:10BFD0009387C7DE98638567BA973777F03713077B
:10BFE000077723A6E7C097E70200938727DD9863CA
:10BFF0008567BA973707FE00090723A8E7C097E7C8
:10C0000002009387A7DB98638567BA9709671307D0
:10C01000870C23AAE7C097E70200938727DA986383
:10C020008567BA97375700F01307C70C23ACE7C0F2
:10C0300097E70200938787D898638567BA97370791
:10C0400000FF23A2E7C297E70200938727D79863F0
:10C050008567BA97370714801307171023A4E7C022
:10C060000100226441018280011122EC001023268C
:10C0700004FE01A88327C4FE812785278127232664
:10C08000F4FE97E70200938767D39C6383A787201A
:10C090008127C18B8127F9DF232604FE01A883278E
:10C0A000C4FE8127852781272326F4FE8327C4FE2B
:10C0B00081273E87B947E3F4E7FE97E702009387BD
:10C0C000E7CF9C63194723AEE72097E702009387E9
:10C0D00067D19C63054798C397E70200938787D091
:10C0E0009C6323A00700232604FE01A88327C4FE27
:10C0F0008127852781272326F4FE97E7020093876F
:10C1000067CE9C639C478127918B8127E5D301A84B
:10C110008327C4FE8127852781272326F4FE97E7FE
:10C1200002009387A7C99C6383A787208127918BEF
:10C130008127F9DF97E70200938747C89C6383A7AD
:10C1400047201B87070097E70200938727C79C6358
:10C15000BA8671777D17758F012723A2E72097E7AD
:10C160000200938727C89C63DC431B87070097E77F
:10C170000200938727C79C63BA8671777D17758FF6
:10C180000127D8C397E70200938747C39C6383A71F
:10C1900047201B87070097E70200938727C29C630D
:10C1A000BA861167558F012723A2E72097E702007F
:10C1B000938747C39C63DC431B87070097E7020014
:10C1C000938747C29C63BA861167558F0127D8C3EE
:10C1D0000100626405618280797122F40018AA87E7
:10C1E0002E87A30FF4FCBA87230FF4FC8347F4FDDA
:10C1F00081279B97A70181272326F4FE8347F4FD1F
:10C2000081279B97D70181271B8707008327C4FEBF
:10C21000D98F2326F4FE97E70200938727BA946309
:10C220000327C4FEB7070003D98F1B870700856764
:10C23000B69723A2E7C28347E4FD81279B97570166
:10C2400081272324F4FE97E70200938727B794639E
:10C25000032784FEB77710B793870777D98F1B879B
:10C2600007008567B69723A6E7C097E70200938784
:10C27000E7B49463032784FEB7071E808907D98F2C
:10C280001B8707008567B69723A8E7C001002274C3
:10C2900045618280011122EC0010A30704FE55A81D
:10C2A0008347F4FE1B870700B70670018347F4FE3F
:10C2B0008127179602001306E6CD0E073297186302
:10C2C000B207B69798EB8347F4FE1B870700B706C3
:10C2D00070018347F4FE812717960200130606CEED
:10C2E0000E0732971863B207B69798EF8347F4FEAC
:10C2F0001B870700B70670018347F4FE8127179656
:10C300000200130626CE0E0732971863B207B697BF
:10C3100098F7370770018347F4FE8127B207BA9771
:10C3200023B00700370770018347F4FE8127B20767
:10C33000BA9723B00702370770018347F4FE8127BD
:10C34000B207BA9723B407008347F4FE8527A307F3
:10C35000F4FE8347F4FE13F7F70F9147E3F2E7F497
:10C3600081473E85626405618280411122E40008B4
:10C370000100226441018280797122F40018F327C0
:10C3800040F12334F4FE833784FE2330F4FE370774
:10C390000002833704FE8A07BA9723A007003707F5
:10C3A0000002833704FE8A07BA979C438127232E15
:10C3B000F4FC8327C4FD01002274456182805D7115
:10C3C00086E4A2E0800897970200938727C49863C9
:10C3D0002330E4FC98672334E4FC9C4B2328F4FCD2
:10C3E0008547232EF4FAF32740F12334F4FE8337F4
:10C3F00084FE2330F4FE833704FE8A07130704FF0C
:10C40000BA9703A707FD9307803EBB07F702812772
:10C4100013970702019397160300938626AB833781
:10C4200004FE8E07B69798E317170300130707AAB1
:10C43000833704FE8E07BA979C63B1C737070002A3
:10C44000B167BA9703B787FF97160300938606A8CC
:10C45000833704FE8E07B6979C63B70600023E97AB
:10C46000033604FE856793870780B2978E07B697D9
:10C4700098E393070008F3A74730233CF4FCEF1040
:10C480004070232E04FA8327C4FB81273E85A660D3
:10C49000066461618280397106FC22F88000F3270E
:10C4A00040F12334F4FE833784FE2334F4FC9307F5
:10C4B0000008F3B747302330F4FE833784FC11477C
:10C4C0006368F7041397270097970200938747B58F
:10C4D000BA979C431B87070097970200938747B43E
:10C4E000BA978287EF20D21405A8EF0040112DA043
:10C4F000EF00C01115A0EF00401239A8EF00C012E4
:10C5000021A8832744FC8127852781272322F4FC47
:10C51000833784FCFDF7010037070002B167BA9743
:10C5200003B787FF833784FC971603009386069A28
:10C530008E07B6979C63B7060002732640F1233C32
:10C54000C4FC033684FD3E97856793870780B297C6
:10C550008E07B69798E393070008F3A74730233870
:10C56000F4FC0100E270427421618280797106F46A
:10C5700022F00018F32740F12334F4FE833784FEC1
:10C580002330F4FE833704FE11476368F7041397E2
:10C590002700979702009387E7A9BA979C431B87C8
:10C5A0000700979702009387E7A8BA978287EF0062
:10C5B000200405A8EF2022032DA0EF10126815A07B
:10C5C000EF10F24C39A8EF10D23121A88327C4FD17
:10C5D000812785278127232EF4FC833704FEFDF76E
:10C5E0000100EFF07FD90100A270027445618280E2
:10C5F000411122E4000801002264410182804111BE
:10C6000022E400080100226441018280411122E4F9
:10C6100000080100226441018280411122E40008E7
:10C620000100226441018280411122E400080100DE
:10C63000226441018280411122E4000881473E8545
:10C64000226441018280411122E4000881473E8535
:10C65000226441018280411122E4000881473E8525
:10C66000226441018280411122E4000881473E8515
:10C67000226441018280411122E4000881473E8505
:10C68000226441018280411122E4000881473E85F5
:10C69000226441018280411122E4000881473E85E5
:10C6A000226441018280411122E4000881473E85D5
:10C6B000226441018280411122E4000881473E85C5
:10C6C000226441018280411122E4000881473E85B5
:10C6D000226441018280411122E4000881473E85A5
:10C6E000226441018280411122E4000881473E8595
:10C6F000226441018280411122E4000881473E8585
:10C70000226441018280411122E4000881473E8574
:10C71000226441018280411122E4000881473E8564
:10C72000226441018280411122E4000881473E8554
:10C73000226441018280411122E4000881473E8544
:10C74000226441018280411122E4000881473E8534
:10C75000226441018280411122E4000881473E8524
:10C76000226441018280411122E4000881473E8514
:10C77000226441018280411122E4000881473E8504
:10C78000226441018280411122E4000881473E85F4
:10C79000226441018280411122E4000881473E85E4
:10C7A000226441018280411122E4000881473E85D4
:10C7B000226441018280411122E4000881473E85C4
:10C7C000226441018280411122E4000881473E85B4
:10C7D000226441018280411122E4000881473E85A4
:10C7E000226441018280411122E4000881473E8594
:10C7F000226441018280411122E4000881473E8584
:10C80000226441018280411122E4000881473E8573
:10C81000226441018280411122E4000881473E8563
:10C82000226441018280411122E4000881473E8553
:10C83000226441018280411122E4000881473E8543
:10C84000226441018280411122E4000881473E8533
:10C85000226441018280411122E4000881473E8523
:10C86000226441018280411122E4000881473E8513
:10C87000226441018280411122E4000881473E8503
:10C88000226441018280411122E4000881473E85F3
:10C89000226441018280411122E4000881473E85E3
:10C8A000226441018280411122E4000881473E85D3
:10C8B000226441018280411122E4000881473E85C3
:10C8C000226441018280411122E4000881473E85B3
:10C8D000226441018280411122E4000881473E85A3
:10C8E000226441018280411122E4000881473E8593
:10C8F000226441018280411122E4000881473E8583
:10C90000226441018280411122E4000881473E8572
:10C91000226441018280411122E4000881473E8562
:10C92000226441018280411122E4000881473E8552
:10C93000226441018280411122E4000881473E8542
:10C94000226441018280411122E4000881473E8532
:10C95000226441018280411122E4000881473E8522
:10C96000226441018280411122E4000881473E8512
:10C97000226441018280411122E4000881473E8502
:10C98000226441018280411122E4000881473E85F2
:10C99000226441018280411122E4000881473E85E2
:10C9A000226441018280411122E4000881473E85D2
:10C9B000226441018280411122E4000881473E85C2
:10C9C000226441018280411122E4000881473E85B2
:10C9D000226441018280411122E4000881473E85A2
:10C9E000226441018280411122E4000881473E8592
:10C9F000226441018280411122E4000881473E8582
:10CA0000226441018280411122E4000881473E8571
:10CA1000226441018280411122E4000881473E8561
:10CA2000226441018280411122E4000881473E8551
:10CA3000226441018280411122E4000881473E8541
:10CA4000226441018280411122E4000881473E8531
:10CA5000226441018280411122E4000881473E8521
:10CA6000226441018280411122E4000881473E8511
:10CA7000226441018280411122E4000881473E8501
:10CA8000226441018280411122E4000881473E85F1
:10CA9000226441018280411122E4000881473E85E1
:10CAA000226441018280411122E4000881473E85D1
:10CAB000226441018280411122E4000881473E85C1
:10CAC000226441018280411122E4000881473E85B1
:10CAD000226441018280411122E4000881473E85A1
:10CAE000226441018280411122E4000881473E8591
:10CAF000226441018280411122E4000881473E8581
:10CB0000226441018280411122E4000881473E8570
:10CB1000226441018280411122E4000881473E8560
:10CB2000226441018280411122E4000881473E8550
:10CB3000226441018280411122E4000881473E8540
:10CB4000226441018280411122E4000881473E8530
:10CB5000226441018280411122E4000881473E8520
:10CB6000226441018280411122E4000881473E8510
:10CB7000226441018280411122E4000881473E8500
:10CB8000226441018280411122E4000881473E85F0
:10CB9000226441018280411122E4000881473E85E0
:10CBA000226441018280411122E4000881473E85D0
:10CBB000226441018280411122E4000881473E85C0
:10CBC000226441018280411122E4000881473E85B0
:10CBD000226441018280411122E4000881473E85A0
:10CBE000226441018280411122E4000881473E8590
:10CBF000226441018280411122E4000881473E8580
:10CC0000226441018280411122E4000881473E856F
:10CC1000226441018280411122E4000881473E855F
:10CC2000226441018280411122E4000881473E854F
:10CC3000226441018280411122E4000881473E853F
:10CC4000226441018280411122E4000881473E852F
:10CC5000226441018280411122E4000881473E851F
:10CC6000226441018280411122E4000881473E850F
:10CC7000226441018280411122E4000881473E85FF
:10CC8000226441018280411122E4000881473E85EF
:10CC9000226441018280411122E4000881473E85DF
:10CCA000226441018280411122E4000881473E85CF
:10CCB000226441018280411122E4000881473E85BF
:10CCC000226441018280411122E4000881473E85AF
:10CCD000226441018280411122E4000881473E859F
:10CCE000226441018280411122E4000881473E858F
:10CCF000226441018280411122E4000881473E857F
:10CD0000226441018280411122E4000881473E856E
:10CD1000226441018280411122E4000881473E855E
:10CD2000226441018280411122E4000881473E854E
:10CD3000226441018280411122E4000881473E853E
:10CD4000226441018280411122E4000881473E852E
:10CD5000226441018280411122E4000881473E851E
:10CD6000226441018280411122E4000881473E850E
:10CD7000226441018280411122E4000881473E85FE
:10CD8000226441018280411122E4000881473E85EE
:10CD9000226441018280411122E4000881473E85DE
:10CDA000226441018280411122E4000881473E85CE
:10CDB000226441018280411122E4000881473E85BE
:10CDC000226441018280411122E4000881473E85AE
:10CDD000226441018280411122E4000881473E859E
:10CDE000226441018280411122E4000881473E858E
:10CDF000226441018280411122E4000881473E857E
:10CE0000226441018280411122E4000881473E856D
:10CE1000226441018280411122E4000881473E855D
:10CE2000226441018280411122E4000881473E854D
:10CE3000226441018280411122E4000881473E853D
:10CE4000226441018280411122E4000881473E852D
:10CE5000226441018280411122E4000881473E851D
:10CE6000226441018280411122E4000881473E850D
:10CE7000226441018280411122E4000881473E85FD
:10CE8000226441018280411122E4000881473E85ED
:10CE9000226441018280411122E4000881473E85DD
:10CEA000226441018280411122E4000881473E85CD
:10CEB000226441018280411122E4000881473E85BD
:10CEC000226441018280411122E4000881473E85AD
:10CED000226441018280411122E4000881473E859D
:10CEE000226441018280411122E4000881473E858D
:10CEF000226441018280411122E4000881473E857D
:10CF0000226441018280411122E4000881473E856C
:10CF1000226441018280411122E4000881473E855C
:10CF2000226441018280411122E4000881473E854C
:10CF3000226441018280411122E4000881473E853C
:10CF4000226441018280411122E4000881473E852C
:10CF5000226441018280411122E4000881473E851C
:10CF6000226441018280411122E4000881473E850C
:10CF7000226441018280411122E4000881473E85FC
:10CF8000226441018280411122E4000881473E85EC
:10CF9000226441018280411122E4000881473E85DC
:10CFA000226441018280411122E4000881473E85CC
:10CFB000226441018280411122E4000881473E85BC
:10CFC000226441018280411122E4000881473E85AC
:10CFD000226441018280411122E4000881473E859C
:10CFE000226441018280411122E4000881473E858C
:10CFF000226441018280411122E4000881473E857C
:10D00000226441018280411122E4000881473E856B
:10D01000226441018280411122E4000881473E855B
:10D02000226441018280411122E4000881473E854B
:10D03000226441018280411122E4000881473E853B
:10D04000226441018280411122E4000881473E852B
:10D05000226441018280411122E4000881473E851B
:10D06000226441018280411122E4000881473E850B
:10D07000226441018280411122E4000881473E85FB
:10D08000226441018280411122E4000881473E85EB
:10D09000226441018280411122E4000881473E85DB
:10D0A000226441018280411122E4000881473E85CB
:10D0B000226441018280411122E4000881473E85BB
:10D0C000226441018280411122E4000881473E85AB
:10D0D000226441018280411122E40008010022649F
:10D0E00041018280411122E40008010022644101D3
:10D0F0008280411122E40008010022644101828003
:10D10000411122E4000801002264410182804111A2
:10D1100022E400080100226441018280411122E4DE
:10D1200000080100226441018280411122E40008CC
:10D130000100226441018280411122E400080100C3
:10D14000226441018280411122E40008010022642E
:10D1500041018280411122E4000801002264410162
:10D160008280411122E40008010022644101828092
:10D17000411122E400080100226441018280411132
:10D1800022E400080100226441018280411122E46E
:10D1900000080100226441018280411122E400085C
:10D1A0000100226441018280411122E40008010053
:10D1B000226441018280411122E4000801002264BE
:10D1C00041018280411122E40008010022644101F2
:10D1D0008280411122E40008010022644101828022
:10D1E000411122E4000801002264410182804111C2
:10D1F00022E400080100226441018280411122E4FE
:10D2000000080100226441018280411122E40008EB
:10D210000100226441018280411122E400080100E2
:10D22000226441018280411122E40008010022644D
:10D2300041018280411122E4000801002264410181
:10D240008280411122E400080100226441018280B1
:10D25000411122E400080100226441018280411151
:10D2600022E400080100226441018280411122E48D
:10D2700000080100226441018280411122E400087B
:10D280000100226441018280411122E40008010072
:10D29000226441018280411122E4000801002264DD
:10D2A00041018280411122E4000801002264410111
:10D2B0008280411122E40008010022644101828041
:10D2C000411122E4000801002264410182804111E1
:10D2D00022E400080100226441018280411122E41D
:10D2E00000080100226441018280411122E400080B
:10D2F0000100226441018280411122E40008010002
:10D30000226441018280411122E40008010022646C
:10D3100041018280411122E40008010022644101A0
:10D320008280411122E400080100226441018280D0
:10D33000411122E400080100226441018280411170
:10D3400022E400080100226441018280411122E4AC
:10D3500000080100226441018280411122E400089A
:10D360000100226441018280411122E40008010091
:10D37000226441018280411122E4000801002264FC
:10D3800041018280411122E4000801002264410130
:10D390008280411122E40008010022644101828060
:10D3A000411122E400080100226441018280411100
:10D3B00022E400080100226441018280411122E43C
:10D3C00000080100226441018280411122E400082A
:10D3D0000100226441018280411106E422E000083C
:10D3E000EFF0BFFE0100A2600264410182804111A2
:10D3F00006E422E00008EFF05FFD0100A260026495
:10D4000041018280411106E422E00008EFF0FFFBB9
:10D410000100A260026441018280411106E422E021
:10D420000008EFF09FFA0100A260026441018280CF
:10D43000411122E40008010022644101828041116F
:10D4400022E400080100226441018280411122E4AB
:10D4500000080100226441018280411122E4000899
:10D460000100226441018280411122E40008010090
:10D47000226441018280411122E4000801002264FB
:10D4800041018280411122E400080100226441012F
:10D490008280411122E4000801002264410182805F
:10D4A000411122E4000801002264410182804111FF
:10D4B00022E400080100226441018280411122E43B
:10D4C00000080100226441018280411122E4000829
:10D4D0000100226441018280411122E40008010020
:10D4E000226441018280411122E40008010022648B
:10D4F00041018280411122E40008010022644101BF
:10D500008280411122E400080100226441018280EE
:10D51000411122E40008010022644101828041118E
:10D5200022E400080100226441018280411122E4CA
:10D5300000080100226441018280411122E40008B8
:10D540000100226441018280411122E400080100AF
:10D55000226441018280411122E40008010022641A
:10D5600041018280411122E400080100226441014E
:10D570008280411122E4000801002264410182807E
:10D58000411122E40008010022644101828041111E
:10D5900022E400080100226441018280411122E45A
:10D5A00000080100226441018280411122E4000848
:10D5B0000100226441018280411122E4000801003F
:10D5C000226441018280411122E4000801002264AA
:10D5D00041018280411122E40008010022644101DE
:10D5E0008280411122E4000801002264410182800E
:10D5F000411122E4000801002264410182804111AE
:10D6000022E400080100226441018280411122E4E9
:10D6100000080100226441018280411122E40008D7
:10D620000100226441018280411106E422E00008E9
:10D630001306000897850200938545A13755002001
:10D64000EF203FFC1306000897850200938505A88C
:10D65000B757002013850710EF20BFFA1306000408
:10D6600097850200938585AEB75700201385072064
:10D67000EF203FF91306000297850200938505B15C
:10D68000B757002013850730EF20BFF713060004BB
:10D6900097850200938585B1B75700201385074011
:10D6A000EF203FF61306000497850200938505B42A
:10D6B000B757002013850750EF20BFF41306000270
:10D6C00097850200938585BCB757002013850760B6
:10D6D000EF203FF31306000297850200938505B5FE
:10D6E000B757002013850770EF20BFF11306000421
:10D6F00097850200938585B5B7670020138507805D
:10D70000EF203FF0414697850200938525BAB76721
:10D71000002013850790EF20DFEE81473E85A26051
:10D72000026441018280797122F40018AA87AE86D2
:10D730003287A30FF4FCB687232CF4FCBA87230F9F
:10D74000F4FC8547A307F4FEA30704FE8347F4FE19
:10D750003E85227445618280011122EC0010AA8767
:10D760002E872326F4FEBA872324F4FE832784FE23
:10D770001B87070085476313F704B727002083A79B
:10D7800047089B8607008327C4FE93C7F7FF1B87C4
:10D790000700B7270020758F012723A2E708B727C6
:10D7A000002083A787089B860700B7270020032750
:10D7B000C4FE558F012723A4E70889A0B7270020BE
:10D7C00083A747089B860700B72700200327C4FECE
:10D7D000558F012723A2E708B727002083A78708D2
:10D7E0009B8607008327C4FE93C7F7FF1B870700AC
:10D7F000B7270020758F012723A4E7080100626482
:10D8000005618280797106F422F00018AA87AE863D
:10D810003287232EF4FCB687A30DF4FCBA87232AA3
:10D82000F4FC8547A307F4FE17870200130707A936
:10D830008367C4FD9207BA9798438327C4FD812765
:10D840006383E700029017870200130727A7836707
:10D85000C4FD9207BA97DC4393F6F70F17870200CF
:10D860001307C7A58367C4FD9207BA979C47034770
:10D87000B4FD3A86BE853685EFF0FFEAAA87A30796
:10D88000F4FE8347F4FE93F7F70F85E31787020052
:10D890001307C7A28367C4FD9207BA97DC47032723
:10D8A00044FDBA853E85EFF03FEB8347F4FE3E85AD
:10D8B000A270027445618280411122E40008B727FA
:10D8C000002083A787081B870700B7270020BA8698
:10D8D00001777D17758F012723A4E70801002264D3
:10D8E00041018280011122EC0010AA872326F4FE58
:10D8F000B72700200327C4FE23A0E70801006264C5
:10D9000005618280011122EC0010AA87A307F4FEB2
:10D910007350003A7350203A8347F4FE1B87070088
:10D9200097860200938606C0BA878E07BA97920739
:10D93000B6979C6B7390073B8347F4FE1B870700E9
:10D9400097860200938606BEBA878E07BA9792071B
:10D95000B6979C6F7390173B8347F4FE1B870700B5
:10D9600097860200938606BCBA878E07BA979207FD
:10D97000B6979C737390273B8347F4FE1B87070081
:10D9800097860200938606BABA878E07BA979207DF
:10D99000B6979C777390373B8347F4FE1B8707004D
:10D9A00097860200938606B8BA878E07BA979207C1
:10D9B000B6979C7B7390473B8347F4FE1B87070019
:10D9C00097860200938606B6BA878E07BA979207A3
:10D9D000B6979C7F7390573B8347F4FE1B870700E5
:10D9E00097860200938606B4BA878E07BA97920785
:10D9F000B697BC637390673B8347F4FE1B870700B1
:10DA000097860200938606B2BA878E07BA97920766
:10DA1000B697BC677390773B8347F4FE1B8707007C
:10DA200097860200938606B0BA878E07BA97920748
:10DA3000B697BC6B7390873B8347F4FE1B87070048
:10DA400097860200938606AEBA878E07BA9792072A
:10DA5000B697BC6F7390973B8347F4FE1B87070014
:10DA600097860200938606ACBA878E07BA9792070C
:10DA7000B697BC737390A73B8347F4FE1B870700E0
:10DA800097860200938606AABA878E07BA979207EE
:10DA9000B697BC777390B73B8347F4FE1B870700AC
:10DAA00097860200938606A8BA878E07BA979207D0
:10DAB000B697BC7B7390C73B8347F4FE1B87070078
:10DAC00097860200938606A6BA878E07BA979207B2
:10DAD000B697BC7F7390D73B8347F4FE1B87070044
:10DAE00097860200938606A4BA878E07BA97920794
:10DAF000B697DC637390E73B8347F4FE1B87070010
:10DB000097860200938606A2BA878E07BA97920775
:10DB1000B697DC677390F73B8347F4FE1B870700DB
:10DB200097860200938606A0BA878E07BA97920757
:10DB3000B6979C637390073A81473E85626405619E
:10DB40008280011122EC0010F37704302334F4FEBC
:10DB500093070008F3B707302330F4FE0100626436
:10DB600005618280411106E422E00008EFF07FFDAC
:10DB700073504030735040340100A2600264410190
:10DB80008280011122EC0010F36704302334F4FE8C
:10DB90000100626405618280397122FC8000AA87DD
:10DBA000A307F4FC8347F4FC93F7F70F91E302908B
:10DBB0008347F4FC13F7F70F9307F00263F3E700D2
:10DBC0000290F32740F12334F4FE833784FEA3034D
:10DBD000F4FE8347F4FC93F7F70F6386071283473D
:10DBE000F4FC13F7F70F9307F00263EEE710834797
:10DBF000F4FCC12793F7F70F9B9787019BD78741C9
:10DC000081273E878547B397E700F3A74730233C3A
:10DC1000F4FC8347F4FC13F7F70FBD4763F5E70EF9
:10DC2000834774FE13F7F70F85476318F702B7278A
:10DC30000020BC439B8607008347F4FC8127C13743
:10DC400081273E878547BB97E7001B870700B727DB
:10DC50000020558F0127B8C37DA0834774FE13F7BA
:10DC6000F70F89476318F702B7270020FC439B860C
:10DC700007008347F4FC8127C13781273E8785470A
:10DC8000BB97E7001B870700B7270020558F0127A8
:10DC9000F8C395A8834774FE13F7F70F8D476318F1
:10DCA000F702B7270020BC479B8607008347F4FC98
:10DCB0008127C13781273E878547BB97E7001B87B0
:10DCC0000700B7270020558F0127B8C72DA8834725
:10DCD00074FE13F7F70F91476317F702B727002079
:10DCE000FC479B8607008347F4FC8127C1378127C7
:10DCF0003E878547BB97E7001B870700B7270020B3
:10DD0000558F0127F8C70100627421618280797103
:10DD100022F40018AA87A30FF4FC8347F4FD93F7BD
:10DD2000F70F91E302908347F4FD13F7F70F930782
:10DD3000F00263F3E70002908347F4FD93F7F70FD7
:10DD40009DCB8347F4FD13F7F70F9307F00263E4CD
:10DD5000E7028347F4FDC12793F7F70F9B978701ED
:10DD60009BD7874181273E878547B397E700F3B765
:10DD700047302334F4FE0100227445618280011192
:10DD800006EC22E80010F32700302334F4FE83373A
:10DD900084FE2330F4FEEFF0DFDA833704FE3E85A5
:10DDA000E260426405618280011122EC001023349C
:10DDB000A4FE833784FE739007300100626405611E
:10DDC0008280397122FC8000AA872326F4FCF32785
:10DDD00040F12334F4FE833784FE2330F4FE03370E
:10DDE00004FE914763E2E724833704FE139727007C
:10DDF00097870200938707A0BA979C431B87070069
:10DE0000978702009387079FBA9782873707000C8E
:10DE10008327C4FC9BD757008127939607028192E2
:10DE2000856793870780B6978A07BA979C43232E06
:10DE3000F4FC8327C4FCFD8B81273E878547BB9775
:10DE4000E7001B8707008327C4FDD98F232EF4FC2E
:10DE50003707000C8327C4FC9BD757008127939674
:10DE600007028192856793870780B6978A07BA97DA
:10DE70000327C4FD98C355AA3707000C8327C4FCA9
:10DE80009BD75700812793960702819285679387D6
:10DE90000782B6978A07BA979C43232EF4FC832700
:10DEA000C4FCFD8B81273E878547BB97E7001B8716
:10DEB00007008327C4FDD98F232EF4FC3707000CFD
:10DEC0008327C4FC9BD75700812793960702819232
:10DED000856793870782B6978A07BA970327C4FD99
:10DEE00098C3A1A23707000C8327C4FC9BD7570017
:10DEF0008127939607028192856793870786B69755
:10DF00008A07BA979C43232EF4FC8327C4FCFD8B1D
:10DF100081273E878547BB97E7001B87070083273C
:10DF2000C4FDD98F232EF4FC3707000C8327C4FCD3
:10DF30009BD7570081279396070281928567938725
:10DF40000786B6978A07BA970327C4FD98C3F1A836
:10DF50003707000C8327C4FC9BD757008127939673
:10DF60000702819285679387078AB6978A07BA97CF
:10DF70009C43232EF4FC8327C4FCFD8B81273E8722
:10DF80008547BB97E7001B8707008327C4FDD98F10
:10DF9000232EF4FC3707000C8327C4FC9BD75700C3
:10DFA000812793960702819285679387078AB697A0
:10DFB0008A07BA970327C4FD98C385A83707000CC2
:10DFC0008327C4FC9BD75700812793960702819231
:10DFD00085679387078EB6978A07BA979C43232E47
:10DFE000F4FC8327C4FCFD8B81273E878547BB97C4
:10DFF000E7001B8707008327C4FDD98F232EF4FC7D
:10E000003707000C8327C4FC9BD7570081279396C2
:10E010000702819285679387078EB6978A07BA971A
:10E020000327C4FD98C311A001000100627421619F
:10E030008280397122FC8000AA872326F4FCF32712
:10E0400040F12334F4FE833784FE2330F4FE03379B
:10E0500004FE914763E1E726833704FE1397270008
:10E06000977702009387477ABA979C431B870700EC
:10E070009777020093874779BA9782873707000C12
:10E080008327C4FC9BD75700812793960702819270
:10E09000856793870780B6978A07BA979C43232E94
:10E0A000F4FC8327C4FCFD8B81273E878547BB9703
:10E0B000E700812793C7F7FF1B8707008327C4FD6D
:10E0C000F98F232EF4FC3707000C8327C4FC9BD761
:10E0D000570081279396070281928567938707806F
:10E0E000B6978A07BA970327C4FD98C3F1A23707EA
:10E0F000000C8327C4FC9BD7570081279396070207
:10E100008192856793870782B6978A07BA979C435F
:10E11000232EF4FC8327C4FCFD8B81273E87854793
:10E12000BB97E700812793C7F7FF1B87070083276B
:10E13000C4FDF98F232EF4FC3707000C8327C4FCA1
:10E140009BD7570081279396070281928567938713
:10E150000782B6978A07BA970327C4FD98C3A9AA6E
:10E160003707000C8327C4FC9BD757008127939661
:10E1700007028192856793870786B6978A07BA97C1
:10E180009C43232EF4FC8327C4FCFD8B81273E8710
:10E190008547BB97E700812793C7F7FF1B870700D9
:10E1A0008327C4FDF98F232EF4FC3707000C832747
:10E1B000C4FC9BD7570081279396070281928567FD
:10E1C00093870786B6978A07BA970327C4FD98C333
:10E1D000E5A03707000C8327C4FC9BD75700812795
:10E1E00093960702819285679387078AB6978A0775
:10E1F000BA979C43232EF4FC8327C4FCFD8B812714
:10E200003E878547BB97E700812793C7F7FF1B87AA
:10E2100007008327C4FDF98F232EF4FC3707000C79
:10E220008327C4FC9BD757008127939607028192CE
:10E2300085679387078AB6978A07BA970327C4FD2D
:10E2400098C39DA83707000C8327C4FC9BD75700B1
:10E25000812793960702819285679387078EB697E9
:10E260008A07BA979C43232EF4FC8327C4FCFD8BBA
:10E2700081273E878547BB97E700812793C7F7FF34
:10E280001B8707008327C4FDF98F232EF4FC370773
:10E29000000C8327C4FC9BD7570081279396070265
:10E2A000819285679387078EB6978A07BA97032767
:10E2B000C4FD98C311A00100010062742161828035
:10E2C000011106EC22E800102334A4FEAE87328749
:10E2D0002322F4FEBA87A301F4FE034734FE83270A
:10E2E00044FE3A86BE85033584FEEF002066833700
:10E2F00084FE9C6383C7070313F7F70F833784FEFD
:10E300009C635D9B1377F70F2388E702833784FEB6
:10E310009C6383C7470313F7F70F833784FE9C631F
:10E320006D9B1377F70F238AE702833784FE9C6384
:10E3300083C7870313F7F70F833784FE9C63799BAA
:10E340001377F70F238CE702833784FE171700003B
:10E350001307C7E998FB0100E2604264056182800F
:10E360005D71A2E480082334A4FC2330B4FCB2879E
:10E37000232EF4FA232604FE8327C4FB2322F4FE73
:10E38000833704FC91E302908327C4FB812791E348
:10E390000290833704FCDDCB832744FE8127DDC751
:10E3A000833784FC9C6383C74701A30FF4FC833746
:10E3B00084FC03C7D7008347F4FDD98F13F7F70F09
:10E3C000833784FCA386E7008347F4FD812793F716
:10E3D00007028127A5CBC1472320F4FE832744FEF3
:10E3E0001B870700BD4763E6E700832744FE232021
:10E3F000F4FE232404FE3DA08367C4FE033704FC1F
:10E400003E97833784FC9C63034707002380E70023
:10E410008327C4FE85272326F4FE832784FE8527D1
:10E420002324F4FE032784FE832704FE012781278B
:10E43000E364F7FC032744FE832784FEBB07F74011
:10E440002322F4FE832744FE8127B9FB01002664C2
:10E4500061618280797122F40018233CA4FC233886
:10E46000B4FC232604FE833704FD91E30290833736
:10E4700004FDC5C78367C4FE033704FDBA9783C78D
:10E480000700A303F4FE69A0833784FD9C6383C760
:10E4900047012303F4FE833784FD03C7D700834776
:10E4A00064FED98F13F7F70F833784FDA386E70047
:10E4B000834764FE812793F707028127F1D723243E
:10E4C00004FE1DA8833784FD9C63034774FE2380EC
:10E4D000E700832784FE85272324F4FE8327C4FED8
:10E4E00085272326F4FE8367C4FE033704FDBA970D
:10E4F00083C70700A303F4FE834774FE93F7F70F67
:10E5000081CB832784FE1B870700BD47E3FCE7FA26
:10E51000834774FE93F7F70FA5FB01002274456152
:10E520008280397122FC8000233CA4FC2338B4FC97
:10E530002334C4FC233404FEA30304FE833704FD08
:10E5400091E30290833784FC91E30290833704FDCA
:10E55000C1CF833784FCC9CB833784FD9C6383C7D9
:10E560004701A303F4FE833784FD03C7D700834725
:10E5700074FED98F13F7F70F833784FDA386E70066
:10E5800081A8833784FD9863833604FD833784FE36
:10E59000B697034707001377F70F2380E700833709
:10E5A00084FE85072334F4FE833784FD9C6383C790
:10E5B0004701A303F4FE833784FD03C7D7008347D5
:10E5C00074FED98F13F7F70F833784FDA386E70016
:10E5D000834774FE8127858B812799C7033784FE83
:10E5E000833784FCE36FF7F8833784FE3E856274DB
:10E5F00021618280797106F422F000182334A4FE90
:10E600002330B4FEB287232EF4FC833704FE91E35B
:10E6100002908327C4FD1B8707009307000C63F358
:10E62000E7000290833704FEC9C78327C4FD1B8718
:10E6300007009307000C63EEE706833784FE033779
:10E6400004FE98F7833784FE9C6383C7870093F7A3
:10E65000F70F9B9787019BD7874193F7F7031B978A
:10E6600087011B5787418327C4FD9B9787019BD751
:10E670008741D98F1B9787011B578741833784FEBA
:10E680009C631377F70F2384E700833784FE9C6332
:10E6900083C7470013F7F70F833784FE9C63136724
:10E6A00017001377F70F2382E700033584FEEF008E
:10E6B000F0450100A270027445618280411106E4B8
:10E6C00022E0000897D70200938747E49C43858B9C
:10E6D000812781CB17350E001305C57FEF00101180
:10E6E00039A017350E0013056568EF00301081471B
:10E6F0003E85A260026441018280411106E422E06D
:10E70000000897D70200938767E09C43898B812795
:10E7100081CB17350E0013056556EF00300D39A07B
:10E7200017450E0013058582EF00500C81473E858A
:10E73000A260026441018280411106E422E00008E7
:10E7400097D70200938787DC9C43918B812781CBED
:10E7500017350E001305055AEF00500939A017357B
:10E760000E001305254AEF00700881473E85A26020
:10E77000026441018280411106E422E0000897D73B
:10E7800002009387A7D89C43A18B812781CB174593
:10E790000E0013052583EF00700539A017350E0014
:10E7A0001305C56BEF00900481473E85A2600264AB
:10E7B00041018280411106E422E0000897D702005F
:10E7C0009387C7D49C43C18B812781CB17350E001B
:10E7D0001305C53BEF00900139A017350E00130556
:10E7E0006560EF00B00081473E85A2600264410190
:10E7F0008280411106E422E0000897D70200938747
:10E80000E7D09C43858B812781CB17350E001305FC
:10E81000656CEF00A07D39A017350E001305055576
:10E82000EF00C07C0100A2600264410182804111BE
:10E8300006E422E0000897D70200938727CD9C4387
:10E84000898B812781CB17350E0013052543EF00F7
:10E85000E07939A017350E001305456FEF000079F8
:10E860000100A260026441018280411106E422E0BD
:10E87000000897D70200938767C99C43918B812733
:10E8800081CB17350E001305E546EF00207639A041
:10E8900017350E0013050537EF0040750100A26023
:10E8A000026441018280411106E422E0000897D70A
:10E8B00002009387A7C59C43A18B812781CB173585
:10E8C0000E0013052570EF00607239A017350E0099
:10E8D0001305C558EF0080710100A2600264410178
:10E8E0008280411106E422E0000897D70200938756
:10E8F000E7C19C43C18B812781CB17350E001305DF
:10E90000E528EF00A06E39A017350E001305854DE0
:10E91000EF00C06D0100A26002644101828001111C
:10E9200006EC22E800102334A4FE033584FEEF0039
:10E93000102E833784FE05472384E7062D45EFF02C
:10E94000AFA50100E260426405618280011106EC1E
:10E9500022E800102334A4FEAE8732872322F4FE7F
:10E96000BA87A301F4FE033784FE97370E0093871E
:10E97000E73F6315F702833784FE3707002098E3EB
:10E9800097D70200938787B89C43F99B1B870700A2
:10E9900097D70200938787B798C3D5AA033784FE19
:10E9A00097370E009387875A6315F702833784FEE3
:10E9B0003707102098E397D70200938727B59C4329
:10E9C000F59B1B87070097D70200938727B498C34E
:10E9D0007DAA033784FE97370E009387A72263151D
:10E9E000F702833784FE3727102098E397D7020079
:10E9F0009387C7B19C43ED9B1B87070097D7020005
:10EA00009387C7B098C361A2033784FE97370E007F
:10EA10009387C7446315F702833784FE3747102076
:10EA200098E397D70200938767AE9C43DD9B1B87D3
:10EA3000070097D70200938767AD98C389AA033769
:10EA400084FE97370E009387E7396315F702833703
:10EA500084FE3767102098E397D70200938707ABAF
:10EA60009C43BD9B1B87070097D70200938707AA8B
:10EA700098C331AA033784FE97370E0093878745E2
:10EA80006316F702833784FE3707002898E397D789
:10EA900002009387A7A79C4393E717001B870700F3
:10EAA00097D70200938787A698C3D5A0033784FE23
:10EAB00097370E009387871C6316F702833784FE0F
:10EAC0003707102898E397D70200938727A49C4321
:10EAD00093E727001B87070097D70200938707A3B8
:10EAE00098C375A0033784FE97370E00938787205D
:10EAF0006316F702833784FE3727102898E397D7E9
:10EB000002009387A7A09C4393E747001B87070059
:10EB100097D702009387879F98C395A8033784FEF1
:10EB200097370E009387074A6316F702833784FEF0
:10EB30003747102898E397D702009387279D9C4377
:10EB400093E787001B87070097D702009387079CEE
:10EB500098C335A8033784FE97370E0093870703C1
:10EB60006316F702833784FE3767102898E397D738
:10EB700002009387A7999C4393E707011B8707002F
:10EB800097D702009387879898C311A00290833784
:10EB900084FE9C6323820700833784FE9C63238466
:10EBA0000700833784FE9C6383C7870013F7F70F42
:10EBB000833784FE9C63136727001377F70F238442
:10EBC000E700833784FE9C6383C7870013F7F70F42
:10EBD000833784FE9C63136747001377F70F238402
:10EBE000E700833784FE9C6383C7870013F7F70F22
:10EBF000833784FE9C63136717001377F70F238412
:10EC0000E700833784FE9C6383C7070113F7F70F80
:10EC1000833784FE9C633D9B1377F70F2388E700BF
:10EC2000833784FE9C6383C7070113F7F70F83378D
:10EC300084FE9C631377F7FD1377F70F2388E700B3
:10EC4000833784FE9C6383C7470313F7F70F83372B
:10EC500084FE9C63759B1377F70F238AE702833743
:10EC600084FE9C6383C7470313F7F70F833784FE43
:10EC70009C63799B1377F70F238AE702833784FE1F
:10EC80009C6383C7870313F7F70F833784FE9C6366
:10EC9000759B1377F70F238CE702833784FE9C6301
:10ECA00083C7070313F7F70F833784FE9C6313773B
:10ECB000F7FD1377F70F2388E702833784FE9C6301
:10ECC00083C7070313F7F70F833784FE9C6313771B
:10ECD000F7FB1377F70F2388E702833784FE9C63E3
:10ECE00083C7070313F7F70F833784FE9C631377FB
:10ECF000F7071377F70F2388E702833784FE9C63B7
:10ED000083C7870313F7F70F833784FE9C635D9BEC
:10ED10001377F70F238CE702833784FE9C632382EB
:10ED20000704833784FE9C6323840704833784FEAF
:10ED30009C6323860704832744FEBE85033584FE37
:10ED4000EF00200A833784FE9C63034734FE23864A
:10ED5000E700833784FE032744FE98C7833784FE89
:10ED6000034734FE2386E700833784FE23AC070085
:10ED7000833784FE23B80700833784FE23AE070061
:10ED8000833784FE23B40702833784FE23B8070247
:10ED9000833784FE23B00702833784FE23BC070237
:10EDA000833784FE23B00704833784FE23B407042B
:10EDB000833784FE23B80704833784FE23BC07040B
:10EDC000833784FE23B00706833784FE2384070637
:10EDD000833784FEA38607000100E2604264056178
:10EDE0008280397122FC80002334A4FCAE87232268
:10EDF000F4FC833784FC032744FC98C7B7D7F0089A
:10EE0000938707182334F4FE833784FE1397370063
:10EE1000836744FCB357F7022322F4FE832744FEA2
:10EE20009BD717002320F4FE832704FE9BD767009F
:10EE3000232EF4FC8327C4FD9B97670081270327BB
:10EE400004FEBB07F740232CF4FC8327C4FD9B97EB
:10EE500077008127032744FEBB07F7401B87070085
:10EE6000832784FD9B9717008127BB07F7408127E5
:10EE7000032784FDB99F232CF4FC8327C4FD1B8743
:10EE80000700C1676363F70002908327C4FD1B87F7
:10EE90000700C1676378F7148327C4FD1B87070049
:10EEA000854763FBE70A833784FC9C6383C7C700FD
:10EEB00013F7F70F833784FC9C63136707F8137706
:10EEC000F70F2386E7008327C4FD9BD787001B87A6
:10EED0000700833784FC9C631377F70F2382E700D6
:10EEE000833784FC9C630327C4FD1377F70F2380CB
:10EEF000E700833784FC9C6383C7C70013F7F70FD1
:10EF0000833784FC9C631377F7071377F70F238607
:10EF1000E700833784FC9C6383C7070313F7F70F6D
:10EF2000833784FC9C63136707F81377F70F2388F4
:10EF3000E702832784FD1B8707009307F00F63F325
:10EF4000E7000290833784FC9C63032784FD1377DA
:10EF5000F70F238EE70279A0833784FC9C6383C775
:10EF6000C70013F7F70F833784FC9C63136707F818
:10EF70001377F70F2386E7008327C4FD9BD787000D
:10EF80001B870700833784FC9C631377F70F23826A
:10EF9000E700833784FC9C630327C4FD1377F70FD6
:10EFA0002380E700833784FC9C6383C7C70013F783
:10EFB000F70F833784FC9C631377F7071377F70FFA
:10EFC0002386E700833784FC9C6383C7070313F71A
:10EFD000F70F833784FC9C631377F7071377F70FDA
:10EFE0002388E7020100627421618280797106F44E
:10EFF00022F00018233CA4FC833784FD9C6383C764
:10F00000870093F7F70FBD8BA307F4FE8347F4FE49
:10F010008127BE8631476369D71A13972700976700
:10F0200002009387A77FBA979C431B8707009767C7
:10F0300002009387A77EBA978287833784FD9C7FDF
:10F0400091E30290833784FD9C7F638107188337A7
:10F0500084FD9C7F033584FD82978DAA833784FDD0
:10F060009C7B91E30290833784FD9C7B638207162F
:10F07000833784FD9C7B033584FD829791AA833777
:10F0800084FD9C7791E30290833784FD9C776383B2
:10F090000714833784FD9C77033584FD82971DAA6E
:10F0A000833784FD9C7391E30290833784FD9C73C6
:10F0B00063840712833784FD9C73033584FD829734
:10F0C00021AA833784FD9C6383C7870293F7F70FD8
:10F0D0008127858B812785C3833784FDBC6391E3BA
:10F0E0000290833784FDBC6399C7833784FDBC637A
:10F0F000033584FD8297833784FD9C6383C7870231
:10F1000093F7F70F8127898B812785C3833784FD88
:10F11000BC6791E30290833784FDBC6799C783374E
:10F1200084FDBC67033584FD8297833784FD9C632F
:10F1300083C7870293F7F70F8127918B812785C3B8
:10F14000833784FDBC6B91E30290833784FDBC6BF5
:10F1500099C7833784FDBC6B033584FD8297833761
:10F1600084FD9C6383C7870293F7F70F8127A18BE8
:10F17000812785C3833784FDBC6F91E30290833779
:10F1800084FDBC6F99C7833784FDBC6F033584FD54
:10F190008297833784FD9C6383C7870293F7F70FB9
:10F1A0008127C18B81279DCB833784FDBC7391E37D
:10F1B0000290833784FDBC7395C3833784FDBC7391
:10F1C000033584FD829719A8029011A8010001A8B7
:10F1D000010031A0010021A0010011A001000100E7
:10F1E000A270027445618280797122F40018233C78
:10F1F000A4FC833784FD9C6B91E30290833784FDEC
:10F200009C4F91E30290833784FD9C6BE5CF83375D
:10F2100084FD9C4FE5CB833784FD9C6383C7470106
:10F22000A303F4FE833784FD03C7D700834774FE2E
:10F23000D98F13F7F70F833784FDA386E700834741
:10F2400074FE812793F707028127D1C3C147232486
:10F25000F4FE833784FD984F833784FDDC4FBB0772
:10F26000F7402320F4FE832704FE1B870700BD47D9
:10F2700063E6E700832704FE2324F4FE232604FE2E
:10F280003DA8833784FD986B833784FDDC4F82175C
:10F2900081933E97833784FD9C6303470700238057
:10F2A000E700833784FDDC4F85271B870700833702
:10F2B00084FDD8CF8327C4FE85272326F4FE0327A9
:10F2C000C4FE832784FE01278127E36CF7FA833786
:10F2D00084FDD84F833784FD9C4F6315F702833735
:10F2E00084FD23AC0700833784FD9C6383C74700FC
:10F2F00013F7F70F833784FD9C63759B1377F70F24
:10F300002382E7000100227445618280797106F44E
:10F3100022F00018233CA4FC232604FE833784FD3E
:10F3200083C78706E5E3033784FD97370E0093878D
:10F33000E7A3630AF700033784FD97370E0093872E
:10F3400067B96317F7009307A0052326F4FE75A09D
:10F35000033784FD97370E00938747BF630AF70092
:10F36000033784FD97370E00938747916317F700A3
:10F370009307B0052326F4FE49A0033784FD973791
:10F380000E0093872788630AF700033784FD9737B9
:10F390000E00938727966317F7009307C00523266F
:10F3A000F4FEA1A8033784FD97370E00938707ABBF
:10F3B000630AF700033784FD97370E00938787C0F1
:10F3C0006317F7009307D0052326F4FE3DA003370B
:10F3D00084FD97370E009387E7A0630AF700033791
:10F3E00084FD97270E009387677A6317F7009307CA
:10F3F000E0052326F4FE11A002908327C4FE3E857B
:10F40000EFE03F9C0100A270027445618280797137
:10F4100006F422F00018233CA4FC232604FE033744
:10F4200084FD97370E0093876794630AF7000337CC
:10F4300084FD97370E009387E7A96317F7009307BA
:10F44000A0052326F4FE75A0033784FD97370E0030
:10F450009387C7AF630AF700033784FD97370E0021
:10F460009387C7816317F7009307B0052326F4FE3F
:10F4700049A0033784FD97270E009387A778630A76
:10F48000F700033784FD97370E009387A78663172D
:10F49000F7009307C0052326F4FEA1A8033784FDD7
:10F4A00097370E009387879B630AF700033784FD25
:10F4B00097370E00938707B16317F7009307D005BE
:10F4C0002326F4FE3DA0033784FD97370E00938773
:10F4D0006791630AF700033784FD97270E0093872F
:10F4E000E76A6317F7009307E0052326F4FE11A0EF
:10F4F00002908327C4FE3E85EFE0BFB30100A270F7
:10F50000027445618280397122FC8000AA8723261B
:10F51000F4FCF32740F12334F4FE833784FE2330D8
:10F52000F4FE033704FE914763E2E724833704FEC9
:10F53000139727009767020093878731BA979C43F8
:10F540001B8707009767020093878730BA978287E7
:10F550003707000C8327C4FC9BD75700812793965D
:10F5600007028192856793870780B6978A07BA97C3
:10F570009C43232EF4FC8327C4FCFD8B81273E870C
:10F580008547BB97E7001B8707008327C4FDD98FFA
:10F59000232EF4FC3707000C8327C4FC9BD75700AD
:10F5A0008127939607028192856793870780B69794
:10F5B0008A07BA970327C4FD98C355AA3707000CDA
:10F5C0008327C4FC9BD7570081279396070281921B
:10F5D000856793870782B6978A07BA979C43232E3D
:10F5E000F4FC8327C4FCFD8B81273E878547BB97AE
:10F5F000E7001B8707008327C4FDD98F232EF4FC67
:10F600003707000C8327C4FC9BD7570081279396AC
:10F6100007028192856793870782B6978A07BA9710
:10F620000327C4FD98C3A1A23707000C8327C4FC9D
:10F630009BD757008127939607028192856793870E
:10F640000786B6978A07BA979C43232EF4FC832734
:10F65000C4FCFD8B81273E878547BB97E7001B874E
:10F6600007008327C4FDD98F232EF4FC3707000C35
:10F670008327C4FC9BD7570081279396070281926A
:10F68000856793870786B6978A07BA970327C4FDCD
:10F6900098C3F1A83707000C8327C4FC9BD75700F9
:10F6A000812793960702819285679387078AB69789
:10F6B0008A07BA979C43232EF4FC8327C4FCFD8B56
:10F6C00081273E878547BB97E7001B870700832775
:10F6D000C4FDD98F232EF4FC3707000C8327C4FC0C
:10F6E0009BD757008127939607028192856793875E
:10F6F000078AB6978A07BA970327C4FD98C385A8D7
:10F700003707000C8327C4FC9BD7570081279396AB
:10F710000702819285679387078EB6978A07BA9703
:10F720009C43232EF4FC8327C4FCFD8B81273E875A
:10F730008547BB97E7001B8707008327C4FDD98F48
:10F74000232EF4FC3707000C8327C4FC9BD75700FB
:10F75000812793960702819285679387078EB697D4
:10F760008A07BA970327C4FD98C311A001000100BE
:10F77000627421618280397122FC8000AA8723266D
:10F78000F4FCF32740F12334F4FE833784FE233066
:10F79000F4FE033704FE914763E1E726833704FE56
:10F7A00013972700976702009387C70BBA979C436C
:10F7B0001B870700976702009387C70ABA9782875B
:10F7C0003707000C8327C4FC9BD7570081279396EB
:10F7D00007028192856793870780B6978A07BA9751
:10F7E0009C43232EF4FC8327C4FCFD8B81273E879A
:10F7F0008547BB97E700812793C7F7FF1B87070063
:10F800008327C4FDF98F232EF4FC3707000C8327D0
:10F81000C4FC9BD757008127939607028192856786
:10F8200093870780B6978A07BA970327C4FD98C3C2
:10F83000F1A23707000C8327C4FC9BD75700812710
:10F84000939607028192856793870782B6978A0706
:10F85000BA979C43232EF4FC8327C4FCFD8B81279D
:10F860003E878547BB97E700812793C7F7FF1B8734
:10F8700007008327C4FDF98F232EF4FC3707000C03
:10F880008327C4FC9BD75700812793960702819258
:10F89000856793870782B6978A07BA970327C4FDBF
:10F8A00098C3A9AA3707000C8327C4FC9BD757002D
:10F8B0008127939607028192856793870786B6977B
:10F8C0008A07BA979C43232EF4FC8327C4FCFD8B44
:10F8D00081273E878547BB97E700812793C7F7FFBE
:10F8E0001B8707008327C4FDF98F232EF4FC3707FD
:10F8F000000C8327C4FC9BD75700812793960702EF
:10F900008192856793870786B6978A07BA970327F8
:10F91000C4FD98C3E5A03707000C8327C4FC9BD720
:10F920005700812793960702819285679387078AFC
:10F93000B6978A07BA979C43232EF4FC8327C4FC0E
:10F94000FD8B81273E878547BB97E700812793C7BB
:10F95000F7FF1B8707008327C4FDF98F232EF4FCD4
:10F960003707000C8327C4FC9BD757008127939649
:10F970000702819285679387078AB6978A07BA97A5
:10F980000327C4FD98C39DA83707000C8327C4FC38
:10F990009BD75700812793960702819285679387AB
:10F9A000078EB6978A07BA979C43232EF4FC8327C9
:10F9B000C4FCFD8B81273E878547BB97E7008127E5
:10F9C00093C7F7FF1B8707008327C4FDF98F232EFA
:10F9D000F4FC3707000C8327C4FC9BD75700812712
:10F9E00093960702819285679387078EB6978A0759
:10F9F000BA970327C4FD98C311A0010001006274E7
:10FA000021618280011122EC0010AA872E87232613
:10FA1000F4FEBA872324F4FE8327C4FE812795C70A
:10FA20008327C4FE1B8707009307A00B63EFE70043
:10FA30003707000C8327C4FEFD3781278217819387
:10FA40008A07BA97032784FED8C301006264056160
:10FA50008280397106FC22F880002334A4FC233014
:10FA6000B4FC833704FC91E30290033784FC97379E
:10FA700012009387A75E630BF702033784FC974756
:10FA800014009387A7DE6303F702033784FC9727EC
:10FA90000E009387A75A630BF700033784FC973750
:10FAA00010009387A7DA6303F7000290833504FC04
:10FAB000033584FCEF30E062033784FC9737120093
:10FAC0009387C7596316F706B727002083A747080F
:10FAD0001B870700B727002013672700012723A2F1
:10FAE000E708B727002083A787081B870700B727E9
:10FAF000002013672700012723A4E708233004FE12
:10FB000031A0833704FE85072330F4FE033704FE5B
:10FB10009307803EE317F7FEB727002083A78708E7
:10FB20001B870700B7270020759B012723A4E70840
:10FB3000033784FC97471400938747D36316F7066F
:10FB4000B727002083A747081B870700B727002097
:10FB500013674700012723A2E708B727002083A7E0
:10FB600087081B870700B727002013674700012776
:10FB700023A4E708233C04FC31A0833784FD8507D8
:10FB8000233CF4FC033784FD9307803EE317F7FE24
:10FB9000B727002083A787081B870700B727002007
:10FBA0006D9B012723A4E708833784FC9C43639B58
:10FBB0000712033784FC9967938787E0BA979B867F
:10FBC0000700033784FCA167BA9783B7871A368783
:10FBD00013671700012798C3033784FCB96793871D
:10FBE00087FDBA979B860700033784FCC167BA97E5
:10FBF00083B78737368713671700012798C3033702
:10FC000084FCD9679387871ABA979B8607000337C6
:10FC100084FCE167BA9783B7875436871367170068
:10FC2000012798C3033784FCF96793878737BA970E
:10FC30009B860700033784FCB7070200BA9783B797
:10FC40008771368713671700012798C3833784FCB1
:10FC5000938707039B860700033784FCA167BA9745
:10FC600083B7071B368713671700012798C303372D
:10FC700084FCA16793870720BA979B860700033708
:10FC800084FCC167BA9783B70738368713671700B4
:10FC9000012798C3033784FCC1679387073DBA9750
:10FCA0009B860700033784FCE167BA9783B7075543
:10FCB000368713671700012798C3033784FCE16771
:10FCC0009387075ABA979B860700033784FCB707C8
:10FCD0000200BA9783B707723687136717000127A8
:10FCE00098C3A9A0033784FC9967938787E0BA97E4
:10FCF0009B860700033784FCA167BA9783B7871AEE
:10FD0000368713671700012798C3833784FC9387CE
:10FD100007039B860700033784FCA167BA9783B764
:10FD2000071B368713671700012798C3833784FCA6
:10FD30009C4399EB833704FC03A7C70C833784FCEF
:10FD40009C67058B0127D8C7833704FC638C076445
:10FD5000033784FC9737120093874730630AF70212
:10FD6000033784FC97471400938747B06302F70278
:10FD7000033784FC97270E009387472C630AF7000C
:10FD8000033784FC97371000938747AC631CF760F8
:10FD9000833704FCB853833684FCB7070200B69758
:10FDA00023A0E77A833704FCB857833684FCB7076F
:10FDB0000200B69723A2E77A833704FCF853833610
:10FDC00084FCB7070200B69723A4E77A833704FCC4
:10FDD0009843833684FCB7070200B69723ACE778D4
:10FDE000833704FC03A70708833684FCB7070200A7
:10FDF000B69723A8E778833704FCD843833684FC7E
:10FE0000B7070200B69723AEE778833704FC986FF4
:10FE1000833684FCB7070200B69723B4E77E8337A6
:10FE200004FC9873833684FCB7070200B69723B8A6
:10FE3000E77E833704FC9877833684FCB70702009B
:10FE4000B69723BCE77E833704FC9867833684FC2F
:10FE5000B7070200B69723BCE77C833704FC986B96
:10FE6000833684FCB7070200B69723B0E77E83375A
:10FE700004FC03A7C708833684FCB7070200B697C3
:10FE800023AAE778833704FCB87B833684FCB70762
:10FE90000200B69723B8E77A833704FCB84B833661
:10FEA00084FCB7070200B69723A4E77C833704FCE1
:10FEB000F84B833684FCB7070200B69723A6E77C8D
:10FEC000833704FC03A7470D833684FCB707020081
:10FED000B69723A8E77C833704FC987B833684FCA1
:10FEE000B7170200B69723B0E780833704FC987FEA
:10FEF000833684FCB7170200B69723B4E7808337B4
:10FF000004FC83A7470BB9CF833784FC9C4F93F73E
:10FF1000F70F3E85EFD0BFDF833784FC9C436398A7
:10FF2000070E833784FCDC4F93F7F70F3E85EFD045
:10FF30001FDE833784FC9C5393F7F70F3E85EFD089
:10FF40001FDD833784FCDC5393F7F70F3E85EFD03A
:10FF50001FDC833784FC9C5793F7F70F3E85EFD067
:10FF60001FDB75A0833784FC9C4F3E85EFF0BF807C
:10FF7000833784FC984F833704FC83A7870BBE85A7
:10FF80003A85EFF03FA8833784FCDC4F3E85EFF0E5
:10FF90008FFE833784FCD84F833704FC83A7C70BBD
:10FFA000BE853A85EFF01FA6833784FC9C533E85BF
:10FFB000EFF06FFC833784FC9853833704FC83A7EE
:10FFC000070CBE853A85EFF0FFA3833784FCDC5332
:10FFD0003E85EFF04FFA833784FCD853833704FC17
:10FFE00083A7470CBE853A85EFF0DFA1833784FCF9
:10FFF0009C573E85EFF02FF8833784FC9857833762
:020000040801F1
:1000000004FC83A7870CBE853A85EFF0BF9FEF0005
:100010003012833504FC033584FCEF00D01F833796
:1000200004FC93878705BE85033584FCEF201058B8
:10003000033584FCEF203032033584FCEF20F0439D
:10004000033784FCB7070200BA9723A40778232656
:1000500004FE41A2033784FC8326C4FEA167938774
:10006000071DB387F602BA972167BA971307903E28
:1000700023A0E716033784FC8326C4FEA167938779
:10008000071DB387F602BA972167BA9713070002D4
:1000900023A4E716033784FC8326C4FEA167938755
:1000A000071DB387F602BA972167BA9723A60716EA
:1000B000033784FC8326C4FEA1679387071DB3879B
:1000C000F602BA972167BA9723A80716033784FC6C
:1000D0008326C4FEA1679387071DB387F602BA97EC
:1000E0002167BA9723B80714033784FC8326C4FE1C
:1000F000A1679387071DB387F602BA972167BA975E
:1001000023BC0714033784FC8326C4FEA1679387AE
:10011000071DB387F602BA972167BA9723B0071C69
:10012000033784FC8326C4FEA1679387071DB3872A
:10013000F602BA972167BA9723B4071C033784FCE9
:100140008327C4FE93861700A1679387071DB38793
:10015000F602BA9723B00700033784FC8327C4FE56
:1001600093861700A1679387071DB387F602BA9796
:1001700023B40700033784FC8326C4FEA16793875A
:10018000071DB387F602BA972167BA9723B0071EF7
:10019000033784FC8326C4FEA1679387071DB387BA
:1001A000F602BA972167BA9723B8071E033784FC73
:1001B0008326C4FEA1679387071DB387F602BA970B
:1001C0002167BA9723BC071E8327C4FE85272326F1
:1001D000F4FE8327C4FE1B8707008D47E3DCE7E6B8
:1001E000833784FC9C43DDE7033784FCB7070200B8
:1001F000BA9783A787793E8791476316F70003353F
:1002000084FCEF20F057033784FCB7070200BA974D
:1002100083B6877D033784FCB7070200BA9783A7AC
:10022000077A93F7F70FBE85033584FC8296033770
:1002300084FCB7070200BA9703B8077E033784FC33
:10024000B7070200BA9783A6C77C033784FCB707B9
:100250000200BA9783A7877C3E86B685033584FC67
:100260000298033784FCB7070200BA9783B7877EEA
:10027000033584FC8297033784FCB7070200BA97E2
:1002800083A787793E8791476316F700033584FC7F
:10029000EF207055033584FCEF00C012833784FCD7
:1002A0009C43B9C3833784FC9C6B0567130767C8FD
:1002B00098D7833784FC9C6B9C431B87070083374C
:1002C00084FC9C6B13678700012798C3833784FCE9
:1002D0009C6B9C431B870700833784FC9C6B1367D4
:1002E0000720012798C37DA8232604FE9DA88337F5
:1002F00004FC83A787093E878547630AF700833795
:1003000004FC83A7C7093E8785476315F7020337B7
:1003100084FC8326C4FEA1679387071DB387F6027A
:10032000BA972167BA9783B787192167130767CCF4
:1003300098C31DA0033784FC8326C4FEA16793875E
:10034000071DB387F602BA972167BA9783B7871953
:100350000567130767C898C38327C4FE852723262C
:10036000F4FE8327C4FE1B8707008D47E3D1E7F81F
:10037000833784FC9C679C431B870700833784FC7E
:100380009C6713678700012798C3833784FC9C67A9
:100390009C431B870700833784FC9C6713670720F7
:1003A000012798C3033784FCB7070200BA9737D7F1
:1003B000F1AA1307570523A6E7780100E2704274FB
:1003C00021618280797106F422F00018233CA4FC9C
:1003D000033784FDB7070200BA9783B6877F1307F8
:1003E00034FE930744FE3A86BE85033584FD82962B
:1003F000AA87A305F4FE8347B4FE93F7F70FD1CF86
:10040000833784FD9C4381CB833784FD9C6BDC4325
:100410002326F4FE39A0833784FD9C67DC43232622
:10042000F4FE8327C4FE93F7C7BF2326F4FE832779
:1004300044FE3E8789476319F7008327C4FE93E78C
:1004400007402326F4FE29A8832744FE3E878547DC
:100450006318F7008327C4FE93E717002326F4FEF2
:10046000834734FE3E8785476318F7008327C4FE21
:1004700093E727002326F4FE833784FD9C4381CB3A
:10048000833784FD9C6B0327C4FED8C339A0833710
:1004900084FD9C670327C4FED8C30100A2700274C8
:1004A000456182801D7186ECA2E88010233CA4FA8D
:1004B0002338B4FA2334C4FA033784FB9737120085
:1004C0009387C7B9630AF700033784FB97270E00A9
:1004D0009387C7B6631FF70097A702009387079E0D
:1004E0002330F4FE97A702009387C79D233CF4FCBA
:1004F00019A897A702009387A79C2330F4FE93873F
:100500001181233CF4FCA30704FE033784FBB707E7
:100510000200BA9783A7C77881273E87B7D7F1AA89
:1005200093875705631DF720033784FBB707020045
:10053000BA9783B6877F1307B4FC9307C4FC3A8647
:10054000BE85033584FB8296AA87A307F4FE834702
:10055000F4FE93F7F70F6384071E833704FE984376
:100560008327C4FC631AF700833784FD03C70700A1
:100570008347B4FC630FF708833784FB9C4381CB2C
:10058000833784FB9C6BDC43232AF4FC39A083373C
:1005900084FB9C67DC43232AF4FC832744FD93F708
:1005A000C7BF232AF4FC8327C4FC3E87894763190D
:1005B000F700832744FD93E70740232AF4FC29A88A
:1005C0008327C4FC3E8785476318F700832744FDD3
:1005D00093E71700232AF4FC8347B4FC3E87854742
:1005E0006318F700832744FD93E72700232AF4FCD0
:1005F000833784FB9C4381CB833784FB9C6B03272D
:1006000044FDD8C339A0833784FB9C67032744FD8E
:10061000D8C30327C4FC833704FE98C30347B4FC44
:10062000833784FD2380E700833704FB91C70327CA
:10063000C4FC833704FB98C3833784FA99C7034704
:10064000B4FC833784FA2380E700033784FBB707C1
:100650000200BA9783A787793E87A1476311F70EF7
:10066000033784FBB7070200BA9783A7477A93F74B
:10067000F70F0546BE85033584FBEF00701FAA8780
:100680002319F4FC033784FBB7070200BA9783A74A
:10069000477A93F7F70F0546BE85033584FBEF00D5
:1006A000301DAA872319F4FC835724FD918B23184E
:1006B000F4FC835704FD8127D9E3033784FBB70794
:1006C0000200BA9783A7477A93F7F70F0146BE85D2
:1006D000033584FBEF00D019AA872319F4FC0357D4
:1006E00024FD8567D98F2319F4FC033784FBB707F2
:1006F0000200BA9783A7477A93F7F70F035724FDB1
:10070000BA860146BE85033584FBEF00500383574C
:1007100024FD93E707202319F4FC033784FBB70774
:100720000200BA9783A7477A93F7F70F035724FD80
:10073000BA860146BE85033584FBEF00500083472F
:10074000F4FE3E85E660466425618280011106EC78
:1007500022E800102334A4FE833784FE91E3029044
:10076000833784FE6381071C1306800D81450335A2
:1007700084FEEF10F236833784FE1307F003F8CBC4
:10078000833784FE23A80704833784FE23B8070633
:10079000833784FE23AC0706833784FE23AE070627
:1007A000833784FE23A00708833784FE0D67130771
:1007B000078023A2E708833784FE054723A4E708C0
:1007C000833784FE054723A6E708833784FE23AAE0
:1007D0000708833784FE054723ACE708833784FE88
:1007E000054723AEE708833784FE23A0070A833733
:1007F00084FE23A2070A833784FE1D4723A4E70A49
:10080000833784FE238C0704833784FEA38C07047C
:10081000833784FE238D0704833784FEA38D07046A
:10082000833784FE238E0704833784FEA38E070458
:10083000833784FE23A00704833784FE23A20704A2
:10084000833784FE23A40704833784FE23A607048A
:10085000833784FE0547D8C3833784FE054798C392
:10086000833784FE173700001307A72798EF8337D5
:1008700084FE173700001307E72798F3833784FEB9
:10088000173700001307272898F7833784FE173798
:1008900000001307872198E7833784FE173700008D
:1008A0001307272298EB833784FE23A8070A833790
:1008B00084FE23AA070A833784FE1D4723ACE70A78
:1008C000833784FE1D4723AEE70A833784FE1D4726
:1008D00023A0E70C833784FE1D4723A2E70C833750
:1008E00084FE1D4723A4E70C833784FE23A6070C50
:1008F000833784FE414723A8E70C833784FE1737EC
:1009000000001307A72398FB833784FE17370000E6
:100910001307E72498FF833784FE3747C323130761
:10092000076023AAE70C0100E2604264056182804F
:10093000411122E4000801002264410182801D71FE
:10094000A2EC80102334A4FAAE872322F4FA2322E7
:1009500004FEF32700B0233CF4FC833784FD812799
:100960002326F4FC033784FAB7070200BA9783A75B
:10097000077D3E87B7470F009B870724BB57F702C9
:100980008127232EF4FA8327C4FB812781E785473B
:10099000232EF4FA036744FA8327C4FB81278217C6
:1009A0008193B307F7022334F4FEF32700B0233812
:1009B000F4FC833704FD8127232EF4FA8327C4FB3C
:1009C0001B8707008327C4FC8127BB07F7408127CB
:1009D000821781932330F4FC833704FC033784FEB1
:1009E00063F0E702833704FC033784FEB307F74064
:1009F0002334F4FE8327C4FB81272326F4FC21A0A3
:100A000085472322F4FE832744FE8127D9DF010096
:100A1000666425618280397122FC80002334A4FC45
:100A20002330B4FC232604FE232404FE232C04FCE0
:100A3000833704FCBC5F3E8785476307F700833735
:100A400004FCBC5F91C30290833704FCFC5F3E87CB
:100A500085476307F700833704FCFC5F91C302906E
:100A6000833704FC83A707083E8785476308F700A0
:100A7000833704FC83A7070891C30290833704FCE3
:100A800083A787083E8785476308F700833704FC00
:100A900083A7870891C30290833704FC83A7C70804
:100AA0003E8785476308F700833704FC83A7C708A0
:100AB00091C30290833704FC83A747093E8785478B
:100AC0006308F700833704FC83A7470991C30290AA
:100AD000833704FC83A787093E8785476308F700AF
:100AE000833704FC83A7870991C30290833704FCF2
:100AF00083A7C7093E8785476308F700833704FC4F
:100B000083A7C70991C30290B70721009387070302
:100B10002324F4FE833704FC83A747093E878547D7
:100B20006318F700832784FE93E727002324F4FE4D
:100B3000032784FEB7071000D98F2324F4FE8337E0
:100B400084FC9C4381CB032784FEB7078000D98FA8
:100B50002324F4FE033784FCB7070200BA9783A767
:100B600087793E8791476317F702833704FC83A791
:100B7000870A9B97270181273E87B7071C00F98FBB
:100B800081273E87B717200893870780D98F2326B0
:100B9000F4FE1DA0833704FC83A7870A9B972701D7
:100BA00081273E87B7071C00F98F81273E87B7074B
:100BB0002000D98F2326F4FE833704FC83A78709FE
:100BC0003E878547630AF700833704FC83A7C7097C
:100BD0003E878547631CF7000327C4FEB7278200C2
:100BE00093872750D98F2326F4FE11A80327C4FE2C
:100BF000B707820093872750D98F2326F4FE8337C7
:100C000004FC83A787083E8785476318F7000327FE
:100C1000C4FEC167D98F2326F4FE833704FC83A763
:100C2000070AADC70327C4FEB7070010D98F2326D4
:100C3000F4FE833704FC83A7070A93F7F70F232AF0
:100C4000F4FC833704FC83A7470A9B97870081271E
:100C50003E87C167FD17F98F1B870700832744FD77
:100C6000D98F232AF4FC833784FC9C4389CB8337B8
:100C700084FC9C6B032744FD23AEE70A01A883375D
:100C800084FC9C67032744FD23AEE70A833784FC7A
:100C90009C4385C7833784FC9C6B032784FE98C3E1
:100CA000833784FC9C6B0327C4FED8C3833784FC42
:100CB0009C670327C4FED8C31DA0833784FC9C67B0
:100CC000032784FE98C3833784FC9C670327C4FEF4
:100CD000D8C3833784FC9C6B0327C4FED8C38337F7
:100CE00084FC9C438DE3833784FC9C6783A70720A7
:100CF0001B870700833784FC9C67BA862167558F62
:100D0000012723A0E720833704FC83A7070DFD8B71
:100D100081273E87B707A00093870770D98F232CC0
:100D2000F4FC032784FDB7070030D98F232CF4FC93
:100D3000032784FDB7070040D98F232CF4FC8337A9
:100D400084FC9C4395C7833784FC9C6B032784FDFC
:100D500098CB833784FC9C6B1307000323A6E74CD6
:100D6000833784FC9C6B1307000323A8E74CB5A0D2
:100D7000833784FC9C67032784FD98CB833784FCEE
:100D80009C671307000323A6E74C833784FC9C670A
:100D90001307000323A8E74C85472320F4FE3DA05A
:100DA000033784FC832604FEA1679387071DB3875E
:100DB000F602BA972167BA9783B7871B1307000A11
:100DC00098C3832704FE85272320F4FE832704FE8F
:100DD0001B8707008D47E3D5E7FC833784FC9C43E2
:100DE000DDEB833784FC938707031B87070083377A
:100DF00084FC9C6713671700012723A0E74483370F
:100E000084FC938707031B870700833784FC9C6758
:100E100013671700012723A2E744833784FC9387D5
:100E200007031B870700833784FC9C671367170041
:100E3000012723A4E744033784FC9967938787E05D
:100E4000BA971B870700833784FC9C6713671700DA
:100E5000012723A0E748033784FC9967938787E03D
:100E6000BA971B870700833784FC9C6713671700BA
:100E7000012723A2E748033784FC9967938787E01B
:100E8000BA971B870700833784FC9C67136717009A
:100E9000012723A4E748833704FC83A747083E873C
:100EA0008D679387078063F8E7008D6793870780D6
:100EB0002322F4FE39A0833704FC83A747082322AA
:100EC000F4FE833784FC9C4381CB833784FC9C6B8A
:100ED000032744FEB8C739A0833784FC9C670327E7
:100EE00044FEB8C7833784FC9C4399C7833784FC8E
:100EF0009C6B7D57D8D781A0232E04FC35A00337E7
:100F000084FC8326C4FDA1679387071DB387F6027F
:100F1000BA972167BA9783B7071A7D5798C3832773
:100F2000C4FD8527232EF4FC8327C4FD1B870700FF
:100F30008D47E3D6E7FC010062742161828039713C
:100F400006FC22F880002334A4FCAE873687A30376
:100F5000F4FCB2872303F4FCBA872312F4FC834722
:100F600074FC13F7F70FFD4763F3E7000290834724
:100F700064FC13F7F70FFD4763F3E70002900337B4
:100F800084FCB7070200BA9783B7077B99CB033776
:100F900084FCB7070200BA9783B7077B2334F4FEBB
:100FA00029A0833784FC2334F4FE834774FC13F7B1
:100FB000F70FFD4763E9E70A834764FC13F7F70F70
:100FC000FD4763E2E70A835744FC81273E87B70762
:100FD0000250D98F8127232EF4FC834774FC81278C
:100FE0009B97770181273E87B707800FF98F1B8773
:100FF00007008327C4FD8127D98F8127232EF4FC86
:10100000834764FC81279B97270181273E87B70789
:101010007C00F98F1B8707008327C4FD8127D98FA8
:101020008127232EF4FCEFC09FD52330A4FE232C70
:1010300004FC832784FD812785278127232CF4FC4A
:10104000833784FE9C679C478127918B8127E5D35A
:10105000833784FE9C670327C4FD0127D8DB033553
:1010600004FEEFC07FD40100E270427421618280EF
:10107000397106FC22F880002334A4FCAE87328745
:10108000A303F4FCBA872303F4FC834774FC13F72F
:10109000F70FFD4763F3E7000290834764FC13F703
:1010A000F70FFD4763F3E7000290033784FCB707AF
:1010B0000200BA9783B7077B99CB033784FCB70745
:1010C0000200BA9783B7077B2334F4FE29A0833745
:1010D00084FC2334F4FE834774FC13F7F70FFD47B9
:1010E00063ECE70C834764FC13F7F70FFD4763E5F8
:1010F000E70CB7070260232EF4FC834774FC8127BA
:101100009B97770181273E87B707800FF98F1B8751
:1011100007008327C4FD8127D98F8127232EF4FC64
:10112000834764FC81279B97270181273E87B70768
:101130007C00F98F1B8707008327C4FD8127D98F87
:101140008127232EF4FCEFC09FC32330A4FE232C61
:1011500004FC832784FD812785278127232CF4FC29
:10116000833784FE9C679C478127918B8127E5D339
:10117000833784FE9C670327C4FD0127D8DB232A1D
:1011800004FC832744FD812785278127232AF4FC3B
:10119000833784FE9C679C478127918B8127E5D309
:1011A000833784FE9C67DC5B8127232EF4FC0335A8
:1011B00004FEEFC07FBF19A0232E04FC8327C4FDCB
:1011C0008127C217C1933E85E270427421618280FB
:1011D000797122F40018233CA4FCAE87232AF4FC86
:1011E000232604FE832744FD1B8707009307D002B4
:1011F00063F3E7000290832744FD1B8707009307F2
:10120000D00263E8E706033784FDB7070200BA9708
:1012100083A7C77881273E87B7D7F1AA9387570559
:101220006319F704833784FD9C439DC3833784FD92
:10123000986B9746020093866664836744FD8E0729
:10124000B6979C638A07BA979C432326F4FE15A0A1
:10125000833784FD986797460200938626628367EA
:1012600044FD8E07B6979C638A07BA979C43232652
:10127000F4FE8327C4FE3E852274456182800111FD
:1012800022EC00102334A4FE833784FE9C4395CFC8
:10129000033784FEB7070200BA9783A7C778812770
:1012A0003E87B7D7F1AA938757056310F7028337B4
:1012B00084FE9C6B9C431B870700833784FE9C6BDA
:1012C00013670702012798C331A8833784FE9C6700
:1012D0009C431B870700833784FE9C6713670702C4
:1012E000012798C30100626405618280397106FCA0
:1012F00022F88000233CA4FCAE872334C4FC2330B6
:10130000D4FC232AF4FCBA872328F4FCA30504FEAA
:10131000033784FDB7070200BA9783A7C7788127F0
:101320003E87B7D7F1AA93875705631DF74A03375E
:1013300084FD836644FDA1679387071DB387F6028A
:10134000BA972167BA9783A707188127B1E30337B4
:1013500084FDB7070200BA9783A7C77B99CF0337ED
:1013600084FD836744FD91078A07BA979C4793F7EA
:10137000F70F3E85EFC0BF9921A8033784FD83672F
:1013800044FD91078A07BA979C473E85EFE0AFBEC0
:10139000833784FC91E30290833784FC8D8B91C367
:1013A0000290033784FD836644FDA1679387071D80
:1013B000B387F602BA972167BA9783A78716812762
:1013C000638A073A832704FD812795EF833784FDDD
:1013D0009C4391CF833784FD9C6B9C431B87070004
:1013E000833784FD9C6B6D9B012798C329A88337A5
:1013F00084FD9C679C431B870700833784FD9C67A3
:101400006D9B012798C3033784FD836644FDA16764
:101410009387071DB387F602BA972167BA9783A708
:1014200087168127FD371B870700833684FD0366F7
:1014300044FDA1679387071DB307F602B697A1661F
:10144000B69723A4E716033784FD836644FDA1679E
:101450009387071DB387F602BA972167BA9783A7C8
:10146000C7162322F4FE832744FE1B870700FD478F
:10147000631FF702833784FC812793E727009B864D
:101480000700033684FD036744FE836544FDBA8785
:101490008607BA978E0721671307071D3387E50272
:1014A000BA97B2971967BA9723A4D7E015A88337DC
:1014B00084FC9B860700033684FD036744FE836536
:1014C00044FDBA878607BA978E0721671307071D61
:1014D0003387E502BA97B2971967BA9723A4D7E082
:1014E000833784FC81939B860700033684FD036762
:1014F00044FE836544FDBA878607BA978E07216745
:101500001307071D3387E502BA97B2971967BA9791
:1015100023A8D7E0033784FD836744FE036644FDB8
:1015200085669386A603B306D602BE968567A9078D
:10153000B6978E07BA97033704FC98E3832704FD18
:101540001B870700FD57631EF712833784FD9C43FA
:10155000D9C7833784FD9C6B9C431B870700833767
:1015600084FD9C6B6D9B012798C3036744FDA167B5
:101570009387071D3307F7029967938707E0BA97A8
:10158000033784FDBA97A1073E87833784FD9C6BA0
:10159000012798CF036744FDA1679387071D330791
:1015A000F7029967938707E0BA97033784FDBA97E4
:1015B000A10713D70702833784FD9C6B012723AA59
:1015C000E74C833784FD9C6B9C431B870700833764
:1015D00084FD9C6B13674700012798C321AA8337BA
:1015E00084FD9C679C431B870700833784FD9C67B1
:1015F0006D9B012798C3036744FDA1679387071D6F
:101600003307F7029967938707E0BA97033784FD9A
:10161000BA97A1073E86033784FD836644FDA16720
:101620009387071DB387F602BA972167BA9783B7E6
:10163000871A1B07060098C3036744FDA1679387B9
:10164000071D3307F7029967938707E0BA970337B7
:1016500084FDBA97A10713D70702833784FD9C67DF
:10166000012723AAE74C833784FD9C679C431B8793
:101670000700833784FD9C6713674700012798C3E1
:1016800095A8832704FD8127B5C7833784FD9C4334
:1016900081CB833784FD9C6B9C432326F4FE39A0C9
:1016A000833784FD9C679C432326F4FE8327C4FE76
:1016B000918B8127A1E3833784FD9C4399CF8337A6
:1016C00084FD9C6B9C431B870700833784FD9C6BC8
:1016D00013674700012798C331A8833784FD9C67AF
:1016E0009C431B870700833784FD9C671367470073
:1016F000012798C3033784FD836644FDA167938760
:10170000071DB387F602BA972167BA9783A7C71652
:10171000812785271B870700833684FD036644FDE8
:10172000A1679387071DB307F602B697A166B69720
:1017300023A6E716033784FD836644FDA1679387DC
:10174000071DB387F602BA972167BA9783A7C71612
:101750008127FD8B1B870700833684FD036644FDCC
:10176000A1679387071DB307F602B697A166B697E0
:1017700023A6E716832704FD1B870700FD57631385
:10178000F706033784FD836644FDA1679387071D31
:10179000B387F602BA972167BA9783A707188127FC
:1017A000B1E3033784FDB7070200BA9783A7C77B6D
:1017B00099CF033784FD836744FD91078A07BA9761
:1017C0009C4793F7F70F3E85EFC00FBD21A8033765
:1017D00084FD836744FD91078A07BA979C473E853D
:1017E000EFD07FD28347B4FE3E85E2704274216120
:1017F00082805D7186E4A2E080082334A4FCAE8779
:10180000233CC4FA2338E4FA2322F4FCB6872320CD
:10181000F4FC832704FC232AF4FC232604FE23245F
:1018200004FE232804FC033784FCB7070200BA97A0
:1018300083A7C77881273E87B7D7F1AA9387570533
:10184000631BF768033784FCB7070200BA9783A7C6
:10185000477981E785472324F4FE832744FD63D538
:10186000070085472324F4FE032744FDB7070080C3
:1018700093C7F7FFF98F232AF4FC033784FC8366B0
:1018800044FCA1679387071DB387F602BA972167C7
:10189000BA9783A707188127B1E3033784FCB707FA
:1018A0000200BA9783A7C77B99CF033784FC83676D
:1018B00044FC91078A07BA979C4793F7F70F3E8538
:1018C000EFC0EFC421A8033784FC836744FC910771
:1018D0008A07BA979C473E85EFD0FFE9833784FBA0
:1018E00091E30290832744FD812791E3029083379F
:1018F00084FB8D8B91C30290833784FC9C4389CFFA
:10190000833784FC9C6B2330F4FE833784FC9C6B10
:10191000D107233CF4FC21A8833784FC9C67233047
:10192000F4FE833784FC9C67D107233CF4FC033727
:1019300084FC836644FCA1679387071DB387F60286
:10194000BA972167BA9783A7071681273E8793071F
:10195000903E6310F72E033784FC836644FCA16736
:101960009387071DB387F602BA972167BA9723AE0C
:101970000716833704FE9C438127A18B812785E7C7
:10198000833704FE9C43812793E787001B8707006A
:10199000833704FE98C301A8832704FD8127852788
:1019A00081272328F4FC833784FD9C438127A18B66
:1019B0008127FDF3036744FCA1679387071DB307E5
:1019C000F70293870703033784FCBA971B86070047
:1019D000033784FC836644FCA1679387071DB387A4
:1019E000F602BA972167BA9783B7071B3287136746
:1019F0001700012798C3033784FC836644FCA16762
:101A00009387071DB387F602BA972167BA9783A712
:101A100007168127FD371B870700833684FC036682
:101A200044FCA1679387071DB307F602B697A1662A
:101A3000B69723A0E716033784FC836644FCA167AE
:101A40009387071DB387F602BA972167BA9723A237
:101A50000716833784FB1B870700833684FC0366E5
:101A600044FCA1679387071DB307F602B69798DB7E
:101A7000032744FD9167FD17F98F81273E87A167F2
:101A8000D98F1B870700833684FC036644FCA1675B
:101A90009387071DB307F602B697D8DB832784FE2A
:101AA00081278DCF033784FC836644FCA16793872D
:101AB000071DB387F602BA97DC5B81273E87C167B3
:101AC000D98F1B870700833684FC036644FCA1671B
:101AD0009387071DB307F602B697D8DB833784FBDD
:101AE00081931B870700833684FC036644FCA1674F
:101AF0009387071DB307F602B69798DF033784FC78
:101B0000836644FCA1679387071DB387F602BA97E3
:101B100023AE0702033784FC836644FCA1679387E6
:101B2000071DB387F602BA97378700C0F8C7033797
:101B300084FC836644FCA1679387071DB387F60284
:101B4000BA971967BA97033704FB23B4E710036702
:101B500044FCA1679387071DB307F7029387070328
:101B6000033784FCBA973E86033784FC836644FCC3
:101B7000A1679387071DB387F602BA972167BA97C3
:101B800083B7071B1B07060098C3832744FC8127E4
:101B900095C3833784FC938707039B86070003372D
:101BA00084FCA167BA9783B7071B368713671700B2
:101BB000012798C3232804FC01A8832704FD81275B
:101BC000852781272328F4FC832704FD81273E876E
:101BD000A147E314F7FE833704FE9C43812793E774
:101BE00007201B870700833704FE98C3033784FC54
:101BF000836644FCA1679387071DB387F602BA97F3
:101C00002167BA9703B7871C836744FD3E978336E5
:101C100084FC036644FCA1679387071DB307F602A3
:101C2000B697A166B69723B4E71C85472326F4FE32
:101C300091A4833704FE9C438127A18B8127F5EB78
:101C4000033784FC836644FCA1679387071DB38731
:101C5000F602BA972167BA9783B7871F13871700D1
:101C6000833684FC036644FCA1679387071DB30792
:101C7000F602B697A166B69723BCE71E833704FE2B
:101C80009C43812793E787001B870700833704FE67
:101C900098C3036744FCA1679387071DB307F70246
:101CA00093870703033784FCBA973E86033784FC87
:101CB000836644FCA1679387071DB387F602BA9732
:101CC0002167BA9783B7071B1B07060098C38327B2
:101CD00044FC812795C3833784FC938707039B8645
:101CE0000700033784FCA167BA9783B7071B3687C1
:101CF00013671700012798C3232804FC01A8832732
:101D000004FD8127852781272328F4FC832704FDF0
:101D100081273E87A147E314F7FE833704FE9C43E7
:101D2000812793E707201B870700833704FE98C3AA
:101D300091A8033784FC836644FCA1679387071D41
:101D4000B387F602BA972167BA9783B7071F13873D
:101D50001700833684FC036644FCA1679387071D44
:101D6000B307F602B697A166B69723B8E71E833786
:101D700004FE9C43812793E707201B8707008337D6
:101D800004FE98C3033784FC836644FCA1679387F1
:101D9000071DB387F602BA97DC5B8127812763D6DC
:101DA0000708033784FC836644FCA1679387071DFB
:101DB000B387F602BA972167BA9783A7C717852713
:101DC0001B870700833684FC036644FCA167938766
:101DD000071DB307F602B697A166B69723AEE716BE
:101DE000033784FC836644FCA1679387071DB38790
:101DF000F602BA972167BA9783A7C7173E878D4720
:101E000063F5E702033784FC836644FCA16793878C
:101E1000071DB387F602BA972167BA971307903E5A
:101E200023A0E716F9572326F4FE033784FC8366C4
:101E300044FCA1679387071DB387F602BA97DC5B62
:101E400081273E87B707703CF98F812785C7033705
:101E500084FC836644FCA1679387071DB387F60261
:101E6000BA972167BA971307903E23A0E716F55754
:101E70002326F4FE033784FC836644FCA167938722
:101E8000071DB387F602BA972167BA9783A7071889
:101E90008127B1E3033784FCB7070200BA9783A711
:101EA000C77B99CF033784FC836744FC91078A077B
:101EB000BA979C4793F7F70F3E85EFB0FFCD21A867
:101EC000033784FC836744FC91078A07BA979C47D1
:101ED0003E85EFD04FE38327C4FE3E85A6600664AF
:101EE00061618280411106E422E0000881451715F6
:101EF00012001305A516EF00E04981473E85A26058
:101F0000026441018280411106E422E00008854517
:101F10001715120013058514EF00C04781473E8551
:101F2000A260026441018280411106E422E00008BF
:101F300089451715120013056512EF00A04581476A
:101F40003E85A260026441018280411106E422E0E4
:101F500000088D451715120013054510EF0080434A
:101F600081473E85A260026441018280411106E4FE
:101F700022E00008814517050E001305250CEF002F
:101F8000604181473E85A260026441018280411127
:101F900022E40008971712009387470C986785671B
:101FA000BA971307F00323A0E7F281473E85226426
:101FB00041018280411106E422E000088145172595
:101FC00014001305A58AEF00E03C81473E85A2601E
:101FD000026441018280411106E422E00008854547
:101FE0001725140013058588EF00C03A81473E8508
:101FF000A260026441018280411106E422E00008EF
:1020000089451725140013056586EF00A038814720
:102010003E85A260026441018280411106E422E013
:1020200000088D451725140013054584EF00803600
:1020300081473E85A260026441018280411106E42D
:1020400022E0000881451715100013052580EF00D8
:10205000603481473E85A260026441018280411163
:1020600022E40008972714009387478098678567C4
:10207000BA971307F00323A0E7F281473E85226455
:1020800041018280411122E40008971712009387D2
:10209000E7FC98678567BA971307F00323A0E7F278
:1020A0000100226441018280411106E422E000081F
:1020B000814517050E00130565F8EF00A02D0100FE
:1020C000A260026441018280411106E422E000081E
:1020D0008D4517151200130565F8EF00A02B0100C0
:1020E000A260026441018280411106E422E00008FE
:1020F000894517151200130565F6EF00A0290100A8
:10210000A260026441018280411106E422E00008DD
:10211000854517151200130565F4EF00A02701008F
:10212000A260026441018280411106E422E00008BD
:10213000814517151200130565F2EF00A025010077
:10214000A260026441018280411122E400089717D5
:1021500012009387A7F098678567BA971307F00373
:1021600023A0E7F20100226441018280411106E4CC
:1021700022E00008814517050E00130525ECEF004D
:1021800060210100A260026441018280411106E4E5
:1021900022E000088D4517151200130525ECEF000D
:1021A000601F0100A260026441018280411106E4C7
:1021B00022E00008894517151200130525EAEF00F3
:1021C000601D0100A260026441018280411106E4A9
:1021D00022E00008854517151200130525E8EF00D9
:1021E000601B0100A260026441018280411106E48B
:1021F00022E00008814517151200130525E6EF00BF
:1022000060190100A260026441018280411122E450
:102210000008971714009387676598678567BA97D2
:102220001307F00323A0E7F201002264410182803A
:10223000411106E422E0000881451705100013054E
:10224000E560EF0020150100A26002644101828078
:10225000411106E422E000088D451715140013050E
:10226000E560EF0020130100A2600264410182805A
:10227000411106E422E000088945171514001305F2
:10228000E55EEF0020110100A2600264410182803E
:10229000411106E422E000088545171514001305D6
:1022A000E55CEF00200F0100A26002644101828022
:1022B000411106E422E000088145171514001305BA
:1022C000E55AEF00200D0100A26002644101828006
:1022D000411122E400089717140093872759986743
:1022E0008567BA971307F00323A0E7F20100226481
:1022F00041018280411106E422E000088145170572
:1023000010001305A554EF00E0080100A26002646C
:1023100041018280411106E422E000088D45171535
:1023200014001305A554EF00E0060100A26002644A
:1023300041018280411106E422E000088945171519
:1023400014001305A552EF00E0040100A26002642E
:1023500041018280411106E422E0000885451715FD
:1023600014001305A550EF00E0020100A260026412
:1023700041018280411106E422E0000881451715E1
:1023800014001305A54EEF00E0000100A2600264F6
:10239000410182805D7186E4A2E08008233CA4FABA
:1023A0002338B4FA033704FBA1679387071DB307EB
:1023B000F70293870703033784FBBA97233CF4FCA7
:1023C000033784FDA167BA97054723A8E7140337AD
:1023D00084FDA167BA9783B787152338F4FC833748
:1023E00004FD9C4381272326F4FC833784FB9C4314
:1023F00099CF833784FB9C6B938707022334F4FEC9
:10240000833784FB9C6BD1072330F4FE31A88337DC
:1024100084FB9C67938707022334F4FE833784FB95
:102420009C67D1072330F4FE8327C4FC8127898B66
:1024300081278DC7833784FE094798C3833704FDFE
:10244000094798C3833504FB033584FBEF00803ACA
:10245000033784FDA167BA9723A407148327C4FC1C
:10246000812793F7070881278DCB833704FE9C4390
:10247000812793F7070281278DC3833704FE130753
:10248000000298C3833704FD1307000898C38335FF
:1024900004FB033584FBEF0040568327C4FC8127EF
:1024A00093F7D7F78127638207288327C4FC812706
:1024B00093F707408127B9C7833784FE114798C334
:1024C000833704FD1307004098C3033784FDA167D9
:1024D000BA9783A7871485271B870700833684FD57
:1024E000A167B69723A4E714033784FDA167BA97C1
:1024F00083B7071A13871700833684FDA167B69741
:1025000023B0E71A8327C4FC8127918B8127A1CFB1
:10251000833784FE054798C3833704FD114798C36A
:10252000833504FB033584FBEF00C02C033784FDA7
:10253000A167BA9783B7071A13871700833684FDFC
:10254000A167B69723B0E71A033784FDA167BA974E
:1025500083A7871485271B870700833684FDA1671F
:10256000B69723A4E7148327C4FC81273E87856799
:1025700093870780F98F8127ADCF833784FE21476A
:1025800098C3833704FE1307001098C3833704FDF4
:1025900005671307078098C3833784FB9C4399CF53
:1025A000833784FB9C6B9C431B870700833784FB2A
:1025B0009C6B13674700012798C331A8833784FBBE
:1025C0009C679C431B870700833784FB9C671367CA
:1025D0004700012798C3033784FDA167BA9783B7E3
:1025E000871A13871700833684FDA167B69723B433
:1025F000E71A8327C4FC81273E879167F98F8127DB
:102600008DC7833704FD116798C3033784FBB70771
:102610000200BA9783B7077713871700833684FBC6
:10262000B7070200B69723B8E7768327C4FC812753
:102630003E878967F98F81278DC7833704FD096736
:1026400098C3033784FBB7070200BA9783B70778AC
:1026500013871700833684FBB7070200B69723B0B1
:10266000E7788327C4FC81273E878567F98F812718
:102670008DC7833704FD056798C3033784FBB7070D
:102680000200BA9783B7877713871700833684FBD6
:10269000B7070200B69723BCE7768327C4FC8127DF
:1026A0003E87E17793879737F98F81272326F4FCBC
:1026B0008327C4FC8127B5CB8327C4FC812793F7EC
:1026C00007048127B1C7833704FD1307000498C3AB
:1026D000833704FE414798C3833784FE1307000401
:1026E00098C3033784FDA167BA9783B7871B138705
:1026F0001700833684FDA167B69723BCE71A03371A
:1027000084FDA167BA971307903E23A8E71231A86A
:1027100085472330F4FC029031A0833704FC850701
:102720002330F4FC833704FCEDFB033784FDA16701
:10273000BA9723A807140100A6600664616182802D
:10274000797122F400182334A4FEAE87233CC4FC24
:102750002322F4FE033784FEB7070200BA9783A74B
:10276000C77881273E87B7D7F1AA938757056312A9
:10277000F702033784FE836644FEA1679387071D33
:10278000B387F602BA972167BA97033784FD23B857
:10279000E7140100227445618280797122F40018E7
:1027A0002334A4FEAE87233CC4FC2322F4FE03376B
:1027B00084FEB7070200BA9783A7C77881273E87B0
:1027C000B7D7F1AA938757056312F702033784FE40
:1027D000836644FEA1679387071DB387F602BA9705
:1027E0002167BA97033784FD23BCE71401002274E4
:1027F000456182805D7186E4A2E08008233CA4FAF2
:102800002338B4FA033704FBA1679387071DB30786
:10281000F70293870703033784FBBA97233CF4FC42
:10282000033784FDA167BA9783A7071481271397FD
:1028300007020193BA878607BA978E0719671307AD
:1028400007DDBA97033784FDBA97A1072334F4FE56
:10285000930700022330F4FE833784FE9C43858B6C
:10286000812763820716033784FDA167BA9783A780
:102870008713812785271B870700833684FDA1677F
:10288000B69723ACE712833784FE9C431397070265
:10289000019385478217E117F98F2338F4FC8337BA
:1028A00084FE9C47821781938217033704FDD98FDA
:1028B0002338F4FC833704FD2334F4FC833784FE8F
:1028C000DC4381273E879167FD17F98F2322F4FCB3
:1028D000033784FDA167BA9703B70719836744FCE0
:1028E0003E97833684FDA167B69723B8E718033770
:1028F00084FDA167BA9703B88712833704FB9B85D1
:102900000700033784FDA167BA9783A707148127BF
:10291000033784FD93960702819285679107B697E6
:102920008E07BA979C63832644FC033784FE0336E4
:1029300084FC033584FB0298033784FDA167BA97B2
:1029400083A70714812785271B870700833684FD0B
:10295000A167B69723A0E714033784FDA167BA9750
:1029600083A707148127FD8B1B870700833684FD0F
:10297000A167B69723A0E714033784FDA167BA9730
:1029800083A707148127139707020193BA87860745
:10299000BA978E071967130707DDBA97033784FDC7
:1029A000BA97A1072334F4FE833704FEFD172330C2
:1029B000F4FE833784FE9C43858B812789C7833748
:1029C00004FEE39207EA833784FB9C679C438127DC
:1029D000918B812791EF833784FB9C679C431B87F6
:1029E0000700833784FB9C6713674700012798C360
:1029F0000100A660066461618280397106FC22F8DC
:102A000080002334A4FC2330B4FC033704FCA1670A
:102A10009387071DB307F70293870703033784FCE7
:102A2000BA97233CF4FC033784FDA167BA9783A7C8
:102A300047138127139707020193BA878607BA972E
:102A40008E07033784FDBA972334F4FE232204FE55
:102A5000D5A8033784FDA167BA9783A707138127F9
:102A60003E879307903E6315F702833784FD9B866C
:102A70000700033784FDA167BA9783B70718368725
:102A800013671700012798C385472322F4FE5DA82A
:102A9000833784FEDC438127812763D2070A03370B
:102AA00084FDA167BA9783B70712A1C7033784FDD6
:102AB000A167BA9703B80712833704FC9B85070008
:102AC000033784FDA167BA9783A74713812703378C
:102AD00084FD93960702819285679387A7C1B69775
:102AE0008E07BA979C67BE86033684FE033584FC46
:102AF0000298033784FDA167BA9783A7071381273C
:102B000085271B870700833684FDA167B69723A816
:102B1000E712833784FEE1072334F4FE033784FD94
:102B2000A167BA9783A74713812785271B870700CB
:102B3000833684FDA167B69723AAE71221A08547B3
:102B40002322F4FE832744FE812781D70100E2700F
:102B5000427421618280797122F40018233CA4FC24
:102B6000232404FE01A2232604FE41A0833684FD13
:102B70000367C4FE032684FEBA878607BA978E07CA
:102B800021671307071D3307E602BA97B69723A8F4
:102B90000702833684FD0367C4FE032684FEBA87DA
:102BA0008607BA978E0721671307071D3307E602CA
:102BB000BA97B69723AC0702833684FD0367C4FE39
:102BC000032684FEBA878607BA978E072167130704
:102BD000071D3307E602BA97B69737070080D8DBA0
:102BE0008327C4FE85272326F4FE8327C4FE1B8784
:102BF00007009307803EE3FBE7F68327C4FEFD371B
:102C00002326F4FE833684FD0367C4FE032684FE78
:102C1000BA878607BA978E0721671307071D330700
:102C2000E602BA97B697DC5B81273E87B70700407C
:102C3000D98F9B860700033684FD0367C4FE832576
:102C400084FEBA878607BA978E0721671307071D88
:102C50003387E502BA97B297D4DB832784FE8527B2
:102C60002324F4FE832784FE1B8707008D47E3DCC3
:102C7000E7EE0100227445618280797122F4001828
:102C8000233CA4FC232404FE39A2232604FE69A0CD
:102C9000833684FD0367C4FE032684FEBA87860755
:102CA000BA978E0721671307071D3307E602BA9705
:102CB000B6971967BA9723A407E0833684FD0367A4
:102CC000C4FE032684FEBA878607BA978E0721675B
:102CD0001307071D3307E602BA97B6971967BA9725
:102CE00023A807E0833684FD0367C4FE032684FE21
:102CF000BA878607BA978E0721671307071D330720
:102D0000E602BA97B6971967BA9723A607E0832712
:102D1000C4FE85272326F4FE8327C4FE1B870700F5
:102D2000FD47E3F7E7F68327C4FEFD372326F4FECD
:102D3000833684FD0367C4FE032684FEBA878607B4
:102D4000BA978E0721671307071D3307E602BA9764
:102D5000B6971967BA9783A787E093E727009B8602
:102D60000700033684FD0367C4FE832584FEBA870B
:102D70008607BA978E0721671307071D3387E50279
:102D8000BA97B2971967BA9723A4D7E0832784FE2E
:102D900085272324F4FE832784FE1B8707008D47A5
:102DA000E3D5E7EE0100227445618280797106F473
:102DB00022F00018233CA4FC2338B4FC833704FD24
:102DC00091E30290833704FD6387071A833784FDFC
:102DD0006383071A033784FDB70702009387077CD4
:102DE000BA971946833504FD3E85EFF0A14B833732
:102DF00004FD8D0783C7070081279B978701232642
:102E0000F4FE833704FD890783C7070081279B975A
:102E100007011B8707008327C4FED98F2326F4FEF2
:102E2000833704FD850783C7070081279B978700A9
:102E30001B8707008327C4FED98F2326F4FE833720
:102E400004FD83C707001B8707008327C4FED98FB3
:102E50002326F4FE833704FD950783C707008127E7
:102E60009B9787002324F4FE833704FD910783C7D3
:102E700007001B870700832784FED98F2324F4FED5
:102E8000833784FD9C43ADCF833784FD9C6B032740
:102E9000C4FE23A4E708833784FD9C6B032784FECC
:102EA00023A6E708033784FDB7070200BA9783A774
:102EB000C77881273E87B7D7F1AA93875705630C58
:102EC000F70A833784FD9C6B23AA0708833784FDA8
:102ED0009C6B23A80708833784FD9C6B23AE0708EF
:102EE000833784FD9C6B23AC0708833784FD9C6B80
:102EF00023A2070A833784FD9C6B23A0070AA5A899
:102F0000833784FD9C670327C4FE23A4E708833727
:102F100084FD9C67032784FE23A6E708033784FD0E
:102F2000B7070200BA9783A7C77881273E87B7D72C
:102F3000F1AA938757056300F704833784FD9C67E4
:102F400023AA0708833784FD9C6723A807088337D3
:102F500084FD9C6723AE0708833784FD9C6723AC00
:102F60000708833784FD9C6723A2070A833784FD03
:102F70009C6723A0070A0100A27002744561828049
:102F8000011122EC00102334A4FE033784FEB7079E
:102F90000200BA9783A787793E87A147631CF70091
:102FA000833784FE9C4399E7833784FE9C672567BB
:102FB00023A0E720033784FEB7070200BA9783A750
:102FC00087793E879147631CF700833784FE9C43D3
:102FD00099E7833784FE9C67256723A0E7200100DB
:102FE000626405618280797106F422F00018233C46
:102FF000A4FCE1679387076A2320F4FE033784FD6E
:10300000B7070200BA9783B6877F130794FE93072A
:1030100044FE3A86BE85033584FD8296AA87A307BF
:10302000F4FE8347F4FE13F7F70F85476316F70A9C
:10303000033784FDB7070200BA9783A787793E87D5
:103040009147631BF708833784FD9C6783A707209C
:1030500081272316F4FE0357C4FE8567D98F2316F4
:10306000F4FE833784FD9C670357C4FE012723A029
:10307000E7208357C4FE93E707202316F4FE833727
:1030800084FD9C670357C4FE012723A0E7208337F4
:1030900084FD9C6783A7472081272316F4FE83576E
:1030A000C4FE93F707022315F4FE832704FE81274D
:1030B000FD3781272320F4FE8357A4FE812789E76B
:1030C000832704FE8127E1F78357C4FE1B8707008F
:1030D000C167FD17E30DF7FA0100A27002744561A4
:1030E0008280011106EC22E800102334A4FE233074
:1030F000B4FEB7170200138607818145033584FEAD
:10310000EFF0011E833704FE03A7070B833684FE0E
:10311000B7070200B69723ACE77A833704FE03A70C
:10312000470B833684FEB7070200B69723AEE77AD3
:10313000033784FE97071200938747F26313F71251
:10314000833704FE83A7070B9DEB833784FE370785
:10315000112098E7833784FE3717112098EBB727A3
:10316000002083A707081B870700B7270020BA861F
:1031700041777D17758F012723A0E7080DA88337B6
:1031800084FE3707112898E7833784FE3717112804
:1031900098EBB727002083A707081B870700B727EE
:1031A0000020BA864167558F012723A0E70803371F
:1031B00084FEB7070200BA9783A7C77BB1CB13057C
:1031C0000004EFC04FDB13051004EFC0CFDA130586
:1031D0002004EFC04FDA13053004EFC0CFD9130538
:1031E0005004EFC04FD9833784FE214798CF8337EF
:1031F00084FE1D47D8CF833784FE194798D3833781
:1032000084FE1547D8D3833784FE0D4798D759AE2F
:103210002145EFA0DFAF1D45EFA07FAF1945EFA01F
:103220001FAF1545EFA0BFAE0D45EFA05FAE8337D2
:1032300084FE1307000498CF833784FE130710041D
:10324000D8CF833784FE1307200498D3833784FEB6
:1032500013073004D8D3833784FE1307500498D75C
:1032600091A6033784FE97071400938727606314A1
:10327000F712833704FE83A7070B9DEB833784FE89
:103280003727112098E7833784FE3737112098EBD2
:10329000B727002083A707081B870700B727002050
:1032A000BA8601777D17758F012723A0E70815A837
:1032B000833784FE3727112898E7833784FE373712
:1032C000112898EBB727002083A707081B87070062
:1032D000B7270020BA8637070200558F012723A0A1
:1032E000E708033784FEB7070200BA9783A7C77BB6
:1032F000B1CB13056004EFC00FC813057004EFC015
:103300008FC713058004EFC00FC713059004EFC0EB
:103310008FC61305B004EFC00FC6833784FE214764
:1033200098CF833784FE1D47D8CF833784FE194753
:1033300098D3833784FE1547D8D3833784FE0D474F
:1033400098D78DA42145EFA09F9C1D45EFA03F9CE1
:103350001945EFA0DF9B1545EFA07F9B0D45EFA022
:103360001F9B833784FE1307600498CF833784FE46
:1033700013077004D8CF833784FE1307800498D3D3
:10338000833784FE13079004D8D3833784FE130752
:10339000B00498D701AC033784FE97F70D009387EC
:1033A000E7C96310F710833784FE054798C3970772
:1033B00012009387A7CA9C6791CF170712001307C3
:1033C000E7C9B7070200BA9703A7877B833704FED4
:1033D00023A8E70A833704FE83A7070B9DEB8337F7
:1033E00084FE3707112098E7833784FE37171120B2
:1033F00098EBB727002083A707081B870700B7278C
:103400000020BA8641777D17758F012723A0E70832
:1034100019A8833784FE3707112898E7833784FE7D
:103420003717112898EB033784FEB7070200BA97C5
:1034300083A7C77B95CF13054004EFC0CFB3833775
:1034400084FE114798CF833784FE1307F007D8CF47
:10345000833784FE1307F00798D3833784FE13075E
:10346000F007D8D3833784FE1307F00798D71DAA37
:103470001145EFA0DF89833784FE1307400498CFFE
:10348000833784FE23AE0700833784FE23A0070220
:10349000833784FE23A20702833784FE23A4070216
:1034A00011A2033784FE97F70F009387273A631B17
:1034B000F70E833784FE054798C3833704FE83A73E
:1034C000070B9DEB833784FE3727112098E783375E
:1034D00084FE3737112098EBB727002083A7070811
:1034E0001B870700B7270020BA8601777D17758FE5
:1034F000012723A0E70815A8833784FE3727112862
:1035000098E7833784FE3737112898EBB7270020D8
:1035100083A707081B870700B7270020BA8637074D
:103520000200558F012723A0E708033784FEB70761
:103530000200BA9783A7C77B95CF1305A004EFC0FD
:103540008FA3833784FE114798CF833784FE1307F8
:10355000F007D8CF833784FE1307F00798D383375B
:1035600084FE1307F007D8D3833784FE1307F007D0
:1035700098D70DA81145EFA08FF9833784FE130764
:10358000A00498CF833784FE23AE0700833784FEE0
:1035900023A00702833784FE23A20702833784FE19
:1035A00023A40702833784FE9C43639E0726833748
:1035B00084FE9C6713874702833684FEA167B69713
:1035C00023B4E718833784FE9C671387074083364C
:1035D00084FEC167B69723BCE734833784FE9C67BB
:1035E00013874740833684FEE167B69723B4E752DA
:1035F000833784FE9C6713878740833684FEB70732
:103600000200B69723BCE76E833784FE9C6713875E
:103610000703833684FEA167B69723B8E71883377C
:1036200084FE9C6713870764833684FEC167B69760
:1036300023B0E736833784FE9C671387476483365D
:1036400084FEE167B69723B8E752833784FE9C6710
:1036500013878764833684FEB7070200B69723B0CA
:10366000E770833784FE9C6713878702833684FE66
:10367000A167B69723BCE718833784FE9C6713873E
:103680000760833684FEC167B69723B4E736833775
:1036900084FE9C6713874760833684FEE167B69794
:1036A00023BCE752833784FE9C6713878760833689
:1036B00084FEB7070200B69723B4E770833784FE11
:1036C0009C671387C702833684FEA167B69723B031
:1036D000E71A833784FE9C6713870762833684FE6C
:1036E000C167B69723B8E736833784FE9C67138794
:1036F0004762833684FEE167B69723B0E754833789
:1037000084FE9C6713878762833684FEB7070200B6
:10371000B69723B8E770833784FE9C6713878701C9
:10372000833684FEA167B69723B4E71A833784FEF5
:103730009C6713870748833684FEC167B69723BC0E
:10374000E736833784FE9C6713874748833684FEB9
:10375000E167B69723B4E754833784FE9C671387E9
:103760008748833684FEB7070200B69723BCE7700C
:10377000833784FE9C671387C701833684FEA16765
:10378000B69723B8E71A833784FE9C6713870744EC
:10379000833684FEC167B69723B0E738833784FE4B
:1037A0009C6713874744833684FEE167B69723B846
:1037B000E754833784FE9C6713878744833684FEEF
:1037C000B7070200B69723B0E772833784FE9C6781
:1037D0001387074A833684FEA167B69723BCE71A8E
:1037E000833784FE9C671387074A833684FEC1674C
:1037F000B69723B4E738833784FE9C671387474A1C
:10380000833684FEE167B69723BCE754833784FE92
:103810009C671387874A833684FEB7070200B697F2
:1038200023B4E772A5AC833784FE9C6B13874702F1
:10383000833684FEA167B69723B4E718833784FEE6
:103840009C6B13874702833684FEC167B69723BCFF
:10385000E734833784FE9C6B13874702833684FEEC
:10386000E167B69723B4E752833784FE9C6B1387D6
:103870004702833684FEB7070200B69723BCE76E83
:10388000833784FE9C6B13870703833684FEA1670E
:10389000B69723B8E718833784FE9C6B138707031A
:1038A000833684FEC167B69723B0E736833784FE3C
:1038B0009C6B13870703833684FEE167B69723B8B2
:1038C000E752833784FE9C6B13870703833684FE9D
:1038D000B7070200B69723B0E770833784FE9C6B6E
:1038E00013878702833684FEA167B69723BCE71847
:1038F000833784FE9C6B13878702833684FEC167FF
:10390000B69723B4E736833784FE9C6B1387870210
:10391000833684FEE167B69723BCE752833784FE83
:103920009C6B13878702833684FEB7070200B69725
:1039300023B4E770833784FE9C6B1387C7028336FA
:1039400084FEA167B69723B0E71A833784FE9C6B89
:103950001387C702833684FEC167B69723B8E7365C
:10396000833784FE9C6B1387C702833684FEE1672E
:10397000B69723B0E754833784FE9C6B1387C70246
:10398000833684FEB7070200B69723B8E770833703
:1039900084FE9C6B13878701833684FEA167B697EC
:1039A00023B4E71A833784FE9C6B13878701833621
:1039B00084FEC167B69723BCE736833784FE9C6BD1
:1039C00013878701833684FEE167B69723B4E754F3
:1039D000833784FE9C6B13878701833684FEB70789
:1039E0000200B69723BCE770833784FE9C6B138775
:1039F000C701833684FEA167B69723B8E71A8337D9
:103A000084FE9C6B1387C701833684FEC167B6971B
:103A100023B0E738833784FE9C6B1387C701833656
:103A200084FEE167B69723B8E754833784FE9C6B26
:103A30001387C701833684FEB7070200B69723B009
:103A4000E772833784FE9C671387074A833684FEB8
:103A5000A167B69723BCE71A833784FE9C67138758
:103A6000074A833684FEC167B69723B4E7388337A5
:103A700084FE9C671387474A833684FEE167B697C6
:103A800023BCE754833784FE9C671387874A8336B9
:103A900084FEB7070200B69723B4E7720100E26024
:103AA000426405618280011122EC00102334A4FEDF
:103AB000AE87A303F4FE01006264056182800111F8
:103AC00022EC00102334A4FEAE8732872322F4FEBA
:103AD000BA872320F4FE010062640561828001112F
:103AE00022EC00102334A4FE010062640561828090
:103AF000011122EC00102334A4FE01006264056170
:103B00008280397122FC8000233CA4FC2338B4FC61
:103B10002334C4FC8547A307F4FE833784FC0547A0
:103B20002380E700833704FD094798C38347F4FEE9
:103B30003E85627421618280011122EC00102334E1
:103B4000A4FEAE8732872313F4FEBA872312F4FE55
:103B500081473E85626405618280011122EC00107C
:103B60002334A4FEAE8736872313F4FEB2872312D4
:103B7000F4FEBA872311F4FE0100626405618280BD
:103B80005D7186E4A2E026FC8008233CA4FA232E83
:103B900004FCB9A8EFA0AF9EAA872330F4FC03373A
:103BA00084FBB7070200BA9783A7077A93F7F70F4A
:103BB0000327C4FD1377F70F3A86BE85033584FBD0
:103BC000EFD00FCBAA87BE8617071600130707751D
:103BD0008327C4FD8607BA972390D700833704FC58
:103BE0003E85EFA06F9C8327C4FD8527232EF4FC20
:103BF0008327C4FD1B870700FD47E3DDE7F8C147C6
:103C0000232EF4FCC9A8EFA08F97AA872330F4FCD9
:103C1000033784FBB7070200BA9783A7077A93F7A5
:103C2000F70F7D46BE85033584FBEFD06FC4AA87AE
:103C30002317F4FC033784FBB7070200BA9783A766
:103C4000077A13F7F70F8567938637A47D46BA8501
:103C5000033584FBEFD0AFAE033784FBB707020018
:103C6000BA9783A7077A13F7F70F8327C4FD93F654
:103C7000F70F8327C4FDC1379B8407003686BA85BA
:103C8000033584FBEFD0CFBEAA87BE861707160088
:103C90001307C75293971400BA972390D70003379E
:103CA00084FBB7070200BA9783A7077A93F7F70F49
:103CB0000357E4FCBA867D46BE85033584FBEFD00E
:103CC0000FA8833704FC3E85EFA00F8E8327C4FD29
:103CD0008527232EF4FC8327C4FD1B870700FD479F
:103CE000E3D3E7F2EFA0AF89AA872330F4FC0337D0
:103CF00084FBB7070200BA9783A7077A93F7F70FF9
:103D00003546BE85033584FBEFD08FB6AA872316D0
:103D1000F4FC033784FBB7070200BA9783A7077A3E
:103D200013F7F70F977702009387470983D70700A8
:103D3000BE863546BA85033584FBEFD04FA00337E6
:103D400084FBB7070200BA9783A7077A93F7F70FA8
:103D50003946BE85033584FBEFD08FB1AA87231582
:103D6000F4FC833704FC3E85EFA00F84232E04FC73
:103D700009A2EFA0CF80AA872330F4FC033784FB8D
:103D8000B7070200BA9783A7077A93F5F70F17775B
:103D900002001307A7028327C4FD8607BA9783D7BB
:103DA0000700BE863546033584FBEFD04F990337B5
:103DB00084FBB7070200BA9783A7077A93F5F70F3A
:103DC0008327C4FD8527812717770200130707FF84
:103DD0008607BA9783D70700BE863946033584FB2A
:103DE000EFD0EF95033784FBB7070200BA9783A79C
:103DF000077A93F5F70F17770200130727FC83273D
:103E0000C4FD8607BA9703D707009167D98FC217F9
:103E1000C193BE863546033584FBEFD04F920337FE
:103E200084FBB7070200BA9783A7077A13F7F70F47
:103E30008327C4FD9BD717409B8407003946BA856A
:103E4000033584FBEFD0CFA2AA87BE8617071600E2
:103E50001307C75093971400BA972390D70083375E
:103E600004FC3E85EF905FF48327C4FD8927232E51
:103E7000F4FC17770200130767F48327C4FD860755
:103E8000BA9783D707001B870700C167FD17E312A6
:103E9000F7EEEF90DFEEAA872330F4FC033784FBC4
:103EA000B7070200BA9783A7077A13F7F70F977738
:103EB00002009387A7F083D70700BE863546BA85F0
:103EC000033584FBEFD0AF87033784FBB7070200CD
:103ED000BA9783A7077A93F7F70F0357A4FCBA861C
:103EE0003946BE85033584FBEFD06F85033784FBED
:103EF000B7070200BA9783A7077A93F7F70F03571C
:103F0000C4FCBA863546BE85033584FBEFD02F83CB
:103F1000833704FC3E85EF903FE9232E04FCA9A0E3
:103F2000033784FBB7070200BA9783A7477A93F752
:103F3000F70F0327C4FD1377F70F3A86BE850335C5
:103F400084FBEFD0EF92AA87BE86170716001307EF
:103F5000E7418327C4FD8607BA972390D7008327BC
:103F6000C4FD8527232EF4FC8327C4FD1B8707008F
:103F7000C147E3D7E7FAB70711202338F4FC232E13
:103F800004FC3DA0833704FD9843970616009386F2
:103F9000E6248327C4FD8A07B69798C3833704FDB8
:103FA00091072338F4FC8327C4FD8527232EF4FCD6
:103FB0008327C4FD1B870700C947E3D5E7FCB70784
:103FC000000C2338F4FC232E04FC3DA0833704FDB1
:103FD0009843970616009386660A8327C4FD8A07CE
:103FE000B69798C3833704FD91072338F4FC8327E1
:103FF000C4FD8527232EF4FC8327C4FD1B870700FF
:104000009D47E3D5E7FC0100A6600664E2746161A8
:104010008280397106FC22F880002334A4FC232618
:1040200004FEB9A8EF90BFD5AA872338F4FC033764
:1040300084FCB7070200BA9783A7077A93F7F70FB4
:104040000327C4FE1377F70F3A86BE85033584FC39
:10405000EFD00F82AA87BE86170716001307876165
:104060008327C4FE8607BA972390D700833704FDC1
:104070003E85EF907FD38327C4FE85272326F4FE59
:104080008327C4FE1B870700FD47E3DDE7F8EF90B9
:104090001FCFAA872338F4FC033784FCB70702003C
:1040A000BA9783A7077A93F7F70F3546BE8503358E
:1040B00084FCEFC0FFFBAA87231FF4FC033784FCBA
:1040C000B7070200BA9783A7077A93F7F70FFD4661
:1040D0003546BE85033584FCEFC07FE6033784FC9C
:1040E000B7070200BA9783A7077A93F7F70F394605
:1040F000BE85033584FCEFC0BFF7AA87231EF4FCFE
:10410000833704FD3E85EF903FCA232604FEF1A0CD
:10411000EF90FFC6AA872338F4FC033784FCB70767
:104120000200BA9783A7077A93F7F70FFD46354643
:10413000BE85033584FCEFC09FE0033784FCB707DE
:104140000200BA9783A7077A93F5F70F1777020053
:104150001307C7C88327C4FE8607BA9783D707000B
:10416000BE863946033584FCEFC07FDD033784FC0F
:10417000B7070200BA9783A7077A13F7F70F91677B
:104180009386F7013546BA85033584FCEFC03FDBE3
:10419000033784FCB7070200BA9783A7077A93F71F
:1041A000F70F3946BE85033584FCEFC07FECAA8744
:1041B000BE8617071600130767348327C4FE8607D9
:1041C000BA972390D700833704FD3E85EF90DFBD7B
:1041D0008327C4FE85272326F4FE177702001307E2
:1041E000E7BF8327C4FE8607BA9783D707001B87DC
:1041F0000700C167FD17E31DF7F0EF905FB8AA87CE
:104200002338F4FC033784FCB7070200BA9783A76E
:10421000077A93F7F70FFD463546BE85033584FCD4
:10422000EFC0FFD1033784FCB7070200BA9783A71A
:10423000077A93F7F70F0357C4FDBA863946BE8550
:10424000033584FCEFC0BFCF033784FCB7070200FF
:10425000BA9783A7077A93F7F70F0357E4FDBA8657
:104260003546BE85033584FCEFC07FCD833704FD22
:104270003E85EF907FB3232604FEA9A0033784FC7C
:10428000B7070200BA9783A7477A93F7F70F032778
:10429000C4FE1377F70F3A86BE85033584FCEFC062
:1042A0003FDDAA87BE86170716001307A7228327BC
:1042B000C4FE8607BA972390D7008327C4FE8527BC
:1042C0002326F4FE8327C4FE1B870700C147E3D7DC
:1042D000E7FAB70711202330F4FE232604FE3DA0A1
:1042E000833704FE9843970616009386A60A832711
:1042F000C4FE8A07B69798C3833704FE910723301C
:10430000F4FE8327C4FE85272326F4FE8327C4FEFC
:104310001B870700C947E3D5E7FCB707000C23302C
:10432000F4FE232604FE3DA0833704FE984397063F
:104330001600938626208327C4FE8A07B69798C363
:10434000833704FE91072330F4FE8327C4FE8527BC
:104350002326F4FE8327C4FE1B8707009D47E3D571
:10436000E7FC0100E270427421618280797106F4F9
:1043700022F00018233CA4FC033784FDB707020099
:10438000BA9783A7077A93F7C70F2326F4FE8327EC
:10439000C4FE93F7F70F892713F7F70F8D679386FE
:1043A00007A37D46BA85033584FDEFC05FB9832737
:1043B000C4FE93F7F70F892793F7F70F9306202191
:1043C0002146BE85033584FDEFC07FB78327C4FE39
:1043D00093F7F70F892713F7F70F95679386572BF6
:1043E0007D46BA85033584FDEFC07FB58327C4FEC3
:1043F00093F7F70F892793F7F70FBD460946BE8558
:10440000033584FDEFC0BFB38327C4FE93F7F70FD6
:10441000892713F7F70F91679386A7720546BA8528
:10442000033584FDEFC0BFB18327C4FE93F7F70FB8
:10443000892713F7F70FA567938647FA0146BA85D0
:10444000033584FDEFC0BFAF8327C4FE93F7F70F9A
:10445000892713F7F70F8D67938607A37D46BA85E3
:10446000033584FDEFC0BFAD8327C4FE93F7F70F7C
:10447000892793F7F70FC9462146BE85033584FD8A
:10448000EFC0FFAB8327C4FE93F7F70F892793F79D
:10449000F70F81467D46BE85033584FDEFC03FAAF8
:1044A0000100A270027445618280397106FC22F815
:1044B00080002334A4FCAE87A303F4FC833784FC80
:1044C0002330F4FEE1679387076A232CF4FC8347CB
:1044D00074FC81467D46BE85033504FEEFC03FA6D1
:1044E000034774FCAD67938627A25D46BA85033502
:1044F00004FEEFC0DFA4834774FC0146BE8503358C
:1045000004FEEFC0FFB6AA872317F4FE0357E4FEAC
:10451000E177D98F2317F4FE0357E4FE834774FC39
:10452000BA860146BE85033504FEEFC05FA103379E
:1045300004FEB7070200BA9783A7877A858B812785
:1045400091CBB7170300938507D4033504FEEFC062
:104550000FBF31A09145033504FEEFC04FBE0337B6
:1045600004FEB7070200BA9783B7077B033784FCC2
:10457000630AF700033704FEB7070200BA9783B750
:10458000077B89E7033504FEEFF05FDE834774FCA9
:1045900081467D46BE85033504FEEFC05F9A8347A2
:1045A00074FCE5464946BE85033504FEEFC03F99DD
:1045B000034774FC8D67938607205946BA850335F7
:1045C00004FEEFC0DF97034774FCAD67938637A204
:1045D0005D46BA85033504FEEFC07F96034774FC41
:1045E000B967938607246146BA85033504FEEFC098
:1045F0001F95034774FCAD67938607E96D46BA853E
:10460000033504FEEFC0BF93034774FCB96793867C
:1046100007246146BA85033504FEEFC05F928347E5
:1046200074FC85467D46BE85033504FEEFC03F9190
:10463000834774FC89464D46BE85033504FEEFC0B2
:104640001F90034774FC8567938657045146BA85CB
:10465000033504FEEFC0BF8E034774FC8967938661
:1046600007805146BA85033504FEEFC05F8D0347CE
:1046700074FC9967938607805D46BA85033504FE0E
:10468000EFC0FF8B834774FC81467D46BE850335B2
:1046900004FEEFC0DF8A033704FEB7070200BA97B3
:1046A00083A7877C89EF034774FC8567938607148B
:1046B0000146BA85033504FEEFC07F88E9A82317B9
:1046C00004FE033704FEB7070200BA9783A7877C6E
:1046D0003E8789476308F702033704FEB7070200E5
:1046E000BA9783A7877C3E879147630DF70003370E
:1046F00004FEB7070200BA9783A7877C3E879947D5
:104700006318F7008357E4FE93E707102317F4FEBE
:10471000033704FEB7070200BA9783A7877C3E875A
:104720009147630DF700033704FEB7070200BA97FD
:1047300083A7877C3E878D476318F7000357E4FE05
:104740008967D98F2317F4FE033704FEB7070200E9
:10475000BA9783A7877C3E879947630DF700033795
:1047600004FEB7070200BA9783A7877C3E87954768
:104770006318F7008357E4FE93E707042317F4FE5A
:104780000357E4FE834774FCBA860146BE850335B1
:1047900004FEEFC0CFFA834774FC93061014114651
:1047A000BE85033504FEEFC08FF9033704FEB7075B
:1047B0000200BA9783A7877C3E8789476308F70280
:1047C000033704FEB7070200BA9783A7877C3E87AA
:1047D0009147630DF700033704FEB7070200BA974D
:1047E00083A7877C3E879947631DF700834774FC46
:1047F000930600202546BE85033504FEEFC02FF446
:1048000019A8834774FC930600102546BE8503351E
:1048100004FEEFC0CFF2833704FE9C6783A7072016
:104820008127C217C193231EF4FC8357C4FD13973D
:10483000070341938567D98FC217C193231EF4FCE8
:104840008357C4FD139707034193833704FE9C6786
:10485000012723A0E7208357C4FDC217C19393E724
:104860000720C217C193231EF4FC8357C4FD13977E
:1048700007034193833704FE9C67012723A0E720A9
:10488000833704FE9C6783A747208127C217C19303
:10489000231EF4FC8357C4FDC217C19393F707028C
:1048A000231FF4FC832784FD8127FD378127232CD8
:1048B000F4FC8357E4FD812789E7832784FD812762
:1048C000E1F38357C4FDC217C1931B870700C1677B
:1048D000FD17E307F7FA0100E2704274216182805C
:1048E0005D7186E4A2E08008233CA4FAAE8732879B
:1048F000232AF4FABA872328F4FA833784FB233C6B
:10490000F4FC97570200938767539C632334F4FCAD
:10491000033784FDB7070200BA97032704FB23A4DB
:10492000E77C832704FB8127639D0712033784FDFF
:10493000B7070200BA9783A7077A93F7F70F1146D4
:10494000BE85033584FDEFC0AFF2AA872317F4FEBE
:104950008357E4FE93F7F7E12317F4FE832744FB24
:104960002322F4FE232404FE91A0832744FE858B9A
:10497000232AF4FC832744FD812791CF836784FE9B
:104980008607130704FFBA9703D787FD8357E4FE12
:10499000D98F2317F4FE832744FE9BD717002322C9
:1049A000F4FE832784FE85272324F4FE832784FED8
:1049B0001B8707008D47E3FAE7FA033784FDB70743
:1049C0000200BA9783A7077A93F7F70F0357E4FE1D
:1049D000BA861146BE85033584FDEFC04FD6033736
:1049E00084FDB7070200BA9783A7077A93F7F70FFA
:1049F0002546BE85033584FDEFC08FE7AA872317C0
:104A0000F4FE8357E4FE93F7F7CF2317F4FE8327D2
:104A100044FBC18B812799C78357E4FE93E70720A6
:104A20002317F4FE832744FB93F70702812799C7D6
:104A30008357E4FE93E707102317F4FE033784FD42
:104A4000B7070200BA9783A7077A93F7F70F0357C0
:104A5000E4FEBA862546BE85033584FDEFC02FCE21
:104A6000E1A2231104FE033784FDB7070200BA97C1
:104A700083A7877C3E8789476308F702033784FD55
:104A8000B7070200BA9783A7877C3E879147630DDB
:104A9000F700033784FDB7070200BA9783A7877C26
:104AA0003E8799476318F700835724FE93E7071062
:104AB0002311F4FE033784FDB7070200BA9783A7DA
:104AC000877C3E879147630DF700033784FDB70766
:104AD0000200BA9783A7877C3E878D476318F7004B
:104AE000035724FE8967D98F2311F4FE033784FD11
:104AF000B7070200BA9783A7877C3E879947630D63
:104B0000F700033784FDB7070200BA9783A7877CB5
:104B10003E8795476314F706835724FE93E70704FF
:104B20002311F4FE033784FDB7070200BA9783A769
:104B3000077A93F7F70F2546BE85033584FDEFC04E
:104B40002FD3AA872317F4FE0357E4FE89679387C0
:104B50000780D98F2317F4FE033784FDB7070200BF
:104B6000BA9783A7077A93F7F70F0357E4FEBA863D
:104B70002546BE85033584FDEFC06FBC033784FD39
:104B8000B7070200BA9783A7077A93F7F70F03577F
:104B900024FEBA860146BE85033584FDEFC02FBAD8
:104BA000033784FDB7070200BA9783A7877C3E8747
:104BB00089476308F702033784FDB7070200BA97F5
:104BC00083A7877C3E879147630DF700033784FDF9
:104BD000B7070200BA9783A7877C3E87994763147B
:104BE000F702033784FDB7070200BA9783A7077A55
:104BF00093F7F70F930600202546BE85033584FD05
:104C0000EFC0EFB315A0033784FDB7070200BA97D2
:104C100083A7077A93F7F70F930600102546BE8502
:104C2000033584FDEFC0AFB10100A6600664616189
:104C30008280797106F422F00018233CA4FC8337AB
:104C400084FD2334F4FEE1679387076A2320F4FE92
:104C5000033784FEB7070200BA9783A7877CE5E78E
:104C6000033784FEB7070200BA9783A7077A93F742
:104C7000F70F81467D46BE85033584FEEFC02FAC1D
:104C8000033784FEB7070200BA9783A7077A93F722
:104C9000F70F0146BE85033584FEEFC06FBDAA87BE
:104CA0002312F4FE835744FEC217C19393E70720F3
:104CB000C217C1932312F4FE033784FEB707020024
:104CC000BA9783A7077A93F7F70F035744FE421763
:104CD0004193BA860146BE85033584FEEFC02FA6F8
:104CE000033784FEB7070200BA9783A7077A93F7C2
:104CF000F70F0546BE85033584FEEFC06FB7AA8760
:104D00002312F4FE835744FEC217C19393F70702A0
:104D10002313F4FE832704FE8127FD3781272320F8
:104D2000F4FE835764FE812789E7832704FE8127E9
:104D3000C5FB835744FEC217C1931B870700C16799
:104D4000FD17E30FF7F80100A2700274456182803D
:104D5000397106FC22F880002334A4FC833784FCDC
:104D60002334F4FE8967938707712320F4FE033709
:104D700084FEB7070200BA9783A7077A93F7F70F65
:104D80007946BE85033584FEEFC08FAEAA87231215
:104D9000F4FE835744FEC217C19393E70720C2175E
:104DA000C1932312F4FE033784FEB7070200BA97BB
:104DB00083A7077A93F7F70F035744FE42174193EF
:104DC000BA867946BE85033584FEEFC04F97833798
:104DD00084FE9C438DE7833784FE9C6783A707206E
:104DE0008127232EF4FC8327C4FD1B87070083370C
:104DF00084FE9C6713670720012723A0E720033761
:104E000084FEB7070200BA9783A7077A93F7F70FD4
:104E10007946BE85033584FEEFC08FA5AA8723128D
:104E2000F4FE835744FEC217C19393F7070223137E
:104E3000F4FE832704FE8127FD3781272320F4FE1B
:104E4000835764FE812789E7832704FE8127C5FBFA
:104E5000835744FEC217C1931B870700C167FD1724
:104E6000E30FF7F80100E2704274216182805D7106
:104E700086E4A2E080082334A4FC2330B4FC233C65
:104E8000C4FA833784FC2330F4FE033704FEB707EB
:104E90000200BA9783A7077A93F7F70F0546BE85F6
:104EA000033504FEEFC0CF9CAA87231FF4FC835771
:104EB000E4FD918B231EF4FC8357C4FD8127D5C3E9
:104EC0008547A307F4FE033704FEB7070200BA972D
:104ED00083A7077A93F7F70F7146BE85033504FE63
:104EE000EFC00F99AA87231FF4FC8357E4FD93F7C3
:104EF0000702231DF4FC8357E4FDE18B231CF4FC23
:104F00008357A4FD812791E7833784FB2380070023
:104F100031A0833784FB05472380E700835784FD56
:104F20009BD73700C217C1938127BE860547638C84
:104F3000E600BE860947638DE60085E3833704FCFF
:104F400023A007000DA0833704FC054798C321A8C0
:104F5000833704FC094798C339A0A30704FE010066
:104F600019A0A30704FE8347F4FE3E85A6600664ED
:104F7000616182805D7186E4A2E026FC8008233CAA
:104F8000A4FA231904FC55AC835724FDC217C1931E
:104F900081EB97F715009387E773233CF4FCBDA0E2
:104FA000835724FDC217C1931B87070085476319E8
:104FB000F70097F715009387E779233CF4FCB9A035
:104FC000835724FDC217C1931B87070089476319C4
:104FD000F70097F715009387E76D233CF4FC3DA09D
:104FE000835724FDC217C1931B870700C14763196C
:104FF000F70097F715009387E771233CF4FC39A07D
:1050000097F715009387076D233CF4FC835724FD25
:10501000C217C19391CB835724FDC217C1931B873D
:105020000700C1476311F710232A04FCEDA0EF80AD
:105030001FD5AA872334F4FC033784FBB70702008B
:10504000BA9783A7077A93F7F70F7D46BE85033596
:1050500084FBEFC0EF81AA872318F4FC033784FB9D
:10506000B7070200BA9783A7077A93F7F70F03579A
:1050700024FD42174193BA867D46BE85033584FBE5
:10508000EFB0FFEB033784FBB7070200BA9783A7A3
:10509000077A93F6F70F832744FD812713F6F70F5E
:1050A000832744FD81278607033784FDB304F70077
:1050B000B685033584FBEFB0BFFBAA872390F400CD
:1050C000033784FBB7070200BA9783A7077A93F7E1
:1050D000F70F035704FD42174193BA867D46BE85FC
:1050E000033584FBEFB0BFE5832744FD812793F7A9
:1050F000F70F3E86A945033584FBEFB07FF7833772
:1051000084FC3E85EF805FCA832744FD8127852785
:105110008127232AF4FC832744FD81273E87FD470E
:10512000E3D7E7F0F5A0C147232AF4FCD9A8EF8024
:105130001FC5AA872334F4FC033784FBB70702009A
:10514000BA9783A7077A93F7F70F7D46BE85033595
:1051500084FBEFB0FFF1AA872318F4FC033784FB2C
:10516000B7070200BA9783A7077A93F7F70F035799
:1051700024FD42174193BA867D46BE85033584FBE4
:10518000EFB0FFDB033784FBB7070200BA9783A7B2
:10519000077A93F6F70F832744FD812713F6F70F5D
:1051A000832744FD812786078117033784FDB304D5
:1051B000F700B685033584FBEFB09FEBAA872390F9
:1051C000F400033784FBB7070200BA9783A7077A76
:1051D00093F7F70F035704FD42174193BA867D46B4
:1051E000BE85033584FBEFB09FD5833784FC3E85B5
:1051F000EF809FBB832744FD812785278127232AB2
:10520000F4FC832744FD81273E87FD47E3D1E7F285
:10521000835724FDC217C1931B8707008947631575
:10522000F700BD472319F4FC835724FDC217C1932F
:105230008527C217C1932319F4FC835724FDC21795
:10524000C1931B870700C147E3F0E7D40100A660C4
:105250000664E274616182805D7186E4A2E026FCEE
:105260008008233CA4FA231D04FC91A98357A4FDC4
:10527000812781EB97F715009387C76B2338F4FCE0
:1052800069A88357A4FD1B87070085476319F700AA
:1052900097071600938707872338F4FCBDA8835728
:1052A000A4FD1B87070089476319F70097F71500CE
:1052B0009387474C2338F4FC8DA08357A4FD1B87AC
:1052C00007008D476319F70097F715009387876AE2
:1052D0002338F4FC99A08357A4FD1B87070091474E
:1052E0006319F70097F715009387C7622338F4FC1A
:1052F0002DA08357A4FD1B870700C1476319F70042
:1053000097F71500938707492338F4FC39A097F7DE
:105310001500938727622338F4FC8357A4FD812767
:1053200081CB8357A4FD1B870700C147631EF70C81
:10533000232E04FCD1A0EF809FA4AA872330F4FC85
:10534000033784FBB7070200BA9783A7077A93F75E
:10535000F70F7D46BE85033584FBEFB07FD1AA876A
:105360002317F4FC033784FBB7070200BA9783A71F
:10537000077A93F7F70F0357A4FDBA867D46BE85DB
:10538000033584FBEFB0BFBB033784FBB7070200D4
:10539000BA9783A7077A93F6F70F8327C4FD13F60E
:1053A000F70F8327C4FD8607033704FDB304F70016
:1053B000B685033584FBEFB0BFCBAA872390F400FA
:1053C000033784FBB7070200BA9783A7077A93F7DE
:1053D000F70F0357E4FCBA867D46BE85033584FB90
:1053E000EFB0FFB5833704FC3E85EF80FF9B83273A
:1053F000C4FD8527232EF4FC8327C4FD1B870700EB
:10540000FD47E3DAE7F269ACC147232EF4FCD9A0EB
:10541000EF80FF96AA872330F4FC033784FBB7079D
:105420000200BA9783A7077A93F7F70F7D46BE85E8
:10543000033584FBEFB0DFC3AA872317F4FC0337DF
:1054400084FBB7070200BA9783A7077A93F7F70F91
:105450000357A4FDBA867D46BE85033584FBEFB0B5
:105460001FAE033784FBB7070200BA9783A7077AFA
:1054700093F6F70F8327C4FD13F6F70F8327C4FDB8
:1054800086078117033704FDB304F700B68503359B
:1054900084FBEFB0FFBDAA872390F400033784FBA1
:1054A000B7070200BA9783A7077A93F7F70F035756
:1054B000E4FCBA867D46BE85033584FBEFB03FA889
:1054C000833704FC3E85EF803F8E8327C4FD85270C
:1054D000232EF4FC8327C4FD1B870700FD47E3D977
:1054E000E7F28357A4FD1B8707008D47631AF71A5D
:1054F000EF80FF88AA872330F4FC033784FBB707CB
:105500000200BA9783A7077A93F7F70F7D46BE8507
:10551000033584FBEFB0DFB5AA872317F4FC03370C
:1055200084FBB7070200BA9783A7077A93F7F70FB0
:105530000357A4FDBA867D46BE85033584FBEFB0D4
:105540001FA0033784FBB7070200BA9783A7077A27
:1055500093F7F70F91667546BE85033584FBEFB070
:105560001F9E033784FBB7070200BA9783A7077A09
:1055700093F7F70F91665946BE85033584FBEFB06C
:105580001F9C033784FBB7070200BA9783A7077AEB
:1055900013F7F70F833704FD938407027146BA852A
:1055A000033584FBEFB0DFACAA872390F400033708
:1055B00084FBB7070200BA9783A7077A13F7F70FA0
:1055C000833704FD938427027546BA85033584FB2F
:1055D000EFB01FAAAA872390F400033784FBB70714
:1055E0000200BA9783A7077A13F7F70F833704FDF2
:1055F000938447025546BA85033584FBEFB05FA715
:10560000AA872390F400033784FBB7070200BA97F8
:1056100083A7077A13F7F70F833704FD9384670294
:105620005946BA85033584FBEFB09FA4AA8723901F
:10563000F400033784FBB7070200BA9783A7077A01
:1056400093F7F70F81465946BE85033584FBEFB0CB
:105650001F8F033784FBB7070200BA9783A7077A27
:1056600093F7F70F81467546BE85033584FBEFB08F
:105670001F8D033784FBB7070200BA9783A7077A09
:1056800093F7F70F0357E4FCBA867D46BE850335D2
:1056900084FBEFB0DF8A833704FC3E85EF80CFF0D8
:1056A0008357A4FD1B87070091476315F700BD478B
:1056B000231DF4FC8357A4FD8527231DF4FC835789
:1056C000A4FD1B870700C147E3F2E7BA232E04FCC1
:1056D000A9A0033784FBB7070200BA9783A7477ACC
:1056E00093F7F70F0327C4FD1377F70F3A86BE85AC
:1056F000033584FBEFB0DF97AA87BE8617F7150046
:105700001307C7298327C4FD8607BA972390D700BC
:105710008327C4FD8527232EF4FC8327C4FD1B8724
:105720000700C147E3D7E7FA0100A6600664E27408
:10573000616182805D7186E4A2E026FC8008233CE2
:10574000A4FA231D04FC89A48357A4FD812781EBBF
:1057500097F715009387073D2338F4FC99A08357EA
:10576000A4FD1B87070085476319F70097F715000D
:105770009387473F2338F4FC2DA08357A4FD1B8754
:105780000700C1476319F70097F715009387873F14
:105790002338F4FC39A097F715009387A7382338EE
:1057A000F4FC8357A4FD812781CB8357A4FD1B877D
:1057B0000700C147631EF70C232E04FCD1A0EF8025
:1057C0000FDCAA872330F4FC033784FBB707020001
:1057D000BA9783A7077A93F7F70F7D46BE850335FF
:1057E00084FBEFB0FF88AA872317F4FC033784FB00
:1057F000B7070200BA9783A7077A93F7F70F035703
:10580000A4FDBA867D46BE85033584FBEFB02FF339
:10581000033784FBB7070200BA9783A7077A93F68A
:10582000F70F8327C4FD13F6F70F8327C4FD860700
:10583000033704FDB304F700B685033584FBEFB0EE
:105840003F83AA872390F400033784FBB707020045
:10585000BA9783A7077A93F7F70F0357E4FCBA8642
:105860007D46BE85033584FBEFB06FED833704FCC6
:105870003E85EF806FD38327C4FD8527232EF4FC5C
:105880008327C4FD1B870700FD47E3DAE7F2F1A891
:10589000C147232EF4FCD9A0EF806FCEAA87233016
:1058A000F4FC033784FBB7070200BA9783A7077A93
:1058B00093F7F70F7D46BE85033584FBEFB04FFBB2
:1058C000AA872317F4FC033784FBB7070200BA97B3
:1058D00083A7077A93F7F70F0357A4FDBA867D468F
:1058E000BE85033584FBEFB08FE5033784FBB70734
:1058F0000200BA9783A7077A93F6F70F8327C4FDB0
:1059000013F6F70F8327C4FD86078117033704FDBD
:10591000B304F700B685033584FBEFB06FF5AA87B3
:105920002390F400033784FBB7070200BA9783A7DC
:10593000077A93F7F70F0357E4FCBA867D46BE85D6
:10594000033584FBEFB0AFDF833704FC3E85EF8087
:10595000AFC58327C4FD8527232EF4FC8327C4FD10
:105960001B870700FD47E3D9E7F28357A4FD1B8798
:10597000070085476315F700BD47231DF4FC8357D7
:10598000A4FD8527231DF4FC8357A4FD1B87070076
:10599000C147E3FBE7DA0100A6600664E2746161D7
:1059A0008280411106E422E00008130600088145C8
:1059B00017F5150013050525EFC091129387018295
:1059C0009863B70702009387077C3E9797F7150007
:1059D0009387473303480700034517008345270093
:1059E00003463700834647000347570023800701DB
:1059F000A380A7002381B700A381C7002382D7001B
:105A0000A382E7000100A260026441018280597113
:105A100086F4A2F080182334A4FA2330B4FAB287B3
:105A2000232EF4F8833704FA9C632330F4FE854771
:105A30002326F4FE8327C4F91B870700FD4763F084
:105A4000E758930784FB0946833504FE3E85EFC083
:105A50007105833704FE89072330F4FE930784FB26
:105A600089070946833504FE3E85EFC0B1038337BD
:105A700004FE89072330F4FE833704FE83C7070042
:105A8000230EF4FA833704FE85072330F4FE8337B0
:105A900004FE83C70700A30EF4FA833704FE8507CC
:105AA0002330F4FE930784FB99070946833504FEEF
:105AB0003E85EFC0217F833704FE89072330F4FE43
:105AC000833704FE03C5070083C5170003C62700FC
:105AD00083C6370003C7470083C757002300A4FCD1
:105AE000A300B4FC2301C4FCA301D4FC2302E4FC06
:105AF000A302F4FC833704FE99072330F4FE9307D6
:105B000084FBC1071146833504FE3E85EFC08179D1
:105B1000833704FE91072330F4FE833704FE03C568
:105B2000070083C5170003C6270083C6370003C7D5
:105B3000470083C757002306A4FCA306B4FC230731
:105B4000C4FCA307D4FC2308E4FCA308F4FC8337BB
:105B500004FE99072330F4FE930784FBF1071146F6
:105B6000833504FE3E85EFC0E173833704FE910761
:105B70002330F4FE835784FB9BD78700C217C19361
:105B80001B9707011B570741835784FB81279B976E
:105B9000870081279B9707019BD70741D98F9B9748
:105BA00007019BD707411B87070085476305F7005F
:105BB000E5472326F4FE8357A4FB9BD78700C21733
:105BC000C1931B9707011B5707418357A4FB8127EC
:105BD0009B97870081279B9707019BD70741D98F08
:105BE0009B9707019BD707419B870780812781C728
:105BF000E9472326F4FE8347C4FB3E8799476305A4
:105C0000F700ED472326F4FE8347D4FB3E879147F8
:105C10006305F700F1472326F4FE8327C4FE1B87A4
:105C2000070085476312F73A032744FD832584FC68
:105C30000356A4FB930784FBA107BE863A85EF00B9
:105C4000803997F715009387677C9C4363850736F7
:105C500097F715009387877B9843832744FD9BD74D
:105C600087019B860700832744FD9BD787008127F8
:105C70003E86C167938707F0F18F8127D58F9B867A
:105C80000700832744FD9B97870081273E86B7073F
:105C9000FF00F18F8127D58F9B860700832744FD66
:105CA0009B9787018127D58F81276316F73083570C
:105CB000E4FB1B870700930700106316F7301306F9
:105CC000C003814517F515001305C5FFEFC04161FD
:105CD00097F71500938707FF2330F4FE833704FE00
:105CE000034804FC034514FC834524FC034634FCB0
:105CF000834644FC034754FC23800701A380A7008C
:105D00002381B700A381C7002382D700A382E700C5
:105D1000833704FE99072330F4FE833704FE17F718
:105D20001500130727FE03480700034517008345A6
:105D30002700034637008346470003475700238068
:105D40000701A380A7002381B700A381C700238296
:105D5000D700A382E700833704FE99072330F4FEBF
:105D6000833704FE21472380E700833704FE85073D
:105D70002330F4FE833704FE19472380E70083377E
:105D800004FE85072330F4FE832704FC2326F4FC5D
:105D9000835744FC2318F4FC97F71500938787F684
:105DA00003C5070083C5170003C6270083C6370055
:105DB00003C7470083C757002300A4FCA300B4FC1B
:105DC0002301C4FCA301D4FC2302E4FCA302F4FCE1
:105DD000832784FC232AF4FC97F715009387076335
:105DE0009C439BD787011B87070097F71500938774
:105DF000E7619C439BD787008127BE86C167938755
:105E000007F0F58F8127D98F1B87070097F71500BB
:105E10009387C75F9C439B9787008127BE86B70700
:105E2000FF00F58F8127D98F1B87070097F7150093
:105E30009387C75D9C439B9787018127D98F8127D3
:105E40002324F4FC93070020231FF4FA930784FB18
:105E50000946BE85033504FEEFC0C144833704FE06
:105E600089072330F4FE930784FB89070946BE8522
:105E7000033504FEEFC00143833704FE8907233056
:105E8000F4FE0347C4FB833704FE2380E700833717
:105E900004FE85072330F4FE0347D4FB833704FE5A
:105EA0002380E700833704FE85072330F4FE930741
:105EB00084FB99070946BE85033504FEEFC0813E89
:105EC000833704FE89072330F4FE833704FE03483A
:105ED00004FC034514FC834524FC034634FC834640
:105EE00044FC034754FC23800701A380A7002381BF
:105EF000B700A381C7002382D700A382E7008337BE
:105F000004FE99072330F4FE930784FBC107114672
:105F1000BE85033504FEEFC0E138833704FE9107E8
:105F20002330F4FE833704FE0348C4FC0345D4FC4D
:105F30008345E4FC0346F4FC834604FD034714FD5B
:105F400023800701A380A7002381B700A381C70096
:105F50002382D700A382E700833704FE990723300A
:105F6000F4FE930784FBF1071146BE85033504FE5A
:105F7000EFC04133833704FE91072330F4FE01471D
:105F80009306C00317F615001306C6D3814517D52F
:105F900011001305A50CEFB0DF85AA87A30FF4FC51
:105FA0008347F4FD13F7F70F8547630EF700F947B2
:105FB0002326F4FE09A8B9472326F4FE31A0F547AD
:105FC0002326F4FE11A001008327C4FE3E85A6709F
:105FD0000674656182805D71A2E48008AA873287B9
:105FE000233CD4FA2326F4FCAE872324F4FCBA879E
:105FF0002313F4FC97F715009387C7C02334F4FEEE
:10600000A30304FE97F715009387C7BF2334F4FE5C
:10601000A1472320F4FEF9A0832784FC9BD78701A6
:106020001B870700832784FC9BD787008127BE86B8
:10603000C167938707F0F58F8127D98F1B870700EA
:10604000832784FC9B9787008127BE86B707FF00C4
:10605000F58F8127D98F1B870700832784FC9B97A7
:1060600087018127D98F1B870700833784FE9C47D0
:106070006310F706833784FE83D7C700035764FC99
:10608000012781276316F704833784FE23870700DF
:10609000833784FE033784FB03480700034517005A
:1060A00083452700034637008346470003475700D0
:1060B00023800701A380A7002381B700A381C70025
:1060C0002382D700A382E7008547A303F4FE39A803
:1060D000833784FEC1072334F4FE832704FEFD3793
:1060E0002320F4FE832704FE81279DF797F71500F0
:1060F0009387C7319C436387071697F715009387EB
:10610000E73098438327C4FC9BD787019B86070011
:106110008327C4FC9BD7870081273E86C16793876E
:1061200007F0F18F8127D58F9B8607008327C4FC5A
:106130009B97870081273E86B707FF00F18F812755
:10614000D58F9B8607008327C4FC9B9787018127F7
:10615000D58F81276318F710834774FE93C7170004
:1061600093F7F70F6380071097F71500938787A9B8
:106170002334F4FE97F715009387C7A8233CF4FC5B
:10618000A1472320F4FE0DA8833784FE03C7E70050
:10619000833784FD83C7E7006376F700833784FD88
:1061A0002334F4FE833784FDC107233CF4FC8327AA
:1061B00004FEFD372320F4FE832704FE8127E9F740
:1061C000833784FE23870700833784FE033784FBED
:1061D000034807000345170083452700034637009F
:1061E000834647000347570023800701A380A70089
:1061F0002381B700A381C7002382D700A382E700D1
:10620000832784FC9BD787011B870700832784FC97
:106210009BD787008127BE86C167938707F0F58FDC
:106220008127D98F1B870700832784FC9B978700D2
:106230008127BE86B707FF00F58F8127D98F1B877F
:106240000700832784FC9B9787018127D98F1B87B1
:106250000700833784FE98C7833784FE035764FCA6
:106260002396E7000100266461618280011122EC1F
:10627000001097F715009387E7982334F4FE232244
:1062800004FE35A0833784FE83C7E700852713F714
:10629000F70F833784FE2387E700833784FEC10727
:1062A0002334F4FE832744FE85272322F4FE83272C
:1062B00044FE1B8707009D47E3F6E7FC010062648C
:1062C000056182801D7186ECA2E88010AA872326D2
:1062D000F4FA85472326F4FE93070010231CF4FAF2
:1062E000A147231DF4FA9947230EF4FA9147A30E10
:1062F000F4FA93070010231FF4FA97F71500938719
:1063000067A003C5070083C5170003C6270083C61F
:10631000370003C7470083C757002300A4FCA3002E
:10632000B4FC2301C4FCA301D4FC2302E4FCA302BB
:10633000F4FC97F715009387670D9C439BD7870163
:106340001B87070097F715009387470C9C439BD743
:1063500087008127BE86C167938707F0F58F812765
:10636000D98F1B87070097F715009387270A9C434F
:106370009B9787008127BE86B707FF00F58F81278F
:10638000D98F1B87070097F71500938727089C4331
:106390009B9787018127D98F81272324F4FC8327AA
:1063A000C4FA9BD787011B8707008327C4FA9BD7B2
:1063B00087008127BE86C167938707F0F58F812705
:1063C000D98F1B8707008327C4FA9B9787008127F3
:1063D000BE86B707FF00F58F8127D98F1B8707007F
:1063E0008327C4FA9B9787018127D98F8127232A86
:1063F000F4FC230604FCA30604FC230704FCA30707
:1064000004FC230804FCA30804FC1306C003814514
:1064100017F515001305058BEFB0916C97F7150074
:106420009387478A2330F4FE833704FE1747020020
:106430001307C79B03480700034517008345270040
:106440000346370083464700034757002380070170
:10645000A380A7002381B700A381C7002382D700B0
:10646000A382E700833704FE99072330F4FE8337C5
:1064700004FE17F715001307E788034807000345D4
:10648000170083452700034637008346470003472C
:10649000570023800701A380A7002381B700A381B1
:1064A000C7002382D700A382E700833704FE990741
:1064B0002330F4FE833704FE21472380E70083372F
:1064C00004FE85072330F4FE833704FE194723803A
:1064D000E700833704FE85072330F4FE930784FB2F
:1064E0000946BE85033504FEEFB0D15B833704FE59
:1064F00089072330F4FE930784FB89070946BE858C
:10650000033504FEEFB0115A833704FE89072330A8
:10651000F4FE0347C4FB833704FE2380E700833780
:1065200004FE85072330F4FE0347D4FB833704FEC3
:106530002380E700833704FE85072330F4FE9307AA
:1065400084FB99070946BE85033504FEEFB09155DB
:10655000833704FE89072330F4FE833704FE0348A3
:1065600004FC034514FC834524FC034634FC8346A9
:1065700044FC034754FC23800701A380A700238128
:10658000B700A381C7002382D700A382E700833727
:1065900004FE99072330F4FE930784FBC1071146DC
:1065A000BE85033504FEEFB0F14F833704FE91073B
:1065B0002330F4FE833704FE0348C4FC0345D4FCB7
:1065C0008345E4FC0346F4FC834604FD034714FDC5
:1065D00023800701A380A7002381B700A381C70000
:1065E0002382D700A382E700833704FE9907233074
:1065F000F4FE930784FBF1071146BE85033504FEC4
:10660000EFB0514A833704FE91072330F4FE01476F
:106610009306C00317E615001306C66A814517D511
:1066200011001305A5A3EFB0CF9CAA87A30FF4FC1C
:106630008347F4FD13F7F70F85476306F700F94723
:106640002326F4FE21A095472326F4FE8327C4FECB
:106650003E85E660466425618280397122FC8000B7
:10666000AA872326F4FC97E715009387A7592334BC
:10667000F4FE233C04FC232204FE3DA0833784FE69
:1066800098478327C4FC81276396E700833784FEFD
:10669000233CF4FC833784FEC1072334F4FE8327B4
:1066A00044FE85272322F4FE832744FE1B87070030
:1066B0009D4763E5E700833784FDE9D3833784FD95
:1066C0003E85627421618280411106E422E0000867
:1066D00097F71500938787D39843974702009387CE
:1066E000677398C3975702009387C7E283C7270051
:1066F0003E85EF300052AA871B87070097470200AC
:106700009387477198D3974702009387A7709C534C
:106710009B9787001B870700974702009387876F27
:1067200098D3975702009387E7DE83C737003E85EB
:10673000EF30204EAA87BE86974702009387876D69
:1067400098539B870600D98F1B8707009747020045
:106750009387476C98D3974702009387A76B9C5306
:106760009B9787001B870700974702009387876ADC
:1067700098D3975702009387E7D983C747003E8590
:10678000EF302049AA87BE86974702009387876823
:1067900098539B870600D98F1B87070097470200F5
:1067A0009387476798D3974702009387A7669C53C0
:1067B0009B9787001B870700974702009387876591
:1067C00098D3975702009387E7D483C757003E8535
:1067D000EF302044AA87BE869747020093878763DD
:1067E00098539B870600D98F1B87070097470200A5
:1067F0009387476298D30545EF006005AA873E85D9
:10680000A260026441018280411106E422E0000896
:106810008D461946CD4517F501001305251EEF30AD
:10682000B07E0D45EF00A002AA873E85A2600264FB
:1068300041018280411106E422E000081145EF0089
:106840000001AA873E85A2600264410182807971BD
:1068500006F422F00018AA87232EF4FC97E715000F
:106860009387C74A2330F4FE930704FE13073004CE
:10687000930640047D56BE8517E5150013050549AE
:10688000EF703014AA872326F4FE8327C4FE1B87EB
:10689000070085476317F77C833704FE054723808D
:1068A000E700833704FE85072330F4FE833704FEB8
:1068B00005472380E700833704FE85072330F4FE75
:1068C000833704FE19472380E700833704FE8507DA
:1068D0002330F4FE833704FE23800700833704FE51
:1068E00085072330F4FE974702009387A7529C53F5
:1068F0009BD787011B870700833704FE1377F70FA9
:106900002380E700833704FE85072330F4FE974792
:106910000200938727509C539BD707011B870700D2
:10692000833704FE1377F70F2380E700833704FED5
:1069300085072330F4FE974702009387A74D9C53A9
:106940009BD787001B870700833704FE1377F70F59
:106950002380E700833704FE85072330F4FE974742
:1069600002009387274B9853833704FE1377F70F62
:106970002380E700833704FE85072330F4FE833746
:1069800004FE23800700833704FE85072330F4FECE
:10699000833704FE23800700833704FE85072330F6
:1069A000F4FE833704FE130700F82380E7008337E3
:1069B00004FE85072330F4FE833704FE238007009E
:1069C000833704FE85072330F4FE8327C4FD1B872D
:1069D00007008D476317F704833704FE2380070001
:1069E000833704FE85072330F4FE833704FE2380BB
:1069F0000700833704FE85072330F4FE833704FE47
:106A000023800700833704FE85072330F4FE833795
:106A100004FE23800700833704FE85072330F4FE3D
:106A200069A8974702009387E73E9C439BD787015D
:106A30001B870700833704FE1377F70F2380E700D7
:106A4000833704FE85072330F4FE974702009387BF
:106A5000673C9C439BD707011B870700833704FED5
:106A60001377F70F2380E700833704FE8507233071
:106A7000F4FE974702009387E7399C439BD7870032
:106A80001B870700833704FE1377F70F2380E70087
:106A9000833704FE85072330F4FE9747020093876F
:106AA00067379843833704FE1377F70F2380E70097
:106AB000833704FE85072330F4FE833704FE2380EA
:106AC0000700833704FE85072330F4FE833704FE76
:106AD00023800700833704FE85072330F4FE8337C5
:106AE00004FE23800700833704FE85072330F4FE6D
:106AF000833704FE23800700833704FE8507233095
:106B0000F4FE833704FE23800700833704FE8507E5
:106B10002330F4FE833704FE23800700833704FE0E
:106B200085072330F4FE833704FE23800700833774
:106B300004FE85072330F4FE833704FE238007001C
:106B4000833704FE85072330F4FE833704FE238059
:106B50000700833704FE85072330F4FE833704FEE5
:106B600023800700833704FE85072330F4FE833734
:106B700004FE23800700833704FE85072330F4FEDC
:106B8000833704FE23800700833704FE8507233004
:106B9000F4FE833704FE17E715001307A716034812
:106BA0000700034517008345270003463700834647
:106BB00047000347570023800701A380A7002381D4
:106BC000B700A381C7002382D700A382E7008337E1
:106BD00004FE99072330F4FE833704FE1306A00C4D
:106BE00081453E85EFB0C16F833704FE9387A70CC4
:106BF0002330F4FE833704FE130730062380E700BA
:106C0000833704FE85072330F4FE833704FE130721
:106C100020F82380E700833704FE85072330F4FE45
:106C2000833704FE130730052380E700833704FE13
:106C300085072330F4FE833704FE130730062380D4
:106C4000E700833704FE85072330F4FE833704FE14
:106C500031472380E700833704FE85072330F4FEA5
:106C6000833704FE3D472380E700833704FE850712
:106C70002330F4FE833704FE3D4697F501009385EB
:106C8000E5D63E85EFB00162833704FEBD072330B1
:106C9000F4FE833704FE1307A0022380E700833746
:106CA00004FE85072330F4FE833704FE114723805A
:106CB000E700833704FE85072330F4FE833704FEA4
:106CC00023800700833704FE85072330F4FE8337D3
:106CD00004FE23800700833704FE85072330F4FE7B
:106CE000833704FE23800700833704FE85072330A3
:106CF000F4FE833704FE23800700833704FE8507F4
:106D00002330F4FE833704FE130750032380E7008B
:106D1000833704FE85072330F4FE833704FE0547DE
:106D20002380E700833704FE85072330F4FE833792
:106D300004FE0327C4FD1377F70F2380E700833792
:106D400004FE85072330F4FE8327C4FD1B8707005C
:106D50008D476314F718833704FE1307200323803D
:106D6000E700833704FE85072330F4FE833704FEF3
:106D700011472380E700833704FE85072330F4FEA4
:106D800097470200938707099C439BD787011B877E
:106D90000700833704FE1377F70F2380E70083375C
:106DA00004FE85072330F4FE974702009387870689
:106DB0009C439BD707011B870700833704FE13778B
:106DC000F70F2380E700833704FE85072330F4FEA6
:106DD00097470200938707049C439BD787001B8734
:106DE0000700833704FE1377F70F2380E70083370C
:106DF00004FE85072330F4FE97470200938787013E
:106E00009843833704FE1377F70F2380E700833717
:106E100004FE85072330F4FE833704FE1307600366
:106E20002380E700833704FE85072330F4FE833791
:106E300004FE11472380E700833704FE85072330D3
:106E4000F4FE974702009387E7FCDC579BD7870146
:106E50001B870700833704FE1377F70F2380E700B3
:106E6000833704FE85072330F4FE9747020093879B
:106E700067FADC579BD707011B870700833704FE9F
:106E80001377F70F2380E700833704FE850723304D
:106E9000F4FE974702009387E7F7DC579BD78700FC
:106EA0001B870700833704FE1377F70F2380E70063
:106EB000833704FE85072330F4FE9747020093874B
:106EC00067F5D857833704FE1377F70F2380E70061
:106ED000833704FE85072330F4FE833704FE13074F
:106EE00070032380E700833704FE85072330F4FE18
:106EF000833704FE11472380E700833704FE8507AC
:106F00002330F4FE833704FE05472380E7008337F0
:106F100004FE85072330F4FE833704FE0D472380EB
:106F2000E700833704FE85072330F4FE833704FE31
:106F300019472380E700833704FE85072330F4FEDA
:106F4000833704FE3D472380E700833704FE85072F
:106F50002330F4FE833704FE130790032380E700F9
:106F6000833704FE85072330F4FE833704FE094788
:106F70002380E700833704FE85072330F4FE833740
:106F800004FE09472380E700833704FE850723308A
:106F9000F4FE833704FE23800700833704FE850751
:106FA0002330F4FE833704FE1307D0032380E70069
:106FB000833704FE85072330F4FE833704FE1D4724
:106FC0002380E700833704FE85072330F4FE8337F0
:106FD00004FE05472380E700833704FE850723303E
:106FE000F4FE833704FE17E715001307A7D1034803
:106FF00007000345170083452700034637008346F3
:1070000047000347570023800701A380A70023817F
:10701000B700A381C7002382D700A382E70083378C
:1070200004FE99072330F4FE833704FE7D57238046
:10703000E700833704FE85072330F4FE033704FEA0
:1070400097E71500938787CCB307F740C217C19322
:10705000BE8517E51500130565CBEF7080298547C0
:1070600011A081473E85A270027445618280411162
:1070700022E40008938701829863B7070200938790
:10708000077C3E97974702009387C748034807004D
:107090000345170083452700034637008346470012
:1070A0000347570023800701A380A7002381B7006F
:1070B000A381C7002382D700A382E70001002264D6
:1070C00041018280011106EC22E800100145EF40E9
:1070D000404D2334A4FE974702009387A7449C6346
:1070E000033784FE6348F71A9747020093870743E4
:1070F000DC43BE8605476380E6043E8711CBBE862F
:107100000947638EE60C3E878D476307F7109DA203
:1071100097470200938707D01147D8D397470200BB
:10712000938747CF094798D7974702009387073F30
:107130000547D8C3ADA297E715009387A7A89C473A
:10714000812789EF974702009387C7CC0947D8D397
:1071500097470200938707CC114798D797470200BB
:10716000938747CBDC533E878947631FF70097E738
:1071700015009387A72923A007009747020093874C
:10718000E7390D47D8C331A897470200938787C8CE
:10719000DC53FD371B87070097470200938787C79B
:1071A000D8D3974702009387E7C69C573E87894705
:1071B0006319F70097470200938747360947D8C3FA
:1071C000F9A8974702009387E7C49C57FD371B87B0
:1071D0000700974702009387E7C398D7C9A0EFF04D
:1071E000AFCEAA87D5CB974702009387A7C229477E
:1071F00098D7974702009387E7C17D57D8D3974721
:1072000002009387A73123A00700974702009387C6
:10721000E7300547D8C349A097E715009387879AB9
:107220009C478127A5CFEFF02FDEAA87A5CB9747F4
:107230000200938727BE3D47D8D397470200938724
:10724000E72D9C433E878D476319F700974702005F
:107250009387C72C094798C339A0974702009387A3
:10726000E72B054798C3974702009387272B0547CD
:10727000D8C32DA08D461146CD4517E50100130555
:10728000E578EF306058974702009387272923A2BB
:10729000070031A0010021A0010011A001008337E7
:1072A00084FE13871700974702009387A72798E368
:1072B0000100E260426405618280757106E522E1A9
:1072C0000009233CA4F6AE87231BF4F6A30704FEB3
:1072D000833784F72330F4FEA30D04FC230D04FC54
:1072E000A30C04FC230C04FC8D461946CD4517E580
:1072F000010013052573EF30205197470200938753
:10730000E7219C43BE8609476382E606BE860D4799
:107310006380E6083E8785476305F7028D46194678
:10732000CD4517E501001305E570EF30E04D8547C9
:10733000A30DF4FC230D04FCA30C04FC230C04FC9F
:1073400085A88D461946CD4517E501001305856FC3
:10735000EF30804BA30D04FC8547230DF4FC8547DB
:10736000A30CF4FC8547230CF4FC99A08D46194628
:10737000CD4517E501001305E56DEF30E048A30D9D
:1073800004FC8547A30CF4FC8547230CF4FC0DA0FA
:107390008D461946CD4517E501001305256DEF30E3
:1073A000A046A30D04FCA30C04FC230C04FC010068
:1073B0008347B4FD93F7F70F8DE38347A4FD93F75D
:1073C000F70F81EF834794FD93F7F70F99E7834712
:1073D00084FD93F7F70FE38A075097F7010093872F
:1073E000E78188638C67906B946F98739C772330E8
:1073F000A4F82334B4F82338C4F8233CD4F8233059
:10740000E4FA2334F4FA974702009387A7A09C5329
:107410002320F4FA831764F71B8707009307000FF4
:10742000E3D9E7308D461946CD4517E50100130530
:10743000E564EF30603D833704FE83C70700C21761
:10744000C1939B978700231AF4FC833704FE8507BA
:107450002330F4FE833704FE83C70700C217C193AD
:10746000035744FDB99F231AF4FC833704FE8507B4
:107470002330F4FE835744FD1B8707009307102039
:10748000E31FF728833704FE83C70700A309F4FC32
:10749000833704FE85072330F4FE834734FD13F75A
:1074A000F70F9947E313F726833704FE83C70700D6
:1074B000A309F4FC833704FE85072330F4FE8337E9
:1074C00004FE83C7070081279B9787012326F4FCCE
:1074D000833704FE85072330F4FE833704FE83C719
:1074E000070081279B97070181270327C4FCB99FC9
:1074F0002326F4FC833704FE85072330F4FE83370C
:1075000004FE83C7070081279B97870081270327F5
:10751000C4FCB99F2326F4FC833704FE850723307F
:10752000F4FE833704FE83C7070081270327C4FCCA
:10753000B99F2326F4FC833704FE85072330F4FE2D
:10754000974702009387078D98538327C4FC8127B0
:10755000E393E71A833704FE83C70700C217C1937A
:107560009B978700231AF4FC833704FE850723309A
:10757000F4FE833704FE83C70700C217C193035785
:1075800044FDB99F231AF4FC833704FE850723309A
:10759000F4FE833704FE83C70700C217C1939B978D
:1075A0008700231AF4FC833704FE85072330F4FE9A
:1075B000833704FE83C70700C217C193035744FDF6
:1075C000B99F231AF4FC833704FE85072330F4FEA9
:1075D000833704FE83C7070081279B9787012326F3
:1075E000F4FC833704FE85072330F4FE833704FE62
:1075F00083C7070081279B97070181270327C4FCC6
:10760000B99F2326F4FC833704FE85072330F4FE5C
:10761000833704FE83C7070081279B978700812754
:107620000327C4FCB99F2326F4FC833704FE850797
:107630002330F4FE833704FE83C707008127032726
:10764000C4FCB99F2326F4FC833704FE850723304E
:10765000F4FE833704FE83C7070081279B978701C9
:1076600081272320F4F8833704FE85072330F4FEB6
:10767000032704F8833704FE83C7070081279B97FD
:1076800007018127B99F81272320F4F8833704FE5F
:1076900085072330F4FE032704F8833704FE83C7ED
:1076A000070081279B9787008127B99F8127232087
:1076B000F4F8833704FE85072330F4FE032704F82B
:1076C000833704FE83C707008127B99F81272320C2
:1076D000F4F8833704FE85072330F4FE832704F88B
:1076E0003E87FD57630FF77E832704F83E87B70771
:1076F000007F85076307F77E833704FE83C7070093
:1077000081279B9787012324F4FC833704FE850798
:107710002330F4FE833704FE83C7070081279B973D
:1077200007018127032784FCB99F2324F4FC8337B6
:1077300004FE85072330F4FE833704FE83C7070069
:1077400081279B9787008127032784FCB99F2324E7
:10775000F4FC833704FE85072330F4FE833704FEF0
:1077600083C707008127032784FCB99F2324F4FCE7
:10777000833704FE85072330F4FE832784FC1B87B0
:107780000700FD576305F774832784FC1B870700F8
:10779000B707007F8507630CF772833704FE83C742
:1077A000070081279B9787012326F4FC833704FE7B
:1077B00085072330F4FE833704FE83C70700812743
:1077C0009B97070181270327C4FCB99F2326F4FC5C
:1077D000833704FE85072330F4FE833704FE83C716
:1077E000070081279B97870081270327C4FCB99F47
:1077F0002326F4FC833704FE85072330F4FE833709
:1078000004FE83C7070081270327C4FCB99F2326F2
:10781000F4FC833704FE85072330F4FE033704FEAF
:10782000930704FBBA8641473A86B6853E85EFA0AA
:107830007127833704FEC1072330F4FE930704FB4E
:10784000194697D515009385E54B3E85EFA031236A
:10785000AA879DC3930704FB1946972502009385C9
:10786000E5583E85EFA0B121AA8799C7930704FB8D
:107870008387070063910764833704FE93870704B7
:107880002330F4FE833704FE938707082330F4FE89
:10789000833704FE83C7070081279B978701232630
:1078A000F4FC833704FE85072330F4FE833704FE9F
:1078B00083C7070081279B97070181270327C4FC03
:1078C000B99F2326F4FC833704FE85072330F4FE9A
:1078D000833704FE83C7070081279B978700812792
:1078E0000327C4FCB99F2326F4FC833704FE8507D5
:1078F0002330F4FE833704FE83C707008127032764
:10790000C4FCB99F2326F4FC833704FE850723308B
:10791000F4FE8327C4FC1B870700B7578263938755
:1079200037366310F758835764F79B8707F1C21700
:10793000C193231BF4F685A3833704FE83C7070096
:10794000A303F4FC833704FE85072330F4FE83375A
:1079500004FE83C70700A30BF4FC833704FE8507EE
:107960002330F4FE035764F7834774FDC217C193B5
:10797000BB07F740C217C193F937C217C193231B46
:10798000F4F6834774FC8127BE8613076003636C9B
:10799000D74E1397270097E7010093872729BA97B7
:1079A0009C431B87070097E7010093872728BA9716
:1079B00082878D461946CD4517E501001305050D53
:1079C000EF209064833704FE83C7070081279B97CD
:1079D000870181272322F4F8833704FE85072330AB
:1079E000F4FE032744F8833704FE83C7070081278A
:1079F0009B9707018127B99F81272322F4F88337BA
:107A000004FE85072330F4FE032744F8833704FE81
:107A100083C7070081279B9787008127B99F81270C
:107A20002322F4F8833704FE85072330F4FE03276E
:107A300044F8833704FE83C707008127B99F812755
:107A40002322F4F8833704FE85072330F4FEA1A136
:107A50008D461946CD4517E5010013052504EF2095
:107A6000B05A833704FE83C7070081279B9787019D
:107A700081272324F4F8833704FE85072330F4FE9E
:107A8000032784F8833704FE83C7070081279B9769
:107A900007018127B99F81272324F4F8833704FE47
:107AA00085072330F4FE032784F8833704FE83C759
:107AB000070081279B9787008127B99F812723246F
:107AC000F4F8833704FE85072330F4FE032784F897
:107AD000833704FE83C707008127B99F81272324AA
:107AE000F4F8833704FE85072330F4FE6DA6232EB9
:107AF00004FC8D461946CD4517E50100130505FB2D
:107B0000EF20905075A8833704FE83C707008127B4
:107B10009B9787012326F4FC833704FE85072330D7
:107B2000F4FE833704FE83C7070081279B97070174
:107B300081270327C4FCB99F2326F4FC833704FE66
:107B400085072330F4FE833704FE83C707008127AF
:107B50009B97870081270327C4FCB99F2326F4FC49
:107B6000833704FE85072330F4FE833704FE83C782
:107B7000070081270327C4FCB99F2326F4FC833721
:107B800004FE85072330F4FE8327C4FD1B8707000E
:107B9000854763E2E7028327C4FD1B871700232E76
:107BA000E4FC821781938A07130704FFBA9703271F
:107BB000C4FC23AEE7F8834774FDF137A30BF4FC54
:107BC000834774FD13F7F70F8D47E3EEE7F2E1A467
:107BD000232E04FC8D461946CD4517E501001305FB
:107BE000E5EDEF2070427DA8833704FE83C70700D0
:107BF00081279B9787012326F4FC833704FE8507A2
:107C00002330F4FE833704FE83C7070081279B9748
:107C1000070181270327C4FCB99F2326F4FC83377F
:107C200004FE85072330F4FE833704FE83C7070074
:107C300081279B97870081270327C4FCB99F2326B0
:107C4000F4FC833704FE85072330F4FE833704FEFB
:107C500083C7070081270327C4FCB99F2326F4FCB0
:107C6000833704FE85072330F4FE8327C4FD1B877A
:107C70000700854763E3E7028327C4FD1B871700DE
:107C8000232EE4FC8217819391078A07130704FFD0
:107C9000BA970327C4FC23AAE7F8834774FDF1379A
:107CA000A30BF4FC834774FD13F7F70F8D47E3ED47
:107CB000E7F2D5A28D461946CD4517E5010013051B
:107CC000E5E0EF207034834774FD13F7F70F8D471D
:107CD00063F3E71C833704FE83C7070081279B9764
:107CE00087012320F4FC833704FE85072330F4FE4C
:107CF000833704FE83C7070081279B9707018127ED
:107D0000032704FCB99F2320F4FC833704FE850776
:107D10002330F4FE833704FE83C7070081279B9737
:107D200087008127032704FCB99F2320F4FC8337B5
:107D300004FE85072330F4FE833704FE83C7070063
:107D40008127032704FCB99F2320F4FC833704FE1A
:107D500085072330F4FE832704FC9BD71700812777
:107D60002322F4FA832744FA2324F4FA832744FADB
:107D70009BD717002320F4FC832784FA032704FCF5
:107D8000B99F81272324F4FA032784FA832704FC6C
:107D90009BD717008127B99F81272324F4FA8347B3
:107DA00074FDF137A30BF4FCFDA08D461946CD45BB
:107DB00017E50100130585D2EF201025833704FE57
:107DC00083C7070081279B97870181272326F4FA21
:107DD000833704FE85072330F4FE0327C4FA833774
:107DE00004FE83C7070081279B9707018127B99F5E
:107DF00081272326F4FA833704FE85072330F4FE17
:107E00000327C4FA833704FE83C7070081279B97A3
:107E100087008127B99F81272326F4FA833704FE40
:107E200085072330F4FE0327C4FA833704FE83C793
:107E300007008127B99F81272326F4FA833704FEA0
:107E400085072330F4FE834774FDF137A30BF4FC60
:107E500099A08D461946CD4517E50100130505C9C2
:107E6000EF20901A833704FE83C70700A307F4FEB0
:107E7000833704FE85072330F4FE834774FDFD3706
:107E8000A30BF4FC09A8834774FD033704FEBA97DB
:107E90002330F4FE0100831764F78127E34EF0A836
:107EA0002DA08D461146CD4517E50100130505C5EA
:107EB000EF20901519A88D461146CD4517E5010014
:107EC0001305C5C5EF20501415AC0100A5A88946BF
:107ED0001146CD4517E50100130545C6EF20D01228
:107EE00095A089461146CD4517E50100130585C6C5
:107EF000EF20901181A88D461146CD4517E5010070
:107F00001305C5C6EF20501035A889461146CD454A
:107F100017E50100130505C7EF20100F25A08D46BA
:107F20001146CD4517E501001305C5C7EF20D00D5B
:107F300011A88D461146CD4517E50100130505C86A
:107F4000EF20900C8347F4FE8127BE861547638798
:107F5000E606BE861947638AE6143E878947631E94
:107F6000F7168347B4FD93F7F70FA1C397370200C5
:107F7000938747EA033804F8033584F8833504F916
:107F8000033684F9833604FA033784FA23B00701F1
:107F900088E78CEB90EF94F398F7EFE0FF86973744
:107FA00002009387A757054798C38347A4FD93F71B
:107FB000F70F63860712EFE0FF8715A2834784FD62
:107FC00093F7F70F638F0710032744FA97370200E0
:107FD000938747E4D8D3032784FA9737020093871F
:107FE00067E398D7973702009387C7E2984397D7FC
:107FF00015009387A74198C397370200938787E1BD
:10800000D84797D7150093876740D8C397370200A2
:10801000938747E0984B97D715009387273F98C7DA
:1080200097370200938707DF984797D71500938704
:10803000E73D98CB973702009387C7DDD84F97D796
:1080400015009387A73CD8CB97370200938787DC2E
:10805000D84397D715009387673BD8C79737020057
:10806000938747DBDC4B9DCB97370200938787DAFA
:10807000D84B97D715009387673998CF9737020069
:10808000938747D99C4F99CB97370200938787D81E
:10809000984F97D7150093876737D8CF9737020047
:1080A0009387C7470D4798C32DA8834794FD93F73F
:1080B000F70F95CB973702009387C7D51147D8D3D1
:1080C00097370200938707D5094798D7973702005B
:1080D0009387C74423A0070039A0010005A0010031
:1080E00031A8010021A8010011A88D461946CD45EF
:1080F00017E50100130585AEEF200071AA600A6440
:1081000049618280497186F6A2F2801A233CA4E874
:10811000AE87231BF4E8232404FE232204FE23035A
:1081200004FC97D71500938767FE2334F4FC83374C
:1081300084E9233CF4FC831764E91B870700B147FB
:1081400063D3E760833784FD83C70700C217C193F9
:108150009B978700231BF4FA833784FD8507233C14
:10816000F4FC833784FD83C70700C217C19303570C
:1081700064FBB99F231BF4FA833784FD8507233CF6
:10818000F4FC856793874723035764FB0127812706
:10819000631EF74E833784FD83C7070081279B97B3
:1081A00087012328F4FA833784FD8507233CF4FCF8
:1081B000833784FD83C7070081279B9707018127A9
:1081C000032704FBB99F2328F4FA833784FD85072E
:1081D000233CF4FC833784FD83C7070081279B97EA
:1081E00087008127032704FBB99F2328F4FA8337EC
:1081F00084FD8507233CF4FC833784FD83C7070097
:108200008127032704FBB99F2328F4FA833784FDD1
:108210008507233CF4FC833784FD83C70700C2171E
:10822000C1939B9787002317F4FE833784FD85074E
:10823000233CF4FC833784FD83C70700C217C19336
:108240000357E4FEB99F2317F4FE833784FD8507A7
:10825000233CF4FC833784FD83C70700C217C19316
:108260009B9787002317F4FA833784FD8507233C07
:10827000F4FC833784FD83C70700C217C1930357FB
:10828000E4FAB99F2317F4FA833784FD8507233C6A
:10829000F4FC833784FD83C70700C217C1939B9703
:1082A00087002316F4FA833784FD8507233CF4FC0A
:1082B000833784FD83C70700C217C1930357C4FAED
:1082C000B99F2316F4FA833784FD8507233CF4FC19
:1082D000835764E9D137C217C193231BF4E883178E
:1082E00064E981276354F03A833784FD83C707002C
:1082F000A303F4FC833784FD8507233CF4FC85A8A5
:10830000834764FC8127033784FD034707009306F6
:1083100004FFB697238CE7EA833784FD8507233C67
:10832000F4FC834764FC85272303F4FC834774FC37
:108330001B87F7FFA303E4FCE1F7834764FC812775
:10834000130704FFBA971307E002238CE7EA834779
:1083500064FC85272303F4FC833784FD83C707006F
:10836000A303F4FC833784FD8507233CF4FC834797
:1083700074FC93F7F70FDDFB834764FC8127FD371F
:108380008127130704FFBA97238C07EA833784FDFC
:1083900083C7070081279B9787012328F4FA833737
:1083A00084FD8507233CF4FC833784FD83C70700E5
:1083B00081279B9707018127032704FBB99F232867
:1083C000F4FA833784FD8507233CF4FC833784FD6E
:1083D00083C7070081279B9787008127032704FB1A
:1083E000B99F2328F4FA833784FD8507233CF4FCE6
:1083F000833784FD83C707008127032704FBB99FC8
:108400002328F4FA833784FD8507233CF4FC0357C3
:1084100064E9834764FCC217C193BB07F740C217E6
:10842000C193ED37C217C193231BF4E899AC83378E
:1084300084FD83C70700C217C1939B97870023164B
:10844000F4FA833784FD8507233CF4FC833784FDED
:1084500083C70700C217C1930357C4FAB99F2316F5
:10846000F4FA833784FD8507233CF4FC833784FDCD
:1084700083C70700C217C1939B9787002315F4FA9F
:10848000833784FD8507233CF4FC833784FD83C751
:108490000700C217C1930357A4FAB99F2315F4FA32
:1084A000833784FD8507233CF4FC833784FD83C731
:1084B0000700C217C1939B9787002316F4FA8337EE
:1084C00084FD8507233CF4FC833784FD83C70700C4
:1084D000C217C1930357C4FAB99F2316F4FA83371E
:1084E00084FD8507233CF4FC833784FD83C70700A4
:1084F00081279B9787012322F4FE833784FD85071C
:10850000233CF4FC833784FD83C7070081279B97B6
:1085100007018127032744FEB99F2322F4FE8337F6
:1085200084FD8507233CF4FC833784FD83C7070063
:1085300081279B9787008127032744FEB99F232229
:10854000F4FE833784FD8507233CF4FC833784FDE8
:1085500083C707008127032744FEB99F2322F4FE27
:10856000833784FD8507233CF4FC833784FD83C770
:108570000700C217C1939B9787002311F4FE83372E
:1085800084FD8507233CF4FC833784FD83C7070003
:10859000C217C193035724FEB99F2311F4FE8337FA
:1085A00084FD8507233CF4FC8357A4FA1B8707004E
:1085B0008547631FF708833784FD83C7070081273A
:1085C0009B9787012324F4FE833784FD8507233C92
:1085D000F4FC833784FD83C7070081279B9707013D
:1085E0008127032784FEB99F2324F4FE833784FD6B
:1085F0008507233CF4FC833784FD83C7070081276C
:108600009B9787008127032784FEB99F2324F4FECC
:10861000833784FD8507233CF4FC833784FD83C7BF
:1086200007008127032784FEB99F2324F4FE8337A4
:1086300084FD8507233CF4FC81A0833784FD83C738
:108640000700A304F4FA833784FD8507233CF4FC78
:10865000835724FE1B87F7FF2311E4FEF9FF03571E
:1086600064E9835724FEBB07F740C217C193C9379B
:10867000C217C193231BF4E88357E4FEFD37231789
:10868000F4FE8357E4FE8127E39307DA97D71500BA
:108690009387C7A7233CF4FAA147232AF4FC05A833
:1086A000833784FC986F833784FB9C6F6356F70095
:1086B000833784FB2334F4FC833784FB93870702DE
:1086C000233CF4FA832744FDFD37232AF4FC832757
:1086D00044FD8127F1F7232A04FCB9A8833784FCE1
:1086E0009C63130784EABA853E85EFA06128AA87B8
:1086F0008DEB0145EF20F06A2A87833784FC98EFE1
:10870000833784FC032784FE98C7833784FC0327C0
:1087100044FED8C7833784FC05472388E70001005F
:108720001DA0833784FC938707022334F4FC83273E
:1087300044FD8527232AF4FC832744FD1B8707007B
:108740009D47E3FDE7F80100B670167475618280FD
:108750005D7186E4A2E080082334A4FC2330B4FCDD
:10876000233CC4FA85472326F4FE833704FC9C632C
:108770002330F4FE930784FD1146833504FE3E85C5
:10878000EF905132833704FE91072330F4FE833794
:1087900084FB9C4B3E87FD576315F700A1472326BA
:1087A000F4FE8327C4FE1B87070085476311F71C6F
:1087B000835784FD9BD78700C217C1931B9707017E
:1087C0001B570741835784FD81279B97870081278B
:1087D0009B9707019BD70741D98F9B9707019BD791
:1087E0000741C217C19381271B870780012715CB3B
:1087F000BE860567130707806348D7003E87930747
:108800003030630EF70ABDA2BE8605671307A78244
:108810006383E6043E8785679387C78F6307F70600
:1088200091AA8D461946C14517D501001305054E7D
:10883000EF10907D833704FC033704FE98E3033682
:1088400084FB833504FC033584FCEF008013AA8786
:108850002326F4FE05A28D461946C14517D5010011
:108860001305C54CEF10507A833704FC033704FE20
:1088700098E3033684FB833504FC033584FCEF0066
:108880004010AA872326F4FEF5A08D461946C1455F
:1088900017D501001305854BEF101077833704FCC3
:1088A000033704FE98E3033684FB833504FC033569
:1088B00084FCEF00000DAA872326F4FE65A88D46F0
:1088C0001946C14517D501001305454AEF10D0736D
:1088D000833704FE91072330F4FE5146833504FEAE
:1088E000033584FBEF90111C833704FED10723303E
:1088F000F4FE833784FB83C707008127BD8B812764
:108900003E8795476317F706833704FE83C7070042
:10891000C217C1939B97870013970703419397371B
:1089200002009387A7C02390E700833704FE8507E2
:108930002330F4FE833704FE83C707001397070331
:10894000419397370200938767BE83D70700B99F8B
:1089500013970703419397370200938727BD23900E
:10896000E700833704FE85072330F4FE19A00100D9
:1089700011A001008327C4FE3E85A66006646161E4
:108980008280197186FCA2F8A6F40001233CA4F8A9
:108990002338B4F82334C4F8231B04FA232E04FC30
:1089A000833704F99C632338F4FC97D71500938729
:1089B000E7852334F4FA833704FD83C70700C21721
:1089C000C1939B9787002317F4FC833704FD850729
:1089D0002338F4FC833704FD83C70700C217C19313
:1089E0000357E4FCB99F2317F4FC833704FD850784
:1089F0002338F4FC833704FD83C70700C217C193F3
:108A00009B9787002316F4FC833704FD85072338E2
:108A1000F4FC833704FD83C70700C217C1930357D3
:108A2000C4FCB99F2316F4FC833704FD8507233863
:108A3000F4FC833784F8D847833784F883C79700DA
:108A40009B860700930784FA3A86BE8517C51500F2
:108A50001305C57BEF001035AA87232EF4FC83276E
:108A6000C4FD1B87070085476312F71E833784F810
:108A700003D72700833784F883C70700C217C19341
:108A80009B972700C217C19393F7C703C217C193DF
:108A9000BB07F7402315F4FC833784FA23800700D3
:108AA000833784FA85072334F4FA833784FA2380E2
:108AB0000700833784FA85072334F4FA833784FA6E
:108AC0002330F4FC833784FA23800700833784FA49
:108AD00085072334F4FA833784FA23800700833729
:108AE00084FA85072334F4FA8357E4FC9BD7870084
:108AF000139707034193833784FA1377F70F238083
:108B0000E700833784FA85072334F4FA833784FA3D
:108B10000357E4FC1377F70F2380E700833784FAC9
:108B200085072334F4FA8357C4FC9BD78700139737
:108B300007034193833784FA1377F70F2380E70005
:108B4000833784FA85072334F4FA833784FA03578A
:108B5000C4FC1377F70F2380E700833784FA850777
:108B60002334F4FA8357A4FCE137231FF4FA833744
:108B700084FA0357E4FB3A86833504FD3E85EF9083
:108B8000617293072002232CF4FA036784FB97C7D2
:108B900015009387A767BA970357A4FC0146BA85C7
:108BA0003E85EF00B076AA8781279BD78740812733
:108BB0009B9707019BD7074193F7F70F9B940701FA
:108BC0009BD40441036784FB97C715009387076410
:108BD000BA970357A4FC0146BA853E85EF0010738F
:108BE000AA8781279B97870081279B9707019BD79F
:108BF000074193F707F09B9707019BD70741C58F64
:108C00009B9707019BD70741C217C193231BF4FA17
:108C1000930764FB0946BE85033504FCEF90816829
:108C20008D461946C14517D5010013052517EF10CC
:108C3000B03D8357A4FCBE8517C515001305055D1F
:108C4000EF00D059AA87232EF4FC11A88D461946AF
:108C5000C14517D501001305E515EF10F03A83273C
:108C6000C4FD3E85E6704674A67409618280597120
:108C700086F4A2F0A6EC80182334A4FA2330B4FAC8
:108C8000B287232EF4F8B687232CF4F8BA87231B77
:108C9000F4F8232E04FC231104FC97C715009387D6
:108CA000E756233CF4FA833704FA9C632338F4FC38
:108CB00097C715009387877598438327C4F9812741
:108CC0006384E700A147C1A2032784F9930784FBCB
:108CD00085463A86BE8517C5150013052553EF0056
:108CE000700CAA87232EF4FC8327C4FD1B87070082
:108CF00085476318F718833784FB0D472380E70007
:108D0000833784FB8507233CF4FA833784FB0D47C4
:108D10002380E700833784FB8507233CF4FA8337FD
:108D200084FB2334F4FC833784FB238007008337E0
:108D300084FB8507233CF4FA833784FB23800700F8
:108D4000833784FB8507233CF4FA833784FB238035
:108D50000700833784FB8507233CF4FA833784FBC1
:108D600023800700833784FB8507233CF4FA83378D
:108D700084FB23800700833784FB8507233CF4FAB8
:108D8000833784FB23800700833784FB8507233CDC
:108D9000F4FA033784FB835764F9D1073E868335A1
:108DA00004FD3A85EF900150930720022322F4FC42
:108DB000036744FC97C71500938747453E97835741
:108DC00064F9E127C217C1930146BE853A85EF00D9
:108DD000F053AA8781279BD7874081279B9707015C
:108DE0009BD7074193F7F70F9B9407019BD404414E
:108DF000036744FC97C71500938747413E97835705
:108E000064F9E127C217C1930146BE853A85EF0098
:108E1000F04FAA8781279B97870081279B9707019F
:108E20009BD7074193F707F09B9707019BD7074113
:108E3000C58F9B9707019BD70741C217C193231189
:108E4000F4FC930724FC0946BE85033584FCEF90AF
:108E500061458D461946C14517D50100130505F733
:108E6000EF10901A835764F9E127C217C193BE85AA
:108E700017C5150013058539EF005036AA87232E34
:108E8000F4FC8327C4FD3E85A6700674E664656124
:108E90008280011122EC0010AA872317F4FE972785
:108EA00002009387A76883D707000357E4FE0127D2
:108EB00081276314F700854711A081473E856264CE
:108EC00005618280411122E4000897270200938700
:108ED000E7652390070001002264410182800111AF
:108EE00022EC001097C715009387475223A0070074
:108EF00097C715009387875123A6070097C71500CA
:108F00009387C75023A80700A30704FE0DA083473B
:108F1000F4FE812717C715001307474F8A07BA9732
:108F200023A207008347F4FE8527A307F4FE8347A7
:108F3000F4FE13F7F70F8547E3FBE7FC230704FE76
:108F400015A08347E4FE812717C715001307074CB8
:108F500091078A07BA9723A407008347E4FE852771
:108F60002307F4FE8347E4FE13F7F70F8547E3FA80
:108F7000E7FC97C715009387674923A00702010004
:108F8000626405618280411106E422E00008EFF08E
:108F90001FF50100A260026441018280397122FC48
:108FA0008000AA872317F4FC232404FE97C715002A
:108FB0009387474ADC472328F4FC97C7150093871B
:108FC00067499C4B232AF4FC97C715009387874871
:108FD00083C79700230CF4FCA30C04FC8357E4FC28
:108FE000231DF4FCB147A307F4FE8347F4FE9BD78F
:108FF0001700A307F4FE930704FD2330F4FE2DA011
:10900000833704FE83D707008127032784FEB99F97
:109010002324F4FE8347F4FEFD37A307F4FE8337D1
:1090200004FE89072330F4FE8347F4FE93F7F70F1D
:10903000E1FB05A0032784FEC167FD17F98F1B879D
:109040000700832784FE9BD707018127B99F23242C
:10905000F4FE832784FE9BD707018127E1FF832746
:1090600084FEC217C1933E8562742161828059716A
:1090700086F4A2F080182334A4FA2330B4FAB2871D
:10908000232EF4F8231704FE231604FE833704FA74
:109090009C63233CF4FA833784FB83C707009B97C8
:1090A000270093F7F70F93F7C703A305F4FE833761
:1090B00084FB0347B4FE421741930146BA853E85BF
:1090C000EF00D024AA872317F4FE8357E4FE8127FC
:1090D00099C39D47D9A1833784FB5146BE8517C5E7
:1090E000150013052537EF90E11B833784FBD1076B
:1090F000233CF4FA97C715009387C73583C7070049
:109100009BD7470093F7F70F8127BD8B81273E87B9
:1091100091476304F700994749A197C715009387C2
:109120006733984B97C715009387C732CC4783376F
:1091300084FA9907BE8621463A85EFC0DFE997C7D2
:109140001500938727319C4B9BD787011B8707000E
:1091500097C71500938707309C4B9BD787008127C3
:10916000BE86C167938707F0F58F8127D98F1B874C
:10917000070097C715009387E72D9C4B9B978700A7
:109180008127BE86B707FF00F58F8127D98F1B8700
:10919000070097C715009387E72B9C4B9B97870188
:1091A0008127D98F1B87070097C715009387872AC8
:1091B00098CB97C715009387E729DC479BD7870192
:1091C0001B87070097C715009387C728DC479BD7E5
:1091D00087008127BE86C167938707F0F58F8127B7
:1091E000D98F1B87070097C715009387A726DC47F1
:1091F0009B9787008127BE86B707FF00F58F8127E1
:10920000D98F1B87070097C715009387A724DC47D2
:109210009B9787018127D98F1B87070097C7150068
:1092200093874723D8C797C715009387A722DC47A2
:109230003E87FD576314F700A14785A697C7150021
:1092400093874721984B97C715009387271C9C430A
:109250006301F70A97C715009387C71F9C4BD1CBB3
:1092600097C715009387071F9C4B3E87FD576302E6
:10927000F70897C71500938767199C433E87B70780
:109280000001FD17D98F1B87070097C7150093872B
:10929000671C9C4B630FF70497C71500938707174C
:1092A0009C433E87C167FD17D98F1B87070097C76F
:1092B00015009387271A9C4B630DF70297C715007B
:1092C0009387C7149C4393E7F70F1B87070097C743
:1092D0001500938727189C4B630DF70097C715005F
:1092E000938747179C4B3E87B70700E085076315B8
:1092F000F72A97C715009387E71583D727009BD7D1
:109300008700C217C1931B9707011B57074197C7D7
:1093100015009387271483D7270081279B97870001
:1093200081279B9707019BD70741D98F9B970701FF
:109330009BD7074113970703419397C7150093875E
:1093400067112391E7008347B4FE13F7F70FCD476A
:1093500063E4E700C14791A48347B4FE13F7F70F16
:10936000D14763FAE700033784FB8347B4FEB117A4
:10937000BA97233CF4FA97C715009387A70D83C7C4
:1093800097008127BE8619476389E612BE86454746
:109390006389E60A3E8785476312F71E89461946A8
:1093A000814517D50100130565A4EF10E04597C767
:1093B00015009387270A9C4B99E3A147F9AA97C701
:1093C00015009387270903D727008347B4FEC217E8
:1093D000C193BB07F7402316F4FE833784FB035782
:1093E000C4FE0146BA853E85EF004072AA87231766
:1093F000F4FE8357E4FE812789EF930784FB17C6A9
:10940000150013062605BE85033584FAEFF04FB428
:1094100051A28357E4FE1B870700930704FC3A869A
:1094200097D501009385859D3E85EF90014E93076A
:1094300004FC8946194681453E85EF10E03CA5476E
:10944000A9AA89461946814517D501001305859CAF
:10945000EF10803B97C715009387C7FF03D72700FE
:109460008347B4FEC217C193BB07F7402316F4FE2F
:109470008357C4FE3E85EFF07FB2AA872317F4FE20
:10948000833784FB8356E4FE0357C4FE3686BA85D1
:109490003E85EF00A067AA872317F4FE8357C4FE1A
:1094A0001B8707008356E4FE930784FB3A86BE853C
:1094B000033584FAEF405074F1A889461946814576
:1094C00017D5010013050596EF10003497C7150056
:1094D000938747F803D727008347B4FEC217C19389
:1094E000BB07F7402316F4FE8357C4FE3E85EFF01A
:1094F000FFAAAA872317F4FE833784FB8356E4FE72
:109500000357C4FE3686BA853E85EF002060835738
:10951000E4FE8127B1EB97C715009387A7F39C4B17
:109520003E87FD576302F70497C71500938787F2BC
:109530009C4B9DCB97C715009387C7F1D84797C71A
:109540001500938727EF98C397C71500938787EE79
:1095500098438356C4FE930784FB3A86BE85033541
:1095600084FAEF2090183DA089461D46814517D505
:1095700001001305258CEF10202929A8833784FBCF
:1095800017C71500130707ED03572700BA97233CA9
:10959000F4FA0100854711A0A1473E85A670067424
:1095A000656182801D7186ECA2E88010233CA4FADC
:1095B0002338B4FAB28736872326F4FABA872324ED
:1095C000F4FA232604FE833704FB9C632338F4FC5F
:1095D0008547A307F4FC97C71500938727E39C43AF
:1095E00081EB832784FA1B870700C547631CF73C80
:1095F00097C71500938787E19C433E87B707007F95
:1096000085076301F73C8327C4FA1B870700FD57D2
:10961000B307F74093B7170013F7F70F8326C4FA81
:10962000B70700FFD58F8127BE86FD57B387F64069
:1096300093B7170093F7F70FD98F93F7F70F1B879F
:1096400007008326C4FAC177D58F8127BE86FD57D0
:10965000B387F64093B7170093F7F70F8127D98F99
:109660001B8707008327C4FA93E707F08127BE868C
:10967000FD57B387F64093B7170093F7F70F81278D
:10968000D98F8127A5E797C71500938727D89843D7
:109690008327C4FAB98F1B87070097C715009387E4
:1096A000E7D6DC47F98F812791E78327C4FA232E79
:1096B000F4FC01A897C71500938747D59C4B232E30
:1096C000F4FC8327C4FD3E85EFC03FF92330A4FEA0
:1096D000833704FE95E38327C4FD3E85EFC09FBE1C
:1096E000AA872326F4FEA30704FC39A097070200EB
:1096F0009387C76F2330F4FE8347F4FC93F7F70F8B
:109700006382072C1946833504FE033504FDEF8080
:109710007139833704FD99072338F4FC833704FD3E
:1097200017B715001307075E034807000345170026
:109730008345270003463700834647000347570009
:1097400023800701A380A7002381B700A381C7005E
:109750002382D700A382E700833704FD99072338CB
:10976000F4FC833704FD21472380E700833704FDA1
:1097700085072338F4FC833704FD238007008337F3
:1097800004FD85072338F4FC833704FD13075004D8
:109790002380E700833704FD85072338F4FC8337F3
:1097A00004FD23800700833704FD85072338F4FC7C
:1097B000833704FD23800700833704FD85072338A2
:1097C000F4FC833704FD23800700833704FD8507FD
:1097D0002338F4FC833704FD1307A0FA2380E70045
:1097E000833704FD85072338F4FC833704FD130712
:1097F00050052380E700833704FD85072338F4FCF8
:10980000833704FD130700042380E700833704FD3A
:1098100085072338F4FC833704FD23800700833752
:1098200004FD85072338F4FC833704FD1307000487
:109830002380E700833704FD85072338F4FC832762
:1098400084FA13F7F70F833704FD2380E70083378B
:1098500004FD85072338F4FC833704FD23800700CB
:10986000833704FD85072338F4FC833704FD238008
:109870000700833704FD85072338F4FC97C71500DC
:109880009387C7B89C439BD78701812713F7F70FAE
:10989000833704FD2380E700833704FD85072338E1
:1098A000F4FC97C71500938767B69C439BD70701C5
:1098B000812713F7F70F833704FD2380E7008337F1
:1098C00004FD85072338F4FC97C71500938707B478
:1098D0009C439BD78700812713F7F70F833704FD3D
:1098E0002380E700833704FD85072338F4FC97C7FE
:1098F00015009387A7B19C4313F7F70F833704FD37
:109900002380E700833704FD85072338F4FC832791
:10991000C4FA9BD78701812713F7F70F833704FD1C
:109920002380E700833704FD85072338F4FC832771
:10993000C4FA9BD70701812713F7F70F833704FD7C
:109940002380E700833704FD85072338F4FC832751
:10995000C4FA9BD78700812713F7F70F833704FDDD
:109960002380E700833704FD85072338F4FC832731
:10997000C4FA13F7F70F833704FD2380E70083371A
:1099800004FD85072338F4FC97C71500938707A8C3
:10999000984397C715009387E7ABD8C797C71500BB
:1099A000938747AB0327C4FA98CB832784FA13F72E
:1099B000F70F97C715009387E7A9A384E7008547AA
:1099C0002326F4FE833704FB033704FD98E3832743
:1099D000C4FE3E85E660466425618280397106FCDE
:1099E00022F880002334A4FCAE872313F4FC8337D1
:1099F00084FCC1072330F4FE835764FCD127231F66
:109A0000F4FC8357E4FD9BD78700C217C19313F77B
:109A1000F70F833704FE2380E700833704FE8507B2
:109A20002330F4FE8357E4FD13F7F70F833704FE6A
:109A30002380E700833704FE85072330F4FE833755
:109A400084FCB9070146D1453E85EF00200CAA876A
:109A5000231EF4FC833784FCE1072330F4FE835794
:109A6000C4FD9BD78700C217C19313F7F70F833745
:109A700004FE2380E700833704FE85072330F4FECD
:109A80008357C4FD13F7F70F833704FE2380E700E5
:109A9000833704FE85072330F4FE8357E4FD8127D6
:109AA000B927812781270147BE86033684FC81457B
:109AB000179511001305855AEF70BFD3AA87A30D20
:109AC000F4FC8347B4FD13F7F70F85476306F700EF
:109AD000F9472326F4FE21A085472326F4FE832799
:109AE000C4FE3E85E270427421618280411122E40D
:109AF000000897C715009387E79583D72700B137EC
:109B0000C217C1933E85226441018280397122FCD3
:109B100080002334A4FCAE8732872313F4FCBA8779
:109B20002312F4FC833784FC2330F4FE835744FC77
:109B30002326F4FEB9A0033704FE93071700233051
:109B4000F4FE9307E4FD8507034707002380E70041
:109B5000833704FE138717002330E4FE1307E4FD68
:109B600083C707002300F7008357E4FD81270327FD
:109B7000C4FEB99F2326F4FE835764FCF9372313F0
:109B8000F4FC835764FC1B8707008547E3E5E7FA8D
:109B9000835764FC8127B1CB033704FE930717007A
:109BA0002330F4FE9307E4FD850703470700238075
:109BB000E7009307E4FD238007008357E4FD812736
:109BC0000327C4FEB99F2326F4FE05A00327C4FE85
:109BD000C167FD17F98F1B8707008327C4FE9BD73A
:109BE00007018127B99F2326F4FE8327C4FE9BD754
:109BF00007018127E1FF8327C4FE93C7F7FF2326D0
:109C0000F4FE8327C4FEC217C1933E8562742161AE
:109C10008280797122F40018AA87A30FF4FC93873D
:109C200031810347F4FD2380E7009387318183C7A7
:109C30000700858BA307F4FE9387318183C7070054
:109C40009BD7170013F7F70F938731812380E70025
:109C50008347F4FE93F7F70F85C39387318103C7DA
:109C600007009387218183C70700B98F13F7F70F88
:109C7000938731812380E7009387318183C7070071
:109C800093F7F70793F7F70F3E85227445618280BB
:109C9000411122E4000897B715009387277F83D7E7
:109CA00027008DC397B715009387477E83D727007A
:109CB000FD3713970703419397B715009387077DE7
:109CC0002391E7000100226441018280797106F44A
:109CD00022F000182334A4FE2330B4FEB287232ED2
:109CE000F4FC97C71500938767D983C7270281279C
:109CF000898B812791CB8327C4FD3E86833504FE63
:109D0000033584FEEF00E0000100A270027445619B
:109D10008280397106FC22F88000233CA4FC2338A1
:109D2000B4FCB2872326F4FC833704FD9C63233004
:109D3000F4FE97C71500938767D405472380E70291
:109D400025A2833704FE83C70700C217C1939B97E0
:109D500087002317F4FE833704FE85072330F4FEC3
:109D6000833704FE83C70700C217C1930357E4FE7D
:109D7000B99F2317F4FE833704FE85072330F4FED2
:109D80008357E4FE9BD79700C217C193A306F4FE46
:109D90008357E4FE93F7F71F2315F4FE8347D4FEA1
:109DA00093F7F70F8DC78347D4FE13F7F70F8D474F
:109DB00063EFE7008356A4FE0347D4FE930704FE37
:109DC0003A86BE85033584FDEF00A00B71A883475A
:109DD000D4FE13F7F70F9307F007631DF70003573F
:109DE000A4FE930704FE3A86BE85033584FDEF008A
:109DF000C0369DA88347D4FE13F7F70F8D4763F64F
:109E0000E7028347D4FE13F7F70FA14763EFE7009C
:109E10008356A4FE0347D4FE930704FE3A86BE850C
:109E2000033584FDEF00A02E81A08347D4FE93F775
:109E3000F70F85E70357A4FE930704FE3A86BE8515
:109E4000033584FDEF00A025AA873E8797B715004C
:109E5000938767632380E70001A8930704FEBE850C
:109E6000033584FDEF00601E97C71500938707C177
:109E700083C70702E39707EC0100E2704274216197
:109E800082805D7186E4A2E080082334A4FC233044
:109E9000B4FCB2873687A30FF4FABA87231EF4FA0C
:109EA000833704FC9C632334F4FE8D461946D54564
:109EB00017C5010013058504EF0010158347F4FB57
:109EC0008127BE860947638EE604BE860D47638DF3
:109ED000E60E3E8785476315F716971702009387AE
:109EE000A76505472380E7000357C4FB930784FD5C
:109EF0003A86833584FE3E85EF80C13A8357C4FBA2
:109F0000033784FEBA972334F4FE833704FC033707
:109F100084FE98E3930784FD99453E85EF006075C4
:109F200005A2971702009387276183C707003E8722
:109F30008547631EF706971702009387E75F094777
:109F40002380E700833784FE83C70700A303F4FE62
:109F5000833784FE85072334F4FE834774FE13F7AA
:109F6000F70F9547631CF7028357C4FB8127FD3722
:109F700081273E86833584FE13858181EF8081327F
:109F80008357C4FBFD17033784FEBA972334F4FECE
:109F9000833704FC033784FE98E35DA08357C4FB3A
:109FA000FD17033784FEBA972334F4FE51A8833596
:109FB00004FC033584FCEF004009971702009387E7
:109FC000A75723800700ADA8971702009387C756AD
:109FD00083C707003E8789476317F704833784FEEA
:109FE00083C70700C217C1939B9787002312F4FE13
:109FF000833784FE85072334F4FE833784FE83C7CA
:10A000000700C217C193035744FEB99F2312F4FE01
:10A01000833784FE85072334F4FE833704FC03373B
:10A0200084FE98E331A8833504FC033584FCEF00FB
:10A03000C001971702009387275023800700010073
:10A040000100A660066461618280011106EC22E8CD
:10A0500000102334A4FE2330B4FE8D461946D545A6
:10A0600017C50100130505ECEF00007A97C715002E
:10A070009387C7A00547A38FE70097C7150093876D
:10A08000E79F2380070297C715009387079F09471B
:10A090002380E7000100E26042640561828039713B
:10A0A00006FC22F88000233CA4FC2338B4FCB287D1
:10A0B0002317F4FCA30704FE8D461946D54517C5A2
:10A0C0000100130525E8EF0020748357E4FC812785
:10A0D00095E397C715009387679A2380070297C770
:10A0E00015009387879909472380E7008547A307D1
:10A0F000F4FE39A0833504FD033584FDEFF0FFF451
:10A100008347F4FE3E85E27042742161828079715A
:10A1100006F422F000182334A4FE2330B4FEB287E4
:10A120003687A30FF4FCBA87231EF4FC8D4619462C
:10A13000D54517C501001305E5E2EF00E06C833754
:10A1400004FE98638357C4FD3E97833704FE98E36B
:10A150000100A2700274456182805D7186E4A2E014
:10A1600080082334A4FC2330B4FCB287231FF4FA04
:10A17000833704FC9C632338F4FC8D461946D5458F
:10A1800017C50100130585DFEF00006897C70100C0
:10A190009387C7E22330F4FEA30704FE833704FD50
:10A1A00083C7070081279B970701232EF4FC833781
:10A1B00004FD85072338F4FC833704FD83C70700BB
:10A1C00081279B97870081270327C4FDB99F232EF2
:10A1D000F4FC833704FD85072338F4FC833704FD42
:10A1E00083C7070081270327C4FDB99F232EF4FCF2
:10A1F000833704FD85072338F4FC833704FD83C7C8
:10A200000700A30DF4FC833704FD85072338F4FC15
:10A21000230704FEADA0833704FE98438327C4FDC3
:10A2200081276394E704833704FE03C7470083470D
:10A23000B4FD93F7F70F639AE702833704FE03B880
:10A2400087008357E4FB13F6F70F0347B4FD83261B
:10A25000C4FD930704FDBE85033584FC0298AA87DC
:10A260008127B337F000A307F4FE833704FEC1074C
:10A270002330F4FE8347E4FE85272307F4FE83475B
:10A28000E4FE13F7F70F8947E3F7E7F88347F4FE97
:10A2900093C7170093F7F70F89CB033704FD835754
:10A2A000E4FBF117BA972338F4FC033704FD833736
:10A2B00004FC98E30100A6600664616182805D7120
:10A2C00086E4A2E080082334A4FC2330B4FCB287E7
:10A2D000A30FF4FAB687232CF4FABA87230FF4FA03
:10A2E000232604FE833704FC9C632330F4FE83475B
:10A2F000E4FB13F7F70F85476310F70A8D461946FD
:10A30000D54517C50100130565C9EF00E04F832748
:10A3100084FB232AF4FC9307F0072308F4FC83470B
:10A32000F4FBC217C1932319F4FC8347E4FB230C0D
:10A33000F4FC833704FE83C70700230EF4FC833745
:10A3400004FE85072330F4FE8347C4FD8127A18BDB
:10A35000812799CB971702009387C71D03C7070072
:10A36000136727002380E7008347C4FD8127858B7F
:10A37000812799CB971702009387C71B03C7070054
:10A38000136707022380E700833704FC033704FECA
:10A3900098E385472326F4FE8327C4FE3E85A66006
:10A3A0000664616182801D7186ECA2E88010233C06
:10A3B000A4FA2338B4FAB287A307F4FAB6872324A1
:10A3C000F4FABA872307F4FA232604FE833704FB42
:10A3D0009C632330F4FE8347E4FA13F7F70F8947B1
:10A3E0006312F7288D461946D54517C50100130598
:10A3F000E5BBEF006041832784FA2322F4FC930736
:10A40000F0072300F4FC8347F4FAC217C193231129
:10A41000F4FC8347E4FA2304F4FC833704FE83C787
:10A4200007002306F4FC833704FE85072330F4FE7F
:10A43000833704FE83C707002308F4FC833704FE38
:10A4400085072330F4FE833704FE83C70700A30883
:10A45000F4FC833704FE85072330F4FE833704FEC3
:10A4600083C70700230AF4FC833704FE85072330E3
:10A47000F4FE833704FE83C70700C217C1939B977E
:10A480008700C217C193231CF4FC833704FE8507A1
:10A490002330F4FE035784FD833704FE83C707008F
:10A4A000C217C193B99FC217C193231CF4FC833711
:10A4B00004FE85072330F4FE833704FE83C70700BC
:10A4C000C217C1939B978700C217C193231DF4FC49
:10A4D000833704FE85072330F4FE0357A4FD83373A
:10A4E00004FE83C70700C217C193B99FC217C19367
:10A4F000231DF4FC833704FE85072330F4FE035745
:10A50000A4FD97B71500938767572392E7028357F7
:10A51000A4FD1B8707009307F00F63FEE70497175E
:10A5200002009387270183C70700858B13F7F70F76
:10A5300097170200938707002380E7009717020010
:10A54000938747FF03C70700136747002380E7008F
:10A5500097170200938707FE03C707003D9B2380E0
:10A56000E700971702009387E7FC03C707005D9B8E
:10A570002380E700C5A08357A4FD1B87070093072E
:10A58000200863F6E7068357A4FD1B87070093079F
:10A59000F00F63EEE704971702009387A7F983C7CC
:10A5A0000700858B13F7F70F97170200938787F83B
:10A5B0002380E700971702009387C7F703C70700B8
:10A5C000136787002380E70097170200938787F6B9
:10A5D00003C707006D9B2380E7009717020093874E
:10A5E00067F503C707003D9B2380E700A5A08357BD
:10A5F000A4FD1B8707009307200863EDE704971766
:10A600000200938727F383C70700858B13F7F70FA3
:10A6100097170200938707F22380E700971702003D
:10A62000938747F103C70700136707012380E700FB
:10A6300097170200938707F003C707005D9B2380ED
:10A64000E700971702009387E7EE03C707006D9BAB
:10A650002380E700833704FB033704FE98E3854734
:10A660002326F4FE8327C4FE3E85E660466425610A
:10A670008280397122FC80002334A4FCAE87A303BE
:10A68000F4FC833784FC2330F4FE834774FC9BD7AF
:10A690001700A30FF4FCA30704FEA5A88347F4FE4C
:10A6A000033704FEBA9783C70700230FF4FC8347E0
:10A6B00074FC8127FD371B8707008347F4FE812741
:10A6C000BB07F74081273E87833704FE3E978347C9
:10A6D000F4FE833604FEB697034707002380E700A5
:10A6E000834774FC8127FD371B8707008347F4FEEF
:10A6F0008127BB07F74081273E87833704FEBA973F
:10A700000347E4FD2380E7008347F4FE8527A30782
:10A71000F4FE0347F4FE8347F4FD1377F70F93F736
:10A72000F70FE36DF7F60100627421618280117109
:10A7300086FDA2F90002AA872326F4F00145EF0066
:10A740005066AA872330F4FE930784F1033604FE93
:10A7500097C50100938585943E85EF80011B938703
:10A7600001889C63130784F1BA853E85EF309FCE44
:10A77000232604FEB5A88327C4F01B870700A14742
:10A78000631FF70217C70100130747858367C4FEDD
:10A790008E07BA97904317C7010013072784836772
:10A7A000C4FE8E07BA97D84397B615009386862FB6
:10A7B0009317060281938A07B69798C32DA017C7EF
:10A7C00001001307A7818367C4FE8E07BA979C43D5
:10A7D00017B715001307072D821781938A07BA97B9
:10A7E0000327C4F098C38327C4FE85272326F4FEDD
:10A7F0008327C4FE1B870700D947E3FEE7F6010065
:10A80000EE704E7411618280397106FC22F880006E
:10A81000233CA4FCAE873687232AF4FCB287232886
:10A82000F4FCBA87A307F4FC832744FDC217C19345
:10A830009B973700139707034193832704FDC217A3
:10A84000C193D98F2317F4FE17B7010013070779B7
:10A85000836744FD8E07BA979C4317B7150013070B
:10A860006724821781938A07BA979843832704FD48
:10A8700081276367F7028357E4FE1B87070093076E
:10A88000F00B63EFE7008347F4FC8127898B812776
:10A8900081CB8357E4FEBE85033584FDEF00E004E1
:10A8A0000100E270427421618280797122F4001803
:10A8B000AA87232EF4FC232604FE8327C4FD1B87CE
:10A8C0000700D94763EDE70017B715001307871D89
:10A8D0008367C4FD8A07BA979C432326F4FE832727
:10A8E000C4FE3E85227445618280257106EF22EB0D
:10A8F00000132334A4ECAE872313F4EC97B71500B0
:10A900009387C7B09C4382178193233CF4EC0145A5
:10A91000EF003049AA872330F4EE930704EE3E851A
:10A92000EF70E17A2334A4FE835764EC1B8E07009A
:10A93000833784FE83AE4701833784FE03AF07016C
:10A94000833784FE83AFC700833784FE83A88700E4
:10A95000833784FED843833784FE9443930784ED82
:10A960008D07838707001B860700930784ED8907FF
:10A97000838707009B850700930784ED85078387FE
:10A9800007008127130584ED030505000125130346
:10A9900084EE033884ECC2E817B801001308887607
:10A9A000C2E417B801001308E875C2E017B8010047
:10A9B0001308487542FC17B801001308A87442F840
:10A9C0002AF43EF02EEC32E836E43AE07E88FA874C
:10A9D00076878546728697B501009385256E1A8520
:10A9E000EF70B172938701889C63130784EEBA8578
:10A9F0003E85EF303FA685473E85FA605A641D616B
:10AA00008280397122FC8000AA872326F4FCF32778
:10AA100040F12334F4FE833784FE2330F4FE033701
:10AA200004FE914763E2E724833704FE139727006F
:10AA300097B701009387476DBA979C431B87070020
:10AA400097B701009387476CBA9782873707000C46
:10AA50008327C4FC9BD757008127939607028192D6
:10AA6000856793870780B6978A07BA979C43232EFA
:10AA7000F4FC8327C4FCFD8B81273E878547BB9769
:10AA8000E7001B8707008327C4FDD98F232EF4FC22
:10AA90003707000C8327C4FC9BD757008127939668
:10AAA00007028192856793870780B6978A07BA97CE
:10AAB0000327C4FD98C355AA3707000C8327C4FC9D
:10AAC0009BD75700812793960702819285679387CA
:10AAD0000782B6978A07BA979C43232EF4FC8327F4
:10AAE000C4FCFD8B81273E878547BB97E7001B870A
:10AAF00007008327C4FDD98F232EF4FC3707000CF1
:10AB00008327C4FC9BD75700812793960702819225
:10AB1000856793870782B6978A07BA970327C4FD8C
:10AB200098C3A1A23707000C8327C4FC9BD757000A
:10AB30008127939607028192856793870786B69748
:10AB40008A07BA979C43232EF4FC8327C4FCFD8B11
:10AB500081273E878547BB97E7001B870700832730
:10AB6000C4FDD98F232EF4FC3707000C8327C4FCC7
:10AB70009BD7570081279396070281928567938719
:10AB80000786B6978A07BA970327C4FD98C3F1A82A
:10AB90003707000C8327C4FC9BD757008127939667
:10ABA0000702819285679387078AB6978A07BA97C3
:10ABB0009C43232EF4FC8327C4FCFD8B81273E8716
:10ABC0008547BB97E7001B8707008327C4FDD98F04
:10ABD000232EF4FC3707000C8327C4FC9BD75700B7
:10ABE000812793960702819285679387078AB69794
:10ABF0008A07BA970327C4FD98C385A83707000CB6
:10AC00008327C4FC9BD75700812793960702819224
:10AC100085679387078EB6978A07BA979C43232E3A
:10AC2000F4FC8327C4FCFD8B81273E878547BB97B7
:10AC3000E7001B8707008327C4FDD98F232EF4FC70
:10AC40003707000C8327C4FC9BD7570081279396B6
:10AC50000702819285679387078EB6978A07BA970E
:10AC60000327C4FD98C311A0010001006274216193
:10AC70008280397122FC8000AA872326F4FCF32706
:10AC800040F12334F4FE833784FE2330F4FE03378F
:10AC900004FE914763E1E726833704FE13972700FC
:10ACA00097B7010093878747BA979C431B87070094
:10ACB00097B7010093878746BA9782873707000CBA
:10ACC0008327C4FC9BD75700812793960702819264
:10ACD000856793870780B6978A07BA979C43232E88
:10ACE000F4FC8327C4FCFD8B81273E878547BB97F7
:10ACF000E700812793C7F7FF1B8707008327C4FD61
:10AD0000F98F232EF4FC3707000C8327C4FC9BD754
:10AD10005700812793960702819285679387078062
:10AD2000B6978A07BA970327C4FD98C3F1A23707DD
:10AD3000000C8327C4FC9BD75700812793960702FA
:10AD40008192856793870782B6978A07BA979C4353
:10AD5000232EF4FC8327C4FCFD8B81273E87854787
:10AD6000BB97E700812793C7F7FF1B87070083275F
:10AD7000C4FDF98F232EF4FC3707000C8327C4FC95
:10AD80009BD7570081279396070281928567938707
:10AD90000782B6978A07BA970327C4FD98C3A9AA62
:10ADA0003707000C8327C4FC9BD757008127939655
:10ADB00007028192856793870786B6978A07BA97B5
:10ADC0009C43232EF4FC8327C4FCFD8B81273E8704
:10ADD0008547BB97E700812793C7F7FF1B870700CD
:10ADE0008327C4FDF98F232EF4FC3707000C83273B
:10ADF000C4FC9BD7570081279396070281928567F1
:10AE000093870786B6978A07BA970327C4FD98C326
:10AE1000E5A03707000C8327C4FC9BD75700812788
:10AE200093960702819285679387078AB6978A0768
:10AE3000BA979C43232EF4FC8327C4FCFD8B812707
:10AE40003E878547BB97E700812793C7F7FF1B879E
:10AE500007008327C4FDF98F232EF4FC3707000C6D
:10AE60008327C4FC9BD757008127939607028192C2
:10AE700085679387078AB6978A07BA970327C4FD21
:10AE800098C39DA83707000C8327C4FC9BD75700A5
:10AE9000812793960702819285679387078EB697DD
:10AEA0008A07BA979C43232EF4FC8327C4FCFD8BAE
:10AEB00081273E878547BB97E700812793C7F7FF28
:10AEC0001B8707008327C4FDF98F232EF4FC370767
:10AED000000C8327C4FC9BD7570081279396070259
:10AEE000819285679387078EB6978A07BA9703275B
:10AEF000C4FD98C311A00100010062742161828029
:10AF0000411106E422E00008EFA0BFA9EFE0AF87FF
:10AF1000EFC0EF95EF20F035EF00A062EF00E00406
:10AF2000EF0040012145EFF09F800100A260026424
:10AF300041018280411106E422E0000817B51500A6
:10AF4000130545BCEF00E06597B71500938787BBF5
:10AF50009C631387A70097B715009387A7BA98E358
:10AF60000100A260026441018280411122E40008D4
:10AF70000100226441018280011106EC22E80010E8
:10AF8000EF00A007EFC00F94930784FE3E85EF000B
:10AF90004061033784FE97B715009387A7B69C637B
:10AFA000634DF700EFB08FAC833784FE1387A700A3
:10AFB00097B71500938707B598E3033784FE970783
:10AFC00002009387A7579C6363D4E702EF20902E7B
:10AFD000EFE01FCC97A715009387474B05472384C5
:10AFE000E700033784FE970702009387275598E30D
:10AFF0000100E260426405618280317106FD22F940
:10B00000800197A715009387E7BBDC438127638204
:10B01000073697A715009387E7BA9C4F232AF4FCBD
:10B0200097A71500938707BA9C732330F4FE97A760
:10B030001500938727B99C572326F4FE97A7150080
:10B04000938747B89C7B233CF4FC97A71500938714
:10B0500067B79C7F2334F4FC833704FE2334F4F475
:10B06000033784F4930704FA3946BA853E85EF70B6
:10B070006123833784F4B9072334F4F48357C4FA83
:10B080009BD78700C217C1931B9707011B57074126
:10B090008357C4FA81279B97870081279B970701D5
:10B0A0009BD70741D98F9B9707019BD70741C217B1
:10B0B000C1932316F4FA8357C4FA8127BE86216709
:10B0C000130707106380E604BE8621671307071085
:10B0D000634DD7001B87078001273DC33E878567E7
:10B0E00093876780630AF70275A8BE8621671307F6
:10B0F000D76D638BE6063E87A5679387C78C630F82
:10B10000F7064DA08D461946814517B50100130578
:10B11000E52BEFF06FEFCDA08D461946814517B5B1
:10B1200001001305252CEFF02FEE0327C4FE930733
:10B1300084F43A86BE85033504FEEFA05F8D6DA8CA
:10B140008D461946814517B501001305A52AEFF074
:10B15000AFEB0327C4FE930784F43A86BE8503351C
:10B1600004FEEFD0DFF049A88D461946814517B59A
:10B17000010013052529EFF02FE9BDA88D461946DA
:10B18000814517B5010013056529EFF0EFE70327A7
:10B19000C4FE930784F43A86BE85033504FEEFE0CF
:10B1A000FFB299A88357C4FA2330F4FC033704FC98
:10B1B0009307B05D63CEE700930704F5033604FC04
:10B1C00097B50100938505273E85EF70017421A88E
:10B1D000930704F5033604FC97B501009385052712
:10B1E0003E85EF708172930704F58D4619468145BF
:10B1F0003E85EFF06FE10100938701829863B70706
:10B200000200BA9783A7C77B85C39387018298639F
:10B21000836744FD91078A07BA979C4793F7F70F16
:10B220003E85EF20DFAE29A893870182986383676C
:10B2300044FD91078A07BA979C473E85EFF07FA3AC
:10B2400097A7150093870798DC43812799CF97A785
:10B25000150093872797DC438127FD371B8707005D
:10B2600097A7150093870796D8C397A715009387CC
:10B270006795DC43232EF4FA938701829863B7071E
:10B280000200BA9783A7C77B85C39387018298631F
:10B29000836744FD91078A07BA979C4793F7F70F96
:10B2A0003E85EF207F8F29A893870182986383676B
:10B2B00044FD91078A07BA979C473E85EFF06FF4EB
:10B2C0008327C4FB8127CDC3833784FDE107233C5B
:10B2D000F4FC938701829863836644FDA16793879A
:10B2E000071DB386F60299679387870EB697BA97BC
:10B2F000A107033784FD63F4E70293870182986313
:10B30000836644FDA1679387071DB386F60299679C
:10B31000938707E0B697BA97A107233CF4FC8337DD
:10B3200084FD9C4313970702019385478217E11719
:10B33000F98F2338F4FA833784FD9C478217819371
:10B340008217033704FBD98F2338F4FA833704FBC1
:10B350002330F4FE833784FDDC4381273E879167E9
:10B36000FD17F98F2326F4FE8327C4FB8127E3957D
:10B3700007CE0100EA704A7429618280797106F46F
:10B3800022F00018233CA4FCAE87231BF4FC833777
:10B3900084FD2334F4FE833784FE85072334F4FED2
:10B3A000833784FE85072334F4FE833784FE8507C4
:10B3B0002334F4FE833784FE85072334F4FE833779
:10B3C00084FE91072334F4FE833784FE91072334EF
:10B3D000F4FE833784FE91072334F4FE833784FE22
:10B3E00091072334F4FE833784FE91072334F4FE5F
:10B3F000833784FE91072334F4FE833784FE91075C
:10B400002334F4FE833784FE83C7070081279B978C
:10B4100087012322F4FE833784FE85072334F4FE5C
:10B42000833784FE83C7070081279B970701812705
:10B43000032744FEB99F2322F4FE833784FE850749
:10B440002334F4FE833784FE83C7070081279B974C
:10B4500087008127032744FEB99F2322F4FE833708
:10B4600084FE85072334F4FE833784FE83C70700F8
:10B470008127032744FEB99F2322F4FE833784FEED
:10B4800085072334F4FE833784FE83C707008127B2
:10B490009B9787012320F4FE833784FE850723349E
:10B4A000F4FE833784FE83C7070081279B9707013B
:10B4B0008127032704FEB99F2320F4FE833784FEEF
:10B4C00085072334F4FE833784FE83C70700812772
:10B4D0009B9787008127032704FEB99F2320F4FE52
:10B4E000833784FE85072334F4FE833784FE83C7C5
:10B4F00007008127032704FEB99F2320F4FE83372A
:10B5000084FE85072334F4FE833784FE91072334B9
:10B51000F4FE833784FE91072334F4FE032744FEB0
:10B52000B787557C9B870718B99F2322F4FE836752
:10B5300044FE3E85EF00C0040100A2700274456124
:10B540008280411122E4000897B71500938787BCD9
:10B5500037C71E4D1307072E98E397B7150093873B
:10B5600067BB98639307803EB307F7023E87970750
:10B5700002009387270E98E3010022644101828034
:10B58000011122EC00102334A4FE833784FE98635B
:10B5900097B71500938707B898E3010062640561C7
:10B5A0008280797122F40018233CA4FC97070200E2
:10B5B0009387470A98639307803EB357F7023E8705
:10B5C00097B71500938707B598E397B7150093874A
:10B5D00067B49C632334F4FE833784FD91C78337BB
:10B5E00084FD033784FE98E3833784FE3E8522740E
:10B5F00045618280011122EC00102334A4FE8337C0
:10B6000084FE23A20700833784FE23940700833738
:10B6100084FE23AA0700833784FE23AC0700833708
:10B6200084FE23A60700833784FE23A80700833700
:10B6300084FE239E0700833784FE239C07068337FE
:10B6400084FE239D0706833784FE238E07068337F7
:10B6500084FEA38E0706833784FE2390070083377A
:10B6600084FE239C0704833784FE238D07048337DD
:10B6700084FE114723A0E70801006264056182800F
:10B680001D7186ECA2E880102334A4FA232604FE60
:10B6900097B71500938787AA233CF4FA833784FA77
:10B6A00083D707009BD78700C217C1931B97070159
:10B6B0001B570741833784FA83D7070081279B975D
:10B6C000870081279B9707019BD70741D98F9B97BD
:10B6D00007019BD70741C217C1932314F4FC83379A
:10B6E00084FA83D787009BD78700C217C1931B9723
:10B6F00007011B570741833784FA83D787008127C7
:10B700009B97870081279B9707019BD70741D98F7C
:10B710009B9707019BD70741C217C1932315F4FCE0
:10B72000833784FADC4B9BD787011B87070083375D
:10B7300084FADC4B9BD787008127BE86C16793873D
:10B7400007F0F58F8127D98F1B870700833784FA8D
:10B75000DC4B9B9787008127BE86B707FF00F58FDC
:10B760008127D98F1B870700833784FADC4B9B978F
:10B7700087018127D98F81272326F4FC833784FA18
:10B780009C4B9BD787011B870700833784FA9C4B10
:10B790009BD787008127BE86C167938707F0F58F07
:10B7A0008127D98F1B870700833784FA9C4B9B978F
:10B7B00087008127BE86B707FF00F58F8127D98FC5
:10B7C0001B870700833784FA9C4B9B97870181274F
:10B7D000D98F81272328F4FC93070005230AF4FC62
:10B7E000833784FA83D7E7019BD78700C217C193B9
:10B7F0001B9707011B570741833784FA83D7E7015B
:10B8000081279B97870081279B9707019BD707413B
:10B81000D98F9B9707019BD70741C217C193231B61
:10B82000F4FC231C04FC231D04FC833784FA83C727
:10B83000D7078127998B812781CB970702009387B0
:10B84000E7D12390070031AA833784FA83C7A7057D
:10B8500081CB97070200938767D02390070011A23E
:10B86000833784FA03D7870597070200938707CFAA
:10B870002390E70097070200938747CE83D70700FE
:10B88000EDC3833784FA83D7C70191E7833784FAFE
:10B890000547239EE700833784FA03D7C70197073C
:10B8A00002009387A7CB83D7070001278127637CFA
:10B8B000F700833784FA03D7C701970702009387FD
:10B8C000E7C92390E700833784FA03D70702970775
:10B8D00002009387A7C883D7070001278127637CCD
:10B8E000F700833784FA03D707029707020093878C
:10B8F000E7C62390E700833784FABC672330F4FC63
:10B90000833784FABC6717070200130727C503575C
:10B9100007003E97833784FAB8E7833784FA03D762
:10B92000870597070200938767C383D70700BB0784
:10B93000F740139707034193833784FA2398E7046A
:10B94000833784FA83D7070589EF833784FA83C75F
:10B95000D70793E7870013F7F70F833784FAA38E8F
:10B96000E706833784FA83C7D707A30AF4FC97074F
:10B9700002009387A7BE83D70700D1272315F4FEC3
:10B98000833784FAD843930784FB99463A86BE8569
:10B9900017A515001305857AEFD0DFC0AA872326E7
:10B9A000F4FE8327C4FE1B8707008547631DF70A43
:10B9B000833784FB130784FC5146BA853E85EF60CC
:10B9C000710E833784FBD107233CF4FA833784FB61
:10B9D0002330F4FE97070200938747B883D7070008
:10B9E00085CF033784FB97070200938727B783D758
:10B9F0000700BE86930704FC3686BE853A85EF6055
:10BA0000710A833784FB17070200130727B5035712
:10BA10000700BA97233CF4FA8357A4FE9927231F03
:10BA2000F4FC17A71500130707738357A4FEA1277B
:10BA3000C217C1938356E4FD3686BE853A85EFE092
:10BA4000EF8CAA873E87833704FE2398E70083574D
:10BA5000A4FEBE8517A515001305456EEFD01FF88F
:10BA6000AA872326F4FE8327C4FE1B870700854789
:10BA7000630FF7028327C4FE1B870700C9476308CB
:10BA8000F702833784FA83C7C707FD3713F7F70F29
:10BA9000833784FA238EE706833784FA83D78707B0
:10BAA000A1E3833784FA0947239CE70615A8833767
:10BAB00084FAD84B97070200938747AA83D70700D9
:10BAC0008127B99F1B870700833784FAD8CB894623
:10BAD0001946814517B501001305C598EFE0DFD27F
:10BAE0008327C4FE3E85E6604664256182807971C5
:10BAF00006F422F00018233CA4FCAE87231BF4FCC0
:10BB0000232604FE833784FD2330F4FE97A7150017
:10BB1000938747619C639C5F3E878547631AF71054
:10BB200097A71500938707609C6383D7E7010357A6
:10BB300064FD0127812763E7E700835764FD231530
:10BB4000F4FE11A897A715009387C75D9C6383D760
:10BB5000E7012315F4FE97A715009387A75C9C6364
:10BB6000938707030357A4FE3A86833504FE3E8578
:10BB7000EF6041738357A4FE033704FEBA97233066
:10BB8000F4FE97A715009387E7599C63947B0357AE
:10BB9000A4FE97A715009387E7589C63369798FBF8
:10BBA00097A71500938707589C6383D6E70197A74B
:10BBB0001500938727579C630357A4FE3B87E640F5
:10BBC00042174193239FE70097A715009387875556
:10BBD0009C63D4478357A4FE1B87070097A71500D3
:10BBE000938747549C63359F012798CB97A71500EF
:10BBF000938747539C634147A38EE70697A7150099
:10BC0000938747529C630547238DE70497A7150048
:10BC1000938747519C633E85EFF09FA697A7150039
:10BC2000938747509C63238D070485472326F4FEA2
:10BC30008327C4FE3E85A2700274456182803971FB
:10BC400006FC22F880002334A4FC2330B4FC8337A4
:10BC500004FC9C632330F4FE232404FE97170200A7
:10BC60009387472983C7C70081279BD72740812710
:10BC7000C217C19393F7C703C217C193B1372317F4
:10BC8000F4FE8357E4FE8127638207249387818231
:10BC9000130780212390E7009717020093878725D9
:10BCA00083C7D7008127858B812763860720DDAA7C
:10BCB000833704FE83C70700A30FF4FC833704FE19
:10BCC00085072330F4FE8347F4FD8127BE860547B0
:10BCD000638AE61CBE8609476385E6026394071003
:10BCE0008357E4FE812791CB8357E4FE033704FE9C
:10BCF000BA972330F4FE231704FE85472324F4FE6D
:10BD000055A28357E4FE1B870700894763F7E70CBA
:10BD1000833704FE83C70700A30FF4FC833704FEB8
:10BD200085072330F4FE8347F4FD13F7F70F91479F
:10BD30006317F708833704FE83C70700C217C19350
:10BD40009B978700139707034193938781822390E2
:10BD5000E700833704FE85072330F4FE833704FEB3
:10BD600083C707001397070341939387818283D783
:10BD70000700B99F1397070341939387818223900C
:10BD8000E700833704FE85072330F4FE8357E4FE83
:10BD9000F5372317F4FE9387818283D707001B872B
:10BDA00007009307405B63F8E700938781821307DE
:10BDB000405B2390E70085472324F4FEE5A08946F5
:10BDC0001946814517A501001305C56AEFE0DFA3F9
:10BDD000231704FE232404FEF1A0231704FE2324CA
:10BDE00004FEC9A089461946814517A5010013051F
:10BDF000E56AEFE07FA1833704FE83C70700A30F46
:10BE0000F4FC833704FE85072330F4FE8357E4FEF9
:10BE1000FD372317F4FE8347F4FD13F7F70F85472B
:10BE200063F4E7068347F4FDF937A30FF4FC834777
:10BE3000F4FDC217C1930357E4FE0127812763670E
:10BE4000F7028347F4FD033704FEBA972330F4FE6C
:10BE50008347F4FDC217C1930357E4FEBB07F740C5
:10BE60002317F4FE85472324F4FE25A889461946A6
:10BE7000814517A501001305E563EFE0FF9823173F
:10BE800004FE232404FE31A889461946814517A5DE
:10BE9000010013052564EFE03F97231704FE2324D8
:10BEA00004FE01008357E4FE1B87F7FF2317E4FE1F
:10BEB000E39007E039A88357E4FE033704FEBA97FE
:10BEC0002330F4FE85472324F4FE21A08547232454
:10BED000F4FE833704FC033704FE98E3832784FED3
:10BEE0003E85E2704274216182805D7186E4A2E049
:10BEF00080082334A4FC2330B4FCB2873687232E79
:10BF0000F4FABA87231DF4FAA30304FE833704FC72
:10BF10009C63233CF4FC233404FE97F701009387D1
:10BF2000E76223A0070097F70100938767622390D9
:10BF30000700833784FD5146BE851715020013059F
:10BF400065FBEF602136833784FDD107233CF4FC89
:10BF500097A715009387071D23B0070097170200C6
:10BF6000938747F983D7270063890746971702000D
:10BF7000938747F883D70700638107469717020026
:10BF8000938747F783D707009BD78700C217C193D2
:10BF90001B9707011B57074197170200938787F5E7
:10BFA00083D7070081279B97870081279B970701ED
:10BFB0009BD70741D98F9B9707019BD707411397C1
:10BFC00007034193971702009387C7F22390E70076
:10BFD00097170200938707F283D727009BD7870024
:10BFE000C217C1931B9707011B5707419717020000
:10BFF000938747F083D7270081279B978700812766
:10C000009B9707019BD70741D98F9B9707019BD728
:10C01000074113970703419397170200938787ED12
:10C020002391E70097A71500938747109C6323345B
:10C03000F4FEA9A0971702009387C7EB03D7270048
:10C04000833784FE83D7070001278127631AF7000F
:10C0500097A715009387070D033784FE98E381A007
:10C06000833784FEBC772334F4FE830774FE93F792
:10C07000F70F852793F7F70FA303F4FE833784FEAA
:10C0800099CF97A715009387E70A0387070083478F
:10C0900074FE9B9787019BD78741E3CDE7F897A76D
:10C0A0001500938727089C6363890732971702005E
:10C0B000938747E403D7070097A715009387870660
:10C0C0009C6383D7870001278127630AF70097A71E
:10C0D0001500938727059C63DC436390073097F72F
:10C0E00001009387A7460327C4FB98C39717020054
:10C0F000938747E083C7C70081279BD727408127C5
:10C10000C217C19393F7C703C217C1930357A4FB88
:10C11000BB07F74013970703419397F701009387F5
:10C1200027432390E700033784FD97F701009387A7
:10C13000674298E3930784FDBE85033584FCEFF0E6
:10C140001FB0AA8781273E878547631FF726971769
:10C150000200938727DA83C7D7008127898B81273D
:10C16000A9CF971702009387E7D883C7D700812705
:10C17000C18B812795C389461946814517A50100C2
:10C1800013054537EFE04FE897A71500938787F928
:10C190009C631547B8D391A289461946814517A5D6
:10C1A000010013052536EFE02FE697A715009387CA
:10C1B00067F79C630D47B8D30DA2971702009387CA
:10C1C00067D383C7D7008127858B8127A9CF97178E
:10C1D0000200938727D283C7D7008127C18B81278D
:10C1E00095C389461946814517A501001305853277
:10C1F000EFE08FE197A715009387C7F29C631D4777
:10C20000B8D3E1A889461946814517A50100130551
:10C210006531EFE06FDF97A715009387A7F09C6368
:10C220001947B8D35DA8971702009387A7CC83C797
:10C23000D7008127918B8127A9CF97170200938779
:10C2400067CB83C7D7008127C18B812795C38946D8
:10C250001946814517A501001305C52DEFE0CFDA7A
:10C2600097A71500938707EC9C632947B8D3B5A01F
:10C2700089461946814517A501001305A52CEFE055
:10C28000AFD897A715009387E7E99C632547B8D3F4
:10C29000A9A0971702009387E7C583C7D700812716
:10C2A000C18B812795C389461946814517A5010091
:10C2B0001305452AEFE04FD597A71500938787E62A
:10C2C0009C631147B8D311A889461946814517A523
:10C2D000010013052529EFE02FD39717020093875C
:10C2E00067C19C479BD787011B87070097170200F0
:10C2F000938747C09C479BD787008127BE86C1672D
:10C30000938707F0F58F8127D98F1B870700971731
:10C310000200938727BE9C479B9787008127BE8694
:10C32000B707FF00F58F8127D98F1B870700971765
:10C330000200938727BC9C479B9787018127D98F51
:10C340001B870700971702009387C7BA98C79717EC
:10C350000200938727BADC439BD787011B8707001E
:10C3600097170200938707B9DC439BD78700812783
:10C37000BE86C167938707F0F58F8127D98F1B870A
:10C380000700971702009387E7B6DC439B97870067
:10C390008127BE86B707FF00F58F8127D98F1B87BE
:10C3A0000700971702009387E7B4DC439B97870148
:10C3B0008127D98F1B87070097170200938787B3C0
:10C3C000D8C3EF00200211A889461946814517A558
:10C3D00001001305251AEFE02FC30100A6600664D3
:10C3E00061618280011106EC22E80010232604FE20
:10C3F00097A71500938707D39C63FC4F2324F4FE73
:10C4000097A71500938707D29C63BC532322F4FEA1
:10C4100097A71500938707D19C6383D707003E85B4
:10C42000EFC03FA7AA8791C7A5472322F4FEEFC01C
:10C430007FA997A715009387E7CE9C63FC4FBE8624
:10C4400029476374D7006F10A05F1397270097A741
:10C4500001009387E73DBA979C431B87070097A786
:10C4600001009387E73CBA978287832744FE8127A0
:10C47000638B0714832744FE1B8707008D476318CF
:10C48000F71689461946814517A501001305851041
:10C49000EFE08FB797A715009387C7C89C6317F77E
:10C4A00001001307A70A1843D8C397A7150093875D
:10C4B00067C79C63171702001307C7A3035707003A
:10C4C0002394E70097A715009387C7C59C6323AC07
:10C4D000070097A715009387E7C49C63171702000E
:10C4E000130747A15843D8C797A71500938787C359
:10C4F0009C63D84797A715009387C7C29C630527FD
:10C50000012798CB971702009387C79E83D7E70030
:10C510009BD78700C217C1931B9707011B57074181
:10C52000971702009387079D83D7E70081279B9782
:10C53000870081279B9707019BD70741D98F1B97BE
:10C5400007011B57074197A715009387A7BD9C6359
:10C5500042174193239EE70097A71500938787BC56
:10C560009C6313878182035707002390E70297A7F4
:10C570001500938727BB9C634947A38EE70697A7BF
:10C580001500938727BA9C630947239CE70697A762
:10C590001500938727B99C630947239DE70697A752
:10C5A0001500938727B89C630D47238EE70697A74E
:10C5B0001500938727B79C633E85EFF06F8C8D47FE
:10C5C0002324F4FE35A089461946814517A50100AC
:10C5D000130545FDEFE04FA3232404FE97A71500A4
:10C5E000938747B49C633E85EFF0CF8011A0010094
:10C5F0006F106045832744FE1B870700B14763E641
:10C60000E754836744FE1397270097A70100938799
:10C61000E724BA979C431B87070097A701009387DD
:10C62000E723BA97828789461946814517A50100F5
:10C63000130545F8EFE04F9D97A71500938787AE48
:10C640009C63171702001307E78A5843D8C7971748
:10C6500002009387278AD84397A71500938787AC52
:10C660009C630527012798CB97170200938787883B
:10C6700083D7E7009BD78700C217C1931B97070199
:10C680001B570741971702009387C78683D7E70098
:10C6900081279B97870081279B9707019BD707419D
:10C6A000D98F1B9707011B57074197A71500938741
:10C6B00067A79C6342174193239EE70097A7150045
:10C6C000938747A69C6313878182035707002390B3
:10C6D000E70297A715009387E7A49C630947239C6B
:10C6E000E70697A715009387E7A39C630947239D57
:10C6F000E70697A715009387E7A29C630D47238E53
:10C70000E70697A715009387E7A19C634947A38E87
:10C71000E70697A715009387E7A09C633E85EFE0A7
:10C720003FF68D472324F4FE1DA98946194681450D
:10C7300017A50100130585E9EFE00F8D97A71500F8
:10C740009387479E9C63239C070697A715009387B2
:10C75000679D9C63DC4B85271B87070097070200BA
:10C76000938747799C47631FF70E97A71500938718
:10C77000679B9C63D84B97A715009387A79A9C63E8
:10C7800005270127D8CB97A715009387A7999C6306
:10C790004147A38EE70697A715009387A7989C6348
:10C7A00017070200130707755843D8C797070200F9
:10C7B00093874774D84397A715009387A7969C63E0
:10C7C0000527012798CB970702009387A77283D785
:10C7D000E7009BD78700C217C1931B9707011B5720
:10C7E0000741970702009387E77083D7E700812707
:10C7F0009B97870081279B9707019BD70741D98F7C
:10C800001B9707011B57074197A71500938787912F
:10C810009C6342174193239EE70097A715009387D7
:10C8200067909C6313878182035707002390E70278
:10C8300097A715009387078F9C633E85EFE05FE421
:10C84000AA8781273E87CD476314F7309147232479
:10C85000F4FE97A715009387E78C9C630D4723A0F0
:10C86000E708FDA497A715009387C78B9C6317075C
:10C870000200130727681847D8CB97A7150093879E
:10C88000678A9C635147A38EE70697A71500938795
:10C8900067899C633E85EFE0BFDEAA8781273E87DC
:10C8A000CD476317F72A232404FE97A71500938723
:10C8B00067879C633E85EFE0FFD359AC89461946F4
:10C8C000814517A501001305E5D1EFD0FFF397A728
:10C8D0001500938727859C63239C070697A715005F
:10C8E000938747849C63DC4B85271B87070097074A
:10C8F0000200938727609C476311F70E97A71500E6
:10C90000938747829C63D84B97A7150093878781AD
:10C910009C6305270127D8CB97A7150093878780AD
:10C920009C634147A38EE706979715009387877FFF
:10C930009C63170702001307E75B5843D8C79707A4
:10C9400002009387275BD843979715009387877DCD
:10C950009C630527012798CB970702009387875987
:10C9600083D7E7009BD78700C217C1931B970701A6
:10C970001B570741970702009387C75783D7E700E4
:10C9800081279B97870081279B9707019BD70741AA
:10C99000D98F1B9707011B5707419797150093875E
:10C9A00067789C6342174193239EE7009797150091
:10C9B000938747779C6313878182035707002390EF
:10C9C000E70291472324F4FE979715009387877514
:10C9D0009C630D4723A0E708BDAA9797150093878E
:10C9E00067749C63170702001307C7501847D8CB1A
:10C9F00097971500938707739C631147A38EE706EB
:10CA000097971500938707729C633E85EFE05FC799
:10CA1000AA8781273E87CD47631FF712232404FE90
:10CA200097971500938707709C633E85EFE09FBC46
:10CA30001DA289461946814517A50100130505BCAD
:10CA4000EFD09FDC232404FE979715009387876D12
:10CA50009C633E85EFE01FBA19A2894619468145BD
:10CA600017A50100130585BAEFD01FDA97971500B7
:10CA70009387476B9C6383C7C707A5CF979715001C
:10CA80009387476A9C633E85EFE09FBFAA87812713
:10CA90003E87CD476314F70C9797150093878768F7
:10CAA0009C6383C7D7078127918B812781CF23245C
:10CAB00004FE979715009387E7669C633E85EFE039
:10CAC0007FB369A8979715009387C7659C6383C751
:10CAD000D7078127C18B8127D1C391472324F4FE37
:10CAE00097971500938707649C630D4723A0E70879
:10CAF000B5A0979715009387E7629C631147A38EB3
:10CB0000E706979715009387E7619C633E85EFE002
:10CB10003FB7AA8781273E87CD476311F7042324B7
:10CB200004FE979715009387E75F9C633E85EFE0CF
:10CB30007FAC2DA0232404FE979715009387875E72
:10CB40009C633E85EFE01FAB19A801006F00B06F3A
:10CB500001006F00506F01006F00F06E01006F0068
:10CB6000906E832744FE1B870700B14763ECE73CC8
:10CB7000836744FE1397270097A70100938747D147
:10CB8000BA979C431B87070097A70100938747D05C
:10CB9000BA97828789461946814517A50100130572
:10CBA00065A8EFD07FC6979715009387A7579C631A
:10CBB00003D70700970702009387C73383D727005F
:10CBC000012781276313F7389797150093878755B7
:10CBD0009C63239C0706979715009387A7549C6333
:10CBE000D84397F70100938767969C436316F70431
:10CBF00097971500938707539C6303D78700970780
:10CC000002009387272F83D7070001278127631509
:10CC1000F702979715009387E7509C63DC4B8527B5
:10CC20001B870700970702009387C72C9C47631553
:10CC3000F70091472324F4FE979715009387874EBA
:10CC40009C630D4723A0E70809A68946194681453C
:10CC500017A501001305859EEFD01FBB9797150000
:10CC60009387474C9C63D84397F701009387078EBF
:10CC70009C43631FF72C979715009387A74A9C63E3
:10CC800003D78700970702009387C72683D707003B
:10CC900001278127631EF72A9797150093878748F6
:10CCA0009C63984B970702009387C724DC4363116A
:10CCB000F72A979715009387E7469C63DC4B8527F7
:10CCC0001B870700970702009387C7229C476311C1
:10CCD000F728979715009387E7449C63D84B97975D
:10CCE0001500938727449C6305270127D8CB979786
:10CCF0001500938727439C63239C070691472324B1
:10CD0000F4FE979715009387E7419C630D4723A096
:10CD1000E7083DAC89461946814517A50100130572
:10CD20006593EFD07FAE979715009387A73F9C63DD
:10CD3000239C0706979715009387C73E9C6305477A
:10CD4000A38EE706979715009387C73D9C63094715
:10CD5000239CE706979715009387C73C9C63094778
:10CD6000239DE706979715009387C73B9C6315475C
:10CD7000238EE70695472324F4FE979715009387A3
:10CD8000673A9C633E85EFE0BF8FD1AA894619467A
:10CD9000814517A501001305658DEFD0FFA6979774
:10CDA0001500938727389C6303D707009707020075
:10CDB0009387471483D7270001278127631DF7181E
:10CDC00097971500938707369C63984B9707020047
:10CDD00093874712DC436310F7188946194681454B
:10CDE00017A501001305058AEFD01FA2979715001C
:10CDF000938747339C6323A2070097971500938777
:10CE000067329C63239407009797150093878731B7
:10CE10009C6323AA0700979715009387A7309C630C
:10CE200023AC0700979715009387C72F9C6323A611
:10CE30000700979715009387E72E9C6323A80700A8
:10CE4000979715009387072E9C63239E070097975B
:10CE500015009387272D9C631307405B2390E702FF
:10CE600085472324F4FEC5A889461946814517A5A0
:10CE7000010013052582EFD03F99979715009387FE
:10CE8000672A9C6383C7C70791CB97971500938741
:10CE900067299C633E85EFE0AFFEC9A09797150018
:10CEA000938747289C631147A38EE7069797150041
:10CEB000938747279C633E85EFE08FFCAA878127F5
:10CEC0003E87CD47631CF708979715009387872502
:10CED0009C6323A20700979715009387A7249C6360
:10CEE00023940700979715009387C7239C6323AA71
:10CEF0000700979715009387E7229C6323AC0700F0
:10CF000097971500938707229C6323A6070097979E
:10CF10001500938727219C6323A807009797150086
:10CF2000938747209C63239E07009797150093875C
:10CF3000671F9C631307405B2390E7028547232408
:10CF4000F4FE29A801006F00103001006F00B02F1F
:10CF500001006F00502F01006F00F02E01006F00E4
:10CF6000902E832744FE1B870700B14763E9E750F3
:10CF7000836744FE1397270097A701009387879440
:10CF8000BA979C431B87070097A701009387879355
:10CF9000BA9782878946194681451795010013057E
:10CFA000E570EFD07F86979715009387A7179C634E
:10CFB000D84397E70100938767599C436313F74C65
:10CFC00097971500938707169C63984B9707020065
:10CFD000938747F2DC436316F74A979715009387C8
:10CFE00067149C63984F970702009387A7F09C47AC
:10CFF0006379F748979715009387C7129C63DC4BBA
:10D0000085271B870700970702009387A7EE9C4799
:10D010006369F746979715009387C7109C63DC4BAD
:10D02000139707034193970702009387A7EC9C4748
:10D03000C217C193BB07F7402311F4FE9797150061
:10D040009387470E9C63B467835724FE3307F040F1
:10D05000979715009387070D9C633697B8E79797C6
:10D0600015009387270C9C6303D707059797150036
:10D070009387470B9C63835624FE359F4217419349
:10D080002398E704970702009387C7E69847979786
:10D090001500938727099C637D37012798CF9797C1
:10D0A0001500938727089C6317070200130787E47E
:10D0B0001847D8CB97E701009387674A83D70700C3
:10D0C00081EF979715009387E7059C63D84B97E707
:10D0D00001009387A74998C3979715009387870402
:10D0E0009C6383D7070595EB979715009387870374
:10D0F0009C63FC4B3E878947631BF70E979715008F
:10D10000938747029C6323AA070497971500938788
:10D1100067019C63239C0706D9A897E701009387C2
:10D12000074483D70700A9C797971500938787FF00
:10D130009C6317E701001307E7421863B8E7979766
:10D140001500938727FE9C6317E70100130727410B
:10D1500003570700239CE70497971500938787FCE4
:10D160009C6317E70100130767401843D8CB39A821
:10D1700097971500938707FB9863979715009387F8
:10D1800067FA9C6303570705239CE70497971500EC
:10D19000938747F99C630947239DE70697971500F6
:10D1A000938747F89C631547238EE70697971500EA
:10D1B000938747F79C633E85EFE08FCC97E70100AC
:10D1C0009387E73983D707009DC3970702009387AA
:10D1D00067D2984797E70100938787399C43630894
:10D1E000F70097E70100938787372390070097E7B9
:10D1F00001009387E73583D7070063840728979753
:10D200001500938727F29C6317070200130787CE48
:10D210005843D8C797E701009387C733986397E7C8
:10D2200001009387E73283D70700BE853A85EFE098
:10D230001F8C81AC8946194681451795010013055D
:10D240006548EFD06FDC979715009387A7ED9C6337
:10D250004547A38EE70695472324F4FE97971500CC
:10D26000938747EC9C63239C070697971500938749
:10D2700067EB9C630947239CE70697971500938704
:10D2800067EA9C630947239DE706979715009387F4
:10D2900067E99C631547238EE706979715009387E8
:10D2A00067E89C633E85EFE0AFBDCDA28946194695
:10D2B00081451795010013056542EFD0EFD4F9A21F
:10D2C00097971500938707E69C63D84397E701007B
:10D2D0009387C7279C436318F71A9797150093877E
:10D2E00067E49C63984B970702009387A7C0DC43D1
:10D2F000631BF718979715009387C7E29C63239CDD
:10D300000704979715009387E7E19C6317070200CE
:10D31000130747BE1847D8CB97971500938787E028
:10D320009C63984B979715009387C7DF9C630527ED
:10D33000012798CB97E701009387872183D70700C0
:10D340009DCB979715009387E7DD9C631707020035
:10D35000130747BA5843D8C797E701009387871F39
:10D36000986397E701009387A71E83D70700BE85C0
:10D370003A85EFE0CFF7979715009387A7DA9C637C
:10D38000114723A0E708979715009387A7D99C63B7
:10D390000947239CE706979715009387A7D89C63B6
:10D3A0000947239DE706979715009387A7D79C63A6
:10D3B0001547238EE706979715009387A7D69C639A
:10D3C0004547A38EE706A5472324F4FE979715004B
:10D3D000938747D59C633E85EFE08FAA6DA0979712
:10D3E0001500938727D49C631147A38EE706979770
:10D3F0001500938727D39C633E85EFE06FA8232415
:10D4000004FE979715009387E7D19C633E85EFE074
:10D410006F9EADA8894619468145179501001305F1
:10D42000652DEFD06FBE979715009387A7CF9C63AC
:10D4300083C7C70781C7EF00B00081A89797150081
:10D44000938747CE9C631147A38EE70697971500F5
:10D45000938747CD9C633E85EFE08FA2AA87812703
:10D460003E87CD476313F702232404FE97971500E8
:10D47000938747CB9C633E85EFE0CF9739A00100AF
:10D48000D9A30100C9A301007DAB01006DAB8327C7
:10D4900044FE1B87070099476300F704832744FE77
:10D4A0001B870700994763EAE700832744FE1B8731
:10D4B00007009147630CF70A11AC832744FE1B87D2
:10D4C00007009D476301F70E832744FE1B87070073
:10D4D000B147630DF716DDAA97971500938787C4A8
:10D4E0009C634147A38EE70697971500938787C3F0
:10D4F0009C63984B970702009387C79FDC43631296
:10D50000F71C979715009387E7C19C63239C07043A
:10D5100097971500938707C19C63D84B9797150081
:10D52000938747C09C6305270127D8CB97971500A1
:10D53000938747BF9C63984B97971500938787BE47
:10D540009C630527012798CB97971500938787BD84
:10D550009C633E85EFE0CF92AA8781273E87CD4727
:10D560006311F716A1472324F4FEA1AA89461946A0
:10D5700081451795010013056519EFD0EFA897971E
:10D580001500938727BA9C630947239CE706979762
:10D590001500938727B99C630547238EE7069947B3
:10D5A0002324F4FE25A289461946814517950100DA
:10D5B00013054517EFD04FA597971500938787B6AA
:10D5C0009C634147A38EE70697971500938787B51D
:10D5D0009C63984B970702009387C791DC436314C1
:10D5E000F70E979715009387E7B39C63239C070476
:10D5F00097971500938707B39C63D84B97971500AF
:10D60000938747B29C6305270127D8CB97971500CE
:10D61000938747B19C63984B97971500938787B082
:10D620009C630527012798CB97971500938787AFB1
:10D630009C633E85EFE0CF84AA8781273E87CD4754
:10D640006313F708A9472324F4FEB5A889461946B1
:10D650008145179501001305650EEFD0EF9A979756
:10D660001500938727AC9C6383C7C70791CB979717
:10D670001500938727AB9C633E85EFE06F80B1A0D8
:10D6800097971500938707AA9C631147A38EE70617
:10D6900097971500938707A99C633E85EFD05FFE9F
:10D6A000AA8781273E87CD476311F702232404FE12
:10D6B00097971500938707A79C633E85EFD09FF34C
:10D6C00029A0010049A60100BDAE0100ADAE83272F
:10D6D00044FE1B8707009947636FF712832744FEB8
:10D6E0001B8707009D4763FAE700832744FE1B87DB
:10D6F0000700B1476306F70A39AA894619468145EA
:10D700001795010013050505EFD00F9097971500A9
:10D71000938747A19C634147A38EE706979715001F
:10D72000938747A09C63984B97F701009387877C6A
:10D73000DC436314F70E979715009387A79E9C63AD
:10D74000239C0704979715009387C79D9C63D84B2C
:10D75000979715009387079D9C6305270127D8CBD2
:10D76000979715009387079C9C63984B9797150094
:10D770009387479B9C630527012798CB97971500B4
:10D780009387479A9C633E85EFD09FEFAA878127B6
:10D790003E87CD476313F708A9472324F4FEB5A8B5
:10D7A000894619468145179501001305A5FCEFD060
:10D7B000AF85979715009387E7969C6383C7C70744
:10D7C00091CB979715009387E7959C633E85EFD0A3
:10D7D0003FEBB1A0979715009387C7949C631147BF
:10D7E000A38EE706979715009387C7939C633E85A2
:10D7F000EFD01FE9AA8781273E87CD476311F70243
:10D80000232404FE979715009387C7919C633E8558
:10D81000EFD05FDE29A001003DA401002DA401008E
:10D820001DA4832744FE1B8707009147631FF70051
:10D8300089461946814517950100130525F5EFC066
:10D84000BFFCA9472324F4FE11A00100EDAA832701
:10D8500044FE1B8707009D476300F702832744FEB1
:10D860001B870700B147630BF706832744FE1B871E
:10D87000070091476316F70C979715009387878ADF
:10D880009C63D84397E70100938747CC9C43631B75
:10D89000F70A979715009387E7889C6303D787005B
:10D8A00097F701009387076583D707000127812732
:10D8B000631AF70889461946814517950100130533
:10D8C000E5EDEFC07FF4232404FE979715009387BE
:10D8D00067859C633E85EFD0FFD1ADA0979715007B
:10D8E000938747849C6383C7C70791CB979715009D
:10D8F000938747839C633E85EFD09FD8B1A09797CD
:10D900001500938727829C631147A38EE70697979C
:10D910001500938727819C633E85EFD07FD6AA8729
:10D9200081273E87CD476311F702232404FE9787A2
:10D9300015009387277F9C633E85EFD0BFCB29A03E
:10D94000010011A2010001A20100F5A889461946B3
:10D950008145179501001305E5E5EFC0FFEA232493
:10D9600004FE978715009387E77B9C633E85EFD085
:10D970007FC8D1A8832744FE1B8707008547630A19
:10D98000F700832744FE1B8707008947630BF706D0
:10D990007DA089461946814517950100130585E24A
:10D9A000EFC09FE6978715009387C7779C63094769
:10D9B000239CE706978715009387C7769C630947E2
:10D9C000239DE706978715009387C7759C630D47CE
:10D9D000238EE706978715009387C7749C630947D2
:10D9E000A38EE706978715009387C7739C633E85D0
:10D9F000EFD01FC989472324F4FE85472326F4FE70
:10DA00003DA889461946814517950100130505DD96
:10DA1000EFC09FDF978715009387C7709C6323A291
:10DA20000700978715009387E76F9C63239407008F
:10DA300085472324F4FE85472326F4FE010021A018
:10DA4000010011A00100978715009387A76D9C63C3
:10DA50003547B8D3978715009387C76C9C63032716
:10DA600084FEF8CF8327C4FE3E85E26042640561F0
:10DA70008280411122E40008978715009387076B85
:10DA800023B00700978715009387C76A2380070094
:10DA900097E70100938707AB130700402390E70047
:10DAA00097E70100938747AA23A00700010022649B
:10DAB00041018280011106EC22E80010233404FEAB
:10DAC000232204FE97E70100938707A89C4385273C
:10DAD0001B87070097E70100938707A798C397E77D
:10DAE0000100938727A683D707008527139707038D
:10DAF000419397E701009387E7A42390E70097E716
:10DB00000100938727A483D707001B87070093078B
:10DB1000F03F63EAE70097E701009387A7A21307A6
:10DB200000402390E70097871500938727609C6348
:10DB30002334F4FECDA0833784FE83D78707F1C357
:10DB4000894619468145179501001305A5CDEFC0FB
:10DB5000BFCB833784FE83D78707FD37139707032F
:10DB60004193833784FE239CE706833784FE83D763
:10DB70008707C1EB833784FEBC533E87B5476312EA
:10DB8000F708833784FE83C7C70781271547BB077C
:10DB9000F7402320F4FE832704FE812763D4070087
:10DBA000232004FE833784FE83D7A7071B87070043
:10DBB000832704FEBB17F7008127139707034193C0
:10DBC000833784FE239CE706833784FE83C7C70719
:10DBD00081CF833784FE83C7C707FD3713F7F70F5D
:10DBE000833784FE238EE706833784FE3147B8D31C
:10DBF0009787150093870753033784FE98E3EFE078
:10DC00006FFE833784FEBC772334F4FE832744FE03
:10DC100085272322F4FE833784FE91CF9787150052
:10DC200093874751838707001B870700832744FE9C
:10DC30008127E3C2E7F00100E2604264056182806F
:10DC4000411106E422E00008978715009387874D6D
:10DC50009C63B46797E701009387479083D70700D9
:10DC60003307F040978715009387C74B9C6336971F
:10DC7000B8E7978715009387E74A9C63B86797E7EB
:10DC800001009387278E98E397E701009387078D1C
:10DC900003D7070097E701009387678C2390E7007D
:10DCA00097871500938707489C6317E701001307C0
:10DCB000E78B1843D8CB97F701009387A7239847A2
:10DCC00097E701009387C78A98C3978715009387C2
:10DCD00067459C633E85EFD0BF9AAA8781273E8522
:10DCE000A260026441018280397106FC22F8800042
:10DCF000AA87A307F4FCA30704FE97971500938750
:10DD0000E7A39C432324F4FE97971500938707A667
:10DD1000233CF4FC8347F4FC13F7F70F9147631A95
:10DD2000F70E979715009387670283D70700231391
:10DD3000F4FE835764FE032684FE930584FD3E872C
:10DD4000C1679386B7FF17951500130525A2EF004D
:10DD50004047AA878127B337F000A307F4FE834723
:10DD6000F4FE93F7F70FD5C78347F4FC81279BD7C1
:10DD700087401B870700833784FD1377F70F2380C5
:10DD8000E700833784FD8507233CF4FC833784FD5B
:10DD90000347F4FC2380E700833784FD8507233C99
:10DDA000F4FC97D701009387277D83D707009BD783
:10DDB0008700139707034193833784FD1377F70F89
:10DDC0002380E700833784FD8507233CF4FC97D745
:10DDD00001009387677A03D70700833784FD1377A1
:10DDE000F70F2380E700833784FD8507233CF4FC8D
:10DDF000033784FD9797150093874797B307F7403C
:10DE0000C217C193BE851795150013052596EF001F
:10DE1000404E0100E270427421618280117186FDE2
:10DE2000A2F900022334A4F0AE872313F4F0833761
:10DE300084F02334F4FE1795150013056590EF4028
:10DE4000C127AA872313F4FE831764F01B870700FA
:10DE5000914763DAE72C833784FE83C70700C21734
:10DE6000C1939B9787002312F4FE833784FE8507B6
:10DE70002334F4FE833784FE83C70700C217C1939F
:10DE8000035744FEB99F2312F4FE833784FE8507AF
:10DE90002334F4FE833784FE83C70700C217C1937F
:10DEA0009B97870013970703419397D701009387A8
:10DEB000A76C2390E700833784FE85072334F4FEA4
:10DEC000833784FE83C7070013970703419397D7CF
:10DED00001009387676A83D70700B99F13970703E9
:10DEE000419397D70100938727692390E7008337F1
:10DEF00084FE85072334F4FE835744FE1B87070006
:10DF00009947631BF70097D701009387E766239033
:10DF100007001145EFF05FDD97D701009387C765D4
:10DF200083D707001B87070097D701009387E76413
:10DF300083D707008127852781276319F71897D78B
:10DF400001009387676383D707008527139707032B
:10DF5000419397D70100938767622390E700835727
:10DF600064F0F137C217C1932313F4F0831764F000
:10DF70001B870700835764FE81276350F70283578E
:10DF800044FE1B8707008D476319F70097D70100F0
:10DF90009387675E05472380E700835744FE812708
:10DFA000BE8615476361D71813972700979701001E
:10DFB0009387C795BA979C431B87070097970100E3
:10DFC0009387C794BA97828797D701009387C75AD8
:10DFD000239007001145EFF03FD1B1A2835764F0C1
:10DFE0001B9707011B5707419B06070013074006B5
:10DFF0006354D700930740069B9707019BD70741BF
:10E000002320F4FE930784F71306400681453E85DE
:10E01000EF40012D930704F11306400681453E852C
:10E02000EF40012C032704FE930784F73A868335DB
:10E0300084FE3E85EF400127832704FE033784FEDC
:10E04000BA972334F4FE9387C1829C43032704FECE
:10E0500093160703C192130784F73686BA853E8567
:10E06000EF00000D832704FEC217C1931B87070032
:10E070009387C1829C43B99F1B8707009387C18206
:10E0800098C3035764F0832704FEC217C193BB07EC
:10E09000F740C217C1932313F4F0831764F081276C
:10E0A000E34EF0F21145EFF03FC497D7010093879C
:10E0B000A74C03D7070097D701009387074C2390FD
:10E0C000E70095A0231304F00100B1A897D7010041
:10E0D0009387874A03D7070097D701009387E749BB
:10E0E00083D70700012781276378F7001145EFF0F8
:10E0F000BFBF231304F005A897D701009387C74734
:10E1000083D707001B87070097D701009387E7464F
:10E1100083D7070081278527812763D6E70023134C
:10E1200004F011A001000100EE704E7411618280B4
:10E13000797106F422F00018AA872338B4FC3287DC
:10E14000232EF4FCBA87231DF4FC978701009387E4
:10E15000E77A2334F4FEA30304FE89A8833784FE00
:10E1600085CF833784FE03D7070097D701009387B5
:10E17000674083D7070001278127631FF700833794
:10E1800084FE94670357A4FD8327C4FD3A86833534
:10E1900004FD3E85829605A0833784FEC1072334A3
:10E1A000F4FE834774FE8527A303F4FE834774FEC1
:10E1B00093F7F70FC5D785473E85A2700274456176
:10E1C0008280397106FC22F88000233CA4FC2338AD
:10E1D000B4FCB2872326F4FCB6872315F4FCBA8777
:10E1E0002314F4FC232204FE8327C4FCC5463E8688
:10E1F000833504FD033584FDEFB0CFBAAA8723220F
:10E20000F4FE833704FD9C632334F4FE832744FE2D
:10E210001B87070085476312F70C8357A4FC9BD725
:10E220008700C217C19313F7F70F833784FE23804B
:10E23000E700833784FE85072334F4FE8357A4FC6C
:10E2400013F7F70F833784FE2380E700833784FEBC
:10E2500085072334F4FE835784FC9BD78700C217BD
:10E26000C19313F7F70F833784FE2380E7008337CA
:10E2700084FE85072334F4FE835784FC13F7F70FDD
:10E28000833784FE2380E700833784FE85072334A9
:10E29000F4FE833784FE23800700833784FE8507DE
:10E2A0002334F4FE833784FE23800700833784FE03
:10E2B00085072334F4FE833784FE238007008337E9
:10E2C00084FE85072334F4FE833784FE2380070011
:10E2D000833784FE85072334F4FE833704FD033738
:10E2E00084FE98E3832744FE3E85E27042742161F8
:10E2F0008280797106F422F00018233CA4FCAE87DA
:10E30000231BF4FC232404FE833784FD93876702D8
:10E310002330F4FE835764FD9BD78700C217C19357
:10E3200013F7F70F833704FE2380E700833704FEDB
:10E3300085072330F4FE835764FD13F7F70F833707
:10E3400004FE2380E700833704FE85072330F4FEB4
:10E35000835764FDC5272317F4FE833784FD138795
:10E36000A701835764FDA127C217C1938356E4FE1A
:10E370003686BE853A85EFB06FF9AA872317F4FE7B
:10E380008357E4FE812781E7FD572317F4FE833787
:10E3900084FD938787022330F4FE8357E4FE9BD7E6
:10E3A0008700C217C19313F7F70F833704FE23804A
:10E3B000E700833704FE85072330F4FE8357E4FE2D
:10E3C00013F7F70F833704FE2380E700833704FE3B
:10E3D00085072330F4FE835764FDBE85033584FD35
:10E3E000EFB0CFDFAA872324F4FE832784FE3E8587
:10E3F000A2700274456182801D7186ECA2E8A6E4D9
:10E400008010233CA4FA2338B4FAB2873687232637
:10E41000F4FABA872315F4FA232E04FC833704FB9D
:10E420009C632334F4FC833784FC2146BE85179516
:10E43000150013052592EF30F166833784FCA107A0
:10E440002334F4FC979715009387C79083D7670010
:10E4500091C78357A4FA81276391071C97971500EA
:10E460009387478F83D727009BD78700C217C19315
:10E470001B9707011B570741979715009387878DB7
:10E4800083D7270081279B97870081279B970701C8
:10E490009BD70741D98F9B9707019BD707411397BC
:10E4A00007034193979715009387C78A2391E70045
:10E4B000979715009387078A83D707009BD7870014
:10E4C000C217C1931B9707011B5707419797150068
:10E4D0009387478883D7070081279B9787008127E9
:10E4E0009B9707019BD70741D98F9B9707019BD724
:10E4F0000741139707034193979715009387078563
:10E500002390E700979715009387C78483D7470028
:10E510009BD78700C217C1931B9707011B57074161
:10E52000979715009387078383D7470081279B9789
:10E53000870081279B9707019BD70741D98F9B971E
:10E5400007019BD70741139707034193979715003E
:10E55000938747802392E700B547232EF4FCEF0012
:10E56000200D2338A4FCA5A8833704FD03D707009A
:10E57000978715009387077E83D727000127812778
:10E580006319F704978715009387C77C83D44700E6
:10E59000EFB0CFD5AA871B87040081276317F70246
:10E5A000833704FD9467033784FC978715009387AE
:10E5B000677A83D74700E137C217C1939B9707015A
:10E5C0009BD70741BE853A8582968547232EF4FC6A
:10E5D00011A8033504FDEF0000072338A4FC83379E
:10E5E00004FDD9F38327C4FD1B870700B5476319D2
:10E5F000F702977715009387E7E5904B977715001B
:10E60000938747E5D447930784FC13070004BE852E
:10E61000033584FBEFA0AFE521A0A947232EF4FC2E
:10E620008327C4FD3E85E6604664A664256182803A
:10E63000411122E40008978701009387A72E3E85A9
:10E64000226441018280011122EC00102334A4FED7
:10E65000833784FEC1072334F4FE97870100938734
:10E66000677C033784FE6375F700833784FE11A04F
:10E6700081473E85626405618280797122F40018C9
:10E68000AA87232EF4FC232604FE8327C4FD9B8641
:10E69000D7FC1B870600914763EAE70493970602BD
:10E6A000819313972700978701009387A72CBA9728
:10E6B0009C431B870700978701009387A72BBA9776
:10E6C000828785472326F4FE2DA089472326F4FE62
:10E6D0000DA08D472326F4FE29A891472326F4FE9A
:10E6E00009A8930700042326F4FE21A0232604FE94
:10E6F00001008327C4FE3E852274456182807971C2
:10E7000022F40018233CA4FCAE873687A30BF4FC4C
:10E71000B287230BF4FCBA87A30AF4FC232604FE79
:10E72000833784FDA1C7834754FD93F7F70F81CB4F
:10E73000833784FD130710072380E70039A0833750
:10E7400084FD130700072380E700833784FD8507D6
:10E75000034774FD2380E700833784FD890703475F
:10E7600064FD2380E7008D472326F4FE8327C4FE43
:10E770003E85227445618280797122F4001823302D
:10E7800004FE97D701009387A7DF9C433E8793073A
:10E79000E00F63F5E700833704FE35A2F957232E17
:10E7A000F4FC97D701009387A7DD9C4313970702DA
:10E7B0000193BA878E07BA978A0717E701001307F4
:10E7C000E774BA972334F4FE99A0833784FE83C795
:10E7D000070081279D8B81273E8785476313F702BA
:10E7E000833784FE98538327C4FD812763EBE700BA
:10E7F000833784FE9C53232EF4FC833784FE23301E
:10E80000F4FE833784FE938747022334F4FE0337F4
:10E8100084FE971702009387E7AAE3F8E7FA8337A5
:10E8200004FE85C3833704FE130700F82380E70046
:10E83000833704FE0567130707E198D3833704FE87
:10E8400059A097E701009387676C2334F4FE99A0E1
:10E85000833784FE83C7070081279D8B81273E87EE
:10E860008D476313F702833784FE98538327C4FDD3
:10E87000812763EBE700833784FE9C53232EF4FC4F
:10E88000833784FE2330F4FE833784FE9387470268
:10E890002334F4FE033784FE97170200938787A280
:10E8A000E3F8E7FA833704FE89CF833704FE1307C2
:10E8B00000F82380E700833704FE0567130707E1AC
:10E8C00098D3833704FE3E8522744561828001110E
:10E8D00022EC001097D70100938787CA23A0070076
:10E8E00097E70100938787622334F4FE19A88337E2
:10E8F00084FE23800700833784FE938747022334F6
:10E90000F4FE033784FE971702009387A79BE3F07A
:10E91000E7FE0100626405618280797106F422F0ED
:10E920000018AA872E872338C4FC232EF4FCBA874C
:10E93000232CF4FCA30704FE9387018398438327C9
:10E94000C4FD81276386E71C97E701009387075C76
:10E950002330F4FEE1A0833704FE83C7070081273C
:10E96000858B8127D5C7833704FED8438327C4FD11
:10E970008127639FE708833704FEB107833504FDD1
:10E980003E85EF10E020833704FE032784FD98C7FF
:10E99000833704FE83C707008127898B812781CBBA
:10E9A000833704FE55671307071898D399A0833758
:10E9B00004FE83C707008127918B812791C7833786
:10E9C00004FE7D5798D335A0833704FE83C7070024
:10E9D0008127A18B812781CB833704FE056713072D
:10E9E00007E198D339A0833704FE5567130707184A
:10E9F00098D3833704FE83C70700F59B13F7F70FFF
:10EA0000833704FE2380E7008547A307F4FE39A877
:10EA1000833704FE938747022330F4FE033704FE56
:10EA2000971702009387078AE3F7E7F28347F4FE1C
:10EA300093C7170093F7F70FBDCF97E701009387B0
:10EA4000E74C2330F4FE85A0833704FE83C707001C
:10EA50008127858B8127B1E3833704FE0547238017
:10EA6000E700833704FE0327C4FDD8C3833704FEC1
:10EA7000032784FD98C7833704FEB107833504FD5F
:10EA80003E85EF10E010833704FE0567130707E1AA
:10EA900098D38547A307F4FE39A8833704FE9387EC
:10EAA00047022330F4FE033704FE971702009387D2
:10EAB0006781E3FBE7F88347F4FE93C7170093F7FA
:10EAC000F70FA9CBEFF05FCB2330A4FE833704FE12
:10EAD000B1C3833704FE05472380E700833704FE74
:10EAE0000327C4FDD8C3833704FE032784FD98C7DA
:10EAF000833704FEB107833504FD3E85EF104009DE
:10EB0000833704FE0567130707E198D3010019A0B6
:10EB1000010011A00100A270027445618280011100
:10EB200022EC0010232204FE97E701009387073EA2
:10EB30002334F4FE3DA0833784FE83C7070081277A
:10EB40008D8B81273E8785476317F700832744FE17
:10EB500085272322F4FE833784FE938747022334DC
:10EB6000F4FE033784FE970702009387A775E3F44A
:10EB7000E7FC832744FE3E856264056182801301C1
:10EB800001A0233C115E2338815E1304016023340D
:10EB9000A4A0AE872322F4A0232604FE97E7010059
:10EBA0009387C7362330F4FE29A2833704FE83C738
:10EBB000070081278D8B81273E8785476315F70ED8
:10EBC0008327C4FE033784A03E97833704FEDC43CB
:10EBD0003E86A1453A85EF20C012AA873E8783274B
:10EBE000C4FEB99F2326F4FE8327C4FE033784A006
:10EBF0003E97833704FE83D747018127BE853A8538
:10EC0000EF206071AA873E878327C4FEB99F232621
:10EC1000F4FE833704FE83C76701A1C7833704FE70
:10EC200013877701833704FE83C76701BE86930786
:10EC300084A13686BA853E85EF30503C8327C4FEDA
:10EC4000033784A0BA97130784A1BA853E85EF20C5
:10EC5000601AAA873E878327C4FEB99F2326F4FE45
:10EC600099A0833704FE1387D700833704FE83C738
:10EC7000C700BE86930784A13686BA853E85EF30ED
:10EC8000F0378327C4FE033784A0BA97130784A103
:10EC9000BA853E85EF200016AA873E878327C4FEEB
:10ECA000B99F2326F4FE833704FE9387470223305F
:10ECB000F4FE033704FE970702009387A760E3F68C
:10ECC000E7EE8327C4FE3E858330815F0334015F16
:10ECD0001301016082801301019F233411602330EE
:10ECE000816013040161233CA49E2338B49E232633
:10ECF00004FE232404FE233004FE232604FC232EDA
:10ED000004FC232404FC232C04FC232A04FC2328D5
:10ED100004FC8337049FF1073E85EF30A04883371A
:10ED2000049FF107014681453E85EF30004C833753
:10ED3000049FF107014685453E85EF30004B833740
:10ED4000049FF107014689453E85EF30004A83372D
:10ED5000049F9C5B1307405CBB07F7408127232877
:10ED6000F4FC8337049F23AA0702EFF05FDBAA8736
:10ED70002326F4FC8327C4FC812799E3814735AE21
:10ED80008337049FDC573E87A147631BF7000327A7
:10ED9000C4FC8337049FB8C78337049F0547D8DF77
:10EDA0008337049FBC4763D207068337049FDC5F29
:10EDB0002324F4FE8337049FBC478527812703273C
:10EDC00084FEB99F2324F4FE832784FE8127634FAA
:10EDD000F0008337049FDC5F1B8707008337049FA5
:10EDE000B8C78337049F0547D8DF05A0032784FEF3
:10EDF0008337049FD8DF8337049FBC47BB07F040AD
:10EE00001B8707008337049FB8C78337049FD85FE9
:10EE10008327C4FC812763F4E700814779AC8337FB
:10EE2000049FD85F8337049FBC478127B99F812700
:10EE3000FD37232AF4FC032744FD8327C4FC012764
:10EE4000812763F6E7008327C4FC232AF4FC97E7B5
:10EE500001009387A70B2330F4FE8547232EF4FC93
:10EE600039A0833704FE938747022330F4FE8337AB
:10EE700004FE83C7070081278D8B81273E87854746
:10EE8000E311F7FE35A8833704FE83C70700812707
:10EE90008D8B81273E878547631EF700833704FEED
:10EEA000938747022330F4FE8327C4FD8527232E52
:10EEB000F4FC39A0833704FE938747022330F4FE25
:10EEC0008337049FD85F8327C4FD8127E39DE7FA3A
:10EED0008327C4FD2324F4FC41AA832704FD1B8758
:10EEE0000700C14763EBE7008337049FF10705463E
:10EEF00089453E85EF30602F41A28327C4FE03374A
:10EF0000849F3E97833704FEDC433E86A1453A85C5
:10EF1000EF10305FAA872324F4FE0327C4FE832763
:10EF200084FEB99F81273E878337849F3E9783372E
:10EF300004FE83D747018127BE853A85EF20A03D97
:10EF4000AA873E87832784FEB99F2324F4FE833754
:10EF500004FE83C76701A9CB833704FE13877701BB
:10EF6000833704FE83C76701BE86930704A03686F5
:10EF7000BA853E85EF3090080327C4FE832784FEC0
:10EF8000B99F81273E878337849FBA97130704A0D0
:10EF9000BA853E85EF101066AA873E87832784FED8
:10EFA000B99F2324F4FE81A8833704FE1387D7007A
:10EFB000833704FE83C7C700BE86930704A0368646
:10EFC000BA853E85EF3090030327C4FE832784FE75
:10EFD000B99F81273E878337849FBA97130704A080
:10EFE000BA853E85EF101061AA873E87832784FE8D
:10EFF000B99F2324F4FE832784FE032704FDBB0767
:10F00000F7402328F4FC0327C4FE832784FEB99F1E
:10F010002326F4FE8327C4FD232CF4FC8327C4FDA0
:10F020008527232EF4FC833704FE93874702233081
:10F03000F4FE8337049FDC5B85271B87070083373B
:10F04000049FD8DB39A0833704FE9387470223301F
:10F05000F4FE833704FE83C7070081278D8B812749
:10F060003E878547E311F7FE0327C4FD832744FD50
:10F0700001278127E3F3E7E6832784FC1B8707004A
:10F080008547631AF7008337049FF10705468145DA
:10F090003E85EF308015032784FD8327C4FC0127BC
:10F0A0008127631AF7008337049FF10705468545DA
:10F0B0003E85EF3080138327C4FE3E858330816018
:10F0C00003340160130101618280011122EC001000
:10F0D000AA872330B4FE2326F4FE8327C4FE1B87B1
:10F0E0000700F54763EDE700170702001307072045
:10F0F0008367C4FE8E07BA97033704FE98E30100C6
:10F10000626405618280011122EC00102334A4FEA8
:10F1100097C7010093870747033784FE98E30100F0
:10F12000626405618280011122EC0010AA872330FD
:10F13000B4FE2326F4FE8327C4FE1B870700A947DD
:10F1400063EDE70017070200130747298367C4FE32
:10F150008E07BA97033704FE98E3010062640561E5
:10F160008280797122F40018AA87232EF4FC2326CA
:10F1700004FEA30504FE230504FE8327C4FD1B87AC
:10F1800007009307B00263E6E70C232604FEA9A05C
:10F1900017C70100130707CB8327C4FE8A07BA9756
:10F1A00098438327C4FD81276393E702854723059E
:10F1B000F4FE17070200130767138327C4FE8E07A8
:10F1C000BA979C6395C38547A305F4FE31A88327AE
:10F1D000C4FE85272326F4FE8327C4FE1B87070071
:10F1E000F547E3D7E7FA11A001008347A4FE93C7D0
:10F1F000170093F7F70FB1CF232604FE91A017C78E
:10F2000001001307A7CB8327C4FE8A07BA97984348
:10F210008327C4FD81276390E702170702001307C5
:10F22000E71B8327C4FE8E07BA979C6395C3854767
:10F23000A305F4FE31A88327C4FE85272326F4FE08
:10F240008327C4FE1B870700A947E3DAE7FA11A06A
:10F2500001008347B4FE3E8522744561828001111E
:10F2600022EC0010AA872330B4FE2326F4FE832765
:10F27000C4FE9B86D7FF1B870600E94763E1E704CE
:10F28000939706028193139727009777010093873E
:10F29000A76FBA979C431B87070097770100938756
:10F2A000A76EBA978287170702001307A71883670C
:10F2B000C4FE8E07BA97033704FE98E311A001003D
:10F2C00001006264056182805D7186E4A2E08008CD
:10F2D000233CA4FC2334C4FC2330D4FC233CE4FAB8
:10F2E0002338F4FAAE87231BF4FC231704FE83377C
:10F2F00084FD83C7070081279BD737408127858BF3
:10F300008127B337F00013F7F70F833784FC23808E
:10F31000E700833784FD83C7070081279BD72740F9
:10F320008127858B8127B337F00013F7F70F8337D9
:10F3300084FCA380E700833784FD83C7070081270F
:10F340009BD717408127858B8127B337F00013F7B0
:10F35000F70F833784FC2381E700833784FD85071B
:10F3600083C707003E85EF009044AA873E87833716
:10F3700084FCD8C3833784FD850783C707003E8597
:10F38000EF00B04FAA873E87833784FC98C7833746
:10F3900084FD03C72700833784FC2386E7008D475D
:10F3A0002317F4FE833784FC83C70700A9C3835760
:10F3B000E4FE1B8717002317E4FE3E87833784FD96
:10F3C000BA9703C70700833784FCA386E7008357F7
:10F3D000E4FE1B8717002317E4FE3E87833784FD76
:10F3E000BA9703C70700833784FC2387E700835756
:10F3F000E4FE1B8717002317E4FE3E87833784FD56
:10F40000BA9703C70700833704FC2380E7008357BC
:10F41000E4FE033784FD3E97833784FB98E303576C
:10F4200064FD8357E4FEBB07F7401397070341933E
:10F43000833704FB2390E7008357E4FE3E85A660F4
:10F44000066461618280411122E400089387418350
:10F4500083D707003E85226441018280011122EC9E
:10F460000010AA872317F4FE938741830357E4FE15
:10F470002390E7000100626405618280411122E46B
:10F4800000089387618383C707003E85226441019A
:10F490008280011122EC0010AA87A307F4FE938753
:10F4A00061830347F4FE2380E70001006264056185
:10F4B0008280797106F422F00018AA87A30FF4FC69
:10F4C000A30704FEEF303037AA8785C38347F4FDD6
:10F4D0001B870700BA86C547638BF600D1476308D0
:10F4E000F7008547A307F4FE21A0010011A0010049
:10F4F0008347F4FE3E85A270027445618280797173
:10F5000006F422F00018AA87A30FF4FCA30704FE58
:10F51000EF307032AA8789C78547A307F4FE1DA084
:10F52000EF30F033AA8781CF8347F4FD81273E87F0
:10F53000A1476308F7008547A307F4FE21A0010057
:10F5400011A001008347F4FE3E85A270027445615C
:10F550008280597186F4A2F080182334A4FA2330F3
:10F56000B4FAB287231FF4F8233C04FC233004FED2
:10F57000232804FC230A04FCA30504FEA30704FCBF
:10F58000233004FC231F04FA232604FEA30E04FAEE
:10F59000232C04FA232A04FA232804FA230504FE60
:10F5A000A30404FE833704FA6386075C833704FAF6
:10F5B00083C70700812793F7070F8127BE861307AC
:10F5C0000003638AE620BE8613070003634DD7005D
:10F5D000BE864147638BE60EBE8613070002638634
:10F5E000E6168DCF4DA3BE8613070005638EE63465
:10F5F000BE86130700056348D7003E8793070004C3
:10F60000630EF73249A3BE8613070006638AE64AF3
:10F610003E8793070007630BF74EB5A39307E4FB00
:10F62000130704FC9306F4FC130684FD8355E4F9E8
:10F63000033504FAEFF05FC98347F4FC3E85EFF031
:10F640005FE7AA87639A07528347F4FC3E87F54732
:10F6500063E4E7048347F4FC8127170702001307DC
:10F66000E7C88E07BA979C6385CB8347F4FC812754
:10F6700017070200130787C78E07BA9703B807005A
:10F68000833704FC0357E4FB930684FD033684FAB6
:10F69000BA853E850298DDA197C70100938787EE62
:10F6A0009C63638D074C97C701009387A7ED03B850
:10F6B0000700833704FC0357E4FB930684FD0336FD
:10F6C00084FABA853E85029855A9833704FA83C720
:10F6D0001700A307F4FC833704FA89072330F4FCEE
:10F6E0008357E4F9F937C217C193231FF4FA83470C
:10F6F000F4FC3E85EFF0BFE0AA8763930748834799
:10F70000F4FC3E87A94763EFE7468347F4FC812773
:10F7100017070200130787CC8E07BA979C63638391
:10F7200007468347F4FC812717070200130707CB1E
:10F730008E07BA979463833704FC0357E4FB0336C0
:10F7400084FABA853E85829635A9833704FA83C741
:10F750001700A305F4FE833704FA83C72700A30725
:10F76000F4FC8347F4FC8127BE8671476363D706A8
:10F7700013972700977701009387C727BA979C4371
:10F780001B870700977701009387C726BA97828760
:10F790008347F4FC8127170702001307A7C98E07C8
:10F7A000BA979C638DC38347F4FC81271707020037
:10F7B000130747C88E07BA9798638347B4FEBE8580
:10F7C000033584FA02978347B4FE3E85EF50805696
:10F7D00011A001004DAE833704FA83C707008127CB
:10F7E0009BD737408127858B8127B337F00093F76C
:10F7F000F70F2308F4FC833704FA83C70700812737
:10F800009BD727408127858B8127B337F00093F75B
:10F81000F70FA308F4FC833704FA83C71700230902
:10F82000F4FC834724FDA305F4FE89472326F4FE58
:10F83000834704FD8DCF8327C4FE1B871700232633
:10F84000E4FE3E87833704FABA9783C70700A3090B
:10F85000F4FC8327C4FE1B8717002326E4FE3E87A3
:10F86000833704FABA9783C70700230AF4FC832777
:10F87000C4FE1B8717002326E4FE3E87833704FA65
:10F88000BA9783C70700A307F4FC8327C4FE033796
:10F8900004FABA972330F4FC8327C4FEC217C1933D
:10F8A0000357E4F9BB07F740C217C193231FF4FACB
:10F8B0008347F4FC81279B86D7FF1B870600E94717
:10F8C00063ECE706939706028193139727009777D7
:10F8D000010093876719BA979C431B8707009777A6
:10F8E000010093876718BA9782878347F4FC8127C2
:10F8F00017070200130707B48E07BA979C639DC7CA
:10F900008347F4FC8127170702001307A7B28E076D
:10F91000BA9703B80700833704FC0357E4FB930648
:10F9200004FD033684FABA853E8502988347B4FE07
:10F930003E85EF50204011A00100B1A48347B4FEE2
:10F940003E85EF50203F81A4833704FA83C7170018
:10F95000A305F4FE833704FA83C72700A307F4FC4A
:10F960008D472326F4FE8347F4FC3E87C947631284
:10F97000F7028327C4FE033704FABA9781453E8510
:10F98000EF001054AA8791C78327C4FE852723263A
:10F99000F4FE8327C4FE033704FABA97930684FB68
:10F9A0001307D4FB3686BA853E85EF005032AA870E
:10F9B0003E878327C4FEB99F2326F4FE8327C4FE17
:10F9C000033704FABA97032784FB930604FB3686B1
:10F9D000BA853E85EF10F019AA873E878327C4FEBB
:10F9E000B99F2326F4FE8327C4FE033704FABA978F
:10F9F000930684FB1307D4FB3686BA853E85EF0059
:10FA0000102DAA873E878327C4FEB99F2326F4FEC4
:10FA10008327C4FE033704FABA97032784FB9306AF
:10FA200044FB3686BA853E85EF10B014AA873E8720
:10FA30008327C4FEB99F2326F4FE8347F4FC3E8748
:10FA4000C9476312F7028327C4FE033704FABA9743
:10FA500081453E85EF00D04CAA8791C78327C4FE1D
:10FA600085272326F4FE8347F4FC3E87F54763E3AE
:10FA7000E7048347F4FC812717070200130787AACE
:10FA80008E07BA979C639DC78347F4FC81271707AD
:10FA90000200130727A98E07BA9703B807000327A8
:10FAA00004FB832644FB8347B4FE3A86BE850335B8
:10FAB00084FA02988347B4FE3E85EF50A027E1A068
:10FAC000833704FA83C71700A305F4FE833704FACB
:10FAD00083C727002305F4FE97C70100938787ABF0
:10FAE0009C6399CF97C701009387C7AA9463034784
:10FAF000A4FE8347B4FE3A86BE85033584FA829617
:10FB00008347B4FE3E85EF50E022B5A8833704FA60
:10FB100083C707008127858B8127B337F000A304B3
:10FB2000F4FE833704FA83C71700A305F4FE833776
:10FB300004FA83C727002305F4FE97C701009387C3
:10FB4000E7A49C6395C397C70100938727A403B8D4
:10FB50000700834694FE0347A4FE8347B4FE3A861B
:10FB6000BE85033584FA02988347B4FE3E85EF5084
:10FB7000601C11A8010001A8010031A0010021A012
:10FB8000010011A001000100A67006746561828069
:10FB9000797122F40018233CA4FC2338B4FC2326FA
:10FBA00004FE833784FDD5C7833704FDDDC3833767
:10FBB00004FD03C70700833784FD2380E700232665
:10FBC00004FE25A0033704FD8327C4FEBA9703C7AC
:10FBD0001700833684FD8327C4FEB697A380E70011
:10FBE0008327C4FE85272326F4FE8327C4FE1B87B4
:10FBF00007009947E3D8E7FC833704FD03D7870064
:10FC0000833784FD2394E700833704FD03C7A700EF
:10FC1000833784FD2385E700232604FE25A00337D0
:10FC200004FD8327C4FEBA9703C7B700833684FD5B
:10FC30008327C4FEB697A385E7008327C4FE8527E4
:10FC40002326F4FE8327C4FE1B8707009947E3D8C9
:10FC5000E7FC0100227445618280397106FC22F8BC
:10FC60008000233CA4FCAE8732872334D4FCA30B52
:10FC7000F4FCBA872328F4FC232604FE833784FD92
:10FC80006389071E833784FC6385071E834774FDE1
:10FC90008127BE8613071002636FD71C13972700B6
:10FCA00097770100938707E3BA979C431B87070068
:10FCB00097770100938707E2BA978287832704FD2D
:10FCC0003E85EF00F030AA873E87833784FC23848B
:10FCD000E7005DA2833784FC13878700832704FD38
:10FCE0003A86BE85033584FDEF10603FAA87232640
:10FCF000F4FE59A2833784FC13878700832704FD11
:10FD00003A86BE85033584FDEF10C07FAA8723267F
:10FD1000F4FE9DA2833784FC13878700832704FDAC
:10FD20003A86BE85033584FDEF20E030AA8723267E
:10FD3000F4FE99A2833784FC13878700832704FD90
:10FD40003A86BE85033584FDEF202041AA8723260D
:10FD5000F4FE1DA2833784FC13878700832704FDEC
:10FD60003A86BE85033584FDEF10A011AA872326AD
:10FD7000F4FE19A2833784FC13878700832704FDD0
:10FD80003A86BE85033584FDEF10A02EAA87232670
:10FD9000F4FEDDA0833784FC13878700832704FDEE
:10FDA0003A86BE85033584FDEF005035AA872326A9
:10FDB000F4FED9A0833784FC13878700832704FDD2
:10FDC0003A86BE85033584FDEF10A05AAA87232604
:10FDD000F4FE5DA0833784FC13878700832704FD2E
:10FDE0003A86BE85033584FDEF10F028AA872326C6
:10FDF000F4FE59A0833784FC13878700832704FD12
:10FE00003A86BE85033584FDEF10701AAA87232633
:10FE1000F4FE9DA0231504FE232204FE930644FE57
:10FE20001307A4FE832704FD3A86BE85033584FDAF
:10FE3000EF00505AAA872326F4FE0357A4FE833707
:10FE400084FC2394E700032744FE833784FCD8C74F
:10FE500025A0833784FC13878700832704FD3A8617
:10FE6000BE85033584FDEF30A05AAA872326F4FE11
:10FE700021A0010011A001008327C4FE812785EF86
:10FE8000834774FD93F7F70F9DC7834774FD13F7FE
:10FE9000F70F85476301F702834774FD13F7F70FE8
:10FEA0009947630AF700833784FC91C7833784FC42
:10FEB00041472381E7008327C4FE3E85E2704274F8
:10FEC000216182805D7186E4A2E080082334A4FC75
:10FED000AE87233CC4FA2322F4FC232604FE232409
:10FEE00004FE232204FEA30104FE232E04FC833718
:10FEF00084FCDDC7833784FBC5C7833784FC83C795
:10FF000007008127A18B8127C1EF833784FB2380E2
:10FF100007001307C4FD930734FE3A86BE850335F8
:10FF200084FCEF00C05AAA872324F4FE832784FEB2
:10FF30008127BDC30327C4FE832784FEB99F2326E0
:10FF4000F4FE034734FE833784FB2381E7008327D5
:10FF5000C4FE033784FCBA97034734FE0326C4FD6E
:10FF6000833684FBBA853E85EFF03FCFAA872322F4
:10FF7000F4FE833784FB83C727003E87C147630AAB
:10FF8000F7000327C4FE832744FEB99F2326F4FE0F
:10FF900021A0FD572326F4FE833784FB23B8075C9A
:10FFA0008327C4FE3E85A660066461618280797104
:10FFB00022F40018AA87A30FF4FC232604FE83472B
:10FFC000F4FD812793F7070F8127BE8613070003EF
:10FFD0006388E606BE8613070003634DD700BE861E
:10FFE00041476387E604BE86130700026386E60482
:10FFF0008DCFB5A8BE8613070005638BE604BE86C9
:020000040802F0
:10000000130700056348D7003E8793070004630D7C
:10001000F702B1A8BE86130700066380E6043E8798
:10002000930700076300F70499A0232604FE81A02C
:1000300089472326F4FE25A891472326F4FE05A828
:10004000A1472326F4FE25A0C1472326F4FE05A0E0
:10005000930700022326F4FE19A893070004232621
:10006000F4FE31A0930710042326F4FE0100832739
:10007000C4FE3E85227445618280797122F40018A5
:10008000AA87A30FF4FC232604FE8347F4FD8127EF
:10009000BD8B8127BE8615476360D706139727005F
:1000A00097770100938787ABBA979C431B8707001C
:1000B00097770100938787AABA97828793072003CF
:1000C0002326F4FE1DA8930700082326F4FE35A07E
:1000D0009307E00C2326F4FE0DA09307001E2326B1
:1000E000F4FE21A8930700402326F4FE39A09307CD
:1000F000405C2326F4FE11A001008327C4FE3E8548
:10010000227445618280797106F422F00018233C44
:10011000A4FCAE873687A30BF4FCB287230BF4FC58
:10012000BA872328F4FC85472326F4FE833784FD11
:1001300023800700834764FD93F7F70F91C7833748
:1001400084FD21472380E700834774FD13F7F70FF1
:10015000B94763E0E704833784FD83C707001B9733
:1001600087011B578741834774FD81279B97470071
:1001700081279B9787019BD78741D98F9B978701C1
:100180009BD7874113F7F70F833784FD2380E70060
:100190000DA8833784FD83C7070093E707FF13F794
:1001A000F70F833784FD2380E700833784FD8507BD
:1001B000034774FD2380E7008327C4FE8527232699
:1001C000F4FE832704FD1B870700914763E2E702E3
:1001D000833784FD03C70700832704FD93F7F70FD8
:1001E000D98F13F7F70F833784FD2380E700F1A839
:1001F000833784FD83C7070093E7570013F7F70F92
:10020000833784FD2380E700832704FD1B870700D5
:100210009307D00F63E3E7028327C4FE1B87170011
:100220002326E4FE3E87833784FDBA97032704FD27
:100230001377F70F2380E70049A8832704FD1B8766
:100240000700C1676374F7048327C4FE1B87170088
:100250002326E4FE3E87833784FDBA9779572380AF
:10026000E7008327C4FE033784FDBA97032704FD04
:1002700042174193BA853E85EF106071AA873E8789
:100280008327C4FEB99F2326F4FE81A08327C4FEE2
:100290001B8717002326E4FE3E87833784FDBA9729
:1002A0007D572380E7008327C4FE033784FDBA9778
:1002B000032704FDBA853E85EF10D006AA873E8746
:1002C0008327C4FEB99F2326F4FE8327C4FE3E8500
:1002D000A270027445618280797122F40018233C77
:1002E000A4FCAE87A30BF4FC85472326F4FE8337DA
:1002F00084FD21472380E700834774FD13F7F70F40
:10030000B94763E0E704833784FD83C707001B9781
:1003100087011B578741834774FD81279B974700BF
:1003200081279B9787019BD78741D98F9B9787010F
:100330009BD7874113F7F70F833784FD2380E700AE
:100340000DA8833784FD83C7070093E707FF13F7E2
:10035000F70F833784FD2380E700833784FD85070B
:10036000034774FD2380E7008327C4FE85272326E7
:10037000F4FE833784FD83C7070093E7670013F714
:10038000F70F833784FD2380E7008327C4FE3E8573
:10039000227445618280797122F40018233CA4FC08
:1003A000AE87A30BF4FC85472326F4FE833784FD38
:1003B00021472380E700834774FD13F7F70FB94700
:1003C00063E0E704833784FD83C707001B97870139
:1003D0001B578741834774FD81279B9747008127DF
:1003E0009B9787019BD78741D98F9B9787019BD785
:1003F000874113F7F70F833784FD2380E7000DA8AB
:10040000833784FD83C7070093E707FF13F7F70FD0
:10041000833784FD2380E700833784FD8507034706
:1004200074FD2380E7008327C4FE85272326F4FE7E
:10043000833784FD83C7070093E7770013F7F70F2F
:10044000833784FD2380E7008327C4FE3E85227422
:1004500045618280797122F40018233CA4FC233882
:10046000B4FC85472326F4FE833784FD83C7070049
:10047000812793F7070F81273E879307000F6313A8
:10048000F702833704FD89CB833784FD03C7170048
:10049000833704FD2380E7008327C4FE85272326B6
:1004A000F4FE05A0833704FD89CF833784FD83C71D
:1004B00007009BD7470013F7F70F833704FD23800E
:1004C000E7008327C4FE3E8522744561828039712E
:1004D00006FC22F88000233CA4FC2338B4FC23341F
:1004E000C4FC85472326F4FE833504FD033584FDD3
:1004F000EFF05FF6AA872326F4FE833784FD83C7D7
:10050000070081279D8B81273E8795476312F70E51
:100510008327C4FE033784FDBA9783C707003E874D
:100520009307F00F6313F7048327C4FE8527232660
:10053000F4FE8327C4FE033784FDBA97130744FEF5
:10054000BA853E85EF106065AA873E878327C4FE83
:10055000B99F2326F4FE833784FC638F070E03279D
:1005600044FE833784FC98C3C5A88327C4FE0337A1
:1005700084FDBA9783C707003E879307E00F631493
:10058000F7048327C4FE85272326F4FE8327C4FEB1
:10059000033784FDBA971307A4FEBA853E85EF1092
:1005A0004043AA873E878327C4FEB99F2326F4FED3
:1005B000833784FCD5C38357A4FE1B87070083378A
:1005C00084FC98C351A8833784FC89CF8327C4FE59
:1005D000033784FDBA9783C707001B87070083375B
:1005E00084FC98C38327C4FE85272326F4FEADA090
:1005F000833784FD83C7070081279D8B81273E8732
:100600009947631AF700833784FC91C7833784FCCA
:1006100023A0070091A0833784FD83C707008127AB
:100620009D8B81273E879D47631AF700833784FCA3
:1006300091C7833784FC23A0070039A8833784FC43
:1006400081CF833784FD83C7070081279D8B1B875C
:100650000700833784FC98C38327C4FE3E85E2707D
:10066000427421618280797106F422F00018233CE3
:10067000A4FCAE87A30BF4FCA30704FE9307F4FECF
:10068000BE85033584FDEFF0FFDC833784FD83C72F
:1006900007008127A18B812799CB0347F4FE83476D
:1006A00074FD93F7F70F6394E700854711A0814726
:1006B000858B93F7F70F3E85A270027445618280A7
:1006C000797106F422F00018233CA4FCAE87A30B3A
:1006D000F4FCA30704FE9307F4FEBE85033584FDF6
:1006E000EFF05FD7833784FD83C7070081279D8B99
:1006F00081273E879947631CF7000347F4FE834731
:1007000074FD93F7F70F6394E700854711A08147C5
:10071000858B93F7F70F3E85A27002744561828046
:10072000797106F422F00018233CA4FCAE87A30BD9
:10073000F4FCA30704FE9307F4FEBE85033584FD95
:10074000EFF05FD1833784FD83C7070081279D8B3E
:1007500081273E879D47631CF7000347F4FE8347CC
:1007600074FD93F7F70F6394E700854711A0814765
:10077000858B93F7F70F3E85A270027445618280E6
:10078000797106F422F00018233CA4FCAE87A30B79
:10079000F4FC232404FE232604FE834774FD93F710
:1007A000F70F81C785472326F4FE8327C4FEBE8644
:1007B00001468545033584FDEFF0FF94AA87232485
:1007C000F4FE832784FE3E85A27002744561828018
:1007D000797122F40018AA87232EF4FCA30704FEE3
:1007E0008327C4FD812781C78547A307F4FE83477C
:1007F000F4FE3E85227445618280011106EC22E8F8
:1008000000102334A4FE814601468145033584FE51
:10081000EFF07F8FAA873E85E260426405618280A7
:10082000797122F40018AA87A30FF4FCA30704FE31
:100830008347F4FD8127858B812799C78347F4FE81
:1008400093E707F8A307F4FE8347F4FD8127898B1C
:10085000812799C78347F4FE93E70704A307F4FEB3
:100860008347F4FD8127918B812799C78347F4FE45
:1008700093E70702A307F4FE8347F4FD8127A18BCA
:10088000812799C78347F4FE93E70701A307F4FE86
:100890008347F4FD8127C18B812799C78347F4FEE5
:1008A00093E78700A307F4FE8347F4FD812793F7BE
:1008B0000702812799C78347F4FE93E74700A30700
:1008C000F4FE8347F4FD812793F70704812799C736
:1008D0008347F4FE93E72700A307F4FE8307F4FDA4
:1008E00063D807008347F4FE93E71700A307F4FEDD
:1008F0008347F4FE3E852274456182805D7186E403
:10090000A2E026FC80082334A4FCAE87233CC4FA72
:100910002322F4FC232E04FCA30B04FC232C04FC54
:10092000232804FC033584FBEF10D007832744FC05
:100930008127C9CF832744FCFD372328F4FC832774
:1009400004FD1B870700BD4763E2E7088547232EA8
:10095000F4FC232C04FC81A0832784FD93F4F70F7F
:100960008327C4FD1B871700232EE4FC3E878337B3
:1009700084FCBA9783C707003E85EFF07FEAAA8719
:100980003E86A685033584FBEF10B022832784FDC5
:100990008527232CF4FC032784FD832704FD0127EE
:1009A0008127E36BF7FA833784FC83C707009D8BAD
:1009B000A30BF4FC832704FD93F7F70F034774FDA3
:1009C0003A86BE85033584FBEF1010248327C4FDCF
:1009D0003E85A6600664E27461618280397106FC1E
:1009E00022F826F480002334A4FC2330B4FC232E08
:1009F00004FC230D04FCA30C04FCA30D04FC033530
:100A000004FCEF10700FAA8791EF8327C4FD1B87AA
:100A10001700232EE4FC3E87833784FCBA9723809B
:100A2000070055A8033504FCEF10B00EAA87A30CED
:100A3000F4FC033504FCEF10300CAA873E87834793
:100A400094FDFD2793F7F70F9B97370093F7F70F68
:100A5000BB07F740230DF4FC8327C4FD1B87170059
:100A6000232EE4FC3E87833784FCBA970347A4FD1A
:100A7000A1463B87E6401377F70F2380E700A30DDD
:100A800004FC81A08347B4FDBE85033504FCEF1050
:100A9000D00DAA87BE868327C4FD1B871700232E8F
:100AA000E4FC3E87833784FCB384E7003685EFF0AF
:100AB0003FD7AA872380F4008347B4FD8527A30D81
:100AC000F4FC0347B4FD834794FD1377F70F93F7C6
:100AD000F70FE369F7FA8327C4FD3E85E27042749D
:100AE000A27421618280797106F422F00018233CFF
:100AF000A4FC2338B4FC232604FE85472324F4FEFB
:100B0000033504FDEF10F000AA878127032784FE38
:100B1000B99F2324F4FE832784FEBE860146A145A7
:100B2000033584FDEFF02FDEAA872326F4FE83270A
:100B3000C4FE033784FDBA97833504FD3E85EFF08C
:100B4000FFE9AA873E878327C4FEB99F2326F4FEC8
:100B50008327C4FE3E85A27002744561828039718C
:100B600006FC22F88000233CA4FC2338B4FC233488
:100B7000C4FC232404FE232604FE930784FEBE85C2
:100B8000033584FDEF106001AA872326F4FE832736
:100B900084FE9BD767018127C217C19393F7F73F64
:100BA000139707034193833704FD2390E7008327BE
:100BB00084FE3E87B7074000FD17F98F1B870700AB
:100BC000833784FC98C38327C4FE3E85E270427459
:100BD00021618280797106F422F000182334A4FE8A
:100BE000AE87233CC4FC2338D4FC2322F4FE8327A5
:100BF00044FE1B87070091476304F700814711A853
:100C0000033604FD833584FD033584FEEFF03FF5A4
:100C1000AA873E85A270027445618280797106F4CC
:100C200022F00018233CA4FCAE873287232AF4FC70
:100C3000BA872328F4FC232604FE232404FE23225F
:100C400004FE832744FD2324F4FE832784FE9B9720
:100C500067019B860700032704FDB7074000FD17C7
:100C6000F98F81273687D98F2326F4FE8327C4FE88
:100C7000BE85033584FDEF00F06AAA872322F4FEC7
:100C8000832744FE3E85A2700274456182803971DB
:100C900006FC22F88000233CA4FCAE873687A30B19
:100CA000F4FCB2872328F4FCBA872326F4FC23261D
:100CB00004FE834774FD91460546BE85033584FDD9
:100CC000EFF06FC4AA872326F4FE8327C4FE033700
:100CD00084FDBA978326C4FC032704FD3686BA85B3
:100CE0003E85EFF0BFF3AA873E878327C4FEB99FF6
:100CF0002326F4FE8327C4FE3E85E2704274216100
:100D00008280797106F422F00018233CA4FCAE879F
:100D10003287232AF4FCBA872328F4FC232604FE16
:100D2000833784FD8507832604FD032744FD36862B
:100D3000BA853E85EFF09FEEAA872326F4FE83272F
:100D4000C4FEBE860146B145033584FDEFF0AFBB5E
:100D5000AA873E878327C4FEB99F2326F4FE8327F4
:100D6000C4FE3E85A270027445618280797106F4EA
:100D700022F00018233CA4FC2338B4FC232604FEF4
:100D8000232404FE833704FDB9CF033504FDEF109F
:100D9000B036AA872326F4FE033504FDEF10303366
:100DA0002330A4FE833704FE9DCF232404FE25A018
:100DB000832784FE033704FE3E97832784FE833611
:100DC00084FDB697034707002380E700832784FE4E
:100DD00085272324F4FE032784FE8327C4FE0127EE
:100DE0008127E347F7FC8327C4FE3E85A270027487
:100DF00045618280397106FC22F826F48000233494
:100E0000A4FC2330B4FC232E04FC833704FCB5C3BC
:100E1000033504FCEF10502EAA878127BE860146B9
:100E20009945033584FCEFF00FAEAA87232EF4FC1E
:100E30008324C4FD033504FCEF10102CAA873387EC
:100E4000F4009307305C63E4E7028327C4FD0337B3
:100E500084FCBA97833504FC3E85EFF03FF1AA8706
:100E60003E878327C4FDB99F232EF4FC19A0232EAF
:100E700004FC8327C4FD3E85E2704274A2742161A4
:100E80008280397106FC22F88000233CA4FCAE87E6
:100E90002334C4FC232AF4FC232604FEA30504FE09
:100EA000836744FD3E86833584FD033584FCEF1063
:100EB000F014AA87A305F4FE8347B4FE93F7F70F57
:100EC00089C7832744FD2326F4FE8327C4FE3E857D
:100ED000E270427421618280397122FC8000233CDF
:100EE000A4FCAE872334D4FC232AF4FCB287A309E4
:100EF000F4FCBA872322F4FC85472326F4FE03275B
:100F0000C4FE832744FCB99F2326F4FE833784FD67
:100F1000A5C70327C4FE832744FD0127812763ED6E
:100F2000E704833784FD034734FD2380E70023244F
:100F300004FE15A8836784FE033784FCBA97838672
:100F40000700832784FE8527812782178193033733
:100F500084FDBA9713F7F60F2380E700832784FEFA
:100F600085272324F4FE032784FE832744FC0127DE
:100F70008127E361F7FC19A0232604FE8327C4FE22
:100F80003E85627421618280797106F422F026EC3C
:100F90004AE80018233CA4FC2338B4FC033504FDC4
:100FA000EF108079AA87BE84033504FDEF1000712D
:100FB0002A89033504FDEF100073AA8781273E8735
:100FC000CA8626869305405C033584FDEFF0DFF08A
:100FD000AA87812781273E85A2700274E264426954
:100FE00045618280797106F422F00018233CA4FC4C
:100FF0002338B4FC232604FE232404FE033504FD19
:10100000EF10606EAA87812785272324F4FE8327AB
:1010100084FEBE8601469D45033584FDEFF0AF8E0C
:10102000AA872326F4FE0327C4FE832784FEB99FE4
:1010300081273E879307305C63C4E7028327C4FEA1
:10104000033784FDBA97833504FD3E85EFF0DFF367
:10105000AA873E878327C4FEB99F2326F4FE19A0E2
:10106000232604FE8327C4FE3E85A27002744561D8
:101070008280397106FC22F88000233CA4FCAE87F4
:101080002334C4FC232AF4FC232604FEA30504FE17
:10109000833784FD03C70700833784FD1386170059
:1010A000832744FDFD37812782178193BE86BA8549
:1010B000033584FCEF10803BAA87A305F4FE834729
:1010C000B4FE93F7F70F89C7832744FD2326F4FE68
:1010D0008327C4FE3E85E2704274216182803971AB
:1010E00006FC22F88000233CA4FCAE872334C4FC19
:1010F000232AF4FC231704FE833784FCD5C38327FB
:1011000044FD1B8707008947630AF704832744FDD2
:101110001B870700894763EAE700832744FD1B8795
:10112000070085476302F702BDA0832744FD1B87A4
:1011300007008D476303F704832744FD1B870700DF
:1011400091476303F70481A8833784FD83C70700B1
:101150001B870700833784FC98C3A1A09307E4FE94
:10116000BE85033584FDEF00D0068357E4FE1B8760
:101170000700833784FC98C32DA0833584FC033596
:1011800084FDEF00701131A8833584FC033584FDA4
:10119000EF00B02039A0833784FC23A0070011A002
:1011A0000100832744FD3E85E27042742161828004
:1011B000797106F422F00018233CA4FCAE87232AA0
:1011C000F4FC232604FE832744FD1B8707009307B6
:1011D000F00F63EEE700832744FD13F7F70F833723
:1011E00084FD2380E70085472326F4FE95A083270E
:1011F00044FD1B870700C167637FF700832744FD19
:10120000C217C193BE85033584FDEF004078AA87DD
:101210002326F4FE35A8832744FD1B870700B70764
:101220000001637DF700832744FDBE85033584FDFF
:10123000EF00D000AA872326F4FE19A8832744FDD7
:10124000BE85033584FDEF00F00DAA872326F4FE4A
:101250008327C4FE3E85A270027445618280797145
:1012600006F422F00018233CA4FCAE873287A30BBF
:10127000F4FCBA872328F4FC232604FE832704FD0C
:101280001B8707009307F00F63E6E70085472326D7
:10129000F4FE1DA8832704FD1B870700C167637642
:1012A000F70089472326F4FE05A0832704FD1B874A
:1012B0000700B70700016376F7008D472326F4FE89
:1012C00021A091472326F4FE0327C4FE834774FD23
:1012D000BA860546BE85033584FDEFE0DFE2AA87C6
:1012E0002326F4FE8327C4FE033784FDBA97032721
:1012F00004FDBA853E85EFF0BFEBAA873E878327C2
:10130000C4FEB99F2326F4FE8327C4FE3E85A27047
:10131000027445618280797106F422F00018233C42
:10132000A4FCAE87232AF4FC232604FE833784FD25
:101330008507032744FDBA853E85EFF07FE7AA873E
:101340002326F4FE8327C4FEBE8601468945033565
:1013500084FDEFE05FDBAA873E878327C4FEB99F49
:101360002326F4FE8327C4FE3E85A27002744561E5
:101370008280397106FC22F88000233CA4FCAE87F1
:101380002334C4FC232AF4FC232404FE130784FE24
:10139000832744FD3A86BE85033584FDEFF03FD4B4
:1013A000AA872326F4FE833784FC91C7032784FE93
:1013B000833784FC98C38327C4FE3E85E270427461
:1013C00021618280011106EC22E800102334A4FE82
:1013D000AE872322F4FE832744FEBE85033584FEB8
:1013E000EFF01FDDAA873E85E260426405618280DE
:1013F000797106F422F00018233CA4FCAE87232A5E
:10140000F4FC232604FE833784FD8507032744FD6F
:10141000BA853E85EFF01FFBAA872326F4FE8327BB
:10142000C4FEBE860146A545033584FDEFE0BFCD71
:10143000AA873E878327C4FEB99F2326F4FE83270D
:10144000C4FE3E85A270027445618280797106F403
:1014500022F00018233CA4FCAE873287A30BF4FCD7
:10146000BA872328F4FC232604FE832704FD1B8768
:1014700007009307F00F63E6E70085472326F4FE95
:101480001DA8832704FD1B870700C1676376F7004B
:1014900089472326F4FE05A0832704FD1B87070048
:1014A000B70700016376F7008D472326F4FE21A0DD
:1014B00091472326F4FE0327C4FE834774FDBA86B2
:1014C0000546BE85033584FDEFE0FFC3AA872326CA
:1014D000F4FE8327C4FE033784FDBA97032704FD77
:1014E000BA853E85EFF01FEEAA873E878327C4FEAC
:1014F000B99F2326F4FE8327C4FE3E85A2700274A2
:1015000045618280797106F422F000182334A4FE2C
:10151000AE87233CC4FC2322F4FE833784FDD9C765
:10152000832744FE1B87070089476307F704832747
:1015300044FE1B870700894763EAE700832744FED0
:101540001B87070085476302F702A1A8832744FE93
:101550001B8707008D476308F702832744FE1B871C
:10156000070091476308F7022DA8833584FD0335F2
:1015700084FEEF00E06F25A8833584FD033584FEEB
:10158000EF0060792DA0833584FD033584FEEF00E4
:10159000300731A8833584FD033584FEEF009019B0
:1015A00039A0833784FD23A0070011A00100832701
:1015B00044FE3E85A270027445618280797106F412
:1015C00022F00018233CA4FCAE87232AF4FC232637
:1015D00004FE832744FD1B870700930700F8634937
:1015E000F702832744FD1B8707009307F00763C1B9
:1015F000E702832744FD9B9787019BD78741BE85E0
:10160000033584FDEF006064AA872326F4FE59A009
:10161000832744FD1B870700E1776348F702832790
:1016200044FD1B870700A1676351F702832744FD30
:101630009B9707019BD70741BE85033584FDEF00CB
:101640004069AA872326F4FEB1A0832744FD1B87A7
:101650000700B70780FF63D5E702832744FD1B8798
:101660000700B7078000635DF700832744FDBE8550
:10167000033584FDEF000073AA872326F4FE19A822
:10168000832744FDBE85033584FDEF005003AA8700
:101690002326F4FE8327C4FE3E85A27002744561B2
:1016A0008280797106F422F00018233CA4FCAE87F6
:1016B000232AF4FC232604FE833784FD85070327B1
:1016C00044FDBA853E85EFF07FEFAA872326F4FE1E
:1016D0008327C4FEBE8601468D45033584FDEFE0B9
:1016E0009FA2AA873E878327C4FEB99F2326F4FEC4
:1016F0008327C4FE3E85A2700274456182807971A1
:1017000006F422F00018233CA4FC232AB4FC232670
:1017100004FE833784FD8507BE85032544FDEF0065
:101720005016AA872326F4FE8327C4FEBE860146F0
:101730009145033584FDEFE01F9DAA873E878327EF
:10174000C4FEB99F2326F4FE8327C4FE3E85A27003
:10175000027445618280011122EC00102334A4FE42
:101760002330B4FE833784FE03C70700833704FEAB
:101770002380E700833784FE03C71700833704FE06
:10178000A380E700833784FE03C72700833704FE66
:101790002381E700833784FE03C73700833704FEC5
:1017A000A381E70091473E8562640561828079717B
:1017B00006F422F000182334A4FEAE87233CC4FCB8
:1017C0002322F4FE832744FE1B870700914763050D
:1017D000F702833784FD23800700833784FDA381CC
:1017E0000700833784FDA3800700833784FD2381AE
:1017F0000700832744FE01A8833584FD033584FE5A
:10180000EFF07FF5AA873E85A27002744561828061
:10181000011122EC00102334A4FE2330B4FE8337E0
:1018200084FE83C70700C217C1939B87C7761397AF
:1018300007034193833704FE2390E700833784FE38
:1018400003C71700833704FE2381E700833784FE34
:1018500003C72700833704FEA381E700833784FE94
:1018600003C73700833704FE2382E70091473E8594
:10187000626405618280797106F422F000182334D5
:10188000A4FEAE87233CC4FC2322F4FE832744FE3F
:101890001B87070091476305F702833784FDA38107
:1018A0000700833784FD23810700833784FD23826B
:1018B0000700833784FD23900700832744FE01A897
:1018C000833584FD033584FEEFF09FF4AA873E85BF
:1018D000A270027445618280397106FC22F8800092
:1018E000233CA4FCAE87A30BF4FCB2872328F4FCB2
:1018F000B6872326F4FCBA872324F4FC232604FEAF
:10190000833784FDB5CF833784FD1307000523801B
:10191000E700833784FD8507034774FD2380E700D4
:10192000833784FD8907032704FD1377F70F23808E
:10193000E7008D472326F4FE8327C4FE033784FD8A
:10194000BA970327C4FCBA853E85EFF07FAAAA8721
:101950003E878327C4FEB99F2326F4FE8327C4FE57
:10196000033784FDBA97032784FCBA853E85EFF0E0
:101970003FA8AA873E878327C4FEB99F2326F4FE8B
:101980008327C4FE3E85E27042742161828001118A
:1019900022EC00102334A4FEAE872313F4FE8357F9
:1019A00064FE9BD78700C217C19313F7F70F8337E5
:1019B00084FE2380E700833784FE8507035764FE97
:1019C0001377F70F2380E70089473E85626405613E
:1019D0008280011122EC00102334A4FE2330B4FED7
:1019E000833704FEB9C7833784FE83C70700812786
:1019F0009B9787008127C217C19393F707F013972E
:101A000007034193833704FE2390E700833704FEE6
:101A100003D70700833784FE850783C70700C217F3
:101A2000C193D98F139707034193833704FE239003
:101A3000E70089473E85626405618280011122ECDE
:101A400000102334A4FEAE872322F4FE832744FE35
:101A50009BD70701812713F7F70F833784FE238075
:101A6000E700832744FE9BD787001B870700833747
:101A700084FE85071377F70F2380E700833784FE02
:101A80008907032744FE1377F70F2380E7008D476C
:101A90003E85626405618280011122EC00102334CE
:101AA000A4FE2330B4FE833704FEA5CB833784FE27
:101AB00083C7070081279B97070181273E87B707C8
:101AC000FF00F98F1B870700833704FE98C3833715
:101AD00004FE9843833784FE850783C70700812768
:101AE0009B9787008127BE86C167FD17F58F8127E9
:101AF000D98F1B870700833704FE98C3833704FE02
:101B00009843833784FE890783C707008127D98FCD
:101B10001B870700833704FE98C38D473E856264A8
:101B200005618280011122EC00102334A4FEAE87EF
:101B30002322F4FE832744FE9BD78701812713F7D6
:101B4000F70F833784FE2380E700832744FE9BD76B
:101B500007011B870700833784FE85071377F70F7C
:101B60002380E700832744FE9BD787001B8707005D
:101B7000833784FE89071377F70F2380E7008337C5
:101B800084FE8D07032744FE1377F70F2380E700B9
:101B900091473E85626405618280011122EC00104C
:101BA0002334A4FE2330B4FE833704FED1CB833725
:101BB00084FE83C7070081279B9787011B87070047
:101BC000833704FE98C3833704FE9843833784FE2B
:101BD000850783C7070081279B9707018127BE865A
:101BE000B707FF00F58F8127D98F1B870700833741
:101BF00004FE98C3833704FE9843833784FE890725
:101C000083C7070081279B9787008127BE86C1670E
:101C1000FD17F58F8127D98F1B870700833704FEB7
:101C200098C3833704FE9843833784FE8D0783C7A8
:101C300007008127D98F1B870700833704FE98C3CD
:101C400091473E85626405618280011122EC00109B
:101C50002334A4FEAE87A303F4FE034774FE833748
:101C600084FE2380E70085473E85626405618280AB
:101C7000011122EC00102334A4FE2330B4FE83377C
:101C800004FEB9C3833784FE83C707009B9787018F
:101C90009BD7874163D80700833704FE130700F002
:101CA00098C329A0833704FE23A00700833704FECE
:101CB0009843833784FE83C707008127D98F1B870A
:101CC0000700833704FE98C385473E85626405613B
:101CD0008280011122EC00102334A4FEAE8723136E
:101CE000F4FE831764FE81279BD78740812713F773
:101CF000F70F833784FE2380E700833784FE850750
:101D0000035764FE1377F70F2380E70089473E856A
:101D1000626405618280011122EC00102334A4FE6C
:101D20002330B4FE833704FEADCB833784FE83C7F4
:101D300007009B9787019BD7874163D707008337AD
:101D400004FE417798C329A0833704FE23A007002F
:101D5000833704FE9843833784FE83C707008127B7
:101D60009B9787009B860700C167FD17F58F81272A
:101D7000D98F1B870700833704FE98C3833704FE7F
:101D80009843833784FE850783C707008127D98F4F
:101D90001B870700833704FE98C389473E8562642A
:101DA00005618280011122EC00102334A4FEAE876D
:101DB0002322F4FE832744FE9BD70741812713F794
:101DC000F70F833784FE2380E700832744FE9BD7E9
:101DD00087401B870700833784FE85071377F70F3B
:101DE0002380E700833784FE8907032744FE1377A7
:101DF000F70F2380E7008D473E856264056182808E
:101E0000011122EC00102334A4FE2330B4FE8337EA
:101E100004FECDC3833784FE83C707009B978701E9
:101E20009BD7874163D80700833704FE370700FF3D
:101E300098C329A0833704FE23A00700833704FE3C
:101E40009843833784FE83C7070081279B97070148
:101E50009B860700B707FF00F58F8127D98F1B8767
:101E60000700833704FE98C3833704FE9843833703
:101E700084FE850783C7070081279B9787009B8681
:101E80000700C167FD17F58F8127D98F1B870700D2
:101E9000833704FE98C3833704FE9843833784FE58
:101EA000890783C707008127D98F1B8707008337DE
:101EB00004FE98C38D473E856264056182800111EE
:101EC00022EC00102334A4FEAE872322F4FE8327E5
:101ED00044FE9BD78701812713F7F70F833784FED2
:101EE0002380E700832744FE9BD707411B87070019
:101EF000833784FE85071377F70F2380E700832756
:101F000044FE9BD787401B870700833784FE8907E1
:101F10001377F70F2380E700833784FE8D070327AD
:101F200044FE1377F70F2380E70091473E856264F4
:101F300005618280011122EC00102334A4FE2330BD
:101F4000B4FE833704FED1CB833784FE83C70700FA
:101F500081279B9787011B870700833704FE98C35F
:101F6000833704FE9843833784FE850783C70700C1
:101F700081279B9707019B860700B707FF00F58F16
:101F80008127D98F1B870700833704FE98C38337C7
:101F900004FE9843833784FE890783C7070081279F
:101FA0009B9787009B860700C167FD17F58F8127E8
:101FB000D98F1B870700833704FE98C3833704FE3D
:101FC0009843833784FE8D0783C707008127D98F05
:101FD0001B870700833704FE98C391473E856264E0
:101FE00005618280797122F40018233CA4FC233817
:101FF000B4FC833784FD83C737002304F4FE8337A2
:1020000084FD83C72700A304F4FE833784FD83C7C0
:1020100017002305F4FE833784FD83C70700A3055B
:10202000F4FE032784FE833704FD98C391473E8561
:10203000227445618280797106F422F000182334FD
:10204000A4FEAE87233CC4FC2322F4FE832744FE77
:102050001B8707009147630AF700833784FD130746
:10206000000098C3832744FE01A8833584FD03350F
:1020700084FEEFF03FF7AA873E85A27002744561A7
:102080008280797122F40018232EA4FC2338B4FC3A
:102090008327C4FD2324F4FE0347B4FE833704FDE5
:1020A0002380E700833704FD85070347A4FE2380D0
:1020B000E700833704FD8907034794FE2380E70088
:1020C000833704FD8D07034784FE2380E700914793
:1020D0003E85227445618280797122F40018233C88
:1020E000A4FC2338B4FC833784FD83C77700230422
:1020F000F4FE833784FD83C76700A304F4FE8337AF
:1021000084FD83C757002305F4FE833784FD83C70E
:102110004700A305F4FE833784FD83C737002306F9
:10212000F4FE833784FD83C72700A306F4FE8337BC
:1021300084FD83C717002307F4FE833784FD83C71C
:102140000700A307F4FE033784FE833704FD98E3FA
:10215000A1473E85227445618280797106F422F0A0
:1021600000182334A4FEAE87233CC4FC2322F4FED3
:10217000832744FE1B870700A1476309F7008337C5
:1021800084FD23B00700832744FE01A8833584FD26
:10219000033584FEEFF05FF4AA873E85A2700274D7
:1021A00045618280797122F40018233CA4FC8337B6
:1021B00084FD23800700232604FE29A8033784FD1D
:1021C0008327C4FEBA97A38007008327C4FE852710
:1021D0002326F4FE8327C4FE1B870700B947E3DFED
:1021E000E7FC0100227445618280797122F40018B5
:1021F000233CA4FCAE873287A30BF4FCBA87230BE5
:10220000F4FC834774FD9BD73700A307F4FE854792
:102210002307F4FE8347F4FE13F7F70FB94763E98A
:10222000E70C833784FD03C70700834774FD93F7EA
:10223000F70F63EBE700834774FD852713F7F70F6C
:10224000833784FD2380E7008347E4FE1B87070074
:10225000834774FD9B8607008347F4FE81279B9785
:1022600037008127BB87F6408127BB17F7008127FE
:102270002307F4FE834764FD93F7F70F9DC7834759
:10228000F4FE8127033784FDBA9783C6170083477E
:10229000F4FE81270347E4FE558F1377F70F83364B
:1022A00084FDB697A380E700A1A08347F4FE8127B1
:1022B000033784FDBA9783C717001B9787011B5705
:1022C00087418307E4FE93C7F7FF9B9787019BD75E
:1022D0008741F98F1B9787011B5787418347F4FE7E
:1022E00081271377F70F833684FDB697A380E70025
:1022F0000100227445618280011122EC0010233418
:10230000A4FE833784FE83C707003E8562640561AF
:102310008280797122F40018233CA4FCA30704FEF8
:10232000230704FEA30604FE833784FD83C707004A
:102330009DC7833784FD83C70700FD37A306F4FEDE
:102340008347D4FE9BD737002307F4FE8347E4FE80
:1023500085272307F4FE8347E4FEA307F4FE8347A3
:10236000F4FE3E85227445618280797122F4001862
:10237000233CA4FCAE87A30BF4FCA30704FE833725
:1023800084FD95C3834774FD13F7F70FB94763ECDA
:10239000E700834774FD8127033784FDBA9783C71D
:1023A0001700A307F4FE8347F4FE3E8522744561BF
:1023B0008280797122F40018233CA4FCAE87328716
:1023C000A30BF4FCBA87230BF4FCA30704FE8337AA
:1023D00084FD8DC7834774FD13F7F70FB94763EF8B
:1023E000E700834774FD8127033784FDBA970347CD
:1023F00064FDA380E7008547A307F4FE8347F4FE4E
:102400003E85227445618280797122F40018233C54
:10241000A4FCAE873287A30BF4FCBA87230BF4FC31
:10242000A30704FE833784FD85CF834774FD9B9704
:10243000370013F7F70F833784FD2380E7008337D6
:1024400084FD03C70700834764FDBB07F74013F70C
:10245000F70F833784FD2380E7008547A307F4FE49
:102460008347F4FE3E85227445618280397122FCE7
:102470008000233CA4FCAE872334C4FC2330D4FC6E
:10248000A30BF4FCA30704FE833784FDE1C3833769
:1024900084FD23B00700833784FD034774FD238444
:1024A000E700033704FC9307D05B63E1E70A833757
:1024B00084FCADC7233004FE99A8033704FE83379C
:1024C00004FC637AF702033784FC833704FE3E97EB
:1024D000833784FD9C6303070700833684FDB6972A
:1024E000A384E700833784FD9C6313871700833739
:1024F00084FD98E301A8033784FD833704FEBA976F
:10250000A3840700833704FE85072330F4FE0337D6
:1025100004FE9307D05BE3F2E7FA35A0233004FE14
:1025200029A8033784FD833704FEBA97A3840700E4
:10253000833704FE85072330F4FE033704FE930738
:10254000D05BE3F0E7FE8547A307F4FE8347F4FE84
:102550003E85627421618280011106EC22E8001040
:102560002334A4FE2330B4FE833704FE99C7033519
:1025700004FEEF006141AA8711A08147BE860336A1
:1025800004FE8145033584FEEFF05FEEAA873E85A9
:10259000E260426405618280797106F422F026ECE3
:1025A0004AE80018233CA4FC2338B4FC033504FD9E
:1025B000EF008018AA87BE84033504FDEF000010E9
:1025C0002A89033504FDEF000012AA87BE864A86D9
:1025D000A685033584FDEFF07FE9AA873E85A270CA
:1025E0000274E264426945618280797122F40018C4
:1025F000233CA4FC2338B4FCA30304FE833704FD6E
:10260000C9C3833784FDB5CF833704FD986383370F
:1026100084FD9C63631DF708833704FD03C78700AF
:10262000833784FD83C787006313F7088547A303B7
:10263000F4FE233404FE0DA8033704FD833784FE23
:10264000BA9783869700033784FD833784FEBA9751
:102650008387970036876304F700A30304FE83375C
:1026600084FE85072334F4FE833704FD9C6303371F
:1026700084FE637EF702834774FE93F7F70FCDFF66
:102680003DA0833704FD89CB833704FD9C638DE334
:102690008547A303F4FE29A8833784FD91CB8337B4
:1026A00084FD9C6391E78547A303F4FE11A001001C
:1026B000834774FE3E85227445618280797122F4DD
:1026C0000018233CA4FC233404FE833784FD91C707
:1026D000833784FDA5072334F4FE833784FE3E85CB
:1026E000227445618280797122F40018233CA4FC95
:1026F000233404FE833784FD91C7833784FD9C63B4
:102700002334F4FE833784FE3E8522744561828043
:10271000797122F40018233CA4FC233404FE83378F
:1027200084FD89C79307D05B2334F4FE833784FE8E
:102730003E85227445618280797122F40018233C21
:10274000A4FCA30704FE833784FD99C7833784FD67
:1027500083C78700A307F4FE8347F4FE3E852274F7
:1027600045618280797122F40018233CA4FCA30700
:1027700004FE833784FDADCF833784FD83C7870094
:10278000BDE38547A307F4FE233004FEB1A08337E1
:1027900084FD9C63033704FE637BF704033784FDE9
:1027A000833704FEBA97838797003E87FD4763DE31
:1027B000E700033784FD833704FEBA9783879700C9
:1027C0003E879307F0076314F700A30704FE8337DF
:1027D00004FE85072330F4FE033704FE9307D05B25
:1027E000E3F7E7FA31A08547A307F4FE11A0010043
:1027F0008347F4FE3E85227445618280397122FC54
:102800008000233CA4FC2338B4FC2334C4FCA3077D
:1028100004FE833784FDD5C7033784FC9307E05B50
:1028200063E1E70A833784FD23B00700833704FDA3
:10283000ADC3233004FE91A0033704FE833784FC2C
:102840006371F702033704FD833704FEBA9703C7A9
:102850000700833684FD833704FEB6972384E700A0
:1028600001A8033784FD833704FEBA972384070049
:10287000833704FE85072330F4FE033704FE9307F5
:10288000D05BE3FBE7FA833784FD033784FC98E3EE
:1028900035A0233004FE29A8033784FD833704FEC6
:1028A000BA9723840700833704FE85072330F4FE9C
:1028B000033704FE9307D05BE3F0E7FE8547A307E9
:1028C000F4FE8347F4FE3E85627421618280797153
:1028D00022F40018233CA4FC233404FE833784FD37
:1028E00091C7833784FDA1072334F4FE833784FE28
:1028F0003E85227445618280797122F40018233C60
:10290000A4FC233404FE833784FD91C7833784FD00
:102910009C632334F4FE833784FE3E852274456134
:102920008280011122EC0010AA872326F4FE9387EF
:1029300081830327C4FE98C301006264056182801D
:10294000011122EC0010AA872326F4FE97970100BC
:10295000938747C50327C4FE98C3010062640561DD
:102960008280011122EC0010AA872326F4FE97979B
:1029700001009387A7C30327C4FE98C301006264C4
:1029800005618280011122EC0010AA872317F4FE52
:1029900097970100938787C00357E4FE2390E700D1
:1029A0000100626405618280397106FC22F88000B2
:1029B000233CA4FC2338B4FC2334C4FC232604FEAB
:1029C000833784FD9DC7033704FD833784FD850766
:1029D0001146BE853A85EFF0F00C833784FD9507EC
:1029E0000946BE85033584FCEFF0D00B99472326BA
:1029F000F4FE8327C4FE3E85E2704274216182802A
:102A00001301019B23341164233081641304016595
:102A10002334A49C2330B49C233CC49AB687232A35
:102A2000F49A9307849E1307205E3A8681453E857B
:102A3000EFF0100B232204FE232604FE231F049C28
:102A400097471500938787312338F49C93878183B8
:102A50009C4363D60700938781839C4301AC930713
:102A600010F82304F49E8337849C83D787001B8748
:102A70000700C167FD176307F7008337849C83C78E
:102A8000070085E797970100938747B29C4323206F
:102A9000F49E97970100938767B083D70700231FA1
:102AA000F49CAD47A304F49E49A88337849C83D744
:102AB0008700A1CF8337849C83C7A700B9E78337FA
:102AC000849C83C707003E879947631DF70013075F
:102AD000E49D9307049E3A86BE850335849CEFF0FF
:102AE000BFEC05A097970100938747AC9C43232038
:102AF000F49E97970100938767AA83D70700231F47
:102B0000F49CAD47A304F49E0DA88337849C83C72F
:102B100007003E8799476310F7021307E49D930768
:102B2000049E3A86BE850335849CEFF0FFE7A947F3
:102B3000A304F49E19A0FD5715AA8327049E232AF7
:102B4000F4FC8357E49D2318F4FC89472322F4FE08
:102B50001307849E832744FE3E978327449BC21716
:102B6000C1939127C217C193BE853A85EFE03FE23A
:102B7000AA873E87832744FEB99F2322F4FE1307CA
:102B8000849E832744FEBA970367449B3A86833525
:102B9000849B3E85EFF00071832744FE0327449B0E
:102BA000B99F81272322F4FE032644FD9797010055
:102BB0009387C79E83D60700979701009387079E48
:102BC00003D707009307049DBE851745150013051D
:102BD000E518EFB00FDFAA872324F4FE8337049DA6
:102BE000233CF4FC832784FE1B8707008547631C76
:102BF000F7048337049D832644FE1307849E36869C
:102C0000BA853E85EFF0006A0337049D832744FEB2
:102C1000BA972338F49C0337049D97471500938790
:102C2000E713B307F740C217C1939B87E7FDC217AD
:102C3000C193BE851745150013054512EFB06FEB24
:102C4000AA872324F4FE832784FE1B870700854779
:102C5000631CF7000337049D9747150093870710FF
:102C6000B307F7402326F4FE8327C4FE3E85833056
:102C7000816403340164130101658280597186F413
:102C8000A2F08018233CA4F8AE87231BF4F8232479
:102C900004FE835764F9231BF4FA232204FE233431
:102CA00004FAA1472320F4FE231704FE232E04FC7C
:102CB000833784F92338F4FC833704FD83C7070086
:102CC0003E87930710086319F7229727150093870B
:102CD0006778DC472326F4FA974715009387870720
:102CE00083D707002314F4FA833704FD850783C7CD
:102CF0000700232EF4FC8327C4FD1B870700A94788
:102D00006309F7008327C4FD1B870700AD476316DF
:102D1000F70C0327C4FA979701009387A7889C4371
:102D20006311F702035784FA979701009387078787
:102D300083D70700012781276315F700231B04FAB7
:102D400071AA9947230CF4FA930784FA1387470072
:102D5000930784FB85071146BA853E85EFF08054C2
:102D6000130784FA930784FB95070946BA853E85C5
:102D7000EFF04053833704FD8907130764FBBA85DE
:102D80003E85EFE01FC5835764FBF137C217C1933F
:102D9000231BF4FA231704FE05A88357E4FE8127BA
:102DA000912781273E87833704FD3E978357E4FEB2
:102DB000833604FDB697034707002380E700835757
:102DC000E4FE85272317F4FE835764FB0357E4FED4
:102DD00001278127E363F7FC11A28327C4FD1B872A
:102DE00007009147631CF70E833704FD13874700E4
:102DF000930784FA91071146BA853E85EFF0804A21
:102E0000833704FD13878700930784FA0946BA8540
:102E10003E85EFF020490327C4FA97870100938786
:102E200067789C436311F702035784FA9787010080
:102E30009387C77683D70700012781276315F7009B
:102E4000231B04FA61A89947230CF4FA930784FA28
:102E500013874700930784FB85071146BA853E8593
:102E6000EFF04044130784FA930784FB9507094663
:102E7000BA853E85EFF00043833704FD89071307C9
:102E800064FBBA853E85EFE0DFB4835764FBD93736
:102E9000C217C193231BF4FA231704FE05A8835716
:102EA000E4FE8127A92781273E87833704FD3E97CB
:102EB0008357E4FE833604FDB6970347070023805B
:102EC000E7008357E4FE85272317F4FE835764FB4E
:102ED0000357E4FE01278127E363F7FC835764FB74
:102EE00089CF035764FB930784FB3A86833504FD3F
:102EF0003E85EF90104411A00100A6700674656134
:102F00008280797106F422F00018233CA4FC232669
:102F100004FE833784FDBDCB833784FD19472380AE
:102F2000E700833784FD8507114697850100938567
:102F300065673E85EFF00037833784FD95070946C6
:102F400097850100938585653E85EFF0A035833731
:102F500084FD23940700833784FD238507002326FF
:102F600004FE29A8033784FD8327C4FEBA97A385EE
:102F700007008327C4FE85272326F4FE8327C4FE8B
:102F80001B8707009947E3DFE7FC01000100A270FF
:102F9000027445618280797106F422F00018233CA6
:102FA000A4FC232604FE833784FDADC3833784FD50
:102FB00019472380E700833784FD950709469785E5
:102FC00001009385A55D3E85EFF0C02D833784FD1C
:102FD0007D572394E700833784FD2385070023264C
:102FE00004FE29A8033784FD8327C4FEBA97A3856E
:102FF00007008327C4FE85272326F4FE8327C4FE0B
:103000001B8707009947E3DFE7FC01000100A2707E
:10301000027445618280411122E400089787010013
:10302000938707599C4393B7170093F7F70F3E8593
:10303000226441018280411122E400089787010047
:10304000938707579C433E878547B307F74093B75D
:10305000170093F7F70F3E852264410182804111EA
:1030600022E4000897870100938787549C433E879A
:103070008947B307F74093B7170093F7F70F3E85DB
:10308000226441018280397106FC22F88000233CD1
:10309000A4FCAE87232AF4FCB2872328F4FCB6876D
:1030A0002326F4FCBA872315F4FC232404FE2326EC
:1030B00004FE833784FDE1C7833784FD41472380C5
:1030C000E700833784FD850723800700894723268F
:1030D000F4FE8327C4FE033784FDBA97032744FD1B
:1030E0003A86A1453E85EFD0DFC1AA872324F4FEAE
:1030F0000327C4FE832784FEB99F2326F4FE83277B
:10310000C4FE033784FDBA97032704FDBA853E85C4
:10311000EFE06FA0AA872324F4FE0327C4FE8327D1
:1031200084FEB99F2326F4FE8327C4FE033784FD63
:10313000BA970327C4FCBA853E85EFE06FABAA8738
:103140002324F4FE0327C4FE832784FEB99F23268D
:10315000F4FE8327C4FE033784FDBA970357A4FC0B
:103160000127BA853E85EFE00F9BAA872324F4FE52
:103170000327C4FE832784FEB99F2326F4FE8327FA
:10318000C4FE3E85E2704274216182801D7186EC2E
:10319000A2E880102334A4FC2330B4FC233CC4FAFE
:1031A0002338D4FA2334E4FA232604FE232404FE2D
:1031B000231304FE232004FEA30F04FC232C04FC91
:1031C000232A04FC832784FE033784FCBA979306E2
:1031D00084FD1307F4FD3686BA853E85EFD02FAF08
:1031E000AA872326F4FE032784FE8327C4FEB99F03
:1031F0002324F4FE8347F4FD3E87B1476304F700C0
:10320000FD5711A4832784FE033784FCBA979306E5
:1032100004FE130764FE3686BA853E85EFD03F94E0
:10322000AA872326F4FE032784FE8327C4FEB99FC2
:103230002324F4FE835764FE1B870700A147630421
:10324000F700FD57C9A2833704FC91C7032704FE8A
:10325000833704FC98C3832784FE033784FCBA9722
:10326000930684FD1307F4FD3686BA853E85EFD0BC
:103270000FA6AA872326F4FE032784FE8327C4FE15
:10328000B99F2324F4FE8347F4FD3E8789476304F6
:10329000F700FD578DAA832784FE033784FCBA9775
:1032A000032784FD930644FD3686BA853E85EFD01C
:1032B0001FE3AA872326F4FE032784FE8327C4FE88
:1032C000B99F2324F4FE833784FB91C7032744FD71
:1032D000833784FB98C3832784FE033784FCBA9723
:1032E000930684FD1307F4FD3686BA853E85EFD03C
:1032F0000F9EAA872326F4FE032784FE8327C4FE9D
:10330000B99F2324F4FE8347F4FD3E87A547630459
:10331000F700FD57CDA8832784FE033784FCBA97B6
:10332000032784FD930644FD3686BA853E85EFE08B
:103330004F84AA872326F4FE032784FE8327C4FE36
:10334000B99F2324F4FE832744FD3E878D4763F411
:10335000E700FD574DA8833704FB81CB832744FD4D
:103360001B870700833704FB98C3832784FE03373A
:1033700084FCBA97930684FD1307F4FD3686BA855C
:103380003E85EFD0CF94AA872326F4FE032784FE40
:103390008327C4FEB99F2324F4FE8347F4FD3E87B0
:1033A00089476304F700FD57B9A8832784FE0337D4
:1033B00084FCBA97032784FD930644FD3686BA85BC
:1033C0003E85EFD0DFD1AA872326F4FE032784FEB3
:1033D0008327C4FEB99F2324F4FE832744FD3E8740
:1033E000C1676364F700FD5739A8833784FA91CB2E
:1033F000832744FD139707034193833784FA23906F
:10340000E700832784FE3E85E6604664256182806E
:103410005D7186E4A2E080082334A4FCAE87233CDF
:10342000C4FA2322F4FC232604FE232404FEA3036F
:1034300004FE232004FE232E04FC93070000232C0B
:10344000F4FC832744FC8127638F0736833784FB92
:10345000638B0736832784FE033784FCBA97814544
:103460003E85EFD04FA0AA8793C7170093F7F70FB9
:1034700099C3FD5799AE832784FE033784FCBA971E
:10348000930604FE130774FE3686BA853E85EFD098
:103490000F84AA872326F4FE032784FE8327C4FE15
:1034A000B99F2324F4FE832784FE033784FCBA9754
:1034B000032704FE9306C4FD3686BA853E85EFD009
:1034C0005FEBAA872326F4FE8327C4FE8127635778
:1034D000F0000327C4FD833784FB98C3032784FED1
:1034E0008327C4FEB99F2324F4FE832784FE033779
:1034F00084FCBA9785453E85EFD0EF96AA87A5CF85
:10350000832784FE033784FCBA97930604FE1307CF
:1035100074FE3686BA853E85EFC07FFBAA872326D8
:10352000F4FE032784FE8327C4FEB99F2324F4FE00
:10353000832784FE033784FCBA97130784FDBA857A
:103540003E85EFE03FAAAA872326F4FE032784FDE9
:10355000833784FB98C7032784FE8327C4FEB99F63
:103560002324F4FE833784FB03C747001367170047
:103570002382E70001A8833784FB03C74700799BB8
:103580002382E700832784FE033784FCBA978945AA
:103590003E85EFD04F8DAA87ADC7832784FE0337C2
:1035A00084FCBA97930604FE130774FE3686BA8528
:1035B0003E85EFC0DFF1AA872326F4FE032784FEB1
:1035C0008327C4FEB99F2324F4FE832784FE033798
:1035D00084FCBA97130784FDBA853E85EFE09FA06F
:1035E000AA872326F4FE032784FD833784FBD8C7EC
:1035F000833784FB03C74700136727002382E70054
:1036000001A8833784FB03C74700759B2382E7002B
:10361000832784FE033784FCBA978D453E85EFD01F
:103620008F84AA87ADC7832784FE033784FCBA97AB
:10363000930604FE130774FE3686BA853E85EFC0F6
:103640001FE9AA872326F4FE032784FE8327C4FEEE
:10365000B99F2324F4FE832784FE033784FCBA97A2
:10366000130784FDBA853E85EFE0DF97AA872326FE
:10367000F4FE032784FD833784FB98CB833784FBD8
:1036800003C74700136747002382E70001A8833779
:1036900084FB03C747006D9B2382E700832784FEDA
:1036A000033784FCBA9791453E85EFC0DFFBAA87BC
:1036B000A5CB832784FE033784FCBA97930604FEC8
:1036C000130774FE3686BA853E85EFC05FE0AA8791
:1036D0002326F4FE032784FE8327C4FEB99F2324F8
:1036E000F4FE832784FE033784FCBA97032704FE85
:1036F0009306C4FD3686BA853E85EFD05F9EAA87C5
:103700002326F4FE0327C4FD833784FBD8CB8337FD
:1037100084FB03C74700136787002382E70001A8E3
:10372000833784FB03C747005D9B2382E700832721
:1037300084FE033784FCBA9791453E85EFC0BFF203
:10374000AA87BDCB832784FE033784FCBA979306F0
:1037500004FE130774FE3686BA853E85EFC03FD758
:10376000AA872326F4FE032784FE8327C4FEB99F7D
:103770002324F4FE832784FE033784FCBA970327AF
:1037800004FE9306C4FD3686BA853E85EFD03F958C
:10379000AA872326F4FE8327C4FD13F7F70F833788
:1037A00084FB238CE700833784FB03C74700136740
:1037B00007012382E70001A8833784FB03C7470082
:1037C0003D9B2382E7008327C4FE3E85A6600664F6
:1037D00061618280797122F400182334A4FE2330C1
:1037E000B4FE233CC4FC033784FE833784FDBA97C0
:1037F000033704FEB337F70093C7170093F7F70FAB
:103800003E85227445618280397106FC22F8800071
:103810002334A4FE2330B4FE233CC4FC2338D4FC60
:103820002334E4FC033604FD833584FC033584FD36
:10383000EFF05FFAAA8785C3033784FE833784FDE0
:10384000BA97033604FD833504FE3E85EFE09025EC
:10385000833704FD11A081473E85E27042742161E7
:103860008280397106FC22F88000233CA4FC2338B6
:10387000B4FC2334C4FC2330D4FC232604FEA3056B
:1038800004FE833784FD63820730833704FC638E34
:10389000072E833704FC03C70700833784FD23808A
:1038A000E700833784FD850723800700833704FC06
:1038B00083C7270099CF833784FD850703C7070097
:1038C000833784FD8507136707F81377F70F238085
:1038D000E700833704FD85C7833704FD83D787005E
:1038E00099CF833784FD850703C70700833784FD9D
:1038F0008507136707021377F70F2380E7008337E5
:1039000084FC8DCB833784FC83D7870085C78337BE
:1039100084FC83C7A70099CF833784FD850703C73D
:103920000700833784FD8507136787001377F70F38
:103930002380E700833704FC83C7170099CF8337C0
:1039400084FD850703C70700833784FD8507136758
:1039500047001377F70F2380E700833784FD85073F
:1039600083C60700833704FCDC4393F7F70F8D8B86
:1039700013F7F70F833784FD8507558F1377F70FFC
:103980002380E70089472326F4FE833704FDD5C74B
:10399000833704FD83D78700CDC38327C4FE033755
:1039A00084FD3E97833704FD83D78700BE853A8523
:1039B000EFD0FFFDAA873E878327C4FEB99F232649
:1039C000F4FE8327C4FE1B8717002326E4FE3E87F0
:1039D000833784FDBA97033704FD0347A70023808C
:1039E000E700833704FD83C7A700A1CBA30504FE2E
:1039F0001DA88347B4FE1B8707008327C4FE9B8650
:103A000017002326D4FEBE86833784FDB6978336FF
:103A100004FD36970347B7002380E7008347B4FED1
:103A20008527A305F4FE833704FD03C7A70083475A
:103A3000B4FE93F7F70FE3EEE7FA833784FCDDCBB0
:103A4000833784FC83D78700D5C7833784FC83C73B
:103A5000A700CDC38327C4FE033784FD3E97833779
:103A600084FC83D78700BE853A85EFD05FF2AA87B2
:103A70003E878327C4FEB99F2326F4FE8327C4FE16
:103A80001B8717002326E4FE3E87833784FDBA9701
:103A9000033784FC0347A7002380E700833784FCB7
:103AA00083C7A700A1CBA30504FE1DA88347B4FECE
:103AB0001B8707008327C4FE9B8617002326D4FE9E
:103AC000BE86833784FDB697833684FC36970347DA
:103AD000B7002380E7008347B4FE8527A305F4FEE3
:103AE000833784FC03C7A7008347B4FE93F7F70F1F
:103AF000E3EEE7FA833704FD95C7833704FD83D7E8
:103B000087008DC38327C4FE033784FDBA9703372C
:103B100004FC0347E7002380E7008327C4FE8527D2
:103B20002326F4FE833704FC83C72700B9CF8337ED
:103B300004FC94478327C4FE033784FDBA97368775
:103B40001377F70F2380E7008327C4FE85272326FA
:103B5000F4FE833704FC9C473E879307F00763F627
:103B6000E7028327C4FE033784FD3E97833704FCB6
:103B700083D7C700BE853A85EFD07FE1AA873E870D
:103B80008327C4FEB99F2326F4FE8327C4FE3E8507
:103B9000E270427421618280011122EC0010233412
:103BA000A4FEAE873287A303F4FEBA872320F4FE77
:103BB000833784FEB9C3833784FE034774FEA38032
:103BC000E700833784FE05472380E700833784FEC0
:103BD00023810700833784FE1307001098C78337BB
:103BE00084FE23960700833784FE032704FED8C390
:103BF000833784FE7D572387E700010062640561F7
:103C00008280397106FC22F88000233CA4FC233812
:103C1000B4FC2334C4FC2330D4FC232604FEA305C7
:103C200004FE231304FE231204FE230504FEA30452
:103C300004FE230404FE833784FD6381073A83373F
:103C400004FC638D0738833784FD03C7070083377F
:103C500004FC2380E700833784FD850783C70700C2
:103C60009B9787019BD787419BD777409B9787017D
:103C70009BD787418127858B8127B337F00013F7C6
:103C8000F70F833704FC2381E700833784FD850722
:103C900083C7070081279BD727408127858B8127F2
:103CA000B337F00013F7F70F833704FCA380E70066
:103CB000833784FD850783C7070081278D8B812784
:103CC0001B870700833704FCD8C389472326F4FEEB
:103CD000833784FD850783C70700812793F7070291
:103CE0008127E1CF8327C4FE033784FDBA971307EA
:103CF00044FEBA853E85EFD0DFCDAA873E87832775
:103D0000C4FEB99F2326F4FE8327C4FE1B87170039
:103D10002326E4FE3E87833784FDBA9783C70700D6
:103D2000A304F4FE833704FD89CF035744FE833791
:103D300004FD2394E700833704FD034794FE2385A5
:103D4000E700834794FE93F7F70FD5CB834794FEA4
:103D500013F7F70F9D4763F4E700FD5751A4A30540
:103D600004FE89A08327C4FE1B8717002326E4FED8
:103D70003E87833784FDBA9783C707002304F4FE88
:103D8000833704FD99CB8347B4FE8127033704FDB5
:103D9000BA97034784FEA385E7008347B4FE8527CF
:103DA000A305F4FE0347B4FE834794FE1377F70F91
:103DB00093F7F70FE368F7FA99A0833704FDA1C3DF
:103DC000833704FD23940700833704FD2385070010
:103DD000A30504FE31A88347B4FE8127033704FD01
:103DE000BA97A38507008347B4FE8527A305F4FE91
:103DF0008347B4FE13F7F70F9947E3FEE7FC8337D9
:103E000084FD850783C707008127A18B8127E1CF28
:103E10008327C4FE033784FDBA97130764FEBA856F
:103E20003E85EFD01FBBAA873E878327C4FEB99F7C
:103E30002326F4FE8327C4FE1B8717002326E4FEF7
:103E40003E87833784FDBA9783C707002305F4FEB6
:103E5000833784FC89CF035764FE833784FC239423
:103E6000E700833784FC0347A4FE2385E7008347EC
:103E7000A4FE93F7F70FE1C78347A4FE13F7F70FEC
:103E80009D4763F4E700FD57A1AAA30504FE89A09E
:103E90008327C4FE1B8717002326E4FE3E87833753
:103EA00084FDBA9783C707002304F4FE833784FC9C
:103EB00099CB8347B4FE8127033784FCBA97034725
:103EC00084FEA385E7008347B4FE8527A305F4FE9F
:103ED0000347B4FE8347A4FE1377F70F93F7F70F5A
:103EE000E368F7FAA9A8833784FCB1CB833784FC55
:103EF00083D787001B870700C167FD176306F7009C
:103F0000833784FC23940700833784FC23850700D0
:103F1000A30504FE31A88347B4FE8127033784FC40
:103F2000BA97A38507008347B4FE8527A305F4FE4F
:103F30008347B4FE13F7F70F9947E3FEE7FC835777
:103F400044FE95C38327C4FE1B8717002326E4FE87
:103F50003E87833784FDBA9703C70700833704FC85
:103F60002387E70029A0833704FC238707008337D2
:103F700004FC83C72700B1CF8327C4FE1B8717002B
:103F80002326E4FE3E87833784FDBA9783C7070064
:103F90001B870700833704FC98C7833704FC9C47C2
:103FA0003E879307F00763FBE7028327C4FE0337CE
:103FB00084FD3E97833704FCB107BE853A85EFD078
:103FC0005FA1AA873E878327C4FEB99F2326F4FEFC
:103FD00031A0833704FC1307001098C78327C4FE61
:103FE0003E85E270427421618280797122F400186A
:103FF000233CA4FC232604FE833784FD9DC319A81B
:104000008327C4FE85272326F4FE833784FD91078A
:10401000233CF4FC833784FD9C433E87FD57E3112A
:10402000F7FE8327C4FE3E85227445618280797144
:1040300022F40018233CA4FCAE87232AF4FCA30737
:1040400004FE833784FD95CB15A0833784FD984308
:10405000832744FD81276396E7008547A307F4FE85
:1040600029A8833784FD9107233CF4FC833784FD22
:104070009C433E87FD57E31AF7FC8347F4FE3E85D9
:10408000227445618280797122F40018AA87232E58
:10409000F4FC232604FE8327C4FD9B8657FC1B8764
:1040A0000600A54763EEE7069397060281931397F0
:1040B0002700973701009387E7ABBA979C431B878C
:1040C0000700973701009387E7AABA978287854749
:1040D0002326F4FE89A889472326F4FEA9A08D474C
:1040E0002326F4FE89A091472326F4FE2DA89547A8
:1040F0002326F4FE0DA899472326F4FE2DA09D4704
:104100002326F4FE0DA0A1472326F4FE29A8A547E7
:104110002326F4FE09A8930700042326F4FE21A019
:10412000232604FE01008327C4FE3E8522744561D8
:104130008280797122F40018233CA4FCAE87328778
:10414000A30BF4FCBA87230BF4FC232604FE83376D
:1041500084FD85CB833784FD130700062380E700A9
:10416000833784FD8507034774FD2380E700833789
:1041700084FD8907034764FD2380E7008D472326DC
:10418000F4FE8327C4FE3E852274456182805D7102
:1041900086E4A2E080082334A4FCAE87233CC4FA62
:1041A0002322F4FC232604FEA30504FE232204FE9E
:1041B000231104FE232E04FC232C04FC833784FBF0
:1041C0006387071A832744FC1B870700994763E925
:1041D000E700833784FB1307F00398D3F55765AAEC
:1041E0008327C4FE1B8717002326E4FE82178193D2
:1041F000033784FCBA9781453E85EFC0CFC6AA87B6
:1042000093C7170093F7F70F81CB833784FB13070E
:10421000E00398D3F55741A28367C4FE033784FCBB
:104220003E97833784FB93864700930724FE3686A8
:10423000BE853A85EFC0BF92AA8781270327C4FEB7
:10424000B99F2326F4FE835724FE1B87070083377C
:1042500084FB98C38367C4FE033784FCBA97930634
:1042600044FE1307B4FE3686BA853E85EFC02FA6FE
:10427000AA8781270327C4FEB99F2326F4FE83471C
:10428000B4FE3E8785476309F700833784FB130735
:10429000E00398D3F55701A28367C4FE033784FC7B
:1042A000BA97032744FE9306C4FD3686BA853E8539
:1042B000EFD02F8CAA8781270327C4FEB99F23261E
:1042C000F4FE0327C4FD833784FB98C70327C4FE8D
:1042D000832744FC012781276377F7088367C4FE9F
:1042E000033784FCBA97930644FE1307B4FE368660
:1042F000BA853E85EFC0AF9DAA8781270327C4FEFC
:10430000B99F2326F4FE8347B4FE3E878947631591
:10431000F7040327C4FE832744FC01278127637D1C
:10432000F7028367C4FE033784FCBA97032744FE71
:10433000930684FD3686BA853E85EFC05FDAAA878C
:1043400081270327C4FEB99F2326F4FE032784FD9B
:10435000833784FBD8C721A8833784FB1307E00386
:1043600098D3F5570DA8833784FB7D57D8C703270B
:10437000C4FE832744FC01278127637CF700833731
:1043800084FB91C7833784FB1307100498D3F55738
:1043900019A08327C4FE3E85A66006646161828001
:1043A000397106FC22F88000233CA4FCAE8723343C
:1043B000C4FCA30BF4FC232404FE232604FE833751
:1043C00084FD638C070E833784FD1307000323806D
:1043D000E700833784FD8507034774FD2380E700EA
:1043E000833784FD890731472380E7008D472326E3
:1043F000F4FE8327C4FE033784FD3E97833784FC95
:104400009C431B860700833784FCDC43BE868145C2
:104410003A85EFC0DF87AA872324F4FE0327C4FE72
:10442000832784FEB99F2326F4FE8327C4FE033727
:1044300084FD3E97833784FC9C473E8685453A85BC
:10444000EFD0CF80AA872324F4FE0327C4FE83275E
:1044500084FEB99F2326F4FE833784FCDC473E8725
:10446000FD576309F7028327C4FE033784FD3E9797
:10447000833784FCDC473E8689453A85EFC03FDEC2
:10448000AA872324F4FE0327C4FE832784FEB99F52
:104490002326F4FE8327C4FE033784FDBA978D4597
:1044A0003E85EFB07FE3AA872324F4FE0327C4FEF2
:1044B000832784FEB99F2326F4FE8327C4FE3E850E
:1044C000E270427421618280797106F422F0001852
:1044D000233CA4FC232604FE833784FD89CB8D4531
:1044E000033584FDEFB03FEBAA872326F4FE832734
:1044F000C4FE3E85A2700274456182805D7186E4CF
:10450000A2E080082334A4FCAE87233CC4FA232213
:10451000F4FCA30304FE232004FE232404FE23262C
:1045200004FE231F04FC232C04FC232A04FC8145E5
:10453000033584FCEFC02F93AA8793C7170093F726
:10454000F70F99C3FD5759A285472326F4FE832709
:10455000C4FE033784FC3E97833784FB9386470071
:104560009307E4FD3686BE853A85EFC04FDFAA8704
:104570003E878327C4FEB99F2326F4FE8357E4FDBC
:104580001B870700833784FB98C38327C4FE033748
:1045900084FCBA97930604FE130774FE3686BA8528
:1045A0003E85EFB0DFF2AA873E878327C4FEB99F1E
:1045B0002326F4FE834774FE3E8785476304F70095
:1045C000FD5729A28327C4FE033784FCBA9703272B
:1045D00004FE930684FD3686BA853E85EFC07FD9FA
:1045E000AA873E878327C4FEB99F2326F4FE0327AC
:1045F00084FD833784FB98C78327C4FE033784FC7C
:10460000BA97930604FE130774FE3686BA853E8574
:10461000EFB0FFEBAA872324F4FE834774FE3E87A6
:1046200089476314F7040327C4FE832784FEB99FD8
:104630002326F4FE8327C4FE033784FCBA9703279E
:1046400004FE930644FD3686BA853E85EFC03FA939
:10465000AA873E878327C4FEB99F2326F4FE03273B
:1046600044FD833784FBD8C729A0833784FB7D575B
:10467000D8C78327C4FE033784FCBA978D453E858F
:10468000EFC00F84AA87B1C38327C4FE85272326E2
:10469000F4FE8327C4FE033784FC3E97833784FBF4
:1046A00098EB032744FC8327C4FEBB07F740812710
:1046B000FD371B870700833784FB98CF832744FC93
:1046C0002326F4FE8327C4FE11A0FD573E85A66075
:1046D000066461618280397106FC22F88000233C07
:1046E000A4FCAE872334C4FC232AF4FC232604FE56
:1046F000231504FE833784FDF9CB832744FD8127EE
:10470000F9C7833784FCE1C7832744FD1B87070073
:10471000914763E9E700833784FC1307F003D8CBA4
:10472000F55745A88327C4FE1B8717002326E4FE00
:1047300082178193033784FDBA9781453E85EFB098
:104740009FF2AA8793C7170093F7F70F81CB8337A0
:1047500084FC1307E003D8CBF557A5A88367C4FEF4
:10476000033784FD3E97833784FC93864700930785
:10477000A4FE3686BE853A85EFC06FBEAA87812724
:104780000327C4FEB99F2326F4FE8357A4FE1B878C
:104790000700833784FC98C38367C4FE033784FD16
:1047A000BA9785453E85EFB0BFF1AA8793C717003A
:1047B00093F7F70F81CB833784FC1307E003D8CB43
:1047C000F55701A88327C4FE85272326F4FE8327F7
:1047D000C4FE3E85E2704274216182805D7186E490
:1047E000A2E080082334A4FCAE87233CC4FA232231
:1047F000F4FC232604FE232404FEA30304FE23204A
:1048000004FE232E04FC232C04FC833784FC6381E8
:10481000071A832744FC8127638C0718833784FB9E
:10482000638807188367C4FE033784FCBA9783C77D
:1048300007008127A18B812781EB833784FB130736
:10484000E003D8CBF557BDA28367C4FE033784FCD1
:10485000BA97930604FE130774FE3686BA853E8522
:10486000EFB0FFC6AA8781270327C4FEB99F23267E
:10487000F4FE834774FE81CB833784FB1307E00388
:10488000D8CBF55705AA832704FE0327C4FEB99F9A
:104890001B870700832744FC81276369F700833760
:1048A00084FB1307F003D8CBF55729A28367C4FE16
:1048B000033784FCBA97032704FE9306C4FD3686AB
:1048C000BA853E85EFC0FFAAAA8781270327C4FEC9
:1048D000B99F2326F4FE0327C4FD833784FB98C7C2
:1048E000833784FB7D57D8C78367C4FE033784FCB6
:1048F000BA9783C707008127A18B8127D5CB836710
:10490000C4FE033784FCBA9783C7070081279D8BB9
:1049100081273E879D47630DF7088367C4FE0337F1
:1049200084FCBA97930604FE130774FE3686BA8594
:104930003E85EFB0DFB9AA872324F4FE834774FED7
:104940003E8785476316F7060327C4FE832784FE48
:10495000B99F2326F4FE832704FE0327C4FEB99FD4
:104960001B870700832744FC81276369F70083378F
:1049700084FB1307F003D8CBF5572DA88367C4FE3B
:10498000033784FCBA97032704FE930684FD36861A
:10499000BA853E85EFC0AFF4AA8781270327C4FEFE
:1049A000B99F2326F4FE032784FD833784FBD8C7F1
:1049B0008327C4FE3E85A6600664616182807971AA
:1049C00022F40018233CA4FCAE87A30BF4FC23269E
:1049D00004FE833784FD9DC7833784FD13070003DE
:1049E0002380E700833784FD8507034774FD238018
:1049F000E700833784FD890739472380E7008D4727
:104A00002326F4FE8327C4FE3E85227445618280FE
:104A1000797106F422F00018233CA4FC2338B4FC7E
:104A2000232604FE833784FDB9C3833704FD9C43EA
:104A30001B870700833704FDDC43BE863A86814529
:104A4000033584FDEFC0AFA4AA872326F4FE832795
:104A5000C4FE033784FDBA9785453E85EFB0DF87F6
:104A6000AA873E878327C4FEB99F2326F4FE8327A7
:104A7000C4FE3E85A270027445618280797106F49D
:104A800022F00018233CA4FCAE873287232AF4FCD2
:104A9000BA872328F4FC232604FE833784FDB1C79C
:104AA000832744FD3E868945033584FDEFC01F9A68
:104AB000AA872326F4FE832704FD1B870700FD57E2
:104AC0006305F7028327C4FE033784FDBA970327E3
:104AD00004FD3A868D453E85EFC06FF8AA873E8774
:104AE0008327C4FEB99F2326F4FE8327C4FE3E8598
:104AF000A270027445618280397106FC22F8800040
:104B0000233CA4FC2338B4FCB2872326F4FC2326E0
:104B100004FE232404FE833784FDD5C78327C4FE07
:104B2000033784FDBA9791453E85EFB0EFFAAA8727
:104B30003E878327C4FEB99F2326F4FE8327C4FE45
:104B4000033784FDBA97033704FD631BF7008327FF
:104B5000C4FE0327C4FCB99F81272326F4FEA1A02D
:104B6000232404FE0DA8836784FE033704FD3E97CB
:104B70008327C4FE9B8617002326D4FEBE86833778
:104B800084FDB697034707002380E700832784FE50
:104B900085272324F4FE032784FE8327C4FC0127F2
:104BA0008127E362F7FC8327C4FE033784FDBA97AD
:104BB00091453E85EFB02FFEAA873E878327C4FE2E
:104BC000B99F2326F4FE8327C4FE3E85E27042741B
:104BD00021618280797106F422F00018233CA4FC44
:104BE000AE873287232AF4FCBA872328F4FC2326D5
:104BF00004FE833784FDC9C78327C4FE033784FDC1
:104C0000BA9795453E85EFB02FEDAA873E8783275B
:104C1000C4FEB99F2326F4FE8327C4FE033784FD18
:104C2000BA97032744FDBA853E85EFC06FFCAA877B
:104C30003E878327C4FEB99F2326F4FE8327C4FE44
:104C4000033784FDBA97032704FDBA853E85EFC07C
:104C50002FFAAA873E878327C4FEB99F2326F4FE36
:104C60008327C4FE033784FDBA9795453E85EFB090
:104C70008FF2AA873E878327C4FEB99F2326F4FEBE
:104C80008327C4FE3E85A2700274456182807971DB
:104C900006F422F00018233CA4FC232604FE8337EC
:104CA00084FD89CB8545033584FDEFB0CFEEAA871F
:104CB0002326F4FE8327C4FE3E85A270027445615C
:104CC0008280797122F40018AA87A30FF4FC2326AE
:104CD00004FEFD57A305F4FE232604FE35A817B7EE
:104CE0000100130727938366C4FE93074061B387CF
:104CF000F602BA9703C747008347F4FD93F7F70F0F
:104D00006397E7008327C4FEA305F4FE31A8832739
:104D1000C4FE85272326F4FE8327C4FE1B870700D5
:104D20009307E00FE3FDE7FA8347B4FE3E85227464
:104D300045618280797106F422F00018AA87A30FDA
:104D4000F4FC8347F4FD3E85EFF0BFF7AA87A30785
:104D5000F4FE8347F4FE13F7F70F9307F00F630099
:104D6000F7048347F4FE9B86070017B7010013077B
:104D7000678A93074061B387F602BA9723A40700B6
:104D80008347F4FE9B86070017B701001307878847
:104D900093074061B387F602BA97238207000100A8
:104DA000A270027445618280797106F422F00018C5
:104DB000233CA4FCAE873287232AF4FCBA8723283D
:104DC000F4FC232404FE232604FE833784FDCDC790
:104DD000833784FD41472380E700833784FD8507BF
:104DE00021472380E70089472326F4FE832744FDDB
:104DF000812763C30708832744FD1B870700B70784
:104E00004000635BF706832704FD812763C607061E
:104E1000832704FD1B870700B7074000635EF70484
:104E20008327C4FE033784FDBA97032744FD3A86DF
:104E300081453E85EFC0AFC2AA872324F4FE032735
:104E4000C4FE832784FEB99F2326F4FE8327C4FE75
:104E5000033784FDBA97032704FD3A8685453E85CE
:104E6000EFC0EFBFAA872324F4FE0327C4FE8327E5
:104E700084FEB99F2326F4FE8327C4FE3E85A270DC
:104E8000027445618280397106FC22F88000233C5F
:104E9000A4FCAE872334C4FC2330D4FC232AF4FCC6
:104EA000232604FEA30504FE232204FE232004FE81
:104EB000832744FD8127638407148367C4FE033777
:104EC00084FDBA97930644FE1307B4FE3686BA856E
:104ED0003E85EFB0CFDFAA8781270327C4FEB99FA5
:104EE0002326F4FE8347B4FE99C3FD571DAA03276A
:104EF00044FD8327C4FE0127812763F0E710836701
:104F0000C4FE033784FDBA97032744FE930604FECC
:104F10003686BA853E85EFC08F9CAA8781270327F6
:104F2000C4FEB99F2326F4FE832704FE3E87B707FD
:104F30004000637CF700833784FC81CB832704FE29
:104F40001B870700833784FC98C3032744FD83270E
:104F5000C4FE0127812763F0E70A8367C4FE033795
:104F600084FDBA97930644FE1307B4FE3686BA85CD
:104F70003E85EFB0CFD5AA8781270327C4FEB99F0E
:104F80002326F4FE8347B4FE3E8785476304F7007B
:104F9000FD5741A8032744FD8327C4FE012781272D
:104FA00063F9E7048367C4FE033784FDBA970327D8
:104FB00044FE930604FE3686BA853E85EFC02F92E6
:104FC000AA8781270327C4FEB99F2326F4FE8327DF
:104FD00004FE3E87B70740006373F704833704FC81
:104FE0009DCF832704FE1B870700833704FC98C3EB
:104FF0003DA0FD573DA0FD572DA0FD571DA08337B7
:1050000084FC89C7833784FC7D5798C3833704FCAD
:1050100089C7833704FC7D5798C3232604FE832762
:10502000C4FE3E85E270427421618280797122F46F
:1050300000182334A4FE2330B4FE233CC4FC833781
:1050400084FE81CB833784FE17270100130787B5C1
:1050500098E3833704FE81CB833704FE17270100D2
:105060001307C7B698E3833784FD89CB833784FD64
:1050700017270100130787B698E301000100227487
:1050800045618280011122EC0010232604FEF9A064
:10509000973615009386868C0367C4FEBA878E0701
:1050A000998F8A07B69713060000D0C3973615006C
:1050B0009386C68A0367C4FEBA878E07998F8A07CC
:1050C000B6972386070097361500938626890367CF
:1050D000C4FEBA878E07998F8A07B69713072006F2
:1050E000A386E70097361500938646870367C4FEBC
:1050F000BA878E07998F8A07B69723A40700973639
:1051000015009386A6850367C4FEBA878E07998F1C
:105110008A07B69790CB9736150093862684036747
:10512000C4FEBA878E07998F8A07B69717270100A2
:10513000130707AD1843D8CB973615009386068220
:105140000367C4FEBA878E07998F8A07B697238CA8
:1051500007008327C4FE85272326F4FE8327C4FE89
:105160001B8707008D47E3F5E7F2010062640561E4
:105170008280797106F422F00018AA87232EF4FCAD
:105180008327C4FD3E85EF000005AA872326F4FE91
:105190008327C4FE1B8707008D4763E4E70085472C
:1051A00011A081473E85A270027445618280411141
:1051B00022E4000891473E8522644101828001116A
:1051C00022EC0010AA872326F4FE8327C4FE3E8526
:1051D000626405618280797122F40018AA87232E07
:1051E000F4FC91472326F4FE8327C4FD1B870700A8
:1051F0008D4763E6E7008327C4FD2326F4FE83275B
:10520000C4FE3E85227445618280797106F422F0E5
:105210000018AA87232EF4FC930700002326F4FE2F
:105220008327C4FD3E85EFF01FFBAA872324F4FEED
:10523000832784FE1B8707008D4763E0E7029726DC
:1052400015009386A671036784FEBA878E07998F2F
:105250008A07B697DC432326F4FE8327C4FE3E85E7
:10526000A270027445618280797106F422F0001800
:10527000AA87232CB4FC232EF4FC930700002324DC
:10528000F4FE2322F4FE2326F4FE8327C4FD1B87AD
:1052900007008D4763E0E70C972615009386066CA0
:1052A0000367C4FDBA878E07998F8A07B6979C4B10
:1052B0002324F4FE972615009386466A0367C4FDEF
:1052C000BA878E07998F8A07B697DC4B2322F4FEA4
:1052D000832584FD032584FEEFC02078AA87635CC4
:1052E000F000832584FD032584FEEFC0100AAA8701
:1052F0002326F4FE11A8832584FE032584FDEFC038
:10530000D008AA872326F4FE832544FE0325C4FE85
:10531000EFC0A074AA8763D307002DA897261500B5
:105320009386C6630367C4FDBA878E07998F8A0781
:10533000B6970547238CE7009726150093860662EB
:105340000367C4FDBA878E07998F8A07B69703272C
:1053500084FD98CB0100A27002744561828079714E
:1053600006F422F00018AA87232CB4FC232EF4FCA8
:10537000232604FE8327C4FD3E85EFF0DFE5AA87E0
:105380002326F4FE8327C4FE1B8707008D4763E7AF
:10539000E7028327C4FE832584FD3E85EFF0DFEC22
:1053A000972615009386865B0367C4FEBA878E072F
:1053B000998F8A07B697032784FDD8C30100A2708E
:1053C000027445618280797106F422F00018AA8780
:1053D0002338B4FC232EF4FCA30704FE8327C4FD6A
:1053E0003E85EFF05FDFAA872324F4FE832784FE47
:1053F0001B8707008D4763EAE702836784FE3E86CA
:10540000971501009385857E17B50700130585FF65
:10541000EFD0A04F97B507009385C5FE033504FD77
:10542000EFD08F93AA87A307F4FE8347F4FE3E854F
:10543000A270027445618280797106F422F000182E
:10544000AA87232EF4FC232404FEA30704FE83274B
:10545000C4FD3E85EFF03FD8AA872324F4FE8327BE
:1054600084FE1B8707008D4763E1E702972615003E
:105470009386C64E036784FEBA878E07998F8A0784
:10548000B69783C78701A307F4FE8347F4FE3E85E2
:10549000A270027445618280797106F422F00018CE
:1054A000AA87232EF4FC232604FE8327C4FD3E8511
:1054B000EFF07FD2AA872326F4FE8327C4FE1B8742
:1054C00007008D4763EFE70097261500938606498E
:1054D0000367C4FEBA878E07998F8A07B697238C15
:1054E00007000100A270027445618280797106F4A0
:1054F00022F00018AA872338B4FC232EF4FCA3075B
:1055000004FE833704FDB1CB833704FD1307500538
:1055100098C3833704FD7D57D8C3833704FD2384A4
:105520000700833704FD11472385E7008327C4FD67
:105530003E85EFF09FCD2A87833704FD98CB8337D4
:1055400004FD23BC075C833704FD2380075E83379B
:1055500004FD83B7875E2338F4FC833704FDC5CB95
:10556000833704FD1307F00698C3833704FD7D5786
:10557000D8C3833704FD23840700833704FD214704
:105580002385E700833704FDC1073E85EFC09FC137
:10559000833704FDC107014681453E85EFC0FFC446
:1055A000833704FDC107014685453E85EFC0FFC333
:1055B000833704FDC107014689453E85EFC0FFC220
:1055C0008327C4FD3E85EF00400DAA8791CB83372A
:1055D00004FDC10705468D453E85EFC01FC109A8E2
:1055E000833704FDC10701468D453E85EFC0FFBFEF
:1055F000833704FD23BC075C833704FD2380075EEB
:10560000833704FD23B4075E8547A307F4FE834771
:10561000F4FE3E85A270027445618280797106F4C1
:1056200022F00018AA87232CB4FC232EF4FC232696
:1056300004FE8327C4FD3E85EFF0FFB9AA87232629
:10564000F4FE8327C4FE1B8707008D4763E2E7044F
:1056500097261500938686300367C4FEBA878E07A7
:10566000998F8A07B697032784FDD8CB9726150014
:105670009386C62E0367C4FEBA878E07998F8A0762
:10568000B697D8438327C4FEBA853E85EFF0DFBDC9
:105690000100A270027445618280797106F422F0E3
:1056A0000018AA87232EF4FC232404FEA30704FE7B
:1056B0008327C4FD3E85EFF01FB2AA872324F4FEA2
:1056C000832784FE1B8707008D4763E1E702972647
:1056D00015009386A628036784FEBA878E07998FE4
:1056E0008A07B69783C7C700A307F4FE8347F4FE73
:1056F0003E85A270027445618280797106F422F0C1
:105700000018AA872E87232EF4FCBA87A30DF4FC79
:10571000232604FE8327C4FD3E85EFF0DFABAA8776
:105720002326F4FE8327C4FE1B8707008D4763E210
:10573000E70697261500938666220367C4FEBA879C
:105740008E07998F8A07B69703C7C7008347B4FDB2
:1057500093F7F70F6380E7029726150093860620DC
:105760000367C4FEBA878E07998F8A07B6970547E5
:10577000238CE700972615009386461E0367C4FE18
:10578000BA878E07998F8A07B6970347B4FD238699
:10579000E7000100A2700274456182801301019F3D
:1057A000233411602330816013040161233CA49EE3
:1057B000232604FE232404FE233004FE8337849F23
:1057C00089CB8337849F9C6B89C78337849F9C4F89
:1057D00099E38147DDAC8337849FDC433E85EFF05E
:1057E0009F9FAA872324F4FE832784FE1B8707003C
:1057F0008D4763EEE702036784FEBA878E07998FB1
:105800008A071727150013076715BA97233CF4FC7E
:105810008337849F9C6B2330F4FE8337849F9C479F
:105820008127BE86130710056389E61A19A0FD5764
:1058300069ACBE86130710056345D704BE861307FF
:1058400040026387E616BE8613074002634BD7000B
:10585000BE865947638EE61A3E87F147630DF70807
:1058600031A4BE861307D0046387E608BE861307FB
:10587000F0046386E60A3E879307B0046300F706E8
:10588000F5A2BE86130750076386E616BE86130789
:1058900050076342D702BE86130770066383E61281
:1058A000BE861307F0066385E60A3E879307500518
:1058B0006300F70865AABE8609671307E77063836C
:1058C000E618BE8609671307F7706387E6183E87F8
:1058D00089679387D7706309F71449AA8337849F30
:1058E000DC433E868145033504FEEFB08FC1AA87B5
:1058F0002326F4FE49AA8337849FDC43130704A0C0
:10590000BA853E85EFF03FAC930704A0BE85033512
:1059100004FEEFB02FEDAA872326F4FEADA2814549
:10592000033504FEEFB0DFACAA872326F4FEA1AA5C
:105930008337849FDC433E85EFF03F8DAA87BE8589
:10594000033504FEEFB0BFDBAA872326F4FE25AAA9
:10595000930784FC3E85EFC0FF84930784FC0146D7
:1059600081453E85EFC07F88930784FC01468545CD
:105970003E85EFC09F87930784FC014689453E859D
:10598000EFC0BF86833784FD03C7C700930784FC3D
:105990003A868D453E85EFC05F85930784FCBE85C2
:1059A000033504FEEFB02F94AA872326F4FEE1A866
:1059B0008145033504FEEFB0BFA3AA872326F4FE7A
:1059C000D9A0833784FD9C47BE85033504FEEFB024
:1059D0003FA2AA872326F4FE7DA0833784FD83C7D8
:1059E000C700BE85033504FEEFA09FD9AA872326F2
:1059F000F4FE51A8833784FD83C7D7008127BE8575
:105A0000033504FEEFB0DF9EAA872326F4FEA5A887
:105A1000833784FDDC4BBE85033504FEEFB03FCEFB
:105A2000AA872326F4FE85A0971701009387871D78
:105A30009C43BE85033504FEEFB07FCCAA872326A6
:105A4000F4FE91A09305A005033504FEEFB0BF8CD2
:105A5000AA872326F4FE05A8930580F3033504FEE8
:105A6000EFB03FC4AA872326F4FE31A88337849F72
:105A70000947D8CF8337849F1307000298D3FD5777
:105A80002326F4FE01008327C4FE812763CD07028D
:105A90008337849F9C473E87930720086305F7025E
:105AA0008337849FDC473E87FD57630EF7008337BB
:105AB000849F0947D8CF8337849F1307200398D347
:105AC000FD572326F4FE8327C4FE3E858330816084
:105AD000033401601301016182801301019F2334AB
:105AE00011602330816013040161233CA49EA3074D
:105AF00004FE232404FE232204FE8337849F13879D
:105B000007018337849F83A7475D8127930604A0FD
:105B10003686BE853A85EFA0EFBAAA872322F4FE27
:105B2000832744FE812763DF07008337849F09476B
:105B300023AEE75C8337849F1307500223A0E75E00
:105B40008147D1AC8337849F9C473E8793072008C9
:105B50006306F7028337849FDC473E87FD57630F58
:105B6000F7008337849F094723AEE75C8337849F20
:105B70001307200323A0E75E814771AC8337849F1E
:105B8000DC433E85EFF02FE5AA872324F4FE83272C
:105B900084FE1B8707008D4763E9E702036784FEE5
:105BA000BA878E07998F8A0717271500130707DB17
:105BB000BA97233CF4FC8337849F9C478127BE8699
:105BC00013071005638DE61019A08147A9A4BE86AE
:105BD000130710056345D704BE8613074002638B85
:105BE000E61EBE8613074002634BD700BE865947A8
:105BF0006389E6163E87F147630EF71CC5AABE8689
:105C00001307D0046388E61CBE861307F004638381
:105C1000E61C3E879307B004630EF71AC1AABE863E
:105C20001307F0066388E61ABE861307F006634D75
:105C3000D700BE8613075005638EE6023E879307A2
:105C400070066309F7185DA2BE8613075007638AC2
:105C5000E60CBE861307500763CAE6181B870700C9
:105C6000F9779B87378FB99F81273E87894763EFF5
:105C7000E7168DA28337849F1387C75D8337849F80
:105C80009386075E930704A03A8691453E85EF70A0
:105C9000D078AA87A307F4FE8347F4FE93F7F70FA3
:105CA00063820716833784FD83C7C70099CB833788
:105CB000849FDC43032784A0BA853E85EFF02FEA5A
:105CC00091A28337849F094723AEE75C8337849F83
:105CD0001307800223A0E75EA30704FE25A28337F3
:105CE000849F1387C75D8337849F9386075E9307DE
:105CF00004A03A8685453E85EF703072AA87A307D7
:105D0000F4FE8347F4FE93F7F70F638F070E833794
:105D1000849FDC43034784A0BA853E85EFF0FF9D56
:105D2000E5A08337849F1387C75D8337849F93865D
:105D3000075E930704A03A86A5453E85EF70F06D97
:105D4000AA87A307F4FE8347F4FE93F7F70FDDCF8E
:105D5000832784A013F7F70F833784FDA386E7001A
:105D600075A08337849F1387C75D8337849F93868D
:105D7000075E930704A03A8691453E85EF70F0696F
:105D8000AA87A307F4FE8347F4FE93F7F70FC9C36E
:105D9000832784A0930500003E85EFB0104CAA87AE
:105DA00063CC07008337849FDC43032784A0BA8534
:105DB0003E85EFF0BF86A9A8A30704FE8337849F22
:105DC000094723AEE75C8337849F1307500223A063
:105DD000E75E3DA88337849F094723AEE75C83379E
:105DE000849F1307800223A0E75E25A08337849F4A
:105DF000094723AEE75C8337849F1307000223A083
:105E0000E75E01A8010031A0010021A0010011A05E
:105E100001008347F4FE3E858330816003340160D6
:105E2000130101618280011122EC0010AA87232650
:105E3000F4FE0100626405618280797122F4001829
:105E40002334A4FE2330B4FE233CC4FC833784FEF9
:105E500081CB833784FE17170100130727DB98E3F4
:105E6000833704FE81CB833704FE174701001307F5
:105E700067F898E3833784FD89CB833784FD174720
:105E800001001307A7F798E30100010022744561A0
:105E90008280011122EC0010975701009387C7718F
:105EA00083C7070093C7170093F7F70FADC797573E
:105EB00001009387677005472380E700232604FECF
:105EC00099A0232404FE25A097A607009386865553
:105ED000836784FE0367C4FE12073697BA977D571F
:105EE0002380E700832784FE85272324F4FE83276D
:105EF00084FE1B870700BD47E3F8E7FC8327C4FE49
:105F000085272326F4FE8327C4FE1B8707008D47C1
:105F1000E3F9E7FA01000100626405618280011182
:105F200022EC0010AA872326F4FE8327C4FE1B87D9
:105F300007008D4763E4E700854711A081473E8550
:105F4000626405618280411122E4000891473E8528
:105F5000226441018280011122EC0010AA872326CD
:105F6000F4FE8327C4FE3E856264056182807971F8
:105F700022F40018AA87232EF4FC91472326F4FE6E
:105F80008327C4FD1B8707008D4763E6E70083274F
:105F9000C4FD2326F4FE8327C4FE3E85227445619A
:105FA0008280797106F422F00018AA87232EF4FC6F
:105FB000930700002326F4FE232204FE232404FE7C
:105FC0008327C4FD3E85EFF09FFAAA872322F4FEC3
:105FD000832744FE1B8707008D4763E8E7062324D9
:105FE00004FEA9A897A607009386C643836784FE8C
:105FF000036744FE12073697BA9783C707003E87A8
:106000009307F00F6307F70297A607009386864170
:10601000836784FE036744FE12073697BA9783C7E7
:10602000070081273E85EFB03077AA872326F4FE4C
:1060300029A8832784FE85272324F4FE832784FE52
:106040001B870700BD47E3FFE7F88327C4FE3E85B3
:10605000A270027445618280397106FC22F826F430
:106060008000AA872324B4FC32872326F4FCBA8755
:106070002322F4FC232C04FCA30F04FC8327C4FC80
:106080003E85EFF0DFEEAA87232CF4FC832784FD06
:106090001B8707008D4763E6E708832744FC8127B9
:1060A000C9C3832744FC1B870700C14763EBE7068E
:1060B000832744FC1B87070099476304F706930571
:1060C0000000032584FCEFB05019AA8763CB0704B6
:1060D000971701009387C7B78C43032584FCEFB063
:1060E0005021AA87634FF002832744FCFD379B842D
:1060F0000700032584FCEFB03064AA8713F7F70F7D
:1061000017A607001306063293970402819383664D
:1061100084FD9206B296B6972380E7008547A30FC9
:10612000F4FC8347F4FD3E85E2704274A274216161
:106130008280797106F422F00018AA872E87232E18
:10614000F4FCBA87232CF4FC232404FEA30704FEEA
:106150008327C4FD3E85EFF09FE1AA872324F4FE48
:10616000832784FE1B8707008D4763E9E7048327A5
:1061700084FD8127A1C7832784FD1B870700C147B2
:1061800063EEE702832784FD1B87070099476307B7
:10619000F702832784FDFD37812797A607009386A2
:1061A000662882178193036784FE12073697BA9791
:1061B0007D572380E7008547A307F4FE8347F4FE5D
:1061C0003E85A270027445618280797106F422F0E6
:1061D0000018AA872338B4FC232EF4FCA30704FE7E
:1061E0008327C4FD1B8707008D4763EAE7028367A7
:1061F000C4FD3E8697150100938545A417A50700A9
:1062000013054526EFC0607097A507009385852587
:10621000033504FDEFC04FB4AA87A307F4FE8347FC
:10622000F4FE3E85A270027445618280797106F4A5
:1062300022F00018AA87232EF4FC232404FEA307CF
:1062400004FE8327C4FD3E85EFF07FD2AA87232476
:10625000F4FE832784FE1B8707008D4763EDE7006C
:106260001757010013070735836784FEBA9783C762
:106270000700A307F4FE8347F4FE3E85A270027474
:1062800045618280797106F422F00018AA872E8772
:10629000232EF4FCBA87A30DF4FC232604FE8327E7
:1062A000C4FD3E85EFF0BFCCAA872326F4FE8327EA
:1062B000C4FE1B8707008D4763EDE70017570100F9
:1062C0001307472F8367C4FEBA970347B4FD2380A3
:1062D000E7000100A2700274456182801301019EF3
:1062E000233C116023388160130401622334A49E8F
:1062F000232604FE232404FE971701009387879525
:106300009C432320F4FE232E04FC232204FEA30D31
:1063100004FC233804FC8337849E89CB8337849E16
:106320009C6B89C78337849E9C4F99E38147D9A68C
:106330008337849E9C6B2338F4FC8337849E9C4770
:106340009B86C7FD1B8706009307100563E5E734AE
:10635000939706028193139727009717010093875D
:10636000A78FBA979C431B87070097170100938755
:10637000A78EBA9782878337849EDC433E86854505
:10638000033504FDEFA0FF97AA872324F4FE0DA692
:106390008337849EDC431307849FBA853E85EFF0E4
:1063A000DFE29307849FBE85033504FDEFA09FC302
:1063B000AA872324F4FEEDAC8545033504FDEFB038
:1063C0002F83AA872324F4FEE5A48337849EDC432D
:1063D0003E85EFF01FBD2320A4FE832504FE033578
:1063E00004FDEFB0CFB1AA872324F4FED1A4930714
:1063F00004FC3E85EFB01FDB930704FC014681459A
:106400003E85EFB09FDE930704FC014685453E853F
:10641000EFB0BFDD930704FC014689453E85EFB030
:10642000DFDC8337849EDC433E85EFF03FE0AA87C4
:10643000A30DF4FC0347B4FD930704FC3A868D4595
:106440003E85EFB09FDA930704FCBE85033504FD5B
:10645000EFA06FE9AA872324F4FE99AC81450335A8
:1064600004FDEFA0FFF8AA872324F4FE91A483374C
:10647000849EDC433E85EFF07FDBAA87A30DF4FC0E
:106480008347B4FDBE85033504FDEFA06FAFAA8737
:106490002324F4FE31AC93052006033504FDEFA060
:1064A0003FF5AA872324F4FE21A48337849EDC478A
:1064B00091EBC145033504FDEFA0FFE5AA87232436
:1064C000F4FEFDA28337849EDC473E87FD576317A9
:1064D000F70E8337849EDC433E85EFF05FA9AA87E1
:1064E000232EF4FC232204FED1A097A60700938656
:1064F00066F3836744FE0367C4FD12073697BA97B5
:1065000083C707003E879307F00F631EF7008327BA
:1065100084FE033704FDBA973E85EFA00FAEAA872D
:106520002326F4FE91A097A607009386A6EF836723
:1065300044FE0367C4FD12073697BA9783C7070066
:1065400081273E85EFB05025AA872320F4FE8327BC
:1065500084FE033704FDBA97832504FE3E85EFB021
:106560000F9AAA872326F4FE032784FE8327C4FEFE
:10657000B99F81273E879307305C63CAE7000327F2
:1065800084FE8327C4FEB99F2324F4FE19A8833711
:10659000849E1307600398D3F9572324F4FE010067
:1065A00001AA832744FE85272322F4FE832744FE85
:1065B0001B870700BD47E3FAE7F2DDA88337849E17
:1065C000DC433E85EFF0BF9AAA87232EF4FC833785
:1065D000849EDC473E87C14763E4E7088337849E97
:1065E000DC47FD37812797A607009386A6E382172D
:1065F00081930367C4FD12073697BA9783C70700D4
:106600003E879307F00F631AF700033504FDEFA0F0
:10661000CF9EAA872324F4FE61A88337849EDC479B
:10662000FD37812797A607009386C6DF82178193DF
:106630000367C4FD12073697BA9783C707008127FF
:106640003E85EFB07015AA872320F4FE832504FE53
:10665000033504FDEFB0AF8AAA872324F4FE89A88E
:106660008337849E0947D8CF8337849E1307A002BF
:1066700098D3FD572324F4FE25A893070000232078
:10668000F4FE832504FE033504FDEFB04F87AA878F
:106690002324F4FE31A88337849E0947D8CF83375B
:1066A000849E1307000298D3FD572324F4FE0100B3
:1066B000832784FE812763CD07028337849E9C470E
:1066C0003E87930770056305F7028337849EDC4796
:1066D0003E87FD57630EF7008337849E0947D8CF66
:1066E0008337849E1307200398D3FD572324F4FE99
:1066F000832784FE3E858330816103340161130169
:1067000001628280130101A0233C115E2338815E67
:10671000130401602334A4A0A30704FE232404FE71
:10672000833784A013870701833784A083A7475D3D
:106730008127930604A13686BE853A85EF908FF8AF
:10674000AA872324F4FE832784FE812763DF0700C2
:10675000833784A0094723AEE75C833784A01307FF
:10676000500223A0E75E8147D5A2833784A09C47CF
:106770003E87930770056306F702833784A0DC47E2
:106780003E87FD57630FF700833784A0094723AE88
:10679000E75C833784A01307200323A0E75E8147CB
:1067A00075A2833784A09C479B86C7FD1B87060084
:1067B0009307100563EBE7169397060281931397EF
:1067C0002700970701009387A75DBA979C431B8713
:1067D0000700970701009387A75CBA9782878347D2
:1067E00024A13E879147631CF706833784A0D843D2
:1067F000832684A1833784A083C7875D81273E8653
:10680000B6853A85EFF05F85AA87A307F4FE833744
:1068100084A083C7875D3E879947631EF70083374F
:1068200084A0094723AEE75C833784A01307800266
:1068300023A0E75E39A28347F4FE93C7170093F7BE
:10684000F70F63800710833784A0094723AEE75C06
:10685000833784A01307500223A0E75EDDA08337AF
:1068600084A01387C75D833784A09386075E930750
:1068700004A13A8681453E85EF70203AAA87A30796
:10688000F4FE8347F4FE93F7F70FC5CF833784A058
:10689000D843833784A083C7875D8127BE853A8527
:1068A000EFF03F89AA87A307F4FE8347F4FE93C75E
:1068B000170093F7F70FD1C7833784A0094723AE9A
:1068C000E75C833784A01307500223A0E75E95A8F6
:1068D000833784A01387C75D833784A09386075EC0
:1068E000930704A13A8685453E85EF700033AA8759
:1068F000A307F4FE8347F4FE93F7F70FA9C7833786
:1069000084A0DC43034784A1BA853E85EFF09F97BE
:106910001DA8833784A0094723AEE75C833784A092
:106920001307800223A0E75E05A0833784A00947F0
:1069300023AEE75C833784A01307000223A0E75E41
:1069400021A0010011A001008347F4FE3E858330A1
:10695000815F0334015F130101608280797122F449
:1069600000182334A4FE2330B4FE233CC4FC833738
:1069700084FE81CB833784FE170701001307075776
:1069800098E3833704FE81CB833704FE17070100A9
:106990001307475898E3833784FD89CB833784FDF9
:1069A000173701001307074698E30100010022741E
:1069B00045618280011106EC22E80010232604FEC6
:1069C0006DA80367C4FEBA878A07BA978A071717A4
:1069D00015001307A7FFBA97514681453E85EFB0D2
:1069E000301097161500938666FE0367C4FEBA87BB
:1069F0008A07BA978A07B69713060000D0C397167E
:106A000015009386A6FC0367C4FEBA878A07BA9767
:106A10008A07B6971307F0052391E700971615002C
:106A20009386C6FA0367C4FEBA878A07BA978A07AD
:106A3000B69790C797161500938646F90367C4FE6C
:106A4000BA878A07BA978A07B6971707010013070C
:106A5000A74E1843D8C797161500938626F70367E5
:106A6000C4FEBA878A07BA978A07B69723880700B1
:106A70008327C4FE85272326F4FE8327C4FE1B87B5
:106A800007008D47E3FFE7F20100E2604264056121
:106A90008280011122EC0010AA872326F4FE8327AE
:106AA000C4FE1B8707008D4763E4E700854711A0FC
:106AB00081473E85626405618280411122E40008BD
:106AC00091473E85226441018280011122EC001031
:106AD000AA872326F4FE8327C4FE3E8562640561EF
:106AE0008280797122F40018AA87232EF4FC914742
:106AF0002326F4FE8327C4FD1B8707008D4763E62A
:106B0000E7008327C4FD2326F4FE8327C4FE3E85C9
:106B1000227445618280797106F422F00018AA87F8
:106B2000232CB4FC232EF4FC930700002324F4FE52
:106B30002322F4FE2326F4FE8327C4FD1B870700CF
:106B40008D4763E0E70C97161500938626E80367E8
:106B5000C4FDBA878A07BA978A07B6979C47232449
:106B6000F4FE97161500938666E60367C4FDBA87A0
:106B70008A07BA978A07B697DC472322F4FE832553
:106B800084FD032584FEEFA0506DAA87635CF000AE
:106B9000832584FD032584FEEFA0307FAA8723266A
:106BA000F4FE11A8832584FE032584FDEFA0F07D6B
:106BB000AA872326F4FE832544FE0325C4FEEFA006
:106BC000D069AA8763D307002DA89716150093866E
:106BD000E6DF0367C4FDBA878A07BA978A07B697C4
:106BE00005472388E70097161500938626DE03677E
:106BF000C4FDBA878A07BA978A07B697032784FD28
:106C000098C70100A270027445618280797106F410
:106C100022F00018AA87232CB4FC3287232EF4FC20
:106C2000BA87A30BF4FC232404FEA30704FE8327E6
:106C3000C4FD3E85EFF0FFEAAA872324F4FE8327F4
:106C400084FE1B8707008D4763EAE702832784FEE3
:106C5000832584FD3E85EFF01FEC97161500938683
:106C6000E6D6036784FEBA878A07BA978A07B6977B
:106C7000032784FDD8C38547A307F4FE8347F4FEAA
:106C80003E85A270027445618280797106F422F01B
:106C90000018AA87232EF4FC930700002326F4FE95
:106CA000232404FE8327C4FD3E85EFF09FE3AA87DB
:106CB0002324F4FE832784FE1B8707008D4763E0AF
:106CC000E70297161500938666D0036784FEBA879D
:106CD0008A07BA978A07B697DC432326F4FE8327F0
:106CE000C4FE3E85A270027445618280797106F40B
:106CF00022F00018AA872338B4FC232EF4FCA30743
:106D000004FE8327C4FD1B8707008D4763EAE70263
:106D10008367C4FD3E86970501009385A5201795DE
:106D2000070013052576EFB0503E97950700938531
:106D30006575033504FDEFB03F82AA87A307F4FE13
:106D40008347F4FE3E85A2700274456182807971AA
:106D500006F422F00018AA87232EF4FC232404FE54
:106D6000A30704FE8327C4FD3E85EFF09FD7AA87C3
:106D70002324F4FE832784FE1B8707008D4763E1ED
:106D8000E70297161500938666C4036784FEBA87E8
:106D90008A07BA978A07B69783C70701A307F4FE45
:106DA0008347F4FE3E85A27002744561828079714A
:106DB00006F422F00018AA87232EF4FC232604FEF2
:106DC0008327C4FD3E85EFF0DFD1AA872326F4FE9A
:106DD0008327C4FE1B8707008D4763EFE7009716E4
:106DE00015009386A6BE0367C4FEBA878A07BA97C2
:106DF0008A07B697238807000100A27002744561D4
:106E00008280797106F422F00018AA872338B4FC36
:106E1000232EF4FCA30704FE833704FDB1CB833794
:106E200004FD1307500598C3833704FD7D57D8C36D
:106E3000833704FD23840700833704FD114723852E
:106E4000E7008327C4FD3E85EFF03FE42A878337C0
:106E500004FD98CB833704FD23BC075C833704FD16
:106E60002380075E833704FD83B7875E2338F4FCF5
:106E7000833704FDC5CB833704FD1307F00698C3A1
:106E8000833704FD7D57D8C3833704FD238407006F
:106E9000833704FD21472385E700833704FDC107BD
:106EA0003E85EFB02FB0833704FDC1070146814511
:106EB0003E85EFB08FB3833704FDC107014685459A
:106EC0003E85EFB08FB2833704FDC1070146894587
:106ED0003E85EFB08FB18327C4FD3E85EF00400DA6
:106EE000AA8791CB833704FDC10705468D453E85B2
:106EF000EFB0AFAF09A8833704FDC10701468D4548
:106F00003E85EFB08FAE833704FD23BC075C83372B
:106F100004FD2380075E833704FD23B4075E8547A5
:106F2000A307F4FE8347F4FE3E85A2700274456118
:106F30008280797106F422F00018AA87232CB4FC11
:106F4000232EF4FC232604FE8327C4FD3E85EFF0A8
:106F50005FB9AA872326F4FE8327C4FE1B87070098
:106F60008D4763E2E70497161500938626A603670C
:106F7000C4FEBA878A07BA978A07B697032784FDA3
:106F8000D8C797161500938666A40367C4FEBA8710
:106F90008A07BA978A07B697D8438327C4FEBA856B
:106FA0003E85EFF05FB70100A270027445618280F8
:106FB000797106F422F00018AA87232EF4FC23240A
:106FC00004FEA30704FE8327C4FD3E85EFF07FB1D6
:106FD000AA872324F4FE832784FE1B8707008D479E
:106FE00063E1E702971615009386469E036784FEC9
:106FF000BA878A07BA978A07B69783C71700A30785
:10700000F4FE8347F4FE3E85A270027445618280DF
:107010001301019E233C1160233881601304016237
:107020002334A49E232604FE97070100938707F1CB
:107030009C432324F4FE232204FEA30104FE233CEC
:1070400004FC8337849E89CB8337849E9C6B89C7DD
:107050008337849E9C4F99E381471DAC8337849E80
:107060009C6B233CF4FC8337849EDC433E85EFF02D
:107070005FA7AA872322F4FE832744FE1B8707000D
:107080008D4763EBE702036744FEBA878A07BA9726
:107090008A071717150013076793BA972338F4FC6C
:1070A0008337849E9C479B86A7FE1B870600930719
:1070B000F00563E8E71619A0FD57D9AA93970602D1
:1070C00081931397270097070100938767E7BA9783
:1070D0009C431B87070097070100938767E6BA97D1
:1070E00082878337849EDC433E868945033584FD51
:1070F000EF903FC1AA872326F4FE89A28337849E9E
:10710000DC431307849FBA853E85EFF03FBE9307AB
:10711000849FBE85033584FDEF90DFECAA8723268C
:10712000F4FE29AA8945033584FDEFA06FACAA8738
:107130002326F4FE21A28337849EDC433E85EFF0B4
:10714000DFB42324A4FE832584FE033584FDEFA051
:107150000FDBAA872326F4FED5A0930704FC3E8507
:10716000EFB04F84930704FC014681453E85EFB0A4
:10717000CF87930704FC014685453E85EFB0EF8637
:10718000930704FC014689453E85EFB00F8683379F
:1071900004FD03C71700930704FC3A868D453E851E
:1071A000EFB0AF84930704FCBE85033584FDEF90F8
:1071B0009F93AA872326F4FE51A08145033584FDC1
:1071C000EFA00FA3AA872326F4FE8DA8833704FD22
:1071D00083C71700A301F4FE834734FEBE85033541
:1071E00084FDEF90EFD9AA872326F4FE81A8833788
:1071F00004FD83D727008127BE85033584FDEFA0DA
:107200002F9FAA872326F4FE15A8833704FDDC47A9
:10721000BE85033584FDEFA08FCEAA872326F4FE1A
:1072200031A88337849E0947D8CF8337849E1307BC
:10723000000298D3FD572326F4FE01008327C4FEE5
:10724000812763C507048337849E9C473E87930745
:107250007005630DF7028337849E9C473E87930732
:1072600020086305F7028337849EDC473E87FD577D
:10727000630EF7008337849E0947D8CF8337849EF7
:107280001307200398D3FD572326F4FE8327C4FE5B
:107290003E85833081610334016113010162828084
:1072A0001301019F233411602330816013040161B5
:1072B000233CA49EA30704FE232404FE232204FEF1
:1072C0008337849F138707018337849F83A7475D94
:1072D0008127930604A03686BE853A85EF809FBE3F
:1072E000AA872322F4FE832744FE812763DF070059
:1072F0008337849F094723AEE75C8337849F130756
:10730000500223A0E75E814759A48337849F9C479E
:107310003E8793077005630EF7028337849F9C476F
:107320003E87930720086306F7028337849FDC4774
:107330003E87FD57630FF7008337849F094723AECD
:10734000E75C8337849F1307200323A0E75E814710
:107350003DAC8337849FDC433E85EFF08FF8AA87EE
:107360002324F4FE832784FE1B8707008D4763EBED
:10737000E702036784FEBA878A07BA978A07170766
:1073800015001307A764BA97233CF4FC8337849F46
:107390009C479B86A7FE1B8706009307F00563E5C5
:1073A000E71C19A08147E5A29397060281931397E2
:1073B0002700970701009387A7D0BA979C431B87A4
:1073C0000700970701009387A7CFBA978287834763
:1073D00024A03E8791476316F7068337849FD843DE
:1073E000832684A08337849F83C7875D3E86B685C6
:1073F0003A85EFF0BF81AA8789C78547A307F4FEC6
:1074000069A28337849F83C7875D3E879947631E40
:10741000F7008337849F094723AEE75C8337849F57
:107420001307800223A0E75E8DA28337849F09475C
:1074300023AEE75C8337849F1307500223A0E75EE7
:10744000A9A2A30704FE8337849F094723AEE75C04
:107450008337849F1307500223A0E75E3DA2833742
:10746000849F1387C75D8337849F9386075E930746
:1074700004A03A8685453E85EF60207AAA87A30757
:10748000F4FE8347F4FE93F7F70F638B070E034771
:1074900084A0833784FDA380E700DDA08337849F29
:1074A0001387C75D8337849F9386075E930704A085
:1074B0003A86A5453E85EF604076AA87A307F4FE8D
:1074C0008347F4FE93F7F70FD5CF832784A0139754
:1074D00007034193833784FD2391E70065A0833739
:1074E000849F1387C75D8337849F9386075E9307C6
:1074F00004A03A8691453E85EF602072AA87A307D3
:10750000F4FE8347F4FE93F7F70FBDCF832784A0E3
:10751000930500003E85EFA04054AA8763CC070086
:107520008337849FDC43032784A0BA853E85EFF030
:107530005FA099A8A30704FE8337849F094723AE61
:10754000E75C8337849F1307500223A0E75E2DA8D2
:107550008337849F094723AEE75C8337849F1307F3
:10756000800223A0E75E15A08337849F094723AEDE
:10757000E75C8337849F1307000223A0E75E31A0F6
:10758000010021A0010011A001008347F4FE3E8507
:107590008330816003340160130101618280011135
:1075A00022EC0010AA872326F4FE01006264056124
:1075B0008280797122F400182334A4FE2330B4FEB3
:1075C000233CC4FC833784FE81CB833784FE1707BA
:1075D0000100130727C798E3833704FE81CB833765
:1075E00004FE173701001307678298E3833784FD91
:1075F00089CB833784FD173701001307A78198E3F0
:1076000001000100227445618280011122EC00100A
:10761000AA872326F4FE8327C4FE1B870700914711
:1076200063E4E700854711A081473E8562640561F8
:107630008280411122E4000895473E852264410181
:107640008280011122EC0010AA872326F4FE8327F2
:10765000C4FE3E85626405618280011122EC001047
:1076600097470100938757F683C7070093C7170012
:1076700093F7F70FB1C3974701009387F7F40547D6
:107680002380E700232604FE05A0179707001307B1
:1076900067E18367C4FE8A07BA9723A007008327A0
:1076A000C4FE85272326F4FE8327C4FE1B8707001C
:1076B0009147E3FCE7FC0100010062640561828000
:1076C000797122F40018AA87232EF4FC954723260B
:1076D000F4FE8327C4FD1B870700914763E6E7009C
:1076E0008327C4FD2326F4FE8327C4FE3E8522742F
:1076F00045618280797106F422F00018AA87232E52
:10770000F4FC232604FE232404FE8327C4FD3E85C7
:10771000EFF01FFBAA872324F4FE832784FE1B8738
:107720000700914763E1E70417970700130787D71E
:10773000836784FE8A07BA979C432326F4FE179733
:1077400007001307A7D7836784FE8A07BA979C436D
:1077500099CB8327C4FE812789E785472326F4FE3A
:1077600019A0232604FE8327C4FE3E85A27002745E
:1077700045618280797106F422F00018AA87232ED1
:10778000F4FCA30704FE232404FE8327C4FD3E85E6
:10779000EFF01FF3AA872324F4FE832784FE1B87C0
:1077A0000700914763EDE70017470100130707E162
:1077B000836784FEBA9783C70700A307F4FE834755
:1077C000F4FE3E85A270027445618280797106F4F0
:1077D00022F00018AA87232EF4FCA30704FE8327B7
:1077E000C4FD3E85EFF0DFEDAA872324F4FE832756
:1077F00084FE1B870700914763EDE70017470100F0
:10780000130747DC836784FEBA9783C70700A30783
:10781000F4FE8347F4FE3E85A270027445618280C7
:10782000797106F422F00018AA87232EF4FC83272E
:10783000C4FD3E85EFF0DFE8AA872326F4FE832708
:10784000C4FE1B870700914763ECE7001747010060
:10785000130747D78367C4FEBA9723800700010048
:107860000100A270027445618280797106F422F0F1
:107870000018AA872338B4FC232EF4FCA30704FEC7
:10788000833704FDA1CF833704FD1307500598C348
:10789000833704FD7D57D8C3833704FD2384070055
:1078A000833704FD25472385E700833704FD23BC88
:1078B000075C8327C4FD3E85EFF0DFE3AA871B87C3
:1078C0000700833704FD98CB833704FD2380075ED0
:1078D000833704FD83B7875E2338F4FC833704FDC8
:1078E000C5CB833704FD1307F00698C3833704FD27
:1078F0007D57D8C3833704FD23840700833704FDF5
:1079000021472385E700833704FD23BC075C8337C9
:1079100004FDC1073E85EFA0FF88833704FDC10742
:10792000014681453E85EFA05F8C833704FDC1078A
:10793000014685453E85EFA05F8B833704FDC10777
:10794000014689453E85EFA05F8A8327C4FD3E85B9
:10795000EFF05FE2AA8791CB833704FDC1070546AC
:107960008D453E85EFA07F8809A8833704FDC107B8
:1079700001468D453E85EFA05F87833704FD238058
:10798000075E833704FD23B4075E8547A307F4FE33
:107990008347F4FE3E85A27002744561828079714E
:1079A00006F422F00018AA872E87232EF4FCBA874B
:1079B000232CF4FC232404FEA30704FE8327C4FD28
:1079C0003E85EFF0FFCFAA872324F4FE832784FEB1
:1079D0001B870700914763ECE7061797070013071B
:1079E000E7AD836784FE8A07BA979C4399CB8327C8
:1079F00084FD812789E78547232CF4FC19A0232CDB
:107A000004FC179707001307E7A9836784FE8A071A
:107A1000BA979843832784FD8127638CE700174733
:107A20000100130727BA836784FEBA9705472380AE
:107A3000E700179707001307E7A6836784FE8A0706
:107A4000BA97032784FD98C38547A307F4FE8347AD
:107A5000F4FE3E85A270027445618280797106F45D
:107A600022F00018AA872E87232EF4FCBA87A30DD4
:107A7000F4FC232604FE8327C4FD3E85EFF05FC49B
:107A8000AA872326F4FE8327C4FE1B87070091479D
:107A900063E7E70417470100130747B28367C4FE93
:107AA000BA9703C707008347B4FD93F7F70F638CBA
:107AB000E700174701001307E7B08367C4FEBA97D2
:107AC00005472380E70017470100130727AF8367A7
:107AD000C4FEBA970347B4FD2380E700010001000C
:107AE000A270027445618280797106F422F0001858
:107AF000AA872338B4FC232EF4FCA30704FE232416
:107B000004FE8327C4FD3E85EFF09FBBAA87232494
:107B1000F4FE832784FE1B870700914763EAE70290
:107B20008367C4FD3E8697F50000938525741795FD
:107B300007001305259AEFA0505D979507009385E0
:107B40006599033504FDEFA03FA1AA87A307F4FEC2
:107B50008347F4FE3E85A27002744561828079718C
:107B600006F422F00018AA87232EF4FC232604FE34
:107B7000232404FE8327C4FD3E85EFF07FB4AA874B
:107B80002324F4FE832784FE1B870700914763EDBF
:107B9000E7001797070013076792836784FE8A0739
:107BA000BA979C432326F4FE8327C4FE3E85A27029
:107BB000027445618280797106F422F00018AA8768
:107BC0002E87232EF4FCBA87232CF4FCA30704FE93
:107BD000232404FE8327C4FD3E85EFF07FAEAA87F1
:107BE0002324F4FE832784FE1B870700914763ED5F
:107BF000E700179707001307678C836784FE8A07DF
:107C0000BA97032784FD98C38347F4FE3E85A2708C
:107C10000274456182801301019F23341160233077
:107C2000816013040161233CA49E232604FE2330BB
:107C300004FEA30F04FC8337849F89CB8337849F82
:107C40009C6B89C78337849F9C4F99E38147D9AA4E
:107C50008337849F9C6B2330F4FE8337849F9C473B
:107C60009B8647FE1B8706009307300563E5E716F2
:107C70009397060281931397270097F70000938745
:107C80002760BA979C431B87070097F700009387EC
:107C9000275FBA9782878337849FDC433E868D4572
:107CA000033504FEEF90EF85AA872326F4FE89A210
:107CB0008337849FDC43130704A0BA853E85EFF029
:107CC000BFE2930704A0BE85033504FEEF908FB199
:107CD000AA872326F4FE29AA8D45033504FEEF90DA
:107CE0002FF1AA872326F4FE21A28337849FDC4349
:107CF0003E85EFF03FA0AA878127BE85033504FEAD
:107D0000EF900FEFAA872326F4FEDDA0930784FCF3
:107D10003E85EFA02FC9930784FC014681453E852F
:107D2000EFA0AFCC930784FC014685453E85EFA0CC
:107D3000CFCB930784FC014689453E85EFA0EFCA6F
:107D40008337849FDC433E85EFF0DFA2AA87A30F31
:107D5000F4FC0347F4FD930784FC3A868D453E8589
:107D6000EFA0AFC8930784FCBE85033504FEEF8007
:107D70009FD7AA872326F4FEA5A88145033504FED4
:107D8000EF900FE7AA872326F4FE9DA08337849FF8
:107D9000DC433E85EFF01F9EAA87A30FF4FC8347C8
:107DA000F4FDBE85033504FEEF809F9DAA87232640
:107DB000F4FE3DA88337849FDC433E85EFF03FDA35
:107DC000AA878127BE85033504FEEF906FE2AA875C
:107DD0002326F4FE31A88337849F0947D8CF833701
:107DE000849F1307000298D3FD572326F4FE010059
:107DF0008327C4FE812763C507028337849FDC473E
:107E00003E87FD57630EF7008337849F0947D8CF1D
:107E10008337849F1307200398D3FD572326F4FE4E
:107E20008327C4FE3E8583308160033401601301E3
:107E300001618280130101A0233C115E2338815E21
:107E4000130401602334A4A0A30704FE232404FE2A
:107E5000833784A013870701833784A083A7475DF6
:107E60008127930604A13686BE853A85EF808F85EB
:107E7000AA872324F4FE832784FE812763DF07007B
:107E8000833784A0094723AEE75C833784A01307B8
:107E9000500223A0E75E814775AA833784A0DC47A0
:107EA0003E87FD57630FF700833784A0094723AE51
:107EB000E75C833784A01307200323A0E75E814794
:107EC00051AA833784A09C479B8647FE1B870600E8
:107ED0009307300563EDE714939706028193139798
:107EE000270097F700009387A74EBA979C431B87FC
:107EF000070097F700009387A74DBA9782878337CB
:107F000084A01387C75D833784A09386075E930799
:107F100004A13A86A5453E85EF503050AA87A307B5
:107F2000F4FE8347F4FE93F7F70F638E0710832761
:107F300084A13E87854763ECE700833784A0DC4358
:107F4000032784A1BA853E85EFF07FA5EDA8A3079E
:107F500004FE833784A0094723AEE75C833784A0FF
:107F60001307500223A0E75EF9A8833784A0138784
:107F7000C75D833784A09386075E930704A13A8682
:107F800085453E85EF507049AA87A307F4FE8347D5
:107F9000F4FE93F7F70FD5CB833784A0DC43034778
:107FA00084A1BA853E85EFF07FAB45A0833784A0DE
:107FB0001387C75D833784A09386075E930704A168
:107FC0003A86A5453E85EF505045AA87A307F4FEA3
:107FD0008347F4FE93F7F70FBDCB832784A13E8739
:107FE000854763ECE700833784A0DC43032784A143
:107FF000BA853E85EFF03FBC99A8A30704FE8337FE
:1080000084A0094723AEE75C833784A0130750029E
:1080100023A0E75E2DA8833784A0094723AEE75C41
:10802000833784A01307800223A0E75E15A083375F
:1080300084A0094723AEE75C833784A013070002BE
:1080400023A0E75E31A0010021A0010011A00100E2
:108050008347F4FE3E858330815F0334015F130163
:1080600001608280797122F400182334A4FE233049
:10807000B4FE233CC4FC833784FE81CB833784FE6B
:1080800017F700001307074A98E3833704FE81CBF4
:10809000833704FE17F700001307C74B98E38337B5
:1080A00084FD89CB833784FD17270100130707D789
:1080B00098E301000100227445618280011122ECE5
:1080C0000010973701009387A75083C7070093C715
:1080D000170093F7F70FB5C7973701009387474FFE
:1080E00005472380E700232604FEA1A0232404FEE5
:1080F0002DA0178707001307E73F836784FE836679
:10810000C4FE9206B6978A07BA971307F00F98C372
:10811000832784FE85272324F4FE832784FE1B8780
:108120000700BD47E3F7E7FC8327C4FE8527232626
:10813000F4FE8327C4FE1B8707008D47E3F8E7FAA8
:1081400001000100626405618280011122EC0010CF
:10815000AA872326F4FE8327C4FE1B8707008D47CA
:1081600063E4E700854711A081473E8562640561AD
:108170008280411122E4000891473E85226441013A
:108180008280011122EC0010AA872326F4FE8327A7
:10819000C4FE3E85626405618280797122F4001814
:1081A000AA87232EF4FC91472326F4FE8327C4FDDF
:1081B0001B8707008D4763E6E7008327C4FD23265E
:1081C000F4FE8327C4FE3E85227445618280797166
:1081D00006F422F00018AA87232EF4FC232604FEBE
:1081E000232204FE232404FE8327C4FD3E85EFF0F2
:1081F000DFFAAA872322F4FE832744FE1B870700A9
:108200008D4763E3E706232404FE81A81787070050
:108210001307472E836784FE836644FE9206B69753
:108220008A07BA979C433E879307F00F6302F702D1
:10823000178707001307072C836784FE836644FEB5
:108240009206B6978A07BA979C432326F4FE29A87C
:10825000832784FE85272324F4FE832784FE1B873F
:108260000700BD47E3F4E7FA8327C4FE3E85A2700A
:10827000027445618280797106F422F00018AA87A1
:108280002338B4FC232EF4FCA30704FE8327C4FD8B
:108290001B8707008D4763EAE7028367C4FD3E86BC
:1082A00097F500009385052C178507001305853485
:1082B000EFA0A065978507009385C533033504FDBE
:1082C000EFA08FA9AA87A307F4FE8347F4FE3E859B
:1082D000A2700274456182801301019E233C1160EB
:1082E00023388160130401622334A49E232604FEF4
:1082F000232404FE232004FE232E04FC232C04FC50
:10830000232204FEA30B04FC233404FC8337849E45
:1083100089CB8337849E9C6B89C78337849E9C4F0F
:1083200099E3814729A98337849E9C6B2334F4FC0D
:108330008337849E9C479B86C7FF1B870600930755
:10834000B00663EFE73893970602819313972700EF
:1083500097F7000093874723BA979C431B87070032
:1083600097F7000093874722BA9782878337849EC6
:10837000DC433E869145033584FCEF809F98AA87B5
:108380002324F4FE9DAE8337849EDC431307049FB1
:10839000BA853E85EFF03FEE9307049FBE85033517
:1083A00084FCEF803FC4AA872324F4FEB9A691453C
:1083B000033584FCEF90CF83AA872324F4FE35AEE7
:1083C0008337849EDC433E85EFF07FE0AA8723203D
:1083D000F4FE832704FEBE85033584FCEF904F81B5
:1083E000AA872324F4FE11AE930784FB3E85EF9009
:1083F0007FDB930784FB014681453E85EF90FFDEDE
:10840000930784FB014685453E85EF901FDE930769
:1084100084FB014689453E85EF903FDD930784FB51
:1084200001468D453E85EF905FDC930784FBBE855A
:10843000033584FCEF802FEBAA872324F4FE75AC70
:108440008145033584FCEF80BFFAAA872324F4FE1C
:108450006DA48337849EDC433E85EFF01FD4AA874A
:10846000232CF4FC1737010013074716836784FD9C
:10847000BA9783C70700A30BF4FC834774FDBE853E
:10848000033584FCEF80CFAFAA872324F4FEB5A484
:108490008327C4FDBE85033584FCEF807FF5AA8762
:1084A0002324F4FE99AC8337849EDC4791EBC145CD
:1084B000033584FCEF803FE6AA872324F4FE35AC25
:1084C0008337849EDC473E87FD576313F70E83375F
:1084D000849EDC433E85EFF05FCCAA87232CF4FC1E
:1084E000232204FE75A8178707001307A7008367D8
:1084F00044FE836684FD9206B6978A07BA979C432A
:108500003E879307F00F631EF700832784FE03372F
:1085100084FCBA973E85EF804FAEAA872326F4FEEF
:1085200035A8178707001307E7FC836744FE8366B7
:1085300084FD9206B6978A07BA979C432320F4FEDF
:10854000832784FE033784FCBA97032704FEBA8589
:108550003E85EF80FFE9AA872326F4FE032784FEE9
:108560008327C4FEB99F81273E879307305C63CA87
:10857000E700032784FE8327C4FEB99F2324F4FE6B
:1085800019A88337849E1307600398D3F9572324CF
:10859000F4FE01009DA2832744FE85272322F4FEDA
:1085A000832744FE1B870700BD47E3FEE7F2B1A225
:1085B0008337849EDC433E85EFF03FBEAA87232CA1
:1085C000F4FC8337849EDC473E87C14763E8E708B5
:1085D0008337849EDC47FD37812717870700130701
:1085E00067F182178193836684FD9206B6978A07A6
:1085F000BA979C433E879307F00F631EF7008327CB
:1086000084FE033784FCBA973E85EF800F9FAA87CC
:108610002324F4FEDDA08337849EDC47FD378127C9
:1086200017870700130707ED82178193836684FD80
:108630009206B6978A07BA979C432320F4FE8327B5
:1086400084FE033784FCBA97032704FEBA853E856F
:10865000EF801FDAAA872324F4FE45A08337849E87
:108660000947D8CF8337849E1307A00298D3FD57BC
:108670002324F4FE59A0232004FE832704FEBE8594
:10868000033584FCEF80DFD6AA872324F4FEB5A04F
:108690009307049F97F50000938545EE3E85EF9084
:1086A000BFEB9307049FBE85033584FCEF809F9347
:1086B000AA872324F4FE91A09307049F97F5000056
:1086C000938545EC3E85EF903FE99307049FBE8577
:1086D000033584FCEF801F91AA872324F4FE31A880
:1086E0008337849E0947D8CF8337849E13070002BF
:1086F00098D3FD572324F4FE0100832784FE8127AD
:1087000063CD07028337849E9C473E87930770059D
:108710006305F7028337849EDC473E87FD57630E6F
:10872000F7008337849E0947D8CF8337849E130789
:10873000200398D3FD572324F4FE832784FE3E852F
:10874000833081610334016113010162828013016E
:10875000019F233411602330816013040161233CA5
:10876000A49EA30704FE232404FE232204FE9307F1
:10877000F00F2320F4FE232E04FC8337849F1387FD
:1087800007018337849F83A7475D8127930604A051
:108790003686BE853A85EF70EFF2AA87232EF4FC69
:1087A0008327C4FD812763DF07008337849F094740
:1087B00023AEE75C8337849F1307500223A0E75E54
:1087C000814771A48337849F9C473E879307700538
:1087D0006306F7028337849FDC473E87FD57630FAC
:1087E000F7008337849F094723AEE75C8337849F74
:1087F0001307200323A0E75E814791AC8337849F52
:108800009C479B86C7FF1B8706009307B00663EF54
:10881000E7209397060281931397270097F70000AC
:10882000938787F1BA979C431B87070097F700004F
:10883000938787F0BA978287834724A03E87A5470E
:108840006314F70C8337849F83C7875D2322F4FE6C
:10885000832744FE8127B5CB832744FE1B8707006F
:10886000C14763E4E706832744FE1B870700994757
:10887000630DF704832784A03E87854763E7E704F9
:10888000832784A02320F4FE8337849FDC433E8526
:10889000EFF0BF90AA872324F4FE832744FEFD3720
:1088A0002322F4FE178707001307C7C4836744FE1B
:1088B000836684FE9206B6978A07BA97032704FE5A
:1088C00098C38547A307F4FECDA8832744FE1B87E2
:1088D00007009947631EF7008337849F094723AE3B
:1088E000E75C8337849F1307800223A0E75E99AA81
:1088F0008337849F094723AEE75C8337849F130740
:10890000500223A0E75E3DAA8337849F1387C75D8B
:108910008337849F9386075E930704A03A86814538
:108920003E85EF50802FAA87A307F4FE8347F4FE0D
:1089300093F7F70F638807109307F00F2320F4FED7
:108940008337849FDC433E85EFF03F85AA8723244D
:10895000F4FE8337849F83C7875D2322F4FE832739
:1089600044FE81278DCF832744FE1B870700C14724
:1089700063E7E702832744FEFD372322F4FE1787CF
:108980000700130727B7836744FE836684FE9206B9
:10899000B6978A07BA97032704FE98C339A8A30796
:1089A00004FE8337849F094723AEE75C8337849FA7
:1089B0001307500223A0E75E71A069A08337849F4C
:1089C0001387C75D8337849F9386075E930704A050
:1089D0003A8685453E85EF504024AA87A307F4FEDA
:1089E0008347F4FE93F7F70FA5C38337849FDC43D7
:1089F0003E85EFF08FFAAA872324F4FE034784A074
:108A000097360100938686BC836784FEB6972380E1
:108A1000E7001DA88337849F094723AEE75C8337AF
:108A2000849F1307800223A0E75E05A08337849FFD
:108A3000094723AEE75C8337849F1307000223A016
:108A4000E75E21A0010011A001008347F4FE3E85EE
:108A50008330816003340160130101618280797188
:108A600022F400182334A4FE2330B4FE233CC4FCBB
:108A7000833784FE81CB833784FE17F7000013070A
:108A8000E7E698E3833704FE81CB833704FE17F7CC
:108A900000001307A7E798E3833784FD89CB83376A
:108AA00084FD171701001307E73798E30100010061
:108AB000227445618280011122EC00109737010079
:108AC000938717B183C7070093C7170093F7F70F72
:108AD000B5C7973701009387B7AF05472380E700F5
:108AE000232604FEA1A0232404FE2DA0178707003F
:108AF000130747B2836784FE8366C4FE9206B69767
:108B00008A07BA971307F00F98C3832784FE852737
:108B10002324F4FE832784FE1B870700BD47E3F769
:108B2000E7FC8327C4FE85272326F4FE8327C4FEA3
:108B30001B870700A547E3F8E7FA0100010062641C
:108B400005618280011122EC0010AA872326F4FE21
:108B50008327C4FE1B870700A54763E4E70085471A
:108B600011A081473E85626405618280411122E443
:108B70000008A9473E85226441018280011122EC50
:108B80000010AA872326F4FE8327C4FE3E85626474
:108B900005618280797122F40018AA87232EF4FCE3
:108BA000A9472326F4FE8327C4FD1B870700A5479A
:108BB00063E6E7008327C4FD2326F4FE8327C4FE73
:108BC0003E85227445618280797106F422F0001896
:108BD000AA87232EF4FC232604FE232204FE23244A
:108BE00004FE8327C4FD3E85EFF0DFFAAA87232227
:108BF000F4FE832744FE1B870700A54763E3E706CF
:108C0000232404FE81A8178707001307A7A0836702
:108C100084FE836644FE9206B6978A07BA979C4301
:108C20003E879307F00F6302F702178707001307C9
:108C3000679E836784FE836644FE9206B6978A0722
:108C4000BA979C432326F4FE29A8832784FE852710
:108C50002324F4FE832784FE1B870700BD47E3F42B
:108C6000E7FA8327C4FE3E85A270027445618280C4
:108C7000797106F422F00018AA872338B4FC232E59
:108C8000F4FCA30704FE8327C4FD1B870700A54748
:108C900063EAE7028367C4FD3E8697F5000093858B
:108CA000E5C7178507001305E5BFEF9010469785C8
:108CB0000700938525BF033504FDEF90FF89AA8740
:108CC000A307F4FE8347F4FE3E85A270027445615B
:108CD0008280797106F422F00018AA87232EF4FC12
:108CE000232404FEA30704FE8327C4FD3E85EFF082
:108CF0007FEAAA872324F4FE832784FE1B870700CC
:108D0000A54763EDE700178707001307A7B8836738
:108D100084FEBA9783C70700A307F4FE8347F4FED7
:108D20003E85A270027445618280797106F422F05A
:108D30000018AA872E87232EF4FCBA87A30DF4FC13
:108D4000232604FE8327C4FD3E85EFF0BFE4AA87F7
:108D50002326F4FE8327C4FE1B870700A54763ED87
:108D6000E700178707001307E7B28367C4FEBA97C7
:108D70000347B4FD2380E7000100A270027445613F
:108D800082801301019E233C11602338816013040B
:108D900001622334A49E232604FE232404FE232000
:108DA00004FE232E04FC232204FEA30D04FC23381E
:108DB00004FC8337849E89CB8337849E9C6B89C750
:108DC0008337849E9C4F99E3814775A68337849EA1
:108DD0009C6B2338F4FC8337849E9C479B8647FE1C
:108DE0001B8706009307300563E8E7329397060276
:108DF00081931397270097F70000938767B3BA977B
:108E00009C431B87070097F70000938767B2BA97C8
:108E100082878337849EDC433E869545033504FD77
:108E2000EF703FEEAA872324F4FE21A68337849EA9
:108E3000DC431307849FBA853E85EFF07FE39307F9
:108E4000849FBE85033504FDEF80CF99AA87232434
:108E5000F4FEC5A49545033504FDEF806FD9AA87BC
:108E60002324F4FEF9A48337849EDC433E85EFF08F
:108E7000BFD5AA872320F4FE832704FEBE850335D1
:108E800004FDEF80EFD6AA872324F4FE5DA49307A8
:108E900004FC3E85EF900FB1930704FC0146814529
:108EA0003E85EF908FB4930704FC014685453E85CF
:108EB000EF90AFB3930704FC014689453E85EF90E0
:108EC000CFB28337849EDC433E85EFF09FE0AA87D4
:108ED000A30DF4FC0347B4FD930704FC3A868D45CB
:108EE0003E85EF908FB0930704FCBE85033504FDEB
:108EF000EF707FBFAA872324F4FE25AC814503359C
:108F000004FDEF80EFCEAA872324F4FE1DA483374F
:108F1000849EDC433E85EFF0DFDBAA87A30DF4FCE3
:108F20008347B4FDBE85033504FDEF707F85AA87B6
:108F30002324F4FEFDAA8337849EDC4791EBC145D0
:108F4000033504FDEF802FBDAA872324F4FED5A2AC
:108F50008337849EDC473E87FD576313F70E8337C4
:108F6000849EDC433E85EFF0FFC2AA87232EF4FCEB
:108F7000232204FE75A8177707001307A7698367E4
:108F800044FE8366C4FD9206B6978A07BA979C434F
:108F90003E879307F00F631EF700832784FE033795
:108FA00004FDBA973E85EF705F85AA872326F4FEFD
:108FB00035A8177707001307E765836744FE8366C4
:108FC000C4FD9206B6978A07BA979C432320F4FE05
:108FD000832784FE033704FDBA97032704FEBA856E
:108FE0003E85EF80EFC0AA872326F4FE032784FE88
:108FF0008327C4FEB99F81273E879307305C63CAED
:10900000E700032784FE8327C4FEB99F2324F4FED0
:1090100019A88337849E1307600398D3F957232434
:10902000F4FE010039A2832744FE85272322F4FEA3
:10903000832744FE1B870700BD47E3FEE7F2D5A860
:109040008337849EDC433E85EFF0DFB4AA87232E6E
:10905000F4FC8337849EDC473E87C14763E4E7081E
:109060008337849EDC47177707001307A75A8217B8
:1090700081938366C4FD9206B6978A07BA979C438C
:109080003E879307F00F631EF700832784FE0337A4
:1090900004FDBA973E85EF704FF6AA872324F4FEAD
:1090A00049A88337849EDC47177707001307875644
:1090B000821781938366C4FD9206B6978A07BA9792
:1090C0009C432320F4FE832784FE033704FDBA97D4
:1090D000032704FEBA853E85EF808FB1AA8723243B
:1090E000F4FE81A88337849E0947D8CF8337849EB6
:1090F0001307A00298D3FD572324F4FE1DA82320B4
:1091000004FE832704FEBE85033504FDEF804FAEC9
:10911000AA872324F4FE31A88337849E0947D8CF39
:109120008337849E1307000298D3FD572324F4FE4F
:109130000100832784FE812763CD07028337849E45
:109140009C473E87930770056305F7028337849E2B
:10915000DC473E87FD57630EF7008337849E09473F
:10916000D8CF8337849E1307200398D3FD57232439
:10917000F4FE832784FE3E858330816103340161E0
:109180001301016282801301019F23341160233097
:10919000816013040161233CA49EA30704FE2324E1
:1091A00004FE232204FE9307F00F2320F4FE232E57
:1091B00004FC8337849F138707018337849F83A729
:1091C000475D8127930604A03686BE853A85EF6009
:1091D0007FCFAA87232EF4FC8327C4FD812763DF7A
:1091E00007008337849F094723AEE75C8337849F5A
:1091F0001307500223A0E75E81479DAC8337849F0D
:109200009C473E87930770056306F7028337849F68
:10921000DC473E87FD57630FF7008337849F09477C
:1092200023AEE75C8337849F1307200323A0E75E08
:1092300081473DAC8337849F9C479B8647FE1B87B5
:1092400006009307300563E4E720939706028193B5
:109250001397270097F7000093878782BA979C435C
:109260001B87070097F7000093878781BA9782874B
:10927000834724A03E87A5476314F70C8337849F58
:1092800083C7875D2322F4FE832744FE8127B5CB65
:10929000832744FE1B870700C14763E4E706832753
:1092A00044FE1B8707009947630DF704832784A0BA
:1092B0003E87854763E7E704832784A02320F4FEE5
:1092C0008337849FDC433E85EFF0DF8CAA8723241D
:1092D000F4FE832744FEFD372322F4FE17770700B0
:1092E00013074733836744FE836684FE9206B6976E
:1092F0008A07BA97032704FE98C38547A307F4FE9D
:10930000CDA8832744FE1B8707009947631EF700FB
:109310008337849F094723AEE75C8337849F130715
:10932000800223A0E75E81A28337849F094723AE92
:10933000E75C8337849F1307500223A0E75E25A2D2
:109340008337849F1387C75D8337849F9386075E27
:10935000930704A03A8681453E85EF40100CAA870A
:10936000A307F4FE8347F4FE93F7F70F638D070E10
:109370009307F00F2320F4FE8337849FDC433E8560
:10938000EFF05F81AA872324F4FE8337849F83C78D
:10939000875D2322F4FE832744FE81278DCF832718
:1093A00044FE1B870700C14763E7E702832744FEAB
:1093B000FD372322F4FE177707001307A7258367DD
:1093C00044FE836684FE9206B6978A07BA970327FF
:1093D00004FE98C339A8A30704FE8337849F094776
:1093E00023AEE75C8337849F1307500223A0E75E18
:1093F0009DA895A88337849F1387C75D8337849F73
:109400009386075E930704A03A8685453E85EF4024
:10941000D000AA87A307F4FE8347F4FE93F7F70F63
:10942000A9C78337849FDC43034784A0BA853E8560
:10943000EFF0BF8F1DA88337849F094723AEE75CF9
:109440008337849F1307800223A0E75E05A083373C
:10945000849F094723AEE75C8337849F130700028C
:1094600023A0E75E21A0010011A001008347F4FEC4
:109470003E85833081600334016013010161828085
:10948000797122F40018AA87232EF4FC233404FEF9
:1094900097270100938787A52334F4FE15A083370F
:1094A00084FE98438327C4FD81276395E7008337B3
:1094B00084FE05A0833784FE938787072334F4FE58
:1094C000833784FE9C433E879307F03FE3F9E7FC34
:1094D00081473E85227445618280797106F422F0CD
:1094E0000018AA872E872338C4FC232EF4FCBA87E1
:1094F000232CF4FC233404FE833704FD23B007003F
:10950000833704FD23B80700833704FD23B0070227
:109510008327C4FD3E85EFF0BFF62334A4FE8337D6
:1095200084FE9DC7833784FEBC639DC3833784FE5E
:1095300003B80704033704FD833704FD938607014E
:10954000833704FD938707023E86B6853A850298E5
:10955000833704FD9C6391CB833704FD9C633E8578
:10956000EFA0BFA8AA87812711A08147033704FD78
:109570001CC7833704FD9C6B91CB833704FD9C6B28
:109580003E85EFA09FA6AA87812711A081470337B8
:1095900004FD1CCF833704FD9C7391CB833704FDFE
:1095A0009C733E85EFA07FA4AA87812711A08147E5
:1095B000033704FD1CD70100A2700274456182804C
:1095C000797122F400182334A4FE2330B4FE233C26
:1095D000C4FC833784FE81CB833784FE17E7000009
:1095E0001307476598E3833704FE81CB833704FE76
:1095F00017E700001307876998E3833784FD89CB59
:10960000833784FD171701001307478298E3010091
:109610000100227445618280411122E400088547DF
:109620003E85226441018280011122EC0010AA874C
:109630002326F4FE938781849C433E856264056102
:109640008280411122E40008938781849C433E85F7
:10965000226441018280797106F422F00018AA8701
:10966000232EF4FC8547A307F4FE8327C4FD1B8744
:109670000700B7074000637AF700938781840327C8
:10968000C4FD98C3EF00803019A0A30704FE8347F0
:10969000F4FE3E85A270027445618280011122ECC5
:1096A0000010AA872326F4FE93878184984383279A
:1096B000C4FE8127998F93B7170093F7F70F3E8564
:1096C000626405618280797106F422F00018AA872D
:1096D0002338B4FC232EF4FCA30704FE9387818473
:1096E00098438327C4FD8127639DE7009775070092
:1096F0009385451D033504FDEF801FEAAA87A30764
:10970000F4FE8347F4FE3E85A270027445618280B8
:10971000797106F422F00018233CA4FCA30704FE90
:10972000833584FD177507001305C519EF80FFEB1E
:10973000AA8793C7170093F7F70F91CF833584FD5E
:109740001775070013050518EF801FE5AA87A30703
:10975000F4FEEF00A0238347F4FE3E85A27002745E
:1097600045618280797122F40018AA872E87232E02
:10977000F4FCBA87A30DF4FC232604FE8347B4FD52
:1097800093F7F70FA9C38327C4FD1B8707009147F1
:1097900063FAE7008327C4FD1B8707009547630B27
:1097A000F70029A8972701009387C7E20327C4FD84
:1097B00098C39DA0F9572326F4FEB9A8FD57232688
:1097C000F4FE010091A88327C4FD1B87070095477D
:1097D00063E0E7048367C4FD1397270097E7000061
:1097E0009387C74CBA979C431B87070097E70000F5
:1097F0009387C74BBA97828797270100938787DDA6
:109800000327C4FD98C309A8F9572326F4FE29A00D
:10981000FD572326F4FE01008327C4FE3E852274F3
:1098200045618280411122E400089387818583D7B6
:1098300007003E85226441018280011122EC001064
:10984000AA872317F4FE938781850357E4FE2390AC
:10985000E7000100626405618280797106F422F0FC
:109860000018233CA4FC2338B4FCA30704FE0337F0
:1098700004FD9D4763E7E702938701869C630336F7
:1098800004FD833584FD3E85EF8030239387018678
:109890009863833704FDBA97238007008547A307A1
:1098A000F4FE8347F4FE3E85A27002744561828017
:1098B000797106F422F00018233CA4FC2338B4FC90
:1098C000A30704FE033704FD9D4763E7E702938780
:1098D00081879C63033604FD833584FD3E85EF80DC
:1098E000D01D938781879863833704FDBA972380BF
:1098F00007008547A307F4FE8347F4FE3E85A27068
:10990000027445618280797106F422F00018233CCC
:10991000A4FC2338B4FCA30704FE033704FD9D47D1
:1099200063E7E702938701879C63033604FD833571
:1099300084FD3E85EF807018938701879863833795
:1099400004FDBA97238007008547A307F4FE8347E9
:10995000F4FE3E85A270027445618280411122E4CA
:10996000000885473E85226441018280411122E43E
:109970000008CD473E85226441018280411122E4E6
:1099800000088D473E85226441018280411122E416
:10999000000897270100938727C49C4385271B87CE
:1099A000070097270100938727C398C3010022640B
:1099B00041018280011106EC22E80010232604FEFA
:1099C000233004FE97170100938747522330F4FE9B
:1099D00035A0833704FE9C6B81CF833704FE9C6BDC
:1099E0008297AA8781270327C4FEB99F2326F4FE06
:1099F000833704FE938787072330F4FE833704FE02
:109A00009C433E879307F03FE3F5E7FC8327C4FEC2
:109A10003E85E2604264056182805D7186E4A2E079
:109A20008008AA872330B4FC233CC4FA2326F4FC24
:109A3000A30704FE232404FE232204FE232004FEA5
:109A4000233C04FC8327C4FC812781E78347F4FE81
:109A5000CDA88327C4FCFD372322F4FE971701000D
:109A60009387C748233CF4FCD9A0833784FD9C6BC3
:109A7000CDCB032744FE832784FEBB07F740232278
:109A8000F4FE833784FD9C6B8297AA872324F4FE1F
:109A9000032744FE832784FE012781276373F70889
:109AA000833784FDBC6BA9C3833784FDBC6B7D55B4
:109AB0008297AA872320F4FE05A0833784FDB86B24
:109AC000832704FE3E850297AA872320F4FE83277E
:109AD00044FEFD372322F4FE832744FE8127F1FF55
:109AE000832704FE2322F4FE833784FD9C6F95CBED
:109AF000833784FD9C431B870700833704FC98C38E
:109B0000833784FD986F832744FE3E850297AA879A
:109B10001B870700833784FB98C38547A307F4FEA0
:109B200039A8833784FD93878707233CF4FC833768
:109B300084FD9C433E879307F03FE3F8E7F28347B9
:109B4000F4FE3E85A6600664616182801301019E79
:109B5000233C11602338816013040162233CA49EDE
:109B60002338B49E2334C49EA30704FE232A04FC96
:109B7000232204FE232404FEA30104FE233C04FC50
:109B8000EFF05FE3AA872322F4FE85472324F4FE47
:109B90004DA0930604FD130744FD832784FE3686FB
:109BA000BA853E85EFF07FE7AA87A301F4FE8347DD
:109BB00034FE93F7F70FADCB832744FD81273E8515
:109BC000EFF01F8C233CA4FC833784FDB1CF833797
:109BD00084FD9C77B1CB833784FD9477832704FD84
:109BE000130784A0BA853E858296AA8795CF9307EE
:109BF00084A0BE850335849FEF803F9FAA878DC7D1
:109C00008547A307F4FE8337049F91C7032744FDCC
:109C10008337049F98C38337849E8DC7032704FD31
:109C20008337849E98C339A8832784FE85272324FD
:109C3000F4FE032784FE832744FE01278127E3FAED
:109C4000E7F411A001008347F4FE3E858330816173
:109C5000033401611301016282801301019C233CE2
:109C60001162233881622334916213040164233426
:109C7000A49C232E04FC232604FC232C04FC232E6A
:109C8000049C232C049C232404FC233004FC233850
:109C900004FCA30F04FA8337849C89CB8337849C0C
:109CA0009C6B89C78337849C9C4F99E38147B1A300
:109CB0008337849C9C6B2330F4FC8337849C9C47C3
:109CC0009B8657FF1B8706009307000963E7E74C55
:109CD0009397060281931397270097E700009387D5
:109CE00067FEBA979C431B87070097E7000093879E
:109CF00067FDBA978287938781849C433E86A145FE
:109D0000033504FCEF60FFFFAA87232EF4FC65A156
:109D100097750700938505BB033504FCEF708FAC86
:109D2000AA87232EF4FC41A9A145033504FCEF705A
:109D30002FECAA87232EF4FCBDA993878187986313
:109D40009307049EBA853E85EF801F819307049E8A
:109D5000BE85033504FCEF70EFA8AA87232EF4FC20
:109D600099A9972701009387E7869C43BE85033511
:109D700004FCEF70EFE7AA87232EF4FC2DA993874C
:109D8000018598639307049EBA853E85EF80CFFCDA
:109D90009307049EBE85033504FCEF70AFA4AA8729
:109DA000232EF4FC09A99387818583D70700812797
:109DB000BE85033504FCEF700FD6AA87232EF4FC72
:109DC000DDAE9387018698639307049EBA853E852E
:109DD000EF808FF89307049EBE85033504FCEF7077
:109DE0006FA0AA87232EF4FCF9A6938701849863B9
:109DF0009307049EBA853E85EF800FF69307049E75
:109E0000BE85033504FCEF70EF9DAA87232EF4FC7A
:109E10005DA69387818698639307049EBA853E85E5
:109E2000EF808FF39307049EBE85033504FCEF702B
:109E30006F9BAA87232EF4FCBDAE9387018798639E
:109E40009307049EBA853E85EF800FF19307049E29
:109E5000BE85033504FCEF70EF98AA87232EF4FC2F
:109E600099AEEFF0BFAFAA878127BE85033504FC0A
:109E7000EF706FCAAA87232EF4FC35AEEFF01FAF48
:109E8000AA878127BE85033504FCEF70CFC8AA8757
:109E9000232EF4FC0DA6930784FA3E85EF808FB045
:109EA000232C04FC05A8832784FD93F4F70F832754
:109EB00084FD3E85EF50EFAAAA873E87930784FA78
:109EC0003A86A6853E85EF804FB2832784FD85279D
:109ED000232CF4FC832784FD1B8707009307B00223
:109EE000E3F3E7FC930784FABE85033504FCEF60D7
:109EF0009FBFAA87232EF4FC7DAC930784FA3E858E
:109F0000EF804FAA232C04FC0DA0832784FD13F7B8
:109F1000F70F930784FA0146BA853E85EF80EFACD0
:109F2000832784FD8527232CF4FC832784FD1B874E
:109F300007009307B003E3FAE7FC97170100938744
:109F4000E7FA2338F4FC35A8833704FD9C6B85C7FA
:109F5000833704FD9C6B8297AA87812789CF83373B
:109F600004FD9C4313F7F70F930784FA0546BA855F
:109F70003E85EF808FA7833704FD938787072338BB
:109F8000F4FC833704FD9C433E879307F03FE3FDD9
:109F9000E7FA930784FABE85033504FCEF60BFB48B
:109FA000AA87232EF4FC01ACEFF0DFA0AA872324BC
:109FB000F4FC8337849CDC4781EF832784FCBE85D7
:109FC000033504FCEF702FB5AA87232EF4FCE5A21D
:109FD0008337849CDC473E87FD576317F70C854722
:109FE000232CF4FC4DA89306849D1307C49D83275E
:109FF00084FD3686BA853E85EFF03FA2AA87A30F7F
:10A00000F4FA8347F4FB93F7F70FADC78327C4FD3A
:10A01000033704FCBA970327C49D8326849D3686A4
:10A02000BA853E85EF60FFCDAA872326F4FC03277F
:10A03000C4FD8327C4FCB99F232EF4FC032784FDB1
:10A04000832784FC012781276302F7040327C4FDCB
:10A050008327C4FCB99F81273E879307305C63D771
:10A06000E7028337849C1307600398D3F957232EA4
:10A07000F4FC51A88337849C1547D8CF8337849C40
:10A0800023A00702FD57232EF4FCB5A8832784FDE7
:10A090008527232CF4FC032784FD832784FC0127D8
:10A0A0008127E3F2E7F401AA8337849CDC47930617
:10A0B000849D1307C49D3686BA853E85EFF0FF95D3
:10A0C000AA87A30FF4FA8347F4FB93F7F70F99CF0E
:10A0D0008327C49D0327849D3A86BE85033504FCEF
:10A0E000EF603FC2AA87232EF4FCF1A08337849C43
:10A0F0000947D8CF8337849C1307A00298D3FD5714
:10A10000232EF4FC4DA845A89305405C033504FCC0
:10A11000EF706FA0AA87232EF4FC71A8EFF01F86C2
:10A12000AA878127BE85033504FCEF706FACAA8730
:10A13000232EF4FC49A0EF500FB1AA878127BE85DA
:10A14000033504FCEF702F9DAA87232EF4FCA5A0F5
:10A15000EF50CFB2AA878127BE85033504FCEF708C
:10A160008F9BAA87232EF4FCB9A09305405C03358E
:10A1700004FCEF40DFA0AA87232EF4FC2DA897173C
:10A180000100938767459C43BE85033504FCEF704F
:10A190008F98AA87232EF4FC39A88337849C09471B
:10A1A000D8CF8337849C1307000298D3FD57232E02
:10A1B000F4FC11A001008327C4FD812763CD0702B1
:10A1C0008337849C9C473E879307C0046305F7024E
:10A1D0008337849CDC473E87FD57630EF700833747
:10A1E000849C0947D8CF8337849C1307200398D3D6
:10A1F000FD57232EF4FC8327C4FD3E858330816305
:10A2000003340163833481621301016482807971B4
:10A2100006F422F00018233CA4FCFD572326F4FE8C
:10A22000233004FE833784FD0547D8CF833784FD70
:10A230007D4798D3833784FD9C433E85EFF04FA440
:10A240002330A4FE833704FEB1C7833704FE9C731A
:10A250008DCB833704FE9873833784FDDC433E85C2
:10A260000297AA8799CF833704FE9C7B85CF8337DB
:10A2700004FE9C7B033584FD8297AA872326F4FE87
:10A2800015A0833784FD0547D8CF833784FD7D47EC
:10A2900098D309A8833784FD0547D8CF833784FD39
:10A2A0007D4798D38327C4FE3E85A2700274456122
:10A2B00082801301019E233C116023388160233486
:10A2C0009160130401622334A49EA30F04FC232C89
:10A2D00004FC232A049E2328049E232A04FC83379B
:10A2E000849E138707018337849E83A7475D812758
:10A2F0009306849F3686BE853A85EF50BFBCAA87F9
:10A30000232CF4FC832784FD812763DF0700833738
:10A31000849E094723AEE75C8337849E130750026F
:10A3200023A0E75E8147B1A98337849E9C473E877F
:10A330009307C0046306F7028337849EDC473E8799
:10A34000FD57630FF7008337849E094723AEE75C10
:10A350008337849E1307200323A0E75E814715A15E
:10A360008337849E9C479B8657FF1B870600930775
:10A37000100C63E9E73C939706028193139727003B
:10A3800097E70000938747B8BA979C431B8707005D
:10A3900097E70000938747B7BA9782878337849EF1
:10A3A0001387C75D8337849E9386075E9307849FD8
:10A3B0003A86B1453E85EF305006AA87A30FF4FCDC
:10A3C0008347F4FD93F7F70F638A0738835704A098
:10A3D0001B870700A1476319F700832744A03E8528
:10A3E000EFF06FA7AA8799EFA30F04FC8337849E31
:10A3F000094723AEE75C8337849E1307500223A0EE
:10A40000E75EA9AEA1AE8337849E1387C75D83370D
:10A41000849E9386075E9307849F3A8689453E858E
:10A42000EF30A07FAA87A30FF4FC8347F4FD93F7D6
:10A43000F70F63870732832704A093F7F70F3E8552
:10A44000EF502F8531AE8337849E1387C75D8337E6
:10A45000849E9386075E9307849F3A8689453E854E
:10A46000EF30A07BAA87A30FF4FC8347F4FD93F79A
:10A47000F70F6389072E832704A0C217C1933E8577
:10A48000EF40DFFDC5A48337849E1387C75D833704
:10A49000849E9386075E9307849F3A8689453E850E
:10A4A000EF30A077AA87A30FF4FC8347F4FD93F75E
:10A4B000F70F638B072A832704A0C217C1933E8539
:10A4C000EFF0AFB755A48337849E1387C75D8337FA
:10A4D000849E9386075E9307849F3A86A5453E85B2
:10A4E000EF30A073AA87A30FF4FC8347F4FD93F722
:10A4F000F70F638D0726832704A081453E85EFF083
:10A500006FA6AA872328F4FC832704FD8127638F85
:10A510000724A30F04FC8337849E094723AEE75C1E
:10A52000832704FD1B870700FD576319F700833756
:10A53000849E1307500223A0E75E0DAC8337849EF0
:10A540001307D00223A0E75E15A4176507001305C3
:10A550006537EF80EF9BAA879B8507008337849E32
:10A560009386C75D8337849E1387075E9307849F16
:10A5700001463E85EF30805AAA87A30FF4FC83473B
:10A58000F4FD93F7F70F6385071E9306049F1307E7
:10A59000449F9307849FA1073686BA853E85EFF0D6
:10A5A000EFDAAA87B1C38337849E98438327449FF9
:10A5B0008127631DF7008337849ED8438327049F38
:10A5C0006316F7008547A30FF4FC5DA2A30F04FCFC
:10A5D0008337849E094723AEE75C8337849E130745
:10A5E000000323A0E75E69A29307849FA1073E852D
:10A5F000EFF00F92B5AA8337849E9386C75D8337A9
:10A60000849E1387075E9307849F05469305000485
:10A610003E85EF30A050AA87A30FF4FC8347F4FDDA
:10A6200093F7F70F638807149307849FA1073E856C
:10A63000EF80CF88AA849307849FA1073E85EF808F
:10A640008F8AAA87BE852685EFF0EFAB25A28337D8
:10A65000849E9386C75D8337849E1387075E930726
:10A66000849F0546930500043E85EF30204BAA8762
:10A67000A30FF4FC8347F4FD93F7F70F638E070EE7
:10A680009307849FA1073E85EF804F83AA84930799
:10A69000849FA1073E85EF800F85AA87BE8526850A
:10A6A000EFF00FA1D1A88337849E9386C75D8337CF
:10A6B000849E1387075E9307849F054693050002D7
:10A6C0003E85EF30A045AA87A30FF4FC8347F4FD35
:10A6D00093F7F70FC5C79307849FA1073E85EF70D7
:10A6E000FFFDAA849307849FA1073E85EF70BFFFFB
:10A6F000AA87BE852685EFF04F9649A08337849EB2
:10A70000094723AEE75C8337849E1307000223A02A
:10A71000E75EB5A08337849E094723AEE75C8337A5
:10A72000849E1307000223A0E75E91A88337849ECE
:10A73000094723AEE75C8337849E1307800223A07A
:10A74000E75E35A88337849E094723AEE75C8337ED
:10A75000849E1307000223A0E75E15A0010005A058
:10A76000010031A8010021A8010011A8010001A8E1
:10A77000010031A0010021A0010011A001008347C8
:10A78000F4FD3E858330816103340161833481604F
:10A79000130101628280797106F422F00018233CD3
:10A7A000A4FC233404FE97D500009385A5471765C4
:10A7B000070013052511EF703FDA97070100938713
:10A7C000E7722334F4FE39A8833784FE9C6789C777
:10A7D000833784FE9C678297833784FE938787073D
:10A7E0002334F4FE833784FE9C433E879307F03F77
:10A7F000E3FCE7FC0100A27002744561828079717C
:10A8000022F40018233CA4FC2338B4FCA30704FE64
:10A81000833784FD9C47BE861307A0076389E6063D
:10A82000BE861307A007636AD702BE867947638E88
:10A83000E606BE8679476367D7003E87954763087B
:10A84000F7044DA0BE86130770036382E6043E87BB
:10A8500093074007630DF70271A0BE861307B00A85
:10A86000636DD700BE861307A00A63F2E6023E8737
:10A8700093078009630AF704B5A0BE861307A00CEE
:10A880006387E6003E879307E00C631DF704833778
:10A8900004FD054798C3833784FD0947F8C783370C
:10A8A00084FD13070002B8CBB9A0833704FD054728
:10A8B00098C3833704FD1747FFFF1307074298E744
:10A8C0008547A307F4FE05A8833704FD054798C311
:10A8D000833784FD0947F8C7833784FD13070002D7
:10A8E000B8CB11A8833784FD1547F8C7833784FD9B
:10A8F0005947B8CB01008347F4FE3E852274456179
:10A900008280397106FC22F88000AA872338B4FCC3
:10A910002334C4FC2330D4FC232EF4FC232604FE71
:10A92000833704FD81CB833704FD17E7000013074D
:10A93000678E98E3833784FCD9C78327C4FD3E859F
:10A94000EF00001DAA872326F4FE8327C4FE81277B
:10A95000BDEB17D714001307670C8366C4FE93077B
:10A96000800AB387F602BA9783C727018127BE867C
:10A9700015476382E602BE8625476386E6023E8768
:10A980008947631AF702833784FC17E7000013072F
:10A99000E78C98E315A8833784FC17E700001307BA
:10A9A000678D98E315A0833784FC17E70000130731
:10A9B000678F98E311A8833784FC17E7000013071B
:10A9C000E78898E311A00100833704FC89CB833723
:10A9D00004FC17F700001307E74598E301000100A6
:10A9E000E270427421618280797106F422F00018CD
:10A9F0002334A4FE2330B4FE233CC4FC97D71400B8
:10AA00009387C7019C43833684FD033604FE833558
:10AA100084FE3E85EFF0FFEE0100A27002744561F6
:10AA20008280797106F422F00018AA872338B4FCDA
:10AA3000232EF4FC232404FEA30704FE8327C4FD75
:10AA40003E85EF00E00CAA872324F4FE832784FED2
:10AA500081278DE717D71400130747FC836684FE10
:10AA60009307800AB387F602BA979C67BE850335C1
:10AA700004FDEF707FAEAA87A307F4FE8347F4FEC0
:10AA80003E85A270027445618280797106F422F0DD
:10AA90000018AA87232EF4FC232604FE8327C4FD76
:10AAA0003E85EF00E006AA872326F4FE8327C4FE36
:10AAB000812799E3854711A081473E85A2700274E2
:10AAC00045618280411122E4000885473E85226469
:10AAD00041018280011122EC0010AA872326F4FE96
:10AAE0008327C4FE812791EF17D71400130707F3BC
:10AAF0008366C4FE9307800AB387F602BA979C4325
:10AB000021A0B7074000FD173E8562640561828081
:10AB1000797122F40018AA87232EF4FC232604FE60
:10AB2000232604FE15A817D71400130727EF836602
:10AB3000C4FE9307800AB387F602BA979843832727
:10AB4000C4FD81276395E7008327C4FE19A88327E6
:10AB5000C4FE85272326F4FE8327C4FE8127E1D780
:10AB600085473E85227445618280797106F422F022
:10AB70000018AA87232EF4FCA30704FE232404FE56
:10AB80008327C4FD3E85EFF0BFF8AA872324F4FE97
:10AB9000832784FE81278DE317D71400130707E866
:10ABA000836684FE9307800AB387F602BA979C6B8C
:10ABB000A183858BA307F4FE8347F4FE3E85A27034
:10ABC000027445618280797106F422F00018AA8728
:10ABD000232EF4FC232604FE232404FE8327C4FD35
:10ABE0003E85EFF0FFF2AA872324F4FE832784FE3C
:10ABF000812785E317D71400130747E2836684FE95
:10AC00009307800AB387F602BA9783C70701232602
:10AC1000F4FE8327C4FE3E85A270027445618280E3
:10AC2000797106F422F00018AA87232EF4FCA147BC
:10AC3000A307F4FE232404FE8327C4FD3E85EFF022
:10AC40003FEDAA872324F4FE832784FE812785E332
:10AC500017D71400130787DC836684FE9307800AE6
:10AC6000B387F602BA9783C72701A307F4FE834789
:10AC7000F4FE3E85A270027445618280797106F40B
:10AC800022F00018AA87232EF4FC231704FE2324A5
:10AC900004FE8327C4FD3E85EFF09FE7AA872324A7
:10ACA000F4FE832784FE812785E317D7140013075A
:10ACB000E7D6836684FE9307800AB387F602BA97C5
:10ACC00083D747012317F4FE8357E4FE3E85A27025
:10ACD000027445618280797106F422F00018AA8717
:10ACE000232EF4FC232604FE232404FE8327C4FD24
:10ACF0003E85EFF0FFE1AA872324F4FE832784FE3C
:10AD0000812785E317D71400130747D1836684FE94
:10AD10009307800AB387F602BA9783C76701232691
:10AD2000F4FE8327C4FE3E85A270027445618280D2
:10AD30005D7186E4A2E08008AA872338B4FA232E46
:10AD4000F4FA232A04FCA30704FE233004FE232480
:10AD500004FC231604FC233C04FC8327C4FB3E852F
:10AD6000EFF01FDBAA87232AF4FC832744FD812709
:10AD7000639D071217D71400130747CA836644FD63
:10AD80009307800AB387F602BA9783C72701812702
:10AD9000BE8609476384E604BE8609476344D7003C
:10ADA00099CBF5A0BE861547638DE6043E87A5477F
:10ADB000630CF70AE9A8036744FD9307800AB30709
:10ADC000F7021387070297D71400938727C5BA970E
:10ADD0002330F4FE9947233CF4FC55A8036744FD57
:10ADE0009307800AB307F7021387070297D7140067
:10ADF0009387C7C2BA972330F4FE8547233CF4FCFF
:10AE000079A0036744FD9307800AB307F70213870D
:10AE1000070297D71400938767C03E97930784FC77
:10AE20001146BA853E85EF70E047036744FD9307FE
:10AE3000800AB307F7021387070397D71400938795
:10AE4000E7BDBA9713876700930784FC910709460B
:10AE5000BA853E85EF700045930784FC2330F4FEED
:10AE60009947233CF4FC25A0036744FD9307800A1F
:10AE7000B307F7021387070297D71400938707BA1F
:10AE8000BA972330F4FE8D47233CF4FC010083374E
:10AE900004FE81CF033684FD833504FE033504FBB5
:10AEA000EF70DF95AA87A307F4FE8347F4FE3E8583
:10AEB000A660066461618280797106F422F0001850
:10AEC000AA87232EF4FC231704FE232404FE8327E1
:10AED000C4FD3E85EFF0DFC3AA872324F4FE832759
:10AEE00084FE812785E317D71400130727B38366F1
:10AEF00084FE9307800AB387F602BA9783D7870147
:10AF00002317F4FE8357E4FE3E85A2700274456168
:10AF10008280797106F422F00018AA87232EF4FCAF
:10AF2000930700002326F4FE232404FE8327C4FD98
:10AF30003E85EFF0FFBDAA872324F4FE832784FE1D
:10AF4000812799EF17D71400130747AD836684FE56
:10AF50009307800AB387F602BA97DC4F2326F4FEE4
:10AF60008327C4FE3E85A270027445618280797198
:10AF700006F422F00018AA87232EF4FCA30704FE8F
:10AF8000232404FE8327C4FD3E85EFF07FB8AA8703
:10AF90002324F4FE832784FE81278DE317D7140032
:10AFA0001307C7A7836684FE9307800AB387F60258
:10AFB000BA979C6BA583858BA307F4FE8347F4FEA9
:10AFC0003E85A270027445618280797106F422F098
:10AFD0000018AA87232EF4FCA30704FE232404FEF2
:10AFE0008327C4FD3E85EFF0BFB2AA872324F4FE79
:10AFF000832784FE8127A9E317D71400130707A22C
:10B00000836684FE9307800AB387F602BA9783C7E4
:10B0100027013E8789476311F70217D714001307EA
:10B02000E79F836684FE9307800AB387F602BA9788
:10B0300083C71702A307F4FE8347F4FE3E85A27080
:10B04000027445618280797106F422F00018AA87A3
:10B050002E87232EF4FCBA87A30DF4FCA30704FE6D
:10B06000232404FE8327C4FD3E85EFF07FAAAA8730
:10B070002324F4FE832784FE8127C1EF17D7140011
:10B080001307C799836684FE9307800AB387F60285
:10B09000BA9783C727013E878947631CF706830752
:10B0A000B4FD63C8070617D71400130727978366F4
:10B0B00084FE9307800AB387F602BA9703C7170284
:10B0C0008347B4FD93F7F70F6383E70217D71400A4
:10B0D0001307C794836684FE9307800AB387F6023A
:10B0E000BA9703C7170113672700A388E70017D78C
:10B0F00014001307A792836684FE9307800AB38720
:10B10000F602BA970347B4FDA380E7028547A30779
:10B11000F4FE8347F4FE3E85A2700274456182808E
:10B12000797106F422F00018AA872338B4FC232E84
:10B13000F4FC232404FEA30704FE8327C4FD3E85FC
:10B14000EFF01F9DAA872324F4FE832784FE812726
:10B15000A1EB17D714001307678C836684FE93074F
:10B16000800AB387F602BA9783C727013E879547BF
:10B170006318F702036784FE9307800AB307F70298
:10B180001387070297D7140093874789BA97114608
:10B19000BE85033504FDEF706FE6AA87A307F4FEB2
:10B1A0008347F4FE3E85A270027445618280397146
:10B1B00006FC22F88000AA872330B4FC2326F4FC86
:10B1C000232404FEA30704FE232204FE232004FEFE
:10B1D000232C04FC8327C4FC3E85EFF07F93AA87D1
:10B1E0002324F4FE832784FE8127C9E317D71400A4
:10B1F0001307C782836684FE9307800AB387F6022B
:10B20000BA9783C727013E8795476311F70617D77B
:10B2100014001307A780836684FE9307800AB38710
:10B22000F602BA9783C747022320F4FE13070002F1
:10B23000832704FEBB07F74081273E87FD57BB9756
:10B24000E7002322F4FE032744FE930784FDBA851A
:10B250003E85EF603F8D930784FD1146BE85033523
:10B2600004FCEF70AFD9AA87A307F4FE8347F4FE6E
:10B270003E85E270427421618280797106F422F089
:10B280000018AA872338B4FC232EF4FC232404FEE0
:10B29000A30704FE8327C4FD3E85EFF07F87AA87BE
:10B2A0002324F4FE832784FE8127A9EB17C714000B
:10B2B0001307C776836684FE9307800AB387F60276
:10B2C000BA9783C727013E8795476319F70203673B
:10B2D00084FE9307800AB307F7021387070297C714
:10B2E00014009387A773BA9795071146BE85033557
:10B2F00004FDEF70AFD0AA87A307F4FE8347F4FEE6
:10B300003E85A270027445618280797106F422F054
:10B310000018AA872E872338C4FC232EF4FCBA8792
:10B32000232CF4FC232404FEA30704FE8327C4FD7E
:10B330003E85EFF0EFFDAA872324F4FE832784FEE9
:10B340008127A5E717C714001307476D836684FE9E
:10B350009307800AB387F602BA9783C727013E870F
:10B3600095476314F704832784FD1B8707008947EB
:10B3700063EDE702036784FD836684FE9307A00202
:10B38000B387F602BA97A1071397270097C714004F
:10B390009387C768BA97A5071146BE85033504FD94
:10B3A000EF70CFC5AA87A307F4FE8347F4FE3E855E
:10B3B000A270027445618280797106F422F000184F
:10B3C000AA87232EF4FC231704FE232404FE8327DC
:10B3D000C4FD3E85EFF0CFF3AA872324F4FE832734
:10B3E00084FE8127A9E317C7140013072763836628
:10B3F00084FE9307800AB387F602BA9783C72701B2
:10B400003E8795476311F70217C7140013070761BA
:10B41000836684FE9307800AB387F602BA9783D7C0
:10B4200067032317F4FE8357E4FE3E85A27002747F
:10B4300045618280797106F422F00018AA87232ED4
:10B44000F4FC232604FE232404FE8327C4FD3E854A
:10B45000EFF00FECAA872324F4FE832784FE8127D4
:10B46000A9E317C714001307675B836684FE93077D
:10B47000800AB387F602BA9783C727013E879547AC
:10B480006311F70217C7140013074759836684FE38
:10B490009307800AB387F602BA9783C787032326E8
:10B4A000F4FE8327C4FE3E85A2700274456182804B
:10B4B000797106F422F00018AA87232EF4FCA30762
:10B4C00004FE232404FE233004FE8327C4FD3E85AE
:10B4D000EFF00FE4AA872324F4FE832784FE81275C
:10B4E00095E7036784FE9307800AB307F702138783
:10B4F000070297C7140093876752BA972330F4FE68
:10B50000833704FE83C7C703A307F4FE8347F4FE13
:10B510003E85A270027445618280797106F422F042
:10B520000018AA87232EF4FC232604FE232404FEFD
:10B530008327C4FD3E85EFF0AFDDAA872324F4FE08
:10B54000832784FE8127A9E317C714001307074D3B
:10B55000836684FE9307800AB387F602BA9783C78F
:10B5600027013E87A5476311F70217C71400130789
:10B57000E74A836684FE9307800AB387F602BA9788
:10B5800083C767092326F4FE8327C4FE3E85A27085
:10B59000027445618280797106F422F00018AA874E
:10B5A0002338B4FC232EF4FC232404FEA30704FE5A
:10B5B0008327C4FD3E85EFF0AFD5AA872324F4FE90
:10B5C000832784FE8127A9EB17C7140013070745BB
:10B5D000836684FE9307800AB387F602BA9783C70F
:10B5E00027013E87A5476319F702036784FE930787
:10B5F000800AB307F7021387070297C714009387DF
:10B60000E741BA978D074146BE85033504FDEF70CB
:10B61000EF9EAA87A307F4FE8347F4FE3E85A2703F
:10B62000027445618280797106F422F00018AA87BD
:10B63000232EF4FCA30704FE232404FE8327C4FD69
:10B640003E85EFF0EFCCAA872324F4FE832784FE07
:10B650008127A9E317C714001307473C836684FEBC
:10B660009307800AB387F602BA9783C727013E87FC
:10B67000A5476311F70217C714001307273A83661B
:10B6800084FE9307800AB387F602BA9783C737030D
:10B69000A307F4FE8347F4FE3E85A2700274456161
:10B6A0008280797106F422F00018AA872338B4FC4E
:10B6B000232EF4FC232404FEA30704FE8327C4FDE9
:10B6C0003E85EFF0EFC4AA872324F4FE832784FE8F
:10B6D0008127A9EB17C7140013074734836684FE3C
:10B6E0009307800AB387F602BA9783C727013E877C
:10B6F000A5476319F702036784FE9307800AB3071F
:10B70000F7021387070397C7140093872731BA9767
:10B7100091074146BE85033504FDEF702F8EAA8741
:10B72000A307F4FE8347F4FE3E85A27002744561D0
:10B730008280797106F422F00018AA872E872338B8
:10B74000C4FC232EF4FCBA87232CF4FC232404FE2F
:10B75000A30704FE8327C4FD3E85EFF06FBBAA87D5
:10B760002324F4FE832784FE8127A5E717C714004E
:10B770001307C72A836684FE9307800AB387F602FD
:10B78000BA9783C727013E87A5476314F704832729
:10B7900084FD1B870700894763EDE702836784FD0B
:10B7A000910713974700836684FE9307800AB38747
:10B7B000F6023E9797C7140093874726BA979107DA
:10B7C0004146BE85033504FDEF704F83AA87A3076A
:10B7D000F4FE8347F4FE3E85A270027445618280C8
:10B7E000797106F422F00018AA872338B4FC232EBE
:10B7F000F4FC232404FEA30704FE8327C4FD3E8536
:10B80000EFF00FB1AA872324F4FE832784FE81275B
:10B81000A9EB17C7140013076720836684FE9307FC
:10B82000800AB387F602BA9783C727013E87A547E8
:10B830006319F702036784FE9307800AB307F702D0
:10B840001387070797C714009387471DBA97910777
:10B850004146BE85033504FDEF605FFAAA87A30762
:10B86000F4FE8347F4FE3E85A27002744561828037
:10B87000797106F422F00018AA872338B4FC232E2D
:10B88000F4FC232404FEA30704FE8327C4FD3E85A5
:10B89000EFF00FA8AA872324F4FE832784FE8127D4
:10B8A000A9EB17C7140013076717836684FE930775
:10B8B000800AB387F602BA9783C727013E87A54758
:10B8C0006319F702036784FE9307800AB307F70240
:10B8D0001387070897C7140093874714BA979107EF
:10B8E0004146BE85033504FDEF605FF1AA87A307DB
:10B8F000F4FE8347F4FE3E85A270027445618280A7
:10B90000797106F422F00018AA87232EF4FC23177D
:10B9100004FE232404FE8327C4FD3E85EFF04F9FE1
:10B92000AA872324F4FE832784FE8127A9E317C76F
:10B9300014001307A70E836684FE9307800AB3875B
:10B94000F602BA9783C727013E87A5476311F7021E
:10B9500017C714001307870C836684FE9307800AB9
:10B96000B387F602BA9783D747092317F4FE8357A4
:10B97000E4FE3E85A270027445618280797106F40E
:10B9800022F00018AA872338B4FC232EF4FC2324C9
:10B9900004FEA30704FE8327C4FD3E85EFF04F9706
:10B9A000AA872324F4FE832784FE8127A1EB17C7EF
:10B9B00014001307A706836684FE9307800AB387E3
:10B9C000F602BA9783C727013E87A5476318F70297
:10B9D000036784FE9307800AB307F70213870709FA
:10B9E00097C7140093878703BA979D07BE850335D1
:10B9F00004FDEF607FB6AA87A307F4FE8347F4FE39
:10BA00003E85A270027445618280797106F422F04D
:10BA10000018AA87232EF4FCA30704FE232404FEA7
:10BA20008327C4FD3E85EFF0AF8EAA872324F4FE62
:10BA3000832784FE8127A9E317C71400130707FE95
:10BA4000836684FE9307800AB387F602BA9783C79A
:10BA500027013E8789476311F70217C714001307B0
:10BA6000E7FB836684FE9307800AB387F602BA97E2
:10BA700083C72702A307F4FE8347F4FE3E85A27026
:10BA8000027445618280797106F422F00018AA8759
:10BA90002E87232EF4FCBA87A30DF4FCA30704FE23
:10BAA000232404FE8327C4FD3E85EFF06F86AA871A
:10BAB0002324F4FE832784FE8127C1EB17C71400DB
:10BAC0001307C7F5836684FE9307800AB387F602DF
:10BAD000BA9783C727013E8789476318F70617C7B8
:10BAE00014001307A7F3836684FE9307800AB387C5
:10BAF000F602BA9703C727028347B4FD93F7F70FFF
:10BB00006383E70217C71400130747F1836684FEB7
:10BB10009307800AB387F602BA9703C71701136722
:10BB20002700A388E70017C71400130727EF8366D1
:10BB300084FE9307800AB387F602BA970347B4FDE1
:10BB40002381E7028547A307F4FE8347F4FE3E8581
:10BB5000A270027445618280130101812334117E39
:10BB60002330817E1304017F130101C0FD77130789
:10BB700004FFBA9723B4A742232604FE233C04FC07
:10BB8000FD77130704FFBA9783B787428DC3FD770C
:10BB9000130704FFBA9783B787429C6B89CBFD7765
:10BBA000130704FFBA9783B787429C4F81E7814709
:10BBB0006F003041FD77130704FFBA9783B78742C0
:10BBC000DC433E85EFF0CF85AA873E878947630730
:10BBD000F704FD77130704FFBA9783B787429C47A2
:10BBE0008127BE8517C5000013054567EF802FC468
:10BBF000AA878DC7FD77130704FFBA9783B78742DB
:10BC00000947D8CFFD77130704FFBA9783B7874258
:10BC10001307000298D3FD576F00B03AFD77130762
:10BC200004FFBA9783B78742DC433E85EFE05FFFAE
:10BC3000AA873E8795476307F704FD77130704FF3C
:10BC4000BA9783B787429C478127BE8517C50000F6
:10BC500013054562EF80AFBDAA878DC7FD77130737
:10BC600004FFBA9783B787420947D8CFFD771307F8
:10BC700004FFBA9783B787421307000298D3FD5792
:10BC80006F003034FD77130704FFBA9783B78742FC
:10BC9000DC433E85EFE0DFF8AA873E87A5476307D0
:10BCA000F704FD77130704FFBA9783B787429C47D1
:10BCB0008127BE8517C500001305C55EEF802FB72D
:10BCC000AA878DC7FD77130704FFBA9783B787420A
:10BCD0000947D8CFFD77130704FFBA9783B7874288
:10BCE0001307000298D3FD576F00B02DFD7713079F
:10BCF00004FFBA9783B787429C6B233CF4FCFD7723
:10BD0000130704FFBA9783B787429C47BE86130781
:10BD1000F0196361D710BE861307E01963F8E67661
:10BD2000BE861307F006638AE626BE861307F00672
:10BD3000636AD706BE861307B0046381E61EBE861B
:10BD40001307B0046363D702BE861307F003638E44
:10BD5000E64CBE86130700046384E64A3E879307D9
:10BD6000E003630DF73E6F00F022BE861307F00478
:10BD7000638AE620BE861307F0046369D7003E8716
:10BD80009307D004630FF71A6F00D020BE86130705
:10BD900010056380E62E3E87930770066305F72A39
:10BDA0006F00501FBE86130760196387E658BE8672
:10BDB000130760196363D702BE86130700196380F7
:10BDC000E64CBE86130710196380E6543E8793073E
:10BDD000F0186302F7406F00F01BBE861307B0191E
:10BDE000638CE64EBE861307B0196369D7003E87A1
:10BDF000930780196300F7466F00D019BE861307BA
:10BE0000C0196386E64A3E879307D019630CF7642E
:10BE10006F005018BE861307601B638FE670BE86E6
:10BE20001307601B6366D708BE861307A01A638AD0
:10BE3000E62CBE861307A01A636FD702BE861307CF
:10BE4000401A6382E634BE861307401A6369D7003E
:10BE50003E879307001A630CF7346F00B013BE8659
:10BE60001307701A6384E62C3E879307901A6305C4
:10BE7000F7266F003012BE861307301B638CE66214
:10BE8000BE861307301B6369D7003E879307B01A3D
:10BE90006306F7206F001010BE861307401B6380F7
:10BEA000E6643E879307501B6303F7666F00900EAE
:10BEB000BE861307B01BE385E604BE861307B01BDE
:10BEC0006368D702BE861307801B6384E66CBE8658
:10BED0001307801B63E7E668BE861307901B638227
:10BEE000E66E3E879307A01BE303F7006F00900AFE
:10BEF000BE861307D01BE387E602BE861307D01B5E
:10BF0000E3E9E600BE861307E01BE385E6043E870F
:10BF10009307201E6309F71A6F00D007FD771307F8
:10BF200004FFBA9783B78742DC433E8693058003BC
:10BF3000033584FDEF40FFDCAA872326F4FE6F0063
:10BF40001008FD77130704FFBA9783B78742D843D9
:10BF5000FD7793878743930604FFB697BE853A859E
:10BF6000EFE03FACFD7793878743130704FFBA9751
:10BF7000BE85033584FDEF50EF86AA872326F4FEA5
:10BF80006F00F00393058003033584FDEF504FC627
:10BF9000AA872326F4FE6F009002930784FB3E8558
:10BFA000EF604FA0930784FB014681453E85EF601B
:10BFB000CFA3FD77130704FFBA9783B78742DC430B
:10BFC0003E85EFE05FC0AA87812789EB930784FB5A
:10BFD000014685453E85EF604FA101A8930784FB8C
:10BFE000054685453E85EF604FA0930784FB0146DB
:10BFF00089453E85EF606F9FFD77130704FFBA9771
:10C0000083B78742DC433E85EFE03FB6AA8789CB02
:10C01000930784FB05468D453E85EF600F9D01A883
:10C02000930784FB01468D453E85EF600F9C930787
:10C0300084FBBE85033584FDEF40FFAAAA87232633
:10C04000F4FE6F00C077FD77130704FFBA9783B73C
:10C050008742DC433E85EFE01FB7AA878127BE8574
:10C06000033584FDEF50CFB8AA872326F4FE6F0076
:10C070000075FD77130704FFBA9783B78742DC4347
:10C080003E85EFE09FAEAA87BE85033584FDEF4075
:10C090002FEFAA872326F4FE6F006072FD77130747
:10C0A00004FFBA9783B78742DC433E85EFE05FB772
:10C0B000AA878127BE85033584FDEF506FB3AA8719
:10C0C0002326F4FEEDAD8945033584FDEF504FB2D4
:10C0D000AA872326F4FEE5A5FD77130704FFBA9788
:10C0E00083B78742DC433E85EFE05FB9AA878127AB
:10C0F000BE85033584FDEF500FA2AA872326F4FEE8
:10C100007DADFD77130704FFBA9783B78742DC4301
:10C110003E85EFE05FBCAA878127BE85033584FD9D
:10C12000EF500FADAA872326F4FE51ADFD7713071C
:10C1300004FFBA9783B78742DC431307049FBA858D
:10C140003E85EFE0FFBE9307049FBE85033584FD67
:10C15000EF405FCAAA872326F4FE95A5FD77130753
:10C1600004FFBA9783B78742DC433E85EFE0DFD414
:10C17000AA878127BE85033584FDEF50CF99AA8712
:10C180002326F4FE2DADFD77130704FFBA9783B77E
:10C190008742DC433E85EFE0DFD7AA87BE850335C3
:10C1A00084FDEF50CFD5AA872326F4FE09ADFD7795
:10C1B000130704FFBA9783B78742DC433E85EFE05D
:10C1C0001FDBAA87BE85033584FDEF406FDBAA879E
:10C1D0002326F4FEEDA3FD77130704FFBA9783B778
:10C1E0008742DC433E85EFE03FCDAA878127BE85AD
:10C1F000033584FDEF502F92AA872326F4FEC1A3B6
:10C20000FD77130704FFBA9783B78742DC433E8567
:10C21000EFE0BFDBAA878127BE85033584FDEF50A1
:10C220008F8FAA872326F4FE59ABFD77130704FFEF
:10C23000BA9783B78742DC433E85EFF00FFDAA87AC
:10C240008127BE85033584FDEF50EF8CAA87232616
:10C25000F4FEB5A3FD77130704FFBA9783B78742AF
:10C26000DC433E85EFF00F9DAA878127BE8503350D
:10C2700084FDEF50EF97AA872326F4FE89A3FD776C
:10C28000130704FFBA9783B78742DC431307049F61
:10C29000BA853E85EFE0DFE89307049FBE8503354E
:10C2A00084FDEF403FB5AA872326F4FE09ABFD7756
:10C2B000130704FFBA9783B78742DC433E85EFF04C
:10C2C000AF8FAA878127BE85033584FDEF50AF84E9
:10C2D000AA872326F4FEE5A1FD77130704FFBA978A
:10C2E00083B78742DC431307049FBA853E85EFE09E
:10C2F0001FEC9307049FBE85033584FDEF409FAF7D
:10C30000AA872326F4FE65A9FD77130704FFBA97D1
:10C3100083B78742DC431307049FBA853E85EFE06D
:10C32000DFF59307049FBE85033584FDEF409FAC86
:10C33000AA872326F4FE61A1FD77130704FFBA97AD
:10C3400083B78742DC4791EB8D45033584FDEF4091
:10C350009FFCAA872326F4FE9DA1FD77130704FF07
:10C36000BA9783B78742DC473E87FD576317F706C6
:10C37000232404FE99A8FD77130704FFBA9783B717
:10C380008742DC439306049F032784FE3686BA85E2
:10C390003E85EFE09FF78327C4FE033784FDBA97FD
:10C3A0001307049FBA853E85EF40DFA4AA87232A9E
:10C3B000F4FC0327C4FE832744FDB99F2326F4FE23
:10C3C000832784FE85272324F4FE832784FE1B878E
:10C3D00007008947E3F1E7FADDA6FD77130704FFBD
:10C3E000BA9783B78742DC473E878D4763E7E70408
:10C3F000FD77130704FFBA9783B78742DC47FD3701
:10C400002328F4FCFD77130704FFBA9783B787420C
:10C41000DC439306049F032704FD3686BA853E85D8
:10C42000EFE0BFEE9307049FBE85033584FDEF4028
:10C430007F9CAA872326F4FE59A6FD77130704FFE5
:10C44000BA9783B787420947D8CFFD77130704FF10
:10C45000BA9783B787421307A00298D3FD572326C4
:10C46000F4FEB1AEFD77130704FFBA9783B7874296
:10C47000DC433E85EFF0CF83AA87BE85033584FD7C
:10C48000EF400FB0AA872326F4FE15AEFD77130701
:10C4900004FFBA9783B787420947D8CFFD771307C0
:10C4A00004FFBA9783B787426D4798D3FD57232679
:10C4B000F4FE31A6FD77130704FFBA9783B78742CE
:10C4C000DC433E85EFF06F85AA878127BE85033563
:10C4D00084FDEF40FFF1AA872326F4FECDA4FD776B
:10C4E000130704FFBA9783B78742DC431307049FFF
:10C4F000BA853E85EFF02F8A9307049FBE850335EA
:10C5000084FDEF403F8FAA872326F4FE4DACFD77D4
:10C51000130704FFBA9783B78742DC433E85EFF0E9
:10C520008F90AA878127BE85033584FDEF40BFDE4B
:10C53000AA872326F4FE61A4FD77130704FFBA97A8
:10C5400083B78742DC433E85EFF08FBBAA87812704
:10C55000BE85033584FDEF401FDCAA872326F4FE49
:10C56000B9ACFD77130704FFBA9783B78742DC4362
:10C570001307049FBA853E85EFF0AF929307049F9F
:10C58000BE85033584FDEF40FF86AA872326F4FE8F
:10C590003DA4FD77130704FFBA9783B78742DC43B6
:10C5A0001307049FBA853E85EFF08FA39307049F7E
:10C5B000BE85033584FDEF40FF83AA872326F4FE62
:10C5C000FDAAFD77130704FFBA9783B78742DC47BC
:10C5D00091EB8D45033584FDEF40FFD3AA872326D9
:10C5E000F4FEF1AAFD77130704FFBA9783B78742D9
:10C5F000DC473E87FD576317F706232204FE99A800
:10C60000FD77130704FFBA9783B78742DC4393068D
:10C61000049F032744FE3686BA853E85EFF06F916E
:10C620008327C4FE033784FDBA971307049FBA8596
:10C630003E85EF402FFCAA872326F4FC0327C4FE87
:10C640008327C4FCB99F2326F4FE832744FE852755
:10C650002322F4FE832744FE1B8707008947E3F16A
:10C66000E7FAB1AAFD77130704FFBA9783B78742A9
:10C67000DC473E878D4763E7E704FD77130704FF38
:10C68000BA9783B78742DC47FD372324F4FCFD7754
:10C69000130704FFBA9783B78742DC439306049FCE
:10C6A000032784FC3686BA853E85EFF08F88930792
:10C6B000049FBE85033584FDEF40CFF3AA87232670
:10C6C000F4FEF5A8FD77130704FFBA9783B78742F6
:10C6D0000947D8CFFD77130704FFBA9783B787427E
:10C6E0001307A00298D3FD572326F4FEC9A881455D
:10C6F000033584FDEF40CF88AA872326F4FEC1A02E
:10C700008145033584FDEF401FC1AA872326F4FE2F
:10C710007DA08145033584FDEF40FFBFAA87232616
:10C72000F4FE71A8FD77130704FFBA9783B7874219
:10C73000DC431307049FBA853E85EFF06F939307A0
:10C74000049FBE85033584FDEF40CFEAAA872326E8
:10C75000F4FEB5A0FD77130704FFBA9783B78742AD
:10C76000D843FD7793878743930604FFB697BE852A
:10C770003A85EFF0AFA0FD7793878743130704FF57
:10C78000BA97BE85033584FDEF40DF85AA8723264F
:10C79000F4FE35A0FD77130704FFBA9783B78742ED
:10C7A0000947D8CFFD77130704FFBA9783B78742AD
:10C7B0001307000298D3FD572326F4FE01008327B8
:10C7C000C4FE3E85130101408330817E0334017E27
:10C7D0001301017F8280130101A0233C115E2338E5
:10C7E000815E130401602334A4A0A30704FE232464
:10C7F00004FE833784A0DC433E85EFE00FA9AA87BF
:10C8000093C7170093F7F70F89CF833784A00547A5
:10C8100023AEE75C833784A07D4723A0E75E814792
:10C82000D5AC833784A013870701833784A083A7FF
:10C83000475D8127930604A13686BE853A85EF3091
:10C840006FE8AA872324F4FE832784FE812763DF11
:10C850000700833784A0094723AEE75C833784A0B1
:10C860001307500223A0E75E81476DA4833784A09D
:10C870009C473E879307501A630EF706833784A0C0
:10C880009C473E87930760196306F706833784A0A9
:10C890009C473E879307901B630EF704833784A061
:10C8A0009C473E879307F0156306F704833784A0FF
:10C8B0009C473E8793070016630EF702833784A0D8
:10C8C0009C473E879307601E6306F702833784A068
:10C8D000DC473E87FD57630FF700833784A0094785
:10C8E00023AEE75C833784A01307200323A0E75E11
:10C8F00081470DA4833784A09C47BE86130770062A
:10C90000638FE61CBE8613077006636CD704BE8671
:10C910001307B0046385E61CBE861307B004636288
:10C92000D702BE861307F0036383E612BE861307A1
:10C9300000046388E6083E879307E0036301F71A63
:10C940005DAABE861307F004638BE618BE86130744
:10C9500010056386E6183E879307D0046301F71835
:10C9600059AABE861307401A638BE616BE861307C4
:10C97000401A6362D702BE861307F0186381E61679
:10C98000BE861307001A638CE6143E879307F006F1
:10C990006307F7148DA2BE861307B01A636DD70024
:10C9A000BE861307901A63FCE6123E879307701A3F
:10C9B0006307F71289A23E879307201E6301F712CF
:10C9C0001DAA834724A13E8789476317F70683275B
:10C9D00084A13E879307F00F63E4E704833784A0C4
:10C9E000DC43032784A11377F70FBA853E85EFE078
:10C9F0008FE5AA87A307F4FE8347F4FE93C71700C9
:10CA000093F7F70F63850710833784A0094723AE98
:10CA1000E75C833784A01307500223A0E75EC5A814
:10CA2000833784A0094723AEE75C833784A01307CC
:10CA3000500223A0E75EE1A8833784A0094723AE14
:10CA4000E75C833784A0254723A0E75EC9A083471E
:10CA500024A13E8789476319F706832784A13E876F
:10CA60009307F00F63E6E704833784A0DC430327D2
:10CA700084A11377F70FBA853E85EFF0CF80AA87A0
:10CA8000A307F4FE8347F4FE93C7170093F7F70F4D
:10CA900081CF833784A0094723AEE75C833784A026
:10CAA0001307500223A0E75E8547A307F4FE8DA07D
:10CAB000833784A0094723AEE75C833784A013073C
:10CAC000500223A0E75EA9A0833784A0094723AEC4
:10CAD000E75C833784A0254723A0E75E15A883374A
:10CAE00084A0094723AEE75C833784A01307800244
:10CAF00023A0E75E31A8833784A0094723AEE75C13
:10CB0000833784A01307000223A0E75E11A0010071
:10CB10008347F4FE3E858330815F0334015F130158
:10CB200001608280411122E4000801002264410179
:10CB300082801D7186ECA2E88010233CA4FA233881
:10CB4000B4FAB2872317F4FA232604FE233C04FC2C
:10CB5000233004FE231404FE233404FC233804FC95
:10CB6000833704FB83C707003E8785476318F70AAE
:10CB7000130784FC930784FDBA86033684FBBE85C5
:10CB8000033504FBEF70EF87AA872326F4FE834763
:10CB9000A4FCC9E78327C4FE81276351F0088357AB
:10CBA000E4FA1B8707008327C4FE81276348F70642
:10CBB000835704FE89CB835704FE1B870700C16798
:10CBC000FD17631DF704835704FE1B870700C16729
:10CBD000FD17631EF7008327C4FE033704FBBA97D3
:10CBE00083C70700812793F7070F81279DC78327F6
:10CBF000C4FE033704FBB306F7008327C4FEC21745
:10CC0000C1930357E4FABB07F740C217C1933E86AE
:10CC1000B685033584FBEF20DF9301000100E66059
:10CC2000466425618280717106F522F126ED4AE99C
:10CC300000192334A4F6AE87233CC4F42338D4F47B
:10CC40002313F4F6232E04FC232804FCFD57232C85
:10CC5000F4FCFD572326F4FC8547A30BF4FC2324A6
:10CC600004FC930760032320F4FC930784F73E85BC
:10CC7000EF602FA9930704F9014681453E85EF60D7
:10CC8000BFF1130704F9930784F7BA863E8683350C
:10CC900084F5174507001305E57BEF609FBCAA8765
:10CCA0002326F4FC833704F583C7070089C7F957A7
:10CCB000232EF4FC3DAA835764F68127130704FA58
:10CCC0003A86BE85033584F6EF706FCCAA87232E93
:10CCD000F4FC8327C4FD812763D607008547A30B97
:10CCE000F4FC01AA832704FA3E87A1476310F702E8
:10CCF000832744FA3E87B7074000FD176318F70003
:10CD0000EFC03F94AA8781272322F4FA0327C4FCAB
:10CD100097470700938707743E97833704F583C7C7
:10CD2000C700930604FA3686BE853A85EF704FE752
:10CD3000AA87232CF4FC0327C4FC832784FDB99F16
:10CD40001B870700974707009387C770BA97233858
:10CD5000F4FA0327C4FC832784FDB99F8127812728
:10CD60001307E05DBB07F74081278127232CF4FAE6
:10CD7000930704FA3E85EFD08FC9AA87232EF4FCCF
:10CD80008327C4FD812763C50706032784FD832706
:10CD9000C4FDB99F232CF4FC0327C4FC832784FD26
:10CDA000B99F1B870700974707009387A76ABA9721
:10CDB0003E85EF706FF1AA87232EF4FC032784FDD4
:10CDC0008327C4FDB99F232CF4FC833704F59847CF
:10CDD000832784FD8127635AF7009307600323208C
:10CDE000F4FCF957232EF4FC29A0A30B04FC11A09A
:10CDF0000100834774FD93F7F70FF1CB8327C4FD40
:10CE00001B870700F9576311F7040327C4FC9747F2
:10CE1000070093872764B304F700833704F503C939
:10CE2000C700832704FC3E85EF103F85AA87812732
:10CE300093F7F70F85463E86CA852685EF103F8C0F
:10CE4000AA87232CF4FC61A08327C4FD1B8707005D
:10CE5000FD57631AF7020327C4FC9747070093871F
:10CE6000675F3305F700833704F583C7C700832660
:10CE7000C4FB032704FC3146BE85EF40FFA5AA870B
:10CE8000232CF4FCA9A08327C4FD1B870700F557BA
:10CE9000631FF7020327C4FC974707009387875B4C
:10CEA000B304F700833704F503C9C700832704FCE4
:10CEB0003E85EF704F9DAA87812793F7F70F3E8637
:10CEC000CA852685EF70EFA6AA87232CF4FC0327DA
:10CED000C4FC832784FDB99F2328F4FC032704FDA9
:10CEE000930704F9BA86174607001306A656BE85AF
:10CEF000033584F5EF50DFB0AA872324F4FC01004A
:10CF0000AA700A74EA644A694D6182801301019D26
:10CF1000233411622330816213040163233CA49CF7
:10CF2000232E04FC8547A301F4FEA30D04FC8337E4
:10CF3000849DE9C78337849D9C6B2334F4FE83373B
:10CF4000849D9C4F2322F4FE832744FE93F7F70F22
:10CF500081271307849E3A86BE85033584FEEF2021
:10CF60007FF6AA87232EF4FC834734FE93F7F70F4E
:10CF700091CF0327C4FD832744FE012781276357F0
:10CF8000F700A30104FE8547A30DF4FC8337849DBD
:10CF90009C432320F4FC8337849DDC432322F4FC50
:10CFA0008337849D9C472324F4FC8337849DDC478E
:10CFB0002326F4FC9307849E2338F4FC8327C4FDC6
:10CFC0008127635AF0020327C4FD832744FE01270B
:10CFD00081276354F7028327C4FD033784FEBA9781
:10CFE0002334F4FE032744FE8327C4FDBB07F74028
:10CFF0002322F4FE91BF010011A001000100833043
:10D000008162033401621301016382801D7186EC29
:10D01000A2E88010233CA4FAAE872334C4FA23305C
:10D02000D4FA231BF4FA232604FE835764FB8127DA
:10D03000130704FC3A86BE85033584FBEF700FCCE2
:10D04000AA872326F4FE8327C4FE81276357F000B6
:10D05000930704FC3E85EFF07FEB0100E660466439
:10D0600025618280797122F40018233CA4FCAE87EC
:10D070003287232AF4FCBA872328F4FCFD572326A1
:10D08000F4FE833784FD9C472324F4FE833784FD1C
:10D090009C4F2322F4FE833784FD9C572320F4FE0B
:10D0A000832744FD1B870700A147631BF70A03275B
:10D0B00004FD832784FE01278127637DF7008337E2
:10D0C00084FD9863836704FD8A07BA979C432326EF
:10D0D000F4FEE5A8032784FE832744FEB99F1B873F
:10D0E0000700832704FD812763F5E702032704FD7A
:10D0F000832784FEBB07F7402328F4FC833784FD95
:10D10000986B836704FD8A07BA979C432326F4FE35
:10D110006DA8032784FE832744FEB99F8127032738
:10D1200004FEB99F1B870700832704FD812763FE48
:10D13000E708032784FE832744FEB99F812703273E
:10D1400004FDBB07F7402328F4FC833784FD987364
:10D15000836704FD8A07BA979C432326F4FEB5A093
:10D16000832744FD1B870700930790066315F7028A
:10D17000032704FD832784FE012781276377F704B3
:10D18000833784FD9863836704FD8A07BA979C43BD
:10D190002326F4FE1DA8832744FD1B870700930761
:10D1A00000056314F702032704FD832744FE0127CB
:10D1B0008127637CF700833784FD986B836704FDC8
:10D1C0008A07BA979C432326F4FE8327C4FE3E8534
:10D1D000227445618280797122F40018233CA4FCFA
:10D1E000AE87232AF4FC232604FE832744FD1B87F5
:10D1F0000700A1476312F702833784FD98478337FE
:10D2000084FD9C4FB99F1B870700833784FD9C5783
:10D21000B99F2326F4FE25A8832744FD1B8707001A
:10D22000930790066318F700833784FD9C472326F5
:10D23000F4FE31A8832744FD1B87070093070005F0
:10D240006317F700833784FD9C4F2326F4FE832762
:10D25000C4FE3E85227445618280597186F4A2F035
:10D2600080182334A4FAAE873287233CD4F82313E2
:10D27000F4FABA872312F4FA232604FE233004FEBC
:10D28000232E04FC833784F99847833784F9DC47DD
:10D290003E86BA8517450700130545BFEF700FFEA0
:10D2A000AA872326F4FE835764FA8326C4FE035715
:10D2B00044FA3E8697450700938545BD033584FAB9
:10D2C000EF608FD42330A4FE833704FE81EB8337D5
:10D2D00084F913076003D8CBF957BDAA0327C4FD0F
:10D2E0008327C4FEB99F232EF4FC232604FE854722
:10D2F0002326F4FCFD472328F4FC833784F99C4360
:10D300002328F4FA833784F9DC43232AF4FA833799
:10D3100084F99C47232CF4FA833784F9DC47232EC5
:10D32000F4FA97470700938767B62330F4FC930716
:10D33000405C2324F4FC930704FB3E85EFC03FEDE3
:10D34000AA872326F4FE8327C4FE812763D8070813
:10D350008327C4FE1B870700F9576309F70083275B
:10D36000C4FE1B870700F557631AF700032704FD67
:10D37000833784F9D8CB8327C4FEF9A88327C4FC5C
:10D38000032704FD3A86BE8517450700130505B03F
:10D39000EF705F84AA872326F4FE835764FA8127FF
:10D3A0000327C4FDB99F81273E868327C4FE035708
:10D3B00044FABE8697450700938545AD033584FA48
:10D3C000EF608FC42330A4FE833704FEADEF8337B4
:10D3D00084F913076003D8CBF957BDA8835764FAC3
:10D3E00081270327C4FDB99F81278527812703272C
:10D3F000C4FEB99F812785271B870700835744FAFE
:10D400008127635BF702835764FA81270327C4FDF2
:10D41000B99F81273E87833784FABA970327C4FED2
:10D420003A8697450700938565A63E85EF70CFEC59
:10D43000AA872326F4FE01A8833784F91307600323
:10D44000D8CBF95711A80327C4FD8327C4FEB99F81
:10D45000232EF4FC8327C4FD3E85A6700674656107
:10D460008280157186EDA2E9A6E5CAE18011233C10
:10D47000A4F2AE872334C4F22330D4F2231BF4F297
:10D48000232604FC231504FC231F04FC232204FC94
:10D49000232C04FC232004FC232A04FC930784F897
:10D4A0003E85EF501FA6930704FA014681453E854D
:10D4B000EF608FEE130704FA930784F8BA863E866E
:10D4C000833584F2174507001305C5F8EF606FB97F
:10D4D000AA872320F4FC833704F283C7070089CB93
:10D4E000930760032322F4F8F957232AF4FC85A953
:10D4F000032704FC974707009387C7F53E978337B8
:10D5000004F283C7C700BE853A85EF704FCBAA8768
:10D51000232CF4FC8357E4FD033784F3B306F700B0
:10D52000835764F31B8707008357E4FD8127BB07FC
:10D53000F74081278127130704F73A86BE85368591
:10D54000EF706F99AA872326F4FC8327C4FC8127F8
:10D5500063C207028327C4FCC217C1930357E4FDCB
:10D56000B99F231FF4FC832704F73E87A147631666
:10D57000F70231A08327C4FC232AF4FCCDA683271D
:10D5800044F73E87B7074000FD176318F700EFC068
:10D590004F8BAA878127232AF4F6930704F7BE85C9
:10D5A000174507001305858EEF708FC6AA872326BF
:10D5B000F4FC032704FC974707009387A7E9BA9771
:10D5C000032684FD8326C4FC1307405C97450700AF
:10D5D0009385C58B3E85EF602FA3AA872315F4FCA6
:10D5E0008357A4FC812789EB930760032322F4F877
:10D5F000F957232AF4FCA5A68357A4FC8127032707
:10D6000084FDB99F232CF4FC8357E4FD033784F396
:10D61000B306F700835764F31B8707008357E4FDC5
:10D620008127BB07F74081278127130704F73A8634
:10D63000BE853685EF708F9AAA872326F4FC832750
:10D64000C4FC812763D707008327C4FC232AF4FC8A
:10D6500039A68327C4FCC217C1930357E4FDB99FC1
:10D66000231FF4FC832784F73E87A1476300F7025A
:10D67000832784F73E87930790066309F700832783
:10D6800084F73E87930700056313F71C232E04FAE3
:10D69000232804FC8327C4F73E87FD576302F70E57
:10D6A000832784F70327C4F73A86BE85173507001A
:10D6B0001305C57DEF708FBCAA872326F4FC0327D2
:10D6C00004FC974707009387E7D8BA97032684FDA1
:10D6D0008326C4FC1307405C973507009385057BC0
:10D6E0003E85EF606F92AA872315F4FC8357A4FC54
:10D6F000812789EB930760032322F4F8F957232A43
:10D70000F4FCB1AC032784FD8327C4FCB99F232C10
:10D71000F4FC130620038945173507001305057728
:10D72000EF704FCBAA872326F4FC032704FC97470E
:10D730000700938727D2BA97032684FD8326C4FC6B
:10D740001307405C97350700938545743E85EF606D
:10D75000AF8BAA872315F4FC8357A4FC812789EBA0
:10D76000930760032322F4F8F957232AF4FCC5AA8F
:10D77000032784FD8327C4FCB99F232CF4FC05A256
:10D78000832784F7232CF4FA832704F7032744F72D
:10D79000930604F43686BA853E85EFB01FD403277E
:10D7A00084FB930704F4BA853E85EFF0DFA2AA87D5
:10D7B000232EF4FA8327C4FB8127F5C3232804FC16
:10D7C000B5A8832604FD032784FB930704F436865B
:10D7D000BA853E85EFF01F89AA878127232CF4F6AE
:10D7E000032704FC974707009387C7C6BA97032708
:10D7F00084FD42174193930604F71306405CBA85F3
:10D800003E85EFF09FA5AA872326F4FC8327C4FC5E
:10D810008127635AF000032784FD8327C4FCB99F46
:10D82000232CF4FC39A08327C4FC232AF4FC010038
:10D830003DA2832704FD85272328F4FC032704FD4C
:10D840008327C4FB01278127E36DF7F689A8032707
:10D8500004FC974707009387E7BFBA97032784FD27
:10D8600042174193930604F71306405CBA853E8540
:10D87000EFF0BF9EAA872326F4FC8327C4FC8127F0
:10D88000635AF000032784FD8327C4FCB99F232C2F
:10D89000F4FC39A08327C4FC232AF4FCC9A00100AE
:10D8A0008357E4FD033784F3BA9785453E85EF201F
:10D8B0003FE7AA87E38A07D48357E4FD8527231F20
:10D8C000F4FC173507001305655CEF704FBCAA87A1
:10D8D0002326F4FC032704FC97470700938787B7A8
:10D8E000BA97032684FD8326C4FC1307405C973552
:10D8F00007009385A5593E85EF501FF1AA87231590
:10D90000F4FC8357A4FC812789EB9307600323224F
:10D91000F4F8F957232AF4FC99A08357A4FC812733
:10D92000032784FDB99F232CF4FC01000357E4FD79
:10D93000835764F301278127E36EF7BC833704F232
:10D940009847832784FD8127635AF7009307600374
:10D950002322F4F8F957232AF4FC11A001008327AD
:10D9600044FD8127F1CB832744FD1B870700F9572E
:10D970006311F704032704FC97470700938787ADDB
:10D98000B304F700833704F203C9C700832744F8C0
:10D990003E85EF009FCEAA87812793F7F70F854634
:10D9A0003E86CA852685EF009FD5AA87232CF4FCE6
:10D9B00061A0832744FD1B870700FD57631AF70208
:10D9C000032704FC974707009387C7A83305F70090
:10D9D000833704F283C7C700832604F8032744F87B
:10D9E0003946BE85EF305FEFAA87232CF4FCA9A04F
:10D9F000832744FD1B870700F557631FF7020327A2
:10DA000004FC974707009387E7A4B304F700833724
:10DA100004F203C9C700832744F83E85EF60AFE6F0
:10DA2000AA87812793F7F70F3E86CA852685EF6080
:10DA30004FF0AA87232CF4FC032784FD832704FCE2
:10DA4000B99F2322F4FC032744FC930704FABA8607
:10DA500017460700130606A0BE85033584F2EF4083
:10DA60003FFAAA87232AF4FA0100EE604E64AE64FE
:10DA70000E692D618280397106FC22F88000233CFA
:10DA8000A4FCAE872334C4FC231BF4FC232604FE31
:10DA9000232404FE232204FE835764FD812793067A
:10DAA00044FE130784FE3A86BE85033584FDEF707D
:10DAB0008FBDAA872326F4FE8327C4FE812781EB2E
:10DAC0001745070013050599EF00003199A083273A
:10DAD000C4FE1B870700FD57630DF702EFB07FB64A
:10DAE000AA871B870700832784FE81276363F702C9
:10DAF000EFB03FB5AA871B870700832744FE812725
:10DB000063E9E700174507001305C594EF00C02C33
:10DB100001000100E270427421618280397106FCCB
:10DB200022F88000233CA4FCAE872334D4FC2330AD
:10DB3000E4FC232AF4FCB287A309F4FCA30704FE47
:10DB4000833784FC094798C3833784FD83C7270044
:10DB50003E879D476318F70A833784FDA1073E85FA
:10DB6000EF409FBDAA87C9EB834734FD93C71700D9
:10DB700093F7F70F99CF833784FDA1073E85EF40D8
:10DB80009FB6AA8799E7833704FC1307500298C30E
:10DB9000B5A8834734FD93C7170093F7F70F9DC3CC
:10DBA000833784FDA1073E85EF40DFBBAA8793C77B
:10DBB000170093F7F70F99C7833704FC1307500238
:10DBC00098C3A9A0833784FDA1073E85EF40BFB16C
:10DBD0002A87832744FDC217C19363FBE70083377D
:10DBE00084FC0D4798C3833704FC514798C339A878
:10DBF0008547A307F4FE19A8833704FC1307900296
:10DC000098C329A0833704FC254798C38347F4FEB3
:10DC10003E85E270427421618280397122FC80006D
:10DC2000233CA4FCAE872334C4FC2330D4FCA30BD8
:10DC3000F4FC8547A307F4FE833784FD03C7270060
:10DC4000834774FD93F7F70F638CE700A30704FE87
:10DC5000833784FC094798C3833704FC254798C35E
:10DC60008347F4FE3E85627421618280597186F497
:10DC7000A2F080182334A4FAAE87233CC4F82338DA
:10DC8000D4F82313F4FA232604FE232404FE2322CB
:10DC900004FE930784FB3E85EF50AFA6930704FD77
:10DCA000014681453E85EF503FEF130704FD930782
:10DCB00084FBBA863E86833584F917350700130541
:10DCC0006579EF501FBAAA872324F4FE032784FE48
:10DCD00097370700938707783E97833704F983C700
:10DCE000C7002546BE853A85EF60AFC4AA872326C4
:10DCF000F4FE032784FE8327C4FEB99F2324F4FE89
:10DD0000032784FE930704FDBA861736070013061F
:10DD10006674BE85033584F9EF409FCEAA8723221F
:10DD2000F4FE0100A6700674656182801D7186ECA8
:10DD3000A2E8A6E4CAE08010233CA4FA2338B4FA8F
:10DD40002334C4FA232E04FC232C04FC930704FC84
:10DD50003E85EF500F9B033504FBEF50CFA30146E8
:10DD60008145033584FAEF503FE3930704FC833683
:10DD700084FA3E86833504FB033584FBEF507FAE87
:10DD8000AA87232CF4FC832784FD033784FBB30488
:10DD9000F700EFB01F8BAA871B890700EFB09FA881
:10DDA000AA873E878D461306405CCA852685EF50BC
:10DDB0008FADAA87232EF4FC032784FD8327C4FD9F
:10DDC000B99F232CF4FC832784FD3E85E6604664DE
:10DDD000A6640669256182805D7186E4A2E0800800
:10DDE000233CA4FA232604FE232404FE130704FC88
:10DDF000930704FD3A86BE85033584FBEFF01FF3DD
:10DE0000AA872326F4FE8326C4FE130704FC930787
:10DE100004FD033684FBBA853E85EF407FBEAA87AA
:10DE20002324F4FE0100A6600664616182801D71F6
:10DE300086ECA2E880102334A4FAAE87328723222E
:10DE4000F4FABA872320F4FA232604FE232404FEDE
:10DE5000232204FE930784FB3E85EF508F8A9307AD
:10DE600004FD014681453E85EF501FD3130704FD95
:10DE7000930784FBBA863E86833584FA17350700FC
:10DE80001305455DEF50FF9DAA872324F4FE032769
:10DE900084FE973707009387E75BBA97832604FAD7
:10DEA000032744FA3686BA853E85EF60FFEFAA87DE
:10DEB0002326F4FE032784FE8327C4FEB99F232470
:10DEC000F4FE032784FE930704FDBA861736070085
:10DED00013064658BE85033584FAEF407FB2AA8701
:10DEE0002322F4FE0100E6604664256182803971D8
:10DEF00006FC22F88000AA872E872326F4FCBA8726
:10DF00002324F4FCEF502F91AA8793C7170093F7AF
:10DF1000F70F95E3930784FD3E85EF50CF87832667
:10DF200084FC0327C4FC930784FD3686BA853E85AE
:10DF3000EFF0FFEF11A00100E270427421618280D6
:10DF4000011106EC22E80010AA872E872326F4FE92
:10DF5000BA872324F4FE032784FE8327C4FEBA85F0
:10DF60003E85EFF0DFF80100E260426405618280E7
:10DF7000797122F40018F32740F12334F4FE83373B
:10DF800084FE2330F4FE37070002833704FE8A073D
:10DF9000BA9723A0070037070002833704FE8A07D9
:10DFA000BA979C438127232EF4FC8327C4FD0100EC
:10DFB000227445618280011106EC22E800102334AE
:10DFC000A4FE154697D500009385C56117450C0042
:10DFD000130545E1EF00EED497A500009385853049
:10DFE00017450C00130505E0EF00CEC60100E26006
:10DFF000426405618280357106ED22E90011F32744
:10E0000040F12334F4FE833784FE2330F4FE2322D0
:10E0100004F6EFF0FFF5F3674430233CF4FC7300A3
:10E020005010F32740342338F4FC833704FDA18BD0
:10E03000FDD7EFF0FFF3EFF0DDB40D46F167938508
:10E04000072017450C001305E5D9EF006EA797A52B
:10E0500000009385252B17450C001305A5D8EF006C
:10E060006EBF014697050000938525F517450C0006
:10E07000130545D7EF000ED817450C00130585D6BC
:10E08000EF00FE89832744F68127852781272322F5
:10E09000F4F6832744F681273E87B7071000E31381
:10E0A000F7FE232204F6930784F6033604FE97A5B1
:10E0B0000000938525273E85EF403005930784F6C1
:10E0C0003E85EF40700CAA871B870700930784F6F4
:10E0D0003A86BE8517450C001305C5D0EF004EA843
:10E0E00055B7011122EC0010F32740F12334F4FE60
:10E0F000833784FE2330F4FE97D700009387074EC2
:10E100009C43812785271B87070097D700009387AB
:10E11000E74C98C30100626405618280797122F442
:10E120000018F32740F12334F4FE833784FE2330B4
:10E13000F4FE37070002833704FE8A07BA9723A04C
:10E14000070037070002833704FE8A07BA979C430B
:10E150008127232EF4FC8327C4FD0100227445612E
:10E160008280011106EC22E800102334A4FE15463B
:10E1700097D500009385054817450C00130505CE7B
:10E18000EF002EBA97A500009385C51A17450C001D
:10E190001305C5CCEF000EAC0100E26042640561DE
:10E1A0008280357106ED22E90011F32740F1233416
:10E1B000F4FE833784FE2330F4FE232204F6EFF0CE
:10E1C000FFF5F3674430233CF4FC73005010F32751
:10E1D00040342338F4FC833704FDA18BFDD7EFF0E6
:10E1E000FFF3EFF01D9A0D46F16793850720174561
:10E1F0000C001305A5C6EF00AE8C97A50000938513
:10E20000651517450C00130565C5EF00AEA4014662
:10E2100097050000938525F517450C00130505C4E7
:10E22000EF004EBD17450C00130545C3EF002EEF60
:10E23000832744F68127852781272322F4F6832725
:10E2400044F681273E87B7071000E313F7FE232229
:10E2500004F6930784F6033604FE97A50000938521
:10E2600065113E85EF40606A930784F63E85EF4076
:10E27000A071AA871B870700930784F63A86BE859C
:10E2800017450C00130585BDEF008E8D55B70111A4
:10E2900022EC0010F32740F12334F4FE833784FE90
:10E2A0002330F4FE97D70000938747349C4381279F
:10E2B00085271B87070097D700009387273398C3CC
:10E2C0000100626405618280797122F40018F327ED
:10E2D00040F12334F4FE833784FE2330F4FE370705
:10E2E0000002833704FE8A07BA9723A00700370786
:10E2F0000002833704FE8A07BA979C438127232EA6
:10E30000F4FC8327C4FD0100227445618280011161
:10E3100006EC22E800102334A4FE154697D5000031
:10E320009385452E17450C001305C58DEF006E9F94
:10E3300097A500009385050517450C001305858CEE
:10E34000EF004E910100E260426405618280357108
:10E3500006ED22E90011F32740F12334F4FE833760
:10E3600084FE2330F4FE232204F6EFF0FFF5F3677A
:10E370004430233CF4FC73005010F327403423381E
:10E38000F4FC833704FDA18BFDD7EFF0FFF3EFF032
:10E390004DFF0D46F1679385072017450C001305C7
:10E3A0006586EFF0FDF197A500009385A5FF174561
:10E3B0000C0013052585EF00EE8901469705000046
:10E3C000938525F517450C001305C583EF008EA234
:10E3D00017450C0013050583EF006ED4832744F620
:10E3E0008127852781272322F4F6832744F6812776
:10E3F0003E87B7071000E313F7FE232204F69307C6
:10E4000084F6033604FE97A500009385A5FB3E85A0
:10E41000EF40A04F930784F63E85EF40E056AA8771
:10E420001B870700930784F63A86BE8517350C00D4
:10E430001305457DEFF0DDF255B7011122EC001018
:10E44000F32740F12334F4FE833784FE2330F4FEB7
:10E4500097D700009387871A9C43812785271B87BE
:10E46000070097D700009387671998C3010062647B
:10E4700005618280797122F40018F32740F123347A
:10E48000F4FE833784FE2330F4FE3707000283371F
:10E4900004FE8A07BA9723A00700370700028337D4
:10E4A00004FE8A07BA979C438127232EF4FC832716
:10E4B000C4FD0100227445618280011106EC22E84E
:10E4C00000102334A4FE154697D5000093858514CB
:10E4D00017450C00130585A7EF00AE8497A5000033
:10E4E000938545EF17450C00130545A6EFF09DF603
:10E4F0000100E260426405618280357106ED22E927
:10E500000011F32740F12334F4FE833784FE2330D7
:10E51000F4FE232204F6EFF0FFF5F3674430233CCA
:10E52000F4FC73005010F32740342338F4FC833795
:10E5300004FDA18BFDD7EFF0FFF3EFF08DE40D4666
:10E54000F1679385072017450C00130525A0EFF010
:10E550003DD797A500009385E5E917450C00130505
:10E56000E59EEFF03DEF014697050000938525F508
:10E5700017450C001305859DEF00CE8717450C004D
:10E580001305C59CEF00AEB9832744F68127852784
:10E5900081272322F4F6832744F681273E87B70795
:10E5A0001000E313F7FE232204F6930784F60336E4
:10E5B00004FE97A500009385E5E53E85EF40E03435
:10E5C000930784F63E85EF40203CAA871B8707000F
:10E5D000930784F63A86BE8517450C001305059708
:10E5E000EFF01DD855B7011122EC0010F32740F1D0
:10E5F0002334F4FE833784FE2330F4FE97D70000E3
:10E600009387C7009C43812785271B87070097D7DF
:10E6100000009387A7FF98C30100626405618280B0
:10E62000797122F40018F32740F12330F4FE833788
:10E6300004FE233CF4FC033784FD914763EFE7209D
:10E64000833784FD1397270097A70000938747DD42
:10E65000BA979C431B87070097A70000938747DC66
:10E66000BA978287232604FE15A03707000C83661D
:10E67000C4FE856793870780B6978A07BA9723A059
:10E6800007008327C4FE85272326F4FE8327C4FEC4
:10E690001B8707009547E3FAE7FC3707000CB7072D
:10E6A0002000BA9723A0070055AA232604FE35A808
:10E6B0003707000C8366C4FE856793870782B69789
:10E6C0008A07BA9723A007003707000C8366C4FEA9
:10E6D000856793870784B6978A07BA9723A00700B0
:10E6E0008327C4FE85272326F4FE8327C4FE1B87C9
:10E6F00007009547E3FEE7FA3707000CB71720003D
:10E70000BA9723A007003707000CB7272000BA9755
:10E710001D4798C3A1A2232604FE35A83707000C85
:10E720008366C4FE856793870786B6978A07BA977C
:10E7300023A007003707000C8366C4FE8567938714
:10E740000788B6978A07BA9723A007008327C4FED5
:10E7500085272326F4FE8327C4FE1B8707009547E1
:10E76000E3FEE7FA3707000CB7372000BA9723A07B
:10E7700007003707000CB7472000BA971D4798C31A
:10E78000F1A8232604FE35A83707000C8366C4FED3
:10E7900085679387078AB6978A07BA9723A00700E9
:10E7A0003707000C8366C4FE85679387078CB6978E
:10E7B0008A07BA9723A007008327C4FE852723264C
:10E7C000F4FE8327C4FE1B8707009547E3FEE7FAA4
:10E7D0003707000CB7572000BA9723A00700370768
:10E7E000000CB7672000BA971D4798C385A8232659
:10E7F00004FE35A83707000C8366C4FE856793873F
:10E80000078EB6978A07BA9723A007003707000C30
:10E810008366C4FE856793870790B6978A07BA9781
:10E8200023A007008327C4FE85272326F4FE832721
:10E83000C4FE1B8707009547E3FEE7FA3707000C85
:10E84000B7772000BA9723A007003707000CB787D7
:10E850002000BA971D4798C311A0010085679B87C8
:10E860000780F3A747302338F4FC01002274456188
:10E8700082805D7186E4A2E080082334A4FCAE8728
:10E88000233CC4FA2313F4FC232604FE232404FEB1
:10E89000232204FE232004FE231F04FC1307E4FDAF
:10E8A000930604FE130644FE930784FEBE850335DB
:10E8B00084FCEF40BF8DAA872326F4FE8327C4FE85
:10E8C0001B870700FD57630CF700832784FE03278F
:10E8D00044FE033684FBBA853E85EF000F840100B9
:10E8E000A660066461618280411106E422E00008AE
:10E8F0000145EFB05FEA97F5FFFF938505182145C5
:10E90000EF007F82970500009385E5F60145EF0053
:10E910009F8117F5FFFF1305A535EF00CFFE97E5A3
:10E92000FFFF938585303145EF002FFA97F5FFFF04
:10E93000938565B33945EF004FF997E5FFFF938560
:10E94000256D3145EF00BF910100A26002644101D5
:10E950008280797122F400182334A4FEAE87233C10
:10E96000C4FC2338D4FC2322F4FE97D700009387FD
:10E97000E7CA9C631387170097D70000938707CADD
:10E9800098E30100227445618280397106FC22F807
:10E9900080002334A4FE233CC4FC2338E4FC23344D
:10E9A000F4FCAE872322F4FEB6872320F4FE97D72B
:10E9B00000009387A7C79C4381273E878547631440
:10E9C000F704832704FE1B870700916763F5E700C0
:10E9D00091672320F4FE836704FE3E86833584FD21
:10E9E000179514001305050EEF30D00B97D70000D4
:10E9F000938707C4032704FE98C397D70000938723
:10EA0000E7C2094798C3976714009387A71BDC43A5
:10EA10008127A1E7976714009387C71A032744FE4D
:10EA200098CF976714009387E719033784FD98F30D
:10EA30009767140093870719032704FE98D79767F1
:10EA4000140093872718033704FD98FB9767140079
:10EA500093874717033784FC98FF054781460336A1
:10EA600084FD8145033584FEEF205E88976714009E
:10EA700093874715DC43812785271B870700976706
:10EA8000140093872714D8C397D70000938707BC37
:10EA90009C631387170097D70000938727BB98E3E1
:10EAA0000100E270427421618280011106EC22E8CB
:10EAB000001017D514001305E500EF103EC997D7D5
:10EAC0001400938727001307F003F8CB97D714009F
:10EAD000938747FF238C070497D71400938787FEFB
:10EAE0007157A38CE70497D714009387A7FD238D54
:10EAF000070497D714009387E7FC4947A38DE704E1
:10EB000097D71400938707FC13074003238EE7046D
:10EB100097D71400938707FB13078005A38EE7049C
:10EB200097D71400938707FA054723A6E70C938726
:10EB30008188174710001307675298E397D714008E
:10EB4000938747F82D47B8D397D71400938787F753
:10EB500013070008D8C397D714009387A7F6054773
:10EB6000F8D397D714009387E7F54147B8D797D7DD
:10EB70001400938727F5114798C397D714009387FC
:10EB800067F41767FEFF1307070B98EF97D714007A
:10EB9000938747F31767FEFF1307C71B98F397D7B1
:10EBA0001400938727F21767FEFF1307872C98F747
:10EBB00097D71400938707F11767FEFF1307278F76
:10EBC00098E797D714009387E7EF1767FEFF1307BF
:10EBD00067D198EB97D714009387C7EE1757FEFFBE
:10EBE0001307C7F598FB97D714009387A7ED17571E
:10EBF000FEFF1307C7F698FF93878188986397579E
:10EC000012009387A7C6631AF70097D7140093875B
:10EC100067EB13077005A38EE704938781889C63D5
:10EC200097D51400938505EA3E85EF009EE2938711
:10EC300081889C639C679C431B870700938781881E
:10EC40009C639C675D9B012798C3938781889C6325
:10EC50009C67094723A0E75A938781889C639C6738
:10EC60009C431B870700938781889C639C6713677D
:10EC70008700012798C3938781889C63170600004B
:10EC8000130666CD81453E85EF309EAB9387818824
:10EC90009C6317060000130686CF81453E85EF3042
:10ECA000DEAF232604FEB5A08327C4FE1B87070022
:10ECB000FD476307F7029387818888630327C4FEB3
:10ECC000BA878A07BA97AE0717370700130787D6A0
:10ECD000BA97014781463E868145EF202EE12DA05F
:10ECE0009387818888630327C4FEBA878A07BA9707
:10ECF000AE07173707001307E7D3BA977D5781464A
:10ED00003E868145EF208EDE8327C4FE852723269D
:10ED1000F4FE8327C4FE3E87FD47E3F7E7F80100D2
:10ED2000E260426405618280011106EC22E8001075
:10ED300097D7000093870792986397D7000093872F
:10ED4000E7919C636361F70E938781889C6317D674
:10ED5000000013063691938541893E85EF108EF4AD
:10ED6000AA873E8797D700009387C78F2380E70045
:10ED700097671400938707E59C471B87070097D781
:10ED800000009387278E83C7070093F7F70F81272B
:10ED90006307F70297D700009387C78C83C70700E4
:10EDA00093F7F70F1B87070097671400938787E196
:10EDB00098C7976714009387E7E0054798CB976754
:10EDC00014009387A7649C433E85EF307FB7976715
:10EDD00014009387A763984397671400938707638A
:10EDE000DC47F98F2326F4FE9767140093870762A8
:10EDF000DC4793C7F7FF1B8707008327C4FED98F23
:10EE00002326F4FE8327C4FE3E85EF309FB597D7B7
:10EE10000000938727849C631387A70F97D7000070
:10EE20009387C78398E30100E260426405618280B2
:10EE3000411122E4000897D700009387A7819C63C3
:10EE40001387570097D700009387C78098E3010086
:10EE5000226441018280011106EC22E80010735007
:10EE600000347350203473501034EFF06FFB0145C1
:10EE7000EF10B0600100E2604264056182801571AC
:10EE800086EDA2E98011930784F29795000093859F
:10EE9000655A3E85EF307027938701889C6313077E
:10EEA00084F2BA853E85EFF0EDDA930784F2979508
:10EEB00000009385A55B3E85EF3030259387018860
:10EEC0009C63130784F2BA853E85EFF0ADD89307B3
:10EED00084F2979500009385E55B3E85EF30F02244
:10EEE000938701889C63130784F2BA853E85EFF00F
:10EEF0006DD6938781889C639C67DC43812793F759
:10EF00000702812791C7979700009387A75A29A0E6
:10EF1000979700009387075B130784F23E869795C7
:10EF200000009385A55A3A85EF30301E93870188FB
:10EF30009C63130784F2BA853E85EFF0ADD1930749
:10EF400084F2979500009385E55B3E85EF30F01BDA
:10EF5000938701889C63130784F2BA853E85EFF09E
:10EF60006DCF930784F2979500009385255C3E85CD
:10EF7000EF30B019938701889C63130784F2BA8538
:10EF80003E85EFF02DCD930784F297950000938591
:10EF9000655C3E85EF307017938701889C6313078B
:10EFA00084F2BA853E85EFF0EDCA930784F2979517
:10EFB00000009385A55C3E85EF303015938701886E
:10EFC0009C63130784F2BA853E85EFF0ADC8938742
:10EFD00081889C639C67DC438127A18B812791C733
:10EFE000979700009387074E29A097970000938773
:10EFF000674C130784F23E869795000093858559E8
:10F000003A85EF309010938701889C63130784F250
:10F01000BA853E85EFF00DC497C7000093878761DE
:10F020009C43812791C7979700009387A74929A000
:10F030009797000093870748130784F23E869795B9
:10F0400000009385A5583A85EF30300C93870188EE
:10F050009C63130784F2BA853E85EFF0ADBF41454E
:10F06000EFB0BE84AA87812791E797970000938726
:10F07000675929A0979700009387C759130784F20F
:10F080003E8697950000938565593A85EF30F007E5
:10F09000938701889C63130784F2BA853E85EFF05D
:10F0A0006DBB938781889C639C67DC438127C18B00
:10F0B000812791C7979700009387C74029A097970A
:10F0C00000009387273F130784F23E869795000040
:10F0D0009385C5573A85EF305003938701889C6329
:10F0E000130784F2BA853E85EFF0CDB6930784F21C
:10F0F00097950000938505593E85EF301001938761
:10F1000001889C63130784F2BA853E85EFF08DB4C5
:10F11000930784F2979500009385C5583E85EF309C
:10F12000C07E938701889C63130784F2BA853E856D
:10F13000EFF04DB2930784F2979500009385055840
:10F140003E85EF30807C938701889C63130784F2AF
:10F15000BA853E85EFF00DB0930784F297950000D5
:10F16000938545583E85EF30407A938701889C63AC
:10F17000130784F2BA853E85EFF0CDAD97C7000046
:10F180009387874A9C43812791C79797000093876D
:10F19000673329A0979700009387C731130784F23C
:10F1A0003E86979500009385E5573A85EF30E075E8
:10F1B000938701889C63130784F2BA853E85EFF03C
:10F1C0006DA90100EE604E642D618280157186ED9F
:10F1D000A2E9801197C70000938707459C438127C8
:10F1E000638F0730938781889863B7070200BA97C7
:10F1F00083A7C7793E8789476313F714938781886C
:10F200009C633E85EF604E85976714009387878FD8
:10F2100083D747003E87A167FD177D8F97C7000002
:10F220009387C7449C633E9797C700009387074422
:10F2300098E3975714009387E76F83D767023E8759
:10F2400097C70000938707439C633E9797C70000CA
:10F250009387474298E3975714009387A76D83D706
:10F2600087023E8797C70000938747419C633E977C
:10F2700097C700009387874098E3975714009387B8
:10F28000676B83D7A7023E8797C700009387873FA6
:10F290009C633E9797C700009387C73E98E39757B4
:10F2A00014009387276D83D707023E879167FD1768
:10F2B0007D8F97C700009387673D9C633E9797C7F4
:10F2C00000009387A73C98E3975714009387876AB9
:10F2D00083D7270213F7F70F97C700009387873B61
:10F2E0009C633E9797C700009387C73A98E3975768
:10F2F00014009387276883D747023E879167FD17DD
:10F300007D8F97C70000938767399C633E9797C7A7
:10F3100000009387A73898E3975714009387876571
:10F3200083D7670213F7F70F97C7000093878737D4
:10F330009C633E9797C700009387C73698E39387EF
:10F3400081889863B7070200BA9783A7C7793E8779
:10F35000A1476318F700938781889C633E85EF403F
:10F360005ECB938781889863B7070200BA9783A71B
:10F37000C7793E8791476313F70A938781889C6317
:10F380003E85EF503EBF975714009387A73C83D725
:10F3900047003E87A167FD177D8F97C700009387C1
:10F3A000E72C9C633E9797C700009387272C98E330
:10F3B000975714009387073283D767023E8797C712
:10F3C00000009387272B9C633E9797C70000938785
:10F3D000672A98E3975714009387C72F83D787022C
:10F3E0003E8797C70000938767299C633E9797C71E
:10F3F00000009387A72898E3975714009387872DD9
:10F4000083D7A7023E8797C700009387A7279C63EF
:10F410003E9797C700009387E72698E393878188F4
:10F420009863B7070200BA9783A7C7793E87930707
:10F4300000026313F70A938781889C633E85EF601F
:10F440006EAF975714009387E77183D747003E87C5
:10F45000A167FD177D8F97C70000938727219C63C5
:10F460003E9797C700009387672098E3975714004B
:10F470009387476B83D767023E8797C700009387C0
:10F48000671F9C633E9797C700009387A71E98E36A
:10F49000975714009387076983D787023E8797C7DA
:10F4A00000009387A71D9C633E9797C70000938732
:10F4B000E71C98E3975714009387C76683D7A70282
:10F4C0003E8797C700009387E71B9C633E9797C7CB
:10F4D00000009387271B98E3938781889863B70779
:10F4E0000200BA9783A7C7793E8793070004631881
:10F4F000F700938781889C633E85EF406EE8938791
:10F5000081889863B7070200BA9783A7C7793E87B7
:10F5100089476313F728930704F2979500009385B2
:10F52000E5233E85EF30603E938701889C63130797
:10F5300004F2BA853E85EFE0FDF197C7000093879E
:10F54000E7129863930704F23A8697950000938533
:10F5500065223E85EF30603B938701889C631307EB
:10F5600004F2BA853E85EFE0FDEE97C70000938771
:10F5700067109863930704F23A8697950000938585
:10F58000E5213E85EF306038938701889C6313073F
:10F5900004F2BA853E85EFE0FDEB97C70000938744
:10F5A000E70E9863930704F23A86979500009385D7
:10F5B00065213E85EF306035938701889C63130792
:10F5C00004F2BA853E85EFE0FDE897C70000938717
:10F5D000670C9863930704F23A8697950000938529
:10F5E000E5203E85EF306032938701889C631307E6
:10F5F00004F2BA853E85EFE0FDE597C700009387EA
:10F60000E7099863930704F23A869795000093857B
:10F6100065203E85EF30602F938701889C63130738
:10F6200004F2BA853E85EFE0FDE297C700009387BC
:10F6300067079863930704F23A86979500009385CD
:10F64000E51F3E85EF30602C938701889C6313078C
:10F6500004F2BA853E85EFE0FDDF97C7000093878F
:10F66000E7019863930704F23A8697950000938523
:10F67000651F3E85EF306029938701889C631307DF
:10F6800004F2BA853E85EFE0FDDC97C70000938762
:10F6900067FF9863930704F23A8697950000938575
:10F6A000E51E3E85EF306026938701889C63130733
:10F6B00004F2BA853E85EFE0FDD99387818898638F
:10F6C000B7070200BA9783A787793E87A1476315DA
:10F6D000F70C930704F2979500009385A51D3E85CE
:10F6E000EF30A022938701889C63130704F2BA8548
:10F6F0003E85EFE03DD6975714009387272A83D79E
:10F7000007001B870700930704F23A8697950000CD
:10F710009385C51B3E85EF30401F938701889C630E
:10F72000130704F2BA853E85EFE0DDD29757140047
:10F730009387C72683D727001B870700930704F208
:10F740003A86979500009385651A3E85EF30E01B59
:10F75000938701889C63130704F2BA853E85EFE026
:10F760007DCF975714009387672383D787001B8724
:10F770000700930704F23A869795000093850519D0
:10F780003E85EF308018938701889C63130704F24D
:10F79000BA853E85EFE01DCC938781889863B707D3
:10F7A0000200BA9783A7C7793E879147630FF70096
:10F7B000938781889863B7070200BA9783A7C779B0
:10F7C0003E87930700026314F70E930704F29795A0
:10F7D00000009385A5F83E85EF30201393870188BC
:10F7E0009C63130704F2BA853E85EFE0BDC697C758
:10F7F00000009387A7E79863930704F23A869795EA
:10F800000000938525F73E85EF302010938701880F
:10F810009C63130704F2BA853E85EFE0BDC397C72A
:10F820000000938727E59863930704F23A8697953B
:10F8300000009385A5F63E85EF30200D9387018863
:10F840009C63130704F2BA853E85EFE0BDC097C7FD
:10F8500000009387A7E29863930704F23A8697958E
:10F860000000938525003E85EF30200A93870188AC
:10F870009C63130704F2BA853E85EFE0BDBD97C7D0
:10F880000000938727E09863930704F23A869795E0
:10F8900000009385A5FF3E85EF3020079387018800
:10F8A0009C63130704F2BA853E85EFE0BDBA9387E7
:10F8B00081889863B7070200BA9783A7C7793E8704
:10F8C000A1476314F750930704F2979500009385BE
:10F8D00065063E85EF306003938701889C631307BC
:10F8E00004F2BA853E85EFE0FDB697571400938782
:10F8F00067D883D707001B870700930704F23A866F
:10F9000097950000938505043E85EF3000009387AE
:10F9100001889C63130704F2BA853E85EFE09DB32E
:10F9200097571400938707D583D727001B870700B5
:10F93000930704F23A8697950000938525043E8547
:10F94000EF20B07C938701889C63130704F2BA858B
:10F950003E85EFE03DB0975714009387A7D183D73A
:10F9600087001B870700930704F23A8697950000EB
:10F97000938545043E85EF205079938701889C63E9
:10F98000130704F2BA853E85EFE0DDAC975714000B
:10F99000938747CE83D7A7001B870700930704F2FE
:10F9A0003A8697950000938565043E85EF20F075B3
:10F9B000938701889C63130704F2BA853E85EFE0C4
:10F9C0007DA9975714009387E7CA83D7C7001B8781
:10F9D0000700930704F23A86979500009385850403
:10F9E0003E85EF209072938701889C63130704F291
:10F9F000BA853E85EFE01DA697571400938787C709
:10FA000083D7E7001B870700930704F23A86979590
:10FA100000009385A5043E85EF20306F9387018811
:10FA20009C63130704F2BA853E85EFE0BDA29757A9
:10FA30001400938727C483D707011B870700930708
:10FA400004F23A86979500009385C5043E85EF2021
:10FA5000D06B938701889C63130704F2BA853E85B7
:10FA6000EFE05D9F975714009387C7C083D72701A6
:10FA70001B870700930704F23A8697950000938549
:10FA8000E5043E85EF207068938701889C63130727
:10FA900004F2BA853E85EFE0FD9B975714009387EB
:10FAA00067BD83D747011B870700930704F23A8697
:10FAB00097950000938505053E85EF201065938797
:10FAC00001889C63130704F2BA853E85EFE09D9898
:10FAD00097571400938707BA83D7E7011B8707005E
:10FAE000930704F23A8697950000938525053E8595
:10FAF000EF20B061938701889C63130704F2BA85F5
:10FB00003E85EFE03D95975714009387A7B683D7BE
:10FB100007021B870700930704F23A8697950000B7
:10FB2000938545053E85EF20505E938701889C6351
:10FB3000130704F2BA853E85EFE0DD919757140074
:10FB4000938747B383D727021B870700930704F2E5
:10FB50003A8697950000938565053E85EF20F05A1B
:10FB6000938701889C63130704F2BA853E85EFE012
:10FB70007D8E975714009387E7AF83D767021B8763
:10FB80000700930704F23A86979500009385850550
:10FB90003E85EF209057938701889C63130704F2FA
:10FBA000BA853E85EFE01D8B97571400938787AC8D
:10FBB00083D787021B870700930704F23A8697953D
:10FBC00000009385A5053E85EF203054938701887A
:10FBD0009C63130704F2BA853E85EFE0BD87975713
:10FBE00014009387A79183D747001B8707009307CB
:10FBF00004F23A86979500009385C5053E85EF206F
:10FC0000D050938701889C63130704F2BA853E8520
:10FC1000EFE05D84975714009387478E83D7A70042
:10FC20001B870700930704F23A8697950000938597
:10FC3000E5053E85EF20704D938701889C6313078F
:10FC400004F2BA853E85EFE0FD8097571400938754
:10FC5000E78A83D7E7001B870700930704F23A86F9
:10FC600097950000938505063E85EF20104A9387FF
:10FC700001889C63130704F2BA853E85EFE08DFD91
:10FC8000975714009387878783D747021B870700FE
:10FC9000930704F23A8697950000938525063E85E2
:10FCA000EF20B046938701889C63130704F2BA855E
:10FCB0003E85EFE02DFA975714009387278483D76A
:10FCC000E7021B870700930704F23A869795000026
:10FCD000938545063E85EF205043938701889C63BA
:10FCE000130704F2BA853E85EFE0CDF6938781884D
:10FCF0009863B7070200BA9783A787793E87A14721
:10FD00006315F70C930704F297950000938585BA65
:10FD10003E85EF20903F938701889C63130704F290
:10FD2000BA853E85EFE00DF3974714009387877AF5
:10FD300083D707001B870700930704F23A8697953D
:10FD400000009385A5023E85EF20303C9387018813
:10FD50009C63130704F2BA853E85EFE0ADEF974749
:10FD600014009387277783D727001B870700930703
:10FD700004F23A86979500009385C5023E85EF20F0
:10FD8000D038938701889C63130704F2BA853E85B7
:10FD9000EFE04DEC974714009387C77383D7870034
:10FDA0001B870700930704F23A8697950000938516
:10FDB000E5023E85EF207035938701889C63130729
:10FDC00004F2BA853E85EFE0EDE8232604FEB9A0F3
:10FDD000938781889C630327C4FEBA853E85EF1014
:10FDE0002EBFAA871B87070097260C00938686C420
:10FDF0008367C4FE8A07B6979C43B99F1B87070099
:10FE000097260C00938606C38367C4FE8A07B697BD
:10FE100098C38327C4FE85272326F4FE8327C4FEC8
:10FE20001B8707009307E002E314F7FA930704F235
:10FE300097950000938505FE3E85EF20102D938752
:10FE400001889C63130704F2BA853E85EFE08DE0DC
:10FE500097270C00938707BE9C43139707020193D3
:10FE6000930704F23A8697950000938525FC3E851A
:10FE7000EF20B029938701889C63130704F2BA85A9
:10FE80003E85EFE02DDD97270C009387A7BADC4372
:10FE9000139707020193930704F23A86979500009F
:10FEA000938545FB3E85EF205026938701889C6310
:10FEB000130704F2BA853E85EFE0CDD997270C00F1
:10FEC000938747B79C47139707020193930704F260
:10FED0003A8697950000938565FA3E85EF20F022DB
:10FEE000938701889C63130704F2BA853E85EFE08F
:10FEF0006DD697270C009387E7B3DC47139707026B
:10FF00000193930704F23A8697950000938585F94B
:10FF10003E85EF20901F938701889C63130704F2AE
:10FF2000BA853E85EFE00DD397270C00938787B005
:10FF30009C4B139707020193930704F23A86979517
:10FF400000009385A5F83E85EF20301C938701883B
:10FF50009C63130704F2BA853E85EFE0ADCF972787
:10FF60000C00938727ADDC4B13970702019393078F
:10FF700004F23A86979500009385C5F73E85EF20F9
:10FF8000D018938701889C63130704F2BA853E85D5
:10FF9000EFE04DCC97270C009387C7A99C4F139790
:10FFA00007020193930704F23A8697950000938520
:10FFB000E5F63E85EF207015938701889C63130753
:10FFC00004F2BA853E85EFE0EDC897270C009387D1
:10FFD00067A6DC4F139707020193930704F23A8652
:10FFE00097950000938505F63E85EF2010129387C4
:10FFF00001889C63130704F2BA853E85EFE08DC546
:020000040803EF
:1000000097270C00938707A39C531397070201932C
:10001000930704F23A8697950000938525F53E856F
:10002000EF20B00E938701889C63130704F2BA8512
:100030003E85EFE02DC297270C009387A79FDC53E6
:10004000139707020193930704F23A8697950000ED
:10005000938545F43E85EF20500B938701889C6380
:10006000130704F2BA853E85EFE0CDBE97270C005A
:100070009387479C9C57139707020193930704F2B9
:100080003A8697950000938565F33E85EF20F0074B
:10009000938701889C63130704F2BA853E85EFE0DD
:1000A0006DBB97270C009387E798DC5713970702DF
:1000B0000193930704F23A8697950000938585F2A1
:1000C0003E85EF209004938701889C63130704F218
:1000D000BA853E85EFE00DB897270C00938787958A
:1000E0009C5B139707020193930704F23A86979556
:1000F00000009385A5F13E85EF20300193870188AC
:100100009C63130704F2BA853E85EFE0ADB49727F0
:100110000C0093872792DC5B1397070201939307E8
:1001200004F23A86979500009385C5F03E85EF204E
:10013000C07D938701889C63130704F2BA853E85CE
:10014000EFE04DB197270C009387C78E9C5F139704
:1001500007020193930704F23A869795000093856E
:10016000E5EF3E85EF20607A938701889C63130753
:1001700004F2BA853E85EFE0EDAD97270C0093873A
:10018000678BDC5F139707020193930704F23A86AB
:1001900097950000938505EF3E85EF2000779387C4
:1001A00001889C63130704F2BA853E85EFE08DAAAF
:1001B00097270C0093870788BC4313970702019386
:1001C000930704F23A8697950000938525EE3E85C5
:1001D000EF20A073938701889C63130704F2BA850C
:1001E0003E85EFE02DA797270C009387A784FC435B
:1001F000139707020193930704F23A86979500003C
:10020000938545ED3E85EF204070938701889C6380
:10021000130704F2BA853E85EFE0CDA397270C00C3
:1002200093874781BC47139707020193930704F212
:100230003A8697950000938565EC3E85EF20E06C4B
:10024000938701889C63130704F2BA853E85EFE02B
:100250006DA097170C009387E77DFC471397070263
:100260000193930704F23A8697950000938585EBF6
:100270003E85EF208069938701889C63130704F211
:10028000BA853E85EFE00D9D97170C009387877A1E
:10029000BC4B139707020193930704F23A86979594
:1002A00000009385A5EA3E85EF20206693870188AC
:1002B0009C63130704F2BA853E85EFE0AD9997176A
:1002C0000C0093872777FC4B139707020193930742
:1002D00004F23A86979500009385C5E93E85EF20A4
:1002E000C062938701889C63130704F2BA853E8538
:1002F000EFE04D9697170C009387C773BC4F139789
:1003000007020193930704F23A86979500009385BC
:10031000E5E83E85EF20605F938701889C631307C3
:1003200004F2BA853E85EFE0ED9297170C009387B3
:100330006770FC4F139707020193930704F23A8604
:1003400097950000938505E83E85EF20005C938734
:1003500001889C63130704F2BA853E85EFE08D8F18
:1003600097170C009387076DBC53139707020193EF
:10037000930704F23A8697950000938525E73E851A
:10038000EF20A058938701889C63130704F2BA8575
:100390003E85EFE02D8C97170C009387A769FC53DF
:1003A000139707020193930704F23A86979500008A
:1003B000938545E63E85EF204055938701889C63F1
:1003C000130704F2BA853E85EFE0CD8897170C003D
:1003D00093874766BC57139707020193930704F26C
:1003E0003A8697950000938565E53E85EF20E051BC
:1003F000938701889C63130704F2BA853E85EFE07A
:100400006D8597170C009387E762FC5713970702D7
:100410000193930704F23A8697950000938585E44B
:100420003E85EF20804E938701889C63130704F27A
:10043000BA853E85EFE00D8297170C009387875FA2
:10044000BC5B139707020193930704F23A869795D2
:1004500000009385A5E33E85EF20204B938701881C
:100460009C63130704F2BA853E85EFD0BDFE971753
:100470000C009387275CFC5B13970702019393079B
:1004800004F23A86979500009385C5E23E85EF20F9
:10049000C047938701889C63130704F2BA853E85A1
:1004A000EFD05DFB97170C009387C758BC5F13977D
:1004B00007020193930704F23A869795000093850B
:1004C000E5E13E85EF206044938701889C63130734
:1004D00004F2BA853E85EFD0FDF797170C0093879D
:1004E0006755FC5F139707020193930704F23A865E
:1004F00097950000938505E13E85EF2000419387A5
:1005000001889C63130704F2BA853E85EFD09DF401
:1005100097170C009387075283A7070813970702C2
:100520000193930704F23A8697950000938505E0BE
:100530003E85EF20803D938701889C63130704F27A
:10054000BA853E85EFD01DF197170C009387874E33
:1005500083A74708139707020193930704F23A868B
:1005600097950000938505DF3E85EF20003A93873D
:1005700001889C63130704F2BA853E85EFD09DED98
:1005800097170C009387074B83A7870813970702D9
:100590000193930704F23A8697950000938505DE50
:1005A0003E85EF208036938701889C63130704F211
:1005B000BA853E85EFD01DEA97170C0093878747D1
:1005C00083A7C708139707020193930704F23A869B
:1005D00097950000938505DD3E85EF2000339387D6
:1005E00001889C63130704F2BA853E85EFD09DE62F
:1005F00097170C009387074483A7070913970702EF
:100600000193930704F23A8697950000938505DCE1
:100610003E85EF20802F938701889C63130704F2A7
:10062000BA853E85EFD01DE397170C00938787406E
:1006300083A74709139707020193930704F23A86A9
:1006400097950000938505DB3E85EF20002C93876E
:1006500001889C63130704F2BA853E85EFD09DDFC5
:1006600097170C009387073D83A787091397070205
:100670000193930704F23A8697950000938505DA73
:100680003E85EF208028938701889C63130704F23E
:10069000BA853E85EFD01DDC97170C00938787390C
:1006A00083A7C709139707020193930704F23A86B9
:1006B00097950000938505D93E85EF200025938707
:1006C00001889C63130704F2BA853E85EFD09DD85C
:1006D00097170C009387073683A7070A139707021B
:1006E0000193930704F23A8697950000938505D805
:1006F0003E85EF208021938701889C63130704F2D5
:10070000BA853E85EFD01DD597170C0093878732A9
:1007100083A7470A139707020193930704F23A86C7
:1007200097950000938505D73E85EF20001E93879F
:1007300001889C63130704F2BA853E85EFD09DD1F2
:1007400097170C009387072F83A7870A1397070231
:100750000193930704F23A8697950000938505D696
:100760003E85EF20801A938701889C63130704F26B
:10077000BA853E85EFD01DCE97170C009387872B47
:1007800083A7C70A139707020193930704F23A86D7
:1007900097950000938505D53E85EF200017938738
:1007A00001889C63130704F2BA853E85EFD09DCA89
:1007B00097170C009387072883A7070B1397070247
:1007C0000193930704F23A8697950000938505D428
:1007D0003E85EF208013938701889C63130704F202
:1007E000BA853E85EFD01DC797170C0093878724E5
:1007F00083A7470B139707020193930704F23A86E6
:1008000097950000938505D33E85EF2000109387D0
:1008100001889C63130704F2BA853E85EFD09DC31F
:100820000100EE604E642D618280517186F5A2F167
:100830008019233CA4F0AE87232AF4F0832744F1E7
:100840009BD787019B860700832744F19BD707012D
:10085000812793F7F70F1B870700832744F19BD766
:100860008700812793F7F70F1B860700832744F142
:1008700093F7F70F8127130584F23E88B28703367A
:1008800084F197950000938565CDEF20000893874C
:1008900001889C63130784F2BA853E85EFD09DBB27
:1008A0000100AE700E746D618280517186F5A2F107
:1008B0008019232604FE97B70000938727D723A02B
:1008C000070097B700009387A7D69C431B870700B4
:1008D000930704F23A86979500009385A5C93E8553
:1008E000EF20A002938701889C63130704F2BA8566
:1008F0003E85EFD03DB69DA20327C4FE930704F2C8
:100900003A86979500009385E5C83E85EF10F07F05
:10091000232404FEB9A00327C4FE832784FEB99FC5
:100920008127177714001307E719BA9783C70700C1
:100930001B870700930704F13A869795000093857B
:10094000E5C53E85EF10707C130704F1930704F2B0
:10095000BA853E85EF10D07F832784FE8527232428
:10096000F4FE832784FE1B870700BD47E3D5E7FA23
:10097000232404FE69A80327C4FE832784FEB99FAD
:100980008127177714001307E713BA9783C7070067
:100990003E87FD4763F8E7040327C4FE832784FEF0
:1009A000B99F8127177714001307C711BA9783C718
:1009B00007003E879307E00763E6E7020327C4FECC
:1009C000832784FEB99F1B870700977714009387BE
:1009D000670F3E97930704F20546BA853E85EF10F0
:1009E000D07B0DA0930704F23E85EF10F079AA8723
:1009F0003E87930704F2BA971307E0022380E700CB
:100A0000A3800700832784FE85272324F4FE832701
:100A100084FE1B870700BD47E3DFE7F4930704F27A
:100A20003E85EF107076AA873E87930704F2BA9747
:100A300029472380E7003547A380E700238107008B
:100A4000938701889C63130704F2BA853E85EFD033
:100A50007DA08327C4FEC1272326F4FE97B700009C
:100A6000938707BD9C431B8707008327C4FEBB07F2
:100A7000F74081273E87BD47E3E0E7E897B70000EE
:100A8000938707BB9C431B8707008327C4FE630E25
:100A9000F71A0327C4FE930704F23A8697950000DD
:100AA000938545AF3E85EF105066232404FEB9A020
:100AB0000327C4FE832784FEB99F8127177714007C
:100AC00013074700BA9783C707001B8707009307E0
:100AD00004F13A8697950000938545AC3E85EF106A
:100AE000D062130704F1930704F2BA853E85EF1034
:100AF0003066832784FE85272324F4FE97B7000001
:100B0000938707B39C4381271B8707008327C4FE75
:100B1000BB07F7401B870700832784FE8127E3C9B3
:100B2000E7F84147832784FEBB07F74081273E87CC
:100B3000BA879B971700B99F81273E87930704F2D6
:100B40003A86979500009385E5A53E85EF10F06401
:100B5000232404FE69A80327C4FE832784FEB99FCB
:100B60008127177714001307E7F5BA9783C70700A3
:100B70003E87FD4763F8E7040327C4FE832784FE0E
:100B8000B99F8127177714001307C7F3BA9783C754
:100B900007003E879307E00763E6E7020327C4FEEA
:100BA000832784FEB99F1B870700977714009387DC
:100BB00067F13E97930704F20546BA853E85EF102C
:100BC000D05D0DA0930704F23E85EF10F05BAA877D
:100BD0003E87930704F2BA971307E0022380E700E9
:100BE000A3800700832784FE85272324F4FE97B77C
:100BF00000009387E7A39C4381271B870700832777
:100C0000C4FEBB07F7401B870700832784FE8127AC
:100C1000E3C3E7F4930704F23E85EF10F056AA878A
:100C20003E87930704F2BA9729472380E7003547A8
:100C3000A380E70023810700938701889C63130743
:100C400004F2BA853E85EFD0FD8097B70000938708
:100C5000679E9C43812789CF97B700009387879D24
:100C60009C431B87070097B700009387279C98C376
:100C70000100AE700E746D6182804D7186E6A2E255
:100C8000800A233CA4EA233C04FCB727002023A4C9
:100C90000708B72700207D5723A2E7082D45EFD08E
:100CA0000D87EFB0CDF19387018898630D46F1670A
:100CB000938507203A85EFD0ADE0938701889C6348
:100CC00097950000938505933E85EFD0ADF8938707
:100CD00001889C63979500009385C5943E85EFD06D
:100CE0006DF7EFC01DEAEFD05FDCEFA06EA1B70794
:100CF00040001385D7FFEF801F96EFD05EBDEFD089
:100D0000BFBE97471400938767709C433E85EF10E2
:100D10003FC3974714009387676F98439747140022
:100D20009387C76EDC47F98F232AF4FC974714009A
:100D30009387C76DDC4793C7F7FF1B87070083279F
:100D400044FDD98F232AF4FC832744FD3E85EF1010
:100D50005FC1B167138507ACEF10DFC20145EF102B
:100D60005FBCEFD07FFCEFA02EA19387118983C7D2
:100D7000070095C397471400938747699C4381CF29
:100D80009387118923800700170507001305856CD9
:100D9000EFD08F8431A89387018983C7070089CB5F
:100DA0009387018923800700FD557D55EFD04F992A
:100DB00097B70000938787879C4381273E878947A1
:100DC0006314F700EFF07FAE97B700009387878733
:100DD0009C438127C5CB231104EE938781889863B8
:100DE000B7070200BA9783A787793E879147631DAB
:100DF000F700938781889C639C6783A7472081279E
:100E0000C217C1932311F4EE938781889863B707C3
:100E10000200BA9783A787793E87A1476317F70235
:100E2000938781889463938781889863B7070200CA
:100E3000BA9783A7077A93F7F70F0546BE853685DD
:100E4000EF000EA3AA872311F4EE835724EEC217F6
:100E5000C1938127918B812781CF938701889C63E0
:100E600097950000938505803E85EFD0ADDE19A8EB
:100E7000938701889C63978500009385257F3E8535
:100E8000EFD04DDD938701889C63130704EF05467F
:100E9000BA853E85EFD0EDE8233CA4FC833784FD82
:100EA000E38107EC834704EF3E8793071006631442
:100EB000F71A974714009387E7D42330F4FE9387FB
:100EC00001889C63978500009385C57A3E85EFD0A5
:100ED0006DD8938701889C63978500009385857AF8
:100EE0003E85EFD02DD7A1472326F4FEB9AA83373C
:100EF00004FE9C479BD787011B860700833704FEAF
:100F00009C479BD70701812793F7F70F9B86070024
:100F1000833704FE9C479BD78700812793F7F70F01
:100F20001B870700833704FE9C4793F7F70F812741
:100F3000130584EF9785000093854578EF10F01C2A
:100F4000230404F0938701889C63130784EFBA8518
:100F50003E85EFD02DD0833704FE83C707001B8664
:100F60000700833704FE83C717009B86070083377B
:100F700004FE83C727001B870700833704FE83C74F
:100F800037009B850700833704FE83C747001B8813
:100F90000700833704FE83C757008127130584EFBA
:100FA000BE88AE87978500009385C572EF10F01557
:100FB000938701889C63130784EFBA853E85EFD041
:100FC0006DC9833704FE83D7C7009BD78700C2173C
:100FD000C1931B9707011B570741833704FE83D733
:100FE000C70081279B97870081279B9707019BD785
:100FF0000741D98F9B9707019BD70741C217C19320
:101000001B870700833704FE83C7E7009B86070022
:10101000930784EF3A86978500009385A56D3E85FA
:10102000EF10B00E938701889C63130784EFBA8595
:101030003E85EFD02DC2833704FEC1072330F4FE76
:101040008327C4FEFD372326F4FE8327C4FE8127B1
:10105000E39F07E839B3834704EF3E879307100403
:10106000631FF700938701889C6397850000938531
:1010700065693E85EFD00DBEEF40BE92DDB183477E
:1010800004EF3E87930720046310F7089387818855
:101090009C639C67DC43812793F7070281279DEBC4
:1010A000938701889C6397850000938525673E851B
:1010B000EFD04DBA938781889C639C67DC431B8784
:1010C0000700938781889C639C6713670702012749
:1010D000D8C341B9938701889C63978500009385A5
:1010E000E5653E85EFD00DB7938781889C639C674B
:1010F000DC431B870700938781889C639C67137779
:10110000F7FD0127D8C3B1B9834704EF3E879307A2
:1011100030066311F704938701889C63978500006C
:101120009385C5633E85EFD0EDB297A70000938706
:10113000E74F054798C397A700009387A74F9C43A5
:101140008127E38007C297A700009387A74E054732
:1011500098C301B9834704EF3E8793078006631560
:10116000F700EFD0DFD1F5BE834704EF3E8793074A
:101170009006631CF702938701889C6397850000A3
:101180009385455F3E85EFD0EDAC938781889C6366
:101190009C679C431B870700938781889C639C679F
:1011A00013670704012798C36DBE834704EF3E878A
:1011B000930790046319F70E938701889C639785C2
:1011C00000009385255D3E85EFD0CDA8974714009C
:1011D0009387C7239C43BE85178500001305855C54
:1011E000EFF0AFE49747140093874722DC47BE85B2
:1011F000178500001305055CEFF02FE397471400F7
:101200009387C720DC4BBE85178500001305855BDF
:10121000EFF0AFE1974714009387471F9C4BBE85C3
:10122000178500001305055BEFF02FE097471400CA
:101230009387C71DDC43BE85178500001305855ABB
:10124000EFF0AFDE974714009387471C9C47BE859D
:10125000178500001305055AEFF02FDD974714009E
:101260009387C71A9C4FBE851785000013058559C3
:10127000EFF0AFDB9747140093874719DC4FBE852B
:101280001785000013050559EFF02FDA9747140072
:101290009387C7179C53BE85178500001305855893
:1012A000EFF0AFD87DBC834704EF3E879307A006DD
:1012B000631EF706938781889C639C67DC438127C4
:1012C000A18B81279DEB938701889C639785000004
:1012D000938545563E85EFD0ED97938781889C6333
:1012E0009C67DC431B870700938781889C639C670E
:1012F000136787000127D8C3ADB4938701889C6327
:1013000097850000938585543E85EFD0AD949387F3
:1013100081889C639C67DC431B87070093878188D7
:101320009C639C675D9B0127D8C325BC834704EF62
:101330003E879307B006631AF70697A700009387C6
:10134000672F9C43812781CB97A700009387872E27
:1013500023A0070039A097A700009387A72D054772
:1013600098C397A700009387E72C9C43812791C7D8
:10137000977700009387071529A097770000938738
:101380006713130784EF3E86978500009385054E0B
:101390003A85EF108057938701889C63130784EF89
:1013A000BA853E85EFD00D8B6DBA834704EF3E873B
:1013B0009307C0066314F7044145EF900ECFAA8748
:1013C000812799EF938701889C6397850000938517
:1013D000654B3E85EFD00D882145EF904EB551B25B
:1013E000938701889C63978500009385254C3E85F3
:1013F000EFD04D860145EF908EB3A5B2834704EF41
:101400003E87930700076310F708938781889C63E2
:101410009C67DC438127C18B812785EF9387818877
:101420009C639C67DC431B870700938781889C63D0
:101430009C67136707010127D8C3938701889C63C2
:1014400097850000938505493E85EFD0AD806FF00C
:101450005F91938781889C639C67DC431B870700AF
:10146000938781889C639C673D9B0127D8C39387A2
:1014700001889C6397850000938545473E85EFC0B2
:101480007DFD6FF01F8E834704EF3E879307200793
:10149000631CF714938701889C63978500009385EC
:1014A00065463E85EFC01DFB1306800B8145170581
:1014B0000C0013052558EF00B062938781889C6368
:1014C0003E85EFF0DDDB938781889863A167BA974B
:1014D00023B0071C938781889863A167BA9723B4C8
:1014E000071C938781889863A167BA9723BC071C60
:1014F000938781889863A167BA9723B0071E938763
:1015000081889863A167BA9723B8071C938781885D
:101510009863B7070200BA9723B807769387818844
:101520009863B7070200BA9723BC07769387818830
:101530009863B7070200BA9723B0077897A700000F
:101540009387C70F23B0070097A700009387070D65
:1015500023B0070097A700009387470F23B0070029
:1015600097A700009387871023B0070097A7000074
:101570009387471023B0070097A7000093870711B0
:1015800023B0070097A700009387C71023B0070078
:1015900097A700009387871023B0070097A7000044
:1015A0009387471023B0070097A700009387070D84
:1015B00023B0070097A700009387C70C23B007004C
:1015C000938781889863B7070200BA9783A7C77982
:1015D0003E8789476317F7F8938781889C633E8528
:1015E000EF309EC76FF0EFF7834704EF3E87930716
:1015F0003007631DF71E97A700009387A70683C7D0
:10160000070093F7F70F91C79787000093878730FC
:1016100029A0978700009387673017A7000013075A
:1016200077040347070011C7178700001307872FA8
:1016300029A0178700001307672F130584EFBA86C8
:101640003E86978500009385E52EEF10002C93874A
:1016500001889C63130784EFBA853E85EFC09DDF48
:10166000938741899C433E878947631DF700938791
:1016700001889C63978500009385452E3E85EFC0C9
:101680007DDDA1A8938741899C433E878547631DE3
:10169000F700938701889C63978500009385052D4B
:1016A0003E85EFC03DDB15A8938741899C4381EFC0
:1016B000938701889C63978500009385252C3E8540
:1016C000EFC05DD919A8938701889C6397850000B6
:1016D0009385C52B3E85EFC0FDD79387818898639E
:1016E000A167BA9703B6071C97A70000938707F670
:1016F0009463938781889863A167BA9783B5871CA1
:1017000097A70000938787F103B307009387818829
:101710009863A167BA9703B7071D97A7000093873F
:10172000E7F19C63130584EFBE883A889A872E8779
:101730009785000093850527EF10201D938701886A
:101740009C63130784EFBA853E85EFC0BDD09387B5
:1017500081889863B7070200BA9703B60777938723
:1017600081889863B7070200BA9783B68777938713
:1017700081889863B7070200BA9703B70778930781
:1017800084EF978500009385E5263E85EF10E017EE
:10179000938701889C63130784EFBA853E85EFC069
:1017A0007DCB938781889863A167BA9703B6871D1D
:1017B000938781889863A167BA9703B7071E930739
:1017C00084EFBA86978500009385C5253E85EF1086
:1017D000C013938701889C63130784EFBA853E8505
:1017E000EFC05DC7EFD09F9E6FF0AFD7834704EF88
:1017F0003E87930740076317F70897A70000938772
:10180000E7EA23A00700938781889863B70702005F
:101810009387077CBA971946BE8517A50000130564
:10182000C5B4EF00302893878188886397A70000AC
:10183000938747DF9C43812793E707088127014768
:10184000BE8617A600001306E6B18145EFF07DFACB
:10185000AA872328F4FC032704FD930784EF3A8624
:10186000978500009385851E3E85EF10000A9387BB
:1018700001889C63130784EFBA853E85EFC09DBD48
:101880006FF02FCE834704EF3E8793074005631F19
:10189000F712938781889863B70702009387077CC4
:1018A000BA971946BE8517A50000130505ACEF00D1
:1018B000701F93878188886397A70000938707DF4D
:1018C0009C439B87C7031B87070097A7000093874C
:1018D00067D59C438127D98F81270147BE8617A6EC
:1018E0000000130626A48145EFF0BDF0AA87232649
:1018F000F4FC97A70000938767DB9C439B87C70393
:1019000081279B8607000327C4FC930784EF3A8650
:1019100097850000938585143E85EF00107F93879F
:1019200001889C63130784EFBA853E85EFC09DB2A2
:10193000938781889C639C6791072330F4FC8337ED
:1019400004FC9C438127A18B8127B1C397A700008A
:101950009387C7D59C439B8747061B87070097A79C
:1019600000009387A7D498C397A70000938707D454
:101970009C433E878D679387878C63F4E7BE97A768
:1019800000009387A7D223A007006FF08FBD97A711
:1019900000009387A7D19C4385271B87070097A743
:1019A00000009387A7D098C397A70000938707D01C
:1019B0009C433E879307400463F5E7BA97A700006E
:1019C0009387C7CE23A007006FF0AFB9834704EF1A
:1019D0003E87930780076312F70697A70000938757
:1019E000A7C49C43812793B7170093F7F70F1B8772
:1019F000070097A70000938727C398C397A7000005
:101A0000938787C29C43812789CF938701889C63F2
:101A100097850000938505063E85EFC0BDA36FF056
:101A20004FB4938701889C63978500009385850652
:101A30003E85EFC03DA26FF0CFB2938701889C63D3
:101A4000033784FD9B060700130704EF3686BA852B
:101A50003E85EFC0FD906FF0CFB0B7078000FD1757
:101A600033F7A7009B567501ED8F131807021BD69D
:101A70007501821793F6F60F9308F00F1B57F501C7
:101A80001358080281931376F60F1BD5F501638175
:101A90001603630C16018DE211E29DCB6307080269
:101AA000630EA70205451DE38280F5D77955828034
:101AB000E31E08FE6302D60211E2EDD7E314A7FE8F
:101AC000635FD60001E50545828079FD7D55828002
:101AD0000145E31908FC8280F5D3C9BF814663C77D
:101AE000C600E3E107FD0145E370F8FC65D33A85E4
:101AF0008280B7078000FD1733F7A7009B5675015A
:101B0000ED8F131807021BD67501821793F6F60F97
:101B10009308F00F1B57F5011358080281931376B1
:101B2000F60F1BD5F501638616036309160195E6CA
:101B300009EA81EB0145631A08008280EDDB094563
:101B40008280630508026307A70205457DD77D559E
:101B50008280E31608FE630DD60011E2FDD7E3167E
:101B6000A7FE635AD60065F5054582806DD1828057
:101B7000FDD7F1B7814663C7C600E3E807FD01451D
:101B8000E37DF8FA69D73A858280370780007D17B0
:101B9000B377A7006D8F9B5675011BD37501812705
:101BA0000127011193F6F60F1373F30F1396070233
:101BB000931807029B5FF50126E44AE0019293D84F
:101BC00008023B88664006EC22E8130FF00F3689C6
:101BD000FE84931E36009BD5F501139E38001B052D
:101BE00008006303E31193C51500638EBF106355AE
:101BF000A00C6311031063050E1E1B05F8FFB387CD
:101C0000CE4105C59307F00F638AF616ED4763CD05
:101C1000A72813070004099F3317EE00B357AE003F
:101C20003337E000D98FB387FE40139757026353D1
:101C3000071A370400047D147D8C2285EF00604371
:101C40001B07B5FDB317E400634E271B3B05274177
:101C50001B04150013070004019F3397E700333777
:101C6000E000B3D78700D98F014913F7770019C770
:101C700013F7F70091466303D700910713975702B4
:101C8000635E071405091307F00F93FF1400630741
:101C9000E9169A17A5939376F90FA617E2604264A6
:101CA00013D597029B9676019B97FF01558DA264F1
:101CB00002695D8D0561828055E1138516001375FB
:101CC000E50F631C0514639B062263880E20E30660
:101CD0000EFCB387CE411397570263590722B3070F
:101CE000DE410149AE8451B7E30F0EEE638BBF0AAC
:101CF000E354A0FC9307F00F6382F608B7070004D3
:101D0000336EFE0021B7635EA008630003089307EB
:101D1000F00F6385F606B7070004336EFE00ED474B
:101D200063C4A71E13070004099F3317EE00B357BF
:101D3000AE003337E000D98FF69713975702635BF5
:101D4000070805091307F00F630AE90A370700FCC3
:101D50007D177D8F0583858BD98F01BF6397061013
:101D600063840E16FD576300F51C1348F8FF9307B4
:101D7000F00F01286315F310AE84468635CE814FEF
:101D80009306F00FB707400009BF630B0E041B0555
:101D9000F8FFB387CE0155D19307F00FE391F6F822
:101DA000F1BF41E9138916009375E90F639C051291
:101DB0006390061263820E16E3010EEEB387CE0126
:101DC00013975702014963570700370700FC7D1737
:101DD000F98F054913F77700E31C07E813D637009E
:101DE0009307F00FE30CF9F893179602A5939376F7
:101DF000F90F93FF140055B593FF14009306F00FED
:101E0000814761BD3309E940370700FC7D17F98F31
:101E100013F77700E31E07E4D1B73384CE4193175D
:101E2000540263C9070CE31A04E0814F81468147DD
:101E3000ADB5ADCE9307F00FE301F3F4B70700049F
:101E40003B070041B3EEFE00ED4763CCE70C930780
:101E50000004999FB397FE0033D7EE00B337F0002C
:101E60005D8FB307C7011A89C9BD9307F00FE3055A
:101E7000F3F0B70700043B080041B3EEFE00ED4766
:101E8000054763CE0701130700043B07074133975B
:101E9000EE0033D80E013337E0003367E800B307B4
:101EA000EE401A89AE8451B38547B5BB63880E06F0
:101EB000FD57630FF5061347F8FF9307F00F01274F
:101EC000E314F3F846865DBD46861A89AE8409BFE1
:101ED000E3850EEAE3040EEA5DB5630C0E02AE8FF5
:101EE000BA8765BB9307F00FE30AF9F0B387CE0119
:101EF0008583CDB53304DE41AE8481B3E39C0EFC13
:101F0000E30F0EE6AE8495BD85473DB50149E393E9
:101F100007EC814F814751B3BA8741B346861A898E
:101F2000C1B505473DBFB307DE411A89AE84F5B997
:101F3000B387CE011A8911B5370680009B5675010B
:101F40009307F6FFE98F93F6F60F9305E0071B570B
:101F5000F5018127014563F4D50019C38280828091
:101F60001307E0097D55E36BD7FE821781931307B2
:101F70005009D18F1B8506006377D7001B05A5F696
:101F80003B95A7008280130760093B05A740B3D7A4
:101F9000A7001B850700828039C9011126E493142C
:101FA0000502819022E82A84268506ECEF00600C69
:101FB0009307E00B3B87A740930660093A8563C00F
:101FC000E6049377F70F6300D70A130760093B0510
:101FD000A7403395A40026152591E260426426159A
:101FE0009B9777012591A2645D8D056182800145F3
:101FF000814726159B97770125915D8D82809307F8
:10200000900963C2E7046308F700930790093B85D2
:10201000E740B394A400B70700FCFD1793F67400E3
:1020200033F5F40081CEBD8891466389D400110553
:102030009316550263D406007D8D05071A15259168
:102040009377F70F59BF9304900B999CBB1494009E
:102050001B0577F6B33490003B55A400458D9314CF
:10206000050281904DBF13159402259193076009D5
:10207000ADB7930780033357F5009376F70F99EECA
:10208000E117F5FB178700001307C7A22A9703453E
:102090000700930700043B85A740828013050004D6
:1020A000B307F5403A85178700001307A7A02A97C2
:1020B000034507003B85A7408280411129468145A1
:1020C00006E4EF003024A260012541018280011165
:1020D0009387818922E8806326E406EC3C74AA8415
:1020E00091E713054002EF00E01828F42C744264D5
:1020F000E2602685A264056109A01C61556713078B
:102100000718B3C6E702B3E7E70263C2071237074F
:102110000B001307C7A636978566938606E133C67C
:10212000D702B3E7D7029306C00390C533C6D702E0
:10213000B3E7D7029D46D0C19CC193073700B3E7F0
:10214000D7029B86070063D307009D2694CD635674
:10215000070EB7C6FDFF9386065537480200BA96AC
:10216000130818ABB3C606031B880600B7C6FDFFED
:102170009386F654A5679387C7EA95481306900996
:10218000B306D802BA96B3D7F6021307405B33D72B
:10219000E602B697998F37470200130707AB33D78C
:1021A000E602998F1307D016B3D7E702130740064C
:1021B00081273BD7E702359F9306D016BB86F602F0
:1021C000159F9BD627003B03D7403B8568029B06A3
:1021D00013001A871B0E25003B55CE023B06A602B4
:1021E00009263B5616039308905F3B86C6408946F6
:1021F00063F3C801D956BB88A60093060019BB86B5
:10220000060313B828004685BD9EBB860601130849
:102210001013637B68021B07E7EC9B87468988C91C
:10222000D8CDDCC9D0C523A005022E858280BA97FF
:1022300037070B001307B7A6F9BDB7460200938610
:1022400016ABB346D7020DB713F837006319080071
:10225000130840063BF80703854863180800130875
:102260000019BBF7070393B817001B07B7033B0719
:10227000170165B793878189AA85886315A20147ED
:102280006314E60001458280B307E5000507B386C5
:10229000E50083C7070083C6F6FFE383D7FE3B85CF
:1022A000D74082802A8309CA8383050023007300F4
:1022B0007D16050385056DFA828015C22A83854641
:1022C0006367B500FD561307F6FF3A93BA9583830B
:1022D0000500230073007D163693B6956DFA828053
:1022E0002A8311C62300B3007D16050365FE828094
:1022F000DDC583B785FF011122E806EC26E41384CF
:1023000085FF63D307003E94AA84EF00500297979D
:1023100000009387273A9C6391EF2334040097973A
:10232000000023B987384264E2602685A264056113
:102330006F001000637EF40014603307D4006396CE
:10234000E70098639C67369718E01CE4C9BFBA871A
:10235000986719C3E37DE4FE94633386D700631F57
:1023600086001060B29694E33386D700E31DC7FA67
:1023700010631867B29694E398E775B76375C40065
:10238000B1479CC04DB71060B306C4006316D700B8
:1023900014631867B29614E018E480E769B7828086
:1023A000938775007971E19B4AE806F422F026ECE8
:1023B0004EE4A1074147414963E3E7003E893707FF
:1023C00000801347F7FF6364F700637CB900B147EF
:1023D0001CC10145A2700274E2644269A2694561B0
:1023E0008280AA84EF00A074979700009387872CBF
:1023F00098633A8405EC979700009387272C9C6399
:1024000089EB81452685EF00204D9797000023B783
:10241000A72ACA852685EF00204CFD596311350790
:10242000B1479CC02685EF00A07065B71C60BB87D4
:10243000274163C30704BD4663D7F6001CE03E9402
:102440002330240101A81C6463168702179700003B
:102450002332F7262685EF00A06D1305F4009307BD
:1024600084006199BB07F540B5D73E94BB07F040A7
:102470001CE08DB71CE7F9BF22870064A5BF1304D9
:1024800075006198E30E85FAB305A4402685EF0038
:10249000A044E31735FB69B75D7156EC9C49BA8AD5
:1024A0009845A2E04AF84EF452F03289368A86E422
:1024B00026FC5AE85EE41B8607009B060700AA89F3
:1024C0002E846353D600BA872320F90003473404CF
:1024D00001C785272320F9001C4093F7070291C705
:1024E0008327090089272320F9000440998891E86F
:1024F000130B9401FD5B5C4403270900999F63C1A2
:10250000F406834734041840B337F000137707020A
:102510009B8607003DEB13063404D2854E85829AD4
:10252000FD576306F5041C4011465444998B03275C
:10253000090081446399C700BB84E6409397040275
:1025400063D3070081441C4418486354F700999FE3
:10255000BD9C014969047D5B63992405014509A877
:1025600085465A86D2854E85829A631E75017D55B1
:10257000A6600664E2744279A279027AE26A426B4A
:10258000A26B616182808524BDB7A2961306000309
:10259000A381C604034654041B8717009B862700AB
:1025A000B307E400A381C704BDB785462286D28560
:1025B0004E85829AE30D65FB052979BF5D71A2E026
:1025C0004AF84EF452F086E426FC56EC5AE8368A75
:1025D00083C685019307E006B2892A892E84138673
:1025E0003504638AF61E63E2D706930730066382DA
:1025F000F60A63EDD700638C061E93078005638B94
:10260000F616930424042301D40469A89307400612
:102610006386F60093079006E395F6FE14401C636C
:1026200013F506089385870041C19C630CE363D8CA
:1026300007001307D002B307F040A301E404977624
:1026400000009386A667294771A893073007638E19
:10265000F61A63EFD7009307F0066380F606930738
:102660000007E390F6FA9C4193E7070A9CC109A88A
:10267000930750076383F60493078007E393F6F804
:1026800093078007A302F40497760000938686647C
:10269000C5A81C6393842504938687009C4314E398
:1026A0002381F504854741A293F606040CE381C615
:1026B00083970700ADBF9C439DBF0C401C6313F87C
:1026C000050813858700630C08089C6308E313075B
:1026D000F006638AE60E977600009386265E294709
:1026E000A30104044C400CC463C5050008406D9967
:1026F00008C099E3B28491CDB284B3F5E702FD142A
:10270000B69583C505002380B400B3D5E70263F214
:10271000E70CA147631EF7001C40858B91CB584006
:102720001C4863C7E70093070003A38FF4FEFD1462
:10273000058E10C85287CE867000A2854A85EFF0BC
:10274000BFD5FD5A6315550F7D55A6600664E2742A
:102750004279A279027AE26A426B616182809C438B
:1027600093F5050408E381C5C217C1938DB782179D
:102770008193B1BFA382D504977600009386065457
:102780000C401C6313F805081385870063010802D9
:102790009C6308E313F7150001C793E505020CC01D
:1027A00041479DFF0C4093F5F5FD0CC015BF9C43C0
:1027B00013F8050408E363050800C217C193D9BFE5
:1027C00082178193C1BF977600009386264F2147D9
:1027D00001BFAE871DB794411C63CC4913F80608AE
:1027E000138587006309080008E39C638CE32328B2
:1027F0000400B28481B708E393F606049C6381C6A3
:102800002390B700EDB78CC3DDB71C63D041814581
:102810009386870014E384632685EF00A02F19C1F7
:10282000058D48C05C401CC8A301040421B71448AE
:102830002686CE854A85029AE30855F11C40898B8D
:1028400095EBB24748441B8707009B06050063D3FE
:10285000E6003E850125D5BD85465686CE854A854E
:10286000029AE30365EF85245C443247999FE3C5F0
:10287000F4FEC1BF8144930A94017D5BF5B7411119
:102880009387818922E0806306E43C708DE761458F
:10289000EFF05F9E977700009387C7459C6328F011
:1028A0001CE1B7E705009387C7EE1CC5AD472316AB
:1028B000F50085471CE93C701777000013070743B4
:1028C0001863886BA26002643305E502050588EB96
:1028D0000605059141018280411122E02A842E855E
:1028E00097C7140023A007AC06E4EFE07CC7FD57B0
:1028F0006319F50097C714009387C7AA9C4391C337
:102900001CC0A2600264410182801171BEF5B7074C
:10291000008093C7F7FF3ED83ECEC17793878720CC
:10292000B2E9B6EDBAF1C2F9C6FD3ED0938781890E
:102930002AE82AF4886394092E860C0886E536E492
:10294000EF004034C26723800700AE6011618280CF
:10295000AA8703C707009386170009EB850503C7FD
:10296000F5FF8507A38FE7FE75FB8280B687D5B795
:102970000346050083C60500050585056313D600DB
:1029800065FA3305D6408280AA87850703C7F7FF1B
:102990006DFF3385A7407D158280AA8703C7070096
:1029A00009EF7D16FD566309D600850503C7F5FFBF
:1029B0008507A38FE7FE01E782808507C5B719E287
:1029C000238007007D16C5B7411122E426E02A8F37
:1029D0002E88177300001303F31D13071800834795
:1029E000F7FF338567008348050093F88800639AF2
:1029F00008081305D0026398A70883470700054E0F
:102A000013072800F5CA41456392A6021305000387
:102A1000639EA700834707001305800593F7F70D12
:102A20006397A70C83471700C1460907FD58631831
:102A30000E0693D81800B3FED80201480145A543FD
:102A4000E5427D54B3DFD802812E1B8307009B042F
:102A500003FD63E893049B8707FD63D2D706630EEB
:102A600088007D5863EBAF006394AF0063C7FE003E
:102A70003388A60233850701054805078347F7FF1A
:102A8000E9B73A8899BF1305B0026385A70081278B
:102A9000014E8DBF8347070013072800D5BFFE18DE
:102AA00059BF9B04F3FB63E592009B8797FC75B7C6
:102AB0001B03F3F963E562009B8797FA79BFFD5723
:102AC000631CF800930720022320FF00468501EED7
:102AD000226482644101828063040E003305A040B9
:102AE00065DA630408009305F7FF0CE2D5B7930796
:102AF00000038DFEA1461DBF13050003E38CA7F064
:102B0000A9462DB793878189B2862E86AA858863C8
:102B10006FF09FEB93F5F50F2A966314C5000145FE
:102B2000828083470500E38DB7FE0505FDB78280EF
:102B3000828081E5B2856FF0BF86797122F006F45C
:102B400026EC4AE84EE4328401EEEFF06FFA0149D8
:102B5000A27002744A85E2644269A269456182807A
:102B6000AE84AA89EF00203B2689E37385FEA28507
:102B70004E85EFF0FF822A8961DDA6852286EFF07F
:102B80006FF2A6854E85EFF0AFF6D9B739714AF0EE
:102B900003A9C50022F84EEC56E406FC26F452E8E0
:102BA0005AE02E84B28AB68963E2260B83D70501E8
:102BB00013F7074851CB14508D448C6DBB84D4025D
:102BC000894618602A8A0D8F1B0B0700BBC4D402EC
:102BD00093861900DA9663F5D4009B841900B99C9A
:102BE00093F70740C9C7A6855285EFF06FFB2A8986
:102BF0000DE5B1472320FA00835704017D5593E783
:102C000007042318F400E2704274A2740279E269A6
:102C1000426AA26A026B216182800C6C5A86EFF0D4
:102C20006FE88357040193F7F7B793E70708231872
:102C3000F400233C240104D05A99BB84644123301E
:102C4000240144C41B89090063F429011B8909007C
:102C500008604A86D685EFF04FE65C440145BB87A5
:102C600027415CC41C603E992330240169BF26863D
:102C70005285EFF01FEC2A894DFD0C6C5285EFF068
:102C80002FE785BF83D705011571A6E5CAE14EFD83
:102C900052F986EDA2E956F55AF15EED62E966E574
:102CA0006AE193F707082A8A2E89B2848149A1C76D
:102CB0009C6DB1E39305000436E4EFF06FEE233032
:102CC000A900233CA900A2661DE1B1472320FA0018
:102CD0007D55EE604E64AE640E69EA794A7AAA7A4E
:102CE0000A7BEA6B4A6CAA6C0A6D2D61828093079D
:102CF00000042320F90293070002A30CF102FD5AFD
:102D00009307000302DA230DF10236EC930B500215
:102D1000139C0A02177B0000130BCB08854C2684FA
:102D20008347040099C3639C77093B0D9440630E6D
:102D30000D00EA862686CA855285EFF03FE56308D6
:102D4000551BD256BB86A60136DA83470400638042
:102D5000071A9304140062F002F4A301010682DC56
:102D600083C5040015465A85EFF0DFDA138414009A
:102D700029E9825713F7070109C713070002A301C6
:102D8000E10613F7870009C71307B002A301E106A4
:102D900083C604001307A002638EE602B25726849E
:102DA00081462546294803470400130514009B0566
:102DB00007FD2E876375B60695C63ED625A0050489
:102DC00085B78257330565413B95AC005D8D2AD0B0
:102DD000A28479B7626793068700184336EC63498B
:102DE00007023AD6034704009307E0026310F70492
:102DF000034714009307A0026313F70AE26709046C
:102E0000138787009C433AEC63C107023ED239A87E
:102E10003B07E04093E727003AD63ED0E1B7BB0737
:102E2000F80285462A84B99FBDBF56D28345040067
:102E30000D4617750000130565F7EFF0BFCD19CDEE
:102E400097770000938787F6B307F54013050004D2
:102E50003B15F500825705045D8D2AD0834504009B
:102E60001946177500001305E5F493041400230CAC
:102E7000B102EFF03FCA49C597D7FCF7938787188F
:102E8000A1EB0257E2671377071029C3BD07C19B67
:102E9000C1073EECD257BB8737013EDA49B505047E
:102EA00002D281468147254629480347040013057D
:102EB00014009B0507FD2E876374B600A1FABDB709
:102EC000BB07F80285462A84B99FC5B7A107D1B7C9
:102ED0003808970600009386A6CB4A860C105285C8
:102EE00097000000E7000000AA89E31555FB83570F
:102EF00009017D5593F70704E39D07DC5255D1BBCB
:102F00003808970600009386A6C84A860C1052859A
:102F1000EFF0CFEAD1BF03B585FF9B070500611530
:102F200063D607002E950861E1173E958280000068
:102F30000A0D20537461727420747261696E696E37
:102F4000672E205449505F4346475F504152414DE0
:102F5000533A0000000000000A0D20534D325F5626
:102F600045524946593A20000A0D20534D5F5645B7
:102F7000524946593A2000000A0D20534D5F4451F2
:102F80005F4451533A2000000A0D20534D5F5244D4
:102F9000474154453A2000000A0D20534D5F5752D7
:102FA0004C564C3A200000000A0D20534D5F41441E
:102FB00044434D443A2000000A0D2042434C4B53F9
:102FC000434C4B5F5357593A20000000000000006B
:102FD0000A0D2042434C4B53434C4B5F53573A200E
:102FE00000000000000000000A0D20333242495466
:102FF0005F4E435F434845434B3A200000000000CA
:103000000A0D2033324249545F43414348455F43F0
:103010004845434B3A2000000A0D204D494E5F4C75
:103020004154454E43593A20000000000000000082
:103030000A0D2053544152545F434845434B3A20B4
:1030400000000000000000000A0D20504C4C204CF5
:103050004F434B204641494C3A20000000000000FD
:103060000A0D204444525F53414E4954595F43482E
:1030700045434B53204641494C3A20000000000094
:103080000A0D202A2A2A2A2A2A2A2A2A2A2A2A2AE7
:103090002A2A2A2A2A2A2A2A2A2A2A2A2A2A2A2A90
:1030A0002A2A2A2A2A2A2A2A2A2A2A2A2A2A2A2A80
:1030B0002A2A2A2A2A2A2A000A0D0A0D20444452C2
:1030C0005F545241494E494E475F4641494C3A2070
:1030D00000000000000000000A0D205265747279A3
:1030E00020436F756E743A2000000000000000005D
:1030F0000A0D206470635F626974733A20000000F7
:103100000A0D2050434F4445203D200000000000A0
:103110000A0D204E434F4445203D20000000000092
:103120000A0D20616464725F636D645F76616C7523
:10313000653A2000000000000A0D2062636C6B5F9E
:1031400073636C6B5F6F66667365745F76616C75D5
:10315000653A2000000000000A0D206470635F766D
:103160007267656E5F765F76616C75653A20000008
:103170000A0D206470635F767267656E5F685F76C4
:10318000616C75653A2000000A0D206470635F76FB
:103190007267656E5F76735F76616C75653A200065
:1031A0000A0D207469705F6366675F706172616D9C
:1031B000733A2000000000000A0D2062636C6B5F10
:1031C00070686173652000000A0D2062636C6B5F9C
:1031D00073636C6B5F6F66667365742076616C7584
:1031E00065200000000000000A0D2063615F696E29
:1031F000646C792000000000207672656620000073
:103200002061355F646C795F6D61783A0000000081
:103210002061355F646C795F6D696E3A0000000073
:103220002061355F646C795F6D696E5F6C6173748A
:103230003A000000000000002072616E67655F6167
:10324000353A0000000000002064656C7461743A37
:10325000000000000000000020696E5F77696E6466
:103260006F773A000000000020767265665F616E3D
:10327000737765723A0000000A0D20767265665F0A
:10328000616E7377657220666F756E640000000072
:103290000A0D2043415F5652454620747261696EA3
:1032A000696E67206661696C65642120000000001A
:1032B0000A0D2052657475726E696E67204650471C
:1032C0004120434120565245462026204341206458
:1032D0007269766520746F207573657220736574EA
:1032E00074696E672E0A0D200000000000000000C7
:1032F0000A0D0A0D20414444434D445F4F46465356
:1033000045542000000000000A0D0A0D20706C6C6E
:103310005F706861646A5F61667465725F68775F39
:10332000747261696E696E67200000000000000021
:103330000A0D0A0D20534D5F564552494659204605
:1033400041494C2064715F6471735F6572725F64A0
:103350006F6E65203A2000000A0D0A0D2046696C48
:10336000746572696E67206661696C757265732039
:1033700044514451532057696E646F7773206973C9
:1033800020746F6F20736D616C6C20000000000072
:103390000A0D0A0D20534D5F5645524946592046A5
:1033A00041494C2067745F636C6B5F73656C203AB6
:1033B00020000000000000000A0D0A0D20444452C5
:1033C0002046494E414C5F4D4F44453A2000000095
:1033D0000A0D0A0D2077722063616C6962207265A4
:1033E00073756C74200000000A0D0A0D207772209E
:1033F0007772697465206C6174656E637920000072
:103400000A0D0A0D204444522053414E4954595F3D
:10341000434845434B533A200000000000000000A1
:103420000A0D0A0D20506173736564204D544320CA
:1034300066756C6C20636865636B2000000000009B
:103440000A0D0A0D204661696C6564204D544320C5
:1034500066756C6C20636865636B2000000000007B
:103460000A0D207270635F3136365F6669666F5F82
:103470006F66667365743A2000000000000000006B
:103480002020496E6974206D656D6F72792C2073F0
:10349000697A65203D202C20307800000000000073
:1034A0000A0D2064647220747261696E2074696D03
:1034B0006520286D73293A200000000000000000FC
:1034C0000A0D204E756D626572206F6620726574FC
:1034D0007261696E733A20000A0D0A0D204444524D
:1034E0005F545241494E494E475F504153533A2031
:1034F00000000000000000000A0D0A0D20434647AE
:103500005F4444525F53474D49495F5048592D3EEF
:103510007270633135362E727063313536203D203E
:1035200000000000000000000A0D0A0D2053706129
:103530007265206269742076616C75653A200000BE
:103540000A0D43616C6962726174696F6E206F6607
:103550006673657420757365643A000000000000AE
:103560000A0D4C616E65207061737365643A0000EA
:1035700020416C6C206C616E65732073746174758E
:10358000733A0000000000000A0D4C616E65206671
:1035900061696C65643A00000A0D6D74632074659E
:1035A0007374206572726F723A00000000000000B0
:1035B0000A0D0A0D20706C6C5F706861646A5F644C
:1035C0007572696E675F696E69745F325F33200080
:1035D0000A0D0A0D20706C6C5F706861646A5F642C
:1035E0007572696E675F696E69745F305F31200064
:1035F0000A0D2057726974696E67204D52312000A0
:103600000A0D2057726974696E67204D523220008E
:103610000A0D2057726974696E67204D523320007D
:103620000A0D2057726974696E67204D523420006C
:103630000A0D2057726974696E67204D523131202E
:1036400000000000000000000A0D20577269746934
:103650006E67204D5231362000000000000000004F
:103660000A0D2057726974696E67204D52313720F8
:1036700000000000000000000A0D20577269746904
:103680006E67204D52323220000000000000000022
:103690000A0D2057726974696E67204D52313320CC
:1036A00000000000000000000A0D20202072785F5A
:1036B000613520202000000020202072785F636B9D
:1036C000202020000000000020202072785F636B23
:1036D0005F6C6173742020002020207472616E730F
:1036E0006974696F6E5F6135202020000000000062
:1036F0002020207472616E736974696F6E5F636BF2
:103700002020200000000000202020497465726104
:1037100074696F6E3A202000202020524546434CA9
:103720004B5F50484153453A2020200000000000E4
:103730000A0D202020646966666572656E636520E7
:103740002000000000000000202020524546434C8D
:103750004B5F5048415345202020200000000000CE
:103760000A0D202020434B5F50555348203D203008
:10377000206465677265657300000000000000004A
:103780000A0D202020434B5F50555348203D2034E4
:1037900035206465677265657300000000000000F5
:1037A0000A0D202020434B5F50555348203D2039BF
:1037B00030206465677265657300000000000000DA
:1037C0000A0D20204D414E55414C20414444434D6B
:1037D0004420545241494E494E4720526573756CFE
:1037E00074733A0D0A202020202020202020205011
:1037F0004C4C204F46465345543A202000000000D0
:103800000A0D202020202020202020207472616EAC
:10381000736974696F6E5F61355F6D61783A2020FE
:1038200000000000000000000A0D202020202020C1
:10383000202020204341204F75747075742044650A
:103840006C61793A202000000A0D202020202020E1
:10385000202020204341204F66667365743A202063
:1038600000000000000000000A0D0A0D0D20414478
:1038700044434D445F4F464653455420207573657D
:103880006420696E20746869732074657374696E4E
:1038900067200000000000000A0D0A0D0D204243C1
:1038A0004C4B5F4F4646534554202075736564204A
:1038B000696E20746869732074657374696E67201B
:1038C0000000000034DEFCFFE0E1FCFF600CFDFFC7
:1038D000600CFDFF3CE3FCFF7EE3FCFF3AE4FCFFF1
:1038E0007AE4FCFF94E4FCFFACE4FCFFDAE5FCFFC7
:1038F00052E6FCFFFEE5FCFFC4E6FCFFD8E6FCFF59
:1039000040E7FCFF2AEAFCFFE8EAFCFFB8ECFCFF1A
:1039100072F6FCFF74F7FCFF6CF8FCFFDCF8FCFFB0
:1039200034F9FCFFA6F9FCFF3EFAFCFFAEFAFCFFFF
:1039300088FFFCFFF2FFFCFF5E01FDFF2602FDFF9A
:103940003602FDFF8A02FDFF5607FDFFA407FDFFBB
:10395000D007FDFF0408FDFF3808FDFF340AFDFF16
:10396000AE0AFDFFD80AFDFF020BFDFF2C0BFDFF89
:103970003C0BFDFF800BFDFF4C0BFDFF600CFDFFC2
:1039800008DFFCFF3CDFFCFF70DFFCFFA4DFFCFF77
:10399000D8DFFCFF0CE0FCFF40E0FCFF74E0FCFF24
:1039A000A8E0FCFFDCE0FCFF10E1FCFF44E1FCFFD1
:1039B00078E1FCFFACE1FCFF500CFDFF500CFDFF7B
:1039C000700CFDFFB00CFDFFF00CFDFFB839FDFFE2
:1039D000B039FDFFC039FDFFC839FDFFD039FDFF0B
:1039E000243AFDFF1C3AFDFF2C3AFDFF343AFDFF5F
:1039F0003C3AFDFF00000000030001070003000146
:103A00000000040706050003070001020103040289
:103A1000050101020302010102030204000106077D
:103A20000200010600030201030000000000000084
:103A30007C0D0000000000002F0D000000000000C1
:103A40002D0D0000000000003031323334353637A0
:103A500038394142434445460A0D526567697374DB
:103A600065722C203078000020202C56616C756522
:103A70002C203078000000007700000000000000DB
:103A800072000000000000000A0D092050617474EB
:103A900065726E3A203078000A0D204552524F521E
:103AA0005F524553554C543A20000000000000007E
:103AB0000A0D20575243414C49425F524553554CE1
:103AC000543A2000000000000A0D0A0D20747261B3
:103AD000696E696E6720737461747573203D200090
:103AE0000A0D2050434F4445203D200000000000B7
:103AF0000A0D204E434F4445203D200000000000A9
:103B00000A0D2073726F5F7265665F736C65777202
:103B100020203D20000000000A0D2073726F5F72AC
:103B200065665F736C65776620203D2000000000AD
:103B30000A0D2073726F5F736C65777220203D20D1
:103B400000000000000000000A0D2073726F5F7318
:103B50006C65776620203D2000000000000000001A
:103B60000A0D0A0D2072616E6B206E756D626572B2
:103B700000000000000000000A0A0D206C616E6564
:103B80005F73656C65637420092067745F6572728A
:103B90005F636F6D6220092067745F7478646C796D
:103BA00020092067745F73746570735F313830204B
:103BB000092067745F7374617465200920776C5FF6
:103BC00064656C61795F3020092064716471735F92
:103BD0006572725F646F6E65200920647164717331
:103BE0005F737461746520092064656C74613020B2
:103BF000092064656C746131000000000000000061
:103C00000A0D200000000000092000000000000054
:103C100009092000000000000A0D0A0D206C616EE9
:103C2000655F73656C656374092072647164717398
:103C30005F737461747573320920616464636D64C9
:103C40005F737461747573300920616464636D64BB
:103C50005F737461747573310920616464636D64AA
:103C60005F616E7377657231092064716471735F8F
:103C7000737461747573310A0D0000000000000058
:103C80000D0A4C6F6164696E6720746573742070EF
:103C900061747465726E0D0A00000000000000007F
:103CA0000D0A7061747465726E2073697A65203DC7
:103CB00020000000000000000D0A7061747465723D
:103CC0006E206F6666736574203D20000000000062
:103CD0002E000000000000000D0A46696E6973683E
:103CE0006564206C6F6164696E672074657374200D
:103CF0007061747465726E0D0A00000000000000AF
:103D00000D0A5374617274696E6720646472207462
:103D10006573740D0A00000020204D69736D617495
:103D200063682C203078000020206F66667365740D
:103D30003A2C2030780000002020616464726573A2
:103D4000733A203078000000202065787065637435
:103D5000656420286E6F6E2D636163686564293A1F
:103D600020307800000000002020666F756E64200F
:103D70002028636163686564293A20307800000078
:103D800020206469726563742063616368656420E0
:103D9000726561643A203078000000000000000085
:103DA0002020646972656374206E6F6E2D63616399
:103DB00068656420726561643A2030780000000014
:103DC0002020497465726174696F6E2000000000E4
:103DD0000D000000000000000D0A456E64696E676A
:103DE0002064647220746573742E2050726573733E
:103DF000203020746F20646973706C61792074685E
:103E000065206D656E750D0A000000000000000061
:103E1000CCCCCCCCCCCCCCCC55555555555555559A
:103E20000662FDFFB261FDFFB861FDFF0662FDFFA6
:103E3000C061FDFF0662FDFF0662FDFF0662FDFF39
:103E4000D461FDFF0662FDFF0662FDFF0662FDFF15
:103E50000662FDFF0662FDFF0662FDFF0662FDFFD2
:103E6000E061FDFF0662FDFF0662FDFF0662FDFFE9
:103E70000662FDFF0662FDFF0662FDFF0662FDFFB2
:103E80000662FDFF0662FDFF0662FDFF0662FDFFA2
:103E90000662FDFF0662FDFF0662FDFF0662FDFF92
:103EA000F061FDFF0662FDFF0662FDFF0662FDFF99
:103EB0000662FDFF0662FDFF0662FDFF0662FDFF72
:103EC0000662FDFF0662FDFF0662FDFF0662FDFF62
:103ED0000662FDFF0662FDFF0662FDFF0662FDFF52
:103EE0000662FDFF0662FDFF0662FDFF0662FDFF42
:103EF0000662FDFF0662FDFF0662FDFF0662FDFF32
:103F00000662FDFF0662FDFF0662FDFF0662FDFF21
:103F10000662FDFF0662FDFF0662FDFF0662FDFF11
:103F20000062FDFFB662FDFF2062FDFF2C62FDFF17
:103F3000B662FDFF4C62FDFFB662FDFFB662FDFF9B
:103F4000B662FDFF8462FDFFB662FDFFB662FDFF53
:103F5000B662FDFFB662FDFFB662FDFFB662FDFF11
:103F6000B662FDFF9062FDFFB662FDFFB662FDFF27
:103F7000B662FDFFB662FDFFB662FDFFB662FDFFF1
:103F8000B662FDFFB662FDFFB662FDFFB662FDFFE1
:103F9000B662FDFFB662FDFFB662FDFFB662FDFFD1
:103FA000B662FDFFA062FDFFB662FDFFB662FDFFD7
:103FB000B662FDFFB662FDFFB662FDFFB662FDFFB1
:103FC000B662FDFFB662FDFFB662FDFFB662FDFFA1
:103FD000B662FDFFB662FDFFB662FDFFB662FDFF91
:103FE000B662FDFFB662FDFFB662FDFFB662FDFF81
:103FF000B662FDFFB662FDFFB662FDFFB662FDFF71
:10400000B662FDFFB662FDFFB662FDFFB662FDFF60
:10401000B662FDFFB662FDFFB662FDFFB662FDFF50
:10402000B662FDFFB062FDFFDE62FDFF5062FDFF84
:104030005662FDFFDE62FDFF5E62FDFFDE62FDFF98
:10404000DE62FDFFDE62FDFF7262FDFFDE62FDFFEC
:10405000DE62FDFFDE62FDFFDE62FDFFDE62FDFF70
:10406000DE62FDFFDE62FDFFB862FDFFDE62FDFF86
:10407000DE62FDFFDE62FDFFDE62FDFFDE62FDFF50
:10408000DE62FDFFDE62FDFFDE62FDFFDE62FDFF40
:10409000DE62FDFFDE62FDFFDE62FDFFDE62FDFF30
:1040A000DE62FDFFDE62FDFFC862FDFFDE62FDFF36
:1040B000DE62FDFFDE62FDFFDE62FDFFDE62FDFF10
:1040C000DE62FDFFDE62FDFFDE62FDFFDE62FDFF00
:1040D000DE62FDFFDE62FDFFDE62FDFFDE62FDFFF0
:1040E000DE62FDFFDE62FDFFDE62FDFFDE62FDFFE0
:1040F000DE62FDFFDE62FDFFDE62FDFFDE62FDFFD0
:10410000DE62FDFFDE62FDFFDE62FDFFDE62FDFFBF
:10411000DE62FDFFDE62FDFFDE62FDFFDE62FDFFAF
:10412000DE62FDFFDE62FDFFD862FDFF4A64FDFF37
:104130002463FDFF3063FDFF4A64FDFF5063FDFF14
:104140004A64FDFF4A64FDFF4A64FDFF8863FDFF8A
:104150004A64FDFF4A64FDFF4A64FDFF4A64FDFFB7
:104160004A64FDFF4A64FDFF4A64FDFF2464FDFFCD
:104170004A64FDFF4A64FDFF4A64FDFF4A64FDFF97
:104180004A64FDFF4A64FDFF4A64FDFF4A64FDFF87
:104190004A64FDFF4A64FDFF4A64FDFF4A64FDFF77
:1041A0004A64FDFF4A64FDFF4A64FDFF3464FDFF7D
:1041B0004A64FDFF4A64FDFF4A64FDFF4A64FDFF57
:1041C0004A64FDFF4A64FDFF4A64FDFF4A64FDFF47
:1041D0004A64FDFF4A64FDFF4A64FDFF4A64FDFF37
:1041E0004A64FDFF4A64FDFF4A64FDFF4A64FDFF27
:1041F0004A64FDFF4A64FDFF4A64FDFF4A64FDFF17
:104200004A64FDFF4A64FDFF4A64FDFF4A64FDFF06
:104210004A64FDFF4A64FDFF4A64FDFF4A64FDFFF6
:104220004A64FDFF4A64FDFF4A64FDFF4464FDFFEC
:10423000F46BFDFF166CFDFF386CFDFF5A6CFDFF43
:10424000F46BFDFF166CFDFF386CFDFF5A6CFDFF33
:10425000BC01B34815013379390133F5BC01336929
:10426000A9003B8928013B09C9003B0DCD001B5526
:1042700077001B169701518D1B5827011B16E7006D
:1042800033660601318D1B563700318DA99D3B8F5A
:10429000E5011BD612019B95F2001BD532014D8E14
:1042A0009B95D200C98D2D8E9BD2A200B3425600A1
:1042B000377650A43B0F5F00B3C5DA001B06B6CEBD
:1042C0003B06CF00B3F5A501B3C555013B0A460136
:1042D0003B0ABA001B16AD019B556D001B155D0115
:1042E000D18D1B56BD00498EB18D1B559D011B16EE
:1042F0007D00498EB18DBB05BA001B16E9011B5A22
:1043000029001B153901336ACA001B56D900498E92
:10431000334ACA001B5569011B16A900498E334A4E
:10432000CA0033E62D0133F52D0133769601498E0F
:104330003B0ACA001BD577001B9697013B0ABA00BF
:10434000BB89B900518D9B95E7001BD627014D8E87
:10435000298E9BD537002D8EB7A5F9BE9B85753F5D
:104360002D9F319FBB0B77011BD61F011B97FF00B1
:104370009BD53F01518F1B96DF004D8E318F9BDF08
:10438000AF00B34FF70133C7A601BB8FFB013377F3
:104390003701358FBB8A5F01BB8AEA001B96A901F2
:1043A0001BD769009B955901518F1BD6B9004D8EC3
:1043B000318F9BD599011B9679004D8E318F3B87AC
:1043C000EA001B16EA019B5A2A009B153A01B3EA40
:1043D000CA001B56DA004D8EB3CACA009B556A014B
:1043E0001B16AA004D8EB3CACA0033664901B375C5
:1043F00049013376B6014D8EBB8ACA00BB8AEA00FA
:10440000BB8CEC001B169B011B577B00518F9B55EF
:104410002B011B16EB004D8E318F1B5B3B00334B8A
:104420006701378771C61B07278FB99FBB87670155
:10443000BD9C1B17FF009B571F011B563F015D8F43
:104440009B17DF00D18F3D8F1B5FAF00334FE7011C
:1044500033473D013B8FE401337797013347A70191
:10446000BB06DF00B99E9BD76C001B97AC011B9667
:104470005C01D98F1BD7BC00518FB98F1BD69C0113
:104480001B977C00518FB98FBD9E1B97EA019BD76C
:104490002A001B963A01D98F1BD7DA00518FB98FAA
:1044A0001BD66A011B97AA00518FB98F33675A0137
:1044B00033765A0133772701518FB99F2267B99F0D
:1044C0000267B59F1CC7E267BB8A5701C2772326E4
:1044D00057013B8A4701E277232847013B8927019F
:1044E000C267232A2701BB8DB7018277BB86DD0017
:1044F00014CFBB8C9701A277232E9701BB8937017C
:104500008667232037033B8DA7012322A7032A7444
:104510008A746A69CA692A6A8A6A667BC67B267C4B
:10452000867C666DC66D4D618280B7E7096A9387A8
:1045300077661CC5B7B767BB938757E85CC5B7F705
:104540006E3C938727371CC9B7F74FA59387A753AE
:104550005CC9B7570E519387F7271CCDB777059BDA
:104560009387C7885CCDB7E7831F9387B79A1CD121
:10457000B7D7E05B938797D123200500232205005E
:104580005CD1828079CE397122F826F44AF052E863
:1045900006FC4EEC56E45AE01C41AA842E893B07E7
:1045A000F60018C1328413FAF7036375C7005C4143
:1045B00085275CC1630F0A0293090004BB89494146
:1045C0009B8709006367F4028219938A840293D956
:1045D0000902CA854E8633854A01EF50004B3B04E1
:1045E0004401D6852685EFC0CFF71B0404FC4E9905
:1045F000014ACA893B0B8900930AF00339A0CE8592
:104600002685EFC00FF693890904BB073B41E3E819
:10461000FAFE9B576400130600FC3B06F6029B550E
:1046200064009A05CA95219E9B0706008DC34274BB
:1046300013858402E270A2740279E269A26A026BB5
:104640005295426A0216019221616F500044E27055
:104650004274A2740279E269426AA26A026B216121
:1046600082808280797122F026EC06F41041544158
:10467000AE849B57D6019B963600D58F9BD586017D
:104680009BD60601A304D10093D6870093F6F60FBC
:10469000A2071B173600D58F2315F1009B57870102
:1046A0002306F1009B5707012183A306F10013772E
:1046B000F70F9317B6005D8F2304B1002317E100B5
:1046C0001376F603930770032A8463E7C7129307F0
:1046D00080033B86C7402285975502009385851944
:1046E000EFF05FEA2C0022852146EFF0BFE9834717
:1046F000B4002380F4008357A400A380F4001C447A
:104700009BD787002381F4001C44A381F4008347D6
:10471000F4002382F4008357E400A382F4005C4495
:104720009BD787002383F4005C44A383F400834772
:1047300034012384F40083572401A384F4001C482B
:104740009BD787002385F4001C48A385F40083478A
:104750009C6703B30704E30403FE22850264A2609E
:1047600041010283411122E006E41C7D2A8489EF85
:104770003C6401459C6703B38702630D03002285F7
:104780000264A26041010283BC679C67BC67EDD3F1
:10479000829779DDA2600264410182803C659C675A
:1047A00003B30703630303000283014582801D7185
:1047B0002EF42C1006EC32F836FCBAE0BEE4C2E867
:1047C000C6EC2EE4EF401226E260256182804111A2
:1047D00022E006E41C612A84BC4F91C72861EF7077
:1047E0006F9D233004043C649C67FC5391C7286888
:1047F000EF704F9C233804041C7C89CF9863385396
:1048000009E7BC679C67FC5791C7286CEF708F9ACB
:10481000233C0404832704097D777D17F98FA26068
:104820002328F408026441018280797122F006F4A1
:1048300026EC4AE84EE452E0295479C98327050959
:10484000AA840144858BE9C7833905002E89EFF0DE
:10485000FFF42A8455ED4A8681452685EF00600CD9
:104860002A840DED03B78902137A190029CB83A797
:104870000907B377F90093F70760B3E74701A1C3CE
:10488000268502970DCD9064979502009385054388
:1048900017C50200130585B7EFF07FF12685EFF00D
:1048A0007FEC2A8435C59064979502009385054175
:1048B00017C50200130585BCEFF07FEF91A89C7C23
:1048C0009DC39C63BC6B85C3268582972A8401CDDA
:1048D0009064979502009385653E17C50200130505
:1048E000E5B6EFF0DFEC83A509073379B90013795A
:1048F000096033694901630D09002685EFF03FED3A
:10490000FD5723ACF40883A70409F99B23A8F408F6
:10491000A27022850274E2644269A269026A45615A
:104920008280797122F04AE84EE406F426EC387968
:10493000AA872E890463B289130507F8938404F8C3
:10494000138407079307050863948700014539A876
:10495000630A09001C6163872701DC602685938454
:1049600007F8CDB7CE85EFF05FEC65D9A270027481
:10497000E2644269A26945618280011122E806EC85
:104980002A8408758D460A8697F5020093858573FB
:10499000EF00804811E92285EFF00F8082471CC1AB
:1049A00092471CC5A2475CC12285EFF02FEBE26065
:1049B0004264056182805D71A2E04AF84EF486E4AB
:1049C00026FC52F056EC5AE85EE43C65AE8981451F
:1049D0009C672A8432898463EFF07F8683270409E9
:1049E0002A8693060002858B99C39306B0021C6049
:1049F000A68517450300130565029863CE84174A00
:104A00000300130AAA05EF40027E974A0300938A27
:104A10006A04174B0300130B6B03974B0300938B34
:104A20006B0263D004040C6417D50200130585E6FD
:104A30001B191900EF40227B2478852913040407F1
:104A4000938404F893870408631CF402A660066448
:104A50000146A6852285EFB0F154AA864E86D285FE
:104A60005A85EFA052489B8B19005286A685228555
:104A7000EFF05FA9DE89A6854A862285EFB0017630
:104A8000AA847DBBA2754E85EFA0F24569BDD28593
:104A90004E85EFA05245E1B5EE851765030013057D
:104AA000655763830A005A85EFA0F243D2854E858D
:104AB000EFA07243852A19B7EE85668563830A00E5
:104AC0005A85EFA05242D2854E85EFA0D241852A69
:104AD00025BF63984701568622852EE4EFF0FF99A3
:104AE000A2655E862285EFB0616FAA8599B75841AD
:104AF0003706FF009B5687019B178701D58F9B16B2
:104B00008700F18ED58FC166938606F01B5787000C
:104B1000758FD98F821781933E95828039714EECC3
:104B200052E8AA892E8A328597450300938505AC01
:104B300026F44AF056E406FC22F8B28A3689BA8492
:104B4000EF90F20039E5C1665286CE852A84EF8067
:104B500032011B5785019B178501D98FB706FF00CE
:104B60001B178500758FD98F41671B55850013076B
:104B700007F0798D5D8D2320A90091479CC0E270DC
:104B800022854274A2740279E269426AA26A2161B2
:104B9000828097E503009385E5575685EF90227B49
:104BA0002A8409E9C1664A86D2854E85EF00D2374C
:104BB000D147E9B797E50300938545565685EF90B1
:104BC00002792A8411E9C1664A86D2854E85EF4072
:104BD0000263930700025DB7970503009385055BA9
:104BE0005685EF90C2762A8409E9C1664A86D28545
:104BF0004E85EFF0C112C14751B77D5449B73171AD
:104C000022F926F54AF14EED52E956E55AE1DEFC6D
:104C1000E2F8E6F4EAF0EEEC368906FDAA84AE8905
:104C2000328AEFB0E1642A84176B0300130B8B16F2
:104C3000930B0102173C0300130C4CB6930A0103BB
:104C4000930CC101130D8102930D81010129635E53
:104C50000400E1576306F400D55705456315F40ECB
:104C6000176903001309091B55A80146A28526856B
:104C7000EFB051332AE45A85EF900274A2672A8676
:104C8000DA853E85EF90A26E21E95E86A2852685B3
:104C9000EFF0AFE56317050E82756285EFA0B224D1
:104CA000D6861766030013066621A2852685EFB017
:104CB000B1750DC9425791476316F7021C419DC358
:104CC0001765030013058520EFA0F2211765030087
:104CD0001305C520EFC03FDFA2852685EFB0415BFD
:104CE0002A84B5B7E6866A86A2852685EFF06FE24C
:104CF00041E502766E87D686CA855285EFF01FE2BF
:104D00003DE5E2477246631FF604A2755685EF90B3
:104D100072014DDD176903001309C915A28501460B
:104D20002685EFB031282A840146CE852685EFB04E
:104D30007127AA862286CA85176503001305851A7E
:104D4000EFA0721A0145EA704A74AA740A79EA69F6
:104D50004A6AAA6A0A6BE67B467CA67C067DE66DFB
:104D600029618280176903001309C91145BF1769BA
:104D700003001309A9125DB7176903001309890D10
:104D800071BF176903001309E90A49BF797134003B
:104D90000A8622F026EC06F44AE82A84AE84EFF074
:104DA000EFCB1DCD014681452285EFB0B11F2A8989
:104DB0000146A6852285EFB0F11EAA864A86976530
:104DC00003009385A5FF1765030013052501EFA0D8
:104DD00092110145A2700274E264426945618280C9
:104DE000A2660266A6852285EFF07FE1E5B75D71D8
:104DF00097750300938585E526FC86E4A2E04AF8D2
:104E00004EF452F056EC5AE8AA84EFC0C101635A3E
:104E10000502EFC021342A8697750300938505E3C8
:104E20001765030013050511EFA0F20B0145A660FD
:104E30000664E2744279A279027AE26A426B6161A5
:104E400082802A84A68517650300130525A3EFA099
:104E5000EFBEADDEEFBEADDEEFBEADDEEFBEADDE72
:104E6000EFBEADDEEFBEADDEEFBEADDEEFBEADDE62
:104E7000EFBEADDEEFBEADDEEFBEADDEEFBEADDE52
:104E8000EFBEADDEEFBEADDEEFBEADDEEFBEADDE42
:104E9000EFBEADDEEFBEADDEEFBEADDEEFBEADDE32
:104EA000EFBEADDEEFBEADDEEFBEADDEEFBEADDE22
:104EB000EFBEADDEEFBEADDEEFBEADDEEFBEADDE12
:104EC000EFBEADDEEFBEADDEEFBEADDEEFBEADDE02
:104ED000EFBEADDEEFBEADDEEFBEADDEEFBEADDEF2
:104EE000EFBEADDEEFBEADDEEFBEADDEEFBEADDEE2
:104EF000EFBEADDEEFBEADDEEFBEADDEEFBEADDED2
:104F0000EFBEADDEEFBEADDEEFBEADDEEFBEADDEC1
:104F1000EFBEADDEEFBEADDEEFBEADDEEFBEADDEB1
:104F2000EFBEADDEEFBEADDEEFBEADDEEFBEADDEA1
:104F3000EFBEADDEEFBEADDEEFBEADDEEFBEADDE91
:104F4000EFBEADDEEFBEADDEEFBEADDEEFBEADDE81
:104F50007A6BFDFFCA6BFDFF1C6CFDFF626CFDFFF1
:104F6000DE6CFDFF106DFDFF746DFDFF9A6DFDFFA2
:104F7000C66DFDFFF66DFDFF586EFDFFFE6EFDFF79
:104F8000666FFDFFAE6FFDFF2470FDFF00000000A7
:104F90000000000000000000000000000000000011
:104FA0000000000000000000000000000000000001
:104FB00000000000000000000000000000000000F1
:104FC00000000000000000000000000000000000E1
:104FD00000000000000000000000000000000000D1
:104FE00000000000000000000000000000000000C1
:104FF00000000000000000000000000000000000B1
:105000000000000000000000050000000500000096
:10501000050000000500000005000000C874FDFF49
:10502000CE74FDFFD474FDFFDA74FDFFE074FDFF64
:105030007E75FDFF8475FDFF8A75FDFF9075FDFF90
:105040009675FDFF00000000FFFFFFFF0F00001F2F
:10505000FFFFFFFF0F00001FFFFFFFFF0F00001FFC
:10506000FFFFFFFF0F00001FFFFFFFFF0F00001FEC
:10507000FFFFFFFF0F00001FFFFFFFFF0F00001FDC
:10508000FFFFFFFF0F00001FFFFFFFFF0F00001FCC
:10509000FFFFFFFF0F00001FFFFFFFFF0F00001FBC
:1050A000FFFFFFFF0F00001FFFFFFFFF0F00001FAC
:1050B000FFFFFFFF0F00001FFFFFFFFF0F00001F9C
:1050C000FFFFFFFF0F00001FFFFFFFFF0F00001F8C
:1050D000FFFFFFFF0F00001FFFFFFFFF0F00001F7C
:1050E000FFFFFFFF0F00001FFFFFFFFF0F00001F6C
:1050F000FFFFFFFF0F00001FFFFFFFFF0F00001F5C
:10510000FFFFFFFF0F00001FFFFFFFFF0F00001F4B
:10511000FFFFFFFF0F00001FFFFFFFFF0F00001F3B
:10512000FFFFFFFF0F00001FFFFFFFFF0F00001F2B
:10513000FFFFFFFF0F00001FFFFFFFFF0F00001F1B
:10514000FFFFFFFF0F00001FFFFFFFFF0F00001F0B
:10515000FFFFFFFF0F00001FFFFFFFFF0F00001FFB
:10516000FFFFFFFF0F00001FFFFFFFFF0F00001FEB
:10517000FFFFFFFF0F00001FFFFFFFFF0F00001FDB
:10518000FFFFFFFF0F00001FFFFFFFFF0F00001FCB
:10519000FFFFFFFF0F00001FFFFFFFFF0F00001FBB
:1051A000FFFFFFFF0F00001FFFFFFFFF0F00001FAB
:1051B000FFFFFFFF0F00001FFFFFFFFF0F00001F9B
:1051C000FFFFFFFF0F00001FFFFFFFFF0F00001F8B
:1051D000FFFFFFFF0F00001FFFFFFFFF0F00001F7B
:1051E000FFFFFFFF0F00001FFFFFFFFF0F00001F6B
:1051F000FFFFFFFF0F00001FFFFFFFFF0F00001F5B
:10520000FFFFFFFF0F00001FFFFFFFFF0F00001F4A
:10521000FFFFFFFF0F00001FFFFFFFFF0F00001F3A
:10522000FFFFFFFF0F00001FFFFFFFFF0F00001F2A
:10523000FFFFFFFF0F00001FFFFFFFFF0F00001F1A
:10524000FFFFFFFF0F00001FFFFFFFFF0F00001F0A
:10525000FFFFFFFF0F00001FFFFFFFFF0F00001FFA
:10526000FFFFFFFF0F00001FFFFFFFFF0F00001FEA
:10527000FFFFFFFF0F00001FFFFFFFFF0F00001FDA
:10528000FFFFFFFF0F00001FFFFFFFFF0F00001FCA
:10529000FFFFFFFF0F00001FFFFFFFFF0F00001FBA
:1052A000FFFFFFFF0F00001FFFFFFFFF0F00001FAA
:1052B000FFFFFFFF0F00001F0000000000000000C4
:1052C00001000000200000000100000000000000BC
:1052D000020000004000000002000000000000008A
:1052E0000400000080000000030000000000000037
:1052F00008000000000100000400000000000000A1
:105300001000000000020000050000000000000086
:105310002000000000000000060000000000000067
:105320004000000000000000070000000000000036
:1053300080000000000000000800000000000000E5
:105340000001000000000000090000000000000053
:1053500000020000000000000A0000000000000041
:1053600000040000000400000B000000000000002A
:1053700000080000000800000C0000000000000011
:1053800000100000001000000D00000000000000F0
:1053900000200000002000000E00000000000000BF
:1053A00000400000004000000F000000000000006E
:1053B00000800000008000001000000000000000DD
:1053C00000000100020000001100000000000000C9
:1053D00000000200040000001200000000000000B5
:1053E0000000040010000000130000000000000096
:1053F0000000080000001000140000000000000081
:105400000000100000002000150000000000000057
:105410000000200000004000160000000000000016
:105420000000400000000400170000000000000021
:1054300000008000000000001800000000000000D4
:105440000000000100000010190000000000000032
:1054500000000002000001001A000000000000002F
:1054600000000004000008001B0000000000000015
:1054700000000008000000101C00000000000000F8
:1054800000000040080000001D00000000000000B7
:1054900000000040080000001E00000000000000A6
:1054A00000000040080000001F0000000000000095
:1054B000000000800000002020000000010000002B
:1054C00001000000000000012100000001000000B8
:1054D00002000000000000022200000001000000A5
:1054E0000400000000000004230000000100000090
:1054F000080000000000000800000000000000009C
:105500000100000000000000030000000000000097
:10551000050000000000000007000000000000007F
:10552000000000000000000000000000000000007B
:10553000000000000000000000000000000000006B
:10554000000000000000000000000000000000005B
:10555000000000000000000000000000000000004B
:10556000000000000000000000000000000000003B
:10557000000000000000000000000000000000002B
:10558000000000000000000000000000000000001B
:10559000000000000000000000000000000000000B
:1055A00000000000000000000000000000000000FB
:1055B0009F0000000000000000000000000000004C
:1055C000FFFFFFFFFFFFFFFF0000000000000000E3
:1055D00000000000000000000000000000000000CB
:1055E00000000000000000000000000000000000BB
:1055F00000000000000000000000000000000000AB
:10560000000000000000000000000000000000009A
:10561000000000000000000000000000000000008A
:10562000000000000000000000000000000000007A
:10563000000000000000000000000000000000006A
:105640009F000000000000000000000000000000BB
:10565000FFFFFFFFFFFFFFFF000000000000000052
:10566000000000000000000000000000000000003A
:10567000000000000000000000000000000000002A
:10568000000000000000000000000000000000001A
:10569000000000000000000000000000000000000A
:1056A00000000000000000000000000000000000FA
:1056B00000000000000000000000000000000000EA
:1056C00000000000000000000000000000000000DA
:1056D0009F0000000000000000000000000000002B
:1056E000FFFFFFFFFFFFFFFF0000000000000000C2
:1056F00000000000000000000000000000000000AA
:105700000000000000000000000000000000000099
:105710000000000000000000000000000000000089
:105720000000000000000000000000000000000079
:105730000000000000000000000000000000000069
:105740000000000000000000000000000000000059
:105750000000000000000000000000000000000049
:105760009F0000000000000000000000000000009A
:10577000FFFFFFFFFFFFFFFF000000000000000031
:105780000000000000000000000000000000000019
:105790000000000000000000000000000000000009
:1057A00000000000000000000000000000000000F9
:1057B00000000000000000000000000000000000E9
:1057C00000000000000000000000000000000000D9
:1057D00000000000000000000000000000000000C9
:1057E00000000000000000000000000000000000B9
:1057F0001C86FDFF8886FDFFF486FDFF6087FDFFA8
:10580000CC87FDFF7888FDFFEA88FDFF5C89FDFFFE
:10581000CE89FDFF408AFDFF2298FDFFB099FDFF74
:105820004498FDFFAA98FDFF6698FDFFB099FDFF23
:105830008898FDFFB099FDFFB099FDFFB099FDFF7D
:10584000B099FDFFB099FDFF6698FDFF049DFDFF37
:10585000709DFDFFDC9DFDFF489EFDFFB49EFDFF9A
:10586000609FFDFFD29FFDFF44A0FDFFB6A0FDFF9E
:1058700028A1FDFF00000000400000000000000023
:105880004100000000000000420000000000000095
:105890004300000000000000440000000000000081
:1058A000450000000000000046000000000000006D
:1058B0004700000000000000480000000000000059
:1058C00049000000000000004A0000000000000045
:1058D0004B000000000000004C0000000000000031
:1058E0004D000000000000004E000000000000001D
:1058F0004F00000000000000500000000000000009
:1059000051000000000000005200000000000000F4
:1059100053000000000000005400000000000000E0
:1059200055000000000000005600000000000000CC
:1059300057000000000000005800000000000000B8
:1059400059000000000000005A00000000000000A4
:105950005B000000000000005C0000000000000090
:105960005D000000000000005E000000000000007C
:105970005F00000000000000600000000000000068
:105980006100000000000000620000000000000054
:105990006300000000000000640000000000000040
:1059A000650000000000000066000000000000002C
:1059B0006700000000000000680000000000000018
:1059C00069000000000000006A0000000000000004
:1059D0006B000000000000006C00000000000000F0
:1059E0006D000000000000004D504653205443500D
:1059F00049502044656D6F007265717565737469F7
:105A00006E6700000000000077687920616D204912
:105A10002061742064656661756C7400000000008C
:105A2000444843502048616E646C65720000000079
:105A3000444843502053454C454354494E47000089
:105A4000444843502052455155455354494E470010
:105A5000444843502052454E4557204C45415345FC
:105A600000000000000000004448435020424F5511
:105A70004E44000000000000444843502050524F64
:105A800043455353494E470044484350206F707478
:105A9000696F6E203100000044484350206F7074DD
:105AA000696F6E203300000044484350206F7074CB
:105AB000696F6E203600000044484350206F7074B8
:105AC000696F6E203432000044484350206F707478
:105AD000696F6E203531000044484350206F707468
:105AE000696F6E203534000044484350206F707455
:105AF000696F6E2035330000444843502066616969
:105B00006C204D61676963204E756D62657220631C
:105B10006865636B0000000044484350206661697B
:105B20006C204D4143206164647265737320636827
:105B300065636B00000000004448435020666169C3
:105B40006C2053494144445220636865636B0000F4
:105B500044484350206661696C205949414444528D
:105B600020636865636B00004448435020666169A8
:105B70006C2058494420636865636B000000000096
:105B800044484350206661696C20486172647761C3
:105B90007265204C656E67746800000000000000AC
:105BA00044484350206661696C203230312063687C
:105BB00065636B0000000000444843502066616943
:105BC0006C2073686F7274207061636B65742063FE
:105BD0006865636B000000004448435020666169BB
:105BE0006C20616363657074207479706573202024
:105BF000636865636B0000000000000000000000A7
:105C00000000000000000000000000000000000094
:105C1000000000000000000000000000100E000066
:105C2000100E0000000000005E22FEFF8A1DFEFF35
:105C30005E22FEFF281EFEFF5E22FEFF5E22FEFFAA
:105C4000C61EFEFF5E22FEFF5E22FEFF5E22FEFFFC
:105C50005E22FEFF5E22FEFF5E22FEFF5E22FEFF50
:105C60005E22FEFF5E22FEFF5E22FEFF5E22FEFF40
:105C70005E22FEFF5E22FEFF5E22FEFF5E22FEFF30
:105C80005E22FEFF5E22FEFF5E22FEFF5E22FEFF20
:105C90005E22FEFF5E22FEFF5E22FEFF5E22FEFF10
:105CA0005E22FEFF5E22FEFF5E22FEFF5E22FEFF00
:105CB0005E22FEFF5E22FEFF5E22FEFF5E22FEFFF0
:105CC0005E22FEFF5E22FEFF5E22FEFF5E22FEFFE0
:105CD000A81FFEFF5E22FEFF5E22FEFF5E22FEFF89
:105CE0005E22FEFF5E22FEFF5E22FEFF5E22FEFFC0
:105CF0005E22FEFF8C20FEFF5E22FEFF2A22FEFFB8
:105D00008221FEFF0000000049434D5020454348DA
:105D10004F205265717565737420526563656976AD
:105D2000656400000000000049434D502045434891
:105D30004F2052657175657374203120526563651B
:105D4000697665640000000049434D502045434892
:105D50004F205265717565737420322052656365FA
:105D6000697665640000000049434D502044657326
:105D700074696E6174696F6E20506F727420556E15
:105D8000726561636861626C6520526563656976FE
:105D9000656400000000000049434D5020456368E1
:105DA0006F205265706C792053656E74000000009E
:105DB00049434D50204563686F205265706C7920CF
:105DC0004661696C7572650049434D5020506F7291
:105DD0007420556E726561636861626C6520205342
:105DE000656E74000000000049507634205258203F
:105DF00049434D500000000069636D702077726F59
:105E00006E6720636B736D203A20257800000000D8
:105E1000495076342052582055445000000000006C
:105E2000495076342052582054435000000000005E
:105E300049507634205258206261642054435020E7
:105E400063686B736D000000506F72742044697357
:105E500061626C6564210000546F74616C206C6534
:105E60006E3A25752020506F72744C656E3A257518
:105E700020616E642073697A656F66203A2575002B
:105E800073797344657363722E30203D20535452EE
:105E9000494E473A203C3C506F72745F44657363CF
:105EA0003A200000000000003B2048575F52455652
:105EB0003A200000000000003B2056454E444F525F
:105EC0003A200000000000003B2053575F52455627
:105ED0003A200000000000003B204D4F44454C3A62
:105EE00020000000000000003B2046575F5245564E
:105EF0003A2000000000000050726F636573736900
:105F00006E67204C4C4450204D414E4441544F52FA
:105F100059205061636B65740000000000000000B0
:105F200050726F63657373696E67204C4C445020E8
:105F30004552524F52205061636B6574000000005F
:105F400050726F63657373696E6720454E44204CD1
:105F50004C4450205061636B6574000000000000E9
:105F600050726F63657373696E67204F7074696FE9
:105F70006E616C000000000050726F63657373699E
:105F80006E67204C4C44502053504543494649438A
:105F9000205061636B657400434953434F20506F39
:105FA00077657220544C56004945454520506F771F
:105FB000657220544C5600004201000001000000B0
:105FC000BEA20108000000000F1200000200000045
:105FD000A6A3010800000000000000000600000069
:105FE00001000000050000000200000005000000A4
:105FF000030000000600000004000000050000008F
:10600000050000000500000006000000060000007A
:106010000700000005000000080000000600000066
:1060200009000000050000000A0000000500000053
:106030000B000000050000000C000000060000003E
:106040000D000000050000000E000000050000002B
:106050000F00000005000000100000000500000017
:106060001100000005000000120000000500000003
:1060700013000000060000001400000005000000EE
:1060800015000000060000001600000005000000DA
:1060900017000000050000000A0D53746172746956
:1060A0006E67205379736C6F6720617420256C755F
:1060B0000A0D0000000000003C25643E25642025F8
:1060C000642D252E32642D252E326454252E326403
:1060D0003A252E32643A252E32645A2025642E2524
:1060E000642E25642E2564202573202573202573B6
:1060F0002025735B25735D0D0A0000000000000081
:106100002D0000004849FEFFB449FEFF204AFEFF73
:106110008C4AFEFFF84AFEFFA44BFEFF164CFEFF22
:10612000884CFEFFFA4CFEFF6C4DFEFF00000000A5
:106130004552524F520000005355434345535300BC
:106140004C494E4B5F4E4F545F464F554E440000F6
:106150004255464645525F425553590000000000E3
:1061600054585F4C4F4749435F4E4F545F49444C2E
:1061700045000000000000004D41435F4E4F545F5A
:10618000464F554E4400000049505F57524F4E470E
:106190005F56455253494F4E00000000000000007A
:1061A000495056345F434845434B53554D5F464134
:1061B000494C530000000000444553545F49505F70
:1061C0004E4F545F4D415443484544000000000089
:1061D00049434D505F434845434B53554D5F4641FE
:1061E000494C5300000000005544505F434845436C
:1061F0004B53554D5F4641494C5300000000000091
:106200005443505F434845434B53554D5F464149C6
:106210004C53000000000000444D415F54494D457F
:106220004F55540000000000504F52545F4E4F54E1
:106230005F415641494C41424C450000000000007E
:106240004152505F49505F4E4F545F4D4154434857
:1062500045440000000000004541506F6C5F504114
:10626000434B45545F4641494C55524500000000A0
:10627000494E434F52524543545F495056345F484C
:106280004C454E0000000000495056345F4E4F5FB1
:106290004F5054494F4E530054585F515545554542
:1062A0004400000000000000495056365F43484556
:1062B000434B53554D5F4641494C5300000000008D
:1062C000495056365F4C4F43414C5F414444525F06
:1062D0005245534F4C564500495056365F4C4F433C
:1062E000414C5F414444525F494E56414C49440041
:1062F0004E4F5F4741544557415900000000000090
:10630000414444524553535F5245534F4C555449B1
:106310004F4E000000000000474C4F42414C5F448C
:10632000455354494E4154494F4E0000000000006F
:106330004152505F57524F4E475F48415244574178
:1063400052455F414444525F54595045000000009B
:106350004152505F57524F4E475F50524F544F4338
:106360004F4C5F54595045004152505F57524F4E69
:10637000475F48415244574152455F414444525F50
:106380004C454E00000000004152505F57524F4EA6
:10639000475F50524F544F434F4C5F4C454E0000A7
:1063A0005041434B45545F544F4F5F53484F5254F5
:1063B000000000000000000054585F4641494C5561
:1063C0005245000000000000564C414E20506163D1
:1063D0006B65742044726F7070656400000000008B
:1063E0005258204152505634205061636B657400FE
:1063F00052582049505634205061636B6574000038
:1064000052582049505636205061636B65742044C1
:10641000726F7070656400004C4C44502050616392
:106420006B657420526563656976656400000000E1
:106430003830322E33206C656E67746820307825D2
:1064400030346C58000000003830322E332074791C
:1064500070652030782530346C5800000000000052
:106460007463705F7061636B65742073656E740034
:106470007463705F70617273656F70743A206261EB
:1064800064206F7074696F6E2073697A65206C6523
:106490006E677468000000007463705F70617273EF
:1064A000656F70743A206F746865720000000000B8
:1064B0007463705F70617273656F70743A206261AB
:1064C00064206F7074696F6E206C656E677468000D
:1064D0007463705F70617273656F70743A2062618B
:1064E00064206C656E6774680000000000000000A6
:1064F000666F756E642073796E2661636B000000B1
:10650000666F756E642073796E00000000000000F5
:10651000666F756E642066696E2661636B000000AD
:10652000666F756E642066696E00000000000000F2
:10653000666F756E64207273742661636B00000071
:10654000666F756E642072737400000000000000B6
:10655000666F756E642061636B00000000000000D0
:10656000636F6E66757365640000000000000000D4
:10657000706B742064726F707065643A206261643D
:10658000206F7074696F6E730000000000000000DF
:106590004C495354454E3A2072785F73796E00002F
:1065A0004C495354454E3A20636C6F7365000000AC
:1065B00053594E5F53454E543A2072785F73796E4B
:1065C000000000000000000053594E5F53454E5438
:1065D0003A2072785F73796E61636B00000000008F
:1065E00053594E5F53454E543A2072785F61636B46
:1065F000000000000000000053594E5F53454E5408
:106600003A20636C6F73650053594E5F53454E5487
:106610003A2074696D656F75740000000000000019
:1066200053594E5F52454345495645443A20727886
:106630005F73796E61636B0053594E5F52454345FA
:10664000495645443A2072785F61636B0000000050
:1066500053594E5F52454345495645443A20636C71
:106660006F7365000000000053594E5F524543456B
:10667000495645443A202072785F727374000000D6
:1066800072737420736571204F4B0000000000008E
:1066900053594E5F52454345495645443A2020746C
:1066A000696D656F7574000045535441424C495300
:1066B0004845443A2072785F61636B000000000037
:1066C00045535441424C49534845443A20636C6F0A
:1066D000736500000000000045535441424C49538B
:1066E0004845443A2072785F66696E0000000000F9
:1066F00045535441424C49534845443A202074691B
:106700006D656F757400000046494E5F57414954EE
:106710005F313A2072785F61636B00000000000017
:1067200046494E5F574149545F313A2072785F665F
:10673000696E61636B00000046494E5F57414954E2
:106740005F313A202074696D656F75740000000038
:1067500046494E5F574149545F323A2072785F662E
:10676000696E2F72785F66696E61636B000000006E
:1067700046494E5F574149545F323A202074696D53
:10678000656F757400000000434C4F53494E473A03
:106790002072785F61636B004C4153545F41434BFF
:1067A0003A2072785F61636B000000000000000017
:1067B00054696D6520576169740000000000000095
:1067C000434C4F5345443A206163746976655F6F6B
:1067D00070656E0000000000434C4F5345443A2062
:1067E000706173736976655F6F70656E000000009D
:1067F0007463705F62696E64000000000000000056
:106800007463705F6C697374656E00000000000053
:106810007463705F636C6F736500000000000000BC
:106820007463702074696D656F7574004871FEFF44
:106830003E5CFEFFC85DFEFF3663FEFF3667FEFF6F
:10684000626CFEFFA26EFEFF1872FEFFF66FFEFF87
:106850002270FEFF2071FEFFDA61FEFFF262FEFF92
:10686000F262FEFFCE5DFEFF6460FEFFD25EFEFFC1
:10687000F262FEFFF262FEFFF262FEFFDC62FEFFEA
:10688000DC62FEFFF262FEFF0262FEFF8864FEFF32
:10689000B866FEFFB866FEFFB866FEFFBE63FEFF89
:1068A0000863FEFFB866FEFFB866FEFFB866FEFF2F
:1068B0000065FEFF0065FEFFB866FEFFDC65FEFFBB
:1068C0007469FEFFBE6BFEFFBE6BFEFFBE6BFEFF7C
:1068D000D466FEFFBE6BFEFFEC69FEFF006AFEFFA2
:1068E000BE6BFEFF1E6BFEFF1E6BFEFFBE6BFEFF50
:1068F000546BFEFF000000000000000000000000DC
:1069000000000000000000001E78FEFF1C78FEFF63
:10691000C076FEFF9277FEFF1C78FEFFBC77FEFF7D
:1069200035000000000000000481010800000000A4
:106930004400000000000000BA72010800000000DE
:106940007B000000000000007CB301080000000094
:10695000C0BA0000000000007C2C0208000000000B
:10696000FBFF0000000000001CDE0108000000002A
:10697000527DFEFF5A7DFEFF627DFEFF6A7DFEFFB7
:10698000727DFEFF2289FEFF2289FEFF3A89FEFF0B
:106990002289FEFF2289FEFF3A89FEFF3A89FEFF27
:1069A0002289FEFF3A89FEFF2289FEFF2289FEFF2F
:1069B0002289FEFF3A89FEFF3A89FEFF3A89FEFFEF
:1069C0002289FEFF3A89FEFF3A89FEFF2289FEFFF7
:1069D0003A89FEFF2289FEFF2289FEFF3A89FEFFE7
:1069E0002289FEFF3A89FEFF3A89FEFF2289FEFFD7
:1069F000A08DFEFFA08DFEFFA08DFEFFE28DFEFFAD
:106A0000E28DFEFFA08DFEFFE28DFEFFE28DFEFF18
:106A1000A08DFEFFA08DFEFFE28DFEFFA08DFEFF8C
:106A2000E28DFEFFE28DFEFFE28DFEFFA08DFEFFF8
:106A3000A08DFEFFA08DFEFFE28DFEFFA08DFEFF6C
:106A4000A08DFEFFE28DFEFFA08DFEFFE28DFEFF1A
:106A5000E28DFEFFA08DFEFFE28DFEFFA08DFEFF0A
:106A6000A08DFEFF868EFEFF868EFEFFD48EFEFF7B
:106A7000868EFEFF868EFEFFD48EFEFFD48EFEFF36
:106A8000868EFEFFD48EFEFF868EFEFF868EFEFF74
:106A9000868EFEFFD48EFEFFD48EFEFFD48EFEFFC8
:106AA000868EFEFFD48EFEFFD48EFEFF868EFEFF06
:106AB000D48EFEFF868EFEFF868EFEFFD48EFEFFF6
:106AC000868EFEFFD48EFEFFD48EFEFF868EFEFFE6
:106AD000A693FEFFEC91FEFF0492FEFF2492FEFFC0
:106AE0004492FEFF6492FEFF8492FEFFA492FEFF9A
:106AF000C492FEFFE492FEFF0493FEFF2493FEFF88
:106B00004493FEFFA693FEFFA693FEFFA693FEFF0F
:106B1000A693FEFFA693FEFFA693FEFFA693FEFF9D
:106B2000A693FEFFA693FEFFA693FEFFA693FEFF8D
:106B3000A693FEFFA693FEFFA693FEFFA693FEFF7D
:106B4000A693FEFFA693FEFFA693FEFFA693FEFF6D
:106B5000A693FEFF8293FEFF6495FEFF6E95FEFFF7
:106B60007895FEFF8295FEFF8C95FEFF9695FEFFC1
:106B70005ED5FEFF66D5FEFF6ED5FEFF76D5FEFF25
:106B80007ED5FEFF86D5FEFF8ED5FEFF96D5FEFF95
:106B90009ED5FEFFA6D5FEFF302E392E3100000017
:106BA0004B0000004D0000004F00000055000000A9
:106BB0006F0000002400000051000000750000007C
:106BC000FFFFFFFF000000001C0000006700000046
:106BD00016000000FFFFFFFF0D2700000E2700003A
:106BE0000F270000FFFFFFFF414E414C4F47204958
:106BF0004E50555420256C75000000000000803F69
:106C00001F05B542000000004B0000004D000000D1
:106C10004F000000550000006F000000240000003D
:106C200051000000750000005700000068000000DF
:106C3000FFFFFFFF00000000414E414C4F47204F37
:106C4000555450555420256C750000000000C84272
:106C5000F4FDB43F08F8FEFF42FAFEFF42FAFEFFE1
:106C600042FAFEFF42FAFEFF42FAFEFF42FAFEFF40
:106C700042FAFEFF42FAFEFF42FAFEFF42FAFEFF30
:106C800042FAFEFF42FAFEFF42FAFEFF42FAFEFF20
:106C900042FAFEFF42FAFEFF42FAFEFF42FAFEFF10
:106CA00042FAFEFF42FAFEFF42FAFEFF42FAFEFF00
:106CB00042FAFEFF42FAFEFF42FAFEFF42FAFEFFF0
:106CC00042FAFEFF42FAFEFF42FAFEFF42FAFEFFE0
:106CD00042FAFEFF42FAFEFF42FAFEFF42FAFEFFD0
:106CE00042FAFEFF42FAFEFF42FAFEFF42FAFEFFC0
:106CF00022F7FEFF42FAFEFF3CF7FEFF42FAFEFFDC
:106D000064F7FEFF42FAFEFF1AF8FEFF42FAFEFFAA
:106D100042FAFEFF42FAFEFF76F7FEFF42FAFEFF5E
:106D200056F8FEFF42FAFEFF42FAFEFF42FAFEFF6D
:106D300042FAFEFF42FAFEFF42FAFEFF42FAFEFF6F
:106D400042FAFEFF42FAFEFF42FAFEFF42FAFEFF5F
:106D500042FAFEFF42FAFEFF42FAFEFF42FAFEFF4F
:106D600042FAFEFF26FAFEFF42FAFEFF42FAFEFF5B
:106D700042FAFEFF42FAFEFF42FAFEFF42FAFEFF2F
:106D80009AF7FEFF42FAFEFF42FAFEFF42FAFEFFCA
:106D900042FAFEFF42FAFEFF42F8FEFF76FBFEFFDC
:106DA0008EFBFEFF8EFBFEFF8EFBFEFF8EFBFEFFCB
:106DB0008EFBFEFF8EFBFEFF8EFBFEFF8EFBFEFFBB
:106DC0008EFBFEFF8EFBFEFF8EFBFEFF8EFBFEFFAB
:106DD0008EFBFEFF8EFBFEFF8EFBFEFF8EFBFEFF9B
:106DE0008EFBFEFF8EFBFEFF8EFBFEFF8EFBFEFF8B
:106DF0008EFBFEFF8EFBFEFF8EFBFEFF8EFBFEFF7B
:106E00008EFBFEFF8EFBFEFF8EFBFEFF8EFBFEFF6A
:106E10008EFBFEFF8EFBFEFF8EFBFEFF8EFBFEFF5A
:106E20008EFBFEFF8EFBFEFF8EFBFEFF8EFBFEFF4A
:106E30008EFBFEFF8EFBFEFF76FBFEFF8EFBFEFF52
:106E400076FBFEFF8EFBFEFF76FBFEFF8EFBFEFF5A
:106E500034FBFEFF8EFBFEFF8EFBFEFF8EFBFEFF74
:106E600042FAFEFF8EFBFEFF76FBFEFF8EFBFEFF6F
:106E70008EFBFEFF8EFBFEFF8EFBFEFF8EFBFEFFFA
:106E80008EFBFEFF8EFBFEFF8EFBFEFF8EFBFEFFEA
:106E90008EFBFEFF8EFBFEFF8EFBFEFF8EFBFEFFDA
:106EA0008EFBFEFF8EFBFEFF8EFBFEFF76FBFEFFE2
:106EB0008EFBFEFF8EFBFEFF8EFBFEFF8EFBFEFFBA
:106EC0008EFBFEFF8EFBFEFF76FBFEFF8EFBFEFFC2
:106ED0008EFBFEFF8EFBFEFF8EFBFEFF8EFBFEFF9A
:106EE00076FBFEFF000000004B0000004D0000009C
:106EF0004F000000550000006F000000240000005B
:106F00005100000075000000FFFFFFFF00000000BF
:106F10001C00000016000000FFFFFFFF0000000043
:106F2000414E414C4F472056414C554520256C75EC
:106F3000000000000000803FF4FDB43FCE02FFFFE0
:106F4000E602FFFFE602FFFFE602FFFFE602FFFFA9
:106F5000E602FFFFC001FFFFE602FFFFE602FFFFC0
:106F6000E602FFFFE602FFFFE602FFFFE602FFFF89
:106F7000E602FFFF7E02FFFFE602FFFFE602FFFFE1
:106F8000E602FFFFE602FFFFE602FFFFE602FFFF69
:106F9000E602FFFFE602FFFFE602FFFFE602FFFF59
:106FA000E602FFFFE602FFFFE602FFFFE602FFFF49
:106FB000E602FFFFE602FFFFE602FFFFE602FFFF39
:106FC000E602FFFFE602FFFFE602FFFFE602FFFF29
:106FD000E602FFFFE602FFFFE602FFFFE602FFFF19
:106FE000E602FFFFE602FFFFE602FFFFE602FFFF09
:106FF000E602FFFFE602FFFFE602FFFFE602FFFFF9
:10700000E602FFFFE602FFFFE602FFFFE602FFFFE8
:10701000A601FFFFE602FFFFC001FFFFE602FFFF40
:10702000E801FFFFE602FFFF9002FFFFE602FFFF1D
:10703000E602FFFFE602FFFFFA01FFFFE602FFFFA5
:10704000E602FFFFE602FFFFE602FFFFE602FFFFA8
:10705000E602FFFFE602FFFFE602FFFFE602FFFF98
:10706000E602FFFFE602FFFFE602FFFFE602FFFF88
:10707000E602FFFFE602FFFFE602FFFFE602FFFF78
:10708000E602FFFFE602FFFFE602FFFFE602FFFF68
:10709000E602FFFFE602FFFFE602FFFFE602FFFF58
:1070A0001E02FFFFE602FFFFE602FFFFE602FFFF10
:1070B000E602FFFFE602FFFFB202FFFF2204FFFF2E
:1070C000AC04FFFFAC04FFFFAC04FFFFAC04FFFF08
:1070D000AC04FFFF9404FFFFAC04FFFFAC04FFFF10
:1070E000AC04FFFFAC04FFFFAC04FFFFAC04FFFFE8
:1070F000AC04FFFF9404FFFFAC04FFFFAC04FFFFF0
:10710000AC04FFFFAC04FFFFAC04FFFFAC04FFFFC7
:10711000AC04FFFFAC04FFFFAC04FFFFAC04FFFFB7
:10712000AC04FFFFAC04FFFFAC04FFFFAC04FFFFA7
:10713000AC04FFFFAC04FFFFAC04FFFFAC04FFFF97
:10714000AC04FFFFAC04FFFFAC04FFFFAC04FFFF87
:10715000AC04FFFFAC04FFFFAC04FFFFAC04FFFF77
:10716000AC04FFFFAC04FFFFAC04FFFFAC04FFFF67
:10717000AC04FFFFAC04FFFFAC04FFFFAC04FFFF57
:10718000AC04FFFFAC04FFFFAC04FFFFAC04FFFF47
:107190009404FFFFAC04FFFF9404FFFFAC04FFFF67
:1071A0009404FFFFAC04FFFFA203FFFFAC04FFFF4A
:1071B000AC04FFFFAC04FFFF1203FFFFAC04FFFFB2
:1071C000AC04FFFFAC04FFFFAC04FFFFAC04FFFF07
:1071D000AC04FFFFAC04FFFFAC04FFFFAC04FFFFF7
:1071E000AC04FFFFAC04FFFFAC04FFFFAC04FFFFE7
:1071F000AC04FFFFAC04FFFFAC04FFFFAC04FFFFD7
:10720000AC04FFFFAC04FFFFAC04FFFFAC04FFFFC6
:10721000AC04FFFFAC04FFFFAC04FFFFAC04FFFFB6
:107220009404FFFFAC04FFFFAC04FFFFAC04FFFFBE
:10723000AC04FFFFAC04FFFFE003FFFF0000000011
:107240004B0000004D0000004F0000005500000002
:107250006F000000240000005100000054000000F6
:10726000FFFFFFFF0000000042494E4152592049F4
:107270004E50555420256C7500000000340AFFFF65
:107280005A0BFFFF5A0BFFFF5A0BFFFF5A0BFFFF72
:107290005A0BFFFF5A0BFFFF5A0BFFFFFE0AFFFFBF
:1072A0005A0BFFFF5A0BFFFF5A0BFFFF5A0BFFFF52
:1072B0005A0BFFFF5A0BFFFF5A0BFFFF5A0BFFFF42
:1072C0005A0BFFFF5A0BFFFF5A0BFFFF5A0BFFFF32
:1072D0005A0BFFFF5A0BFFFF5A0BFFFF5A0BFFFF22
:1072E0005A0BFFFF5A0BFFFF5A0BFFFF5A0BFFFF12
:1072F0005A0BFFFF5A0BFFFF5A0BFFFF5A0BFFFF02
:107300005A0BFFFF5A0BFFFF5A0BFFFF5A0BFFFFF1
:107310005A0BFFFF5A0BFFFF5A0BFFFF5A0BFFFFE1
:107320005A0BFFFF5A0BFFFF5A0BFFFF5A0BFFFFD1
:107330005A0BFFFF5A0BFFFF1A0AFFFF5A0BFFFF02
:10734000340AFFFF5A0BFFFF5C0AFFFF5A0BFFFFD7
:10735000100BFFFF5A0BFFFF5A0BFFFF380BFFFF0D
:107360006E0AFFFF5A0BFFFF5A0BFFFF5A0BFFFF7E
:107370005A0BFFFF5A0BFFFF5A0BFFFF5A0BFFFF81
:107380005A0BFFFF5A0BFFFF5A0BFFFF5A0BFFFF71
:107390005A0BFFFF5A0BFFFF5A0BFFFF5A0BFFFF61
:1073A0005A0BFFFF5A0BFFFF5A0BFFFF5A0BFFFF51
:1073B0005A0BFFFF5A0BFFFF5A0BFFFF5A0BFFFF41
:1073C0005A0BFFFF5A0BFFFF900AFFFF4A0CFFFF0B
:1073D000620CFFFF620CFFFF620CFFFF620CFFFFFD
:1073E000620CFFFF620CFFFF620CFFFF4A0CFFFF05
:1073F000620CFFFF620CFFFF620CFFFF620CFFFFDD
:10740000620CFFFF620CFFFF620CFFFF620CFFFFCC
:10741000620CFFFF620CFFFF620CFFFF620CFFFFBC
:10742000620CFFFF620CFFFF620CFFFF620CFFFFAC
:10743000620CFFFF620CFFFF620CFFFF620CFFFF9C
:10744000620CFFFF620CFFFF620CFFFF620CFFFF8C
:10745000620CFFFF620CFFFF620CFFFF620CFFFF7C
:10746000620CFFFF620CFFFF620CFFFF620CFFFF6C
:10747000620CFFFF620CFFFF620CFFFF620CFFFF5C
:10748000620CFFFF620CFFFF4A0CFFFF620CFFFF64
:107490004A0CFFFF620CFFFF4A0CFFFF620CFFFF6C
:1074A0009E0BFFFF620CFFFF620CFFFFE00BFFFF74
:1074B000320BFFFF620CFFFF620CFFFF620CFFFF4D
:1074C000620CFFFF620CFFFF620CFFFF620CFFFF0C
:1074D000620CFFFF620CFFFF620CFFFF620CFFFFFC
:1074E000620CFFFF620CFFFF620CFFFF620CFFFFEC
:1074F000620CFFFF620CFFFF620CFFFF620CFFFFDC
:10750000620CFFFF620CFFFF620CFFFF620CFFFFCB
:10751000620CFFFF620CFFFF4A0CFFFF000000003F
:107520004B0000004D0000004F000000550000001F
:107530006F00000024000000510000005400000013
:107540005700000068000000FFFFFFFF0000000080
:107550001C000000040000002E000000FFFFFFFFE1
:1075600042494E415259204F555450555420256C94
:1075700075000000000000006F6E000000000000B9
:107580006F6666000C11FFFF5C11FFFF5C11FFFFCF
:107590005C11FFFF5C11FFFF5C11FFFF5C11FFFF3F
:1075A0005C11FFFF5C11FFFF5C11FFFF5C11FFFF2F
:1075B0005C11FFFF5C11FFFF5C11FFFF5C11FFFF1F
:1075C0005C11FFFF5C11FFFF5C11FFFF5C11FFFF0F
:1075D0005C11FFFF5C11FFFF5C11FFFF5C11FFFFFF
:1075E0005C11FFFF020EFFFF5C11FFFF5C11FFFF4C
:1075F0005C11FFFF5C11FFFF5C11FFFF5C11FFFFDF
:107600005C11FFFFBC0EFFFF5C11FFFF5C11FFFF71
:107610005C11FFFF5C11FFFF5C11FFFF5C11FFFFBE
:107620005C11FFFF5C11FFFF5C11FFFF3411FFFFD6
:107630005C11FFFF5C11FFFF5C11FFFF5C11FFFF9E
:107640005C11FFFF5C11FFFF5C11FFFF5C11FFFF8E
:107650005C11FFFF5C11FFFF5C11FFFF5C11FFFF7E
:107660005C11FFFF5C11FFFF5C11FFFF5C11FFFF6E
:107670005C11FFFF5C11FFFF5C11FFFF5C11FFFF5E
:107680005C11FFFF5C11FFFF5C11FFFF5C11FFFF4E
:107690005C11FFFF5C11FFFF5C11FFFF5C11FFFF3E
:1076A000E80DFFFF5C11FFFF020EFFFF5C11FFFF03
:1076B0002A0EFFFF5C11FFFFCE0EFFFF5C11FFFFE4
:1076C0005C11FFFF0C0FFFFF3C0EFFFF5C11FFFF83
:1076D000220FFFFF5C11FFFF5C11FFFF5C11FFFF3A
:1076E0005C11FFFF5C11FFFF5C11FFFF5C11FFFFEE
:1076F0005C11FFFF5C11FFFF5C11FFFF5C11FFFFDE
:107700005C11FFFF5C11FFFF5C11FFFF5C11FFFFCD
:107710005C11FFFFF210FFFF5C11FFFF5C11FFFF28
:107720005C11FFFF5C11FFFF5C11FFFF5C11FFFFAD
:10773000640EFFFFE012FFFFF812FFFFF812FFFFD9
:10774000F812FFFFF812FFFFF812FFFFF812FFFF19
:10775000F812FFFFF812FFFFF812FFFFF812FFFF09
:10776000F812FFFFF812FFFFF812FFFFF812FFFFF9
:10777000F812FFFFF812FFFFF812FFFFF812FFFFE9
:10778000F812FFFFF812FFFFF812FFFFF812FFFFD9
:10779000F812FFFFF812FFFFF812FFFFF812FFFFC9
:1077A000F812FFFFF812FFFFF812FFFFF812FFFFB9
:1077B000F812FFFFE012FFFFF812FFFFF812FFFFC1
:1077C000F812FFFFF812FFFFF812FFFFF812FFFF99
:1077D000F812FFFFF812FFFFF812FFFFE012FFFFA1
:1077E000F812FFFFF812FFFFF812FFFFF812FFFF79
:1077F000F812FFFFF812FFFFF812FFFFF812FFFF69
:10780000F812FFFFF812FFFFF812FFFFF812FFFF58
:10781000F812FFFFF812FFFFF812FFFFF812FFFF48
:10782000F812FFFFF812FFFFF812FFFFF812FFFF38
:10783000F812FFFFF812FFFFF812FFFFF812FFFF28
:10784000F812FFFFF812FFFFF812FFFFF812FFFF18
:10785000E012FFFFF812FFFFE012FFFFF812FFFF38
:10786000E012FFFFF812FFFF8812FFFFF812FFFF80
:10787000F812FFFFE012FFFF0411FFFFF812FFFFF5
:10788000E012FFFFF812FFFFF812FFFFF812FFFFF0
:10789000F812FFFFF812FFFFF812FFFFF812FFFFC8
:1078A000F812FFFFF812FFFFF812FFFFF812FFFFB8
:1078B000F812FFFFF812FFFFF812FFFFF812FFFFA8
:1078C000E012FFFFE012FFFFF812FFFFF812FFFFC8
:1078D000F812FFFFF812FFFFF812FFFFF812FFFF88
:1078E000E012FFFF000000004B0000004D00000010
:1078F0004F000000550000006F0000002400000051
:1079000051000000FFFFFFFF1C00000057000000B7
:1079100068000000FFFFFFFF42494E4152592056C8
:10792000414C554520256C75000000000015FFFFF7
:10793000EC17FFFFEC17FFFFEC17FFFFEC17FFFF43
:10794000EC17FFFFEC17FFFFEC17FFFFD015FFFF51
:10795000EC17FFFFEC17FFFFEC17FFFFEC17FFFF23
:10796000EC17FFFFEC17FFFFEC17FFFFEC17FFFF13
:10797000EC17FFFFEC17FFFFEC17FFFFEC17FFFF03
:10798000EC17FFFFEC17FFFFEC17FFFFEC17FFFFF3
:10799000EC17FFFFEC17FFFFEC17FFFFEC17FFFFE3
:1079A000EC17FFFFEC17FFFFEC17FFFFEC17FFFFD3
:1079B000EC17FFFFEC17FFFFEC17FFFFEC17FFFFC3
:1079C000EC17FFFFEC17FFFFEC17FFFFEC17FFFFB3
:1079D000EC17FFFFEC17FFFFEC17FFFFEC17FFFFA3
:1079E000EC17FFFFEC17FFFFE614FFFFEC17FFFF9C
:1079F0000015FFFFEC17FFFF2815FFFFEC17FFFF37
:107A0000E215FFFFEC17FFFFEC17FFFFEC17FFFF7E
:107A10003A15FFFFEC17FFFF0A16FFFFEC17FFFFF9
:107A2000EC17FFFFEC17FFFFEC17FFFFEC17FFFF52
:107A3000EC17FFFFEC17FFFFEC17FFFFEC17FFFF42
:107A4000EC17FFFFEC17FFFFEC17FFFFEC17FFFF32
:107A5000EC17FFFFEC17FFFFEC17FFFFD217FFFF3C
:107A6000EC17FFFFEC17FFFFEC17FFFFEC17FFFF12
:107A7000EC17FFFFEC17FFFF6215FFFFBA19FFFFBE
:107A8000D219FFFFD219FFFFD219FFFFD219FFFF52
:107A9000D219FFFFD219FFFFD219FFFFBA19FFFF5A
:107AA000D219FFFFD219FFFFD219FFFFD219FFFF32
:107AB000D219FFFFD219FFFFD219FFFFD219FFFF22
:107AC000D219FFFFD219FFFFD219FFFFD219FFFF12
:107AD000D219FFFFD219FFFFD219FFFFD219FFFF02
:107AE000D219FFFFD219FFFFD219FFFFD219FFFFF2
:107AF000D219FFFFD219FFFFD219FFFFD219FFFFE2
:107B0000D219FFFFD219FFFFD219FFFFD219FFFFD1
:107B1000D219FFFFD219FFFFD219FFFFD219FFFFC1
:107B2000D219FFFFD219FFFFD219FFFFD219FFFFB1
:107B3000D219FFFFD219FFFFBA19FFFFD219FFFFB9
:107B4000BA19FFFFD219FFFFBA19FFFFD219FFFFC1
:107B50007819FFFFD219FFFFD219FFFFD219FFFFDB
:107B6000F417FFFFD219FFFFBA19FFFFD219FFFF69
:107B7000D219FFFFD219FFFFD219FFFFD219FFFF61
:107B8000D219FFFFD219FFFFD219FFFFD219FFFF51
:107B9000D219FFFFD219FFFFD219FFFFD219FFFF41
:107BA000D219FFFFD219FFFFD219FFFFBA19FFFF49
:107BB000D219FFFFD219FFFFD219FFFFD219FFFF21
:107BC000D219FFFFD219FFFFBA19FFFF0000000012
:107BD0004241436E657420537461636B206174206D
:107BE000536F75726365466F726765000000000031
:107BF000474E550000000000312E3000000000000C
:107C00005553410000000000636F6D6D616E64208C
:107C10006C696E6520636C69656E7400000000001D
:107C2000506F6C61724669726520536F43000000AB
:107C30004B0000004D0000004F00000070000000ED
:107C40007900000078000000460000002C000000D1
:107C50000C000000620000008B00000061000000CA
:107C6000600000004C0000003E0000006B000000BF
:107C70000B000000490000001E0000009B000000F7
:107C8000FFFFFFFF000000001C00000039000000A3
:107C90007700000038000000180000003A000000E3
:107CA00098000000FFFFFFFF501BFFFF501BFFFF6E
:107CB000601BFFFF601BFFFF501BFFFF601BFFFFF0
:107CC0007624FFFF5221FFFFDA24FFFFDA24FFFFB3
:107CD000DA24FFFFDA24FFFFDA24FFFFDA24FFFFB4
:107CE000DA24FFFFDA24FFFFDA24FFFFDA24FFFFA4
:107CF000DA24FFFFDA24FFFFDA24FFFFDA24FFFF94
:107D0000DA24FFFF7A20FFFFDA24FFFFAA24FFFF17
:107D1000DA24FFFFDA24FFFFDA24FFFFDA24FFFF73
:107D2000DA24FFFFDA24FFFFDA24FFFFDA24FFFF63
:107D3000DA24FFFFDA24FFFFDA24FFFFDA24FFFF53
:107D4000DA24FFFF2A21FFFFDA24FFFFDA24FFFFF6
:107D5000DA24FFFFDA24FFFFDA24FFFFDA24FFFF33
:107D6000DA24FFFFDA24FFFFDA24FFFFDA24FFFF23
:107D7000DA24FFFFDA24FFFFDA24FFFF7A21FFFF76
:107D8000DA24FFFFDA24FFFFDA24FFFF4824FFFF95
:107D9000DA24FFFFDA24FFFFDA24FFFFDA24FFFFF3
:107DA000DA24FFFFDA24FFFFDA24FFFF0221FFFFBE
:107DB000DA24FFFFDA24FFFF9024FFFFDA24FFFF1D
:107DC0003620FFFFE822FFFF5020FFFFDA24FFFFED
:107DD0006820FFFFDA24FFFFDA24FFFFDA24FFFF29
:107DE000DA24FFFFDA24FFFFDA24FFFFDA24FFFFA3
:107DF000DA24FFFFDA24FFFFDA24FFFFDA24FFFF93
:107E0000DA24FFFFDA24FFFFDA24FFFFDA24FFFF82
:107E1000DA24FFFF3A22FFFFD621FFFFA221FFFF56
:107E2000DA24FFFFDA24FFFFDA24FFFFDA24FFFF62
:107E3000DA24FFFFDA24FFFFDA24FFFFDA24FFFF52
:107E40005C24FFFFDA24FFFFDA24FFFFDA24FFFFC0
:107E5000DA24FFFFA220FFFFDA24FFFFDA24FFFF6E
:107E6000DA24FFFFDA24FFFFDA24FFFFDA24FFFF22
:107E7000DA24FFFFE620FFFFBE20FFFFDA24FFFF2A
:107E8000DA24FFFFDA24FFFFDA24FFFFDA24FFFF02
:107E9000DA24FFFFDA24FFFFDA24FFFFDA24FFFFF2
:107EA000DA24FFFFDA24FFFFDA24FFFFDA24FFFFE2
:107EB000DA24FFFFDA24FFFFDA24FFFFDA24FFFFD2
:107EC000BC21FFFFDA24FFFFDA24FFFFDA24FFFFE3
:107ED000DA24FFFFDA24FFFFDA24FFFFDA24FFFFB2
:107EE000DA24FFFFDA24FFFFDA24FFFFDA24FFFFA2
:107EF000DA24FFFFF424FFFFDA24FFFFDA24FFFF78
:107F0000BE24FFFF4225FFFF2828FFFF4028FFFF78
:107F10004028FFFF4028FFFF4028FFFF4028FFFFC9
:107F20004028FFFF4028FFFF4028FFFF4028FFFFB9
:107F30004028FFFF4028FFFF2828FFFF4028FFFFC1
:107F40004028FFFF4028FFFF4A27FFFF4028FFFF90
:107F50002828FFFF4028FFFF4028FFFF4028FFFFA1
:107F60004028FFFF4028FFFF4028FFFF4028FFFF79
:107F70004028FFFF4028FFFF4028FFFF4028FFFF69
:107F80004028FFFF4028FFFF2828FFFF4028FFFF71
:107F90004028FFFF4028FFFF4028FFFF4028FFFF49
:107FA0004028FFFF4028FFFF4028FFFF4028FFFF39
:107FB0004028FFFF4028FFFF2828FFFF2828FFFF59
:107FC000F226FFFF4028FFFF4028FFFF4028FFFF69
:107FD0002828FFFF1028FFFF1028FFFF4028FFFF81
:107FE0004028FFFF4028FFFF4028FFFF4028FFFFF9
:107FF000A227FFFF4028FFFF4028FFFF0225FFFFC9
:108000004028FFFF9824FFFF2828FFFF4626FFFF98
:108010004028FFFF2828FFFF4028FFFF4028FFFFE0
:108020004028FFFF4028FFFF4028FFFF4028FFFFB8
:108030004028FFFF4028FFFF4028FFFF4028FFFFA8
:108040004028FFFF4028FFFF4028FFFF4028FFFF98
:108050004028FFFF4028FFFF2828FFFF2828FFFFB8
:108060002828FFFF4028FFFF4028FFFF4028FFFF90
:108070004028FFFF4028FFFF4028FFFF4028FFFF68
:108080004028FFFF2828FFFF4028FFFF4028FFFF70
:108090004028FFFF4028FFFFC225FFFF4028FFFFC9
:1080A0004028FFFF4028FFFF4028FFFF4028FFFF38
:1080B0004028FFFF4028FFFF8225FFFF2828FFFF01
:1080C0004028FFFF4028FFFF4028FFFF4028FFFF18
:1080D0004028FFFF4028FFFF4028FFFF4028FFFF08
:1080E0004028FFFF4028FFFF4028FFFF4028FFFFF8
:1080F0004028FFFF4028FFFF4028FFFF4028FFFFE8
:108100004028FFFF2828FFFF4028FFFF4028FFFFEF
:108110004028FFFF4028FFFF4028FFFF4028FFFFC7
:108120004028FFFF4028FFFF4028FFFF4028FFFFB7
:108130004028FFFF4028FFFF2828FFFF4028FFFFBF
:108140004028FFFF2828FFFF4028FFFF4028FFFFAF
:108150004028FFFF4028FFFF4028FFFF4028FFFF87
:108160004028FFFF4028FFFF4028FFFF4028FFFF77
:108170004028FFFF4028FFFF4028FFFF4028FFFF67
:108180004028FFFF4028FFFF4028FFFF4028FFFF57
:108190004028FFFF4028FFFF4028FFFF4028FFFF47
:1081A0004028FFFF4028FFFF4028FFFF4028FFFF37
:1081B0004028FFFF4028FFFF4028FFFF4028FFFF27
:1081C0004028FFFF4028FFFF4028FFFF4028FFFF17
:1081D0004028FFFF4028FFFF4028FFFFF827FFFF50
:1081E0004028FFFFF827FFFF4028FFFF4028FFFF40
:1081F0004028FFFF4028FFFF4028FFFF4028FFFFE7
:108200004028FFFF4028FFFFF827FFFF0000000085
:108210004B0000004D0000004F0000006F00000008
:108220006700000051000000AB010000E201000007
:10823000A9010000AA010000A00100008F010000B8
:10824000A4010000FFFFFFFFA70100003E000000A7
:10825000FFFFFFFF00000000A70100003E0000003C
:10826000400000003F000000FFFFFFFF0000000093
:10827000A70100003E0000009801000090010000EE
:108280009C0100009B01000091010000960100008C
:108290009D0100009E0100009F010000FFFFFFFF05
:1082A000A70100003E000000B3010000B40100007F
:1082B000B5010000B6010000B7010000B8010000E0
:1082C000B9010000BA010000BB010000BC010000C0
:1082D000BD010000BE010000FFFFFFFF0000000025
:1082E0006861727434204D4D5541525434206C6F86
:1082F00063616C204952512E0D0A000000000000FD
:1083000048656C6C6F20576F726C642066726F6D7D
:10831000205535345F340D0A0000000000000000D5
:10832000686172742025640D0A00000000000000DE
:108330006861727433204D4D5541525433206C6F37
:1083400063616C204952512E0D0A000000000000AC
:1083500048656C6C6F20576F726C642066726F6D2D
:10836000205535345F330D0A000000000000000086
:10837000686172742025640D0A000000000000008E
:108380006861727432204D4D5541525432206C6FE9
:1083900063616C204952512E0D0A0000000000005C
:1083A00048656C6C6F20576F726C642066726F6DDD
:1083B000205535345F320D0A000000000000000037
:1083C000686172742025640D0A000000000000003E
:1083D0006861727431204D4D5541525431206C6F9B
:1083E00063616C204952512E0D0A0000000000000C
:1083F00048656C6C6F20576F726C642066726F6D8D
:10840000205535345F310D0A0000000000000000E7
:10841000686172742025640D0A0000004862FFFF45
:108420008E62FFFFFA62FFFF6663FFFFD263FFFF0A
:1084300054686520666F6C6C6F77696E672073692E
:108440006E676C65206B657920636F6D6D616E641E
:1084500073206172652061636365707465643A0AB4
:108460000D0A0D000000000061202D2053686F7779
:108470002063757272656E7420415250207461627F
:108480006C6520636F6E74656E74730A0D00000076
:1084900041202D20436C656172204152502074614F
:1084A000626C6520636F6E74656E74730A0D0000F4
:1084B00064697361626C6564000000000000000084
:1084C000656E61626C65640042202D20546F6767A1
:1084D0006C652062726F616463617374205258200E
:1084E0006D6F6465202D2D2D2D2D2D2D2D2D2D2DD8
:1084F0002D2D2D282573290A0D00000000000000F5
:1085000063202D204361707475726520616E642054
:1085100064756D70206E657874207061636B65742E
:108520000A0D00000000000068202D2044697370CF
:108530006C617920746869732068656C7020696E5D
:10854000666F726D6174696F6E0A0D000000000045
:1085500069202D20496E6372656D656E7420737499
:10856000617469737469637320636F756E74657287
:10857000730A0D000000000049202D2053686F771A
:10858000204950763420696E666F0A0D00000000A5
:108590006A202D20546F67676C65204A756D626F85
:1085A000205061636B6574204D6F64652D2D2D2DFA
:1085B0002D2D2D2D2D2D2D2D2D2D2D282573290AD9
:1085C0000D000000000000006B202D20546F676735
:1085D0006C6520636170747572652072652D7472AC
:1085E0006967676572206D6F6465202D2D2D2D2DB7
:1085F0002D2D2D282573290A0D00000000000000F4
:10860000456D657267656E637900000000000000CB
:1086100044656661756C74006C202D20546F67672B
:108620006C65206C6F67207072696F726974792055
:108630006D6F6465202D2D2D2D2D2D2D2D2825734D
:10864000290A0D000000000070202D20546F67677C
:108650006C652070726F6D697363756F75732072CE
:10866000656365697665206D6F6465202D2D2D2D00
:108670002D2D2D282573290A0D0000000000000073
:1086800072202D2052657365742073746174697350
:108690007469637320636F756E74730A0D00000054
:1086A00073202D2053686F7720737461746973741D
:1086B0006963730A0D00000074202D205472616EEE
:1086C000736D69742073616D706C65204152502028
:1086D0007061636B65740A0D00000000000000000B
:1086E00054202D205472616E736D69742073616D16
:1086F000706C6520415250207061636B6574202D51
:108700002036302B20627974657320307830302029
:108710007061646465640A0D0000000000000000E0
:1087200078202D20546F67676C652050485920725F
:10873000656769737465722064756D70206D6F6410
:1087400065202D2D2D2D2D2D2D2D2D282573290A1C
:108750000D0000000000000050485920537461745F
:108760006973746963730A0D000000000000000063
:1087700050485920435520525820474F4F442020FD
:108780002020202020202020252031306C75202022
:1087900000000000000000005048592043552052BE
:1087A00058204552524F5253202020202020202074
:1087B000252031306C750A0D00000000000000001B
:1087C000504859204D414320525820474F4F442094
:1087D0002020202020202020252031306C752020D2
:1087E0000000000000000000504859204D41432087
:1087F0005258204552524F525320202020202020F2
:10880000252031306C750A0D0000000000000000CA
:10881000504859204D414320545820474F4F442041
:108820002020202020202020252031306C75202081
:108830000000000000000000504859204D41432036
:108840005458204552524F5253202020202020209F
:10885000252031306C750A0D00000000000000007A
:108860005048592046414C534520434152524945B6
:108870005220455252202020252031306C75202076
:108880000000000000000000504859204C494E4BA9
:1088900020444953434F4E4E4543545320202020FB
:1088A000252031306C750A0D0A0D00000000000013
:1088B00053474D4949205265676973746572730A5D
:1088C0000D0000000000000053474D494920436F50
:1088D0006E74726F6C2052656769737465722020C4
:1088E000253034580A0D000053474D494920537430
:1088F00061747573205265676973746572202020F6
:10890000253034580A0D000053474D494920414E47
:10891000204164766572746973656D656E7420209C
:10892000253034580A0D0A0D000000000000000038
:10893000504859205265676973746572730A0D0057
:108940004261736963204D6F646520436F6E74727A
:108950006F6C205265676973746572202020202037
:108960002020202020202020202020202020202502
:108970003034580A0D0000004261736963204D6F66
:1089800064652053746174757320526567697374EC
:108990006572202020202020202020202020202040
:1089A00020202020202020253034580A0D000000EF
:1089B0004175746F2D4E65676F74696174696F6E70
:1089C000204164766572746973656D656E742052BA
:1089D000656769737465722020202020202020257F
:1089E0003034580A0D0000004175746F2D4E6567D4
:1089F0006F74696174696F6E204C696E6B20506191
:108A000072746E6572204162696C69747920526576
:108A100067697374657220253034580A0D000000B0
:108A20004175746F2D4E65676F746961746520457B
:108A30007870616E73696F6E2052656769737465D3
:108A400072202020202020202020202020202025CF
:108A50003034580A0D0000004175746F2D4E656763
:108A60006F74696174696F6E204E6578742050610F
:108A70006765205472616E736D6974205265676911
:108A800073746572202020253034580A0D000000D0
:108A90004175746F2D4E65676F74696174696F6E8F
:108AA000204E657874205061676520526563656962
:108AB00076652052656769737465722020202025D1
:108AC0003034580A0D0000003130303042415345F7
:108AD0002D5420436F6E66696775726174696F6E9D
:108AE0002052656769737465722020202020202041
:108AF00020202020202020253034580A0D0000009E
:108B0000537461747573205265676973746572205C
:108B10003120202020202020202020202020202044
:108B20002020202020202020202020202020202540
:108B30003034580A0D000000313030304241534586
:108B40002D54205374617475732052656769737472
:108B5000657220202020202020202020202020207E
:108B600020202020202020253034580A0D0000002D
:108B700050485920436F6E74726F6C20526567695C
:108B800073746572202020202020202020202020A7
:108B900020202020202020202020202020202025D0
:108BA0003034580A0D000000504859205374617445
:108BB00075732052656769737465722020202020C8
:108BC00020202020202020202020202020202020A5
:108BD00020202020202020253034580A0D000000BD
:108BE000496E746572727570742053746174757314
:108BF0002052656769737465722020202020202030
:108C0000202020202020202020202020202020255F
:108C10003034580A0D000000436F6E666967757244
:108C20006174696F6E205265676973746572203272
:108C30002020202020202020202020202020202034
:108C400020202020202020253034580A0D0000004C
:108C5000436F6E66696775726174696F6E205265E5
:108C60006769737465722034202020202020202022
:108C700020202020202020202020202020202025EF
:108C80003034580A0D00000053474D4949204175C2
:108C9000746F2D4E65676F74696174696F6E2053D0
:108CA0007461747573202020202020202020202033
:108CB00020202020202020253034580A0D000000DC
:108CC000536B6577204649464F2053746174757322
:108CD0002020202020202020202020202020202094
:108CE000202020202020202020202020202020257F
:108CF0003034580A0D00000031304D2053474D49A3
:108D00004920436F6E66696775726174696F6E2082
:108D10002020202020202020202020202020202053
:108D200020202020202020253034580A0D0000006B
:108D30004D4D44332050435320436F6E74726F6C1B
:108D400020526567697374657220202020202020DE
:108D5000202020202020202020202020202020250E
:108D60003034580A0D0A0D0053474D494920436FCE
:108D70006E74726F6C20526567697374657220201F
:108D800020202020202020202020202020202020E3
:108D900020202020202020253034580A0D000000FB
:108DA00053474D4949205374617475732052656768
:108DB000697374657220202020202020202020202C
:108DC000202020202020202020202020202020259E
:108DD0003034580A0D00000053474D494920414E98
:108DE000204164766572746973656D656E742020C8
:108DF0002020202020202020202020202020202073
:108E000020202020202020253034580A0D0A0D0073
:108E100047454D20537461746973746963730A0D17
:108E2000000000000000000054585F4F43544554B8
:108E3000535F4C4F5720202020202020202020202E
:108E4000252031306C75202000000000000000005B
:108E500054585F4F43544554535F48494748202076
:108E60002020202020202020252031306C750A0D64
:108E7000000000000000000054585F4652414D457C
:108E8000535F4F4B20202020202020202020202016
:108E9000252031306C75202000000000000000000B
:108EA00054585F42434153545F4652414D45535FCE
:108EB0004F4B202020202020252031306C750A0DBA
:108EC000000000000000000054585F4D434153541F
:108ED0005F4652414D45535F4F4B202020202020BC
:108EE000252031306C7520200000000000000000BB
:108EF00054585F50415553455F4652414D45535F6D
:108F00004F4B202020202020252031306C750A0D69
:108F1000000000000000000054585F36345F4259E2
:108F200054455F4652414D45535F4F4B2020202012
:108F3000252031306C75202000000000000000006A
:108F400054585F36355F425954455F4652414D454E
:108F5000535F4F4B20202020252031306C750A0DA7
:108F6000000000000000000054585F3132385F42BA
:108F70005954455F4652414D45535F4F4B20202089
:108F8000252031306C75202000000000000000001A
:108F900054585F3235365F425954455F4652414D11
:108FA00045535F4F4B202020252031306C750A0D32
:108FB000000000000000000054585F3531325F426D
:108FC0005954455F4652414D45535F4F4B20202039
:108FD000252031306C7520200000000000000000CA
:108FE00054585F313032345F425954455F465241E4
:108FF0004D45535F4F4B2020252031306C750A0DB5
:10900000000000000000000054585F313531395F26
:10901000425954455F4652414D45535F4F4B2020C6
:10902000252031306C752020000000000000000079
:1090300054585F554E44455252554E5320202020DF
:109040002020202020202020252031306C750A0D82
:10905000000000000000000054585F53494E474C88
:10906000455F434F4C4C4953494F4E5320202020DD
:10907000252031306C752020000000000000000029
:1090800054585F4D554C5449504C455F434F4C4CE0
:109090004953494F4E532020252031306C750A0D1D
:1090A000000000000000000054585F45584345533D
:1090B000534956455F434F4C4C4953494F4E5320FB
:1090C000252031306C7520200000000000000000D9
:1090D00054585F4C4154455F434F4C4C4953494FA2
:1090E0004E53202020202020252031306C750A0D81
:1090F000000000000000000054585F4445464552FF
:109100005245445F4652414D4553202020202020A7
:10911000252031306C752020000000000000000088
:1091200054585F4352535F4552524F5253202020B0
:109130002020202020202020252031306C750A0D91
:10914000000000000000000052585F4F4354455497
:10915000535F4C4F5720202020202020202020200B
:10916000252031306C752020000000000000000038
:1091700052585F4F43544554535F48494748202055
:109180002020202020202020252031306C750A0D41
:10919000000000000000000052585F4652414D455B
:1091A000535F4F4B202020202020202020202020F3
:1091B000252031306C7520200000000000000000E8
:1091C00052585F42434153545F4652414D45535FAD
:1091D0004F4B202020202020252031306C750A0D97
:1091E000000000000000000052585F4D43415354FE
:1091F0005F4652414D45535F4F4B20202020202099
:10920000252031306C752020000000000000000097
:1092100052585F50415553455F4652414D45535F4B
:109220004F4B202020202020252031306C750A0D46
:10923000000000000000000052585F36345F4259C1
:1092400054455F4652414D45535F4F4B20202020EF
:10925000252031306C752020000000000000000047
:1092600052585F36355F425954455F4652414D452D
:10927000535F4F4B20202020252031306C750A0D84
:10928000000000000000000052585F3132385F4299
:109290005954455F4652414D45535F4F4B20202066
:1092A000252031306C7520200000000000000000F7
:1092B00052585F3235365F425954455F4652414DF0
:1092C00045535F4F4B202020252031306C750A0D0F
:1092D000000000000000000052585F3531325F424C
:1092E0005954455F4652414D45535F4F4B20202016
:1092F000252031306C7520200000000000000000A7
:1093000052585F313032345F425954455F465241C2
:109310004D45535F4F4B2020252031306C750A0D91
:10932000000000000000000052585F313531395F05
:10933000425954455F4652414D45535F4F4B2020A3
:10934000252031306C752020000000000000000056
:1093500052585F554E44455253495A455F46524113
:109360004D45535F4F4B2020252031306C750A0D41
:10937000000000000000000052585F4F5645525355
:10938000495A455F4652414D45535F4F4B2020207F
:10939000252031306C752020000000000000000006
:1093A00052585F4A414242455253202020202020FB
:1093B0002020202020202020252031306C750A0D0F
:1093C000000000000000000052585F4643535F4514
:1093D00052524F5253202020202020202020202095
:1093E000252031306C7520200000000000000000B6
:1093F00052585F4C454E4754485F4552524F525366
:109400002020202020202020252031306C750A0DBE
:10941000000000000000000052585F53594D424FB9
:109420004C5F4552524F52532020202020202020B4
:10943000252031306C752020000000000000000065
:1094400052585F414C49474E4D454E545F4552522C
:109450004F52532020202020252031306C750A0DDA
:10946000000000000000000052585F5245534F5565
:109470005243455F4552524F525320202020202016
:10948000252031306C752020000000000000000015
:1094900052585F4F56455252554E5320202020209F
:1094A0002020202020202020252031306C750A0D1E
:1094B000000000000000000052585F49505F434820
:1094C00045434B53554D5F4552524F525320202038
:1094D000252031306C7520200000000000000000C5
:1094E00052585F5443505F434845434B53554D5F7B
:1094F0004552524F52532020252031306C750A0DB1
:10950000000000000000000052585F5544505F43C7
:109510004845434B53554D5F4552524F52532020BF
:10952000252031306C752020000000000000000074
:1095300052585F4155544F5F464C55534845445F20
:109540005041434B45545320252031306C750A0D52
:109550000A0D0000000000002573203D2025642E28
:1095600025642E25642E25640A0D000000000000ED
:1095700025642062797465207061636B6574206373
:10958000617074757265640A0D00000000000000CF
:1095900025303458200000002530325820000000CB
:1095A00020202020202020202020202020202020BB
:1095B00020202020202020202020202020202020AB
:1095C000202020202020202020202020202020209B
:1095D000202020202020202020202020202020208B
:1095E000202020202020202000000000000000007B
:1095F000506F6C617246697265204D5353204574FB
:109600006865726E6574204D414320546573742003
:1096100070726F6772616D0A0D000000000000003B
:10962000506F6C6C696E67206D6574686F6420663E
:109630006F7220545852582E2054797065642063FC
:109640006861726163746572732077696C6C206203
:1096500065206563686F65642E0A0D0000000000D8
:109660002B000000000000002D00000000000000A2
:10967000415250207461626C653A0A0D000000008E
:10968000495020416464726573732020202020209B
:109690004D41432041646472657373202020202073
:1096A000202050726F746F636F6C204167650A0DE4
:1096B000000000000000000025642E25642E2564B3
:1096C0002E25642020202020202020202020200063
:1096D000253032582D253032582D253032582D2541
:1096E0003032582D253032582D2530325820000088
:1096F00025303458202020202025640A0D00000049
:10970000415250207461626C6520636C65617265C2
:1097100064210A0D0000000042726F61646361738E
:109720007420726563657074696F6E20646973611B
:10973000626C65640A0D000042726F61646361735C
:109740007420726563657074696F6E20656E616206
:109750006C65640A0D0000005061636B65742063E2
:109760006170747572652061726D65640A0D000028
:10977000496E6372656D656E74696E67207374619E
:10978000747320636F756E746572730A0D00000048
:10979000495020436F6E6669670A0D0000000000A3
:1097A0004D792049502061646472657373202000F4
:1097B0005375626E6574206D61736B2020202000EC
:1097C0004757206164647265737320202020200055
:1097D000526F7574657220616464726573732000E2
:1097E000444E5320312061646472657373202000FD
:1097F000444E5320322061646472657373202000EC
:109800004E545020312061646472657373202000CF
:109810004E545020322061646472657373202000BE
:109820005446545020616464726573732020200094
:109830004A756D626F207061636B65747320656E2D
:1098400061626C65640A0D004A756D626F2070611B
:10985000636B6574732064697361626C65640A0D7F
:109860000000000000000000436170747572652004
:1098700072656C6F61642069732025730A0D0000A6
:10988000456E61626C696E672064656661756C74B3
:10989000206C6F67207072696F7269746965730AF2
:1098A0000D00000000000000456D657267656E6385
:1098B00079206C6F67206D65737361676573206FC6
:1098C0006E6C7920656E61626C65640A0D00000043
:1098D00050726F6D697363756F7573206D6F64651A
:1098E000206F6E0A0D00000050726F6D6973637512
:1098F0006F7573206D6F6465206F66660A0D0000DA
:1099000053746174732072657365740A0D000000EE
:109910005570000000000000446F776E00000000EA
:1099200046756C6C0000000048616C660000000029
:109930004C696E6B2069732063757272656E746C0E
:10994000792025732C204475706C6578203D202586
:10995000732C2000000000005370656564203D20DA
:109960003147620A0D0000005370656564203D2098
:109970003130304D620A0D005370656564203D2022
:1099800031304D620A0D00005370656564203D2042
:10999000556E6B6E6F776E0A0D00000000000000C0
:1099A000525820256C752028256C7520706B7473B7
:1099B000292C20545820256C752028256C75207082
:1099C0006B7473290A0D5258204F76657220466CCD
:1099D0006F7720256C752C2054582052657472695D
:1099E000657320256C750A0D000000000000000062
:1099F000545820506175736520256C752C20525881
:109A000020506175736520256C752C20506175732D
:109A10006520456C617073656420256C750A0D00C6
:109A20004852455350206E6F74206F6B20256C7523
:109A300020525820526573746172747320256C75BE
:109A40000A0D0A0D000000005458207374617475EB
:109A5000732025640A0D00005458207374617475D6
:109A6000732025642C2073697A652025640A0D0013
:109A70005068792072656769737465722064756DCA
:109A80007020656E61626C65640A0D000000000064
:109A90005068792072656769737465722064756DAA
:109AA000702064697361626C65640A0D00000000D7
:109AB0000001020203030303040404040404040475
:109AC0000505050505050505050505050505050546
:109AD0000606060606060606060606060606060626
:109AE0000606060606060606060606060606060616
:109AF00007070707070707070707070707070707F6
:109B000007070707070707070707070707070707E5
:109B100007070707070707070707070707070707D5
:109B200007070707070707070707070707070707C5
:109B300008080808080808080808080808080808A5
:109B40000808080808080808080808080808080895
:109B50000808080808080808080808080808080885
:109B60000808080808080808080808080808080875
:109B70000808080808080808080808080808080865
:109B80000808080808080808080808080808080855
:109B90000808080808080808080808080808080845
:109BA0000808080808080808080808080808080835
:109BB000002020202020202020202828282828209D
:109BC0002020202020202020202020202020202095
:109BD00020881010101010101010101010101010FD
:109BE00010040404040404040404041010101010ED
:109BF00010104141414141410101010101010101B7
:109C00000101010101010101010101011010101008
:109C10001010424242424242020202020202020288
:109C200002020202020202020202020210101010DC
:109C30002000000000000000000000000000000004
:109C40000000000000000000000000000000000014
:109C50000000000000000000000000000000000004
:109C600000000000000000000000000000000000F4
:109C700000000000000000000000000000000000E4
:109C800000000000000000000000000000000000D4
:109C900000000000000000000000000000000000C4
:109CA00000000000000000000000000000000000B4
:109CB0000000000000000000303132333435363708
:109CC000383941424344454600000000000000008E
:109CD0003031323334353637383961626364656622
:109CE00000000000000000002D7F954C2DF451581D
:109CF0000E33CDAB34126DE6000000000000000012
:109D00000000000000000000000000000000000053
:109D10000000000000000000000000000000000043
:109D20000000000000000000000000000000000033
:109D30000000000000000000000000000000000023
:109D40000000000000000000000000000000000013
:109D50000000000000000000000000000000000003
:109D600000000000000000000000000000000000F3
:109D700000000000000000000000000000000000E3
:109D800000000000000000000000000000000000D3
:109D900000000000000000000000000000000000C3
:109DA000232D302B20000000686C4C0000000000C8
:109DB000656667454647000000700020000000000F
:109DC000000008200000000000300020000000001B
:109DD0000000013E000000000000803E0000000086
:109DE0000000043E00000000FFFFFFFFFFFF000037
:109DF000FFFFFFFF00000000FFFFFFFF000000006B
:109E0000FFFFFFFF000000001C000000FFFFFFFF3E
:109E1000FFFFFFFF00000000FFFFFFFF000000004A
:109E2000FFFFFFFF00000000FFFFFFFF000000003A
:109E3000FFFFFFFF00000000400020000001800045
:109E4000011106EC22E80010B72700203707054073
:109E5000150723ACE70A0F00F00F232604FE01A824
:109E60008327C4FE8127852781272326F4FEB72771
:109E7000002083A7870B812793F7070481273E875C
:109E800093070004E31EF7FCB727002013074002E6
:109E900098C7B727003E0D47D8C797A00007E780AF
:0C9EA000C09B0100E2604264056182800A
:109EB0000F0000000100000003000000030000008C
:109EC000AAAA41400000000047693F2F3F00000060
:109ED00058301308000000001802000000000200C3
:109EE000FFFFFFFFB80B0300FFFFFFFF00000000B4
:109EF000986B030800000000A1F7030000000000B9
:109F0000D07B0308000000000401000000000000F6
:109F1000F07B030800000000F87B0308000000004D
:109F2000007C030800000000087C0308000000001B
:109F3000481F0F0800000000583013080000000000
:109F40000101000002000000E0B30308000000006F
:109F500003000000030000000300000003000000F5
:109F600006000000000000001200000012000000C7
:109F700012000000120000001200000000000000AB
:109F800001000000010000000100000001000000CD
:109F900001000000000000000200000002000000BC
:109FA00002000000020000000200000000000000AB
:109FB000303A030800000000383A030800000000AF
:109FC000403A03080000000000100000000000F00C
:109FD0000F000000FFFF5FF5FFFFFFFFFFFFFFFF28
:109FE000010000000000000030093009300930098C
:109FF00030093009280928093009300930093009A9
:10A00000300930090000000029082908290829081A
:10A0100029082908290829082908290829082908B8
:10A0200029082908290829082908290829082908A8
:10A03000290829082908290836C600080000000058
:10A04000C6C6000800000000D6C6000800000000D8
:10A05000E6C6000800000000F6C600080000000088
:10A0600046C600080000000056C6000800000000B8
:10A0700066C600080000000076C600080000000068
:10A0800086C600080000000096C600080000000018
:10A09000A6C6000800000000B6C6000800000000C8
:10A0A00006C700080000000016C7000800000000F6
:10A0B00026C700080000000036C7000800000000A6
:10A0C00046C700080000000056C700080000000056
:10A0D00066C700080000000076C700080000000006
:10A0E00086C700080000000096C7000800000000B6
:10A0F000A6C7000800000000B6C700080000000066
:10A10000C6C7000800000000D6C700080000000015
:10A11000E6C7000800000000F6C7000800000000C5
:10A1200006C800080000000016C800080000000073
:10A1300026C800080000000036C800080000000023
:10A1400046C800080000000056C8000800000000D3
:10A1500066C800080000000076C800080000000083
:10A1600086C800080000000096C800080000000033
:10A17000A6C8000800000000B6C8000800000000E3
:10A18000C6C8000800000000D6C800080000000093
:10A19000E6C8000800000000F6C800080000000043
:10A1A00006C900080000000016C9000800000000F1
:10A1B00026C900080000000036C9000800000000A1
:10A1C00046C900080000000056C900080000000051
:10A1D00066C900080000000076C900080000000001
:10A1E00086C900080000000096C9000800000000B1
:10A1F000A6C9000800000000B6C900080000000061
:10A20000C6C9000800000000D6C900080000000010
:10A21000E6C9000800000000F6C9000800000000C0
:10A2200006CA00080000000016CA0008000000006E
:10A2300026CA000800000000E41E0108000000001B
:10A24000061F010800000000281F01080000000090
:10A250004A1F0108000000006C1F010800000000F8
:10A260008E1F010800000000B41F0108000000005C
:10A27000D61F010800000000F81F010800000000C0
:10A280001A200108000000003C2001080000000026
:10A290005E2001080000000036CA0008000000002F
:10A2A00046CA00080000000056CA0008000000006E
:10A2B00066CA00080000000076CA0008000000001E
:10A2C00086CA00080000000096CA000800000000CE
:10A2D000A6CA000800000000B6CA0008000000007E
:10A2E000C6CA000800000000D6CA0008000000002E
:10A2F000E6CA000800000000F6CA000800000000DE
:10A3000006CB000800000000BCE6000800000000CA
:10A31000FAE600080000000038E70008000000002E
:10A3200076E7000800000000B4E700080000000025
:10A3300016CB00080000000026CB0008000000003B
:10A3400036CB00080000000046CB000800000000EB
:10A3500056CB00080000000066CB0008000000009B
:10A3600076CB00080000000086CB0008000000004B
:10A3700096CB000800000000A6CB000800000000FB
:10A38000B6CB000800000000C6CB000800000000AB
:10A39000D6CB000800000000E6CB0008000000005B
:10A3A000F6CB00080000000006CC0008000000000A
:10A3B00016CC00080000000026CC000800000000B9
:10A3C00036CC00080000000046CC00080000000069
:10A3D00056CC00080000000066CC00080000000019
:10A3E00076CC00080000000086CC000800000000C9
:10A3F00096CC000800000000A6CC00080000000079
:10A40000B6CC000800000000C6CC00080000000028
:10A41000D6CC000800000000E6CC000800000000D8
:10A42000F6CC00080000000006CD00080000000087
:10A4300016CD00080000000026CD00080000000036
:10A4400036CD00080000000046CD000800000000E6
:10A4500056CD00080000000066CD00080000000096
:10A4600076CD00080000000086CD00080000000046
:10A4700096CD000800000000A6CD000800000000F6
:10A48000B6CD000800000000C6CD000800000000A6
:10A49000D6CD000800000000E6CD00080000000056
:10A4A000F6CD00080000000006CE00080000000005
:10A4B00016CE00080000000026CE000800000000B4
:10A4C00036CE00080000000046CE00080000000064
:10A4D00056CE00080000000066CE00080000000014
:10A4E00076CE00080000000086CE000800000000C4
:10A4F00096CE000800000000A6CE00080000000074
:10A50000B6CE000800000000C6CE00080000000023
:10A51000D6CE000800000000E6CE000800000000D3
:10A52000F6CE00080000000006CF00080000000082
:10A5300016CF00080000000026CF00080000000031
:10A5400036CF00080000000046CF000800000000E1
:10A5500056CF00080000000066CF00080000000091
:10A5600076CF00080000000086CF00080000000041
:10A5700096CF000800000000A6CF000800000000F1
:10A58000B6CF000800000000C6CF000800000000A1
:10A59000D6CF000800000000E6CF00080000000051
:10A5A000F6CF00080000000006D000080000000000
:10A5B00016D000080000000026D0000800000000AF
:10A5C00036D000080000000046D00008000000005F
:10A5D00056D000080000000066D00008000000000F
:10A5E00076D000080000000086D0000800000000BF
:10A5F00096D0000800000000A6D00008000000006F
:10A60000B6D0000800000000C6D00008000000001E
:10A61000D6D0000800000000E4D0000800000000D0
:10A62000F2D000080000000000D100080000000087
:10A630000ED10008000000001CD10008000000003E
:10A640002AD100080000000038D1000800000000F6
:10A6500046D100080000000054D1000800000000AE
:10A6600062D1000800000000F2E7000800000000CE
:10A6700070D10008000000007ED10008000000003A
:10A680008CD10008000000009AD1000800000000F2
:10A69000A8D1000800000000B6D1000800000000AA
:10A6A000C4D1000800000000D2D100080000000062
:10A6B000E0D1000800000000EED10008000000001A
:10A6C000FCD10008000000000AD2000800000000D1
:10A6D00018D200080000000026D200080000000088
:10A6E00034D200080000000042D200080000000040
:10A6F00050D20008000000005ED2000800000000F8
:10A700006CD20008000000007AD2000800000000AF
:10A7100088D200080000000096D200080000000067
:10A72000A4D2000800000000B2D20008000000001F
:10A73000C0D2000800000000CED2000800000000D7
:10A74000DCD2000800000000EAD20008000000008F
:10A75000F8D200080000000006D300080000000046
:10A7600014D300080000000022D3000800000000FD
:10A7700030D30008000000003ED3000800000000B5
:10A780004CD30008000000005AD30008000000006D
:10A7900068D300080000000076D300080000000025
:10A7A00084D300080000000084200108000000009D
:10A7B000A820010800000000C820010800000000D7
:10A7C000E820010800000000082101080000000046
:10A7D000282101080000000092D3000800000000BA
:10A7E000D8D30008000000002EE800080000000098
:10A7F00030D40008000000003ED400080000000033
:10A800004CD40008000000005AD4000800000000EA
:10A8100068D400080000000076D4000800000000A2
:10A8200084D400080000000092D40008000000005A
:10A83000A0D4000800000000AED400080000000012
:10A84000BCD4000800000000CAD4000800000000CA
:10A85000D8D4000800000000E6D400080000000082
:10A86000F4D400080000000002D500080000000039
:10A8700010D50008000000001ED5000800000000F0
:10A880002CD50008000000003AD5000800000000A8
:10A8900048D500080000000056D500080000000060
:10A8A00064D500080000000072D500080000000018
:10A8B00080D50008000000008ED5000800000000D0
:10A8C0009CD5000800000000AAD500080000000088
:10A8D000B8D5000800000000C6D500080000000040
:10A8E000D4D5000800000000E2D5000800000000F8
:10A8F000F0D5000800000000FED5000800000000B0
:10A900000CD60008000000001AD600080000000065
:10A9100068D300080000000076D3000800000000A3
:10A9200084D3000800000000482101080000000056
:10A930006C210108000000008C21010800000000CB
:10A94000AC21010800000000CC210108000000003B
:10A95000EC21010800000000A0D300080000000066
:10A96000EED30008000000006AE8000800000000C4
:10A9700030D40008000000003ED4000800000000B1
:10A980004CD40008000000005AD400080000000069
:10A9900068D400080000000076D400080000000021
:10A9A00084D400080000000092D4000800000000D9
:10A9B000A0D4000800000000AED400080000000091
:10A9C000BCD4000800000000CAD400080000000049
:10A9D000D8D4000800000000E6D400080000000001
:10A9E000F4D400080000000002D5000800000000B8
:10A9F00010D50008000000001ED50008000000006F
:10AA00002CD50008000000003AD500080000000026
:10AA100048D500080000000056D5000800000000DE
:10AA200064D500080000000072D500080000000096
:10AA300080D50008000000008ED50008000000004E
:10AA40009CD5000800000000AAD500080000000006
:10AA5000B8D5000800000000C6D5000800000000BE
:10AA6000D4D5000800000000E2D500080000000076
:10AA7000F0D5000800000000FED50008000000002E
:10AA80000CD60008000000001AD6000800000000E4
:10AA900068D300080000000076D300080000000022
:10AAA00084D30008000000000C2201080000000010
:10AAB00030220108000000005022010800000000C0
:10AAC0007022010800000000902201080000000030
:10AAD000B022010800000000AED300080000000012
:10AAE00004D4000800000000A6E8000800000000F0
:10AAF00030D40008000000003ED400080000000030
:10AB00004CD40008000000005AD4000800000000E7
:10AB100068D400080000000076D40008000000009F
:10AB200084D400080000000092D400080000000057
:10AB3000A0D4000800000000AED40008000000000F
:10AB4000BCD4000800000000CAD4000800000000C7
:10AB5000D8D4000800000000E6D40008000000007F
:10AB6000F4D400080000000002D500080000000036
:10AB700010D50008000000001ED5000800000000ED
:10AB80002CD50008000000003AD5000800000000A5
:10AB900048D500080000000056D50008000000005D
:10ABA00064D500080000000072D500080000000015
:10ABB00080D50008000000008ED5000800000000CD
:10ABC0009CD5000800000000AAD500080000000085
:10ABD000B8D5000800000000C6D50008000000003D
:10ABE000D4D5000800000000E2D5000800000000F5
:10ABF000F0D5000800000000FED5000800000000AD
:10AC00000CD60008000000001AD600080000000062
:10AC100068D300080000000076D3000800000000A0
:10AC200084D3000800000000D022010800000000CA
:10AC3000F4220108000000001423010800000000B5
:10AC40003423010800000000542301080000000024
:10AC50007423010800000000BCD3000800000000BD
:10AC60001AD4000800000000E2E80008000000001C
:10AC700030D40008000000003ED4000800000000AE
:10AC80004CD40008000000005AD400080000000066
:10AC900068D400080000000076D40008000000001E
:10ACA00084D400080000000092D4000800000000D6
:10ACB000A0D4000800000000AED40008000000008E
:10ACC000BCD4000800000000CAD400080000000046
:10ACD000D8D4000800000000E6D4000800000000FE
:10ACE000F4D400080000000002D5000800000000B5
:10ACF00010D50008000000001ED50008000000006C
:10AD00002CD50008000000003AD500080000000023
:10AD100048D500080000000056D5000800000000DB
:10AD200064D500080000000072D500080000000093
:10AD300080D50008000000008ED50008000000004B
:10AD40009CD5000800000000AAD500080000000003
:10AD5000B8D5000800000000C6D5000800000000BB
:10AD6000D4D5000800000000E2D500080000000073
:10AD7000F0D5000800000000FED50008000000002B
:10AD80000CD60008000000001AD6000800000000E1
:10AD900010A603080000000090A7030800000000B0
:10ADA00010A903080000000090AA0308000000009A
:10ADB00010AC0308000000000300000003000100C5
:10ADC000030014000300160007003C0007003D00CC
:10ADD000FFFFFFFF0000000025002D0031003200C2
:10ADE00033003700430055006E006F0071007200A1
:10ADF0008600D300E900FE00340135016F017001C7
:10AE000072018001A7010000FFFF000000000000A8
:10AE10000000000000000000000000000000000032
:10AE20000000000000000000000000000000000022
:10AE3000000000000A000000100E000000000000EA
:10AE400000000000010000000200000003000000FC
:10AE500004000000050000000600000007000000DC
:10AE600008000000090000000A0000000B000000BC
:10AE70000C0000000D0000000E0000000F0000009C
:10AE8000100000001100000012000000130000007C
:10AE9000140000001500000016000000170000005C
:10AEA0001800000019000000230000002500000029
:10AEB00026000000270000001A0000001B00000010
:10AEC0001C0000001D0000001E0000001F0000000C
:10AED00020000000210000002200000024000000EB
:10AEE000000000000000000008000000000000005A
:10AEF000000000000000000018960208000000009A
:10AF000028960208000000009C960208000000003D
:10AF1000C6960208000000005A9C020800000000CB
:10AF2000B2A2020800000000C09502080000000064
:10AF3000FEA7020800000000000000000000000062
:10AF40000000000000000000000000000000000001
:10AF500000000000000000000000000000000000F1
:10AF6000380000000000000024CB020800000000B0
:10AF7000C4AA020800000000D4AA020800000000D1
:10AF80008AAA02080000000022AA020800000000AD
:10AF900058BB020800000000D6C7020800000000ED
:10AFA000E8A9020800000000000000000000000006
:10AFB0000000000000000000000000000000000091
:10AFC0000000000000000000000000000000000081
:10AFD0000000000000000000000000000000000071
:10AFE0008450020800000000AE510208000000007A
:10AFF000BE5102080000000072510208000000006B
:10B00000C6530208000000009C5702080000000020
:10B01000DA5A0208000000002C500208000000006C
:10B020000000000000000000000000000000000020
:10B03000EC54020800000000385402080000000030
:10B040009854020800000000265E0208000000007C
:10B050000100000000000000925E020800000000F5
:10B06000465F020800000000565F02080000000072
:10B070001E5F020800000000CA6102080000000014
:10B08000DC62020800000000046702080000000003
:10B090003A5E02080000000000000000000000000E
:10B0A00000000000000000000000000000000000A0
:10B0B0000000000000000000000000000000000090
:10B0C000000000000000000002000000000000007E
:10B0D000B469020800000000BA6A0208000000001B
:10B0E000CA6A020800000000926A0208000000001C
:10B0F000EC6C020800000000107002080000000064
:10B10000A0720208000000005C6902080000000054
:10B11000000000000000000000000000000000002F
:10B12000026E0208000000004E6D020800000000E0
:10B13000AE6D0208000000009E75020800000000CD
:10B1400003000000000000005A7602080000000022
:10B15000327602080000000042760208000000007B
:10B160000A76020800000000E87A020800000000E9
:10B17000167C020800000000347E02080000000077
:10B18000B27502080000000000000000000000008E
:10B1900000000000000000006A78020800000000C3
:10B1A000CC770208000000002078020800000000B0
:10B1B000000000000000000004000000000000008B
:10B1C000BC8002080000000072810208000000003C
:10B1D00082810208000000004A810208000000008D
:10B1E0007682020800000000D882020800000000F9
:10B1F0004E87020800000000648002080000000082
:10B20000000000000000000000000000000000003E
:10B21000000000000000000000000000000000002E
:10B22000000000000000000000000000000000001E
:10B230000500000000000000B68A020800000000BF
:10B240006C8B0208000000007C8B020800000000EC
:10B25000448B020800000000708C0208000000000F
:10B26000828D0208000000008691020800000000A4
:10B270005E8A0208000000000000000000000000DC
:10B2800000000000000000000000000000000000BE
:10B2900000000000000000000000000000000000AE
:10B2A000000000000000000000040000000000009A
:10B2B000000000000000000000000000000000008E
:10B2C000000000000000000000000000000000007E
:10B2D000000000000000000000000000000000006E
:10B2E000000000000000000000000000000000005E
:10B2F000000000000000000000000000000000004E
:10B30000000000000000000000000000000000003D
:10B31000000000000000000000000000000000002D
:10B32000FFFFFFFFFFFFFFFFFFFFFFFF080600011A
:10B33000080006040001EC086BE2CA17C0A8800FE1
:10B34000000000000000C0A880FC00000000000019
:10B3500000000000000000000000000000000000ED
:10B36000FFFFFFFFFFFF00FC00123456080600013C
:10B37000080006040001FC001234560A0202020012
:10B380000000000000000A020202FFFFFFFFFFFFB3
:10B39000FFFFFFFFFFFFFFFFFFFFFFFFFFFFFFFFBD
:10B3A000FFFFFFFFFFFFFFFFFFFFFFFFFFFFFFFFAD
:10B3B000FFFFFFFFFFFFFFFFFFFFFFFFFFFFFFFF9D
:10B3C000FFFFFFFFFFFFFFFFFFFFFFFFFFFFFFFF8D
:10B3D000FFFFFFFFFFFFFFFFFFFFFFFFFFFFFFFF7D
:10B3E0000000000000000000309D03080000000085
:10B3F000689D030800000000F89C0308000000009E
:10B40000000000000000000000000000000000003C
:10B41000000000000000000000000000000000002C
:10B42000000000000000000000000000000000001C
:10B43000000000000000000000000000000000000C
:10B4400000000000000000000000000000000000FC
:10B4500000000000000000000000000000000000EC
:10B4600000000000000000000000000000000000DC
:10B4700000000000000000000000000000000000CC
:10B4800000000000000000000000000000000000BC
:0400000508000000EF
:00000001FF
